timestamp,Open,High,Low,Close,Volume,Return,VIX
2014-05-19,118.75,119.25,118.75,119.0,372.0,,12.420000076293945
2014-05-20,119.75,119.75,119.5,119.5,210.0,0.004201680672268893,12.960000038146973
2014-05-21,120.25,120.25,120.0,120.0,78.0,0.004184100418409997,11.90999984741211
2014-05-22,120.75,120.75,120.75,120.75,25.0,0.006250000000000089,12.029999732971191
2014-05-23,120.75,120.75,120.75,120.75,12.0,0.0,11.359999656677246
2014-05-28,121.5,122.25,121.5,122.25,202.0,0.012422360248447228,11.680000305175781
2014-05-30,122.5,122.595,122.5,122.595,83.0,0.002822085889570447,11.399999618530273
2014-06-11,123.0,123.0,123.0,123.0,30.0,0.003303560504098968,11.600000381469727
2014-06-16,121.0,121.0,120.4571,120.5132,863.0,-0.020217886178861777,12.649999618530273
2014-06-17,120.0,120.0,120.0,120.0,13.0,-0.004258454675504453,12.0600004196167
2014-06-20,120.25,120.25,120.25,120.25,50.0,0.002083333333333437,10.850000381469727
2014-06-23,120.5,120.5,119.5,119.5,94.0,-0.006237006237006182,10.979999542236328
2014-06-30,118.2719,118.2719,118.2719,118.2719,3114.0,-0.010276987447698671,11.569999694824219
2014-07-04,116.695,116.695,116.695,116.695,31.0,-0.013332837301167966,
2014-07-18,120.25,120.25,120.25,120.25,1.0,0.03046403016410304,12.0600004196167
2014-08-07,119.0272,119.0272,119.0272,119.0272,3209.0,-0.010168814968815054,16.65999984741211
2014-08-08,118.8492,118.8492,118.8492,118.8492,5608.0,-0.0014954565006989329,15.770000457763672
2014-08-29,123.25,123.25,123.25,123.25,7.0,0.03702843603490824,12.09000015258789
2014-09-01,124.0,124.0,124.0,124.0,60.0,0.006085192697768749,
2014-09-22,122.8,122.8,122.8,122.8,45000.0,-0.009677419354838679,13.6899995803833
2014-09-26,120.25,120.25,120.25,120.25,88.0,-0.020765472312703537,14.850000381469727
2014-10-08,117.7158,117.7158,117.7158,117.7158,448.0,-0.021074428274428292,15.109999656677246
2014-10-14,117.4,117.4,117.4,117.4,7800.0,-0.0026827324794121976,22.790000915527344
2014-10-17,117.75,117.75,117.75,117.75,26.0,0.002981260647359374,21.989999771118164
2014-10-28,121.5977,121.5977,121.5977,121.5977,92.0,0.03267685774946916,14.390000343322754
2014-11-03,124.1664,124.1664,124.1664,124.1664,2539.0,0.021124577191838245,14.729999542236328
2014-11-11,126.75,126.75,126.75,126.75,7.0,0.02080756146590379,12.920000076293945
2014-11-18,126.25,126.25,126.25,126.25,125.0,-0.0039447731755424265,13.859999656677246
2014-11-27,130.5888,130.5888,130.5888,130.5888,67.0,0.034366732673267286,
2014-12-08,133.308,133.308,133.308,133.308,1280.0,0.02082261265897234,14.210000038146973
2014-12-19,134.5,134.5,134.5,134.5,18.0,0.008941698922795283,16.489999771118164
2014-12-22,134.927,134.927,134.927,134.927,1.0,0.0031747211895909455,15.25
2015-01-07,136.0,136.0,136.0,136.0,16.0,0.007952448360965647,19.309999465942383
2015-01-15,123.25,123.25,123.25,123.25,88.0,-0.09375,22.389999389648438
2015-01-26,122.5,122.5,122.5,122.5,70.0,-0.006085192697768749,15.520000457763672
2015-01-29,124.25,124.25,124.25,124.25,30.0,0.014285714285714235,18.760000228881836
2015-01-30,126.7,126.7,126.7,126.7,59.0,0.019718309859154903,20.969999313354492
2015-02-17,131.75,131.75,131.75,131.75,70.0,0.039857932123125384,15.800000190734863
2015-02-19,134.59,134.59,134.59,134.59,200.0,0.021555977229601453,15.289999961853027
2015-02-26,138.9,140.41,138.9,140.41,20000.0,0.04324244000297184,13.90999984741211
2015-04-01,144.5,144.6671,144.5,144.6671,2739.0,0.030319065593618744,15.109999656677246
2015-04-02,144.995,144.995,144.995,144.995,32.0,0.0022665830724470926,14.670000076293945
2015-04-08,147.5,147.5,147.5,147.5,12.0,0.017276457808889978,13.979999542236328
2015-04-13,145.1,145.1,145.1,145.1,40000.0,-0.016271186440678043,13.9399995803833
2015-04-20,142.01,142.01,142.01,142.01,160.0,-0.021295658166781584,13.300000190734863
2015-04-28,141.5,141.75,141.5,141.75,61.0,-0.001830856981902662,12.40999984741211
2015-05-11,134.1268,134.1268,134.1268,134.1268,500.0,-0.053779188712522075,13.850000381469727
2015-05-13,133.8,133.8,133.8,133.8,10000.0,-0.00243650038620169,13.760000228881836
2015-05-18,134.0,134.0,134.0,134.0,5.0,0.001494768310911665,12.729999542236328
2015-06-03,133.25,133.25,133.25,133.25,106.0,-0.005597014925373123,13.65999984741211
2015-07-14,128.7,128.7,128.7,128.7,1000.0,-0.034146341463414664,13.369999885559082
2015-07-30,132.3,132.3,132.3,132.3,10000.0,0.027972027972028135,12.130000114440918
2015-07-31,132.45,132.45,132.45,132.45,14400.0,0.0011337868480723046,12.119999885559082
2015-08-11,136.364,136.364,136.364,136.364,4390.0,0.02955077387693472,13.710000038146973
2015-08-12,136.6477,136.6477,136.6477,136.6477,4554.0,0.0020804611187701383,13.609999656677246
2015-08-17,134.9261,134.9261,134.9261,134.9261,696.0,-0.012598821641344848,13.020000457763672
2015-08-21,130.25,130.25,130.25,130.25,85.0,-0.0346567491389731,28.030000686645508
2015-08-24,125.1,125.2,125.1,125.1,175833.0,-0.03953934740882925,40.7400016784668
2015-08-25,128.0,128.1,128.0,128.0,105648.0,0.0231814548361311,36.02000045776367
2015-09-01,127.65,127.65,127.65,127.65,216440.0,-0.0027343749999999556,31.399999618530273
2015-09-02,126.0,126.0,126.0,126.0,63850.0,-0.01292596944770863,26.09000015258789
2015-09-07,127.1,127.1,127.1,127.1,177602.0,0.0087301587301587,
2015-09-08,127.2,127.2,126.4,126.8,9666.0,-0.002360346184106965,24.899999618530273
2015-09-15,125.75,125.75,125.7138,125.7138,41000.0,-0.008566246056782245,22.540000915527344
2015-09-16,125.85,125.85,125.0,125.0,85000.0,-0.005677976483090985,21.350000381469727
2015-09-22,123.6,123.75,123.6,123.75,674.0,-0.010000000000000009,22.440000534057617
2015-10-01,126.0973,126.0973,126.0973,126.0973,185.0,0.018968080808080767,22.549999237060547
2015-10-08,126.4247,126.4247,126.4247,126.4247,388.0,0.002596407694692937,17.420000076293945
2015-10-09,130.0726,130.0726,130.0726,130.0726,459.0,0.028854329889649755,17.079999923706055
2015-10-12,133.1,133.1,132.6,132.6,15294.0,0.019430687170088,16.170000076293945
2015-10-13,139.0,139.0,134.7,134.7,95037.0,0.015837104072398134,17.670000076293945
2015-10-16,132.8897,132.8897,132.8897,132.8897,7121.0,-0.013439495174461635,15.050000190734863
2015-10-28,135.0,135.0,135.0,135.0,5000.0,0.015880087019535694,14.329999923706055
2015-11-03,137.9793,137.9793,137.9793,137.9793,8000.0,0.022068888888888916,14.539999961853027
2015-11-05,138.77,138.77,138.77,138.77,3297.0,0.005730569730387103,15.050000190734863
2015-11-12,136.5625,136.5625,136.5625,136.5625,11.0,-0.01590761692008369,18.3700008392334
2015-11-19,139.1,139.1,136.7,136.7,23977.0,0.001006864988558176,16.989999771118164
2015-12-03,139.0872,139.0872,139.0872,139.0872,11209.0,0.017463057790782832,18.110000610351562
2015-12-17,136.3,136.3,135.75,135.779,9699.0,-0.023785078713210117,18.940000534057617
2015-12-23,135.3675,135.3675,135.3675,135.3675,403.0,-0.0030306601168074154,15.569999694824219
2016-01-07,129.4104,129.4104,129.4104,129.4104,1748.0,-0.0440068701867139,24.989999771118164
2016-01-15,128.0,128.0,127.367,127.367,15573.0,-0.015790075604433684,27.020000457763672
2016-01-18,129.0,129.0,129.0,129.0,5.0,0.012821217426805864,
2016-01-26,130.5118,130.5118,130.5118,130.5118,492.0,0.011719379844961297,22.5
2016-01-27,132.4543,132.4543,132.4543,132.4543,127.0,0.014883711664385846,23.110000610351562
2016-02-29,130.004,130.004,130.004,130.004,1800.0,-0.018499210671152233,20.549999237060547
2016-03-04,135.1,135.1,135.1,135.1,8444.0,0.03919879388326519,16.860000610351562
2016-03-16,136.5,136.5,136.5,136.5,50.0,0.010362694300518172,14.989999771118164
2016-03-21,135.5,135.5,135.5,135.5,25.0,-0.0073260073260073,13.789999961853027
2016-03-31,137.0034,137.0034,137.0034,137.0034,8078.0,0.011095202952029481,13.949999809265137
2016-04-08,137.5,137.5,137.5,137.5,52.0,0.0036247275615057806,15.359999656677246
2016-04-12,138.1629,138.1629,138.1629,138.1629,27519.0,0.004821090909090886,14.850000381469727
2016-04-15,137.5,137.5,137.5,137.5,175.0,-0.0047979595101145245,13.619999885559082
2016-04-18,136.3538,136.3538,136.3538,136.3538,12153.0,-0.008335999999999899,13.350000381469727
2016-04-19,137.9052,137.9052,137.9052,137.9052,3306.0,0.011377754048658817,13.239999771118164
2016-04-26,140.0,140.0,140.0,140.0,100.0,0.01519014511417982,13.960000038146973
2016-05-10,134.5144,134.5144,134.5144,134.5144,326.0,-0.039182857142857186,13.630000114440918
2016-05-11,134.25,134.25,134.25,134.25,43.0,-0.0019655888142829925,14.6899995803833
2016-06-22,136.698,136.698,136.698,136.698,3000.0,0.018234636871508503,21.170000076293945
2016-06-27,131.9,131.9,131.9,131.9,10000.0,-0.035099269923481,23.850000381469727
2016-06-29,134.7123,134.7123,134.184,134.184,13071.0,0.017316148597422254,16.639999389648438
2016-06-30,135.1803,135.1803,135.1803,135.1803,439.0,0.007424879270255591,15.630000114440918
2016-07-06,133.9041,133.9041,132.5,132.5,149.0,-0.019827593221793283,14.960000038146973
2016-07-12,137.295,137.295,137.295,137.295,5.0,0.03618867924528302,13.550000190734863
2016-07-15,137.1415,137.1415,137.1415,137.1415,39.0,-0.001118030518227009,12.670000076293945
2016-07-27,137.4786,137.9062,137.4786,137.4993,9617.0,0.0026089841514056467,12.829999923706055
2016-08-04,135.115,135.115,135.115,135.115,4512.0,-0.017340451915027866,12.420000076293945
2016-08-08,137.0864,137.1002,137.0864,137.1002,5016.0,0.01469266920771184,11.5
2016-08-10,137.4,137.7406,137.4,137.7406,10785.0,0.004671036220224245,12.050000190734863
2016-08-12,139.4377,139.6015,139.4377,139.6015,5515.0,0.0135101778270168,11.550000190734863
2016-08-25,138.7686,138.7686,138.7686,138.7686,185.0,-0.005966268270756414,13.630000114440918
2016-08-31,137.2637,137.2637,137.2637,137.2637,215.0,-0.01084467235383213,13.420000076293945
2016-09-01,137.4647,137.4647,137.4647,137.4647,226.0,0.001464334707573789,13.479999542236328
2016-09-02,138.2,138.2,138.2,138.2,3037.0,0.005349009600282839,11.979999542236328
2016-09-07,140.05,140.05,140.05,140.05,2021.0,0.01338639652677287,11.9399995803833
2016-09-08,140.8109,140.8109,140.1575,140.1575,5030.0,0.0007675830060691613,12.510000228881836
2016-09-09,140.1757,140.1757,140.1757,140.1757,177.0,0.0001298539143463895,17.5
2016-09-12,138.25,138.25,138.25,138.25,13.0,-0.013737759112314119,15.15999984741211
2016-09-13,139.3,139.3,139.3,139.3,5396.0,0.0075949367088608,17.850000381469727
2016-09-15,139.4735,139.4735,139.4735,139.4735,111.0,0.0012455132806890035,16.299999237060547
2016-09-20,140.5954,140.5954,140.5954,140.5954,193.0,0.00804382194467057,15.920000076293945
2016-09-22,140.9248,140.9248,140.9248,140.9248,921.0,0.002342893152976533,12.020000457763672
2016-09-26,139.4538,139.4538,139.4538,139.4538,1406.0,-0.01043819114875455,14.5
2016-09-28,140.75,140.75,140.75,140.75,100.0,0.009294834561697218,12.390000343322754
2016-10-11,139.3329,139.3329,138.7811,138.7811,5609.0,-0.013988632326820571,15.359999656677246
2016-10-13,136.0,136.0,136.0,136.0,90.0,-0.020039472233611133,16.690000534057617
2016-10-18,133.0,133.2252,133.0,133.2252,17000.0,-0.020402941176470568,15.279999732971191
2016-10-19,133.791,133.791,133.791,133.791,984.0,0.004246944271804498,14.40999984741211
2016-10-20,133.8268,133.8268,133.8268,133.8268,247.0,0.0002675815264105985,13.75
2016-10-21,134.9255,134.9255,134.9255,134.9255,5000.0,0.008209865288567153,13.34000015258789
2016-10-27,134.8169,134.8169,134.8169,134.8169,13.0,-0.0008048886237219666,15.359999656677246
2016-11-03,133.0,133.0,133.0,133.0,213.0,-0.013476797048441291,22.079999923706055
2016-11-11,127.495,127.495,127.495,127.495,225.0,-0.04139097744360898,14.170000076293945
2016-11-16,126.926,126.926,126.926,126.926,2203.0,-0.004462920114514324,13.720000267028809
2016-11-17,127.8831,127.8831,127.8831,127.8831,1790.0,0.007540614216157371,13.350000381469727
2016-11-18,128.4049,128.4049,128.4049,128.4049,202.0,0.0040802889513937846,12.850000381469727
2016-11-21,128.9258,128.9258,128.9258,128.9258,235.0,0.0040566987708414715,12.420000076293945
2016-11-23,129.2494,129.2494,129.2494,129.2494,1000.0,0.0025099708514508823,12.430000305175781
2016-11-25,130.4933,130.4933,130.0542,130.0542,1348.0,0.006226721361956011,12.34000015258789
2016-12-06,132.5,132.5,132.5,132.5,20.0,0.018806005496170064,11.789999961853027
2016-12-07,132.189,132.189,132.189,132.189,9391.0,-0.0023471698113207706,12.220000267028809
2016-12-08,131.9996,131.9996,131.5095,131.5095,24405.0,-0.005140367201506901,12.640000343322754
2016-12-12,133.2967,133.2967,133.2967,133.2967,2000.0,0.013589892745390797,12.640000343322754
2016-12-16,135.2612,135.2612,135.2612,135.2612,4121.0,0.014737799210333247,12.199999809265137
2017-01-10,134.7014,134.7014,134.7014,134.7014,54094.0,-0.004138659127672972,11.489999771118164
2017-01-12,132.75,132.75,132.75,132.75,106.0,-0.014486857597619696,11.539999961853027
2017-01-16,133.6459,133.6459,133.6458,133.6459,906.0,0.0067487758945385945,
2017-01-17,133.0,133.0,133.0,133.0,45.0,-0.004832920426290799,11.869999885559082
2017-01-26,136.0,136.0,136.0,136.0,55.0,0.022556390977443552,10.630000114440918
2017-01-27,135.0423,135.0423,135.0423,135.0423,78.0,-0.0070419117647058105,10.579999923706055
2017-02-01,135.4562,135.4562,135.4562,135.4562,432.0,0.0030649655700472067,11.8100004196167
2017-02-02,135.1831,135.1831,135.1831,135.1831,57.0,-0.002016149869847217,11.930000305175781
2017-02-09,137.0146,137.0146,137.0146,137.0146,219.0,0.013548291169532378,10.880000114440918
2017-02-10,137.8208,137.8208,137.8208,137.8208,1566.0,0.005884044474092409,10.850000381469727
2017-02-15,138.3493,138.3493,138.3493,138.3493,357.0,0.0038346896839955846,11.970000267028809
2017-02-21,141.2011,141.2011,141.2011,141.2011,1243.0,0.020613042494613154,11.569999694824219
2017-02-22,141.5726,141.5726,141.5726,141.5726,375.0,0.0026309993335744686,11.739999771118164
2017-02-23,142.5043,142.5043,142.5043,142.5043,8473.0,0.006581075716628915,11.710000038146973
2017-02-28,142.9625,142.9625,142.9625,142.9625,8082.0,0.0032153415721489775,12.920000076293945
2017-03-03,139.4143,139.4143,139.4143,139.4143,325.0,-0.024819095916761458,10.960000038146973
2017-03-06,140.1919,140.1919,140.1919,140.1919,173.0,0.005577620086318236,11.239999771118164
2017-03-09,139.9187,139.9187,139.9187,139.9187,203.0,-0.001948757381845856,12.300000190734863
2017-03-10,140.5,140.7,140.4298,140.4298,54265.0,0.0036528355394953582,11.65999984741211
2017-03-13,140.0,140.12,140.0,140.12,22.0,-0.00220608446355397,11.350000381469727
2017-03-20,141.9,141.9,141.9,141.9,7000.0,0.012703397088210222,11.34000015258789
2017-03-24,140.4493,140.4493,140.4493,140.4493,959.0,-0.010223396758280545,12.960000038146973
2017-03-30,139.2935,139.2935,139.2935,139.2935,12859.0,-0.008229304097635226,11.539999961853027
2017-04-03,141.75,141.75,141.75,141.75,35.0,0.017635424481400763,12.380000114440918
2017-04-11,143.0,143.9341,143.0,143.9341,14885.0,0.015408112874779611,15.069999694824219
2017-04-18,146.5,146.5,146.5,146.5,12.0,0.017826908286500576,14.420000076293945
2017-04-19,146.4279,146.4279,146.4279,146.4279,534.0,-0.0004921501706485198,14.930000305175781
2017-04-20,145.7,146.0,145.7,146.0,17400.0,-0.0029222573020578624,14.149999618530273
2017-04-27,149.405,149.6026,149.405,149.6026,21.0,0.024675342465753314,10.359999656677246
2017-04-28,150.0202,150.0202,150.0202,150.0202,51.0,0.0027913953367120214,10.819999694824219
2017-05-02,151.595,151.595,151.595,151.595,210.0,0.010497253036591214,10.59000015258789
2017-05-03,153.6,153.6,153.6,153.6,50000.0,0.013226029882251966,10.680000305175781
2017-05-08,155.1,155.1,155.1,155.1,120000.0,0.009765625,9.770000457763672
2017-05-09,154.402,154.9,154.402,154.9,101500.0,-0.0012894906511926596,9.960000038146973
2017-05-10,155.25,155.9,155.25,155.9,4340.0,0.006455777921239525,10.210000038146973
2017-05-11,150.1,150.1,150.1,150.1,4298.0,-0.037203335471456156,10.600000381469727
2017-05-12,151.8916,151.9,151.8916,151.9,223.0,0.011992005329780175,10.399999618530273
2017-05-15,151.895,152.1426,151.895,152.1426,6327.0,0.001597103357471985,10.420000076293945
2017-05-16,152.5305,152.5305,152.5305,152.5305,78.0,0.0025495817739409343,10.649999618530273
2017-05-18,151.305,151.305,150.7459,150.7459,100220.0,-0.0116999550909489,14.65999984741211
2017-05-19,151.695,151.695,151.695,151.695,25.0,0.006296025298200503,12.039999961853027
2017-05-22,155.4217,155.4217,155.4217,155.4217,876.0,0.02456705890108446,10.930000305175781
2017-05-26,156.105,156.4,156.105,156.4,7686.0,0.006294487835353912,9.8100004196167
2017-06-02,157.9999,157.9999,157.9999,157.9999,976.0,0.010229539641943619,9.75
2017-06-06,156.905,157.305,156.905,157.005,1205.0,-0.0062968394283794416,10.449999809265137
2017-06-12,157.695,157.795,157.695,157.795,36.0,0.005031686888952613,11.460000038146973
2017-06-13,158.0,158.0,158.0,158.0,39.0,0.0012991539655884399,10.420000076293945
2017-06-14,158.605,158.605,158.605,158.605,10.0,0.003829113924050498,10.640000343322754
2017-06-16,158.1,158.1,158.1,158.1,60.0,-0.003184010592352071,10.380000114440918
2017-08-29,168.3,168.3,166.8491,167.4736,18627.0,0.05928905755850744,11.699999809265137
2017-08-30,169.7,170.8,169.7,170.8,1725.0,0.019862235003009543,11.220000267028809
2017-08-31,171.7,173.9026,171.6891,173.7,33217.0,0.016978922716627487,10.59000015258789
2017-09-01,173.2,173.2,172.2875,172.6084,8267.0,-0.006284398388025303,10.130000114440918
2017-09-04,171.5,171.9,171.4,171.4811,4795.0,-0.00653096836538658,
2017-09-05,171.8,172.5,171.6,172.2589,12801.0,0.004535776829050153,12.229999542236328
2017-09-06,171.6,171.7,171.0,171.2931,37246.0,-0.005606676926417142,11.630000114440918
2017-09-07,171.4,173.4,171.2,172.4834,27203.0,0.006948908041246149,11.550000190734863
2017-09-08,172.2,174.6,172.2,174.1019,1669.0,0.00938351168866114,12.119999885559082
2017-09-11,174.8875,176.1,174.0191,175.6672,12218.0,0.008990711761330594,10.729999542236328
2017-09-12,175.9,176.1875,175.1,175.3141,13942.0,-0.0020100508233751313,10.579999923706055
2017-09-13,174.8,175.5,174.5,175.1816,30933.0,-0.0007557863286523636,10.5
2017-09-14,175.3,176.8,175.3,176.7214,2442.0,0.008789735908337315,10.4399995803833
2017-09-15,176.1,177.1,173.9,174.08,13266.0,-0.01494669010091576,10.170000076293945
2017-09-18,174.6,176.1,174.6,175.3807,12216.0,0.007471852022058689,10.149999618530273
2017-09-19,176.8,177.0,175.4,176.322,14987.0,0.005367181223475681,10.180000305175781
2017-09-20,175.8875,177.2,175.6,177.0195,33000.0,0.003955830809541538,9.779999732971191
2017-09-21,179.0,180.3181,178.5,179.6802,37623.0,0.015030547482057122,9.670000076293945
2017-09-22,179.9,180.2,179.45,179.8451,11727.0,0.0009177416320773624,9.59000015258789
2017-09-25,180.3,180.9875,179.8,180.5031,6310.0,0.003658704073672192,10.210000038146973
2017-09-26,178.8,179.2,178.3,178.7018,16508.0,-0.009979329994886488,10.170000076293945
2017-09-27,178.275,178.3,177.5,177.9141,18663.0,-0.004407901878996201,9.869999885559082
2017-09-28,177.9,179.8,177.9,179.5591,17318.0,0.009246035024767618,9.550000190734863
2017-09-29,178.9,179.6,178.7,179.2517,10785.0,-0.0017119711560149575,9.510000228881836
2017-10-02,180.5,181.2,179.5,180.5199,7914.0,0.007074967768785578,9.449999809265137
2017-10-03,181.0,181.0,179.7,180.4514,21456.0,-0.0003794595498889386,9.510000228881836
2017-10-04,180.5,180.5,178.6,179.0197,10159.0,-0.007933992199561812,9.630000114440918
2017-10-05,179.45,179.7,178.3,179.0197,14814.0,0.0,9.1899995803833
2017-10-06,177.75,177.75,175.6,177.2122,28117.0,-0.010096654167111252,9.649999618530273
2017-10-09,175.9,177.1,175.9,176.9059,5894.0,-0.001728436304046732,10.329999923706055
2017-10-10,178.2,178.2,177.2,177.6781,3553.0,0.004365032483371056,10.079999923706055
2017-10-11,177.7,177.9,175.9824,176.8953,12277.0,-0.004405720232262822,9.850000381469727
2017-10-12,176.3,177.9,175.9,177.4639,15517.0,0.003214330736882154,9.90999984741211
2017-10-13,177.2,178.0,176.3,177.291,26973.0,-0.0009742826569234531,9.609999656677246
2017-10-16,171.2,171.2,168.7612,170.1305,63845.0,-0.040388400990461926,9.90999984741211
2017-10-17,169.2,169.4635,165.4,168.3353,25143.0,-0.010551899865103631,10.3100004196167
2017-10-18,167.9,169.7,167.797,169.5108,21932.0,0.006983086732254007,10.069999694824219
2017-10-19,168.0,168.3,166.7,167.3748,37963.0,-0.012600967018030707,10.050000190734863
2017-10-20,168.1,168.4,166.5,167.4184,40067.0,0.00026049321642207524,9.970000267028809
2017-10-23,168.5,170.3875,168.5,168.5542,19952.0,0.0067842005418761175,11.069999694824219
2017-10-24,170.0,170.5,169.3,170.2432,10422.0,0.010020515656091522,11.15999984741211
2017-10-25,169.7,170.6,169.2,169.7,25462.0,-0.003190729497565936,11.229999542236328
2017-10-26,171.3,172.8,171.1,172.111,14600.0,0.01420742486741311,11.300000190734863
2017-10-27,173.0,173.0,171.9,172.3287,26068.0,0.0012648813846878326,9.800000190734863
2017-10-30,172.2,172.919,172.1,172.919,1610.0,0.003425430587012057,10.5
2017-10-31,172.8,174.2,172.45,174.1808,23181.0,0.007297058160179004,10.180000305175781
2017-11-01,175.0,175.4125,173.2,173.3191,48027.0,-0.004947158354996706,10.199999809265137
2017-11-02,174.1,174.1,172.0,172.9,22318.0,-0.0024180831772147027,9.930000305175781
2017-11-03,172.6,174.0,172.6,173.4809,22937.0,0.003359745517640178,9.140000343322754
2017-11-06,173.8,173.8,172.0,172.4711,19840.0,-0.005820813703410477,9.399999618530273
2017-11-07,171.9,172.1764,171.3,172.1764,29319.0,-0.0017086920649315163,9.890000343322754
2017-11-08,171.2,172.6,170.9,172.6,39690.0,0.0024602674931057944,9.779999732971191
2017-11-09,172.3,172.3,170.4,170.9419,27476.0,-0.009606604866743806,10.5
2017-11-10,170.6,170.6,169.7,170.1,19467.0,-0.00492506518296576,11.289999961853027
2017-11-13,170.3,170.5,168.8,169.5,14364.0,-0.003527336860670194,11.5
2017-11-14,170.7,170.9,169.5,169.5186,7538.0,0.00010973451327433992,11.59000015258789
2017-11-15,169.6125,169.6125,169.0,169.3186,6479.0,-0.001179811536905051,13.130000114440918
2017-11-16,169.4,171.0,169.3436,170.6,12633.0,0.007567981308609806,11.760000228881836
2017-11-17,169.65,170.6,168.75,168.9,22871.0,-0.009964830011723214,11.430000305175781
2017-11-20,169.1,171.6,169.1,171.4036,752.0,0.01482297217288342,10.649999618530273
2017-11-21,170.5,171.8,170.3985,171.0968,1327.0,-0.001789927399424518,9.729999542236328
2017-11-22,169.7,169.7,168.4,168.6,694.0,-0.014592908809516025,9.880000114440918
2017-11-23,168.8,169.2,168.8,168.95,276.0,0.0020759193357058336,
2017-11-24,169.0,169.95,168.7,169.4256,1250.0,0.00281503403373784,9.670000076293945
2017-11-27,169.2,170.5,169.0,170.2573,2041.0,0.004908939381061517,9.869999885559082
2017-11-28,168.4,171.0,168.4,169.745,3955.0,-0.0030089752392407076,10.029999732971191
2017-11-29,171.3125,171.75,171.2,171.6,1321.0,0.010928156941294231,10.699999809265137
2017-11-30,170.9,173.1,170.75,172.8,6236.0,0.006993006993007089,11.279999732971191
2017-12-01,173.4,173.4,170.0,172.6164,153.0,-0.0010625000000000773,11.430000305175781
2017-12-04,171.8,173.2783,171.8,172.7055,760.0,0.0005161734342740143,11.680000305175781
2017-12-05,173.6,174.4,172.7,174.3,5056.0,0.009232479567819363,11.329999923706055
2017-12-06,172.7,174.3,172.5,173.4901,844.0,-0.004646586345381509,11.020000457763672
2017-12-07,174.195,174.295,172.95,173.4113,740.0,-0.00045420459150113945,10.15999984741211
2017-12-08,173.5,174.0,172.6,174.0,961.0,0.0033948191380837045,9.579999923706055
2017-12-11,173.0,173.0,172.3,172.6776,339.0,-0.00759999999999994,9.34000015258789
2017-12-12,172.5,173.3,172.35,172.8235,1064.0,0.0008449271937991387,9.920000076293945
2017-12-13,172.5,173.4,172.2,172.8816,894.0,0.000336181132774227,10.180000305175781
2017-12-14,172.3,174.1,172.3,172.8052,1976.0,-0.0004419209447389383,10.489999771118164
2017-12-15,173.3,173.9,173.1,173.457,1936.0,0.0037718772351755803,9.420000076293945
2017-12-18,174.4,174.8,172.8,174.098,3571.0,0.003695440368506331,9.529999732971191
2017-12-19,173.6,173.9,172.6,172.8,2211.0,-0.007455571000241301,10.029999732971191
2017-12-20,172.7,172.7,169.9,170.3,725.0,-0.01446759259259256,9.720000267028809
2017-12-21,170.005,171.0,170.005,170.7,2533.0,0.0023487962419259656,9.619999885559082
2017-12-22,171.0,171.2,170.495,170.695,436.0,-2.9291154071464653e-05,9.899999618530273
2017-12-27,171.9,173.3,171.9,172.9,1518.0,0.01291777732212429,10.470000267028809
2017-12-28,172.95,173.2,172.8,173.1413,389.0,0.0013956043956042663,10.180000305175781
2017-12-29,172.9,173.3,172.9,173.3,125.0,0.0009165924016973914,11.039999961853027
2018-01-02,172.5,172.5,172.5,172.5,92.0,-0.00461627236006934,9.770000457763672
2018-01-03,174.05,174.55,174.025,174.55,115.0,0.011884057971014661,9.149999618530273
2018-01-04,175.0,176.6,174.0,175.7637,4927.0,0.006953308507590794,9.220000267028809
2018-01-05,177.45,178.2,177.45,178.2,817.0,0.013861223904594544,9.220000267028809
2018-01-08,178.2,178.795,178.159,178.159,1194.0,-0.00023007856341183963,9.520000457763672
2018-01-09,180.1,181.8,180.1,181.35,1989.0,0.01791096716977525,10.079999923706055
2018-01-10,178.95,179.6,178.45,178.55,635.0,-0.01543975737524117,9.819999694824219
2018-01-11,178.2,178.2,177.9,178.1,414.0,-0.002520302436292421,9.880000114440918
2018-01-12,178.375,178.75,178.375,178.65,119.0,0.003088152723189186,10.15999984741211
2018-01-15,177.4475,177.4475,177.4475,177.4475,200.0,-0.006731038343129159,
2018-01-16,176.95,176.95,176.9,176.95,207.0,-0.002803646148860972,11.65999984741211
2018-01-17,177.25,177.25,177.25,177.25,72.0,0.0016953941791466587,11.90999984741211
2018-01-22,176.4975,176.4975,176.0,176.0,119.0,-0.007052186177715081,11.029999732971191
2018-01-23,175.8975,176.1,175.8975,175.8975,646.0,-0.000582386363636278,11.100000381469727
2018-01-24,176.05,176.05,175.75,175.75,191.0,-0.0008385565457156297,11.470000267028809
2018-01-25,174.8,174.8,172.7975,172.7975,1424.0,-0.01679943100995729,11.579999923706055
2018-01-26,172.4475,172.4475,171.9525,171.9525,555.0,-0.0048901170445175834,11.079999923706055
2018-01-29,172.4,172.6,171.35,171.35,3122.0,-0.003503874616536451,13.84000015258789
2018-01-30,171.75,171.75,170.65,170.65,1237.0,-0.004085205719287943,14.789999961853027
2018-01-31,171.75,172.0,170.7,171.025,365.0,0.002197480222678072,13.539999961853027
2018-02-01,170.65,171.725,170.325,170.4025,649.0,-0.00363981873995034,13.470000267028809
2018-02-02,168.0,169.8,168.0,168.0,1134.0,-0.014098971552647388,17.309999465942383
2018-02-05,165.75,165.75,164.975,165.275,508.0,-0.016220238095238093,37.31999969482422
2018-02-06,161.0,163.525,161.0,163.3025,1852.0,-0.011934654363938924,29.979999542236328
2018-02-07,163.675,166.1975,163.675,165.5025,8264.0,0.013471930925735842,27.729999542236328
2018-02-08,165.2,165.2,160.6,160.6,2945.0,-0.029621909034606708,33.459999084472656
2018-02-09,160.0,160.78,158.8525,159.8525,1017.0,-0.004654420921544222,29.059999465942383
2018-02-12,161.5,161.725,160.475,161.4,16453.0,0.009680799487027159,25.610000610351562
2018-02-13,161.5,161.5,159.95,159.95,32229.0,-0.008983890954151308,24.969999313354492
2018-02-14,160.2975,161.2975,160.2975,160.975,686.0,0.006408252578930851,19.260000228881836
2018-02-15,162.7,162.7,161.9,162.7,1431.0,0.01071594968162759,19.1299991607666
2018-02-16,163.55,165.45,163.5,165.45,846.0,0.016902274124154903,19.459999084472656
2018-02-19,164.05,164.05,163.75,163.95,119.0,-0.00906618313689933,
2018-02-20,163.85,164.35,163.675,164.35,479.0,0.0024397682220189676,20.600000381469727
2018-02-21,163.7975,163.8,163.7975,163.7975,800.0,-0.0033617280194705446,20.020000457763672
2018-02-22,162.45,163.325,161.66,163.325,968.0,-0.002884659411773849,18.719999313354492
2018-02-23,163.175,163.175,162.7025,162.9975,713.0,-0.0020052043471604497,16.489999771118164
2018-02-26,163.2,163.9,163.2,163.9,14494.0,0.005536894737649289,15.800000190734863
2018-02-27,164.18,164.18,163.5843,163.5843,7790.0,-0.0019261744966442285,18.59000015258789
2018-02-28,156.1,156.1,154.05,154.8975,67845.0,-0.05310289557127423,19.850000381469727
2018-03-01,152.0,153.275,151.225,151.7,46454.0,-0.02064268306460737,22.469999313354492
2018-03-02,151.1,151.1,149.5525,149.5525,26157.0,-0.014156229400131726,19.59000015258789
2018-03-05,149.145,149.875,149.145,149.55,14211.0,-1.671653767065795e-05,18.729999542236328
2018-03-06,150.7025,150.7025,150.4025,150.525,13629.0,0.006519558676028048,18.360000610351562
2018-03-07,149.7,149.7,149.7,149.7,10410.0,-0.00548081714001003,17.760000228881836
2018-03-08,149.9,150.0,148.8,149.7,20161.0,0.0,16.540000915527344
2018-03-09,149.5475,149.5475,149.275,149.5,10470.0,-0.0013360053440213404,14.640000343322754
2018-03-12,150.05,150.525,148.325,149.2,7144.0,-0.0020066889632107676,15.779999732971191
2018-03-13,149.95,150.0875,149.95,150.0875,1538.0,0.005948391420911747,16.350000381469727
2018-03-14,149.0,149.0,148.145,148.335,2253.0,-0.011676522028816527,17.229999542236328
2018-03-15,148.5,148.5,147.95,148.5,796.0,0.0011123470522802492,16.59000015258789
2018-03-16,148.55,148.55,148.0,148.0,49181.0,-0.0033670033670033517,15.800000190734863
2018-03-19,147.06,147.06,146.2525,146.55,3456.0,-0.00979729729729717,19.020000457763672
2018-03-20,146.8,146.8,146.1,146.8,1523.0,0.0017059024223813335,18.200000762939453
2018-03-21,145.15,145.25,145.15,145.2,3960.0,-0.010899182561308063,17.860000610351562
2018-03-22,144.9,145.15,144.9,144.95,28344.0,-0.001721763085399397,23.34000015258789
2018-03-23,143.45,144.25,143.15,144.0,5194.0,-0.006553984132459445,24.8700008392334
2018-03-26,144.95,145.4525,144.95,145.0,14814.0,0.00694444444444442,21.030000686645508
2018-03-27,146.45,147.25,146.325,146.75,39259.0,0.012068965517241459,22.5
2018-03-28,146.8,148.6,146.8,148.1,16187.0,0.009199318568994919,22.8700008392334
2018-03-29,150.95,151.175,148.6975,150.5,29036.0,0.016205266711681432,19.969999313354492
2018-04-03,149.6475,149.6475,148.1525,148.2475,32418.0,-0.014966777408637832,21.100000381469727
2018-04-04,149.05,149.05,148.25,148.78,10459.0,0.0035919661377088463,20.059999465942383
2018-04-05,150.15,151.0475,149.8,150.95,22504.0,0.01458529372227435,18.940000534057617
2018-04-06,149.9525,149.9525,149.6525,149.85,123558.0,-0.007287181185823055,21.489999771118164
2018-04-09,150.85,150.85,150.55,150.85,9641.0,0.006673340006673412,21.770000457763672
2018-04-10,150.5475,150.5475,150.2,150.2,7634.0,-0.004308916141862795,20.469999313354492
2018-04-11,150.3,150.3,149.55,149.95,6338.0,-0.0016644474034620549,20.239999771118164
2018-04-12,150.98,151.15,150.98,150.98,14291.0,0.006868956318772934,18.489999771118164
2018-04-13,152.4,153.0,152.4,152.4,10808.0,0.009405219234335682,17.40999984741211
2018-04-16,152.975,152.975,152.25,152.4057,3269.0,3.740157480303097e-05,16.559999465942383
2018-04-17,152.3475,152.3475,151.5,152.3475,23256.0,-0.00038187548103518765,15.25
2018-04-18,153.15,153.15,152.0,152.0,6374.0,-0.002280969494084184,15.600000381469727
2018-04-19,152.85,152.85,151.5,151.9979,11933.0,-1.381578947379225e-05,15.960000038146973
2018-04-20,151.9,153.03,151.9,153.0,6818.0,0.006592854243381074,16.8799991607666
2018-04-23,154.95,155.25,152.89,154.55,8497.0,0.01013071895424833,16.34000015258789
2018-04-24,155.85,157.2475,155.7151,156.5,77604.0,0.012617275962471641,18.020000457763672
2018-04-25,156.35,156.35,153.19,153.19,13387.0,-0.021150159744408925,17.84000015258789
2018-04-26,154.6,154.6,153.6975,154.29,102691.0,0.007180625367191107,16.239999771118164
2018-04-27,154.55,154.55,153.35,153.35,1941.0,-0.006092423358610377,15.40999984741211
2018-04-30,154.85,155.65,154.25,155.4,81389.0,0.013368112161721735,15.930000305175781
2018-05-02,155.25,156.25,155.14,155.95,11218.0,0.0035392535392533286,15.970000267028809
2018-05-03,156.15,156.85,156.15,156.15,17883.0,0.0012824623276692648,15.899999618530273
2018-05-04,155.7,155.7,153.91,154.4,20835.0,-0.011207172590457892,14.770000457763672
2018-05-08,155.7,156.7,155.7,156.7,6589.0,0.01489637305699465,14.710000038146973
2018-05-09,156.3975,156.3975,156.3025,156.3025,9363.0,-0.0025366943203571912,13.420000076293945
2018-05-11,152.6,153.8,152.45,153.8,15147.0,-0.016010620431535005,12.649999618530273
2018-05-14,154.125,154.125,153.4,153.6,5871.0,-0.0013003901170351995,12.930000305175781
2018-05-15,153.9,154.1,153.49,154.1,155073.0,0.0032552083333332593,14.630000114440918
2018-05-17,152.5,152.5025,151.7025,151.95,186467.0,-0.0139519792342635,13.430000305175781
2018-05-18,151.25,152.0,151.25,151.5,7605.0,-0.0029615004935833467,13.420000076293945
2018-05-22,151.9,152.1456,151.9,152.1239,55249.0,0.004118151815181381,13.220000267028809
2018-05-23,151.35,151.35,150.79,150.9025,32960.0,-0.00802898163930843,12.579999923706055
2018-05-24,150.325,150.325,149.815,150.075,68808.0,-0.0054836732327165905,12.529999732971191
2018-05-25,150.975,151.4,150.975,151.0,14002.0,0.006163584874229633,13.220000267028809
2018-05-29,151.4,151.4,150.26,150.6585,15100.0,-0.002261589403973474,17.020000457763672
2018-05-30,150.95,150.95,150.0975,150.175,3243.0,-0.00320924474888562,14.9399995803833
2018-05-31,150.15,150.45,148.6,148.6,9688.0,-0.010487764275012634,15.430000305175781
2018-06-01,150.4,150.4,148.6,149.8177,9952.0,0.008194481830417377,13.460000038146973
2018-06-04,151.45,152.25,151.4,151.96,6180.0,0.014299378511350769,12.739999771118164
2018-06-05,151.8,152.05,151.8,151.9,15629.0,-0.0003948407475651283,12.399999618530273
2018-06-06,151.85,151.95,151.805,151.81,3999.0,-0.0005924950625412206,11.640000343322754
2018-06-07,155.1,155.7525,154.29,154.29,29564.0,0.016336209735853924,12.130000114440918
2018-06-08,151.96,151.96,151.56,151.96,4896.0,-0.015101432367619294,12.180000305175781
2018-06-11,152.325,152.325,151.25,151.25,2389.0,-0.004672282179520981,12.350000381469727
2018-06-12,151.75,152.89,151.75,152.79,3006.0,0.01018181818181807,12.34000015258789
2018-06-13,153.1,153.1,152.155,152.547,43733.0,-0.0015904182210877416,12.9399995803833
2018-06-14,152.4,153.65,151.597,153.65,5542.0,0.007230558450838087,12.119999885559082
2018-06-15,153.8,153.8,151.765,152.6259,14042.0,-0.006665148063781379,11.979999542236328
2018-06-18,151.292,151.292,151.0,151.247,7764.0,-0.009034508559818355,12.3100004196167
2018-06-19,149.05,149.05,145.997,146.047,13409.0,-0.03438084722341617,13.350000381469727
2018-06-20,148.74,148.74,147.85,148.7,2766.0,0.018165385115750388,12.789999961853027
2018-06-21,149.7,149.9,148.95,149.7375,5577.0,0.006977135171486459,14.640000343322754
2018-06-22,148.8,149.45,148.8,149.2,11966.0,-0.003589615159863224,13.770000457763672
2018-06-25,148.54,149.825,148.54,149.825,26711.0,0.004189008042895459,17.329999923706055
2018-06-26,150.3,150.3,149.62,150.025,10571.0,0.0013348907058234882,15.920000076293945
2018-06-27,148.9,150.655,147.65,150.25,6643.0,0.0014997500416595866,17.90999984741211
2018-06-28,149.495,150.5,149.495,150.24,18072.0,-6.655574043257229e-05,16.850000381469727
2018-06-29,149.7,151.685,148.73,149.4,44119.0,-0.005591054313099031,16.09000015258789
2018-07-02,148.385,148.385,147.185,147.7752,34867.0,-0.010875502008032112,15.600000381469727
2018-07-03,148.675,150.697,148.675,150.697,1628.0,0.0197719238410774,16.139999389648438
2018-07-04,150.6,150.6,149.985,150.14,2695.0,-0.003696158516758863,
2018-07-05,151.1,151.1,149.825,150.595,2788.0,0.0030305048621288577,14.970000267028809
2018-07-06,150.4,150.4,148.9,149.2,4568.0,-0.00926325575218312,13.369999885559082
2018-07-09,150.45,152.29,150.45,152.0,31640.0,0.018766756032171594,12.6899995803833
2018-07-10,152.0,153.39,151.85,151.85,6618.0,-0.0009868421052632304,12.640000343322754
2018-07-11,151.41,151.41,149.35,149.35,1609.0,-0.01646361540994401,13.630000114440918
2018-07-12,149.64,149.64,148.8,149.6,2750.0,0.0016739203213926857,12.579999923706055
2018-07-13,150.5,152.45,150.5,152.45,31091.0,0.019050802139037426,12.180000305175781
2018-07-16,151.4,153.06,151.4,151.4,21795.0,-0.006887504099704733,12.829999923706055
2018-07-17,152.485,155.7,152.485,154.85,43819.0,0.02278731836195491,12.0600004196167
2018-07-18,154.95,155.575,153.8,154.8,51833.0,-0.0003228931223764331,12.100000381469727
2018-07-19,154.95,154.95,153.05,154.95,11068.0,0.0009689922480617952,12.869999885559082
2018-07-20,154.25,154.65,153.15,153.15,30158.0,-0.011616650532429662,12.859999656677246
2018-07-23,152.3,154.75,151.36,154.75,13079.0,0.010447273914462984,12.619999885559082
2018-07-24,154.19,154.775,154.19,154.19,6577.0,-0.00361873990306949,12.40999984741211
2018-07-25,153.375,153.375,152.15,153.375,13088.0,-0.0052856864906932755,12.289999961853027
2018-07-26,154.45,155.8,154.255,155.8,23419.0,0.01581092094539538,12.140000343322754
2018-07-27,155.5,156.84,155.5,155.7,9582.0,-0.0006418485237484894,13.029999732971191
2018-07-30,156.2,156.4,155.9,155.95,2245.0,0.0016056518946692133,14.260000228881836
2018-07-31,154.97,158.395,154.97,158.1289,15206.0,0.013971785828791328,12.829999923706055
2018-08-02,157.75,159.0,157.75,158.15,11229.0,0.000133435444122032,12.1899995803833
2018-08-03,159.35,160.45,159.35,159.395,11222.0,0.007872273158394005,11.640000343322754
2018-08-06,159.75,159.75,158.28,159.5,7608.0,0.0006587408638916159,11.270000457763672
2018-08-07,159.85,160.0,158.05,159.5013,16368.0,8.150470219403516e-06,10.930000305175781
2018-08-08,160.0,160.1,159.925,159.95,9361.0,0.0028131432157605385,10.850000381469727
2018-08-09,159.05,159.05,158.5,158.5,5733.0,-0.009065332916536328,11.270000457763672
2018-08-10,157.4,157.4,157.025,157.1539,12255.0,-0.008492744479495329,13.15999984741211
2018-08-13,156.1,157.2,156.1,157.075,7152.0,-0.0005020556282726574,14.779999732971191
2018-08-14,157.0,157.35,156.035,156.7941,30218.0,-0.001788317682635654,13.3100004196167
2018-08-15,157.2,157.75,155.5,155.99,2653.0,-0.005128381743955801,14.640000343322754
2018-08-16,157.6,157.85,157.6,157.85,4483.0,0.01192384127187629,13.449999809265137
2018-08-17,158.05,158.3,157.65,157.95,591.0,0.0006335128286347746,12.640000343322754
2018-08-20,158.475,161.25,158.475,160.3,12801.0,0.014878125989237212,12.489999771118164
2018-08-21,161.4,161.4,160.035,161.4,15596.0,0.006862133499688117,12.859999656677246
2018-08-22,161.995,161.995,161.4,161.9103,5483.0,0.003161710037174803,12.25
2018-08-23,161.3,161.65,159.91,161.06,7343.0,-0.005251673303057314,12.40999984741211
2018-08-24,160.0,161.225,159.9601,160.45,4488.0,-0.0037874084192227597,11.989999771118164
2018-08-28,161.6,161.6,160.675,160.8,3493.0,0.0021813649111874778,12.5
2018-08-29,160.7,160.7,160.5,160.6,1169.0,-0.0012437810945274963,12.25
2018-08-30,159.21,159.21,157.705,157.8,6168.0,-0.01743462017434605,13.529999732971191
2018-08-31,157.6,157.6,156.0,156.4867,15129.0,-0.00832256020278832,12.859999656677246
2018-09-03,155.535,156.505,155.535,155.6,6972.0,-0.005666296241150337,
2018-09-04,156.9,156.9,156.15,156.471,2871.0,0.00559768637532132,13.15999984741211
2018-09-05,156.4,156.4,155.2,155.2,42194.0,-0.00812291095474571,13.90999984741211
2018-09-06,154.08,155.55,154.08,155.4,1772.0,0.0012886597938146505,14.649999618530273
2018-09-07,156.25,156.25,155.0,155.05,13608.0,-0.0022522522522522292,14.880000114440918
2018-09-10,155.59,157.2,155.59,156.5621,46418.0,0.009752337955498014,14.15999984741211
2018-09-11,156.99,156.99,155.214,155.214,50485.0,-0.008610640761716803,13.220000267028809
2018-09-12,155.35,155.95,155.35,155.5,12483.0,0.001842617289677495,13.140000343322754
2018-09-13,154.9,154.9,154.3,154.7,2035.0,-0.005144694533762095,12.369999885559082
2018-09-14,154.8,155.9,154.8,154.8,4077.0,0.0006464124111185132,12.069999694824219
2018-09-17,154.75,154.75,153.7,154.1,9977.0,-0.004521963824289488,13.680000305175781
2018-09-18,153.5,154.05,153.5,153.5438,1725.0,-0.0036093445814405767,12.789999961853027
2018-09-19,153.0,153.85,152.8,153.0,90904.0,-0.003541660425233739,11.75
2018-09-20,152.0,152.91,151.5,151.7,5862.0,-0.008496732026143872,11.800000190734863
2018-09-21,152.56,152.56,152.0,152.4,16099.0,0.004614370468029039,11.680000305175781
2018-09-24,150.95,152.505,150.9,150.9,3414.0,-0.009842519685039353,12.199999809265137
2018-09-25,152.1,153.685,152.1,153.49,20615.0,0.017163684559310832,12.420000076293945
2018-09-26,154.2,154.2,153.255,154.2,32773.0,0.004625708515212601,12.890000343322754
2018-09-27,154.45,154.45,153.65,154.35,12566.0,0.0009727626459143934,12.40999984741211
2018-09-28,154.35,155.5,153.75,155.4,8609.0,0.006802721088435382,12.119999885559082
2018-10-01,154.95,155.8,154.7,154.7,16850.0,-0.0045045045045045695,12.0
2018-10-02,153.515,154.535,153.515,154.535,8621.0,-0.0010665804783451804,12.050000190734863
2018-10-03,152.2,152.2,148.185,148.64,17949.0,-0.038146698158993186,11.609999656677246
2018-10-04,147.68,147.68,146.4525,147.05,11293.0,-0.010696986006458409,14.220000267028809
2018-10-05,146.95,147.0,145.45,146.05,10536.0,-0.006800408024481452,14.819999694824219
2018-10-08,145.875,145.875,143.95,144.0,3016.0,-0.01403628894214315,15.6899995803833
2018-10-09,147.05,147.05,145.515,146.75,11373.0,0.01909722222222232,15.949999809265137
2018-10-10,146.18,146.18,141.5875,141.735,27748.0,-0.034173764906303195,22.959999084472656
2018-10-11,140.1,142.4,139.0375,141.7348,48052.0,-1.411084065372492e-06,24.979999542236328
2018-10-12,142.85,145.2,142.85,143.7423,21398.0,0.014163776292061003,21.309999465942383
2018-10-15,140.5,141.975,140.3,140.7001,37260.0,-0.021164264103190278,21.299999237060547
2018-10-16,141.25,143.05,141.25,143.05,18200.0,0.016701480667035806,17.6200008392334
2018-10-17,144.7,144.7,142.8,143.55,3190.0,0.003495281370150316,17.399999618530273
2018-10-18,139.25,139.25,135.3,135.58,46932.0,-0.05552072448624168,20.059999465942383
2018-10-19,135.15,135.15,131.305,135.15,45397.0,-0.003171559227024723,19.889999389648438
2018-10-22,135.3375,135.3375,134.8025,135.15,36072.0,0.0,19.639999389648438
2018-10-23,132.1,132.1,130.7,132.1,33130.0,-0.022567517573067075,20.709999084472656
2018-10-24,133.1,134.7525,133.1,133.1,7739.0,0.007570022710068125,25.229999542236328
2018-10-25,131.79,136.4,131.79,136.4,42791.0,0.024793388429752206,24.219999313354492
2018-10-26,136.7,137.05,132.87,135.75,5930.0,-0.004765395894428148,24.15999984741211
2018-10-29,137.1,140.15,137.05,138.45,8835.0,0.019889502762430844,24.700000762939453
2018-10-30,138.45,138.45,137.2,137.7,3718.0,-0.005417118093174467,23.350000381469727
2018-10-31,140.04,141.45,140.04,140.242,58353.0,0.018460421205519273,21.229999542236328
2018-11-01,140.5,141.4,139.05,139.4975,2010.0,-0.0053086807090599875,19.34000015258789
2018-11-02,138.75,139.69,137.55,138.75,2133.0,-0.005358518969874049,19.510000228881836
2018-11-05,138.75,138.75,136.2,137.15,3466.0,-0.011531531531531525,19.959999084472656
2018-11-06,137.05,137.05,137.05,137.05,21.0,-0.0007291286912139983,19.90999984741211
2018-11-07,138.75,139.045,137.9,138.95,17154.0,0.013863553447646781,16.360000610351562
2018-11-08,139.1,139.1,138.15,138.3,1425.0,-0.004677941705649391,16.719999313354492
2018-11-09,138.28,138.28,137.45,137.85,1018.0,-0.0032537960954448497,17.360000610351562
2018-11-12,136.917,136.917,133.6,136.1333,9657.0,-0.012453391367428401,20.450000762939453
2018-11-13,134.95,135.25,132.85,133.7,3784.0,-0.017874392231731706,20.020000457763672
2018-11-14,132.5,134.02,132.5,132.5,4504.0,-0.008975317875841382,21.25
2018-11-15,131.99,131.99,130.7,130.85,494.0,-0.012452830188679265,19.979999542236328
2018-11-16,130.95,132.47,130.445,130.7,4662.0,-0.0011463507833398001,18.139999389648438
2018-11-19,131.4025,131.4025,130.0,130.08,15471.0,-0.004743687834735888,20.100000381469727
2018-11-20,129.38,131.8,129.38,131.5,25049.0,0.01091635916359146,22.479999542236328
2018-11-21,132.7,133.55,132.7,133.55,4712.0,0.0155893536121674,20.799999237060547
2018-11-22,133.9,134.5,132.2,134.1,33813.0,0.0041183077499062914,
2018-11-23,137.0,139.4,136.15,138.9,10305.0,0.03579418344519025,21.520000457763672
2018-11-26,141.6,142.75,140.49,141.4,59862.0,0.017998560115190854,18.899999618530273
2018-11-27,141.6,141.6,140.85,141.6,5588.0,0.0014144271570013522,19.020000457763672
2018-11-28,141.545,142.25,141.545,142.15,2743.0,0.003884180790960423,18.489999771118164
2018-11-29,142.05,143.68,141.65,141.6875,13150.0,-0.003253605346465016,18.790000915527344
2018-11-30,141.6,142.2,140.18,140.5,16768.0,-0.00838112042346717,18.06999969482422
2018-12-03,143.53,143.53,142.5,142.5,7636.0,0.014234875444839812,16.440000534057617
2018-12-04,141.2,143.15,140.85,140.9,3206.0,-0.011228070175438587,20.739999771118164
2018-12-05,140.35,140.6375,140.35,140.5,2059.0,-0.002838892831795614,
2018-12-06,136.18,136.18,135.17,135.535,6558.0,-0.03533807829181501,21.190000534057617
2018-12-07,135.68,137.37,135.68,135.74,11439.0,0.001512524440181684,23.229999542236328
2018-12-10,134.05,134.75,132.1,132.15,6831.0,-0.02644762045086202,22.639999389648438
2018-12-11,132.5,132.91,130.8,130.8,3509.0,-0.010215664018161097,21.760000228881836
2018-12-12,132.0,132.55,130.19,131.75,16744.0,0.007262996941896027,21.459999084472656
2018-12-13,133.3,133.3,132.5,132.7,9817.0,0.0072106261859581355,20.649999618530273
2018-12-14,130.55,132.5,130.4,132.1,1986.0,-0.0045214770158251705,21.6299991607666
2018-12-17,131.25,131.6,128.53,129.05,3125.0,-0.02308856926570768,24.520000457763672
2018-12-18,127.75,128.96,127.14,127.3,82597.0,-0.013560635412630861,25.579999923706055
2018-12-19,125.8,125.8,122.5,124.6,82157.0,-0.02120974076983506,25.579999923706055
2018-12-20,122.4875,123.8,122.4875,122.9118,29902.0,-0.01354895666131617,28.3799991607666
2018-12-21,128.0,128.6,125.2,128.55,27730.0,0.04587191791186851,30.110000610351562
2018-12-27,128.5,129.9,125.45,125.45,29934.0,-0.024115130299494414,29.959999084472656
2018-12-28,127.35,127.51,126.0,126.2975,21323.0,0.006755679553607008,28.34000015258789
2019-01-03,125.2,126.55,124.8,125.7122,17621.0,-0.004634296007442806,25.450000762939453
2019-01-04,127.35,129.25,126.75,128.9,11594.0,0.025357920710957327,21.3799991607666
2019-01-07,129.55,129.55,128.45,129.45,18962.0,0.004266873545383909,21.399999618530273
2019-01-08,130.25,131.5,128.2,131.45,2682.0,0.015449980687524123,20.469999313354492
2019-01-09,131.9,131.9,130.4,131.6,7841.0,0.0011411182959299992,19.979999542236328
2019-01-10,131.25,133.1,131.25,132.4,19824.0,0.006079027355623268,19.5
2019-01-11,132.4,132.4,130.8,130.8,30585.0,-0.012084592145015116,18.190000534057617
2019-01-14,129.07,129.07,128.2,128.75,11915.0,-0.01567278287461782,19.06999969482422
2019-01-15,130.05,130.35,127.65,128.0,12524.0,-0.005825242718446644,18.600000381469727
2019-01-16,130.3,132.3,130.3,131.95,62883.0,0.03085937499999991,19.040000915527344
2019-01-17,132.45,132.45,131.94,132.45,57917.0,0.0037893141341416303,18.059999465942383
2019-01-18,134.05,135.25,133.35,135.25,15410.0,0.021140052850132207,17.799999237060547
2019-01-21,135.45,135.6,134.3,134.6,3202.0,-0.004805914972273562,
2019-01-22,134.9,134.9,133.32,133.95,24632.0,-0.00482912332838048,20.799999237060547
2019-01-23,133.5,135.0,132.76,134.25,17948.0,0.002239641657334923,19.520000457763672
2019-01-24,134.1,134.1,132.7,133.2,31281.0,-0.007821229050279377,18.889999389648438
2019-01-25,134.0,134.0,133.15,133.25,21403.0,0.00037537537537546406,17.420000076293945
2019-01-28,134.8,134.8,133.0,133.0,3599.0,-0.0018761726078799779,18.8700008392334
2019-01-29,134.6,134.6,133.14,134.1,21551.0,0.008270676691729317,19.1299991607666
2019-01-30,135.0,135.0,133.7,134.55,19817.0,0.003355704697986628,17.65999984741211
2019-01-31,135.65,135.65,134.35,134.4,9037.0,-0.0011148272017837968,16.56999969482422
2019-02-01,135.4,135.4,134.1,135.4,39232.0,0.007440476190476275,16.139999389648438
2019-02-04,134.0,134.0,132.45,134.0,15171.0,-0.010339734121122657,15.729999542236328
2019-02-05,134.95,136.85,134.65,136.75,27918.0,0.020522388059701413,15.569999694824219
2019-02-06,137.835,137.835,136.725,136.75,22144.0,0.0,15.380000114440918
2019-02-07,135.4102,135.4102,134.0,134.15,38999.0,-0.01901279707495429,16.3700008392334
2019-02-08,134.05,134.05,132.55,132.6,3866.0,-0.011554230339172689,15.720000267028809
2019-02-11,133.5,134.6,133.3,134.6,8657.0,0.015082956259426794,15.970000267028809
2019-02-12,136.2,137.75,135.64,136.3,17172.0,0.012630014858841188,15.430000305175781
2019-02-13,137.25,137.25,135.8,136.19,8980.0,-0.000807043286867315,15.649999618530273
2019-02-14,137.95,137.95,136.55,137.6,16716.0,0.010353183053087633,16.219999313354492
2019-02-15,139.25,139.25,135.96,138.45,26952.0,0.0061773255813952765,14.90999984741211
2019-02-18,138.7,138.7,137.9,138.6,21268.0,0.0010834236186350044,
2019-02-19,136.7,138.2,136.6,137.1,8040.0,-0.010822510822510845,14.880000114440918
2019-02-20,139.45,140.75,137.775,138.95,43490.0,0.013493800145878865,14.020000457763672
2019-02-21,138.5,138.5,137.665,137.7,15259.0,-0.008996041741633709,14.460000038146973
2019-02-22,138.95,138.95,137.9,138.1,17336.0,0.002904865649963728,13.510000228881836
2019-02-25,138.27,138.27,137.845,138.0,38783.0,-0.0007241129616220032,14.850000381469727
2019-02-26,138.05,139.41,137.1,139.41,46914.0,0.010217391304347734,15.170000076293945
2019-02-27,132.0,133.04,129.39,129.4,134359.0,-0.07180259665734157,14.699999809265137
2019-02-28,129.5,130.6,127.19,130.25,36320.0,0.006568778979907153,14.779999732971191
2019-03-01,133.87,133.87,130.35,131.75,99729.0,0.011516314779270731,13.569999694824219
2019-03-04,133.4,133.84,132.8,132.8,36813.0,0.007969639468690781,14.630000114440918
2019-03-05,134.0,134.0,132.7,133.6,11222.0,0.0060240963855420215,14.739999771118164
2019-03-06,134.05,135.3,134.0,135.05,27457.0,0.010853293413173759,15.739999771118164
2019-03-07,134.05,134.05,130.53,131.4841,52696.0,-0.02640429470566452,16.59000015258789
2019-03-08,130.65,130.65,129.2,130.6,36044.0,-0.006724006933157778,16.049999237060547
2019-03-11,131.1,131.1,129.9,130.65,10545.0,0.00038284839203694965,14.329999923706055
2019-03-12,132.0,132.55,131.75,131.85,5745.0,0.00918484500574035,13.770000457763672
2019-03-13,132.2,132.3,131.1,132.0,2527.0,0.0011376564277587597,13.40999984741211
2019-03-14,134.95,136.55,133.435,136.1,46276.0,0.03106060606060601,13.5
2019-03-15,137.7,138.05,136.53,138.05,26296.0,0.014327700220426287,12.880000114440918
2019-03-18,138.185,138.185,136.18,136.75,83667.0,-0.00941687794277446,13.100000381469727
2019-03-19,137.1,138.555,137.07,138.43,9543.0,0.01228519195612443,13.5600004196167
2019-03-20,138.35,138.35,136.55,136.9,8790.0,-0.011052517517879057,13.90999984741211
2019-03-21,135.4,136.75,135.4,136.1,30897.0,-0.005843681519357324,13.630000114440918
2019-03-22,137.35,137.35,133.9525,134.0,7794.0,-0.01542983100661277,16.479999542236328
2019-03-25,131.66,132.95,131.66,132.8,36120.0,-0.008955223880596885,16.329999923706055
2019-03-26,134.05,134.45,132.8875,134.15,9472.0,0.01016566265060237,14.680000305175781
2019-03-27,134.8,134.8,133.84,134.8,17101.0,0.004845322400298224,15.149999618530273
2019-03-28,135.45,135.575,133.9,133.9,10909.0,-0.00667655786350152,14.430000305175781
2019-03-29,135.45,136.2,134.5,136.15,17187.0,0.016803584764749857,13.710000038146973
2019-04-01,137.77,138.35,137.45,138.25,46433.0,0.015424164524421524,13.399999618530273
2019-04-02,138.55,140.3,138.5,139.8,42612.0,0.011211573236889816,13.359999656677246
2019-04-03,141.9875,142.1,140.85,141.285,15213.0,0.01062231759656651,13.739999771118164
2019-04-04,140.5,141.1375,140.5,140.9,26275.0,-0.0027249884984250627,13.579999923706055
2019-04-05,142.33,142.6,141.51,142.2591,14808.0,0.009645848119233413,12.819999694824219
2019-04-08,142.02,142.02,141.4,141.55,8243.0,-0.00498456689238147,13.180000305175781
2019-04-09,142.17,142.4875,141.22,141.85,6855.0,0.0021193924408335896,14.279999732971191
2019-04-10,142.225,142.95,142.05,142.75,5657.0,0.006344730348960104,13.300000190734863
2019-04-11,143.31,143.8,142.55,142.79,7480.0,0.00028021015761825474,13.020000457763672
2019-04-12,143.345,143.455,142.2625,142.85,38672.0,0.0004201974928217389,12.010000228881836
2019-04-15,143.91,145.05,143.91,144.6,4579.0,0.012250612530626537,12.319999694824219
2019-04-16,144.63,145.59,144.58,145.15,15989.0,0.003803596127247566,12.180000305175781
2019-04-17,144.805,145.55,144.805,145.0,5747.0,-0.0010334137099552443,12.600000381469727
2019-04-18,144.6375,145.3875,144.6375,145.0,13896.0,0.0,12.09000015258789
2019-04-23,145.475,145.95,145.15,145.83,32696.0,0.005724137931034656,12.279999732971191
2019-04-24,145.59,145.9,143.2,143.37,76064.0,-0.016868957004731566,13.140000343322754
2019-04-25,148.05,149.2166,148.05,149.2166,62702.0,0.04077980051614705,13.25
2019-04-26,145.9,148.4,145.85,147.95,39688.0,-0.00848833172716712,12.729999542236328
2019-04-29,148.3375,148.55,147.7,148.45,83008.0,0.0033795201081445736,13.109999656677246
2019-04-30,148.455,148.95,148.05,148.05,17329.0,-0.002694509936005285,13.119999885559082
2019-05-02,147.56,147.9,146.905,147.4,55309.0,-0.004390408645727817,14.420000076293945
2019-05-03,147.61,148.645,147.45,147.45,30302.0,0.0003392130257799941,12.869999885559082
2019-05-07,143.75,144.0625,142.9,143.2,84817.0,-0.02882332994235337,19.31999969482422
2019-05-08,142.75,142.75,142.5,142.5,326423.0,-0.004888268156424513,19.399999618530273
2019-05-09,136.19,136.95,135.445,135.515,41477.0,-0.04901754385964918,19.100000381469727
2019-05-10,136.6,136.61,135.9,135.9,33420.0,0.002841013909899326,16.040000915527344
2019-05-13,136.235,136.235,132.375,133.0,32438.0,-0.021339220014716775,20.549999237060547
2019-05-14,133.7375,133.7375,131.6,132.3375,13051.0,-0.0049812030075188085,18.059999465942383
2019-05-15,132.4,132.9375,131.65,132.9,16980.0,0.004250495891187311,16.440000534057617
2019-05-16,132.45,133.8,132.3,133.7965,33585.0,0.0067456734386757145,15.289999961853027
2019-05-17,133.005,134.1375,133.005,134.0,22144.0,0.0015209665424729124,15.960000038146973
2019-05-20,132.85,132.975,130.2625,131.45,45260.0,-0.01902985074626873,16.309999465942383
2019-05-21,133.2,133.95,133.2,133.95,7155.0,0.01901863826550021,14.949999809265137
2019-05-22,133.3,134.4,133.3,134.4,104123.0,0.0033594624860022737,14.75
2019-05-23,133.35,133.65,132.645,133.1,87649.0,-0.00967261904761918,16.920000076293945
2019-05-24,131.675,131.9,131.2,131.5,75000.0,-0.012021036814425234,15.850000381469727
2019-05-28,131.35,131.9,131.1,131.6,117049.0,0.0007604562737641984,17.5
2019-05-29,131.1375,131.6,131.1375,131.6,26560.0,0.0,17.899999618530273
2019-05-31,132.85,133.15,132.5625,133.15,54456.0,0.011778115501519748,18.709999084472656
2019-06-03,131.55,132.25,130.75,132.25,16363.0,-0.006759294029290319,18.860000610351562
2019-06-04,131.8375,131.8375,131.05,131.8,20317.0,-0.0034026465028355046,16.969999313354492
2019-06-05,132.555,133.8375,132.555,132.7,5076.0,0.006828528072837514,16.09000015258789
2019-06-06,133.8875,134.3375,133.1625,133.1625,5762.0,0.003485305199698585,15.930000305175781
2019-06-07,133.4,135.1,133.4,134.1,8281.0,0.007040270346381217,16.299999237060547
2019-06-11,135.65,136.75,134.95,135.45,88390.0,0.010067114093959662,15.989999771118164
2019-06-12,135.4,135.4,133.45,133.7,12252.0,-0.012919896640826822,15.90999984741211
2019-06-13,134.45,134.45,133.5,134.16,27175.0,0.0034405385190725557,15.819999694824219
2019-06-14,133.85,134.15,133.55,133.8,13461.0,-0.0026833631484792786,15.279999732971191
2019-06-17,134.2,134.6,134.1,134.45,9981.0,0.004857997010463189,15.350000381469727
2019-06-18,133.7375,135.9,132.75,134.4143,45299.0,-0.00026552621792486075,15.149999618530273
2019-06-19,136.85,138.25,136.25,137.55,68233.0,0.023328619053181177,14.329999923706055
2019-06-20,138.4,138.5,137.3,137.3,26013.0,-0.0018175209014903437,14.75
2019-06-21,136.95,137.15,136.36,137.0225,18652.0,-0.0020211216314639513,15.399999618530273
2019-06-24,137.56,138.8,137.56,138.8,43089.0,0.012972322063894648,15.260000228881836
2019-06-25,138.545,138.545,137.45,138.15,12500.0,-0.004682997118155674,16.280000686645508
2019-06-26,137.95,138.9375,137.95,138.85,41521.0,0.005066956207021356,16.209999084472656
2019-06-27,139.5,139.95,139.45,139.95,9524.0,0.00792221822110184,15.819999694824219
2019-06-28,141.65,144.9,141.3,144.479,57588.0,0.03236155769917848,15.079999923706055
2019-07-01,147.15,147.15,144.4,144.4,7717.0,-0.0005467922673884074,14.0600004196167
2019-07-02,144.21,144.3,143.15,144.1,1772.0,-0.0020775623268698418,12.930000305175781
2019-07-03,144.8,144.8,144.1,144.325,11870.0,0.001561415683553058,12.569999694824219
2019-07-04,145.375,145.3875,144.8,144.8,18051.0,0.0032911830937123465,
2019-07-05,145.025,145.025,143.9625,144.0,8307.0,-0.005524861878453136,13.279999732971191
2019-07-08,144.3,144.3,144.05,144.25,25100.0,0.0017361111111111605,13.960000038146973
2019-07-09,143.15,143.4525,143.0,143.0,9111.0,-0.008665511265164683,14.09000015258789
2019-07-10,142.75,142.95,142.5,142.95,15045.0,-0.00034965034965039887,13.029999732971191
2019-07-11,143.65,143.8,142.9,143.1,29816.0,0.0010493179433368471,12.930000305175781
2019-07-12,144.1,144.8,143.05,143.5415,11482.0,0.003085255066387349,12.390000343322754
2019-07-15,143.85,143.85,142.5,142.9,49038.0,-0.0044690908204247926,12.680000305175781
2019-07-16,143.55,144.15,143.26,143.95,24195.0,0.007347795661301504,12.859999656677246
2019-07-17,144.85,145.95,143.95,143.95,44207.0,0.0,13.970000267028809
2019-07-18,144.05,145.1,144.05,144.6875,30661.0,0.005123306703716635,13.529999732971191
2019-07-19,145.8875,145.9375,145.0,145.4,29844.0,0.0049244060475162055,14.449999809265137
2019-07-22,145.15,145.3875,144.84,145.0214,15460.0,-0.0026038514442916494,13.529999732971191
2019-07-23,146.7,150.15,146.7,149.6893,40111.0,0.032187663337962524,12.609999656677246
2019-07-24,149.6,149.6,147.2,147.5,99057.0,-0.014625627883890213,12.069999694824219
2019-07-25,149.0,150.26,148.55,149.05,38319.0,0.010508474576271354,12.739999771118164
2019-07-26,149.1375,149.3375,147.51,148.175,25326.0,-0.005870513250587073,12.15999984741211
2019-07-29,148.2625,148.695,148.2625,148.695,2921.0,0.0035093639277878896,12.829999923706055
2019-07-30,147.605,148.0,146.0875,146.3,15536.0,-0.01610679579003993,13.9399995803833
2019-07-31,147.1,147.25,146.55,146.75,9338.0,0.0030758714969241208,16.1200008392334
2019-08-02,143.35,144.15,142.0,144.15,12284.0,-0.01771720613287897,17.610000610351562
2019-08-05,141.49,142.1375,140.45,141.14,181878.0,-0.020881026708290062,24.59000015258789
2019-08-06,141.24,143.2375,141.05,142.2375,112418.0,0.007775967124840744,20.170000076293945
2019-08-07,141.8,143.05,141.4875,142.79,54812.0,0.0038843483610158103,19.489999771118164
2019-08-08,144.1875,144.1875,142.4833,142.4833,7760.0,-0.0021479095174730123,16.90999984741211
2019-08-09,143.8375,143.8375,141.23,141.23,25736.0,-0.008796118562666821,17.969999313354492
2019-08-12,141.7875,141.7875,139.95,139.95,9634.0,-0.009063230191885596,21.09000015258789
2019-08-13,139.625,141.4,138.65,140.95,21287.0,0.007145409074669429,17.520000457763672
2019-08-14,140.0375,140.0375,138.5,139.3,22732.0,-0.01170627882227726,22.100000381469727
2019-08-15,138.8125,139.3,137.4,138.3,23821.0,-0.007178750897343877,21.18000030517578
2019-08-16,139.075,139.4625,138.755,139.2,3521.0,0.006507592190889255,18.469999313354492
2019-08-19,140.7,140.9,139.75,140.55,5465.0,0.009698275862069172,16.8799991607666
2019-08-20,139.9,140.2,138.75,138.85,5439.0,-0.01209533973674859,17.5
2019-08-21,139.1875,139.85,138.9875,139.35,13245.0,0.003601008282319018,15.800000190734863
2019-08-22,139.4375,140.2375,139.4375,139.55,12624.0,0.0014352350197346375,16.68000030517578
2019-08-23,140.5,141.0375,139.1875,139.1875,13002.0,-0.0025976352561806193,19.8700008392334
2019-08-27,139.54,139.675,139.2811,139.45,12983.0,0.001885945217781737,20.309999465942383
2019-08-28,139.0625,139.0625,138.39,138.7,16612.0,-0.0053782717820006765,19.350000381469727
2019-08-29,139.0,140.3875,139.0,140.3125,59346.0,0.011625811103100236,17.8799991607666
2019-08-30,141.7,144.6375,141.7,144.05,18193.0,0.026636971046770652,18.979999542236328
2019-09-02,145.0875,145.0875,144.445,144.9,2536.0,0.00590072891357174,
2019-09-03,144.35,145.0,142.6875,142.8,2217.0,-0.01449275362318836,19.65999984741211
2019-09-04,144.3125,144.955,144.305,144.49,8313.0,0.011834733893557381,17.329999923706055
2019-09-05,145.05,147.4525,145.05,147.1,9491.0,0.018063533808567955,16.270000457763672
2019-09-06,147.4,148.4,147.3,148.4,24401.0,0.008837525492862097,15.0
2019-09-09,148.9,150.89,148.835,150.2875,7332.0,0.012719002695417814,15.270000457763672
2019-09-10,150.05,150.15,147.05,147.75,68914.0,-0.016884305081926287,15.199999809265137
2019-09-11,148.93,151.1,148.93,151.1,34277.0,0.0226734348561759,14.609999656677246
2019-09-12,151.8875,153.1875,148.9,150.34,44980.0,-0.00502978160158829,14.220000267028809
2019-09-13,151.75,152.75,150.75,152.75,46217.0,0.016030331249168528,13.739999771118164
2019-09-16,151.1,151.2,150.55,151.1,8389.0,-0.010801963993453345,14.670000076293945
2019-09-17,150.15,150.905,149.95,150.905,2168.0,-0.0012905360688285628,14.4399995803833
2019-09-18,147.65,147.65,145.85,146.85,13497.0,-0.026871210364136422,13.949999809265137
2019-09-19,147.8,148.9,146.75,148.0,32569.0,0.007831120190670893,14.050000190734863
2019-09-20,146.85,146.85,144.75,145.05,21114.0,-0.019932432432432368,15.319999694824219
2019-09-23,143.45,145.25,142.9375,144.89,10509.0,-0.0011030679076182714,14.90999984741211
2019-09-24,145.15,145.25,144.95,144.95,7136.0,0.00041410725377866164,17.049999237060547
2019-09-25,144.8,144.8,141.0,143.29,24657.0,-0.01145222490513964,15.960000038146973
2019-09-26,143.65,145.445,143.65,144.835,4854.0,0.0107823295414895,16.06999969482422
2019-09-27,145.6375,146.4875,145.125,145.7,2976.0,0.005972313322055944,17.219999313354492
2019-09-30,146.9,147.0,146.74,147.0,15055.0,0.008922443376801814,16.239999771118164
2019-10-01,147.65,148.49,144.95,144.95,9344.0,-0.01394557823129261,18.559999465942383
2019-10-02,143.1375,144.85,142.7,143.9961,34755.0,-0.006580889962055747,20.559999465942383
2019-10-03,144.15,145.2875,143.65,144.5,24463.0,0.0034994003309811728,19.1200008392334
2019-10-04,146.2375,146.5,146.19,146.5,4940.0,0.01384083044982698,17.040000915527344
2019-10-07,147.885,148.5,147.15,147.8833,60727.0,0.00944232081911256,17.860000610351562
2019-10-08,148.2,148.2,144.55,145.3,5181.0,-0.01746850388110066,20.280000686645508
2019-10-09,144.91,147.25,144.21,146.3,108456.0,0.006882312456985451,18.639999389648438
2019-10-10,147.0,148.45,146.9,148.45,6428.0,0.014695830485303985,17.56999969482422
2019-10-11,149.485,151.26,149.22,151.26,13038.0,0.018928932300437795,15.579999923706055
2019-10-14,149.84,150.0,148.11,148.3875,18690.0,-0.018990479968266527,14.569999694824219
2019-10-15,147.8375,149.45,147.75,149.03,8687.0,0.004329879538370829,13.539999961853027
2019-10-16,147.4375,149.11,147.4375,148.9,9044.0,-0.0008723075890759713,13.680000305175781
2019-10-17,146.5,149.0125,146.5,147.5927,37761.0,-0.008779717931497677,13.789999961853027
2019-10-18,148.0,148.65,146.6,147.2,96806.0,-0.0026607006986119064,14.25
2019-10-21,147.1,148.2,147.1,148.2,24462.0,0.006793478260869623,14.0
2019-10-23,157.75,161.94,157.75,161.275,26594.0,0.08822537112010798,14.010000228881836
2019-10-24,162.1375,164.0,162.1375,164.0,13910.0,0.01689660517749192,13.710000038146973
2019-10-25,163.96,164.9625,161.9525,163.075,19820.0,-0.005640243902439113,12.649999618530273
2019-10-28,159.7,161.19,159.5,161.15,83581.0,-0.011804384485666009,13.109999656677246
2019-10-29,160.84,161.5,160.3125,161.14,26784.0,-6.205398696879083e-05,13.199999809265137
2019-10-30,160.385,160.55,159.18,159.2,7023.0,-0.012039220553555885,12.329999923706055
2019-10-31,159.65,160.74,158.89,158.9,19457.0,-0.0018844221105526193,13.220000267028809
2019-11-01,159.79,159.79,158.9,159.05,6851.0,0.0009439899307741584,12.300000190734863
2019-11-04,159.5,160.0,159.1,159.65,3692.0,0.0037723986167872425,12.829999923706055
2019-11-05,160.5,162.34,160.5,162.34,38069.0,0.01684935797056064,13.100000381469727
2019-11-06,162.8375,163.445,162.3,162.74,31584.0,0.002463964518911066,12.619999885559082
2019-11-07,163.3,163.95,162.65,163.45,17162.0,0.00436278726803474,12.729999542236328
2019-11-08,164.0,164.45,161.825,161.825,4102.0,-0.009941878250229408,12.069999694824219
2019-11-11,162.375,162.375,160.95,161.79,1945.0,-0.00021628302178278158,12.6899995803833
2019-11-12,162.14,162.14,161.4,162.05,32860.0,0.0016070214475556455,12.680000305175781
2019-11-13,161.4,161.7,161.3375,161.475,9027.0,-0.003548287565566244,13.0
2019-11-14,161.4,161.4,159.0875,160.25,28129.0,-0.007586313670846834,13.050000190734863
2019-11-15,161.8875,161.8875,160.7875,161.25,12072.0,0.006240249609984483,12.050000190734863
2019-11-18,161.7,162.55,161.1,161.68,28901.0,0.002666666666666817,12.460000038146973
2019-11-19,162.7,163.15,162.2,162.45,9274.0,0.004762493814943092,12.859999656677246
2019-11-20,162.495,162.495,162.35,162.35,10123.0,-0.000615574022776233,12.779999732971191
2019-11-21,162.2,163.5,162.0,162.35,94074.0,0.0,13.130000114440918
2019-11-22,162.05,162.65,160.95,162.08,1658.0,-0.0016630736064058294,12.34000015258789
2019-11-25,161.95,164.335,161.9,164.335,35761.0,0.013912882527147064,11.869999885559082
2019-11-26,164.25,164.25,162.58,163.0,109405.0,-0.008123649861563331,11.539999961853027
2019-11-27,163.25,164.0,161.95,162.875,36273.0,-0.0007668711656442229,11.75
2019-11-28,162.95,164.4,162.8875,162.995,14047.0,0.0007367613200306433,
2019-11-29,162.2875,163.545,162.2875,162.6,3846.0,-0.002423387220466977,12.619999885559082
2019-12-02,162.9375,163.3625,160.5,160.5,8762.0,-0.012915129151291449,14.90999984741211
2019-12-03,160.6,161.2,159.04,159.16,23291.0,-0.008348909657320935,15.960000038146973
2019-12-04,159.59,161.24,159.59,161.1,21628.0,0.01218899220909786,14.800000190734863
2019-12-05,161.6875,162.7375,161.1,161.6,167391.0,0.0031036623215394687,14.520000457763672
2019-12-06,161.75,163.35,161.75,163.35,17038.0,0.010829207920792117,13.619999885559082
2019-12-09,163.65,163.65,162.2,162.5,44484.0,-0.005203550658096079,15.859999656677246
2019-12-10,160.8,162.05,160.8,161.85,18381.0,-0.0040000000000000036,15.680000305175781
2019-12-11,161.7,162.65,161.44,162.65,224221.0,0.004942848316342285,14.989999771118164
2019-12-12,162.7875,163.1,162.3,162.3,52842.0,-0.0021518598217029616,13.9399995803833
2019-12-13,164.5,164.5,163.65,164.05,3846.0,0.010782501540357314,12.630000114440918
2019-12-16,163.435,163.9,163.09,163.9,25734.0,-0.0009143553794574988,12.140000343322754
2019-12-17,164.2325,164.2325,162.5125,162.5125,13538.0,-0.008465527760829872,12.289999961853027
2019-12-18,161.7625,162.745,160.0375,162.5,16809.0,-7.691716021840378e-05,12.579999923706055
2019-12-19,161.5625,162.5,161.5625,162.5,21185.0,0.0,12.5
2019-12-20,162.715,163.795,162.715,163.7175,5838.0,0.007492307692307687,12.510000228881836
2019-12-23,163.65,164.2,163.5,163.5625,8154.0,-0.0009467527906301676,12.609999656677246
2019-12-27,164.5181,164.925,164.35,164.5,11138.0,0.0057317539166985565,13.430000305175781
2019-12-30,164.1,164.1,164.1,164.1,8747.0,-0.002431610942249307,14.819999694824219
2020-01-03,162.34,162.75,160.85,162.5,10692.0,-0.009750152346130414,14.020000457763672
2020-01-06,161.15,162.6,160.7,162.6,32069.0,0.0006153846153846843,13.850000381469727
2020-01-07,164.4,165.1,164.15,164.4,56010.0,0.011070110701107083,13.789999961853027
2020-01-08,163.3875,164.745,163.3875,164.5,13884.0,0.0006082725060827521,13.449999809265137
2020-01-09,165.59,165.7875,164.5875,164.6069,14133.0,0.0006498480243160021,12.539999961853027
2020-01-10,164.7125,165.6875,164.7125,165.6875,49179.0,0.0065647308830918405,12.5600004196167
2020-01-13,164.85,164.85,163.95,163.95,9316.0,-0.010486608826857813,12.319999694824219
2020-01-14,164.3875,165.9,164.3,165.9,11281.0,0.011893870082342328,12.390000343322754
2020-01-15,165.0125,165.0125,164.05,164.05,3898.0,-0.011151295961422503,12.420000076293945
2020-01-16,164.2375,165.0,164.2375,165.0,15146.0,0.005790917403230678,12.319999694824219
2020-01-17,165.8375,166.15,165.5375,165.58,26188.0,0.0035151515151516932,12.100000381469727
2020-01-20,165.85,166.65,165.85,166.3,26931.0,0.0043483512501509836,
2020-01-21,165.45,166.6,165.2,165.85,32970.0,-0.0027059530968130963,12.850000381469727
2020-01-22,165.9875,167.6375,165.9875,167.6375,34556.0,0.010777811275248794,12.90999984741211
2020-01-23,165.7125,165.95,163.3875,163.395,33879.0,-0.025307583327119354,12.979999542236328
2020-01-24,163.4375,163.6,163.25,163.5,26762.0,0.0006426145230882252,14.5600004196167
2020-01-27,161.15,161.3,158.55,159.8,17187.0,-0.022629969418960227,18.229999542236328
2020-01-28,159.55,161.95,159.55,161.9,15777.0,0.013141426783479293,16.280000686645508
2020-01-29,164.15,165.5,162.05,162.05,247148.0,0.0009264978381717803,16.389999389648438
2020-01-30,158.9,163.0,153.0,156.475,100359.0,-0.034402962048750485,15.489999771118164
2020-01-31,157.09,157.2,155.545,156.0,44544.0,-0.0030356286946796596,18.84000015258789
2020-02-03,154.5,154.5,152.95,153.8,9842.0,-0.014102564102564052,17.969999313354492
2020-02-04,156.9,158.8947,156.85,157.2,13520.0,0.022106631989596837,16.049999237060547
2020-02-05,158.56,161.04,158.56,160.45,2748.0,0.020674300254452938,15.149999618530273
2020-02-06,159.75,160.25,159.3,159.6,7719.0,-0.005297600498597621,14.960000038146973
2020-02-07,158.25,159.7,158.045,159.1,35875.0,-0.0031328320802005427,15.470000267028809
2020-02-10,159.1,159.25,158.95,159.1,8511.0,0.0,15.039999961853027
2020-02-11,159.75,160.985,159.385,160.78,17616.0,0.010559396605908322,15.180000305175781
2020-02-12,160.06,161.2,160.06,161.2,25673.0,0.0026122652071152164,13.739999771118164
2020-02-13,159.65,159.65,158.2,158.3975,26036.0,-0.017385235732009785,14.149999618530273
2020-02-14,158.85,159.55,158.85,159.4041,8609.0,0.006354898278066123,13.680000305175781
2020-02-17,159.715,159.715,157.55,158.85,7479.0,-0.0034760711926481447,
2020-02-18,156.35,156.8,155.55,156.35,25960.0,-0.015738117721120548,14.829999923706055
2020-02-19,156.85,158.7,155.85,157.9,24684.0,0.00991365526063337,14.380000114440918
2020-02-20,159.3,159.6,158.455,159.6,17266.0,0.010766307789740193,15.5600004196167
2020-02-21,157.35,157.35,155.15,155.35,9210.0,-0.026629072681704224,17.079999923706055
2020-02-24,148.15,149.6,146.9,149.6,19434.0,-0.03701319600901187,25.030000686645508
2020-02-25,152.65,152.65,148.6,149.6,6535.0,0.0,27.850000381469727
2020-02-26,146.3,150.1,146.3,150.1,44170.0,0.0033422459893048817,27.559999465942383
2020-02-27,142.3,142.5,140.6931,140.6931,44723.0,-0.0626708860759494,39.15999984741211
2020-02-28,138.65,142.45,136.95,140.55,91370.0,-0.0010171074487659304,40.11000061035156
2020-03-02,143.7,144.25,141.05,144.15,51910.0,0.025613660618996725,33.41999816894531
2020-03-03,145.95,148.1599,145.95,146.35,121575.0,0.015261879986125493,36.81999969482422
2020-03-04,146.45,146.9,144.55,144.9678,95000.0,-0.009444482405192911,31.989999771118164
2020-03-05,146.4,146.4,143.5,143.55,95810.0,-0.009780102891814635,39.619998931884766
2020-03-06,140.3,141.65,139.0,140.05,85665.0,-0.024381748519679558,41.939998626708984
2020-03-09,138.55,138.55,131.6,133.7664,35592.0,-0.044866833273830786,54.459999084472656
2020-03-10,134.8,139.25,134.1,134.4,292708.0,0.004736615472943795,47.29999923706055
2020-03-11,136.85,136.85,134.0,134.45,38449.0,0.00037202380952372494,53.900001525878906
2020-03-12,129.35,129.7,127.65,127.75,6300.0,-0.04983265154332461,75.47000122070312
2020-03-13,137.05,137.05,129.05,129.05,67861.0,0.010176125244618417,57.83000183105469
2020-03-16,121.85,127.65,119.75,126.15,38346.0,-0.022471910112359605,82.69000244140625
2020-03-17,131.55,134.45,126.0,133.0,129588.0,0.05430043598890211,75.91000366210938
2020-03-18,128.6,128.6,125.0,125.65,23959.0,-0.05526315789473679,76.44999694824219
2020-03-19,128.2,129.6,126.85,127.9145,72810.0,0.01802228412256257,72.0
2020-03-20,130.95,133.25,126.2,127.2,52980.0,-0.0055857623647045385,66.04000091552734
2020-03-23,121.1,126.15,120.0,120.5,327105.0,-0.05267295597484278,61.59000015258789
2020-03-24,123.4,132.45,120.5,132.45,40428.0,0.09917012448132767,61.66999816894531
2020-03-25,135.75,135.75,130.3,133.4,26425.0,0.0071725179312949194,63.95000076293945
2020-03-26,130.75,136.3,130.75,135.45,55323.0,0.015367316341828863,61.0
2020-03-27,132.3,132.35,131.0,131.7,28877.0,-0.027685492801771905,65.54000091552734
2020-03-30,131.7,132.5,129.05,131.95,107244.0,0.0018982536066818323,57.08000183105469
2020-03-31,132.75,132.85,129.6,132.85,24492.0,0.006820765441455157,53.540000915527344
2020-04-01,133.325,139.85,132.5,139.85,29347.0,0.05269100489273626,57.060001373291016
2020-04-02,138.9,138.9,136.375,138.0,38613.0,-0.013228459063282072,50.90999984741211
2020-04-03,135.75,137.1,131.9,133.0,25390.0,-0.036231884057971064,46.79999923706055
2020-04-06,138.5,139.05,137.15,138.6,26343.0,0.042105263157894646,45.2400016784668
2020-04-07,140.5,143.1,140.45,142.25,90215.0,0.026334776334776322,46.70000076293945
2020-04-08,140.9,144.6,140.6,144.6,24785.0,0.016520210896309173,43.349998474121094
2020-04-09,142.75,143.9,137.4,139.2,151218.0,-0.03734439834024905,41.66999816894531
2020-04-14,139.1,139.3,137.15,139.3,11173.0,0.0007183908045977905,37.7599983215332
2020-04-15,139.1575,140.4,138.9,139.25,40275.0,-0.00035893754486726603,40.84000015258789
2020-04-16,140.75,141.45,138.85,140.1,11330.0,0.006104129263913682,40.11000061035156
2020-04-17,142.1,142.8,140.305,140.8,22930.0,0.0049964311206283085,38.150001525878906
2020-04-20,140.75,141.6,138.4,140.9,19397.0,0.0007102272727272929,43.83000183105469
2020-04-21,140.25,140.25,137.9,137.9,24293.0,-0.02129169623846705,45.40999984741211
2020-04-22,139.6,140.855,139.55,140.65,15924.0,0.019941986947063173,41.97999954223633
2020-04-23,141.5,142.5,139.1,141.15,18137.0,0.00355492356914322,41.380001068115234
2020-04-24,140.3,140.75,139.25,140.75,29501.0,-0.002833864682961429,35.93000030517578
2020-04-27,136.45,136.45,136.45,136.45,11059.0,-0.030550621669627076,33.290000915527344
2020-04-28,136.6,136.6,133.0,135.4,39625.0,-0.007695126419933862,33.56999969482422
2020-04-29,136.9,139.0,136.9,139.0,43468.0,0.026587887740029403,31.229999542236328
2020-04-30,139.6,142.0,138.05,138.05,85522.0,-0.006834532374100588,34.150001525878906
2020-05-04,134.65,134.65,131.3,131.65,25288.0,-0.0463600144875046,35.970001220703125
2020-05-05,134.9,134.9,131.5148,132.5,28033.0,0.0064565134827192505,33.61000061035156
2020-05-06,134.4,134.4,133.8,133.8,34141.0,0.009811320754717023,34.119998931884766
2020-05-07,134.6,135.7,134.3,134.65,13515.0,0.006352765321375076,31.440000534057617
2020-05-11,136.15,137.1,136.15,136.7062,33382.0,0.01527070181953194,27.56999969482422
2020-05-12,136.1,137.85,135.65,136.8319,36516.0,0.000919490118224342,33.040000915527344
2020-05-13,135.85,135.85,132.95,133.15,47421.0,-0.02690819903838204,35.279998779296875
2020-05-14,132.95,132.95,129.798,130.35,137683.0,-0.021028914757792005,32.61000061035156
2020-05-15,133.2,133.4075,132.05,133.25,100510.0,0.022247794399693266,31.889999389648438
2020-05-18,133.5,137.45,133.5,137.45,23028.0,0.03151969981238256,29.299999237060547
2020-05-19,138.0,138.5,137.9,137.95,12108.0,0.0036376864314295876,30.530000686645508
2020-05-20,137.5,141.75,137.5,141.75,19074.0,0.02754621239579569,27.989999771118164
2020-05-22,138.725,138.8,137.15,137.15,17006.0,-0.032451499118165694,28.15999984741211
2020-05-26,139.35,139.6,138.5,138.8,102094.0,0.012030623405031138,28.010000228881836
2020-05-27,138.1,139.65,136.4,136.85,51031.0,-0.014048991354467022,27.6200008392334
2020-05-28,137.3825,141.9,137.3825,141.9,12915.0,0.036901717208622564,28.59000015258789
2020-05-29,139.55,139.55,138.45,138.55,7189.0,-0.02360817477096544,27.510000228881836
2020-06-02,142.0,144.7,142.0,144.7,34555.0,0.04438830747022715,26.84000015258789
2020-06-03,145.6,148.9,145.6,148.9,51921.0,0.029025570145128077,25.65999984741211
2020-06-04,148.2,148.3,147.35,147.75,7868.0,-0.007723304231027628,25.809999465942383
2020-06-05,147.75,148.8,147.1,148.8,44297.0,0.007106598984771617,24.520000457763672
2020-06-08,146.05,146.1,144.15,145.7489,51353.0,-0.020504704301075427,25.809999465942383
2020-06-09,145.5,145.5,144.75,144.9,8100.0,-0.005824400733041468,27.56999969482422
2020-06-10,145.2,146.4,144.45,144.45,16683.0,-0.0031055900621119736,27.56999969482422
2020-06-11,140.35,140.35,140.35,140.35,31258.0,-0.028383523710626468,40.790000915527344
2020-06-12,142.3,143.5,140.8964,143.5,22735.0,0.02244389027431426,36.09000015258789
2020-06-15,138.05,140.0009,138.05,140.0009,17929.0,-0.024383972125435527,34.400001525878906
2020-06-16,142.2,143.6,141.0,142.75,281270.0,0.019636302338056355,33.66999816894531
2020-06-17,144.1,145.95,143.75,145.95,68120.0,0.02241681260945705,33.470001220703125
2020-06-18,148.53,152.85,148.53,152.1371,45206.0,0.04239191503939721,32.939998626708984
2020-06-19,152.2,154.05,152.2,154.05,24641.0,0.012573527430193021,35.119998931884766
2020-06-22,152.6,155.0632,152.6,155.0632,63190.0,0.006577085361895385,31.770000457763672
2020-06-23,159.9,159.9,155.45,155.55,54959.0,0.0031393651104840714,31.3700008392334
2020-06-24,155.8,157.65,155.8,157.1571,62772.0,0.010331726133076202,33.84000015258789
2020-06-25,154.65,154.65,153.5,153.5,22269.0,-0.023270345405966508,32.220001220703125
2020-06-26,155.75,155.75,154.4,154.4,13131.0,0.005863192182410382,34.72999954223633
2020-06-29,154.55,156.55,154.55,156.35,18288.0,0.0126295336787563,31.780000686645508
2020-06-30,157.1,157.4,157.1,157.4,15787.0,0.006715701950751551,30.43000030517578
2020-07-01,158.6,158.6,157.35,158.25,42697.0,0.005400254129606097,28.6200008392334
2020-07-02,157.75,157.75,156.85,156.85,5580.0,-0.008846761453396579,27.68000030517578
2020-07-03,157.55,159.0,157.55,158.45,180374.0,0.010200828817341412,
2020-07-06,159.85,159.85,158.15,159.5,21529.0,0.006626696118649411,27.940000534057617
2020-07-07,159.2,159.2,158.0,158.2425,17679.0,-0.007884012539184915,29.43000030517578
2020-07-08,156.65,157.7,156.65,157.7,34192.0,-0.0034282825410367757,28.079999923706055
2020-07-09,156.35,156.35,156.35,156.35,24954.0,-0.008560558021559861,29.260000228881836
2020-07-10,155.35,156.35,155.25,155.85,24615.0,-0.003197953309881707,27.290000915527344
2020-07-13,155.85,156.95,154.9,156.95,19125.0,0.0070580686557586425,32.189998626708984
2020-07-14,154.7,157.6,154.7,157.2,22374.0,0.0015928639694169355,29.520000457763672
2020-07-15,158.7,161.65,158.7,160.9,117515.0,0.023536895674300284,27.760000228881836
2020-07-16,158.9,160.75,158.85,160.75,29773.0,-0.0009322560596644047,28.0
2020-07-17,160.35,160.7,159.85,160.7,36305.0,-0.00031104199066878113,25.68000030517578
2020-07-20,160.45,162.85,160.45,162.85,72516.0,0.013378967019290533,24.459999084472656
2020-07-21,165.7,166.2887,158.3,159.35,95884.0,-0.021492170709241587,24.84000015258789
2020-07-22,160.15,161.95,159.95,161.15,175422.0,0.01129588955130223,24.31999969482422
2020-07-23,163.65,163.65,161.5184,161.5184,57269.0,0.0022860688799255513,26.079999923706055
2020-07-24,159.85,159.85,158.65,159.7,13912.0,-0.011258160061021094,25.84000015258789
2020-07-27,160.75,160.9,160.2,160.2,14421.0,0.003130870381966133,24.739999771118164
2020-07-28,160.05,160.05,159.2,159.7,8732.0,-0.003121098626716612,25.440000534057617
2020-07-29,160.5,160.5,159.55,160.45,9434.0,0.0046963055729492,24.100000381469727
2020-07-30,158.9,159.6,158.0,158.75,19701.0,-0.010595200997195353,24.760000228881836
2020-07-31,159.4,159.6,156.9,156.9,32176.0,-0.011653543307086567,24.459999084472656
2020-08-03,159.7,160.55,159.7,160.4,15075.0,0.02230720203951564,24.280000686645508
2020-08-04,158.55,159.25,158.25,158.75,7889.0,-0.010286783042394054,23.760000228881836
2020-08-05,159.6,160.15,159.25,159.25,48701.0,0.0031496062992126816,22.989999771118164
2020-08-06,159.7586,161.45,159.7,161.45,12823.0,0.013814756671899353,22.649999618530273
2020-08-07,161.6,163.2,161.6,161.6,3996.0,0.0009290802105914597,22.209999084472656
2020-08-10,160.25,161.05,159.9,161.05,12325.0,-0.0034034653465345732,22.1299991607666
2020-08-11,161.8,163.65,160.1,163.65,8869.0,0.016144054641415773,24.030000686645508
2020-08-12,164.8,166.8,164.65,166.8,13802.0,0.019248395967002674,22.280000686645508
2020-08-13,167.5,168.55,166.4,166.4,26502.0,-0.0023980815347721673,22.1299991607666
2020-08-14,165.4,165.9,164.8,164.8,196917.0,-0.009615384615384581,22.049999237060547
2020-08-17,165.0,167.8,165.0,167.1669,19151.0,0.014362257281553381,21.350000381469727
2020-08-18,166.75,166.75,166.2,166.4,36150.0,-0.004587630685261246,21.510000228881836
2020-08-19,168.35,168.5,167.6,168.5,44126.0,0.01262019230769229,22.540000915527344
2020-08-20,167.7,168.0,167.6,168.0,11835.0,-0.0029673590504450953,22.719999313354492
2020-08-21,168.0,168.0,167.25,167.25,2941.0,-0.004464285714285698,22.540000915527344
2020-08-24,169.8,169.8,168.95,169.1,41269.0,0.011061285500747253,22.3700008392334
2020-08-25,169.5,171.6,169.5,171.15,2857.0,0.012123004139562354,22.030000686645508
2020-08-26,170.45,174.6,170.45,174.1,15830.0,0.017236342389716608,23.270000457763672
2020-08-27,175.25,175.25,174.8,175.1,27661.0,0.005743825387708235,24.469999313354492
2020-08-28,174.85,175.7,174.85,175.5,4943.0,0.0022844089091946795,22.959999084472656
2020-09-01,176.1,176.55,175.75,175.75,21230.0,0.0014245014245013454,26.1200008392334
2020-09-02,178.75,179.9,177.1,177.1,8187.0,0.007681365576102328,26.56999969482422
2020-09-03,174.5,174.5,174.5,174.5,10287.0,-0.01468097120271028,33.599998474121094
2020-09-04,172.1,173.05,171.75,171.75,8821.0,-0.015759312320916874,30.75
2020-09-07,172.1,172.3,172.1,172.199,17954.0,0.0026142649199418777,
2020-09-08,170.95,172.8,170.4,172.8,117180.0,0.003490148026411344,31.459999084472656
2020-09-09,174.15,176.1,174.15,175.9,22929.0,0.01793981481481488,28.809999465942383
2020-09-10,174.55,175.35,174.55,174.9,23314.0,-0.005685048322910724,29.709999084472656
2020-09-11,175.2,175.2,174.4,174.75,3255.0,-0.0008576329331047017,26.8700008392334
2020-09-14,176.25,176.25,175.05,175.7,11639.0,0.0054363376251787,25.850000381469727
2020-09-15,175.85,176.7,175.65,176.45,13495.0,0.004268639726807022,25.59000015258789
2020-09-16,178.15,178.8,178.15,178.4,5371.0,0.011051289317087098,26.040000915527344
2020-09-17,177.15,177.65,176.85,177.65,7281.0,-0.004204035874439516,26.459999084472656
2020-09-18,177.7,178.1,177.4,177.4,29457.0,-0.0014072614691810204,25.829999923706055
2020-09-21,176.2,176.2,173.55,174.25,6269.0,-0.017756482525366435,27.780000686645508
2020-09-22,177.9,178.6,176.6,178.25,16804.0,0.022955523672883782,26.860000610351562
2020-09-23,178.4,180.8,178.25,180.8,14215.0,0.014305750350631197,28.579999923706055
2020-09-24,180.6,180.6,180.6,180.6,22766.0,-0.0011061946902656272,28.510000228881836
2020-09-25,181.0,181.0,179.05,179.45,78378.0,-0.006367663344407526,26.3799991607666
2020-09-28,179.7,179.8279,179.55,179.55,54396.0,0.0005572582892172662,26.190000534057617
2020-09-29,179.75,181.3,179.75,181.3,119764.0,0.00974658869395717,26.270000457763672
2020-09-30,180.4,180.4,179.1,179.1333,28430.0,-0.011950910093767364,26.3700008392334
2020-10-01,179.55,182.65,179.15,182.65,22207.0,0.019631749094110473,26.700000762939453
2020-10-02,182.55,182.55,180.4,181.07,14414.0,-0.008650424308787374,27.6299991607666
2020-10-05,180.7527,180.7527,180.15,180.2,2990.0,-0.004804771635279148,27.959999084472656
2020-10-06,176.95,177.4,176.6,177.1,23129.0,-0.01720310765815758,29.479999542236328
2020-10-07,179.0,180.4,177.6,180.25,24402.0,0.017786561264822254,28.059999465942383
2020-10-08,182.75,182.9,180.4,180.45,40993.0,0.0011095700416088317,26.360000610351562
2020-10-09,180.5,181.25,180.3,181.0,7412.0,0.003047935716264938,25.0
2020-10-12,181.45,183.35,181.45,183.25,10641.0,0.012430939226519389,25.06999969482422
2020-10-13,184.35,185.0,184.2,185.0,6464.0,0.009549795361528002,26.06999969482422
2020-10-14,186.35,187.2,186.35,186.8,18249.0,0.009729729729729852,26.399999618530273
2020-10-15,185.5,185.8,183.3,184.3,37249.0,-0.013383297644539605,26.969999313354492
2020-10-16,185.4,185.4,184.9,185.2,25335.0,0.004883342376559741,27.40999984741211
2020-10-19,184.35,185.5,183.95,185.5,12889.0,0.0016198704103671524,29.18000030517578
2020-10-20,187.05,188.9,187.05,187.9,18494.0,0.012938005390835672,29.350000381469727
2020-10-21,188.275,195.75,188.275,192.1,14246.0,0.02235231506120261,28.649999618530273
2020-10-22,190.05,192.55,188.45,191.25,40367.0,-0.004424778761061954,28.110000610351562
2020-10-23,190.15,190.2,187.9,188.4,17661.0,-0.014901960784313717,27.549999237060547
2020-10-26,187.65,187.65,185.5,185.5,10960.0,-0.015392781316348247,32.459999084472656
2020-10-27,186.6,187.0,186.6,186.65,14301.0,0.00619946091644219,33.349998474121094
2020-10-28,184.95,185.0277,182.5,182.5,14055.0,-0.022234128047147084,40.279998779296875
2020-10-29,182.5,184.3,182.45,182.45,3671.0,-0.0002739726027397582,37.59000015258789
2020-10-30,182.75,183.55,182.481,183.1,2534.0,0.0035626198958618183,38.02000045776367
2020-11-02,185.25,186.15,184.75,186.1,39697.0,0.016384489350081965,37.130001068115234
2020-11-03,186.45,188.05,186.1,188.05,14495.0,0.010478237506716948,35.54999923706055
2020-11-04,188.594,191.8,188.55,191.8,11520.0,0.01994150491890445,29.56999969482422
2020-11-05,192.95,194.65,191.95,194.1,10345.0,0.011991657977059367,27.579999923706055
2020-11-06,195.9,196.85,195.9,196.65,22154.0,0.013137557959814528,24.860000610351562
2020-11-09,201.1,201.1,190.05,195.05,55166.0,-0.008136282735825007,25.75
2020-11-10,190.08,190.2812,183.75,186.0,75136.0,-0.04639835939502701,24.799999237060547
2020-11-11,187.7,189.2,187.37,189.2,38253.0,0.017204301075268713,23.450000762939453
2020-11-12,190.15,192.25,190.15,190.7714,21269.0,0.008305496828752812,25.350000381469727
2020-11-13,192.15,192.2,191.5,192.15,24863.0,0.007226450086333713,23.100000381469727
2020-11-16,194.85,194.85,188.1,189.4,24680.0,-0.014311735623211086,22.450000762939453
2020-11-17,190.35,192.35,190.35,191.887,10232.0,0.013130939809925968,22.709999084472656
2020-11-18,192.0,193.75,191.65,193.75,7421.0,0.009708839056319585,23.84000015258789
2020-11-19,193.6,194.35,192.5,192.5,42559.0,-0.006451612903225823,23.110000610351562
2020-11-20,193.8,196.3,193.8,195.65,12189.0,0.016363636363636358,23.700000762939453
2020-11-23,197.9,197.9,195.0,196.15,54622.0,0.002555583950932805,22.65999984741211
2020-11-24,197.8,199.75,196.55,199.55,20246.0,0.01733367320927859,21.639999389648438
2020-11-25,199.65,200.3,199.2,199.2,7450.0,-0.0017539463793536658,21.25
2020-11-26,200.2,201.4,200.2,201.0,7441.0,0.009036144578313365,
2020-11-27,200.7,202.4,200.0,200.1,6249.0,-0.004477611940298498,20.84000015258789
2020-11-30,204.6,206.7894,204.6,205.7,14427.0,0.027986006996501667,20.56999969482422
2020-12-01,205.2,205.2,201.3,204.1,23330.0,-0.007778317938745727,20.770000457763672
2020-12-02,199.6,199.85,196.0,196.05,20729.0,-0.03944145026947565,21.170000076293945
2020-12-03,195.85,196.7,194.6167,195.65,8678.0,-0.0020402958428972218,21.280000686645508
2020-12-04,195.55,196.3,192.6,194.2,24201.0,-0.007411193457705134,20.790000915527344
2020-12-07,194.25,195.25,194.25,194.3,2465.0,0.000514933058702427,21.299999237060547
2020-12-08,195.3,196.6,195.2,196.6,6958.0,0.011837364899639713,20.68000030517578
2020-12-09,196.75,197.1,196.75,197.1,4599.0,0.0025432349949134903,22.270000457763672
2020-12-10,197.2,197.65,195.2,196.5,13398.0,-0.0030441400304414,22.520000457763672
2020-12-11,196.0542,199.0,196.0542,199.0,13986.0,0.012722646310432628,23.309999465942383
2020-12-14,199.5,200.4,197.65,200.0,5891.0,0.005025125628140614,24.719999313354492
2020-12-15,199.65,200.1,199.0,199.0,3260.0,-0.0050000000000000044,22.889999389648438
2020-12-16,198.85,201.4,198.4,198.4,116188.0,-0.0030150753768843908,22.5
2020-12-17,203.0,203.7,202.0,202.0,205835.0,0.01814516129032251,21.93000030517578
2020-12-18,203.557,204.9,202.6,203.7584,59325.0,0.00870495049504938,21.56999969482422
2020-12-21,203.1,203.4,200.0,200.0,54628.0,-0.018445374521982916,25.15999984741211
2020-12-22,199.75,201.4,199.65,200.0,11897.0,0.0,24.229999542236328
2020-12-23,200.1,200.4,198.7,198.85,6339.0,-0.005750000000000033,23.309999465942383
2020-12-29,203.3,204.3,200.6,202.0204,7706.0,0.01594367613779224,23.079999923706055
2020-12-30,201.9,202.1116,200.8,200.8,3262.0,-0.006040974079845274,22.770000457763672
2021-01-04,202.6,203.5,202.1,203.0,415.0,0.010956175298804771,26.969999313354492
2021-01-05,201.9,203.1,201.9,202.3,9149.0,-0.0034482758620688614,25.34000015258789
2021-01-06,203.0,203.0,195.1,196.35,18884.0,-0.02941176470588247,25.06999969482422
2021-01-07,198.75,201.0,198.75,199.5071,38360.0,0.016078940667175967,22.3700008392334
2021-01-08,201.7,203.0,201.2,201.75,6252.0,0.01124220641771645,21.559999465942383
2021-01-11,202.6,202.6,198.65,199.05,184830.0,-0.013382899628252787,24.079999923706055
2021-01-12,202.4,204.9,201.3,202.0333,13937.0,0.014987691534790182,23.329999923706055
2021-01-13,206.1,207.9,206.1,206.6,20284.0,0.022603699489143647,22.209999084472656
2021-01-14,206.5173,207.8,206.5173,207.8,13305.0,0.0058083252662148865,23.25
2021-01-15,207.2,207.2,202.1,202.1,5755.0,-0.027430221366698815,24.34000015258789
2021-01-18,203.7,205.2,201.8,204.0,1338.0,0.009401286491835803,
2021-01-19,202.1,202.7,201.6,201.8,40694.0,-0.010784313725490158,23.239999771118164
2021-01-20,202.7,204.3,202.7,203.1371,34178.0,0.006625867195242829,21.579999923706055
2021-01-21,205.4,207.6,205.4,207.6,2996.0,0.021969891270476882,21.31999969482422
2021-01-22,206.4,207.05,205.0,207.05,32533.0,-0.0026493256262041243,21.90999984741211
2021-01-25,206.2348,206.6,203.8,204.3,43657.0,-0.013281815986476708,23.190000534057617
2021-01-26,205.1571,206.3,204.7,205.4,36730.0,0.00538423886441497,23.020000457763672
2021-01-27,204.6,206.7,204.2,206.0,16889.0,0.0029211295034079487,37.209999084472656
2021-01-28,204.35,208.2,202.5,207.9796,14004.0,0.009609708737864153,30.209999084472656
2021-01-29,205.5,205.9,203.0,203.5697,13191.0,-0.021203521883877086,33.09000015258789
2021-02-01,204.5,205.3,204.5,205.0,111705.0,0.007026094747892175,30.239999771118164
2021-02-02,207.2,207.7,206.5,207.7,8659.0,0.013170731707317085,25.559999465942383
2021-02-03,207.1,208.3,206.9,207.4,4467.0,-0.001444390948483254,22.90999984741211
2021-02-04,205.2,205.2,202.5,202.7,8173.0,-0.022661523625843838,21.770000457763672
2021-02-05,205.2,205.2,202.7,202.7,7955.0,0.0,20.8700008392334
2021-02-08,204.7,205.5,203.9,205.5,26872.0,0.013813517513566964,21.239999771118164
2021-02-09,205.0,208.0,205.0,208.0,11046.0,0.012165450121654597,21.6299991607666
2021-02-10,207.3,207.3,203.9,203.9,10346.0,-0.01971153846153839,21.989999771118164
2021-02-11,204.95,205.5,203.4,203.8,4894.0,-0.0004904364884746881,21.25
2021-02-12,204.0,207.6,204.0,207.6,11544.0,0.018645731108930308,19.969999313354492
2021-02-15,209.2,210.5,209.2,210.0,20370.0,0.011560693641618602,
2021-02-16,210.4467,211.3,210.4467,210.7,64675.0,0.0033333333333331883,21.459999084472656
2021-02-17,211.0,211.1,207.7,207.9,21199.0,-0.013289036544850363,21.5
2021-02-18,209.8,210.1,206.4,206.7,17964.0,-0.005772005772005873,22.489999771118164
2021-02-19,208.1,211.0,208.1,211.0,27566.0,0.020803096274794486,22.049999237060547
2021-02-22,211.4,215.3,210.1,214.7,37299.0,0.017535545023696697,23.450000762939453
2021-02-23,215.8377,215.8377,208.8,210.3,21442.0,-0.020493712156497312,23.110000610351562
2021-02-24,211.2,215.9,210.6,213.2,15601.0,0.013789824060865374,21.34000015258789
2021-02-25,215.6,215.6,215.2,215.4,37290.0,0.010318949343339767,28.889999389648438
2021-02-26,215.7,216.9187,215.0,215.7,90806.0,0.0013927576601671099,27.950000762939453
2021-03-01,218.0,221.2,218.0,220.9,23576.0,0.024107556791840512,23.350000381469727
2021-03-02,222.3,226.2,221.4,224.9,53823.0,0.018107741059302906,24.100000381469727
2021-03-03,229.9207,236.0,229.9207,236.0,123370.0,0.04935526900844822,26.670000076293945
2021-03-04,238.8,245.5,238.8,245.5,34298.0,0.0402542372881356,28.56999969482422
2021-03-05,243.3,243.3,239.0,240.2,11138.0,-0.021588594704684327,24.65999984741211
2021-03-08,240.3,244.1,240.3,244.1,41375.0,0.016236469608659432,25.469999313354492
2021-03-09,245.1,248.3,245.1,248.3,13302.0,0.01720606308889816,24.030000686645508
2021-03-10,248.2,250.1,248.0,248.5,10126.0,0.0008054772452676939,22.559999465942383
2021-03-11,250.0,253.2,250.0,252.1,5159.0,0.014486921529174968,21.90999984741211
2021-03-12,251.9,251.9,250.5,251.3,19243.0,-0.00317334391114632,20.690000534057617
2021-03-15,251.8,254.7,251.8,251.9,8515.0,0.0023875845602865375,20.030000686645508
2021-03-16,253.0,258.5,253.0,258.5,39525.0,0.026200873362445476,19.790000915527344
2021-03-17,255.5,260.2,255.5,259.7799,15023.0,0.004951257253384966,19.229999542236328
2021-03-18,265.0,270.7,262.3,269.9,17513.0,0.038956439662960696,21.579999923706055
2021-03-19,269.4,269.4,264.7,267.9667,42871.0,-0.007163023341978381,20.950000762939453
2021-03-22,267.6,272.8,267.3,270.8,13891.0,0.010573328700916873,18.8799991607666
2021-03-23,271.5,273.5,268.0,268.1,5047.0,-0.009970457902511054,20.299999237060547
2021-03-24,267.8,273.3,267.2,267.2,44928.0,-0.0033569563595674534,21.200000762939453
2021-03-25,268.5,274.1001,268.5,269.1,37665.0,0.007110778443113919,19.809999465942383
2021-03-26,269.4,269.4,264.3,267.3,7068.0,-0.006688963210702337,18.860000610351562
2021-03-29,266.0,269.3,266.0,267.8,23394.0,0.0018705574261130842,20.739999771118164
2021-03-30,268.9,272.7,268.9,271.9,41874.0,0.01530993278566073,19.610000610351562
2021-03-31,273.1,273.1,269.7,269.7,37685.0,-0.00809121000367774,19.399999618530273
2021-04-01,271.5,276.0,271.5,274.3,18839.0,0.017055988134964783,17.329999923706055
2021-04-06,276.0,276.2,272.2,274.3,54969.0,0.0,18.1200008392334
2021-04-07,272.0,275.2,267.9,269.6,26055.0,-0.017134524243528904,17.15999984741211
2021-04-08,270.1001,273.2,270.1001,272.6,13050.0,0.011127596439169052,16.950000762939453
2021-04-09,272.0,275.9,270.8,275.9,41023.0,0.012105649303007837,16.690000534057617
2021-04-12,274.0,275.5,272.9,275.0,123875.0,-0.0032620514679231327,16.90999984741211
2021-04-13,278.0,280.9,274.2,279.3546,7269.0,0.01583490909090912,16.649999618530273
2021-04-14,278.0,281.0,277.7,278.6,9700.0,-0.002701226326682904,16.989999771118164
2021-04-15,278.6,282.7,278.6,281.8999,17670.0,0.011844580043072428,16.56999969482422
2021-04-16,281.1,284.7,281.1,283.7,20794.0,0.006385599994891855,16.25
2021-04-19,285.0,286.4,265.0,283.5034,18366.0,-0.0006929855481141445,17.290000915527344
2021-04-20,283.0,288.5428,282.9,283.0,40574.0,-0.0017756400805070127,18.68000030517578
2021-04-21,283.0,286.1,280.4,284.5833,45270.0,0.005594699646643164,17.5
2021-04-22,285.0,288.7,284.9191,287.8,29001.0,0.011303193124825084,18.709999084472656
2021-04-23,287.8,292.3,287.8,292.3,14264.0,0.015635858234885447,17.329999923706055
2021-04-26,297.0,301.0,282.2,284.6,36651.0,-0.026342798494697228,17.639999389648438
2021-04-27,270.6,278.3417,270.6,271.9055,63174.0,-0.04460470836261421,17.559999465942383
2021-04-28,281.0,282.5,273.9,279.1,97433.0,0.026459560398741422,17.280000686645508
2021-04-29,274.0,277.8,272.8,275.4587,129900.0,-0.013046578287352228,17.610000610351562
2021-04-30,271.6725,276.2,271.6725,272.959,70847.0,-0.009074681612887936,18.610000610351562
2021-05-04,276.0,277.5,272.8,274.3739,13096.0,0.005183562366509298,19.479999542236328
2021-05-05,275.2,282.9,275.2,278.9704,5853.0,0.016752686753368273,19.149999618530273
2021-05-06,280.0,280.0,276.6,278.1902,41253.0,-0.0027967124827579237,18.389999389648438
2021-05-07,278.0,279.2,271.1783,277.4484,20605.0,-0.002666520962995911,16.690000534057617
2021-05-10,281.0,281.2,279.1,280.6421,15823.0,0.011510969246894431,19.65999984741211
2021-05-11,277.0,277.0,274.4,274.9233,20049.0,-0.02037755561264698,21.84000015258789
2021-05-12,279.6,279.6,276.0,276.5,13188.0,0.005735054104181181,27.59000015258789
2021-05-14,280.9,283.2018,280.9,283.1,25093.0,0.02386980108499115,18.809999465942383
2021-05-17,283.3,286.7313,283.3,286.5,3567.0,0.01200989049805723,19.719999313354492
2021-05-18,287.5,292.7,287.5,287.5,8766.0,0.003490401396160525,21.34000015258789
2021-05-19,287.0,290.6404,285.9,290.2435,26269.0,0.009542608695652044,22.18000030517578
2021-05-20,290.9,294.5,290.9,293.0,6888.0,0.00949719804233351,20.670000076293945
2021-05-21,293.3,297.0703,293.3,296.2629,39078.0,0.011136177474402764,20.149999618530273
2021-05-25,294.8,297.0,294.8,296.1781,19266.0,-0.0002862322619539004,18.84000015258789
2021-05-26,296.5,304.1,296.5,303.7147,17939.0,0.025446175797603,17.360000610351562
2021-05-27,303.0,304.4,298.0,301.5,29769.0,-0.007292040852813542,16.739999771118164
2021-05-28,304.0,304.0,301.0,303.8544,8911.0,0.007808955223880698,16.760000228881836
2021-06-01,301.4,305.1,301.4,303.0328,4207.0,-0.0027039266174851972,17.899999618530273
2021-06-02,301.9,306.6,301.9,305.3083,4191.0,0.007509088125113639,17.479999542236328
2021-06-03,307.0,310.9,305.6,310.3,10764.0,0.016349702906865105,18.040000915527344
2021-06-04,312.1,315.2,312.1,313.2667,11600.0,0.009560747663551306,16.420000076293945
2021-06-07,313.2,319.2,313.2,317.0489,10323.0,0.012073418591889817,16.420000076293945
2021-06-08,317.0,317.0,314.3,314.5,6948.0,-0.00803945385080973,17.06999969482422
2021-06-09,314.5,318.0,314.5,318.0,9335.0,0.0111287758346581,17.889999389648438
2021-06-10,317.0,319.1,316.0,316.9108,3134.0,-0.0034251572327044233,16.100000381469727
2021-06-11,316.9,320.4,316.9,318.7,19429.0,0.0056457526849826856,15.649999618530273
2021-06-14,320.0,320.0,316.4,318.8,111230.0,0.00031377470975857413,16.389999389648438
2021-06-15,318.6,322.4,318.6,318.6,4171.0,-0.0006273525721455231,17.020000457763672
2021-06-16,318.3,321.3,318.3,319.5,4450.0,0.0028248587570620654,18.149999618530273
2021-06-17,318.9,318.9,310.1,313.6471,18960.0,-0.018318935837245642,17.75
2021-06-18,313.0,314.3,310.5612,313.1169,37574.0,-0.0016904348868522767,20.700000762939453
2021-06-21,307.6,317.9,307.6,315.0209,17725.0,0.006080796022188473,17.889999389648438
2021-06-22,320.0,320.0,317.2,320.0,17326.0,0.015805617976458075,16.65999984741211
2021-06-23,320.0,323.2,315.5,320.3289,9017.0,0.0010278124999998361,16.31999969482422
2021-06-24,317.1552,319.7,317.1552,317.1552,2736.0,-0.009907629314744981,15.970000267028809
2021-06-25,317.0,318.3,314.1,316.3449,9731.0,-0.0025549005660320256,15.619999885559082
2021-06-28,315.7,317.7,315.7,316.9726,2662.0,0.0019842267095186994,15.760000228881836
2021-06-29,317.0,318.5,315.4,317.6476,16730.0,0.0021295216053376365,16.020000457763672
2021-06-30,320.0,321.0,316.6,316.6,20311.0,-0.0032979943811947132,15.829999923706055
2021-07-01,315.0,319.9,313.7,315.5909,18692.0,-0.003187302590019092,15.479999542236328
2021-07-02,317.3,321.9,317.3,319.7957,7283.0,0.013323578087961474,15.069999694824219
2021-07-05,320.7,322.6,320.7,321.5594,12095.0,0.005515083536145049,
2021-07-06,317.0,321.5875,316.7,317.3,16953.0,-0.013246075219694897,16.440000534057617
2021-07-07,320.0,321.3,318.1,320.0043,30840.0,0.008522849038764546,16.200000762939453
2021-07-08,317.0,320.7,311.0,312.261,3068.0,-0.024197487346263702,19.0
2021-07-09,310.35,315.2,310.35,314.6,8031.0,0.007490528756392889,16.18000030517578
2021-07-12,314.1,320.7,314.1,317.8459,10456.0,0.010317546090273133,16.170000076293945
2021-07-13,320.0,320.5562,317.6,319.5643,14497.0,0.005406393475580584,17.1200008392334
2021-07-14,320.0,326.3,319.5,319.8558,45418.0,0.0009121794893860447,16.329999923706055
2021-07-15,319.5521,322.1,319.5521,319.8301,7794.0,-8.034870713602427e-05,17.010000228881836
2021-07-16,317.0,321.0,312.3,313.8008,12581.0,-0.018851571506246723,18.450000762939453
2021-07-19,309.8,312.8,309.8,310.107,17804.0,-0.011771161832601962,22.5
2021-07-20,315.0,325.0884,311.2,312.7273,18792.0,0.008449664148181046,19.729999542236328
2021-07-21,313.0,315.8105,309.2,309.4,20040.0,-0.010639621165149382,17.90999984741211
2021-07-22,309.0,311.4,299.4,302.1576,34940.0,-0.023407886231415542,17.690000534057617
2021-07-23,301.7,308.0,301.7,302.4023,18189.0,0.0008098422809819095,17.200000762939453
2021-07-26,309.0,309.8,306.5,307.7,28906.0,0.017518715962147047,17.579999923706055
2021-07-27,307.0,309.7,305.9756,309.0143,24406.0,0.0042713682157946575,19.360000610351562
2021-07-28,305.3,307.3,305.3,306.5135,6632.0,-0.008092829360971221,18.309999465942383
2021-07-29,305.0,307.1,299.4,302.2789,16015.0,-0.013815378441732529,17.700000762939453
2021-07-30,302.2,308.2,302.2,305.7858,17157.0,0.011601537520481875,18.239999771118164
2021-08-02,303.0,307.1,302.6,304.4652,13341.0,-0.004318709371069596,19.459999084472656
2021-08-03,305.0,307.4,304.0567,305.9,4517.0,0.0047125254380466775,18.040000915527344
2021-08-04,305.1838,307.0,305.1838,305.2305,6047.0,-0.00218862373324602,17.969999313354492
2021-08-05,305.0,305.7,303.9,304.6,11756.0,-0.002065652023634512,17.280000686645508
2021-08-06,305.0,307.3192,303.2543,303.2543,3762.0,-0.004417925147734758,16.149999618530273
2021-08-09,303.1,304.7,303.1,303.7216,4514.0,0.0015409509444714864,16.719999313354492
2021-08-10,303.3,305.9,303.3,304.6,20853.0,0.0028921222593323304,16.790000915527344
2021-08-11,305.0,309.5,305.0,309.2643,10494.0,0.015312869336835178,16.170000076293945
2021-08-12,311.0,315.0168,309.7,313.7314,13833.0,0.01444427953695282,15.59000015258789
2021-08-13,315.0,315.1,312.875,314.3924,13724.0,0.002106897811312569,15.449999809265137
2021-08-16,313.0,314.8315,310.7,314.8315,18789.0,0.0013966622602836765,16.1200008392334
2021-08-17,317.0,333.4,315.4,328.6881,44963.0,0.04401274967720825,17.90999984741211
2021-08-18,330.0,330.9,326.4,328.4882,38178.0,-0.0006081753492140907,21.56999969482422
2021-08-19,324.0,325.9,318.7,325.7408,3426.0,-0.008363770753409216,21.670000076293945
2021-08-20,326.0,327.3,321.5104,322.1957,11940.0,-0.010883193017270143,18.559999465942383
2021-08-23,324.45,328.3,324.45,328.2,10145.0,0.018635568382818324,17.149999618530273
2021-08-24,328.0,330.5,327.7,329.0746,31339.0,0.0026648385131016195,17.219999313354492
2021-08-25,328.0,331.6,327.4,328.3474,8187.0,-0.002209833271847761,16.790000915527344
2021-08-26,327.9,327.9,324.8,326.5,7904.0,-0.005626357936746262,18.84000015258789
2021-08-27,328.0,332.4,326.6,331.2966,15839.0,0.014690964777948068,16.389999389648438
2021-08-31,338.0,343.1,335.1,335.4385,23602.0,0.012502090271979682,16.479999542236328
2021-09-01,332.5617,337.3,332.5617,333.6236,22932.0,-0.005410529799053987,16.110000610351562
2021-09-02,336.0,341.0,336.0,340.5574,10614.0,0.020783301900704654,16.40999984741211
2021-09-03,340.0,340.0,336.6,339.2829,12036.0,-0.003742394086870493,16.40999984741211
2021-09-06,338.6,343.1,338.6,341.9184,8868.0,0.00776785390598822,
2021-09-07,342.5,347.5,342.5,347.5,18160.0,0.016324362771936274,18.139999389648438
2021-09-08,346.0,346.8,341.8,342.7892,15796.0,-0.01355625899280577,17.959999084472656
2021-09-09,344.0,346.1,340.1,344.1126,12970.0,0.0038606817250952385,18.799999237060547
2021-09-10,344.0,346.2,340.5829,340.6511,57833.0,-0.010059207364101153,20.950000762939453
2021-09-13,340.0,342.7,337.6,339.3,13909.0,-0.0039662282024041096,19.3700008392334
2021-09-14,348.0,350.0,343.5,344.0,18426.0,0.013852048334807021,19.459999084472656
2021-09-15,347.5,356.2,347.5,355.116,52141.0,0.03231395348837207,18.18000030517578
2021-09-16,358.0,364.0,356.3,360.8,40706.0,0.016006037463814682,18.690000534057617
2021-09-17,363.0,363.8,354.6,356.0715,58591.0,-0.01310559866962302,20.809999465942383
2021-09-20,354.0,355.5,346.2805,347.4403,41700.0,-0.02424007537811934,25.709999084472656
2021-09-21,350.3,356.1,350.3,355.5759,13815.0,0.023415821365569967,24.360000610351562
2021-09-22,352.0,354.7,350.5,352.0155,12657.0,-0.010013052065677153,20.8700008392334
2021-09-23,352.8,357.0,352.8,355.2,9457.0,0.009046476646624946,18.6299991607666
2021-09-24,354.0,355.0,347.6,349.6569,26847.0,-0.0156055743243243,17.75
2021-09-27,350.0,350.3,335.0,335.8196,15116.0,-0.039573936621871364,18.760000228881836
2021-09-28,333.7,333.7,322.9,332.5,29682.0,-0.009885069245511469,23.25
2021-09-29,324.9,333.0,324.9,331.0875,33061.0,-0.004248120300751945,22.559999465942383
2021-09-30,330.1,330.1,317.6,319.4479,34284.0,-0.03515566126779168,23.139999389648438
2021-10-01,313.0,317.2,311.5,313.809,28674.0,-0.017652017746868864,21.100000381469727
2021-10-04,309.0,312.6,295.0,301.1238,60195.0,-0.040423314818886724,22.959999084472656
2021-10-05,295.3,300.0,295.3,297.13,235121.0,-0.013262983530362038,21.299999237060547
2021-10-06,298.7,298.7,291.6,294.245,342912.0,-0.009709554740349291,21.0
2021-10-07,299.0,301.0,293.0,297.2083,64224.0,0.010070859317915293,19.540000915527344
2021-10-08,302.1,302.1,295.7,299.1085,44019.0,0.006393495740192989,18.770000457763672
2021-10-11,297.4,297.4,288.6,295.2755,53802.0,-0.012814747825621753,20.0
2021-10-12,293.0,300.6,291.6,295.9445,33825.0,0.0022656806948087027,19.850000381469727
2021-10-13,295.0,301.2,294.8,296.8,94574.0,0.0028907447173371903,18.639999389648438
2021-10-14,299.0,299.6,294.6853,297.4515,18275.0,0.002195080862533727,16.860000610351562
2021-10-15,295.0,296.2,286.6857,288.0589,20653.0,-0.03157691253868278,16.299999237060547
2021-10-18,291.3,291.3,284.5,289.6682,38608.0,0.005586704663525399,16.309999465942383
2021-10-19,291.0,297.7,290.7,291.3676,36331.0,0.005866712328104873,15.699999809265137
2021-10-20,308.9,308.9,283.3,288.6,56049.0,-0.009498653934068013,15.489999771118164
2021-10-21,289.0,296.4,286.4,293.946,69305.0,0.018523908523908617,15.010000228881836
2021-10-22,293.0,297.7,291.2,296.062,20277.0,0.007198601103604041,15.430000305175781
2021-10-25,297.8,297.8,289.4,292.7935,73590.0,-0.01103991731461662,15.239999771118164
2021-10-26,291.0,293.3,286.4,287.91,27344.0,-0.016678990483053657,15.979999542236328
2021-10-27,285.5,292.7,285.5,290.5,39218.0,0.00899586676391917,16.979999542236328
2021-10-28,291.0,293.2,288.1,292.0,4997.0,0.005163511187607606,16.530000686645508
2021-10-29,289.0,292.4,285.7,287.4287,23803.0,-0.015655136986301388,16.260000228881836
2021-11-01,289.0,291.2,287.6,288.8289,37499.0,0.004871468993875583,16.40999984741211
2021-11-02,289.0,294.2,286.697,291.6689,69243.0,0.00983281105180267,16.030000686645508
2021-11-03,291.0,295.0,289.9,292.7293,23792.0,0.0036356293043242616,15.100000381469727
2021-11-04,293.0,303.7,293.0,300.3936,31928.0,0.026182209980346816,15.4399995803833
2021-11-05,302.1,302.1,288.1,300.6772,42127.0,0.0009440946811118955,16.479999542236328
2021-11-08,293.0,295.4,288.9,293.9387,29787.0,-0.022411077394628,17.219999313354492
2021-11-09,293.0,301.8,292.7,301.1594,40296.0,0.024565326035666635,17.780000686645508
2021-11-10,297.0,300.9,285.7,290.018,33290.0,-0.0369950265540443,18.729999542236328
2021-11-11,291.0,298.2,290.2,296.1129,17568.0,0.021015592135660732,17.65999984741211
2021-11-12,295.0,298.6,295.0,296.5994,34536.0,0.0016429544271796548,16.290000915527344
2021-11-15,295.0,297.5,294.4,295.4295,10782.0,-0.0039443775004264214,16.489999771118164
2021-11-16,295.0,296.1,290.2,292.7808,18003.0,-0.008965590775464216,16.3700008392334
2021-11-17,289.0,289.6,285.9,287.3984,20095.0,-0.01838371915098269,17.110000610351562
2021-11-18,289.0,290.1,284.1,286.325,22520.0,-0.003734885093305995,17.59000015258789
2021-11-19,289.8,294.4,289.8,292.3441,34423.0,0.021021915655286882,17.90999984741211
2021-11-22,291.0,292.9,283.9,285.239,17434.0,-0.02430389393868404,19.170000076293945
2021-11-23,283.0,283.9,266.0,268.0,73358.0,-0.06043703701106784,19.3799991607666
2021-11-24,268.0,271.6,264.2,268.8,37568.0,0.0029850746268658135,18.579999923706055
2021-11-25,272.0,273.1,267.0,271.6122,16128.0,0.010462053571428376,
2021-11-26,262.0,273.9,261.8,268.6329,85565.0,-0.010968947639317994,28.6200008392334
2021-11-29,268.0,271.2,266.1,268.5,58813.0,-0.0004947271908988249,22.959999084472656
2021-11-30,267.7,267.7,262.6,266.457,94697.0,-0.0076089385474860105,27.190000534057617
2021-12-01,264.8,270.4,264.8,265.7602,91305.0,-0.002615056087849066,31.1200008392334
2021-12-02,264.0,268.3,259.4,261.976,97278.0,-0.014239152438928038,27.950000762939453
2021-12-03,264.0,267.3,261.3,261.6309,129116.0,-0.0013172962408770639,30.670000076293945
2021-12-06,262.0,269.5,260.2,265.1015,128081.0,0.01326525268995371,27.18000030517578
2021-12-07,267.0,275.0,267.0,273.8476,169656.0,0.03299151457083416,21.889999389648438
2021-12-08,274.2,280.1,274.2,277.9467,256511.0,0.014968544548135565,19.899999618530273
2021-12-09,275.4,278.7,275.4,277.5,348501.0,-0.001607142664402983,21.579999923706055
2021-12-10,278.0,280.3,275.4,277.6833,26345.0,0.000660540540540433,18.690000534057617
2021-12-13,278.7,284.2,278.7,282.8,60316.0,0.018426387182808757,20.309999465942383
2021-12-14,285.0,286.2,275.1,279.7863,92812.0,-0.010656647807637976,21.889999389648438
2021-12-15,276.7,282.6,276.7,280.6281,27244.0,0.0030087248732337812,19.290000915527344
2021-12-16,283.4,289.9,283.4,289.1483,66172.0,0.030361179083634227,20.56999969482422
2021-12-17,285.0,289.1,277.4,277.7125,35747.0,-0.03954994720702154,21.56999969482422
2021-12-20,276.0,286.3909,274.4,283.1291,132727.0,0.019504343520727385,22.8700008392334
2021-12-21,289.0,289.2,283.9242,286.2855,49030.0,0.011148271230332796,21.010000228881836
2021-12-22,286.0,289.4,286.0,288.4376,20188.0,0.007517320995998666,18.6299991607666
2021-12-23,291.0,291.0,288.2,289.5,6962.0,0.003683292330819654,17.959999084472656
2021-12-29,297.0,297.6,294.5,297.4,24288.0,0.02728842832469769,16.950000762939453
2021-12-30,298.5,298.5,294.4,294.9587,56294.0,-0.008208809683927232,17.329999923706055
2022-01-04,291.2,295.2,291.2,293.5032,45509.0,-0.004934589147565505,16.90999984741211
2022-01-05,293.0,298.5,292.7,297.2447,27484.0,0.012747731540916796,19.729999542236328
2022-01-06,296.1,296.1,290.2,294.3142,22876.0,-0.009858880578863083,19.610000610351562
2022-01-07,295.0,295.6,292.5,293.1176,18680.0,-0.004065722958661366,18.760000228881836
2022-01-10,293.0,294.0,270.6,272.5,46464.0,-0.07033900386738967,19.399999618530273
2022-01-11,272.0,278.0,270.0,271.1,44685.0,-0.00513761467889895,18.40999984741211
2022-01-12,274.0,278.8,273.7589,273.7589,20148.0,0.00980781999262259,17.6200008392334
2022-01-13,274.3,274.3,270.1,270.3,31676.0,-0.012634840365007172,20.309999465942383
2022-01-14,270.2,270.2,259.4,260.407,28369.0,-0.03660007399186105,19.190000534057617
2022-01-17,262.0,265.8,257.4,263.3696,47334.0,0.011376806307050069,
2022-01-18,264.0,267.2,257.3,264.2036,36209.0,0.0031666524914037986,22.790000915527344
2022-01-19,265.8729,265.8729,261.7,263.3201,48056.0,-0.0033440119665287815,23.850000381469727
2022-01-20,268.0,272.1,261.9,264.8175,249753.0,0.005686614884317542,25.59000015258789
2022-01-21,268.0,268.0,259.0,261.3392,24694.0,-0.013134705976757588,28.850000381469727
2022-01-24,258.0,259.8,246.3,249.9,27010.0,-0.043771466354836974,29.899999618530273
2022-01-25,252.0,254.3,246.8,250.0361,20385.0,0.0005446178471388841,31.15999984741211
2022-01-26,254.8,262.4,254.8,258.4019,178992.0,0.033458368611572586,31.959999084472656
2022-01-27,252.0,255.5,248.9,251.1334,42678.0,-0.02812866314063489,30.489999771118164
2022-01-28,257.9,257.9,249.8,253.6363,23020.0,0.009966416255265065,27.65999984741211
2022-01-31,260.0,261.9,257.1,260.5145,78311.0,0.027118358058369374,24.829999923706055
2022-02-01,265.3,265.3,261.6,263.1353,66713.0,0.010060092624402772,21.959999084472656
2022-02-02,266.0,266.8,260.8,262.9,27855.0,-0.0008942167774524945,22.09000015258789
2022-02-03,262.0,264.3,256.0,258.8,144981.0,-0.01559528337770999,24.350000381469727
2022-02-04,262.6,262.6,253.7,255.747,49895.0,-0.011796754250386399,23.219999313354492
2022-02-07,253.7,258.098,253.7,256.7257,28071.0,0.0038268288582075094,22.860000610351562
2022-02-08,256.0,257.8,251.0,252.2621,30398.0,-0.017386650421052585,21.440000534057617
2022-02-09,257.2,266.4,257.2,263.7641,53744.0,0.045595434272528435,19.959999084472656
2022-02-10,264.0,266.7,260.5,263.5573,40422.0,-0.0007840339151536924,23.90999984741211
2022-02-11,261.4,261.4,256.6096,259.16,7542.0,-0.01668441739234683,27.360000610351562
2022-02-14,254.0,254.1,251.3,252.9308,64057.0,-0.024036116684673647,28.329999923706055
2022-02-15,254.0,258.4,252.6,252.6,22252.0,-0.0013078676064758321,25.700000762939453
2022-02-16,257.7,257.7,253.308,255.5285,18627.0,0.011593428345209933,24.290000915527344
2022-02-17,256.0,259.1,252.1,254.9801,24002.0,-0.002146140254413953,28.110000610351562
2022-02-18,252.0,253.6,247.7,248.7,14158.0,-0.024629765224815636,27.75
2022-02-21,250.0,251.0,241.58,244.2213,31627.0,-0.018008443908323235,
2022-02-22,240.0,246.2,237.0,244.5213,30858.0,0.0012283940835626783,28.809999465942383
2022-02-23,242.0,243.8,236.6,238.6039,23762.0,-0.024199936774424113,31.020000457763672
2022-02-24,227.0,239.4,223.8,235.8958,119143.0,-0.011349772572870731,30.31999969482422
2022-02-25,240.0,246.6,234.2287,246.0,60139.0,0.04283331877888452,27.59000015258789
2022-02-28,242.0,251.8,240.5,251.4,195687.0,0.02195121951219514,30.149999618530273
2022-03-01,250.0,256.3,245.7,255.8,187628.0,0.017501988862370643,33.31999969482422
2022-03-02,262.0,271.1,255.3,261.6772,145051.0,0.02297576231430809,30.739999771118164
2022-03-03,256.0,262.6,255.7233,259.0768,49152.0,-0.009937434365699604,30.479999542236328
2022-03-04,256.0,268.0,253.8,262.4302,91106.0,0.01294365222976368,31.979999542236328
2022-03-07,260.0,276.2,258.9,271.468,52607.0,0.034438871745706034,36.45000076293945
2022-03-08,268.0,276.3,252.4798,266.2074,44861.0,-0.019378342935447268,35.130001068115234
2022-03-09,256.0,265.5,254.8,262.5068,63770.0,-0.013901191326762596,32.45000076293945
2022-03-10,268.0,268.5,260.1,263.6607,50985.0,0.0043956956543602654,30.229999542236328
2022-03-11,260.0,263.7,256.7,260.7417,52695.0,-0.011071046993351819,30.75
2022-03-14,260.0,266.1,257.7,263.35,36879.0,0.010003386493223188,31.770000457763672
2022-03-15,262.0,274.1,259.0,269.5401,88804.0,0.023505221188532266,29.829999923706055
2022-03-16,281.0,285.8,281.0,284.4,36467.0,0.05513057240833552,26.670000076293945
2022-03-17,287.0,294.1,286.4,288.5211,36844.0,0.014490506329113861,25.670000076293945
2022-03-18,287.0,293.444,285.6,293.4,108141.0,0.016910028417332246,23.8700008392334
2022-03-21,291.0,293.4,290.4,291.0974,35360.0,-0.007847989093387797,23.530000686645508
2022-03-22,293.0,293.8,286.9,287.5812,12763.0,-0.012079118535582856,22.940000534057617
2022-03-23,287.0,288.5,280.686,283.203,18599.0,-0.015224221889330924,23.56999969482422
2022-03-24,283.0,284.2,278.4,279.45,15427.0,-0.01325197826294211,21.670000076293945
2022-03-25,278.0,279.7,271.3,274.8209,159023.0,-0.016565038468420057,20.809999465942383
2022-03-28,276.0,285.0,275.0,284.2,70882.0,0.034128044846661876,19.6299991607666
2022-03-29,281.0,281.7,270.7,274.8389,45771.0,-0.03293842364532007,18.899999618530273
2022-03-30,270.0865,276.3,270.0865,272.72,35389.0,-0.007709607337243685,19.329999923706055
2022-03-31,268.0,272.1,262.6,264.4694,99384.0,-0.03025300674684661,20.559999465942383
2022-04-01,263.5,265.3,260.0,262.2752,95103.0,-0.008296612008799609,19.6299991607666
2022-04-04,262.7,264.2,254.0,256.4279,30241.0,-0.022294521174704873,18.56999969482422
2022-04-05,260.6,260.6,250.9,254.2,31441.0,-0.008688212164121079,21.030000686645508
2022-04-06,253.9,255.1,240.8,245.5,69252.0,-0.03422501966955149,22.100000381469727
2022-04-07,245.5,251.3,245.0,248.2,45831.0,0.010997963340122263,21.549999237060547
2022-04-08,252.1,257.2,251.3,256.9,332677.0,0.03505237711522957,21.15999984741211
2022-04-11,257.2,259.2,249.3,254.146,19955.0,-0.010720124562086375,24.3700008392334
2022-04-12,252.3,257.5,249.3,255.4677,22410.0,0.005200554012260827,24.260000228881836
2022-04-13,256.8,257.4,253.5,256.0,10078.0,0.002083629359014738,21.81999969482422
2022-04-14,256.2,263.7,255.8,257.7043,163895.0,0.006657421874999958,22.700000762939453
2022-04-19,264.4,267.2,260.4,266.5522,108390.0,0.03433353653780724,21.3700008392334
2022-04-20,268.1,273.2,265.6,272.0105,46017.0,0.020477414930358595,20.31999969482422
2022-04-21,275.0,278.1,270.6,275.6846,37070.0,0.013507199170620376,22.68000030517578
2022-04-22,277.9,277.9,273.3,275.8167,75147.0,0.0004791707625309005,28.209999084472656
2022-04-25,275.6,278.3,272.7,275.7,55698.0,-0.00042310708524917473,27.020000457763672
2022-04-26,283.2,285.5,268.2,279.8666,82389.0,0.015112803772216132,33.52000045776367
2022-04-27,269.9,276.0,265.8,269.9803,44428.0,-0.035325044146032436,31.600000381469727
2022-04-28,275.2,276.5,266.0,269.2021,186302.0,-0.0028824325330404355,29.989999771118164
2022-04-29,270.5,279.0,267.5,275.0588,82378.0,0.02175577382197269,33.400001525878906
2022-05-03,281.4,284.8,270.7,273.0947,21525.0,-0.0071406550163093385,29.25
2022-05-04,273.0,279.7,273.0,278.0984,85161.0,0.018322215700268263,25.420000076293945
2022-05-05,272.0,272.5,265.4,268.3227,54802.0,-0.035151946217597874,31.200000762939453
2022-05-06,265.3302,265.3302,254.7,256.8153,40872.0,-0.04288641997117659,30.190000534057617
2022-05-09,255.0,255.0,243.8634,248.572,81428.0,-0.03209816549091882,34.75
2022-05-10,243.6,249.9,242.2,247.3285,77778.0,-0.005002574706724827,32.9900016784668
2022-05-11,246.5,248.2,241.9,245.3833,53806.0,-0.007864843719991854,32.560001373291016
2022-05-12,244.1,251.9,240.0,247.0015,133041.0,0.006594580804806238,31.770000457763672
2022-05-13,252.9,259.2,252.0,259.2,55175.0,0.04938633975907036,28.8700008392334
2022-05-16,260.0,260.0,255.3,258.5144,44800.0,-0.0026450617283949596,27.469999313354492
2022-05-17,258.4,266.4,258.4,262.5213,39434.0,0.015499716843626388,26.100000381469727
2022-05-18,261.9,265.9,260.048,263.9632,104120.0,0.0054925067032653985,30.959999084472656
2022-05-19,255.5,255.5,246.5,249.5112,242522.0,-0.05475005606842154,29.350000381469727
2022-05-20,253.5,255.7,250.5,254.4115,52230.0,0.019639599344638548,29.43000030517578
2022-05-23,259.6,263.8,256.2,258.0497,28240.0,0.014300454185443678,28.479999542236328
2022-05-24,257.4,257.8,252.7,257.3345,33315.0,-0.002771559122138001,29.450000762939453
2022-05-25,254.1,257.8,254.1,255.6756,123339.0,-0.006446473364434158,28.3700008392334
2022-05-27,258.8,262.7,257.5,257.9103,19624.0,0.008740372565860799,25.719999313354492
2022-05-30,257.4,260.9,256.8,257.6729,15511.0,-0.000920475064392412,
2022-05-31,257.4,257.4,252.3,252.838,27512.0,-0.018763711667001193,26.190000534057617
2022-06-01,254.5,255.1,247.2,251.8664,86109.0,-0.003842776797791436,25.690000534057617
2022-06-07,248.6,252.0,245.5,248.2,23217.0,-0.014556923829458834,24.020000457763672
2022-06-08,248.2,249.0,228.8,233.5842,45540.0,-0.05888718775181301,23.959999084472656
2022-06-09,229.2,229.2,222.3,225.6059,83437.0,-0.034155991715193124,26.09000015258789
2022-06-10,225.0,231.3,224.9,229.1036,89860.0,0.015503583904499019,27.75
2022-06-13,227.6,232.1,224.8,230.7,67483.0,0.00696802669185459,34.02000045776367
2022-06-14,231.1,234.8,227.4,232.6724,69718.0,0.00854963155613353,32.689998626708984
2022-06-15,235.0,235.2,231.4,233.4,21468.0,0.0031271435718203122,29.6200008392334
2022-06-16,231.1,232.0,222.6,225.6959,116308.0,-0.033008140531276875,32.95000076293945
2022-06-17,228.0,228.0,221.2,222.1,123156.0,-0.015932500324551735,31.1299991607666
2022-06-20,222.1,226.9,221.7,222.3,21219.0,0.0009004952723998816,
2022-06-21,225.4,227.0,221.2,225.4504,95748.0,0.014171839856050417,30.190000534057617
2022-06-22,224.7,224.7,216.3,218.179,23303.0,-0.03225277045416641,28.950000762939453
2022-06-23,217.8,218.3,214.6,217.4659,32644.0,-0.00326841721705573,29.049999237060547
2022-06-24,219.1,226.1283,219.1,223.6911,45330.0,0.028626097240992632,27.229999542236328
2022-06-27,225.6,230.8347,225.3,228.6233,36890.0,0.022049156180107277,26.950000762939453
2022-06-28,230.8,230.8,224.9,226.7,66313.0,-0.008412528381840367,28.360000610351562
2022-06-29,225.0,226.7,223.3,226.1,20308.0,-0.0026466696074106677,28.15999984741211
2022-06-30,226.0,226.9,220.4,225.2,20851.0,-0.003980539584254816,28.709999084472656
2022-07-01,221.3,228.6,221.3,224.6801,34062.0,-0.002308614564831113,26.700000762939453
2022-07-04,224.6,227.6,223.2,225.6535,8468.0,0.004332381906541727,
2022-07-05,227.0,229.5,224.3,225.1,27790.0,-0.0024528757586299577,27.540000915527344
2022-07-06,226.0,230.1,225.4,229.4816,21939.0,0.019465126610395345,26.729999542236328
2022-07-07,229.3,237.6,227.8386,235.2254,32520.0,0.025029457699440982,26.079999923706055
2022-07-08,236.1,237.5,234.0,236.5289,268272.0,0.005541493393145469,24.639999389648438
2022-07-11,235.6,235.6,232.3,233.9,8455.0,-0.011114498059222266,26.170000076293945
2022-07-12,234.2,234.8,231.5,233.5105,21908.0,-0.001665241556220609,27.290000915527344
2022-07-13,236.3,236.3,229.8,231.5842,19392.0,-0.008249307846970422,26.81999969482422
2022-07-14,233.2,234.5,230.4,231.3286,81345.0,-0.0011037022387537787,26.399999618530273
2022-07-15,232.0,233.3,228.2,230.7744,6960.0,-0.002395726252611974,24.229999542236328
2022-07-18,234.0,237.9,234.0,236.76,10371.0,0.025937019010774165,25.299999237060547
2022-07-19,235.8,239.1,235.0,237.788,16498.0,0.004341949653657862,24.5
2022-07-20,239.5,242.1,237.9,239.6286,25615.0,0.00774050835197726,23.8799991607666
2022-07-21,241.5758,248.3,241.5758,243.6274,35127.0,0.01668749055830565,23.110000610351562
2022-07-22,245.7,247.1,242.6,243.3201,135428.0,-0.001261352376621061,23.030000686645508
2022-07-25,244.5,244.5,233.8,237.552,39418.0,-0.023705809754311358,23.360000610351562
2022-07-26,244.1,247.1,240.8,243.4,53641.0,0.024617767899238974,24.690000534057617
2022-07-27,242.2,246.4,241.3,242.5422,30686.0,-0.003524239934264539,23.239999771118164
2022-07-28,244.9,251.3,243.8,249.5667,29357.0,0.028961970329286935,22.329999923706055
2022-07-29,248.4,255.4,248.4,255.2,24594.0,0.022572322349095453,21.329999923706055
2022-08-02,254.9,256.0,245.1,246.75,22735.0,-0.03311128526645768,23.93000030517578
2022-08-03,248.0,249.6,246.6,248.0167,82955.0,0.005133535967578373,21.950000762939453
2022-08-04,248.2,250.2,247.0,249.3,67854.0,0.005174248346986321,21.440000534057617
2022-08-05,249.8,253.1,244.9,247.1357,23056.0,-0.008681508223024492,21.149999618530273
2022-08-08,245.8,245.8,240.2,243.1644,26634.0,-0.016069309290402067,21.290000915527344
2022-08-09,241.6,241.7,236.7,241.0,101437.0,-0.008900973991258554,21.770000457763672
2022-08-10,242.4,248.3,237.5,237.6088,27285.0,-0.01407136929460584,19.739999771118164
2022-08-11,249.2,249.2,245.9,248.8,145301.0,0.04709926568376255,20.200000762939453
2022-08-12,248.6,248.6,241.6,243.8231,17321.0,-0.020003617363344106,19.530000686645508
2022-08-15,243.6,246.1,243.0,244.1238,10305.0,0.0012332711707789823,19.950000762939453
2022-08-16,244.4,244.4,239.7,240.5047,32953.0,-0.014824855257864922,19.690000534057617
2022-08-17,241.0,242.8,237.0,238.82,12144.0,-0.007004852711818166,19.899999618530273
2022-08-18,237.9,243.8,237.0,243.3942,20773.0,0.019153337241437196,19.559999465942383
2022-08-19,244.1,253.302,242.1,253.302,67486.0,0.040706804024089216,20.600000381469727
2022-08-22,242.6,244.7,240.6,240.7,22694.0,-0.04975089024168777,23.799999237060547
2022-08-23,240.2,240.2,235.1,237.5087,41393.0,-0.013258412962193544,24.110000610351562
2022-08-24,235.8,237.575,228.8,236.0857,16054.0,-0.005991359474410873,22.81999969482422
2022-08-25,236.9,238.0,234.3,237.2979,9942.0,0.0051345761306169635,21.780000686645508
2022-08-26,235.8,238.0,233.6,234.3873,16871.0,-0.012265595270754548,25.559999465942383
2022-08-30,232.0,234.7981,226.5,234.7981,25564.0,0.0017526546873487536,26.209999084472656
2022-08-31,226.4,228.8,224.0,225.2268,87682.0,-0.0407639584817765,25.8700008392334
2022-09-01,224.6,225.2323,216.2,219.0119,92758.0,-0.02759396306301032,25.559999465942383
2022-09-02,218.2,224.2352,218.2,224.0312,58902.0,0.022917932769863203,25.469999313354492
2022-09-05,219.0,222.5,216.6,219.0,26984.0,-0.022457586264770346,
2022-09-06,216.6,220.1,211.5,213.5178,39903.0,-0.02503287671232879,26.90999984741211
2022-09-07,212.1,215.0,208.5,214.1834,112243.0,0.003117304505760199,24.639999389648438
2022-09-08,214.1,217.6,210.7,214.9808,76749.0,0.0037229775977034585,23.610000610351562
2022-09-09,216.8,220.6,216.7,219.2272,48853.0,0.019752461615176964,22.790000915527344
2022-09-12,221.1,225.2,220.1,222.7758,27758.0,0.016186860024668404,23.8700008392334
2022-09-13,225.8,225.8,218.3,219.9333,153438.0,-0.012759464896995087,27.270000457763672
2022-09-14,220.1,220.9,216.2,218.8562,181928.0,-0.0048973938916935245,26.15999984741211
2022-09-15,218.2,220.8,218.2,219.9907,75068.0,0.005183769068456856,26.270000457763672
2022-09-16,217.4,218.4,210.9578,215.3569,295011.0,-0.021063617689293213,26.299999237060547
2022-09-20,214.9,215.7,209.5,211.3424,225262.0,-0.018641148716386557,27.15999984741211
2022-09-21,211.4,211.6259,208.0,211.0,72915.0,-0.0016201197677323531,27.989999771118164
2022-09-22,207.5,210.7,205.7984,205.8,101270.0,-0.024644549763033097,27.350000381469727
2022-09-23,204.95,207.6,200.8,202.678,94213.0,-0.015170068027210992,29.920000076293945
2022-09-26,204.75,207.7,203.7,205.4187,110389.0,0.013522434600696798,32.2599983215332
2022-09-27,206.7,211.7,205.8,207.2932,84239.0,0.009125264642410924,32.599998474121094
2022-09-28,209.0,210.0,205.0,208.5719,97904.0,0.006168557386349249,30.18000030517578
2022-09-29,205.3,207.4,201.0,202.5,58572.0,-0.029111783514461864,31.84000015258789
2022-09-30,201.45,204.3,198.5551,202.0,52771.0,-0.0024691358024691024,31.6200008392334
2022-10-03,201.6,208.3,201.3,207.6,102416.0,0.027722772277227747,30.100000381469727
2022-10-04,208.6,215.5,206.9,214.6,81764.0,0.033718689788053924,29.06999969482422
2022-10-05,212.5,213.8,206.0,206.3,52522.0,-0.03867660764212477,28.549999237060547
2022-10-06,208.2,209.4,206.5,206.8,10013.0,0.002423654871546388,30.520000457763672
2022-10-07,206.5,207.3,199.4,199.4,24028.0,-0.03578336557059969,31.360000610351562
2022-10-10,197.75,207.2,197.4,205.5433,44276.0,0.030808926780340862,32.45000076293945
2022-10-11,203.6,205.0,197.65,199.25,298334.0,-0.030617879541682935,33.630001068115234
2022-10-12,198.9,203.4,198.8,202.4,47892.0,0.01580928481806776,33.56999969482422
2022-10-13,200.4,204.9,197.5,202.0697,23257.0,-0.0016319169960473667,31.940000534057617
2022-10-14,204.9,211.7,204.9,208.2079,36058.0,0.03037664726577005,32.02000045776367
2022-10-17,208.8,211.1,205.2,209.2,13778.0,0.004764948880422004,31.3700008392334
2022-10-18,211.8,215.4,210.5,213.2102,21586.0,0.01916921606118538,30.5
2022-10-19,212.4,212.4,207.3,207.5,15208.0,-0.026782020747600166,30.760000228881836
2022-10-20,205.9,210.8,204.2,209.7314,15700.0,0.010753734939759063,29.979999542236328
2022-10-21,206.7,214.5,205.8,212.3,42456.0,0.012247093186809499,29.690000534057617
2022-10-24,213.3,216.9211,211.9,214.7984,50805.0,0.011768252472915464,29.850000381469727
2022-10-25,211.0,225.6,207.9,216.1609,83464.0,0.0063431571184888735,28.459999084472656
2022-10-26,223.5,224.8,221.0,224.8,18556.0,0.03996606231746824,27.280000686645508
2022-10-27,222.5,224.2,219.1,221.3,29398.0,-0.015569395017793641,27.389999389648438
2022-10-28,214.7,218.8,211.9,213.4067,255543.0,-0.035667871667419804,25.75
2022-10-31,214.9,215.4,212.5,213.4,51622.0,-3.139545290753443e-05,25.8799991607666
2022-11-01,217.6,219.7,211.7,216.1,40568.0,0.012652296157450671,25.809999465942383
2022-11-02,213.5,213.5,208.0,209.2872,51983.0,-0.031526145303100384,25.860000610351562
2022-11-03,219.3,219.3,205.9,205.9,19845.0,-0.01618445848575545,25.299999237060547
2022-11-04,208.8,214.4,206.7,209.9179,15880.0,0.019513841670713905,24.549999237060547
2022-11-07,207.5,214.7323,207.5,210.5735,20841.0,0.003123125755354783,24.350000381469727
2022-11-08,212.9,219.5,211.8,215.8568,226137.0,0.025090051692164383,25.540000915527344
2022-11-09,219.0,220.2,216.1,220.2,27910.0,0.020120746717268156,26.09000015258789
2022-11-10,218.0,234.8,217.4,234.592,55047.0,0.0653587647593099,23.530000686645508
2022-11-11,237.7,241.8,235.1,238.403,48460.0,0.01624522575364873,22.520000457763672
2022-11-14,235.0,238.0,233.6,236.1,16532.0,-0.009660113337499943,23.729999542236328
2022-11-15,237.7,237.7,231.8,232.8489,20957.0,-0.013770012706480372,24.540000915527344
2022-11-16,234.4,234.8,225.3,227.4165,21720.0,-0.023330151012094014,24.110000610351562
2022-11-17,229.9,230.0,224.9,226.9838,54331.0,-0.0019026763669303115,23.93000030517578
2022-11-18,224.4,227.5,223.1,226.4219,24943.0,-0.002475507062618565,23.1200008392334
2022-11-21,226.0,227.5,222.0,224.6,36971.0,-0.008046483136127769,22.360000610351562
2022-11-22,225.0,228.3,223.6,227.9544,59987.0,0.014934995547640328,21.290000915527344
2022-11-23,228.1,230.1,226.3,229.8046,22374.0,0.008116535587819218,20.350000381469727
2022-11-24,229.1,232.8,228.9,230.6,27842.0,0.003461201385873025,
2022-11-25,231.3,232.8,228.6,230.5,22582.0,-0.00043365134431916363,20.5
2022-11-28,229.5,229.7,226.0,228.3,294202.0,-0.009544468546637708,22.209999084472656
2022-11-29,228.6,228.6,224.0,226.1302,25333.0,-0.00950416119141484,21.889999389648438
2022-11-30,229.1,229.3,226.2,228.5274,47463.0,0.010600972360171212,20.579999923706055
2022-12-01,230.7,233.0,228.3,231.4858,14888.0,0.012945493625709625,19.84000015258789
2022-12-02,229.3,232.9,227.4,230.1453,16006.0,-0.0057908519658658175,19.059999465942383
2022-12-05,228.7,228.7,227.1,227.9224,9105.0,-0.00965868084205923,20.75
2022-12-06,226.1,226.1,220.4,221.9572,47049.0,-0.02617206558021501,22.170000076293945
2022-12-07,221.8,221.8,217.6,218.4,145561.0,-0.01602651321966575,22.68000030517578
2022-12-08,219.0,219.4667,212.3,218.0,294453.0,-0.001831501831501825,22.290000915527344
2022-12-09,214.9,218.3436,214.9,218.3326,34862.0,0.0015256880733944822,22.829999923706055
2022-12-12,217.3,217.3,214.1,215.8549,15801.0,-0.011348282391177578,25.0
2022-12-13,216.4,223.8,214.8,220.5377,46645.0,0.021694202911307636,22.549999237060547
2022-12-14,219.6,219.9,216.3,217.3326,34578.0,-0.014533116106679178,21.139999389648438
2022-12-15,213.6,213.6,210.0,210.2,29027.0,-0.03281882239479961,22.829999923706055
2022-12-16,207.5,213.6,207.5,211.9868,77137.0,0.008500475737392987,22.6200008392334
2022-12-19,213.1,215.5,212.1,212.9,69772.0,0.004307815392279313,22.420000076293945
2022-12-20,209.1,213.5,209.1,209.1,20733.0,-0.01784875528417107,21.479999542236328
2022-12-21,210.0,214.3,210.0,212.8315,11478.0,0.01784552845528453,20.06999969482422
2022-12-22,215.8,215.8,211.9,211.9,17879.0,-0.00437670175702376,21.969999313354492
2022-12-23,211.3,214.4,211.3,214.1,11137.0,0.010382255781028693,20.8700008392334
2022-12-28,218.0,218.7,215.9,216.4433,15021.0,0.010944885567491847,22.139999389648438
2022-12-29,217.0,217.3,214.9,216.7075,7993.0,0.0012206430044265915,21.440000534057617
2022-12-30,216.0,219.4,215.2,215.2,32275.0,-0.006956381297370973,21.670000076293945
2023-01-03,218.8,222.9,218.1,219.5671,71362.0,0.020293215613383042,22.899999618530273
2023-01-04,220.4,220.4,217.5,219.1646,14265.0,-0.001833152598909371,22.010000228881836
2023-01-05,220.1,220.6,213.9,218.4,48748.0,-0.0034887020987878214,22.459999084472656
2023-01-06,219.1,219.1,214.3,217.8,265932.0,-0.0027472527472527375,21.1299991607666
2023-01-09,220.7,221.5,219.0,221.1,11098.0,0.015151515151515138,21.969999313354492
2023-01-10,220.9,220.9,217.0,218.4328,29527.0,-0.012063319764812341,20.579999923706055
2023-01-11,215.5,219.0,213.2,214.7037,32059.0,-0.017072069762416597,21.09000015258789
2023-01-12,218.4,222.2,215.7,219.6569,46081.0,0.023069933121786068,18.829999923706055
2023-01-13,221.0,221.0,218.5,220.0,24342.0,0.0015619814355933848,18.350000381469727
2023-01-16,220.3,224.8,220.3,223.1371,28115.0,0.014259545454545552,
2023-01-17,224.8,225.7,220.0,225.7,51319.0,0.01148576368519616,19.360000610351562
2023-01-18,226.0,229.6,225.2,227.2727,64521.0,0.006968099246787762,20.34000015258789
2023-01-19,221.5028,221.5028,216.6,217.1,66559.0,-0.04475988537118625,20.520000457763672
2023-01-20,217.9,220.2,217.9,220.2,33451.0,0.014279134039613117,19.850000381469727
2023-01-23,221.9,222.7,220.1,222.7,25278.0,0.011353315168028955,19.809999465942383
2023-01-24,223.5,223.5,219.0,220.2209,23454.0,-0.011132016165244618,19.200000762939453
2023-01-25,221.3,223.0,215.1,217.6218,23994.0,-0.011802240386811547,19.079999923706055
2023-01-26,218.0,220.5,218.0,218.0,15513.0,0.0017378773633891509,18.729999542236328
2023-01-27,219.1,219.1,215.5,217.3,35378.0,-0.0032110091743118296,18.510000228881836
2023-01-30,218.2,218.3,214.7,217.2,130181.0,-0.00046019328117818947,19.940000534057617
2023-01-31,219.3,219.3,215.7,217.6,37545.0,0.0018416206261511192,19.399999618530273
2023-02-01,217.8,223.5,217.8,223.5,19557.0,0.02711397058823528,17.8700008392334
2023-02-02,224.5,241.0241,224.5,240.2578,112746.0,0.07497897091722594,18.729999542236328
2023-02-03,235.4,237.6,234.2,237.3,43175.0,-0.012310942662423385,18.329999923706055
2023-02-06,235.4,238.5,234.2,234.6,17562.0,-0.01137800252844512,19.43000030517578
2023-02-07,232.2,236.6,231.7,235.4159,18943.0,0.0034778346121056014,18.65999984741211
2023-02-08,237.5,243.3,233.6,239.1,74419.0,0.015649325300457706,19.6299991607666
2023-02-09,243.8,246.9,241.0,246.1,67292.0,0.029276453366792188,20.709999084472656
2023-02-10,246.4,246.4,239.7,242.4123,141882.0,-0.014984559122308005,20.530000686645508
2023-02-13,243.0,243.4,240.8,243.1,54041.0,0.002836902252897344,20.34000015258789
2023-02-14,246.9,247.4,242.5,244.7103,41876.0,0.006624023035787685,18.90999984741211
2023-02-15,240.4,241.9,238.8,240.8,79954.0,-0.015979302873642798,18.229999542236328
2023-02-16,241.8,247.4,241.8,245.7364,100271.0,0.020499999999999963,20.170000076293945
2023-02-17,248.3,248.3,241.5515,244.8516,23631.0,-0.0036006061780021748,20.020000457763672
2023-02-20,245.5,246.7,242.8,245.5829,37453.0,0.0029867070503113435,
2023-02-21,239.5,245.0,238.4,239.7,32431.0,-0.02395484376151602,22.8700008392334
2023-02-22,242.0,242.2,236.3832,239.5,56505.0,-0.0008343763037129692,22.290000915527344
2023-02-23,242.6,245.5,242.6,243.3,60778.0,0.01586638830897713,21.139999389648438
2023-02-24,243.6,246.3,239.0,241.1,12617.0,-0.00904233456637904,21.670000076293945
2023-02-27,240.2,241.8,236.7,241.3,51165.0,0.0008295313148072303,20.950000762939453
2023-02-28,241.4,241.4,237.8,241.4,218989.0,0.0004144218814752243,20.700000762939453
2023-03-01,245.9,263.2,245.9,253.3,126867.0,0.04929577464788726,20.579999923706055
2023-03-02,252.3,256.5,249.5,249.8813,80357.0,-0.013496644295302063,19.59000015258789
2023-03-03,254.3,256.7,251.4,252.6,138437.0,0.010879965807765402,18.489999771118164
2023-03-06,253.7,257.2,252.6,255.5,27925.0,0.011480601741884477,18.610000610351562
2023-03-07,253.9,256.0,249.9,254.6,31300.0,-0.003522504892367939,19.59000015258789
2023-03-08,250.7,250.7,245.0,250.5,20331.0,-0.01610369206598583,19.110000610351562
2023-03-09,248.4,250.9,247.7,248.2841,21522.0,-0.008845908183632734,22.610000610351562
2023-03-10,247.1,249.7994,245.1,247.1352,97582.0,-0.004627360350501708,24.799999237060547
2023-03-13,246.9,248.2,240.3,243.1196,14535.0,-0.01624859591025485,26.520000457763672
2023-03-14,244.1,251.7,243.1,249.95,56560.0,0.028094814239575827,23.729999542236328
2023-03-15,250.8,251.0,243.6,249.2083,52160.0,-0.002967393478695679,26.139999389648438
2023-03-16,251.9,251.9,244.0,249.3,37986.0,0.00036796527242466404,22.989999771118164
2023-03-17,250.8,253.9,247.7,247.7713,52683.0,-0.006131969514641011,25.510000228881836
2023-03-20,252.9,255.5,248.7,252.7088,57363.0,0.01992765102334282,24.149999618530273
2023-03-21,252.7,256.1,252.7,255.4421,25360.0,0.01081600640737479,21.3799991607666
2023-03-22,258.4,262.3,255.8,261.7,97535.0,0.024498310967534298,22.260000228881836
2023-03-23,261.8,264.7,261.8,262.9456,20416.0,0.004759648452426601,22.610000610351562
2023-03-24,262.1,262.1,255.8,258.1544,136997.0,-0.018221259454427097,21.739999771118164
2023-03-27,262.5,262.5,258.6,260.9438,35687.0,0.010805161562227772,20.600000381469727
2023-03-28,262.5,265.5,260.0,261.4523,26239.0,0.0019486954662266687,19.969999313354492
2023-03-29,263.7,268.0,262.1,264.7114,55135.0,0.01246537131247294,19.1200008392334
2023-03-30,268.9,271.0,267.4,270.9108,10156.0,0.023419467389768522,19.020000457763672
2023-03-31,270.2,273.2,270.2,271.9544,90934.0,0.0038521904626911407,18.700000762939453
2023-04-03,270.05,271.9,264.8,265.2,89290.0,-0.02483651671015452,18.549999237060547
2023-04-04,265.5,267.9958,265.5,266.1532,17443.0,0.003594268476621476,19.0
2023-04-05,265.2,265.2,258.8,260.3631,127460.0,-0.0217547637976927,19.079999923706055
2023-04-06,263.5,263.5,259.7,263.4,22186.0,0.011664095257738039,18.399999618530273
2023-04-11,263.15,265.4,262.0,262.241,62325.0,-0.004400151860288526,19.100000381469727
2023-04-12,265.2,265.6,261.3,263.0408,69452.0,0.0030498663443168095,19.09000015258789
2023-04-13,265.0,266.2,263.8,264.5181,122070.0,0.005616239001706269,17.799999237060547
2023-04-14,262.95,264.7,258.4,262.8842,86347.0,-0.006176892999004591,17.06999969482422
2023-04-17,265.2,271.0,264.9,268.9,28596.0,0.022883840109066966,16.950000762939453
2023-04-18,272.0,272.1,268.259,269.5,129827.0,0.002231312755671233,16.829999923706055
2023-04-19,275.55,276.0,269.691,270.8817,29371.0,0.005126901669758821,16.459999084472656
2023-04-20,271.15,272.6,269.6,271.6003,232609.0,0.002652818555110903,17.170000076293945
2023-04-21,272.0,272.0,267.5,269.8596,21831.0,-0.006409050358191837,16.770000457763672
2023-04-24,272.3,272.3,269.0,271.3556,30987.0,0.00554362342492154,16.889999389648438
2023-04-25,274.95,286.0,258.8,264.0295,58079.0,-0.02699815297712671,18.760000228881836
2023-04-26,260.1,261.9,257.5,259.9612,39054.0,-0.015408505488969881,18.84000015258789
2023-04-27,260.1,264.2,259.15,263.2677,34478.0,0.012719205789171406,17.030000686645508
2023-04-28,264.7,264.7,260.3,260.9733,231654.0,-0.008715083544240332,15.779999732971191
2023-05-02,266.05,266.79,262.9,265.4,458171.0,0.01696227161935715,17.780000686645508
2023-05-03,270.05,270.5,266.3,267.763,24104.0,0.008903541823662486,18.34000015258789
2023-05-04,270.95,275.1332,266.6,267.7268,30459.0,-0.00013519418291529917,20.09000015258789
2023-05-05,267.85,270.9,267.7,270.7289,607722.0,0.011213296539606787,17.190000534057617
2023-05-09,274.55,275.2,271.1,272.0872,69783.0,0.005017196169304405,17.709999084472656
2023-05-10,273.5,273.5,270.4,271.8876,47479.0,-0.0007335883496172313,16.940000534057617
2023-05-11,263.85,264.3,259.2,260.9367,51156.0,-0.04027730576900179,16.93000030517578
2023-05-12,262.9,262.9,259.2,262.4524,49374.0,0.005808688467356493,17.030000686645508
2023-05-15,263.05,264.4,260.7,262.4328,83554.0,-7.468020867795744e-05,17.1200008392334
2023-05-16,263.0,263.0,258.5,259.7161,185057.0,-0.010351983441094226,17.989999771118164
2023-05-17,258.35,259.9,256.1795,257.1164,87355.0,-0.010009776059320075,16.8700008392334
2023-05-19,259.55,260.2,257.6,259.0778,212230.0,0.007628451549570592,16.809999465942383
2023-05-22,261.0,263.1,260.1,261.9455,330949.0,0.011068875835752667,17.209999084472656
2023-05-23,261.8,261.8,259.1,259.858,26484.0,-0.007969214970289573,18.530000686645508
2023-05-24,258.5,258.5,253.3,254.8798,30547.0,-0.019157385956945827,20.030000686645508
2023-05-25,253.2,257.2,253.0,253.7518,79466.0,-0.004425615525435855,19.139999389648438
2023-05-26,257.5,262.3,255.9,261.5706,31193.0,0.030812786352648613,17.950000762939453
2023-05-30,262.05,263.7,259.9,262.5703,25556.0,0.0038219127073149117,17.459999084472656
2023-05-31,261.9,262.1,258.1,259.1389,192832.0,-0.013068500131202976,17.940000534057617
2023-06-01,260.3,260.4,256.5,258.8776,197864.0,-0.001008339543001835,15.649999618530273
2023-06-02,260.0,265.2,260.0,263.8276,242632.0,0.019121005448134776,14.600000381469727
2023-06-05,264.9,265.0,260.0,260.0,13850.0,-0.01450795898533741,14.729999542236328
2023-06-06,262.15,262.6,245.1,254.8866,57543.0,-0.019666923076923082,13.960000038146973
2023-06-07,253.4,253.4,247.6,251.6113,47892.0,-0.01285002820862291,13.9399995803833
2023-06-08,252.0,252.0,247.5,249.7627,48116.0,-0.007347046813875213,13.649999618530273
2023-06-09,250.55,251.1,243.8,244.8682,80846.0,-0.01959660109375816,13.829999923706055
2023-06-12,244.7,246.0,242.0,245.5,161518.0,0.0025801635328719374,15.010000228881836
2023-06-13,248.0,257.3,246.9,256.6257,285685.0,0.04531853360488802,14.609999656677246
2023-06-14,257.0,260.2,256.4,259.961,56473.0,0.012996749740965319,13.880000114440918
2023-06-15,261.8,261.8,256.2,258.9259,84655.0,-0.003981751108820153,14.5
2023-06-16,261.7978,261.7978,257.0,261.4906,64517.0,0.009905150469690316,13.539999961853027
2023-06-19,261.9,261.9,257.1,258.1255,39844.0,-0.012868913834761075,
2023-06-20,260.1,260.1,256.7,257.3609,19804.0,-0.0029621250128327725,13.880000114440918
2023-06-21,258.4,258.4,254.2,255.7488,32737.0,-0.006263966282368583,13.199999809265137
2023-06-22,255.85,257.3,251.5,255.0,828604.0,-0.0029278729753570154,12.90999984741211
2023-06-23,257.0,258.9,255.5,258.5789,32072.0,0.014034901960784163,13.4399995803833
2023-06-26,259.75,260.0,257.7,259.1328,18302.0,0.0021420928003019757,14.25
2023-06-27,260.0,262.7,260.0,261.008,16394.0,0.00723644401634993,13.739999771118164
2023-06-28,264.0,265.2,262.6,264.5265,146327.0,0.013480429718629283,13.430000305175781
2023-06-29,261.9,264.7,260.2,260.6479,17364.0,-0.014662425125649081,13.539999961853027
2023-06-30,265.0,266.1,261.7,264.7265,17178.0,0.01564792963994721,13.59000015258789
2023-07-03,264.1,267.3,263.1,264.083,15389.0,-0.0024308106668579077,13.569999694824219
2023-07-04,262.0,267.8268,262.0,267.8268,10848.0,0.01417660356781747,
2023-07-05,265.0,268.7,264.1,266.6,22367.0,-0.004580572220554413,14.180000305175781
2023-07-06,263.85,264.6,259.6,260.1,12174.0,-0.024381095273818487,15.4399995803833
2023-07-07,261.4,262.4,260.1,261.7262,29196.0,0.006252210688196813,14.829999923706055
2023-07-10,260.6,262.9,259.4,261.0,4183.0,-0.0027746553459302437,15.069999694824219
2023-07-11,262.5,264.6,262.5,263.4,33431.0,0.009195402298850519,14.84000015258789
2023-07-12,266.05,270.3541,263.4,266.9601,90493.0,0.013515945330296208,13.539999961853027
2023-07-13,270.95,273.6,270.1,271.5,15539.0,0.01700591211945146,13.609999656677246
2023-07-14,270.9,274.2,270.9,273.3273,26204.0,0.00673038674033144,13.34000015258789
2023-07-17,273.3,273.3,270.2,270.3595,4470.0,-0.010858044549519774,13.479999542236328
2023-07-18,270.05,271.6,268.8,270.8,485855.0,0.0016293120826158525,13.300000190734863
2023-07-19,269.4,269.4,265.6,267.0534,82391.0,-0.01383530280649925,13.760000228881836
2023-07-20,269.0,270.7,266.9,269.2269,27063.0,0.008138821673867369,13.989999771118164
2023-07-21,268.3,268.3,264.9,266.3,29388.0,-0.010871499096115511,13.600000381469727
2023-07-24,268.4,268.4,263.1,265.1735,27541.0,-0.004230191513330928,13.90999984741211
2023-07-25,268.1,277.8,264.2,266.5725,142371.0,0.005275791132975272,13.859999656677246
2023-07-26,274.45,276.9,268.1,273.2857,57043.0,0.025183392885612887,13.1899995803833
2023-07-27,275.45,278.6,274.8,277.333,335585.0,0.014809775996329044,14.40999984741211
2023-07-28,272.3,273.6,267.6,270.5729,40497.0,-0.024375389874266795,13.329999923706055
2023-07-31,270.85,273.0,269.8,272.4,28298.0,0.006752708789387052,13.630000114440918
2023-08-02,267.85,272.8,266.6,271.1458,570268.0,-0.004604258443465348,16.09000015258789
2023-08-03,269.0,271.0,265.5,268.6,30213.0,-0.009389044565691118,15.920000076293945
2023-08-04,269.2,271.6,267.6665,270.5822,50626.0,0.007379746835442846,17.100000381469727
2023-08-07,271.05,274.8,270.7,273.5,24032.0,0.010783414430069582,15.770000457763672
2023-08-08,272.0,272.9,267.7,272.3,7184.0,-0.004387568555758614,15.989999771118164
2023-08-09,271.35,272.7,270.5,270.5,10172.0,-0.006610356224752145,15.960000038146973
2023-08-10,271.9,276.5,271.9,275.5793,18691.0,0.018777449168206894,15.850000381469727
2023-08-11,274.55,276.0,271.4,272.359,12933.0,-0.011685565642992835,14.84000015258789
2023-08-14,273.2,274.6,272.4,274.4,7997.0,0.007493785775392059,14.819999694824219
2023-08-15,274.45,275.1,272.1863,272.7455,19278.0,-0.00602951895043724,16.459999084472656
2023-08-16,272.7,275.9,272.1,274.4957,121875.0,0.006416971132429339,16.780000686645508
2023-08-17,273.0,273.7,270.4,270.4541,14931.0,-0.014723727912677731,17.889999389648438
2023-08-18,270.25,271.6,267.5,269.0,166155.0,-0.005376513057113841,17.299999237060547
2023-08-21,269.2,271.5,268.5732,268.7758,10536.0,-0.0008334572490705794,17.1299991607666
2023-08-22,270.55,271.2,266.1,266.9844,123794.0,-0.0066650345752854445,16.969999313354492
2023-08-23,267.2,267.2,263.6,264.15,14778.0,-0.010616350618238402,15.979999542236328
2023-08-24,267.05,268.3,262.1,262.1,8388.0,-0.0077607420026498675,17.200000762939453
2023-08-25,261.9,265.7,261.9,264.9009,30665.0,0.01068637924456306,15.680000305175781
2023-08-29,269.2,281.897,268.7,272.7,64538.0,0.02944157607618547,14.449999809265137
2023-08-30,273.0,273.6,271.0,272.8,56581.0,0.00036670333700050683,13.880000114440918
2023-08-31,273.5,276.1,260.2,265.8734,92839.0,-0.025390762463343153,13.569999694824219
2023-09-01,264.2,266.1,260.0,260.8261,50497.0,-0.01898384719945656,13.09000015258789
2023-09-04,262.15,263.0,256.3,256.6501,22459.0,-0.016010667644073884,
2023-09-05,254.65,255.8,253.6,255.7511,30434.0,-0.00350282349393205,14.010000228881836
2023-09-06,254.8,259.1383,254.8,259.1,16138.0,0.013094371832613971,14.449999809265137
2023-09-07,257.2,260.9,256.1,260.1241,334943.0,0.003952527981474274,14.399999618530273
2023-09-08,261.0,261.5,256.9,260.6734,7017.0,0.002111684384491941,13.84000015258789
2023-09-11,260.4,261.1,258.5,260.0448,45304.0,-0.0024114466608406993,13.800000190734863
2023-09-12,260.7,261.4,258.4,260.4052,11980.0,0.0013859150423309874,14.229999542236328
2023-09-13,257.6,258.1,254.2,256.5,22558.0,-0.014996628331538586,13.479999542236328
2023-09-14,258.0,263.7,258.0,263.4605,49843.0,0.02713645224171546,12.819999694824219
2023-09-15,265.4,266.0266,263.5,264.9152,32576.0,0.005521510814714192,13.789999961853027
2023-09-18,263.55,267.6,263.5,267.272,20939.0,0.008896431763824708,14.0
2023-09-19,265.3,268.3,263.5,263.768,99062.0,-0.013110239755754538,14.109999656677246
2023-09-20,266.65,269.7,266.3,267.7758,52838.0,0.015194413272269669,15.140000343322754
2023-09-21,266.35,269.8,265.8,266.3946,15157.0,-0.005158046395529303,17.540000915527344
2023-09-22,265.6,266.0,263.2,266.0,52440.0,-0.0014812612567973726,17.200000762939453
2023-09-25,262.85,266.1,262.6,263.0712,76519.0,-0.011010526315789582,16.899999618530273
2023-09-26,264.0,265.8,259.3,260.7107,66477.0,-0.008972856017686492,18.940000534057617
2023-09-27,256.5,260.8,256.5,258.0414,47339.0,-0.010238551774054416,18.219999313354492
2023-09-28,259.45,260.2,255.2,258.0386,55811.0,-1.0850971975950863e-05,17.34000015258789
2023-09-29,260.7,263.8,259.0191,260.0,155530.0,0.007601188349340093,17.520000457763672
2023-10-02,262.55,263.6,259.1,260.7703,32452.0,0.002962692307692416,17.610000610351562
2023-10-03,260.5,261.1,258.6,260.374,20327.0,-0.0015197282819400248,19.780000686645508
2023-10-04,259.15,260.9,256.9,258.0,195352.0,-0.009117653836404616,18.579999923706055
2023-10-05,259.05,262.8,258.2,261.2423,29280.0,0.012567054263565858,18.489999771118164
2023-10-06,261.1,264.8,259.3999,263.9,14297.0,0.010173314199116934,17.450000762939453
2023-10-09,264.0,265.3999,261.3999,263.0818,38300.0,-0.0031004168245547525,17.700000762939453
2023-10-10,264.3,266.5,263.5,266.15,15949.0,0.01166253233785075,17.030000686645508
2023-10-11,265.1,265.7,260.4,265.3,21439.0,-0.0031936877700543542,16.09000015258789
2023-10-12,263.15,266.2,262.9,264.847,18103.0,-0.0017075009423295207,16.690000534057617
2023-10-13,263.75,268.5,263.1,265.0533,37199.0,0.0007789402938300771,19.31999969482422
2023-10-16,264.8,266.3,262.5,263.8638,17502.0,-0.004487776609459093,17.209999084472656
2023-10-17,264.0,266.2,259.2,260.749,55649.0,-0.011804574936008616,17.8799991607666
2023-10-18,260.2,261.7,253.1,254.3558,86889.0,-0.02451859834553549,19.219999313354492
2023-10-19,253.5,256.5,251.6622,251.7503,42732.0,-0.010243525014959287,21.399999618530273
2023-10-20,250.65,254.7,246.5,247.565,41977.0,-0.016624806405394654,21.709999084472656
2023-10-23,249.0,251.8,247.6,251.8,48728.0,0.017106618463837764,20.3700008392334
2023-10-24,252.3,256.3999,247.7,252.0504,136225.0,0.0009944400317711821,18.969999313354492
2023-10-25,254.75,256.8,240.3519,244.4838,64263.0,-0.030020186438902696,20.190000534057617
2023-10-26,236.7,240.3,232.3,236.5615,82808.0,-0.03240419201599454,20.68000030517578
2023-10-27,239.25,241.7,237.9,239.8408,42668.0,0.013862357146027682,21.270000457763672
2023-10-30,243.65,245.9,238.4,241.8287,12682.0,0.00828841464838348,19.75
2023-10-31,242.15,245.3,240.5,242.0,69058.0,0.0007083526479694235,18.139999389648438
2023-11-01,244.2,245.5,240.7,241.8,15992.0,-0.0008264462809917106,16.8700008392334
2023-11-02,243.45,250.7,240.4,249.575,49703.0,0.03215467328370547,15.65999984741211
2023-11-03,247.45,251.0,240.8,241.6542,82417.0,-0.03173715316037262,14.90999984741211
2023-11-06,243.35,245.2,239.2,240.7308,137710.0,-0.003821162636527764,14.890000343322754
2023-11-07,239.75,241.9,238.3,239.876,20460.0,-0.003550854315276575,14.8100004196167
2023-11-08,237.4,241.8,235.3,240.5132,34407.0,0.002656372459103995,14.449999809265137
2023-11-09,240.7,244.2,240.5,242.7515,135055.0,0.0093063499217505,15.289999961853027
2023-11-10,241.6,245.0,238.8,241.7,126609.0,-0.004331590124056928,14.170000076293945
2023-11-13,240.7,243.5,239.8,242.1024,20744.0,0.001664873810508949,14.760000228881836
2023-11-14,242.35,246.3,240.7,245.8174,30325.0,0.015344746685699961,14.15999984741211
2023-11-15,246.95,251.4,244.6,249.4501,34739.0,0.014778042563301064,14.180000305175781
2023-11-16,250.05,250.1,246.3,247.0627,124720.0,-0.00957065160527093,14.319999694824219
2023-11-17,248.1,249.4,245.7,246.8923,63211.0,-0.0006897034639384847,13.800000190734863
2023-11-20,246.95,249.0,245.1,246.8,29808.0,-0.0003738472200226495,13.40999984741211
2023-11-21,248.2,249.8,246.4,248.5,20041.0,0.006888168557536378,13.350000381469727
2023-11-22,248.6,249.7,247.1,248.3,17558.0,-0.0008048289738430414,12.850000381469727
2023-11-23,249.4,250.6,247.0,249.8982,10112.0,0.006436568666935205,
2023-11-24,249.3,252.9114,248.3,251.5851,24383.0,0.00675034874200775,12.460000038146973
2023-11-27,252.7,255.6,250.8,252.7,27940.0,0.00443150250153912,12.6899995803833
2023-11-28,253.1,255.8,250.2,253.4253,45165.0,0.002870201820340368,12.6899995803833
2023-11-29,254.75,259.2,251.6,256.2,91811.0,0.010948788459557823,12.979999542236328
2023-11-30,256.2,257.3,252.0,253.2,44539.0,-0.011709601873536313,12.920000076293945
2023-12-01,254.65,257.6,251.7,256.4045,32134.0,0.012656003159557727,12.630000114440918
2023-12-04,256.7,257.6001,253.5,255.3911,129590.0,-0.003952348730228983,13.079999923706055
2023-12-05,254.55,259.1,254.2,258.2939,20311.0,0.011366096939165127,12.850000381469727
2023-12-06,259.55,261.6,257.0,261.2478,49058.0,0.011436197293083428,12.970000267028809
2023-12-07,260.9,262.8,259.2,259.5507,33661.0,-0.006496131259287052,13.0600004196167
2023-12-08,260.7,263.4,258.5,262.0,11436.0,0.009436691944964881,12.350000381469727
2023-12-11,261.7,267.85,259.7,267.7268,76282.0,0.02185801526717568,12.630000114440918
2023-12-12,270.25,276.0,266.1001,275.9,64919.0,0.030528135397726253,12.069999694824219
2023-12-13,275.55,291.479,274.0,280.6131,118312.0,0.017082638637187397,12.1899995803833
2023-12-14,281.8,289.4,276.8999,286.136,97546.0,0.01968154729768523,12.479999542236328
2023-12-15,283.25,292.8,281.0,287.9948,64296.0,0.00649621159169067,12.279999732971191
2023-12-18,289.5,293.8,288.2,291.1942,23463.0,0.011109228361067647,12.5600004196167
2023-12-19,290.55,291.3,286.0,287.2998,25169.0,-0.013373892749237504,12.529999732971191
2023-12-20,284.0,290.5437,282.1,290.5436,38698.0,0.011290644824674567,13.670000076293945
2023-12-21,288.5,292.2,287.8,290.1464,7487.0,-0.0013670925809413648,13.649999618530273
2023-12-22,289.7,296.7,288.5,295.2295,19370.0,0.01751908691612214,13.029999732971191
2023-12-27,295.15,298.3999,289.9,290.1799,13650.0,-0.01710398181753514,12.430000305175781
2023-12-28,289.3,291.1001,287.45,289.8,14166.0,-0.0013091878520874456,12.470000267028809
2023-12-29,289.9,291.0,285.8999,288.9143,3839.0,-0.003056245686680392,12.449999809265137
2024-01-03,289.8,294.7,289.8,293.1821,81056.0,0.01477185449110685,14.039999961853027
2024-01-04,294.15,301.3,292.0,299.3769,58523.0,0.02112953007704088,14.130000114440918
2024-01-05,298.35,301.6,296.5,298.6497,61372.0,-0.0024290451267281465,13.350000381469727
2024-01-08,298.65,299.9,289.0,294.7598,38229.0,-0.013024958672317455,13.079999923706055
2024-01-09,292.2,294.7,290.8,293.1,5692.0,-0.0056310256690361715,12.760000228881836
2024-01-10,290.55,294.8999,289.2,291.0,11780.0,-0.007164790174002178,12.6899995803833
2024-01-11,294.25,297.0,290.1001,295.3773,43149.0,0.015042268041236984,12.4399995803833
2024-01-12,301.4,301.8999,293.8999,300.1409,30069.0,0.01612717023278365,12.699999809265137
2024-01-15,298.15,300.0,295.8,295.8,15348.0,-0.014462873936874288,
2024-01-16,294.35,296.0444,293.8,295.3654,56258.0,-0.0014692359702501712,13.84000015258789
2024-01-17,294.15,298.0,293.1,296.7445,78999.0,0.004669131861754883,14.789999961853027
2024-01-18,297.6,299.3,291.8,293.5,8924.0,-0.01093364830687682,14.130000114440918
2024-01-19,292.9,293.6,286.9881,289.5458,38291.0,-0.013472572402044358,13.300000190734863
2024-01-22,289.8,294.6,285.3,293.5127,42925.0,0.01370042321456566,13.1899995803833
2024-01-23,293.5,293.5,287.0,288.7,43759.0,-0.016396905483135882,12.550000190734863
2024-01-24,284.4,290.3999,282.0,285.7933,20881.0,-0.010068236924142715,13.140000343322754
2024-01-25,285.7,290.4,285.7,290.071,9693.0,0.014967810651964397,13.449999809265137
2024-01-26,289.1,292.1,287.5,290.5872,38083.0,0.001779564313564519,13.260000228881836
2024-01-29,291.75,293.7,289.6001,292.7415,29314.0,0.007413609408810862,13.600000381469727
2024-01-30,293.2,295.9,293.1,294.0,51862.0,0.0042990146596912915,13.3100004196167
2024-01-31,296.0,297.0,293.7266,294.1393,35734.0,0.0004738095238094875,14.350000381469727
2024-02-01,289.6,294.2,289.2,291.9365,69650.0,-0.007488968662127005,13.880000114440918
2024-02-02,289.4,290.4,283.4,283.9651,37595.0,-0.02730525302591491,13.850000381469727
2024-02-05,285.9,290.1057,285.7,290.1,28882.0,0.02160441547218306,13.670000076293945
2024-02-06,292.2,292.6,287.9,290.7412,12505.0,0.0022102723198895724,13.0600004196167
2024-02-07,289.1,290.1,283.0,284.5431,25806.0,-0.021318272057761378,12.829999923706055
2024-02-08,282.55,286.1,279.2,284.0,18487.0,-0.0019086739407843112,12.789999961853027
2024-02-09,283.25,287.3,282.7,285.1502,111959.0,0.004049999999999887,12.930000305175781
2024-02-12,285.7,287.3999,281.9436,285.9,11445.0,0.0026294914048805573,13.930000305175781
2024-02-13,282.85,284.7,277.0,278.9394,46393.0,-0.024346274921301148,15.850000381469727
2024-02-14,280.4,285.5,279.8,282.3,17323.0,0.012047778119548713,14.380000114440918
2024-02-15,286.15,287.4,284.6,285.3285,5325.0,0.01072794899043572,14.010000228881836
2024-02-16,284.5,286.5,280.4,281.844,12321.0,-0.012212239576488204,14.239999771118164
2024-02-19,280.5,284.9285,279.2,280.5654,13738.0,-0.004536552135223637,
2024-02-20,285.6,286.8,282.8,284.8,6901.0,0.015093094159151388,15.420000076293945
2024-02-21,285.4,288.7,283.1001,284.7,68256.0,-0.00035112359550570904,15.34000015258789
2024-02-22,290.75,292.2,287.5,288.3,3572.0,0.012644889357218192,14.539999961853027
2024-02-23,288.0,288.5,286.6,287.8424,21310.0,-0.0015872355185571063,13.75
2024-02-26,287.55,291.4,286.2,291.1832,28570.0,0.011606351253324654,13.739999771118164
2024-02-27,290.65,292.4098,288.3978,289.7525,60059.0,-0.00491340159734488,13.430000305175781
2024-02-28,287.15,294.6132,287.0,294.4411,34663.0,0.016181396191577324,13.84000015258789
2024-02-29,294.85,299.0,291.3,293.65,138768.0,-0.002686785234805922,13.399999618530273
2024-03-01,268.7,287.3563,252.7,254.8461,268055.0,-0.13214336795504844,13.109999656677246
2024-03-04,251.75,257.3,246.6,250.85,44752.0,-0.015680444001301197,13.489999771118164
2024-03-05,250.15,250.9,245.9631,250.0143,54062.0,-0.0033314729918277886,14.460000038146973
2024-03-06,246.15,249.0,244.5,247.2261,20067.0,-0.011152162096328078,14.5
2024-03-07,248.0,250.2,247.5,249.0245,93305.0,0.007274312865834132,14.4399995803833
2024-03-08,248.7,250.3,244.6511,246.5174,64600.0,-0.010067684103371222,14.739999771118164
2024-03-11,245.5,248.4,243.9059,245.4,105051.0,-0.0045327429220006765,15.220000267028809
2024-03-12,246.75,249.5,244.0,246.2152,20526.0,0.0033219233903831746,13.84000015258789
2024-03-13,247.75,249.3,244.4508,244.4634,320376.0,-0.007114914107658632,13.75
2024-03-14,244.9,246.6,239.6,239.6,78571.0,-0.019894184569142048,14.399999618530273
2024-03-15,240.7,241.5,238.1,240.8072,73631.0,0.00503839732888145,14.40999984741211
2024-03-18,241.4,243.3,238.3,238.9,109362.0,-0.007920028969233384,14.329999923706055
2024-03-19,238.55,240.4,236.0,236.3764,85902.0,-0.010563415655085895,13.819999694824219
2024-03-20,237.7,240.3,236.4,238.8951,122137.0,0.010655463066532977,13.039999961853027
2024-03-21,242.65,246.3,239.3,244.4442,63785.0,0.023228186764818526,12.920000076293945
2024-03-22,242.45,245.6435,242.3,243.9,40969.0,-0.002226274953547658,13.0600004196167
2024-03-25,243.85,245.4,241.6,244.0462,45749.0,0.0005994259942598834,13.1899995803833
2024-03-26,244.2,249.4,244.0,248.5249,36246.0,0.018351853050774913,13.239999771118164
2024-03-27,248.8,250.2,245.5,249.21,99987.0,0.0027566654286954595,12.779999732971191
2024-03-28,250.85,253.8,248.4,251.0,31434.0,0.007182697323542264,13.010000228881836
2024-04-02,253.2,255.0,248.6,250.3956,67491.0,-0.002407968127490001,14.609999656677246
2024-04-03,249.2,258.1,249.1,254.8559,26923.0,0.017813012688721264,14.329999923706055
2024-04-04,258.75,260.5,256.3,258.7,16340.0,0.015083425575001419,16.350000381469727
2024-04-05,256.1,256.9,253.9,256.4,42529.0,-0.00889060688055665,16.030000686645508
2024-04-08,257.2,258.7,255.7,256.7232,10564.0,0.0012605304212169877,15.1899995803833
2024-04-09,255.85,257.2896,253.8,255.1088,8245.0,-0.006288485029790958,14.979999542236328
2024-04-10,255.75,256.1,250.2,253.2809,8295.0,-0.007165178151439688,15.800000190734863
2024-04-11,252.4,256.5,251.8,252.8684,9051.0,-0.0016286265565228497,14.90999984741211
2024-04-12,254.45,255.5,252.4,253.649,20942.0,0.003086981212361728,17.309999465942383
2024-04-15,254.55,257.6,253.7,255.857,29948.0,0.008704942656978742,19.229999542236328
2024-04-16,250.65,251.0,247.8,249.5501,44117.0,-0.02465009751540903,18.399999618530273
2024-04-17,249.7,252.8,249.6,251.3276,36001.0,0.007122818223675331,18.209999084472656
2024-04-18,252.0,252.0,248.7,249.7545,47959.0,-0.0062591613495691645,18.0
2024-04-19,249.2,251.2,248.6,249.8657,22441.0,0.0004452372229528656,18.709999084472656
2024-04-22,252.7,254.6,250.5,252.2252,63248.0,0.009443072818718257,16.940000534057617
2024-04-23,252.0,254.0,240.3,244.7304,116780.0,-0.029714715262392444,15.6899995803833
2024-04-24,244.1,246.0,240.6517,241.7908,51429.0,-0.012011584993119051,15.970000267028809
2024-04-25,241.3,241.5,237.6,238.7462,64061.0,-0.012591876944863079,15.369999885559082
2024-04-26,240.4,246.2,236.6,243.2203,17719.0,0.018739984133778975,15.029999732971191
2024-04-29,244.2,244.6,242.7,244.3,1339.0,0.004439185380496591,14.670000076293945
2024-04-30,246.55,248.4,243.7,244.8333,9719.0,0.002182971756037544,15.649999618530273
2024-05-01,243.7,243.7,243.7,243.7,129.0,-0.004628863802432215,15.390000343322754
2024-05-02,246.25,246.5,243.5,243.6,35933.0,-0.0004103405826836326,14.680000305175781
2024-05-03,245.9,246.4,243.6,245.3,717187.0,0.006978653530377743,13.489999771118164
2024-05-07,247.75,251.2,247.3,249.5605,22422.0,0.0173685283326539,13.229999542236328
2024-05-08,248.7,250.5,247.4,250.5,59295.0,0.00376461819879359,13.0
2024-05-10,243.05,248.9,243.0,248.7,2866.0,-0.007185628742515049,12.550000190734863
2024-05-13,249.4,251.4,246.5,249.85,181445.0,0.004624045034177682,13.600000381469727
2024-05-14,246.6,250.3,246.6,247.5,31113.0,-0.00940564338603156,13.420000076293945
2024-05-15,247.75,250.3,246.8,248.8846,61588.0,0.005594343434343507,12.449999809265137
2024-05-16,247.15,251.0,246.1,249.7,125487.0,0.003276217170528062,12.420000076293945
2024-05-17,252.4,253.4,247.8,248.2,148998.0,-0.006007208650380402,11.989999771118164
2024-05-21,248.1,248.7,244.6,246.2205,109410.0,-0.007975423045930685,11.859999656677246
2024-05-22,244.8,245.2,241.6,243.8,12796.0,-0.009830619302616861,12.289999961853027
2024-05-23,243.75,246.6,243.0,244.24,34913.0,0.0018047579983593298,12.770000457763672
2024-05-24,242.2,246.5,242.2,245.3111,24645.0,0.004385440550278341,11.930000305175781
2024-05-28,250.95,252.0,249.2,249.8467,12624.0,0.018489175581537065,12.920000076293945
2024-05-29,250.15,250.7,248.0,249.8,14881.0,-0.00018691461604247728,14.279999732971191
2024-05-30,248.7,251.2,247.5,249.3,280926.0,-0.0020016012810247785,14.470000267028809
2024-05-31,251.4,256.2,251.4,254.7726,180935.0,0.02195186522262338,12.920000076293945
2024-06-03,257.6,258.5,255.6,257.3,125944.0,0.009920219050243206,13.109999656677246
2024-06-04,256.9,260.7,256.7,259.2,18712.0,0.007384376214535582,13.15999984741211
2024-06-05,258.55,266.9,256.7,265.1,112339.0,0.022762345679012475,12.630000114440918
2024-06-06,268.8,270.7,265.0,269.55,18386.0,0.016786118445869525,12.579999923706055
2024-06-07,269.0,271.6001,266.9,268.35,17716.0,-0.004451864218141255,12.220000267028809
2024-06-10,266.65,268.55,265.0,268.55,8664.0,0.0007452953232718329,12.739999771118164
2024-06-11,263.7,263.7,254.7,259.0,32372.0,-0.03556134797989208,12.850000381469727
2024-06-12,261.2,261.9,258.5,260.0,42347.0,0.0038610038610038533,12.039999961853027
2024-06-13,257.9,262.5,256.6,259.1,11575.0,-0.003461538461538405,11.9399995803833
2024-06-14,259.55,261.3,255.8,258.1,12331.0,-0.003859513701273687,12.65999984741211
2024-06-17,257.0,257.4,254.3,255.65,53198.0,-0.009492444788841592,12.75
2024-06-18,256.4,259.3,256.0,256.4,40625.0,0.002933698415802821,12.300000190734863
2024-06-19,259.15,261.5,258.1,258.1,6802.0,0.006630265210608499,
2024-06-20,261.3,264.1,256.0,258.84,78893.0,0.0028671057729561245,13.279999732971191
2024-06-21,258.9,258.9,255.2,257.0,19457.0,-0.007108638541183598,13.199999809265137
2024-06-24,255.45,259.0,253.6,256.7,171565.0,-0.0011673151750972721,13.329999923706055
2024-06-25,257.6,259.1,256.3,257.42,152900.0,0.002804830541488279,12.84000015258789
2024-06-26,262.15,264.2,259.7,260.2333,6488.0,0.010928832258565668,12.550000190734863
2024-06-27,260.1,260.2,256.5,259.4,5767.0,-0.0032021267070739823,12.239999771118164
2024-06-28,257.6,260.5,257.5,258.5308,12783.0,-0.0033508095605242483,12.4399995803833
2024-07-01,259.65,264.2,258.3,260.1,3286.0,0.006069682993283587,12.220000267028809
2024-07-02,263.0,265.4,263.0,264.0,10950.0,0.014994232987312506,12.029999732971191
2024-07-03,265.6,269.8,265.0,268.4,17923.0,0.016666666666666607,12.09000015258789
2024-07-04,269.4,270.0,267.1,267.8,4519.0,-0.0022354694485841042,
2024-07-05,268.1,268.1,263.7,264.1,6520.0,-0.013816280806572045,12.479999542236328
2024-07-08,259.75,260.2,255.7,257.6714,21427.0,-0.0243415372964787,12.369999885559082
2024-07-09,256.9,260.5,256.1,258.1333,11923.0,0.0017925932020395052,12.510000228881836
2024-07-10,258.85,260.0,257.7,258.74,232361.0,0.0023503360473058343,12.850000381469727
2024-07-11,261.7,262.5,257.8999,260.6,18319.0,0.007188683620622971,12.920000076293945
2024-07-12,261.4,262.8999,252.3,256.3167,35207.0,-0.016436300844205665,12.460000038146973
2024-07-15,257.4,259.3,255.7,257.2,3187.0,0.003446127388500031,13.119999885559082
2024-07-16,256.8,260.7,256.5,259.08,28997.0,0.007309486780715302,13.1899995803833
2024-07-17,259.45,261.5,256.2,257.5125,5290.0,-0.006050254747568262,14.479999542236328
2024-07-18,259.25,260.2,256.1001,258.16,32579.0,0.0025144410465511857,15.930000305175781
2024-07-19,257.0,257.6,253.8,256.4412,11421.0,-0.006657886581964867,16.520000457763672
2024-07-22,259.0,265.8,259.0,263.015,28087.0,0.025634726401218,14.90999984741211
2024-07-23,264.0,270.9,259.3,259.6,11024.0,-0.012984050339334141,14.720000267028809
2024-07-24,273.1,275.0,267.6,270.5,6237.0,0.041987673343605536,18.040000915527344
2024-07-25,265.7,268.3,265.5,267.1823,6177.0,-0.012265064695009209,18.459999084472656
2024-07-26,268.6,269.4,266.7,267.825,4983.0,0.002405473715886064,16.389999389648438
2024-07-29,269.8,272.3,269.8,270.72,6608.0,0.010809297115653926,16.600000381469727
2024-07-30,270.55,272.6,270.1,271.7182,10046.0,0.0036872044917257707,17.690000534057617
2024-07-31,275.0,275.0,269.8,272.5,11453.0,0.0028772456169663396,16.360000610351562
2024-08-02,267.35,267.8,256.1,262.2667,13385.0,-0.03755339449541284,23.389999389648438
2024-08-05,250.25,253.3,248.1,251.9,11816.0,-0.03952732085316213,38.56999969482422
2024-08-06,253.2,255.3,247.0,248.2,20005.0,-0.014688368400158858,27.709999084472656
2024-08-07,248.8,256.4,247.5,254.9,22778.0,0.02699435938759076,27.850000381469727
2024-08-08,255.25,255.5,249.1,252.2,5467.0,-0.010592389172224492,23.790000915527344
2024-08-09,254.05,255.3,252.8,254.6848,37540.0,0.009852498017446587,20.3700008392334
2024-08-12,254.25,255.5,253.7,253.8,1292.0,-0.0034740981793965897,20.709999084472656
2024-08-13,254.75,255.2,250.8,251.9818,5763.0,-0.007163908589440604,18.1200008392334
2024-08-14,255.75,257.5,254.0,255.25,2841.0,0.012969984340138963,16.190000534057617
2024-08-15,257.7,259.1,256.1,256.2,84329.0,0.0037218413320274646,15.229999542236328
2024-08-16,258.65,258.9,256.0,257.6,5502.0,0.005464480874317168,14.800000190734863
2024-08-19,257.9,259.0,257.3,258.3143,11271.0,0.0027729037267079093,14.649999618530273
2024-08-20,258.15,258.9,257.1,258.025,9072.0,-0.0011199534830245161,15.880000114440918
2024-08-21,256.8,258.1,256.7,257.28,7218.0,-0.0028873171204341075,16.270000457763672
2024-08-22,257.7,258.8,257.4,258.225,7995.0,0.003673041044776282,17.549999237060547
2024-08-23,259.15,262.5,257.0,261.2857,56070.0,0.011852841514183421,15.859999656677246
2024-08-27,260.0,261.2,258.9,259.7,6552.0,-0.00606883576100814,15.430000305175781
2024-08-28,259.15,261.0,258.15,259.5,6035.0,-0.0007701193685020202,17.110000610351562
2024-08-29,260.0,263.7,259.7,262.9438,17612.0,0.013270905587668524,15.649999618530273
2024-08-30,264.7,265.0,262.7,263.375,5564.0,0.0016398941522866028,15.0
2024-09-02,262.45,264.6,261.3,262.9333,1460.0,-0.0016770764119602433,
2024-09-03,264.0,266.4,258.7,260.75,23618.0,-0.00830362681334007,20.719999313354492
2024-09-04,258.65,260.2,256.3,258.0769,14862.0,-0.01025158197507181,21.31999969482422
2024-09-05,258.85,259.0,252.1,254.717,9112.0,-0.013018987751325373,19.899999618530273
2024-09-06,251.25,251.3,247.6,250.0,11995.0,-0.018518591220845093,22.3799991607666
2024-09-09,248.0,252.7,248.0,251.6432,19893.0,0.006572800000000045,19.450000762939453
2024-09-10,248.7,251.8,248.0,250.1242,5680.0,-0.0060363244466768995,19.079999923706055
2024-09-11,245.8,249.6,245.7,247.4408,37894.0,-0.010728270195366929,17.690000534057617
2024-09-12,249.4,256.6,249.0,254.3889,8340.0,0.02807984778581396,17.06999969482422
2024-09-13,254.35,256.9,244.4,247.1329,48729.0,-0.028523257107523126,16.559999465942383
2024-09-16,247.65,249.2,246.7,247.8454,93446.0,0.0028830641326995643,17.139999389648438
2024-09-17,247.55,250.6,246.4,249.5,5025.0,0.006675935885838369,17.610000610351562
2024-09-18,245.9,246.0,239.1,243.0,44717.0,-0.02605210420841686,18.229999542236328
2024-09-19,245.0,245.6,241.7,242.2,6276.0,-0.003292181069958877,16.329999923706055
2024-09-20,241.2,242.0,229.8,231.4107,10225.0,-0.04454706853839796,16.149999618530273
2024-09-23,231.05,233.9,230.9,232.4793,43914.0,0.0046177640014053445,15.890000343322754
2024-09-24,235.05,236.8,233.1,233.7632,191352.0,0.005522642230942676,15.390000343322754
2024-09-25,233.1,236.1,233.1,235.1,13204.0,0.005718607548151233,15.40999984741211
2024-09-26,237.2,237.9,231.3,235.8011,15189.0,0.002982135261590857,15.369999885559082
2024-09-27,232.8,233.3,231.9,232.8,14940.0,-0.012727251908493997,16.959999084472656
2024-09-30,228.2,231.5,228.2,229.3751,109747.0,-0.01471176975945021,16.729999542236328
2024-10-01,230.45,230.5,225.1,230.3402,111586.0,0.004207518601626825,19.260000228881836
2024-10-02,227.15,227.4,224.3,225.7079,11575.0,-0.020110688451256076,18.899999618530273
2024-10-03,226.45,226.7,222.0,223.3986,31941.0,-0.010231365406350501,20.489999771118164
2024-10-04,221.2,224.9,217.8,222.4439,17286.0,-0.004273527228908169,19.209999084472656
2024-10-07,225.0,225.0,222.7,223.3596,20520.0,0.004116543541989648,22.639999389648438
2024-10-08,222.25,226.7,221.4,225.8048,12863.0,0.010947369175088095,21.420000076293945
2024-10-09,224.4,224.4,222.8,223.4656,24113.0,-0.01035939005725306,20.860000610351562
2024-10-10,223.4,223.4,220.3,220.7,15228.0,-0.012375954061833228,20.93000030517578
2024-10-11,221.1,221.5,220.4,221.0933,3617.0,0.0017820570910738187,20.459999084472656
2024-10-14,222.15,224.5,221.6,224.1,9853.0,0.013599236159576034,19.700000762939453
2024-10-15,225.4,225.6,221.6,222.4,61432.0,-0.007585899152164122,20.639999389648438
2024-10-16,221.6,225.1,220.8,224.298,19004.0,0.008534172661870398,19.579999923706055
2024-10-17,222.95,225.3,222.65,223.6275,50995.0,-0.002989326699301853,19.110000610351562
2024-10-18,224.3,226.8,224.3,224.9,5627.0,0.005690266179249059,18.030000686645508
2024-10-21,224.3,224.4,220.5,221.4,91991.0,-0.015562472209871059,18.3700008392334
2024-10-22,221.8,222.0,218.3,220.1007,9143.0,-0.005868563685636929,18.200000762939453
2024-10-23,221.2,221.4,214.4,221.0,112150.0,0.004085857064516363,19.239999771118164
2024-10-24,217.1,221.4,217.1,220.6,37786.0,-0.0018099547511312153,19.079999923706055
2024-10-25,220.1,220.8,219.4,220.0001,40848.0,-0.0027194016319129766,20.329999923706055
2024-10-28,220.4,221.0,218.8,219.8308,59690.0,-0.000769545104752245,19.799999237060547
2024-10-29,220.4,221.0,219.0,219.7,24829.0,-0.0005950030659944705,19.34000015258789
2024-10-30,218.5,218.5,216.3,216.8966,19386.0,-0.012760127446517888,20.350000381469727
2024-10-31,214.75,216.7,214.6,215.6,37605.0,-0.00597796369329906,23.15999984741211
2024-11-01,216.9,218.4,216.7,217.5,5532.0,0.008812615955473113,21.8799991607666
2024-11-04,216.8,218.4,216.1,216.1,40736.0,-0.006436781609195474,21.979999542236328
2024-11-05,216.0,216.0,212.2,212.9,5068.0,-0.01480795927811196,20.489999771118164
2024-11-06,207.25,209.2,205.4,206.4667,90202.0,-0.03021747299201505,16.270000457763672
2024-11-07,210.65,212.7,209.3,211.3602,34450.0,0.023701158588769866,15.199999809265137
2024-11-08,209.8,210.3,208.1,208.7,93056.0,-0.012586097098696958,14.9399995803833
2024-11-11,209.1,209.6,206.4,207.5,76427.0,-0.005749880210828895,14.970000267028809
2024-11-12,205.3,206.1,203.6,204.9,34024.0,-0.012530120481927698,14.710000038146973
2024-11-13,203.15,205.5,202.9,204.4,69266.0,-0.0024402147388969953,14.020000457763672
2024-11-14,206.45,211.6,206.3,210.7946,26052.0,0.03128473581213309,14.3100004196167
2024-11-15,210.75,210.9,207.8,209.0045,31302.0,-0.008492153024792781,16.139999389648438
2024-11-18,209.9,210.9,208.7,209.8,33507.0,0.0038061381453509124,15.579999923706055
2024-11-19,210.25,212.0,208.2,210.4,5073.0,0.0028598665395613843,16.350000381469727
2024-11-20,209.6,210.5,207.6,207.8,5477.0,-0.012357414448669224,17.15999984741211
2024-11-21,208.5,208.5,206.4,208.0,3806.0,0.0009624639076033503,16.8700008392334
2024-11-22,208.6,209.7,207.1,208.0,60074.0,0.0,15.239999771118164
2024-11-25,209.2,211.0,207.6,208.8,11232.0,0.0038461538461538325,14.600000381469727
2024-11-26,208.7,210.3,208.0,208.6,95880.0,-0.0009578544061303873,14.100000381469727
2024-11-27,209.8,210.1,208.3,208.8,3470.0,0.0009587727708533222,14.100000381469727
2024-11-28,210.95,211.6,209.7,210.8167,3742.0,0.009658524904214483,
2024-11-29,209.3,210.95,209.3,210.6,4064.0,-0.0010279071819263574,13.510000228881836
2024-12-02,209.3,213.3,209.3,212.1455,5327.0,0.007338556505223082,13.34000015258789
2024-12-03,214.05,214.75,212.6,213.4,131033.0,0.0059133943449189985,13.300000190734863
2024-12-04,212.8,212.8,209.3,210.6142,115052.0,-0.013054358013120826,13.449999809265137
2024-12-05,210.75,212.6,210.6,211.8,12654.0,0.005630199673146485,13.539999961853027
2024-12-06,211.75,213.0,210.9,210.9,3335.0,-0.004249291784702569,12.770000457763672
2024-12-09,212.0,212.1,210.1,210.3,3690.0,-0.002844950213371278,14.1899995803833
2024-12-10,211.35,212.4,210.6,211.6,15530.0,0.006181645268663827,14.180000305175781
2024-12-11,210.65,211.9,209.8,210.9,26913.0,-0.0033081285444234165,13.579999923706055
2024-12-12,206.45,207.1,203.1,205.0,142190.0,-0.027975343764817473,13.920000076293945
2024-12-13,206.45,207.3,205.6,206.066,14695.0,0.0052000000000000934,13.8100004196167
2024-12-16,205.7,206.4,204.0,204.7,5644.0,-0.006628944124697944,14.6899995803833
2024-12-17,203.825,204.1,200.8,202.2869,34151.0,-0.01178847093307267,15.869999885559082
2024-12-18,202.65,203.7,202.2,203.1833,19788.0,0.004431329957599761,27.6200008392334
2024-12-19,200.325,202.3,200.2,201.9,19466.0,-0.006315971834299328,24.09000015258789
2024-12-20,201.575,202.7,200.1,200.5,91757.0,-0.006934125804853863,18.360000610351562
2024-12-23,201.675,205.0,200.8,205.0,32218.0,0.02244389027431426,16.780000686645508
2024-12-27,210.95,212.0,206.8,207.7431,27020.0,0.01338097560975604,15.949999809265137
2024-12-30,207.75,208.9,207.2,207.8,8524.0,0.0002738959801793506,17.399999618530273
2025-01-03,208.6,209.5,206.3,207.6762,30607.0,-0.0005957651588066604,16.1299991607666
2025-01-06,208.3,209.8,205.8,208.5,46666.0,0.003966752088106373,16.040000915527344
2025-01-07,208.3,208.8,207.15,208.5,5994.0,0.0,17.81999969482422
2025-01-08,207.75,209.0,205.7,206.5932,27472.0,-0.009145323741007183,17.700000762939453
2025-01-09,203.65,204.0,200.2,201.8736,30765.0,-0.022844895185320624,
2025-01-10,202.575,204.3,202.1,202.6,7703.0,0.003598291207963733,19.540000915527344
2025-01-13,202.35,202.6,199.95,201.2,11023.0,-0.00691016781836129,19.190000534057617
2025-01-14,201.975,202.4,199.9,200.0,62397.0,-0.005964214711729587,18.709999084472656
2025-01-15,200.0,202.1,199.55,201.0086,25484.0,0.005042999999999909,16.1200008392334
2025-01-16,201.8,202.1,200.1,201.6,32263.0,0.0029421626736367834,16.600000381469727
2025-01-17,202.25,202.8,198.7,200.4483,74247.0,-0.005712797619047638,15.970000267028809
2025-01-20,201.9,206.7,201.8,204.9593,38940.0,0.022504556037641787,
2025-01-21,206.45,207.1,204.7,206.8,45071.0,0.008980807409080693,15.0600004196167
2025-01-22,205.9,208.1,204.6,204.6,8499.0,-0.010638297872340496,15.100000381469727
2025-01-23,205.6,207.5,205.1,205.9482,18732.0,0.006589442815249313,15.020000457763672
2025-01-24,207.45,208.1,204.6,206.0,4890.0,0.00025151955685931426,14.850000381469727
2025-01-27,203.75,207.5,203.5,207.3483,7093.0,0.006545145631067895,17.899999618530273
2025-01-28,207.25,209.0,206.1,206.9,63392.0,-0.0021620625777978297,16.40999984741211
2025-01-29,207.15,208.05,206.4,207.2,39019.0,0.0014499758337360724,16.559999465942383
2025-01-30,207.75,210.1,207.5,209.2,12210.0,0.009652509652509744,15.84000015258789
2025-01-31,209.8,210.6,207.1,207.6,8018.0,-0.007648183556405286,16.43000030517578
2025-02-03,203.625,204.5,198.6,201.0398,21876.0,-0.031600192678227224,18.6200008392334
2025-02-04,195.5,202.9,195.5,197.9362,39806.0,-0.015437739193930766,17.209999084472656
2025-02-05,201.7,202.5,200.4,200.7,13240.0,0.013963085074887749,15.770000457763672
2025-02-06,204.2,205.6054,202.4,204.8911,14408.0,0.020882411559541625,15.5
2025-02-07,204.3,205.1,201.5,203.5,14780.0,-0.0067894603523529495,16.540000915527344
2025-02-10,202.275,203.9,201.9,203.15,33001.0,-0.001719901719901662,15.8100004196167
2025-02-11,203.825,209.6,203.6,206.9842,26907.0,0.01887373861678543,16.020000457763672
2025-02-12,209.3,209.9,206.6,208.1194,54307.0,0.005484476592899412,15.890000343322754
2025-02-13,209.2,211.65,206.7,210.2,75284.0,0.009997145869149904,15.100000381469727
2025-02-14,210.15,211.2,208.8,209.0,19309.0,-0.0057088487155090295,14.770000457763672
2025-02-17,209.8,211.0,208.8,210.5562,43223.0,0.007445933014353923,
2025-02-18,210.35,210.9,209.1,209.2,24692.0,-0.0064410356949831105,15.350000381469727
2025-02-19,210.85,212.0,210.0,211.5,46869.0,0.01099426386233282,15.270000457763672
2025-02-20,211.75,214.0,211.6,213.2,39110.0,0.008037825059101555,15.65999984741211
2025-02-21,213.8,215.9,213.5,213.751,29604.0,0.002584427767354569,18.209999084472656
2025-02-24,218.05,218.7,214.6,215.5658,13456.0,0.008490252677180399,18.979999542236328
2025-02-25,215.6,217.7,215.6,217.1899,140555.0,0.007534126470896574,19.43000030517578
2025-02-26,216.5,218.4,216.2,218.1391,50825.0,0.004370368972038019,19.100000381469727
2025-02-27,213.5,213.5,206.9,207.7,29301.0,-0.04785524465811042,21.1299991607666
2025-02-28,203.625,207.9,203.2,207.0382,131486.0,-0.0031863264323543916,19.6299991607666
2025-03-03,212.2,216.2,211.5,214.6,24637.0,0.03652369466117844,22.780000686645508
2025-03-04,208.7,209.9,198.8,201.7335,58809.0,-0.05995573159366263,23.510000228881836
2025-03-05,204.5,206.85,203.1,203.8289,70127.0,0.01038697092946883,21.93000030517578
2025-03-06,206.45,212.0,206.0,210.5982,30146.0,0.033210697796043576,24.8700008392334
2025-03-07,209.3,209.7,206.0,208.7,11559.0,-0.009013372383999463,23.3700008392334
2025-03-10,211.05,218.8,209.7,214.1198,26267.0,0.025969333972208908,27.860000610351562
2025-03-11,217.9,218.2,209.85,214.9001,28211.0,0.0036442215993104377,26.920000076293945
2025-03-12,212.1,212.9,206.7,207.2,84402.0,-0.03583106755185328,24.229999542236328
2025-03-13,207.55,210.0,207.4,209.0,19587.0,0.008687258687258836,24.65999984741211
2025-03-14,214.0,214.0,210.1,210.5636,59821.0,0.007481339712918755,21.770000457763672
2025-03-17,211.05,213.2,211.0,212.5288,8955.0,0.009333047117355386,20.510000228881836
2025-03-18,212.4,214.6,211.6,212.4187,27172.0,-0.0005180474363944976,21.700000762939453
2025-03-19,213.7,216.5,213.7,215.249,81053.0,0.01332415648904739,19.899999618530273
2025-03-20,214.45,215.0,212.8,213.638,39665.0,-0.007484355328015391,19.799999237060547
2025-03-21,212.8,215.1,211.8,212.5,39330.0,-0.0053267677098643995,19.280000686645508
2025-03-24,214.15,215.5,212.4,212.7,24781.0,0.0009411764705882231,17.479999542236328
2025-03-25,212.6,213.0,202.8,204.7924,41236.0,-0.03717724494593322,17.149999618530273
2025-03-26,206.05,206.4,203.05,203.9,8627.0,-0.004357583582203173,18.329999923706055
2025-03-27,203.225,206.4,201.4,206.2159,17979.0,0.011358018636586475,18.690000534057617
2025-03-28,209.3,209.8,206.7,208.3,3420.0,0.010106398197229138,21.649999618530273
2025-03-31,203.325,205.3,201.55,202.475,44245.0,-0.027964474315890664,22.280000686645508
2025-04-01,204.925,206.0,202.15,202.4,18547.0,-0.0003704161007531681,21.770000457763672
2025-04-02,202.05,204.1,200.75,202.7,25732.0,0.0014822134387351138,21.510000228881836
2025-04-03,196.3,196.3,184.55,185.5,112190.0,-0.08485446472619629,30.020000457763672
2025-04-04,182.65,186.0,175.65,180.1146,29578.0,-0.029031805929919163,45.310001373291016
2025-04-07,165.875,179.1,161.85,170.2599,27491.0,-0.05471349907225742,46.97999954223633
2025-04-08,175.725,179.25,172.65,176.4462,36632.0,0.036334451036327486,52.33000183105469
2025-04-09,170.35,172.75,166.2,168.25,45199.0,-0.046451552937949336,33.619998931884766
2025-04-10,190.05,192.0,175.8,182.25,77245.0,0.08320950965824658,40.720001220703125
2025-04-11,178.6,178.6,171.65,174.85,46138.0,-0.040603566529492485,37.560001373291016
2025-04-14,182.05,182.25,179.65,181.8469,46419.0,0.040016585644838454,30.889999389648438
2025-04-15,180.4,184.55,180.4,184.05,73747.0,0.012115136414203365,30.1200008392334
2025-04-16,181.825,182.25,180.6,181.4,10523.0,-0.014398261342026708,32.63999938964844
2025-04-17,181.875,182.8,180.15,181.65,4870.0,0.001378169790518191,29.649999618530273
2025-04-22,182.05,182.75,179.25,180.5,10276.0,-0.006330856041838695,30.56999969482422
2025-04-23,184.0,190.8,183.65,188.301,63979.0,0.04321883656509695,28.450000762939453
2025-04-24,193.0,193.0,186.1,191.4,30632.0,0.016457692736629115,26.469999313354492
2025-04-25,193.425,193.55,188.1,189.3326,515477.0,-0.01080146290491113,24.84000015258789
2025-04-28,188.35,189.1,187.0,188.0,8435.0,-0.0070384075431279,25.149999618530273
2025-04-29,188.3,189.45,186.85,188.3918,47555.0,0.0020840425531913898,24.170000076293945
2025-04-30,187.275,191.6,187.0,189.0092,70170.0,0.0032772127024636166,24.700000762939453
2025-05-02,191.525,193.5,188.3,191.425,291821.0,0.012781388419188078,22.68000030517578
2025-05-06,190.85,190.95,186.2,187.925,301649.0,-0.01828392320752248,24.760000228881836
2025-05-07,186.85,187.15,182.4,182.9,233369.0,-0.026739390714380806,23.549999237060547
2025-05-08,183.775,184.65,183.2,183.825,6724.0,0.0050574084199015434,22.479999542236328
2025-05-09,177.325,179.8,176.8,178.85,5784.0,-0.02706378348973204,21.899999618530273
2025-05-12,187.025,190.3,182.65,183.275,352201.0,0.02474140341067943,18.389999389648438
2025-05-13,186.0,190.75,186.0,186.0,19919.0,0.014868367207747868,18.219999313354492
2025-05-14,189.225,191.9,187.85,191.125,114762.0,0.027553763440860246,18.6200008392334
2025-05-15,190.25,192.175,189.4,190.0,114914.0,-0.005886200130804431,17.829999923706055
2025-05-16,192.15,194.5,191.875,191.875,349279.0,0.009868421052631637,17.239999771118164
2025-05-19,194.15,194.875,191.85,193.3394,92075.0,0.007632052117263921,18.139999389648438
2025-05-20,195.125,196.9,194.2,195.4203,45540.0,0.01076293812849305,18.09000015258789
2025-05-21,193.625,195.8,193.25,194.6102,54504.0,-0.004145423991263941,20.8700008392334
2025-05-22,194.1,194.7,190.35,191.325,93123.0,-0.016880924021454136,20.280000686645508
2025-05-23,193.025,193.55,186.55,186.85,56845.0,-0.023389520449496937,22.290000915527344
2025-05-27,190.15,190.55,188.8,190.15,59821.0,0.01766122558201766,18.959999084472656
2025-05-28,188.75,189.25,185.7,186.25,17814.0,-0.02051012358664217,19.309999465942383
2025-05-29,186.25,186.25,186.25,186.25,0.0,0.0,19.18000030517578
2025-05-30,187.175,189.3,184.45,186.5,18569.0,0.0013422818791946067,18.56999969482422
2025-06-02,183.125,185.05,183.0,184.0721,48463.0,-0.013018230563002664,18.360000610351562
2025-06-03,183.575,183.7,181.1,182.2354,81507.0,-0.009978155298929092,17.690000534057617
2025-06-04,184.55,186.15,183.95,184.45,12818.0,0.012152413855924804,17.610000610351562
2025-06-05,185.825,186.45,183.6,185.525,16738.0,0.0058281377066957685,18.479999542236328
2025-06-06,185.125,188.025,185.0,187.725,8214.0,0.01185824012936254,16.770000457763672
2025-06-09,187.725,187.725,187.725,187.725,0.0,0.0,17.15999984741211
2025-06-10,187.175,188.85,186.0,187.275,53262.0,-0.002397123451857719,16.950000762939453
2025-06-11,188.75,190.4,188.75,188.75,66575.0,0.007876118008276478,17.260000228881836
2025-06-12,187.875,187.875,185.7,187.225,24872.0,-0.008079470198675498,18.020000457763672
2025-06-13,185.475,189.55,185.1,188.45,11887.0,0.006542929630124261,20.81999969482422
2025-06-16,185.625,185.9,180.55,182.675,126142.0,-0.030644733351021358,19.110000610351562
2025-06-17,180.0,182.45,178.5,179.7375,29940.0,-0.01608047078144248,21.600000381469727
2025-06-18,179.025,179.6,177.9,178.5,56376.0,-0.006885040684331378,20.139999389648438
2025-06-19,177.275,177.35,175.55,176.8,17123.0,-0.00952380952380949,
2025-06-20,177.525,178.1,175.35,176.5,33780.0,-0.0016968325791856254,20.6200008392334
2025-06-23,175.625,176.5,174.5,175.25,132149.0,-0.007082152974504208,19.829999923706055
2025-06-24,176.9,178.25,175.65,177.1412,14308.0,0.010791440798858742,17.479999542236328
2025-06-25,175.825,176.35,173.125,173.125,180493.0,-0.02267230886998617,16.760000228881836
2025-06-26,174.5,174.65,171.6,173.725,22800.0,0.003465703971119005,16.59000015258789
2025-06-27,172.85,174.6,170.55,172.8,14397.0,-0.005324507123326994,16.31999969482422
2025-06-30,175.275,175.6,171.55,173.4848,108123.0,0.003962962962962946,16.729999542236328
2025-07-01,172.0,172.25,170.4,171.3167,160085.0,-0.012497348470874692,16.829999923706055
2025-07-02,172.0,174.95,171.8,172.85,96422.0,0.008950090680009515,16.639999389648438
2025-07-03,176.0,176.7,173.4,176.0,10585.0,0.01822389354932019,16.3799991607666
2025-07-04,172.4,172.625,171.2214,172.6,58184.0,-0.0193181818181819,
2025-07-07,171.825,172.725,171.05,171.8379,65781.0,-0.004415411355735865,17.790000915527344
2025-07-08,171.875,172.55,170.225,171.4566,90494.0,-0.0022189516980828383,16.809999465942383
2025-07-09,171.875,172.75,170.95,172.1,23446.0,0.0037525531242308396,15.9399995803833
2025-07-10,172.15,174.8,172.15,172.6,43547.0,0.0029052876234747504,15.779999732971191
2025-07-11,172.8,174.25,172.25,173.125,9966.0,0.003041714947856322,16.399999618530273
2025-07-14,172.7,173.05,171.45,172.35,165187.0,-0.0044765342960289,17.200000762939453
2025-07-15,171.575,172.8,171.2,172.1,11402.0,-0.0014505366985784196,17.3799991607666
2025-07-16,170.7,172.25,170.075,170.65,47325.0,-0.008425334108076665,17.15999984741211
2025-07-17,172.25,173.4,171.5,171.925,44336.0,0.0074714327571052674,16.520000457763672
2025-07-18,173.025,173.4,171.0453,172.65,20544.0,0.004216955067616768,16.40999984741211
2025-07-21,171.275,172.5,169.375,172.15,11124.0,-0.002896032435563245,16.649999618530273
2025-07-22,170.0,170.0,167.3,168.0375,47162.0,-0.02388905024687782,16.5
2025-07-23,170.75,173.7,170.5,173.125,20230.0,0.030275980063973806,15.369999885559082
2025-07-24,172.75,175.475,167.5,168.45,47726.0,-0.027003610108303322,15.390000343322754
2025-07-25,168.3,170.2,167.4,168.45,118797.0,0.0,14.930000305175781
2025-07-28,171.475,173.45,170.95,172.7,62224.0,0.02523003858711781,15.029999732971191
2025-07-29,171.375,171.85,169.55,171.175,33591.0,-0.008830341632889316,15.979999542236328
2025-07-30,170.1,170.25,167.325,169.325,32517.0,-0.010807652986709604,15.479999542236328
2025-07-31,167.225,168.9,165.65,167.275,14811.0,-0.012106895024361353,16.719999313354492
2025-08-01,167.275,167.275,167.275,167.275,0.0,0.0,20.3799991607666
2025-08-04,163.225,165.7,160.25,164.4662,34932.0,-0.016791510984905167,17.520000457763672
2025-08-05,166.25,166.9,165.35,166.1604,9079.0,0.01030120474602092,17.850000381469727
2025-08-06,166.55,167.45,165.6,166.5,17683.0,0.0020438082720068973,16.770000457763672
2025-08-07,167.325,171.2,166.625,169.625,8599.0,0.018768768768768762,16.56999969482422
2025-08-08,170.55,171.25,170.0,171.125,25829.0,0.008843036109064117,15.149999618530273
2025-08-11,171.375,171.85,168.6,170.4987,11730.0,-0.003659897735573292,16.25
2025-08-12,168.75,170.95,168.5,168.95,51385.0,-0.009083353714720577,14.729999542236328
2025-08-13,170.85,171.35,169.3,171.225,29609.0,0.01346552234388887,14.489999771118164
2025-08-14,170.95,171.15,168.75,170.6,12919.0,-0.003650167907723767,14.829999923706055
2025-08-15,170.25,170.95,168.75,170.2,16396.0,-0.0023446658851113966,15.09000015258789
2025-08-18,168.4,168.75,166.175,168.55,42958.0,-0.009694477085781306,14.989999771118164
2025-08-19,167.6,171.1,167.6,169.1255,19739.0,0.003414417086917698,15.569999694824219
2025-08-20,170.25,172.1857,169.95,171.0677,22263.0,0.011483779796660043,15.6899995803833
2025-08-21,170.55,170.55,167.65,170.0,29919.0,-0.006241388643209667,16.600000381469727
2025-08-22,167.025,169.35,166.85,167.525,3578.0,-0.014558823529411735,14.220000267028809
2025-08-26,166.25,168.4,166.0,167.4156,25110.0,-0.000653036860170042,14.619999885559082
2025-08-27,167.625,169.2,167.35,167.675,23129.0,0.001549437447884161,14.850000381469727
2025-08-28,167.575,169.55,165.0,165.275,89839.0,-0.014313403906366484,14.430000305175781
2025-08-29,164.95,165.8,162.8,164.95,30113.0,-0.0019664196036909276,15.359999656677246
2025-09-01,163.325,165.2572,163.0,164.9563,160740.0,3.8193391937113574e-05,
2025-09-02,165.025,165.85,162.2175,162.2256,129297.0,-0.016554081293045586,17.170000076293945
2025-09-03,163.375,163.925,160.932,161.075,195304.0,-0.00709259204465873,16.350000381469727
2025-09-04,162.55,163.75,162.0,162.0,199354.0,0.0057426664597237664,15.300000190734863
2025-09-05,163.675,165.15,163.6,164.0,253631.0,0.012345679012345734,15.180000305175781
2025-09-08,164.35,166.8667,163.4,166.8525,325018.0,0.017393292682926775,15.109999656677246
2025-09-09,167.325,169.2352,164.817,164.85,248061.0,-0.012001618195711772,15.039999961853027
2025-09-10,165.375,165.8,162.9,163.075,246921.0,-0.010767364270549029,15.350000381469727
2025-09-11,163.625,164.45,162.9,163.525,237134.0,0.002759466503142738,14.710000038146973
2025-09-12,165.325,166.35,164.3,165.175,21249.0,0.010090200275187255,14.760000228881836
2025-09-15,165.575,166.95,164.95,166.5167,36630.0,0.008122899954593477,15.6899995803833
2025-09-16,167.425,168.65,166.425,166.6168,101765.0,0.0006011409065878048,16.360000610351562
2025-09-17,166.9,168.15,166.625,167.075,173116.0,0.002750022806823571,15.720000267028809
2025-09-18,167.775,171.2,167.3,170.3,118641.0,0.019302708364507204,15.699999809265137
2025-09-19,162.3,162.3,154.0768,156.75,271406.0,-0.07956547269524372,15.449999809265137
2025-09-22,154.1,156.35,153.95,155.4436,80948.0,-0.008334290271132305,16.100000381469727
2025-09-23,153.925,157.7,153.75,156.4337,11846.0,0.006369512800784127,16.639999389648438
2025-09-24,155.175,155.8,154.4,154.95,262424.0,-0.009484529228676375,16.18000030517578
2025-09-25,153.225,154.05,151.8196,153.725,47617.0,-0.007905776056792435,16.739999771118164
2025-09-26,152.55,153.05,152.0,152.7,26927.0,-0.0066677508537974495,15.289999961853027
2025-09-29,153.175,153.45,151.55,152.4485,7102.0,-0.0016470203012441953,16.1200008392334
2025-09-30,151.125,151.2,147.5,148.3163,158745.0,-0.027105547119190998,16.280000686645508
2025-10-01,148.35,150.4,147.9,150.15,101910.0,0.012363442184035067,16.290000915527344
2025-10-02,151.325,152.7486,150.65,151.275,119778.0,0.007492507492507405,16.6299991607666
2025-10-03,153.325,154.7111,152.625,153.275,78471.0,0.013220955214014118,16.649999618530273
2025-10-06,153.875,154.6,153.0,153.6642,27387.0,0.0025392268797912454,16.3700008392334
2025-10-07,153.875,154.0,152.15,152.4729,17429.0,-0.0077526190225177816,17.239999771118164
2025-10-08,151.925,153.0,151.05,151.5689,266793.0,-0.005928922451137186,16.299999237060547
2025-10-09,152.3,153.15,150.5,151.3,154276.0,-0.001774110651987293,16.43000030517578
2025-10-10,151.025,152.8,148.8,149.5959,42420.0,-0.011263053536021195,21.65999984741211
2025-10-13,149.375,150.35,148.25,149.2649,101107.0,-0.002212627485111529,19.030000686645508
2025-10-14,149.075,149.9,148.099,148.72,24072.0,-0.0036505568288325296,20.809999465942383
2025-10-15,149.475,150.75,149.0,150.0,17542.0,0.008606777837547153,20.639999389648438
2025-10-16,150.35,153.2023,149.5,152.65,88435.0,0.01766666666666672,25.309999465942383
2025-10-17,152.35,154.4,151.7,154.25,155071.0,0.010481493612839898,20.780000686645508
2025-10-20,154.9,155.5545,153.65,155.3233,71349.0,0.0069581847649917705,18.229999542236328
2025-10-21,155.575,156.35,153.7,155.2673,29096.0,-0.0003605383094485992,17.8700008392334
2025-10-22,156.5,156.8,155.0,155.425,85501.0,0.0010156678193025126,18.600000381469727
2025-10-23,153.025,156.725,149.8,154.85,58478.0,-0.003699533537075861,17.299999237060547
2025-10-24,154.9,157.35,154.9,156.5,39983.0,0.01065547303842429,16.3700008392334
2025-10-27,157.425,159.45,156.5,158.4262,22532.0,0.012307987220447236,15.789999961853027
2025-10-28,159.125,159.7,157.3777,157.8227,70402.0,-0.0038093446664756447,16.420000076293945
2025-10-29,157.475,158.75,156.95,157.375,13586.0,-0.0028367275429960204,16.920000076293945
2025-10-30,155.175,156.1,153.05,153.375,27688.0,-0.025416997617156434,16.90999984741211
2025-10-31,154.7,155.2,153.9946,154.9,88003.0,0.009942950285248608,17.440000534057617
2025-11-03,154.4,155.8,153.775,153.8523,43185.0,-0.006763718528082552,17.170000076293945
2025-11-04,152.95,152.95,149.0,150.3401,22605.0,-0.02282838800589926,19.0
2025-11-05,151.025,152.5,150.65,150.8,118035.0,0.0030590640820380433,18.010000228881836
2025-11-06,150.4,153.375,150.25,152.75,304640.0,0.012931034482758452,19.5
2025-11-07,151.7,151.7,149.4,149.675,39190.0,-0.020130932896890275,19.079999923706055
2025-11-10,151.875,152.8,151.6,151.6523,116655.0,0.013210623016535639,17.600000381469727
2025-11-11,153.725,159.35,153.55,157.5749,22184.0,0.03905380927292246,17.280000686645508
2025-11-12,158.45,160.05,158.3,158.3,20970.0,0.004601621197284578,17.510000228881836
2025-11-13,159.475,159.5,155.45,156.7,18483.0,-0.010107391029690604,20.0
2025-11-14,155.875,156.3,153.15,155.075,14409.0,-0.010370134014039523,19.829999923706055
2025-11-17,154.75,155.4,152.25,153.555,5082.0,-0.00980170885055609,22.3799991607666
2025-11-18,151.025,151.15,149.55,150.2776,57208.0,-0.021343492559669164,24.690000534057617
2025-11-19,150.45,152.5041,149.85,150.85,41429.0,0.0038089509015315492,23.65999984741211
2025-11-20,153.2,153.2,150.3947,150.75,26503.0,-0.0006629101756711053,26.420000076293945
2025-11-21,149.775,153.4,149.7,151.925,43069.0,0.007794361525704785,23.43000030517578
2025-11-24,155.075,156.75,154.45,155.5811,395420.0,0.024065163732104544,20.520000457763672
2025-11-25,155.325,157.45,153.4749,155.2676,108886.0,-0.00201502624676142,18.559999465942383
2025-11-26,157.925,159.4,157.0,158.1,43175.0,0.01824205436291937,17.190000534057617
2025-11-27,159.525,161.875,159.3,161.875,50776.0,0.023877292852624965,
2025-11-28,161.325,162.05,160.1,161.175,320709.0,-0.00432432432432428,16.350000381469727
2025-12-01,161.225,162.2,160.25,161.9069,9693.0,0.004541026834186335,17.239999771118164
2025-12-02,161.775,162.1,160.05,160.7259,25972.0,-0.007294315436834453,16.59000015258789
2025-12-03,161.125,162.725,159.2,161.225,11620.0,0.003105286702392185,16.079999923706055
2025-12-04,161.325,163.8,160.8,163.475,38119.0,0.013955652039075783,15.779999732971191
2025-12-05,162.95,164.1,161.7994,162.8,39419.0,-0.004129071723505073,15.40999984741211
2025-12-08,164.6,166.25,163.325,165.4,68292.0,0.01597051597051591,16.65999984741211
2025-12-09,165.475,167.8,163.5,164.2894,89834.0,-0.00671463119709792,16.93000030517578
2025-12-10,167.6,170.013,167.6,169.2,39978.0,0.029889938121388182,15.770000457763672
2025-12-11,169.675,174.5,169.25,173.65,54145.0,0.02630023640661938,14.850000381469727
2025-12-12,175.425,176.0,174.2,174.8,11170.0,0.0066225165562914245,15.739999771118164
