timestamp,Open,High,Low,Close,Volume,Return,VIX
2006-03-08,58.6256,60.3387,58.6256,59.9961,515.0,,12.319999694824219
2006-03-13,61.7665,61.7665,61.488,61.6331,317.0,0.027285106865279518,11.369999885559082
2006-03-14,60.384,60.9936,60.384,60.9936,1040.0,-0.010375918134898243,10.739999771118164
2006-03-15,61.1207,61.1207,60.7736,60.7736,210.0,-0.0036069358096586512,11.350000381469727
2006-03-16,60.9475,60.9475,60.1558,60.517,189.0,-0.004222228072715772,11.979999542236328
2006-03-17,60.6639,61.4044,60.6639,61.4044,100.0,0.014663648231075577,12.119999885559082
2006-03-22,60.2759,61.2991,60.2759,61.2991,277.0,-0.0017148608243057195,11.210000038146973
2006-03-23,61.2758,61.2758,60.874,61.0271,522.0,-0.004437259274606031,11.170000076293945
2006-03-24,60.9395,61.437,60.9395,61.437,100.0,0.006716688159850381,11.1899995803833
2006-03-27,61.6285,61.6285,60.6771,60.792,3148.0,-0.010498559499975468,11.460000038146973
2006-03-28,60.6541,60.921,60.6541,60.921,236.0,0.002121989735491381,11.579999923706055
2006-03-29,60.9799,60.9799,60.549,60.549,93.0,-0.006106268774314305,10.949999809265137
2006-03-30,61.1308,61.1687,61.1308,61.1687,120.0,0.010234685956828304,11.569999694824219
2006-04-03,61.0778,61.0778,61.0208,61.0208,32.0,-0.002417903274060107,11.569999694824219
2006-04-05,60.6708,61.0565,60.6708,60.8868,187.0,-0.0021959725208453573,11.130000114440918
2006-04-06,62.0149,62.0149,61.2469,61.9203,62.0,0.016974122469894937,11.449999809265137
2006-04-10,61.6782,62.0777,61.6782,62.0777,675.0,0.0025419773483010832,12.1899995803833
2006-04-11,61.2187,61.2187,61.1729,61.1729,32.0,-0.014575282267223155,13.0
2006-04-12,61.5821,61.5821,60.4764,60.4764,5318.0,-0.011385760688147895,12.760000228881836
2006-04-13,60.8771,60.8771,60.1328,60.4573,370.0,-0.0003158256774543622,12.380000114440918
2006-04-18,60.1074,60.3437,59.6668,59.8946,2232.0,-0.009307395467544888,11.399999618530273
2006-04-19,59.7167,60.5932,59.7167,60.2121,699.0,0.005300978719283478,11.319999694824219
2006-04-21,61.1077,61.1077,60.7154,61.0774,149.0,0.014370865656570642,11.59000015258789
2006-04-24,61.0735,61.0735,60.0484,60.6938,1667.0,-0.006280555491883999,11.75
2006-04-25,60.2506,60.2506,60.0795,60.0795,33.0,-0.010121297397757245,11.75
2006-04-27,59.5532,59.8768,59.5532,59.8768,126.0,-0.003373862964904828,11.84000015258789
2006-05-03,59.7736,59.7736,58.8074,58.8074,482.0,-0.017860005878737706,11.989999771118164
2006-05-04,58.1083,58.5965,57.6059,58.5965,2646.0,-0.003586283358897102,11.859999656677246
2006-05-05,58.9035,58.9035,58.1481,58.5411,224.0,-0.000945448960262163,11.619999885559082
2006-05-08,58.6192,58.8217,58.4077,58.8217,288.0,0.004793213656730133,12.0
2006-05-09,58.7415,58.7719,58.7415,58.7719,225.0,-0.0008466263300788146,11.989999771118164
2006-05-12,57.6463,57.8749,57.6463,57.8749,278.0,-0.015262395804797935,14.1899995803833
2006-05-15,57.0324,57.1276,57.0324,57.1276,102.0,-0.012912333325845848,13.569999694824219
2006-05-16,56.8634,58.3951,56.8634,58.0973,384.0,0.016974282133329632,13.350000381469727
2006-05-17,58.6141,59.0472,58.1736,58.1736,911.0,0.0013133140438541524,16.260000228881836
2006-05-19,56.9103,57.6698,56.9103,57.0828,283.0,-0.018750773546763466,17.18000030517578
2006-05-22,56.3986,57.0401,56.3986,57.0401,64.0,-0.0007480361860314755,17.719999313354492
2006-05-23,56.3253,57.3355,56.3253,57.3355,1151.0,0.0051788128001177824,18.260000228881836
2006-05-24,57.3661,57.3661,56.4396,56.4396,82.0,-0.01562557228941941,17.360000610351562
2006-05-26,57.362,57.362,56.923,57.2666,8594.0,0.014652832408450722,14.260000228881836
2006-05-30,57.6273,57.6273,56.736,56.736,293.0,-0.009265435698993851,18.65999984741211
2006-05-31,56.1194,56.6086,55.9099,56.2718,244.0,-0.008181754089114479,16.440000534057617
2006-06-01,55.6997,56.634,55.6997,56.634,120.0,0.006436616564602593,14.520000457763672
2006-06-02,56.8839,57.1126,56.8839,57.1126,103.0,0.008450753964049929,14.319999694824219
2006-06-05,56.928,56.928,56.328,56.625,219.0,-0.008537520617166838,16.649999618530273
2006-06-06,57.2014,57.2014,56.2606,56.3666,271.0,-0.004563355408388592,17.34000015258789
2006-06-07,56.4965,56.4965,56.0478,56.0478,135.0,-0.00565583164498118,17.799999237060547
2006-06-08,56.505,56.505,55.7313,55.7313,163.0,-0.005646965625769496,18.350000381469727
2006-06-12,55.1736,55.1736,55.0592,55.0592,137.0,-0.01205965050160318,20.959999084472656
2006-06-14,53.8197,54.0122,53.7079,54.0122,1516.0,-0.0190158956178077,21.459999084472656
2006-06-15,53.6423,53.9401,53.6423,53.9401,96.0,-0.0013348836003717057,15.899999618530273
2006-06-16,54.8434,54.8434,53.8,53.8,229.0,-0.0025973255518622063,17.25
2006-06-22,54.0146,54.3953,54.0146,54.3953,147.0,0.011065055762081721,15.880000114440918
2006-06-23,54.6188,55.4366,54.6188,55.2274,1070.0,0.015297277522138941,15.890000343322754
2006-06-26,54.777,54.834,54.777,54.834,62.0,-0.007123275765290371,15.619999885559082
2006-06-27,54.1932,54.3262,54.1932,54.3262,192.0,-0.009260677681730334,16.399999618530273
2006-06-28,53.9069,54.1919,53.9069,54.1919,150.0,-0.0024721036995041246,15.789999961853027
2006-06-29,53.8606,55.3962,53.8606,55.3962,155.0,0.022222878326834783,13.029999732971191
2006-06-30,54.7847,55.4111,54.7847,55.2782,532.0,-0.0021301100075457047,13.079999923706055
2006-07-03,55.4622,55.8593,55.4622,55.8593,297.0,0.010512281514231558,13.050000190734863
2006-07-05,55.6756,55.7515,55.6756,55.7515,26.0,-0.0019298487449717072,14.149999618530273
2006-07-06,55.9965,56.1669,55.9965,56.1669,200.0,0.0074509206030330954,13.649999618530273
2006-07-10,55.9659,56.5924,55.9659,56.5924,1715.0,0.0075756361843006825,14.020000457763672
2006-07-11,56.7803,57.7288,56.7803,57.1976,356.0,0.010694015450837924,13.140000343322754
2006-07-12,57.6364,58.3765,57.6364,57.6553,8897.0,0.008002084003524645,14.489999771118164
2006-07-14,56.8704,56.8704,56.3382,56.3382,56.0,-0.022844387246272135,18.049999237060547
2006-07-17,55.8498,56.63,55.8498,56.63,67.0,0.005179434202725819,18.639999389648438
2006-07-18,56.6195,56.9263,56.6195,56.9263,77.0,0.005232209076461158,17.739999771118164
2006-07-19,55.9528,56.7805,55.9143,56.7805,1541.0,-0.0025612063316954314,15.550000190734863
2006-07-21,57.3296,57.3296,56.8864,57.1947,99.0,0.007294757883428149,17.399999618530273
2006-07-24,56.8002,58.0793,56.8002,58.0793,356.0,0.015466468046864579,14.979999542236328
2006-07-26,57.9349,58.3795,57.9349,58.3795,18.0,0.005168795078452915,14.619999885559082
2006-07-27,57.6509,57.7667,57.6509,57.7667,180.0,-0.010496835361727963,14.9399995803833
2006-07-28,57.3151,58.1622,57.3151,58.1622,571.0,0.006846504993361258,14.329999923706055
2006-07-31,58.556,58.6716,58.113,58.6716,682.0,0.0087582656777081,14.949999809265137
2006-08-02,57.4584,57.4584,57.3231,57.3231,400.0,-0.022983862720634907,14.34000015258789
2006-08-03,57.9914,57.9914,57.0821,57.0821,454.0,-0.004204238779828673,14.460000038146973
2006-08-04,57.1036,57.7294,57.0254,57.7294,464.0,0.01133980704984583,14.34000015258789
2006-08-07,56.8294,57.514,56.8294,57.0641,307.0,-0.011524457208978323,15.229999542236328
2006-08-09,57.6717,57.6717,57.3394,57.6522,2740.0,0.010305954181350385,15.199999809265137
2006-08-10,57.4758,57.4759,57.1624,57.1624,5556.0,-0.008495772928006295,14.460000038146973
2006-08-11,57.3689,57.703,57.3689,57.703,510.0,0.009457265615159693,14.300000190734863
2006-08-14,57.7306,57.8357,57.6391,57.8357,2362.0,0.002299707120946959,14.260000228881836
2006-08-17,58.3991,58.9055,58.3991,58.9055,25.0,0.018497225761942904,12.239999771118164
2006-08-18,58.5982,58.7084,58.5982,58.7084,116.0,-0.0033460372970266494,11.640000343322754
2006-08-21,59.0403,59.0403,58.3606,58.5937,30.0,-0.0019537238282767433,12.220000267028809
2006-08-22,58.3624,58.7722,58.3624,58.7722,35.0,0.0030464025995968758,12.1899995803833
2006-08-23,58.2423,58.8494,58.2423,58.8494,236.0,0.0013135462004145726,12.399999618530273
2006-08-24,58.6077,59.0382,58.6077,59.0382,3049.0,0.0032081890384609846,12.399999618530273
2006-08-25,58.5862,58.7822,58.5862,58.7822,34.0,-0.00433617556090804,12.3100004196167
2006-08-29,58.8678,59.1425,58.8678,59.1425,290.0,0.006129406521021563,12.279999732971191
2006-08-30,60.0584,60.0584,59.4373,59.4373,66.0,0.004984571162869322,12.220000267028809
2006-08-31,58.9164,59.0663,58.9164,59.0663,100.0,-0.0062418716866344814,12.3100004196167
2006-09-05,58.2432,58.5761,58.2432,58.5761,390.0,-0.008299148583879479,12.630000114440918
2006-09-06,58.4147,58.4147,57.9466,58.2001,373.0,-0.0064190002407125135,13.739999771118164
2006-09-07,58.2677,58.814,57.8384,58.1701,540.0,-0.0005154630318504605,13.880000114440918
2006-09-11,58.311,58.8356,58.311,58.8356,355.0,0.011440585455414487,12.989999771118164
2006-09-12,59.1348,59.8213,59.1348,59.7036,6221.0,0.014752972690003974,11.920000076293945
2006-09-13,60.0188,60.0188,59.9205,59.9205,150.0,0.0036329467569793383,11.180000305175781
2006-09-15,59.4758,60.0105,59.4758,60.0105,240.0,0.0015019901369315303,11.760000228881836
2006-09-18,59.8689,59.8689,59.7704,59.7704,50.0,-0.004000966497529568,11.779999732971191
2006-09-22,60.3708,60.5872,59.8788,60.1346,588.0,0.006093317093410766,12.59000015258789
2006-09-25,60.7864,60.7864,60.1361,60.1361,166.0,2.49440421986602e-05,12.119999885559082
2006-09-26,60.8831,60.8831,60.2903,60.5669,599.0,0.007163750226569343,11.529999732971191
2006-09-27,61.2947,61.2947,60.8419,60.8419,457.0,0.004540433801300869,11.579999923706055
2006-09-29,62.0734,62.0734,60.9744,61.1511,600.0,0.005082024065652169,11.979999542236328
2006-10-02,61.2512,61.2512,61.1531,61.1531,432.0,3.270587119441615e-05,12.569999694824219
2006-10-03,61.3559,61.3559,60.7256,60.9817,398.0,-0.0028028014933013656,12.239999771118164
2006-10-05,60.5888,61.1208,60.5888,61.1208,1252.0,0.0022810121725043153,11.979999542236328
2006-10-06,60.659,60.9159,60.659,60.9159,253.0,-0.0033523775866808325,11.5600004196167
2006-10-10,61.7381,61.7381,61.3634,61.3634,130.0,0.007346193686705638,11.520000457763672
2006-10-11,61.4443,61.7407,61.4443,61.5036,5433.0,0.002284749541257458,11.619999885559082
2006-10-12,61.3641,61.3641,60.9689,61.0677,192.0,-0.007087390006438543,11.09000015258789
2006-10-13,60.8877,61.0464,60.8877,61.0464,147.0,-0.0003487932245688219,10.75
2006-10-16,61.3568,61.7923,60.9597,61.4553,1857.0,0.006698183676678848,11.09000015258789
2006-10-17,61.6506,61.7499,60.9758,61.2338,1137.0,-0.003604245687515939,11.729999542236328
2006-10-18,61.6803,61.8478,61.3901,61.3901,454.0,0.0025525118480316245,11.34000015258789
2006-10-19,62.646,63.1219,61.7337,63.1219,1142.0,0.028209760205635703,10.899999618530273
2006-10-20,64.141,64.141,63.7043,63.7043,361.0,0.009226591721732236,10.630000114440918
2006-10-23,64.2252,64.3644,64.0861,64.0861,691.0,0.005993315992797843,11.079999923706055
2006-10-24,64.3846,64.3846,63.5888,63.9469,611.0,-0.0021720778764818816,10.779999732971191
2006-10-25,64.1817,64.7389,63.7438,64.3409,1241.0,0.006161362005038695,10.65999984741211
2006-10-26,64.1208,64.1208,63.6039,63.6039,657.0,-0.011454611297013306,10.5600004196167
2006-10-27,63.6455,63.6455,62.8311,63.427,875.0,-0.0027812759909376927,10.800000190734863
2006-10-30,63.1487,63.4473,63.1487,63.4473,254.0,0.0003200529742852787,11.199999809265137
2006-10-31,63.2266,63.5447,63.2266,63.5447,599.0,0.0015351323066545852,11.100000381469727
2006-11-01,63.6696,63.6696,62.7995,63.4946,161.0,-0.0007884213789662864,11.510000228881836
2006-11-02,63.7935,63.7935,63.5819,63.5819,50.0,0.0013749200719430643,11.420000076293945
2006-11-03,64.1948,64.5745,63.895,64.1348,419.0,0.008695870994732902,11.15999984741211
2006-11-07,64.268,64.3079,63.5701,64.0886,257.0,-0.0007203577464963695,11.09000015258789
2006-11-09,62.5067,62.7646,62.5067,62.7646,124.0,-0.020658900334848962,11.010000228881836
2006-11-10,61.955,61.955,61.8756,61.8756,5442.0,-0.014164035140827869,10.789999961853027
2006-11-13,60.5746,61.2091,60.4953,60.8919,491.0,-0.015898027655489422,10.859999656677246
2006-11-14,60.1287,60.1287,60.1287,60.1287,116.0,-0.012533686746513006,10.5
2006-11-15,60.606,60.8033,60.606,60.8033,50.0,0.011219268003465954,10.3100004196167
2006-11-16,60.4671,61.0201,60.4671,60.6646,2418.0,-0.0022811261888746603,10.15999984741211
2006-11-17,60.7391,60.7391,60.6996,60.6996,48.0,0.0005769427310160502,10.050000190734863
2006-11-21,60.1782,60.514,60.1782,60.514,96.0,-0.0030576807754909563,9.899999618530273
2006-11-22,59.998,60.8647,59.998,60.4117,279.0,-0.001690517896685062,10.140000343322754
2006-11-23,60.1283,60.462,60.1283,60.462,97.0,0.0008326201712582915,
2006-11-24,59.9451,59.9451,59.7297,59.7297,170.0,-0.012111739605041194,10.729999542236328
2006-11-27,59.8891,59.9675,59.5753,59.5753,173.0,-0.0025849786622066384,12.300000190734863
2006-11-29,59.1147,59.2467,58.937,58.937,353.0,-0.010714171812815088,10.829999923706055
2006-11-30,59.5303,59.5303,58.7011,58.7011,114.0,-0.004002579025060626,10.90999984741211
2006-12-01,59.208,59.2278,57.7837,57.7837,1649.0,-0.01562832723747931,11.65999984741211
2006-12-04,57.0748,57.7286,57.0748,57.3126,266.0,-0.008152818182290189,11.229999542236328
2006-12-05,57.3682,57.8606,57.3682,57.8606,262.0,0.009561597275293598,11.270000457763672
2006-12-07,58.0397,58.7082,58.0397,58.1774,102.0,0.005475228393760245,12.670000076293945
2006-12-08,58.5041,58.5041,57.6192,57.8945,300.0,-0.004862713012269371,12.069999694824219
2006-12-11,58.3881,58.8413,58.3881,58.526,410.0,0.010907771895430463,10.710000038146973
2006-12-12,59.1334,59.2127,58.6778,58.6778,5640.0,0.0025937190308580327,10.649999618530273
2006-12-13,58.5917,58.8301,58.5917,58.8301,400.0,0.0025955301664344343,10.180000305175781
2006-12-14,59.3554,59.5151,59.3554,59.4951,158.0,0.011303737372535538,9.970000267028809
2006-12-15,59.7736,60.3328,59.7736,60.193,550.0,0.011730377795818425,10.050000190734863
2006-12-19,59.4598,60.0802,59.4598,60.0802,7.0,-0.0018739720565513762,10.300000190734863
2006-12-20,59.9258,59.9258,59.3245,59.3245,1634.0,-0.01257818715650072,10.260000228881836
2006-12-28,59.1586,59.1586,58.8776,59.1184,1161.0,-0.0034741127190284216,10.989999771118164
2006-12-29,58.6291,58.6291,58.6091,58.6091,3.0,-0.008614915153319469,11.5600004196167
2007-01-03,58.8522,59.753,58.8522,59.753,313.0,0.019517446949364636,12.039999961853027
2007-01-04,61.0629,61.0629,60.361,60.6417,694.0,0.014872893411209454,11.510000228881836
2007-01-05,60.9987,61.5587,60.9987,61.5587,200.0,0.01512160773856941,12.140000343322754
2007-01-08,60.5536,60.8142,60.2929,60.2929,124.0,-0.02056248751191947,12.0
2007-01-09,61.1824,61.1824,60.012,60.012,124.0,-0.004658923355818079,11.90999984741211
2007-01-10,59.9135,60.2367,59.9135,60.2367,800.0,0.0037442511497700615,11.470000267028809
2007-01-11,61.003,61.003,60.6981,60.6981,6037.0,0.007659782159381123,10.869999885559082
2007-01-12,60.9058,60.9775,60.2882,60.4725,801.0,-0.003716755549185269,10.149999618530273
2007-01-15,61.8075,61.9514,60.862,61.9514,1175.0,0.024455744346603803,
2007-01-16,61.1737,61.5018,61.1737,61.5018,214.0,-0.007257301691325768,10.739999771118164
2007-01-17,61.3061,61.3473,61.265,61.3473,292.0,-0.002512121596441208,10.59000015258789
2007-01-18,61.5056,61.5056,60.4946,60.8247,1051.0,-0.00851871231496737,10.850000381469727
2007-01-19,61.3243,61.4898,61.221,61.221,275.0,0.006515445205648396,10.399999618530273
2007-01-22,60.5878,61.0632,59.9056,60.4224,282.0,-0.013044543538981657,10.770000457763672
2007-01-23,60.5732,60.5732,59.8511,60.2431,1402.0,-0.002967442537866849,10.34000015258789
2007-01-24,60.7551,60.8579,60.7551,60.8579,75.0,0.010205318119419493,9.890000343322754
2007-01-25,60.8794,60.8794,60.7355,60.8589,360.0,1.6431720450293952e-05,11.220000267028809
2007-01-26,61.2488,61.2488,60.3021,60.405,2403.0,-0.007458235360809917,11.130000114440918
2007-01-29,60.2383,60.6705,60.2383,60.6705,100.0,0.004395331512291989,11.449999809265137
2007-02-01,61.048,61.048,60.3914,60.6992,533.0,0.0004730470327425351,10.3100004196167
2007-02-02,61.1457,61.1457,60.4264,60.858,721.0,0.002616179455412926,10.079999923706055
2007-02-06,61.143,61.923,61.143,61.7382,277.0,0.014463176574977865,10.649999618530273
2007-02-07,62.1365,62.1365,61.625,61.625,489.0,-0.0018335487591151223,10.319999694824219
2007-02-08,60.8436,61.6202,60.8436,61.191,1127.0,-0.007042596348884378,10.4399995803833
2007-02-09,61.9356,61.9356,60.9156,61.1604,2284.0,-0.00050007354022652,11.100000381469727
2007-02-12,61.7156,62.0293,61.3549,61.4979,7894.0,0.005518276531873534,11.609999656677246
2007-02-13,61.5607,62.0286,61.2555,61.4996,5010.0,2.7643220337658647e-05,10.34000015258789
2007-02-14,62.0267,62.1082,61.5986,61.5986,1089.0,0.0016097665675873785,10.229999542236328
2007-02-15,61.025,62.1173,61.025,61.8948,594.0,0.00480855084368792,10.220000267028809
2007-02-16,62.0224,62.4666,62.0224,62.2647,1296.0,0.005976269411970048,10.020000457763672
2007-02-19,61.9725,62.0131,61.0942,61.376,1186.0,-0.014272934744726906,
2007-02-20,61.123,61.1433,60.6368,60.6368,411.0,-0.012043795620437892,10.239999771118164
2007-02-22,60.1449,60.409,59.8604,60.0839,959.0,-0.009118225236160238,10.180000305175781
2007-02-26,59.4678,59.7578,58.3605,59.7578,974.0,-0.0054274106707453695,11.149999618530273
2007-02-27,58.4246,58.4246,57.5598,57.5598,208.0,-0.036781809236618446,18.309999465942383
2007-02-28,56.4652,57.4477,56.4652,57.2071,929.0,-0.006127540401460796,15.420000076293945
2007-03-01,56.9007,56.9007,56.2789,56.4995,194.0,-0.012369094046018714,15.819999694824219
2007-03-02,56.0163,56.5925,56.0163,56.2945,492.0,-0.0036283506933689758,18.610000610351562
2007-03-05,57.0075,57.0075,55.8949,55.8949,133.0,-0.00709838438923871,19.6299991607666
2007-03-06,58.2773,59.4807,58.2773,58.9875,317.0,0.055328840377207866,15.960000038146973
2007-03-07,58.2986,58.9108,58.2986,58.9108,100.0,-0.0013002754820935492,15.239999771118164
2007-03-08,59.1707,59.9654,59.1111,59.3097,1895.0,0.0067712541673172755,14.289999961853027
2007-03-12,57.0224,58.1114,57.0224,57.7352,6498.0,-0.026547090948023655,13.989999771118164
2007-03-13,57.9474,58.0265,57.4134,57.9276,2886.0,0.003332455763555009,18.1299991607666
2007-03-14,57.0788,58.0426,57.0788,57.4919,332.0,-0.0075214578197612125,17.270000457763672
2007-03-15,56.7654,57.7308,56.7654,57.4353,650.0,-0.0009844865102737188,16.43000030517578
2007-03-16,57.8934,57.8934,57.5985,57.5985,300.0,0.002841458127667229,16.790000915527344
2007-03-19,58.2414,58.2414,57.3583,57.7076,950.0,0.0018941465489552556,14.59000015258789
2007-03-20,57.4834,57.8817,57.0454,57.8617,4514.0,0.0026703588435492698,13.270000457763672
2007-03-21,57.6153,57.8746,57.4956,57.8746,135.0,0.00022294540257195017,12.1899995803833
2007-03-22,57.3293,58.0282,57.3293,58.0282,64.0,0.0026540140234230236,12.930000305175781
2007-03-23,58.6697,58.6697,57.8355,58.1759,588.0,0.0025453141748321695,12.949999809265137
2007-03-26,57.9981,58.2384,57.8179,58.0382,192.0,-0.0023669595141629918,13.15999984741211
2007-03-28,57.1373,57.3364,56.9582,57.2568,204.0,-0.013463546422873285,14.979999542236328
2007-03-30,58.0175,58.2381,58.0175,58.2381,300.0,0.017138575680093915,14.640000343322754
2007-04-02,55.9474,56.6512,55.7262,56.1083,1013.0,-0.03657056119619295,14.529999732971191
2007-04-03,56.8534,56.9341,56.3083,56.3083,1792.0,0.003564535015318615,13.460000038146973
2007-04-04,56.8234,56.8234,56.1776,56.4198,642.0,0.0019801698861445782,13.239999771118164
2007-04-05,56.3405,56.8617,55.7392,56.4808,409.0,0.0010811807202435464,13.229999542236328
2007-04-10,56.8486,57.0495,56.8486,56.8486,68.0,0.006511947422841002,12.680000305175781
2007-04-11,56.9182,56.9182,56.2516,56.2516,499.0,-0.01050157787526862,13.489999771118164
2007-04-12,55.8461,56.3638,55.8461,56.2429,354.0,-0.00015466226738447553,12.710000038146973
2007-04-13,57.3977,57.7208,57.2563,57.2563,6594.0,0.018018274306623727,12.199999809265137
2007-04-16,58.0251,58.0251,57.5599,57.5599,40.0,0.005302473264950702,11.979999542236328
2007-04-17,57.5384,57.701,57.2741,57.701,187.0,0.002451359366503425,12.140000343322754
2007-04-20,58.6251,58.7265,58.3208,58.3208,16620.0,0.010741581601705352,12.069999694824219
2007-04-23,59.6481,59.6481,58.6337,58.6337,414.0,0.005365152741388934,13.039999961853027
2007-04-24,59.0297,59.0297,58.3234,58.5655,282.0,-0.001163153613024548,13.119999885559082
2007-04-25,59.1443,59.1443,58.1343,58.5585,1523.0,-0.00011952429331263392,13.210000038146973
2007-04-26,58.5897,59.3959,58.5897,59.2951,2119.0,0.012578874117335603,12.789999961853027
2007-04-27,59.5369,59.5369,59.4359,59.4359,100.0,0.002374563834111054,12.449999809265137
2007-04-30,60.0501,60.0501,59.2414,59.2414,37600.0,-0.003272432990835461,14.220000267028809
2007-05-02,58.236,59.4302,58.236,59.4302,398.0,0.0031869604702117194,13.079999923706055
2007-05-03,59.9477,59.9477,59.1496,59.1496,195.0,-0.004721505227981759,13.09000015258789
2007-05-04,59.8609,59.8609,59.6992,59.6992,1000.0,0.009291694280265661,12.90999984741211
2007-05-08,58.9825,59.5044,58.9825,59.206,252.0,-0.008261417238421886,13.210000038146973
2007-05-09,59.9195,59.9195,59.2888,59.2888,588.0,0.0013985069080835189,12.880000114440918
2007-05-11,58.8891,58.8891,58.1001,58.5047,6548.0,-0.013225094790247138,12.949999809265137
2007-05-14,58.3928,58.7166,58.3928,58.7166,380.0,0.003621931229456754,13.960000038146973
2007-05-15,58.7284,59.3343,58.7284,58.7284,304.0,0.00020096531474922408,14.010000228881836
2007-05-16,58.3352,58.5173,58.3352,58.5173,115.0,-0.003594513046498826,13.5
2007-05-18,59.1461,59.2678,58.2124,58.5371,977.0,0.0003383614760079645,12.760000228881836
2007-05-22,57.4705,57.4705,56.7914,57.0431,367.0,-0.025522275616660206,13.0600004196167
2007-05-23,57.3525,57.761,57.1483,57.5567,336.0,0.00900371824111934,13.239999771118164
2007-05-24,57.251,58.0277,57.251,57.7006,306.0,0.0025001433369182813,14.079999923706055
2007-05-25,57.3679,57.7148,57.3679,57.7148,117.0,0.00024609796085295343,13.34000015258789
2007-05-30,57.51,57.8344,57.51,57.8344,105.0,0.0020722587620507493,12.829999923706055
2007-05-31,57.9437,57.9437,57.3344,57.9234,486.0,0.001538876516398613,13.050000190734863
2007-06-01,57.7827,57.946,57.6398,57.946,613.0,0.0003901704665125738,12.779999732971191
2007-06-06,57.8044,57.8044,57.1339,57.2558,337.0,-0.011911089635177508,14.869999885559082
2007-06-07,56.936,57.0172,56.936,57.0172,32.0,-0.004167263403882182,17.059999465942383
2007-06-08,56.9465,56.9669,56.5194,56.9669,411.0,-0.0008821899356685758,14.84000015258789
2007-06-11,56.7658,57.3175,56.7045,57.0927,546.0,0.0022082999074901632,14.710000038146973
2007-06-12,57.1828,57.2649,56.7103,56.7103,7398.0,-0.006697879063347956,16.670000076293945
2007-06-13,56.3282,57.2533,56.3282,56.801,1026.0,0.001599356730611623,14.729999542236328
2007-06-14,56.6088,57.328,56.6088,57.0814,900.0,0.0049365328075210435,13.640000343322754
2007-06-15,57.796,58.6193,57.796,58.6193,150.0,0.02694222636445498,13.9399995803833
2007-06-19,57.5326,57.6772,57.5326,57.6772,160.0,-0.01607149863611479,12.850000381469727
2007-06-20,58.066,58.066,57.7561,57.7561,49.0,0.001367958222660004,14.670000076293945
2007-06-21,57.1625,57.7631,56.9761,57.2867,2219.0,-0.008127280062192543,14.210000038146973
2007-06-22,57.3353,57.3353,57.2735,57.2735,265.0,-0.0002304199753172531,15.75
2007-06-25,57.3195,57.4636,56.9492,57.2784,292.0,8.555440125013192e-05,16.649999618530273
2007-06-26,56.7848,56.9493,56.7847,56.9493,154.0,-0.005745621386072153,18.889999389648438
2007-06-27,57.205,57.76,57.205,57.4106,503.0,0.008100187359634026,15.529999732971191
2007-06-28,57.0037,57.8902,57.0037,57.4572,2665.0,0.0008116967946685261,15.539999961853027
2007-06-29,57.089,57.9955,57.089,57.6247,1545.0,0.002915213411025963,16.229999542236328
2007-07-02,57.5227,57.5227,56.9096,57.3183,731.0,-0.005317164340985614,15.399999618530273
2007-07-04,56.4866,57.0823,56.4866,57.0823,27.0,-0.004117358679514349,
2007-07-06,55.7878,56.6576,55.7878,56.3526,158.0,-0.012783297099100643,14.720000267028809
2007-07-09,56.9926,56.9926,56.2532,56.2532,134.0,-0.0017638937688767564,15.15999984741211
2007-07-10,55.8067,55.9324,55.6868,55.9324,103.0,-0.005702786685912953,17.56999969482422
2007-07-11,56.9314,56.9314,55.9996,55.9996,8444.0,0.0012014503221746686,16.639999389648438
2007-07-12,54.9981,55.7244,54.9981,55.7244,1826.0,-0.004914320816577278,15.539999961853027
2007-07-13,55.6523,55.8593,54.8614,55.1912,766.0,-0.00956851935597336,15.149999618530273
2007-07-16,56.0462,56.0462,55.225,55.6459,364.0,0.00823863224572019,15.59000015258789
2007-07-17,55.2781,55.6896,54.7073,54.7073,495.0,-0.01686737028244667,15.630000114440918
2007-07-18,54.5193,54.5193,53.2408,53.6326,2099.0,-0.019644544695132105,16.0
2007-07-19,53.9226,54.799,53.9226,54.799,81.0,0.021747966721732626,15.229999542236328
2007-07-20,54.5863,55.7235,54.5863,55.351,2821.0,0.010073176517819693,16.950000762939453
2007-07-23,54.8601,55.4112,54.8601,55.4112,1145.0,0.0010876045599899076,16.809999465942383
2007-07-24,55.0036,56.0022,54.6708,55.5861,278.0,0.0031564015939016254,18.549999237060547
2007-07-25,54.6454,55.0104,54.6454,55.0104,838.0,-0.010356905773206027,18.100000381469727
2007-07-26,54.1915,54.7406,54.1915,54.7406,52.0,-0.004904527143958171,20.739999771118164
2007-07-27,53.5777,54.2459,53.5777,54.2459,299.0,-0.009037168025195275,24.170000076293945
2007-07-30,54.5231,54.5231,53.6263,54.1053,632.0,-0.0025919009547265004,20.8700008392334
2007-07-31,53.8636,54.4066,53.8636,54.4066,54.0,0.005568770527101696,23.520000457763672
2007-08-02,53.9527,54.5174,53.9438,54.5174,730.0,0.002036517628376089,21.219999313354492
2007-08-03,54.5017,54.5017,53.9404,53.9404,213.0,-0.010583776922597266,25.15999984741211
2007-08-06,54.4217,54.5731,54.4217,54.5731,45.0,0.011729612683628599,22.940000534057617
2007-08-08,55.0085,55.7731,55.0085,55.7731,453.0,0.02198885531516459,21.450000762939453
2007-08-09,55.429,55.5206,55.429,55.5206,120.0,-0.004527272107879954,26.479999542236328
2007-08-10,55.7385,55.7385,54.8786,54.8786,6495.0,-0.011563275613015733,28.299999237060547
2007-08-13,54.0289,54.4151,54.0289,54.4151,985.0,-0.008445915165474216,26.56999969482422
2007-08-14,53.7437,53.9361,53.7437,53.9361,637.0,-0.008802703661299871,27.68000030517578
2007-08-15,53.0763,53.6146,53.0763,53.6146,715.0,-0.005960757266469052,30.670000076293945
2007-08-16,51.8403,52.4673,51.8403,52.4673,1472.0,-0.021399021908211635,30.829999923706055
2007-08-17,52.3528,52.6806,52.0398,52.6806,53.0,0.0040653892996207475,29.989999771118164
2007-08-20,53.5311,53.5311,52.1657,53.0391,113.0,0.006805161672418292,26.329999923706055
2007-08-21,52.6448,52.7948,52.6448,52.7948,116.0,-0.0046060359244405324,25.25
2007-08-22,53.5865,53.5865,52.9116,52.9116,660.0,0.0022123390940016474,22.889999389648438
2007-08-23,52.8135,53.5236,52.8135,53.2091,6634.0,0.0056225855955971404,22.6200008392334
2007-08-24,53.5602,53.5602,52.6507,53.0246,2233.0,-0.003467451995993187,20.719999313354492
2007-08-28,52.6819,53.7525,52.6819,52.9344,1945.0,-0.0017010972265704138,26.299999237060547
2007-08-29,52.1714,53.2241,52.1714,52.718,995.0,-0.0040880788296455695,23.809999465942383
2007-08-30,52.4342,52.7798,52.4342,52.7798,27.0,0.0011722751242460028,25.059999465942383
2007-08-31,53.2958,53.5816,53.0303,53.5816,913.0,0.015191417928828832,23.3799991607666
2007-09-03,53.1895,53.2918,52.7603,53.2918,735.0,-0.005408573092255509,
2007-09-04,52.9866,53.865,52.9866,53.865,349.0,0.010755876138542897,22.780000686645508
2007-09-05,53.3707,53.9827,53.3707,53.6359,958.0,-0.004253225656734472,24.579999923706055
2007-09-06,53.6996,53.7504,53.6996,53.7504,190.0,0.0021347642157585334,23.989999771118164
2007-09-07,53.7011,53.7011,52.6517,53.1865,643.0,-0.010491084717509036,26.229999542236328
2007-09-10,53.6167,53.6167,52.3464,52.7396,661.0,-0.008402508155264998,27.3799991607666
2007-09-11,53.0274,53.7331,53.0274,53.7331,513.0,0.01883783722288368,25.270000457763672
2007-09-12,54.5724,54.5724,53.6454,54.2097,7190.0,0.008869765563498166,24.959999084472656
2007-09-13,53.5671,54.6469,53.5671,54.6469,142.0,0.008064977301110332,24.760000228881836
2007-09-17,54.1229,54.1726,53.4657,54.1726,195.0,-0.008679357840975399,26.479999542236328
2007-09-18,53.8398,54.0985,53.8398,54.0985,512.0,-0.0013678501677970578,20.350000381469727
2007-09-20,54.2538,54.807,54.2538,54.807,106.0,0.013096481418154005,20.450000762939453
2007-09-21,55.4795,55.4795,53.773,54.279,286.0,-0.00963380590070606,19.0
2007-09-24,53.5148,54.3,53.5148,54.3,170.0,0.0003868899574419604,19.3700008392334
2007-09-25,53.2945,53.6792,53.2945,53.6792,11.0,-0.011432780847145385,18.600000381469727
2007-09-27,54.3975,54.3975,53.1246,53.7013,2128.0,0.0004117050924752341,17.0
2007-09-28,53.262,53.9899,53.262,53.9899,255.0,0.005374171574989761,18.0
2007-10-02,54.4267,54.4267,53.3414,53.884,253.0,-0.00196147798014068,18.489999771118164
2007-10-03,53.4136,53.6823,53.0517,53.6146,2470.0,-0.004999628832306424,18.799999237060547
2007-10-04,54.4782,54.4782,53.7746,53.7746,350.0,0.002984261749598094,18.440000534057617
2007-10-05,53.1595,53.5622,52.7568,53.4414,1078.0,-0.006196233909689708,16.90999984741211
2007-10-08,52.9009,53.6087,52.9009,53.6087,74.0,0.0031305317600212046,17.459999084472656
2007-10-09,52.8517,53.396,52.8517,53.396,44.0,-0.00396763958088886,16.1200008392334
2007-10-10,53.8634,53.8634,53.4896,53.4896,6905.0,0.0017529402951532713,16.670000076293945
2007-10-11,54.2275,54.2275,53.6941,53.6941,150.0,0.0038231731028086635,18.8799991607666
2007-10-12,52.9392,52.9392,52.2931,52.7776,850.0,-0.01706891446173786,17.729999542236328
2007-10-15,53.5806,53.5806,52.5106,52.8841,263.0,0.002017901533984068,19.25
2007-10-16,51.899,52.443,51.899,52.443,538.0,-0.008340881285679447,20.020000457763672
2007-10-17,51.9998,52.5245,51.9998,52.5245,79.0,0.0015540682264554295,18.540000915527344
2007-10-18,51.8366,52.2781,51.8366,52.2781,90.0,-0.004691144132738079,18.5
2007-10-19,51.8538,51.8538,51.693,51.693,8.0,-0.011192067041457254,22.959999084472656
2007-10-29,50.91,51.2219,50.5477,51.2219,692.0,-0.009113419611939677,19.8700008392334
2007-11-05,50.5716,51.1736,50.5716,51.1736,29400.0,-0.0009429560402873793,24.309999465942383
2007-11-06,50.1305,50.9794,50.1305,50.9794,23000.0,-0.0037949255084653855,21.389999389648438
2007-11-08,49.0184,50.7149,49.0184,50.7149,350000.0,-0.005188370204435522,26.15999984741211
2007-11-09,48.0955,50.0886,47.9894,50.0886,175200.0,-0.01234942788016935,28.5
2007-11-12,48.2894,49.5018,48.2479,49.5018,18690.0,-0.011715240593667908,31.09000015258789
2007-11-13,47.1721,50.0173,47.1721,49.7004,42991.0,0.004011975322109507,24.100000381469727
2007-11-14,49.7504,49.7504,48.1161,49.3759,61986.0,-0.006529122502032192,25.940000534057617
2007-11-16,49.3248,49.3248,49.3248,49.3248,760.0,-0.0010349178445354656,25.489999771118164
2007-11-19,49.2313,49.2314,48.8124,48.8124,2877.0,-0.010388283378746754,26.010000228881836
2007-11-20,50.3517,50.3517,48.8619,48.8619,69260.0,0.001014086584556484,24.8799991607666
2007-11-21,48.8263,49.4759,48.8263,48.8263,246885.0,-0.0007285840296835655,26.84000015258789
2007-11-22,51.2294,51.2294,51.1876,51.1876,3871.0,0.04836123154939043,
2007-11-23,52.5993,52.5994,52.223,52.223,11999.0,0.02022755511100338,25.610000610351562
2007-11-26,52.0917,52.0917,51.6839,51.6839,12013.0,-0.010323037741991059,28.90999984741211
2007-11-27,53.7052,53.7052,52.5983,52.5983,16962.0,0.01769216332358825,26.280000686645508
2007-11-28,52.6524,53.3483,52.4837,52.4837,4947.0,-0.002178777641102525,24.110000610351562
2007-11-29,52.7127,54.0966,52.7127,52.7127,6762.0,0.004363259450076873,23.969999313354492
2007-11-30,53.7778,54.0931,53.7774,53.7774,8657.0,0.020198168562794105,22.8700008392334
2007-12-03,53.5352,53.6188,53.4097,53.4097,1746.0,-0.006837444725851349,23.610000610351562
2007-12-04,53.3616,53.3616,53.1111,53.1111,5773.0,-0.005590744752357768,23.790000915527344
2007-12-05,53.4829,54.0062,53.1899,53.1899,47049.0,0.0014836823187620585,22.530000686645508
2007-12-06,53.9723,53.9723,53.6373,53.6373,4005.0,0.008411371331775497,20.959999084472656
2007-12-07,54.2322,54.3162,54.1101,54.1101,19276.0,0.008814761369420054,20.850000381469727
2007-12-10,54.4664,54.6343,54.0782,54.0782,12619.0,-0.0005895387367608196,20.739999771118164
2007-12-17,52.8676,52.9774,52.4906,52.4906,93630.0,-0.029357486010998968,24.520000457763672
2007-12-18,52.0717,52.2002,52.0717,52.0717,329180.0,-0.00798047650436462,22.639999389648438
2007-12-19,52.1136,52.4749,52.0717,52.0717,41226.0,0.0,21.68000030517578
2007-12-20,52.1897,52.742,52.1897,52.1897,17880.0,0.0022661061574713592,20.579999923706055
2007-12-21,52.6397,52.6397,52.1974,52.1974,62588.0,0.0001475386905844811,18.469999313354492
2007-12-27,52.0717,52.3231,52.0717,52.0717,32276.0,-0.0024081659239733044,20.260000228881836
2007-12-28,52.0717,52.3231,52.0298,52.0298,20924.0,-0.0008046597287969526,20.739999771118164
2008-01-03,51.4643,51.6319,51.1291,51.1291,66727.0,-0.017311233177909613,22.489999771118164
2008-01-04,51.391,51.6528,50.7756,50.7756,143062.0,-0.006913870965849278,23.940000534057617
2008-01-07,50.9825,51.6947,50.815,50.815,10392.0,0.0007759632579427134,23.790000915527344
2008-01-08,52.8258,53.4123,52.8258,52.8258,38683.0,0.03957099281708154,25.43000030517578
2008-01-09,54.7528,54.7668,54.7528,54.7528,4475.0,0.03647838745461507,24.1200008392334
2008-01-10,54.6481,54.8134,54.5433,54.5433,13623.0,-0.00382628833593901,23.450000762939453
2008-01-11,54.6432,54.6432,53.6636,53.6636,41212.0,-0.01612847040791443,23.68000030517578
2008-01-14,53.3494,53.3494,52.9933,52.9933,2262.0,-0.012490775870422466,22.899999618530273
2008-01-15,52.1136,52.1136,51.7366,51.7366,2298.0,-0.023714318602540252,23.34000015258789
2008-01-16,51.4852,51.7024,51.4224,51.4224,28588.0,-0.006073070128303715,24.3799991607666
2008-01-17,50.4414,50.4414,49.5163,49.5163,45681.0,-0.037067503655994316,28.459999084472656
2008-01-18,50.1971,50.1971,49.7503,49.7503,18379.0,0.004725716582216322,27.18000030517578
2008-01-21,47.7984,47.7984,47.6312,47.6312,8267.0,-0.042594718021800926,
2008-01-22,46.6467,47.4427,46.4791,46.4791,26839.0,-0.024187927240968077,31.010000228881836
2008-01-23,47.0237,47.87,45.8822,45.8822,64064.0,-0.012842331284383834,29.020000457763672
2008-01-24,47.3798,47.3798,46.6258,46.6258,116369.0,0.016206720689069032,27.780000686645508
2008-01-25,47.3379,47.3379,46.542,46.542,41163.0,-0.0017972881966635823,29.079999923706055
2008-01-28,46.0812,46.0812,45.1334,45.1334,119032.0,-0.030265136865626707,27.780000686645508
2008-01-29,45.7879,46.1021,45.7742,45.7742,14307.0,0.014197911081372139,27.31999969482422
2008-01-30,46.3535,46.4791,45.8927,45.8927,87064.0,0.0025887945611282603,27.6200008392334
2008-01-31,45.5889,45.6622,44.8244,44.8244,22070.0,-0.023278212003216225,26.200000762939453
2008-02-01,45.595,45.9555,45.595,45.595,19099.0,0.017191529613335588,24.020000457763672
2008-02-04,45.4737,45.6622,45.4737,45.4737,405425.0,-0.002660379427568804,25.989999771118164
2008-02-05,45.746,45.8508,44.8035,44.8035,11545.0,-0.014738189327017648,28.239999771118164
2008-02-06,44.6883,45.2812,44.5207,44.5207,561833.0,-0.006312006874462983,28.969999313354492
2008-02-07,45.1595,45.5291,45.1595,45.1595,547138.0,0.01434838176398845,27.65999984741211
2008-02-08,45.5785,45.5785,45.17,45.17,4798.0,0.00023250921732964613,28.010000228881836
2008-02-11,45.0755,45.3271,45.0339,45.0339,533946.0,-0.003013061766659275,27.600000381469727
2008-02-12,44.8663,45.2433,44.8663,44.8663,1566405.0,-0.003721640808368787,26.329999923706055
2008-02-13,46.5001,46.5001,46.1649,46.1649,16309.0,0.028943772943166746,24.8799991607666
2008-02-14,46.6677,47.1704,46.6677,46.6677,1548.0,0.010891391511733017,25.540000915527344
2008-02-15,46.4163,46.8215,45.8717,45.8717,235150.0,-0.017056765171628463,25.020000457763672
2008-02-18,46.1231,46.4582,46.1231,46.1231,3028.0,0.005480503229660094,
2008-02-19,46.1231,46.4163,45.9136,45.9136,1156979.0,-0.00454219252391963,25.59000015258789
2008-02-20,45.5366,45.746,45.4947,45.4947,8181.0,-0.009123658349595831,24.399999618530273
2008-02-21,45.7041,45.8298,45.4947,45.4947,54072.0,0.0,25.1200008392334
2008-02-22,45.2852,45.8927,45.2852,45.2852,69553.0,-0.00460493200306844,24.059999465942383
2008-02-25,45.7146,45.9337,45.5052,45.5052,42221.0,0.004858099334881905,23.030000686645508
2008-02-26,46.542,46.542,46.542,46.542,10800280.0,0.0227842092771815,21.899999618530273
2008-02-27,45.8298,46.2068,45.746,45.746,6177.0,-0.017102831850801414,22.690000534057617
2008-02-28,46.1649,46.7095,45.746,45.746,382730.0,0.0,23.530000686645508
2008-02-29,44.4474,44.4474,43.1068,43.1068,7854.0,-0.057692475844882685,26.540000915527344
2008-03-03,42.646,42.646,42.5203,42.5203,11005.0,-0.013605742017500755,26.280000686645508
2008-03-04,42.4785,42.5622,41.6909,41.6909,8330.0,-0.019505977145034215,25.520000457763672
2008-03-05,41.9758,42.248,41.9758,41.9758,118893.0,0.006833625563372303,24.600000381469727
2008-03-06,42.1433,42.1433,41.5903,41.5903,5321.0,-0.009183863083014554,27.549999237060547
2008-03-07,40.5036,40.9536,40.5036,40.5036,1125343.0,-0.02612868866057716,27.489999771118164
2008-03-10,40.8866,40.8866,40.6185,40.6185,64850.0,0.0028367848783812377,29.3799991607666
2008-03-11,40.4341,41.2217,40.4341,40.4341,98122.0,-0.004539803291603528,26.360000610351562
2008-03-12,41.3306,41.339,41.1714,41.1714,47520.0,0.018234608906838368,27.219999313354492
2008-03-13,40.6855,40.8949,40.6855,40.6855,80399.0,-0.011801881888884092,27.290000915527344
2008-03-14,40.9368,40.9368,39.7806,39.7806,11791.0,-0.022241339051996323,31.15999984741211
2008-03-17,39.1522,39.2947,38.8967,38.8967,41453.0,-0.02221937326234391,32.2400016784668
2008-03-18,39.2947,39.7808,39.0535,39.0535,136611.0,0.0040311903066325705,25.790000915527344
2008-03-19,40.2785,40.9703,40.2785,40.2785,22797.0,0.031367227009102994,29.84000015258789
2008-03-20,41.0541,41.6071,40.8167,40.8167,1002597.0,0.013361967302655264,26.6200008392334
2008-03-25,42.6146,43.4989,42.1852,42.1852,241014.0,0.03352794321931962,25.719999313354492
2008-03-26,42.3863,42.5203,41.2552,41.2552,81959.0,-0.02204564634042272,26.079999923706055
2008-03-27,42.3947,42.5937,42.3109,42.3109,236095.0,0.025589501444666318,25.8799991607666
2008-03-28,42.7926,43.243,42.7926,42.7926,2393.0,0.011384773190832753,25.709999084472656
2008-03-31,42.6041,42.646,41.8868,41.8868,224043.0,-0.0211672111533302,25.610000610351562
2008-04-01,42.9164,43.215,42.9164,42.9164,16545.0,0.024580536111615148,22.68000030517578
2008-04-02,43.5048,43.9871,43.5048,43.5048,212469.0,0.01371037645282458,23.43000030517578
2008-04-03,44.0075,44.0075,43.3582,43.3582,17468.0,-0.0033697431088065555,23.209999084472656
2008-04-04,43.6933,43.9028,43.6933,43.6933,141787.0,0.007728641871664443,22.450000762939453
2008-04-07,44.3217,44.3217,42.8764,42.8764,200237.0,-0.01869623031448764,22.420000076293945
2008-04-08,42.8345,42.8345,42.3528,42.3528,5441.0,-0.012211846143799221,22.360000610351562
2008-04-09,42.0386,42.1224,41.5903,41.5903,224270.0,-0.018003532233996422,22.809999465942383
2008-04-10,40.7106,40.786,40.2163,40.2163,317270.0,-0.03303654938771783,21.979999542236328
2008-04-11,40.6436,40.6436,39.8812,39.8812,169924.0,-0.008332442318164435,23.459999084472656
2008-04-14,39.412,39.4455,39.1831,39.1831,27790.0,-0.017504488330341017,23.81999969482422
2008-04-15,39.4245,39.81,39.4013,39.4013,51244.0,0.005568727333978174,22.780000686645508
2008-04-16,39.3785,39.5963,39.3617,39.3617,9904.0,-0.001005042980815385,20.530000686645508
2008-04-17,39.1817,39.2444,39.1817,39.1817,2380.0,-0.004572973220160703,20.3700008392334
2008-04-18,39.7732,40.5824,39.7732,39.7732,563491.0,0.015096333237200055,20.1299991607666
2008-04-21,42.4575,42.4575,41.7579,41.7579,461589.0,0.049900435469109716,20.5
2008-04-22,41.3612,41.4365,41.2552,41.2552,79649.0,-0.012038440630395608,20.8700008392334
2008-04-23,42.1433,42.1433,42.0822,42.0822,12566.0,0.020045957842889983,20.260000228881836
2008-04-24,42.5218,43.5258,42.5218,42.5218,318049.0,0.010446221918055665,20.059999465942383
2008-04-25,43.9028,43.9866,43.819,43.819,2701.0,0.03050670479612827,19.59000015258789
2008-04-28,43.6095,43.8176,43.4839,43.4839,89497.0,-0.007647367580273512,19.639999389648438
2008-04-29,43.442,44.0494,43.4171,43.4171,80451.0,-0.0015362007547621293,20.239999771118164
2008-04-30,43.442,44.3845,43.2116,43.2116,71699.0,-0.004733158133546467,20.790000915527344
2008-05-02,44.5878,45.4217,44.4893,44.4893,112889.0,0.02956844921271151,18.18000030517578
2008-05-06,45.0391,45.1386,44.8663,44.8663,23810.0,0.008473947668315773,18.209999084472656
2008-05-07,44.594,45.0635,44.594,44.594,26225.0,-0.006069143209937122,19.729999542236328
2008-05-08,45.3742,45.3742,45.2433,45.2433,5797.0,0.014560254742790324,19.399999618530273
2008-05-09,45.2486,45.2486,44.2798,44.2798,138798.0,-0.021295970895138017,19.40999984741211
2008-05-13,44.6568,44.9501,44.4474,44.4474,64857.0,0.003785021612563666,17.979999542236328
2008-05-14,44.6149,44.6149,44.6149,44.6149,105.0,0.0037684993947901813,17.65999984741211
2008-05-15,44.1541,45.0341,44.1541,44.1541,14452.0,-0.01032838804973224,16.299999237060547
2008-05-16,45.2224,45.2433,45.2014,45.2014,32813.0,0.023719201614346153,16.469999313354492
2008-05-19,45.7536,46.5001,45.7536,45.7536,88679.0,0.012216435774113243,17.010000228881836
2008-05-20,46.6886,46.6886,45.7082,45.7082,4817.0,-0.0009922716463841574,17.579999923706055
2008-05-21,46.0602,46.3397,46.0602,46.0602,26195.0,0.00770102519897975,18.59000015258789
2008-05-22,45.3062,45.3619,45.2852,45.2852,81853.0,-0.016825806227502182,18.049999237060547
2008-05-23,45.5111,45.8717,45.4528,45.4528,79655.0,0.0037009884023919692,19.549999237060547
2008-05-27,44.6778,45.9156,44.6778,44.6778,351837.0,-0.017050654745142335,19.639999389648438
2008-05-28,45.1962,45.6584,45.1962,45.1962,16064.0,0.011603078038757486,19.06999969482422
2008-05-29,45.9136,46.0393,45.9136,45.9136,21993.0,0.01587301587301604,18.139999389648438
2008-05-30,46.3535,46.3535,45.8717,45.8717,222514.0,-0.0009125836353499617,17.829999923706055
2008-06-02,45.8901,46.9609,45.8901,45.8901,86961.0,0.0004011187725765364,19.829999923706055
2008-06-03,46.7148,46.7514,46.6258,46.6258,1622.0,0.01603178027504848,20.239999771118164
2008-06-04,45.8717,46.2294,45.7041,45.7041,414895.0,-0.01976802542798195,20.799999237060547
2008-06-05,46.327,46.3744,45.2852,45.2852,81046.0,-0.009165479683441835,18.6299991607666
2008-06-06,45.8717,45.8717,44.8745,44.8745,12906.0,-0.009069188167436737,23.559999465942383
2008-06-09,44.5731,44.9082,44.5731,44.5731,44765.0,-0.0067165093761490935,23.1200008392334
2008-06-10,44.3845,44.6202,44.1751,44.1751,37044.0,-0.008929152336274448,23.18000030517578
2008-06-11,44.2432,44.4055,43.7793,43.7793,71566.0,-0.008959798619584403,24.1200008392334
2008-06-12,43.7771,44.3636,43.6953,43.6953,44326.0,-0.0019187150091480865,23.329999923706055
2008-06-13,44.0075,44.1541,43.7352,43.7352,7444.0,0.0009131416880074905,21.219999313354492
2008-06-16,43.9813,44.2013,43.612,43.612,5118.0,-0.002816952934935668,20.950000762939453
2008-06-17,44.1594,44.2798,43.6514,43.6514,7476.0,0.0009034210767677742,21.1299991607666
2008-06-18,43.5467,44.1122,43.4053,43.4053,88565.0,-0.005637848957880109,22.239999771118164
2008-06-19,43.8399,44.3542,43.8399,43.8399,9044.0,0.010012602147664085,21.579999923706055
2008-06-20,45.1805,45.2014,45.0339,45.0339,40398.0,0.027235463584542874,22.8700008392334
2008-06-23,44.7825,45.4318,44.7825,44.7825,129398.0,-0.005582461212553347,22.639999389648438
2008-06-24,45.4109,46.8352,45.3643,45.3643,16167.0,0.012991682018645756,22.420000076293945
2008-06-25,46.3535,46.7043,46.0602,46.0602,338419.0,0.015340256545345099,21.139999389648438
2008-06-26,46.4372,47.0866,46.4372,46.4372,255649.0,0.00818494057776542,23.93000030517578
2008-06-27,46.0602,46.0602,45.7879,45.7879,1118.0,-0.013982324515689926,23.440000534057617
2008-06-30,46.4381,47.2594,46.4381,46.4381,420564.0,0.014200258146803035,23.950000762939453
2008-07-01,47.1913,47.9872,46.8352,46.8352,67688.0,0.008551168114113272,23.649999618530273
2008-07-02,47.6583,48.8041,47.6583,47.6583,62925.0,0.01757438849412396,25.920000076293945
2008-07-03,48.2386,48.9298,47.9663,47.9663,272273.0,0.006462672818795534,24.780000686645508
2008-07-04,47.9919,48.0908,47.9663,47.9663,37207.0,0.0,
2008-07-07,48.5947,48.5947,48.5528,48.5528,42461.0,0.012227334607839202,25.780000686645508
2008-07-08,48.4481,49.8096,48.2386,48.2386,79911.0,-0.006471305465390209,23.149999618530273
2008-07-09,50.2494,50.5636,50.085,50.085,199038.0,0.03827640105641539,25.229999542236328
2008-07-10,50.417,50.6893,50.019,50.019,54214.0,-0.0013177598083259356,25.59000015258789
2008-07-11,49.642,49.642,48.5528,48.5528,47280.0,-0.0293128611127772,27.489999771118164
2008-07-14,48.8827,48.8827,48.1339,48.1339,7584.0,-0.008627720749369794,28.479999542236328
2008-07-15,47.7935,48.071,47.6105,47.6105,1069518.0,-0.010873833202794558,28.540000915527344
2008-07-16,48.0501,48.2708,47.9663,47.9663,51901.0,0.007473141428886443,25.100000381469727
2008-07-17,49.0555,49.2962,48.5109,48.5109,116019.0,0.011353804650348298,25.010000228881836
2008-07-18,48.8879,48.8879,48.4062,48.4062,17584.0,-0.0021582778303432804,24.049999237060547
2008-07-21,48.8513,49.7677,48.8513,48.8513,245244.0,0.009195103106626856,23.049999237060547
2008-07-22,49.2231,50.5636,49.1445,49.1445,26424.0,0.006001887360213454,21.18000030517578
2008-07-23,50.815,50.815,50.5217,50.5217,24253.0,0.028023481773138403,21.309999465942383
2008-07-24,50.6893,51.9041,50.6893,50.6893,75870.0,0.003317386390402577,23.440000534057617
2008-07-25,52.2393,52.2393,51.6109,51.6109,296176.0,0.018181351882941676,22.90999984741211
2008-07-28,51.2694,51.2694,50.8359,50.8359,31265.0,-0.015016207816565874,24.229999542236328
2008-07-29,50.9464,50.9464,50.6223,50.6223,3880.0,-0.004201755058924839,22.030000686645508
2008-07-30,51.4852,52.454,51.4852,51.4852,19320.0,0.017045847383465373,21.209999084472656
2008-07-31,52.7035,52.7562,52.3231,52.3231,10723.0,0.016274579879266282,22.940000534057617
2008-08-04,53.021,53.2028,52.2812,52.2812,31789.0,-0.0008007935309642944,23.489999771118164
2008-08-05,53.4542,53.7841,53.1609,53.1609,96856.0,0.016826316151886234,21.139999389648438
2008-08-06,51.8518,52.6977,51.1532,51.1532,26809.0,-0.037766478746597554,20.229999542236328
2008-08-07,51.3231,51.5481,51.1082,51.1082,46346.0,-0.0008797103602512513,21.149999618530273
2008-08-08,52.1416,52.1416,51.946,51.946,23279.0,0.016392672800059405,20.65999984741211
2008-08-11,51.9879,52.3231,51.8832,51.8832,51029.0,-0.0012089477534361626,20.1200008392334
2008-08-12,51.8625,52.1346,51.4433,51.4433,328250.0,-0.008478659758842988,21.170000076293945
2008-08-13,52.0429,52.2393,51.8511,51.8511,208230.0,0.007927174189836128,21.549999237060547
2008-08-14,52.0741,52.1346,51.8979,51.8979,32571.0,0.000902584516046856,20.34000015258789
2008-08-15,51.8886,51.8886,51.8886,51.8886,200.0,-0.00017919800223131777,19.579999923706055
2008-08-18,51.6109,51.7785,51.6109,51.6109,23705.0,-0.0053518499246462126,20.979999542236328
2008-08-19,51.4964,51.5966,51.3386,51.3386,55896.0,-0.005276017275420486,21.280000686645508
2008-08-20,51.238,51.569,51.0663,51.0663,599761.0,-0.0053040012777909595,20.420000076293945
2008-08-21,50.7731,51.569,50.5217,50.5217,328701.0,-0.010664567434883532,19.81999969482422
2008-08-22,50.6474,50.7521,50.4798,50.4798,57328.0,-0.0008293465976006997,18.809999465942383
2008-08-26,50.4379,50.4379,50.1866,50.1866,26143.0,-0.005808263899619193,20.489999771118164
2008-08-27,50.4445,50.5632,50.3123,50.3123,85445.0,0.0025046526363612376,19.760000228881836
2008-08-28,50.6474,50.815,50.5636,50.5636,2504.0,0.004994802463811121,19.43000030517578
2008-08-29,51.7837,51.7837,51.3826,51.3826,99974.0,0.016197422651867965,20.649999618530273
2008-09-01,51.3177,51.5638,51.238,51.238,982.0,-0.0028141822328958677,
2008-09-02,51.2625,51.3177,51.1501,51.1501,11251.0,-0.0017155236348022074,21.989999771118164
2008-09-03,51.192,51.192,50.8987,50.8987,6968.0,-0.004914946402841958,21.43000030517578
2008-09-04,51.1427,51.1427,50.0242,50.0242,5756.0,-0.017181185374086083,24.030000686645508
2008-09-05,49.642,49.8166,49.4744,49.4744,9580.0,-0.010990680510632789,23.059999465942383
2008-09-08,50.1447,50.1447,49.5582,49.5582,15151.0,0.0016938052811150683,22.639999389648438
2008-09-09,49.7908,50.3123,49.4954,49.4954,7066.0,-0.0012671969522702886,25.469999313354492
2008-09-10,51.3596,51.3596,50.7753,50.7753,3582.0,0.025858968712244135,24.520000457763672
2008-09-11,51.4168,51.4168,50.6055,50.6055,21003.0,-0.0033441456771304834,24.389999389648438
2008-09-12,50.9825,51.3177,50.7312,50.7312,122635.0,0.0024839197320449813,25.65999984741211
2008-09-15,50.6474,50.6474,49.7205,49.7205,10387.0,-0.019922651149588466,31.700000762939453
2008-09-16,50.6068,50.6068,49.5962,49.5962,117678.0,-0.0024999748594644045,30.299999237060547
2008-09-17,49.8177,50.5217,49.8096,49.8096,42144.0,0.004302749000931527,36.220001220703125
2008-09-18,49.9981,49.9981,48.5947,48.5947,74837.0,-0.024390880472840548,33.099998474121094
2008-09-19,49.5582,49.5582,48.3014,48.3014,174894.0,-0.006035637631264357,32.06999969482422
2008-09-22,48.9187,48.9187,47.7568,47.7568,23151.0,-0.011275035506217224,33.849998474121094
2008-09-23,48.8921,49.4325,48.8921,48.8921,4181.0,0.023772530822835813,35.720001220703125
2008-09-24,49.1812,49.3278,48.9717,48.9717,792.0,0.0016280748832633307,35.189998626708984
2008-09-25,49.642,50.6055,49.642,49.642,9044.0,0.013687497064631238,32.81999969482422
2008-09-26,50.0197,50.307,49.8881,49.8881,72978.0,0.004957495668989953,34.7400016784668
2008-09-29,49.0974,49.4325,48.3433,48.3433,481.0,-0.030965300342165825,46.720001220703125
2008-09-30,48.5792,49.4744,47.6731,47.6731,16812.0,-0.013863348178548063,39.38999938964844
2008-10-01,49.4325,49.9771,49.134,49.134,136566.0,0.030644115864082666,39.810001373291016
2008-10-02,49.9352,50.04,49.2859,49.2859,98271.0,0.0030915455692595017,45.2599983215332
2008-10-03,50.019,51.1199,49.3371,49.3371,38849.0,0.0010388366652531733,45.13999938964844
2008-10-06,50.1866,50.5217,50.1028,50.1028,94011.0,0.015519760991221654,52.04999923706055
2008-10-07,50.2075,51.5183,50.1656,50.1656,20389.0,0.0012534229623892834,53.68000030517578
2008-10-08,49.4325,49.792,47.6312,47.6312,258773.0,-0.05052067552266892,57.529998779296875
2008-10-09,47.2122,47.2122,45.5366,45.5366,171209.0,-0.0439753774836662,63.91999816894531
2008-10-10,41.9339,41.9443,40.3001,40.3001,58590.0,-0.11499541028535287,69.94999694824219
2008-10-13,41.8962,44.992,41.6101,41.6101,94820.0,0.032506122813591,54.9900016784668
2008-10-14,45.8298,47.4217,45.3062,45.3062,173617.0,0.08882699152369233,55.130001068115234
2008-10-15,46.3325,47.2839,46.3325,46.3325,31814.0,0.022652528792968862,69.25
2008-10-16,44.8663,45.6204,44.5312,44.5312,1013931.0,-0.038877677656073084,67.61000061035156
2008-10-17,47.4636,49.5085,47.3798,47.3798,87421.0,0.06396863322793922,70.33000183105469
2008-10-20,50.1028,50.1028,48.2595,48.2595,174017.0,0.0185669842422298,52.970001220703125
2008-10-21,50.1028,50.7156,48.846,48.846,179849.0,0.0121530475864855,53.11000061035156
2008-10-22,48.5528,49.2283,47.8825,47.8825,177011.0,-0.01972525897719357,69.6500015258789
2008-10-23,48.4271,48.4271,46.8771,46.8771,52718.0,-0.020997232809481625,67.80000305175781
2008-10-24,46.9328,46.9328,44.992,44.992,264157.0,-0.04021366509447044,79.12999725341797
2008-10-27,45.0339,46.2796,44.8977,44.8977,336375.0,-0.0020959281650070327,80.05999755859375
2008-10-28,46.4163,47.5893,46.2487,46.2487,511514.0,0.03009062825044495,66.95999908447266
2008-10-29,48.5947,48.5947,47.2122,47.2122,31373.0,0.020833018009154936,69.95999908447266
2008-10-30,48.3852,48.3852,45.369,45.369,43797.0,-0.03904075641465554,62.900001525878906
2008-10-31,47.0524,48.9298,46.7197,46.7197,274477.0,0.029771429830941942,59.88999938964844
2008-11-03,49.3068,50.2704,48.9162,48.9162,20080.0,0.047014428602923486,53.68000030517578
2008-11-04,51.0244,51.0244,50.1447,50.1447,4176.0,0.025114379285390065,47.72999954223633
2008-11-05,47.3798,48.3014,47.3798,47.3798,138102.0,-0.055138429385358734,54.560001373291016
2008-11-06,46.6677,47.608,46.6677,46.6677,24103.0,-0.015029611775482343,63.68000030517578
2008-11-07,47.4636,49.0922,47.4636,47.4636,51535.0,0.017054622361933225,56.099998474121094
2008-11-10,49.0254,49.5233,48.9717,48.9717,11050.0,0.0317738224660582,59.97999954223633
2008-11-11,48.2595,49.1961,48.2177,48.2177,148288.0,-0.015396647451487278,61.439998626708984
2008-11-12,48.9508,49.0974,47.7987,47.7987,16755.0,-0.008689755006978883,66.45999908447266
2008-11-13,48.071,48.0815,47.4587,47.4587,67666.0,-0.007113164165552521,59.83000183105469
2008-11-14,49.2306,49.4954,49.0321,49.0321,112653.0,0.03315303621885968,66.30999755859375
2008-11-17,49.4011,49.4011,47.8406,47.8406,28857.0,-0.02430040728420768,69.1500015258789
2008-11-18,47.9768,48.7932,47.8825,47.8825,47377.0,0.0008758251359723968,67.63999938964844
2008-11-19,49.3068,49.379,48.469,48.469,220376.0,0.01224873387981007,74.26000213623047
2008-11-20,48.7413,48.8251,47.3327,47.3327,120968.0,-0.023443850708700364,80.86000061035156
2008-11-21,47.5003,47.5003,45.2014,45.2014,237931.0,-0.04502806727695663,72.66999816894531
2008-11-24,45.1176,45.6622,44.8872,44.8872,473049.0,-0.0069511121336949255,64.69999694824219
2008-11-25,45.6622,45.6622,44.4474,44.4474,39984.0,-0.00979789338608772,60.900001525878906
2008-11-26,44.1541,44.7406,44.1541,44.1541,64231.0,-0.006598811179056585,54.91999816894531
2008-11-27,45.1595,45.369,45.1595,45.1595,19487.0,0.02277025236614505,
2008-11-28,46.4948,47.3379,46.4948,46.4948,19493.0,0.02956852932384102,55.279998779296875
2008-12-01,47.6783,47.6783,46.3325,46.3325,46020.0,-0.0034907129399415204,68.51000213623047
2008-12-02,46.0079,46.0079,45.4109,45.4109,173045.0,-0.01989100523390719,62.97999954223633
2008-12-03,46.2906,46.2906,46.165,46.165,92068.0,0.016606145220640967,60.720001220703125
2008-12-04,47.8594,48.3643,47.2122,47.2122,41254.0,0.02268385140257778,63.63999938964844
2008-12-05,47.1196,47.1214,46.9609,46.9609,53008.0,-0.00532277673991044,59.93000030517578
2008-12-08,48.5528,48.7832,48.0134,48.0134,47110.0,0.022412262115930393,58.4900016784668
2008-12-09,48.1758,48.6156,47.4636,47.4636,198113.0,-0.011450969937559008,58.90999984741211
2008-12-10,46.83,46.83,46.6729,46.6729,3030.0,-0.01665908190697718,55.72999954223633
2008-12-11,45.7041,46.2068,45.2014,45.2014,42403.0,-0.03152793162627565,55.779998779296875
2008-12-12,45.6308,46.2487,45.6308,45.6308,6272.0,0.009499705761325972,54.279998779296875
2008-12-15,46.5053,46.6258,44.3313,44.3313,42749.0,-0.028478571491185822,56.7599983215332
2008-12-16,44.992,45.2433,44.6568,44.6568,98824.0,0.007342442021776918,52.369998931884766
2008-12-17,44.2379,44.5312,44.1959,44.1959,57009.0,-0.01032093656509192,49.84000015258789
2008-12-18,44.7924,44.8788,44.0704,44.0704,49358.0,-0.002839629920422526,47.34000015258789
2008-12-19,43.4053,44.3593,43.2796,43.2796,315579.0,-0.017944016845773958,44.93000030517578
2008-12-22,43.9918,44.5063,43.9028,43.9028,109956.0,0.014399393709738417,44.560001373291016
2008-12-23,44.1931,44.1931,43.8242,43.8242,57169.0,-0.0017903186129358817,45.02000045776367
2008-12-29,43.0649,43.6933,43.0649,43.0649,68677.0,-0.01732604360148038,43.900001525878906
2008-12-30,44.2379,44.3955,44.2379,44.2379,25686.0,0.027237959451896998,41.630001068115234
2009-01-05,45.5622,45.6277,45.2014,45.2014,114832.0,0.02177996695141493,39.08000183105469
2009-01-06,45.4947,45.9555,45.4947,45.4947,10072.0,0.0064887370745154715,38.560001373291016
2009-01-07,45.4894,45.4894,45.1176,45.1176,18216.0,-0.008288877605523215,43.38999938964844
2009-01-08,44.772,45.2433,44.7301,44.7301,21476.0,-0.008588666063797823,42.560001373291016
2009-01-09,44.7607,45.2433,44.6202,44.6202,7576.0,-0.0024569585133948912,42.81999969482422
2009-01-12,44.6764,44.9058,44.6471,44.6471,175675.0,0.0006028659665353597,45.84000015258789
2009-01-13,44.8663,44.8663,44.3636,44.3636,8227.0,-0.00634979651533929,43.27000045776367
2009-01-14,44.6141,44.6141,44.0704,44.0704,26139.0,-0.0066090218106735765,49.13999938964844
2009-01-15,43.7771,43.7771,43.2692,43.2692,723693.0,-0.01818000290444388,51.0
2009-01-16,44.2224,44.2798,44.218,44.218,26783.0,0.02192783781535157,46.11000061035156
2009-01-19,44.7406,44.8663,44.7406,44.7406,15000.0,0.01181871635985332,
2009-01-20,44.9082,45.112,44.7765,44.7765,399838.0,0.0008024031863675951,56.650001525878906
2009-01-21,44.4055,44.4055,43.5886,43.5886,2065390.0,-0.026529541165566717,46.41999816894531
2009-01-22,43.7412,43.9447,43.5258,43.5258,123494.0,-0.001440743680687251,47.290000915527344
2009-01-23,43.6514,43.6514,43.2325,43.2325,5785.0,-0.00673853208901376,47.27000045776367
2009-01-26,43.8609,44.1954,43.7981,43.7981,6634.0,0.013082750245763997,45.689998626708984
2009-01-27,44.5312,44.5312,42.9852,42.9852,26148.0,-0.01856016585194331,42.25
2009-01-28,41.1568,41.764,40.7357,40.7357,48085.0,-0.05233196542065632,39.65999984741211
2009-01-29,40.2688,40.9536,39.6968,39.6968,167421.0,-0.025503428196888667,42.630001068115234
2009-01-30,39.7136,40.3503,39.7136,39.7136,341373.0,0.0004232079160031432,44.84000015258789
2009-02-02,40.0131,40.1137,39.7115,39.7115,55969.0,-5.28786108536794e-05,45.52000045776367
2009-02-03,40.166,40.6185,40.166,40.166,2959710.0,0.011445047404404107,43.060001373291016
2009-02-04,40.8195,41.0876,40.75,40.75,13309.0,0.014539660409301547,43.849998474121094
2009-02-05,40.6017,41.0876,40.6017,40.6017,90513.0,-0.003639263803680959,43.72999954223633
2009-02-06,41.1668,41.2217,40.8195,40.8195,379137.0,0.005364307405847368,43.369998931884766
2009-02-09,41.2887,41.2887,40.8407,40.8407,146903.0,0.000519359619789661,43.63999938964844
2009-02-10,41.3704,41.7579,41.2385,41.2385,2287.0,0.009740283589654508,46.66999816894531
2009-02-11,41.0772,41.0772,41.0772,41.0772,261.0,-0.003911393479394398,44.529998779296875
2009-02-12,40.8022,41.2762,40.8022,40.8022,96799.0,-0.0066947114214210846,41.25
2009-02-13,41.7265,41.8887,41.5906,41.5906,3088824.0,0.01932248751292831,42.93000030517578
2009-02-16,41.3222,41.4524,41.2049,41.2049,134624.0,-0.009273730121710178,
2009-02-17,41.3757,41.4395,41.3412,41.3412,43927930.0,0.003307859016767445,48.65999984741211
2009-02-18,41.0709,41.2008,40.8614,40.8614,7739888.0,-0.011605855659729158,48.459999084472656
2009-02-19,40.5503,40.5849,40.1924,40.1924,16084500.0,-0.01637241993666405,47.08000183105469
2009-02-20,40.2825,40.2825,39.8812,39.8812,9933414.0,-0.007742757337207973,49.29999923706055
2009-02-23,40.4844,40.4844,40.1493,40.1493,4303626.0,0.006722465723197901,52.619998931884766
2009-02-24,39.9314,39.9314,38.859,38.859,5452043.0,-0.03213754660728818,45.4900016784668
2009-02-25,38.993,38.993,38.0055,38.0055,136111.0,-0.021964023778275443,44.66999816894531
2009-02-26,38.3039,38.8298,37.4828,37.4828,73735.0,-0.013753272552656903,44.65999984741211
2009-02-27,35.6166,35.9098,35.4294,35.4294,1599457.0,-0.054782460221754925,46.349998474121094
2009-03-02,34.8541,34.8541,34.5357,34.5357,1125735.0,-0.025224813290656956,52.650001525878906
2009-03-03,34.7582,35.2395,34.0395,34.0395,21174480.0,-0.014367741206925078,50.93000030517578
2009-03-04,33.1198,33.6309,32.793,32.793,7068469.0,-0.03661922178645394,47.560001373291016
2009-03-05,34.3179,34.5429,34.1692,34.1692,11250920.0,0.04196627329003122,50.16999816894531
2009-03-06,34.32,34.7578,33.8718,33.8718,32051.0,-0.008703744893061471,49.33000183105469
2009-03-09,33.6979,34.2509,33.3795,33.3795,657418.0,-0.01453421430216284,49.68000030517578
2009-03-10,33.7147,33.7147,33.214,33.214,3058.0,-0.004958132985814712,44.369998931884766
2009-03-11,33.7168,33.7603,33.2455,33.2455,51023.0,0.0009483952550128905,43.61000061035156
2009-03-12,34.5148,34.8876,34.4239,34.4239,72165.0,0.03544539862537799,41.18000030517578
2009-03-13,35.4406,35.4406,34.9463,34.9463,5771191.0,0.015175503066183538,42.36000061035156
2009-03-16,36.513,36.5298,36.4293,36.4293,79920.0,0.04243653834597638,43.7400016784668
2009-03-17,36.4649,36.6974,36.4649,36.4649,57268.0,0.0009772353572536918,40.79999923706055
2009-03-18,37.0493,37.0493,36.2708,36.2708,1680.0,-0.005322926979094977,40.060001373291016
2009-03-19,35.6903,35.8093,35.6903,35.6903,6629.0,-0.01600460976873963,43.68000030517578
2009-03-20,35.5001,35.9936,35.1893,35.1893,21937.0,-0.014037427536333302,45.88999938964844
2009-03-23,35.7422,35.8677,35.6647,35.6647,129348.0,0.013509788486841146,43.22999954223633
2009-03-24,36.0438,36.2242,36.0438,36.0438,56226.0,0.010629558078435908,42.93000030517578
2009-03-25,36.1255,36.2952,35.9898,35.9898,2020.0,-0.0014981772177182773,42.25
2009-03-26,36.4963,36.4963,36.0103,36.0103,74325.0,0.0005696058327637754,40.36000061035156
2009-03-27,36.7687,36.7687,35.6417,35.6417,174299.0,-0.010235960266923638,41.040000915527344
2009-03-30,34.6865,35.3515,34.6865,34.6865,22558.0,-0.026800068459136295,45.540000915527344
2009-03-31,35.6166,35.9516,35.4408,35.4408,150617.0,0.021746212503423568,44.13999938964844
2009-04-01,35.9098,36.446,35.6103,35.6103,144914.0,0.004782623417078691,42.279998779296875
2009-04-02,37.2671,37.552,36.8712,36.8712,75633.0,0.03540829479111385,42.040000915527344
2009-04-03,36.6136,36.6136,35.449,35.449,137331.0,-0.038572110481893795,39.70000076293945
2009-04-06,35.0238,35.6668,35.0238,35.0238,91014.0,-0.011994696606392186,40.93000030517578
2009-04-07,35.9224,36.2282,35.8763,35.8763,14342.0,0.02434059125508936,40.38999938964844
2009-04-08,35.4825,35.9266,35.4155,35.4155,53813.0,-0.012844133871107055,38.849998474121094
2009-04-09,35.9517,35.9517,35.3484,35.3484,1891.0,-0.0018946506473155322,36.529998779296875
2009-04-14,35.8398,35.8401,35.0929,35.0929,85158.0,-0.007228049925880553,37.66999816894531
2009-04-15,35.2291,35.4574,35.1893,35.1893,107023.0,0.0027469944062759044,36.16999816894531
2009-04-16,35.6748,35.692,35.4672,35.4672,116943.0,0.007897286959388072,35.790000915527344
2009-04-17,35.9105,36.069,35.6752,35.6752,273577.0,0.005864573465060641,33.939998626708984
2009-04-20,35.6166,35.6166,35.2105,35.2105,12876.0,-0.013025855496254901,39.18000030517578
2009-04-21,34.6824,34.7703,34.5693,34.5693,754739.0,-0.018210476988398505,37.13999938964844
2009-04-22,34.586,34.7544,34.5274,34.5274,5079.0,-0.0012120580977919015,38.099998474121094
2009-04-23,36.1947,36.1947,35.0384,35.0384,293523.0,0.014799840126971775,37.150001525878906
2009-04-24,35.3736,35.8511,35.0217,35.0217,414817.0,-0.00047661993698344673,36.81999969482422
2009-04-27,34.9825,35.5747,34.9825,34.9825,109158.0,-0.0011193060302612245,38.31999969482422
2009-04-28,35.0887,35.9517,35.0887,35.0887,177821.0,0.0030358036160937907,37.95000076293945
2009-04-29,35.6584,35.6668,35.4993,35.4993,60279.0,0.011701772935446275,36.08000183105469
2009-04-30,36.5466,36.932,36.1611,36.1611,34083.0,0.018642621122106684,36.5
2009-05-05,36.0111,36.0111,35.5566,35.5566,59478.0,-0.01671685872387718,33.36000061035156
2009-05-06,35.7255,36.5411,35.7255,35.7255,12011.0,0.004750172963668975,32.45000076293945
2009-05-07,36.6013,36.6013,36.1779,36.1779,98175.0,0.012663223747743313,33.439998626708984
2009-05-08,36.5968,36.5968,35.5891,35.5891,113370.0,-0.016275129291639323,32.04999923706055
2009-05-11,35.3401,35.5559,35.3401,35.3401,176331.0,-0.006996524216684397,32.869998931884766
2009-05-12,36.1779,36.1841,35.1338,35.1338,238659.0,-0.005837561297223237,31.799999237060547
2009-05-13,36.5416,37.552,36.5416,36.5416,2058535.0,0.04006967649386062,33.650001525878906
2009-05-14,37.5857,37.5857,37.3341,37.3341,49683.0,0.02168761083258519,31.3700008392334
2009-05-15,37.0995,37.5184,36.697,36.697,346315.0,-0.017064828132993592,33.119998931884766
2009-05-18,36.8817,36.8965,36.8817,36.8817,401.0,0.005033108973485634,30.239999771118164
2009-05-19,37.0354,37.1163,37.0354,37.0354,224171.0,0.004167378401754851,28.799999237060547
2009-05-20,37.2206,37.3174,36.1298,36.1298,19879.0,-0.024452280790810965,29.030000686645508
2009-05-22,37.2839,37.2839,36.5115,36.5115,66585.0,0.010564686214703523,32.630001068115234
2014-03-06,62.419,62.6285,62.2075,62.2075,2928.0,0.7037782616435919,14.210000038146973
2014-03-07,61.8765,62.2096,61.8346,62.0001,2012.0,-0.0033340031346702492,14.109999656677246
2014-03-10,61.1623,61.3717,60.9528,60.9528,1809.0,-0.016891908238857667,14.199999809265137
2014-03-11,61.0785,61.3717,60.9528,61.2021,3086.0,0.004090050005906232,14.800000190734863
2014-03-12,60.9528,60.9528,60.5339,60.7434,2459.0,-0.007494840863303764,14.470000267028809
2014-03-13,60.7434,60.9528,60.6994,60.7434,923.0,0.0,16.219999313354492
2014-03-14,59.8636,59.8636,59.6542,59.6961,814.0,-0.017241379310344862,17.81999969482422
2014-03-17,59.4866,60.1988,59.4866,60.1988,33891.0,0.008420985625526622,15.640000343322754
2014-03-18,60.3244,60.8271,60.3244,60.5339,1388.0,0.005566556143976387,14.520000457763672
2014-03-19,60.3244,60.3496,60.115,60.2386,2177.0,-0.0048782582982428435,15.119999885559082
2014-03-20,59.8636,60.1548,59.6961,60.1548,5026.0,-0.0013911345881212345,14.520000457763672
2014-03-21,60.5339,61.1623,60.5339,61.1623,4842.0,0.016748455651086847,15.0
2014-03-24,60.869,60.869,59.9851,59.9851,2201.0,-0.019247150614022046,15.09000015258789
2014-03-25,60.5339,60.7434,60.4061,60.492,3928.0,0.008450431857244478,14.020000457763672
2014-03-26,60.3244,60.9528,60.3244,60.7413,45749.0,0.004121206109898967,14.930000305175781
2014-03-27,60.2825,60.3684,60.2825,60.3244,1588.0,-0.006863534366238544,14.619999885559082
2014-03-28,60.9528,60.9528,60.7434,60.7434,1522.0,0.0069457798171221885,14.40999984741211
2014-03-31,62.0001,63.0893,62.0001,62.838,3570.0,0.034482758620689724,13.880000114440918
2014-04-01,63.2569,63.2569,62.3332,62.3332,2527.0,-0.008033355612845794,13.100000381469727
2014-04-02,62.2494,62.7521,62.2494,62.7521,2275.0,0.00672033523066351,13.09000015258789
2014-04-03,62.838,62.838,62.3792,62.419,2109.0,-0.005308188889296184,13.369999885559082
2014-04-04,62.3771,62.419,61.7907,62.419,2369.0,0.0,13.960000038146973
2014-04-07,61.6231,62.0001,61.5791,61.5791,16182.0,-0.013455838767042039,15.569999694824219
2014-04-08,61.7907,61.8723,61.7048,61.7048,898.0,0.002041276991706642,14.890000343322754
2014-04-09,61.9582,61.9582,61.3717,61.3717,2356.0,-0.005398283439862039,13.819999694824219
2014-04-10,61.7488,62.2515,61.7488,62.2075,2370.0,0.013618654852318057,15.890000343322754
2014-04-11,61.4555,61.4555,60.7434,60.9528,1811.0,-0.020169593698509014,17.030000686645508
2014-04-14,61.3717,61.5812,61.2482,61.5372,1683.0,0.009587746584242218,16.110000610351562
2014-04-15,62.2096,62.2117,62.1279,62.2096,3717.0,0.010926723997842114,15.609999656677246
2014-04-16,62.2096,62.4588,62.1656,62.2913,2716.0,0.0013133021270028689,14.180000305175781
2014-04-17,62.1719,62.4211,61.7907,62.4211,1305.0,0.0020837580849975,13.359999656677246
2014-04-22,64.0947,64.3042,63.8853,64.0947,5114.0,0.026811446770403036,13.1899995803833
2014-04-23,64.0947,64.5576,63.8853,64.0947,3542.0,0.0,13.270000457763672
2014-04-24,63.2569,63.4663,62.2096,62.5447,82283.0,-0.024182966766363,13.319999694824219
2014-04-25,62.2096,62.6306,62.2096,62.5426,1613.0,-3.3575986454481566e-05,14.0600004196167
2014-04-28,62.6285,63.2569,62.6285,63.2569,2209.0,0.011421015435878923,13.970000267028809
2014-04-29,63.0474,63.6967,63.0474,63.6758,203070.0,0.006622202479097172,13.710000038146973
2014-04-30,63.8853,64.0947,63.6758,63.7156,2522.0,0.000625041224452616,13.40999984741211
2014-05-01,63.2569,63.2569,63.2569,63.2569,320.0,-0.007199178851019172,13.25
2014-05-02,64.0947,64.9326,64.0947,64.5136,2899.0,0.019866607437291295,12.90999984741211
2014-05-06,64.6854,64.9326,64.5136,64.5136,1016.0,0.0,13.800000190734863
2014-05-07,64.5136,65.142,64.4717,64.7231,1958.0,0.003247377297190157,13.399999618530273
2014-05-08,64.8467,65.3515,64.8467,65.142,1534.0,0.006472186900812638,13.430000305175781
2014-05-09,64.8907,65.8123,64.8907,65.8123,3483.0,0.01028982837493464,12.920000076293945
2014-05-12,65.9798,66.1453,65.7704,65.8961,3050.0,0.0012733182095141515,12.229999542236328
2014-05-13,65.7704,66.1893,65.7704,65.9359,1224.0,0.0006039811157261266,12.130000114440918
2014-05-14,66.1893,66.692,66.1055,66.6334,38081.0,0.010578455742622728,12.170000076293945
2014-05-15,66.8596,67.0271,66.6103,66.7779,1746.0,0.002168582122479279,13.170000076293945
2014-05-16,66.8177,67.3602,66.736,67.0137,6466.0,0.0035311083457252312,12.4399995803833
2014-05-19,66.8177,66.8177,66.1893,66.8177,21423.0,-0.002924775083303799,12.420000076293945
2014-05-20,66.692,66.8177,66.5244,66.5684,2756.0,-0.0037310473123139953,12.960000038146973
2014-05-21,66.3988,68.4934,66.3988,68.4934,3284.0,0.028917624578628898,11.90999984741211
2014-05-22,66.9894,67.3183,66.9832,67.3183,2983.0,-0.017156397550712965,12.029999732971191
2014-05-23,67.488,67.6953,67.4461,67.6555,1165.0,0.005009039146859129,11.359999656677246
2014-05-27,67.6555,67.9907,67.6555,67.9907,73936.0,0.004954512197825833,11.510000228881836
2014-05-28,67.6555,67.8671,67.6555,67.821,541.0,-0.0024959295903704826,11.680000305175781
2014-05-30,67.6555,67.6555,67.0271,67.2785,2888.0,-0.007998997360699533,11.399999618530273
2014-06-02,67.4461,67.4461,66.8177,66.8177,1249.0,-0.006849141999301311,11.579999923706055
2014-06-03,66.6082,66.8575,66.6082,66.8261,2180.0,0.00012571519223181227,11.869999885559082
2014-06-04,66.7758,66.8617,66.4407,66.7314,5171.0,-0.0014171109790935832,12.079999923706055
2014-06-05,66.2731,66.4055,66.2731,66.4055,15139.0,-0.004883757871106953,11.680000305175781
2014-06-06,66.3988,66.6082,66.2291,66.6082,942.0,0.003052458004231484,10.729999542236328
2014-06-10,66.8177,68.0744,66.8177,68.0724,2254.0,0.021982278458207993,10.989999771118164
2014-06-11,67.9886,68.0744,67.4461,67.6136,3133.0,-0.006739882830633204,11.600000381469727
2014-06-12,67.6136,67.865,67.2366,67.4461,1483.0,-0.002477312256705777,12.5600004196167
2014-06-13,66.8177,67.5299,66.8177,67.5299,2599.0,0.0012424736196754438,12.180000305175781
2014-06-16,67.3246,67.6576,67.2366,67.6555,1616.0,0.0018599168664548138,12.649999618530273
2014-06-17,67.865,68.0744,67.6555,67.7833,1201.0,0.0018889816792424519,12.0600004196167
2014-06-18,67.6555,68.0744,67.4461,67.6767,6759.0,-0.001572658752229561,10.609999656677246
2014-06-19,67.865,68.1057,67.865,68.0744,1126.0,0.005876468563035697,10.619999885559082
2014-06-20,68.2839,68.3279,68.0744,68.2839,8451.0,0.003077515189263691,10.850000381469727
2014-06-23,68.1582,68.1582,67.7393,67.865,1818.0,-0.006134681821044263,10.979999542236328
2014-06-24,67.6953,68.1142,67.6157,68.0765,1665.0,0.003116481249539449,12.130000114440918
2014-06-25,67.4461,67.5738,67.3644,67.4461,1119.0,-0.009260170543432644,11.59000015258789
2014-06-26,67.488,67.6555,67.4063,67.4461,2095.0,0.0,11.630000114440918
2014-06-27,67.3204,67.4461,67.069,67.2366,120600.0,-0.0031061840491889425,11.260000228881836
2014-06-30,67.4461,67.7393,67.2999,67.2999,6204.0,0.0009414515308625582,11.569999694824219
2014-07-01,67.865,67.865,67.6555,67.865,2423.0,0.008396743531565498,11.149999618530273
2014-07-02,68.0744,68.2839,67.865,67.865,4140.0,0.0,10.819999694824219
2014-07-03,68.198,68.2839,68.0744,68.2839,1470.0,0.006172548441759407,10.319999694824219
2014-07-04,68.2022,68.4934,68.0744,68.4075,2877.0,0.001810089933351744,
2014-07-07,68.2043,68.2839,67.6555,67.6555,738.0,-0.01099294667982309,11.329999923706055
2014-07-08,67.6576,67.7414,67.2366,67.6378,5840.0,-0.0002616195283459133,11.979999542236328
2014-07-09,67.0271,67.1109,66.7779,66.9832,900.0,-0.009678020278601651,11.649999618530273
2014-07-10,67.069,67.2366,66.3988,67.0271,2893.0,0.0006553882167470437,12.59000015258789
2014-07-11,66.8177,66.8596,66.3988,66.692,1442.0,-0.00499947036348003,12.079999923706055
2014-07-14,67.0271,67.5278,67.0271,67.5278,1300.0,0.012532237749655284,11.819999694824219
2014-07-15,67.6555,67.777,67.4461,67.6555,1538.0,0.0018910730099308548,11.960000038146973
2014-07-16,67.865,68.0996,67.865,67.9048,2112.0,0.0036848445433113053,11.0
2014-07-17,67.2345,67.4293,66.7737,66.8177,4480.0,-0.01600917755445852,14.539999961853027
2014-07-18,66.6082,66.8177,66.5265,66.8177,2077.0,0.0,12.0600004196167
2014-07-21,66.6501,66.8177,66.3988,66.8177,1214.0,0.0,12.8100004196167
2014-07-22,66.8994,67.2366,66.8177,67.2366,834.0,0.006269296907855049,12.239999771118164
2014-07-23,67.2366,67.7372,67.0251,67.0251,600717.0,-0.0031456081955363313,11.520000457763672
2014-07-24,67.4461,67.5278,67.2366,67.2366,2314.0,0.003155534269997373,11.84000015258789
2014-07-25,67.1528,67.4461,66.9015,66.9015,27173.0,-0.004983892701296622,12.6899995803833
2014-07-28,67.0271,67.0271,66.1893,66.3988,1697.0,-0.007514031822903888,12.5600004196167
2014-07-29,66.3988,67.2366,66.3988,67.2345,1543.0,0.012586070832605545,13.279999732971191
2014-07-30,67.0271,67.4461,67.0271,67.4461,30443.0,0.0031471937770044534,13.329999923706055
2014-07-31,67.2366,67.2366,66.8177,66.8177,1996.0,-0.009317069482149387,16.950000762939453
2014-08-04,66.2752,66.9036,65.9798,65.9798,3561.0,-0.012540090425141925,15.119999885559082
2014-08-05,65.7704,66.8177,65.7704,66.3129,6768.0,0.005048514848484009,16.8700008392334
2014-08-06,66.0636,66.0636,65.3515,65.3515,22951.0,-0.014497933282966002,16.3700008392334
2014-08-07,65.0666,65.3515,64.9305,65.142,1169.0,-0.003205741260720929,16.65999984741211
2014-08-08,63.8853,64.3859,63.8057,64.344,2201.0,-0.012250161186331376,15.770000457763672
2014-08-11,64.7231,65.3536,64.6037,65.2237,3338.0,0.013671826432922973,14.229999542236328
2014-08-12,65.0163,65.5609,64.7231,65.328,668715.0,0.0015991119792346797,14.130000114440918
2014-08-13,65.5609,65.8563,65.5211,65.8563,835.0,0.008086884643644376,12.899999618530273
2014-08-14,65.7704,66.1474,65.7704,66.0615,2961.0,0.003115875018790737,12.420000076293945
2014-08-15,66.403,66.6082,65.3515,65.3515,2728.0,-0.010747560984839755,13.149999618530273
2014-08-18,66.1893,66.6082,65.9798,66.3988,2516.0,0.016025645930085597,12.319999694824219
2014-08-19,66.7339,67.2366,66.7339,67.2366,31222.0,0.012617697910203285,12.210000038146973
2014-08-20,67.444,67.6576,67.4021,67.6576,1833.0,0.006261470687096038,11.779999732971191
2014-08-21,67.865,68.0744,67.6555,68.0744,12775.0,0.00616043134843669,11.760000228881836
2014-08-22,68.1205,68.2839,67.9467,68.2022,3105.0,0.0018773577145008158,11.470000267028809
2014-08-26,68.3677,68.9123,68.2839,68.9123,1647.0,0.010411687599520159,11.630000114440918
2014-08-27,68.7028,69.3312,68.7028,68.9123,2540.0,0.0,11.779999732971191
2014-08-28,68.7028,68.9123,68.2839,68.4515,15843.0,-0.006686759838229306,12.050000190734863
2014-08-29,68.8704,68.8704,68.7028,68.7887,614.0,0.004926115570878853,12.09000015258789
2014-09-01,70.5922,72.3453,70.5922,72.0563,4827.0,0.04750198797186145,
2014-09-02,71.8908,72.0542,71.5955,71.8866,4169.0,-0.0023551028848274314,12.25
2014-09-03,72.2636,72.7224,72.2636,72.5569,3260.0,0.009324408165082287,12.359999656677246
2014-09-04,72.2636,73.1015,72.2636,73.1015,1281.0,0.007505833352858371,12.640000343322754
2014-09-05,72.892,72.892,72.2636,72.4731,4345.0,-0.008596266834469901,12.09000015258789
2014-09-08,72.515,72.892,72.4731,72.892,2747.0,0.005780075641858673,12.65999984741211
2014-09-09,73.5204,73.7299,73.3109,73.7299,1471.0,0.011495088624266181,13.5
2014-09-10,73.3109,73.7299,73.3109,73.4806,1588.0,-0.0033812605198163537,12.880000114440918
2014-09-11,73.7299,73.9393,73.6482,73.8555,2118.0,0.005102026929556969,12.800000190734863
2014-09-12,73.3109,73.7299,73.3109,73.3109,1757.0,-0.0073738584127113205,13.3100004196167
2014-09-15,73.1015,73.5204,72.9402,73.5204,3178.0,0.002857692375894949,14.119999885559082
2014-09-16,73.7299,73.9393,73.3109,73.4995,34098.0,-0.0002842748407244633,12.729999542236328
2014-09-17,73.7299,74.3603,73.7299,74.3582,1629.0,0.011683072673963846,12.649999618530273
2014-09-18,74.3582,74.3582,74.0252,74.0629,2196.0,-0.003971317218544823,12.029999732971191
2014-09-19,74.5677,74.5677,73.7299,73.7299,3186.0,-0.004496178248488802,12.109999656677246
2014-09-22,73.7299,74.3582,73.688,74.3582,170468.0,0.008521644543122875,13.6899995803833
2014-09-23,73.9812,73.9812,73.3109,73.6063,3218.0,-0.010111863923548348,14.930000305175781
2014-09-24,73.9393,74.1488,73.4785,73.7299,3151.0,0.0016792040898672145,13.270000457763672
2014-09-25,73.8974,74.398,73.7299,73.8995,2127.0,0.0023002879428835055,15.640000343322754
2014-09-26,73.9854,74.1488,73.5204,74.021,2044.0,0.0016441247911014312,14.850000381469727
2014-09-29,74.3582,74.6494,74.2347,74.6494,1490.0,0.008489482714364893,15.979999542236328
2014-09-30,74.6934,75.615,74.6515,75.615,835.0,0.012935134106905055,16.309999465942383
2014-10-01,75.3218,75.8684,74.9887,74.9887,70471.0,-0.008282748131984374,16.709999084472656
2014-10-02,74.8987,75.4055,74.5677,74.5677,10741.0,-0.005614179202999781,16.15999984741211
2014-10-03,74.1488,74.6305,73.8157,74.5677,873100.0,0.0,14.550000190734863
2014-10-06,75.0729,75.0746,74.7772,74.863,26448.0,0.003960159693808363,15.460000038146973
2014-10-07,74.2745,74.2745,72.2636,72.2636,2856.0,-0.03472209235536916,17.200000762939453
2014-10-08,72.1029,72.1029,71.4258,71.6353,10178.0,-0.008694557149104054,15.109999656677246
2014-10-09,72.4731,72.4731,71.6353,71.7211,78930.0,0.0011977335196475813,18.760000228881836
2014-10-10,71.2163,71.2163,70.5021,70.7974,71971.0,-0.01287905511767129,21.239999771118164
2014-10-13,70.0015,70.7974,69.9596,70.2743,19776.0,-0.007388689415148031,24.639999389648438
2014-10-14,69.8737,70.2067,69.3312,69.6265,1075.0,-0.009218163681459668,22.790000915527344
2014-10-15,69.7501,69.7501,68.2839,68.2839,40773.0,-0.01928288798086919,25.270000457763672
2014-10-16,68.4934,68.4934,66.3988,67.1507,3693.0,-0.016595420003836958,25.200000762939453
2014-10-17,68.198,68.7028,68.198,68.7007,101803.0,0.023082410161025857,21.989999771118164
2014-10-20,68.7028,69.3333,68.3677,69.3333,1000843.0,0.009208057559821015,18.56999969482422
2014-10-21,69.3312,69.8549,68.663,69.836,83936.0,0.00725048425504049,16.079999923706055
2014-10-22,69.9596,70.7974,69.7501,70.7974,1407.0,0.013766538747923773,17.8700008392334
2014-10-23,70.7974,71.2163,70.3387,70.7136,52693.0,-0.001183659286922878,16.530000686645508
2014-10-24,71.4258,71.8447,71.4258,71.4258,1205.0,0.010071612815639286,16.110000610351562
2014-10-27,72.0542,72.0542,71.5955,71.6353,1300.0,0.0029331138048156458,16.040000915527344
2014-10-28,73.5225,73.6063,73.0994,73.1015,1417.0,0.020467562779802773,14.390000343322754
2014-10-29,73.1434,73.1434,72.6826,72.6826,1214.0,-0.005730388569318068,15.149999618530273
2014-10-30,73.3109,73.3109,72.2636,72.3495,219.0,-0.004582940070938402,14.520000457763672
2014-10-31,74.1488,74.8191,74.1488,74.6934,35357.0,0.03239690668214701,14.029999732971191
2014-11-03,74.6515,74.6515,73.9393,73.9393,212512.0,-0.01009593886474569,14.729999542236328
2014-11-04,74.1488,74.3603,73.9393,74.3184,1136.0,0.005127178645185859,14.890000343322754
2014-11-05,74.6096,74.9866,74.1488,74.8211,41201.0,0.006764139163383476,14.170000076293945
2014-11-06,74.5677,74.9866,74.3582,74.7814,1893.0,-0.0005305989887878226,13.670000076293945
2014-11-07,74.9486,74.9486,74.1488,74.3582,183.0,-0.005659161235280541,13.119999885559082
2014-11-10,74.4399,74.7772,74.4399,74.5677,21102.0,0.0028174431333733985,12.670000076293945
2014-11-11,74.9866,74.9866,74.6494,74.9866,874.0,0.005617713835883276,12.920000076293945
2014-11-12,74.7772,75.1961,74.7772,74.7772,763.0,-0.002792498926474929,13.020000457763672
2014-11-13,75.615,76.0339,75.4034,76.0339,1489.0,0.01680592480060783,13.789999961853027
2014-11-14,76.6623,76.6623,75.948,76.1596,17948.0,0.0016532099497723607,13.3100004196167
2014-11-17,76.0339,76.4089,75.9899,76.4089,15758.0,0.003273389040908903,13.989999771118164
2014-11-18,76.4528,77.0812,76.4528,76.4528,1229.0,0.0005745404003982824,13.859999656677246
2014-11-19,76.8718,77.0812,76.5764,76.6623,1750.0,0.002740252809576793,13.960000038146973
2014-11-20,76.8718,76.8718,76.4528,76.4528,1256.0,-0.0027327643444040595,13.579999923706055
2014-11-21,76.4528,77.0812,76.4528,77.0812,2555.0,0.00821945043216199,12.899999618530273
2014-11-24,76.8718,77.1671,76.6602,76.8842,4400.0,-0.0025557464076841896,12.619999885559082
2014-11-25,76.8718,76.8739,76.6146,76.6146,7186.0,-0.00350657222160089,12.25
2014-11-26,76.8718,76.9116,76.832,76.8697,951.0,0.0033296525727473103,12.069999694824219
2014-11-27,76.8718,77.4603,76.8718,77.4603,1306.0,0.007683131324826453,
2014-11-28,77.9191,78.338,77.7096,78.338,51146.0,0.011330965668865156,13.329999923706055
2014-12-01,77.9191,78.5076,77.9191,78.2102,645.0,-0.0016313921723811742,14.15999984741211
2014-12-02,77.9191,77.961,77.3347,77.3347,1359.0,-0.011194192061904973,12.850000381469727
2014-12-03,78.4197,78.7569,77.9191,77.9191,2916.0,0.0075567630054813595,12.5
2014-12-04,78.338,78.715,77.586,77.586,2408.0,-0.00427494670754669,12.380000114440918
2014-12-05,78.1306,78.338,77.9191,78.338,1441.0,0.00969247029103193,11.890000343322754
2014-12-08,78.5474,78.759,78.4658,78.5474,106152.0,0.0026730322448875743,14.210000038146973
2014-12-09,78.0028,78.338,76.8299,76.8299,1456.0,-0.021865777861520552,15.350000381469727
2014-12-10,77.0812,77.3745,76.8718,76.8718,2903.0,0.0005453605952889795,18.530000686645508
2014-12-11,77.2907,77.2907,76.367,76.5345,1333.0,-0.004387824924094397,20.079999923706055
2014-12-12,76.4528,76.4528,76.1156,76.2434,14804.0,-0.0038035134481835264,21.079999923706055
2014-12-15,76.2036,76.2434,74.9866,74.9866,1143.0,-0.01648404976693063,20.420000076293945
2014-12-16,73.5204,74.1488,72.9779,74.1488,2462.0,-0.011172662849095683,23.56999969482422
2014-12-17,73.9393,74.5677,73.9393,74.5677,2705.0,0.005649450833998815,19.440000534057617
2014-12-18,75.7784,77.2907,75.7784,77.0812,2116.0,0.0337076240785219,16.809999465942383
2014-12-19,78.7569,78.7569,77.1671,77.9999,20616.0,0.011918600125581769,16.489999771118164
2014-12-22,78.4616,78.5495,78.338,78.338,1888.0,0.004334620941821576,15.25
2014-12-23,78.7569,79.0899,77.0812,77.0812,2802.0,-0.01604329954811201,14.800000190734863
2014-12-29,77.9191,77.9191,77.7096,77.7536,432.0,0.008723268449375654,15.0600004196167
2014-12-30,77.9191,77.9191,77.2907,77.2907,1323.0,-0.005953422092353389,15.920000076293945
2015-01-05,77.4582,79.3853,77.4582,78.3376,147319.0,0.013544967247029582,19.920000076293945
2015-01-06,78.338,78.5474,78.338,78.5474,255.0,0.002678151998529499,21.1200008392334
2015-01-07,77.5001,78.1285,77.5001,78.0426,1381.0,-0.006426692672195422,19.309999465942383
2015-01-08,79.0878,81.061,79.0878,81.061,2794.0,0.03867631268051053,17.010000228881836
2015-01-09,81.2704,82.4015,81.2704,82.3177,1321.0,0.01550313961091021,17.549999237060547
2015-01-12,81.8988,81.8988,81.061,81.2704,975.0,-0.012722658674865883,19.600000381469727
2015-01-13,81.0191,82.9461,81.0191,82.9461,1873.0,0.020618823089341376,20.559999465942383
2015-01-14,82.1083,83.0739,82.1083,82.7366,973.0,-0.0025257365927995323,21.479999542236328
2015-01-15,83.1556,83.365,71.8447,74.8589,298797.0,-0.09521420991435459,22.389999389648438
2015-01-16,73.7416,73.7416,70.6759,73.146,451088.0,-0.022881714799442787,20.950000762939453
2015-01-19,72.6144,75.1123,72.6144,73.9393,54405.0,0.01084543242282554,
2015-01-20,74.5677,74.9866,74.1488,74.1488,59137.0,0.002833405239162312,19.889999389648438
2015-01-21,74.5107,74.5107,70.588,71.2163,289461.0,-0.039548853116975424,18.850000381469727
2015-01-22,70.9231,70.9231,69.082,69.9575,3153.0,-0.017675728730641826,16.399999618530273
2015-01-23,71.6353,71.8468,70.5503,71.6353,9462.0,0.023983132616231417,16.65999984741211
2015-01-26,71.6772,73.3507,71.4258,72.8899,4560.0,0.017513711815264177,15.520000457763672
2015-01-27,72.892,74.5677,72.892,74.5677,28128.0,0.023018278252542546,17.219999313354492
2015-01-28,75.1961,75.1961,74.1488,74.3582,12276.0,-0.002809527449552651,20.440000534057617
2015-01-29,74.1069,76.2434,74.1069,76.2434,2698.0,0.025352953675586543,18.760000228881836
2015-01-30,76.4869,76.6623,75.615,76.036,51985.0,-0.002720235456445952,20.969999313354492
2015-02-02,76.2434,76.2434,75.1961,75.1961,1071.0,-0.011046083434162801,19.43000030517578
2015-02-03,75.7868,75.7868,75.1961,75.1961,1374.0,0.0,17.329999923706055
2015-02-04,75.703,76.6623,75.703,76.5764,2373.0,0.01835600516516167,18.329999923706055
2015-02-05,76.0339,76.0339,75.1961,75.4596,4811.0,-0.014584127746929965,16.850000381469727
2015-02-06,75.4055,77.2907,75.1961,77.0812,1704.0,0.02148964479005988,17.290000915527344
2015-02-09,76.8718,79.7183,76.8718,79.5947,5604.0,0.032608470029008574,18.549999237060547
2015-02-10,78.9664,79.3853,78.7569,78.7569,4322.0,-0.010525826468345323,17.229999542236328
2015-02-11,79.1758,79.2638,78.2067,79.1758,17154.0,0.005318899042496605,16.959999084472656
2015-02-12,79.423,79.423,78.0468,78.8847,24991.0,-0.003676628464758136,15.34000015258789
2015-02-13,79.4691,79.6366,79.3853,79.6345,1168.0,0.009505011744989966,14.6899995803833
2015-02-16,79.3853,80.4326,79.3853,80.2231,2234.0,0.007391268859602285,
2015-02-17,79.9257,79.9257,79.3036,79.3853,2638.0,-0.010443376035082164,15.800000190734863
2015-02-18,80.2608,80.642,80.1372,80.3886,3353.0,0.012638359998639492,15.449999809265137
2015-02-19,80.0137,81.4799,80.0137,81.4799,7012.0,0.013575307941673387,15.289999961853027
2015-02-20,81.4799,81.572,80.2608,80.4305,3753151.0,-0.012879249974533713,14.300000190734863
2015-02-23,81.4799,82.0203,81.2704,81.6893,488.0,0.015650779244192226,14.5600004196167
2015-02-24,81.6893,81.8988,81.2704,81.7333,1968.0,0.000538626233790751,13.6899995803833
2015-02-25,80.7698,81.6893,80.7698,81.6893,890.0,-0.0005383362717521489,13.84000015258789
2015-02-26,81.1426,81.859,81.1426,81.859,2705.0,0.002077383451688286,13.90999984741211
2015-02-27,81.6893,82.0461,81.6893,81.7752,2286.0,-0.001023711503927438,13.34000015258789
2015-03-02,81.4799,81.8988,81.4799,81.8988,1440.0,0.0015114606873476433,13.039999961853027
2015-03-03,80.3237,80.5562,79.9739,79.9739,2906.0,-0.02350339687516778,13.859999656677246
2015-03-04,80.0116,80.0137,79.2135,79.5947,1614.0,-0.004741546929685758,14.229999542236328
2015-03-05,80.2231,80.3467,80.0137,80.2231,1109.0,0.00789499803378857,14.039999961853027
2015-03-06,80.8515,80.8515,79.5845,80.642,2624.0,0.005221688017541082,15.199999809265137
2015-03-09,80.4326,80.4326,79.8042,80.3886,3186.0,-0.0031422831775005378,15.0600004196167
2015-03-10,80.973,81.061,80.0137,80.3185,2902.0,-0.0008720141910668611,16.690000534057617
2015-03-11,80.8515,81.2285,80.8515,81.2285,2700.0,0.011329892864035074,16.8700008392334
2015-03-12,81.1824,81.2872,80.7698,81.0574,113475.0,-0.002106403540629187,15.420000076293945
2015-03-13,81.4359,81.5197,81.1887,81.438,2523.0,0.00469543804760586,16.0
2015-03-16,81.6412,82.8623,81.4799,82.6947,3769.0,0.015431371104398295,15.609999656677246
2015-03-17,82.5272,82.7366,81.6076,82.1501,4165.0,-0.006585669940153416,15.65999984741211
2015-03-18,82.3177,82.567,82.1083,82.567,1557.0,0.005074856877836931,13.970000267028809
2015-03-19,82.5272,83.031,82.4434,82.8204,91394.0,0.003069022733053428,14.069999694824219
2015-03-20,83.365,83.5745,83.1556,83.4907,617597.0,0.008093416597843017,13.020000457763672
2015-03-23,83.365,83.5745,82.9461,83.1556,3249.0,-0.00401362067871025,13.40999984741211
2015-03-24,83.076,83.1556,82.1083,82.3177,8068.0,-0.010076290712832336,13.619999885559082
2015-03-25,82.3177,82.5691,81.061,81.2264,14606.0,-0.013257173123155774,15.4399995803833
2015-03-26,80.2231,80.2231,79.5068,79.9739,24566.0,-0.01541986349265756,15.800000190734863
2015-03-27,80.2231,81.3144,80.2231,80.6001,969534.0,0.007830054555298727,15.069999694824219
2015-03-30,81.061,82.3177,80.7688,81.9826,23395.0,0.017152584177935415,14.510000228881836
2015-03-31,82.3177,82.3177,80.4305,80.5583,5821.0,-0.01737319870313947,15.289999961853027
2015-04-01,80.2231,81.482,80.2231,81.0212,4286.0,0.00574614906223192,15.109999656677246
2015-04-02,80.8515,80.8515,80.4326,80.4326,5478.0,-0.007264765271311702,14.670000076293945
2015-04-07,81.061,82.5272,80.8515,82.3177,4261.0,0.02343701434492984,14.779999732971191
2015-04-08,82.3177,82.3177,82.1083,82.1083,1540.0,-0.00254380285163458,13.979999542236328
2015-04-09,82.9461,83.7881,82.9461,83.7839,1828.0,0.02040719391340473,13.09000015258789
2015-04-10,84.2029,85.0407,83.9934,85.0407,1658.0,0.015000495321893625,12.579999923706055
2015-04-13,84.8312,84.8773,84.2029,84.4123,1035.0,-0.0073894029564667285,13.9399995803833
2015-04-14,83.9934,84.2029,83.7839,83.7839,957.0,-0.007444412721842708,13.670000076293945
2015-04-15,84.3662,84.3662,83.7839,83.7839,922.0,0.0,12.84000015258789
2015-04-16,83.365,83.365,83.0739,83.1137,969.0,-0.0079991501947273,12.600000381469727
2015-04-17,83.365,83.365,81.8988,82.0266,1334.0,-0.013079672785593632,13.890000343322754
2015-04-20,81.947,82.1522,81.8988,82.1522,1168.0,0.0015312106072906673,13.300000190734863
2015-04-21,82.4832,83.9934,82.4832,83.2812,5695.0,0.013742784733701718,13.25
2015-04-22,83.1556,83.7839,82.6508,83.7839,159029.0,0.0060361762318505985,12.710000038146973
2015-04-23,85.0407,85.3758,84.2029,84.2825,7155.0,0.005951024003418182,12.479999542236328
2015-04-24,84.7014,84.7014,83.3629,83.6143,1001.0,-0.007928098952926121,12.289999961853027
2015-04-27,83.7839,84.2029,82.9461,84.1191,2996.0,0.006037244825346955,13.119999885559082
2015-04-28,83.365,83.365,82.7366,82.9461,161371.0,-0.01394451438496136,12.40999984741211
2015-04-29,83.365,83.5745,81.7291,81.7291,1652.0,-0.01467217867988968,13.390000343322754
2015-04-30,80.686,81.2285,80.4326,80.8955,18793.0,-0.010199549487269532,14.550000190734863
2015-05-05,80.6923,81.8988,79.5549,79.5549,3059.0,-0.016571997206272226,14.3100004196167
2015-05-06,78.9664,78.9811,78.0426,78.5474,3451.0,-0.012664210501176054,15.149999618530273
2015-05-07,77.2907,78.4616,76.6623,78.4616,1310.0,-0.0010923340556147076,15.130000114440918
2015-05-08,78.7569,80.0535,78.3401,80.0137,1605.0,0.019781651151646207,12.859999656677246
2015-05-11,80.0137,80.4326,79.2994,80.2231,1741.0,0.0026170518298742618,13.850000381469727
2015-05-12,79.8042,79.8042,78.7171,79.1297,2589.0,-0.013629490757649632,13.859999656677246
2015-05-13,80.0556,80.0556,79.1758,79.1758,1001535.0,0.0005825878273264529,13.760000228881836
2015-05-14,78.9664,79.6534,78.9664,79.6534,10030.0,0.006032146186082166,12.739999771118164
2015-05-15,79.3853,80.2231,79.3853,79.5947,1900.0,-0.0007369428047013793,12.380000114440918
2015-05-18,80.0137,80.642,80.0137,80.4326,1688.0,0.010527082833404533,12.729999542236328
2015-05-19,81.4778,81.6076,81.3563,81.6076,2126.0,0.01460850451185225,12.850000381469727
2015-05-20,81.5595,81.5595,81.061,81.061,1044.0,-0.006697905587224717,12.880000114440918
2015-05-21,81.4799,82.1083,81.061,82.1083,23764.0,0.01291989982852404,12.109999656677246
2015-05-22,81.9784,82.1522,81.771,82.1522,835.0,0.0005346597116246965,12.130000114440918
2015-05-26,82.3177,82.3177,81.2704,81.2704,2542.0,-0.010733735675977019,14.0600004196167
2015-05-27,81.6893,82.3994,81.5239,82.3994,2628.0,0.013891896680710447,13.270000457763672
2015-05-28,82.435,82.9461,82.435,82.4434,641308.0,0.0005339844707605845,13.3100004196167
2015-05-29,82.3177,82.3177,81.2704,81.2704,1870.0,-0.014227943049413327,13.84000015258789
2015-06-01,81.8988,81.9805,81.4799,81.4799,2221.0,0.0025778143087766825,13.970000267028809
2015-06-02,81.2704,81.7731,80.642,80.642,183796.0,-0.010283517775549589,14.239999771118164
2015-06-03,80.8515,81.6893,80.8515,81.4799,1822.0,0.010390367302398396,13.65999984741211
2015-06-04,80.2231,81.1845,80.2231,81.061,856.0,-0.005141145239500711,14.710000038146973
2015-06-05,79.8042,80.2231,79.3455,80.0137,88617.0,-0.012919899828524262,14.210000038146973
2015-06-08,79.7204,79.8042,79.3434,79.3434,76680.0,-0.008377315384740291,15.289999961853027
2015-06-09,78.1285,78.8071,78.1285,78.8071,10725.0,-0.00675922635026982,14.470000267028809
2015-06-10,78.8868,79.6366,78.8868,79.6366,670.0,0.01052570136447084,13.220000267028809
2015-06-11,80.5562,80.642,80.0137,80.0137,1131.0,0.004735259918178247,12.850000381469727
2015-06-12,80.2608,80.2608,79.1758,79.1758,27018.0,-0.01047195667741907,13.779999732971191
2015-06-15,78.5474,78.5474,77.9191,77.9212,1108.0,-0.015845750848112683,15.390000343322754
2015-06-16,77.7096,79.0062,77.7096,78.9266,51205.0,0.012902778704640072,14.8100004196167
2015-06-17,78.6333,78.7569,77.9212,78.5495,1094.0,-0.004777856894887078,14.5
2015-06-18,78.1285,78.2521,76.8697,77.8751,101246.0,-0.008585668909413702,13.1899995803833
2015-06-19,79.0103,79.0103,77.5199,77.5199,50933.0,-0.004561149841220025,13.960000038146973
2015-06-22,78.1285,78.7129,78.1285,78.5474,1937.0,0.013254661061224082,12.739999771118164
2015-06-23,79.3853,80.642,79.3434,80.4326,2609.0,0.02400079442476777,12.109999656677246
2015-06-24,80.642,80.642,79.3413,79.3413,1787.0,-0.013567881679816263,13.260000228881836
2015-06-25,79.5947,79.7623,79.3451,79.7623,1873.0,0.00530618984059994,14.010000228881836
2015-06-26,78.715,78.9266,78.0468,78.1285,29015.0,-0.02048336118692662,14.020000457763672
2015-06-29,76.8718,77.9212,76.8718,77.7536,1541.0,-0.004798505026974764,18.850000381469727
2015-06-30,76.4528,77.5441,76.4528,77.4143,1112.0,-0.004363785085192307,18.229999542236328
2015-07-01,76.8718,78.3401,76.5785,78.3401,17241.0,0.01195903082505434,16.09000015258789
2015-07-02,78.8847,79.0103,78.5474,78.759,985.0,0.005347197667605608,16.790000915527344
2015-07-03,78.2961,78.5474,77.5001,77.5001,828.0,-0.015984204979748284,
2015-07-06,77.2907,78.1264,77.2907,78.0845,1244.0,0.007540635431438236,17.010000228881836
2015-07-07,77.9191,78.3799,77.9191,78.2982,1102.0,0.0027367787461018978,16.09000015258789
2015-07-08,78.5474,79.0501,78.2542,79.0083,11497.0,0.009069174004000313,19.65999984741211
2015-07-09,79.8482,80.4326,79.8482,80.0116,1096.0,0.012698665836374134,19.969999313354492
2015-07-10,80.9751,81.6056,80.8054,81.3961,2211.0,0.017303740957561153,16.829999923706055
2015-07-13,81.8988,82.9461,81.8988,82.9461,1531.0,0.01904268140611154,13.899999618530273
2015-07-14,83.1556,83.365,83.0718,83.365,200625.0,0.0050502675834065425,13.369999885559082
2015-07-15,83.5745,83.7881,83.365,83.4488,2428.0,0.0010052180171535863,13.229999542236328
2015-07-16,83.1556,84.7014,83.1556,84.5338,1856.0,0.013001984450345505,12.109999656677246
2015-07-17,84.2029,84.8773,84.2029,84.7893,1148.0,0.003022459655191101,11.949999809265137
2015-07-20,85.0407,86.3854,85.0407,85.6314,2738.0,0.009931677699898556,12.25
2015-07-21,83.8635,84.4123,83.365,84.2825,938.0,-0.015752399236728554,12.220000267028809
2015-07-22,83.2393,83.2393,82.7366,82.7366,5675.0,-0.018341885919378353,12.119999885559082
2015-07-23,81.5243,83.0697,81.5243,82.9021,80837.0,0.002000323919522984,12.640000343322754
2015-07-24,83.0697,83.7839,82.7366,82.7366,1249.0,-0.0019963306116492774,13.739999771118164
2015-07-27,82.5272,82.5272,81.7752,82.0685,2697.0,-0.008075023629203981,15.600000381469727
2015-07-28,82.7345,82.7366,82.3177,82.5272,1120.0,0.005589233384306835,13.4399995803833
2015-07-29,82.9461,83.7441,82.9461,83.7002,189114.0,0.014213495671730136,12.5
2015-07-30,84.1987,84.1987,83.4509,83.4509,1102.0,-0.002978487506600791,12.130000114440918
2015-07-31,83.9934,84.2029,83.365,84.0353,125.0,0.007002920280068992,12.119999885559082
2015-08-03,84.6176,84.8312,84.2029,84.7014,562.0,0.007926430916531446,12.5600004196167
2015-08-04,84.6176,84.8312,84.4123,84.7893,4089.0,0.001037763248305179,13.0
2015-08-05,84.2866,84.6218,84.2866,84.6218,14625.0,-0.0019754851142774754,12.510000228881836
2015-08-06,84.8312,84.8312,84.538,84.538,343.0,-0.0009902885544859075,13.770000457763672
2015-08-07,83.9934,84.4961,83.9934,84.161,1984.0,-0.004459532991080928,13.390000343322754
2015-08-10,83.9557,85.1203,83.9557,85.1203,31636.0,0.011398391178812028,12.229999542236328
2015-08-11,85.1203,85.2502,84.626,84.7097,1952.0,-0.004823761194450715,13.710000038146973
2015-08-12,84.9719,84.9719,81.8988,81.8988,2401.0,-0.03318274058342796,13.609999656677246
2015-08-13,83.4488,83.6164,83.3629,83.6164,272803.0,0.02097222425725409,13.489999771118164
2015-08-14,83.7839,84.0353,83.742,84.0353,10327.0,0.005009782769887394,12.829999923706055
2015-08-17,83.9934,84.4964,83.6583,84.4964,16640.0,0.005486979876313747,13.020000457763672
2015-08-18,84.6176,84.8689,84.3285,84.6637,760.0,0.0019799660103863026,13.789999961853027
2015-08-19,84.2029,84.207,83.365,83.365,1273.0,-0.015339513864855991,15.25
2015-08-20,82.8623,82.9461,81.6872,81.6872,42620.0,-0.020125952138187353,19.139999389648438
2015-08-21,80.6818,80.6818,78.338,78.338,1711.0,-0.04100030359713647,28.030000686645508
2015-08-24,77.2907,77.2907,73.5204,75.0704,1256.0,-0.04171155760933376,40.7400016784668
2015-08-25,75.4055,77.917,75.2359,77.2509,14974.0,0.029046068756793497,36.02000045776367
2015-08-26,76.08,77.496,75.615,76.1575,56495.0,-0.014153880407865804,30.31999969482422
2015-08-27,77.8751,78.7548,77.8751,78.5872,3479.0,0.03190362078587139,26.100000381469727
2015-08-28,78.4197,78.9245,77.8395,78.338,70636.0,-0.0031709998574831477,26.049999237060547
2015-09-01,78.338,78.338,76.7859,76.8257,1903.0,-0.019304807373177746,31.399999618530273
2015-09-02,77.1189,77.2907,76.4847,76.7859,21959.0,-0.0005180558068458296,26.09000015258789
2015-09-03,78.1285,78.5495,78.1285,78.5035,1368.0,0.02236869008502862,25.610000610351562
2015-09-04,77.2467,77.5022,77.0812,77.497,11752.0,-0.012821084410249206,27.799999237060547
2015-09-07,78.0049,78.338,77.9191,77.9191,1963.0,0.0054466624514497575,
2015-09-08,79.3853,79.4649,78.5474,78.5474,2189.0,0.008063491493099928,24.899999618530273
2015-09-09,79.9697,80.5185,79.3476,79.7419,41281.0,0.015207377965406943,26.229999542236328
2015-09-10,80.0535,80.0535,78.7548,78.8847,1111.0,-0.010749681158838786,24.3700008392334
2015-09-11,77.9191,78.4616,77.6698,78.4616,1280.0,-0.005363524232202099,23.200000762939453
2015-09-14,78.5474,78.9664,77.4603,77.4603,1784.0,-0.012761656657524156,24.25
2015-09-15,77.9861,78.338,77.5001,78.338,2511.0,0.011330965668865156,22.540000915527344
2015-09-16,78.5474,79.3434,78.5474,79.3434,962.0,0.012834129030611097,21.350000381469727
2015-09-17,79.7581,79.7581,78.7569,79.2177,13004.0,-0.0015842527544824847,21.139999389648438
2015-09-18,78.5097,78.5097,77.9191,78.2643,24182.0,-0.01203518910546486,22.280000686645508
2015-09-21,77.7955,79.5947,77.7955,78.9664,884.0,0.008970884554004632,20.139999389648438
2015-09-22,77.5001,77.5001,75.8245,76.0737,1170.0,-0.03663203590387798,22.440000534057617
2015-09-23,75.615,76.1575,75.615,75.9082,796.0,-0.0021755218952148603,22.1299991607666
2015-09-24,75.1961,75.3637,74.7772,74.9866,2013.0,-0.012140980816301772,23.469999313354492
2015-09-25,75.4055,77.1671,75.4055,76.8299,1490.0,0.024581725268247867,23.6200008392334
2015-09-28,75.8245,75.8245,74.5279,74.5677,647.0,-0.029444265839210892,27.6299991607666
2015-09-29,73.5204,73.5204,73.5204,73.5204,75.0,-0.014044955121319425,26.829999923706055
2015-09-30,75.1982,75.5312,74.6934,74.6934,823.0,0.015954755414823607,24.5
2015-10-01,76.2434,76.4528,74.8191,75.8245,142355.0,0.015143238893931876,22.549999237060547
2015-10-02,75.1961,75.615,73.9393,75.4055,200781.0,-0.005525918403682106,20.940000534057617
2015-10-05,76.2434,76.6623,76.1617,76.6623,1702.0,0.016667219234671293,19.540000915527344
2015-10-06,76.4528,76.9116,76.4528,76.9116,754.0,0.0032519243487347804,19.399999618530273
2015-10-07,74.7374,75.0725,74.2305,74.2326,46028.0,-0.03483219696378703,18.399999618530273
2015-10-08,74.3603,74.7772,74.3582,74.442,570.0,0.0028208630709416482,17.420000076293945
2015-10-09,74.872,74.9866,74.1488,74.1488,10582.0,-0.003938636791058769,17.079999923706055
2015-10-12,74.3582,74.4019,73.5602,74.4019,2078.0,0.003413406555466958,16.170000076293945
2015-10-13,74.5677,74.5677,73.6084,73.9393,80612.0,-0.006217583153118378,17.670000076293945
2015-10-14,73.3109,73.8157,73.3109,73.5204,1241.0,-0.005665458017590219,18.030000686645508
2015-10-15,73.7299,73.9414,73.7299,73.9393,111.0,0.005697738314808021,16.049999237060547
2015-10-16,75.615,75.6569,75.006,75.6151,23326.0,0.022664536991829687,15.050000190734863
2015-10-19,75.615,75.9899,75.571,75.571,32583.0,-0.0005832168442546637,14.979999542236328
2015-10-20,74.9468,75.0264,74.4399,74.6376,80668.0,-0.012351298778631947,15.75
2015-10-21,74.1467,74.1467,73.4827,73.7739,589.0,-0.011571915495675267,16.700000762939453
2015-10-22,73.7299,74.9028,73.3528,74.7772,14076.0,0.01359966058456985,14.449999809265137
2015-10-23,75.194,75.8643,74.863,75.615,12601.0,0.011203949867071739,14.460000038146973
2015-10-26,76.1575,76.2643,75.9941,76.2434,41986.0,0.008310520399391619,15.289999961853027
2015-10-27,74.1488,74.9468,74.1048,74.9468,7021.0,-0.017006062164069302,15.430000305175781
2015-10-28,74.9887,75.4055,74.7772,75.1961,24675.0,0.0033263594976704614,14.329999923706055
2015-10-29,75.1961,75.615,74.7353,75.615,33180.0,0.005570767632895768,14.609999656677246
2015-10-30,75.7407,75.8245,75.1563,75.1563,11251.0,-0.006066256695100081,15.069999694824219
2015-11-02,74.5677,74.9866,74.5677,74.8211,1747.0,-0.004460038612864148,14.149999618530273
2015-11-03,74.9866,74.9866,74.6117,74.7353,13323.0,-0.0011467353460454799,14.539999961853027
2015-11-04,75.6988,75.8245,74.9845,74.9845,113284.0,0.003334434999257452,15.510000228881836
2015-11-05,75.2799,75.9501,75.1961,75.402,40136.0,0.005567817348918869,15.050000190734863
2015-11-06,74.9725,75.6548,74.7772,75.4055,109478.0,4.641786690018357e-05,14.329999923706055
2015-11-09,74.9866,74.9866,74.4399,74.7772,490.0,-0.008332283454124845,16.520000457763672
2015-11-10,74.6096,74.6096,73.688,73.8136,7762.0,-0.01288628084496346,15.289999961853027
2015-11-11,74.3582,74.9468,74.3582,74.6494,1078.0,0.011323116607237838,16.059999465942383
2015-11-12,74.1404,74.1404,73.3109,73.3109,1885.0,-0.017930485710534794,18.3700008392334
2015-11-13,72.892,72.892,71.8908,72.8675,24974.0,-0.006048213839961014,20.079999923706055
2015-11-16,72.892,73.3109,72.892,73.0596,40770.0,0.0026362918996809537,18.15999984741211
2015-11-17,74.3582,74.4818,74.065,74.3561,61712.0,0.017745785632552025,18.84000015258789
2015-11-18,74.5677,75.4055,74.5677,74.9887,99518.0,0.008507708177271311,16.850000381469727
2015-11-19,76.1596,76.1617,75.3197,75.4055,101049.0,0.005558170764395243,16.989999771118164
2015-11-20,75.615,75.7386,75.3657,75.7386,758.0,0.004417449655529149,15.470000267028809
2015-11-23,74.7772,75.1248,74.398,74.5677,1385.0,-0.01545975235877084,15.619999885559082
2015-11-24,73.9435,74.1488,73.1015,73.3101,88258.0,-0.016865211076645736,15.930000305175781
2015-11-25,73.3507,74.3582,73.3507,74.2326,17732.0,0.012583532146320797,15.1899995803833
2015-11-26,73.5204,73.9791,73.5204,73.9039,21702.0,-0.004427973693498677,
2015-11-27,74.1488,75.0704,74.1488,74.486,2257.0,0.00787644495080797,15.119999885559082
2015-11-30,74.3582,74.4839,73.8136,74.1488,2270.0,-0.004527025212791802,16.1299991607666
2015-12-01,74.1886,74.1886,73.6859,73.9245,37004.0,-0.0030249983816326154,14.670000076293945
2015-12-02,74.3582,74.3582,73.4983,73.4983,65773.0,-0.005765341666159274,15.90999984741211
2015-12-03,73.5983,73.5983,71.8447,72.0542,102420.0,-0.019648073492856355,18.110000610351562
2015-12-04,71.1745,71.4677,71.0907,71.3654,585748.0,-0.00955947050969963,14.8100004196167
2015-12-07,72.4731,72.9737,71.8447,71.8447,2864.0,0.00671613975399854,15.84000015258789
2015-12-08,71.5934,71.5934,70.7974,71.0278,29957.0,-0.011370358565071625,17.600000381469727
2015-12-09,70.544,70.7974,69.9596,70.2088,13930.0,-0.011530696431538145,19.610000610351562
2015-12-10,69.7941,70.7974,69.7103,70.6522,8391.0,0.006315447636193738,19.34000015258789
2015-12-11,70.3743,70.9629,70.0036,70.0036,1262.0,-0.009180181225779016,24.389999389648438
2015-12-14,70.3576,70.3764,69.2034,69.2034,23548.0,-0.011430840699621192,22.729999542236328
2015-12-15,69.3312,70.8372,69.3312,70.7534,19898.0,0.022397743463471453,20.950000762939453
2015-12-16,70.9629,71.5913,70.7974,70.7974,41094.0,0.0006218782418936364,17.860000610351562
2015-12-17,72.5988,72.6826,71.3001,71.3001,4399.0,0.007100543240288637,18.940000534057617
2015-12-18,70.7974,71.4258,70.7974,71.2163,1239.0,-0.0011753139196157836,20.700000762939453
2015-12-21,71.4258,71.4258,70.588,70.588,995.0,-0.008822418463189097,18.700000762939453
2015-12-22,70.7953,71.0069,69.9596,69.9596,1990.0,-0.008902363007876724,16.600000381469727
2015-12-23,70.7974,71.6353,70.5859,71.4258,3061.0,0.020957809936020144,15.569999694824219
2015-12-29,72.5548,73.3109,72.5548,73.3109,698.0,0.02639242402605224,16.079999923706055
2015-12-30,73.6859,73.7299,73.1015,73.1015,1632.0,-0.0028563283222550195,17.290000915527344
2016-01-04,72.0542,72.0542,71.5955,71.653,6986.0,-0.019814914878627632,20.700000762939453
2016-01-05,71.8447,72.5569,71.8028,72.5569,10537.0,0.012614963783791122,19.34000015258789
2016-01-06,72.6826,72.6826,71.4258,71.8028,1997.0,-0.010393222422677817,20.59000015258789
2016-01-07,70.7974,70.7974,70.0434,70.588,114954.0,-0.016918560278986527,24.989999771118164
2016-01-08,70.544,70.6697,68.8913,69.1217,371086.0,-0.02077265257550842,27.010000228881836
2016-01-11,68.7028,68.9616,67.6555,67.6555,22500.0,-0.021211862555463812,24.299999237060547
2016-01-12,68.0744,69.3312,68.0744,68.9123,1980.0,0.018576464588983876,22.469999313354492
2016-01-13,69.0212,70.0832,69.0212,69.3312,66808.0,0.006078740660230286,25.219999313354492
2016-01-14,69.1217,69.1217,67.6974,68.9542,43647.0,-0.005437667312840344,23.950000762939453
2016-01-15,68.7028,68.7028,67.0271,67.342,103279.0,-0.023380736778905398,27.020000457763672
2016-01-18,67.4063,68.0765,67.1549,67.6555,3079.0,0.004655341391702095,
2016-01-19,68.3945,68.8264,68.0744,68.4888,66854.0,0.012316810902291753,26.049999237060547
2016-01-20,66.1893,67.2366,66.1893,66.9874,1156.0,-0.02192183247479884,27.59000015258789
2016-01-21,67.2345,68.2839,67.0271,67.5278,101604.0,0.0080671887549002,26.690000534057617
2016-01-22,68.4934,69.6642,68.4934,69.6642,728.0,0.03163734047310873,22.34000015258789
2016-01-25,68.9123,69.4171,68.8306,68.8704,4592.0,-0.011394661820561924,24.149999618530273
2016-01-26,69.7522,70.169,69.1217,69.1217,592364.0,0.003648882538797471,22.5
2016-01-27,67.4461,68.3698,67.1926,67.6974,604699.0,-0.020605685334706747,23.110000610351562
2016-01-28,66.5663,66.5663,64.3042,65.8123,888191.0,-0.027845973405182578,22.420000076293945
2016-01-29,65.6866,65.7704,65.142,65.7704,218920.0,-0.0006366591047569647,20.200000762939453
2016-02-01,66.3967,66.6082,66.1893,66.3988,1695.0,0.009554450026151518,19.979999542236328
2016-02-02,65.186,65.519,64.7231,64.9326,1649.0,-0.022081724368512745,21.979999542236328
2016-02-03,64.9326,65.142,63.5899,63.5899,1465.0,-0.020678364950733386,21.649999618530273
2016-02-04,64.344,64.344,62.2117,62.5168,225165.0,-0.01687532139537873,21.84000015258789
2016-02-05,62.419,62.8359,61.9603,62.5866,139693.0,0.0011164998848307572,23.3799991607666
2016-02-08,62.2096,62.2096,59.9055,59.9055,9531.0,-0.042838243330041825,26.0
2016-02-09,60.115,60.115,58.7723,58.7723,2056.0,-0.01891646009131054,26.540000915527344
2016-02-10,59.3609,60.5339,59.0677,60.2846,349666.0,0.025731509571685907,26.290000915527344
2016-02-11,59.3986,59.3986,58.2298,58.8582,3006.0,-0.023661100844991956,28.139999389648438
2016-02-12,58.6488,59.4866,58.6488,59.4028,203421.0,0.009252746431253511,25.399999618530273
2016-02-15,60.115,60.5779,60.115,60.5339,225976.0,0.019041189977576867,
2016-02-16,60.9109,61.0366,59.9055,60.2804,17102600.0,-0.004187736128020814,24.110000610351562
2016-02-17,60.7434,60.9507,60.7434,60.7434,1828.0,0.007680771859509994,22.309999465942383
2016-02-18,61.4157,62.2494,61.4157,61.8765,437308.0,0.018653878446053485,21.639999389648438
2016-02-19,61.3717,61.3717,61.0675,61.2239,9010494.0,-0.010546815026706402,20.530000686645508
2016-02-22,62.0001,62.5049,62.0001,62.2096,184006.0,0.016099921762579683,19.3799991607666
2016-02-23,61.9855,61.9855,61.5812,61.7907,955.0,-0.006733687405159339,20.979999542236328
2016-02-24,61.3717,61.3717,60.115,60.4082,230823.0,-0.022373917110503738,20.719999313354492
2016-02-25,59.4866,60.1988,59.4866,59.9055,50073.0,-0.008321717912468829,19.110000610351562
2016-02-26,60.9528,61.1623,60.3663,60.5112,6007868.0,0.010110924706412616,19.809999465942383
2016-02-29,59.74,60.115,59.4908,59.6961,2425.0,-0.013470233609645832,20.549999237060547
2016-03-01,60.115,60.7434,60.115,60.7434,27656.0,0.01754385964912286,17.700000762939453
2016-03-02,61.1204,61.1623,60.7475,60.8279,304330.0,0.0013910976336524161,17.09000015258789
2016-03-03,61.4136,61.4136,60.3663,60.6998,54051.0,-0.0021059415169683016,16.700000762939453
2016-03-04,60.115,60.481,59.7798,59.9055,8067113.0,-0.013085710331829703,16.860000610351562
2016-03-07,60.115,60.5339,59.7002,60.5339,5048213.0,0.010489854854729419,17.350000381469727
2016-03-08,60.1569,60.5339,60.115,60.285,203800.0,-0.004111745649958198,18.670000076293945
2016-03-09,60.4899,60.9528,60.1548,60.8271,1108245.0,0.008992286638467295,18.34000015258789
2016-03-10,60.7434,61.7907,60.492,60.9021,487760.0,0.0012330030529155156,18.049999237060547
2016-03-11,60.9507,61.1183,60.6617,60.869,5143.0,-0.0005434952160926487,16.5
2016-03-14,61.1623,61.5812,61.1623,61.1623,1929.0,0.004818544743629749,16.920000076293945
2016-03-15,60.7434,61.1623,60.3244,60.5758,35918.0,-0.009589240430788237,16.84000015258789
2016-03-16,60.5339,60.5339,60.2386,60.3244,1601.0,-0.004150172180970024,14.989999771118164
2016-03-17,59.9055,59.9872,58.9839,59.1494,143147.0,-0.019478022160187236,14.4399995803833
2016-03-18,59.0677,59.0677,58.4393,58.5729,109125.0,-0.009746506304375124,14.020000457763672
2016-03-21,58.8163,59.9034,58.8163,59.319,278288.0,0.012737972680198606,13.789999961853027
2016-03-22,59.6961,60.5737,59.6961,60.5339,24214.0,0.020480790303275542,14.170000076293945
2016-03-23,61.1644,61.3717,60.7434,60.7434,15106.0,0.003460870685681794,14.9399995803833
2016-03-24,60.3244,60.3244,59.7819,59.7819,233096.0,-0.01582888017463624,14.739999771118164
2016-03-29,59.6961,59.6961,58.2298,58.6488,3268.0,-0.018953897417111176,13.819999694824219
2016-03-30,58.8582,58.8582,58.4393,58.6467,2494.0,-3.5806359209411553e-05,13.5600004196167
2016-03-31,58.6488,58.6488,58.3576,58.4827,15142.0,-0.0027964062769090248,13.949999809265137
2016-04-01,56.9731,57.1825,56.1352,57.0569,18004.0,-0.02437985934301945,13.100000381469727
2016-04-04,57.392,58.4812,57.0569,58.4393,122180.0,0.024228445639353113,14.119999885559082
2016-04-05,57.8528,58.2319,57.769,58.0204,764367.0,-0.007168121452515663,15.420000076293945
2016-04-06,58.0204,59.3169,58.0204,58.2298,291872.0,0.0036090754286421944,14.09000015258789
2016-04-07,60.1569,60.5339,60.115,60.2407,51702.0,0.034533864103946765,16.15999984741211
2016-04-08,60.3244,60.3244,59.9055,60.3244,4156.0,0.0013894260856861518,15.359999656677246
2016-04-11,60.115,60.7811,59.9495,59.9495,2209.0,-0.006214732347109897,16.260000228881836
2016-04-12,59.4468,60.1089,59.4468,60.1089,16742.0,0.0026589045780198717,14.850000381469727
2016-04-13,60.1736,60.7434,60.1736,60.6596,46554.0,0.009161704839050433,13.84000015258789
2016-04-14,60.7873,61.4534,60.7873,61.3696,3054.0,0.011704660103264874,13.720000267028809
2016-04-15,61.2461,61.5812,60.9507,60.9507,2237.0,-0.0068258551465221196,13.619999885559082
2016-04-18,61.3717,61.7907,61.1623,61.7907,86480.0,0.013781630071516782,13.350000381469727
2016-04-19,62.2096,62.2613,61.7907,62.1258,2441.0,0.005423146201612772,13.239999771118164
2016-04-20,61.7907,62.0001,61.4995,61.7907,2060.0,-0.005393894324097204,13.279999732971191
2016-04-21,62.3562,62.461,61.9373,62.4588,88658.0,0.010812306706349029,13.949999809265137
2016-04-22,62.4609,62.6285,62.0001,62.6285,80601.0,0.0027169910404940545,13.220000267028809
2016-04-25,62.6285,63.0474,62.2096,62.7332,130375.0,0.0016717628555689146,14.079999923706055
2016-04-26,62.7961,63.1084,62.5566,63.1084,77938.0,0.005980884125152297,13.960000038146973
2016-04-27,62.6285,62.7521,62.419,62.6285,71696.0,-0.007604375962629417,13.770000457763672
2016-04-28,62.2096,62.5866,61.7907,61.9163,384297.0,-0.011371819539027772,15.220000267028809
2016-04-29,62.0001,62.0276,61.1602,61.2879,11785.0,-0.01014918527108366,15.699999809265137
2016-05-03,61.4052,61.4052,60.3244,61.0764,12253.0,-0.00345092587607021,15.600000381469727
2016-05-04,60.9528,60.9528,59.784,59.784,3039.0,-0.021160382733756422,16.049999237060547
2016-05-06,59.9013,59.9055,59.1954,59.2771,3900.0,-0.008478857219322955,14.720000267028809
2016-05-09,59.9055,60.6994,59.8196,60.3266,67985.0,0.017704982193798235,14.569999694824219
2016-05-10,60.7182,61.665,60.7182,61.3069,155434.0,0.016249879820841917,13.630000114440918
2016-05-11,61.5561,61.5561,61.0785,61.3717,127152.0,0.0010569772733575178,14.6899995803833
2016-05-12,60.7434,61.621,60.7036,60.7036,2512.0,-0.010886125038087502,14.40999984741211
2016-05-13,60.5381,61.5812,60.3244,61.5414,2150.0,0.013801487885397368,15.039999961853027
2016-05-17,61.9264,62.2096,61.4995,61.4995,18479.0,-0.0006808424897711829,15.569999694824219
2016-05-18,62.0001,62.375,61.6231,62.3352,153411.0,0.01358872836364533,15.949999809265137
2016-05-19,62.419,62.419,61.8954,62.0001,26725.0,-0.005375774843106251,16.329999923706055
2016-05-20,62.6285,62.8777,62.3813,62.7877,45079.0,0.01270320531741076,15.199999809265137
2016-05-23,64.3042,64.7231,63.6758,64.5136,332522.0,0.027487867846727854,15.819999694824219
2016-05-24,64.2623,65.4984,64.2623,65.4984,73300.0,0.015264998387936934,14.420000076293945
2016-05-25,65.6028,66.2312,65.5609,65.8825,544940.0,0.0058642653866352035,13.899999618530273
2016-05-26,66.3988,66.4386,65.9798,66.1893,89126.0,0.004656775319697992,13.430000305175781
2016-05-27,66.3988,66.8959,66.3988,66.62,11853.0,0.0065070940469229566,13.119999885559082
2016-05-31,66.7297,66.7297,66.0615,66.3569,87547.0,-0.00394926448513977,14.1899995803833
2016-06-01,66.1914,66.1914,65.9778,66.1893,999.0,-0.0025257358315411427,14.199999809265137
2016-06-02,66.1893,66.8177,66.1893,66.8177,87953.0,0.00949398165564519,13.630000114440918
2016-06-03,67.0271,67.0271,65.9778,65.9778,43624.0,-0.012570022613768495,13.470000267028809
2016-06-06,65.7704,66.2291,65.7704,66.1935,109759.0,0.0032692814855905805,13.649999618530273
2016-06-07,66.8177,66.8177,66.2731,66.517,1458.0,0.004887186808372412,14.050000190734863
2016-06-08,65.7306,65.8521,65.1839,65.186,1360.0,-0.02000992227550835,14.079999923706055
2016-06-09,65.3515,65.3515,65.1022,65.142,1949.0,-0.0006749915626056424,14.640000343322754
2016-06-10,64.7231,64.7231,63.4663,63.8004,146502.0,-0.020595007829050216,17.030000686645508
2016-06-13,63.8853,63.8853,63.0453,63.169,22838.0,-0.00989648967718082,20.969999313354492
2016-06-14,62.1698,62.419,61.7907,61.8479,14938.0,-0.02091373933416696,20.5
2016-06-15,61.7907,62.5007,61.7907,62.3557,64793.0,0.008210464704541343,20.139999389648438
2016-06-16,60.9528,61.7907,60.9528,61.4931,2752.0,-0.01383353887455363,19.3700008392334
2016-06-17,62.838,63.0474,62.4609,62.8464,780845.0,0.022007347165779567,19.40999984741211
2016-06-20,63.6758,64.1345,63.6758,63.6758,1382.0,0.013197255530945196,18.3700008392334
2016-06-21,63.7575,64.0947,63.4684,64.0947,52146.0,0.00657863741013065,18.479999542236328
2016-06-22,63.6318,63.8015,63.5899,63.6758,56483.0,-0.006535641792535074,21.170000076293945
2016-06-23,64.3042,64.7231,64.0947,64.0947,1531.0,0.00657863741013065,17.25
2016-06-24,59.6961,63.9556,59.6961,63.9556,4381.0,-0.0021702262433556108,25.760000228881836
2016-06-27,63.2569,63.6758,62.838,63.1312,277145.0,-0.012890192571096137,23.850000381469727
2016-06-28,64.3042,64.9326,63.8853,64.9326,170835.0,0.028534227133334866,18.75
2016-06-29,65.5609,66.8177,65.4751,66.3359,184424.0,0.02161164037786878,16.639999389648438
2016-06-30,66.648,67.2366,66.3988,67.2366,2036.0,0.013577866585061882,15.630000114440918
2016-07-01,67.0271,67.865,67.0271,67.4461,1700.0,0.0031158624915597066,14.770000457763672
2016-07-04,67.6555,67.865,67.6157,67.6576,1515.0,0.00313583735753431,
2016-07-05,67.2366,67.2366,66.5684,66.6061,74120.0,-0.01554149127370763,15.579999923706055
2016-07-06,66.3988,66.8596,66.1893,66.8596,2384.0,0.0038059577125819644,14.960000038146973
2016-07-07,67.2764,67.3623,66.6941,67.2366,3434.0,0.005638681655289579,14.760000228881836
2016-07-08,67.0271,67.6555,66.1893,67.3036,168969.0,0.0009964810832197024,13.199999809265137
2016-07-11,67.6555,68.3258,67.6555,67.9928,124217.0,0.01024016545920281,13.539999961853027
2016-07-12,67.6597,67.6597,67.444,67.5717,4008.0,-0.006193302820298507,13.550000190734863
2016-07-13,67.6555,68.2001,67.5738,67.794,15800.0,0.003289838793459232,13.039999961853027
2016-07-14,67.6555,67.821,67.0271,67.3602,1111.0,-0.006398796353659475,12.819999694824219
2016-07-15,67.2366,67.488,67.1947,67.488,1654.0,0.0018972627753479632,12.670000076293945
2016-07-18,67.4461,67.6555,67.0271,67.3876,52922.0,-0.0014876718824086144,12.4399995803833
2016-07-19,67.4461,67.4461,66.6082,67.3742,8108.0,-0.0001988496399931705,11.970000267028809
2016-07-20,67.865,68.5337,67.6534,68.5337,121238.0,0.01720985184239665,11.770000457763672
2016-07-21,68.6609,68.9123,68.6609,68.9123,34194.0,0.005524289510124403,12.739999771118164
2016-07-22,68.5792,69.0799,68.4955,68.9123,843.0,0.0,12.020000457763672
2016-07-25,68.9123,69.2055,68.7715,68.7715,64538.0,-0.0020431766172366306,12.869999885559082
2016-07-26,68.9123,69.2872,68.9123,69.1083,55595.0,0.004897377547385062,13.050000190734863
2016-07-27,69.1217,69.1217,68.4934,68.6936,242686.0,-0.0060007263961057156,12.829999923706055
2016-07-28,68.9123,68.9123,67.3183,67.4695,63702.0,-0.01781970955081702,12.720000267028809
2016-07-29,67.178,67.4461,67.0271,67.2366,1310.0,-0.0034519301313926665,11.869999885559082
2016-08-02,68.2839,68.2839,66.8575,66.8575,2266.0,-0.00563829818878403,13.369999885559082
2016-08-03,67.069,67.069,66.3988,66.8609,22568.0,5.0854429196389717e-05,12.859999656677246
2016-08-04,67.2366,67.2366,66.8177,67.1088,1280.0,0.0037076976229755143,12.420000076293945
2016-08-05,67.6555,68.2839,67.6136,68.2839,60705.0,0.017510371218081744,11.390000343322754
2016-08-08,68.2839,68.2839,67.6555,67.8032,4423.0,-0.007039726787720024,11.5
2016-08-09,67.6555,68.0744,67.4461,67.7514,3873.0,-0.000763975741557954,11.65999984741211
2016-08-10,67.8231,68.0744,67.1528,67.1528,2529.0,-0.008835241780981717,12.050000190734863
2016-08-11,67.4461,67.4461,66.9874,67.2994,51308.0,0.0021830809735410295,11.680000305175781
2016-08-12,67.2366,67.2764,66.8177,66.8177,1316.0,-0.007157567526605013,11.550000190734863
2016-08-15,67.2366,67.2366,66.9874,67.1318,4776.0,0.004700850223817943,11.8100004196167
2016-08-16,66.8177,66.8177,66.315,66.3653,4647.0,-0.011417837746045767,12.640000343322754
2016-08-17,66.3988,66.5385,65.7725,65.7835,15479.0,-0.008766629548875748,12.1899995803833
2016-08-18,65.7704,65.7704,65.4751,65.572,2427.0,-0.0032150919303473025,11.430000305175781
2016-08-19,65.7704,65.7704,65.142,65.3075,10804.0,-0.004033733910815518,11.34000015258789
2016-08-22,65.3515,65.6866,65.1211,65.563,14258.0,0.003912261225739844,12.270000457763672
2016-08-23,65.9798,66.0657,65.8838,65.8838,3295.0,0.004893003675853658,12.380000114440918
2016-08-24,65.7704,65.9798,65.7704,65.7704,869.0,-0.0017212121948035897,13.449999809265137
2016-08-25,64.3042,64.8535,64.3042,64.8135,33268.0,-0.014549098074513656,13.630000114440918
2016-08-26,64.3461,64.8069,64.2644,64.8048,24423.0,-0.00013423129440637283,13.649999618530273
2016-08-30,65.3515,65.4902,64.9326,65.4272,76567.0,0.009604226847393926,13.119999885559082
2016-08-31,65.3515,65.5609,64.5136,64.7231,1779.0,-0.010761579282011158,13.420000076293945
2016-09-01,64.9326,65.142,64.0947,65.0962,49195.0,0.005764557012874816,13.479999542236328
2016-09-02,64.0947,65.0163,64.0947,64.9326,129018.0,-0.0025132035356902893,11.979999542236328
2016-09-05,65.142,65.5609,65.142,65.3737,39033.0,0.006793197869791268,
2016-09-06,65.3515,65.5609,65.247,65.247,34770.0,-0.001938088252615322,12.020000457763672
2016-09-07,65.142,65.2677,64.9326,65.1211,30243.0,-0.0019295906325195178,11.9399995803833
2016-09-08,65.5609,65.563,65.142,65.3515,26026.0,0.003538023774168453,12.510000228881836
2016-09-09,65.186,65.3515,64.9326,64.9326,1330.0,-0.006409952334682556,17.5
2016-09-12,64.1806,64.5403,64.1806,64.5403,4258.0,-0.006041649341008815,15.15999984741211
2016-09-13,64.9326,64.9753,64.6812,64.6812,60712.0,0.002183132089562667,17.850000381469727
2016-09-14,64.7231,64.809,64.5974,64.6803,306871.0,-1.3914398619752077e-05,18.139999389648438
2016-09-15,64.3042,64.5136,64.3042,64.5136,632.0,-0.002577291694689232,16.299999237060547
2016-09-16,65.142,65.142,64.9326,65.142,917.0,0.009740581830807837,15.369999885559082
2016-09-19,65.5609,65.7704,65.519,65.5609,115407.0,0.006430567068865134,15.529999732971191
2016-09-20,66.3988,66.8177,66.359,66.6875,39755.0,0.017184022794073828,15.920000076293945
2016-09-21,66.736,66.736,66.1893,66.1893,13235.0,-0.0074706654170570985,13.300000190734863
2016-09-22,66.1893,66.5244,66.1893,66.5244,96901.0,0.005062751834510992,12.020000457763672
2016-09-23,65.9819,66.3569,65.7704,66.3569,1112.0,-0.0025178731412835997,12.289999961853027
2016-09-26,65.9798,65.9798,65.4373,65.6336,5766.0,-0.010900147535523708,14.5
2016-09-27,65.5169,65.5169,64.7231,65.2506,125350.0,-0.005835425757538704,13.100000381469727
2016-09-28,65.6405,66.0657,65.6405,66.0657,196925.0,0.012491839155502005,12.390000343322754
2016-09-29,65.7704,65.8123,65.142,65.142,666.0,-0.013981536561332275,14.020000457763672
2016-09-30,63.4684,63.8853,63.4642,63.8853,1688.0,-0.019291701206594736,13.289999961853027
2016-10-03,64.5136,64.5136,64.2602,64.4298,881.0,0.00852308747082664,13.569999694824219
2016-10-04,64.7231,64.9744,64.5136,64.9744,3421.0,0.008452610438027142,13.630000114440918
2016-10-05,64.7231,64.7629,64.3042,64.7231,2470.0,-0.003867677115910295,12.989999771118164
2016-10-06,64.721,64.721,64.39,64.5115,1475.0,-0.003269311884010584,12.84000015258789
2016-10-07,64.1785,64.3461,64.0947,64.0947,1420.0,-0.0064608635669608505,13.479999542236328
2016-10-10,63.6758,63.8853,63.4223,63.8853,2276.0,-0.0032670408005655016,13.380000114440918
2016-10-11,63.6758,63.6779,63.4663,63.6779,19563.0,-0.0032464432349852412,15.359999656677246
2016-10-12,63.3009,63.3009,62.7433,62.7433,125333.0,-0.014676991546517804,15.90999984741211
2016-10-13,62.5866,62.5866,61.7907,62.2515,2118.0,-0.007838287115915166,16.690000534057617
2016-10-14,63.3733,63.6758,63.0474,63.4759,115791.0,0.01966860236299528,16.1200008392334
2016-10-17,62.838,62.971,62.5887,62.5887,1939.0,-0.013976958184129695,16.209999084472656
2016-10-18,62.7144,62.7245,62.6285,62.6285,246.0,0.0006358975342193318,15.279999732971191
2016-10-19,63.2611,63.2611,62.6285,62.838,756.0,0.0033451224282874392,14.40999984741211
2016-10-20,62.6285,63.0914,62.419,63.0474,1282.0,0.0033323784970877846,13.75
2016-10-21,62.3352,62.7542,62.3352,62.7542,4988.0,-0.004650469329425255,13.34000015258789
2016-10-24,63.0034,63.0474,62.2117,62.419,1474.0,-0.0053414751522606885,13.020000457763672
2016-10-25,62.0001,62.0001,60.7434,61.3897,25547.0,-0.01649017126195551,13.460000038146973
2016-10-26,60.4713,60.4713,59.1515,59.6542,30890.0,-0.028270214710285235,14.239999771118164
2016-10-27,58.986,59.9055,58.986,59.6961,1095.0,0.0007023813914190935,15.359999656677246
2016-10-28,59.5243,59.8196,59.2771,59.4866,1075.0,-0.0035094419903477503,16.190000534057617
2016-10-31,59.2771,59.6123,59.0677,59.2771,888.0,-0.003521801548584169,17.059999465942383
2016-11-01,59.0677,59.1473,58.4393,58.6488,1468.0,-0.010599371426739723,18.559999465942383
2016-11-02,58.5859,58.942,58.2298,58.2298,252309.0,-0.007144221194636646,19.31999969482422
2016-11-03,58.4393,58.4393,57.8109,58.3846,96354.0,0.0026584326238454636,22.079999923706055
2016-11-04,56.7238,57.3061,56.7238,56.9731,3601.0,-0.024175895698523187,22.510000228881836
2016-11-07,58.0204,58.2298,57.9764,58.0204,43029.0,0.018382359394170322,18.709999084472656
2016-11-08,58.0204,58.5392,58.0204,58.0623,40823.0,0.0007221597920730183,18.739999771118164
2016-11-09,59.4824,61.3717,59.2352,60.492,71683.0,0.04184643047209624,14.380000114440918
2016-11-10,61.3298,61.5812,60.5339,61.4136,318581.0,0.015235072406268646,14.739999771118164
2016-11-11,61.5812,61.5812,60.5339,60.5339,1019.0,-0.014324188779032632,14.170000076293945
2016-11-14,61.1623,61.1623,60.0333,60.5339,1725.0,0.0,14.479999542236328
2016-11-15,60.3244,60.3244,59.6961,60.0603,7153.0,-0.007823715306629953,13.369999885559082
2016-11-16,60.3244,60.7355,60.2427,60.7355,8961.0,0.01124203508806998,13.720000267028809
2016-11-17,60.5339,60.8617,60.5339,60.7743,24784.0,0.000638835606852517,13.350000381469727
2016-11-18,60.4711,60.6596,59.9055,60.6596,129622.0,-0.0018873109192536486,12.850000381469727
2016-11-21,59.6961,59.6961,58.9818,59.1954,1246.0,-0.024137976511549697,12.420000076293945
2016-11-22,59.0677,59.0677,57.513,57.513,743.0,-0.02842112731732538,12.40999984741211
2016-11-23,57.8109,58.2696,57.1825,58.0183,1682.0,0.008785839723193023,12.430000305175781
2016-11-24,58.4393,58.6488,57.9345,58.6488,2043.0,0.01086726084700862,
2016-11-25,58.8582,59.4866,58.7723,59.4866,2009.0,0.014285032259824693,12.34000015258789
2016-11-28,59.0677,59.363,59.0677,59.0677,1994.0,-0.007041922046309601,13.149999618530273
2016-11-29,58.6488,58.8582,58.6488,58.6488,1427.0,-0.007091862388411974,12.899999618530273
2016-11-30,59.0656,59.0677,58.6886,58.8582,232752.0,0.003570405532594023,13.329999923706055
2016-12-01,58.4393,58.4393,57.392,57.9499,6617.0,-0.0154320043766204,14.069999694824219
2016-12-02,56.9731,57.6015,56.9291,57.0683,1889.0,-0.015213141006283015,14.119999885559082
2016-12-05,57.8109,58.2298,57.8109,58.1461,59416.0,0.018886141693374325,12.140000343322754
2016-12-06,58.9906,58.9906,57.9785,58.0824,139004.0,-0.0010955162943000474,11.789999961853027
2016-12-07,58.1858,58.4393,57.392,57.392,45460.0,-0.011886561161384424,12.220000267028809
2016-12-08,56.9731,57.6494,56.9731,57.2436,95221.0,-0.0025857262336214104,12.640000343322754
2016-12-09,58.283,59.6102,58.1584,58.1584,290720.0,0.015980825804107424,11.75
2016-12-12,59.4866,59.4866,58.8163,58.8582,207882.0,0.01203265564389655,12.640000343322754
2016-12-13,59.2771,60.4899,59.2771,59.966,221345.0,0.01882150660400761,12.720000267028809
2016-12-14,60.4149,60.6386,60.0333,60.529,172128.0,0.009388653570356675,13.1899995803833
2016-12-15,60.5967,61.5812,60.5967,61.5812,301327.0,0.017383402996910657,12.789999961853027
2016-12-16,61.7907,62.0001,61.5812,61.7292,4555.0,0.0024033308866990843,12.199999809265137
2016-12-19,61.6189,62.0001,61.5414,61.825,2365.0,0.001551939762705512,11.710000038146973
2016-12-20,61.7907,62.6306,61.7907,61.9272,131440.0,0.001653052972098612,11.449999809265137
2016-12-21,61.7907,62.2494,61.5812,61.7886,3619.0,-0.0022381118474595896,11.270000457763672
2016-12-22,61.8723,62.0001,61.665,61.7907,503.0,3.3986851943446084e-05,11.430000305175781
2016-12-23,62.1048,62.1048,61.7907,61.8325,731.0,0.0006764772044984824,11.4399995803833
2016-12-28,62.419,62.7248,62.2096,62.7248,52656.0,0.014430922249625944,12.949999809265137
2016-12-29,62.1677,62.4537,62.1677,62.4537,51608.0,-0.004322054434609646,13.369999885559082
2016-12-30,62.2075,62.2075,62.0001,62.0001,125.0,-0.0072629804158920175,14.039999961853027
2017-01-03,62.838,63.0474,62.5866,63.0474,113006.0,0.016891908238857667,12.850000381469727
2017-01-04,62.0001,62.419,61.8325,62.3896,3530.0,-0.010433419934842703,11.850000381469727
2017-01-05,62.6788,62.7144,62.463,62.5447,700.0,0.0024859912549526353,11.670000076293945
2017-01-06,62.6285,62.838,62.5866,62.6351,2612.0,0.0014453662740407935,11.319999694824219
2017-01-09,62.6285,62.838,62.4169,62.838,2172.0,0.0032393977178930555,11.5600004196167
2017-01-10,63.0474,63.304,62.7982,63.2569,335804.0,0.006666348387918131,11.489999771118164
2017-01-11,62.9217,63.0474,62.0834,62.0834,35985.0,-0.01855133590169622,11.260000228881836
2017-01-12,61.3717,61.3717,60.3244,60.7434,28361.0,-0.021583869440140124,11.539999961853027
2017-01-13,61.5812,61.5812,61.244,61.244,1323.0,0.008241224561022165,11.229999542236328
2017-01-16,60.9528,61.1623,60.3244,60.3734,17987.0,-0.014215270067271968,
2017-01-17,60.115,60.115,59.8615,59.8657,1892.0,-0.008409332586867713,11.869999885559082
2017-01-18,60.3244,60.4061,60.115,60.3534,5887.0,0.008146568068192694,12.479999542236328
2017-01-19,60.115,60.115,59.2771,59.8582,209623.0,-0.008205005848883506,12.779999732971191
2017-01-20,59.1138,59.6961,59.1138,59.363,1097.0,-0.008272884918022916,11.539999961853027
2017-01-23,58.7346,58.8184,58.4393,58.4393,4395.0,-0.015560197429375089,11.770000457763672
2017-01-24,58.6488,59.0677,58.3995,58.3995,66586.0,-0.0006810485409647349,11.069999694824219
2017-01-25,58.4393,59.9055,58.4393,59.9055,74564.0,0.025787892019623504,10.8100004196167
2017-01-26,60.301,60.7434,59.9055,60.2503,115542.0,0.005755731944479203,10.630000114440918
2017-01-27,60.159,60.2407,59.8238,60.2407,1858.0,-0.00015933530621436987,10.579999923706055
2017-01-30,59.9055,60.5339,59.9055,60.0947,10834.0,-0.0024236106154144066,11.880000114440918
2017-01-31,60.3244,61.2147,59.9055,60.9528,2554.0,0.014279129440699423,11.989999771118164
2017-02-01,60.9528,60.9528,60.5737,60.7958,362588.0,-0.0025757635416256974,11.8100004196167
2017-02-02,60.3244,60.5793,60.0333,60.4082,228490.0,-0.006375440408712407,11.930000305175781
2017-02-03,61.2021,61.4115,61.1204,61.1204,14923.0,0.011789790127830324,10.970000267028809
2017-02-06,60.9528,61.5812,60.9528,61.4555,1372.0,0.005482621187034242,11.369999885559082
2017-02-07,61.5812,62.2096,61.5435,62.1677,131324.0,0.011588873249749776,11.289999961853027
2017-02-08,62.2096,62.2096,61.621,61.9142,1666.0,-0.004077680210141321,11.449999809265137
2017-02-09,62.419,62.838,62.419,62.8318,72921.0,0.014820509673063587,10.880000114440918
2017-02-10,62.838,63.2569,62.6285,63.2569,966316.0,0.006765682345563961,10.850000381469727
2017-02-13,63.2129,63.548,63.2129,63.5043,15353.0,0.003911035792142803,11.069999694824219
2017-02-14,62.9238,63.2569,62.6285,63.1291,2615.0,-0.005908261330335063,10.739999771118164
2017-02-15,63.4663,63.4663,63.4244,63.4642,2146.0,0.005308170083210495,11.970000267028809
2017-02-16,63.8853,63.9292,63.7617,63.8413,150593.0,0.005941932617129053,11.760000228881836
2017-02-17,63.8853,64.39,63.6758,64.39,1452.0,0.008594749793628953,11.489999771118164
2017-02-20,64.5136,64.5136,64.0947,64.2625,509284.0,-0.0019801211368224436,
2017-02-21,64.0947,64.9723,64.0947,64.9723,2301926.0,0.011045321921805185,11.569999694824219
2017-02-22,64.7671,65.186,64.7231,65.0446,1106490.0,0.0011127819085978707,11.739999771118164
2017-02-23,64.9326,65.3515,64.9326,64.9765,2015.0,-0.0010469739225085206,11.710000038146973
2017-02-24,64.9765,65.142,64.5534,65.0135,2677.0,0.000569436642478216,11.470000267028809
2017-02-27,65.142,65.3515,65.0163,65.246,1905628.0,0.003576180331777312,12.09000015258789
2017-02-28,65.3536,65.5609,65.2698,65.5609,50264.0,0.004826349508015859,12.920000076293945
2017-03-01,65.7704,65.9798,65.6468,65.9696,252903.0,0.006233898558439588,12.539999961853027
2017-03-02,63.6758,63.8015,63.4663,63.5501,174853.0,-0.036675984089641234,11.8100004196167
2017-03-03,63.2569,64.0947,63.2569,63.841,335333.0,0.0045774908300695305,10.960000038146973
2017-03-06,63.8853,64.0947,63.7181,63.9425,586581.0,0.001589887376450827,11.239999771118164
2017-03-07,63.4663,63.6339,62.6285,63.1169,8762855.0,-0.01291160026586391,11.449999809265137
2017-03-08,62.7144,63.0474,62.419,62.838,1236378.0,-0.004418784826251021,11.859999656677246
2017-03-09,63.0914,63.2569,63.0474,63.2569,15976.0,0.006666348387918131,12.300000190734863
2017-03-10,63.4663,63.6758,63.4642,63.6758,42181.0,0.006622202479097172,11.65999984741211
2017-03-13,63.8853,63.9669,63.4663,63.615,750526.0,-0.0009548368453949907,11.350000381469727
2017-03-14,63.6758,63.6758,63.1731,63.3552,608801.0,-0.004083942466399426,12.300000190734863
2017-03-15,63.4663,63.4663,62.9636,62.9636,407334.0,-0.006181023814935571,11.630000114440918
2017-03-16,63.3386,63.3407,63.0034,63.0474,315877.0,0.0013309277106137163,11.210000038146973
2017-03-17,63.1731,63.259,63.0474,63.2552,3863.0,0.0032959329012773875,11.279999732971191
2017-03-20,63.2569,63.5082,63.2569,63.473,43049.0,0.003443195183953307,11.34000015258789
2017-03-21,63.4663,63.4663,62.7625,62.7625,44529.0,-0.01119373591920969,12.470000267028809
2017-03-22,61.1602,61.7927,61.1602,61.5812,501304.0,-0.018821748655646342,12.8100004196167
2017-03-23,61.7907,62.0022,61.6629,62.0022,230848.0,0.0068365020493268425,13.119999885559082
2017-03-24,62.1698,62.2096,61.5812,61.7907,44171.0,-0.0034111692810900873,12.960000038146973
2017-03-27,61.3717,61.7907,61.3717,61.7596,46174.0,-0.0005033119870789804,12.5
2017-03-28,62.0738,62.2096,61.7907,61.7907,161242.0,0.0005035654375999954,11.529999732971191
2017-03-29,62.2934,62.463,62.086,62.463,203839.0,0.010880278100102503,11.420000076293945
2017-03-30,62.6285,62.838,62.419,62.838,23982.0,0.006003554104029529,11.539999961853027
2017-03-31,62.6285,62.6285,62.3373,62.5483,17406.0,-0.004610267672427559,12.369999885559082
2017-04-03,62.419,63.0474,62.0001,62.2934,2004.0,-0.004075250646300543,12.380000114440918
2017-04-04,62.419,62.838,62.0001,62.838,3074.0,0.008742499205373289,11.789999961853027
2017-04-05,62.3373,62.6725,62.1698,62.6285,148947.0,-0.003333969890830346,12.890000343322754
2017-04-06,62.1279,62.419,62.0001,62.1801,6826.0,-0.0071596796985398115,12.390000343322754
2017-04-07,62.0001,62.2096,61.7907,62.2096,3647.0,0.00047442831388178064,12.869999885559082
2017-04-10,62.419,62.5007,61.3717,62.2117,3401.0,3.375684781770083e-05,14.050000190734863
2017-04-11,61.7907,62.5447,61.7907,62.419,3252.0,0.0033321706367128723,15.069999694824219
2017-04-12,62.838,62.838,62.2096,62.2096,2172.0,-0.003354747753087972,15.770000457763672
2017-04-13,62.0001,62.0286,61.7907,62.0286,6678.0,-0.0029095187880970874,15.960000038146973
2017-04-18,62.0001,62.0001,60.9968,61.1623,2878.0,-0.013966138200765421,14.420000076293945
2017-04-19,60.9528,61.1623,60.825,61.1623,2442.0,0.0,14.930000305175781
2017-04-20,60.869,61.8744,60.869,61.4444,79444.0,0.00461231837259235,14.149999618530273
2017-04-21,61.4576,61.7907,61.3717,61.6671,1913.0,0.003624414918202312,14.630000114440918
2017-04-24,62.3332,62.3332,61.8305,62.0001,2227.0,0.005399962054320806,10.84000015258789
2017-04-25,63.2569,63.7326,62.6704,63.7326,173452.0,0.027943503316929963,10.760000228881836
2017-04-26,63.2569,63.6967,63.0474,63.6967,13084.0,-0.000563291000210242,10.850000381469727
2017-04-27,63.6758,64.4298,63.6758,64.3246,551780.0,0.009857653536211597,10.359999656677246
2017-04-28,63.8853,64.1366,63.5501,64.1366,10666.0,-0.0029226765498736595,10.819999694824219
2017-05-02,64.3042,64.7231,64.3042,64.5136,132821.0,0.005878078975187329,10.59000015258789
2017-05-03,64.5974,64.5974,64.2225,64.2225,1146.0,-0.004512226879293646,10.680000305175781
2017-05-04,64.5157,64.5157,64.3042,64.4534,6847.0,0.0035953131690606988,10.460000038146973
2017-05-05,64.0968,64.5136,64.0968,64.3392,7175.0,-0.0017718227432531597,10.569999694824219
2017-05-08,64.5576,65.3515,64.5576,65.3515,2200.0,0.01573379836864608,9.770000457763672
2017-05-09,65.5211,66.4009,65.5211,66.4009,141338.0,0.016057779852030718,9.960000038146973
2017-05-10,65.9798,66.315,65.8144,66.3129,11739.0,-0.0013252832416427163,10.210000038146973
2017-05-11,66.4846,66.8177,66.271,66.271,2163.0,-0.0006318529275600726,10.600000381469727
2017-05-12,67.0271,67.7812,66.9455,67.7812,4434.0,0.02278824825338388,10.399999618530273
2017-05-15,67.6555,67.7914,67.113,67.2366,2530.0,-0.008034676281918895,10.420000076293945
2017-05-16,67.0271,67.865,67.0271,67.2806,44209.0,0.0006544054874877414,10.649999618530273
2017-05-17,66.6082,67.0271,66.359,66.7473,26452.0,-0.00792650481713908,15.59000015258789
2017-05-18,65.7704,66.0427,65.7704,65.8422,17284.0,-0.013560099060186515,14.65999984741211
2017-05-19,65.9798,66.0657,65.938,65.9935,4125.0,0.002297918356312323,12.039999961853027
2017-05-22,65.7704,66.648,65.4771,66.4527,122799.0,0.006958261040860059,10.930000305175781
2017-05-23,66.1893,66.359,65.8982,66.1893,2802.0,-0.003963721564360645,10.720000267028809
2017-05-24,66.3988,66.7888,66.2752,66.3338,51748.0,0.002183132318969827,10.020000457763672
2017-05-26,66.4386,66.6116,65.9798,66.0615,4385.0,-0.004104996246257597,9.8100004196167
2017-05-30,65.5609,65.9798,65.5588,65.8542,4943.0,-0.003137985059376347,10.380000114440918
2017-05-31,65.9798,66.6082,65.8123,66.5224,39181.0,0.010146657312669394,10.40999984741211
2017-06-01,66.6082,66.8177,66.3988,66.6454,52998.0,0.001849001238680259,9.890000343322754
2017-06-02,66.8177,67.1507,66.3129,66.6082,127489.0,-0.0005581780588007623,9.75
2017-06-06,66.1893,66.7758,65.9798,65.9798,63429.0,-0.009434273858173636,10.449999809265137
2017-06-07,66.2312,66.4386,65.8123,65.8123,16712.0,-0.002538655770402465,10.390000343322754
2017-06-08,65.8123,66.0615,65.6887,65.7704,43421.0,-0.0006366591047569647,10.15999984741211
2017-06-09,65.9798,66.0217,65.5609,66.0217,2082.0,0.003820867745977008,10.699999809265137
2017-06-12,65.7704,65.9798,65.4353,65.4353,3593.0,-0.008881928214511281,11.460000038146973
2017-06-13,66.1443,66.1893,65.9798,66.0983,3851.0,0.01013214579898003,10.420000076293945
2017-06-14,66.1495,66.1893,65.8123,65.8123,59049.0,-0.004326888891242331,10.640000343322754
2017-06-15,65.7306,65.7704,65.142,65.7285,1604.0,-0.0012733182095139295,10.899999618530273
2017-06-16,66.1893,66.2291,65.5211,65.6028,2349.0,-0.001912412423834331,10.380000114440918
2017-06-19,65.8584,66.3988,65.7306,66.3988,904.0,0.012133628442688282,10.369999885559082
2017-06-20,67.0271,67.2764,66.8617,67.1529,86133.0,0.01135713296023444,10.859999656677246
2017-06-21,66.6082,67.0271,66.4428,66.8222,8139.0,-0.004924582557119805,10.75
2017-06-22,70.3785,70.3785,68.4934,70.3785,55142.0,0.053220336953886616,10.479999542236328
2017-06-23,70.588,70.588,69.5407,69.5826,1553.0,-0.011308851424795985,10.020000457763672
2017-06-26,69.7501,69.9596,69.5407,69.792,11767.0,0.003009373032913487,9.899999618530273
2017-06-27,69.7522,69.9596,69.3312,69.3312,17865.0,-0.006602475928473295,11.0600004196167
2017-06-28,68.9123,69.1217,68.6588,68.7996,3037.0,-0.007667543616726613,10.029999732971191
2017-06-29,68.2399,68.3279,67.4042,67.4042,2959.0,-0.020282094663340966,11.4399995803833
2017-06-30,67.1549,67.488,66.8596,66.8596,12105.0,-0.008079615216855962,11.180000305175781
2017-07-03,67.0271,67.5319,67.0271,67.4461,2825.0,0.008772113503520806,11.220000267028809
2017-07-04,67.4461,67.7414,67.2366,67.4461,700.0,0.0,
2017-07-05,66.6082,66.6082,66.3988,66.6082,2304.0,-0.01242325353133844,11.069999694824219
2017-07-06,66.5265,66.5265,65.7704,65.7704,1082.0,-0.01257803093312837,12.539999961853027
2017-07-07,65.9798,66.1893,65.8542,66.1893,1185.0,0.0063691265371657035,11.1899995803833
2017-07-10,66.6082,66.6082,66.3234,66.3234,1078.0,0.0020260072247326733,11.109999656677246
2017-07-11,66.1893,66.3988,65.9798,66.1893,1508.0,-0.002021910818806094,10.890000343322754
2017-07-12,66.359,67.3602,66.359,66.9874,769.0,0.012057840164497735,10.300000190734863
2017-07-13,67.4461,67.4461,66.8177,66.8177,1984.0,-0.002533312234838103,9.899999618530273
2017-07-14,67.2366,67.528,66.9015,66.9036,1400.0,0.0012855875015151952,9.510000228881836
2017-07-17,67.0271,67.6555,67.0271,67.2366,8281.0,0.004977310637992449,9.819999694824219
2017-07-18,68.4934,68.7845,67.6534,67.6555,4444.0,0.0062302376979206375,9.890000343322754
2017-07-19,67.9928,68.2839,67.821,68.2001,9855.0,0.008049604245035535,9.789999961853027
2017-07-20,68.0744,68.5644,67.865,68.4934,862.0,0.004300580204427584,9.579999923706055
2017-07-21,68.2839,68.4934,67.2366,67.2366,644.0,-0.018349213208863846,9.359999656677246
2017-07-24,67.0271,67.0271,66.6082,66.7295,25926.0,-0.007542023243293006,9.430000305175781
2017-07-25,66.8177,67.3225,66.7779,67.0271,1300.0,0.004459796641665292,9.430000305175781
2017-07-26,67.9048,68.1163,67.6953,67.6953,3123.0,0.009969102049767864,9.600000381469727
2017-07-27,67.6555,68.6588,67.6555,67.6555,2154.0,-0.0005879285563399339,10.109999656677246
2017-07-28,68.2839,68.6588,68.2839,68.2839,1281.0,0.009288232294491827,10.289999961853027
2017-07-31,68.9123,69.3689,68.7679,68.7679,60980.0,0.007088054431571678,10.260000228881836
2017-08-02,68.9982,69.4129,68.9123,68.9123,2613.0,0.002099816920394515,10.279999732971191
2017-08-03,69.1217,69.5407,69.1217,69.1217,1412.0,0.0030386447702370756,10.4399995803833
2017-08-04,69.1217,69.2034,68.8306,68.8306,2249.0,-0.004211412624400168,10.029999732971191
2017-08-07,69.2076,69.5407,68.7007,68.7007,1737.0,-0.0018872420115473298,9.930000305175781
2017-08-08,68.7028,69.2453,68.7007,68.7007,2346.0,0.0,10.960000038146973
2017-08-09,68.0347,68.4955,67.6555,67.6555,2612.0,-0.015213818782050192,11.109999656677246
2017-08-10,67.865,68.5772,67.6555,67.6555,1504.0,0.0,16.040000915527344
2017-08-11,68.9982,69.4129,68.9123,68.9123,3141.0,0.018576464588983876,15.510000228881836
2017-08-14,67.4461,68.1142,67.4461,67.4461,806.0,-0.021276317870684958,12.329999923706055
2017-08-15,68.4934,68.7028,68.2839,68.2839,1021.0,0.012421770865921111,12.039999961853027
2017-08-16,68.4934,68.9144,68.4934,68.4934,3036.0,0.0030680731475500878,11.739999771118164
2017-08-17,68.2399,68.2399,67.6995,67.6995,1155.0,-0.011590897809131917,15.550000190734863
2017-08-18,67.0711,67.0711,66.6082,66.6082,560.0,-0.01611976454774411,14.260000228881836
2017-08-21,66.8177,68.7028,66.8177,66.8177,25787.0,0.0031452583916096177,13.1899995803833
2017-08-22,67.5278,67.6115,67.2366,67.2366,1932.0,0.006269296907855049,11.350000381469727
2017-08-23,67.4461,67.4461,66.9874,66.9874,371.0,-0.0037063147154972054,12.25
2017-08-24,67.6136,67.865,67.3623,67.3623,69133.0,0.005596574878260929,12.229999542236328
2017-08-25,67.4901,67.7791,67.069,67.069,60471.0,-0.004354067482850277,11.279999732971191
2017-08-29,66.1893,66.4826,65.7076,65.9823,156653.0,-0.01620271660528716,11.699999809265137
2017-08-30,66.692,66.8198,66.3341,66.5019,102955.0,0.007874839161411629,11.220000267028809
2017-08-31,66.9853,67.865,66.7758,67.7812,482165.0,0.019237044355123523,10.59000015258789
2017-09-01,67.9907,67.9907,67.488,67.7995,212550.0,0.0002699863679014314,10.130000114440918
2017-09-04,67.2366,67.5717,66.9853,67.0617,101508.0,-0.010882086151077663,
2017-09-05,67.1947,67.6555,66.9905,67.5972,272105.0,0.007985183793431938,12.229999542236328
2017-09-06,66.9434,67.1947,66.4826,67.1518,257931.0,-0.006589030314865241,11.630000114440918
2017-09-07,67.2366,67.9435,67.0406,67.8156,227983.0,0.00988506637201092,11.550000190734863
2017-09-08,67.7393,67.9697,67.5481,67.774,172096.0,-0.0006134281787671947,12.119999885559082
2017-09-11,67.865,68.263,67.865,68.1947,210612.0,0.006207395166287988,10.729999542236328
2017-09-12,68.4148,69.1075,68.4096,69.0298,297479.0,0.012245819689799875,10.579999923706055
2017-09-13,69.1008,69.3522,68.9123,69.1036,307435.0,0.0010691034886383122,10.5
2017-09-14,69.1217,69.6245,68.9123,69.232,223881.0,0.0018580797527190107,10.4399995803833
2017-09-15,69.3522,69.4988,68.7447,69.006,278861.0,-0.0032643864109082044,10.170000076293945
2017-09-18,69.3312,69.3312,68.7447,68.7791,575723.0,-0.0032881198736341988,10.149999618530273
2017-09-19,68.7028,69.3679,68.5353,69.034,641696.0,0.0037060676862594732,10.180000305175781
2017-09-20,69.2893,69.6624,68.9761,69.4493,283061.0,0.006015876234898521,9.779999732971191
2017-09-21,69.7292,69.8758,69.394,69.5064,153728.0,0.0008221825129988147,9.670000076293945
2017-09-22,69.3312,70.0643,69.2557,69.9133,241834.0,0.00585413717297989,9.59000015258789
2017-09-25,69.7501,70.3785,69.7501,70.2079,228276.0,0.004213790509101756,10.210000038146973
2017-09-26,69.9805,70.169,69.4569,69.8237,339041.0,-0.005472318642203988,10.170000076293945
2017-09-27,69.3312,69.6035,68.9123,69.1937,409421.0,-0.009022724375820745,9.869999885559082
2017-09-28,68.64,69.4967,68.64,69.1446,466685.0,-0.0007096021747645676,9.550000190734863
2017-09-29,68.8756,69.7501,68.8187,69.3804,272878.0,0.0034102446178008172,9.510000228881836
2017-10-02,69.7501,70.5461,69.5407,70.5383,360945.0,0.0166891514029901,9.449999809265137
2017-10-03,70.6927,70.8812,70.3623,70.6961,441901.0,0.002237082549480185,9.510000228881836
2017-10-04,70.588,70.7974,70.2528,70.6536,118882.0,-0.0006011647035693013,9.630000114440918
2017-10-05,70.3576,70.5934,69.8779,70.0898,53203.0,-0.00797977739280098,9.1899995803833
2017-10-06,70.102,70.4204,70.102,70.4127,72768.0,0.004606947087878677,9.649999618530273
2017-10-09,70.588,70.588,70.2528,70.3758,44869.0,-0.000524053189268403,10.329999923706055
2017-10-10,70.3785,70.3785,69.7501,69.7612,108571.0,-0.008733115644866452,10.079999923706055
2017-10-11,70.1062,70.3785,69.9457,70.2358,430089.0,0.006803208660401516,9.850000381469727
2017-10-12,70.588,70.6718,70.3234,70.3637,206533.0,0.0018210086594014907,9.90999984741211
2017-10-13,70.3366,70.3785,70.1062,70.257,193400.0,-0.001516406897306255,9.609999656677246
2017-10-16,70.3785,70.9231,70.296,70.7896,270876.0,0.00758073928576497,9.90999984741211
2017-10-17,70.7136,70.7555,70.1062,70.4875,127193.0,-0.004267576028117115,10.3100004196167
2017-10-18,70.6718,71.0069,70.588,70.9226,67960.0,0.006172725660578138,10.069999694824219
2017-10-19,70.9231,71.1326,70.4204,70.6525,187650.0,-0.0038083770194550226,10.050000190734863
2017-10-20,70.9252,70.9252,70.3785,70.7477,126748.0,0.0013474399348925026,9.970000267028809
2017-10-23,70.588,71.5096,70.588,71.4258,362688.0,0.009584763886317127,11.069999694824219
2017-10-24,70.7765,70.7765,68.8233,69.2071,371450.0,-0.03106300524460348,11.15999984741211
2017-10-25,68.7918,69.1923,67.2366,68.9988,263679.0,-0.0030098067972793574,11.229999542236328
2017-10-26,67.3204,68.1582,67.2366,67.3724,143010.0,-0.02357142443056981,11.300000190734863
2017-10-27,67.7833,68.6609,67.7833,67.8993,361770.0,0.007820709964317718,9.800000190734863
2017-10-30,67.6765,68.5353,67.4251,68.3602,163725.0,0.006787993396102809,10.5
2017-10-31,68.2839,69.2474,68.1582,68.8629,471992.0,0.007353694108560127,10.180000305175781
2017-11-01,69.2265,70.169,69.2265,69.9519,362787.0,0.015814030486662523,10.199999809265137
2017-11-02,69.5407,69.792,69.038,69.415,209502.0,-0.007675274009712241,9.930000305175781
2017-11-03,69.3731,70.0853,69.3731,70.0511,59191.0,0.009163725419577995,9.140000343322754
2017-11-06,70.0811,70.5042,69.9596,70.0434,144722.0,-0.00010991975857621572,9.399999618530273
2017-11-07,69.8758,69.9596,68.9123,68.9542,173411.0,-0.015550358777557949,9.890000343322754
2017-11-08,68.9123,69.394,68.9123,69.3494,105315.0,0.005731340512978189,9.779999732971191
2017-11-09,69.3312,69.5976,68.2839,68.5181,569703.0,-0.011987126060211017,10.5
2017-11-10,68.5353,68.6977,68.2211,68.4096,204809.0,-0.0015835231858444265,11.289999961853027
2017-11-13,68.9123,69.1846,68.4166,69.1636,709647.0,0.011021844887267429,11.5
2017-11-14,69.2055,69.7136,68.6891,68.7942,538078.0,-0.005340959695562364,11.59000015258789
2017-11-15,68.5353,68.7516,68.263,68.7372,103152.0,-0.0008285582214779819,13.130000114440918
2017-11-16,68.619,69.2893,68.3245,69.038,209088.0,0.004376087475195245,11.760000228881836
2017-11-17,69.2055,69.799,69.038,69.792,103982.0,0.010921521480923513,11.430000305175781
2017-11-20,69.8967,69.8967,69.4098,69.4171,1987.0,-0.005371675836772116,10.649999618530273
2017-11-21,69.415,70.19,69.415,70.046,9648.0,0.009059727358244674,9.729999542236328
2017-11-22,70.2926,70.4623,69.7682,69.8025,19409.0,-0.003476287011392687,9.880000114440918
2017-11-23,69.3731,70.0015,69.2946,69.9596,3413.0,0.0022506357222162876,
2017-11-24,69.9575,70.0643,69.6663,69.8681,105793.0,-0.0013078977009587378,9.670000076293945
2017-11-27,69.6245,70.1272,69.6245,69.7501,101576.0,-0.0016888966495438584,9.869999885559082
2017-11-28,69.9177,70.3157,69.8967,70.0539,2440.0,0.004355549311040319,10.029999732971191
2017-11-29,69.8339,70.4413,69.7082,70.3062,22654.0,0.0036015125496224876,10.699999809265137
2017-11-30,70.3157,70.8393,70.2243,70.5377,46925.0,0.003292739473901296,11.279999732971191
2017-12-01,70.8184,70.944,70.2528,70.8155,7581.0,0.003938319508574928,11.430000305175781
2017-12-04,70.3366,70.9702,70.2738,70.4914,4451.0,-0.004576681658676418,11.680000305175781
2017-12-05,69.9805,70.0224,69.2055,69.5826,4455.0,-0.012892352826018527,11.329999923706055
2017-12-06,68.8076,69.2265,68.7028,69.0441,4980.0,-0.007739003716446313,11.020000457763672
2017-12-07,69.2055,69.2893,68.5562,68.8582,4463.0,-0.002692482051326661,10.15999984741211
2017-12-08,69.0851,69.7941,69.017,69.6433,2780.0,0.011401692173190758,9.579999923706055
2017-12-11,69.7292,69.813,69.4778,69.6733,7642.0,0.00043076649153617197,9.34000015258789
2017-12-12,69.5878,70.0224,69.3103,69.6659,4186.0,-0.00010620998287724781,9.920000076293945
2017-12-13,69.6663,70.588,69.6454,70.2451,11009.0,0.008313967091503782,10.180000305175781
2017-12-14,70.1481,70.4204,69.9177,70.3366,3155.0,0.0013025819594536525,10.489999771118164
2017-12-15,70.3366,70.4152,70.0015,70.3314,5562.0,-7.39302155634558e-05,9.420000076293945
2017-12-18,70.4623,70.6299,70.1481,70.2447,6277.0,-0.0012327353074161884,9.529999732971191
2017-12-19,70.6299,70.7136,70.2109,70.5712,3382.0,0.0046480375031854315,10.029999732971191
2017-12-20,69.9596,70.0983,68.619,68.6609,9916.0,-0.027069116013331285,9.720000267028809
2017-12-21,68.4515,69.6035,68.2749,69.5427,4917.0,0.012842826120834427,9.619999885559082
2017-12-22,69.1636,69.4569,68.9751,69.017,897.0,-0.007559384378230893,9.899999618530273
2017-12-27,69.2076,69.5826,69.2055,69.4954,1400.0,0.0069316255415332595,10.470000267028809
2017-12-28,69.415,69.5729,69.2453,69.2474,1714.0,-0.003568581517625735,10.180000305175781
2017-12-29,69.1217,69.2822,69.1008,69.2822,525.0,0.0005025459439633728,11.039999961853027
2018-01-02,69.038,69.0425,68.9684,69.038,109339.0,-0.0035247148618260393,9.770000457763672
2018-01-03,69.6915,69.8339,69.0723,69.4369,165596.0,0.005777977345809537,9.149999618530273
2018-01-04,69.8339,69.9596,69.4862,69.4862,67585.0,0.0007099971340887024,9.220000267028809
2018-01-05,69.792,70.4455,69.792,70.3299,288461.0,0.01214197927070404,9.220000267028809
2018-01-08,70.4455,70.5117,70.4455,70.5117,11667.0,0.0025849603084890926,9.520000457763672
2018-01-09,70.8301,70.9658,70.7974,70.9658,204101.0,0.00644006597486646,10.079999923706055
2018-01-10,70.9977,71.0488,70.3274,70.3274,6451.0,-0.008995882523694543,9.819999694824219
2018-01-11,70.4288,70.4288,69.7074,69.875,210985.0,-0.006432770157861589,9.880000114440918
2018-01-12,69.9085,69.9085,69.8582,69.8766,1280.0,2.289803220034692e-05,10.15999984741211
2018-01-15,70.1942,70.1942,70.0945,70.0945,14930.0,0.0031183543561077443,
2018-01-16,70.5637,70.5637,70.0015,70.0015,99456.0,-0.0013267802751999458,11.65999984741211
2018-01-17,70.009,70.0275,69.7417,69.7417,19070.0,-0.003711349042520462,11.90999984741211
2018-01-18,69.9596,69.9596,69.2047,69.3899,373901.0,-0.0050443278555010185,12.220000267028809
2018-01-19,69.8415,70.0442,69.6069,69.6069,5673.0,0.0031272562721664787,11.270000457763672
2018-01-22,69.8599,69.9261,69.3907,69.9261,36425.0,0.004585752274559152,11.029999732971191
2018-01-23,69.7593,70.3199,69.7091,70.1774,142666.0,0.0035937940196864027,11.100000381469727
2018-01-24,71.0815,72.2888,71.0815,72.1723,301431.0,0.02842653047847321,11.470000267028809
2018-01-25,72.6063,73.4115,72.5896,73.2448,213574.0,0.014860271877160436,11.579999923706055
2018-01-26,73.4442,73.9561,73.4442,73.5464,325490.0,0.0041176984577746545,11.079999923706055
2018-01-29,73.1099,73.2104,72.6415,72.8912,88784.0,-0.008908661742791035,13.84000015258789
2018-01-30,72.7588,72.9758,71.719,72.0709,956228.0,-0.011253759027152865,14.789999961853027
2018-01-31,71.7517,71.7517,70.5461,70.5461,1035279.0,-0.02115694406480284,13.539999961853027
2018-02-01,70.696,71.0312,69.9093,70.3785,944375.0,-0.0023757514589749507,13.470000267028809
2018-02-02,69.5323,69.792,69.105,69.2804,571813.0,-0.015602776416092978,17.309999465942383
2018-02-05,68.4347,68.769,68.2328,68.3333,304891.0,-0.013670533080063163,37.31999969482422
2018-02-06,66.7021,68.2336,57.872,68.2336,1805693.0,-0.0014590251019634959,29.979999542236328
2018-02-07,66.6074,67.3799,66.2228,66.2228,1352279.0,-0.029469352342540778,27.729999542236328
2018-02-08,66.9593,67.312,65.8215,67.1947,556015.0,0.014676214234372376,33.459999084472656
2018-02-09,65.6355,65.7536,64.6468,65.4688,344319.0,-0.025685061470621884,29.059999465942383
2018-02-12,65.6866,66.0888,64.8488,64.8488,798650.0,-0.009470159831858949,25.610000610351562
2018-02-13,65.814,66.0888,65.5693,66.0888,544693.0,0.019121402400661403,24.969999313354492
2018-02-14,65.7955,66.4507,65.4017,65.4017,591074.0,-0.010396617883816961,19.260000228881836
2018-02-15,66.5999,66.8101,66.4742,66.4742,886826.0,0.016398656304040804,19.1299991607666
2018-02-16,67.1788,67.6974,66.7088,66.7088,543343.0,0.003529188767973146,19.459999084472656
2018-02-19,67.4461,67.6974,66.7917,67.6974,1055153.0,0.014819633991317582,
2018-02-20,66.9819,67.4126,66.7079,66.759,127460.0,-0.01386168449600722,20.600000381469727
2018-02-21,66.9107,67.4126,66.6409,67.4126,472596.0,0.009790440240267095,20.020000457763672
2018-02-22,66.8244,67.1947,66.6091,67.1947,528960.0,-0.0032323334213485433,18.719999313354492
2018-02-23,66.4826,67.0104,66.315,67.0104,77804.0,-0.0027427758439280137,16.489999771118164
2018-02-26,66.6409,67.4461,66.5077,66.5077,1006714.0,-0.007501820612919818,15.800000190734863
2018-02-27,67.3292,67.6487,66.7414,67.4461,864395.0,0.014109644447184433,18.59000015258789
2018-02-28,66.6912,66.9593,66.3234,66.8931,760294.0,-0.008199139757524843,19.850000381469727
2018-03-01,65.9924,66.3234,65.5609,66.3234,403552.0,-0.008516573458248966,22.469999313354492
2018-03-02,65.3004,65.7201,64.6309,65.7201,204853.0,-0.009096337039416036,19.59000015258789
2018-03-05,64.7013,66.0301,64.7013,64.7315,581206.0,-0.015042582101974955,18.729999542236328
2018-03-06,64.5312,66.0217,64.0612,66.0217,606611.0,0.019931563458285284,18.360000610351562
2018-03-07,64.1517,64.7809,64.0118,64.0612,4280350.0,-0.029694782170104572,17.760000228881836
2018-03-08,64.7382,65.4847,64.5069,64.5136,3912467.0,0.007061996965401773,16.540000915527344
2018-03-09,65.4855,65.721,65.3188,65.4855,556225.0,0.01506504054958957,14.640000343322754
2018-03-12,66.0226,66.0226,65.6531,65.6531,350256.0,0.002559345198555274,15.779999732971191
2018-03-13,65.9933,65.9933,65.0993,65.9044,3184256.0,0.0038276943510664463,16.350000381469727
2018-03-14,65.4847,65.6028,65.1001,65.1001,1579186.0,-0.012204041004849397,17.229999542236328
2018-03-15,65.4436,65.5366,65.0163,65.2174,3169580.0,0.0018018405501680768,16.59000015258789
2018-03-16,65.4177,65.7,65.1496,65.385,1357754.0,0.0025698663240179,15.800000190734863
2018-03-19,64.9577,65.3766,64.5522,65.3515,115304.0,-0.0005123499273533838,19.020000457763672
2018-03-20,64.8479,64.9661,64.093,64.8153,90514.0,-0.00820486140333443,18.200000762939453
2018-03-21,64.9652,65.1831,64.6477,64.9661,935045.0,0.00232661115508237,17.860000610351562
2018-03-22,64.5639,64.9326,63.9942,64.9326,226543.0,-0.0005156535485431046,23.34000015258789
2018-03-23,63.6582,63.9942,62.9561,63.9942,126248.0,-0.014451908594450114,24.8700008392334
2018-03-26,63.4923,63.9674,62.2171,63.0725,141728.0,-0.014402867759890747,21.030000686645508
2018-03-27,63.5292,63.8593,62.3352,62.3352,900503.0,-0.011689722145150405,22.5
2018-03-28,63.4404,65.2668,63.215,63.6255,252097.0,0.020699380125515088,22.8700008392334
2018-03-29,65.385,65.385,64.5304,65.318,93772.0,0.026600969736976454,19.969999313354492
2018-04-03,64.4793,64.7315,63.995,64.7315,133451.0,-0.008979148167427065,21.100000381469727
2018-04-04,64.3787,64.5296,64.0788,64.279,418609.0,-0.006990414249631205,20.059999465942383
2018-04-05,65.3917,65.669,64.3125,64.3125,232484.0,0.0005211655439569807,18.940000534057617
2018-04-06,65.5567,65.8207,65.0658,65.8207,328902.0,0.023451117589893045,21.489999771118164
2018-04-09,65.2333,65.4847,64.7474,65.0834,71071.0,-0.011201643252046867,21.770000457763672
2018-04-10,65.6866,66.0561,64.9996,64.9996,1107549.0,-0.0012875787067054834,20.469999313354492
2018-04-11,65.4185,65.8877,65.0314,65.8877,146999.0,0.013663161004067614,20.239999771118164
2018-04-12,65.1462,66.0703,64.9309,65.1839,144636.0,-0.010681811627966997,18.489999771118164
2018-04-13,65.7536,65.9547,65.132,65.9547,186279.0,0.011825005868013605,17.40999984741211
2018-04-16,65.7184,65.7352,64.8571,65.5023,109751.0,-0.006859253396649501,16.559999465942383
2018-04-17,65.2501,66.2228,65.1177,65.2007,612014.0,-0.004604418470801952,15.25
2018-04-18,66.635,67.0096,64.8488,66.2228,292468.0,0.015676212065208084,15.600000381469727
2018-04-19,65.1881,66.0217,64.3285,66.0217,406191.0,-0.0030367184715839324,15.960000038146973
2018-04-20,64.6142,64.7482,63.6222,64.7482,228008.0,-0.019289112519065732,16.8799991607666
2018-04-23,63.1278,63.7512,63.1278,63.7428,157840.0,-0.015527844789507528,16.34000015258789
2018-04-24,63.809,63.8442,63.2225,63.7093,2915590.0,-0.0005255495522632492,18.020000457763672
2018-04-25,63.0047,63.4747,62.4341,63.4747,872057.0,-0.0036823509283574474,17.84000015258789
2018-04-26,62.9586,63.892,62.9586,63.039,1211246.0,-0.006864152174015703,16.239999771118164
2018-04-27,63.7604,64.0277,63.675,63.7596,125454.0,0.011431018893066192,15.40999984741211
2018-04-30,63.8735,64.3955,63.8702,64.0277,46532.0,0.004204856994084016,15.930000305175781
2018-05-02,63.9439,64.3662,63.8601,64.2623,1037395.0,0.0036640391580518017,15.970000267028809
2018-05-03,63.8098,64.2438,63.6071,64.0109,116355.0,-0.003912091537339735,15.899999618530273
2018-05-04,64.3075,64.3544,63.6925,63.6925,148239.0,-0.00497415283959457,14.770000457763672
2018-05-08,64.982,65.1806,64.9225,65.0163,188414.0,0.02078423676257013,14.710000038146973
2018-05-09,64.9309,65.1169,64.455,65.1169,333885.0,0.0015473042913853874,13.420000076293945
2018-05-10,65.1001,65.1001,65.1001,65.1001,231.0,-0.00025799753980926265,13.229999542236328
2018-05-11,64.8535,65.1001,64.5469,65.1001,96830.0,0.0,12.649999618530273
2018-05-14,65.3171,65.6146,64.9828,64.9828,369105.0,-0.0018018405501680768,12.930000305175781
2018-05-15,65.4528,65.6615,65.2174,65.5358,77338.0,0.008509944169841743,14.630000114440918
2018-05-16,65.2685,65.3682,65.1177,65.3347,165573.0,-0.0030685518449458105,13.420000076293945
2018-05-17,65.0666,65.1671,64.4365,65.1671,217057.0,-0.0025652524615555894,13.430000305175781
2018-05-18,64.7491,65.0498,64.3779,65.0498,201116.0,-0.0017999880307700833,13.420000076293945
2018-05-21,64.5136,64.5136,64.5136,64.5136,1384898.0,-0.008242915427872255,13.079999923706055
2018-05-22,64.4625,64.5136,63.9774,64.5136,1365601.0,0.0,13.220000267028809
2018-05-23,64.0545,64.078,63.7177,63.8098,369504.0,-0.010909327645643563,12.579999923706055
2018-05-24,63.6607,64.1274,63.2736,63.3973,165268.0,-0.006464524258029347,12.529999732971191
2018-05-25,63.8593,64.3209,63.3825,63.8434,234834.0,0.007036577267486077,13.220000267028809
2018-05-29,62.9008,62.9008,62.5355,62.5631,269509.0,-0.020053756535522882,17.020000457763672
2018-05-30,62.7533,62.8539,62.4358,62.5364,157026.0,-0.0004267691338823987,14.9399995803833
2018-05-31,62.636,62.838,61.1288,61.9499,289279.0,-0.00937853793950405,15.430000305175781
2018-06-01,61.6826,62.605,61.1288,62.4232,268731.0,0.007640044616698427,13.460000038146973
2018-06-04,62.5866,62.8539,62.419,62.5858,106446.0,0.002604800779197447,12.739999771118164
2018-06-05,62.6528,62.6528,62.0655,62.1566,1121054.0,-0.00685778563188455,12.399999618530273
2018-06-06,62.0831,62.3185,61.6306,61.9544,163950.0,-0.003253073688071706,11.640000343322754
2018-06-07,62.2112,62.4693,62.1007,62.218,302967.0,0.004254742197487227,12.130000114440918
2018-06-08,61.7478,62.0336,61.665,61.8495,73329.0,-0.005922723327654422,12.180000305175781
2018-06-11,62.2506,62.419,61.9825,62.2428,1253410.0,0.006358984308684867,12.350000381469727
2018-06-12,62.3822,62.5266,62.0102,62.4182,1496617.0,0.002817996619689289,12.34000015258789
2018-06-13,62.8044,62.8044,62.3352,62.6034,556226.0,0.0029670833186474788,12.9399995803833
2018-06-14,62.218,63.4864,62.171,63.0678,66079.0,0.007418127449946743,12.119999885559082
2018-06-15,63.4998,63.7889,63.3407,63.4735,811640.0,0.006432759664995569,11.979999542236328
2018-06-18,62.8832,62.8865,61.4974,61.792,537591.0,-0.026491370414424953,12.3100004196167
2018-06-19,61.3215,61.6305,61.0282,61.3097,110903.0,-0.0078052175038840765,13.350000381469727
2018-06-20,61.6807,62.4274,61.3969,61.8325,361897.0,0.008527198795623026,12.789999961853027
2018-06-21,62.4525,62.7374,61.5678,61.8102,104875.0,-0.0003606517608054638,14.640000343322754
2018-06-22,61.7446,62.5321,61.7446,62.3832,1941609.0,0.009270314608268437,13.770000457763672
2018-06-25,62.1007,62.1007,61.2796,61.5381,267746.0,-0.01354691647751316,17.329999923706055
2018-06-26,61.5822,61.6734,60.9612,61.1878,140789.0,-0.0056924084428995325,15.920000076293945
2018-06-27,60.8506,61.3081,60.3831,60.9752,216065.0,-0.003474548847973047,17.90999984741211
2018-06-28,60.802,61.0659,60.2933,60.6596,92451.0,-0.005175874781878642,16.850000381469727
2018-06-29,62.419,63.2736,62.3363,63.0252,228340.0,0.03899794921166633,16.09000015258789
2018-07-02,62.7374,62.7374,61.7605,61.9184,227372.0,-0.017561229476463325,15.600000381469727
2018-07-03,62.1342,62.8798,62.0588,62.6851,92096.0,0.012382425902478067,16.139999389648438
2018-07-04,62.7458,64.1584,62.7458,63.9519,713456.0,0.02020894917612015,
2018-07-05,63.8727,64.3963,63.7093,63.931,205507.0,-0.00032680811672525234,14.970000267028809
2018-07-06,63.8903,64.0076,63.7663,63.9457,131487.0,0.00022993539910221017,13.369999885559082
2018-07-09,64.1869,64.3712,64.078,64.2738,141225.0,0.005130915761341059,12.6899995803833
2018-07-10,64.1349,64.6343,64.1349,64.3813,175588.0,0.0016725321981896357,12.640000343322754
2018-07-11,63.8308,63.8434,63.5585,63.5585,125260.0,-0.012780108509769073,13.630000114440918
2018-07-12,63.9271,66.2406,63.9271,65.8067,638128.0,0.03537213747964474,12.579999923706055
2018-07-13,66.1893,66.4306,65.7017,66.2413,276880.0,0.006604190758691564,12.180000305175781
2018-07-16,66.072,66.2547,65.814,65.9882,1057444.0,-0.003820879119220022,12.829999923706055
2018-07-17,65.5609,65.8106,65.1722,65.519,387056.0,-0.00711036215565819,12.0600004196167
2018-07-18,67.2953,67.5969,66.692,67.4457,459630.0,0.02940673697706009,12.100000381469727
2018-07-19,67.932,68.242,67.7142,67.8315,704961.0,0.005720157104159407,12.869999885559082
2018-07-20,68.418,68.8168,68.2001,68.7179,457279.0,0.013067675047728544,12.859999656677246
2018-07-23,68.4473,68.8469,68.2152,68.7028,182363.0,-0.00021973896175531138,12.619999885559082
2018-07-24,68.5353,69.0698,68.4263,68.8369,161374.0,0.0019518855126721135,12.40999984741211
2018-07-25,68.5311,68.733,68.3174,68.4599,248526.0,-0.005476713797396338,12.289999961853027
2018-07-26,68.6693,69.6747,68.5772,69.6747,254236.0,0.017744694339313805,12.140000343322754
2018-07-27,69.4317,69.7082,69.1393,69.7082,245432.0,0.00048080580181908417,13.029999732971191
2018-07-30,69.4401,69.8892,69.4401,69.5909,286143.0,-0.0016827288611669378,14.260000228881836
2018-07-31,69.3781,69.9897,69.2055,69.7417,100966.0,0.0021669499891507904,12.829999923706055
2018-08-02,69.3899,69.9889,69.3899,69.7669,290197.0,0.0003613333199508073,12.1899995803833
2018-08-03,69.4066,69.4066,69.0045,69.1708,1018804.0,-0.008544166359692129,11.640000343322754
2018-08-06,69.4276,69.6781,69.1217,69.5239,506749.0,0.005104755185714183,11.270000457763672
2018-08-07,69.5407,69.8934,69.5239,69.6265,235103.0,0.0014757515041590175,10.930000305175781
2018-08-08,69.3857,69.4937,69.0547,69.4234,201340.0,-0.002916992811644925,10.850000381469727
2018-08-09,69.2055,69.2055,68.9869,69.1553,36338.0,-0.003861810282988265,11.270000457763672
2018-08-10,69.0715,69.0715,68.5017,68.5017,1577110.0,-0.009451191738015674,13.15999984741211
2018-08-13,68.0661,68.6944,67.8134,68.4056,437461.0,-0.001402884891907652,14.779999732971191
2018-08-14,68.7699,68.9047,68.0326,68.2856,266810.0,-0.0017542423427322484,13.3100004196167
2018-08-15,68.0326,68.4188,67.5583,67.7477,283141.0,-0.007877209836334553,14.640000343322754
2018-08-16,67.7812,68.5185,67.7812,68.4682,251673.0,0.010635047389062624,13.449999809265137
2018-08-17,68.8788,69.1636,68.7322,69.105,120185.0,0.009300668047356409,12.640000343322754
2018-08-20,69.1235,69.4904,69.1235,69.4242,157074.0,0.004619057955285388,12.489999771118164
2018-08-21,69.2525,69.859,69.2525,69.6412,188898.0,0.003125711207331072,12.859999656677246
2018-08-22,69.1393,69.389,69.1393,69.1636,334848.0,-0.0068580093392990316,12.25
2018-08-23,69.4904,69.7417,69.038,69.038,135960.0,-0.0018159841303807545,12.40999984741211
2018-08-24,68.8788,69.1888,68.5101,68.9207,79232.0,-0.0016990642834381342,11.989999771118164
2018-08-28,68.7363,68.9542,68.418,68.6358,135503.0,-0.00413373630853997,12.5
2018-08-29,67.9572,68.2001,67.7812,68.2001,170541.0,-0.006347999149132089,12.25
2018-08-30,67.7309,68.1507,67.7309,68.1163,621310.0,-0.001228737201265262,13.529999732971191
2018-08-31,67.622,68.0426,67.3455,67.3455,261446.0,-0.01131594053112095,12.859999656677246
2018-09-03,67.2115,67.8315,67.2115,67.7712,269453.0,0.00632113504243037,
2018-09-04,68.1247,68.1247,67.1277,67.4662,181590.0,-0.004500436763698934,13.15999984741211
2018-09-05,67.1771,67.1771,66.5613,66.7414,1028285.0,-0.010743157314329288,13.90999984741211
2018-09-06,66.6761,66.6761,65.9212,65.9212,180208.0,-0.012289223780142411,14.649999618530273
2018-09-07,65.8542,66.2731,65.8542,66.2731,176042.0,0.0053381916591324075,14.880000114440918
2018-09-10,66.5831,67.55,66.4407,67.0607,228438.0,0.011884158127505762,14.15999984741211
2018-09-11,68.2588,68.619,67.9823,68.4012,455032.0,0.019989352929510318,13.220000267028809
2018-09-12,68.6777,69.2215,68.6609,68.8201,512957.0,0.0061241615644169745,13.140000343322754
2018-09-13,68.9846,68.9846,68.619,68.8034,318347.0,-0.00024266166425213065,12.369999885559082
2018-09-14,68.7196,69.0463,68.7196,68.9709,117508.0,0.0024344727150111822,12.069999694824219
2018-09-17,68.8369,68.8369,68.3174,68.5688,305989.0,-0.005829994968892693,13.680000305175781
2018-09-18,68.5688,68.5688,67.6631,68.2504,717995.0,-0.004643511334601169,12.789999961853027
2018-09-19,68.309,68.5855,68.1993,68.485,477015.0,0.003437342491765527,11.75
2018-09-20,68.418,68.7355,68.1633,68.6526,550962.0,0.0024472512228956855,11.800000190734863
2018-09-21,68.9899,68.9899,61.0646,68.6023,2547596.0,-0.0007326743633890853,11.680000305175781
2018-09-24,67.0271,68.7196,67.0271,68.5353,268255.0,-0.000976643640227759,12.199999809265137
2018-09-25,69.1553,69.792,68.8285,69.6797,214458.0,0.01669796440666338,12.420000076293945
2018-09-26,69.3899,70.1849,69.3899,70.0601,463585.0,0.00545926575458866,12.890000343322754
2018-09-27,70.0434,70.7167,69.5098,70.7167,71277.0,0.00937195350848774,12.40999984741211
2018-09-28,70.5561,71.182,70.5561,70.7136,739809.0,-4.3836887185122464e-05,12.119999885559082
2018-10-01,70.8309,71.3839,70.8309,71.2163,371308.0,0.007108957824237594,12.0
2018-10-02,70.7974,71.1828,70.6583,71.1828,253060.0,-0.0004703979285641813,12.050000190734863
2018-10-03,71.5347,72.7077,71.3923,72.3893,491960.0,0.01694931921756382,11.609999656677246
2018-10-04,71.9285,72.1673,71.3504,71.4007,492036.0,-0.013656714459181152,14.220000267028809
2018-10-05,71.0488,71.6185,71.0488,71.0488,332348.0,-0.004928523109717364,14.819999694824219
2018-10-08,70.6969,70.6969,70.1615,70.4835,318616.0,-0.007956503135872706,15.6899995803833
2018-10-09,70.4623,70.6114,69.9596,70.5042,1106570.0,0.0002936857562407802,15.949999809265137
2018-10-10,70.8125,71.6688,70.8125,70.8645,362363.0,0.00511033385245141,22.959999084472656
2018-10-11,69.6161,70.3199,68.0426,68.1582,440850.0,-0.03818978473001311,24.979999542236328
2018-10-12,69.549,69.6747,68.7028,69.2055,556239.0,0.015365722686338623,21.309999465942383
2018-10-15,68.4867,71.1326,68.4867,69.0882,229219.0,-0.0016949519908099342,21.299999237060547
2018-10-16,69.4234,70.5126,69.0698,70.5126,950003.0,0.020617124197764625,17.6200008392334
2018-10-17,71.2247,71.7358,70.479,70.479,692760.0,-0.00047651058108777455,17.399999618530273
2018-10-18,70.3735,72.2553,70.3735,71.9536,932480.0,0.02092254430397711,20.059999465942383
2018-10-19,71.9955,73.1266,71.7861,72.9255,3465697.0,0.013507315825754374,19.889999389648438
2018-10-22,72.9423,72.9423,72.205,72.5066,918843.0,-0.005744218414683422,19.639999389648438
2018-10-23,71.9034,72.6155,71.9034,72.2435,179110.0,-0.0036286351863141775,20.709999084472656
2018-10-24,72.9004,73.6293,72.2385,72.2385,350249.0,-6.921037878837577e-05,25.229999542236328
2018-10-25,71.4509,71.4509,70.1096,71.4333,916443.0,-0.011146410847401311,24.219999313354492
2018-10-26,71.4677,71.5515,70.5997,71.1158,275708.0,-0.00444470576047884,24.15999984741211
2018-10-29,71.6554,73.0596,71.6554,72.4899,1051259.0,0.019322007205150094,24.700000762939453
2018-10-30,72.4981,73.0428,72.4981,72.9336,275993.0,0.00612085269809981,23.350000381469727
2018-10-31,73.0763,73.9309,72.5921,73.8379,791831.0,0.012398949181173125,21.229999542236328
2018-11-01,73.9393,74.1991,73.4199,73.7634,71098.0,-0.001008966939742284,19.34000015258789
2018-11-02,73.9142,73.9142,72.9758,73.4024,487337.0,-0.00489402603459177,19.510000228881836
2018-11-05,73.4282,74.2326,73.4282,74.0985,1453407.0,0.00948334114415883,19.959999084472656
2018-11-06,74.308,74.5677,73.8639,73.9645,185778.0,-0.0018084036788869051,19.90999984741211
2018-11-07,73.8304,74.5533,73.8304,74.2828,665110.0,0.0043034158278631995,16.360000610351562
2018-11-08,74.442,75.1358,74.442,75.0275,248814.0,0.010025200988654337,16.719999313354492
2018-11-09,74.8358,75.1709,74.5518,75.1709,743861.0,0.0019112991902969778,17.360000610351562
2018-11-12,75.2464,75.2715,74.6347,74.7194,718676.0,-0.006006313613379777,20.450000762939453
2018-11-13,75.0118,75.305,74.5836,74.9531,281554.0,0.0031277017749073988,20.020000457763672
2018-11-14,74.6096,74.8526,73.6126,73.6126,214886.0,-0.017884517118037846,21.25
2018-11-15,73.6545,73.8974,72.7496,73.3109,546013.0,-0.004098483140114517,19.979999542236328
2018-11-16,73.8136,74.065,72.768,73.3537,3928881.0,0.0005838149579393548,18.139999389648438
2018-11-19,73.8136,74.7855,73.1501,73.2112,321333.0,-0.00194264229343577,20.100000381469727
2018-11-20,73.2272,74.0097,73.2272,73.729,719908.0,0.007072688331839938,22.479999542236328
2018-11-21,73.0261,73.9645,73.0261,73.7747,417792.0,0.0006198375130546108,20.799999237060547
2018-11-22,73.9311,73.9311,73.3277,73.3277,223634.0,-0.006058987701746066,
2018-11-23,72.9758,73.8472,72.9758,73.8145,80062.0,0.0066386917904148746,21.520000457763672
2018-11-26,73.7797,74.4236,73.7797,74.1488,343781.0,0.004528920469555331,18.899999618530273
2018-11-27,73.9728,74.0985,73.3109,73.8639,2317405.0,-0.0038422739140754336,19.020000457763672
2018-11-28,74.2745,74.3666,73.6637,73.8974,399111.0,0.00045353684276094874,18.489999771118164
2018-11-29,74.3247,75.7072,74.2828,75.7072,187734.0,0.02449071279909698,18.790000915527344
2018-11-30,75.615,76.5785,75.615,76.2099,437227.0,0.006640055371219811,18.06999969482422
2018-12-03,76.297,77.6811,76.297,76.5115,761192.0,0.00395749108711585,16.440000534057617
2018-12-04,76.2853,76.9639,76.1914,76.9472,150166.0,0.005694568790312493,20.739999771118164
2018-12-05,76.5626,76.5626,75.8412,75.858,1282917.0,-0.014155160941528577,
2018-12-06,75.1709,75.1709,73.1936,73.1936,378119.0,-0.03512352026154131,21.190000534057617
2018-12-07,74.3834,74.3834,72.0542,74.0696,1402361.0,0.011968259519957947,23.229999542236328
2018-12-10,71.4677,72.758,71.1493,71.1493,307038.0,-0.03942643135645385,22.639999389648438
2018-12-11,71.895,72.9926,71.8028,72.825,370732.0,0.023551883152750808,21.760000228881836
2018-12-12,72.8585,73.8354,72.8585,73.7634,224107.0,0.012885684860968194,21.459999084472656
2018-12-13,73.7299,73.8371,73.2858,73.4184,690011.0,-0.0046771162934463595,20.649999618530273
2018-12-14,72.8585,73.2615,72.5569,72.9088,585523.0,-0.006941039303498986,21.6299991607666
2018-12-17,72.9674,72.9875,71.7685,71.8699,659169.0,-0.014249308725421295,24.520000457763672
2018-12-18,71.518,71.709,70.8477,70.9315,1906215.0,-0.013056926474087183,25.579999923706055
2018-12-19,71.2247,71.7542,70.8812,70.8812,726893.0,-0.0007091348695571487,25.579999923706055
2018-12-20,70.3785,70.8058,70.2713,70.5461,2681855.0,-0.004727628764750191,28.3799991607666
2018-12-21,69.9763,69.9763,69.19,69.7409,1887471.0,-0.01141381309526679,30.110000610351562
2018-12-27,69.792,70.2989,68.0007,68.2169,168477.0,-0.021852313348408203,29.959999084472656
2018-12-28,69.2491,70.4296,69.2491,70.412,165733.0,0.03217824322125473,28.34000015258789
2019-01-03,69.0547,70.6634,68.7782,70.4056,795048.0,-9.089359768221783e-05,25.450000762939453
2019-01-04,69.7585,71.2331,69.7082,71.0655,249307.0,0.009372833979115258,21.3799991607666
2019-01-07,70.3785,70.3785,69.038,69.4728,463750.0,-0.022411718766489952,21.399999618530273
2019-01-08,69.9261,71.1158,69.9261,70.9482,543307.0,0.02123708847203498,20.469999313354492
2019-01-09,70.8896,71.3839,70.8226,70.965,1221664.0,0.00023679247676478,19.979999542236328
2019-01-10,70.9147,72.4228,70.9147,72.3223,435898.0,0.019126329880927218,19.5
2019-01-11,73.0763,73.1434,72.4061,72.7245,363334.0,0.005561216941386116,18.190000534057617
2019-01-14,71.4627,72.1212,71.4627,71.6018,1220371.0,-0.015437713562829747,19.06999969482422
2019-01-15,72.0207,73.0428,72.0207,72.9088,1489778.0,0.018253731051454114,18.600000381469727
2019-01-16,72.6323,73.2439,72.6239,73.0702,1200149.0,0.002213724543539408,19.040000915527344
2019-01-17,73.1266,73.8555,72.9272,73.8053,1196936.0,0.010060188695254713,18.059999465942383
2019-01-18,74.2912,74.4336,73.9142,74.1823,463180.0,0.0051080342468630135,17.799999237060547
2019-01-21,73.7759,74.2242,73.7759,73.8639,527789.0,-0.004292128984946464,
2019-01-22,73.8136,74.3172,73.7307,74.132,897337.0,0.003629648583408196,20.799999237060547
2019-01-23,73.6377,74.2661,73.4785,73.7592,314155.0,-0.0050288674256731,19.520000457763672
2019-01-24,73.3947,73.5288,72.1882,72.4061,1506142.0,-0.018344830204232276,18.889999389648438
2019-01-25,72.0542,72.7077,71.6353,71.7358,523025.0,-0.00925750730946695,17.420000076293945
2019-01-28,71.2247,71.3755,70.6047,70.8561,587253.0,-0.012263054151483654,18.8700008392334
2019-01-29,72.0542,72.1799,70.8762,71.9955,296986.0,0.016080478603818227,19.1299991607666
2019-01-30,70.4288,71.7442,69.859,71.702,1955116.0,-0.004076643679118974,17.65999984741211
2019-01-31,71.8363,72.5736,71.8363,72.4731,1125857.0,0.010754232796853724,16.56999969482422
2019-02-01,73.1099,73.2104,72.3013,73.2104,199593.0,0.01017342986570191,16.139999389648438
2019-02-04,73.3026,73.9812,72.7915,73.8136,1990273.0,0.008239266552293012,15.729999542236328
2019-02-05,73.6628,74.7688,73.6628,74.7688,1675575.0,0.012940704693986005,15.569999694824219
2019-02-06,74.5761,74.9866,74.1739,74.8308,676598.0,0.0008292228844115623,15.380000114440918
2019-02-07,74.6264,75.0687,74.065,74.065,1143918.0,-0.010233754015726126,16.3700008392334
2019-02-08,73.9477,74.3331,73.9477,74.1153,805319.0,0.0006791331938162948,15.720000267028809
2019-02-11,74.5761,74.685,73.9971,74.3331,206834.0,0.002938664486280107,15.970000267028809
2019-02-12,74.9782,75.1374,74.4487,74.8615,2084632.0,0.007108542493182712,15.430000305175781
2019-02-13,74.9782,75.1207,74.4236,75.0537,852490.0,0.0025674078130948352,15.649999618530273
2019-02-14,75.3218,75.3218,74.5677,74.6515,751452.0,-0.005358829744569693,16.219999313354492
2019-02-15,74.5174,75.4893,74.5174,75.4726,973382.0,0.010999109194055112,14.90999984741211
2019-02-18,75.4893,75.7909,75.1542,75.6664,275868.0,0.002567819314559072,
2019-02-19,75.5396,75.7038,75.2221,75.4391,546337.0,-0.00300397534440644,14.880000114440918
2019-02-20,75.5564,76.1596,75.4189,75.9753,435855.0,0.007107720001962026,14.020000457763672
2019-02-21,76.1428,76.4604,75.6837,76.2937,219126.0,0.00419083570581491,14.460000038146973
2019-02-22,75.8245,76.1596,75.2882,76.1261,252963.0,-0.0021967737834186485,13.510000228881836
2019-02-25,76.2518,76.4512,75.5723,76.411,404388.0,0.0037424746571808054,14.850000381469727
2019-02-26,76.2434,76.8969,76.2434,76.7126,1524629.0,0.003947075682820378,15.170000076293945
2019-02-27,76.4445,76.8634,76.359,76.5785,2509395.0,-0.001748083104991749,14.699999809265137
2019-02-28,76.0767,76.7126,76.0767,76.3439,940105.0,-0.0030635230515092537,14.779999732971191
2019-03-01,75.9418,76.3942,75.9418,76.3607,829337.0,0.0002200568742229958,13.569999694824219
2019-03-04,74.2401,74.8274,74.2401,74.6347,718200.0,-0.022603250101164596,14.630000114440918
2019-03-05,75.4055,75.5061,74.4839,75.4558,2190562.0,0.01100158505360116,14.739999771118164
2019-03-06,75.4055,75.7608,74.7485,75.4558,6404623.0,0.0,15.739999771118164
2019-03-07,76.2518,76.3272,75.4391,75.7574,835576.0,0.003997041976892435,16.59000015258789
2019-03-08,75.5815,76.0255,75.0955,75.3385,2977151.0,-0.00552949282842341,16.049999237060547
2019-03-11,75.5815,76.2434,75.372,76.1428,682505.0,0.010675816481612976,14.329999923706055
2019-03-12,76.0021,76.2434,76.0021,76.2266,1592320.0,0.0011005636777214889,13.770000457763672
2019-03-13,76.2518,76.6455,76.0591,76.6288,3489578.0,0.00527637333949027,13.40999984741211
2019-03-14,76.8634,77.5504,76.8265,77.5337,5330206.0,0.011808876036163873,13.5
2019-03-15,78.0447,78.5893,77.4499,78.5893,2642420.0,0.01361472495185967,12.880000114440918
2019-03-18,78.271,78.271,77.852,77.9861,109626.0,-0.0076753451169561115,13.100000381469727
2019-03-19,78.2626,78.7663,78.0196,78.0196,719371.0,0.00042956372994673586,13.5600004196167
2019-03-20,77.5169,78.1704,77.5169,77.8185,1293497.0,-0.002577557434285671,13.90999984741211
2019-03-21,77.5001,78.0531,77.4013,78.0531,220717.0,0.00301470729967801,13.630000114440918
2019-03-22,78.3296,78.5826,77.6677,77.8671,1658201.0,-0.0023829931162248075,16.479999542236328
2019-03-25,77.4247,77.9191,77.4247,77.5169,1012358.0,-0.004497406478474075,16.329999923706055
2019-03-26,77.5504,79.0585,77.5504,79.025,1101866.0,0.019455112369044736,14.680000305175781
2019-03-27,79.1758,79.6132,78.2425,79.1088,2282915.0,0.0010604239164819784,15.149999618530273
2019-03-28,79.1105,79.8964,79.1105,79.8964,145927.0,0.00995590882430264,14.430000305175781
2019-03-29,79.7623,80.3488,79.5947,80.2985,255554.0,0.005032767433826857,13.710000038146973
2019-04-01,80.3622,80.5465,80.0019,80.1477,223193.0,-0.0018779927395904394,13.399999618530273
2019-04-02,79.9634,79.9885,79.2764,79.4774,631879.0,-0.008363309240315031,13.359999656677246
2019-04-03,79.3384,79.3384,78.6329,79.092,266146.0,-0.004849177250388248,13.739999771118164
2019-04-04,78.8708,79.0501,78.5474,78.6564,173238.0,-0.005507510241237967,13.579999923706055
2019-04-05,79.0032,79.1725,78.4603,79.0669,276512.0,0.005218901449850266,12.819999694824219
2019-04-08,78.6798,79.8628,78.6798,79.4439,611977.0,0.004768114090725639,13.180000305175781
2019-04-09,80.3064,81.349,80.1169,80.3822,306494.0,0.011810850172259801,14.279999732971191
2019-04-10,79.1274,79.406,77.7474,78.1075,369525.0,-0.02829855365988987,13.300000190734863
2019-04-11,77.8801,78.79,77.7,77.9843,329902.0,-0.0015773133181832266,13.020000457763672
2019-04-12,78.153,78.153,75.8992,76.7712,270642.0,-0.015555695184800156,12.010000228881836
2019-04-15,76.6517,77.3446,76.6309,76.828,2099284.0,0.0007398607811264224,12.319999694824219
2019-04-16,77.1977,77.3645,76.7058,76.7617,753815.0,-0.0008629666267506719,12.180000305175781
2019-04-17,75.8328,75.9181,74.6718,74.8187,2299577.0,-0.025312102259329783,12.600000381469727
2019-04-18,74.1875,74.4225,73.0084,73.852,566949.0,-0.012920566649781473,12.09000015258789
2019-04-23,73.1525,74.2586,73.0084,73.852,541190.0,0.0,12.279999732971191
2019-04-24,75.6243,76.0129,75.2831,75.6528,1109538.0,0.02438390294101711,13.140000343322754
2019-04-25,76.4394,77.7,76.193,77.3777,465633.0,0.022800213607427677,13.25
2019-04-26,78.3255,78.4033,77.8753,78.2781,325013.0,0.011636427549539308,12.729999542236328
2019-04-29,78.3445,78.553,78.1606,78.4582,338515.0,0.0023007712246465584,13.109999656677246
2019-04-30,78.5663,79.2402,78.0318,78.8658,221466.0,0.005195123008174818,13.119999885559082
2019-05-02,79.1918,79.4515,78.97,79.1141,483943.0,0.0031483862460026657,14.420000076293945
2019-05-03,79.1748,79.8979,78.97,79.3207,160890.0,0.0026114181922061164,12.869999885559082
2019-05-07,79.5103,79.9557,78.5814,78.6193,319162.0,-0.008842584596454706,19.31999969482422
2019-05-08,78.2995,79.1596,77.882,79.1596,223826.0,0.00687235831405264,19.399999618530273
2019-05-09,78.7767,78.9985,77.5616,77.6052,628552.0,-0.01963627911207233,19.100000381469727
2019-05-10,78.0128,78.7729,77.7948,77.8516,363907.0,0.0031750449712133477,16.040000915527344
2019-05-13,77.9123,77.9502,76.3257,76.5247,822723.0,-0.017043965698842478,20.549999237060547
2019-05-14,77.1597,77.463,76.8375,77.2261,206172.0,0.009165668078411349,18.059999465942383
2019-05-15,77.2583,77.9843,76.9626,77.9843,223552.0,0.009817924250998145,16.440000534057617
2019-05-16,78.0886,79.4629,77.9749,79.4629,96457.0,0.01896022660971508,15.289999961853027
2019-05-17,79.2904,79.9178,79.2259,79.4389,250984.0,-0.0003020277387308923,15.960000038146973
2019-05-20,79.4439,79.624,78.5208,78.6288,425818.0,-0.010197774641894641,16.309999465942383
2019-05-21,78.8961,79.5254,78.7805,79.2449,151830.0,0.007835551350141357,14.949999809265137
2019-05-22,79.1075,79.7851,78.9653,79.7851,46832.0,0.0068168424718815235,14.75
2019-05-23,79.914,80.7424,79.914,80.278,69813.0,0.006177845236767343,16.920000076293945
2019-05-24,80.6135,82.6949,80.46,82.6949,202507.0,0.03010662946261733,15.850000381469727
2019-05-28,84.0009,84.145,83.6758,83.8417,299077.0,0.013867844328973034,17.5
2019-05-29,82.7517,83.1214,82.3821,82.3821,255639.0,-0.017408998147699917,17.899999618530273
2019-05-31,81.8551,82.1925,81.2068,81.6049,92550.0,-0.009434088230331539,18.709999084472656
2019-06-03,81.0647,82.9034,81.0495,82.9034,103449.0,0.01591203469399516,18.860000610351562
2019-06-04,82.8086,82.9527,82.1641,82.3821,184056.0,-0.006288041262481503,16.969999313354492
2019-06-05,81.8722,82.6854,81.7945,82.6854,301966.0,0.0036816250132007955,16.09000015258789
2019-06-06,82.7754,83.6711,82.7754,82.8522,108990.0,0.002017284792720231,15.930000305175781
2019-06-07,82.7802,82.9204,82.138,82.7422,206295.0,-0.0013276654090054185,16.299999237060547
2019-06-11,82.5508,83.6616,82.5091,83.1498,565519.0,0.004926144095757756,15.989999771118164
2019-06-12,82.7328,83.9118,82.7328,83.8417,131877.0,0.008321126448891158,15.90999984741211
2019-06-13,84.2303,85.0549,84.2303,84.3345,239708.0,0.005877743414076875,15.819999694824219
2019-06-14,84.2113,85.1117,83.8739,84.7421,155274.0,0.004833134719480103,15.279999732971191
2019-06-17,84.6862,85.1439,84.3061,85.1326,157787.0,0.004608099162045853,15.350000381469727
2019-06-18,84.9411,86.9031,84.9411,86.6566,196412.0,0.017901485447407994,15.149999618530273
2019-06-19,86.2491,86.4102,85.7297,86.0595,266165.0,-0.006890415732904387,14.329999923706055
2019-06-20,86.3401,87.0168,86.1543,86.3439,1596762.0,0.003304690359576812,14.75
2019-06-21,86.0861,86.324,85.415,85.87,2001264.0,-0.005488517428561823,15.399999618530273
2019-06-24,85.7894,86.1235,85.2728,85.3202,148600.0,-0.006402701758472129,15.260000228881836
2019-06-25,85.3392,86.5524,85.3392,86.4292,472385.0,0.012998094237941293,16.280000686645508
2019-06-26,85.1629,85.3127,84.3724,84.3724,273529.0,-0.023797512877592242,16.209999084472656
2019-06-27,84.3137,84.799,84.2777,84.5525,148258.0,0.0021345842953381933,15.819999694824219
2019-06-28,84.1734,84.725,83.9459,84.4957,123362.0,-0.00067177197599122,15.079999923706055
2019-07-01,85.3525,85.87,85.1022,85.5572,192415.0,0.012562769466375245,14.0600004196167
2019-07-02,85.5306,86.723,85.5306,86.1009,220996.0,0.006354812920478903,12.930000305175781
2019-07-03,86.3912,86.9694,86.1827,86.6187,1595520.0,0.006013874419431353,12.569999694824219
2019-07-04,86.4566,86.4566,85.9932,85.9932,44503.0,-0.007221304406554219,
2019-07-05,86.1069,86.1429,85.0857,85.3733,167235.0,-0.007208709525869494,13.279999732971191
2019-07-08,84.7591,85.4624,84.7591,85.2065,143671.0,-0.001953772432364609,13.960000038146973
2019-07-09,85.5288,86.1979,85.4036,86.0595,196585.0,0.010010973341235685,14.09000015258789
2019-07-10,85.2075,86.2642,85.1875,85.4055,474248.0,-0.0075993934429086085,13.029999732971191
2019-07-11,86.2055,86.6377,84.6663,85.5292,591695.0,0.0014483844717261274,12.930000305175781
2019-07-12,84.5734,84.5881,82.5906,82.5906,375012.0,-0.034357856731970005,12.390000343322754
2019-07-15,82.5337,83.4057,82.4769,82.6664,664384.0,0.000917779989490386,12.680000305175781
2019-07-16,83.2749,83.6426,83.1754,83.4341,1046725.0,0.009286723505559813,12.859999656677246
2019-07-17,83.764,85.36,83.4341,84.9885,517307.0,0.018630272274765325,13.970000267028809
2019-07-18,86.0121,89.3123,85.8396,87.2916,360346.0,0.02709896044758997,13.529999732971191
2019-07-19,88.12,88.575,87.5665,87.8603,786736.0,0.006514945309743281,14.449999809265137
2019-07-22,87.3864,88.0101,87.0547,87.3656,611034.0,-0.005630529374472837,13.529999732971191
2019-07-23,87.248,88.2205,87.248,87.9835,488386.0,0.007072577765161681,12.609999656677246
2019-07-24,86.977,87.0917,86.4386,86.8178,640256.0,-0.013249075110674191,12.069999694824219
2019-07-25,87.0642,87.666,86.3581,87.6234,563883.0,0.009279203112725787,12.739999771118164
2019-07-26,86.4386,87.8035,86.4386,87.6689,915902.0,0.000519267684202962,12.15999984741211
2019-07-29,86.1638,87.6234,85.9742,86.7514,953828.0,-0.010465512855756032,12.829999923706055
2019-07-30,86.4765,86.8178,85.7207,86.4765,1714735.0,-0.0031688249411536695,13.9399995803833
2019-07-31,85.7941,86.7822,85.1188,86.6282,102242.0,0.0017542338091851573,16.1200008392334
2019-08-02,86.1069,86.9542,85.3866,85.6425,472859.0,-0.011378511847181527,17.610000610351562
2019-08-05,85.2539,85.2539,83.9554,84.3156,250149.0,-0.015493475785970712,24.59000015258789
2019-08-06,83.6881,84.9146,83.6426,83.6426,727232.0,-0.007981915564853947,20.170000076293945
2019-08-07,82.4674,83.9744,80.8182,82.597,969329.0,-0.012500807005042969,19.489999771118164
2019-08-08,82.5243,84.3535,82.2759,83.2305,469776.0,0.007669770088502226,16.90999984741211
2019-08-09,84.1582,84.4691,83.7279,84.0298,480387.0,0.009603450658111967,17.969999313354492
2019-08-12,84.4862,84.562,83.6389,84.3156,217372.0,0.0034011743452919685,21.09000015258789
2019-08-13,83.6559,84.3724,82.801,84.1639,161038.0,-0.0017991925574865064,17.520000457763672
2019-08-14,84.3118,84.78,82.6854,83.0266,454492.0,-0.01351291943457944,22.100000381469727
2019-08-15,82.9072,83.2048,81.4627,81.8603,108840.0,-0.014047305321427173,21.18000030517578
2019-08-16,82.619,83.1214,82.5716,82.9508,442030.0,0.013321475733658605,18.469999313354492
2019-08-19,83.3356,83.9232,83.2256,83.5953,245555.0,0.007769665874229004,16.8799991607666
2019-08-20,83.6332,84.0028,83.1214,84.0028,289780.0,0.0048746759686251195,17.5
2019-08-21,83.127,84.1829,83.0816,83.7076,349533.0,-0.003514168575333154,15.800000190734863
2019-08-22,84.2587,84.4293,82.9602,83.2294,149415.0,-0.005712742928957515,16.68000030517578
2019-08-23,83.2389,84.0398,82.7233,82.7802,204289.0,-0.00539713130216013,19.8700008392334
2019-08-27,81.9404,83.6047,81.9366,82.4105,475853.0,-0.004466043812409226,20.309999465942383
2019-08-28,83.3109,83.3251,82.292,82.837,610943.0,0.005175311398426308,19.350000381469727
2019-08-29,82.8143,83.673,82.8143,82.837,189694.0,0.0,17.8799991607666
2019-08-30,84.1829,85.216,84.0881,84.363,229288.0,0.01842171976290774,18.979999542236328
2019-09-02,84.3535,84.6175,83.8114,84.126,137099.0,-0.002809288432132462,
2019-09-03,83.5365,83.7706,83.2446,83.4753,261128.0,-0.007734826331930678,19.65999984741211
2019-09-04,84.3668,84.5241,83.2161,83.2825,218154.0,-0.002309665254272897,17.329999923706055
2019-09-05,83.3251,83.927,82.5811,83.4057,211530.0,0.0014793023744483769,16.270000457763672
2019-09-06,83.9365,84.3326,83.4019,84.1905,414710.0,0.009409428851985036,15.0
2019-09-09,84.5999,84.7137,83.4815,83.9175,978849.0,-0.003242646141785599,15.270000457763672
2019-09-10,83.8654,83.9175,81.8703,82.6001,714638.0,-0.015698751750230944,15.199999809265137
2019-09-11,83.074,83.5289,82.8275,83.292,409406.0,0.008376503176146244,14.609999656677246
2019-09-12,83.3488,84.3867,82.9147,82.9602,541206.0,-0.003983575853623411,14.220000267028809
2019-09-13,83.7019,83.7019,81.567,82.4579,917510.0,-0.006054710572057531,13.739999771118164
2019-09-16,81.5196,83.3394,81.2447,81.3679,933706.0,-0.01321886683992668,14.670000076293945
2019-09-17,81.3016,82.3257,81.2258,82.0314,765840.0,0.008154321298693867,14.4399995803833
2019-09-18,81.5101,81.7054,81.1689,81.3016,909964.0,-0.008896593255753427,13.949999809265137
2019-09-19,81.5859,81.8646,80.5955,81.3585,423604.0,0.0006998632253241155,14.050000190734863
2019-09-20,82.1034,82.8749,81.7565,81.7565,2933667.0,0.004891928931826328,15.319999694824219
2019-09-23,82.0977,82.183,80.8632,80.9983,2320170.0,-0.009273880364252363,14.90999984741211
2019-09-24,81.5101,81.7945,81.131,81.5765,1424031.0,0.007138421423659391,17.049999237060547
2019-09-25,80.8106,81.0836,79.8411,80.496,781816.0,-0.013245236066759425,15.960000038146973
2019-09-26,80.5718,82.2172,80.5623,81.9634,870471.0,0.01822947724110513,16.06999969482422
2019-09-27,82.1736,82.2683,81.6077,82.2683,438390.0,0.003719953052216063,17.219999313354492
2019-11-25,85.1022,86.0026,84.9316,85.9458,550905.0,0.044701300500922025,11.869999885559082
2019-11-26,86.1069,87.121,86.1069,86.723,502806.0,0.009042908437643105,11.539999961853027
2019-11-27,86.9125,87.4149,86.7609,87.1779,634624.0,0.005245436620043176,11.75
2019-11-28,87.1779,87.6044,86.0974,87.5191,167199.0,0.00391383596071937,
2019-11-29,87.2537,87.557,87.2111,87.557,793160.0,0.0004330483288792486,12.619999885559082
2019-12-02,87.4622,87.8414,85.5856,87.7542,380252.0,0.002252247107598526,14.90999984741211
2019-12-03,85.9647,86.0974,84.5715,84.78,795861.0,-0.0338923948939196,15.960000038146973
2019-12-04,84.998,85.5288,84.78,84.9316,346463.0,0.0017881575843359254,14.800000190734863
2019-12-05,85.832,86.7268,85.4529,85.7183,574895.0,0.009262747905373292,14.520000457763672
2019-12-06,86.0216,86.741,85.7088,86.375,387255.0,0.007661141203220367,13.619999885559082
2019-12-09,86.4462,86.6282,86.0595,86.4197,83701.0,0.0005175108538351125,15.859999656677246
2019-12-10,86.505,86.6614,85.6425,86.3439,1237590.0,-0.0008771148245133586,15.680000305175781
2019-12-11,86.6661,86.704,85.851,86.5524,697583.0,0.0024147623630621506,14.989999771118164
2019-12-12,86.4197,86.9789,86.05,86.505,447522.0,-0.0005476451259585069,13.9399995803833
2019-12-13,86.7609,86.7609,86.3249,86.4481,1278809.0,-0.0006577654470839578,12.630000114440918
2019-12-16,86.3818,86.9884,85.7752,86.4481,316755.0,0.0,12.140000343322754
2019-12-17,86.4386,87.3296,86.2112,87.0737,5177373.0,0.00723671196937814,12.289999961853027
2019-12-18,87.1874,88.1248,86.7988,88.0688,4595225.0,0.011428249861898498,12.579999923706055
2019-12-19,87.0073,87.6518,86.5855,86.7988,1207041.0,-0.01442054393837544,12.5
2019-12-20,87.8603,88.247,87.5665,87.8319,543800.0,0.011902238279791977,12.510000228881836
2019-12-23,87.8935,88.5806,87.775,87.775,334362.0,-0.0006478284085850161,12.609999656677246
2019-12-27,88.4574,88.4859,88.0309,88.2489,315408.0,0.00539903161492461,13.430000305175781
2019-12-30,87.993,88.1731,87.1286,87.2253,195699.0,-0.011599011432437134,14.819999694824219
2020-01-03,86.7704,87.4812,86.2301,87.4622,1773363.0,0.002715955118526292,14.020000457763672
2020-01-06,86.8746,87.3106,86.3325,86.4671,1028207.0,-0.011377486502740508,13.850000381469727
2020-01-07,87.7039,88.0499,87.3485,87.5191,268761.0,0.012166477191903002,13.789999961853027
2020-01-08,86.7609,87.3296,86.6945,87.0199,271933.0,-0.005703897777742051,13.449999809265137
2020-01-09,87.6423,88.3627,87.4243,87.5002,212188.0,0.005519427165510349,12.539999961853027
2020-01-10,87.5949,87.9361,86.7704,87.8793,2845171.0,0.004332561525573597,12.5600004196167
2020-01-13,86.7798,87.2727,86.1259,86.2965,2246851.0,-0.018011067452744944,12.319999694824219
2020-01-14,86.3059,86.6092,85.5667,85.5856,2890846.0,-0.008237877550074435,12.390000343322754
2020-01-15,86.5571,86.9779,86.287,86.8841,260551.0,0.01517194481314621,12.420000076293945
2020-01-16,86.9125,87.0642,86.505,86.8462,697293.0,-0.0004362133002472346,12.319999694824219
2020-01-17,87.0357,88.0214,87.0357,87.1021,316131.0,0.0029465883366226464,12.100000381469727
2020-01-20,87.9598,88.2394,87.8793,87.8793,241658.0,0.008922861790932712,
2020-01-21,87.6992,88.1911,87.6802,87.8793,760025.0,0.0,12.850000381469727
2020-01-22,87.9077,88.5712,87.2443,87.339,3364902.0,-0.006148205550112529,12.90999984741211
2020-01-23,87.2158,87.9741,86.8936,86.9828,705049.0,-0.00407836132770012,12.979999542236328
2020-01-24,87.5096,87.7371,86.7704,87.6234,354865.0,0.0073646743953976745,14.5600004196167
2020-01-27,86.05,86.1922,85.3297,85.415,354635.0,-0.025203313270199534,18.229999542236328
2020-01-28,86.6945,87.8186,86.2671,86.6187,1184463.0,0.01409237253409823,16.280000686645508
2020-01-29,88.0233,89.2867,87.993,88.9124,590562.0,0.026480425127599405,16.389999389648438
2020-01-30,88.1494,88.3816,87.2063,87.4433,552887.0,-0.016523004665266128,15.489999771118164
2020-01-31,88.0688,88.0688,86.4102,87.2727,913233.0,-0.001950978519795088,18.84000015258789
2020-02-03,86.7798,86.8272,85.8889,86.6756,4084808.0,-0.006841772971387328,17.969999313354492
2020-02-04,86.9106,87.3485,86.3439,86.5713,2337887.0,-0.0012033375021345272,16.049999237060547
2020-02-05,86.8746,89.2536,86.8746,88.7228,5326531.0,0.024852347140449593,15.149999618530273
2020-02-06,89.083,89.3578,88.7749,89.2033,199322.0,0.005415744318258531,14.960000038146973
2020-02-07,89.4858,89.628,88.7892,89.4147,514582.0,0.002369867482481025,15.470000267028809
2020-02-10,88.8176,89.7275,88.692,88.8839,314654.0,-0.005936384062128486,15.039999961853027
2020-02-11,90.0213,90.8506,89.2441,90.6943,373367.0,0.020368143162035057,15.180000305175781
2020-02-12,90.7866,91.0639,90.4952,90.6753,2963840.0,-0.00020949497377464876,13.739999771118164
2020-02-13,91.0828,91.1705,90.6279,90.8174,242231.0,0.001567130188706356,14.149999618530273
2020-02-14,90.7416,91.2724,90.4194,91.0449,329581.0,0.002505026569798119,13.680000305175781
2020-02-17,90.5236,90.8838,90.4696,90.6089,497081.0,-0.004788845943045628,
2020-02-18,89.917,90.7037,89.8223,90.3246,3140403.0,-0.0031376608699587027,14.829999923706055
2020-02-19,90.8506,91.3103,90.6184,90.8174,4968720.0,0.005455878022155636,14.380000114440918
2020-02-20,90.6587,90.808,89.6232,90.6279,9382757.0,-0.002086604549348614,15.5600004196167
2020-02-21,89.0498,90.5141,89.0261,89.3768,16115880.0,-0.01380479962572223,17.079999923706055
2020-02-24,87.9835,88.1447,85.9268,88.1447,806559.0,-0.013785456628565784,25.030000686645508
2020-02-25,84.7857,85.3202,82.0977,82.2494,1592875.0,-0.06688207005072344,27.850000381469727
2020-02-26,82.1262,82.8181,80.3254,82.1451,2081929.0,-0.0012680943569192138,27.559999465942383
2020-02-27,80.3917,81.3585,79.5387,81.131,8170506.0,-0.012345228138988196,39.15999984741211
2020-02-28,78.6099,78.6288,76.2499,77.8403,1085286.0,-0.04056032835784107,40.11000061035156
2020-03-02,78.2592,78.8753,76.5911,77.8516,2567288.0,0.0001451690191327515,33.41999816894531
2020-03-03,76.5816,78.4563,76.5816,76.8375,649129.0,-0.013026064974900997,36.81999969482422
2020-03-04,76.8659,79.0459,76.8185,78.1928,1271664.0,0.017638522856677996,31.989999771118164
2020-03-05,79.1975,79.2733,76.7854,77.3065,840960.0,-0.011334803204387178,39.619998931884766
2020-03-06,76.174,76.4489,74.3259,75.1315,1484568.0,-0.02813476227742817,41.939998626708984
2020-03-09,70.9304,74.5533,70.9304,72.8152,521487.0,-0.030829944830064626,54.459999084472656
2020-03-10,73.4444,76.6636,73.0653,73.2643,1540551.0,0.006167668289038586,47.29999923706055
2020-03-11,74.0605,74.9798,73.3022,73.5013,1426250.0,0.003234863364558027,53.900001525878906
2020-03-12,70.6295,70.6674,65.5398,65.6346,4408102.0,-0.10702803895985502,75.47000122070312
2020-03-13,70.0418,73.3667,66.2601,67.2458,5661002.0,0.024548028021805557,57.83000183105469
2020-03-16,65.3029,68.2126,62.0614,66.5255,5076044.0,-0.010711449637003434,82.69000244140625
2020-03-17,70.3451,70.3973,64.1276,70.0797,2596381.0,0.053426129829915014,75.91000366210938
2020-03-18,68.0041,69.2267,65.9474,67.0136,2858505.0,-0.043751614233508485,76.44999694824219
2020-03-19,70.1366,71.7479,67.3406,71.7479,830252.0,0.07064685377296565,72.0
2020-03-20,75.4916,75.5011,69.8381,70.1366,17201529.0,-0.022457800158610874,66.04000091552734
2020-03-23,67.0184,70.7527,66.336,67.0184,1497249.0,-0.04445895580909254,61.59000015258789
2020-03-24,68.8855,68.9708,66.3644,68.7813,3437166.0,0.02630471631671316,61.66999816894531
2020-03-25,70.1082,72.2123,68.2221,69.7985,702907.0,0.014788903379261642,63.95000076293945
2020-03-26,70.0229,72.9042,69.6911,72.127,1083744.0,0.03336031576609799,61.0
2020-03-27,72.1933,72.1933,70.165,71.8047,1421181.0,-0.0044685069391490195,65.54000091552734
2020-03-30,73.3401,74.1079,71.4161,73.7382,348791.0,0.026927206714880914,57.08000183105469
2020-03-31,75.2831,75.6812,73.1885,74.7182,247984.0,0.013290262035145828,53.540000915527344
2020-04-01,74.4301,75.5295,73.833,74.5249,562081.0,-0.00258705375664825,57.060001373291016
2020-04-02,75.6054,76.7143,74.5628,76.5626,1578752.0,0.027342539205017502,50.90999984741211
2020-04-03,76.9607,78.1928,76.9607,76.9607,1225852.0,0.005199666677986325,46.79999923706055
2020-04-06,79.7757,80.0884,78.5056,78.9511,3060326.0,0.025862550626488456,45.2400016784668
2020-04-07,80.3443,80.3728,77.8706,78.4772,836021.0,-0.0060024496175480335,46.70000076293945
2020-04-08,78.0602,78.4298,77.3114,77.9275,431113.0,-0.007004582222607358,43.349998474121094
2020-04-09,78.4393,78.4961,77.0934,77.6147,184468.0,-0.004013987360046101,41.66999816894531
2020-04-14,78.0791,79.3965,77.8327,78.4383,1679953.0,0.010611391914160606,37.7599983215332
2020-04-15,78.5246,79.2259,77.501,78.335,2417645.0,-0.001316958679624669,40.84000015258789
2020-04-16,79.0648,80.4486,78.8089,79.425,1231435.0,0.01391459756175406,40.11000061035156
2020-04-17,82.0504,82.7612,80.8846,81.4153,6255480.0,0.025058860560277063,38.150001525878906
2020-04-20,81.984,83.1214,81.6618,82.6854,306948.0,0.015600261867241061,43.83000183105469
2020-04-21,83.074,83.1972,81.3395,81.3395,134563.0,-0.016277359727352114,45.40999984741211
2020-04-22,81.6902,82.3157,81.5859,82.0314,372179.0,0.00850632226654957,41.97999954223633
2020-04-23,81.6239,83.1688,80.8656,81.9461,445717.0,-0.0010398457176155063,41.380001068115234
2020-04-24,80.7424,81.7565,80.6855,81.4817,800495.0,-0.005667139741854732,35.93000030517578
2020-04-27,83.0929,83.5858,82.837,83.1414,2376245.0,0.02036899082861554,33.290000915527344
2020-04-28,84.3535,84.6094,80.9983,81.9877,211264.0,-0.013876360032426649,33.56999969482422
2020-04-29,81.2732,81.8987,80.0031,80.6192,294504.0,-0.01669152811946184,31.229999542236328
2020-04-30,79.7851,79.861,77.9654,79.4155,552556.0,-0.014930686486593903,34.150001525878906
2020-05-04,76.3636,77.3588,75.9984,76.6479,523902.0,-0.034849620036390694,35.970001220703125
2020-05-05,77.2451,78.3824,76.8375,78.136,254439.0,0.019414752393738022,33.61000061035156
2020-05-06,78.335,79.2638,77.9749,79.1406,186462.0,0.012857069724582892,34.119998931884766
2020-05-07,79.6619,79.7567,77.8706,78.6667,483676.0,-0.005988076916273122,31.440000534057617
2020-05-11,78.3729,79.9226,77.9275,79.9226,383745.0,0.01596482374371866,27.56999969482422
2020-05-12,79.5198,80.1074,79.0269,79.4439,290321.0,-0.005989544884675957,33.040000915527344
2020-05-13,78.7994,79.1122,78.2781,78.8089,781764.0,-0.007993061770633192,35.279998779296875
2020-05-14,78.0602,78.6383,76.3636,76.7712,305396.0,-0.025856216747093264,32.61000061035156
2020-05-15,77.7758,78.335,76.9228,77.7758,1084638.0,0.013085636280271817,31.889999389648438
2020-05-18,77.8706,78.5056,77.6242,78.2402,577871.0,0.005971008977085468,29.299999237060547
2020-05-19,78.4108,78.7615,77.7379,78.4677,198075.0,0.002907712403598106,30.530000686645508
2020-05-20,78.7236,79.1122,78.1075,78.6288,171084.0,0.0020530740674189474,27.989999771118164
2020-05-22,77.8042,78.0507,77.0365,77.8895,343455.0,-0.009402407260444057,28.15999984741211
2020-05-26,79.0459,79.3112,77.5294,78.2308,391753.0,0.004381848644554154,28.010000228881836
2020-05-27,78.2213,78.2213,76.5437,76.9418,363585.0,-0.016476886341440955,27.6200008392334
2020-05-28,77.1313,79.9178,76.7712,79.0269,496071.0,0.027099703932062846,28.59000015258789
2020-05-29,79.5482,79.8799,78.4203,79.1665,603780.0,0.0017664871075544486,27.510000228881836
2020-06-02,78.8563,79.4534,77.9654,78.8563,234162.0,-0.003918324038576837,26.84000015258789
2020-06-03,78.4487,78.7141,77.7948,78.1739,436242.0,-0.008653715682830687,25.65999984741211
2020-06-04,78.1644,79.4345,77.1029,77.1218,251755.0,-0.013458456083168535,25.809999465942383
2020-06-05,77.3967,79.0079,77.2356,78.6573,124525.0,0.019910064339784705,24.520000457763672
2020-06-08,78.2497,78.3587,77.264,78.1549,121899.0,-0.0063872011879381185,25.809999465942383
2020-06-09,77.899,80.3822,77.899,79.7472,358206.0,0.02037364259950447,27.56999969482422
2020-06-10,79.3776,79.861,78.8942,79.5292,651267.0,-0.00273363829701867,27.56999969482422
2020-06-11,78.771,78.8847,76.8849,76.8849,286269.0,-0.03324942285349286,40.790000915527344
2020-06-12,76.5048,76.629,75.6338,76.0698,764331.0,-0.010601561554999805,36.09000015258789
2020-06-15,75.6433,77.1237,75.2879,76.9323,3299387.0,0.011338270903827663,34.400001525878906
2020-06-16,77.046,78.6857,76.9323,78.2876,6969342.0,0.017616787747149143,33.66999816894531
2020-06-17,78.9795,80.7178,78.3161,80.6571,16948279.0,0.030266606716772504,33.470001220703125
2021-03-05,73.4444,73.7667,72.8947,73.3225,128380.0,-0.09093557789704809,24.65999984741211
2021-03-08,73.833,74.9798,73.6814,74.2974,493237.0,0.013296055099048631,25.469999313354492
2021-03-09,74.0131,74.4301,73.2264,74.0676,3945752.0,-0.003092974989703512,24.030000686645508
2021-03-10,73.179,74.3922,72.8663,73.5202,4589229.0,-0.007390545933714576,22.559999465942383
2021-03-11,74.5059,74.5059,73.8709,74.269,3912712.0,0.010184955971284104,21.90999984741211
2021-03-12,74.1837,74.5249,73.7951,74.4017,446434.0,0.0017867481721849376,20.690000534057617
2021-03-15,73.833,74.5249,73.833,74.2879,9860366.0,-0.0015295349434221173,20.030000686645508
2021-03-16,74.9609,75.5864,74.8092,74.904,3943255.0,0.008293409828518561,19.790000915527344
2021-03-17,74.885,75.4916,74.6007,74.9431,8531809.0,0.0005220014952473928,19.229999542236328
2021-03-18,75.1599,75.6433,74.8756,75.5011,4141691.0,0.007445648765530111,21.579999923706055
2021-03-19,75.8802,75.8802,75.1125,75.4442,1385432.0,-0.0007536314040457182,20.950000762939453
2021-03-22,75.4537,75.8234,74.7713,75.2642,344227.0,-0.002385869291476217,18.8799991607666
2021-03-23,76.0224,77.0176,76.0224,76.4584,420977.0,0.015866773313208515,20.299999237060547
2021-03-24,76.7143,76.7806,76.1267,76.6764,231484.0,0.002851223671957559,21.200000762939453
2021-03-25,76.0414,77.4062,76.0414,77.4062,201183.0,0.009517922072502127,19.809999465942383
2021-03-26,77.5294,77.8042,77.065,77.1503,980742.0,-0.0033059367337500145,18.860000610351562
2021-03-29,77.5199,78.0791,77.5199,78.0791,319745.0,0.012038838475028513,20.739999771118164
2021-03-30,77.9559,78.0222,77.2261,77.5863,279280.0,-0.006311548160775504,19.610000610351562
2021-03-31,77.5673,77.5768,76.3257,76.5532,906785.0,-0.013315495132516841,19.399999618530273
2021-04-01,77.2356,77.2356,76.5342,77.0081,191124.0,0.005942272824649875,17.329999923706055
2021-04-06,77.3588,77.3588,76.7617,77.1383,63250.0,0.0016907312347662629,18.1200008392334
2021-04-07,76.5342,76.5342,75.8044,76.1077,3613477.0,-0.013360418884004521,17.15999984741211
2021-04-08,76.2973,76.3541,75.9181,76.3257,213816.0,0.002864361950236427,16.950000762939453
2021-04-09,76.3731,77.1029,76.3731,76.6764,308510.0,0.004594782622367122,16.690000534057617
2021-04-12,76.7712,76.9797,76.2973,76.4679,255745.0,-0.0027192199946789453,16.90999984741211
2021-04-13,76.2973,76.4394,75.2263,75.7342,373376.0,-0.009594875758324739,16.649999618530273
2021-04-14,75.8234,75.8613,75.4253,75.7096,851968.0,-0.00032482022652913223,16.989999771118164
2021-04-15,75.8234,76.6574,75.6338,76.3257,1294662.0,0.008137673425827163,16.56999969482422
2021-04-16,76.6594,76.6594,75.8708,76.6479,278351.0,0.004221382836973708,16.25
2021-04-19,76.7712,76.9133,76.4015,76.6124,238386.0,-0.00046315685100328796,17.290000915527344
2021-04-20,76.2973,77.0081,75.8234,76.1551,328434.0,-0.005969007628007894,18.68000030517578
2021-04-21,76.2973,77.3683,76.2793,76.9932,386100.0,0.011005172339081604,17.5
2021-04-22,76.7712,77.2356,76.4679,76.5949,1471839.0,-0.005173184125351393,18.709999084472656
2021-04-23,76.7712,77.0365,76.0793,76.4394,246149.0,-0.0020301612770561306,17.329999923706055
2021-04-26,76.2973,76.5911,75.9655,76.2309,819026.0,-0.002727650923476599,17.639999389648438
2021-04-27,75.8234,76.5911,74.8282,74.9781,629203.0,-0.016434280587006134,17.559999465942383
2021-04-28,75.1125,75.4253,74.6671,75.1446,1514106.0,0.002220648429341443,17.280000686645508
2021-04-29,74.6386,75.1694,73.9752,74.182,386243.0,-0.012809969046345238,17.610000610351562
2021-04-30,73.6908,74.5438,73.397,74.2545,196998.0,0.0009773260359655644,18.610000610351562
2021-05-04,74.6386,75.0462,73.833,74.7239,441452.0,0.0063215024005280895,19.479999542236328
2021-05-05,74.3638,74.904,74.3638,74.7506,115013.0,0.0003573153970819476,19.149999618530273
2021-05-06,75.1125,75.2736,74.4965,74.9514,409696.0,0.002686266063416154,18.389999389648438
2021-05-07,75.1125,75.558,74.7584,74.7584,277717.0,-0.002575001934587151,16.690000534057617
2021-05-10,75.1125,75.3779,74.9988,75.2926,251059.0,0.0071456853009159715,19.65999984741211
2021-05-11,74.6386,75.103,74.2785,74.7376,502761.0,-0.0073712423266030225,21.84000015258789
2021-05-12,75.1504,76.0887,75.1504,75.3955,171331.0,0.008802798056132266,27.59000015258789
2021-05-13,75.8691,75.8691,75.8691,75.8691,12770.0,0.00628154200184361,23.1299991607666
2021-05-14,76.6783,76.6783,75.9845,76.2992,318103.0,0.005668974589127851,18.809999465942383
2021-05-17,76.2499,76.2499,75.6812,75.8941,1136927.0,-0.00530936104179347,19.719999313354492
2021-05-18,75.8234,75.975,75.2168,75.5693,374166.0,-0.004279647561536315,21.34000015258789
2021-05-19,74.6386,75.2168,74.487,74.9324,1008654.0,-0.008428025666507355,22.18000030517578
2021-05-20,74.6386,75.048,74.4206,75.0479,506238.0,0.001541389305560692,20.670000076293945
2021-05-21,74.6386,75.1694,74.6007,74.885,724193.0,-0.0021706137013826066,20.149999618530273
2021-05-25,75.5106,75.5106,74.9798,75.3082,1878586.0,0.005651332042464929,18.84000015258789
2021-05-26,75.2168,75.8139,75.2168,75.6603,2597219.0,0.004675453669056084,17.360000610351562
2021-05-27,75.8234,76.174,75.3932,75.5465,695080.0,-0.0015040913134102274,16.739999771118164
2021-05-28,75.1125,75.5959,74.8471,75.4413,446606.0,-0.0013925198387747528,16.760000228881836
2021-06-01,74.9045,75.8613,74.9045,75.1641,322258.0,-0.0036743799483835993,17.899999618530273
2021-06-02,75.8234,76.1409,75.1599,75.8434,361629.0,0.009037559153904473,17.479999542236328
2021-06-03,75.8234,76.5058,75.6907,75.9051,196379.0,0.0008135183812962854,18.040000915527344
2021-06-04,76.7712,76.8659,76.2783,76.4825,654744.0,0.007606866995761852,16.420000076293945
2021-06-07,76.61,76.61,75.7486,76.5721,279274.0,0.0011715098225084652,16.420000076293945
2021-06-08,76.7712,76.9512,76.1835,76.1835,381380.0,-0.0050749554994574675,17.06999969482422
2021-06-09,76.0603,78.0128,76.0603,77.9559,739321.0,0.023264880190592585,17.889999389648438
2021-06-10,78.3634,79.2828,78.3634,79.1975,436347.0,0.01592695357246865,16.100000381469727
2021-06-11,78.8373,79.6714,78.8373,78.97,988340.0,-0.0028725654218884067,15.649999618530273
2021-06-14,79.1406,79.7377,79.1406,79.4629,1494014.0,0.006241610738255021,16.389999389648438
2021-06-15,79.7093,80.477,79.7093,79.8894,1449561.0,0.005367284607030287,17.020000457763672
2021-06-16,79.7093,80.8372,79.7093,80.7329,484335.0,0.010558346914609551,18.149999618530273
2021-06-17,80.5623,81.5954,80.4391,81.3764,2487543.0,0.007970728166583951,17.75
2021-06-18,81.984,82.1736,81.2366,81.6225,1267101.0,0.0030242183237401132,20.700000762939453
2021-06-21,80.5623,81.7803,80.5149,81.567,369809.0,-0.0006799595699715777,17.889999389648438
2021-06-22,81.5101,81.6618,80.9604,81.3111,313615.0,-0.003137298172054881,16.65999984741211
2021-06-23,81.0362,81.6064,80.3917,81.6064,652261.0,0.003631730477142714,16.31999969482422
2021-06-24,80.0979,81.0457,80.0979,80.6381,968139.0,-0.011865490941886936,15.970000267028809
2021-06-25,80.5623,80.5623,79.9273,80.049,15974500.0,-0.007305479667799597,15.619999885559082
2021-06-28,80.5718,80.5718,80.1169,80.477,577944.0,0.005346725130857211,15.760000228881836
2021-06-29,80.0884,80.6476,80.041,80.1819,383474.0,-0.003666886191085683,16.020000457763672
2021-06-30,80.0884,80.4202,79.6998,79.937,432409.0,-0.003054305273384683,15.829999923706055
2021-07-01,80.0884,80.6666,79.7093,80.1221,337362.0,0.002315573514142466,15.479999542236328
2021-07-02,80.5623,80.6571,79.7093,80.0274,377672.0,-0.0011819460548337934,15.069999694824219
2021-07-05,80.0884,80.0884,79.6051,79.7946,706598.0,-0.0029090036662442476,
2021-07-06,79.6524,80.5055,79.6524,79.8964,592959.0,0.0012757755537342597,16.440000534057617
2021-07-07,80.0884,80.5339,79.9936,80.5296,300106.0,0.00792526321586462,16.200000762939453
2021-07-08,80.0884,80.1453,79.5387,79.7188,207685.0,-0.010068347539289868,19.0
2021-07-09,80.5623,80.7898,79.9178,80.4333,539331.0,0.008962754080593216,16.18000030517578
2021-07-12,80.5623,81.0647,80.1643,80.8196,275867.0,0.004802737174776972,16.170000076293945
2021-07-13,80.695,80.695,80.0316,80.4487,431461.0,-0.004589233304792328,17.1200008392334
2021-07-14,80.0884,80.5813,79.8704,79.9733,610661.0,-0.005909355900095448,16.329999923706055
2021-07-15,80.1358,80.1358,79.3018,79.556,382737.0,-0.005217991504664621,17.010000228881836
2021-07-16,80.0884,80.4581,79.7117,79.9362,372271.0,0.004779023580873787,18.450000762939453
2021-07-19,79.6145,79.8704,78.3634,78.9288,1036136.0,-0.012602550534050905,22.5
2021-07-20,78.6667,79.6051,78.6478,78.9886,606159.0,0.0007576448647390599,19.729999542236328
2021-07-21,79.1406,80.7424,77.7474,78.1002,665210.0,-0.011247192632861003,17.90999984741211
2021-07-22,79.1406,79.7472,78.5625,79.5737,921192.0,0.01886678907352346,17.690000534057617
2021-07-23,79.6145,80.3633,79.0743,80.025,598545.0,0.005671471855650756,17.200000762939453
2021-07-26,79.9842,79.9842,78.9511,79.1501,956702.0,-0.010932833489534666,17.579999923706055
2021-07-27,79.1027,79.1027,78.4147,78.9275,452956.0,-0.00281237800078582,19.360000610351562
2021-07-28,79.0459,79.7567,79.0459,79.5956,513795.0,0.008464730290456579,18.309999465942383
2021-07-29,79.9273,79.9273,79.1027,79.1605,453196.0,-0.005466382563860339,17.700000762939453
2021-07-30,78.6667,79.823,78.6004,79.1516,795215.0,-0.00011242981032200117,18.239999771118164
2021-08-02,79.1406,79.6904,79.0553,79.5992,541451.0,0.005654970967106099,19.459999084472656
2021-08-03,79.6145,80.0031,78.97,79.624,550282.0,0.00031156092021022985,18.040000915527344
2021-08-04,79.1406,79.5292,78.6288,79.3695,105978.0,-0.0031962724806590126,17.969999313354492
2021-08-05,78.771,79.2638,78.771,78.9513,917540.0,-0.005269026515223096,17.280000686645508
2021-08-06,78.8847,79.4913,78.8847,79.1525,137735.0,0.0025484064226934944,16.149999618530273
2021-08-09,79.1501,80.2306,79.1501,80.2232,263387.0,0.013527052209342694,16.719999313354492
2021-08-10,80.0884,80.695,80.0884,80.4365,168663.0,0.0026588318591129756,16.790000915527344
2021-08-11,80.695,81.2163,80.695,81.002,1187621.0,0.007030390432204214,16.170000076293945
2021-08-12,81.0362,81.4627,81.0362,81.2177,317636.0,0.002662897212414528,15.59000015258789
2021-08-13,81.5101,81.6333,81.1973,81.4393,404830.0,0.00272846928686743,15.449999809265137
2021-08-16,81.0362,81.5006,80.8656,81.1785,344669.0,-0.003202385089262849,16.1200008392334
2021-08-17,81.3111,82.3916,81.3111,82.2115,600925.0,0.01272504419273579,17.90999984741211
2021-08-18,81.7945,82.3347,81.7945,82.1494,477768.0,-0.0007553687744414894,21.56999969482422
2021-08-19,81.4817,81.4817,80.4675,81.0191,942925.0,-0.013759077972572031,21.670000076293945
2021-08-20,81.0362,81.1215,80.0979,80.326,4389182.0,-0.008554772886887219,18.559999465942383
2021-08-23,81.5101,81.6523,81.1026,81.4834,468965.0,0.01440878420436742,17.149999618530273
2021-08-24,81.0362,81.1879,79.8325,80.1074,247441.0,-0.016886875118122258,17.219999313354492
2021-08-25,80.0884,80.1548,79.1217,79.6104,573112.0,-0.0062041709005660195,16.790000915527344
2021-08-26,79.1406,79.8989,79.1027,79.842,1339882.0,0.0029091676464381155,18.84000015258789
2021-08-27,79.6145,80.041,79.5577,79.921,389371.0,0.000989454171989701,16.389999389648438
2021-08-31,79.7465,80.9699,79.7465,80.3633,1935232.0,0.005534215037349188,16.479999542236328
2021-09-01,80.2211,80.7708,80.2211,80.5545,574498.0,0.002379195478533269,16.110000610351562
2021-09-02,80.5623,80.6097,79.9368,80.1371,285940.0,-0.005181585138012146,16.40999984741211
2021-09-03,80.0884,80.1643,78.7426,79.4198,305120.0,-0.00895091037734097,16.40999984741211
2021-09-06,79.1406,79.4155,79.0459,79.2825,501752.0,-0.0017287880352254703,
2021-09-07,79.1406,79.188,78.0128,78.2876,2404569.0,-0.012548797023302805,18.139999389648438
2021-09-08,77.7853,77.7853,76.6669,77.1059,297291.0,-0.015094344442798002,17.959999084472656
2021-09-09,76.2973,76.392,75.6148,75.8498,959648.0,-0.016290582173348667,18.799999237060547
2021-09-10,75.7665,75.7665,74.4301,75.6749,1136259.0,-0.0023058729225391428,20.950000762939453
2021-09-13,75.1125,75.8044,74.4491,74.4965,1076323.0,-0.01557187389742165,19.3700008392334
2021-09-14,74.4491,75.0841,74.4491,74.7127,949647.0,0.0029021497654251327,19.459999084472656
2021-09-15,74.6386,75.0462,74.0794,74.4589,503536.0,-0.0033970128237903463,18.18000030517578
2021-09-16,74.5912,74.5912,73.8235,74.5477,803764.0,0.001192604242071793,18.690000534057617
2021-09-17,73.6908,74.5628,73.375,73.4519,3402254.0,-0.01469931332556218,20.809999465942383
2021-09-20,72.2691,73.2062,72.0606,73.1123,2159373.0,-0.004623433839015645,25.709999084472656
2021-09-21,73.2169,73.4254,72.8852,73.0839,319847.0,-0.00038844353138944854,24.360000610351562
2021-09-22,73.2169,73.3022,72.4777,72.7068,2813954.0,-0.005159823162146471,20.8700008392334
2021-09-23,72.98,73.6434,72.98,73.2738,857787.0,0.0077984452623411915,18.6299991607666
2021-09-24,73.2169,73.5866,72.9421,73.0997,710106.0,-0.002376019805168994,17.75
2021-09-27,72.743,73.3875,72.4303,72.6577,893101.0,-0.006046536442693928,18.760000228881836
2021-09-28,72.2691,72.9136,72.1459,72.1791,789715.0,-0.006587051337986205,23.25
2021-09-29,73.2169,73.3496,72.3544,72.971,1447334.0,0.010971319952728598,22.559999465942383
2021-09-30,73.2169,73.8804,72.4208,72.8298,1393613.0,-0.0019350152800426956,23.139999389648438
2021-10-01,71.7952,72.2123,71.473,72.0782,579179.0,-0.010319951448445663,21.100000381469727
2021-10-04,71.7952,72.762,71.7763,72.3618,435101.0,0.003934615459320723,22.959999084472656
2021-10-05,72.2691,72.4492,71.9539,71.9539,2079550.0,-0.0056369520935078965,21.299999237060547
2021-10-06,71.7952,72.0322,70.9233,71.439,832328.0,-0.007155970697905301,21.0
2021-10-07,72.743,72.9042,72.1744,72.7525,667952.0,0.018386315597922698,19.540000915527344
2021-10-08,72.9136,72.9136,72.4397,72.5712,1490359.0,-0.002492010583828641,18.770000457763672
2021-10-11,72.3639,72.8189,72.3639,72.6426,257221.0,0.0009838613664925333,20.0
2021-10-12,72.2691,73.0463,72.0701,72.5356,601559.0,-0.0014729648993840883,19.850000381469727
2021-10-13,72.2691,72.7051,71.7384,72.5047,2118397.0,-0.0004259977169831508,18.639999389648438
2021-10-14,72.743,72.743,71.9279,72.4682,1727515.0,-0.0005034156406412693,16.860000610351562
2021-10-15,72.2691,72.9136,72.2123,72.6434,4650068.0,0.0024176121388417293,16.299999237060547
2021-10-18,72.2691,72.961,72.0038,72.1579,355001.0,-0.00668333255326703,16.309999465942383
2021-10-19,72.7336,72.7336,72.0322,72.6199,633975.0,0.00640262535356495,15.699999809265137
2021-10-20,72.8094,73.7572,72.8094,73.6624,2062428.0,0.01435556920348291,15.489999771118164
2021-10-21,73.6908,73.8425,73.2264,73.6318,296104.0,-0.0004154086752536923,15.010000228881836
2021-10-22,73.6908,73.7572,73.2454,73.4865,874066.0,-0.0019733321744136445,15.430000305175781
2021-10-25,73.2075,73.2075,72.4397,72.7171,679904.0,-0.010469950262973482,15.239999771118164
2021-10-26,73.6908,74.2879,73.0653,73.7841,1041983.0,0.014673302428177104,15.979999542236328
2021-10-27,73.6908,73.8046,72.0322,72.0631,1709569.0,-0.02332480846144347,16.979999542236328
2021-10-28,71.8332,72.6577,71.8332,72.5724,158121.0,0.007067417305111734,16.530000686645508
2021-10-29,71.7952,71.9374,71.274,71.691,730358.0,-0.012145113018172227,16.260000228881836
2021-11-01,72.2691,72.8473,72.0322,72.4831,335387.0,0.011048806684242019,16.40999984741211
2021-11-02,72.2691,72.9547,72.2218,72.7411,325628.0,0.0035594504098197532,16.030000686645508
2021-11-03,72.2691,72.6388,71.5678,72.4777,1899440.0,-0.003621061545673654,15.100000381469727
2021-11-04,73.2169,74.0699,72.1459,72.5767,1304823.0,0.0013659373848784462,15.4399995803833
2021-11-05,71.9753,72.6103,71.9753,72.5345,501062.0,-0.0005814538274681036,16.479999542236328
2021-11-08,72.2691,72.4966,71.9374,72.1928,1634125.0,-0.004710861727867277,17.219999313354492
2021-11-09,71.8521,72.762,71.8521,72.1779,732357.0,-0.00020639177314096813,17.780000686645508
2021-11-10,72.2691,73.0369,72.0417,72.6637,514549.0,0.00673059205102966,18.729999542236328
2021-11-11,72.2691,72.6862,72.1428,72.4043,550867.0,-0.0035698705130622344,17.65999984741211
2021-11-12,72.2691,72.6009,72.0796,72.447,1018513.0,0.0005897439792938997,16.290000915527344
2021-11-15,71.9564,72.6198,71.9564,72.1184,324484.0,-0.004535729567822111,16.489999771118164
2021-11-16,72.127,73.0937,72.127,72.7332,683667.0,0.00852487021342685,16.3700008392334
2021-11-17,72.2691,72.6956,72.2028,72.2407,862127.0,-0.00677132313716422,17.110000610351562
2021-11-18,72.2691,72.4018,71.6531,72.1469,707806.0,-0.0012984370306489135,17.59000015258789
2021-11-19,72.2691,72.5345,72.0038,72.2159,1241916.0,0.0009563820482931806,17.90999984741211
2021-11-22,72.2691,72.4871,71.7952,72.1717,658630.0,-0.0006120535782286884,19.170000076293945
2021-11-23,72.2691,73.1411,71.8521,72.6487,445118.0,0.006609238801358552,19.3799991607666
2021-11-24,73.1695,73.1695,72.326,72.9413,480623.0,0.004027601319775753,18.579999923706055
2021-11-25,72.6862,72.6862,72.2502,72.5447,411062.0,-0.005437248856271948,
2021-11-26,71.3214,71.473,70.601,71.1622,1337724.0,-0.01905721575800856,28.6200008392334
2021-11-29,70.819,70.819,70.0703,70.3865,460884.0,-0.010900449957983338,22.959999084472656
2021-11-30,69.8997,70.0513,69.2173,69.4897,567018.0,-0.01274107961043669,27.190000534057617
2021-12-01,69.6627,70.5347,69.6627,70.3641,900667.0,0.012583159806417221,31.1200008392334
2021-12-02,70.3736,70.9422,69.2931,69.6223,855336.0,-0.010542307796163053,27.950000762939453
2021-12-03,70.3262,70.3262,69.5964,69.987,612606.0,0.005238264176851359,30.670000076293945
2021-12-06,69.8997,71.0844,69.7196,70.309,427880.0,0.004600854444396951,27.18000030517578
2021-12-07,70.8475,71.0465,70.3451,70.7421,1508404.0,0.006159951073120062,21.889999389648438
2021-12-08,70.9138,71.8995,70.9138,71.2055,2131162.0,0.006550554761591831,19.899999618530273
2021-12-09,71.3214,71.4067,70.7148,71.0221,3031112.0,-0.0025756437353856576,21.579999923706055
2021-12-10,70.3736,70.8285,69.9755,70.2574,411624.0,-0.010767071094771818,18.690000534057617
2021-12-13,70.8475,70.8948,70.402,70.7202,539610.0,0.006587206472200791,20.309999465942383
2021-12-14,70.8475,71.2834,70.6579,70.9612,855233.0,0.0034077957924327773,21.889999389648438
2021-12-15,70.3736,71.0844,70.3546,70.6361,1393970.0,-0.004581376865103848,19.290000915527344
2021-12-16,74.6386,75.3589,73.1411,74.5708,1254141.0,0.055703811507147316,20.56999969482422
2021-12-17,75.8044,75.8044,74.8756,75.6338,4754677.0,0.014254909428355278,21.56999969482422
2021-12-20,73.6908,75.6338,73.3212,74.5786,3182360.0,-0.013951434411599073,22.8700008392334
2021-12-21,74.6386,75.4916,74.5059,75.3613,2090486.0,0.010494967725326099,21.010000228881836
2021-12-22,75.2073,75.2073,74.4206,75.2073,2401478.0,-0.002043489164863077,18.6299991607666
2021-12-23,75.141,75.9655,75.141,75.7722,970278.0,0.007511238935582032,17.959999084472656
2021-12-24,75.8423,75.8423,75.8423,75.8423,422685.0,0.0009251414107021017,
2021-12-29,76.5721,76.5721,75.8518,75.9727,233949.0,0.0017193571397493557,16.950000762939453
2021-12-30,76.2973,76.4963,75.9655,76.256,653247.0,0.0037289710646060126,17.329999923706055
2022-01-04,76.6953,76.6953,75.9655,76.5482,562083.0,0.003831829626521177,16.90999984741211
2022-01-05,75.9181,77.0365,75.9181,76.7347,4197408.0,0.0024363734222361266,19.729999542236328
2022-01-06,76.156,77.3398,76.156,77.0771,2062576.0,0.004462127303553665,19.610000610351562
2022-01-07,76.7712,77.5389,76.4679,77.463,209704.0,0.005006675134378247,18.760000228881836
2022-01-10,77.2735,78.2781,77.2735,77.9931,395380.0,0.006843267108167739,19.399999618530273
2022-01-11,78.1928,79.3397,78.0222,78.3824,1050333.0,0.004991467193892873,18.40999984741211
2022-01-12,78.1928,78.6193,77.5708,77.6125,377780.0,-0.009822358080385452,17.6200008392334
2022-01-13,77.7189,78.2592,77.2735,78.1928,1510494.0,0.007476888387824232,20.309999465942383
2022-01-14,77.7189,78.4108,77.6716,78.0122,1929125.0,-0.0023096755711523587,19.190000534057617
2022-01-17,78.1928,78.5435,77.5768,77.9552,5633542.0,-0.0007306549488413916,
2022-01-18,77.7189,78.0317,76.9891,77.7626,4614473.0,-0.0024706498091211504,22.790000915527344
2022-01-19,77.2451,77.7189,76.5437,77.2063,8400086.0,-0.007153824589198554,23.850000381469727
2022-01-20,77.2356,77.2356,76.4299,77.1408,1868204.0,-0.0008483763630687813,25.59000015258789
2022-01-21,76.6479,76.6479,75.5485,75.952,1202628.0,-0.015410781324538991,28.850000381469727
2022-01-24,75.1125,75.3495,72.743,72.743,832471.0,-0.04225036865388676,29.899999618530273
2022-01-25,72.2691,73.2548,71.9753,72.9002,1375770.0,0.0021610326766836607,31.15999984741211
2022-01-26,73.8332,74.4491,73.8332,74.0227,1226801.0,0.015397762969100226,31.959999084472656
2022-01-27,73.3401,75.5485,73.3401,75.4365,913858.0,0.01909954649046841,30.489999771118164
2022-01-28,74.6386,75.3495,74.3164,74.7295,662306.0,-0.0093721209228953,27.65999984741211
2022-01-31,75.141,76.3446,75.141,75.3251,2380240.0,0.00797007875069422,24.829999923706055
2022-02-01,75.8234,77.1882,75.4946,76.8596,1170679.0,0.02037169549061324,21.959999084472656
2022-02-02,75.1125,76.212,73.5771,74.6112,1948153.0,-0.029253339856049276,22.09000015258789
2022-02-03,74.6386,75.9655,74.3543,75.305,2579133.0,0.009298872019214421,24.350000381469727
2022-02-04,75.8234,76.3257,75.0557,75.7137,3043891.0,0.005427262465971694,23.219999313354492
2022-02-07,75.8234,76.3731,75.7191,75.9693,532733.0,0.003375875171864662,22.860000610351562
2022-02-08,76.2973,76.8659,75.8802,76.0433,1000502.0,0.0009740776866444811,21.440000534057617
2022-02-09,76.7712,77.0081,76.1077,76.6057,2144371.0,0.007395786348041167,19.959999084472656
2022-02-10,76.2973,77.3114,75.964,75.9655,786678.0,-0.008357080478345491,23.90999984741211
2022-02-11,75.8234,75.9655,75.3495,75.6167,807088.0,-0.0045915580098861986,27.360000610351562
2022-02-14,74.6386,76.3257,74.5059,75.0537,4213843.0,-0.007445445252172944,28.329999923706055
2022-02-15,74.6386,76.1361,74.5818,75.3979,1047716.0,0.004586049721732488,25.700000762939453
2022-02-16,75.8234,76.7522,75.552,76.5153,782163.0,0.01482004140698856,24.290000915527344
2022-02-17,76.2973,76.5342,75.4727,75.8465,1177880.0,-0.008740735513028008,28.110000610351562
2022-02-18,76.2973,76.629,75.5485,76.2045,4953074.0,0.00472005959404842,27.75
2022-02-21,76.2973,76.4205,74.6765,74.7463,6757546.0,-0.01913535289910684,
2022-02-22,74.1647,75.1599,73.8614,75.1599,2767281.0,0.005533384261160679,28.809999465942383
2022-02-23,75.2452,76.3541,75.2452,75.2452,1344457.0,0.0011349136973306528,31.020000457763672
2022-02-24,73.7477,74.923,73.7477,74.4669,905125.0,-0.01034351692865465,30.31999969482422
2022-02-25,75.1125,76.6859,74.3353,76.6479,2792504.0,0.02928818038618508,27.59000015258789
2022-02-28,75.8234,76.6953,75.4348,76.3344,3998159.0,-0.004090131627872418,30.149999618530273
2022-03-01,75.8234,77.1597,75.7855,76.5507,9077872.0,0.0028335848582028422,33.31999969482422
2022-03-02,75.8234,76.9323,75.0367,76.1789,11288190.0,-0.004856911824451027,30.739999771118164
2022-03-03,76.7712,76.8754,75.141,75.5464,1410842.0,-0.008302824010323007,30.479999542236328
2022-03-04,74.6386,75.103,72.7051,73.4445,949478.0,-0.027822636154734015,31.979999542236328
2022-03-07,72.743,73.4823,71.274,71.9196,2919691.0,-0.020762616669730227,36.45000076293945
2022-03-08,70.8475,70.9043,69.0372,70.3768,1566546.0,-0.021451732212081298,35.130001068115234
2022-03-09,71.7076,71.7076,70.8001,71.0431,11899580.0,0.009467608643757508,32.45000076293945
2022-03-10,72.743,73.7287,71.5057,72.3829,541453.0,0.018858974340928425,30.229999542236328
2022-03-11,73.2548,74.4206,73.2548,73.8787,4019742.0,0.02066510184035164,30.75
2022-03-14,74.1647,75.2944,73.3591,74.8671,3339781.0,0.01337868695578015,31.770000457763672
2022-03-15,74.6386,75.4802,74.1742,75.4727,15181890.0,0.008089000375331779,29.829999923706055
2022-03-16,75.9845,75.9845,75.122,75.2926,3401966.0,-0.0023862933219562787,26.670000076293945
2022-03-17,75.3116,76.4015,75.3116,75.9881,665303.0,0.009237295564238801,25.670000076293945
2022-03-18,76.7143,76.7143,76.0129,76.4679,3929349.0,0.00631414655715834,23.8700008392334
2022-03-21,76.0508,76.828,76.0508,76.5091,934937.0,0.0005387881712457521,23.530000686645508
2022-03-22,76.2973,76.392,75.2642,76.3725,825607.0,-0.001785408533102606,22.940000534057617
2022-03-23,75.8234,76.0508,75.558,75.8881,229250.0,-0.006342597139022632,23.56999969482422
2022-03-24,75.8234,76.392,75.6243,76.1096,251721.0,0.0029187711907401326,21.670000076293945
2022-03-25,76.2973,76.7996,76.0414,76.4692,1333413.0,0.004724765338406822,20.809999465942383
2022-03-28,76.5532,77.4062,76.5532,77.0931,424222.0,0.008158840422026303,19.6299991607666
2022-03-29,76.7712,77.6336,76.7617,77.3045,2147917.0,0.0027421390500577125,18.899999618530273
2022-03-30,77.2451,77.7663,76.9133,77.6201,471009.0,0.004082556642886148,19.329999923706055
2022-03-31,76.9986,77.5294,76.9986,77.2929,437985.0,-0.004215402969076187,20.559999465942383
2022-04-01,76.7901,76.9702,76.3844,76.4847,281355.0,-0.010456329106554363,19.6299991607666
2022-04-04,76.9702,77.7474,76.9702,77.4926,603880.0,0.013177798958484477,18.56999969482422
2022-04-05,77.5673,77.8137,76.7996,77.7948,521205.0,0.003899727199758507,21.030000686645508
2022-04-06,77.6336,79.6549,77.6336,79.643,1531353.0,0.023757371958023077,22.100000381469727
2022-04-07,80.4675,81.0836,80.3159,80.9624,1699802.0,0.016566427683537777,21.549999237060547
2022-04-08,80.8467,82.3157,80.8467,82.202,2116144.0,0.015310810944339615,21.15999984741211
2022-04-11,81.984,83.4531,81.984,83.0496,2197333.0,0.010311184642709526,24.3700008392334
2022-04-12,82.0788,82.6285,81.7092,82.1388,871266.0,-0.010966940238122724,24.260000228881836
2022-04-13,81.7471,82.9981,81.7092,82.2062,1429755.0,0.0008205622677710522,21.81999969482422
2022-04-14,82.4484,82.9413,81.5385,82.8086,686061.0,0.007327914439543504,22.700000762939453
2022-04-19,82.7802,82.856,81.8418,81.9556,867154.0,-0.010300862470806083,21.3700008392334
2022-04-20,82.4295,82.4674,81.3964,81.8678,1003920.0,-0.0010713117834535435,20.31999969482422
2022-04-21,81.8892,82.3252,81.6239,82.1272,620329.0,0.0031685229113278535,22.68000030517578
2022-04-22,81.4153,82.3063,81.1026,81.5385,536878.0,-0.007168148920211559,28.209999084472656
2022-04-25,80.3064,81.6618,80.3064,81.4343,1803070.0,-0.0012779239255076291,27.020000457763672
2022-04-26,82.1736,82.9223,81.33,82.4795,1133045.0,0.012834886528158451,33.52000045776367
2022-04-27,80.9699,84.6189,80.8467,82.1886,620086.0,-0.0035269369964658903,31.600000381469727
2022-04-28,82.3916,82.856,81.8703,82.3413,686235.0,0.0018579219015777415,29.989999771118164
2022-04-29,82.7233,82.8749,81.7376,81.9812,455743.0,-0.004373261048829735,33.400001525878906
2022-05-03,81.4532,81.6333,80.7519,81.2141,1941370.0,-0.009357023317541069,29.25
2022-05-04,80.695,81.4722,80.695,80.9186,1873458.0,-0.0036385307477396767,25.420000076293945
2022-05-05,81.2068,81.4817,80.5908,80.7803,327913.0,-0.0017091249725031954,31.200000762939453
2022-05-06,80.5623,81.0362,80.2401,80.4921,230008.0,-0.003567701531190237,30.190000534057617
2022-05-09,79.8799,80.1832,78.9321,79.0388,278977.0,-0.018055188024663327,34.75
2022-05-10,79.0269,79.9652,78.5814,79.4223,396200.0,0.004852047348897104,32.9900016784668
2022-05-11,80.041,80.2875,79.3207,79.9496,768447.0,0.006639193274432964,32.560001373291016
2022-05-12,80.2685,81.1215,78.9606,80.4907,1702115.0,0.006768013848724719,31.770000457763672
2022-05-13,80.8182,82.2968,80.8182,81.8025,1959646.0,0.01629753499472608,28.8700008392334
2022-05-16,81.5196,83.1593,81.3206,83.0134,981242.0,0.014802726078053885,27.469999313354492
2022-05-17,82.7612,83.5194,82.5148,82.8341,652977.0,-0.0021598922583582203,26.100000381469727
2022-05-18,82.6854,83.2351,82.3726,82.9568,480555.0,0.0014812740163772098,30.959999084472656
2022-05-19,82.2778,82.3631,81.1879,81.2163,1104762.0,-0.020980799645116455,29.350000381469727
2022-05-20,82.1546,82.5716,81.7092,82.1024,2850854.0,0.010910371440215894,29.43000030517578
2022-05-23,82.4484,83.3014,82.3537,83.1024,1346569.0,0.012179911914877106,28.479999542236328
2022-05-24,82.5906,83.3109,82.5906,83.0353,1095300.0,-0.0008074375709966608,29.450000762939453
2022-05-25,83.1688,83.8038,83.1688,83.2351,1071367.0,0.0024062055535416516,28.3700008392334
2022-05-27,83.0361,83.5763,82.1357,82.6065,2388930.0,-0.007552102418330819,25.719999313354492
2022-05-30,82.6475,82.9318,82.221,82.9034,653918.0,0.0035941481602537184,
2022-05-31,82.6475,83.2256,81.9271,82.2946,1998615.0,-0.007343486515631437,26.190000534057617
2022-06-01,82.2778,83.1403,81.6523,81.9428,433493.0,-0.004274885593951505,25.690000534057617
2022-06-07,81.5196,81.9366,81.3016,81.4453,1602114.0,-0.006071308278457699,24.020000457763672
2022-06-08,81.5765,81.5765,80.6666,81.3016,280273.0,-0.0017643743715107796,23.959999084472656
2022-06-09,81.2068,81.4912,80.8751,81.1664,296734.0,-0.0016629439027029402,26.09000015258789
2022-06-10,80.5623,80.695,79.0648,79.6504,641970.0,-0.018677679433854344,27.75
2022-06-13,78.2687,79.425,77.9749,78.4437,1398589.0,-0.01514995530468144,34.02000045776367
2022-06-14,78.2876,78.3919,76.5058,77.5657,1836992.0,-0.01119274078096777,32.689998626708984
2022-06-15,76.7901,77.1503,76.3541,76.8539,1499819.0,-0.009176736624564863,29.6200008392334
2022-06-16,76.3257,76.7332,74.6955,75.0054,6013985.0,-0.02405213008058149,32.95000076293945
2022-06-17,73.4444,75.5295,73.2021,75.4434,3795675.0,0.005839579550272367,31.1299991607666
2022-06-20,74.8282,75.5769,74.686,75.2955,1106993.0,-0.001960410055750317,
2022-06-21,75.7002,76.174,74.7165,74.8552,1020863.0,-0.005847627016222878,30.190000534057617
2022-06-22,74.3638,74.5249,73.7003,74.363,5367951.0,-0.00657536149793192,28.950000762939453
2022-06-23,73.9373,74.6197,73.8899,74.1489,3315334.0,-0.00287911999246937,29.049999237060547
2022-06-24,74.1268,76.392,73.7366,76.392,1280055.0,0.030251291657731993,27.229999542236328
2022-06-27,77.2356,77.7569,76.5816,77.2516,4761302.0,0.01125248717143168,26.950000762939453
2022-06-28,77.4915,77.899,76.8849,77.1699,1814944.0,-0.001057583273356144,28.360000610351562
2022-06-29,75.8802,76.9891,75.8044,76.9512,671514.0,-0.002834006523268817,28.15999984741211
2022-06-30,76.3257,77.046,75.9276,76.8854,890387.0,-0.0008550873800537984,28.709999084472656
2022-07-01,75.8234,76.2973,74.9988,75.6998,870958.0,-0.015420352888845024,26.700000762939453
2022-07-04,76.5247,77.8706,76.5247,77.5382,1057408.0,0.024285401018232733,
2022-07-05,76.6574,77.2166,76.3446,76.7544,861032.0,-0.010108565842384731,27.540000915527344
2022-07-06,76.7143,77.7948,76.7143,76.9797,630828.0,0.002935336606109784,26.729999542236328
2022-07-07,76.9702,78.1455,76.8565,77.817,605225.0,0.01087689351868093,26.079999923706055
2022-07-08,77.918,78.6099,77.6242,78.4393,379215.0,0.007996967243661501,24.639999389648438
2022-07-11,78.0128,78.7994,77.8232,78.6548,615792.0,0.0027473473118704295,26.170000076293945
2022-07-12,78.752,78.8279,77.9464,78.5909,399533.0,-0.0008124106856796098,27.290000915527344
2022-07-13,78.2213,78.2213,76.629,77.1618,429651.0,-0.01818403911903288,26.81999969482422
2022-07-14,76.3162,77.0081,76.3162,76.7175,628787.0,-0.0057580305280592325,26.399999618530273
2022-07-15,77.0176,78.3066,77.0176,77.8597,628256.0,0.014888389220190978,24.229999542236328
2022-07-18,78.2781,78.9037,77.7758,78.3924,419301.0,0.006841793636502391,25.299999237060547
2022-07-19,77.7663,79.2449,77.6336,78.6453,974454.0,0.0032260780381772047,24.5
2022-07-20,78.6573,78.6952,77.9767,78.5234,213325.0,-0.0015499972662067485,23.8799991607666
2022-07-21,77.5863,78.6383,77.5294,78.2467,335291.0,-0.003523790360580259,23.110000610351562
2022-07-22,78.4867,79.1975,78.3919,78.6811,654059.0,0.005551671827693561,23.030000686645508
2022-07-25,78.4203,79.2354,78.2592,78.6663,342289.0,-0.0001881010814540618,23.360000610351562
2022-07-26,78.752,79.5956,78.5909,79.2855,288929.0,0.007871223128582239,24.690000534057617
2022-07-27,79.3207,79.6335,78.4582,78.5697,366028.0,-0.009028132508466236,23.239999771118164
2022-07-28,79.0838,79.1691,78.3161,78.6889,455828.0,0.0015171242858251777,22.329999923706055
2022-07-29,78.3445,80.9373,77.4441,78.5482,473723.0,-0.0017880539694926645,21.329999923706055
2022-08-02,77.3398,77.8895,76.847,77.4724,1504064.0,-0.013696049050137327,23.93000030517578
2022-08-03,77.4536,78.0317,76.7048,77.6147,384971.0,0.001836783164068878,21.950000762939453
2022-08-04,77.3398,77.8422,76.9323,77.2965,1160327.0,-0.004099738838132527,21.440000534057617
2022-08-05,76.9228,77.9559,76.7617,77.5839,539978.0,0.0037181502396617105,21.149999618530273
2022-08-08,77.8422,78.2402,77.4725,77.9482,780008.0,0.004695561836927542,21.290000915527344
2022-08-09,77.7853,79.0079,77.7379,78.9132,451946.0,0.012380016472477884,21.770000457763672
2022-08-10,78.7141,79.1406,77.9306,78.5363,472418.0,-0.004776133777365632,19.739999771118164
2022-08-11,77.899,78.1455,76.0224,76.8091,745915.0,-0.0219923780468394,20.200000762939453
2022-08-12,76.2309,76.4083,75.4916,76.031,1151706.0,-0.010130310080446181,19.530000686645508
2022-08-15,75.8234,76.4773,75.8234,76.218,659977.0,0.0024595230892661135,19.950000762939453
2022-08-16,76.6195,76.8849,76.3257,76.5342,423735.0,0.004148626308745795,19.690000534057617
2022-08-17,76.5058,77.1313,76.5058,76.9171,1321638.0,0.005002992126395878,19.899999618530273
2022-08-18,76.8659,77.1597,76.6006,76.8174,352782.0,-0.0012962007147955257,19.559999465942383
2022-08-19,76.9702,79.6135,76.847,79.6135,265512.0,0.036399305365711454,20.600000381469727
2022-08-22,77.2545,77.9275,77.2071,77.5736,230518.0,-0.025622538891017288,23.799999237060547
2022-08-23,76.9228,77.3209,75.9371,76.8197,768761.0,-0.009718512483628428,24.110000610351562
2022-08-24,75.7665,76.6479,75.7665,76.5911,420766.0,-0.0029757991765133607,22.81999969482422
2022-08-25,77.2735,77.3872,75.4442,76.0129,816433.0,-0.007549179996109157,21.780000686645508
2022-08-26,76.0414,77.0176,76.0414,76.174,575733.0,0.002119377105728182,25.559999465942383
2022-08-30,75.4537,75.7688,75.0212,75.5079,873640.0,-0.00874445348806685,26.209999084472656
2022-08-31,75.141,75.558,74.487,75.0011,1197143.0,-0.006711880478731502,25.8700008392334
2022-09-01,74.8756,74.8756,74.1173,74.5113,767980.0,-0.0065305708849602295,25.559999465942383
2022-09-02,74.4017,75.4348,74.1647,75.1166,1656656.0,0.008123600044557033,25.469999313354492
2022-09-05,75.2926,75.8139,74.3164,75.5071,723148.0,0.0051985846004742875,
2022-09-06,75.4537,75.9845,74.9135,75.466,1295047.0,-0.000544319673249305,26.90999984741211
2022-09-07,74.5723,75.4253,74.5628,75.0095,781518.0,-0.006049081705668646,24.639999389648438
2022-09-08,75.1599,75.34,73.8709,74.7897,1508003.0,-0.002930295495903956,23.610000610351562
2022-09-09,74.8661,75.6717,74.468,75.1982,1349272.0,0.005461982064375315,22.790000915527344
2022-09-12,75.2357,75.9738,75.0841,75.6942,1058935.0,0.0065959025614974465,23.8700008392334
2022-09-13,75.9181,76.5911,75.103,75.2849,2200084.0,-0.005407283517099071,27.270000457763672
2022-09-14,74.885,74.9135,73.9278,73.9983,1811346.0,-0.017089748409043426,26.15999984741211
2022-09-15,73.2643,74.1173,73.2643,73.7073,1293019.0,-0.003932522774171776,26.270000457763672
2022-09-16,73.5866,74.7618,73.397,73.4634,1436951.0,-0.003309034518969134,26.299999237060547
2022-09-20,73.6055,74.0036,72.8378,72.8524,2819505.0,-0.008317066729827238,27.15999984741211
2022-09-21,72.7904,72.8283,71.7194,71.8332,3208201.0,-0.013989930324876054,27.989999771118164
2022-09-22,71.0749,71.5583,70.6958,71.1318,2672749.0,-0.009764287265498495,27.350000381469727
2022-09-23,71.1887,71.4635,70.1935,70.6126,1290689.0,-0.007299126410409973,29.920000076293945
2022-09-26,70.1461,70.9896,69.5016,70.0856,2874556.0,-0.007463257265700518,32.2599983215332
2022-09-27,70.4304,71.1507,70.3262,70.5062,1844943.0,0.0060012327782028585,32.599998474121094
2022-09-28,69.966,71.3214,69.966,70.9138,1791561.0,0.005781051879125254,30.18000030517578
2022-09-29,69.985,71.2455,69.985,71.0086,2928845.0,0.001336834297414713,31.84000015258789
2022-09-30,71.2076,71.9374,71.0465,71.5867,933235.0,0.008141267395780138,31.6200008392334
2022-10-03,70.7242,72.2881,70.7242,71.8995,8919029.0,0.0043695267416994366,30.100000381469727
2022-10-04,73.1316,73.1316,72.2976,72.8944,449508.0,0.01383737021815179,29.06999969482422
2022-10-05,72.8663,73.1885,72.2123,72.3495,333735.0,-0.007475196997300149,28.549999237060547
2022-10-06,72.1933,72.1933,71.2834,71.6361,1090519.0,-0.009860468973524439,30.520000457763672
2022-10-07,71.9469,71.9469,71.2455,71.6662,2397560.0,0.0004201792113194269,31.360000610351562
2022-10-10,71.3687,71.8047,71.0181,71.5778,1145939.0,-0.001233496404162704,32.45000076293945
2022-10-11,71.2266,72.0038,71.2266,71.5766,3619300.0,-1.676497461500226e-05,33.630001068115234
2022-10-12,72.0038,72.1365,71.3593,71.8047,1281468.0,0.0031867956846232115,33.56999969482422
2022-10-13,71.0939,71.6341,70.7337,71.6164,482218.0,-0.0026223910134015593,31.940000534057617
2022-10-14,71.6815,72.6767,71.6057,72.0227,1216458.0,0.005673281538865371,32.02000045776367
2022-10-17,72.0417,73.2738,72.0417,72.9705,2615019.0,0.013159739915332258,31.3700008392334
2022-10-18,73.0558,73.6245,72.6672,73.2548,1090469.0,0.0038960949972934866,30.5
2022-10-19,73.1316,73.5108,72.7241,72.7715,666764.0,-0.006597519889481651,30.760000228881836
2022-10-20,72.4966,72.98,72.108,72.2218,1441951.0,-0.0075537813567124745,29.979999542236328
2022-10-21,71.8621,72.8236,71.8621,72.563,389635.0,0.00472433531149874,29.690000534057617
2022-10-24,72.9136,73.9846,72.9136,73.6685,2794068.0,0.015235037140140184,29.850000381469727
2022-10-25,74.0131,74.5249,73.198,73.8803,280057.0,0.0028750415713636457,28.459999084472656
2022-10-26,73.7761,74.705,73.5961,74.5493,485503.0,0.009055187918836305,27.280000686645508
2022-10-27,74.6671,75.1504,74.487,74.6007,767837.0,0.0006894766282179443,27.389999389648438
2022-10-28,74.7713,76.0887,74.7713,75.802,238881.0,0.016103066057020943,25.75
2022-10-31,76.1835,77.0176,75.776,76.7506,339473.0,0.012514181683860537,25.8799991607666
2022-11-01,77.2356,77.2545,76.2973,76.8418,605045.0,0.0011882643262723924,25.809999465942383
2022-11-02,76.6764,77.2071,76.5816,76.995,423500.0,0.0019937065503410345,25.860000610351562
2022-11-03,76.411,77.0365,76.411,76.7715,1495132.0,-0.002902785895187998,25.299999237060547
2022-11-04,77.1408,77.5578,76.6764,76.963,557101.0,0.002494415245240633,24.549999237060547
2022-11-07,76.8185,76.8185,75.9276,76.4035,571368.0,-0.007269727011680938,24.350000381469727
2022-11-08,76.4773,76.7806,76.2404,76.629,522983.0,0.002951435470888164,25.540000915527344
2022-11-09,76.7143,77.6242,76.411,77.5389,314112.0,0.011874094663899992,26.09000015258789
2022-11-10,77.482,78.8942,77.482,78.2601,1002889.0,0.009301137880470378,23.530000686645508
2022-11-11,77.5768,77.5768,74.885,74.885,1041683.0,-0.04312670185701262,22.520000457763672
2022-11-14,75.8234,76.0414,74.4112,75.2498,977399.0,0.004871469586699373,23.729999542236328
2022-11-15,74.8661,75.7191,74.7524,75.486,945769.0,0.003138878774428866,24.540000915527344
2022-11-16,74.705,75.2831,74.705,74.9135,640424.0,-0.007584187796412678,24.110000610351562
2022-11-17,74.9609,75.0462,73.9752,74.6218,1964133.0,-0.0038938242105895915,23.93000030517578
2022-11-18,75.6148,77.2545,75.6148,77.2545,1077161.0,0.035280574845420576,23.1200008392334
2022-11-21,77.3777,78.6004,77.3777,78.273,1367470.0,0.013183698037007696,22.360000610351562
2022-11-22,78.6004,79.2544,78.6004,79.1477,1985384.0,0.011174990098756998,21.290000915527344
2022-11-23,77.7663,79.5956,77.7663,77.7663,590723.0,-0.017453444635788573,20.350000381469727
2022-11-24,77.8232,78.0602,77.5578,77.8308,745340.0,0.0008294081112254492,
2022-11-25,78.4582,78.6952,77.6716,78.2965,310233.0,0.005983492396326451,20.5
2022-11-28,78.5814,79.0553,78.335,78.9321,1457014.0,0.008117859674442895,22.209999084472656
2022-11-29,78.8279,79.4629,78.8279,78.9511,980681.0,0.00024071322060348344,21.889999389648438
2022-11-30,79.0648,79.8704,79.0648,79.2828,1341321.0,0.00420133475024409,20.579999923706055
2022-12-01,79.5671,80.0789,79.2828,79.6399,295664.0,0.004504129521157196,19.84000015258789
2022-12-02,79.6145,79.7662,78.9606,79.7472,501817.0,0.0013473145998426084,19.059999465942383
2022-12-05,79.7472,81.3869,79.7472,81.3043,814223.0,0.01952545042333753,20.75
2022-12-06,80.7329,81.7186,80.7329,80.8115,2281861.0,-0.006061180035988323,22.170000076293945
2022-12-07,80.932,81.8418,80.932,81.3016,558921.0,0.006064730886074399,22.68000030517578
2022-12-08,81.6523,81.8703,80.5055,80.8467,592795.0,-0.005595215838310574,22.290000915527344
2022-12-09,80.932,81.4912,80.3443,81.0335,4111335.0,0.0023105457612988545,22.829999923706055
2022-12-12,80.5623,81.0457,80.3254,80.5635,1719904.0,-0.005800070341278607,25.0
2022-12-13,80.5055,81.2542,80.0884,80.3728,1175854.0,-0.0023670769020711635,22.549999237060547
2022-12-14,80.3443,81.6496,80.2685,81.6496,877715.0,0.015885971373400087,21.139999389648438
2022-12-15,80.1902,81.4343,80.1902,80.2022,443026.0,-0.017726969881052712,22.829999923706055
2022-12-16,79.5482,80.2685,79.5482,79.842,9928945.0,-0.0044911486218582874,22.6200008392334
2022-12-19,79.6714,80.1737,79.6051,79.7472,1051093.0,-0.001187345006387508,22.420000076293945
2022-12-20,78.8942,79.5956,78.8658,79.3515,2858517.0,-0.004961929697845258,21.479999542236328
2022-12-21,79.1406,80.2875,79.1406,79.9263,790748.0,0.00724371940038937,20.06999969482422
2022-12-22,79.8989,80.3822,79.8515,80.0967,446033.0,0.0021319640719013044,21.969999313354492
2022-12-23,80.4107,80.9035,80.1263,80.2969,7329321.0,0.0024994787550547404,20.8700008392334
2022-12-28,79.8894,80.4296,79.8894,80.0535,463767.0,-0.0030312502724263446,22.139999389648438
2022-12-29,79.6335,80.4391,79.6335,80.0817,3214506.0,0.000352264423167048,21.440000534057617
2022-12-30,80.0031,80.2306,79.2259,79.8911,910285.0,-0.0023800693541721207,21.670000076293945
2023-01-03,80.0789,81.5954,79.7662,81.1816,538790.0,0.01615323859603901,22.899999618530273
2023-01-04,81.3395,81.9082,81.1689,81.5238,7886498.0,0.00421524089202463,22.010000228881836
2023-01-05,80.6002,80.9414,80.1358,80.4069,640108.0,-0.013700293656576323,22.459999084472656
2023-01-06,80.4296,81.4343,79.9463,80.5633,1293974.0,0.0019451067010418654,21.1299991607666
2023-01-09,81.2447,81.4627,80.6287,81.2064,264922.0,0.007982542919666935,21.969999313354492
2023-01-10,79.2449,80.8561,78.534,79.1754,978725.0,-0.025010344012294627,20.579999923706055
2023-01-11,79.3776,80.1453,78.9132,79.5198,1860837.0,0.004349835933888713,21.09000015258789
2023-01-12,79.8799,80.3728,79.2544,79.8942,686957.0,0.004708261338685293,18.829999923706055
2023-01-13,79.2449,80.3633,79.156,80.0621,2838017.0,0.0021015292724628765,18.350000381469727
2023-01-16,79.9368,81.7186,79.9368,80.4802,667273.0,0.005222196270145307,
2023-01-17,81.131,81.6696,80.8182,81.5171,6515669.0,0.012883914304387956,19.360000610351562
2023-01-18,80.9794,80.9794,79.8989,80.3349,672028.0,-0.01450247862105003,20.34000015258789
2023-01-19,80.5244,81.0173,80.0126,80.0979,3593888.0,-0.0029501499348354443,20.520000457763672
2023-01-20,80.0575,80.5339,80.0575,80.0695,1422108.0,-0.0003545660997353872,19.850000381469727
2023-01-23,80.0221,80.9699,79.8989,80.2981,554976.0,0.002855019701634154,19.809999465942383
2023-01-24,80.5813,80.7329,80.1453,80.6192,1272385.0,0.003998849287841111,19.200000762939453
2023-01-25,80.3728,80.8751,80.3728,80.7626,1032458.0,0.0017787326096017075,19.079999923706055
2023-01-26,79.9368,79.9368,78.3634,78.8012,1926789.0,-0.024285993764440628,18.729999542236328
2023-01-27,78.3634,78.5909,77.7758,78.2497,561900.0,-0.0069986243864305075,18.510000228881836
2023-01-30,78.4582,79.0932,78.2023,78.8279,4293361.0,0.007389165709261514,19.940000534057617
2023-01-31,78.79,79.1122,78.1549,78.2875,1817833.0,-0.006855440776679433,19.399999618530273
2023-02-01,78.2876,78.2876,75.8328,77.3359,2376872.0,-0.012155197189845146,17.8700008392334
2023-02-02,76.212,76.3636,74.0415,74.6079,1025936.0,-0.03527469131412442,18.729999542236328
2023-02-03,74.4585,75.8802,74.4585,74.8756,620512.0,0.003588091877669841,18.329999923706055
2023-02-06,74.8661,75.5769,74.6576,75.0936,717778.0,0.0029114958678126968,19.43000030517578
2023-02-07,75.776,75.776,75.141,75.2717,4466827.0,0.0023717067766093614,18.65999984741211
2023-02-08,75.6812,76.629,75.6622,75.9617,501516.0,0.009166791769018134,19.6299991607666
2023-02-09,76.4773,76.9228,75.8613,76.1432,394597.0,0.0023893620074326716,20.709999084472656
2023-02-10,75.3874,76.047,74.8566,75.3812,397507.0,-0.010007459628699422,20.530000686645508
2023-02-13,76.2214,76.2214,75.7286,76.0602,1763637.0,0.009007550954349242,20.34000015258789
2023-02-14,76.7712,76.7712,76.2214,76.5427,344799.0,0.0063436593645560535,18.90999984741211
2023-02-15,76.7143,76.7143,76.3257,76.5034,463520.0,-0.000513438904036545,18.229999542236328
2023-02-16,76.4584,76.4868,75.2168,75.5908,2639483.0,-0.011928881592190632,20.170000076293945
2023-02-17,75.1125,76.3446,75.1125,75.3946,1894170.0,-0.0025955539563016217,20.020000457763672
2023-02-20,75.6907,76.3731,75.6907,75.8124,599864.0,0.005541510930491045,
2023-02-21,75.8423,76.5229,75.7286,76.3028,5316385.0,0.006468598804417303,22.8700008392334
2023-02-22,76.212,77.2735,76.174,76.8849,3986081.0,0.007628815718426996,22.290000915527344
2023-02-23,76.8944,76.8944,75.9466,76.0144,1128877.0,-0.011322119167743061,21.139999389648438
2023-02-24,76.7712,77.4251,76.3636,76.4773,546391.0,0.006089635647982483,21.670000076293945
2023-02-27,76.1683,76.7712,76.1683,76.2404,3563174.0,-0.003097651198460283,20.950000762939453
2023-02-28,76.1361,76.1361,75.1259,75.864,339286.0,-0.004937015020907376,20.700000762939453
2023-03-01,74.923,75.4253,74.4816,74.4816,3948679.0,-0.018222081619740593,20.579999923706055
2023-03-02,74.4965,75.6433,74.4744,75.1243,2489668.0,0.00862897682112096,19.59000015258789
2023-03-03,75.7191,75.757,75.013,75.1923,5420738.0,0.0009051665040473722,18.489999771118164
2023-03-06,75.2168,75.3779,74.9514,75.1303,3802078.0,-0.0008245525140206933,18.610000610351562
2023-03-07,75.0841,75.3874,74.904,75.0141,3661376.0,-0.0015466462931733593,19.59000015258789
2023-03-08,74.8661,75.0557,74.4396,74.665,2281832.0,-0.0046537917538168605,19.110000610351562
2023-03-09,71.7952,72.1459,71.4825,71.5893,2903318.0,-0.04119333020826377,22.610000610351562
2023-03-10,71.5583,71.6626,70.3546,71.2645,16435221.0,-0.004536990863159618,24.799999237060547
2023-03-13,70.3356,71.0939,69.9376,70.819,5336796.0,-0.00625135937247856,26.520000457763672
2023-03-14,70.4873,71.0844,70.4873,70.817,2338689.0,-2.8241008768969955e-05,23.729999542236328
2023-03-15,70.9138,71.8047,70.9138,71.6024,7028880.0,0.011090557352048336,26.139999389648438
2023-03-16,72.1838,73.0369,72.0038,72.4795,7324897.0,0.012249589399238037,22.989999771118164
2023-03-17,73.3022,73.3022,72.2486,72.9996,11247380.0,0.007175822129015685,25.510000228881836
2023-03-20,72.2218,73.198,72.1744,72.5765,6858910.0,-0.005795922169436585,24.149999618530273
2023-03-21,72.8663,73.5771,72.8648,72.8757,7349363.0,0.004122546554325313,21.3799991607666
2023-03-22,72.98,73.0084,72.2218,72.5803,4275967.0,-0.004053477359394209,22.260000228881836
2023-03-23,71.6626,71.9469,71.4446,71.8426,1148019.0,-0.010163915001728974,22.610000610351562
2023-03-24,71.8521,72.6103,71.7005,72.1758,1922897.0,0.004637916779181017,21.739999771118164
2023-03-27,75.2566,78.1455,75.2566,77.4223,2264746.0,0.07269056941523355,20.600000381469727
2023-03-28,78.0981,79.1596,77.7758,79.0964,3176225.0,0.02162296909288397,19.969999313354492
2023-03-29,78.2497,79.1312,76.8732,79.0283,2880695.0,-0.0008609747093419884,19.1200008392334
2023-03-30,78.5814,79.1122,78.4677,78.9457,1846644.0,-0.0010451952022250133,19.020000457763672
2023-03-31,79.1785,79.8799,79.1406,79.3752,269040.0,0.005440448308140944,18.700000762939453
2023-04-03,79.4297,80.3064,79.2828,80.0551,1090535.0,0.008565647708604018,18.549999237060547
2023-04-04,80.3585,80.496,79.9652,80.3848,771592.0,0.004118413442741442,19.0
2023-04-05,80.4581,81.7186,80.1548,81.3381,2964212.0,0.011859207213303913,19.079999923706055
2023-04-06,81.6428,82.9413,81.6428,82.5056,787026.0,0.014353666977714008,18.399999618530273
2023-04-11,82.4626,82.9697,81.9556,82.5046,238318.0,-1.2120389403902365e-05,19.100000381469727
2023-04-12,82.4816,82.6569,81.9651,82.1488,774036.0,-0.0043124868189168275,19.09000015258789
2023-04-13,82.0314,82.6285,82.0314,82.5013,199286.0,0.0042909939037454325,17.799999237060547
2023-04-14,82.3631,83.0076,82.3631,82.872,333431.0,0.004493262530408604,17.06999969482422
2023-04-17,82.8275,83.8322,82.7233,83.5005,309375.0,0.007583984940631394,16.950000762939453
2023-04-18,83.4531,83.9554,82.8607,83.6056,357951.0,0.001258675097753903,16.829999923706055
2023-04-19,82.9223,83.9649,82.9223,83.572,909720.0,-0.00040188695494070004,16.459999084472656
2023-04-20,83.1526,83.5763,83.1526,83.5313,1301298.0,-0.0004870052170583561,17.170000076293945
2023-04-21,84.1639,84.6473,83.5668,84.3182,493817.0,0.009420420848232913,16.770000457763672
2023-04-24,84.8037,85.216,84.6568,85.0278,893340.0,0.008415739425177371,16.889999389648438
2023-04-25,85.2018,88.9598,84.9601,88.2584,2281469.0,0.03799463234377454,18.760000228881836
2023-04-26,86.8462,88.1067,86.8462,87.4426,1083911.0,-0.009243312817816762,18.84000015258789
2023-04-27,87.1542,87.7466,86.3154,87.339,776117.0,-0.0011847772138522394,17.030000686645508
2023-04-28,86.4671,87.2063,86.0785,86.304,937276.0,-0.011850376120633332,15.779999732971191
2023-05-02,86.4576,87.6234,86.4576,87.3799,837871.0,0.012466397849462352,17.780000686645508
2023-05-03,87.6897,88.1541,87.339,87.6671,587948.0,0.003286797078046577,18.34000015258789
2023-05-04,87.3912,88.0214,87.2537,87.7503,345382.0,0.0009490447385620548,20.09000015258789
2023-05-05,88.1494,88.41,87.159,88.0919,475617.0,0.0038928641839401923,17.190000534057617
2023-05-09,88.0404,88.7133,88.0404,88.4226,474340.0,0.0037540341393478283,17.709999084472656
2023-05-10,88.3342,88.3342,86.7988,87.1066,912926.0,-0.014883072879557924,16.940000534057617
2023-05-11,87.2158,87.9361,87.2158,87.7554,2613184.0,0.007448344901534343,16.93000030517578
2023-05-12,87.6518,88.1067,87.3769,87.7124,1203146.0,-0.0004899983362846028,17.030000686645508
2023-05-15,87.7892,88.1067,87.5286,87.6454,2984984.0,-0.0007638600699559905,17.1200008392334
2023-05-16,87.5618,88.0025,87.2916,87.3961,1306159.0,-0.0028444162500255166,17.989999771118164
2023-05-17,86.3486,87.5096,86.1069,86.6415,483981.0,-0.008634252558180622,16.8700008392334
2023-05-18,86.3059,86.3059,86.3059,86.3059,4692.0,-0.003873432477507932,16.049999237060547
2023-05-19,85.415,86.1069,84.4198,84.9822,852791.0,-0.015337306024269304,16.809999465942383
2023-05-22,85.8131,86.7609,85.8131,85.8295,675528.0,0.0099703231970929,17.209999084472656
2023-05-23,85.5761,87.0263,85.5761,86.0144,504734.0,0.002154270967441363,18.530000686645508
2023-05-24,85.9884,86.5998,85.5003,86.1482,642259.0,0.0015555534887181643,20.030000686645508
2023-05-25,85.3013,85.7373,83.69,83.9232,1412460.0,-0.02582758548640607,19.139999389648438
2023-05-26,83.8417,84.78,83.7185,84.1242,1115034.0,0.0023950469000229013,17.950000762939453
2023-05-30,83.1877,84.1639,81.984,83.3426,2836397.0,-0.009291024461451025,17.459999084472656
2023-05-31,83.1214,83.5194,82.5992,82.6261,8261104.0,-0.008597044008706312,17.940000534057617
2023-06-01,83.1593,83.9933,83.1593,83.3642,749405.0,0.008933012692115438,15.649999618530273
2023-06-02,83.4247,85.0454,82.4674,84.2061,1913452.0,0.010099059308432246,14.600000381469727
2023-06-05,85.3108,86.4671,85.3108,86.2491,1129206.0,0.02426190026613262,14.729999542236328
2023-06-06,85.4245,86.3723,85.3108,86.0526,1705144.0,-0.0022782846429701964,13.960000038146973
2023-06-07,84.8416,86.1448,84.7895,85.03,809777.0,-0.011883429437344106,13.9399995803833
2023-06-08,85.7752,85.8794,84.9696,85.6691,992975.0,0.007516170763260055,13.649999618530273
2023-06-09,85.6567,85.9932,85.4624,85.6616,347628.0,-8.75461514127096e-05,13.829999923706055
2023-06-12,86.2538,86.7135,85.9932,86.2719,1145970.0,0.007124545887538858,15.010000228881836
2023-06-13,85.8842,86.05,84.7705,85.2539,171837.0,-0.011799902401593121,14.609999656677246
2023-06-14,85.851,85.851,84.78,84.9028,1666197.0,-0.004118286670756421,13.880000114440918
2023-06-15,85.0169,86.1353,84.8843,85.6413,868793.0,0.00869818192097327,14.5
2023-06-16,86.6519,87.121,85.652,86.0585,5795818.0,0.004871481399745248,13.539999961853027
2023-06-19,85.9458,86.3912,85.9458,86.0973,2571703.0,0.00045085610369710594,
2023-06-20,85.8747,86.6661,85.7941,86.4121,396617.0,0.0036563283633748167,13.880000114440918
2023-06-21,85.8937,86.3628,85.5761,85.807,638418.0,-0.007002491549215839,13.199999809265137
2023-06-22,85.0738,85.3961,84.5715,84.7421,770398.0,-0.012410409407157985,12.90999984741211
2023-06-23,85.3582,86.2017,85.3582,85.7405,563015.0,0.011781629202014088,13.4399995803833
2023-06-26,85.7752,85.8913,84.0028,85.3759,703584.0,-0.004252366151352049,14.25
2023-06-27,84.4198,84.4198,83.927,83.9982,300664.0,-0.016136872349222675,13.739999771118164
2023-06-28,84.1639,84.3345,83.51,84.0553,486396.0,0.000679776471400606,13.430000305175781
2023-06-29,83.8512,84.4851,83.8512,84.0218,404628.0,-0.00039854714693787763,13.539999961853027
2023-06-30,84.4814,85.3961,84.4577,85.294,273911.0,0.015141308565158162,13.59000015258789
2023-07-03,84.4435,85.7183,83.8606,84.2697,567307.0,-0.012009051046966923,13.569999694824219
2023-07-04,83.8417,84.8369,83.7848,84.5131,526861.0,0.0028883453957946337,
2023-07-05,83.9459,84.5241,83.9459,84.1542,266962.0,-0.004246678917232849,14.180000305175781
2023-07-06,84.0644,84.1924,82.9128,83.3502,256449.0,-0.009553890358413475,15.4399995803833
2023-07-07,82.7517,83.2161,79.3586,82.1357,240311.0,-0.014571050819314202,14.829999923706055
2023-07-10,80.5671,81.5528,80.1832,81.261,253051.0,-0.010649449630307006,15.069999694824219
2023-07-11,81.1168,81.2258,80.8561,80.9116,464506.0,-0.0042997255756141994,14.84000015258789
2023-07-12,80.9462,81.1784,80.2306,80.9616,260140.0,0.0006179583644372322,13.539999961853027
2023-07-13,80.5434,81.0457,80.1672,80.5799,163003.0,-0.004714580739511143,13.609999656677246
2023-07-14,79.9936,80.7614,79.9936,80.5339,235062.0,-0.000570861964335978,13.34000015258789
2023-07-17,80.9462,81.6712,80.06,80.4986,629084.0,-0.00043832473033100783,13.479999542236328
2023-07-18,82.2683,84.6663,82.2683,83.5738,791085.0,0.03820190661700962,13.300000190734863
2023-07-19,84.1829,85.1022,83.7469,84.8833,1243569.0,0.015668786150683678,13.760000228881836
2023-07-20,85.1165,86.5524,84.3061,86.2017,594483.0,0.015531912637703815,13.989999771118164
2023-07-21,86.7288,86.7288,85.8889,86.7288,337737.0,0.006114728595839836,13.600000381469727
2023-07-24,86.1733,86.6661,85.742,86.1712,1041692.0,-0.006429236885555967,13.90999984741211
2023-07-25,86.0263,86.0406,85.0738,85.8374,225918.0,-0.003873684015076928,13.859999656677246
2023-07-26,86.1353,86.268,84.7516,85.0718,487469.0,-0.008919189071430522,13.1899995803833
2023-07-27,84.889,86.0406,84.8463,85.6357,269401.0,0.006628518498491998,14.40999984741211
2023-07-28,85.979,86.58,85.415,85.8195,204235.0,0.0021463011337561344,13.329999923706055
2023-07-31,86.0406,86.8557,86.0406,86.3154,252022.0,0.005778407005400776,13.630000114440918
2023-08-02,85.4055,86.1069,84.7137,85.8135,466428.0,-0.005814721359108432,16.09000015258789
2023-08-03,85.2776,85.3487,84.0312,84.4104,925278.0,-0.016350574210351576,15.920000076293945
2023-08-04,84.9696,85.0264,83.9175,84.4198,216443.0,0.00011136068541306443,17.100000381469727
2023-08-07,84.3772,85.2823,84.1165,85.1591,329804.0,0.00875742420616965,15.770000457763672
2023-08-08,85.2112,85.9458,84.8748,85.7613,347555.0,0.007071469754847293,15.989999771118164
2023-08-09,85.6567,86.088,85.3961,85.7458,2017643.0,-0.00018073420062436618,15.960000038146973
2023-08-10,86.0595,86.1922,85.4435,85.6848,437556.0,-0.000711405106722518,15.850000381469727
2023-08-11,85.6567,86.1353,85.4624,86.0277,733608.0,0.00400187664556606,14.84000015258789
2023-08-14,85.8842,86.2017,85.8226,86.1054,106474.0,0.0009031974584932101,14.819999694824219
2023-08-15,86.088,86.1733,85.2823,85.6804,90384.0,-0.004935811226705833,16.459999084472656
2023-08-16,85.5145,85.9742,85.2444,85.4236,561111.0,-0.002997184887092219,16.780000686645508
2023-08-17,85.0738,85.2728,84.5336,85.1814,235794.0,-0.0028352820532030476,17.889999389648438
2023-08-18,85.0359,85.2918,84.2303,84.7231,392288.0,-0.005380282549946269,17.299999237060547
2023-08-21,84.9316,85.832,84.8653,85.3013,441131.0,0.006824585030528851,17.1299991607666
2023-08-22,85.6283,86.2396,85.4624,85.9079,1684162.0,0.007111263251556643,16.969999313354492
2023-08-23,85.7278,86.3533,85.2918,85.7278,271364.0,-0.002096431178040592,15.979999542236328
2023-08-24,86.0263,86.2775,84.9601,85.1402,620249.0,-0.006854252646166237,17.200000762939453
2023-08-25,84.9885,85.3676,84.8274,85.0359,207654.0,-0.0012250382310587948,15.680000305175781
2023-08-29,85.9126,86.1733,85.4055,85.8544,330874.0,0.009625346471313856,14.449999809265137
2023-08-30,85.8842,85.9363,85.2255,85.4814,222189.0,-0.004344564751486257,13.880000114440918
2023-08-31,85.1544,85.1781,84.4672,84.6378,1078740.0,-0.009868813566459966,13.569999694824219
2023-09-01,84.4909,84.8179,84.2587,84.5916,351546.0,-0.0005458553979427183,13.09000015258789
2023-09-04,84.889,85.0643,83.9933,84.322,293293.0,-0.0031870776767433107,
2023-09-05,84.0739,84.4198,83.1593,83.2232,531635.0,-0.01303100021346737,14.010000228881836
2023-09-06,82.6664,82.7138,81.6428,81.9297,828655.0,-0.015542541022215084,14.449999809265137
2023-09-07,82.6854,84.0028,82.401,83.2795,657051.0,0.01647509999426333,14.399999618530273
2023-09-08,83.8322,83.8986,83.0029,83.0029,348768.0,-0.0033213455892506794,13.84000015258789
2023-09-11,83.7043,83.9554,83.1498,83.5579,739471.0,0.0066865133627862505,13.800000190734863
2023-09-12,84.0834,85.5288,84.0502,85.124,478334.0,0.018742692193078003,14.229999542236328
2023-09-13,84.8795,85.4245,84.4672,85.1072,1289062.0,-0.00019735914665652832,13.479999542236328
2023-09-14,85.2492,86.4955,85.197,86.4542,886996.0,0.01582709805985849,12.819999694824219
2023-09-15,87.2158,88.1067,86.922,87.0642,2320478.0,0.007055759003032902,13.789999961853027
2023-09-18,87.0594,87.775,86.723,87.5439,519418.0,0.005509727304678469,14.0
2023-09-19,86.8462,87.4907,86.1164,87.2622,753954.0,-0.0032178141481015166,14.109999656677246
2023-09-20,87.9551,88.4859,87.1969,88.027,256371.0,0.00876439053794198,15.140000343322754
2023-09-21,88.012,89.0735,87.7371,88.2648,3919137.0,0.0027014438751746805,17.540000915527344
2023-09-22,87.3769,88.9009,86.922,87.3567,633380.0,-0.010288359572558803,17.200000762939453
2023-09-25,87.5855,87.7466,86.9599,87.3007,1348125.0,-0.0006410498565078138,16.899999618530273
2023-09-26,88.1494,88.7986,87.9172,88.4006,759735.0,0.012598982596932151,18.940000534057617
2023-09-27,88.3342,88.429,87.4433,88.1067,860165.0,-0.003324638068067376,18.219999313354492
2023-09-28,87.8556,88.8176,87.6708,88.5009,711369.0,0.00447412058333807,17.34000015258789
2023-09-29,88.3532,89.8223,88.3058,89.1942,1935185.0,0.007833818639132462,17.520000457763672
2023-10-02,89.1398,89.3768,87.6518,88.4776,804054.0,-0.008034154687188155,17.610000610351562
2023-10-03,88.5664,88.6565,86.5903,87.1487,995466.0,-0.015019620785373777,19.780000686645508
2023-10-04,87.68,89.08,87.26,87.7758,728833.0,0.007195747039255851,18.579999923706055
2023-10-05,87.895,88.11,86.26,87.2431,640189.0,-0.006068870918863767,18.489999771118164
2023-10-06,88.275,88.9,87.99,88.214,413438.0,0.011128673786236387,17.450000762939453
2023-10-09,88.4,88.88,87.81,88.2406,1007908.0,0.0003015394381844505,17.700000762939453
2023-10-10,88.41,89.12,88.33,88.71,1172587.0,0.005319546784586571,17.030000686645508
2023-10-11,89.61,90.15,89.19,89.6688,1119930.0,0.0108082516063579,16.09000015258789
2023-10-12,89.31,89.77,88.61,89.0367,536662.0,-0.007049274664097327,16.690000534057617
2023-10-13,88.8,88.9,87.5,87.96,245867.0,-0.012092766241336483,19.31999969482422
2023-10-16,87.865,87.94,86.88,87.2245,413301.0,-0.008361755343337718,17.209999084472656
2023-10-17,87.065,87.85,86.96,87.5185,1412983.0,0.0033706126145749415,17.8799991607666
2023-10-18,86.56,87.39,85.91,87.1545,3022485.0,-0.004159120643064118,19.219999313354492
2023-10-19,86.42,87.1,84.25,85.55,1906931.0,-0.01840983540723662,21.399999618530273
2023-10-20,84.46,85.51,84.46,84.8127,392862.0,-0.008618351841028549,21.709999084472656
2023-10-23,84.785,84.89,83.88,84.3807,866976.0,-0.005093576787438714,20.3700008392334
2023-10-24,84.605,85.25,83.05,85.127,933422.0,0.008844439546009886,18.969999313354492
2023-10-25,84.665,86.01,84.62,85.8071,162919.0,0.00798923960670539,20.190000534057617
2023-10-26,85.975,86.13,85.0894,85.5137,250106.0,-0.003419297470722227,20.68000030517578
2023-10-27,85.125,85.76,83.7,84.37,1057855.0,-0.013374465144181502,21.270000457763672
2023-10-30,84.15,84.85,84.01,84.7688,913412.0,0.004726798625103612,19.75
2023-10-31,84.45,85.19,84.31,84.5921,385055.0,-0.002084493351327321,18.139999389648438
2023-11-01,85.73,85.83,85.18,85.2604,805881.0,0.007900264918355271,16.8700008392334
2023-11-02,85.005,85.16,83.95,84.6473,555696.0,-0.007190911607264372,15.65999984741211
2023-11-03,84.745,84.77,83.06,83.34,189907.0,-0.015444083863277336,14.90999984741211
2023-11-06,83.535,84.24,83.22,84.24,137991.0,0.010799136069114423,14.890000343322754
2023-11-07,84.06,84.55,83.64,84.2035,375025.0,-0.0004332858499523917,14.8100004196167
2023-11-08,84.205,85.41,84.1,85.0543,310623.0,0.010104093060264718,14.449999809265137
2023-11-09,85.145,85.19,84.08,84.2944,513117.0,-0.008934292563691715,15.289999961853027
2023-11-10,84.605,85.06,83.47,83.7369,330602.0,-0.006613725229671186,14.170000076293945
2023-11-13,84.19,84.62,84.0,84.1287,191998.0,0.004678940825370681,14.760000228881836
2023-11-14,85.025,85.23,84.43,84.6579,600512.0,0.006290362266384797,14.15999984741211
2023-11-15,84.55,84.55,83.13,83.6799,533213.0,-0.011552377273709724,14.180000305175781
2023-11-16,83.68,84.03,83.23,83.3983,1617219.0,-0.003365204786334508,14.319999694824219
2023-11-17,83.67,84.39,83.52,84.2584,1242396.0,0.010313159860572574,13.800000190734863
2023-11-20,83.66,84.47,83.6,84.28,1817651.0,0.00025635426260173233,13.40999984741211
2023-11-21,84.375,85.255,84.19,84.9423,949192.0,0.00785832937826303,13.350000381469727
2023-11-22,85.35,86.55,85.07,86.0,555487.0,0.012451982110208926,12.850000381469727
2023-11-23,85.805,86.2671,85.65,86.0707,640508.0,0.0008220930232558654,
2023-11-24,86.325,86.79,86.32,86.5719,79940.0,0.0058231198305578324,12.460000038146973
2023-11-27,86.54,86.7,85.96,86.1829,705994.0,-0.00449337487106094,12.6899995803833
2023-11-28,86.14,86.31,85.19,85.4173,383664.0,-0.008883432792352153,12.6899995803833
2023-11-29,85.405,85.8636,84.43,84.9232,540249.0,-0.005784542475587573,12.979999542236328
2023-11-30,84.775,85.1371,84.54,84.8882,965682.0,-0.000412137083859232,12.920000076293945
2023-12-01,85.7,86.24,85.12,85.5993,1344352.0,0.008376900440815183,12.630000114440918
2023-12-04,85.905,86.23,85.5,85.9778,5749054.0,0.004421765131257027,13.079999923706055
2023-12-05,86.255,86.4,84.8,84.94,704400.0,-0.012070557748628197,12.850000381469727
2023-12-06,85.185,86.24,84.63,84.9027,2036946.0,-0.00043913350600421897,12.970000267028809
2023-12-07,85.22,85.38,83.9,84.4237,937515.0,-0.005641752264651134,13.0600004196167
2023-12-08,84.18,84.7397,83.65,83.965,1197402.0,-0.005433308419318217,12.350000381469727
2023-12-11,85.155,85.86,84.72,85.3393,1059574.0,0.016367534091585645,12.630000114440918
2023-12-12,85.29,85.93,85.09,85.7513,599931.0,0.004827787432050812,12.069999694824219
2023-12-13,86.01,87.08,86.0,86.71,2208553.0,0.01118000543431985,12.1899995803833
2023-12-14,86.715,87.24,84.76,85.58,3366164.0,-0.01303194556567866,12.479999542236328
2023-12-15,85.74,85.8,84.31,84.79,4141884.0,-0.009231128768403707,12.279999732971191
2023-12-18,84.82,85.73,84.57,85.4239,2999111.0,0.007476117466682419,12.5600004196167
2023-12-19,85.025,85.24,84.22,84.62,2656298.0,-0.009410715268209469,12.529999732971191
2023-12-20,84.785,84.9,84.21,84.6169,2319555.0,-3.663436539824705e-05,13.670000076293945
2023-12-21,84.285,84.66,83.8,84.13,364935.0,-0.005754169675324938,13.649999618530273
2023-12-22,84.07,84.85,83.79,84.84,1551213.0,0.008439320099845604,13.029999732971191
2023-12-27,84.15,84.81,83.97,84.41,677406.0,-0.005068363979255142,12.430000305175781
2023-12-28,84.16,84.54,83.91,84.35,306212.0,-0.0007108162539983809,12.470000267028809
2023-12-29,84.41,84.87,84.04,84.35,196222.0,0.0,12.449999809265137
2024-01-03,86.56,88.63,84.87,88.3146,2816292.0,0.047001778304682995,14.039999961853027
2024-01-04,89.125,89.87,88.99,89.5704,554252.0,0.014219619406077966,14.130000114440918
2024-01-05,89.79,90.52,89.74,90.3919,636908.0,0.009171556674973047,13.350000381469727
2024-01-08,90.625,91.23,90.49,90.8266,1176174.0,0.004809059218801703,13.079999923706055
2024-01-09,90.18,91.46,90.15,91.1573,2176325.0,0.0036410038468908112,12.760000228881836
2024-01-10,90.665,91.79,90.33,91.448,1064879.0,0.0031889930921602527,12.6899995803833
2024-01-11,91.69,91.92,90.96,91.32,868443.0,-0.0013997025632053184,12.4399995803833
2024-01-12,91.65,91.83,91.23,91.5248,453779.0,0.0022426631625054316,12.699999809265137
2024-01-15,91.65,92.0138,91.5,92.0138,1494582.0,0.0053428141880671465,
2024-01-16,92.16,92.89,91.94,92.7053,642699.0,0.0075151770712653665,13.84000015258789
2024-01-17,92.5,93.86,92.15,93.664,1686221.0,0.010341372068263688,14.789999961853027
2024-01-18,92.96,93.75,92.72,93.3357,1942859.0,-0.00350508199521693,14.130000114440918
2024-01-19,93.3,93.8,93.11,93.6326,394042.0,0.0031809907677340377,13.300000190734863
2024-01-22,93.85,94.5,93.85,94.2639,219138.0,0.006742309836531346,13.1899995803833
2024-01-23,94.14,94.21,93.25,93.5662,1068011.0,-0.007401560936901697,12.550000190734863
2024-01-24,93.27,93.5487,92.62,93.53,825968.0,-0.000386891847697024,13.140000343322754
2024-01-25,93.125,93.18,92.23,92.6591,427299.0,-0.00931145087137819,13.449999809265137
2024-01-26,92.635,93.03,92.2,92.511,169352.0,-0.001598331950126819,13.260000228881836
2024-01-29,92.82,93.9,92.58,92.9872,1206763.0,0.005147495973451877,13.600000381469727
2024-01-30,92.735,93.2,92.1,92.4972,738238.0,-0.005269542474663158,13.3100004196167
2024-01-31,88.755,91.48,87.95,89.8294,1355777.0,-0.02884195413482782,14.350000381469727
2024-02-01,89.485,90.77,89.06,89.9263,466494.0,0.0010787114240993212,13.880000114440918
2024-02-02,90.15,90.66,89.7,90.0778,610590.0,0.0016847129260293414,13.850000381469727
2024-02-05,90.08,90.5974,89.8,90.2559,1640366.0,0.0019771797268584024,13.670000076293945
2024-02-06,90.725,90.91,89.87,90.2494,347676.0,-7.201745259866055e-05,13.0600004196167
2024-02-07,90.655,90.87,89.67,90.7481,720926.0,0.005525798509463664,12.829999923706055
2024-02-08,90.375,90.48,87.9524,88.8962,354959.0,-0.020407038825055346,12.789999961853027
2024-02-09,88.48,88.98,88.1,88.6316,1590282.0,-0.00297650518244863,12.930000305175781
2024-02-12,88.13,88.2,87.04,87.13,217629.0,-0.016942038731107334,13.930000305175781
2024-02-13,88.205,88.82,87.98,88.1236,694528.0,0.011403649718811026,15.850000381469727
2024-02-14,88.42,88.56,87.72,88.1228,615441.0,-9.078158404784986e-06,14.380000114440918
2024-02-15,87.575,88.305,87.38,87.7002,960653.0,-0.004795580712369629,14.010000228881836
2024-02-16,87.985,88.74,87.53,88.4065,381950.0,0.008053573424005922,14.239999771118164
2024-02-19,88.57,89.799,88.5,89.5942,254022.0,0.013434532528716847,
2024-02-20,89.535,91.04,89.45,90.276,764304.0,0.007609867603036724,15.420000076293945
2024-02-21,89.825,90.18,89.34,90.04,792364.0,-0.002614205325889407,15.34000015258789
2024-02-22,90.755,90.79,90.02,90.2612,2052619.0,0.0024566859173700273,14.539999961853027
2024-02-23,90.87,91.72,90.49,91.6163,4320584.0,0.015013095327782056,13.75
2024-02-26,91.73,92.11,91.34,91.4085,305569.0,-0.0022681553391699083,13.739999771118164
2024-02-27,90.775,90.94,90.38,90.54,10823380.0,-0.009501304583271808,13.430000305175781
2024-02-28,90.95,91.36,89.9982,90.3832,3642672.0,-0.0017318312348133524,13.84000015258789
2024-02-29,89.805,90.18,89.1,89.49,2451001.0,-0.009882367519627677,13.399999618530273
2024-03-01,89.74,90.64,89.49,90.2963,7255945.0,0.009009945245278983,13.109999656677246
2024-03-04,90.41,90.84,89.77,90.0069,3299402.0,-0.0032050039702623545,13.489999771118164
2024-03-05,90.635,90.92,90.18,90.7363,2972844.0,0.008103823151336176,14.460000038146973
2024-03-06,90.605,91.06,90.23,90.825,781614.0,0.000977558044575444,14.5
2024-03-07,88.07,88.84,87.59,87.8421,1275504.0,-0.032842279108175054,14.4399995803833
2024-03-08,87.585,88.13,87.26,87.39,4357140.0,-0.005146734879972192,14.739999771118164
2024-03-11,88.53,88.895,88.41,88.8,2707579.0,0.016134569172674196,15.220000267028809
2024-03-12,88.97,89.33,87.36,87.6213,4060144.0,-0.01327364864864855,13.84000015258789
2024-03-13,87.515,88.75,86.36,87.2607,3083049.0,-0.004115437684672596,13.75
2024-03-14,87.24,87.27,86.35,86.7427,2888450.0,-0.005936234754018721,14.399999618530273
2024-03-15,86.14,87.14,85.64,86.2475,6857061.0,-0.0057088377465769335,14.40999984741211
2024-03-18,85.825,85.95,85.16,85.53,4956636.0,-0.008319081712513388,14.329999923706055
2024-03-19,85.3,85.53,84.8,85.5187,9932179.0,-0.0001321173857127267,13.819999694824219
2024-03-20,85.89,85.89,84.0,85.1985,2369499.0,-0.0037442103306060126,13.039999961853027
2024-03-21,85.25,86.92,85.09,86.91,2100226.0,0.020088381837708447,12.920000076293945
2024-03-22,86.57,86.86,85.87,86.5225,506488.0,-0.00445863536992297,13.0600004196167
2024-03-25,86.375,86.5,86.0,86.13,57401.0,-0.004536392267907141,13.1899995803833
2024-03-26,86.325,86.5,85.86,86.0944,168963.0,-0.0004133286891907506,13.239999771118164
2024-03-27,86.45,86.78,86.26,86.6152,3075415.0,0.0060491739300116976,12.779999732971191
2024-03-28,86.59,87.3831,86.51,86.8892,738024.0,0.0031634170445833387,13.010000228881836
2024-04-02,87.22,87.9,85.22,85.7886,256970.0,-0.012666706564221974,14.609999656677246
2024-04-03,86.1,86.48,85.66,86.0051,8665870.0,0.0025236453328296715,14.329999923706055
2024-04-04,85.78,88.8,85.53,86.8481,466949.0,0.009801744315162786,16.350000381469727
2024-04-05,87.145,87.27,85.97,86.3971,588268.0,-0.005192974860705135,16.030000686645508
2024-04-08,86.4,87.13,86.3494,86.6877,397674.0,0.003363538822483747,15.1899995803833
2024-04-09,86.05,86.45,85.84,86.3036,292382.0,-0.004430847744259059,14.979999542236328
2024-04-10,86.5,86.5,85.52,85.9019,153229.0,-0.004654498769460447,15.800000190734863
2024-04-11,86.13,86.43,85.5,86.239,251577.0,0.003924243817657214,14.90999984741211
2024-04-12,85.895,86.7,85.63,86.12,623823.0,-0.0013798861304050725,17.309999465942383
2024-04-15,86.15,86.65,85.7,86.38,200702.0,0.003019043195541027,19.229999542236328
2024-04-16,85.975,86.08,84.58,85.0,3007663.0,-0.015975920351933293,18.399999618530273
2024-04-17,84.81,85.4,84.38,84.85,910850.0,-0.0017647058823530015,18.209999084472656
2024-04-18,84.625,84.8,84.32,84.6149,445745.0,-0.0027707719505007944,18.0
2024-04-19,83.815,85.53,83.61,84.99,272549.0,0.004433025389145362,18.709999084472656
2024-04-22,86.205,87.36,85.51,87.08,669303.0,0.024591128368043336,16.940000534057617
2024-04-23,90.04,92.0,88.9222,90.0216,906668.0,0.03378043178686285,15.6899995803833
2024-04-24,89.955,90.3,89.1193,89.3313,480961.0,-0.007668159641686101,15.970000267028809
2024-04-25,90.1,90.81,89.12,90.2615,363084.0,0.010412923577738153,15.369999885559082
2024-04-26,90.13,90.13,89.1,89.4885,472109.0,-0.008564005694565169,15.029999732971191
2024-04-29,89.25,89.46,88.54,89.0144,126366.0,-0.005297887438050819,14.670000076293945
2024-04-30,88.85,89.49,88.64,89.05,337301.0,0.00039993529136861383,15.649999618530273
2024-05-01,89.05,89.05,89.05,89.05,5524.0,0.0,15.390000343322754
2024-05-02,89.065,89.67,88.47,88.7791,134450.0,-0.0030421111734979522,14.680000305175781
2024-05-03,88.82,88.84,87.91,88.72,57516.0,-0.0006656972192780053,13.489999771118164
2024-05-07,88.325,89.79,88.26,89.78,334954.0,0.01194770063119921,13.229999542236328
2024-05-08,90.08,90.69,90.0,90.54,409375.0,0.008465137001559375,13.0
2024-05-10,91.435,92.35,91.225,91.445,1492061.0,0.0099955820631763,12.550000190734863
2024-05-13,92.41,93.04,92.38,92.43,3777312.0,0.010771501995735289,13.600000381469727
2024-05-14,92.99,93.74,92.32,93.49,74904.0,0.011468138050416465,13.420000076293945
2024-05-15,93.545,93.71,93.04,93.3,73512.0,-0.002032302920098372,12.449999809265137
2024-05-16,92.92,93.14,92.47,92.89,32729.0,-0.0043944265809217065,12.420000076293945
2024-05-17,93.155,93.84,93.01,93.37,100905.0,0.005167402303800195,11.989999771118164
2024-05-21,93.66,94.08,93.04,93.39,1087602.0,0.0002142015636714678,11.859999656677246
2024-05-22,93.475,93.6,93.03,93.3,170485.0,-0.0009637006103437873,12.289999961853027
2024-05-23,93.425,93.54,92.62,92.77,557019.0,-0.00568060021436223,12.770000457763672
2024-05-24,92.325,92.39,91.25,91.74,55934.0,-0.011102727174733262,11.930000305175781
2024-05-28,92.245,92.25,90.88,91.11,113511.0,-0.006867233485938429,12.920000076293945
2024-05-29,90.745,91.01,90.37,90.84,518382.0,-0.0029634507737898996,14.279999732971191
2024-05-30,91.71,91.76,90.91,91.15,171012.0,0.0034125935711140087,14.470000267028809
2024-05-31,91.115,93.1793,90.84,93.17,217297.0,0.022161272627537087,12.920000076293945
2024-06-03,93.74,93.79,92.56,92.7876,216265.0,-0.004104325426639521,13.109999656677246
2024-06-04,92.305,92.95,91.96,92.4522,58900.0,-0.0036147071375915996,13.15999984741211
2024-06-05,93.565,94.5,93.47,94.32,334555.0,0.02020287240325258,12.630000114440918
2024-06-06,94.15,94.99,94.04,94.46,584328.0,0.001484308736217077,12.579999923706055
2024-06-07,94.94,95.4,94.68,95.0832,178097.0,0.006597501587973786,12.220000267028809
2024-06-10,94.315,94.5,93.88,94.33,85749.0,-0.007921483500765714,12.739999771118164
2024-06-11,94.745,95.01,93.83,94.115,393224.0,-0.0022792324817131338,12.850000381469727
2024-06-12,94.04,94.84,94.0,94.5162,329741.0,0.0042628698932156706,12.039999961853027
2024-06-13,94.705,94.93,94.05,94.555,291315.0,0.00041051163715866146,11.9399995803833
2024-06-14,94.44,95.21,94.06,94.7467,379817.0,0.0020273914652846337,12.65999984741211
2024-06-17,94.365,94.44,93.13,94.2542,1508469.0,-0.005198070223026319,12.75
2024-06-18,93.61,93.65,92.76,93.27,94660.0,-0.010441974999522596,12.300000190734863
2024-06-19,92.84,94.0,92.82,93.4633,1298332.0,0.0020724777527609817,
2024-06-20,93.945,94.33,93.22,93.8318,1381059.0,0.003942724042485191,13.279999732971191
2024-06-21,94.16,94.75,93.99,94.2168,1802875.0,0.004103086586850102,13.199999809265137
2024-06-24,94.16,96.26,94.04,95.5682,269111.0,0.014343514107887367,13.329999923706055
2024-06-25,95.64,96.06,95.52,95.8033,351002.0,0.0024600233131939486,12.84000015258789
2024-06-26,96.235,96.99,95.66,96.1509,46586.0,0.0036282675022676347,12.550000190734863
2024-06-27,95.965,96.1,95.44,95.6062,1408236.0,-0.005665053577241563,12.239999771118164
2024-06-28,95.885,96.37,95.73,96.03,184070.0,0.004432766912606079,12.4399995803833
2024-07-01,96.04,97.04,95.68,96.219,62278.0,0.0019681349578255514,12.220000267028809
2024-07-02,95.885,96.52,95.54,96.3594,80079.0,0.0014591712655505074,12.029999732971191
2024-07-03,96.45,96.61,95.91,96.28,64043.0,-0.0008239984889900631,12.09000015258789
2024-07-04,96.5,97.37,96.19,97.0508,656718.0,0.008005816368923835,
2024-07-05,97.475,97.53,96.5,97.0881,78751.0,0.00038433480198007963,12.479999542236328
2024-07-08,96.91,97.67,96.38,96.5,547721.0,-0.006057384993629511,12.369999885559082
2024-07-09,96.93,97.96,96.93,97.5071,163247.0,0.010436269430051714,12.510000228881836
2024-07-10,97.105,98.32,96.93,97.5248,130936.0,0.00018152524277725846,12.850000381469727
2024-07-11,99.145,100.3,99.06,99.8416,75029.0,0.023756008728036404,12.920000076293945
2024-07-12,99.36,100.7,99.21,100.355,96486.0,0.0051421451579301,12.460000038146973
2024-07-15,100.215,100.94,99.1,99.5757,47534.0,-0.007765432713865872,13.119999885559082
2024-07-16,98.485,99.13,98.41,98.7412,69775.0,-0.008380558710609054,13.1899995803833
2024-07-17,98.485,99.47,97.59,97.74,796941.0,-0.010139637760124609,14.479999542236328
2024-07-18,96.58,97.96,94.8,95.7622,2120751.0,-0.020235318191119123,15.930000305175781
2024-07-19,94.785,96.16,94.03,95.0,222174.0,-0.007959299180678836,16.520000457763672
2024-07-22,94.775,96.38,94.6,96.33,1377337.0,0.014000000000000012,14.90999984741211
2024-07-23,96.685,96.99,95.64,96.4939,1410015.0,0.0017014429565036515,14.720000267028809
2024-07-24,95.73,96.36,94.85,95.7655,509899.0,-0.0075486636979124055,18.040000915527344
2024-07-25,97.08,97.08,95.8,96.1693,271732.0,0.004216549801337788,18.459999084472656
2024-07-26,97.035,97.45,96.2,96.7698,166823.0,0.006244196432749316,16.389999389648438
2024-07-29,97.405,98.56,97.24,98.0587,81269.0,0.013319238026739733,16.600000381469727
2024-07-30,98.265,98.72,97.67,98.308,48791.0,0.002542354732420593,17.690000534057617
2024-07-31,98.505,98.94,97.93,98.4557,30615.0,0.0015024209626885998,16.360000610351562
2024-08-02,97.135,97.8,96.24,97.0129,104626.0,-0.014654306454577992,23.389999389648438
2024-08-05,95.545,95.6,93.41,94.1607,179987.0,-0.02940021378600166,38.56999969482422
2024-08-06,92.97,93.65,91.99,92.68,533442.0,-0.015725244183613762,27.709999084472656
2024-08-07,93.985,96.93,93.89,96.1426,95567.0,0.03736081139404401,27.850000381469727
2024-08-08,96.03,96.18,95.04,95.6527,1018088.0,-0.0050955559762270175,23.790000915527344
2024-08-09,96.375,115.9756,95.85,96.4833,129155.0,0.008683497695308073,20.3700008392334
2024-08-12,96.9,97.26,96.52,96.81,169776.0,0.003386078212499033,20.709999084472656
2024-08-13,96.605,97.17,95.63,96.5949,1329595.0,-0.0022218779051751403,18.1200008392334
2024-08-14,97.465,98.39,97.25,97.605,180915.0,0.01045707382066774,16.190000534057617
2024-08-15,98.465,99.26,98.28,99.0322,1132600.0,0.014622201731468776,15.229999542236328
2024-08-16,98.715,99.78,98.67,99.47,699437.0,0.004420784350948503,14.800000190734863
2024-08-19,99.17,100.3,99.16,99.66,594316.0,0.0019101236553733525,14.649999618530273
2024-08-20,100.22,100.75,100.06,100.22,441131.0,0.005619104956853249,15.880000114440918
2024-08-21,100.04,100.64,99.86,100.5857,285731.0,0.0036489722610257846,16.270000457763672
2024-08-22,100.26,100.78,100.26,100.5322,395385.0,-0.0005318847510132896,17.549999237060547
2024-08-23,100.67,100.96,100.34,100.813,105350.0,0.0027931349358711888,15.859999656677246
2024-08-27,100.965,101.26,100.7,100.76,368778.0,-0.0005257258488488015,15.430000305175781
2024-08-28,101.0,101.78,100.94,101.5,297052.0,0.007344184200079429,17.110000610351562
2024-08-29,101.195,102.1,101.12,101.92,422216.0,0.004137931034482678,15.649999618530273
2024-08-30,101.9,102.6,101.82,102.08,285602.0,0.0015698587127157548,15.0
2024-09-02,102.33,102.72,101.96,102.0822,124259.0,2.1551724137980344e-05,
2024-09-03,101.94,102.0,100.96,101.3192,1424596.0,-0.007474368695032041,20.719999313354492
2024-09-04,100.335,101.04,100.12,100.92,1770526.0,-0.003940023213763966,21.31999969482422
2024-09-05,100.08,100.18,98.91,99.2998,300111.0,-0.016054300435988877,19.899999618530273
2024-09-06,97.995,99.65,97.64,98.6136,310650.0,-0.0069103865264582565,22.3799991607666
2024-09-09,98.85,99.79,98.73,99.0733,471012.0,0.004661628821988062,19.450000762939453
2024-09-10,99.4,99.55,98.44,99.1519,1798018.0,0.0007933519929184119,19.079999923706055
2024-09-11,97.045,97.79,95.85,96.3469,304952.0,-0.0282899268697826,17.690000534057617
2024-09-12,98.44,98.84,98.0,98.6536,740200.0,0.023941610991116358,17.06999969482422
2024-09-13,98.345,98.59,97.67,98.069,747328.0,-0.005925784766090625,16.559999465942383
2024-09-16,97.955,98.92,97.9,98.65,167135.0,0.005924400167229171,17.139999389648438
2024-09-17,99.11,99.2,97.91,98.03,558719.0,-0.006284845413076612,17.610000610351562
2024-09-18,98.155,98.49,97.56,98.0,1181728.0,-0.00030602876670404733,18.229999542236328
2024-09-19,98.565,99.1526,98.21,98.82,866622.0,0.0083673469387755,16.329999923706055
2024-09-20,98.31,99.27,98.25,99.0082,499442.0,0.0019044727787898008,16.149999618530273
2024-09-23,98.42,99.12,98.42,98.5253,1180742.0,-0.004877373793281792,15.890000343322754
2024-09-24,98.795,98.95,97.93,98.4,1156242.0,-0.001271754564563632,15.390000343322754
2024-09-25,98.64,99.36,98.5,99.36,418615.0,0.009756097560975618,15.40999984741211
2024-09-26,99.735,99.86,96.86,97.4524,1418721.0,-0.019198872785829324,15.369999885559082
2024-09-27,97.6,98.14,97.32,97.8087,1859439.0,0.0036561439225715198,16.959999084472656
2024-09-30,97.32,97.62,97.03,97.3004,854806.0,-0.005196879214221295,16.729999542236328
2024-10-01,97.475,97.77,96.69,97.3923,312133.0,0.0009444976587968945,19.260000228881836
2024-10-02,96.695,97.47,96.64,97.0795,320577.0,-0.0032117528798478734,18.899999618530273
2024-10-03,97.6,98.02,97.15,97.7043,80685.0,0.00643596227833898,20.489999771118164
2024-10-04,97.185,97.72,96.88,97.2622,1078199.0,-0.004524877615417089,19.209999084472656
2024-10-07,97.855,98.12,97.21,97.6775,323593.0,0.004269901359418071,22.639999389648438
2024-10-08,97.705,97.93,97.28,97.6422,1349510.0,-0.00036139336080465156,21.420000076293945
2024-10-09,97.705,99.27,97.6,98.6664,262820.0,0.01048931711903256,20.860000610351562
2024-10-10,99.44,100.0,98.57,99.4089,397099.0,0.007525358176643682,20.93000030517578
2024-10-11,98.48,99.61,98.38,98.8194,866832.0,-0.005930052540567332,20.459999084472656
2024-10-14,99.77,100.36,99.7,100.0771,70490.0,0.012727258008042863,19.700000762939453
2024-10-15,100.34,100.84,99.82,100.616,316242.0,0.005384848281974497,20.639999389648438
2024-10-16,100.235,100.96,100.16,100.5727,1201423.0,-0.00043034904985295164,19.579999923706055
2024-10-17,101.02,101.14,99.89,100.66,526233.0,0.0008680287990676661,19.110000610351562
2024-10-18,100.765,101.16,100.3,100.8989,463877.0,0.0023733359825153233,18.030000686645508
2024-10-21,100.945,101.16,100.44,100.8295,472826.0,-0.0006878172110895697,18.3700008392334
2024-10-22,99.925,100.04,98.55,99.1367,90391.0,-0.016788737423075517,18.200000762939453
2024-10-23,99.285,99.43,98.59,99.0011,74726.0,-0.0013678082889586607,19.239999771118164
2024-10-24,99.365,99.47,98.24,98.8484,120766.0,-0.0015424071045674337,19.079999923706055
2024-10-25,97.855,98.81,97.8,98.4147,160009.0,-0.004387526758146798,20.329999923706055
2024-10-28,98.97,100.02,98.16,98.9079,112838.0,0.005011446460742253,19.799999237060547
2024-10-29,98.095,98.2,95.57,96.5,121048.0,-0.024344870328861457,19.34000015258789
2024-10-30,96.07,96.55,95.05,95.8517,137078.0,-0.006718134715026025,20.350000381469727
2024-10-31,94.93,95.07,93.38,93.9615,255115.0,-0.019720046697137228,23.15999984741211
2024-11-01,94.08,95.62,94.08,95.034,119339.0,0.01141424945323366,21.8799991607666
2024-11-04,95.145,96.23,95.0,95.8416,146609.0,0.008498011238083247,21.979999542236328
2024-11-05,95.64,95.84,93.83,95.5333,333148.0,-0.0032167659972287543,20.489999771118164
2024-11-06,95.21,95.71,93.16,94.09,165934.0,-0.01510782104250552,16.270000457763672
2024-11-07,93.515,93.88,92.75,93.0,261621.0,-0.011584652991816435,15.199999809265137
2024-11-08,93.7,93.8,92.77,92.86,115777.0,-0.0015053763440859846,14.9399995803833
2024-11-11,93.25,93.61,93.03,93.2499,88072.0,0.004198793883265051,14.970000267028809
2024-11-12,92.83,92.93,92.275,92.36,56302.0,-0.00954317377284053,14.710000038146973
2024-11-13,92.285,92.48,91.42,91.95,194523.0,-0.004439151147682896,14.020000457763672
2024-11-14,92.0,92.86,91.61,91.68,200929.0,-0.0029363784665579207,14.3100004196167
2024-11-15,91.585,92.03,91.11,91.71,294143.0,0.0003272251308898966,16.139999389648438
2024-11-18,91.39,91.5,90.65,91.11,1149417.0,-0.006542361792607032,15.579999923706055
2024-11-19,91.505,91.68,90.09,91.06,82060.0,-0.000548787180331467,16.350000381469727
2024-11-20,91.38,91.43,90.7,90.8913,191897.0,-0.0018526246430924376,17.15999984741211
2024-11-21,91.65,91.7,90.77,91.49,113077.0,0.006586989073761762,16.8700008392334
2024-11-22,92.09,93.98,92.09,93.68,281969.0,0.023937042299704947,15.239999771118164
2024-11-25,92.48,93.04,91.93,92.4206,238036.0,-0.01344363791631098,14.600000381469727
2024-11-26,92.02,92.32,91.61,91.75,212894.0,-0.007255958087266201,14.100000381469727
2024-11-27,92.06,92.75,91.71,92.1344,165513.0,0.004189645776566664,14.100000381469727
2024-11-28,92.82,93.46,92.75,93.1941,955178.0,0.011501675812725765,
2024-11-29,93.3,93.5,92.47,93.1618,73159.0,-0.0003465884642912531,13.510000228881836
2024-12-02,93.075,93.64,92.82,93.1821,183665.0,0.00021790046993519496,13.34000015258789
2024-12-03,92.85,93.56,92.72,93.02,744372.0,-0.001739604494854774,13.300000190734863
2024-12-04,91.905,93.02,89.685,90.1,449681.0,-0.03139109868845413,13.449999809265137
2024-12-05,90.56,91.11,90.2,90.5721,241214.0,0.005239733629300858,13.539999961853027
2024-12-06,90.45,90.48,89.81,90.2008,547069.0,-0.004099496423291549,12.770000457763672
2024-12-09,89.805,90.04,88.97,89.3567,184207.0,-0.009358010128513228,14.1899995803833
2024-12-10,89.36,89.65,88.73,89.32,5811990.0,-0.0004107134663657863,14.180000305175781
2024-12-11,88.225,88.6,87.86,88.2831,1826945.0,-0.011608822212270331,13.579999923706055
2024-12-12,87.67,88.4,87.1,87.64,1938019.0,-0.007284519913777432,13.920000076293945
2024-12-13,88.13,88.13,87.5,87.74,582214.0,0.0011410314924691356,13.8100004196167
2024-12-16,87.865,88.15,87.47,87.7605,500964.0,0.0002336448598130314,14.6899995803833
2024-12-17,87.115,88.77,86.76,88.72,1036264.0,0.010933164692543906,15.869999885559082
2024-12-18,88.675,88.75,87.97,88.2234,2901032.0,-0.005597385031559932,27.6200008392334
2024-12-19,87.445,87.98,86.84,87.38,318079.0,-0.009559821997338624,24.09000015258789
2024-12-20,86.265,86.95,85.81,86.3102,1500686.0,-0.012243076218814375,18.360000610351562
2024-12-23,86.87,87.99,86.61,87.68,244791.0,0.01587066186846986,16.780000686645508
2024-12-27,88.325,88.82,87.82,87.9933,126809.0,0.0035732208029197743,15.949999809265137
2024-12-30,88.755,89.2,88.34,88.557,97030.0,0.006406169560636998,17.399999618530273
2025-01-03,88.655,89.08,88.4245,88.6752,460082.0,0.0013347335614350975,16.1299991607666
2025-01-06,89.075,89.16,88.32,88.96,124376.0,0.0032117209772291044,16.040000915527344
2025-01-07,88.44,90.39,88.1,90.39,95898.0,0.016074640287769837,17.81999969482422
2025-01-08,90.215,91.1,89.855,90.6351,210356.0,0.0027115831397277468,17.700000762939453
2025-01-09,91.145,92.07,90.87,91.7497,129726.0,0.012297663929316638,
2025-01-10,91.565,91.64,90.91,91.2842,538899.0,-0.005073586071671188,19.540000915527344
2025-01-13,90.95,91.04,90.22,90.5439,649255.0,-0.008109837189787528,19.190000534057617
2025-01-14,90.42,91.07,89.94,90.11,1318893.0,-0.004792150547966223,18.709999084472656
2025-01-15,89.935,90.74,89.7,90.2804,461041.0,0.0018910220841195091,16.1200008392334
2025-01-16,90.385,90.72,90.135,90.4764,115743.0,0.0021710138634742915,16.600000381469727
2025-01-17,90.43,90.84,89.32,89.8373,420920.0,-0.007063720484015712,15.970000267028809
2025-01-20,88.99,89.56,88.94,89.3128,955486.0,-0.005838332184961104,
2025-01-21,89.185,89.73,89.15,89.36,1105901.0,0.0005284796804041481,15.0600004196167
2025-01-22,90.59,90.74,89.53,89.73,1084113.0,0.004140555058191664,15.100000381469727
2025-01-23,89.71,90.52,89.36,90.0569,1160483.0,0.0036431516772539307,15.020000457763672
2025-01-24,90.87,90.97,89.91,90.26,1848117.0,0.0022552408532827695,14.850000381469727
2025-01-27,90.89,92.47,90.77,91.8,808591.0,0.01706182140483037,17.899999618530273
2025-01-28,93.23,93.3,92.36,92.44,716704.0,0.006971677559912903,16.40999984741211
2025-01-29,92.11,93.74,92.01,93.44,481290.0,0.01081782778018181,16.559999465942383
2025-01-30,93.34,94.0,93.34,93.66,913297.0,0.0023544520547944536,15.84000015258789
2025-01-31,95.855,97.95,95.33,96.5919,345835.0,0.03130365150544523,16.43000030517578
2025-02-03,94.85,96.1102,94.52,95.4584,1266403.0,-0.011734938436866793,18.6200008392334
2025-02-04,96.725,96.87,95.14,95.59,1219973.0,0.0013786109970417293,17.209999084472656
2025-02-05,95.79,98.58,95.64,97.1624,644647.0,0.016449419395334175,15.770000457763672
2025-02-06,99.19,99.19,97.56,98.3306,941578.0,0.012023169456497618,15.5
2025-02-07,96.91,97.86,96.83,97.3537,444864.0,-0.00993485242640646,16.540000915527344
2025-02-10,96.635,97.46,96.46,97.0485,572419.0,-0.003134960458616387,15.8100004196167
2025-02-11,97.27,98.04,96.89,97.3505,260785.0,0.003111846138786234,16.020000457763672
2025-02-12,97.875,97.9,97.13,97.5032,168666.0,0.0015685589699077074,15.890000343322754
2025-02-13,96.09,97.78,96.06,97.1811,195593.0,-0.0033034813216387127,15.100000381469727
2025-02-14,97.135,97.23,95.22,96.4229,495219.0,-0.0078019285642990654,14.770000457763672
2025-02-17,95.465,95.74,95.17,95.5121,2807856.0,-0.00944588889153919,
2025-02-18,95.6,96.17,95.38,95.8265,1240769.0,0.0032917295295569193,15.350000381469727
2025-02-19,96.16,96.66,95.82,96.1918,1152808.0,0.003812097906111589,15.270000457763672
2025-02-20,96.45,96.735,95.45,95.9598,256675.0,-0.0024118479953593175,15.65999984741211
2025-02-21,95.875,98.29,95.38,96.29,345124.0,0.003441024262243131,18.209999084472656
2025-02-24,98.13,98.895,97.96,98.2798,1705231.0,0.02066465884307811,18.979999542236328
2025-02-25,98.41,100.74,98.41,99.5692,5610294.0,0.013119684818243327,19.43000030517578
2025-02-26,97.995,98.5,96.78,97.4992,1613796.0,-0.020789561430643144,19.100000381469727
2025-02-27,96.48,97.75,96.3,97.254,390990.0,-0.0025148924298865616,21.1299991607666
2025-02-28,97.405,98.06,96.98,97.5041,3308505.0,0.00257161659160543,19.6299991607666
2025-03-03,98.465,99.08,97.92,98.7612,11439100.0,0.012892791174935248,22.780000686645508
2025-03-04,99.005,99.945,98.94,99.5104,6404575.0,0.007585975059031247,23.510000228881836
2025-03-05,99.01,100.22,98.36,99.2566,1929353.0,-0.002550487185258965,21.93000030517578
2025-03-06,99.09,99.82,98.54,99.0663,349272.0,-0.001917252857744578,24.8700008392334
2025-03-07,99.09,101.08,98.75,100.8828,5091368.0,0.018336205147461815,23.3700008392334
2025-03-10,101.08,101.82,100.42,101.666,661467.0,0.007763464138584419,27.860000610351562
2025-03-11,98.5,98.7,95.41,98.52,782052.0,-0.03094446520960792,26.920000076293945
2025-03-12,95.73,97.1647,95.72,96.4079,294331.0,-0.02143828664230607,24.229999542236328
2025-03-13,95.975,97.49,95.84,96.93,496764.0,0.005415531299820975,24.65999984741211
2025-03-14,96.645,96.79,95.33,96.1548,718274.0,-0.007997523986382093,21.770000457763672
2025-03-17,96.285,98.6,96.22,97.6523,10789670.0,0.015573845507452555,20.510000228881836
2025-03-18,98.525,98.8,97.94,98.3297,1190238.0,0.0069368565819751815,21.700000762939453
2025-03-19,98.155,98.705,97.88,98.3079,1302483.0,-0.0002217031069960962,19.899999618530273
2025-03-20,97.835,99.92,97.78,99.78,2065119.0,0.014974381509522683,19.799999237060547
2025-03-21,98.815,99.95,98.64,99.48,3477059.0,-0.0030066145520144527,19.280000686645508
2025-03-24,99.15,99.29,98.12,98.8338,877559.0,-0.006495778045838452,17.479999542236328
2025-03-25,98.345,99.3,97.88,98.8159,1384591.0,-0.00018111212965599144,17.149999618530273
2025-03-26,97.34,97.52,96.015,96.11,898171.0,-0.027383245004093504,18.329999923706055
2025-03-27,97.405,98.61,96.74,98.29,363049.0,0.022682343148475725,18.690000534057617
2025-03-28,98.175,98.94,98.03,98.59,309744.0,0.003052192491606487,21.649999618530273
2025-03-31,98.21,98.51,97.485,97.9762,367362.0,-0.006225783548027164,22.280000686645508
2025-04-01,99.165,100.42,98.09,100.1107,297097.0,0.02178590310708106,21.770000457763672
2025-04-02,96.92,97.465,96.71,97.0251,581828.0,-0.03082188017864229,21.510000228881836
2025-04-03,98.11,98.65,96.9,97.6707,381680.0,0.0066539483082213025,30.020000457763672
2025-04-04,95.825,96.35,91.51,92.9245,526748.0,-0.048593897658151364,45.310001373291016
2025-04-07,86.295,89.96,85.81,87.1147,348697.0,-0.06252172462590588,46.97999954223633
2025-04-08,88.98,89.99,87.05,88.9,722713.0,0.020493670987789647,52.33000183105469
2025-04-09,84.82,85.56,81.22,83.67,1067840.0,-0.058830146231721114,33.619998931884766
2025-04-10,90.19,90.3,84.51,87.8724,350631.0,0.05022588741484402,40.720001220703125
2025-04-11,86.235,87.0,85.28,86.1835,1109197.0,-0.01921991433032444,37.560001373291016
2025-04-14,87.925,89.34,87.17,88.9382,496045.0,0.03196319481107168,30.889999389648438
2025-04-15,89.3,90.39,88.91,90.2,350367.0,0.01418737955119398,30.1200008392334
2025-04-16,89.6,90.85,89.45,89.9836,87367.0,-0.002399113082039994,32.63999938964844
2025-04-17,89.935,90.63,89.34,90.0229,168381.0,0.0004367462515393328,29.649999618530273
2025-04-22,90.82,91.36,89.715,90.68,4852569.0,0.007299253856518639,30.56999969482422
2025-04-23,91.68,92.02,90.52,91.2328,204849.0,0.006096162329069177,28.450000762939453
2025-04-24,91.64,92.505,91.07,92.1412,96928.0,0.009956945309143261,26.469999313354492
2025-04-25,92.345,93.09,91.7,92.5548,166130.0,0.004488762898681609,24.84000015258789
2025-04-28,93.015,93.7,92.37,93.4321,290763.0,0.009478708829796068,25.149999618530273
2025-04-29,94.705,94.9,93.0,94.255,417349.0,0.00880746552844247,24.170000076293945
2025-04-30,94.02,94.53,93.27,93.865,1039807.0,-0.004137711527239962,24.700000762939453
2025-05-01,93.865,93.865,93.865,93.865,0.0,0.0,24.600000381469727
2025-05-02,92.85,94.86,92.8,94.51,284115.0,0.006871570873062449,22.68000030517578
2025-05-06,92.745,93.475,92.46,92.745,88368.0,-0.018675272457940983,24.760000228881836
2025-05-07,90.81,92.4,90.5,92.0,247902.0,-0.008032778047334155,23.549999237060547
2025-05-08,91.535,92.385,90.71,91.4894,980114.0,-0.005549999999999944,22.479999542236328
2025-05-09,91.825,91.96,90.57,91.585,684628.0,0.0010449297951455883,21.899999618530273
2025-05-12,88.295,91.83,88.08,91.65,418896.0,0.0007097232079489313,18.389999389648438
2025-05-13,91.76,91.93,89.97,90.47,313597.0,-0.012875068194217243,18.219999313354492
2025-05-14,89.78,90.88,89.1,89.845,681671.0,-0.006908367414612537,18.6200008392334
2025-05-15,87.99,90.34,87.99,89.36,558637.0,-0.00539818576437201,17.829999923706055
2025-05-16,90.625,91.76,90.46,90.97,390237.0,0.01801700984780652,17.239999771118164
2025-05-19,91.6,91.76,91.09,91.53,419124.0,0.006155875563372604,18.139999389648438
2025-05-20,92.215,93.96,92.01,93.16,270944.0,0.017808368840817268,18.09000015258789
2025-05-21,92.96,93.82,92.89,93.0073,306748.0,-0.0016391155002146718,20.8700008392334
2025-05-22,93.37,93.55,92.27,93.495,178770.0,0.005243674421255173,20.280000686645508
2025-05-23,93.38,93.62,91.7,92.08,581886.0,-0.015134499171078786,22.290000915527344
2025-05-27,93.64,94.17,93.49,93.64,738095.0,0.016941789748045277,18.959999084472656
2025-05-28,93.31,93.67,92.54,93.405,274257.0,-0.002509611277231927,19.309999465942383
2025-05-29,93.405,93.405,93.405,93.405,0.0,0.0,19.18000030517578
2025-05-30,93.095,95.095,93.03,94.695,427730.0,0.013810823831700514,18.56999969482422
2025-06-02,95.475,95.63,94.64,95.08,474652.0,0.004065684566239014,18.360000610351562
2025-06-03,95.32,95.73,94.945,95.2896,672682.0,0.002204459402608272,17.690000534057617
2025-06-04,95.525,96.43,94.85,95.495,452148.0,0.0021555342870576144,17.610000610351562
2025-06-05,95.875,96.88,95.8,96.18,794785.0,0.00717315042672384,18.479999542236328
2025-06-06,96.625,97.46,96.5,96.695,116568.0,0.005354543564150438,16.770000457763672
2025-06-09,96.695,96.695,96.695,96.695,0.0,0.0,17.15999984741211
2025-06-10,97.23,97.96,97.15,97.22,375019.0,0.005429443094265629,16.950000762939453
2025-06-11,97.665,97.9,97.0,97.815,1042950.0,0.006120139888911691,17.260000228881836
2025-06-12,96.66,98.355,96.66,98.19,320996.0,0.0038337678270203845,18.020000457763672
2025-06-13,96.735,98.0,96.48,97.515,769329.0,-0.006874427131072336,20.81999969482422
2025-06-16,96.88,96.895,96.02,96.4673,336792.0,-0.010743988104394253,19.110000610351562
2025-06-17,95.63,96.4,95.22,95.8259,2047875.0,-0.006648885166268714,21.600000381469727
2025-06-18,95.065,95.49,94.49,95.025,968947.0,-0.008357865670972076,20.139999389648438
2025-06-19,94.745,95.55,94.49,94.755,571768.0,-0.0028413575374902633,
2025-06-20,95.175,95.7,94.72,95.37,600391.0,0.0064904226689885824,20.6200008392334
2025-06-23,94.43,95.27,94.35,94.78,141685.0,-0.0061864317919682055,19.829999923706055
2025-06-24,95.66,96.3,95.08,95.8161,363531.0,0.010931631145811416,17.479999542236328
2025-06-25,95.69,95.84,94.91,95.565,136903.0,-0.0026206451734104297,16.760000228881836
2025-06-26,95.465,96.52,95.39,95.78,1098460.0,0.0022497776382566226,16.59000015258789
2025-06-27,96.365,97.22,95.95,96.47,148680.0,0.007204009187721905,16.31999969482422
2025-06-30,96.07,96.38,95.55,95.8934,178771.0,-0.005976987664558897,16.729999542236328
2025-07-01,96.705,97.9,96.27,96.7473,305542.0,0.008904679571273943,16.829999923706055
2025-07-02,97.98,98.76,97.02,97.8,116618.0,0.010880923808726406,16.639999389648438
2025-07-03,97.955,98.315,96.4,96.645,689883.0,-0.011809815950920233,16.3799991607666
2025-07-04,96.53,99.6,96.4,97.94,121884.0,0.01339955507268864,
2025-07-07,97.745,97.87,97.2,97.6349,462176.0,-0.003115172554625234,17.790000915527344
2025-07-08,97.625,97.845,96.9,97.645,159284.0,0.00010344661591288329,16.809999465942383
2025-07-09,97.21,97.89,96.83,97.415,193387.0,-0.002355471350299454,15.9399995803833
2025-07-10,97.915,99.5,97.88,99.5,93006.0,0.021403274649694604,15.779999732971191
2025-07-11,98.56,98.88,95.96,97.185,573909.0,-0.023266331658291395,16.399999618530273
2025-07-14,96.51,96.8,95.79,96.2,285722.0,-0.010135308946853883,17.200000762939453
2025-07-15,96.615,97.32,95.74,96.8233,346687.0,0.006479209979209921,17.3799991607666
2025-07-16,96.17,96.3,94.705,94.86,170866.0,-0.02027714403454539,17.15999984741211
2025-07-17,94.04,95.23,92.44,93.535,534027.0,-0.013967952772506842,16.520000457763672
2025-07-18,92.355,92.94,91.925,92.48,171760.0,-0.011279200299353143,16.40999984741211
2025-07-21,91.825,92.305,91.41,92.17,232958.0,-0.003352076124567449,16.649999618530273
2025-07-22,91.415,92.42,91.29,91.7358,567040.0,-0.004710860366713754,16.5
2025-07-23,93.6,93.64,92.64,93.6,356266.0,0.020321401241391035,15.369999885559082
2025-07-24,93.895,94.0,93.15,93.455,911189.0,-0.0015491452991452936,15.390000343322754
2025-07-25,93.585,93.66,92.64,93.2,89310.0,-0.0027285859504574406,14.930000305175781
2025-07-28,93.945,94.26,93.19,93.75,146848.0,0.005901287553647938,15.029999732971191
2025-07-29,93.61,94.895,93.48,93.905,176834.0,0.0016533333333332845,15.979999542236328
2025-07-30,94.46,95.69,94.42,94.655,49942.0,0.007986795165326743,15.479999542236328
2025-07-31,95.475,95.91,93.88,94.18,518845.0,-0.005018224076910882,16.719999313354492
2025-08-01,94.18,94.18,94.18,94.18,0.0,0.0,20.3799991607666
2025-08-04,92.55,94.71,92.5,93.0764,1481474.0,-0.011717986833722605,17.520000457763672
2025-08-05,95.435,95.7,94.94,95.4,381352.0,0.024964437816675344,17.850000381469727
2025-08-06,94.5,94.91,92.11,93.445,444114.0,-0.020492662473794665,16.770000457763672
2025-08-07,91.66,93.05,91.66,92.02,439769.0,-0.015249612071271845,16.56999969482422
2025-08-08,94.305,94.85,93.17,94.5,1355535.0,0.02695066289936965,15.149999618530273
2025-08-11,95.575,97.06,95.5,96.2143,158484.0,0.01814074074074079,16.25
2025-08-12,96.16,96.93,95.87,96.415,128699.0,0.002085968509878633,14.729999542236328
2025-08-13,96.285,97.55,96.23,96.55,157139.0,0.001400197064771902,14.489999771118164
2025-08-14,97.485,98.57,97.31,97.565,183261.0,0.01051268772656666,14.829999923706055
2025-08-15,98.78,99.49,98.7,98.99,1323573.0,0.014605647517039966,15.09000015258789
2025-08-18,99.71,100.36,99.34,99.66,911432.0,0.006768360440448484,14.989999771118164
2025-08-19,99.87,101.16,99.8,100.4403,728163.0,0.007829620710415375,15.569999694824219
2025-08-20,101.075,102.74,101.0,102.24,494673.0,0.017918106576742643,15.6899995803833
2025-08-21,102.205,102.92,101.834,102.205,500531.0,-0.0003423317683880489,16.600000381469727
2025-08-22,102.425,103.2,101.8,102.7,394400.0,0.004843207279487283,14.220000267028809
2025-08-26,100.625,102.28,100.58,101.28,543184.0,-0.01382667964946449,14.619999885559082
2025-08-27,101.545,102.6,101.5,101.92,260988.0,0.006319115323854652,14.850000381469727
2025-08-28,101.815,105.38,101.08,101.76,45482.0,-0.0015698587127158659,14.430000305175781
2025-08-29,101.25,101.66,100.92,101.355,181690.0,-0.003979952830188704,15.359999656677246
2025-09-01,101.41,101.92,101.08,101.4692,483443.0,0.0011267327709536534,
2025-09-02,101.255,101.86,101.0,101.2631,866528.0,-0.002031158223382179,17.170000076293945
2025-09-03,102.42,103.08,101.5,101.82,507325.0,0.005499535368757247,16.350000381469727
2025-09-04,102.99,104.62,102.82,104.53,867213.0,0.02661559615006892,15.300000190734863
2025-09-05,103.79,104.3,103.6,104.0,500979.0,-0.005070314742179338,15.180000305175781
2025-09-08,103.54,103.71,101.52,102.2559,593030.0,-0.01677019230769239,15.109999656677246
2025-09-09,102.23,102.38,101.58,102.06,563644.0,-0.001915781876644762,15.039999961853027
2025-09-10,101.8,102.28,100.52,100.535,2382034.0,-0.014942190868116878,15.350000381469727
2025-09-11,101.33,102.22,101.24,101.37,1949403.0,0.008305565226040867,14.710000038146973
2025-09-12,99.13,99.9,98.58,99.145,1019138.0,-0.02194929466311535,14.760000228881836
2025-09-15,98.935,99.15,97.23,97.6795,604387.0,-0.01478138080589031,15.6899995803833
2025-09-16,97.625,97.67,96.72,97.177,3442255.0,-0.0051443752271459475,16.360000610351562
2025-09-17,96.49,96.68,96.06,96.41,309352.0,-0.007892814143264482,15.720000267028809
2025-09-18,97.15,97.15,96.24,96.85,574659.0,0.0045638419251115,15.699999809265137
2025-09-19,96.8,98.185,96.72,96.89,1583870.0,0.0004130098089829559,15.449999809265137
2025-09-22,97.6,98.52,97.435,98.0,1057192.0,0.011456290638868882,16.100000381469727
2025-09-23,97.565,98.0,96.98,97.3585,716748.0,-0.006545918367346859,16.639999389648438
2025-09-24,97.435,97.99,96.81,97.57,633535.0,0.002172383510427922,16.18000030517578
2025-09-25,97.745,99.33,97.67,99.17,638736.0,0.016398483140309672,16.739999771118164
2025-09-26,98.015,98.65,97.22,97.62,777815.0,-0.01562972673187457,15.289999961853027
2025-09-29,98.29,99.35,98.08,98.9487,815913.0,0.013610940381069359,16.1200008392334
2025-09-30,98.74,100.5,98.41,99.4686,1140997.0,0.005254237802012396,16.280000686645508
2025-10-01,102.31,104.02,102.04,102.66,1843202.0,0.032084497017149216,16.290000915527344
2025-10-02,104.98,105.14,103.9,104.63,1482931.0,0.019189557763491072,16.6299991607666
2025-10-03,104.4,106.16,104.4,105.94,932143.0,0.012520309662620743,16.649999618530273
2025-10-06,105.08,106.38,105.0,105.5463,418872.0,-0.0037162544836699674,16.3700008392334
2025-10-07,105.41,105.6,104.86,105.3005,290923.0,-0.0023288357810743454,17.239999771118164
2025-10-08,105.21,106.62,105.2,106.2562,734199.0,0.009075930313721337,16.299999237060547
2025-10-09,106.25,106.86,106.16,106.5564,705317.0,0.0028252469032394867,16.43000030517578
2025-10-10,106.27,106.7,104.92,105.0836,813600.0,-0.013821788273627789,21.65999984741211
2025-10-13,104.8,105.2,103.72,104.4843,2885274.0,-0.005703078310982823,19.030000686645508
2025-10-14,103.73,104.68,103.72,103.7816,219172.0,-0.006725412334676162,20.809999465942383
2025-10-15,103.36,104.04,102.4,103.61,524319.0,-0.0016534722918127853,20.639999389648438
2025-10-16,103.09,104.42,102.9,103.26,900258.0,-0.0033780523115528593,25.309999465942383
2025-10-17,103.63,104.22,102.64,103.5,637969.0,0.0023242300987798004,20.780000686645508
2025-10-20,103.69,104.75,103.57,103.8131,604936.0,0.00302512077294681,18.229999542236328
2025-10-21,104.55,104.86,104.13,104.6076,1595894.0,0.0076531767185450406,17.8700008392334
2025-10-22,104.26,105.38,104.22,104.28,475908.0,-0.00313170362382853,18.600000381469727
2025-10-23,104.22,104.96,104.1,104.34,445106.0,0.0005753739930955959,17.299999237060547
2025-10-24,104.82,105.0,103.5,104.57,631798.0,0.0022043319915658888,16.3700008392334
2025-10-27,103.22,103.22,101.36,102.7147,2071988.0,-0.017742182270249596,15.789999961853027
2025-10-28,99.805,100.48,98.2,99.3714,1008934.0,-0.03254938192877943,16.420000076293945
2025-10-29,98.175,98.5,97.1,98.385,1275107.0,-0.009926397333639092,16.920000076293945
2025-10-30,97.7,98.88,97.6,97.875,318448.0,-0.005183717030035173,16.90999984741211
2025-10-31,100.185,100.3,98.65,99.87,464291.0,0.02038314176245226,17.440000534057617
2025-11-03,99.455,100.0,99.24,99.5199,253778.0,-0.00350555722439172,17.170000076293945
2025-11-04,99.905,101.48,99.16,101.48,1029334.0,0.01969555837576209,19.0
2025-11-05,101.0,102.02,100.6,100.9,251740.0,-0.005715411903823409,18.010000228881836
2025-11-06,101.55,102.4,101.29,101.55,271502.0,0.006442021803765963,19.5
2025-11-07,101.785,102.1,101.28,101.815,464216.0,0.0026095519448547932,19.079999923706055
2025-11-10,100.905,102.54,100.8,102.2198,177794.0,0.0039758385306685184,17.600000381469727
2025-11-11,102.58,104.08,102.2,104.08,396318.0,0.01819803991007607,17.280000686645508
2025-11-12,104.06,105.04,103.92,103.95,960883.0,-0.001249039200614921,17.510000228881836
2025-11-13,105.02,106.17,104.7,105.08,1091963.0,0.01087061087061092,20.0
2025-11-14,104.43,105.32,104.2,105.02,1530292.0,-0.0005709935287400159,19.829999923706055
2025-11-17,104.65,105.96,104.6,105.7816,1122363.0,0.007251952009141194,22.3799991607666
2025-11-18,104.53,104.9016,101.17,102.706,859592.0,-0.0290749998109312,24.690000534057617
2025-11-19,102.505,103.02,101.99,102.35,272120.0,-0.0034662045060659397,23.65999984741211
2025-11-20,102.95,103.12,99.465,99.925,1519409.0,-0.023693209574987772,26.420000076293945
2025-11-21,99.495,102.96,99.45,101.855,537931.0,0.019314485864398323,23.43000030517578
2025-11-24,102.91,103.52,102.5,103.0,4538112.0,0.011241470718177826,20.520000457763672
2025-11-25,103.81,105.08,103.3,104.5367,714690.0,0.014919417475728114,18.559999465942383
2025-11-26,104.8,105.66,104.68,104.84,1119004.0,0.002901373393267681,17.190000534057617
2025-11-27,104.8,105.18,104.38,104.82,1712085.0,-0.00019076688286923105,
2025-11-28,104.67,104.96,104.24,104.92,900463.0,0.0009540164090822145,16.350000381469727
2025-12-01,104.43,105.25,103.8754,104.5004,2600406.0,-0.00399923751429665,17.239999771118164
2025-12-02,103.71,106.46,103.62,103.7904,340091.0,-0.006794232366574615,16.59000015258789
2025-12-03,106.74,108.18,106.2,106.89,781617.0,0.02986403366785373,16.079999923706055
2025-12-04,106.78,107.44,106.7,107.01,1090723.0,0.0011226494527083464,15.779999732971191
2025-12-05,106.99,107.86,106.84,107.11,1734616.0,0.0009344921035416842,15.40999984741211
2025-12-08,107.17,107.833,106.29,106.878,1263674.0,-0.0021659975725889513,16.65999984741211
2025-12-09,106.56,107.52,106.22,106.82,995932.0,-0.0005426748255020764,16.93000030517578
2025-12-10,106.11,106.4,103.52,105.3627,989754.0,-0.013642576296573616,15.770000457763672
2025-12-11,105.12,106.34,104.44,105.7483,2347236.0,0.003659739167656051,14.850000381469727
2025-12-12,105.39,105.88,105.22,105.31,62229.0,-0.00414474748057414,15.739999771118164
