timestamp,Open,High,Low,Close,Volume,Return,VIX
2006-03-07,84.8633,85.5695,84.8633,85.5695,43.0,,12.65999984741211
2006-04-04,89.6729,89.6729,89.4013,89.4013,28.0,0.04477997417304058,11.140000343322754
2006-10-17,88.3895,88.3895,88.1289,88.1289,29.0,-0.01423245523275396,11.729999542236328
2006-10-24,96.1051,96.1051,95.7488,95.7488,13.0,0.08646312390146704,10.779999732971191
2006-10-31,97.147,97.147,95.2729,95.2729,26.0,-0.004970297277877123,11.100000381469727
2006-11-10,103.3162,103.3399,103.3162,103.3399,22.0,0.0846725564142583,10.789999961853027
2006-11-23,104.0992,104.0992,103.9821,103.9821,27.0,0.006214443791797697,
2007-03-05,107.6117,107.6117,106.3174,106.3174,48.0,0.022458673175479227,19.6299991607666
2007-04-27,117.9593,117.9593,117.9593,117.9593,42.0,0.10950136101898655,12.449999809265137
2007-06-06,118.0506,118.0506,117.6384,117.6384,54.0,-0.0027204298431746654,14.869999885559082
2007-06-08,114.5751,114.8422,114.5751,114.8422,27.0,-0.023769449431478185,14.84000015258789
2007-06-15,118.9992,118.9992,118.0411,118.0411,27.0,0.027854743291229056,13.9399995803833
2007-08-07,110.7348,111.928,110.7348,111.928,54.0,-0.05178789421650598,21.559999465942383
2007-11-06,133.524,134.493,133.524,134.493,160.0,0.20160281609606168,21.389999389648438
2007-11-13,131.837,131.837,131.1185,131.1185,126.0,-0.025090525157443033,24.100000381469727
2007-11-14,126.4034,130.2626,126.4034,130.2626,234.0,-0.0065276829737986874,25.940000534057617
2007-11-30,128.169,128.169,128.169,128.169,648.0,-0.01607214964233772,22.8700008392334
2007-12-05,124.0106,133.149,124.0106,124.0106,519.0,-0.032444662906007005,22.530000686645508
2007-12-07,124.4645,124.4645,124.4645,124.4645,3.0,0.003660170985383626,20.850000381469727
2007-12-18,134.2524,134.2524,131.5906,131.5906,34764.0,0.057254076463569836,22.639999389648438
2007-12-19,132.5,135.6,132.5,132.5,4738.0,0.00691082797707443,21.68000030517578
2007-12-20,135.4253,135.4253,135.4253,135.4253,4426.0,0.02207773584905648,20.579999923706055
2007-12-27,134.2484,134.2484,134.2484,134.2484,4729.0,-0.008690399799741955,20.260000228881836
2007-12-28,135.6075,136.697,135.6075,135.6075,3777.0,0.010123770562628476,20.739999771118164
2008-01-07,133.0151,133.0151,133.0151,133.0151,2516.0,-0.019116936747598734,23.790000915527344
2008-01-08,137.0803,137.0803,137.0803,137.0803,7665.0,0.030561943719171758,25.43000030517578
2008-01-11,138.6685,138.6685,138.6685,138.6685,1986.0,0.011585909864510135,23.68000030517578
2008-01-14,135.0484,135.0484,135.0484,135.0484,13387.0,-0.026106145231252986,22.899999618530273
2008-01-16,127.5254,127.5254,127.5061,127.5061,3919.0,-0.05584886603617656,24.3799991607666
2008-01-17,128.1783,128.1783,128.1783,128.1783,27961.0,0.005271904638287861,28.459999084472656
2008-01-21,120.9811,120.9811,120.9811,120.9811,6693.0,-0.05614990993015201,
2008-01-22,126.7,126.7,126.7,126.7,106.0,0.047271020018829324,31.010000228881836
2008-01-24,128.9,129.202,128.9,128.9,161.0,0.017363851617995252,27.780000686645508
2008-01-28,131.5,132.3275,131.5,131.5,22418.0,0.020170674941815347,27.780000686645508
2008-01-29,135.502,135.502,135.502,135.502,1511.0,0.030433460076045638,27.31999969482422
2008-01-30,137.4,137.4,137.4,137.4,64.0,0.014007173325854883,27.6200008392334
2008-01-31,138.5,138.85,134.9,134.9,112917.0,-0.0181950509461426,26.200000762939453
2008-02-01,136.9,136.9,136.9,136.9,307.0,0.014825796886582587,24.020000457763672
2008-02-05,135.7,135.7,134.5,134.5,344.0,-0.01753104455807164,28.239999771118164
2008-02-06,137.7799,137.7799,137.7799,137.7799,4653.0,0.024385873605947905,28.969999313354492
2008-02-08,137.35,137.35,137.35,137.35,5595.0,-0.003120193874433075,28.010000228881836
2008-02-11,138.0,138.0,137.62,137.62,7650.0,0.0019657808518385167,27.600000381469727
2008-02-12,139.9,139.9,139.9,139.9,1198.0,0.016567359395436743,26.329999923706055
2008-02-13,144.35,144.6,144.35,144.35,881.0,0.03180843459614002,24.8799991607666
2008-02-14,145.6,145.6,145.6,145.6,275.0,0.008659508139937655,25.540000915527344
2008-02-15,139.8,139.8,139.8,139.8,108.0,-0.039835164835164694,25.020000457763672
2008-02-18,139.6841,139.6841,139.6841,139.6841,1033.0,-0.0008290414878397989,
2008-02-19,142.0796,142.0796,142.0796,142.0796,1026.0,0.01714941070601439,25.59000015258789
2008-02-21,142.9651,142.9651,141.7,141.7,2003.0,-0.0026717417560297996,25.1200008392334
2008-02-25,142.7,142.7,142.7,142.7,6306.0,0.007057163020465884,23.030000686645508
2008-02-27,143.3824,143.7,143.3824,143.3824,10801.0,0.004782060266292909,22.690000534057617
2008-02-28,142.0633,143.6,142.0633,142.0633,13340.0,-0.009199873903631084,23.530000686645508
2008-02-29,140.7614,140.9,140.7614,140.7614,1786.0,-0.0091642246801249,26.540000915527344
2008-03-03,136.8,136.8,136.8,136.8,11.0,-0.0281426584276655,26.280000686645508
2008-03-04,138.5,138.5,138.5,138.5,11.0,0.01242690058479523,25.520000457763672
2008-03-05,142.1,142.1,142.1,142.1,231.0,0.025992779783393427,24.600000381469727
2008-03-06,143.5,143.5,143.5,143.5,100.0,0.009852216748768461,27.549999237060547
2008-03-07,139.9,139.9,139.7,139.7,45.0,-0.02648083623693387,27.489999771118164
2008-03-10,136.2,136.7132,135.9,135.9,2676.0,-0.027201145311381403,29.3799991607666
2008-03-11,135.9,136.5,135.6155,135.6155,4219.0,-0.0020934510669610162,26.360000610351562
2008-03-12,139.1,139.1,138.1,138.1,398.0,0.018320177265872983,27.219999313354492
2008-03-13,132.4845,132.4845,132.4845,132.4845,3648.0,-0.04066256335988416,27.290000915527344
2008-03-14,135.8,135.8,135.8,135.8,158.0,0.025025569028829908,31.15999984741211
2008-03-17,132.6609,132.6609,130.4,130.4,1569.0,-0.0397643593519883,32.2400016784668
2008-03-18,131.8,133.1402,131.8,131.8,3950.0,0.010736196319018454,25.790000915527344
2008-03-20,127.7,131.3,127.7,127.7,81939.0,-0.031107738998482626,26.6200008392334
2008-03-25,131.0,131.0,131.0,131.0,285.0,0.025841816758026548,25.719999313354492
2008-03-26,133.95,133.95,125.0,125.0,52493.0,-0.04580152671755722,26.079999923706055
2008-03-27,125.8428,125.8428,125.8428,125.8428,2416.0,0.006742400000000037,25.8799991607666
2008-03-28,131.1,131.1,131.1,131.1,111.0,0.04177592996977175,25.709999084472656
2008-03-31,128.0,131.5035,128.0,128.0,6607.0,-0.023646071700991533,25.610000610351562
2008-04-01,133.75,133.75,132.25,132.25,282.0,0.033203125,22.68000030517578
2008-04-02,133.25,133.25,133.0,133.0,276.0,0.005671077504725952,23.43000030517578
2008-04-04,131.45,131.45,131.1,131.1,161.0,-0.014285714285714346,22.450000762939453
2008-04-07,133.44,133.44,132.8664,132.8664,496.0,0.013473684210526304,22.420000076293945
2008-04-10,132.0,132.0,132.0,132.0,149.0,-0.006520835967558369,21.979999542236328
2008-04-11,129.85,129.85,129.2,129.2,585.0,-0.02121212121212135,23.459999084472656
2008-04-16,129.25,130.4402,129.25,129.25,1372.0,0.0003869969040248833,20.530000686645508
2008-04-17,130.5,130.5,130.5,130.5,1.0,0.009671179883945946,20.3700008392334
2008-04-21,130.5,130.5,130.5,130.5,1546.0,0.0,20.5
2008-04-22,130.4,130.4,130.4,130.4,9.0,-0.0007662835249041544,20.8700008392334
2008-04-23,136.5,137.5,136.5,136.5,195.0,0.046779141104294375,20.260000228881836
2008-04-24,137.5,137.7501,137.4,137.4,11706.0,0.00659340659340657,20.059999465942383
2008-04-25,140.2,140.675,140.2,140.2,463.0,0.020378457059679667,19.59000015258789
2008-04-28,142.4,142.4,142.4,142.4,8.0,0.01569186875891604,19.639999389648438
2008-05-02,137.2,140.9,137.2,137.2,4812.0,-0.036516853932584414,18.18000030517578
2008-05-06,137.35,137.35,137.35,137.35,48.0,0.0010932944606414363,18.209999084472656
2008-05-07,136.8875,137.1,136.8875,136.8875,132.0,-0.0033673097925009943,19.729999542236328
2008-05-08,137.05,137.6,137.05,137.05,261.0,0.0011871062003472321,19.399999618530273
2008-05-09,137.8862,137.8862,137.2378,137.2378,110808.0,0.001370302809193591,19.40999984741211
2008-05-13,138.0125,138.0125,138.0125,138.0125,409.0,0.005644946217441493,17.979999542236328
2008-05-14,138.0,138.0,138.0,138.0,151.0,-9.05715062040624e-05,17.65999984741211
2008-05-15,140.1,140.1329,138.3599,138.3599,8082.0,0.002607971014492838,16.299999237060547
2008-05-16,139.7953,139.7993,139.7953,139.7953,9157.0,0.010374393158711248,16.469999313354492
2008-05-21,138.5,138.5,137.6,137.6,29.0,-0.015703675302388587,18.59000015258789
2008-05-23,137.293,137.293,135.5875,135.5875,279.0,-0.01462572674418594,19.549999237060547
2008-05-27,136.2876,136.2876,136.2876,136.2876,367.0,0.0051634553332717825,19.639999389648438
2008-05-29,138.4,142.7,138.4,138.4,59485.0,0.015499575896853468,18.139999389648438
2008-05-30,144.4,144.4,144.4,144.4,83.0,0.043352601156069426,17.829999923706055
2008-06-02,143.6,143.6,143.6,143.6,3.0,-0.005540166204986208,19.829999923706055
2008-06-05,146.7393,146.7393,145.223,145.223,11884.0,0.011302228412256365,18.6299991607666
2008-06-06,147.5,147.5,147.5,147.5,50.0,0.01567933454067183,23.559999465942383
2008-06-10,142.4,143.2,142.4,142.4,6031.0,-0.03457627118644069,23.18000030517578
2008-06-11,141.8665,141.8665,141.8665,141.8665,399.0,-0.0037464887640449307,24.1200008392334
2008-06-12,141.6594,141.6594,141.4881,141.4881,1224.0,-0.0026672963666545257,23.329999923706055
2008-06-13,140.5,140.5,140.5,140.5,1198.0,-0.00698362618481696,21.219999313354492
2008-06-16,140.6,140.6,140.6,140.6,50.0,0.000711743772241924,20.950000762939453
2008-06-18,141.9,141.9,141.9,141.9,164.0,0.009246088193456625,22.239999771118164
2008-06-20,140.1234,140.1234,140.1234,140.1234,13088.0,-0.012520084566596257,22.8700008392334
2008-06-23,141.2922,141.2922,141.2922,141.2922,11909.0,0.008341219239613062,22.639999389648438
2008-06-24,141.2,141.2,139.9961,139.9961,11594.0,-0.009173188611968586,22.420000076293945
2008-06-26,140.549,140.549,140.549,140.549,53.0,0.003949395733166883,23.93000030517578
2008-07-03,133.8,133.8,131.9,131.9,123.0,-0.061537257468925466,24.780000686645508
2008-07-08,137.6375,139.9,137.6375,137.6375,3372.0,0.043498862774829394,23.149999618530273
2008-07-09,145.6,145.6,145.6,145.6,206.0,0.05785123966942152,25.229999542236328
2008-07-11,143.5397,143.5397,143.5397,143.5397,3.0,-0.014150412087912012,27.489999771118164
2008-07-14,143.6314,143.6314,142.6453,142.6453,1043.0,-0.006231028767651137,28.479999542236328
2008-07-15,140.35,140.35,139.1,139.1,6954.0,-0.024853955931250393,28.540000915527344
2008-07-16,141.0,141.0,141.0,141.0,15308.0,0.013659237958303372,25.100000381469727
2008-07-17,141.0,145.3341,141.0,141.0,299.0,0.0,25.010000228881836
2008-07-21,145.9,145.9,145.9,145.9,3.0,0.034751773049645385,23.049999237060547
2008-07-22,146.0,152.3,146.0,146.0,81.0,0.0006854009595613775,21.18000030517578
2008-07-23,144.3163,144.3163,144.3163,144.3163,284.0,-0.011532191780821877,21.309999465942383
2008-07-24,147.0,147.0,146.3903,146.3903,176.0,0.014371211013586072,23.440000534057617
2008-07-28,151.4828,151.4828,151.4828,151.4828,648.0,0.034787140951278994,24.229999542236328
2008-07-29,152.2455,152.8853,152.2455,152.2455,2445.0,0.005034895050791244,22.030000686645508
2008-07-30,153.8,153.8,153.4317,153.4317,867.0,0.007791363291525855,21.209999084472656
2008-08-04,152.487,152.487,152.487,152.487,5473.0,-0.006157137019273118,23.489999771118164
2008-08-05,153.4,153.4,153.4,153.4,302.0,0.005987395646842142,21.139999389648438
2008-08-06,157.2454,157.2454,157.2454,157.2454,982.0,0.025067796610169335,20.229999542236328
2008-08-07,154.05,154.05,154.05,154.05,55506.0,-0.020321103192843637,21.149999618530273
2008-08-13,152.3125,152.3125,152.3125,152.3125,499.0,-0.01127880558260308,21.549999237060547
2008-08-14,152.9694,154.0,152.9694,152.9694,99114.0,0.004312843660237986,20.34000015258789
2008-08-18,152.4,152.4,151.1,151.1,104.0,-0.012220744802555417,20.979999542236328
2008-08-20,152.0737,152.0737,152.0737,152.0737,561.0,0.0064440767703508595,20.420000076293945
2008-08-26,149.267,149.267,149.267,149.267,417.0,-0.01845618275875449,20.489999771118164
2008-08-27,152.2833,152.2833,152.2833,152.2833,10.0,0.020207413560934473,19.760000228881836
2008-08-29,156.3,156.3,155.7151,155.7151,32701.0,0.022535629317200323,20.649999618530273
2008-09-01,156.3,156.3,156.3,156.3,32387.0,0.003756218889497509,
2008-09-03,156.9,157.7,156.9,156.9,19829.0,0.0038387715930900956,21.43000030517578
2008-09-04,157.6,157.6,155.1,155.1,25900.0,-0.01147227533460815,24.030000686645508
2008-09-08,155.3,155.3,155.3,155.3,78.0,0.0012894906511928816,22.639999389648438
2008-09-11,153.0,153.0,153.0,153.0,6477.0,-0.01481004507405026,24.389999389648438
2008-09-12,150.5603,150.5603,150.5603,150.5603,8216.0,-0.015945751633986815,25.65999984741211
2008-09-15,156.3,156.3,150.6,150.6,16324.0,0.00026368172752033736,31.700000762939453
2008-09-16,150.4798,150.4798,150.2774,150.2774,1490.0,-0.002142098273572368,30.299999237060547
2008-09-17,148.1918,148.1918,147.4,147.4,32063.0,-0.019147257006043472,36.220001220703125
2008-09-18,148.2,148.2,146.0,146.0,1864.0,-0.009497964721845387,33.099998474121094
2008-09-19,149.1573,149.1573,149.1573,149.1573,2575.0,0.021625342465753317,32.06999969482422
2008-09-22,146.7331,146.7331,141.2,141.2,1639.0,-0.05334837785344737,33.849998474121094
2008-09-24,141.75,141.75,141.75,141.75,147.0,0.0038951841359773365,35.189998626708984
2008-09-26,141.8,141.8035,139.9,139.9,29807.0,-0.013051146384479684,34.7400016784668
2008-09-30,139.0,139.0,139.0,139.0,87.0,-0.006433166547534008,39.38999938964844
2008-10-01,142.3768,142.3768,139.1,139.1,3923.0,0.0007194244604316058,39.810001373291016
2008-10-02,142.5,142.5,133.9,133.9,2578.0,-0.03738317757009335,45.2599983215332
2008-10-03,135.35,135.35,130.5582,130.5582,2508.0,-0.024957430918596035,45.13999938964844
2008-10-06,131.3208,131.3208,130.1455,130.1455,2297.0,-0.0031610423550569866,52.04999923706055
2008-10-07,128.3,128.3,123.4713,123.4713,8810.0,-0.051282602932871235,53.68000030517578
2008-10-08,119.532,121.7,119.3,119.3,24011.0,-0.03378355941826161,57.529998779296875
2008-10-09,120.0,120.3,119.6,119.6,1036.0,0.0025146689019279744,63.91999816894531
2008-10-10,114.8,115.3125,111.75,111.75,3406.0,-0.0656354515050167,69.94999694824219
2008-10-13,114.3262,119.9,114.3262,114.3262,5278.0,0.02305324384787477,54.9900016784668
2008-10-14,123.924,123.924,123.924,123.924,3088.0,0.08395101035458197,55.130001068115234
2008-10-15,124.325,124.325,124.325,124.325,432.0,0.003235854233239799,69.25
2008-10-16,118.0393,118.0393,118.0393,118.0393,1746.0,-0.05055861652925808,67.61000061035156
2008-10-17,117.5,120.75,117.45,117.45,1437.0,-0.004992405071870043,70.33000183105469
2008-10-20,121.2,121.2,121.2,121.2,10796.0,0.03192848020434225,52.970001220703125
2008-10-21,127.5,127.5,125.35,125.35,215.0,0.034240924092409086,53.11000061035156
2008-10-24,116.9,116.9,114.4,114.4,282.0,-0.08735540486637405,79.12999725341797
2008-10-27,107.3,107.3,98.95,98.95,23967.0,-0.1350524475524476,80.05999755859375
2008-10-28,85.575,85.575,83.4,83.4,11671.0,-0.1571500757958565,66.95999908447266
2008-10-29,88.0,91.2022,88.0,88.0,8620.0,0.05515587529976007,69.95999908447266
2008-10-30,94.0,95.4994,94.0,94.0,28419.0,0.06818181818181812,62.900001525878906
2008-10-31,95.325,95.9,95.325,95.325,342.0,0.014095744680851174,59.88999938964844
2008-11-03,97.828,97.828,97.828,97.828,1687.0,0.026257539994754886,53.68000030517578
2008-11-04,96.9064,96.9064,96.9064,96.9064,10796.0,-0.00942061577462483,47.72999954223633
2008-11-06,90.2426,90.2426,89.19,89.19,12034.0,-0.07962735175385738,63.68000030517578
2008-11-07,90.05,90.7724,90.05,90.05,10747.0,0.009642336584818834,56.099998474121094
2008-11-10,93.0,93.19,93.0,93.0,8637.0,0.03275957801221541,59.97999954223633
2008-11-11,92.2466,92.2466,92.2466,92.2466,7270.0,-0.008101075268817204,61.439998626708984
2008-11-12,93.2949,93.2949,93.2949,93.2949,23933.0,0.011364104476479397,66.45999908447266
2008-11-13,86.9917,86.9917,86.9917,86.9917,6847.0,-0.0675621068247032,59.83000183105469
2008-11-14,90.0,90.2862,90.0,90.0,23832.0,0.034581460070328696,66.30999755859375
2008-11-17,90.2007,90.2007,90.2007,90.2007,13846.0,0.0022299999999999542,69.1500015258789
2008-11-18,89.393,89.7605,89.393,89.393,8998.0,-0.00895447596304677,67.63999938964844
2008-11-19,88.5236,88.5236,88.5236,88.5236,9969.0,-0.009725593726578108,74.26000213623047
2008-11-20,85.65,85.7691,85.3413,85.3413,15028.0,-0.03594860579551662,80.86000061035156
2008-11-25,95.05,95.05,94.8641,94.8641,1230.0,0.11158489500394286,60.900001525878906
2008-11-26,95.15,95.15,93.8,93.8,569.0,-0.011217098986866403,54.91999816894531
2008-12-01,99.95,99.95,93.8,93.8,94637.0,0.0,68.51000213623047
2008-12-02,94.0,96.7,93.2277,93.2277,35399.0,-0.006101279317697217,62.97999954223633
2008-12-03,92.3,92.3,92.3,92.3,67.0,-0.009950905149435196,60.720001220703125
2008-12-05,90.2725,90.2725,90.2725,90.2725,801.0,-0.021966413867822387,59.93000030517578
2008-12-08,91.9,91.9,91.9,91.9,9539.0,0.018028746295937426,58.4900016784668
2008-12-09,93.4,94.45,93.3308,93.3308,1494.0,0.015569096844396002,58.90999984741211
2008-12-10,93.7001,94.0251,93.7001,93.7001,2542.0,0.003956893115670379,55.72999954223633
2008-12-11,94.5,94.5,94.5,94.5,24731.0,0.00853681052634947,55.779998779296875
2008-12-15,92.0,92.6265,92.0,92.0,741.0,-0.02645502645502651,56.7599983215332
2008-12-16,91.625,91.625,91.625,91.625,386.0,-0.0040760869565217295,52.369998931884766
2008-12-17,94.5,94.5,93.8294,93.8294,1785.0,0.024058935879945453,49.84000015258789
2008-12-19,97.0,97.0,96.1016,96.1016,11510.0,0.024216290416436692,44.93000030517578
2008-12-22,95.85,96.2106,95.85,95.85,2060.0,-0.0026180625504674815,44.560001373291016
2008-12-23,95.9011,95.9011,95.9011,95.9011,19886.0,0.0005331246739697093,45.02000045776367
2008-12-30,98.5,98.5,98.5,98.5,52.0,0.027099793433026376,41.630001068115234
2009-01-05,100.2,100.2,100.2,100.2,221.0,0.01725888324873104,39.08000183105469
2009-01-07,104.0,104.0,104.0,104.0,1242.0,0.03792415169660668,43.38999938964844
2009-01-12,102.1483,102.4276,102.1483,102.1483,1351.0,-0.017804807692307634,45.84000015258789
2009-01-14,100.2236,100.2236,100.2236,100.2236,1259.0,-0.018842212743628628,49.13999938964844
2009-01-16,100.9,100.9,100.9,100.9,216.0,0.006748909438495598,46.11000061035156
2009-01-19,101.7744,101.8922,101.7744,101.7744,947.0,0.008666005946481592,
2009-01-20,102.125,102.125,100.0,100.0,2440.0,-0.01743463975223636,56.650001525878906
2009-01-22,101.3,101.3,101.3,101.3,205.0,0.0129999999999999,47.290000915527344
2009-01-23,98.65,99.388,98.65,98.65,4485.0,-0.026159921026653432,47.27000045776367
2009-01-27,103.9,107.5,103.8,103.8,13593.0,0.052204764318297014,42.25
2009-01-28,108.8296,108.8296,108.8296,108.8296,3239.0,0.04845472061657041,39.65999984741211
2009-01-30,109.1216,109.1216,106.1,106.1,493.0,-0.025081411674764964,44.84000015258789
2009-02-03,105.7,105.7,105.7,105.7,5004.0,-0.0037700282752120007,43.060001373291016
2009-02-04,106.2,106.2,106.2,106.2,206.0,0.004730368968779652,43.849998474121094
2009-02-09,112.05,112.05,111.5,111.5,82186.0,0.04990583804143123,43.63999938964844
2009-02-10,111.5,111.5,111.4,111.4,5157.0,-0.0008968609865470656,46.66999816894531
2009-02-12,113.368,113.368,113.368,113.368,10796.0,0.017666068222621067,41.25
2009-02-19,113.5,113.5,111.2392,111.2392,2229.0,-0.01877778561851673,47.08000183105469
2009-02-23,116.6,116.6,116.6,116.6,69.0,0.04819164467202208,52.619998931884766
2009-02-25,108.9,110.0913,108.9,108.9,2223.0,-0.06603773584905648,44.66999816894531
2009-02-27,108.0,108.0,108.0,108.0,21192.0,-0.008264462809917439,46.349998474121094
2009-03-02,106.675,106.675,105.7,105.7,1353.0,-0.021296296296296258,52.650001525878906
2009-03-03,106.2,106.2,106.2,106.2,44458.0,0.004730368968779652,50.93000030517578
2009-03-04,106.6086,107.3957,106.6086,106.6086,1163.0,0.003847457627118578,47.560001373291016
2009-03-05,107.887,107.887,107.887,107.887,323.0,0.011991527887994069,50.16999816894531
2009-03-09,106.0,106.0,106.0,106.0,52.0,-0.017490522491124927,49.68000030517578
2009-03-11,111.45,111.45,111.45,111.45,101091.0,0.05141509433962277,43.61000061035156
2009-03-16,112.713,112.713,112.6,112.6,2268.0,0.0103185284881111,43.7400016784668
2009-03-17,113.1,113.1,113.1,113.1,884.0,0.00444049733570151,40.79999923706055
2009-03-20,120.0,120.0,119.7125,119.7125,449.0,0.05846595932802834,45.88999938964844
2009-03-24,117.6,117.6,117.6,117.6,378.0,-0.017646444606870704,42.93000030517578
2009-03-25,118.8,118.8,118.8,118.8,299.0,0.010204081632653184,42.25
2009-03-30,110.7,112.5,110.7,110.7,907.0,-0.06818181818181812,45.540000915527344
2009-04-01,109.3,109.3,108.8,108.8,43665.0,-0.017163504968383037,42.279998779296875
2009-04-02,111.7784,112.2,111.7784,111.7784,2698.0,0.02737500000000015,42.040000915527344
2009-04-06,105.0,105.6368,105.0,105.0,1151.0,-0.06064141193647432,40.93000030517578
2009-04-07,105.5,105.5,105.5,105.5,215915.0,0.004761904761904745,40.38999938964844
2009-04-14,109.0,109.0,105.7,105.7,791.0,0.0018957345971564177,37.66999816894531
2009-04-15,105.7,105.7,105.7,105.7,1932.0,0.0,36.16999816894531
2009-04-16,101.3,101.3,100.2,100.2,45864.0,-0.05203405865657518,35.790000915527344
2009-04-20,100.481,100.481,100.481,100.481,2222.0,0.0028043912175648167,39.18000030517578
2009-04-21,101.1032,101.55,101.1032,101.1032,18243.0,0.006192215443715732,37.13999938964844
2009-04-27,106.7492,106.7492,106.1,106.1,3476.0,0.04942276802316825,38.31999969482422
2009-04-29,106.5085,106.5085,106.5085,106.5085,2428.0,0.003850141376060323,36.08000183105469
2009-04-30,106.6,106.6,106.6,106.6,41.0,0.0008590863639990065,36.5
2009-05-08,100.8,102.6,100.5429,100.5429,2003.0,-0.05682082551594736,32.04999923706055
2009-05-12,106.2804,106.2804,106.2804,106.2804,1708.0,0.05706519306683999,31.799999237060547
2009-05-14,105.9284,105.9284,105.8278,105.8278,1629.0,-0.0042585462606463675,31.3700008392334
2009-05-15,109.3,109.3,109.3,109.3,309.0,0.03280990439185172,33.119998931884766
2009-05-18,109.1,109.1,109.1,109.1,1434.0,-0.0018298261665141702,30.239999771118164
2009-05-22,110.0,110.0,110.0,110.0,123.0,0.008249312557286892,32.630001068115234
2014-03-12,90.75,90.75,90.75,90.75,22.0,-0.17500000000000004,14.470000267028809
2014-03-21,93.75,93.75,93.75,93.75,5.0,0.03305785123966931,15.0
2014-04-09,87.25,87.25,87.25,87.25,2.0,-0.06933333333333336,13.819999694824219
2014-04-15,81.5,81.5,81.5,81.5,81.0,-0.06590257879656158,15.609999656677246
2014-04-17,84.5,84.5,84.5,84.5,432.0,0.036809815950920255,13.359999656677246
2014-04-22,84.25,85.0,84.25,84.25,96.0,-0.00295857988165682,13.1899995803833
2014-04-25,87.5,87.5,87.5,87.5,50.0,0.03857566765578646,14.0600004196167
2014-04-30,91.0,91.0,91.0,91.0,3.0,0.040000000000000036,13.40999984741211
2014-05-06,91.5,91.5,91.5,91.5,12.0,0.005494505494505475,13.800000190734863
2014-05-08,90.25,90.25,90.25,90.25,82.0,-0.013661202185792365,13.430000305175781
2014-06-06,98.0,98.0,98.0,98.0,65.0,0.08587257617728539,10.729999542236328
2014-06-16,98.5,98.5,98.5,98.5,22.0,0.005102040816326481,12.649999618530273
2014-06-19,99.75,99.75,99.75,99.75,22.0,0.012690355329949332,10.619999885559082
2014-06-30,96.2895,96.2895,96.2895,96.2895,711.0,-0.03469172932330822,11.569999694824219
2014-07-28,101.9,101.9,101.9,101.9,432.0,0.05826699692074433,12.5600004196167
2014-08-06,97.3965,97.3965,97.3965,97.3965,50.0,-0.04419528949950935,16.3700008392334
2014-09-10,110.595,110.595,110.595,110.595,16.0,0.13551308311900323,12.880000114440918
2014-09-22,117.25,117.25,117.25,117.25,97.0,0.06017451060174506,13.6899995803833
2014-09-25,115.75,115.75,115.75,115.75,63.0,-0.01279317697228144,15.640000343322754
2014-10-03,112.5,112.5,112.5,112.5,54.0,-0.02807775377969768,14.550000190734863
2014-10-07,111.5,111.5,111.5,111.5,108.0,-0.008888888888888835,17.200000762939453
2014-10-21,107.5,107.5,107.5,107.5,26989.0,-0.0358744394618834,16.079999923706055
2014-10-22,108.4457,108.4457,108.4457,108.4457,21592.0,0.008797209302325637,17.8700008392334
2014-10-27,109.5,109.5,109.5,109.5,1.0,0.00972191612945461,16.040000915527344
2014-11-14,106.9264,106.9264,106.9264,106.9264,223.0,-0.023503196347031907,13.3100004196167
2014-12-19,109.5,109.5,109.5,109.5,22.0,0.024068892247377516,16.489999771118164
2014-12-23,111.505,111.505,111.505,111.505,130.0,0.018310502283104935,14.800000190734863
2015-01-05,116.295,116.295,116.295,116.295,12.0,0.042957714900677235,19.920000076293945
2015-01-13,123.21,123.21,123.21,123.21,80.0,0.0594608538630208,20.559999465942383
2015-01-15,113.3,113.3,113.3,113.3,254.0,-0.08043178313448585,22.389999389648438
2015-01-19,96.5,96.5,96.5,96.5,108.0,-0.14827890556045897,
2015-01-28,104.79,104.79,104.79,104.79,32.0,0.08590673575129548,20.440000534057617
2015-01-30,109.6,109.6,109.39,109.39,5438.0,0.043897318446416644,20.969999313354492
2015-02-12,109.105,109.105,109.105,109.105,39.0,-0.0026053569796141707,15.34000015258789
2015-02-17,110.3531,110.3531,110.3531,110.3531,810.0,0.01143943907245304,15.800000190734863
2015-02-18,111.25,111.25,111.25,111.25,27.0,0.00812754693796558,15.449999809265137
2015-03-05,123.71,123.71,123.71,123.71,32.0,0.11199999999999988,14.039999961853027
2015-03-10,123.9082,123.9082,123.9082,123.9082,371.0,0.0016021340231184844,16.690000534057617
2015-03-16,128.25,128.25,128.25,128.25,119.0,0.035040457370860034,15.609999656677246
2015-03-17,126.5,126.5,126.5,126.5,96.0,-0.013645224171540016,15.65999984741211
2015-03-26,120.91,121.81,120.91,121.81,114.0,-0.03707509881422921,15.800000190734863
2015-04-23,128.21,128.21,128.21,128.21,38.0,0.05254084229537814,12.479999542236328
2015-04-24,130.15,130.15,130.15,130.15,218.0,0.015131425005849852,12.289999961853027
2015-05-08,131.75,131.75,131.75,131.75,27.0,0.01229350749135616,12.859999656677246
2015-05-12,129.5,129.5,129.5,129.5,1.0,-0.017077798861480087,13.859999656677246
2015-05-22,134.254,134.254,134.254,134.254,3532.0,0.03671042471042463,12.130000114440918
2015-05-28,135.0,135.0,135.0,135.0,25.0,0.005556631459770367,13.3100004196167
2015-07-07,130.3,130.9,130.3,130.9,9716.0,-0.03037037037037038,16.09000015258789
2015-08-11,140.352,140.6153,140.352,140.6153,10353.0,0.07421925133689822,13.710000038146973
2015-08-12,139.9572,139.9572,139.9572,139.9572,7036.0,-0.0046801450482272244,13.609999656677246
2015-08-17,138.2,138.2,138.2,138.2,253.0,-0.012555266895879713,13.020000457763672
2015-10-29,146.65,146.65,146.65,146.65,6477.0,0.06114327062228675,14.609999656677246
2015-11-02,148.2,148.2,148.2,148.2,6477.0,0.010569382884418665,14.149999618530273
2015-11-06,147.39,147.39,147.39,147.39,5.0,-0.005465587044534481,14.329999923706055
2015-11-20,158.0,158.8,158.0,158.8,23542.0,0.07741366442770903,15.470000267028809
2015-11-23,159.05,159.05,159.05,159.05,10796.0,0.0015743073047858047,15.619999885559082
2015-11-24,158.9,158.9,158.75,158.75,10847.0,-0.0018861993083936213,15.930000305175781
2015-12-03,162.25,162.25,162.25,162.25,3.0,0.022047244094488105,18.110000610351562
2015-12-15,154.41,154.41,154.41,154.41,288.0,-0.048320493066255854,20.950000762939453
2015-12-16,157.25,157.25,157.25,157.25,16.0,0.01839259115342262,17.860000610351562
2015-12-29,162.3732,162.3732,162.3732,162.3732,198.0,0.03257996820349751,16.079999923706055
2016-01-13,159.405,159.405,159.405,159.405,51.0,-0.018280110264501714,25.219999313354492
2016-01-27,159.5,159.5,159.5,159.5,5.0,0.0005959662494903206,23.110000610351562
2016-02-02,156.25,156.25,156.25,156.25,23.0,-0.020376175548589393,21.979999542236328
2016-02-04,153.75,153.75,153.75,153.75,9005.0,-0.016000000000000014,21.84000015258789
2016-02-10,140.21,140.21,140.21,140.21,38.0,-0.08806504065040643,26.290000915527344
2016-02-18,147.7512,147.7512,147.7512,147.7512,540.0,0.053785036730618296,21.639999389648438
2016-04-04,164.81,164.81,164.81,164.81,54.0,0.11545625348558919,14.119999885559082
2016-04-12,163.0,163.0,163.0,163.0,86.0,-0.010982343304411168,14.850000381469727
2016-04-26,162.3,162.3,162.3,162.3,216.0,-0.004294478527607337,13.960000038146973
2016-05-09,160.6,160.6,160.6,160.6,10796.0,-0.01047443006777582,14.569999694824219
2016-05-13,167.25,167.25,167.25,167.25,1.0,0.041407222914072284,15.039999961853027
2016-06-09,166.25,166.25,166.25,166.25,1.0,-0.005979073243647215,14.640000343322754
2016-06-10,162.91,162.91,162.91,162.91,49.0,-0.020090225563909825,17.030000686645508
2016-06-17,155.5,155.5,155.5,155.5,30.0,-0.04548523724755993,19.40999984741211
2016-07-04,165.75,165.75,165.75,165.75,54.0,0.06591639871382626,
2016-07-20,182.25,182.25,182.25,182.25,39.0,0.09954751131221728,11.770000457763672
2016-07-25,181.0,181.0,180.805,180.805,86.0,-0.007928669410150802,12.869999885559082
2016-07-28,184.7753,184.7753,184.7753,184.7753,149.0,0.021959016620115568,12.720000267028809
2016-07-29,181.9372,181.9372,181.9372,181.9372,325.0,-0.015359736934536183,11.869999885559082
2016-08-02,181.7419,181.7419,181.7419,181.7419,147.0,-0.0010734473213834805,13.369999885559082
2016-08-05,188.0,188.0,188.0,188.0,26.0,0.03443399678335046,11.390000343322754
2016-08-08,184.7,184.7,184.7,184.7,274.0,-0.01755319148936174,11.5
2016-08-09,185.8,185.8,185.8,185.8,1080.0,0.005955603681645938,11.65999984741211
2016-08-12,188.5163,188.5163,188.1376,188.1376,4193.0,0.012581270182992377,11.550000190734863
2016-08-16,189.0,189.0,188.0443,188.0443,1558.0,-0.0004959136291735611,12.640000343322754
2016-08-18,185.8201,185.8201,185.8201,185.8201,3096.0,-0.011828063918980725,11.430000305175781
2016-09-01,185.3235,185.3235,185.3235,185.3235,3163.0,-0.0026724773046619132,13.479999542236328
2016-09-06,187.8959,187.8959,187.8959,187.8959,2029.0,0.013880592585397977,12.020000457763672
2016-09-08,186.25,186.25,186.25,186.25,22.0,-0.008759637650422425,12.510000228881836
2016-09-15,180.7,180.7,180.7,180.7,7017.0,-0.029798657718120847,16.299999237060547
2016-09-20,184.5,184.5,184.5,184.5,35.0,0.02102933038184851,15.920000076293945
2016-09-27,182.8314,182.8314,182.8314,182.8314,3450.0,-0.00904390243902442,13.100000381469727
2016-09-29,185.25,185.25,185.25,185.25,58.0,0.013228581086180968,14.020000457763672
2016-10-11,186.2026,186.2026,183.8459,183.8459,8461.0,-0.007579487179487199,15.359999656677246
2016-10-17,181.59,181.59,181.59,181.59,25.0,-0.012270602716731749,16.209999084472656
2016-10-19,184.75,184.75,184.75,184.75,38.0,0.017401839308331946,14.40999984741211
2016-10-21,184.8899,184.8899,184.8899,184.8899,815.0,0.0007572395128552234,13.34000015258789
2016-10-26,175.41,175.41,175.41,175.41,254.0,-0.0512732171957474,14.239999771118164
2016-10-31,187.25,187.25,187.25,187.25,10.0,0.06749900233738093,17.059999465942383
2016-11-07,180.75,180.75,180.75,180.75,36.0,-0.03471295060080104,18.709999084472656
2016-11-08,181.25,181.25,181.25,181.25,21.0,0.0027662517289073207,18.739999771118164
2016-11-17,180.8862,180.8862,180.8862,180.8862,5930.0,-0.0020071724137931124,13.350000381469727
2016-11-18,183.1654,183.1654,183.1654,183.1654,936.0,0.012600187300081611,12.850000381469727
2016-11-22,181.1,181.1,181.1,181.1,2121.0,-0.01127614713259173,12.40999984741211
2016-12-02,176.5,176.5,176.5,176.5,56.0,-0.025400331308669255,14.119999885559082
2016-12-12,170.1,170.1,165.4,165.4,19972.0,-0.06288951841359769,12.640000343322754
2016-12-15,161.605,161.605,161.605,161.605,22.0,-0.022944377267231086,12.789999961853027
2016-12-19,171.5652,171.6951,171.5652,171.6951,14353.0,0.06243680579190003,11.710000038146973
2016-12-20,172.95,172.95,172.95,172.95,16545.0,0.007308886508700541,11.449999809265137
2016-12-28,174.75,175.75,174.75,175.75,9.0,0.01618965018791574,12.949999809265137
2017-01-03,177.25,177.25,177.25,177.25,76.0,0.008534850640113723,12.850000381469727
2017-01-04,182.595,182.595,182.1617,182.1617,908.0,0.027710578279266596,11.850000381469727
2017-01-05,184.0,184.0,184.0,184.0,22.0,0.010091583466776965,11.670000076293945
2017-01-09,183.5,184.25,183.5,184.25,85.0,0.0013586956521738358,11.5600004196167
2017-01-10,184.75,184.75,184.25,184.25,10.0,0.0,11.489999771118164
2017-01-13,185.0,185.0,185.0,185.0,70.0,0.004070556309362372,11.229999542236328
2017-01-16,184.905,184.905,184.905,184.905,38.0,-0.000513513513513475,
2017-01-17,183.75,183.75,183.75,183.75,143.0,-0.00624645088018172,11.869999885559082
2017-01-20,184.0061,184.0061,184.0061,184.0061,5227.0,0.001393741496598766,11.539999961853027
2017-01-23,182.79,183.0,182.79,182.9256,1213.0,-0.005872087936215187,11.770000457763672
2017-01-24,184.1008,184.1008,184.1008,184.1008,2663.0,0.00642446983910383,11.069999694824219
2017-01-25,185.4849,185.4849,185.4849,185.4849,443.0,0.007518163962351165,10.8100004196167
2017-01-26,187.25,187.25,187.25,187.25,32.0,0.009516138510466288,10.630000114440918
2017-01-27,185.6371,185.6371,185.6371,185.6371,27.0,-0.008613618157543357,10.579999923706055
2017-01-30,183.4117,183.4117,183.4117,183.4117,28.0,-0.011987905434851176,11.880000114440918
2017-01-31,181.25,181.25,181.25,181.25,6.0,-0.011786052907202693,11.989999771118164
2017-02-01,175.6,175.6,175.0,175.0,3946.0,-0.03448275862068961,11.8100004196167
2017-02-07,174.2157,174.2157,174.2157,174.2157,55.0,-0.004481714285714311,11.289999961853027
2017-02-08,174.6064,174.6064,174.6064,174.6064,16.0,0.002242622220615109,11.449999809265137
2017-02-14,177.25,177.25,177.25,177.25,37.0,0.015140338498474293,10.739999771118164
2017-02-15,178.4357,178.4357,177.7358,177.7358,9210.0,0.0027407616361072584,11.970000267028809
2017-02-23,180.5,180.5,180.5,180.5,6.0,0.01555229728619656,11.710000038146973
2017-03-01,186.2158,186.2158,186.2158,186.2158,2611.0,0.03166648199445987,12.539999961853027
2017-03-02,184.421,184.421,184.421,184.421,1028.0,-0.009638279888172785,11.8100004196167
2017-03-03,184.569,184.569,184.569,184.569,819.0,0.0008025116445524727,10.960000038146973
2017-03-07,182.312,182.312,182.312,182.312,9716.0,-0.012228489074546545,11.449999809265137
2017-03-14,184.49,184.49,184.49,184.49,2.0,0.011946553161612972,12.300000190734863
2017-03-21,184.0,184.0,184.0,184.0,36.0,-0.0026559705133070155,12.470000267028809
2017-03-22,180.4,181.6,180.4,181.6,117.0,-0.013043478260869601,12.8100004196167
2017-03-23,181.5,182.25,181.5,182.25,60.0,0.0035792951541850915,13.119999885559082
2017-03-27,180.9568,180.9568,180.9568,180.9568,853.0,-0.0070957475994514185,12.5
2017-03-29,183.5,185.5631,183.5,185.5631,3913.0,0.0254552467771314,11.420000076293945
2017-03-30,186.6933,186.6933,186.6933,186.6933,527.0,0.006090650565764522,11.539999961853027
2017-04-03,189.0,189.0,189.0,189.0,14.0,0.0123555585551276,12.380000114440918
2017-04-06,190.0284,190.0284,190.0284,190.0284,15.0,0.005441269841269802,12.390000343322754
2017-04-10,190.6859,190.6859,190.6859,190.6859,66.0,0.003460009135476616,14.050000190734863
2017-04-12,193.5,194.6358,193.5,194.6358,8015.0,0.020714169217545653,15.770000457763672
2017-04-18,193.795,193.795,191.8,191.8,96.0,-0.014569775961051246,14.420000076293945
2017-04-19,191.75,191.75,191.5056,191.5056,33.0,-0.0015349322210637117,14.930000305175781
2017-04-21,189.7,189.7,189.6,189.6,26.0,-0.009950622853848623,14.630000114440918
2017-04-25,201.995,203.3971,201.995,203.3971,15034.0,0.07276951476793259,10.760000228881836
2017-04-26,208.105,208.105,208.105,208.105,25.0,0.023146347710955473,10.850000381469727
2017-04-28,203.995,203.995,203.995,203.995,11.0,-0.019749645611590205,10.819999694824219
2017-05-02,190.095,190.3811,190.095,190.3811,13783.0,-0.06673643961861808,10.59000015258789
2017-05-03,189.604,189.604,186.9,187.037,1683.0,-0.017565294033914047,10.680000305175781
2017-05-04,185.94,185.94,185.94,185.94,1343.0,-0.005865149676267278,10.460000038146973
2017-05-05,182.874,186.1133,182.593,186.1133,40354.0,0.0009320210820695785,10.569999694824219
2017-05-08,191.5,191.5,187.8252,189.3117,51520.0,0.017185230716987965,9.770000457763672
2017-05-09,195.535,196.0,195.535,195.535,7512.0,0.03287329837511366,9.960000038146973
2017-05-10,196.4851,198.0,196.4851,196.75,253.0,0.0062137213286623805,10.210000038146973
2017-05-12,198.25,198.25,198.25,198.25,1.0,0.007623888182973326,10.399999618530273
2017-05-15,140.53,140.53,140.53,140.53,30.0,-0.2911475409836065,10.420000076293945
2017-05-16,197.25,198.2858,197.25,198.2858,58.0,0.4109855546858321,10.649999618530273
2017-05-23,199.305,200.7603,199.305,200.7603,173.0,0.012479461464209862,10.720000267028809
2017-05-24,201.2365,201.2365,201.2365,201.2365,587.0,0.002371982906979042,10.020000457763672
2017-05-26,201.795,203.25,201.7,201.7,26896.0,0.0023032600944659087,9.8100004196167
2017-05-31,203.3,203.3,201.95,202.0,169984.0,0.0014873574615765772,10.40999984741211
2017-06-01,202.25,202.25,200.6,200.6,32104.0,-0.006930693069306937,9.890000343322754
2017-06-02,206.3,206.3,205.57,206.0,27533.0,0.026919242273180544,9.75
2017-06-06,203.0316,203.0316,203.0316,203.0316,633.0,-0.014409708737864069,10.449999809265137
2017-06-14,200.7004,200.7004,200.7004,200.7004,7414.0,-0.011481956503322621,10.640000343322754
2017-06-15,198.6,198.6,198.6,198.6,7000.0,-0.010465350343098478,10.899999618530273
2017-08-29,236.6,238.2,236.0,237.5827,41172.0,0.19628751258811672,11.699999809265137
2017-08-30,240.1,242.9,239.2,241.1776,26462.0,0.015131152226151245,11.220000267028809
2017-08-31,242.8,243.9,242.0242,242.8,27987.0,0.006726992888228311,10.59000015258789
2017-09-01,243.7,245.199,243.7,245.199,5047.0,0.009880560131795724,10.130000114440918
2017-09-04,242.5,243.1267,242.2858,243.1267,7178.0,-0.008451502657025545,
2017-09-05,243.9,244.5,243.2,243.8511,11654.0,0.0029795164414274655,12.229999542236328
2017-09-06,243.1,243.7,241.4125,242.5,25767.0,-0.0055406762569453205,11.630000114440918
2017-09-07,243.8,246.0,243.8,245.9729,12932.0,0.014321237113402052,11.550000190734863
2017-09-08,245.7,248.2,244.608,247.075,54020.0,0.004480574892599787,12.119999885559082
2017-09-11,249.6,252.75,247.8727,251.6015,16441.0,0.018320348072447645,10.729999542236328
2017-09-12,253.3,253.3,251.0,252.0672,30650.0,0.001850942860038618,10.579999923706055
2017-09-13,252.4,254.15,252.0,253.8313,63321.0,0.006998530550583304,10.5
2017-09-14,252.8,253.3593,252.0,252.2681,42452.0,-0.006158420966996592,10.4399995803833
2017-09-15,251.5,252.938,251.3,251.7795,33763.0,-0.0019368283187608526,10.170000076293945
2017-09-18,253.3,254.3,251.9125,252.1277,44363.0,0.0013829561183495986,10.149999618530273
2017-09-19,253.1,256.7,253.1,253.2239,16896.0,0.0043477967712393095,10.180000305175781
2017-09-20,257.5,257.5,255.7,256.3718,11049.0,0.012431291043223158,9.779999732971191
2017-09-21,256.2,258.2284,255.5,258.2284,53599.0,0.007241826129082973,9.670000076293945
2017-09-22,256.2,257.5,255.4978,256.4057,22006.0,-0.007058480012268165,9.59000015258789
2017-09-25,256.7,257.7,254.7,255.6176,8747.0,-0.0030736446186648836,10.210000038146973
2017-09-26,254.2,254.3,251.3994,253.8069,9235.0,-0.007083628044391332,10.170000076293945
2017-09-27,248.8,248.8,242.3,243.6971,105817.0,-0.039832644423772545,9.869999885559082
2017-09-28,248.1,251.05,246.7,249.4118,29287.0,0.023450012330881176,9.550000190734863
2017-09-29,250.7,254.1,250.0,253.0442,6768.0,0.014563865863603809,9.510000228881836
2017-10-02,255.5,258.5,255.5,257.8284,7921.0,0.018906578376425953,9.449999809265137
2017-10-03,258.1,258.1,257.1,257.5979,11758.0,-0.0008940054703050482,9.510000228881836
2017-10-04,257.9,262.55,257.7832,262.0712,18022.0,0.017365436597115202,9.630000114440918
2017-10-05,261.25,262.1882,259.0,259.2715,21984.0,-0.01068297470305768,9.1899995803833
2017-10-06,257.7,260.8057,257.7,259.3715,56742.0,0.0003856960753496619,9.649999618530273
2017-10-09,259.9,262.5319,259.2574,260.3,58700.0,0.0035798073419786025,10.329999923706055
2017-10-10,259.9,262.05,259.1871,261.0858,23434.0,0.0030188244333462233,10.079999923706055
2017-10-11,262.8,265.45,262.6377,264.16,21778.0,0.011774673306629513,9.850000381469727
2017-10-12,266.0,269.1,265.6,266.721,35884.0,0.009694881889763751,9.90999984741211
2017-10-13,268.5,268.8,265.4,266.2665,137870.0,-0.0017040278043348733,9.609999656677246
2017-10-16,267.5,268.2,264.0075,264.6291,52526.0,-0.006149478060514579,9.90999984741211
2017-10-17,263.4,263.903,260.8956,261.5884,26183.0,-0.011490421877261459,10.3100004196167
2017-10-18,260.9,262.8,259.3,260.1764,117365.0,-0.005397792868491069,10.069999694824219
2017-10-19,259.4,259.4,254.3,255.2545,124197.0,-0.018917549785453236,10.050000190734863
2017-10-20,256.7,256.9,255.7,256.4282,62996.0,0.0045981559580732245,9.970000267028809
2017-10-23,258.7,259.6,256.9801,258.5388,70807.0,0.008230764011134317,11.069999694824219
2017-10-24,259.2624,259.7772,258.3,259.0302,16058.0,0.001900681831895179,11.15999984741211
2017-10-25,258.5,259.45,255.8,256.9662,41332.0,-0.007968182860531137,11.229999542236328
2017-10-26,257.1,264.0,255.347,264.0,99866.0,0.027372471554624633,11.300000190734863
2017-10-27,266.5,269.35,264.1194,268.6648,106934.0,0.017669696969697002,9.800000190734863
2017-10-30,265.7,267.5192,265.0,265.2292,87022.0,-0.012787681899526948,10.5
2017-10-31,264.5,266.0,264.2,265.0292,24469.0,-0.0007540647862300798,10.180000305175781
2017-11-01,266.2,266.6,264.4942,266.1584,29047.0,0.0042606625986871816,10.199999809265137
2017-11-02,264.2,266.5,262.4,265.8976,25976.0,-0.0009798676276981944,9.930000305175781
2017-11-03,265.9,268.274,265.2403,266.2057,26785.0,0.001158716739075416,9.140000343322754
2017-11-06,270.6,270.6,267.0,267.195,22986.0,0.0037162990875101443,9.399999618530273
2017-11-07,266.2,268.7856,265.775,266.349,18967.0,-0.0031662269129287823,9.890000343322754
2017-11-08,266.2,267.8,265.4189,267.1716,26985.0,0.0030884290911550316,9.779999732971191
2017-11-09,266.9,268.5279,258.35,258.6775,37448.0,-0.03179267556881049,10.5
2017-11-10,259.5,259.95,257.4855,257.6603,54706.0,-0.003932309536005318,11.289999961853027
2017-11-13,258.0,259.3839,252.5,256.6282,46736.0,-0.004005661718161524,11.5
2017-11-14,258.0,258.1361,255.75,257.1283,25216.0,0.0019487336154015988,11.59000015258789
2017-11-15,253.9,256.2146,251.6065,253.0074,47325.0,-0.01602662950752609,13.130000114440918
2017-11-16,257.35,261.7,254.0364,260.3315,54708.0,0.028948165152481664,11.760000228881836
2017-11-17,259.3,260.0,258.7,259.2922,15764.0,-0.003992217614848803,11.430000305175781
2017-11-20,261.695,262.6,260.295,261.7765,206.0,0.009581082655012452,10.649999618530273
2017-11-21,261.2,265.0,261.2,264.86,837.0,0.011779132198650455,9.729999542236328
2017-11-22,264.495,264.9,261.8,264.0589,342.0,-0.003024616778675604,9.880000114440918
2017-11-23,260.8,263.495,259.4,260.3,185.0,-0.014235081642769765,
2017-11-24,258.45,260.1,257.7,258.5,436.0,-0.006915097963887895,9.670000076293945
2017-11-27,259.4,259.9,257.8716,258.963,1759.0,0.0017911025145067594,9.869999885559082
2017-11-28,259.595,260.0,256.75,257.7614,1975.0,-0.00464004510296856,10.029999732971191
2017-11-29,259.3,259.3,254.6,258.4925,1564.0,0.002836343998752433,10.699999809265137
2017-11-30,254.2,257.3,253.35,257.1,2215.0,-0.005387003491397202,11.279999732971191
2017-12-01,256.6,259.1,255.4,257.4,267.0,0.001166861143523823,11.430000305175781
2017-12-04,256.7,257.3881,252.0,252.5,1285.0,-0.01903651903651893,11.680000305175781
2017-12-05,253.2,253.5,248.8,251.8922,1924.0,-0.002407128712871298,11.329999923706055
2017-12-06,251.4,253.05,250.5,252.7,2255.0,0.003206927407835458,11.020000457763672
2017-12-07,253.6,254.4,250.55,252.1253,1900.0,-0.0022742382271467854,10.15999984741211
2017-12-08,252.4,257.75,252.2,257.1389,1926.0,0.019885350656994705,9.579999923706055
2017-12-11,257.897,258.2,256.4,257.0448,702.0,-0.00036595007600936924,9.34000015258789
2017-12-12,258.75,264.05,257.9,259.788,2571.0,0.010672069615880186,9.920000076293945
2017-12-13,263.5,266.105,260.35,265.44,952.0,0.021756201210217485,10.180000305175781
2017-12-14,266.175,266.6,263.995,264.8267,788.0,-0.0023105033152500676,10.489999771118164
2017-12-15,263.995,265.7,259.9,259.9,378.0,-0.018603486733022145,9.420000076293945
2017-12-18,261.8,268.3,261.8,267.3095,2707.0,0.028509041939207558,9.529999732971191
2017-12-19,266.3,266.37,261.9,263.3454,1841.0,-0.014829626332023449,10.029999732971191
2017-12-20,262.0,262.261,258.05,260.0576,6312.0,-0.012484744369941514,9.720000267028809
2017-12-21,258.4,264.1,258.4,262.3648,2603.0,0.008871880691047052,9.619999885559082
2017-12-22,262.3,262.3,260.9,261.7,612.0,-0.0025338764956275295,9.899999618530273
2017-12-27,262.05,264.0,261.95,263.1685,455.0,0.005611387084447861,10.470000267028809
2017-12-28,262.4,264.1,262.4,263.8325,837.0,0.002523098319137773,10.180000305175781
2017-12-29,265.0,265.0,264.1,264.1,389.0,0.0010139008651324222,11.039999961853027
2018-01-02,263.3126,263.4995,261.4043,263.4995,41430.0,-0.0022737599394169195,9.770000457763672
2018-01-03,270.9,271.4,270.4,271.4,415.0,0.029982979094836937,9.149999618530273
2018-01-04,269.1,269.8,268.0,268.1106,4641.0,-0.012120117907148176,9.220000267028809
2018-01-05,269.6,270.9,268.9,270.6577,1759.0,0.009500183879339374,9.220000267028809
2018-01-08,270.9,272.1662,270.9,272.1662,1830.0,0.005573460500107874,9.520000457763672
2018-01-09,270.7,271.5,270.7,270.8,621.0,-0.005019726916861811,10.079999923706055
2018-01-10,269.795,269.795,266.095,266.495,606.0,-0.01589734121122599,9.819999694824219
2018-01-11,266.0,266.0,265.495,266.0,188.0,-0.0018574457306891334,9.880000114440918
2018-01-12,264.25,267.5,264.25,264.25,68.0,-0.006578947368421018,10.15999984741211
2018-01-15,265.2,265.2,264.55,264.95,82541.0,0.0026490066225164366,
2018-01-16,266.1,268.8,266.1,268.8,1141.0,0.014531043593130955,11.65999984741211
2018-01-17,270.05,271.5,268.1,269.495,518.0,0.002585565476190377,11.90999984741211
2018-01-18,269.1,269.1,264.695,264.695,751.0,-0.01781109111486301,12.220000267028809
2018-01-19,264.4,270.5,264.4,269.905,686.0,0.019683031413513685,11.270000457763672
2018-01-22,271.55,271.995,270.695,270.7,1217.0,0.002945480817324597,11.029999732971191
2018-01-23,272.0,272.195,269.7,269.7,736.0,-0.003694126339120807,11.100000381469727
2018-01-24,269.6,269.6,268.295,268.395,704.0,-0.004838709677419395,11.470000267028809
2018-01-25,267.05,268.6,265.8,268.1,895.0,-0.0010991262877473318,11.579999923706055
2018-01-26,269.0,272.2,267.65,270.905,990.0,0.010462513987318012,11.079999923706055
2018-01-29,272.7,272.7,271.5,272.7,664.0,0.006625938982300017,13.84000015258789
2018-01-30,273.0,275.9,272.5,275.1,3554.0,0.008800880088008833,14.789999961853027
2018-01-31,264.0,267.605,255.4042,257.9908,24023.0,-0.06219265721555811,13.539999961853027
2018-02-01,259.995,259.995,252.295,252.295,4870.0,-0.022077531446857757,13.470000267028809
2018-02-02,251.05,252.1,249.195,250.995,7364.0,-0.005152698230246222,17.309999465942383
2018-02-05,249.0,249.7,244.07,248.68,3014.0,-0.009223291300623493,37.31999969482422
2018-02-06,237.1,242.895,231.8465,241.805,3510.0,-0.02764597072543029,29.979999542236328
2018-02-07,240.5,242.6,236.97,240.01,1117.0,-0.00742333698641473,27.729999542236328
2018-02-08,236.41,236.41,230.795,230.85,8190.0,-0.03816507645514766,33.459999084472656
2018-02-09,225.0,227.3,222.1035,225.7,2454.0,-0.022308858566168488,29.059999465942383
2018-02-12,230.6,230.6,229.095,230.4,2822.0,0.02082410279131608,25.610000610351562
2018-02-13,229.3,229.3,227.95,229.0,3185.0,-0.006076388888888951,24.969999313354492
2018-02-14,234.85,236.895,231.275,236.895,2378.0,0.03447598253275119,19.260000228881836
2018-02-15,240.7,242.395,240.595,242.395,1417.0,0.023217037083940184,19.1299991607666
2018-02-16,245.5,248.5749,244.8,245.4,1256.0,0.01239712040264851,19.459999084472656
2018-02-19,245.6,245.6,242.98,242.98,1212.0,-0.009861450692746576,
2018-02-20,243.8,247.5574,243.8,247.3,1257.0,0.017779241089801667,20.600000381469727
2018-02-21,246.03,246.03,243.11,246.0,5175.0,-0.005256773150020266,20.020000457763672
2018-02-22,243.45,244.35,241.695,243.83,17064.0,-0.008821138211382085,18.719999313354492
2018-02-23,242.5,242.5,239.0,239.0,25448.0,-0.01980888323832186,16.489999771118164
2018-02-26,243.88,243.88,239.8,243.88,69608.0,0.020418410041840973,15.800000190734863
2018-02-27,243.35,246.1,242.0,242.7,16259.0,-0.0048384451369526404,18.59000015258789
2018-02-28,242.495,242.495,240.78,241.995,42007.0,-0.0029048207663782133,19.850000381469727
2018-03-01,239.05,240.23,228.4,232.5,85044.0,-0.03923634785842689,22.469999313354492
2018-03-02,229.25,231.38,229.25,230.1165,21772.0,-0.010251612903225849,19.59000015258789
2018-03-05,231.11,233.3,231.11,231.3,13712.0,0.005143047108747023,18.729999542236328
2018-03-06,233.4,236.4,233.4,233.7,24235.0,0.01037613488975353,18.360000610351562
2018-03-07,232.95,232.95,228.37,231.3,21725.0,-0.010269576379974277,17.760000228881836
2018-03-08,231.51,235.8,231.51,234.7,14335.0,0.014699524427150834,16.540000915527344
2018-03-09,236.0,236.0,236.0,236.0,3676.0,0.0055389859394971985,14.640000343322754
2018-03-13,233.01,233.01,229.195,230.1,24238.0,-0.025000000000000022,16.350000381469727
2018-03-14,230.95,232.17,228.565,232.17,12679.0,0.00899608865710566,17.229999542236328
2018-03-15,233.2,236.05,230.5385,235.595,8689.0,0.014752121290433795,16.59000015258789
2018-03-16,235.45,238.505,235.1,238.12,14263.0,0.010717544939408796,15.800000190734863
2018-03-19,238.505,238.505,236.005,236.005,11815.0,-0.008882076264068561,19.020000457763672
2018-03-20,236.5,236.5,230.9688,236.3001,10362.0,0.0012503972373465455,18.200000762939453
2018-03-21,234.3,234.3,232.5718,234.1,1810.0,-0.009310618150394356,17.860000610351562
2018-03-22,229.1,229.1,223.9022,228.1,18846.0,-0.025630072618539113,23.34000015258789
2018-03-23,224.7,227.39,224.1627,227.1,12060.0,-0.004384042086803985,24.8700008392334
2018-03-26,223.46,223.46,222.55,222.55,50966.0,-0.020035226772346926,21.030000686645508
2018-03-27,229.0,229.45,225.53,225.8,4661.0,0.01460345989665246,22.5
2018-03-28,226.5,226.5,222.7,226.5,10050.0,0.003100088573959159,22.8700008392334
2018-03-29,227.2376,227.2376,223.99,225.68,15146.0,-0.0036203090507725966,19.969999313354492
2018-04-03,220.1,220.995,218.9664,220.995,34644.0,-0.02075948245303083,21.100000381469727
2018-04-04,219.8,219.8,218.69,219.8,30106.0,-0.005407362157514806,20.059999465942383
2018-04-05,222.3397,233.1503,222.3397,228.795,11307.0,0.04092356687898069,18.940000534057617
2018-04-06,228.44,228.44,227.2,227.795,11182.0,-0.004370724884722121,21.489999771118164
2018-04-09,229.4,229.5,226.99,227.3,10778.0,-0.0021730064312209807,21.770000457763672
2018-04-10,229.795,235.1671,229.795,230.1027,8251.0,0.01233040035195776,20.469999313354492
2018-04-11,228.3,229.1,224.905,225.5,4270.0,-0.020002807442068282,20.239999771118164
2018-04-12,227.4547,234.3,227.4547,234.005,6798.0,0.03771618625277151,18.489999771118164
2018-04-13,234.3,234.3,232.05,234.3,17657.0,0.001260656823572237,17.40999984741211
2018-04-16,234.8,235.9,234.8,235.4,13702.0,0.0046948356807512415,16.559999465942383
2018-04-17,238.3,242.895,238.3,242.3,16811.0,0.02931180968564151,15.25
2018-04-18,241.5,241.5,240.3,241.1,15363.0,-0.004952538175815202,15.600000381469727
2018-04-19,242.15,245.2,242.1,245.2,14297.0,0.017005391953546223,15.960000038146973
2018-04-20,245.2,245.2,243.9,244.5,13728.0,-0.0028548123980424167,16.8799991607666
2018-04-23,244.72,244.72,243.62,244.7,7140.0,0.0008179959100202971,16.34000015258789
2018-04-24,245.71,245.71,242.2167,244.3,6687.0,-0.001634654679198877,18.020000457763672
2018-04-25,240.495,240.495,237.6,238.9825,199764.0,-0.021766270978305413,17.84000015258789
2018-04-26,239.55,244.3,239.2,243.0488,9514.0,0.017015053403491853,16.239999771118164
2018-04-27,244.0,248.3606,243.2,244.3033,8648.0,0.005161514889191032,15.40999984741211
2018-04-30,246.0,246.0,244.175,244.7951,9072.0,0.002013071456668847,15.930000305175781
2018-05-02,244.56,247.7,244.56,246.7175,23712.0,0.007853098366756628,15.970000267028809
2018-05-03,246.05,246.91,244.6,244.7,93382.0,-0.008177368853040434,15.899999618530273
2018-05-04,252.8,257.975,252.8,255.9422,160778.0,0.04594278708622812,14.770000457763672
2018-05-08,262.995,262.995,259.7,261.7,32963.0,0.022496485534624577,14.710000038146973
2018-05-09,260.0,262.3,259.8,262.3,17019.0,0.0022927015666796002,13.420000076293945
2018-05-11,264.4,266.65,264.4,265.6112,95239.0,0.012623713305375484,12.649999618530273
2018-05-14,265.9,267.09,264.5,266.1,37599.0,0.0018402838434525837,12.930000305175781
2018-05-15,266.45,267.09,263.48,263.78,48230.0,-0.008718526869598064,14.630000114440918
2018-05-16,262.2,264.2,262.2,263.1953,31770.0,-0.002216619910531459,13.420000076293945
2018-05-17,263.55,264.33,262.92,263.7424,10739.0,0.0020786845357800843,13.430000305175781
2018-05-18,263.7,267.4,263.7,265.6992,14659.0,0.0074193607095409675,13.420000076293945
2018-05-22,268.04,272.995,268.04,271.5658,64426.0,0.022079855716539587,13.220000267028809
2018-05-23,269.295,269.295,266.7,267.4799,8463.0,-0.015045708995757301,12.579999923706055
2018-05-24,266.55,272.1,266.0,268.3097,8779.0,0.0031022891813554665,12.529999732971191
2018-05-25,270.05,271.1489,268.005,268.9602,11377.0,0.002424437133655477,13.220000267028809
2018-05-29,268.92,268.92,266.14,268.5314,6533.0,-0.0015942879281022337,17.020000457763672
2018-05-30,267.8,268.595,267.8,268.395,6117.0,-0.0005079480462993891,14.9399995803833
2018-05-31,267.15,269.76,263.505,267.0,17282.0,-0.00519756329290777,15.430000305175781
2018-06-01,267.8,267.8,263.7,266.99,43555.0,-3.745318352055271e-05,13.460000038146973
2018-06-04,266.5,268.82,266.5,268.249,24725.0,0.004715532416944557,12.739999771118164
2018-06-05,268.0,268.595,266.33,266.995,5756.0,-0.004674761136108652,12.399999618530273
2018-06-06,265.8,268.7911,265.8,267.1279,12695.0,0.0004977621303769997,11.640000343322754
2018-06-07,271.25,271.39,266.975,267.5178,22021.0,0.0014596004385913908,12.130000114440918
2018-06-08,265.6,269.0,265.5,267.5657,88395.0,0.00017905350597224867,12.180000305175781
2018-06-11,270.5,272.9,270.5,271.8394,35589.0,0.015972525626416267,12.350000381469727
2018-06-12,273.1,273.31,270.3,270.32,12699.0,-0.005589329582098901,12.34000015258789
2018-06-13,272.08,272.08,270.8,271.8804,10420.0,0.005772417875111069,12.9399995803833
2018-06-14,270.725,274.2,270.725,274.2,6681.0,0.008531692611898345,12.119999885559082
2018-06-15,274.65,275.5,272.2,272.8867,17593.0,-0.004789569657184467,11.979999542236328
2018-06-18,270.85,270.85,268.8,269.8,8450.0,-0.011311287798196124,12.3100004196167
2018-06-19,266.75,267.2,265.206,266.2,5575.0,-0.013343217197924417,13.350000381469727
2018-06-20,268.7047,270.494,268.7047,270.2689,11713.0,0.015285123966942038,12.789999961853027
2018-06-21,272.4,272.4,268.8,269.8,17306.0,-0.0017349387961395069,14.640000343322754
2018-06-22,269.32,272.2,269.32,271.9647,8361.0,0.008023350630096404,13.770000457763672
2018-06-25,270.9,270.9,263.5,263.5,44774.0,-0.031124259876373683,17.329999923706055
2018-06-26,261.2,264.0,261.2,261.2,10287.0,-0.008728652751423205,15.920000076293945
2018-06-27,260.7,264.8,258.9,262.9056,9909.0,0.006529862174578849,17.90999984741211
2018-06-28,263.8,263.8,259.45,260.0531,5376.0,-0.010849902018062796,16.850000381469727
2018-06-29,262.8,265.2,262.8,264.7,11001.0,0.017869042899315568,16.09000015258789
2018-07-02,261.35,261.35,260.3,260.7584,11010.0,-0.014890819795995491,15.600000381469727
2018-07-03,263.2,266.1,263.2,264.8565,8960.0,0.015716080479094785,16.139999389648438
2018-07-04,264.08,265.6,264.08,265.2433,16918.0,0.001460413469180466,
2018-07-05,267.225,268.9,267.225,267.7809,3904.0,0.009567065407495745,14.970000267028809
2018-07-06,268.2,269.7,267.7,269.493,6518.0,0.006393659891351655,13.369999885559082
2018-07-09,271.0,276.17,271.0,275.249,8596.0,0.02135862527041521,12.6899995803833
2018-07-10,275.6,282.8593,275.6,282.62,21106.0,0.02677938884428266,12.640000343322754
2018-07-11,279.74,282.2,279.74,281.5489,31924.0,-0.0037898945580638888,13.630000114440918
2018-07-12,282.95,284.82,282.15,284.4686,18872.0,0.010370134637357697,12.579999923706055
2018-07-13,285.9,289.88,285.85,288.88,7852.0,0.015507511198072477,12.180000305175781
2018-07-16,288.9,290.5,288.0,288.0,5003.0,-0.00304624757684846,12.829999923706055
2018-07-17,288.2,288.2,286.4,288.0,6461.0,0.0,12.0600004196167
2018-07-18,289.3,289.55,286.25,287.8,5333.0,-0.000694444444444442,12.100000381469727
2018-07-19,285.4,286.5,283.91,284.8,14248.0,-0.010423905489923557,12.869999885559082
2018-07-20,285.8,286.45,283.3,285.3,12235.0,0.00175561797752799,12.859999656677246
2018-07-23,283.9,285.8,283.9,285.5,1604.0,0.000701016473887206,12.619999885559082
2018-07-24,285.0,285.49,283.8,284.1,4285.0,-0.004903677758318681,12.40999984741211
2018-07-25,300.034,304.4,300.034,301.6585,41903.0,0.06180394227384722,12.289999961853027
2018-07-26,302.95,307.89,302.875,307.3,16329.0,0.018701611259089423,12.140000343322754
2018-07-27,308.1,308.19,304.85,306.8091,23368.0,-0.0015974617637488642,13.029999732971191
2018-07-30,306.12,308.19,306.12,307.2,4601.0,0.0012740821572763128,14.260000228881836
2018-07-31,307.75,307.75,303.3,305.3,9116.0,-0.006184895833333259,12.829999923706055
2018-08-02,306.95,308.595,305.21,307.22,14124.0,0.006288896167703895,12.1899995803833
2018-08-03,307.25,309.3,306.49,309.3,20761.0,0.006770392552568172,11.640000343322754
2018-08-06,308.475,311.45,308.475,310.6,3344.0,0.0042030391205949424,11.270000457763672
2018-08-07,312.0,314.7,310.5,314.142,16253.0,0.011403734707018609,10.930000305175781
2018-08-08,313.1,316.1,313.1,315.3,1869.0,0.0036862310674790066,10.850000381469727
2018-08-09,315.2,318.5,315.2,318.5,8050.0,0.010149064383127238,11.270000457763672
2018-08-10,317.0,320.5,316.6,319.2,19229.0,0.00219780219780219,13.15999984741211
2018-08-13,318.05,320.35,316.42,319.0,1242.0,-0.0006265664160400863,14.779999732971191
2018-08-14,318.2,318.2,313.3,315.68,57113.0,-0.010407523510971739,13.3100004196167
2018-08-15,314.95,315.0,310.7,311.3,6919.0,-0.013874809934110499,14.640000343322754
2018-08-16,312.1,312.1,310.4,311.97,8184.0,0.0021522646964342584,13.449999809265137
2018-08-17,311.875,311.875,309.9,310.32,8989.0,-0.0052889700932783335,12.640000343322754
2018-08-20,311.8,314.38,311.8,313.0,2029.0,0.008636246455272056,12.489999771118164
2018-08-21,313.9,313.9,311.2306,313.4,19293.0,0.0012779552715653786,12.859999656677246
2018-08-22,309.6,314.7,309.09,314.29,2979.0,0.0028398213146141327,12.25
2018-08-23,312.95,316.2,312.95,313.8,9095.0,-0.001559069649050282,12.40999984741211
2018-08-24,312.475,313.9,312.475,313.9,5942.0,0.00031867431485022024,11.989999771118164
2018-08-28,313.4,316.1,313.4,315.27,3819.0,0.004364447276202554,12.5
2018-08-29,317.26,317.26,314.9,315.28,4884.0,3.17188441651961e-05,12.25
2018-08-30,314.45,314.5,312.7,314.3,7348.0,-0.003108348134990946,13.529999732971191
2018-08-31,312.6,313.74,310.805,312.1,3479.0,-0.006999681832643989,12.859999656677246
2018-09-03,313.0,314.2,312.45,313.5,1350.0,0.004485741749439276,
2018-09-04,315.45,315.55,310.2,310.8,4603.0,-0.008612440191387516,13.15999984741211
2018-09-05,310.05,311.08,307.5,308.855,28713.0,-0.00625804375804373,13.90999984741211
2018-09-06,306.55,308.9,304.9,304.9,45636.0,-0.01280536173932767,14.649999618530273
2018-09-07,306.15,309.88,306.15,309.88,16082.0,0.016333224007871516,14.880000114440918
2018-09-10,308.0,310.9,308.0,309.7,12483.0,-0.0005808700141990419,14.15999984741211
2018-09-11,310.85,312.15,310.85,312.0,13829.0,0.007426541814659293,13.220000267028809
2018-09-12,314.05,315.7,314.05,315.3,2682.0,0.01057692307692304,13.140000343322754
2018-09-13,315.25,316.6,314.29,315.3,1504.0,0.0,12.369999885559082
2018-09-14,316.6,316.6,315.55,316.6,2072.0,0.004123057405645447,12.069999694824219
2018-09-17,315.05,316.1,314.1,314.9652,9413.0,-0.005163613392293209,13.680000305175781
2018-09-18,317.0,317.6,315.26,317.45,3183.0,0.00788912552878851,12.789999961853027
2018-09-19,320.7,327.5,320.7,320.9,12680.0,0.010867853205229094,11.75
2018-09-20,322.4,322.4,318.2,318.37,2131.0,-0.007884076036148269,11.800000190734863
2018-09-21,318.9,318.9,312.8,312.8,153223.0,-0.017495367025787578,11.680000305175781
2018-09-24,312.2,312.2,309.9,310.6,14199.0,-0.007033248081841359,12.199999809265137
2018-09-25,315.8,327.6,315.8,327.2,7765.0,0.05344494526722454,12.420000076293945
2018-09-26,327.005,336.5,327.005,336.3,29086.0,0.02781173594132036,12.890000343322754
2018-09-27,333.49,339.7,333.49,338.85,6299.0,0.007582515611061602,12.40999984741211
2018-09-28,336.1,338.7,334.495,335.0,35674.0,-0.011361959569130997,12.119999885559082
2018-10-01,336.7,340.38,336.7,339.1,38548.0,0.012238805970149258,12.0
2018-10-02,336.5,337.2,335.0436,336.5,87377.0,-0.007667354762606937,12.050000190734863
2018-10-03,338.05,338.7,335.8,338.0,20449.0,0.004457652303120341,11.609999656677246
2018-10-04,333.6,336.65,328.3,329.28,19554.0,-0.02579881656804739,14.220000267028809
2018-10-05,328.0,329.7,325.6,325.6,11705.0,-0.011175898931000794,14.819999694824219
2018-10-08,321.575,321.575,318.1,320.84,9562.0,-0.014619164619164793,15.6899995803833
2018-10-09,317.1,320.9,312.5,316.1,15687.0,-0.014773718987657225,15.949999809265137
2018-10-10,314.04,314.04,308.6,309.37,20631.0,-0.021290730781398315,22.959999084472656
2018-10-11,306.05,309.65,301.1,309.0,25017.0,-0.0011959789249119668,24.979999542236328
2018-10-12,313.0,315.98,311.0,312.8,11212.0,0.01229773462783168,21.309999465942383
2018-10-15,310.05,311.5,305.7,311.4,11993.0,-0.004475703324808289,21.299999237060547
2018-10-16,310.34,322.5,310.34,322.0,32731.0,0.03403982016698781,17.6200008392334
2018-10-17,323.4,329.3828,323.4,326.37,20156.0,0.013571428571428568,17.399999618530273
2018-10-18,325.91,330.6,325.91,328.7,56248.0,0.007139136562796855,20.059999465942383
2018-10-19,327.15,333.3,324.5,326.4,42614.0,-0.006997261940979604,19.889999389648438
2018-10-22,322.0,322.0,316.2,316.5,65374.0,-0.030330882352941124,19.639999389648438
2018-10-23,310.43,310.43,302.0,305.1916,34119.0,-0.035729541864139014,20.709999084472656
2018-10-24,309.0,316.4,309.0,309.2,27694.0,0.013134044318388716,25.229999542236328
2018-10-25,301.5,305.37,295.3,299.0,46578.0,-0.03298835705045278,24.219999313354492
2018-10-26,300.0,305.76,295.96,303.0,7150.0,0.013377926421404673,24.15999984741211
2018-10-29,306.05,309.2,304.2,304.5,24469.0,0.004950495049504955,24.700000762939453
2018-10-30,303.8,307.5,303.8,305.8,17108.0,0.0042692939244664,23.350000381469727
2018-10-31,310.85,319.2,310.1,316.7,89954.0,0.03564421190320455,21.229999542236328
2018-11-01,319.75,321.5,317.6,321.3,6753.0,0.014524786864540618,19.34000015258789
2018-11-02,324.0,328.55,322.65,323.1,31473.0,0.0056022408963585235,19.510000228881836
2018-11-05,325.0,326.45,321.21,324.5,16367.0,0.004333023831631033,19.959999084472656
2018-11-06,326.58,326.58,323.895,325.8,19391.0,0.004006163328197365,19.90999984741211
2018-11-07,328.0,330.6,325.8,329.1295,67580.0,0.010219459791283025,16.360000610351562
2018-11-08,331.4,331.4,327.3,329.7,21375.0,0.001733360273084017,16.719999313354492
2018-11-09,327.3,329.7,327.3,328.0147,13727.0,-0.005111616621170767,17.360000610351562
2018-11-12,328.6,330.7,316.205,316.205,18117.0,-0.03600356935222726,20.450000762939453
2018-11-13,314.95,319.4,310.24,313.7,18293.0,-0.00792207586850302,20.020000457763672
2018-11-14,307.05,312.31,306.5,307.4,14181.0,-0.020082881734140967,21.25
2018-11-15,305.1,307.7,299.9,301.9,18283.0,-0.01789199739752767,19.979999542236328
2018-11-16,304.3,306.6,304.3,305.5,10384.0,0.01192447830407417,18.139999389648438
2018-11-19,306.05,307.1,299.37,299.37,13580.0,-0.0200654664484452,20.100000381469727
2018-11-20,298.75,299.9,292.0,297.005,20265.0,-0.007899923171994505,22.479999542236328
2018-11-21,299.3,299.3,297.55,299.1,8587.0,0.0070537533038166345,20.799999237060547
2018-11-22,299.55,302.65,298.68,301.3,11413.0,0.007355399531929097,
2018-11-23,298.95,303.26,298.7,301.4804,10282.0,0.0005987387985395554,21.520000457763672
2018-11-26,304.4,305.2,301.3,303.8,3839.0,0.007694032514219851,18.899999618530273
2018-11-27,305.0,306.0,301.95,304.1,2298.0,0.0009874917709018494,19.020000457763672
2018-11-28,305.0,305.205,303.2256,303.8,11244.0,-0.0009865175928971404,18.489999771118164
2018-11-29,305.99,319.1,305.99,318.205,14237.0,0.047416063199473335,18.790000915527344
2018-11-30,320.1,324.2,320.1,322.5,16967.0,0.013497588032872043,18.06999969482422
2018-12-03,329.45,329.45,327.9,328.3,12662.0,0.01798449612403097,16.440000534057617
2018-12-04,328.5,332.9,328.5,328.6,7942.0,0.0009137983551630313,20.739999771118164
2018-12-05,322.3,325.6,322.3,324.6,27505.0,-0.012172854534388322,
2018-12-06,317.4,317.4,308.6,308.8,19398.0,-0.04867529266789894,21.190000534057617
2018-12-07,311.25,311.4,307.94,307.94,9232.0,-0.002784974093264281,23.229999542236328
2018-12-10,305.05,305.05,299.6,299.6,20574.0,-0.02708319802558934,22.639999389648438
2018-12-11,304.0,307.9,300.6,306.6,3583.0,0.02336448598130847,21.760000228881836
2018-12-12,310.05,313.5,305.86,313.5,6589.0,0.022504892367906093,21.459999084472656
2018-12-13,311.85,311.9,305.33,308.405,27314.0,-0.01625199362041474,20.649999618530273
2018-12-14,301.6,304.8,300.0,302.3,17239.0,-0.01979539890728088,21.6299991607666
2018-12-17,296.9,296.9,291.9,294.4,15105.0,-0.026132980482964085,24.520000457763672
2018-12-18,290.0,290.0,284.8,284.92,23173.0,-0.032201086956521574,25.579999923706055
2018-12-19,283.05,286.1,282.375,282.5,23468.0,-0.008493612242032933,25.579999923706055
2018-12-20,275.0,275.0,266.84,268.7108,63260.0,-0.04881132743362826,28.3799991607666
2018-12-21,263.85,265.65,256.06,256.4,56955.0,-0.04581431040360129,30.110000610351562
2018-12-27,259.23,259.23,245.21,246.3,64883.0,-0.039391575663026424,29.959999084472656
2018-12-28,249.2,255.0,249.2,254.2,44058.0,0.03207470564352399,28.34000015258789
2019-01-03,254.75,258.8,251.47,256.0,51838.0,0.007081038552321006,25.450000762939453
2019-01-04,259.85,261.9,250.5,256.8289,35838.0,0.003237890624999906,21.3799991607666
2019-01-07,264.6,265.7,261.9,264.9,65470.0,0.03142598048739842,21.399999618530273
2019-01-08,267.85,274.695,265.4,271.7,15455.0,0.02567006417516038,20.469999313354492
2019-01-09,275.85,280.3,275.35,278.6,25560.0,0.025395656974604552,19.979999542236328
2019-01-10,278.1,286.8,278.1,286.1,12350.0,0.026920315865039512,19.5
2019-01-11,287.7,287.7,280.7,281.5,14839.0,-0.016078294302691476,18.190000534057617
2019-01-14,279.825,279.825,273.8,275.4,19797.0,-0.021669626998223834,19.06999969482422
2019-01-15,276.7,276.7,270.5,275.305,20561.0,-0.00034495279593305117,18.600000381469727
2019-01-16,277.3,277.3,273.4,273.5,26337.0,-0.006556364759085387,19.040000915527344
2019-01-17,275.65,277.3,272.2,277.2,11059.0,0.013528336380255856,18.059999465942383
2019-01-18,280.0,280.0,275.0,277.5,16963.0,0.0010822510822510178,17.799999237060547
2019-01-21,279.75,280.74,277.03,278.9,7211.0,0.0050450450450449935,
2019-01-22,280.1,280.1,272.7,273.0,21534.0,-0.021154535675869446,20.799999237060547
2019-01-23,270.45,281.1,270.04,278.9,7099.0,0.021611721611721535,19.520000457763672
2019-01-24,279.5,279.5,274.7,276.6,19922.0,-0.008246683399067645,18.889999389648438
2019-01-25,280.14,284.15,280.14,282.7,36057.0,0.022053506869124995,17.420000076293945
2019-01-28,279.05,285.45,277.5,278.28,30568.0,-0.015634948708878715,18.8700008392334
2019-01-29,275.64,284.3,275.64,280.14,17666.0,0.006683915480810709,19.1299991607666
2019-01-30,256.0,265.1,256.0,258.6131,35614.0,-0.07684336403226966,17.65999984741211
2019-01-31,255.75,263.1,255.75,260.512,79175.0,0.007342628815013796,16.56999969482422
2019-02-01,263.35,271.1,261.85,268.8,46288.0,0.03181427343078247,16.139999389648438
2019-02-04,271.85,273.6,267.16,273.6,15047.0,0.017857142857142794,15.729999542236328
2019-02-05,274.85,281.85,274.6,279.4,50979.0,0.02119883040935666,15.569999694824219
2019-02-06,283.25,283.79,279.9,281.3,22178.0,0.006800286327845573,15.380000114440918
2019-02-07,279.85,282.1,277.0,277.0,23689.0,-0.015286171347316024,16.3700008392334
2019-02-08,274.95,276.5,274.1,276.1,7173.0,-0.003249097472924123,15.720000267028809
2019-02-11,278.95,280.9,276.65,277.9,16588.0,0.006519377037305096,15.970000267028809
2019-02-12,282.55,284.3,280.6,282.6,9506.0,0.016912558474271533,15.430000305175781
2019-02-13,282.7,285.6,282.7,285.2,5766.0,0.009200283085633254,15.649999618530273
2019-02-14,287.1,287.1,284.76,285.3,6306.0,0.00035063113604505425,16.219999313354492
2019-02-15,285.4,291.9,284.7,291.8,13173.0,0.022783035401331864,14.90999984741211
2019-02-18,290.15,291.7,289.7,290.3,20550.0,-0.005140507196710109,
2019-02-19,289.5,289.5,284.77,286.8,19514.0,-0.012056493282810887,14.880000114440918
2019-02-20,287.0,290.4,287.0,290.34,5686.0,0.012343096234309403,14.020000457763672
2019-02-21,291.1,291.1,286.25,286.4,5042.0,-0.013570296893297473,14.460000038146973
2019-02-22,284.9,288.1,284.9,286.5,5567.0,0.0003491620111732985,13.510000228881836
2019-02-25,290.85,299.3,288.625,297.9,40241.0,0.03979057591623025,14.850000381469727
2019-02-26,298.0,298.0,294.8,297.8,11131.0,-0.000335683115139207,15.170000076293945
2019-02-27,297.1,297.86,288.0,288.4,15294.0,-0.03156480859637356,14.699999809265137
2019-02-28,286.56,286.56,276.6,277.5,66171.0,-0.03779472954230223,14.779999732971191
2019-03-01,284.8,288.8,280.45,284.6,11295.0,0.02558558558558577,13.569999694824219
2019-03-04,291.5,291.5,288.15,290.3,22464.0,0.02002810962754742,14.630000114440918
2019-03-05,286.75,295.0,286.7,289.3,20487.0,-0.003444712366517444,14.739999771118164
2019-03-06,291.1,296.1,291.1,293.5089,12373.0,0.014548565502938038,15.739999771118164
2019-03-07,291.6,291.6,287.5,288.8,8739.0,-0.016043465802910828,16.59000015258789
2019-03-08,286.4,286.4,284.8,286.2,13215.0,-0.009002770083102574,16.049999237060547
2019-03-11,287.65,292.5,287.65,292.5,13863.0,0.022012578616352307,14.329999923706055
2019-03-12,296.0,296.2,293.4,295.1,36669.0,0.008888888888888946,13.770000457763672
2019-03-13,292.58,296.7,292.58,296.23,18551.0,0.003829210437140018,13.40999984741211
2019-03-14,297.6,299.9,295.8,299.7,23562.0,0.011713870978631302,13.5
2019-03-15,298.5,301.3,298.5,300.7,29005.0,0.003336670003336595,12.880000114440918
2019-03-18,296.9,300.05,296.9,297.1,20364.0,-0.011972065181243607,13.100000381469727
2019-03-19,297.1,300.2,296.9,298.8,9331.0,0.005721979131605437,13.5600004196167
2019-03-20,299.6,299.6,297.3,298.6,11925.0,-0.0006693440428380271,13.90999984741211
2019-03-21,299.7,299.7,295.45,297.2,7719.0,-0.0046885465505693835,13.630000114440918
2019-03-22,300.175,300.175,288.3,288.35,24539.0,-0.02977792732166884,16.479999542236328
2019-03-25,284.1,287.65,282.6,285.8,17169.0,-0.008843419455522805,16.329999923706055
2019-03-26,286.75,292.2,286.27,291.35,27584.0,0.019419174247725657,14.680000305175781
2019-03-27,292.0,297.2,290.6,296.6,35900.0,0.018019564098163743,15.149999618530273
2019-03-28,298.8,304.16,298.8,302.9,36150.0,0.021240728253540064,14.430000305175781
2019-03-29,305.32,309.25,305.32,308.8,21413.0,0.019478375701551753,13.710000038146973
2019-04-01,309.7,312.78,309.3,311.4,16866.0,0.008419689119170792,13.399999618530273
2019-04-02,311.25,315.2,310.9,313.4009,23086.0,0.00642549775208745,13.359999656677246
2019-04-03,314.025,314.025,306.3,309.3,21881.0,-0.01308515706240787,13.739999771118164
2019-04-04,308.1,309.7,306.9,306.9,19367.0,-0.0077594568380214834,13.579999923706055
2019-04-05,309.08,310.4,308.24,308.7,17304.0,0.0058651026392961825,12.819999694824219
2019-04-08,307.84,313.0,307.84,309.61,4768.0,0.002947845804988747,13.180000305175781
2019-04-09,310.5,311.7,308.36,310.7,8310.0,0.0035205581215076442,14.279999732971191
2019-04-10,312.95,318.05,312.95,314.6543,36189.0,0.0127270679111684,13.300000190734863
2019-04-11,314.93,315.6,308.775,308.84,23096.0,-0.018478374520863095,13.020000457763672
2019-04-12,297.71,299.7,294.94,297.2,53643.0,-0.037689418469110225,12.010000228881836
2019-04-15,297.275,300.1,297.275,298.2,13168.0,0.003364737550471064,12.319999694824219
2019-04-16,297.5,300.72,297.5,299.91,9859.0,0.005734406438631989,12.180000305175781
2019-04-17,298.72,298.72,291.23,292.4,52094.0,-0.025040845587009586,12.600000381469727
2019-04-18,296.2,301.44,291.0,297.67,20624.0,0.018023255813953698,12.09000015258789
2019-04-23,301.08,312.05,300.43,311.3,33614.0,0.04578896092988871,12.279999732971191
2019-04-24,308.6,309.9,305.6,306.92,68942.0,-0.014070028911018273,13.140000343322754
2019-04-25,308.6,308.6,306.15,308.6,6013.0,0.005473739085103624,13.25
2019-04-26,310.98,315.075,310.59,311.4,42071.0,0.009073233959818294,12.729999542236328
2019-04-29,313.0,313.9,311.05,313.1,24378.0,0.005459216441875636,13.109999656677246
2019-04-30,314.25,315.1,312.3,314.7,7273.0,0.0051101884381985485,13.119999885559082
2019-05-02,313.88,314.9,312.78,313.5,23077.0,-0.0038131553860819567,14.420000076293945
2019-05-03,314.4,321.8,314.4,321.3,10044.0,0.024880382775119614,12.869999885559082
2019-05-07,312.225,317.8,312.025,312.3,18262.0,-0.02801120448179273,19.31999969482422
2019-05-08,312.7,317.6,312.7,314.8,42715.0,0.008005123278898463,19.399999618530273
2019-05-09,311.8,312.6,307.0,308.5,27169.0,-0.020012706480304954,19.100000381469727
2019-05-10,312.22,316.3,311.5,311.9,25323.0,0.011021069692058294,16.040000915527344
2019-05-13,311.99,311.99,305.17,305.3,13819.0,-0.021160628406540427,20.549999237060547
2019-05-14,308.34,310.1,306.52,309.8,15979.0,0.014739600393055996,18.059999465942383
2019-05-15,310.6,313.4,307.6,313.4,18059.0,0.011620400258230967,16.440000534057617
2019-05-16,314.65,319.04,314.65,319.0,13977.0,0.01786853860880666,15.289999961853027
2019-05-17,317.8,319.02,316.17,317.2,13031.0,-0.005642633228840177,15.960000038146973
2019-05-20,317.0,317.6,309.7,310.3,25759.0,-0.02175283732660771,16.309999465942383
2019-05-21,311.36,316.375,311.36,314.7,17327.0,0.014179825974862892,14.949999809265137
2019-05-22,314.76,318.95,314.44,318.8,194971.0,0.013028280902446898,14.75
2019-05-23,315.38,317.0,312.5,313.4,14253.0,-0.01693851944792979,16.920000076293945
2019-05-24,314.45,318.65,313.65,315.9,22220.0,0.007977026164645906,15.850000381469727
2019-05-28,315.9,318.4,315.3369,315.4,17825.0,-0.0015827793605571738,17.5
2019-05-29,314.98,314.98,308.08,310.0,9824.0,-0.017121116043119722,17.899999618530273
2019-05-31,307.7,308.59,304.1,308.4,8657.0,-0.005161290322580725,18.709999084472656
2019-06-03,309.62,322.64,309.62,320.3,59087.0,0.03858625162127116,18.860000610351562
2019-06-04,317.0,320.22,315.6,315.8,20376.0,-0.014049328754292878,16.969999313354492
2019-06-05,315.68,316.8,314.27,316.8,6230.0,0.0031665611146294292,16.09000015258789
2019-06-06,316.75,318.77,315.9,317.9,20152.0,0.003472222222222099,15.930000305175781
2019-06-07,321.55,324.2,320.88,322.3,17035.0,0.013840830449827202,16.299999237060547
2019-06-11,324.05,332.4,324.05,329.425,19302.0,0.02210673285758613,15.989999771118164
2019-06-12,332.92,339.0,332.92,337.1,59889.0,0.02329817105562726,15.90999984741211
2019-06-13,336.87,336.87,332.2,332.42,26088.0,-0.01388312073568676,15.819999694824219
2019-06-14,329.42,329.775,327.625,329.1,14238.0,-0.009987365381144309,15.279999732971191
2019-06-17,328.57,329.1,327.5,328.9,14990.0,-0.0006077180188394093,15.350000381469727
2019-06-18,327.95,336.15,327.9,335.7,12892.0,0.020674977196716293,15.149999618530273
2019-06-19,334.0,336.6,332.7,334.7,22885.0,-0.0029788501638368103,14.329999923706055
2019-06-20,335.9,337.1,333.2,333.2,20361.0,-0.004481625336121953,14.75
2019-06-21,329.75,331.98,328.1,329.3,86165.0,-0.011704681872748979,15.399999618530273
2019-06-24,330.6,330.6,326.74,326.8,55335.0,-0.007591861524445798,15.260000228881836
2019-06-25,326.4,329.7,326.4,327.65,10198.0,0.002600979192166397,16.280000686645508
2019-06-26,327.11,327.11,323.8,323.8,20129.0,-0.011750343354188786,16.209999084472656
2019-06-27,323.6,325.475,321.8,324.6,19740.0,0.002470660901791266,15.819999694824219
2019-06-28,323.3,329.4,322.62,328.2,21509.0,0.01109057301293892,15.079999923706055
2019-07-01,330.5,336.425,330.5,334.9,10031.0,0.02041438147471042,14.0600004196167
2019-07-02,333.32,333.32,329.37,330.0,12043.0,-0.01463123320394144,12.930000305175781
2019-07-03,330.77,336.1,330.77,332.5,7578.0,0.007575757575757569,12.569999694824219
2019-07-04,331.19,331.32,327.27,330.6,5120.0,-0.005714285714285672,
2019-07-05,331.13,332.5,325.99,331.5,30862.0,0.0027223230490016626,13.279999732971191
2019-07-08,326.58,328.1,324.17,327.4,15986.0,-0.012368024132730082,13.960000038146973
2019-07-09,329.1,332.97,325.78,326.89,9649.0,-0.00155772755039707,14.09000015258789
2019-07-10,323.65,333.66,323.3,331.2,33279.0,0.01318486340970959,13.029999732971191
2019-07-11,333.65,334.9,332.5,334.78,21894.0,0.010809178743961256,12.930000305175781
2019-07-12,333.32,333.49,326.2,326.7,35509.0,-0.02413525300197139,12.390000343322754
2019-07-15,328.16,330.275,328.0,330.19,122529.0,0.010682583409856061,12.680000305175781
2019-07-16,330.78,337.97,330.76,337.6,23936.0,0.022441624519216274,12.859999656677246
2019-07-17,337.2,337.575,336.5226,337.0,15485.0,-0.0017772511848341832,13.970000267028809
2019-07-18,334.64,336.9,333.89,335.3,106884.0,-0.005044510385756595,13.529999732971191
2019-07-19,336.4,341.38,336.4,339.3,6909.0,0.011929615269907545,14.449999809265137
2019-07-22,341.3,342.8,339.0,339.0,54947.0,-0.0008841732979664174,13.529999732971191
2019-07-23,346.23,347.15,344.52,344.68,14935.0,0.016755162241888,12.609999656677246
2019-07-24,345.2,351.68,340.8,342.47,20944.0,-0.006411744226528904,12.069999694824219
2019-07-25,343.61,349.08,343.61,346.3,22136.0,0.011183461325079413,12.739999771118164
2019-07-26,345.7,345.9,343.0,343.0,12397.0,-0.009529309846953549,12.15999984741211
2019-07-29,345.9,346.3,343.3,343.4,22833.0,0.0011661807580174433,12.829999923706055
2019-07-30,340.68,343.46,337.1,339.47,15672.0,-0.01144437973209067,13.9399995803833
2019-07-31,341.69,342.275,340.3,341.4,26634.0,0.005685333019118,16.1200008392334
2019-08-02,334.725,343.0,331.7,337.05,16318.0,-0.012741652021089567,17.610000610351562
2019-08-05,333.02,333.02,324.49,326.6,23528.0,-0.031004302032339393,24.59000015258789
2019-08-06,328.26,335.6,327.43,333.1,42625.0,0.019902020820575572,20.170000076293945
2019-08-07,335.475,341.3,332.65,339.2,27338.0,0.018312818973281297,19.489999771118164
2019-08-08,342.1,344.9,340.9,344.9,24186.0,0.016804245283018826,16.90999984741211
2019-08-09,345.2903,348.275,344.8,346.0,29795.0,0.0031893302406496016,17.969999313354492
2019-08-12,350.97,350.97,345.05,346.2,10293.0,0.0005780346820809523,21.09000015258789
2019-08-13,343.825,347.8,339.6,345.575,23170.0,-0.0018053148469092672,17.520000457763672
2019-08-14,346.0,346.0,337.72,338.7,11001.0,-0.019894378933661305,22.100000381469727
2019-08-15,336.32,337.17,333.025,337.17,15502.0,-0.004517271922054866,21.18000030517578
2019-08-16,341.5,342.25,340.3,342.2,22571.0,0.014918290476614082,18.469999313354492
2019-08-19,345.25,350.94,345.12,348.7,37061.0,0.018994739918176462,16.8799991607666
2019-08-20,348.75,351.1,345.0,345.0,6024.0,-0.010610840263837074,17.5
2019-08-21,349.89,355.85,349.89,355.59,23886.0,0.030695652173913013,15.800000190734863
2019-08-22,355.7,356.3,351.56,355.8679,39007.0,0.0007815180404400213,16.68000030517578
2019-08-23,351.35,353.86,350.3,353.3,46259.0,-0.007215879825069993,19.8700008392334
2019-08-27,347.21,354.3,346.45,351.2,25161.0,-0.005943956977073395,20.309999465942383
2019-08-28,347.3,347.3,340.4,344.4,20001.0,-0.019362186788154934,19.350000381469727
2019-08-29,342.2,351.2,341.975,348.56,19518.0,0.012078977932636459,17.8799991607666
2019-08-30,349.45,351.6,349.175,350.35,9871.0,0.005135414275877936,18.979999542236328
2019-09-02,351.8,351.8,350.3,350.4,4113.0,0.00014271442842850313,
2019-09-03,347.2,352.56,347.2,348.9,28606.0,-0.0042808219178082085,19.65999984741211
2019-09-04,354.3,363.58,354.0,356.1219,13450.0,0.02069905417024942,17.329999923706055
2019-09-05,356.79,357.9,352.2,353.3505,36874.0,-0.0077821667243715975,16.270000457763672
2019-09-06,355.9,359.5,354.66,357.2758,36161.0,0.011108799902646238,15.0
2019-09-09,359.6,361.45,358.6,361.45,38588.0,0.01168341096710157,15.270000457763672
2019-09-10,358.6,361.0,340.3,361.0,88237.0,-0.00124498547516938,15.199999809265137
2019-09-11,345.46,345.575,341.5,342.7,164720.0,-0.05069252077562325,14.609999656677246
2019-09-12,338.46,343.5,335.96,339.5178,36338.0,-0.009285672599941508,14.220000267028809
2019-09-13,338.7,338.7,335.5,338.2,39476.0,-0.0038813870730785016,13.739999771118164
2019-09-16,334.4,342.0,331.9,333.2173,57329.0,-0.014732998225901683,14.670000076293945
2019-09-17,332.0,338.4,331.5,338.0,28077.0,0.014353096312826441,14.4399995803833
2019-09-18,337.85,342.275,337.85,342.2,47258.0,0.012426035502958621,13.949999809265137
2019-09-19,344.18,346.85,344.18,346.8,11668.0,0.013442431326709636,14.050000190734863
2019-09-20,349.32,349.4,344.5,345.8,59147.0,-0.0028835063437139263,15.319999694824219
2019-09-23,345.3,345.3,341.5,341.6,46823.0,-0.012145748987854255,14.90999984741211
2019-09-24,342.725,347.4,342.6,344.3,11800.0,0.007903981264636872,17.049999237060547
2019-09-25,341.26,342.6,336.29,338.6,34438.0,-0.01655532965437112,15.960000038146973
2019-09-26,340.3,342.3,334.9,340.0,114215.0,0.0041346721795627595,16.06999969482422
2019-09-27,337.4,339.0,334.99,337.28,19727.0,-0.008000000000000118,17.219999313354492
2019-11-25,336.7,340.0,336.55,337.4,41503.0,0.0003557874762809554,11.869999885559082
2019-11-26,337.58,343.3,336.7,342.5,39081.0,0.015115589804386653,11.539999961853027
2019-11-27,342.52,343.14,337.7,338.0,14423.0,-0.013138686131386912,11.75
2019-11-28,339.38,340.1,337.4,339.3,5582.0,0.0038461538461538325,
2019-11-29,337.975,342.39,337.975,339.6,25066.0,0.0008841732979665284,12.619999885559082
2019-12-02,339.45,344.2,333.0,333.9,14526.0,-0.016784452296819907,14.90999984741211
2019-12-03,336.8,336.8,331.8,333.2,54627.0,-0.002096436058700135,15.960000038146973
2019-12-04,332.8,336.3,332.1,333.9868,33589.0,0.0023613445378152242,14.800000190734863
2019-12-05,334.4,339.58,333.5,336.8,15457.0,0.00842308737950126,14.520000457763672
2019-12-06,337.375,341.0,337.175,340.3,9919.0,0.01039192399049882,13.619999885559082
2019-12-09,339.46,340.7,336.68,337.0,9047.0,-0.009697325888921582,15.859999656677246
2019-12-10,335.97,335.97,329.45,334.9,31050.0,-0.006231454005934833,15.680000305175781
2019-12-11,334.4,335.9,332.8,335.5,39890.0,0.0017915795759928521,14.989999771118164
2019-12-12,335.0,338.0,334.59,336.4,23755.0,0.0026825633383009695,13.9399995803833
2019-12-13,337.3,338.0,335.1,336.4,15226.0,0.0,12.630000114440918
2019-12-16,338.38,342.98,335.6,335.6,6897.0,-0.0023781212841853527,12.140000343322754
2019-12-17,342.0,348.4,342.0,347.7,111925.0,0.03605482717520858,12.289999961853027
2019-12-18,348.375,353.19,348.0,351.1,28975.0,0.00977854472246209,12.579999923706055
2019-12-19,351.5,351.55,348.2,350.6,28769.0,-0.001424095699230965,12.5
2019-12-20,353.23,353.275,350.5,352.6,12491.0,0.005704506560182621,12.510000228881836
2019-12-23,354.38,356.4,352.6,352.6,5608.0,0.0,12.609999656677246
2019-12-27,356.3,357.77,354.49,356.4,17997.0,0.01077708451503101,13.430000305175781
2019-12-30,355.4,356.6,353.6,354.3,16543.0,-0.005892255892255838,14.819999694824219
2020-01-03,349.775,354.1,349.775,353.9,24680.0,-0.001128986734405979,14.020000457763672
2020-01-06,351.2,351.6,347.0,351.2,23604.0,-0.007629273806159853,13.850000381469727
2020-01-07,353.225,355.4,351.7,352.3,16058.0,0.003132118451025123,13.789999961853027
2020-01-08,352.275,355.225,350.3,353.7,13336.0,0.003973885892704976,13.449999809265137
2020-01-09,357.06,358.775,351.9,351.9,25303.0,-0.0050890585241730735,12.539999961853027
2020-01-10,353.43,356.7,352.3,356.1,15864.0,0.011935208866155289,12.5600004196167
2020-01-13,354.91,361.8,354.91,360.7,27909.0,0.012917719741645461,12.319999694824219
2020-01-14,357.6,359.5,355.575,358.1,21038.0,-0.007208206265594597,12.390000343322754
2020-01-15,358.4,361.6,357.7,358.7,42557.0,0.0016755096341802833,12.420000076293945
2020-01-16,360.73,366.7,360.73,366.7,16326.0,0.02230275996654596,12.319999694824219
2020-01-17,367.6,368.2,363.7,365.5,32344.0,-0.003272429779110908,12.100000381469727
2020-01-20,366.0,367.6,362.3,364.7982,32777.0,-0.0019201094391244622,
2020-01-21,369.75,394.3,369.75,383.2,54136.0,0.05044377960198254,12.850000381469727
2020-01-22,394.19,401.8,389.1,399.1,64067.0,0.04149269311064718,12.90999984741211
2020-01-23,400.18,400.7,397.2,399.3,96357.0,0.0005011275369581902,12.979999542236328
2020-01-24,400.75,403.5,394.725,396.0,36893.0,-0.008264462809917439,14.5600004196167
2020-01-27,391.37,396.3,389.31,393.8,16434.0,-0.005555555555555536,18.229999542236328
2020-01-28,397.9,398.5,392.7,397.3,16885.0,0.008887760284408408,16.280000686645508
2020-01-29,398.5,404.15,397.2,400.5,10762.0,0.008054366977095384,16.389999389648438
2020-01-30,402.075,404.52,400.8,401.8,14411.0,0.003245942571785232,15.489999771118164
2020-01-31,405.2,405.2,393.6,400.0,34144.0,-0.004479840716774541,18.84000015258789
2020-02-03,396.73,398.66,395.1,397.5,18493.0,-0.006249999999999978,17.969999313354492
2020-02-04,399.27,406.2,399.27,402.8,13768.0,0.01333333333333342,16.049999237060547
2020-02-05,402.7,406.8,401.7,405.7,23802.0,0.007199602780536107,15.149999618530273
2020-02-06,405.525,406.3,400.5,404.3839,12033.0,-0.003244022676854863,14.960000038146973
2020-02-07,405.84,406.0,402.6,402.6,8558.0,-0.0044114021354459965,15.470000267028809
2020-02-10,404.5,409.48,402.6,406.5,48065.0,0.009687034277198192,15.039999961853027
2020-02-11,409.6,418.2,409.2,416.8,35248.0,0.025338253382533926,15.180000305175781
2020-02-12,415.44,420.0,414.58,417.0,77849.0,0.0004798464491362342,13.739999771118164
2020-02-13,421.85,422.6,418.8,419.4,19440.0,0.0057553956834532904,14.149999618530273
2020-02-14,418.65,419.4,413.29,416.9,13874.0,-0.005960896518836467,13.680000305175781
2020-02-17,418.9,418.9,414.2,416.9,9418.0,0.0,
2020-02-18,415.25,420.6,414.7,418.1,24103.0,0.00287838810266261,14.829999923706055
2020-02-19,420.3,428.0,420.3,424.5,41151.0,0.015307342740970897,14.380000114440918
2020-02-20,423.4,425.3,419.9,420.4,10647.0,-0.009658421672556039,15.5600004196167
2020-02-21,418.4,423.5,417.8,419.6,15753.0,-0.0019029495718362321,17.079999923706055
2020-02-24,408.83,412.69,405.2,408.5,17595.0,-0.026453765490943804,25.030000686645508
2020-02-25,408.85,415.08,406.8,408.5,10386.0,0.0,27.850000381469727
2020-02-26,408.5,411.9,395.6,408.9,44143.0,0.0009791921664625836,27.559999465942383
2020-02-27,401.4,404.5,390.5,398.3,183466.0,-0.025923208608461645,39.15999984741211
2020-02-28,378.8,383.2,372.65,382.4,61012.0,-0.039919658548832615,40.11000061035156
2020-03-02,390.95,399.7,385.0,392.11,71598.0,0.02539225941422596,33.41999816894531
2020-03-03,401.75,411.175,401.6,401.6,29654.0,0.024202392185866284,36.81999969482422
2020-03-04,404.0,411.9,401.4,406.4,13166.0,0.01195219123505975,31.989999771118164
2020-03-05,410.3,412.2,403.4,406.3,41812.0,-0.0002460629921259283,39.619998931884766
2020-03-06,401.86,402.9,385.48,395.8541,31567.0,-0.02570982032980551,41.939998626708984
2020-03-09,356.7,372.9,356.7,367.5076,38965.0,-0.07160845372070157,54.459999084472656
2020-03-10,372.7,379.7,364.3,367.0,42496.0,-0.001381195926288381,47.29999923706055
2020-03-11,374.0,374.8,364.6,365.1,26402.0,-0.005177111716621163,53.900001525878906
2020-03-12,349.7,351.875,323.8,326.8,16528.0,-0.10490276636537932,75.47000122070312
2020-03-13,341.4,361.0,328.2,333.0,19201.0,0.01897184822521414,57.83000183105469
2020-03-16,304.9,332.7,304.4,332.7,34754.0,-0.0009009009009008917,82.69000244140625
2020-03-17,348.1,348.1,319.6,329.8,59525.0,-0.008716561466786787,75.91000366210938
2020-03-18,321.65,327.4,309.1,324.7045,26657.0,-0.01545027289266232,76.44999694824219
2020-03-19,336.49,346.6,327.8,346.6,67544.0,0.06743208055324157,72.0
2020-03-20,354.2,364.03,340.0,340.0,26143.0,-0.019042123485285667,66.04000091552734
2020-03-23,331.1,342.6,323.4,323.8,29604.0,-0.047647058823529376,61.59000015258789
2020-03-24,338.2,356.2,323.8,356.2,92055.0,0.10006176652254473,61.66999816894531
2020-03-25,365.875,386.4,365.875,380.9,19314.0,0.06934306569343063,63.95000076293945
2020-03-26,372.96,392.8,366.7,389.5,22084.0,0.022578104489367368,61.0
2020-03-27,389.4,397.7,380.1,386.7,42651.0,-0.007188703465982105,65.54000091552734
2020-03-30,384.4,397.1,380.3,393.8,39811.0,0.018360486164985756,57.08000183105469
2020-03-31,401.5,404.1,396.4,402.2,15118.0,0.021330624682579957,53.540000915527344
2020-04-01,394.8,399.6,386.9,395.4,22428.0,-0.016907011437096053,57.060001373291016
2020-04-02,396.86,398.875,386.5,390.4,21197.0,-0.01264542235710675,50.90999984741211
2020-04-03,392.5,406.0,392.2,401.7,15881.0,0.028944672131147486,46.79999923706055
2020-04-06,408.2,411.3,400.1,400.6,47804.0,-0.002738361961662883,45.2400016784668
2020-04-07,412.225,412.825,400.41,404.8,47481.0,0.010484273589615567,46.70000076293945
2020-04-08,401.4,407.9,400.1,401.7,16313.0,-0.007658102766798458,43.349998474121094
2020-04-09,404.8,408.5,398.6,399.3,14129.0,-0.005974607916355401,41.66999816894531
2020-04-14,405.6,414.6,405.6,411.6,8114.0,0.030803906836964767,37.7599983215332
2020-04-15,411.6,411.8,399.9,401.4,22230.0,-0.02478134110787178,40.84000015258789
2020-04-16,406.11,411.5,402.6,409.5,57309.0,0.020179372197309364,40.11000061035156
2020-04-17,416.1,418.6,404.4,406.4,163318.0,-0.007570207570207654,38.150001525878906
2020-04-20,413.9,424.6,413.4,423.5,84166.0,0.04207677165354329,43.83000183105469
2020-04-21,419.525,423.5,418.8,419.4,6137.0,-0.009681227863046149,45.40999984741211
2020-04-22,420.4,424.7,417.9,422.8,10641.0,0.008106819265617737,41.97999954223633
2020-04-23,419.8,420.7,413.2,418.2,23920.0,-0.010879848628193023,41.380001068115234
2020-04-24,411.6,425.59,411.6,422.4,121431.0,0.010043041606886627,35.93000030517578
2020-04-27,429.8,431.2,426.7,428.6,21738.0,0.014678030303030498,33.290000915527344
2020-04-28,424.5,431.0,423.9,431.0,16625.0,0.005599626691553894,33.56999969482422
2020-04-29,431.5,435.6,426.9,428.3,31902.0,-0.006264501160092806,31.229999542236328
2020-04-30,426.1,426.8,421.1,421.4,11060.0,-0.016110203128648193,34.150001525878906
2020-05-04,432.0,435.725,429.0,434.6,38425.0,0.03132415757000495,35.970001220703125
2020-05-05,437.4,440.1,432.8,435.1,51605.0,0.0011504832029451961,33.61000061035156
2020-05-06,441.1,442.225,434.6,440.1,108289.0,0.011491611123879641,34.119998931884766
2020-05-07,443.9,444.5,436.3,440.3,12886.0,0.00045444217223344907,31.440000534057617
2020-05-11,449.2,449.3,442.4,446.1807,8462.0,0.013356120826709006,27.56999969482422
2020-05-12,453.2,455.0,449.7,451.1,43047.0,0.01102535362914625,33.040000915527344
2020-05-13,450.2,461.5,449.5,460.4,11393.0,0.020616271336732384,35.279998779296875
2020-05-14,450.8,454.5,441.5,443.1,13570.0,-0.03757602085143341,32.61000061035156
2020-05-15,446.66,449.08,420.0,420.0,65574.0,-0.05213270142180104,31.889999389648438
2020-05-18,458.5,465.6,454.925,464.8,8296.0,0.10666666666666669,29.299999237060547
2020-05-19,464.0,467.8,457.6,467.8,59211.0,0.0064543889845094515,30.530000686645508
2020-05-20,465.4,480.7,465.4,480.0,15504.0,0.02607952116289014,27.989999771118164
2020-05-22,474.9,483.1,473.8,481.0,13775.0,0.002083333333333437,28.15999984741211
2020-05-26,503.8,503.8,485.3,485.8,29190.0,0.00997920997920998,28.010000228881836
2020-05-27,483.6,484.5,463.35,475.4,27444.0,-0.02140798682585432,27.6200008392334
2020-05-28,465.8,478.1,465.8,474.4588,40556.0,-0.001979806478754731,28.59000015258789
2020-05-29,474.65,483.5,472.3,477.5743,19899.0,0.0065664289502060935,27.510000228881836
2020-06-02,479.025,479.025,470.1,472.0,14142.0,-0.011672110496733112,26.84000015258789
2020-06-03,476.4,478.1,471.7,477.9,42724.0,0.012499999999999956,25.65999984741211
2020-06-04,476.8,481.8,466.8,466.8,26325.0,-0.02322661644695534,25.809999465942383
2020-06-05,468.1,468.7,460.0,468.5,16365.0,0.003641816623821681,24.520000457763672
2020-06-08,458.78,463.2,446.3,463.2,47772.0,-0.011312700106723583,25.809999465942383
2020-06-09,456.7,469.125,455.68,468.9,41107.0,0.012305699481865329,27.56999969482422
2020-06-10,471.99,476.79,467.33,473.7,51809.0,0.010236724248240625,27.56999969482422
2020-06-11,469.8,471.575,466.2,470.1,21050.0,-0.007599746675110763,40.790000915527344
2020-06-12,459.6,469.5,459.4,469.0,11585.0,-0.0023399276749628273,36.09000015258789
2020-06-15,461.56,480.4,458.8,477.6,26848.0,0.018336886993603363,34.400001525878906
2020-06-16,483.6,491.4,481.75,491.4,31087.0,0.028894472361808976,33.66999816894531
2020-06-17,490.525,497.2,489.7,495.0,700444.0,0.0073260073260073,33.470001220703125
2020-06-18,494.0,494.05,483.61,491.6,14513.0,-0.006868686868686802,32.939998626708984
2020-06-19,491.05,493.3,486.375,490.8,26787.0,-0.0016273393002441683,35.119998931884766
2020-06-22,490.4,496.35,488.0,488.0,36676.0,-0.005704971475142595,31.770000457763672
2020-06-23,491.67,495.4,489.4,493.6,36471.0,0.011475409836065653,31.3700008392334
2020-06-24,493.6,495.51,486.62,492.7052,12501.0,-0.0018128038897893273,33.84000015258789
2020-06-25,491.2,500.14,490.2,496.7,21134.0,0.008107890884853752,32.220001220703125
2020-06-26,499.3,503.0,496.1,498.9,7293.0,0.004429232937386729,34.72999954223633
2020-06-29,500.6,505.0,493.5,496.1,11514.0,-0.005612347163760134,31.780000686645508
2020-06-30,496.6,500.2,495.9,500.2,8771.0,0.008264462809917328,30.43000030517578
2020-07-01,498.5,506.4,498.0,502.8665,13705.0,0.0053308676529388865,28.6200008392334
2020-07-02,505.0,507.2,501.4,507.2,11562.0,0.008617595325996152,27.68000030517578
2020-07-03,512.0,515.4,511.0,512.6,11409.0,0.010646687697160928,
2020-07-06,517.6,519.6,510.6,519.6,35272.0,0.01365587202497065,27.940000534057617
2020-07-07,517.4,525.2,514.2,521.7958,101451.0,0.0042259430331024195,29.43000030517578
2020-07-08,523.4,527.8,523.2,527.2,24635.0,0.010356925065322597,28.079999923706055
2020-07-09,528.0,536.2,526.8,526.8,28425.0,-0.0007587253414266248,29.260000228881836
2020-07-10,528.6,544.6,528.6,538.4,21276.0,0.022019741837509432,27.290000915527344
2020-07-13,540.8,542.4,534.2,542.4,14641.0,0.007429420505200568,32.189998626708984
2020-07-14,534.4,538.0,531.0,538.0,31493.0,-0.008112094395280156,29.520000457763672
2020-07-15,553.8,562.8,550.0,562.4,64881.0,0.04535315985130106,27.760000228881836
2020-07-16,560.6,575.2,554.8,564.6,14506.0,0.003911806543385632,28.0
2020-07-17,565.2,566.6,547.2,554.969,60661.0,-0.017058094226000686,25.68000030517578
2020-07-20,549.6,566.4,510.0,563.8,32690.0,0.015912600523632747,24.459999084472656
2020-07-21,575.0,580.0,565.8,566.4,14728.0,0.004611564384533473,24.84000015258789
2020-07-22,566.4,570.6,560.8,564.4,14703.0,-0.003531073446327637,24.31999969482422
2020-07-23,566.2,569.4,564.2,568.0,5322.0,0.006378454996456506,26.079999923706055
2020-07-24,553.2,572.0,549.8,569.2,10983.0,0.0021126760563381364,25.84000015258789
2020-07-27,559.6,569.0,559.6,567.0,18265.0,-0.003865073787772344,24.739999771118164
2020-07-28,567.6,574.8,567.2,570.4,61732.0,0.005996472663139185,25.440000534057617
2020-07-29,569.4,570.4,565.4,567.4,40375.0,-0.00525946704067326,24.100000381469727
2020-07-30,564.2,568.2,560.0,566.0,84785.0,-0.002467395135706707,24.760000228881836
2020-07-31,567.6,579.0,566.6,568.4,20836.0,0.004240282685512353,24.459999084472656
2020-08-03,572.2,584.6,571.2,582.4,15600.0,0.024630541871921263,24.280000686645508
2020-08-04,584.0,584.4,564.8,565.4,57600.0,-0.029189560439560447,23.760000228881836
2020-08-05,564.6,570.4,564.4,566.6,14272.0,0.002122391227449727,22.989999771118164
2020-08-06,571.6,573.2,563.6,567.8,16946.0,0.002117896223085003,22.649999618530273
2020-08-07,569.0,577.0,569.0,571.0,12053.0,0.005635787249031354,22.209999084472656
2020-08-10,570.6,573.6,561.6,562.6,6620.0,-0.014711033274956153,22.1299991607666
2020-08-11,564.4,567.4,539.4,548.1548,88344.0,-0.025675790970494106,24.030000686645508
2020-08-12,546.0,558.2,543.8,558.2,92037.0,0.018325480320522614,22.280000686645508
2020-08-13,559.6,564.8,554.4,564.8,10745.0,0.011823719097097563,22.1299991607666
2020-08-14,566.2,566.2,554.4,555.6,6433.0,-0.0162889518413597,22.049999237060547
2020-08-17,555.4,566.6,554.8,559.4,9336.0,0.00683945284377252,21.350000381469727
2020-08-18,568.0,569.4,557.4,560.4,7390.0,0.001787629603146268,21.510000228881836
2020-08-19,561.8,564.6,559.4,563.8,14426.0,0.006067094932191264,22.540000915527344
2020-08-20,561.4,562.8,555.0,557.2,15401.0,-0.01170627882227726,22.719999313354492
2020-08-21,558.6151,558.9493,552.4,557.2,6109.0,0.0,22.540000915527344
2020-08-24,567.8,572.0,561.8,562.2,9207.0,0.008973438621679763,22.3700008392334
2020-08-25,563.8,564.8,557.4,558.0,39546.0,-0.007470651013874119,22.030000686645508
2020-08-26,556.6,565.2,556.6,560.0,12016.0,0.0035842293906809264,23.270000457763672
2020-08-27,565.0,569.0,558.6,559.2,7104.0,-0.0014285714285713347,24.469999313354492
2020-08-28,555.4,557.2,549.8,554.0,5099.0,-0.009298998569384875,22.959999084472656
2020-09-01,565.4,567.8,552.8,552.8,6616.0,-0.0021660649819494893,26.1200008392334
2020-09-02,557.0,572.2,556.8,568.4,63305.0,0.02821997105643992,26.56999969482422
2020-09-03,576.4,576.4,548.6,549.2,7567.0,-0.03377902885292039,33.599998474121094
2020-09-04,545.0,560.4,534.8,539.2,17160.0,-0.018208302986161717,30.75
2020-09-07,545.4,557.8,545.4,553.8,7955.0,0.02707715133531141,
2020-09-08,550.6,550.8,531.0,544.0,28551.0,-0.01769591910436974,31.459999084472656
2020-09-09,546.2,548.6,539.8,548.4,6033.0,0.008088235294117618,28.809999465942383
2020-09-10,543.4,547.6,541.4,544.4,11121.0,-0.00729394602479938,29.709999084472656
2020-09-11,545.6,550.2,545.4,547.4,4824.0,0.005510653930933085,26.8700008392334
2020-09-14,553.0,553.0,546.0,550.6,4951.0,0.005845816587504604,25.850000381469727
2020-09-15,554.8,561.0,552.4,557.4,3010.0,0.012350163458045627,25.59000015258789
2020-09-16,558.4,562.0,550.6,550.6,4401.0,-0.012199497667742976,26.040000915527344
2020-09-17,554.6,563.6,554.6,563.0,9516.0,0.022520886305848142,26.459999084472656
2020-09-18,570.0,574.4,564.6,572.2,84421.0,0.01634103019538191,25.829999923706055
2020-09-21,571.8,577.4,568.0,572.0,19780.0,-0.0003495281370150538,27.780000686645508
2020-09-22,579.6,581.6,562.8,573.8,9832.0,0.0031468531468530347,26.860000610351562
2020-09-23,570.2,577.4,567.6,576.4,5196.0,0.00453119553851522,28.579999923706055
2020-09-24,570.2,570.8,559.0,564.0,6676.0,-0.021512838306731452,28.510000228881836
2020-09-25,565.2,568.8,557.8,568.8,7649.0,0.008510638297872353,26.3799991607666
2020-09-28,574.0,580.6,566.4,567.9643,6444.0,-0.0014692334739803137,26.190000534057617
2020-09-29,565.6,571.0,563.2,570.4,11077.0,0.004288473764988421,26.270000457763672
2020-09-30,567.6,570.6,562.0,568.6,11216.0,-0.003155680224403823,26.3700008392334
2020-10-01,569.8,577.8,569.4,576.3,11695.0,0.013542033063665082,26.700000762939453
2020-10-02,564.2,568.2,559.8,561.2,29465.0,-0.02620163109491569,27.6299991607666
2020-10-05,568.6,573.6,562.6,564.2,28462.0,0.005345687811831867,27.959999084472656
2020-10-06,571.8,572.4,559.0,561.0,8688.0,-0.005671747607231548,29.479999542236328
2020-10-07,565.2,565.8,552.0,552.6,76152.0,-0.014973262032085488,28.059999465942383
2020-10-08,558.0,558.8,545.6,553.0,8207.0,0.0007238508867173366,26.360000610351562
2020-10-09,551.4,557.2,547.0,557.2,35586.0,0.0075949367088608,25.0
2020-10-12,559.0,561.2,558.0,560.0,17347.0,0.005025125628140614,25.06999969482422
2020-10-13,557.6,562.4,555.6,560.0,22942.0,0.0,26.06999969482422
2020-10-14,563.6,568.4,556.2,560.0,9886.0,0.0,26.399999618530273
2020-10-15,559.2,575.4,559.2,569.0,18412.0,0.016071428571428514,26.969999313354492
2020-10-16,577.4,600.4,575.4,596.6,20448.0,0.048506151142355014,27.40999984741211
2020-10-19,600.0,602.2,582.6,582.6,8518.0,-0.023466309084813952,29.18000030517578
2020-10-20,583.8,593.0,575.6,582.4,23929.0,-0.000343288705801692,29.350000381469727
2020-10-21,576.8,580.0,557.4,572.2,16596.0,-0.0175137362637362,28.649999618530273
2020-10-22,569.0,573.6,562.0,569.0,16099.0,-0.005592450192240528,28.110000610351562
2020-10-23,569.0,575.4,565.8,574.8,48078.0,0.010193321616871698,27.549999237060547
2020-10-26,573.2,577.6,570.0,574.4,38001.0,-0.0006958942240778976,32.459999084472656
2020-10-27,576.0,583.4,574.4,577.8,18168.0,0.005919220055710328,33.349998474121094
2020-10-28,573.2,573.8,555.8,556.0,20824.0,-0.037729318103149834,40.279998779296875
2020-10-29,557.8,559.8,552.0,553.2,12006.0,-0.005035971223021463,37.59000015258789
2020-10-30,551.0,557.2,547.4,555.2,10981.0,0.003615328994938549,38.02000045776367
2020-11-02,556.0,565.2,548.8,562.8,16783.0,0.013688760806916278,37.130001068115234
2020-11-03,562.8,578.2,560.6,577.6,17570.0,0.026297085998578718,35.54999923706055
2020-11-04,580.2,614.2,576.6,610.8,47801.0,0.05747922437673125,29.56999969482422
2020-11-05,619.0,627.4,618.0,623.8,12851.0,0.02128356254093,27.579999923706055
2020-11-06,618.0,618.2,608.0,616.6,7986.0,-0.011542160949022051,24.860000610351562
2020-11-09,604.6,623.0,604.6,620.0,21831.0,0.005514109633473874,25.75
2020-11-10,615.6,615.6,573.6,594.3594,20057.0,-0.04135580645161285,24.799999237060547
2020-11-11,578.6,596.8,577.2,593.6,24182.0,-0.001277678118660197,23.450000762939453
2020-11-12,598.6,612.4,595.0,604.8,17959.0,0.01886792452830166,25.350000381469727
2020-11-13,609.0,610.4,600.2,604.4,14215.0,-0.000661375661375585,23.100000381469727
2020-11-16,599.8,621.2,589.2,610.5818,25063.0,0.010227994705493071,22.450000762939453
2020-11-17,632.6,632.6,587.0,588.0,61523.0,-0.036984069947712195,22.709999084472656
2020-11-18,584.2,591.4,580.0,586.2,30948.0,-0.003061224489795844,23.84000015258789
2020-11-19,579.8,584.8,578.4,584.4,31168.0,-0.003070624360286711,23.110000610351562
2020-11-20,583.2,583.2,574.8,578.7429,26373.0,-0.00968018480492816,23.700000762939453
2020-11-23,575.0,577.8,568.8,569.0,15527.0,-0.016834590972951813,22.65999984741211
2020-11-24,571.4,571.4,548.8,550.6,32237.0,-0.032337434094903306,21.639999389648438
2020-11-25,548.8,556.4,547.2,549.8,10771.0,-0.0014529604068290736,21.25
2020-11-26,551.2,551.8,547.2,549.2,8580.0,-0.001091305929428743,
2020-11-27,547.2,551.4,544.6,550.0696,16049.0,0.001583394027676599,20.84000015258789
2020-11-30,553.0,580.0,553.0,569.6,25296.0,0.03550532514430893,20.56999969482422
2020-12-01,571.0,571.4,553.6,555.4916,12764.0,-0.02476896067415746,20.770000457763672
2020-12-02,552.2,563.0,551.2,552.2,15012.0,-0.005925562150714603,21.170000076293945
2020-12-03,552.6,554.0,539.0,541.4,73357.0,-0.019558131111916066,21.280000686645508
2020-12-04,541.2,548.0,536.4,544.0,16108.0,0.004802364240857004,20.790000915527344
2020-12-07,544.0,544.0,534.8,536.0,110021.0,-0.014705882352941124,21.299999237060547
2020-12-08,539.6,552.2,539.6,551.8,17794.0,0.02947761194029841,20.68000030517578
2020-12-09,549.6,549.6,541.0,545.0,16909.0,-0.01232330554548744,22.270000457763672
2020-12-10,545.2,547.2,541.2,543.4,16999.0,-0.0029357798165138282,22.520000457763672
2020-12-11,543.2,551.2,540.8,551.0,15745.0,0.013986013986013957,23.309999465942383
2020-12-14,549.6,555.6,543.2,555.2,58301.0,0.007622504537205144,24.719999313354492
2020-12-15,552.4,552.4,539.4,541.2,15756.0,-0.025216138328530202,22.889999389648438
2020-12-16,538.0,549.8,532.6,548.6,33533.0,0.01367331855136733,22.5
2020-12-17,550.6,559.4,544.0,558.4,34822.0,0.017863652934742902,21.93000030517578
2020-12-18,559.0,560.4,552.2,559.8,25567.0,0.002507163323782091,21.56999969482422
2020-12-21,554.0,561.4,544.8,550.8,23885.0,-0.01607717041800638,25.15999984741211
2020-12-22,553.2,561.0,552.0,555.0,20078.0,0.007625272331154731,24.229999542236328
2020-12-23,560.0,561.0,549.4,554.0,13369.0,-0.0018018018018017834,23.309999465942383
2020-12-29,566.0,572.0,561.6,570.2043,12033.0,0.029249638989169657,23.079999923706055
2020-12-30,572.6,573.4,568.4,568.8,5556.0,-0.0024628014906237228,22.770000457763672
2021-01-04,577.8,577.8,564.2,567.9365,5514.0,-0.00151810829817145,26.969999313354492
2021-01-05,569.2,585.2,563.4,576.8,13757.0,0.01560649826168925,25.34000015258789
2021-01-06,579.8,579.8,568.0,575.0,20041.0,-0.003120665742024853,25.06999969482422
2021-01-07,575.8,584.6,569.6,581.8,25112.0,0.011826086956521653,22.3700008392334
2021-01-08,586.8,594.8,586.2,589.0,34238.0,0.01237538673083538,21.559999465942383
2021-01-11,589.7303,597.4,584.6,589.4,7652.0,0.0006791171477078528,24.079999923706055
2021-01-12,590.2,593.6,584.0,588.4,19935.0,-0.0016966406515099841,23.329999923706055
2021-01-13,591.8,594.8,588.4,592.3735,23861.0,0.006753059143439932,22.209999084472656
2021-01-14,590.4,591.8,581.4,587.8,5236.0,-0.007720635713785451,23.25
2021-01-15,585.4,589.2,581.6,587.4,33699.0,-0.0006805035726437092,24.34000015258789
2021-01-18,586.8,589.4,580.6,584.4726,14235.0,-0.004983656792645452,
2021-01-19,585.8,586.8,576.4,579.4,21402.0,-0.008678935505274432,23.239999771118164
2021-01-20,581.2,595.0,581.2,593.2,11636.0,0.02381774249223345,21.579999923706055
2021-01-21,599.8,599.8,593.2,596.0,5146.0,0.00472016183411994,21.31999969482422
2021-01-22,592.6,598.8,588.2,598.4,18841.0,0.00402684563758382,21.90999984741211
2021-01-25,599.8,610.6,599.8,607.4,17906.0,0.015040106951871746,23.190000534057617
2021-01-26,606.2,612.8,600.0,600.0,8306.0,-0.012183075403358501,23.020000457763672
2021-01-27,589.4,594.4,570.6,594.4,22126.0,-0.009333333333333416,37.209999084472656
2021-01-28,584.0,584.0,568.0,570.0,60832.0,-0.04104979811574694,30.209999084472656
2021-01-29,564.0,577.6,556.8,570.0,40001.0,0.0,33.09000015258789
2021-02-01,578.8,578.8,562.0,573.0,30092.0,0.0052631578947368585,30.239999771118164
2021-02-02,572.2,582.0,572.2,575.004,14445.0,0.003497382198953014,25.559999465942383
2021-02-03,574.0,578.6602,569.8,575.0,15870.0,-6.956473346253489e-06,22.90999984741211
2021-02-04,569.0,576.2,568.8,573.3097,7974.0,-0.00293965217391301,21.770000457763672
2021-02-05,571.2,575.2,562.6,562.6,9396.0,-0.018680479329060695,20.8700008392334
2021-02-08,565.2,573.0,565.2,571.0,17739.0,0.014930678990401569,21.239999771118164
2021-02-09,574.8,588.6,571.0,587.8,32000.0,0.029422066549912307,21.6299991607666
2021-02-10,589.8,598.6,589.8,595.8,29649.0,0.013610071452875072,21.989999771118164
2021-02-11,596.6,602.6,595.6,601.8,13411.0,0.010070493454179319,21.25
2021-02-12,600.4,611.4,600.4,608.6,28496.0,0.011299435028248705,19.969999313354492
2021-02-15,609.6,611.6,606.4,609.0,11443.0,0.0006572461386789019,
2021-02-16,609.2,617.0,608.4,615.0,6718.0,0.009852216748768461,21.459999084472656
2021-02-17,611.2,612.0,607.0,610.0,39818.0,-0.008130081300813052,21.5
2021-02-18,611.8,614.4,606.2,607.8,24120.0,-0.003606557377049291,22.489999771118164
2021-02-19,607.2,607.6,596.8,600.8,16757.0,-0.01151694636393552,22.049999237060547
2021-02-22,593.4,600.8,591.0,591.2,17579.0,-0.01597869507323557,23.450000762939453
2021-02-23,602.0,608.8,580.4,586.6,27466.0,-0.007780784844384381,23.110000610351562
2021-02-24,587.0,598.2,587.0,594.4,24586.0,0.013296965564268515,21.34000015258789
2021-02-25,596.8,596.8,583.8,583.8,22346.0,-0.017833109017496684,28.889999389648438
2021-02-26,577.0,591.4,575.0,589.4,170979.0,0.00959232613908867,27.950000762939453
2021-03-01,583.6,583.6,573.0,576.0,18784.0,-0.022734984730234054,23.350000381469727
2021-03-02,578.4,586.8,574.6,578.6,8868.0,0.004513888888888928,24.100000381469727
2021-03-03,574.0,577.0,560.2,565.4,9178.0,-0.02281368821292784,26.670000076293945
2021-03-04,565.2,568.2,544.4,557.6,17623.0,-0.013795542978422226,28.56999969482422
2021-03-05,536.8,548.2,532.4,540.4,27310.0,-0.030846484935437624,24.65999984741211
2021-03-08,535.8,544.6,531.6,542.0,24965.0,0.002960769800148144,25.469999313354492
2021-03-09,534.0,546.0,531.2,545.0,124489.0,0.005535055350553542,24.030000686645508
2021-03-10,542.4,547.6,538.4,545.0035,34123.0,6.422018348661851e-06,22.559999465942383
2021-03-11,547.0,553.6,543.4,550.4,23636.0,0.009901771273028492,21.90999984741211
2021-03-12,551.4,555.2,544.8,546.0,28780.0,-0.007994186046511587,20.690000534057617
2021-03-15,545.6,548.4,541.2,544.0,13980.0,-0.00366300366300365,20.030000686645508
2021-03-16,544.8,555.8,544.8,552.0,24700.0,0.014705882352941124,19.790000915527344
2021-03-17,551.8,551.8,539.6,542.4,22279.0,-0.017391304347826098,19.229999542236328
2021-03-18,544.8,547.4,542.0,544.4,26167.0,0.0036873156342183133,21.579999923706055
2021-03-19,535.6,542.4,535.6,538.6,35166.0,-0.010653930933137268,20.950000762939453
2021-03-22,539.8,552.6,539.8,552.2,16734.0,0.02525064983290015,18.8799991607666
2021-03-23,552.8,563.0,551.6,559.8298,11959.0,0.013817095255342249,20.299999237060547
2021-03-24,561.6,569.4,554.0,554.2,84635.0,-0.010056270673693968,21.200000762939453
2021-03-25,553.4,556.0,544.0,546.4,9471.0,-0.014074341392999012,19.809999465942383
2021-03-26,548.0,554.0,545.6,548.1,7035.0,0.0031112737920937494,18.860000610351562
2021-03-29,551.2,551.2,544.2,545.6,21283.0,-0.004561211457763226,20.739999771118164
2021-03-30,539.8,540.4,528.6,528.6,35651.0,-0.03115835777126097,19.610000610351562
2021-03-31,524.4,535.8,523.8,528.4,22703.0,-0.0003783579265986825,19.399999618530273
2021-04-01,535.2,541.2,535.0,536.0,7453.0,0.014383043149129415,17.329999923706055
2021-04-06,540.2,543.8,536.0,537.8,35617.0,0.0033582089552237626,18.1200008392334
2021-04-07,535.8,538.8,531.6,535.4,21697.0,-0.004462625511342466,17.15999984741211
2021-04-08,537.6,542.2,536.0,538.2,65723.0,0.005229734777736361,16.950000762939453
2021-04-09,548.4,554.4,545.6,548.4,68741.0,0.018952062430323213,16.690000534057617
2021-04-12,547.0,548.4,535.0,535.1588,12762.0,-0.024145149525893417,16.90999984741211
2021-04-13,538.4,549.0,535.4,547.8367,42316.0,0.02368997762906999,16.649999618530273
2021-04-14,552.2,561.6,551.4,556.4813,49057.0,0.01577951969993996,16.989999771118164
2021-04-15,553.4,565.8,553.4,560.6174,11140.0,0.007432594770030887,16.56999969482422
2021-04-16,563.2,563.2,553.4,557.1857,18048.0,-0.006121286995373287,16.25
2021-04-19,560.6,563.4,554.6,556.4833,7543.0,-0.0012606210101946402,17.290000915527344
2021-04-20,555.6,557.6,549.0,550.9944,17575.0,-0.009863548465874783,18.68000030517578
2021-04-21,555.8,560.0,549.2,557.2781,8094.0,0.011404290134346073,17.5
2021-04-22,556.0,565.6,555.4,563.7432,8995.0,0.011601209521781009,18.709999084472656
2021-04-23,564.0,564.6,555.6,558.0933,10939.0,-0.010022116453023311,17.329999923706055
2021-04-26,559.2,559.2,551.6,556.5165,8876.0,-0.0028253340436089625,17.639999389648438
2021-04-27,554.6,564.8,554.6,560.3728,13886.0,0.006929354295874379,17.559999465942383
2021-04-28,559.4,559.6,554.8,559.0,13226.0,-0.0024497977060984333,17.280000686645508
2021-04-29,562.4,574.8,561.4964,570.7073,29368.0,0.02094329159212882,17.610000610351562
2021-04-30,573.4,588.2,570.8214,581.2987,34975.0,0.018558374844688474,18.610000610351562
2021-05-04,589.2,590.0,574.0,583.4651,97689.0,0.0037268275329016554,19.479999542236328
2021-05-05,578.6,587.0,577.0,584.88,25692.0,0.0024249950853958424,19.149999618530273
2021-05-06,584.4,585.0,573.6,574.8,23247.0,-0.01723430447271246,18.389999389648438
2021-05-07,576.6,577.4866,566.2,577.4866,10662.0,0.004673973556019506,16.690000534057617
2021-05-10,571.2,572.2,560.6,563.5155,12206.0,-0.024192942312427634,19.65999984741211
2021-05-11,557.6,557.8,548.6,555.2,28416.0,-0.014756470762560925,21.84000015258789
2021-05-12,555.0,565.8,554.0,561.299,77734.0,0.010985230547550406,27.59000015258789
2021-05-14,564.4,564.8,554.854,558.1844,11678.0,-0.005548914215061873,18.809999465942383
2021-05-17,565.0,569.0,559.4,564.7565,41698.0,0.01177406606132303,19.719999313354492
2021-05-18,567.0,568.0,561.2,563.2102,33558.0,-0.002737994162085755,21.34000015258789
2021-05-19,558.4,562.0,553.4,556.7186,21694.0,-0.011526069662800786,22.18000030517578
2021-05-20,561.8,568.6,560.6,567.8851,8055.0,0.020057709586135397,20.670000076293945
2021-05-21,567.8,574.0,565.4,569.9411,44293.0,0.003620450686239174,20.149999618530273
2021-05-25,573.4,577.6,569.4,573.785,18326.0,0.006744381129909716,18.84000015258789
2021-05-26,578.8,581.8,575.6,577.3021,19502.0,0.006129647864618226,17.360000610351562
2021-05-27,579.0,579.0,570.4,573.82,20317.0,-0.006031677348826481,16.739999771118164
2021-05-28,573.0,583.0,570.8,581.0509,22648.0,0.012601338398800843,16.760000228881836
2021-06-01,580.8,593.4,580.2,589.0121,16424.0,0.01370138141081978,17.899999618530273
2021-06-02,592.2,594.2,588.6,590.7991,35434.0,0.0030338935312193005,17.479999542236328
2021-06-03,590.6,592.2,581.6,589.2031,49323.0,-0.00270142591618705,18.040000915527344
2021-06-04,587.6,589.0,582.4,586.7037,8324.0,-0.004242000763403864,16.420000076293945
2021-06-07,589.0,610.4,586.0,598.7868,39515.0,0.020594893129189273,16.420000076293945
2021-06-08,625.0,642.4,624.1063,637.5176,48601.0,0.06468212058114853,17.06999969482422
2021-06-09,626.8,645.0,625.2,641.0916,36619.0,0.005606119736929482,17.889999389648438
2021-06-10,647.0,653.8,645.0,651.4045,21939.0,0.016086468766709716,16.100000381469727
2021-06-11,655.0,665.6,653.8,661.5,34622.0,0.015498050750340164,15.649999618530273
2021-06-14,664.4,667.0,662.0,664.6,56005.0,0.004686318972033199,16.389999389648438
2021-06-15,665.0,667.0,660.2,663.6381,10154.0,-0.0014473367439061802,17.020000457763672
2021-06-16,660.0,667.8,660.0,665.6,4940.0,0.002956279936308759,18.149999618530273
2021-06-17,660.0,664.2,646.6,660.4,45687.0,-0.007812500000000111,17.75
2021-06-18,660.0,661.6,652.0,653.2595,49284.0,-0.010812386432465182,20.700000762939453
2021-06-21,632.2,644.4,632.2,632.2,58596.0,-0.03223757174599062,17.889999389648438
2021-06-22,641.0,649.0,636.4,647.9778,17649.0,0.02495697564062005,16.65999984741211
2021-06-23,648.0,649.2,644.2,645.2645,11375.0,-0.004187334813013699,16.31999969482422
2021-06-24,645.0,667.8,645.0,663.7336,36373.0,0.02862252611138527,15.970000267028809
2021-06-25,660.0,661.8,657.0,660.5308,26673.0,-0.0048254299616593554,15.619999885559082
2021-06-28,660.8,667.4,660.4,666.6,19513.0,0.009188367900482497,15.760000228881836
2021-06-29,665.6,667.22,659.8,664.7299,355139.0,-0.002805430543054266,16.020000457763672
2021-06-30,666.0,666.0,653.4,658.5242,18057.0,-0.009335671526134237,15.829999923706055
2021-07-01,656.4,661.6,652.4,657.2,19916.0,-0.0020108600412861444,15.479999542236328
2021-07-02,662.2,663.8,653.2,662.5385,12447.0,0.008123097991479034,15.069999694824219
2021-07-05,656.8,658.6,651.1,655.4,14100.0,-0.010774468200715925,
2021-07-06,655.2,665.8,651.2,663.1212,21489.0,0.011780897162038562,16.440000534057617
2021-07-07,666.0,682.6,664.0,680.6423,43932.0,0.026422168375856314,16.200000762939453
2021-07-08,676.0,679.8,663.4,676.8503,13772.0,-0.005571208254321003,19.0
2021-07-09,670.0,675.2,661.8,666.7126,33795.0,-0.014977758006460173,16.18000030517578
2021-07-12,665.6,676.0,664.8,672.0,14246.0,0.007930553584858169,16.170000076293945
2021-07-13,667.0,669.8,664.0,669.0,18237.0,-0.004464285714285698,17.1200008392334
2021-07-14,668.4,669.0,657.2,662.0964,25788.0,-0.010319282511210726,16.329999923706055
2021-07-15,657.2,663.8,651.0,659.0,68908.0,-0.004676660377552322,17.010000228881836
2021-07-16,659.0,659.0,651.2,658.4,20704.0,-0.0009104704097117056,18.450000762939453
2021-07-19,656.6,659.2,650.0,652.9096,34730.0,-0.008339003645200571,22.5
2021-07-20,659.8,660.0,655.0,657.6888,20595.0,0.007319849486054464,19.729999542236328
2021-07-21,662.0,663.6,658.8,663.2,24090.0,0.008379647030632098,17.90999984741211
2021-07-22,667.8,677.4,661.0,677.0,28416.0,0.02080820265379968,17.690000534057617
2021-07-23,690.0,707.8,684.0,692.4441,45583.0,0.022812555391432898,17.200000762939453
2021-07-26,702.4,702.4,685.6,686.0,75026.0,-0.009306310791008299,17.579999923706055
2021-07-27,684.2,684.2,678.8,682.6,25690.0,-0.004956268221574356,19.360000610351562
2021-07-28,682.6,690.8,680.2,688.6137,14719.0,0.008809991210078971,18.309999465942383
2021-07-29,691.8,692.8,683.4,688.4439,207237.0,-0.00024658237267138894,17.700000762939453
2021-07-30,689.0,706.4,685.2,695.2,38961.0,0.009813581033981222,18.239999771118164
2021-08-02,707.0,714.4,704.2,708.1439,36560.0,0.018618958573072497,19.459999084472656
2021-08-03,715.0,722.4,712.8,719.4,49112.0,0.01589521564755403,18.040000915527344
2021-08-04,721.0,722.4,717.6,721.178,8021.0,0.0024715040311371617,17.969999313354492
2021-08-05,722.4,722.4,716.8,722.4,16523.0,0.0016944499138908942,17.280000686645508
2021-08-06,717.2,718.4,702.6,716.815,12497.0,-0.007731173864894636,16.149999618530273
2021-08-09,705.4,716.4,705.4,716.2,43668.0,-0.000857961956711284,16.719999313354492
2021-08-10,714.4,726.5,714.4,719.6,24044.0,0.004747277296844432,16.790000915527344
2021-08-11,721.6,723.8,716.6,721.5302,26635.0,0.0026823235130628564,16.170000076293945
2021-08-12,718.0,722.6,716.0,718.0718,11300.0,-0.0047931465654521554,15.59000015258789
2021-08-13,724.0,724.0,718.4,722.1389,2707.0,0.0056639182878368555,15.449999809265137
2021-08-16,719.4,726.2,719.4,724.0724,4362.0,0.002677462742970871,16.1200008392334
2021-08-17,727.2,738.4,726.4,738.4,20903.0,0.01978752401002981,17.90999984741211
2021-08-18,739.4,756.8,739.4,753.7481,65997.0,0.020785617551462687,21.56999969482422
2021-08-19,747.0,749.8,736.6,748.3305,22657.0,-0.007187547139422268,21.670000076293945
2021-08-20,749.8,762.6,744.4,759.3609,21289.0,0.014740011265075958,18.559999465942383
2021-08-23,766.6,767.8,758.8,766.1148,9161.0,0.008894189837796329,17.149999618530273
2021-08-24,770.6,775.4,764.9925,769.8622,11864.0,0.004891434025292352,17.219999313354492
2021-08-25,768.0,774.8,764.8,770.87,26128.0,0.001309065440542545,16.790000915527344
2021-08-26,763.0,768.6,758.8,764.0,8359.0,-0.00891200850986551,18.84000015258789
2021-08-27,765.8,778.4,765.8,777.8,14260.0,0.018062827225130862,16.389999389648438
2021-08-31,777.8,784.0,770.8,775.0,14134.0,-0.003599897145795783,16.479999542236328
2021-09-01,778.2,778.2,762.8,769.4909,10297.0,-0.007108516129032294,16.110000610351562
2021-09-02,775.8,780.2,773.4,777.6048,10423.0,0.010544504165026503,16.40999984741211
2021-09-03,775.8,775.8,765.0,768.8,20032.0,-0.01132297537257998,16.40999984741211
2021-09-06,774.4,784.6,771.4,774.2812,7688.0,0.007129552549427709,
2021-09-07,784.2,785.4,770.4,773.4958,43607.0,-0.0010143601575240968,18.139999389648438
2021-09-08,770.0,772.8,763.0,769.9446,12765.0,-0.0045911044378004195,17.959999084472656
2021-09-09,766.2,775.4,764.4,774.5394,10471.0,0.005967702091812743,18.799999237060547
2021-09-10,768.2,772.0,764.8,768.3766,24642.0,-0.007956728863631635,20.950000762939453
2021-09-13,768.0,776.8,759.4,761.8,3095.0,-0.008559084178253351,19.3700008392334
2021-09-14,761.2,779.2,760.4,768.6523,87691.0,0.008994880546075112,19.459999084472656
2021-09-15,778.8,778.8,767.0,770.1938,8297.0,0.002005458124564319,18.18000030517578
2021-09-16,771.6,777.2,770.0,775.7168,14977.0,0.0071709224353662115,18.690000534057617
2021-09-17,778.6,782.4,752.8,771.2168,62219.0,-0.00580108616959174,20.809999465942383
2021-09-20,747.0,751.4,732.8,747.8748,66658.0,-0.030266456851043677,25.709999084472656
2021-09-21,752.0,758.4,747.6,756.3756,43557.0,0.011366608421623292,24.360000610351562
2021-09-22,759.6,762.0,748.4,757.4,52080.0,0.0013543535777726934,20.8700008392334
2021-09-23,759.4,768.6,756.4,759.8,44937.0,0.0031687351465539138,18.6299991607666
2021-09-24,757.4,762.0,742.0,743.0864,16670.0,-0.02199736772834948,17.75
2021-09-27,747.2,749.6,718.4,727.8741,19858.0,-0.020471778248128403,18.760000228881836
2021-09-28,709.2,716.0,685.4,701.8054,109178.0,-0.03581484765016374,23.25
2021-09-29,700.2,714.0,693.2,699.4,34343.0,-0.003427445841824528,22.559999465942383
2021-09-30,707.2,711.4,697.2,701.7053,52932.0,0.0032961109522446908,23.139999389648438
2021-10-01,691.2,701.2,688.2,695.3043,24775.0,-0.009122063065506225,21.100000381469727
2021-10-04,693.0,707.0,688.8,695.5696,27146.0,0.0003815595560101581,22.959999084472656
2021-10-05,685.0,706.2,685.0,698.6618,31764.0,0.004445565188587741,21.299999237060547
2021-10-06,691.8,703.0,684.0,701.4249,91609.0,0.003954846250360244,21.0
2021-10-07,709.8,709.8,688.0,696.6956,16180.0,-0.006742418183329324,19.540000915527344
2021-10-08,691.6,694.8,682.6,691.6345,15424.0,-0.007264435142119496,18.770000457763672
2021-10-11,689.2,696.8,684.0,694.7813,34489.0,0.00454980195464505,20.0
2021-10-12,682.6,706.6,682.6,700.536,119156.0,0.008282750269761108,19.850000381469727
2021-10-13,701.0,722.6,697.6,719.2891,48644.0,0.02676964495757539,18.639999389648438
2021-10-14,722.0,725.0,709.8,719.872,22328.0,0.0008103834744610516,16.860000610351562
2021-10-15,718.0,724.4,712.8,713.6714,10638.0,-0.008613475729018494,16.299999237060547
2021-10-18,721.6,727.0,718.8,723.4518,47623.0,0.01370434628597983,16.309999465942383
2021-10-19,725.6,727.2,714.0,719.9,16241.0,-0.004909518505586741,15.699999809265137
2021-10-20,743.8,745.6,731.4,734.8,18403.0,0.02069731907209338,15.489999771118164
2021-10-21,730.0,751.0,730.0,746.8,51391.0,0.016330974414806798,15.010000228881836
2021-10-22,756.4,757.8,750.8,754.9375,14814.0,0.01089649169791107,15.430000305175781
2021-10-25,758.0,758.0,745.8,750.4,16534.0,-0.006010431327096666,15.239999771118164
2021-10-26,751.8,757.4,746.4,754.3658,28899.0,0.005284914712153643,15.979999542236328
2021-10-27,760.4,770.2,754.4,759.1134,124984.0,0.006293498459235547,16.979999542236328
2021-10-28,756.0,763.4,754.0,758.8,59586.0,-0.0004128500432214466,16.530000686645508
2021-10-29,751.2,756.8,746.4,750.7122,27288.0,-0.01065867158671574,16.260000228881836
2021-11-01,756.2,763.4,753.4,759.7961,26516.0,0.012100376149475123,16.40999984741211
2021-11-02,762.6,779.2,762.3573,775.6,13417.0,0.020800185734040966,16.030000686645508
2021-11-03,772.8,775.4,764.6,769.3846,46943.0,-0.008013666838576627,15.100000381469727
2021-11-04,768.6,771.6,760.4,768.9579,43566.0,-0.0005545990912737553,15.4399995803833
2021-11-05,772.2,775.2,708.2,728.8491,64700.0,-0.05215994269647273,16.479999542236328
2021-11-08,719.0,723.0,712.8,716.7044,127111.0,-0.01666284557393305,17.219999313354492
2021-11-09,712.8,727.0,712.4,725.0843,42669.0,0.011692268109418702,17.780000686645508
2021-11-10,725.6,733.8,717.0,725.6,39033.0,0.0007112276462200029,18.729999542236328
2021-11-11,726.2,726.8,716.6,719.824,9982.0,-0.00796030871003317,17.65999984741211
2021-11-12,726.4,737.0,720.0,724.5161,45779.0,0.00651839894196371,16.290000915527344
2021-11-15,736.2,740.6,730.8,737.2089,150970.0,0.017519003373423825,16.489999771118164
2021-11-16,734.0,738.6,725.6,737.8,12692.0,0.0008018080085576695,16.3700008392334
2021-11-17,730.8,742.4,728.0,739.16,17258.0,0.0018433179723502668,17.110000610351562
2021-11-18,740.0,747.6,739.4,742.2032,17639.0,0.004117105903999274,17.59000015258789
2021-11-19,747.8,768.2,745.6,751.5377,20849.0,0.012576744481834545,17.90999984741211
2021-11-22,759.6,761.6,742.2,748.8054,24317.0,-0.0036356126911530895,19.170000076293945
2021-11-23,740.6,742.2,703.4,716.3639,27502.0,-0.04332434034263111,19.3799991607666
2021-11-24,707.4,711.4,699.2,703.9543,40547.0,-0.01732303931004897,18.579999923706055
2021-11-25,713.0,722.4,708.8,716.1878,14912.0,0.017378258787537737,
2021-11-26,704.2,754.2,704.2,725.3747,57811.0,0.01282750138999833,28.6200008392334
2021-11-29,743.6,744.6,726.2,735.9901,11492.0,0.014634367589605679,22.959999084472656
2021-11-30,740.2,754.6,732.4,746.7618,69582.0,0.01463565882204132,27.190000534057617
2021-12-01,747.2,748.0,720.8,730.0,38716.0,-0.02244597942744253,31.1200008392334
2021-12-02,729.8,729.8,707.0212,721.8722,26522.0,-0.011133972602739739,27.950000762939453
2021-12-03,720.0,736.8,717.0,723.6769,17106.0,0.002500027013091932,30.670000076293945
2021-12-06,722.0,724.0,706.1118,710.5711,30958.0,-0.018110015671358393,27.18000030517578
2021-12-07,719.6,731.6,710.2,710.2,38035.0,-0.0005222559712884101,21.889999389648438
2021-12-08,735.0,753.4,733.2,742.4,132258.0,0.04533934103069548,19.899999618530273
2021-12-09,747.6,756.8,744.0,751.7506,27186.0,0.012595096982758625,21.579999923706055
2021-12-10,752.0,755.6,742.4,746.6,102726.0,-0.006851474411859404,18.690000534057617
2021-12-13,754.2,754.2,740.8,745.8176,66808.0,-0.0010479507098848373,20.309999465942383
2021-12-14,743.6,746.6,723.8,730.2004,34481.0,-0.020939704292309624,21.889999389648438
2021-12-15,731.6,754.4,729.4,745.5118,42532.0,0.020968764191309663,19.290000915527344
2021-12-16,758.8,767.4,750.2,758.1892,17506.0,0.01700496222863279,20.56999969482422
2021-12-17,758.2,758.8,740.8,748.1248,111821.0,-0.013274259248219233,21.56999969482422
2021-12-20,742.2,757.0,742.2,754.4796,167996.0,0.008494304693548393,22.8700008392334
2021-12-21,759.6,761.0,741.6,745.0351,27210.0,-0.012517899755009831,21.010000228881836
2021-12-22,745.0,749.6937,739.0146,746.8,15674.0,0.0023688816808764557,18.6299991607666
2021-12-23,745.0,751.0,742.7958,746.6984,30442.0,-0.00013604713444026473,17.959999084472656
2021-12-29,760.4,765.0,751.8,758.2,6930.0,0.015403273932286465,16.950000762939453
2021-12-30,761.6,767.4,758.6,762.8,22988.0,0.006067000791347699,17.329999923706055
2022-01-04,751.0,751.8,719.0,721.0,22975.0,-0.05479811221814368,16.90999984741211
2022-01-05,717.4,719.6,707.4,710.6711,65729.0,-0.014325797503467408,19.729999542236328
2022-01-06,708.6,714.6,700.6,708.7962,35558.0,-0.0026382105590054827,19.610000610351562
2022-01-07,705.0,716.2,704.4,713.8607,19833.0,0.007145213250296711,18.760000228881836
2022-01-10,708.0,708.0,674.6,677.4,23516.0,-0.0510753708671734,19.399999618530273
2022-01-11,687.6,688.8,678.6,683.8,19915.0,0.00944788898730442,18.40999984741211
2022-01-12,680.6,685.4,673.2,679.3286,26802.0,-0.006539046504825841,17.6200008392334
2022-01-13,677.2,685.4,661.1,673.2221,23916.0,-0.008989022396525215,20.309999465942383
2022-01-14,657.2,665.8,646.2,657.3205,27533.0,-0.023620139624055625,19.190000534057617
2022-01-17,654.0,666.6,648.4,653.0,42767.0,-0.0065728970874938675,
2022-01-18,660.8,664.6,647.0,653.6997,44511.0,0.0010715160796324064,22.790000915527344
2022-01-19,647.0,659.0,641.4,654.6141,17722.0,0.0013988074340556267,23.850000381469727
2022-01-20,654.8,659.8,646.2,657.2683,49900.0,0.004054602551335051,25.59000015258789
2022-01-21,644.6,648.0,637.8,642.3,35520.0,-0.022773500562859983,28.850000381469727
2022-01-24,637.4,646.669,606.2,616.6289,71766.0,-0.039967460688151824,29.899999618530273
2022-01-25,610.8,616.0,600.8,607.0,101537.0,-0.015615388769485206,31.15999984741211
2022-01-26,609.0,627.8,581.2,605.2,87147.0,-0.0029654036243821347,31.959999084472656
2022-01-27,589.2,616.6,587.8,613.4,100911.0,0.01354923992068735,30.489999771118164
2022-01-28,611.0,629.0629,611.0,629.0,83341.0,0.02543201825888497,27.65999984741211
2022-01-31,633.4,634.4,617.2,630.7614,71684.0,0.0028003179650237797,24.829999923706055
2022-02-01,634.4,643.6,632.6,639.2975,71155.0,0.01353300947077618,21.959999084472656
2022-02-02,640.6,649.8,639.0,640.2,46058.0,0.001411705817714104,22.09000015258789
2022-02-03,633.4,639.4,622.2,626.4,50419.0,-0.021555763823805196,24.350000381469727
2022-02-04,626.4,633.8,620.5504,623.5421,33657.0,-0.004562420178799487,23.219999313354492
2022-02-07,623.4,626.8,615.2,622.2,13047.0,-0.0021523807293845065,22.860000610351562
2022-02-08,630.2,630.2,605.8,612.0706,12413.0,-0.016279974284795884,21.440000534057617
2022-02-09,619.8,631.2,618.0,628.1997,48959.0,0.026351698643914512,19.959999084472656
2022-02-10,635.2,637.4,621.0,629.1926,33477.0,0.0015805483511055485,23.90999984741211
2022-02-11,623.2,623.9807,613.9386,614.0919,31829.0,-0.024000123332664658,27.360000610351562
2022-02-14,605.0,608.4,594.4,601.8087,17906.0,-0.020002217909078412,28.329999923706055
2022-02-15,605.6,615.6,604.2,611.4,18870.0,0.015937456537268302,25.700000762939453
2022-02-16,613.8,616.2,609.6,612.8808,41205.0,0.002421982335623296,24.290000915527344
2022-02-17,612.0,628.6,609.8,621.6653,25231.0,0.014333129704829917,28.110000610351562
2022-02-18,610.6,613.0,596.8,601.4095,37272.0,-0.03258312793073703,27.75
2022-02-21,600.8,602.2,590.0,600.5327,22029.0,-0.0014579084633681294,
2022-02-22,580.2,610.4,580.2,601.0,129402.0,0.0007781424725081809,28.809999465942383
2022-02-23,605.0,615.0,604.4,608.7625,32965.0,0.012915973377704004,31.020000457763672
2022-02-24,588.0,611.2,585.4,607.6932,50341.0,-0.0017565142399540434,30.31999969482422
2022-02-25,612.2,630.8,609.6,630.8,51589.0,0.03802379226886177,27.59000015258789
2022-02-28,630.8,645.4,626.8,637.4,376691.0,0.010462904248573324,30.149999618530273
2022-03-01,641.8,646.4,622.2,642.9521,170020.0,0.008710542830247858,33.31999969482422
2022-03-02,640.4,648.8,634.6,646.2,36694.0,0.005051542719900937,30.739999771118164
2022-03-03,647.4,648.4,628.4,632.9446,20715.0,-0.02051284432064382,30.479999542236328
2022-03-04,625.0,631.8,608.0,617.8678,238002.0,-0.02382009420729725,31.979999542236328
2022-03-07,599.4,622.9434,591.0,607.9756,41027.0,-0.016010220956651278,36.45000076293945
2022-03-08,605.2,617.0,574.2,581.4,167384.0,-0.0437116226374874,35.130001068115234
2022-03-09,588.2,614.4,578.6,583.0584,24565.0,0.0028524251805985834,32.45000076293945
2022-03-10,615.0,620.4,603.4,609.9556,19272.0,0.046131228021069504,30.229999542236328
2022-03-11,604.2,613.1509,591.4,606.9158,15888.0,-0.0049836414322615985,30.75
2022-03-14,610.6,627.4,597.0,627.2941,41381.0,0.03357681576258176,31.770000457763672
2022-03-15,621.2,630.0,615.0,625.3136,87593.0,-0.00315721126661328,29.829999923706055
2022-03-16,626.0,654.6,626.0,649.7,53870.0,0.03899867202632423,26.670000076293945
2022-03-17,656.0,667.2,653.8,661.8,26546.0,0.01862398029859924,25.670000076293945
2022-03-18,663.2,665.0,649.2,663.2692,85497.0,0.0022200060441222025,23.8700008392334
2022-03-21,662.8,670.0,653.2,658.1287,90027.0,-0.007750246807781802,23.530000686645508
2022-03-22,666.0,666.2,652.0,663.2,25002.0,0.007705635691013013,22.940000534057617
2022-03-23,664.0,671.4,656.8,660.6555,49774.0,-0.0038367008443909167,23.56999969482422
2022-03-24,661.8,663.0948,652.0,655.76,18099.0,-0.007410064700891672,21.670000076293945
2022-03-25,654.6,668.0,650.0,654.6,54564.0,-0.001768939856044871,20.809999465942383
2022-03-28,654.489,663.2,652.2,658.0,161135.0,0.005194011610143656,19.6299991607666
2022-03-29,659.2,679.2,658.2,672.2,20922.0,0.021580547112462156,18.899999618530273
2022-03-30,676.0,676.0,665.6,670.0,8053.0,-0.003272835465635282,19.329999923706055
2022-03-31,676.8,682.4,669.2,676.3079,34278.0,0.009414776119403001,20.559999465942383
2022-04-01,669.8,675.6,662.8,672.2108,32096.0,-0.006058039540866034,19.6299991607666
2022-04-04,678.4,679.6,672.6,677.0,99137.0,0.007124550810549302,18.56999969482422
2022-04-05,678.4,682.0,671.8,677.6346,12079.0,0.0009373707533235631,21.030000686645508
2022-04-06,680.6,684.0,671.2,676.5015,30051.0,-0.0016721401179927708,22.100000381469727
2022-04-07,677.8,681.8,672.6,680.9261,6833.0,0.006540414174987186,21.549999237060547
2022-04-08,682.6,683.4,670.0,672.0,27496.0,-0.013108764666239114,21.15999984741211
2022-04-11,672.2,673.6,664.2,668.6248,17302.0,-0.005022619047619026,24.3700008392334
2022-04-12,668.0,671.4,660.6,665.4042,20249.0,-0.004816752235334509,24.260000228881836
2022-04-13,665.8,668.8,656.4,659.5694,35544.0,-0.008768805486950582,21.81999969482422
2022-04-14,654.0,665.0,652.4,658.0756,14445.0,-0.002264810950902141,22.700000762939453
2022-04-19,650.0,651.8,627.4,628.8281,80678.0,-0.04444398181607112,21.3700008392334
2022-04-20,632.0,638.0,626.2,635.7314,104774.0,0.010978039944461893,20.31999969482422
2022-04-21,635.8,641.0,626.0,629.2504,46874.0,-0.01019455700945393,22.68000030517578
2022-04-22,624.8,628.0,616.6,619.8,25236.0,-0.015018504557168466,28.209999084472656
2022-04-25,610.4,613.0,591.2,595.0762,62526.0,-0.039889964504678854,27.020000457763672
2022-04-26,593.8,595.2845,579.0,586.7338,31544.0,-0.014019044955923321,33.52000045776367
2022-04-27,578.6,579.6,566.4,575.8,64080.0,-0.018635026650927644,31.600000381469727
2022-04-28,580.2,584.2,573.4,574.7138,90870.0,-0.0018864188954497152,29.989999771118164
2022-04-29,579.0,588.2,575.6,578.4868,24579.0,0.006565006791206418,33.400001525878906
2022-05-03,568.6,572.4,561.6,570.6,20488.0,-0.013633500366819096,29.25
2022-05-04,570.8,571.6,562.7888,564.4727,61088.0,-0.010738345601121635,25.420000076293945
2022-05-05,573.6,580.4,563.0,571.0084,102498.0,0.011578416458404517,31.200000762939453
2022-05-06,561.0,562.2,544.4,553.6611,7410.0,-0.03038011349745473,30.190000534057617
2022-05-09,541.2,543.0,519.6,533.2045,36935.0,-0.036947872985839125,34.75
2022-05-10,524.4,533.33,520.8,526.8453,216492.0,-0.011926380966402417,32.9900016784668
2022-05-11,519.4,531.6,512.8,524.1912,39071.0,-0.005037721699329922,32.560001373291016
2022-05-12,513.2,535.4,510.6,531.8,45157.0,0.014515314259377021,31.770000457763672
2022-05-13,532.6,554.4,532.6,551.4043,58334.0,0.036864046634073055,28.8700008392334
2022-05-16,550.8,556.187,544.4,551.1727,40477.0,-0.00042001848734241065,27.469999313354492
2022-05-17,550.0,553.38,545.4,552.8,28691.0,0.0029524321505762785,26.100000381469727
2022-05-18,550.4,556.4,534.6,534.6,104834.0,-0.0329232995658465,30.959999084472656
2022-05-19,527.2,538.4,519.6,528.2917,100415.0,-0.011800037411148545,29.350000381469727
2022-05-20,540.8,556.0,540.8,549.972,601450.0,0.04103850202454429,29.43000030517578
2022-05-23,554.0,557.4,549.6,554.8,50437.0,0.008778628730189864,28.479999542236328
2022-05-24,549.8,563.8,549.8,557.3495,81521.0,0.004595349675558857,29.450000762939453
2022-05-25,554.6,556.6,546.8,556.6,17759.0,-0.0013447576430947183,28.3700008392334
2022-05-27,558.0,576.0,556.8,572.2014,108064.0,0.028029823931009723,25.719999313354492
2022-05-30,577.6,591.8,577.0,589.2719,41428.0,0.029833027322198058,
2022-05-31,580.6,584.2,573.4,579.0869,122607.0,-0.01728404154347074,26.190000534057617
2022-06-01,581.0,581.4,562.6,566.0818,47231.0,-0.02245794197727491,25.690000534057617
2022-06-07,568.0,570.8235,561.0,567.8057,23804.0,0.003045319598686813,24.020000457763672
2022-06-08,573.0,575.8,567.4,572.2689,28338.0,0.007860435356672246,23.959999084472656
2022-06-09,568.6,570.8,556.9955,559.2468,18810.0,-0.022755211754474258,26.09000015258789
2022-06-10,551.2,554.0,539.4,550.6,48204.0,-0.01546151001668672,27.75
2022-06-13,535.4,538.8,520.348,526.8591,14715.0,-0.043118234653105714,34.02000045776367
2022-06-14,522.0,525.8,498.3,514.3959,70146.0,-0.023655660498224318,32.689998626708984
2022-06-15,507.8,514.6,505.0,511.2949,30692.0,-0.006028430630959591,29.6200008392334
2022-06-16,511.2,511.2,484.1,487.6,44116.0,-0.04634292264601103,32.95000076293945
2022-06-17,487.9168,504.0,487.9168,495.6089,98243.0,0.01642514356029534,31.1299991607666
2022-06-20,496.7,497.2,487.1,490.4047,29028.0,-0.010500618532072403,
2022-06-21,493.9,496.7,488.5,489.751,12715.0,-0.0013329806994101245,30.190000534057617
2022-06-22,487.9,492.3394,477.2,492.3394,18645.0,0.005285134690893978,28.950000762939453
2022-06-23,485.7,489.5208,480.5,488.0,10956.0,-0.008813838583708766,29.049999237060547
2022-06-24,488.0,514.6,488.0,495.5,18035.0,0.015368852459016313,27.229999542236328
2022-06-27,515.0,518.2,508.2,512.1617,15519.0,0.033626034308779085,26.950000762939453
2022-06-28,513.6,515.6,506.6,511.799,58699.0,-0.0007081747815191886,28.360000610351562
2022-06-29,503.2,506.062,490.9,499.1727,94829.0,-0.024670427257575622,28.15999984741211
2022-06-30,497.0,509.0,496.5,509.0,47280.0,0.01968717439876011,28.709999084472656
2022-07-01,504.0,522.0,503.0,519.2779,33139.0,0.020192337917485315,26.700000762939453
2022-07-04,523.2,529.6,521.2,525.5309,24564.0,0.012041721783268455,
2022-07-05,538.4,544.6,529.5338,533.1233,48827.0,0.014447104822951307,27.540000915527344
2022-07-06,541.8,550.0,535.4,547.7017,24383.0,0.02734526890871214,26.729999542236328
2022-07-07,552.4,553.4,543.2,549.9361,54675.0,0.004079592960912981,26.079999923706055
2022-07-08,555.0,570.0215,554.4,563.8966,51966.0,0.025385676626793696,24.639999389648438
2022-07-11,558.8,569.0,557.4,564.0912,32738.0,0.00034509872909316286,26.170000076293945
2022-07-12,556.0,560.2,549.2,555.0,75339.0,-0.016116542856899674,27.290000915527344
2022-07-13,550.4,556.2,541.8,547.7517,45293.0,-0.01305999999999996,26.81999969482422
2022-07-14,549.6,555.0,545.2,549.0,15123.0,0.0022789523063095896,26.399999618530273
2022-07-15,555.8,569.0,551.2,566.3419,48041.0,0.03158816029143896,24.229999542236328
2022-07-18,570.0,575.0,562.5887,569.9525,30600.0,0.006375300856249488,25.299999237060547
2022-07-19,560.8,576.6,552.4,569.3342,25706.0,-0.0010848272443756413,24.5
2022-07-20,578.2,584.6,577.8,582.7454,21425.0,0.023555936038973213,23.8799991607666
2022-07-21,579.2,591.4,577.8,585.4646,36572.0,0.004666188699215867,23.110000610351562
2022-07-22,592.6,594.2,551.1449,562.5248,72221.0,-0.03918221528679955,23.030000686645508
2022-07-25,542.2,552.6,530.2,539.1206,99277.0,-0.041605632320566244,23.360000610351562
2022-07-26,539.4,546.6,533.8,543.7901,29303.0,0.008661327354213766,24.690000534057617
2022-07-27,541.2,546.6,539.2,541.833,140706.0,-0.003598998951985455,23.239999771118164
2022-07-28,544.8,564.6564,541.2,558.6646,135571.0,0.031064183982887572,22.329999923706055
2022-07-29,567.6,579.7,562.4,573.4361,45849.0,0.02644073027000471,21.329999923706055
2022-08-02,577.2,579.6455,565.4,576.4,43941.0,0.005168666569823399,23.93000030517578
2022-08-03,573.2,582.4,569.2,579.9032,123611.0,0.006077723802914603,21.950000762939453
2022-08-04,583.0,587.4,580.0,581.9355,29282.0,0.003504550414621166,21.440000534057617
2022-08-05,581.6,582.0,557.8,560.2,55816.0,-0.0373503592752118,21.149999618530273
2022-08-08,562.6,568.8,561.0,564.1412,28055.0,0.007035344519814357,21.290000915527344
2022-08-09,562.8,567.8,557.7962,560.8591,36191.0,-0.005817869710632806,21.770000457763672
2022-08-10,560.4,576.4375,549.6,569.8,33133.0,0.015941436984796997,19.739999771118164
2022-08-11,578.8,585.059,571.8,580.6809,43685.0,0.019095998595998642,20.200000762939453
2022-08-12,579.6,581.4,569.6,572.2436,36742.0,-0.01453001123336406,19.530000686645508
2022-08-15,574.6,578.0415,569.6,569.6,13120.0,-0.0046197109063342845,19.950000762939453
2022-08-16,568.4,568.6,556.0,563.5455,23427.0,-0.010629389044943927,19.690000534057617
2022-08-17,555.4,568.0165,555.4,560.6041,21295.0,-0.005219454329774442,19.899999618530273
2022-08-18,565.2,574.0,561.6,573.2125,14963.0,0.022490738116257125,19.559999465942383
2022-08-19,572.0,577.2395,564.0,571.2546,31513.0,-0.0034156617310334703,20.600000381469727
2022-08-22,562.0,564.6,546.0,559.2266,33967.0,-0.02105541031967184,23.799999237060547
2022-08-23,543.4,547.6,533.6,536.5017,30753.0,-0.04063630020460385,24.110000610351562
2022-08-24,533.2,547.2,527.8,540.8,50943.0,0.008011717390643769,22.81999969482422
2022-08-25,546.8,553.6,545.6,549.5678,23187.0,0.01621264792899413,21.780000686645508
2022-08-26,554.4,556.2,536.6,540.825,45735.0,-0.015908501189480173,25.559999465942383
2022-08-30,528.4,530.0,522.0,525.4113,26870.0,-0.02850034669255319,26.209999084472656
2022-08-31,528.6,533.0,520.4,524.0616,55551.0,-0.002568844636573253,25.8700008392334
2022-09-01,519.4,520.6,509.949,509.9959,15059.0,-0.026839783720081778,25.559999465942383
2022-09-02,516.0,526.2,515.0,522.5443,18296.0,0.024604903686480606,25.469999313354492
2022-09-05,513.2,516.8,508.0,514.4045,18255.0,-0.015577243881523595,
2022-09-06,514.4,522.7035,508.6,512.42,15302.0,-0.003857858941747283,26.90999984741211
2022-09-07,508.4,517.6,506.8,512.5189,30395.0,0.00019300573748104455,24.639999389648438
2022-09-08,522.6,522.6,508.4,515.9333,7545.0,0.00666199822094371,23.610000610351562
2022-09-09,521.0,532.3275,521.0,522.4,70683.0,0.01253398452862009,22.790000915527344
2022-09-12,530.8,535.0,529.8,531.7108,14331.0,0.017823124042879,23.8700008392334
2022-09-13,534.8,540.4,503.3245,533.2638,44395.0,0.002920760684191448,27.270000457763672
2022-09-14,501.8,510.0,490.4,499.3001,145462.0,-0.06369024111518529,26.15999984741211
2022-09-15,499.1,503.656,484.1,484.7033,38412.0,-0.02923452248457381,26.270000457763672
2022-09-16,482.4,487.5158,475.9,480.4839,118298.0,-0.00870511919353556,26.299999237060547
2022-09-20,473.8,475.7,461.3,465.6929,104403.0,-0.030783549667324994,27.15999984741211
2022-09-21,460.0,468.8693,456.9,462.425,49759.0,-0.0070172854256528305,27.989999771118164
2022-09-22,452.9,469.3,451.6,457.298,43774.0,-0.011087203330269801,27.350000381469727
2022-09-23,453.6,455.536,437.3,441.4467,35764.0,-0.03466295500964356,29.920000076293945
2022-09-26,441.4,445.4953,439.3,440.2,122384.0,-0.0028241235012064214,32.2599983215332
2022-09-27,442.4,453.2303,442.4,447.3429,38248.0,0.016226487960018243,32.599998474121094
2022-09-28,467.6,473.581,456.3,472.4,241580.0,0.056013183622675156,30.18000030517578
2022-09-29,467.8,470.8,461.9,468.3,98414.0,-0.008679085520745033,31.84000015258789
2022-09-30,471.0,490.2,470.3,486.3,296428.0,0.038436899423446524,31.6200008392334
2022-10-03,480.9,496.2,475.3,493.3,167071.0,0.01439440674480763,30.100000381469727
2022-10-04,502.2,512.077,500.0,510.4,30764.0,0.034664504358402626,29.06999969482422
2022-10-05,507.6,514.4,501.4,504.901,46151.0,-0.010773902821316517,28.549999237060547
2022-10-06,506.4,514.082,504.4,508.9989,19273.0,0.00811624457071769,30.520000457763672
2022-10-07,501.2,508.6,497.4,499.0624,35901.0,-0.01952165319021315,31.360000610351562
2022-10-10,492.6,493.8,485.0,486.3545,17676.0,-0.025463549247549122,32.45000076293945
2022-10-11,481.5,487.1,478.6,480.02,92471.0,-0.013024450272383636,33.630001068115234
2022-10-12,483.4,485.8,475.0,481.2037,27349.0,0.002465938919211874,33.56999969482422
2022-10-13,475.7,484.5,469.0,479.7039,65348.0,-0.0031167673897770642,31.940000534057617
2022-10-14,487.0,501.0,486.9,488.4185,20605.0,0.018166623202354737,32.02000045776367
2022-10-17,493.9,506.6,488.1,503.8992,7635.0,0.031695564357205885,31.3700008392334
2022-10-18,507.6,518.4,507.6,513.8,85499.0,0.01964837411926812,30.5
2022-10-19,517.4,519.8,486.3,490.6,235402.0,-0.04515375632541829,30.760000228881836
2022-10-20,488.6,500.448,488.6,497.1254,39242.0,0.013300856094577984,29.979999542236328
2022-10-21,490.0,496.3,485.2,492.5015,13339.0,-0.009301274889595201,29.690000534057617
2022-10-24,498.3,505.6,494.6,499.6175,18404.0,0.014448686958313806,29.850000381469727
2022-10-25,501.0,518.8,499.3,518.3481,31567.0,0.03748987975801499,28.459999084472656
2022-10-26,516.4,529.4,515.0,527.6849,38421.0,0.018012605814509364,27.280000686645508
2022-10-27,522.2,524.3075,505.6,511.2993,47901.0,-0.031051864474423985,27.389999389648438
2022-10-28,505.4,518.6935,505.4,514.0514,32743.0,0.00538256164246631,25.75
2022-10-31,516.6,517.6,510.8,516.0,15304.0,0.003790671516506139,25.8799991607666
2022-11-01,516.6,521.8,484.2,520.0208,158453.0,0.0077922480620156165,25.809999465942383
2022-11-02,491.9,501.2,491.2,494.7,15827.0,-0.048691898477907114,25.860000610351562
2022-11-03,483.8,488.1,476.1,479.1732,193470.0,-0.03138629472407517,25.299999237060547
2022-11-04,477.0,489.5208,477.0,479.1039,24353.0,-0.00014462411503812778,24.549999237060547
2022-11-07,478.1,484.0,477.1,483.6725,37292.0,0.00953571866144265,24.350000381469727
2022-11-08,480.1,495.235,480.1,489.4541,18404.0,0.011953542944864504,25.540000915527344
2022-11-09,488.6,493.7,485.5,493.2,30962.0,0.0076532201895949115,26.09000015258789
2022-11-10,490.3,520.097,481.7,516.4,29032.0,0.04703974047039727,23.530000686645508
2022-11-11,522.2,527.6,512.8,522.6,22562.0,0.012006196746707998,22.520000457763672
2022-11-14,506.6,518.8,502.6,508.6,42635.0,-0.026789131266743205,23.729999542236328
2022-11-15,506.8,522.503,504.6,516.0,37512.0,0.014549744396382236,24.540000915527344
2022-11-16,512.6,515.6,497.8,500.2,20786.0,-0.0306201550387597,24.110000610351562
2022-11-17,500.6,504.0,491.9,496.2,40065.0,-0.007996801279488208,23.93000030517578
2022-11-18,494.4,498.7438,488.1,495.2,26813.0,-0.00201531640467556,23.1200008392334
2022-11-21,493.5,501.8,488.2763,498.7,17128.0,0.007067851373182554,22.360000610351562
2022-11-22,492.6,495.5358,485.2,491.5983,32253.0,-0.01424042510527368,21.290000915527344
2022-11-23,494.3,496.6993,486.1,496.6993,19658.0,0.010376358095623983,20.350000381469727
2022-11-24,495.0,509.0,492.7,507.7492,29974.0,0.02224665909535206,
2022-11-25,504.8,509.0,501.0,506.3352,7825.0,-0.0027848394443555913,20.5
2022-11-28,502.2,504.4,497.8,501.252,11203.0,-0.010039199328824022,22.209999084472656
2022-11-29,500.2,500.2,486.3,486.3,18192.0,-0.02982930741423473,21.889999389648438
2022-11-30,491.2,496.7388,490.2,490.2,51215.0,0.008019740900678585,20.579999923706055
2022-12-01,501.0,510.4,500.6,508.9364,17381.0,0.038221950224398116,19.84000015258789
2022-12-02,502.8,511.4755,498.0,503.9496,16899.0,-0.00979847383680954,19.059999465942383
2022-12-05,502.6,505.0,495.7,498.1996,10333.0,-0.011409871145844797,20.75
2022-12-06,494.9,495.9,478.8,493.5,32514.0,-0.009433166947544702,22.170000076293945
2022-12-07,475.8,475.8,456.0,475.6,28064.0,-0.03627152988855109,22.68000030517578
2022-12-08,468.9,470.2,452.0,456.9671,53783.0,-0.03917767031118591,22.290000915527344
2022-12-09,457.1,463.5,454.7,457.3914,34890.0,0.0009285132343224145,22.829999923706055
2022-12-12,456.7,466.2628,452.6,459.679,35744.0,0.005001405798185088,25.0
2022-12-13,467.0,482.5,459.7,477.0513,31365.0,0.03779224197755404,22.549999237060547
2022-12-14,475.6,478.2,471.8,474.9288,118267.0,-0.004449207034966651,21.139999389648438
2022-12-15,463.8,464.358,454.2,457.379,55753.0,-0.03695248635163839,22.829999923706055
2022-12-16,457.0,459.0448,448.8,450.0,78940.0,-0.01613322867906053,22.6200008392334
2022-12-19,450.8,452.8,443.5,449.81,17795.0,-0.00042222222222221273,22.420000076293945
2022-12-20,439.7,442.2,437.3,437.5438,30946.0,-0.02726973611080241,21.479999542236328
2022-12-21,441.7,450.5235,441.2,450.445,30133.0,0.02948550522256288,20.06999969482422
2022-12-22,450.0,454.8,448.5,449.9673,9471.0,-0.0010605068321326572,21.969999313354492
2022-12-23,454.4,456.3,450.3,453.4279,5860.0,0.007690781085647691,20.8700008392334
2022-12-28,449.8,459.4,449.8,455.4911,8532.0,0.004550227279794594,22.139999389648438
2022-12-29,452.9,462.7,452.4,458.8541,6606.0,0.007383239760337723,21.440000534057617
2022-12-30,454.0,459.9,453.0547,453.0547,8602.0,-0.012638875843105635,21.670000076293945
2023-01-03,456.3,465.4,453.2,461.0078,35402.0,0.01755439243870538,22.899999618530273
2023-01-04,465.8,470.4733,464.3,467.3215,10935.0,0.013695429882097487,22.010000228881836
2023-01-05,468.6,471.0,462.9,467.5434,13240.0,0.00047483370655965196,22.459999084472656
2023-01-06,464.7,465.7,447.7,457.4457,77864.0,-0.021597353315221723,21.1299991607666
2023-01-09,459.2,465.7615,456.1,459.3,17058.0,0.004053595869411453,21.969999313354492
2023-01-10,457.0,472.0773,456.6,470.4293,83497.0,0.024231003701284504,20.579999923706055
2023-01-11,473.6,490.3228,472.9,473.6,27682.0,0.006740013855429439,21.09000015258789
2023-01-12,483.4,490.6235,478.6,487.7,24487.0,0.02977195945945943,18.829999923706055
2023-01-13,491.2,497.7,487.5,490.2,34542.0,0.005126102111953967,18.350000381469727
2023-01-16,493.3,502.6,491.1,498.0756,8065.0,0.016066095471236164,
2023-01-17,502.6,502.7899,494.3,498.6318,16197.0,0.001116697947058709,19.360000610351562
2023-01-18,501.2,503.0545,497.4,497.5,110051.0,-0.0022698111111244534,20.34000015258789
2023-01-19,496.0,501.8515,489.6,496.8092,10208.0,-0.0013885427135679196,20.520000457763672
2023-01-20,487.7,490.8,482.4,484.0,31007.0,-0.025782936386846256,19.850000381469727
2023-01-23,485.7,495.7,485.7,490.6616,10750.0,0.013763636363636422,19.809999465942383
2023-01-24,499.7,506.4,485.8,491.8856,43225.0,0.0024945909767546404,19.200000762939453
2023-01-25,467.4,522.8,464.3364,504.2987,94569.0,0.025235745872617565,19.079999923706055
2023-01-26,530.0,542.2,529.6,534.0258,67238.0,0.05894740557530698,18.729999542236328
2023-01-27,531.4,532.929,521.0,531.2,231640.0,-0.005291504642659484,18.510000228881836
2023-01-30,528.8,536.8,524.6,533.7199,194275.0,0.00474378765060246,19.940000534057617
2023-01-31,532.0,534.4,514.4,519.7424,98826.0,-0.026188830508287353,19.399999618530273
2023-02-01,519.2,529.32,519.2,519.5558,25080.0,-0.0003590240088167107,17.8700008392334
2023-02-02,533.0,547.766,521.0,521.0,123629.0,0.002779682182356691,18.729999542236328
2023-02-03,546.0,553.8,536.8,537.2,25447.0,0.031094049904030863,18.329999923706055
2023-02-06,551.6,559.2,550.2,556.543,19943.0,0.036007073715562,19.43000030517578
2023-02-07,553.0,556.588,548.4,553.9791,22016.0,-0.004606831817128176,18.65999984741211
2023-02-08,559.6,563.8,556.0,558.0812,77168.0,0.007404791985834658,19.6299991607666
2023-02-09,560.8,563.004,548.6,560.3616,27629.0,0.004086143736789616,20.709999084472656
2023-02-10,547.0,547.1645,536.8,544.4,31962.0,-0.02848446431732643,20.530000686645508
2023-02-13,541.8,545.0,540.0,541.064,134961.0,-0.006127847171197631,20.34000015258789
2023-02-14,547.8,554.182,545.6,553.0421,8186.0,0.02213804651575413,18.90999984741211
2023-02-15,544.4,554.583,543.4,550.9557,18806.0,-0.003772588018163603,18.229999542236328
2023-02-16,557.6,559.4,549.4,554.8697,12222.0,0.007104019433867403,20.170000076293945
2023-02-17,548.2,555.385,544.0,548.6,179109.0,-0.011299409573094277,20.020000457763672
2023-02-20,556.6,563.8,555.0,560.8043,12722.0,0.022246263215457418,
2023-02-21,561.4,562.8,553.8,559.0466,22580.0,-0.003134248435684217,22.8700008392334
2023-02-22,562.7,571.4,555.4,567.3975,50599.0,0.014937752952973948,22.290000915527344
2023-02-23,566.4,569.2195,562.2,564.2,245657.0,-0.005635379077278291,21.139999389648438
2023-02-24,564.6,570.0215,562.4,565.6779,17148.0,0.0026194611839773785,21.670000076293945
2023-02-27,567.0,572.4,566.4,569.2861,119836.0,0.0063785415693278225,20.950000762939453
2023-02-28,565.6,570.8235,560.772,563.8,53003.0,-0.009636806519604302,20.700000762939453
2023-03-01,561.6,567.415,559.6,560.885,24707.0,-0.005170273146505755,20.579999923706055
2023-03-02,555.8,563.0,552.0,558.2,66094.0,-0.004787077564919584,19.59000015258789
2023-03-03,568.0,569.4,563.6,566.355,6335.0,0.014609458975277656,18.489999771118164
2023-03-06,568.0,569.4,560.7945,564.085,5336.0,-0.004008086800681543,18.610000610351562
2023-03-07,563.0,572.0265,552.4,564.9114,35816.0,0.0014650274338086078,19.59000015258789
2023-03-08,549.2,549.2,542.5119,542.5119,45686.0,-0.039651350636577654,19.110000610351562
2023-03-09,538.6,540.8,532.4,536.8015,80915.0,-0.010525852059650509,22.610000610351562
2023-03-10,531.8,535.8,528.0,532.0,13599.0,-0.008944647136790884,24.799999237060547
2023-03-13,527.6,529.7647,514.6,521.8,44512.0,-0.019172932330827175,26.520000457763672
2023-03-14,526.0,531.6,519.6,526.2,135427.0,0.008432349559218233,23.729999542236328
2023-03-15,525.2,525.2,508.6,518.6,44139.0,-0.014443177499049886,26.139999389648438
2023-03-16,528.4,536.8671,517.2,534.5244,76550.0,0.030706517547242518,22.989999771118164
2023-03-17,546.6,546.682,527.1223,533.5313,48674.0,-0.0018579133150891103,25.510000228881836
2023-03-20,526.6,535.2,524.5884,532.2,56738.0,-0.002495261290199724,24.149999618530273
2023-03-21,533.8,540.6,533.8,536.0,52564.0,0.007140172867343031,21.3799991607666
2023-03-22,538.8,542.152,537.852,538.8,21875.0,0.0052238805970148405,22.260000228881836
2023-03-23,531.8,541.751,529.4,537.937,22387.0,-0.0016017074981439228,22.610000610351562
2023-03-24,533.6,538.543,526.4,528.9368,39178.0,-0.01673095548363479,21.739999771118164
2023-03-27,537.0,541.35,532.4,535.0,16894.0,0.011462995200939075,20.600000381469727
2023-03-28,541.2,541.8,531.4,533.68,21604.0,-0.0024672897196262866,19.969999313354492
2023-03-29,534.8,540.6,532.4,535.0048,26466.0,0.0024823864488083824,19.1200008392334
2023-03-30,538.0,545.6,538.0,543.7172,42879.0,0.016284713707241494,19.020000457763672
2023-03-31,546.6,550.4,539.2,547.2906,26207.0,0.006572166560116166,18.700000762939453
2023-04-03,548.6,552.6,540.0,550.0196,94027.0,0.0049863820061955,18.549999237060547
2023-04-04,546.8,550.6,542.6,544.1088,131657.0,-0.01074652612379634,19.0
2023-04-05,543.6,558.2,541.0,555.0857,16925.0,0.02017409018196359,19.079999923706055
2023-04-06,561.0,573.2,558.8,567.1247,32856.0,0.021688542868245397,18.399999618530273
2023-04-11,569.6,573.029,565.0,570.2274,17108.0,0.005470930819976738,19.100000381469727
2023-04-12,572.2,583.0,570.0,578.0406,16629.0,0.013701902083274264,19.09000015258789
2023-04-13,575.8,584.4575,575.8,579.7238,57239.0,0.0029119061879043784,17.799999237060547
2023-04-14,584.8,592.277,583.4,588.4334,13823.0,0.015023706116602531,17.06999969482422
2023-04-17,587.0,594.282,585.9315,590.3,10322.0,0.003172151682756086,16.950000762939453
2023-04-18,591.6,596.6768,583.2,585.4,71790.0,-0.008300863967474092,16.829999923706055
2023-04-19,581.2,585.861,576.2,582.4,117799.0,-0.005124701059104897,16.459999084472656
2023-04-20,567.2,573.0,563.0,569.5139,28334.0,-0.02212585851648341,17.170000076293945
2023-04-21,568.6,574.2574,562.8,571.4333,18429.0,0.0033702425875821174,16.770000457763672
2023-04-24,578.8,580.8,574.6,578.6365,90688.0,0.01260549568952296,16.889999389648438
2023-04-25,575.0,577.841,556.7905,568.0883,28992.0,-0.018229406544523097,18.760000228881836
2023-04-26,553.2,553.6,544.4,546.1088,140634.0,-0.038690288111901006,18.84000015258789
2023-04-27,544.4,551.5755,544.4,549.8,392511.0,0.006759092693616964,17.030000686645508
2023-04-28,550.0,555.5855,548.0,553.8443,9599.0,0.007355947617315506,15.779999732971191
2023-05-02,555.8,559.6,549.6,553.0667,15258.0,-0.0014040046995157374,17.780000686645508
2023-05-03,553.2,583.2545,551.0,581.8836,62564.0,0.05210384208631624,18.34000015258789
2023-05-04,577.8,582.0515,573.0,580.2,42908.0,-0.002893362177590064,20.09000015258789
2023-05-05,581.4,582.0,576.0,578.9,28507.0,-0.002240606687349267,17.190000534057617
2023-05-09,578.9489,578.9489,559.4,564.7568,29713.0,-0.024431162549663155,17.709999084472656
2023-05-10,560.0,569.42,559.6,563.8146,156332.0,-0.0016683287390253376,16.940000534057617
2023-05-11,568.2,578.0415,564.0,576.8,66979.0,0.023031329802385203,16.93000030517578
2023-05-12,581.6,581.8,571.4,574.8589,43089.0,-0.0033652912621359166,17.030000686645508
2023-05-15,578.2,589.2695,577.8,584.473,31037.0,0.016724277905413087,17.1200008392334
2023-05-16,586.4,586.8635,581.0,583.684,15200.0,-0.001349934043146539,17.989999771118164
2023-05-17,573.8,574.6,562.4,574.2,18898.0,-0.016248518033730397,16.8700008392334
2023-05-19,569.8,582.0515,568.0,573.2,19828.0,-0.0017415534656913811,16.809999465942383
2023-05-22,579.4,580.0465,570.4,576.2787,22120.0,0.005371074668527376,17.209999084472656
2023-05-23,573.8,588.4,573.8,584.7546,10842.0,0.014707987645561138,18.530000686645508
2023-05-24,575.4,575.4,562.4,563.04,29263.0,-0.03713455182738201,20.030000686645508
2023-05-25,565.6,569.6205,564.0,566.2,240590.0,0.005612389883489666,19.139999389648438
2023-05-26,567.2,574.8335,566.2,572.4081,15458.0,0.010964500176615877,17.950000762939453
2023-05-30,570.2,574.0,565.8,570.0,20143.0,-0.004206963528293861,17.459999084472656
2023-05-31,564.0,573.8,558.8,569.3146,59518.0,-0.0012024561403507494,17.940000534057617
2023-06-01,572.4,580.247,570.0,575.0615,92267.0,0.010094418797620852,15.649999618530273
2023-06-02,578.0,588.668,575.2,580.5778,37885.0,0.009592539232760267,14.600000381469727
2023-06-05,583.4,587.6,576.6,579.5001,31952.0,-0.0018562542350052391,14.729999542236328
2023-06-06,577.0,600.8985,577.0,594.7376,133068.0,0.02629421461704684,13.960000038146973
2023-06-07,592.4,592.4,581.4,585.4,32868.0,-0.015700369372980694,13.9399995803833
2023-06-08,576.2,581.851,575.0,578.0867,17094.0,-0.012492825418517262,13.649999618530273
2023-06-09,579.2,579.2,562.6875,569.8381,4346.0,-0.014268793936964674,13.829999923706055
2023-06-12,567.8,568.8,559.4,562.3362,22706.0,-0.013164967382841009,15.010000228881836
2023-06-13,564.2,566.8135,559.2056,559.8,12269.0,-0.0045101133450060615,14.609999656677246
2023-06-14,563.8,573.43,563.8,570.5413,20060.0,0.019187745623437058,13.880000114440918
2023-06-15,563.6,565.009,553.2,563.4,19571.0,-0.012516710008548038,14.5
2023-06-16,568.8,575.034,567.2,567.6,25959.0,0.007454739084132189,13.539999961853027
2023-06-19,549.0,552.2,544.0,548.1937,28020.0,-0.034190098661028845,
2023-06-20,547.2,547.9665,531.4,535.1715,64717.0,-0.023754742165041254,13.880000114440918
2023-06-21,527.2,537.34,525.8,528.094,26358.0,-0.013224732632436509,13.199999809265137
2023-06-22,522.4,529.5205,521.2,527.0,268718.0,-0.0020716008892357474,12.90999984741211
2023-06-23,527.4,532.127,523.6,531.6,9709.0,0.008728652751423205,13.4399995803833
2023-06-26,527.8,530.6,520.0,528.9,15546.0,-0.00507900677200912,14.25
2023-06-27,522.6,524.7085,512.6,515.3851,184866.0,-0.02555284552845527,13.739999771118164
2023-06-28,523.2,530.0,518.0,521.8,25034.0,0.012446809191806185,13.430000305175781
2023-06-29,529.4,530.4531,521.2,522.9714,11144.0,0.002244921425833768,13.539999961853027
2023-06-30,526.0,535.0,525.6,533.08,114340.0,0.01932916408048313,13.59000015258789
2023-07-03,532.8,534.0,526.8955,529.4529,121231.0,-0.006804044421100053,13.569999694824219
2023-07-04,525.0,532.929,519.6,528.9617,202558.0,-0.0009277501360367424,
2023-07-05,527.6,532.7285,525.8,527.2,11153.0,-0.0033304868764598705,14.180000305175781
2023-07-06,526.4,535.0,526.4,529.6,25038.0,0.004552352048558417,15.4399995803833
2023-07-07,528.6,533.33,524.895,527.2333,16286.0,-0.004468844410876249,14.829999923706055
2023-07-10,527.0,531.726,523.8,527.6105,46466.0,0.0007154328074496785,15.069999694824219
2023-07-11,533.0,533.33,528.4755,530.7336,27508.0,0.00591932874724832,14.84000015258789
2023-07-12,529.4,535.5355,526.8795,532.2,73415.0,0.0027629680879446283,13.539999961853027
2023-07-13,533.6,543.355,531.0,532.94,26872.0,0.0013904547162721936,13.609999656677246
2023-07-14,536.8,546.3625,534.1466,543.8,227510.0,0.020377528427214964,13.34000015258789
2023-07-17,542.6,546.0,539.8,541.1189,41159.0,-0.004930305259286283,13.479999542236328
2023-07-18,540.0,552.177,537.6,546.8057,211548.0,0.01050933537897114,13.300000190734863
2023-07-19,550.0,557.9915,547.4,553.9789,31711.0,0.013118370931392898,13.760000228881836
2023-07-20,550.2,554.4,545.2,548.0,41060.0,-0.01079264932292534,13.989999771118164
2023-07-21,512.4,515.8,488.0,507.7444,112904.0,-0.07345912408759125,13.600000381469727
2023-07-24,488.8,494.2,484.3,486.662,324216.0,-0.041521679018025615,13.90999984741211
2023-07-25,485.4,499.1448,480.2,497.1743,51268.0,0.021600823569541072,13.859999656677246
2023-07-26,495.0,496.1373,486.2813,490.4736,93382.0,-0.013477567122838097,13.1899995803833
2023-07-27,495.5,510.072,495.4,500.1,160051.0,0.019626744436398003,14.40999984741211
2023-07-28,499.7,506.062,494.1,500.0,30038.0,-0.00019996000799848979,13.329999923706055
2023-07-31,506.6,512.6785,499.2,503.2516,24366.0,0.006503200000000042,13.630000114440918
2023-08-02,492.6,503.0545,492.6,500.0,43274.0,-0.006461181643535707,16.09000015258789
2023-08-03,494.3,498.5,488.7,492.3857,40090.0,-0.015228600000000037,15.920000076293945
2023-08-04,489.7,494.6335,486.3,491.713,31540.0,-0.001366205395485598,17.100000381469727
2023-08-07,491.4,495.9368,487.6,492.41,10952.0,0.0014174935378972187,15.770000457763672
2023-08-08,488.7,493.5308,485.8,490.9034,23290.0,-0.0030596454174367516,15.989999771118164
2023-08-09,497.2,497.2,487.7775,490.2314,19566.0,-0.001368904758043965,15.960000038146973
2023-08-10,490.7,504.6585,489.1,497.6,102322.0,0.015030860936284363,15.850000381469727
2023-08-11,496.1,499.8,491.0,494.8257,34664.0,-0.005575361736334439,14.84000015258789
2023-08-14,496.4,500.2475,493.5,494.5494,4547.0,-0.0005583784350732257,14.819999694824219
2023-08-15,492.0,494.2,486.8,487.9,14088.0,-0.013445370674800117,16.459999084472656
2023-08-16,486.9,487.2,478.0,478.4,24654.0,-0.01947120311539252,16.780000686645508
2023-08-17,473.5,476.9,471.6,473.271,37279.0,-0.010721153846153797,17.889999389648438
2023-08-18,472.6,473.5,467.7,470.9947,5213.0,-0.004809717899469823,17.299999237060547
2023-08-21,471.6,476.5,468.7253,473.81,57118.0,0.005977349638966123,17.1299991607666
2023-08-22,470.5,473.4808,468.4,470.1333,247151.0,-0.007759861547877778,16.969999313354492
2023-08-23,471.6,481.9018,471.6,477.8773,99986.0,0.01647192402665376,15.979999542236328
2023-08-24,484.1,486.2,477.5,477.8,7550.0,-0.00016175700331444443,17.200000762939453
2023-08-25,475.2,477.2903,470.7,472.6111,65148.0,-0.010859983256592654,15.680000305175781
2023-08-29,476.1,480.4,473.9,479.996,49427.0,0.01562574387271054,14.449999809265137
2023-08-30,480.3,487.9168,477.0,483.2,54583.0,0.006675055625463555,13.880000114440918
2023-08-31,484.5,494.3,482.0,482.0,233893.0,-0.002483443708609201,13.569999694824219
2023-09-01,486.1,494.5,484.4,492.4492,13070.0,0.02167883817427385,13.09000015258789
2023-09-04,494.1,502.8,492.0,498.15,109196.0,0.011576422502056927,
2023-09-05,494.0,498.4,493.2638,494.3258,26802.0,-0.007676804175449137,14.010000228881836
2023-09-06,490.7,500.7488,489.8,496.1,11780.0,0.003589130893026482,14.449999809265137
2023-09-07,495.0,496.2,487.8512,492.6212,21565.0,-0.007012295908083166,14.399999618530273
2023-09-08,491.4,493.0295,483.6,486.6432,56618.0,-0.012135084726357714,13.84000015258789
2023-09-11,485.9,492.7,483.6,485.2677,138760.0,-0.0028265061548172765,13.800000190734863
2023-09-12,486.9,488.819,481.1,483.7226,32364.0,-0.0031840157504816613,14.229999542236328
2023-09-13,482.0,486.9,475.1,480.1,44595.0,-0.007489002994691574,13.479999542236328
2023-09-14,487.5,491.7263,481.1,489.2264,37272.0,0.019009373047281786,12.819999694824219
2023-09-15,494.4,500.5483,494.3,499.1385,76847.0,0.0202607627061826,13.789999961853027
2023-09-18,477.4,477.4,424.215,426.1714,231940.0,-0.146186078613451,14.0
2023-09-19,429.9,439.3,424.3,432.6223,185882.0,0.01513686746693943,14.109999656677246
2023-09-20,436.2,443.3,432.7,440.7661,95300.0,0.0188242723502694,15.140000343322754
2023-09-21,442.4,446.3,426.3,431.7027,32771.0,-0.02056283366620071,17.540000915527344
2023-09-22,424.8,429.7,424.2368,427.9,24131.0,-0.008808608331613454,17.200000762939453
2023-09-25,427.0,436.5,426.4,434.8431,157168.0,0.016225987380229068,16.899999618530273
2023-09-26,428.4,434.7,425.7,432.3133,36002.0,-0.0058177305791444756,18.940000534057617
2023-09-27,435.3,435.7,420.2,422.1,49381.0,-0.023624764725026948,18.219999313354492
2023-09-28,421.9,423.5,415.2,416.9445,51479.0,-0.012213930348258795,17.34000015258789
2023-09-29,424.6,431.5,424.6,430.0208,34002.0,0.03136220767991893,17.520000457763672
2023-10-02,428.5,429.3999,417.4,422.0169,13682.0,-0.018612820589143597,17.610000610351562
2023-10-03,418.4,420.1,413.7,415.9024,35631.0,-0.014488756255969903,19.780000686645508
2023-10-04,412.3,420.7,410.6,418.532,28390.0,0.0063226372341202985,18.579999923706055
2023-10-05,421.4,424.7593,419.6,423.0192,32515.0,0.010721282960442835,18.489999771118164
2023-10-06,424.1001,429.0,420.4,429.0,24856.0,0.014138365350792492,17.450000762939453
2023-10-09,425.2,433.0,425.2,430.8,37877.0,0.00419580419580412,17.700000762939453
2023-10-10,431.8,435.2,424.1,427.5,40843.0,-0.007660167130919215,17.030000686645508
2023-10-11,436.6,438.0,430.8,434.1,64359.0,0.01543859649122803,16.09000015258789
2023-10-12,434.3,436.6,431.55,432.8433,8097.0,-0.0028949550794747925,16.690000534057617
2023-10-13,423.2,426.3,415.7,418.1836,48254.0,-0.03386837684677102,19.31999969482422
2023-10-16,423.2,426.5,416.3,424.2878,87740.0,0.014596937804352006,17.209999084472656
2023-10-17,379.8999,399.0,352.3999,387.3677,306752.0,-0.08701664294848921,17.8799991607666
2023-10-18,358.7,358.7,343.4,347.7,221086.0,-0.10240322050599471,19.219999313354492
2023-10-19,350.1,357.3,340.347,353.2,322778.0,0.015818234109864937,21.399999618530273
2023-10-20,345.0,345.0,330.1001,332.9666,489162.0,-0.05728595696489225,21.709999084472656
2023-10-23,333.3,335.6,322.5,327.4461,96888.0,-0.016579741031082507,20.3700008392334
2023-10-24,330.8,336.8,327.0,331.1743,177753.0,0.01138569065259909,18.969999313354492
2023-10-25,332.6001,332.6001,310.3,316.8333,157094.0,-0.043303480976633724,20.190000534057617
2023-10-26,311.0,318.0933,308.7,314.9182,128338.0,-0.006044503529142875,20.68000030517578
2023-10-27,318.3999,318.3999,311.9,313.3411,57628.0,-0.005007967148294434,21.270000457763672
2023-10-30,314.4,316.2,308.8,311.5,45916.0,-0.005875705421344302,19.75
2023-10-31,310.1,319.0,308.3999,315.8606,27551.0,0.013998715890850555,18.139999389648438
2023-11-01,309.6001,321.5,309.6001,318.6,90167.0,0.00867281326002689,16.8700008392334
2023-11-02,321.7,326.3,317.6001,322.8487,397272.0,0.013335530445699906,15.65999984741211
2023-11-03,323.3999,336.9,319.5,330.7964,88054.0,0.0246174136677646,14.90999984741211
2023-11-06,333.6001,333.6001,327.3,331.4,82761.0,0.0018246873303335853,14.890000343322754
2023-11-07,332.6001,334.7,328.2,331.7,41238.0,0.0009052504526252392,14.8100004196167
2023-11-08,333.8,339.8,329.6001,335.6768,73106.0,0.01198914681941532,14.449999809265137
2023-11-09,335.0,343.2,334.4,341.2,30390.0,0.01645392234435028,15.289999961853027
2023-11-10,335.5,341.6001,331.8,336.0,297872.0,-0.015240328253223856,14.170000076293945
2023-11-13,336.0,337.8999,330.0,335.6503,39077.0,-0.0010407738095237207,14.760000228881836
2023-11-14,338.4,349.3,336.1,345.1951,38703.0,0.028436739070395678,14.15999984741211
2023-11-15,352.0,358.895,347.1868,351.3,59949.0,0.017685361118972898,14.180000305175781
2023-11-16,351.0,355.286,349.7,351.5,108362.0,0.000569313976658048,14.319999694824219
2023-11-17,354.6,359.9978,351.3,355.4,24256.0,0.011095305832147906,13.800000190734863
2023-11-20,356.1,358.2,352.9155,355.6,22205.0,0.0005627462014632378,13.40999984741211
2023-11-21,358.7,360.2,351.6188,354.0,14715.0,-0.004499437570303799,13.350000381469727
2023-11-22,352.3,356.088,349.8999,354.1333,61229.0,0.00037655367231637094,12.850000381469727
2023-11-23,350.3,352.8,346.7,350.0342,578071.0,-0.011575019914817464,
2023-11-24,349.3999,351.1,348.5265,349.8877,13328.0,-0.0004185305321594557,12.460000038146973
2023-11-27,346.2,352.2,344.2,345.7198,25076.0,-0.011912107799159521,12.6899995803833
2023-11-28,340.6001,346.6001,335.3,339.0508,316677.0,-0.01929018818129602,12.6899995803833
2023-11-29,343.2,343.7573,336.3,341.3024,32653.0,0.006640892751174743,12.979999542236328
2023-11-30,337.4,338.6001,332.8,338.468,71037.0,-0.008304658859708991,12.920000076293945
2023-12-01,340.6001,340.6001,332.7,335.2248,16778.0,-0.009581998889112153,12.630000114440918
2023-12-04,331.7,336.8999,325.7,330.9929,85954.0,-0.012624065999890188,13.079999923706055
2023-12-05,331.1001,335.7373,327.5,334.5582,29944.0,0.010771530144604302,12.850000381469727
2023-12-06,331.0,335.8999,331.0,334.767,64094.0,0.0006241066576757603,12.970000267028809
2023-12-07,336.8,336.8,327.6,328.5,108414.0,-0.01872048320174924,13.0600004196167
2023-12-08,328.0,331.8,324.2,329.2,107960.0,0.0021308980213088358,12.350000381469727
2023-12-11,317.6,329.2,315.8,329.2,278661.0,0.0,12.630000114440918
2023-12-12,327.0,330.0,320.3,327.2,177260.0,-0.0060753341433779084,12.069999694824219
2023-12-13,327.0,330.1132,325.2,330.1132,32986.0,0.008903422982885045,12.1899995803833
2023-12-14,335.9,336.4,324.0,335.8,123614.0,0.01722681795214487,12.479999542236328
2023-12-15,332.1,343.2,330.0,341.4242,96243.0,0.016748659916616893,12.279999732971191
2023-12-18,343.3999,343.5,337.0,341.248,73030.0,-0.0005160735530755911,12.5600004196167
2023-12-19,343.0,352.3,343.0,349.6409,46787.0,0.024594722899474952,12.529999732971191
2023-12-20,350.2,352.8999,343.5,345.3691,222955.0,-0.012217678194970882,13.670000076293945
2023-12-21,347.3999,347.3999,340.8,346.4,62157.0,0.0029849225075433417,13.649999618530273
2023-12-22,344.3,355.2,344.3,350.4595,42782.0,0.011719110854503612,13.029999732971191
2023-12-27,351.3999,358.4,351.2,353.9926,11633.0,0.01008133607449646,12.430000305175781
2023-12-28,353.2,354.0,351.3,353.1,5820.0,-0.002521521636327906,12.470000267028809
2023-12-29,354.2,355.4,350.0,352.2,12650.0,-0.002548853016142827,12.449999809265137
2024-01-03,353.8,360.6001,347.4,350.17,332752.0,-0.005763770584894856,14.039999961853027
2024-01-04,349.2,353.9828,344.7,350.2332,171596.0,0.00018048376502832753,14.130000114440918
2024-01-05,347.1,347.6,341.7,344.3638,22203.0,-0.016758548304386833,13.350000381469727
2024-01-08,344.4,348.7,339.1,346.4425,9727.0,0.00603634876836634,13.079999923706055
2024-01-09,352.3,358.6,346.6001,356.5,278313.0,0.029030791545494594,12.760000228881836
2024-01-10,358.7,367.4,350.8999,357.3,58055.0,0.0022440392706872814,12.6899995803833
2024-01-11,377.3,377.3,362.1001,369.7391,130004.0,0.034814161768821794,12.4399995803833
2024-01-12,373.3999,373.3999,365.0,368.1368,40919.0,-0.004333596311561383,12.699999809265137
2024-01-15,371.1001,371.2,365.7,369.6548,12883.0,0.004123467145908943,
2024-01-16,366.8999,371.4,360.2,369.537,173611.0,-0.00031867569418830843,13.84000015258789
2024-01-17,361.6001,372.1001,357.1,358.8281,142407.0,-0.028979236179327073,14.789999961853027
2024-01-18,356.7,364.0728,356.7,362.4216,486081.0,0.010014544568833994,14.130000114440918
2024-01-19,367.9,367.9,355.1,364.2,24522.0,0.004906992298472135,13.300000190734863
2024-01-22,365.0,372.9,359.3,372.8534,22818.0,0.023760021965952838,13.1899995803833
2024-01-23,377.1001,381.1,361.5,375.2235,59068.0,0.00635665384840256,12.550000190734863
2024-01-24,371.3999,382.7,371.3999,381.4,46079.0,0.016460855996492718,13.140000343322754
2024-01-25,379.1001,385.3,370.226,375.7333,89183.0,-0.014857629785002602,13.449999809265137
2024-01-26,401.0,427.2,401.0,418.99,141749.0,0.11512607479826786,13.260000228881836
2024-01-29,419.7,437.0,414.8999,434.5131,225115.0,0.037048855581278684,13.600000381469727
2024-01-30,431.8999,441.6001,427.8999,434.4132,35110.0,-0.0002299125158712334,13.3100004196167
2024-01-31,429.8999,436.1,424.8,436.1,12979.0,0.0038829391003771807,14.350000381469727
2024-02-01,427.3999,435.6,421.7,429.1138,150027.0,-0.016019720247649638,13.880000114440918
2024-02-02,444.8,452.2,427.7,430.2,58051.0,0.0025312632686247394,13.850000381469727
2024-02-05,429.8,447.1,429.8,444.4,67025.0,0.0330079033007904,13.670000076293945
2024-02-06,449.0,451.3999,441.6001,447.2591,234059.0,0.006433618361836313,13.0600004196167
2024-02-07,438.7,450.0,434.5,438.25,231393.0,-0.02014291045168226,12.829999923706055
2024-02-08,438.0,451.5,433.8,449.4088,118580.0,0.025462179121505946,12.789999961853027
2024-02-09,445.4,450.0,442.5,446.8344,141493.0,-0.005728414752893096,12.930000305175781
2024-02-12,446.0,454.0,441.7,446.9128,92373.0,0.00017545650021566495,13.930000305175781
2024-02-13,444.1001,451.7,438.2538,438.2538,115130.0,-0.019375144323456328,15.850000381469727
2024-02-14,439.3,463.7,439.3,455.674,130305.0,0.03974911341327769,14.380000114440918
2024-02-15,459.8,466.0,455.6,458.7209,42004.0,0.00668657856274435,14.010000228881836
2024-02-16,455.6001,462.7,453.7,458.5,28062.0,-0.00048155643224445654,14.239999771118164
2024-02-19,452.3,458.8999,447.8,456.0,42735.0,-0.005452562704471142,
2024-02-20,452.3999,459.0,452.3999,455.9276,35938.0,-0.0001587719298246082,15.420000076293945
2024-02-21,450.2,457.1001,447.5,453.8,80649.0,-0.004666530387719359,15.34000015258789
2024-02-22,461.3,461.3,456.4543,458.35,42581.0,0.010026443367121995,14.539999961853027
2024-02-23,461.5,464.4,460.0,463.5071,502121.0,0.011251445401985194,13.75
2024-02-26,464.0,466.8,459.4,462.6202,81757.0,-0.0019134550473983714,13.739999771118164
2024-02-27,463.4,465.6001,458.7,463.62,172752.0,0.0021611680596740346,13.430000305175781
2024-02-28,463.0,466.1,462.0,464.1071,58772.0,0.0010506449247227323,13.84000015258789
2024-02-29,461.3999,469.3999,461.3999,462.397,36729.0,-0.0036847098439132253,13.399999618530273
2024-03-01,467.3999,467.3999,457.7,463.9496,134818.0,0.003357720746458126,13.109999656677246
2024-03-04,465.6,467.2,459.3,463.4579,119330.0,-0.0010598133935237897,13.489999771118164
2024-03-05,459.0,466.2,453.8,462.0462,47031.0,-0.00304601561436324,14.460000038146973
2024-03-06,451.1001,459.0,451.1001,454.4217,39618.0,-0.01650159659358741,14.5
2024-03-07,451.3999,465.8,451.3999,463.3243,83652.0,0.019591053860324115,14.4399995803833
2024-03-08,463.0,469.0,460.8,464.4543,12322.0,0.0024388964705714944,14.739999771118164
2024-03-11,467.3999,467.3999,458.1966,458.2,138449.0,-0.013465910424340977,15.220000267028809
2024-03-12,464.7,464.7,455.0,459.786,114217.0,0.003461370580532641,13.84000015258789
2024-03-13,460.6,472.1001,455.7,471.1058,52954.0,0.024619714388867786,13.75
2024-03-14,477.7,483.3,468.3,483.3,47461.0,0.02588420690214388,14.399999618530273
2024-03-15,486.2,486.2,474.0,477.1511,47843.0,-0.012722739499275826,14.40999984741211
2024-03-18,471.1001,482.9,471.1001,480.8,59665.0,0.007647263099676449,14.329999923706055
2024-03-19,480.8999,482.2482,473.2,482.2,97438.0,0.002911813643926786,13.819999694824219
2024-03-20,503.6001,522.0,500.0,501.4,84144.0,0.03981750311074239,13.039999961853027
2024-03-21,506.3999,526.0,506.3999,524.1074,94032.0,0.04528799361787006,12.920000076293945
2024-03-22,523.0,530.8,522.2,526.5354,38675.0,0.004632638272231926,13.0600004196167
2024-03-25,536.4001,536.4001,521.4,524.7055,42744.0,-0.003475359871339956,13.1899995803833
2024-03-26,532.2,538.0,522.8,533.7199,52646.0,0.017179922832903483,13.239999771118164
2024-03-27,534.4,540.8,530.4001,533.4,84667.0,-0.0005993780632876922,12.779999732971191
2024-03-28,532.0,548.4001,532.0,540.1189,60923.0,0.012596362954630846,13.010000228881836
2024-04-02,536.8,557.0,529.6,534.8,74234.0,-0.009847646508944763,14.609999656677246
2024-04-03,537.8,547.2,532.2,545.6185,93850.0,0.0202290575916233,14.329999923706055
2024-04-04,545.0,554.0,540.4001,552.4,90868.0,0.012429014045528097,16.350000381469727
2024-04-05,536.8,552.6001,536.8,546.6,25631.0,-0.010499637943519158,16.030000686645508
2024-04-08,550.0,559.2,541.8,556.3271,128013.0,0.017795645810464666,15.1899995803833
2024-04-09,561.2,561.2,541.6,541.8054,39260.0,-0.026102808940998923,14.979999542236328
2024-04-10,541.4001,550.6001,530.6,536.7843,64141.0,-0.009267349494855415,15.800000190734863
2024-04-11,532.0,545.8,528.6001,540.1428,61544.0,0.006256703111473083,14.90999984741211
2024-04-12,547.6001,547.6001,531.0,534.892,17966.0,-0.009721133004086946,17.309999465942383
2024-04-15,538.4001,540.0,528.4001,536.3224,7690.0,0.0026741846952280657,19.229999542236328
2024-04-16,522.6001,537.0,513.4001,524.9382,34481.0,-0.021226411576320436,18.399999618530273
2024-04-17,529.0,529.0,519.6,522.3951,21360.0,-0.004844570275129745,18.209999084472656
2024-04-18,513.2,524.8,505.2,510.2765,43697.0,-0.02319815021235838,18.0
2024-04-19,495.1001,514.8,495.1001,502.8,52502.0,-0.014651860314946918,18.709999084472656
2024-04-22,511.8,511.8,497.8999,507.2886,62345.0,0.008927207637231538,16.940000534057617
2024-04-23,502.8,528.4001,502.8,523.568,47028.0,0.03209100303062207,15.6899995803833
2024-04-24,531.0,531.0,520.4001,526.4,36510.0,0.005409039513492031,15.970000267028809
2024-04-25,522.8,523.0,510.8153,515.353,54330.0,-0.02098594224924022,15.369999885559082
2024-04-26,522.4001,527.8528,511.0,524.8364,14478.0,0.018401755689789523,15.029999732971191
2024-04-29,528.0,528.6001,521.0,524.0381,935.0,-0.0015210454152951858,14.670000076293945
2024-04-30,530.8,530.8,505.2,515.6,14666.0,-0.016102073494274505,15.649999618530273
2024-05-01,510.4,510.4,510.4,510.4,167.0,-0.010085337470907785,15.390000343322754
2024-05-02,515.8,520.8,508.8,517.0167,57750.0,0.012963753918495469,14.680000305175781
2024-05-03,521.6001,524.0,509.8,520.8571,126159.0,0.0074279999079331915,13.489999771118164
2024-05-07,520.0,522.6,518.4,520.2,181282.0,-0.0012615744318353883,13.229999542236328
2024-05-08,526.0,529.6,522.0,526.4,23101.0,0.011918492887350807,13.0
2024-05-10,533.4,533.4,526.6,529.344,16098.0,0.005592705167173362,12.550000190734863
2024-05-13,520.2,531.0,515.2,518.1931,50558.0,-0.021065507496070834,13.600000381469727
2024-05-14,518.8,518.8,500.2,508.5905,305526.0,-0.01853092987922833,13.420000076293945
2024-05-15,513.6001,532.4,501.3999,530.2615,72727.0,0.04260991898197064,12.449999809265137
2024-05-16,536.2,536.2,525.8,529.4167,59752.0,-0.0015931761970272573,12.420000076293945
2024-05-17,529.0,531.8,525.0,531.0,38569.0,0.0029906498982747998,11.989999771118164
2024-05-21,531.2,531.2,507.8,514.0,177481.0,-0.032015065913371,11.859999656677246
2024-05-22,510.8,514.8,502.8,510.6,23976.0,-0.006614785992217875,12.289999961853027
2024-05-23,505.3999,515.4001,505.3999,512.0,79601.0,0.0027418723070895545,12.770000457763672
2024-05-24,515.2,516.8,505.2,515.0,2524.0,0.005859375,11.930000305175781
2024-05-28,509.0,514.0,494.0,513.4,33965.0,-0.003106796116504884,12.920000076293945
2024-05-29,497.5,497.5,480.0,482.0488,31862.0,-0.061065835605765395,14.279999732971191
2024-05-30,484.3999,494.8,476.3,481.0,98319.0,-0.0021757133302686693,14.470000267028809
2024-05-31,491.3,491.3,480.7,482.0,21569.0,0.0020790020790020236,12.920000076293945
2024-06-03,485.3,496.6001,483.2,484.8,216295.0,0.0058091286307053736,13.109999656677246
2024-06-04,487.2,498.3,483.1,485.5,266291.0,0.0014438943894388157,13.15999984741211
2024-06-05,496.6001,498.2,489.3,495.38,122533.0,0.020350154479917615,12.630000114440918
2024-06-06,494.7,508.2,494.7,505.7154,12567.0,0.020863579474342808,12.579999923706055
2024-06-07,502.2,510.2,500.2,506.9167,11948.0,0.002375446743365872,12.220000267028809
2024-06-10,492.3999,504.2,492.3999,499.1,1851.0,-0.015420087758008294,12.739999771118164
2024-06-11,502.6,505.2,492.0,496.8,79831.0,-0.004608294930875556,12.850000381469727
2024-06-12,498.1001,498.1001,473.8999,485.4911,27128.0,-0.022763486312399328,12.039999961853027
2024-06-13,484.1,487.8,479.4,485.0059,59625.0,-0.0009994004009549196,11.9399995803833
2024-06-14,483.2,486.6,479.2,484.0433,4305.0,-0.0019847181240475464,12.65999984741211
2024-06-17,482.0,485.0,471.3,473.7,110263.0,-0.021368542855566885,12.75
2024-06-18,474.2,480.8,474.2,476.8209,80028.0,0.006588347055098254,12.300000190734863
2024-06-19,477.7,481.3,471.6,473.0266,15813.0,-0.007957495151743599,
2024-06-20,476.8999,480.6,469.6001,477.7,3495.0,0.00987978265915701,13.279999732971191
2024-06-21,476.3999,482.3999,473.5,478.8,14803.0,0.0023027004396065642,13.199999809265137
2024-06-24,482.2,487.3,473.6,481.2,3920.0,0.005012531328320691,13.329999923706055
2024-06-25,490.0,490.0,479.7,483.0,26480.0,0.0037406483790523026,12.84000015258789
2024-06-26,486.1,494.3,483.7,489.2143,2072.0,0.012866045548654226,12.550000190734863
2024-06-27,482.5,488.3,482.5,484.9286,79084.0,-0.008760373521379039,12.239999771118164
2024-06-28,483.5,493.1,483.5,490.35,3397.0,0.011179790179420168,12.4399995803833
2024-07-01,493.9,495.9,486.6001,490.4111,16516.0,0.0001246048740695116,12.220000267028809
2024-07-02,486.5,491.3999,479.0,482.9833,9874.0,-0.015146068268030666,12.029999732971191
2024-07-03,483.0,504.0,483.0,497.3628,3436.0,0.029772250924617882,12.09000015258789
2024-07-04,502.0,504.0,495.1001,501.1897,11236.0,0.00769438325504046,
2024-07-05,495.3,506.2,495.3,503.7067,1921.0,0.005022050532961897,12.479999542236328
2024-07-08,504.4,506.8,499.5,504.2467,25916.0,0.0010720524463938563,12.369999885559082
2024-07-09,499.3,518.6001,499.3,512.0818,9159.0,0.015538227617553302,12.510000228881836
2024-07-10,501.6001,510.4,501.6001,507.1083,5244.0,-0.00971231549334517,12.850000381469727
2024-07-11,507.3999,522.6,507.3999,517.817,4044.0,0.021117185421733353,12.920000076293945
2024-07-12,520.4,525.4001,513.8,519.675,2293.0,0.0035881402116964,12.460000038146973
2024-07-15,521.4001,521.4001,515.0,518.8953,2402.0,-0.0015003608024244386,13.119999885559082
2024-07-16,519.6001,519.6001,510.3999,513.1744,6827.0,-0.011025152858389786,13.1899995803833
2024-07-17,517.0,521.2,508.0,512.7478,3251.0,-0.0008312963390223471,14.479999542236328
2024-07-18,518.0,528.6,505.8,523.9424,20755.0,0.021832565639481993,15.930000305175781
2024-07-19,505.8,515.4,501.8,505.6941,6178.0,-0.034828828512447174,16.520000457763672
2024-07-22,511.2,515.8,510.6,513.2,20126.0,0.014842767594085204,14.90999984741211
2024-07-23,514.0,526.4,512.0,519.725,57630.0,0.012714341387373373,14.720000267028809
2024-07-24,519.8,522.8,514.4,518.6193,9015.0,-0.002127471258838942,18.040000915527344
2024-07-25,554.2,576.0,550.0,557.8389,19139.0,0.07562310156987984,18.459999084472656
2024-07-26,560.0,582.0,559.0,578.8421,82511.0,0.037651013581161186,16.389999389648438
2024-07-29,584.8,588.8,569.8,575.7354,9888.0,-0.005367094065894529,16.600000381469727
2024-07-30,575.6,582.8,575.6,579.1647,4943.0,0.005956382046335973,17.690000534057617
2024-07-31,576.0,589.0,574.6,578.8,10463.0,-0.0006296999799885183,16.360000610351562
2024-08-02,558.0,574.8,554.0,564.4174,9667.0,-0.024848997926744887,23.389999389648438
2024-08-05,539.6,548.6,528.4001,531.125,10265.0,-0.05898542461660472,38.56999969482422
2024-08-06,553.2,555.0,542.0,546.6366,14044.0,0.02920517768886799,27.709999084472656
2024-08-07,555.0,564.2,551.4,561.8,19301.0,0.02773945249915566,27.850000381469727
2024-08-08,556.0,559.2,546.8,550.1475,2928.0,-0.020741367034531666,23.790000915527344
2024-08-09,557.6,560.0,550.2,555.6,89237.0,0.009910978419423788,20.3700008392334
2024-08-12,555.0,555.6,545.0,550.1982,48152.0,-0.009722462203023752,20.709999084472656
2024-08-13,551.0,551.0,543.0,548.6854,52071.0,-0.0027495546150461125,18.1200008392334
2024-08-14,552.0,552.2,547.4,551.1619,93248.0,0.004513515395160761,16.190000534057617
2024-08-15,551.4,553.4,548.8,552.1067,17795.0,0.0017141968630272064,15.229999542236328
2024-08-16,553.4,554.2,547.4,549.8,179447.0,-0.004177996753163993,14.800000190734863
2024-08-19,551.0,553.6,548.4,550.1822,86914.0,0.0006951618770463242,14.649999618530273
2024-08-20,555.6,567.4,555.0,564.6,77090.0,0.02620550065051197,15.880000114440918
2024-08-21,554.0,558.4,551.0,556.006,55068.0,-0.015221395678356453,16.270000457763672
2024-08-22,558.6,564.4,556.8,559.6,309963.0,0.006463959022025012,17.549999237060547
2024-08-23,561.2,561.6,554.0,561.6,5582.0,0.0035739814152966343,15.859999656677246
2024-08-27,554.6,556.4,549.0,552.55,1389.0,-0.016114672364672455,15.430000305175781
2024-08-28,551.8,560.6,550.0,555.7667,89014.0,0.005821554610442536,17.110000610351562
2024-08-29,555.0,558.6,553.2,556.1314,6888.0,0.0006562106005991719,15.649999618530273
2024-08-30,552.8,555.8,551.0,554.28,33755.0,-0.003329069353034231,15.0
2024-09-02,558.8,558.8,546.8,549.8222,1176.0,-0.008042505592841254,
2024-09-03,547.6,547.6,542.4,545.0076,8300.0,-0.008756648967611635,20.719999313354492
2024-09-04,533.4,542.4,532.8,539.0,3033.0,-0.011022965551306108,21.31999969482422
2024-09-05,539.4,541.0,531.2,536.1111,9277.0,-0.0053597402597402866,19.899999618530273
2024-09-06,530.8,546.2,529.6001,537.8889,2791.0,0.0033161036956705914,22.3799991607666
2024-09-09,539.4,545.6,538.2,542.68,44658.0,0.0089072297271795,19.450000762939453
2024-09-10,547.6,558.0,544.0,549.8546,9858.0,0.013220682538512607,19.079999923706055
2024-09-11,548.2,548.4,540.0,541.6,8251.0,-0.015012332351134194,17.690000534057617
2024-09-12,549.0,550.0,540.0,542.8273,41853.0,0.00226606351550962,17.06999969482422
2024-09-13,542.8273,556.4,542.8273,551.6258,40527.0,0.01620865420733253,16.559999465942383
2024-09-16,552.0,556.4,550.8,553.9789,1656.0,0.0042657540673405325,17.139999389648438
2024-09-17,552.4,552.6001,539.4,545.7316,8126.0,-0.014887390115399746,17.610000610351562
2024-09-18,529.2,536.0,521.0,533.7333,13654.0,-0.02198571605529165,18.229999542236328
2024-09-19,539.2,547.2,539.2,543.475,4227.0,0.018251999641019312,16.329999923706055
2024-09-20,537.8,540.0,525.0,530.9,4897.0,-0.023138138828833088,16.149999618530273
2024-09-23,529.6,538.0,529.6,535.7857,26195.0,0.009202674703334024,15.890000343322754
2024-09-24,538.6,538.6,530.0,532.2,1355.0,-0.006692414523194579,15.390000343322754
2024-09-25,531.6,538.4,531.2,533.7857,6335.0,0.0029795189778278885,15.40999984741211
2024-09-26,540.0,541.8,531.6,538.9368,3402.0,0.009650127382580642,15.369999885559082
2024-09-27,540.0,540.0,528.8,536.039,8389.0,-0.005376882781060743,16.959999084472656
2024-09-30,535.0,539.6,534.2,536.7333,3332.0,0.0012952415775717707,16.729999542236328
2024-10-01,536.0,546.2,532.4,543.3963,4915.0,0.012413986611227612,19.260000228881836
2024-10-02,536.8,537.2,528.6,533.78,6397.0,-0.01769666079802168,18.899999618530273
2024-10-03,531.4,534.6,525.8,530.4,21680.0,-0.006332196785192368,20.489999771118164
2024-10-04,531.4,533.4,524.4,527.9857,4530.0,-0.004551847662141784,19.209999084472656
2024-10-07,526.2,528.0,521.2,524.4933,7875.0,-0.006614573084081532,22.639999389648438
2024-10-08,521.8,528.6,521.2,525.3538,11011.0,0.0016406310623986453,21.420000076293945
2024-10-09,536.0,538.4,528.8,533.8963,4951.0,0.016260470562885487,20.860000610351562
2024-10-10,530.6,530.8,519.8,523.575,3957.0,-0.019332031332676358,20.93000030517578
2024-10-11,522.2,531.8,521.4,526.8307,6138.0,0.006218211335529578,20.459999084472656
2024-10-14,526.2,540.8,525.0,534.1667,3538.0,0.01392477697294403,19.700000762939453
2024-10-15,544.2,548.6,537.4,542.0065,26425.0,0.014676691751844384,20.639999389648438
2024-10-16,533.4,541.6,530.2,536.3294,155132.0,-0.010474228630099502,19.579999923706055
2024-10-17,541.0,553.0,535.4,546.5886,39583.0,0.019128543018525734,19.110000610351562
2024-10-18,549.4,555.6,547.8,551.9784,2336.0,0.009860798414017324,18.030000686645508
2024-10-21,551.4,553.2,540.8,544.8294,3910.0,-0.012951593758016577,18.3700008392334
2024-10-22,545.0,547.2,538.8,542.2743,7753.0,-0.004689724893700564,18.200000762939453
2024-10-23,538.6,545.4,537.2,541.7241,6785.0,-0.0010146156659093242,19.239999771118164
2024-10-24,547.0,566.0,544.4,556.4767,6579.0,0.02723268172857729,19.079999923706055
2024-10-25,555.2,557.0,553.4,555.0,3143.0,-0.002653660072380437,20.329999923706055
2024-10-28,559.4,559.4,549.0,557.8,2219.0,0.0050450450450449935,19.799999237060547
2024-10-29,552.0,552.0,542.4,545.825,4231.0,-0.021468268196486062,19.34000015258789
2024-10-30,540.0,542.0,534.2,534.5406,3820.0,-0.020674025557642084,20.350000381469727
2024-10-31,535.8,538.4,531.8,534.0706,7745.0,-0.0008792596857938317,23.15999984741211
2024-11-01,533.0,550.2,533.0,544.0809,3960.0,0.01874340208953651,21.8799991607666
2024-11-04,546.0,550.8,541.8,545.2966,3014.0,0.0022344103606650734,21.979999542236328
2024-11-05,540.6,546.6,540.0,543.0952,6287.0,-0.0040370690006136245,20.489999771118164
2024-11-06,553.0,553.8,537.2,547.6895,12804.0,0.008459474508336617,16.270000457763672
2024-11-07,537.0,551.0,530.8,544.6595,6647.0,-0.005532331731756712,15.199999809265137
2024-11-08,547.8,551.8,542.4,548.3,9114.0,0.006683992476033129,14.9399995803833
2024-11-11,554.2,558.2,550.8,555.4316,4113.0,0.013006748130585555,14.970000267028809
2024-11-12,555.6,568.8,551.0,559.808,8642.0,0.007879278024512715,14.710000038146973
2024-11-13,556.2,558.0,548.2,554.7667,7858.0,-0.009005408997370457,14.020000457763672
2024-11-14,553.0,561.4,552.8,557.0848,15508.0,0.004178513238087156,14.3100004196167
2024-11-15,547.0,549.4,511.2,529.6979,16735.0,-0.049161097197410464,16.139999389648438
2024-11-18,518.0,522.2,505.8,511.9352,20100.0,-0.03353364247809931,15.579999923706055
2024-11-19,509.8,515.4,506.2,510.4,3243.0,-0.002998817037781376,16.350000381469727
2024-11-20,522.0,523.4,515.0,517.0,2415.0,0.012931034482758674,17.15999984741211
2024-11-21,517.0,523.0,510.6,514.2,14136.0,-0.005415860735009548,16.8700008392334
2024-11-22,522.4,528.0,521.4,526.227,8289.0,0.023389731621936916,15.239999771118164
2024-11-25,523.2,532.0,522.2,528.4957,4768.0,0.004311257309108196,14.600000381469727
2024-11-26,525.0,533.2,524.2,529.5809,1852.0,0.0020533752687108553,14.100000381469727
2024-11-27,535.0,537.6,510.0,533.0,4950.0,0.0064562373756302804,14.100000381469727
2024-11-28,519.8,529.0,508.8,518.4,8580.0,-0.02739212007504699,
2024-11-29,520.0,526.4,518.4,522.2333,2068.0,0.007394483024691478,13.510000228881836
2024-12-02,525.0,528.8,522.8,528.8,1699.0,0.012574265179949196,13.34000015258789
2024-12-03,535.0,535.0,516.6,523.064,2435.0,-0.010847201210287372,13.300000190734863
2024-12-04,523.8,528.4,520.4,523.9545,70003.0,0.0017024685315756294,13.449999809265137
2024-12-05,528.0,529.4,518.6,522.58,5326.0,-0.002623319391283019,13.539999961853027
2024-12-06,520.0,523.2,514.8,519.0774,34371.0,-0.006702514447548769,12.770000457763672
2024-12-09,512.4,523.2,509.4,517.256,22250.0,-0.003508917937864453,14.1899995803833
2024-12-10,516.0,529.0,515.2,525.56,5565.0,0.016053946208453684,14.180000305175781
2024-12-11,521.2,526.0,517.4,521.52,12267.0,-0.007687038587411488,13.579999923706055
2024-12-12,553.6,562.4,544.0,554.5103,85805.0,0.0632579766835406,13.920000076293945
2024-12-13,543.2,544.8,532.8,540.0,47887.0,-0.026167773619353962,13.8100004196167
2024-12-16,537.0,548.2,536.0,536.7696,5261.0,-0.005982222222222333,14.6899995803833
2024-12-17,542.0,545.0,534.6,541.8,7337.0,0.009371618660967362,15.869999885559082
2024-12-18,540.4,543.8,538.0,540.5379,321699.0,-0.002329457364340981,27.6200008392334
2024-12-19,534.4,536.2,525.6,530.48,12916.0,-0.018607205896200796,24.09000015258789
2024-12-20,522.0,531.0,517.8,527.2185,71406.0,-0.006148205398884166,18.360000610351562
2024-12-23,523.7,535.3,523.7,531.88,21119.0,0.008841685183657244,16.780000686645508
2024-12-27,534.2,540.0,534.2,537.29,10522.0,0.010171467248251354,15.949999809265137
2024-12-30,537.0,537.0,530.0,535.8,5423.0,-0.002773176496863927,17.399999618530273
2025-01-03,536.8,538.4,532.6,536.4469,3068.0,0.001207353490108476,16.1299991607666
2025-01-06,540.0,542.4,535.8,540.4808,1551.0,0.00751966317635544,16.040000915527344
2025-01-07,540.8,558.6,539.4,539.8,29597.0,-0.0012596192131155703,17.81999969482422
2025-01-08,553.6,559.0,551.8,556.9333,10727.0,0.03174008892182312,17.700000762939453
2025-01-09,559.6,562.4,556.4,556.8,9139.0,-0.00023934643520162613,
2025-01-10,554.8,558.6,551.4,553.0667,22341.0,-0.006704920977011475,19.540000915527344
2025-01-13,550.6,550.6,540.8,544.881,16980.0,-0.01480056564606036,19.190000534057617
2025-01-14,547.8,549.4,537.0,537.4,159517.0,-0.013729603344583508,18.709999084472656
2025-01-15,533.6,544.6,533.0,543.412,36295.0,0.01118719761816167,16.1200008392334
2025-01-16,548.7,548.7,540.4,543.6091,8024.0,0.0003627082213863986,16.600000381469727
2025-01-17,548.2,556.4,547.8,554.194,4422.0,0.019471528346379774,15.970000267028809
2025-01-20,553.8,563.2,551.8,559.2897,22554.0,0.0091947946026123,
2025-01-21,561.6,570.4,561.6,567.1035,63650.0,0.01397093491977408,15.0600004196167
2025-01-22,572.2,582.0,570.2,580.4508,6806.0,0.02353591540168587,15.100000381469727
2025-01-23,581.8,588.0,580.2,585.7125,6153.0,0.009064850974449534,15.020000457763672
2025-01-24,586.8,591.0,582.3,587.1385,6227.0,0.0024346415690292833,14.850000381469727
2025-01-27,585.8,591.1,577.4,588.7375,32226.0,0.0027233778742152825,17.899999618530273
2025-01-28,593.8,604.2,590.8,599.0,32770.0,0.0174313679695961,16.40999984741211
2025-01-29,588.2,592.6,567.2,577.8517,28789.0,-0.03530601001669442,16.559999465942383
2025-01-30,589.2,599.6,587.0,590.5046,66024.0,0.021896448517846334,15.84000015258789
2025-01-31,590.0,590.6,579.8,582.291,32864.0,-0.013909459807764257,16.43000030517578
2025-02-03,572.0,598.8,570.2,595.5948,15155.0,0.022847339216989226,18.6200008392334
2025-02-04,597.2,612.6,595.4,599.2,49347.0,0.00605310858993402,17.209999084472656
2025-02-05,606.6,613.6,603.2,605.6,11277.0,0.010680907877169465,15.770000457763672
2025-02-06,615.6,615.8,608.2,613.0,16430.0,0.012219286657859874,15.5
2025-02-07,607.2,612.6,603.8,603.8,6189.0,-0.01500815660685162,16.540000915527344
2025-02-10,602.4,610.0,602.4,605.2,4715.0,0.00231864855912578,15.8100004196167
2025-02-11,605.0,611.2,603.6,607.6,6259.0,0.00396563119629878,16.020000457763672
2025-02-12,597.8,603.4,583.0,598.6333,38999.0,-0.014757570770243644,15.890000343322754
2025-02-13,598.0,599.8,588.8,594.2242,6365.0,-0.007365276873170901,15.100000381469727
2025-02-14,605.0,605.0,591.9,595.4,17225.0,0.0019787144313543337,14.770000457763672
2025-02-17,595.4,605.6,595.4,601.8,1890.0,0.010749076251259648,
2025-02-18,601.0,602.6,585.0,601.8,10678.0,0.0,15.350000381469727
2025-02-19,587.4,588.8,578.4,582.8818,12667.0,-0.03143602525756062,15.270000457763672
2025-02-20,576.6,585.2,574.2,584.2,11211.0,0.002261521975810643,15.65999984741211
2025-02-21,584.2,587.4,580.4,583.981,16884.0,-0.0003748716193084922,18.209999084472656
2025-02-24,585.0,590.4,580.8,586.2667,79812.0,0.003913997201963726,18.979999542236328
2025-02-25,582.4,586.2,577.8,582.3286,24883.0,-0.006717250016076259,19.43000030517578
2025-02-26,582.0,582.6,575.0,577.7029,4938.0,-0.007943453232419073,19.100000381469727
2025-02-27,571.2,574.2,568.4,571.5659,7521.0,-0.010623107483102356,21.1299991607666
2025-02-28,565.0,571.4,563.0,567.5032,243299.0,-0.007108016765870806,19.6299991607666
2025-03-03,572.6,578.8,567.2,574.6424,5325.0,0.012580017169947055,22.780000686645508
2025-03-04,574.8,581.0,570.6,575.8125,7742.0,0.002036222875304805,23.510000228881836
2025-03-05,577.8,580.4,573.4,576.8054,17255.0,0.0017243460327796,21.93000030517578
2025-03-06,578.0,578.0,565.6,569.8579,4447.0,-0.012044790149329354,24.8700008392334
2025-03-07,569.0,569.4,559.0,563.893,2712.0,-0.010467346333182248,23.3700008392334
2025-03-10,566.2,567.0,535.0,551.3065,88702.0,-0.02232072396713558,27.860000610351562
2025-03-11,543.8,544.2,534.0,537.4857,9397.0,-0.02506917658326191,26.920000076293945
2025-03-12,535.2,549.0,535.0,537.0,10302.0,-0.0009036519483215377,24.229999542236328
2025-03-13,536.4,544.4,536.4,539.9509,304184.0,0.005495158286778379,24.65999984741211
2025-03-14,541.8,552.2,539.6,545.2304,5986.0,0.00977774090199679,21.770000457763672
2025-03-17,548.6,563.4,548.6,561.8095,335045.0,0.030407512126983338,20.510000228881836
2025-03-18,562.4,564.8,559.0,561.2,130255.0,-0.0010848873150061111,21.700000762939453
2025-03-19,565.8,574.6001,551.2,564.0,91148.0,0.0049893086243761875,19.899999618530273
2025-03-20,568.0,572.0,563.0,568.2,7283.0,0.007446808510638281,19.799999237060547
2025-03-21,565.0,568.4,557.0,566.2,27701.0,-0.0035198873636043126,19.280000686645508
2025-03-24,570.6,572.6,565.4,568.2,22761.0,0.0035323207347226493,17.479999542236328
2025-03-25,569.0,575.0,567.8,570.6,10384.0,0.004223864836325086,17.149999618530273
2025-03-26,568.6,570.0,559.0,560.2,117399.0,-0.01822642832106547,18.329999923706055
2025-03-27,557.2,561.0,553.6,559.0,4634.0,-0.002142092109960858,18.690000534057617
2025-03-28,557.2,564.8,556.4,560.6,10679.0,0.002862254025044697,21.649999618530273
2025-03-31,554.8,558.0,542.2,544.2,14213.0,-0.029254370317516876,22.280000686645508
2025-04-01,546.8,547.0,537.8,541.3338,13125.0,-0.005266813671444437,21.770000457763672
2025-04-02,540.0,540.8,526.0,532.0,18240.0,-0.017242226515321923,21.510000228881836
2025-04-03,525.0,537.0,524.8,533.2592,13503.0,0.0023669172932330174,30.020000457763672
2025-04-04,531.8,538.4,503.0,517.866,42879.0,-0.028866262410474963,45.310001373291016
2025-04-07,479.6,511.8,468.1,477.7875,19363.0,-0.07739164185329783,46.97999954223633
2025-04-08,496.6,527.2,495.8,509.6581,19279.0,0.0667045496167229,52.33000183105469
2025-04-09,518.0,521.2,497.5,507.3118,16070.0,-0.004603674502573374,33.619998931884766
2025-04-10,560.6,569.4,520.8,530.6133,19171.0,0.04593131876688061,40.720001220703125
2025-04-11,524.8,526.4,508.2,520.8,19879.0,-0.018494259378722733,37.560001373291016
2025-04-14,539.0,539.4,525.6,530.6829,62380.0,0.018976382488479437,30.889999389648438
2025-04-15,531.8,543.2,530.2,533.8,10887.0,0.005873752480059169,30.1200008392334
2025-04-16,536.6,544.2,536.0,541.4805,11307.0,0.014388347695766246,32.63999938964844
2025-04-17,540.0,542.4,533.2,535.7,10359.0,-0.010675361347269097,29.649999618530273
2025-04-22,540.6,549.2,536.0,542.0,80798.0,0.011760313608362827,30.56999969482422
2025-04-23,551.6,563.4,548.8,562.0,48616.0,0.03690036900368998,28.450000762939453
2025-04-24,563.8,568.8711,561.3,567.0,25499.0,0.008896797153024938,26.469999313354492
2025-04-25,569.8,578.4,567.6,574.0749,28144.0,0.01247777777777781,24.84000015258789
2025-04-28,574.8,582.6,574.4,578.9,23654.0,0.008405000810869812,25.149999618530273
2025-04-29,582.4,589.8,581.0,583.0,14901.0,0.007082397650716832,24.170000076293945
2025-04-30,589.2,595.4,581.2,588.3419,35959.0,0.00916277873070337,24.700000762939453
2025-05-02,521.6,578.0,288.3669,288.3669,830.0,-0.5098650971484437,22.68000030517578
2025-05-06,600.4,602.2,589.6,598.0,4619.0,1.0737470215895097,24.760000228881836
2025-05-07,583.4,588.0,572.4,579.1077,11079.0,-0.03159247491638795,23.549999237060547
2025-05-08,576.8,580.0,565.8,574.1875,8286.0,-0.00849617437309158,22.479999542236328
2025-05-09,572.0,594.8,571.4,583.9231,21903.0,0.016955437030586662,21.899999618530273
2025-05-12,571.4,575.8,559.4,575.8,22331.0,-0.013911249614889432,18.389999389648438
2025-05-13,579.0,581.0,572.0,577.8,14414.0,0.003473428273706114,18.219999313354492
2025-05-14,573.8,575.4,567.0,572.0222,13857.0,-0.009999653859466884,18.6200008392334
2025-05-15,569.0,573.4,560.2,567.392,11314.0,-0.008094441089873672,17.829999923706055
2025-05-16,573.2,574.2,566.6,570.2632,14567.0,0.0050603462861653625,17.239999771118164
2025-05-19,575.6,578.0,573.2,575.4,4747.0,0.009007770447049701,18.139999389648438
2025-05-20,578.0,578.0,562.2,565.4182,6175.0,-0.017347584289190143,18.09000015258789
2025-05-21,564.2,568.0,562.0,563.9714,11948.0,-0.0025588139893620854,20.8700008392334
2025-05-22,560.2,563.0,556.2,559.375,14485.0,-0.008150058673188076,20.280000686645508
2025-05-23,563.0,567.4001,551.0,559.336,5647.0,-6.972067039101582e-05,22.290000915527344
2025-05-26,567.4,569.0,565.2,567.96,3651.0,0.015418281676845336,
2025-05-27,567.7,570.0,565.0,567.1,6387.0,-0.0015141911402212216,18.959999084472656
2025-05-28,568.4,568.4,559.0,561.6215,5138.0,-0.009660553694233909,19.309999465942383
2025-05-29,561.6215,561.6215,561.6215,561.6215,0.0,0.0,19.18000030517578
2025-05-30,560.0,574.3,558.0,569.6417,8782.0,0.014280436201249413,18.56999969482422
2025-06-02,569.2,572.0,564.8,568.9579,19262.0,-0.001200403692356078,18.360000610351562
2025-06-03,573.2,573.2,563.3,566.8526,28508.0,-0.003700273781241048,17.690000534057617
2025-06-04,565.0,565.0,559.0,562.6957,7990.0,-0.007333299697311224,17.610000610351562
2025-06-05,564.4,567.4,559.0,563.7177,5192.0,0.0018162569929005556,18.479999542236328
2025-06-06,562.2,573.4,559.8,567.0,11813.0,0.005822595245811746,16.770000457763672
2025-06-09,567.0,567.0,567.0,567.0,0.0,0.0,17.15999984741211
2025-06-10,573.2,578.4,572.0,575.8229,71245.0,0.015560670194003645,16.950000762939453
2025-06-11,575.0,581.8,575.0,577.9833,98357.0,0.003751848007434111,17.260000228881836
2025-06-12,574.6,585.4,573.8,580.2947,27381.0,0.00399907748199646,18.020000457763672
2025-06-13,576.8,582.0,568.8,575.1273,62621.0,-0.008904785792460346,20.81999969482422
2025-06-16,566.4,592.6,563.2,567.8,3839.0,-0.012740309840969188,19.110000610351562
2025-06-17,564.2,567.4,559.4,563.1924,7046.0,-0.0081148291651989,21.600000381469727
2025-06-18,557.6,564.4,557.6,561.7684,10238.0,-0.0025284432105262544,20.139999389648438
2025-06-19,554.6,561.3126,553.0,557.6364,5298.0,-0.007355344302029221,
2025-06-20,558.0,564.0,557.6,561.353,56848.0,0.006664916422242095,20.6200008392334
2025-06-23,559.6,578.6,553.4,560.2,10752.0,-0.002053966042757205,19.829999923706055
2025-06-24,571.4,575.1,567.4,571.56,6550.0,0.020278471974294776,17.479999542236328
2025-06-25,570.8,577.8,563.8,574.2891,12853.0,0.004774826789838427,16.760000228881836
2025-06-26,568.2,571.0,561.0,566.1467,7226.0,-0.014178224869669243,16.59000015258789
2025-06-27,567.4,573.6,566.6,569.98,11615.0,0.006770859920229189,16.31999969482422
2025-06-30,567.8,571.0,563.8,566.0,5222.0,-0.006982701147408732,16.729999542236328
2025-07-01,564.6,567.8,557.8,562.8333,11886.0,-0.0055948763250883715,16.829999923706055
2025-07-02,563.6,566.2,553.6,556.4,40454.0,-0.011430205000308336,16.639999389648438
2025-07-03,558.4,560.9,552.1,556.8,3384.0,0.0007189072609632419,16.3799991607666
2025-07-04,554.0,564.3,551.1,560.2,3947.0,0.006106321839080664,
2025-07-07,562.2,563.4,556.8,558.279,2581.0,-0.0034291324526956046,17.790000915527344
2025-07-08,558.8,558.8,549.8,555.8778,5994.0,-0.004301075268817289,16.809999465942383
2025-07-09,556.4,572.2946,555.4,562.0,40033.0,0.01101357168787831,15.9399995803833
2025-07-10,567.0,569.4,561.6,567.6,21640.0,0.009964412811388046,15.779999732971191
2025-07-11,566.0,566.2,562.0,563.7778,7501.0,-0.006733967582804867,16.399999618530273
2025-07-14,559.4,566.6,558.8,562.9376,8304.0,-0.0014903034493376488,17.200000762939453
2025-07-15,567.4,568.0,562.2,563.6,38294.0,0.0011766845916847402,17.3799991607666
2025-07-16,560.0,571.0,560.0,569.8,5551.0,0.01100070972320788,17.15999984741211
2025-07-17,572.8,572.8,567.8,570.0,6534.0,0.0003510003510003301,16.520000457763672
2025-07-18,572.8,575.4,565.8436,569.8,9294.0,-0.00035087719298254605,16.40999984741211
2025-07-21,568.8,570.6,560.0,570.4,17614.0,0.0010530010530009903,16.649999618530273
2025-07-22,559.2,560.4,551.4,555.7091,10650.0,-0.025755434782608555,16.5
2025-07-23,588.8,594.8,566.0,585.6182,29147.0,0.05382150481249992,15.369999885559082
2025-07-24,579.0,581.0,558.4,568.2737,11199.0,-0.029617419677189116,15.390000343322754
2025-07-25,569.2,576.2,565.4,570.472,6525.0,0.003868382436139628,14.930000305175781
2025-07-28,570.4,573.8,563.4,568.4,10839.0,-0.003632080102090929,15.029999732971191
2025-07-29,569.0,585.8,566.9,577.3298,32992.0,0.015710415200562933,15.979999542236328
2025-07-30,580.0,582.0,573.8,577.008,7404.0,-0.0005573937115318506,15.479999542236328
2025-07-31,580.6,584.2,572.0,578.4625,8523.0,0.002520762277125943,16.719999313354492
2025-08-01,578.4625,578.4625,578.4625,578.4625,0.0,0.0,20.3799991607666
2025-08-04,558.0,568.0,557.4,563.2867,13272.0,-0.026234717030058086,17.520000457763672
2025-08-05,567.4,568.0,556.0,561.0296,11504.0,-0.00400701809575843,17.850000381469727
2025-08-06,557.6,557.8,543.6,548.3969,88466.0,-0.022516993755766213,16.770000457763672
2025-08-07,541.2,550.4,541.2,546.5211,15320.0,-0.0034205153238464625,16.56999969482422
2025-08-08,550.8,554.0,543.6,547.1111,12144.0,0.0010795557573164416,15.149999618530273
2025-08-11,544.6,546.0,539.0,542.4766,11617.0,-0.008470857198839554,16.25
2025-08-12,543.8,547.0,539.6,542.6813,112352.0,0.00037734346513751404,14.729999542236328
2025-08-13,546.8,551.0,546.57,548.8,112378.0,0.01127494166465648,14.489999771118164
2025-08-14,550.2,552.6,549.6,550.7818,11015.0,0.0036111516034986746,14.829999923706055
2025-08-15,552.8,555.4,551.6,553.6706,1122.0,0.005244908237708845,15.09000015258789
2025-08-18,556.0,556.0,552.4,554.8,21880.0,0.002039841017384525,14.989999771118164
2025-08-19,554.4,560.4,554.2,556.6968,5237.0,0.0034188896899784993,15.569999694824219
2025-08-20,559.7,574.6,556.6,569.7256,36386.0,0.02340376305378422,15.6899995803833
2025-08-21,572.8,572.8,565.8,569.5409,22426.0,-0.0003241911544785703,16.600000381469727
2025-08-22,565.4,571.6,563.2,569.2286,12699.0,-0.0005483363881328973,14.220000267028809
2025-08-25,566.2,574.6,566.2,571.4645,5436.0,0.003927947401096921,14.789999961853027
2025-08-26,568.8,580.6,566.0,574.7643,8747.0,0.005774286941708562,14.619999885559082
2025-08-27,578.6,579.4,571.0,574.4087,3843.0,-0.0006186883910501706,14.850000381469727
2025-08-28,571.4,573.6,567.8,569.5857,30178.0,-0.008396460568929398,14.430000305175781
2025-08-29,570.0,571.4,567.0,569.2769,60531.0,-0.000542148442280066,15.359999656677246
2025-09-01,570.8,574.2,568.0,571.0,11130.0,0.0030268222722544813,
2025-09-02,570.0,571.4316,562.6,563.5718,44009.0,-0.013009106830122463,17.170000076293945
2025-09-03,566.6,570.6,564.2,570.6,38705.0,0.012470815608587982,16.350000381469727
2025-09-04,570.4,586.4,569.4,578.7258,68278.0,0.014240799158780293,15.300000190734863
2025-09-05,578.2,581.0,576.2,578.1948,43955.0,-0.0009175329663894116,15.180000305175781
2025-09-08,571.6,575.0,568.2,570.6863,18579.0,-0.012986107796196023,15.109999656677246
2025-09-09,572.8,572.8,566.0,568.7415,44088.0,-0.003407826681663839,15.039999961853027
2025-09-10,568.2,568.4,556.4,556.6271,45737.0,-0.02130036229112864,15.350000381469727
2025-09-11,559.0,560.5,555.0,558.5114,47892.0,0.0033852106733573972,14.710000038146973
2025-09-12,557.6,560.6,546.4,547.0034,11729.0,-0.02060477189901566,14.760000228881836
2025-09-15,548.0,550.2,545.0,547.3096,39294.0,0.0005597771421530506,15.6899995803833
2025-09-16,548.6,551.6,546.3,548.7175,52069.0,0.0025724014342154433,16.360000610351562
2025-09-17,547.3,549.864,545.4,547.3647,11072.0,-0.0024653851936561333,15.720000267028809
2025-09-18,538.4,545.4,531.2,543.2535,92165.0,-0.007510897213503065,15.699999809265137
2025-09-19,545.4,545.8,540.2,542.3641,44245.0,-0.0016371730692945619,15.449999809265137
2025-09-22,543.4,546.6,540.4,542.3345,11229.0,-5.4575883617569154e-05,16.100000381469727
2025-09-23,542.6,543.0,534.0334,539.0,26958.0,-0.006148419471746713,16.639999389648438
2025-09-24,536.5,539.2,524.6,524.6,48562.0,-0.026716141001855265,16.18000030517578
2025-09-25,521.7,525.3,517.8964,524.7524,42338.0,0.0002905070529926057,16.739999771118164
2025-09-26,515.8,527.2,515.6,519.9901,46830.0,-0.009075327716462023,15.289999961853027
2025-09-29,523.8,525.0,519.8,524.1154,19683.0,0.00793342027088606,16.1200008392334
2025-09-30,521.4,529.7496,517.2,527.9728,12884.0,0.0073598295337247155,16.280000686645508
2025-10-01,538.0,540.2,527.0,530.4209,53047.0,0.004636791895340053,16.290000915527344
2025-10-02,538.6,548.2,534.6,543.868,146307.0,0.025351753673356514,16.6299991607666
2025-10-03,546.9,553.6,544.4,553.6,262141.0,0.017894047820427028,16.649999618530273
2025-10-06,554.4,560.2,550.4,553.6553,44729.0,9.989161849710548e-05,16.3700008392334
2025-10-07,552.2,554.6,537.6,541.5898,32331.0,-0.02179244016990367,17.239999771118164
2025-10-08,539.6,547.0,536.2,544.8,41153.0,0.005927364215500441,16.299999237060547
2025-10-09,542.9,545.1,540.0,543.0474,16436.0,-0.003216960352422804,16.43000030517578
2025-10-10,545.0,545.0,527.4,532.9429,18565.0,-0.018607031356747128,21.65999984741211
2025-10-13,527.0,530.8,524.4,529.5059,147400.0,-0.006449096141444066,19.030000686645508
2025-10-14,526.8,526.8,518.8,521.82,17788.0,-0.014515230141911473,20.809999465942383
2025-10-15,524.2,536.8537,523.4,526.5,64377.0,0.008968609865470656,20.639999389648438
2025-10-16,535.8,548.5289,533.8,548.5289,323042.0,0.04184026590693257,25.309999465942383
2025-10-17,545.2,554.6,542.8,553.6553,24163.0,0.009345724537029865,20.780000686645508
2025-10-20,555.1,579.2,550.2,553.0,47885.0,-0.001183588416836301,18.229999542236328
2025-10-21,552.2,558.9149,550.0,554.1083,69223.0,0.002004159132007244,17.8700008392334
2025-10-22,556.0,564.2,554.8,562.1721,63606.0,0.014552750788970448,18.600000381469727
2025-10-23,572.4,587.2,572.0,576.4413,65209.0,0.025382262833747893,17.299999237060547
2025-10-24,576.7,586.6,576.2,585.6193,24757.0,0.015921829334573978,16.3700008392334
2025-10-27,584.4,588.8,575.6,579.9222,168255.0,-0.00972833374856319,15.789999961853027
2025-10-28,578.0,578.6,569.4,570.2275,78443.0,-0.01671724241631034,16.420000076293945
2025-10-29,571.0,573.2,565.0,570.2,29633.0,-4.8226365792491954e-05,16.920000076293945
2025-10-30,564.7,565.8,553.0,564.8611,33984.0,-0.009363205892669368,16.90999984741211
2025-10-31,558.4,559.6,550.8,552.2552,20752.0,-0.02231681381493611,17.440000534057617
2025-11-03,556.0,556.0,538.6,539.1191,46143.0,-0.023786285760641013,17.170000076293945
2025-11-04,538.0,540.0,530.8,539.3329,26938.0,0.00039657285375338525,19.0
2025-11-05,538.2,538.5,529.71,536.8537,61852.0,-0.004596789849089511,18.010000228881836
2025-11-06,539.6,542.4,531.5787,533.3666,33645.0,-0.0064954381426449714,19.5
2025-11-07,536.4,536.4,527.8,530.4,14396.0,-0.0055620280684991474,19.079999923706055
2025-11-10,531.2,537.3,530.0,534.0,18250.0,0.006787330316742057,17.600000381469727
2025-11-11,543.4,554.2,538.8,552.828,18032.0,0.03525842696629211,17.280000686645508
2025-11-12,558.0,559.6,553.6,555.1025,73672.0,0.004114299565145085,17.510000228881836
2025-11-13,558.4,558.6,552.4,553.1454,113215.0,-0.0035256551717924856,20.0
2025-11-14,546.4,550.6,540.8,544.3317,2802.0,-0.015933785221751928,19.829999923706055
2025-11-17,543.8,548.0,538.2,540.7923,139132.0,-0.006502285279361808,22.3799991607666
2025-11-18,532.2,533.2,524.6,528.1028,17592.0,-0.023464646223698038,24.690000534057617
2025-11-19,531.2,533.8276,525.8,532.4532,55491.0,0.008237790066631057,23.65999984741211
2025-11-20,532.8,534.4,527.5182,530.0,27672.0,-0.004607353284758253,26.420000076293945
2025-11-21,525.2,536.2,525.0,534.2808,33436.0,0.008076981132075556,23.43000030517578
2025-11-24,537.0,540.2,529.0,534.8,55254.0,0.0009717736441210434,20.520000457763672
2025-11-25,536.0,539.6,523.6,538.6921,3430.0,0.007277673896783909,18.559999465942383
2025-11-26,542.0,543.6,537.2,541.0258,100437.0,0.00433215931698272,17.190000534057617
2025-11-27,540.8,547.6,537.4,545.3734,7306.0,0.008035845979988299,
2025-11-28,544.3,551.2,542.2,549.2831,48130.0,0.007168849819224832,16.350000381469727
2025-12-01,553.8,564.6,553.8,555.089,32969.0,0.01056995927965021,17.239999771118164
2025-12-02,553.2,555.0,547.4,554.0833,8929.0,-0.0018117815341324173,16.59000015258789
2025-12-03,552.8,555.6,548.6,550.42,27226.0,-0.006611460767722233,16.079999923706055
2025-12-04,553.2,557.2,547.4,550.2625,39085.0,-0.0002861451255403713,15.779999732971191
2025-12-05,550.0,550.8,543.0,547.6881,13209.0,-0.004678494354967144,15.40999984741211
2025-12-08,547.6,550.4,543.2,548.5176,6922.0,0.0015145481524978521,16.65999984741211
2025-12-09,546.0,552.8,540.0,541.6811,15786.0,-0.012463592781708388,16.93000030517578
2025-12-10,538.0,541.4,533.8,538.199,11641.0,-0.0064283210176615535,15.770000457763672
2025-12-11,537.4,537.4,522.4,525.8752,85743.0,-0.022898221661504348,14.850000381469727
2025-12-12,525.8,525.8,514.8,516.636,34450.0,-0.017569187518255203,15.739999771118164
