timestamp,Open,High,Low,Close,Volume,Return,VIX,Symbol,Company
2014-04-15,234.0,234.0,234.0,234.0,65.0,,15.609999656677246,0QOQ.LON,0QOQ.LON
2014-04-25,238.2,238.2,238.2,238.2,7.0,0.017948717948717885,14.0600004196167,0QOQ.LON,0QOQ.LON
2014-05-20,228.0,228.0,228.0,228.0,70.0,-0.04282115869017633,12.960000038146973,0QOQ.LON,0QOQ.LON
2014-06-26,247.0,247.0,247.0,247.0,1.0,0.08333333333333326,11.630000114440918,0QOQ.LON,0QOQ.LON
2014-06-30,243.0,243.0,242.4,242.4,254.0,-0.018623481781376516,11.569999694824219,0QOQ.LON,0QOQ.LON
2014-07-08,249.524,249.524,249.524,249.524,61.0,0.029389438943894453,11.979999542236328,0QOQ.LON,0QOQ.LON
2014-07-22,237.529,237.529,237.529,237.529,1580.0,-0.048071528189673196,12.239999771118164,0QOQ.LON,0QOQ.LON
2014-07-25,231.5,231.5,231.5,231.5,33.0,-0.025382163862096796,12.6899995803833,0QOQ.LON,0QOQ.LON
2014-07-28,230.0,230.0,230.0,230.0,10.0,-0.006479481641468721,12.5600004196167,0QOQ.LON,0QOQ.LON
2014-08-04,221.269,221.269,221.269,221.269,192.0,-0.03796086956521738,15.119999885559082,0QOQ.LON,0QOQ.LON
2014-08-08,219.875,219.875,219.875,219.875,44.0,-0.006300023952745315,15.770000457763672,0QOQ.LON,0QOQ.LON
2014-08-19,230.0,230.0,230.0,230.0,20.0,0.046048891415577,12.210000038146973,0QOQ.LON,0QOQ.LON
2014-08-27,237.25,237.25,237.25,237.25,33.0,0.03152173913043477,11.779999732971191,0QOQ.LON,0QOQ.LON
2014-09-05,239.5,239.5,239.5,239.5,8.0,0.0094836670179137,12.09000015258789,0QOQ.LON,0QOQ.LON
2014-09-16,253.75,253.75,253.75,253.75,15.0,0.05949895615866385,12.729999542236328,0QOQ.LON,0QOQ.LON
2014-10-14,234.65,234.65,234.65,234.65,131.0,-0.07527093596059109,22.790000915527344,0QOQ.LON,0QOQ.LON
2014-11-11,259.75,259.75,259.75,259.75,44.0,0.10696782441934793,12.920000076293945,0QOQ.LON,0QOQ.LON
2015-03-10,290.9297,290.9297,290.9297,290.9297,79.0,0.12003734359961515,16.690000534057617,0QOQ.LON,0QOQ.LON
2015-03-17,297.25,297.25,297.25,297.25,602.0,0.02172449220550532,15.65999984741211,0QOQ.LON,0QOQ.LON
2015-03-23,305.0,305.0,305.0,305.0,100.0,0.026072329688814122,13.40999984741211,0QOQ.LON,0QOQ.LON
2015-04-13,299.75,299.75,299.75,299.75,42.0,-0.01721311475409837,13.9399995803833,0QOQ.LON,0QOQ.LON
2015-04-29,302.75,302.75,302.75,302.75,7.0,0.010008340283569561,13.390000343322754,0QOQ.LON,0QOQ.LON
2015-05-11,298.25,298.25,298.25,298.25,40.0,-0.014863748967795187,13.850000381469727,0QOQ.LON,0QOQ.LON
2015-05-18,289.5,289.5,289.5,289.5,20000.0,-0.029337803855825628,12.729999542236328,0QOQ.LON,0QOQ.LON
2015-06-11,294.75,294.75,294.75,294.75,2.0,0.0181347150259068,12.850000381469727,0QOQ.LON,0QOQ.LON
2015-07-03,281.5,281.5,281.5,281.5,26.0,-0.04495335029686176,,0QOQ.LON,0QOQ.LON
2015-07-17,315.75,315.75,315.75,315.75,2501.0,0.12166962699822381,11.949999809265137,0QOQ.LON,0QOQ.LON
2015-08-11,327.9926,327.9926,327.9926,327.9926,104.0,0.03877307996832924,13.710000038146973,0QOQ.LON,0QOQ.LON
2015-08-12,325.5439,325.5439,325.5439,325.5439,135.0,-0.007465717214351741,13.609999656677246,0QOQ.LON,0QOQ.LON
2015-08-20,310.843,310.843,310.843,310.843,3163.0,-0.04515796487048285,19.139999389648438,0QOQ.LON,0QOQ.LON
2015-10-07,335.75,340.75,335.75,340.75,2042.0,0.09621255746470081,18.399999618530273,0QOQ.LON,0QOQ.LON
2015-10-22,334.25,334.25,334.25,334.25,1045.0,-0.019075568598679427,14.449999809265137,0QOQ.LON,0QOQ.LON
2015-10-26,352.75,352.75,352.75,352.75,6.0,0.05534779356768893,15.289999961853027,0QOQ.LON,0QOQ.LON
2015-11-03,361.25,361.25,361.25,361.25,12.0,0.024096385542168752,14.539999961853027,0QOQ.LON,0QOQ.LON
2015-12-03,374.75,374.75,374.75,374.75,20.0,0.03737024221453278,18.110000610351562,0QOQ.LON,0QOQ.LON
2016-01-07,345.5,345.5,345.5,345.5,7.0,-0.07805203468979316,24.989999771118164,0QOQ.LON,0QOQ.LON
2016-01-12,340.0,340.0,340.0,340.0,26.0,-0.01591895803183796,22.469999313354492,0QOQ.LON,0QOQ.LON
2016-01-19,362.0,362.0,362.0,362.0,6.0,0.06470588235294117,26.049999237060547,0QOQ.LON,0QOQ.LON
2016-01-20,357.75,357.75,357.75,357.75,3.0,-0.011740331491712719,27.59000015258789,0QOQ.LON,0QOQ.LON
2016-02-02,367.75,367.75,367.75,367.75,10.0,0.02795248078266943,21.979999542236328,0QOQ.LON,0QOQ.LON
2016-02-09,333.5,333.5,333.5,333.5,20.0,-0.0931339225016995,26.540000915527344,0QOQ.LON,0QOQ.LON
2016-03-23,394.75,394.75,394.75,394.75,7.0,0.18365817091454262,14.9399995803833,0QOQ.LON,0QOQ.LON
2016-03-31,388.25,388.25,388.25,388.25,10.0,-0.01646611779607343,13.949999809265137,0QOQ.LON,0QOQ.LON
2016-04-05,386.3443,386.3443,386.3443,386.3443,151.0,-0.004908435286542279,15.420000076293945,0QOQ.LON,0QOQ.LON
2016-05-06,392.5,392.5,392.5,392.5,5.0,0.015933197409668143,14.720000267028809,0QOQ.LON,0QOQ.LON
2016-05-20,404.255,404.255,404.255,404.255,25000.0,0.02994904458598735,15.199999809265137,0QOQ.LON,0QOQ.LON
2016-06-09,413.0,413.0,413.0,413.0,5.0,0.021632385499251727,14.640000343322754,0QOQ.LON,0QOQ.LON
2016-06-13,407.25,407.25,407.25,407.25,2.0,-0.013922518159806274,20.969999313354492,0QOQ.LON,0QOQ.LON
2016-06-14,407.0,407.0,407.0,407.0,2.0,-0.0006138735420503361,20.5,0QOQ.LON,0QOQ.LON
2016-06-28,401.25,401.25,401.25,401.25,10.0,-0.014127764127764175,18.75,0QOQ.LON,0QOQ.LON
2016-07-06,409.75,409.75,409.75,409.75,9.0,0.021183800623052917,14.960000038146973,0QOQ.LON,0QOQ.LON
2016-07-14,444.75,444.75,444.75,444.75,6.0,0.08541793776693107,12.819999694824219,0QOQ.LON,0QOQ.LON
2016-07-22,440.75,440.75,440.75,440.75,10.0,-0.008993816750983652,12.020000457763672,0QOQ.LON,0QOQ.LON
2016-07-28,443.5386,443.5386,443.5386,443.5386,386.0,0.006326942711287531,12.720000267028809,0QOQ.LON,0QOQ.LON
2016-08-04,447.5,447.5,447.5,447.5,30.0,0.00893135343800977,12.420000076293945,0QOQ.LON,0QOQ.LON
2016-08-05,446.0,446.0,446.0,446.0,2.0,-0.003351955307262622,11.390000343322754,0QOQ.LON,0QOQ.LON
2016-08-16,453.25,453.25,453.25,453.25,1.0,0.016255605381165994,12.640000343322754,0QOQ.LON,0QOQ.LON
2016-08-17,450.75,450.75,450.75,450.75,3.0,-0.00551571980143406,12.1899995803833,0QOQ.LON,0QOQ.LON
2016-08-18,445.3291,445.3291,445.3291,445.3291,31.0,-0.012026400443704954,11.430000305175781,0QOQ.LON,0QOQ.LON
2016-08-19,439.5,439.5,439.5,439.5,10.0,-0.013089420835063259,11.34000015258789,0QOQ.LON,0QOQ.LON
2016-08-22,446.75,446.75,444.9544,444.9544,580.0,0.012410466439135348,12.270000457763672,0QOQ.LON,0QOQ.LON
2016-08-26,442.75,442.75,442.75,442.75,1.0,-0.004954215533097384,13.649999618530273,0QOQ.LON,0QOQ.LON
2016-08-30,450.5,450.5,450.5,450.5,4.0,0.017504234895539206,13.119999885559082,0QOQ.LON,0QOQ.LON
2016-08-31,452.25,452.25,452.25,452.25,1.0,0.0038845726970033745,13.420000076293945,0QOQ.LON,0QOQ.LON
2016-09-06,459.5885,459.5885,459.5885,459.5885,28.0,0.016226644555002778,12.020000457763672,0QOQ.LON,0QOQ.LON
2016-09-20,491.0,491.0,491.0,491.0,15.0,0.06834701042345492,15.920000076293945,0QOQ.LON,0QOQ.LON
2016-10-10,496.25,496.25,496.25,496.25,2.0,0.010692464358452058,13.380000114440918,0QOQ.LON,0QOQ.LON
2016-10-11,497.5,497.5,497.5,497.5,10.0,0.0025188916876575096,15.359999656677246,0QOQ.LON,0QOQ.LON
2016-10-14,493.0,493.0,493.0,493.0,1542.0,-0.009045226130653283,16.1200008392334,0QOQ.LON,0QOQ.LON
2016-10-21,498.5,498.5,498.5,498.5,10.0,0.011156186612576002,13.34000015258789,0QOQ.LON,0QOQ.LON
2016-11-04,489.5,489.5,489.5,489.5,80.0,-0.01805416248746239,22.510000228881836,0QOQ.LON,0QOQ.LON
2016-11-08,499.75,499.75,499.75,499.75,3.0,0.02093973442288055,18.739999771118164,0QOQ.LON,0QOQ.LON
2016-11-09,500.9054,500.9054,500.9054,500.9054,600.0,0.0023119559779889443,14.380000114440918,0QOQ.LON,0QOQ.LON
2016-11-11,492.25,492.25,492.25,492.25,10.0,-0.017279510262816045,14.170000076293945,0QOQ.LON,0QOQ.LON
2016-11-15,488.0,488.0,488.0,488.0,10.0,-0.008633824276282343,13.369999885559082,0QOQ.LON,0QOQ.LON
2016-11-22,496.25,496.25,496.25,496.25,10.0,0.01690573770491799,12.40999984741211,0QOQ.LON,0QOQ.LON
2016-11-24,491.5,491.5,491.5,491.5,24.0,-0.009571788413098248,,0QOQ.LON,0QOQ.LON
2016-11-30,495.2086,495.2086,495.2086,495.2086,84.0,0.00754547304170905,13.329999923706055,0QOQ.LON,0QOQ.LON
2016-12-08,472.1337,472.1337,472.1337,472.1337,1522.0,-0.046596323246405724,12.640000343322754,0QOQ.LON,0QOQ.LON
2016-12-22,474.0,474.0,474.0,474.0,398500.0,0.003952905712936827,11.430000305175781,0QOQ.LON,0QOQ.LON
2016-12-28,479.0,479.0,479.0,479.0,15.0,0.010548523206751037,12.949999809265137,0QOQ.LON,0QOQ.LON
2017-01-09,480.25,486.5,480.25,486.5,7.0,0.01565762004175375,11.5600004196167,0QOQ.LON,0QOQ.LON
2017-01-11,487.75,487.75,487.75,487.75,9.0,0.002569373072970116,11.260000228881836,0QOQ.LON,0QOQ.LON
2017-01-16,496.25,496.4184,496.25,496.4184,184.0,0.017772219374679654,,0QOQ.LON,0QOQ.LON
2017-01-17,495.25,495.25,495.25,495.25,2.0,-0.002353659735416791,11.869999885559082,0QOQ.LON,0QOQ.LON
2017-01-19,499.6491,499.6491,499.6491,499.6491,194.0,0.008882584553255857,12.779999732971191,0QOQ.LON,0QOQ.LON
2017-01-25,498.5,498.5,498.5,498.5,75.0,-0.002299814009471768,10.8100004196167,0QOQ.LON,0QOQ.LON
2017-01-26,500.0,500.0,500.0,500.0,15.0,0.0030090270812437314,10.630000114440918,0QOQ.LON,0QOQ.LON
2017-02-01,498.9871,499.75,498.9871,498.9871,92.0,-0.0020257999999999665,11.8100004196167,0QOQ.LON,0QOQ.LON
2017-02-02,504.5,504.5,504.5,504.5,4.0,0.011048181405892032,11.930000305175781,0QOQ.LON,0QOQ.LON
2017-02-03,503.5,503.5,503.5,503.5,8.0,-0.001982160555004997,10.970000267028809,0QOQ.LON,0QOQ.LON
2017-02-07,513.0,513.0,513.0,513.0,23.0,0.018867924528301883,11.289999961853027,0QOQ.LON,0QOQ.LON
2017-02-10,518.0,518.0,518.0,518.0,24.0,0.00974658869395717,10.850000381469727,0QOQ.LON,0QOQ.LON
2017-02-22,527.0,527.0,527.0,527.0,20.0,0.01737451737451745,11.739999771118164,0QOQ.LON,0QOQ.LON
2017-03-02,528.5,528.5,528.0,528.0,62.0,0.00189753320683117,11.8100004196167,0QOQ.LON,0QOQ.LON
2017-03-03,527.0,527.0,527.0,527.0,2.0,-0.0018939393939394478,10.960000038146973,0QOQ.LON,0QOQ.LON
2017-03-10,529.5,529.5,529.5,529.5,2.0,0.004743833017077703,11.65999984741211,0QOQ.LON,0QOQ.LON
2017-03-13,529.5,529.5,529.5,529.5,25.0,0.0,11.350000381469727,0QOQ.LON,0QOQ.LON
2017-03-16,534.5,534.5,534.5,534.5,17.0,0.009442870632672351,11.210000038146973,0QOQ.LON,0QOQ.LON
2017-03-17,534.2089,534.2089,534.2089,534.2089,1640.0,-0.0005446211412535318,11.279999732971191,0QOQ.LON,0QOQ.LON
2017-03-21,555.0,555.0,554.5,554.5,146.0,0.03798345553584004,12.470000267028809,0QOQ.LON,0QOQ.LON
2017-03-28,537.5,537.5,537.5,537.5,2.0,-0.030658250676284915,11.529999732971191,0QOQ.LON,0QOQ.LON
2017-04-04,543.0,543.0,543.0,543.0,39.0,0.01023255813953483,11.789999961853027,0QOQ.LON,0QOQ.LON
2017-04-07,559.8043,559.8043,559.8043,559.8043,1486.0,0.03094714548802946,12.869999885559082,0QOQ.LON,0QOQ.LON
2017-04-10,560.0,560.0,560.0,560.0,13.0,0.00034958645369465025,14.050000190734863,0QOQ.LON,0QOQ.LON
2017-04-20,570.0,570.0,570.0,570.0,5.0,0.017857142857142794,14.149999618530273,0QOQ.LON,0QOQ.LON
2017-04-25,584.5,587.5,584.5,587.5,21.0,0.030701754385964897,10.760000228881836,0QOQ.LON,0QOQ.LON
2017-04-28,599.0,599.0,599.0,599.0,21.0,0.019574468085106433,10.819999694824219,0QOQ.LON,0QOQ.LON
2017-05-02,608.9138,608.9138,608.9138,608.9138,3.0,0.016550584307178706,10.59000015258789,0QOQ.LON,0QOQ.LON
2017-05-04,612.0,612.0,612.0,612.0,5.0,0.005068369283139917,10.460000038146973,0QOQ.LON,0QOQ.LON
2017-05-05,612.6379,612.6394,612.6379,612.6394,1086.0,0.0010447712418300004,10.569999694824219,0QOQ.LON,0QOQ.LON
2017-05-10,623.5,623.5,623.5,623.5,1681.0,0.017727557189433085,10.210000038146973,0QOQ.LON,0QOQ.LON
2017-05-11,620.0,620.0,618.0,618.0,1696.0,-0.008821170809943824,10.600000381469727,0QOQ.LON,0QOQ.LON
2017-05-15,608.5,608.5,608.5,608.5,1802.0,-0.0153721682847896,10.420000076293945,0QOQ.LON,0QOQ.LON
2017-06-06,599.5,599.5,599.5,599.5,7.0,-0.014790468364831555,10.449999809265137,0QOQ.LON,0QOQ.LON
2017-06-07,593.525,593.525,593.525,593.525,55.0,-0.009966638865721467,10.390000343322754,0QOQ.LON,0QOQ.LON
2017-06-12,594.975,594.975,594.475,594.475,12.0,0.0016006065456384277,11.460000038146973,0QOQ.LON,0QOQ.LON
2017-06-13,597.0,597.0,597.0,597.0,4.0,0.004247445224778046,10.420000076293945,0QOQ.LON,0QOQ.LON
2017-08-29,619.0,621.0,611.0,612.9142,4827.0,0.02665695142378577,11.699999809265137,0QOQ.LON,0QOQ.LON
2017-08-30,616.0,621.5,615.5,615.5,1787.0,0.004218861302283328,11.220000267028809,0QOQ.LON,0QOQ.LON
2017-08-31,621.5,625.25,620.4752,622.0,7235.0,0.010560519902518273,10.59000015258789,0QOQ.LON,0QOQ.LON
2017-09-01,627.0,627.0625,624.3075,626.14,5310.0,0.006655948553054625,10.130000114440918,0QOQ.LON,0QOQ.LON
2017-09-04,622.0,622.0,620.0,620.9956,972.0,-0.008216053917654231,,0QOQ.LON,0QOQ.LON
2017-09-05,621.5,623.5,618.4319,619.4324,11285.0,-0.0025172481093262977,12.229999542236328,0QOQ.LON,0QOQ.LON
2017-09-06,614.0,617.0,610.5,611.6939,3653.0,-0.012492888650965095,11.630000114440918,0QOQ.LON,0QOQ.LON
2017-09-07,611.0,615.5,610.5,610.5244,6316.0,-0.0019119039768092927,11.550000190734863,0QOQ.LON,0QOQ.LON
2017-09-08,614.0,616.5,610.0,614.5,6134.0,0.006511779054203304,12.119999885559082,0QOQ.LON,0QOQ.LON
2017-09-11,617.5,630.0,614.5676,625.1123,4609.0,0.017269812855980504,10.729999542236328,0QOQ.LON,0QOQ.LON
2017-09-12,664.5,677.0244,655.5,655.9156,4036.0,0.04927642601177418,10.579999923706055,0QOQ.LON,0QOQ.LON
2017-09-13,651.5,654.0,644.25,649.0965,10216.0,-0.010396307085850709,10.5,0QOQ.LON,0QOQ.LON
2017-09-14,656.5,657.5,654.0,656.0,5462.0,0.010635552648951219,10.4399995803833,0QOQ.LON,0QOQ.LON
2017-09-15,661.25,661.25,652.5,657.3411,8696.0,0.0020443597560975135,10.170000076293945,0QOQ.LON,0QOQ.LON
2017-09-18,655.0,658.0,655.0,657.0723,12466.0,-0.0004089201177287505,10.149999618530273,0QOQ.LON,0QOQ.LON
2017-09-19,657.0,663.6275,655.5,662.8342,3999.0,0.008769050224762154,10.180000305175781,0QOQ.LON,0QOQ.LON
2017-09-20,660.0,662.9375,657.0,661.9272,4405.0,-0.0013683663275070312,9.779999732971191,0QOQ.LON,0QOQ.LON
2017-09-21,663.9375,664.5,656.0,657.5723,7541.0,-0.006579122296228257,9.670000076293945,0QOQ.LON,0QOQ.LON
2017-09-22,657.4375,664.5,654.5375,658.217,3192.0,0.0009804245099740427,9.59000015258789,0QOQ.LON,0QOQ.LON
2017-09-25,657.75,659.0,656.0,656.7654,1265.0,-0.002205351730508287,10.210000038146973,0QOQ.LON,0QOQ.LON
2017-09-26,654.5,654.8406,645.0,649.1675,1965.0,-0.011568666680674689,10.170000076293945,0QOQ.LON,0QOQ.LON
2017-09-27,645.0,645.5,642.5625,643.9705,5106.0,-0.008005637990195158,9.869999885559082,0QOQ.LON,0QOQ.LON
2017-09-28,643.0,646.0,639.9375,645.5777,1687.0,0.0024957664986207106,9.550000190734863,0QOQ.LON,0QOQ.LON
2017-09-29,649.0,657.0723,647.8019,653.887,2924.0,0.01287110753670695,9.510000228881836,0QOQ.LON,0QOQ.LON
2017-10-02,653.5,656.0,651.5,655.0721,1598.0,0.0018123926611173236,9.449999809265137,0QOQ.LON,0QOQ.LON
2017-10-03,655.0,656.0,652.5,655.5,2336.0,0.0006532105397254462,9.510000228881836,0QOQ.LON,0QOQ.LON
2017-10-04,655.5,658.0,654.4375,656.519,1550.0,0.0015545385202135886,9.630000114440918,0QOQ.LON,0QOQ.LON
2017-10-05,657.0,661.5,654.9709,661.0727,10761.0,0.006936128276561648,9.1899995803833,0QOQ.LON,0QOQ.LON
2017-10-06,660.5,663.9356,658.0,658.0724,10051.0,-0.004538532600121048,9.649999618530273,0QOQ.LON,0QOQ.LON
2017-10-09,658.4932,663.3979,657.0055,660.065,5771.0,0.0030279343123948976,10.329999923706055,0QOQ.LON,0QOQ.LON
2017-10-10,663.5,667.5,660.0,664.0,6377.0,0.005961534091339482,10.079999923706055,0QOQ.LON,0QOQ.LON
2017-10-11,667.5,669.0,663.0,666.1899,6809.0,0.0032980421686745753,9.850000381469727,0QOQ.LON,0QOQ.LON
2017-10-12,666.5,669.9375,662.0,669.4394,6366.0,0.004877738314555735,9.90999984741211,0QOQ.LON,0QOQ.LON
2017-10-13,669.25,671.0,667.9375,669.3158,7413.0,-0.00018463209664687508,9.609999656677246,0QOQ.LON,0QOQ.LON
2017-10-16,671.5,673.8067,666.0,671.9261,8726.0,0.00389995275772681,9.90999984741211,0QOQ.LON,0QOQ.LON
2017-10-17,670.0,673.0,666.9375,669.1003,10214.0,-0.004205522006065943,10.3100004196167,0QOQ.LON,0QOQ.LON
2017-10-18,671.5,674.0,669.0,669.5736,2378.0,0.0007073677892539543,10.069999694824219,0QOQ.LON,0QOQ.LON
2017-10-19,670.5,672.4636,667.0,669.3302,11925.0,-0.000363514929501485,10.050000190734863,0QOQ.LON,0QOQ.LON
2017-10-20,672.0,675.0,670.0,671.0738,2540.0,0.00260499227436628,9.970000267028809,0QOQ.LON,0QOQ.LON
2017-10-23,670.0,672.96,670.0,671.5,2421.0,0.0006351015342873634,11.069999694824219,0QOQ.LON,0QOQ.LON
2017-10-24,673.0,673.0,661.5,663.1812,12910.0,-0.012388384214445325,11.15999984741211,0QOQ.LON,0QOQ.LON
2017-10-25,660.125,668.9375,659.0,666.0,9521.0,0.004250422056596204,11.229999542236328,0QOQ.LON,0QOQ.LON
2017-10-26,667.5,672.5,664.0,668.2233,6716.0,0.0033382882882881937,11.300000190734863,0QOQ.LON,0QOQ.LON
2017-10-27,674.5,674.5,668.5,671.6667,3710.0,0.00515306784423708,9.800000190734863,0QOQ.LON,0QOQ.LON
2017-10-30,668.25,668.25,665.123,666.3598,4413.0,-0.007901091419300732,10.5,0QOQ.LON,0QOQ.LON
2017-10-31,665.5,671.2388,664.1612,671.0738,3749.0,0.0070742562801657805,10.180000305175781,0QOQ.LON,0QOQ.LON
2017-11-01,672.5,675.5,667.2215,672.0764,12546.0,0.001494023459118754,10.199999809265137,0QOQ.LON,0QOQ.LON
2017-11-02,674.0,674.0,670.0,670.69,2173.0,-0.0020628607104786756,9.930000305175781,0QOQ.LON,0QOQ.LON
2017-11-03,674.0625,678.4375,671.9463,676.9255,7320.0,0.009297141749541549,9.140000343322754,0QOQ.LON,0QOQ.LON
2017-11-06,680.5,680.5,674.0,677.4592,20099.0,0.0007884176323686987,9.399999618530273,0QOQ.LON,0QOQ.LON
2017-11-07,673.0,680.3878,673.0,675.0,14986.0,-0.003630034103898838,9.890000343322754,0QOQ.LON,0QOQ.LON
2017-11-08,674.5,675.9866,667.5,669.5,27639.0,-0.008148148148148127,9.779999732971191,0QOQ.LON,0QOQ.LON
2017-11-09,671.5,674.0,657.0,662.918,29373.0,-0.00983121732636294,10.5,0QOQ.LON,0QOQ.LON
2017-11-10,656.0,662.7998,654.5,659.0,12153.0,-0.005910233241517071,11.289999961853027,0QOQ.LON,0QOQ.LON
2017-11-13,656.5,660.5964,650.9284,651.0,1100.0,-0.012139605462822445,11.5,0QOQ.LON,0QOQ.LON
2017-11-14,662.0,662.0,651.5,656.0,3295.0,0.007680491551459223,11.59000015258789,0QOQ.LON,0QOQ.LON
2017-11-15,649.75,656.0,649.0,652.4282,770.0,-0.0054448170731707934,13.130000114440918,0QOQ.LON,0QOQ.LON
2017-11-16,651.0625,661.75,651.0,659.3391,3796.0,0.010592583214520834,11.760000228881836,0QOQ.LON,0QOQ.LON
2017-11-17,658.5,662.75,655.25,655.27,2525.0,-0.0061714829288905815,11.430000305175781,0QOQ.LON,0QOQ.LON
2017-11-20,656.0,667.945,655.5,666.57,133.0,0.017244799853495696,10.649999618530273,0QOQ.LON,0QOQ.LON
2017-11-21,667.5625,671.0,665.0,670.5,192.0,0.005895854898960273,9.729999542236328,0QOQ.LON,0QOQ.LON
2017-11-22,671.0,671.0,667.0,668.1975,148.0,-0.0034340044742728892,9.880000114440918,0QOQ.LON,0QOQ.LON
2017-11-23,665.0,670.48,665.0,670.48,33.0,0.0034159062253300565,,0QOQ.LON,0QOQ.LON
2017-11-24,672.5,672.75,669.5,670.93,299.0,0.0006711609593126333,9.670000076293945,0QOQ.LON,0QOQ.LON
2017-11-27,673.25,673.25,666.0,670.2701,400.0,-0.0009835601329497567,9.869999885559082,0QOQ.LON,0QOQ.LON
2017-11-28,669.0,674.0,668.5,673.53,247.0,0.004863561719372633,10.029999732971191,0QOQ.LON,0QOQ.LON
2017-11-29,672.25,673.75,670.0,671.8007,165.0,-0.00256751740828165,10.699999809265137,0QOQ.LON,0QOQ.LON
2017-11-30,664.5,676.0,658.75,671.5197,1218.0,-0.00041827881393996513,11.279999732971191,0QOQ.LON,0QOQ.LON
2017-12-01,675.0,675.0,667.0,667.4266,398.0,-0.00609527911094776,11.430000305175781,0QOQ.LON,0QOQ.LON
2017-12-04,672.5,673.75,668.0,669.235,351.0,0.0027095114279234167,11.680000305175781,0QOQ.LON,0QOQ.LON
2017-12-05,669.5,670.0,665.25,668.0,399.0,-0.0018453906325879288,11.329999923706055,0QOQ.LON,0QOQ.LON
2017-12-06,663.0,667.0,662.5,664.5,345.0,-0.0052395209580838875,11.020000457763672,0QOQ.LON,0QOQ.LON
2017-12-07,669.0,669.75,666.5,668.4353,105.0,0.005922197140707297,10.15999984741211,0QOQ.LON,0QOQ.LON
2017-12-08,668.625,673.0,668.625,670.0671,584.0,0.002441223555967209,9.579999923706055,0QOQ.LON,0QOQ.LON
2017-12-11,672.0,672.0,662.9086,664.77,660.0,-0.007905327690316377,9.34000015258789,0QOQ.LON,0QOQ.LON
2017-12-12,666.0,666.0,661.5,663.4637,300.0,-0.001965040540337193,9.920000076293945,0QOQ.LON,0QOQ.LON
2017-12-13,662.5,670.0,660.5,661.5825,373.0,-0.0028354226463331855,10.180000305175781,0QOQ.LON,0QOQ.LON
2017-12-14,665.0,670.0457,663.5,664.77,445.0,0.004817993220800121,10.489999771118164,0QOQ.LON,0QOQ.LON
2017-12-15,667.0,670.0816,664.75,664.9125,212.0,0.00021435985378404077,9.420000076293945,0QOQ.LON,0QOQ.LON
2017-12-18,672.5,672.5,670.0,671.1345,306.0,0.009357622243528319,9.529999732971191,0QOQ.LON,0QOQ.LON
2017-12-19,672.5,672.5,666.25,669.7208,351.0,-0.0021064332112266104,10.029999732971191,0QOQ.LON,0QOQ.LON
2017-12-20,668.0625,670.75,663.0625,665.0,222.0,-0.007048907544756067,9.720000267028809,0QOQ.LON,0QOQ.LON
2017-12-21,664.025,669.0,664.025,669.0,562.0,0.006015037593984918,9.619999885559082,0QOQ.LON,0QOQ.LON
2017-12-22,665.75,667.0,664.75,667.0,36.0,-0.002989536621823663,9.899999618530273,0QOQ.LON,0QOQ.LON
2017-12-27,667.0,672.25,666.25,666.27,188.0,-0.001094452773613197,10.470000267028809,0QOQ.LON,0QOQ.LON
2017-12-28,672.5,673.5,669.5,669.5,173.0,0.00484788449127227,10.180000305175781,0QOQ.LON,0QOQ.LON
2017-12-29,670.0,670.0,667.0,669.25,47.0,-0.00037341299477222645,11.039999961853027,0QOQ.LON,0QOQ.LON
2018-01-02,668.0,668.0,668.0,668.0,413.0,-0.0018677624206201449,9.770000457763672,0QOQ.LON,0QOQ.LON
2018-01-03,674.025,677.0,666.0,667.0,85.0,-0.0014970059880239361,9.149999618530273,0QOQ.LON,0QOQ.LON
2018-01-04,670.5,676.0628,667.5,676.0628,1146.0,0.013587406296851734,9.220000267028809,0QOQ.LON,0QOQ.LON
2018-01-05,684.5,689.5,684.5,689.5,1415.0,0.01987566835506982,9.220000267028809,0QOQ.LON,0QOQ.LON
2018-01-08,689.5,689.5,685.0,685.8131,752.0,-0.005347208121827429,9.520000457763672,0QOQ.LON,0QOQ.LON
2018-01-09,687.5,690.5,686.475,690.5,179.0,0.006834077680930806,10.079999923706055,0QOQ.LON,0QOQ.LON
2018-01-10,689.5,689.5,689.475,689.475,54.0,-0.001484431571325051,9.819999694824219,0QOQ.LON,0QOQ.LON
2018-01-11,691.975,691.975,689.975,691.475,437.0,0.0029007578229811593,9.880000114440918,0QOQ.LON,0QOQ.LON
2018-01-12,701.5,701.5,701.5,701.5,13.0,0.014497993419863242,10.15999984741211,0QOQ.LON,0QOQ.LON
2018-01-15,714.5,714.5,714.5,714.5,31.0,0.018531717747683585,,0QOQ.LON,0QOQ.LON
2018-01-16,718.5,722.5,718.5,722.5,292.0,0.011196641007697794,11.65999984741211,0QOQ.LON,0QOQ.LON
2018-01-17,719.0,719.0,719.0,719.0,34.0,-0.0048442906574394096,11.90999984741211,0QOQ.LON,0QOQ.LON
2018-01-18,724.0,724.5,722.5,722.5,115.0,0.004867872044506338,12.220000267028809,0QOQ.LON,0QOQ.LON
2018-01-19,722.975,731.975,722.975,731.5,206.0,0.01245674740484426,11.270000457763672,0QOQ.LON,0QOQ.LON
2018-01-22,728.0,728.0,728.0,728.0,9.0,-0.004784688995215336,11.029999732971191,0QOQ.LON,0QOQ.LON
2018-01-23,728.25,728.25,721.025,721.525,5674.0,-0.008894230769230793,11.100000381469727,0QOQ.LON,0QOQ.LON
2018-01-24,728.25,729.975,728.25,729.975,2249.0,0.011711305914555936,11.470000267028809,0QOQ.LON,0QOQ.LON
2018-01-25,722.975,722.975,722.975,722.975,23.0,-0.009589369498955391,11.579999923706055,0QOQ.LON,0QOQ.LON
2018-01-26,723.0,728.975,722.975,726.975,163.0,0.005532694768145552,11.079999923706055,0QOQ.LON,0QOQ.LON
2018-01-29,729.475,729.475,725.475,727.0,1198.0,3.438907802877367e-05,13.84000015258789,0QOQ.LON,0QOQ.LON
2018-01-30,725.0,725.75,723.475,723.475,65.0,-0.004848693259972503,14.789999961853027,0QOQ.LON,0QOQ.LON
2018-01-31,725.0,725.975,725.0,725.975,53.0,0.003455544421023582,13.539999961853027,0QOQ.LON,0QOQ.LON
2018-02-01,725.5,726.75,722.0,722.0,248.0,-0.005475395158235474,13.470000267028809,0QOQ.LON,0QOQ.LON
2018-02-02,714.0,714.0,713.5,714.0,120.0,-0.011080332409972304,17.309999465942383,0QOQ.LON,0QOQ.LON
2018-02-05,700.75,700.75,700.75,700.75,30.0,-0.01855742296918772,37.31999969482422,0QOQ.LON,0QOQ.LON
2018-02-06,679.75,686.0,679.75,680.7221,1432.0,-0.028580663574741427,29.979999542236328,0QOQ.LON,0QOQ.LON
2018-02-07,696.75,699.975,687.25,699.975,345.0,0.02828305412737464,27.729999542236328,0QOQ.LON,0QOQ.LON
2018-02-08,701.25,701.25,680.0,680.0,438.0,-0.02853673345476626,33.459999084472656,0QOQ.LON,0QOQ.LON
2018-02-09,671.25,673.0,668.5,668.5,3.0,-0.016911764705882404,29.059999465942383,0QOQ.LON,0QOQ.LON
2018-02-12,677.0,677.0,676.75,677.0,2269.0,0.012715033657441976,25.610000610351562,0QOQ.LON,0QOQ.LON
2018-02-13,677.25,677.25,676.9,677.25,2033.0,0.00036927621861160276,24.969999313354492,0QOQ.LON,0QOQ.LON
2018-02-14,681.5,681.75,676.975,676.975,89.0,-0.00040605389442593953,19.260000228881836,0QOQ.LON,0QOQ.LON
2018-02-15,686.975,686.975,686.975,686.975,46.0,0.014771594224306739,19.1299991607666,0QOQ.LON,0QOQ.LON
2018-02-16,686.975,686.975,682.2,685.025,262.0,-0.002838531242039477,19.459999084472656,0QOQ.LON,0QOQ.LON
2018-02-19,687.975,687.975,679.9,679.9,319.0,-0.007481478778146755,,0QOQ.LON,0QOQ.LON
2018-02-20,680.55,688.1,680.55,684.15,393.0,0.006250919252831277,20.600000381469727,0QOQ.LON,0QOQ.LON
2018-02-21,684.25,696.25,684.25,696.25,727.0,0.017686179931301726,20.020000457763672,0QOQ.LON,0QOQ.LON
2018-02-22,690.25,691.0,689.0,691.0,57.0,-0.007540394973070019,18.719999313354492,0QOQ.LON,0QOQ.LON
2018-02-23,687.475,687.475,684.625,687.475,423.0,-0.0051013024602025725,16.489999771118164,0QOQ.LON,0QOQ.LON
2018-02-26,689.0,693.5,688.975,693.5,1819.0,0.008763955052911054,15.800000190734863,0QOQ.LON,0QOQ.LON
2018-02-27,696.0,696.0,687.95,692.0,2118.0,-0.00216294160057684,18.59000015258789,0QOQ.LON,0QOQ.LON
2018-02-28,686.5,687.0,685.525,687.0,2118.0,-0.007225433526011571,19.850000381469727,0QOQ.LON,0QOQ.LON
2018-03-01,678.75,683.75,672.5,675.25,1773.0,-0.017103347889374065,22.469999313354492,0QOQ.LON,0QOQ.LON
2018-03-05,668.0,670.475,663.5,670.475,4311.0,-0.007071455016660511,18.729999542236328,0QOQ.LON,0QOQ.LON
2018-03-06,673.5,673.5,672.0,673.5,2698.0,0.0045117267608785205,18.360000610351562,0QOQ.LON,0QOQ.LON
2018-03-07,668.0,673.9,667.475,671.6,8632.0,-0.0028210838901261415,17.760000228881836,0QOQ.LON,0QOQ.LON
2018-03-08,674.75,680.85,674.0,680.85,2262.0,0.013773079213817763,16.540000915527344,0QOQ.LON,0QOQ.LON
2018-03-09,685.975,685.975,684.975,685.0,1146.0,0.006095322023940586,14.640000343322754,0QOQ.LON,0QOQ.LON
2018-03-12,688.5,688.5,688.5,688.5,1051.0,0.005109489051094984,15.779999732971191,0QOQ.LON,0QOQ.LON
2018-03-13,687.5,687.5,687.5,687.5,2984.0,-0.001452432824981864,16.350000381469727,0QOQ.LON,0QOQ.LON
2018-03-14,684.0,685.975,585.127,685.0,15826.0,-0.0036363636363636598,17.229999542236328,0QOQ.LON,0QOQ.LON
2018-03-15,688.5,692.5,685.5,692.5,203.0,0.010948905109489093,16.59000015258789,0QOQ.LON,0QOQ.LON
2018-03-16,694.975,698.975,694.975,698.975,2101.0,0.009350180505415251,15.800000190734863,0QOQ.LON,0QOQ.LON
2018-03-19,701.75,708.5,701.75,707.35,1421.0,0.011981830537572957,19.020000457763672,0QOQ.LON,0QOQ.LON
2018-03-20,729.5,729.5,729.5,729.5,4537.0,0.03131405951791888,18.200000762939453,0QOQ.LON,0QOQ.LON
2018-03-21,733.5,736.0,733.5,735.5,1870.0,0.008224811514736086,17.860000610351562,0QOQ.LON,0QOQ.LON
2018-03-22,721.5,733.0,720.5,722.5,6096.0,-0.017675050985723972,23.34000015258789,0QOQ.LON,0QOQ.LON
2018-03-23,711.5,712.0,711.5,711.5,2737.0,-0.0152249134948097,24.8700008392334,0QOQ.LON,0QOQ.LON
2018-03-26,710.25,715.25,709.0,709.0,11420.0,-0.0035137034434293835,21.030000686645508,0QOQ.LON,0QOQ.LON
2018-03-27,719.5,719.5,708.0,708.0,2915.0,-0.0014104372355430161,22.5,0QOQ.LON,0QOQ.LON
2018-03-28,709.0,710.5,698.5,710.5,6262.0,0.003531073446327637,22.8700008392334,0QOQ.LON,0QOQ.LON
2018-03-29,710.0,710.0,706.5,710.0,9277.0,-0.0007037297677692234,19.969999313354492,0QOQ.LON,0QOQ.LON
2018-04-03,706.0,706.0,700.0,705.0,2223.0,-0.007042253521126751,21.100000381469727,0QOQ.LON,0QOQ.LON
2018-04-04,701.475,701.475,690.5,696.0,1571.0,-0.012765957446808529,20.059999465942383,0QOQ.LON,0QOQ.LON
2018-04-05,703.0,706.1675,703.0,706.1675,6325.0,0.014608477011494259,18.940000534057617,0QOQ.LON,0QOQ.LON
2018-04-06,705.975,705.975,702.5,702.5,5445.0,-0.005193527031476242,21.489999771118164,0QOQ.LON,0QOQ.LON
2018-04-09,703.5,706.0,702.5,704.5,1982.0,0.002846975088967918,21.770000457763672,0QOQ.LON,0QOQ.LON
2018-04-10,702.5,711.45,702.5,710.5,970.0,0.008516678495386731,20.469999313354492,0QOQ.LON,0QOQ.LON
2018-04-11,708.0,710.0,704.5,709.5,1655.0,-0.0014074595355383357,20.239999771118164,0QOQ.LON,0QOQ.LON
2018-04-12,712.0,716.5,712.0,714.975,820.0,0.007716701902748424,18.489999771118164,0QOQ.LON,0QOQ.LON
2018-04-13,717.0,717.0,711.475,717.0,2531.0,0.002832266862477617,17.40999984741211,0QOQ.LON,0QOQ.LON
2018-04-16,717.895,717.895,714.975,715.975,9791.0,-0.0014295676429567639,16.559999465942383,0QOQ.LON,0QOQ.LON
2018-04-17,718.75,725.0,718.475,723.5,5662.0,0.010510143510597425,15.25,0QOQ.LON,0QOQ.LON
2018-04-18,718.75,724.25,718.5,719.0,2203.0,-0.006219765031098778,15.600000381469727,0QOQ.LON,0QOQ.LON
2018-04-19,716.75,719.5,715.975,719.5,4155.0,0.0006954102920724292,15.960000038146973,0QOQ.LON,0QOQ.LON
2018-04-20,713.5,717.0,713.5,717.0,6531.0,-0.0034746351633078154,16.8799991607666,0QOQ.LON,0QOQ.LON
2018-04-23,717.25,721.0,716.05,721.0,483.0,0.00557880055788007,16.34000015258789,0QOQ.LON,0QOQ.LON
2018-04-24,721.5,723.5,721.5,721.5,755.0,0.0006934812760055475,18.020000457763672,0QOQ.LON,0QOQ.LON
2018-04-25,706.0,706.0,702.5,702.5,498.0,-0.026334026334026372,17.84000015258789,0QOQ.LON,0QOQ.LON
2018-04-26,713.25,721.0,710.5,720.5,4235.0,0.025622775800711706,16.239999771118164,0QOQ.LON,0QOQ.LON
2018-04-27,726.0,730.0,726.0,726.975,836.0,0.008986814712005575,15.40999984741211,0QOQ.LON,0QOQ.LON
2018-04-30,728.0,728.5,726.0,727.525,483.0,0.0007565597166339089,15.930000305175781,0QOQ.LON,0QOQ.LON
2018-05-02,730.4951,730.4951,729.45,729.95,300.0,0.0033332187897323617,15.970000267028809,0QOQ.LON,0QOQ.LON
2018-05-03,730.75,732.0,725.1,726.5,435.0,-0.004726351119939798,15.899999618530273,0QOQ.LON,0QOQ.LON
2018-05-04,730.75,732.025,725.525,728.025,1129.0,0.0020991052993806214,14.770000457763672,0QOQ.LON,0QOQ.LON
2018-05-08,740.0,742.0,738.0,741.0,11393.0,0.017822190172040786,14.710000038146973,0QOQ.LON,0QOQ.LON
2018-05-09,740.025,744.0,740.025,744.0,1946.0,0.004048582995951344,13.420000076293945,0QOQ.LON,0QOQ.LON
2018-05-11,745.0,747.2836,745.0,747.2836,1733.0,0.004413440860215001,12.649999618530273,0QOQ.LON,0QOQ.LON
2018-05-14,730.25,735.0,729.0,732.5,739.0,-0.019783118484066775,12.930000305175781,0QOQ.LON,0QOQ.LON
2018-05-15,737.25,738.5,732.525,738.5,2011.0,0.008191126279863514,14.630000114440918,0QOQ.LON,0QOQ.LON
2018-05-16,733.9752,733.9752,733.9752,733.9752,2726.0,-0.006127014218009541,13.420000076293945,0QOQ.LON,0QOQ.LON
2018-05-17,735.25,736.525,732.475,736.025,3345.0,0.0027927374112912684,13.430000305175781,0QOQ.LON,0QOQ.LON
2018-05-22,740.025,743.975,740.025,740.975,2585.0,0.006725315036853363,13.220000267028809,0QOQ.LON,0QOQ.LON
2018-05-23,735.75,735.9805,727.525,727.525,1823.0,-0.018151759506056298,12.579999923706055,0QOQ.LON,0QOQ.LON
2018-05-24,729.975,729.975,724.475,724.975,944.0,-0.0035050341912647998,12.529999732971191,0QOQ.LON,0QOQ.LON
2018-05-25,733.2328,735.475,733.2328,733.2328,251.0,0.011390461740059976,13.220000267028809,0QOQ.LON,0QOQ.LON
2018-05-29,727.75,727.75,722.4952,722.4952,1465.0,-0.01464418940342005,17.020000457763672,0QOQ.LON,0QOQ.LON
2018-05-30,719.5231,719.5231,714.975,714.975,1336.0,-0.01040865046577466,14.9399995803833,0QOQ.LON,0QOQ.LON
2018-05-31,717.5225,717.5225,712.0,712.0,1683.0,-0.00416098464981296,15.430000305175781,0QOQ.LON,0QOQ.LON
2018-06-01,722.0,723.4762,712.0,723.4762,1113.0,0.016118258426966126,13.460000038146973,0QOQ.LON,0QOQ.LON
2018-06-04,724.0,724.5,719.0,724.5,2755.0,0.0014151122041057285,12.739999771118164,0QOQ.LON,0QOQ.LON
2018-06-05,727.0,727.0,723.475,723.975,815.0,-0.0007246376811593791,12.399999618530273,0QOQ.LON,0QOQ.LON
2018-06-06,725.975,728.975,725.975,728.975,2146.0,0.006906315825822684,11.640000343322754,0QOQ.LON,0QOQ.LON
2018-06-07,737.5,737.5,730.5,731.5,1514.0,0.0034637676189168687,12.130000114440918,0QOQ.LON,0QOQ.LON
2018-06-08,727.5,732.0,727.0,731.0,3833.0,-0.0006835269993165083,12.180000305175781,0QOQ.LON,0QOQ.LON
2018-06-11,737.75,740.5,736.8964,739.5,1434.0,0.011627906976744207,12.350000381469727,0QOQ.LON,0QOQ.LON
2018-06-12,743.5,743.5,737.375,740.0,1987.0,0.0006761325219744041,12.34000015258789,0QOQ.LON,0QOQ.LON
2018-06-13,742.5,742.5,740.0,740.5,582.0,0.0006756756756756133,12.9399995803833,0QOQ.LON,0QOQ.LON
2018-06-14,737.0,743.0,737.0,742.0,1040.0,0.002025658338960179,12.119999885559082,0QOQ.LON,0QOQ.LON
2018-06-15,743.5,743.95,738.5,742.0,11522.0,0.0,11.979999542236328,0QOQ.LON,0QOQ.LON
2018-06-18,732.9,732.9,731.95,732.9,2171.0,-0.01226415094339628,12.3100004196167,0QOQ.LON,0QOQ.LON
2018-06-19,724.5,727.0,720.0,721.53,2255.0,-0.015513712648383193,13.350000381469727,0QOQ.LON,0QOQ.LON
2018-06-20,724.5,726.519,724.5,726.5,3054.0,0.0068881404792593415,12.789999961853027,0QOQ.LON,0QOQ.LON
2018-06-21,727.0,727.0,718.9,720.0,1776.0,-0.008947006194081175,14.640000343322754,0QOQ.LON,0QOQ.LON
2018-06-22,726.0,726.5,726.0,726.5,2122.0,0.009027777777777857,13.770000457763672,0QOQ.LON,0QOQ.LON
2018-06-25,725.95,725.95,717.0,718.5,1346.0,-0.0110116999311769,17.329999923706055,0QOQ.LON,0QOQ.LON
2018-06-26,718.97,725.0,718.97,725.0,2639.0,0.009046624913013224,15.920000076293945,0QOQ.LON,0QOQ.LON
2018-06-27,728.0,728.0,716.0,728.0,3173.0,0.004137931034482678,17.90999984741211,0QOQ.LON,0QOQ.LON
2018-06-28,728.5,728.5,719.0,722.0,1120.0,-0.008241758241758212,16.850000381469727,0QOQ.LON,0QOQ.LON
2018-06-29,730.25,733.5,727.5,727.5,1816.0,0.0076177285318559385,16.09000015258789,0QOQ.LON,0QOQ.LON
2018-07-02,722.25,722.25,716.5,720.5,921.0,-0.009621993127147732,15.600000381469727,0QOQ.LON,0QOQ.LON
2018-07-03,725.5,731.0,725.5,726.875,2113.0,0.00884802220680081,16.139999389648438,0QOQ.LON,0QOQ.LON
2018-07-04,725.0,726.6,724.625,726.05,1054.0,-0.0011349957007739109,,0QOQ.LON,0QOQ.LON
2018-07-05,733.5,736.05,733.5,735.5,9979.0,0.013015632532194843,14.970000267028809,0QOQ.LON,0QOQ.LON
2018-07-06,736.45,736.45,733.5,736.45,1363.0,0.001291638341264445,13.369999885559082,0QOQ.LON,0QOQ.LON
2018-07-09,744.5,753.5,744.0,753.5,3961.0,0.023151605675877374,12.6899995803833,0QOQ.LON,0QOQ.LON
2018-07-10,752.55,758.95,752.55,757.45,3331.0,0.0052422030524221785,12.640000343322754,0QOQ.LON,0QOQ.LON
2018-07-11,756.35,756.35,751.5,755.95,2359.0,-0.0019803287345699916,13.630000114440918,0QOQ.LON,0QOQ.LON
2018-07-12,740.3424,747.9753,740.3424,747.9753,3690.0,-0.01054924267478019,12.579999923706055,0QOQ.LON,0QOQ.LON
2018-07-13,748.0,756.0,746.95,746.95,6075.0,-0.0013707671897720264,12.180000305175781,0QOQ.LON,0QOQ.LON
2018-07-16,746.0,748.0,744.75,747.5,202.0,0.0007363277327798734,12.829999923706055,0QOQ.LON,0QOQ.LON
2018-07-17,747.5,747.95,745.9,746.4,616.0,-0.0014715719063544963,12.0600004196167,0QOQ.LON,0QOQ.LON
2018-07-18,757.25,758.25,751.75,757.0,1854.0,0.014201500535905742,12.100000381469727,0QOQ.LON,0QOQ.LON
2018-07-19,755.8,755.8,752.5,754.3671,4160.0,-0.0034780713342139613,12.869999885559082,0QOQ.LON,0QOQ.LON
2018-07-20,752.55,755.9,752.55,755.0,1181.0,0.0008389814455056488,12.859999656677246,0QOQ.LON,0QOQ.LON
2018-07-23,755.05,755.05,752.4,754.5,1717.0,-0.0006622516556291647,12.619999885559082,0QOQ.LON,0QOQ.LON
2018-07-24,758.75,761.0,755.0025,757.5528,2789.0,0.0040461232604374064,12.40999984741211,0QOQ.LON,0QOQ.LON
2018-07-25,759.0,764.0,759.0,760.5,773.0,0.003890421895345053,12.289999961853027,0QOQ.LON,0QOQ.LON
2018-07-26,766.5,768.0,761.5,762.0281,6242.0,0.0020093359631820906,12.140000343322754,0QOQ.LON,0QOQ.LON
2018-07-27,754.0,759.0,754.0,758.5,9302.0,-0.0046298817589535135,13.029999732971191,0QOQ.LON,0QOQ.LON
2018-07-30,760.5,763.0,760.0,761.6,1072.0,0.004087013843111498,14.260000228881836,0QOQ.LON,0QOQ.LON
2018-07-31,752.5,757.4,752.5,752.5,1049.0,-0.011948529411764719,12.829999923706055,0QOQ.LON,0QOQ.LON
2018-08-02,752.25,757.5,750.5,752.0,3428.0,-0.0006644518272425071,12.1899995803833,0QOQ.LON,0QOQ.LON
2018-08-03,750.25,750.875,749.25,749.5,605.0,-0.0033244680851063357,11.640000343322754,0QOQ.LON,0QOQ.LON
2018-08-06,749.5,752.0,749.5,749.5,2126.0,0.0,11.270000457763672,0QOQ.LON,0QOQ.LON
2018-08-07,750.25,750.5,750.0,750.0,81.0,0.0006671114076051143,10.930000305175781,0QOQ.LON,0QOQ.LON
2018-08-08,747.0,749.5,747.0,747.0,858.0,-0.0040000000000000036,10.850000381469727,0QOQ.LON,0QOQ.LON
2018-08-09,751.0,753.222,751.0,751.0,736.0,0.0053547523427042165,11.270000457763672,0QOQ.LON,0QOQ.LON
2018-08-10,742.0,746.0,742.0,742.5,1884.0,-0.011318242343541951,13.15999984741211,0QOQ.LON,0QOQ.LON
2018-08-13,740.5,745.5,738.375,742.0,713.0,-0.0006734006734007147,14.779999732971191,0QOQ.LON,0QOQ.LON
2018-08-14,744.55,744.55,736.875,740.5,4485.0,-0.0020215633423180668,13.3100004196167,0QOQ.LON,0QOQ.LON
2018-08-15,741.75,741.75,734.0,734.0,2124.0,-0.008777852802160702,14.640000343322754,0QOQ.LON,0QOQ.LON
2018-08-16,744.5,745.0,739.42,744.5,2192.0,0.014305177111716638,13.449999809265137,0QOQ.LON,0QOQ.LON
2018-08-17,750.0,750.0,742.5,745.0,848.0,0.000671591672263272,12.640000343322754,0QOQ.LON,0QOQ.LON
2018-08-20,748.6,754.0,748.6,754.0,994.0,0.012080536912751683,12.489999771118164,0QOQ.LON,0QOQ.LON
2018-08-21,754.75,755.5,750.6,754.5,779.0,0.0006631299734747298,12.859999656677246,0QOQ.LON,0QOQ.LON
2018-08-22,757.05,757.05,755.525,755.525,1594.0,0.0013585155732271925,12.25,0QOQ.LON,0QOQ.LON
2018-08-23,756.25,756.25,754.35,755.0,3745.0,-0.0006948810429833197,12.40999984741211,0QOQ.LON,0QOQ.LON
2018-08-24,754.525,757.5,754.525,755.0,644.0,0.0,11.989999771118164,0QOQ.LON,0QOQ.LON
2018-08-28,764.5,764.5,762.5,762.5,541.0,0.009933774834437026,12.5,0QOQ.LON,0QOQ.LON
2018-08-29,761.863,761.863,758.05,761.863,1603.0,-0.0008354098360654483,12.25,0QOQ.LON,0QOQ.LON
2018-08-30,766.0,766.0,762.0,762.5,28624.0,0.0008361083291876792,13.529999732971191,0QOQ.LON,0QOQ.LON
2018-08-31,761.5,761.5,760.0,761.0,659.0,-0.0019672131147541183,12.859999656677246,0QOQ.LON,0QOQ.LON
2018-09-03,761.5,762.6,757.0,758.5,913.0,-0.003285151116951379,,0QOQ.LON,0QOQ.LON
2018-09-04,752.475,760.65,752.475,755.975,1999.0,-0.0033289386947923383,13.15999984741211,0QOQ.LON,0QOQ.LON
2018-09-05,755.4,755.4,751.55,752.0214,5135.0,-0.0052298025728364506,13.90999984741211,0QOQ.LON,0QOQ.LON
2018-09-06,745.0,753.0,744.5,744.5,1464.0,-0.010001577082779822,14.649999618530273,0QOQ.LON,0QOQ.LON
2018-09-07,743.0,743.0,737.25,738.0,1266.0,-0.008730691739422425,14.880000114440918,0QOQ.LON,0QOQ.LON
2018-09-10,743.5,743.5,736.5,737.0,4193.0,-0.0013550135501354532,14.15999984741211,0QOQ.LON,0QOQ.LON
2018-09-11,769.5,778.5,765.975,778.5,23567.0,0.05630936227951144,13.220000267028809,0QOQ.LON,0QOQ.LON
2018-09-12,783.0,792.65,782.0,783.5,553.0,0.006422607578676853,13.140000343322754,0QOQ.LON,0QOQ.LON
2018-09-13,774.525,782.85,774.525,774.525,748.0,-0.011455009572431396,12.369999885559082,0QOQ.LON,0QOQ.LON
2018-09-14,776.0,776.0,773.65,773.65,717.0,-0.0011297246699589758,12.069999694824219,0QOQ.LON,0QOQ.LON
2018-09-17,772.0,772.0,768.5,768.65,912.0,-0.0064628708072125285,13.680000305175781,0QOQ.LON,0QOQ.LON
2018-09-18,768.0,772.0,767.25,770.0,1095.0,0.0017563260261497238,12.789999961853027,0QOQ.LON,0QOQ.LON
2018-09-19,775.35,775.35,768.5,770.5,671.0,0.0006493506493505663,11.75,0QOQ.LON,0QOQ.LON
2018-09-20,772.0,870.6822,772.0,778.0,13321.0,0.009733939000649006,11.800000190734863,0QOQ.LON,0QOQ.LON
2018-09-21,779.75,779.75,776.9,777.9,1242.0,-0.00012853470437024228,11.680000305175781,0QOQ.LON,0QOQ.LON
2018-09-24,777.5,777.5,774.5,775.0,538.0,-0.003727985602262507,12.199999809265137,0QOQ.LON,0QOQ.LON
2018-09-25,778.05,782.0,778.05,780.5,1234.0,0.007096774193548372,12.420000076293945,0QOQ.LON,0QOQ.LON
2018-09-26,778.5,778.5,776.0,776.0,1596.0,-0.005765534913516945,12.890000343322754,0QOQ.LON,0QOQ.LON
2018-09-27,774.0,780.0,774.0,777.5,871.0,0.0019329896907216426,12.40999984741211,0QOQ.LON,0QOQ.LON
2018-09-28,779.5,779.5,774.3,779.0,696.0,0.0019292604501608412,12.119999885559082,0QOQ.LON,0QOQ.LON
2018-10-01,780.0,780.0,776.0,780.0,6780.0,0.0012836970474967568,12.0,0QOQ.LON,0QOQ.LON
2018-10-02,777.75,778.5,774.5,777.0,347.0,-0.0038461538461538325,12.050000190734863,0QOQ.LON,0QOQ.LON
2018-10-03,779.52,779.52,779.01,779.1,318.0,0.002702702702702675,11.609999656677246,0QOQ.LON,0QOQ.LON
2018-10-04,776.5,776.5,771.0,772.5,2168.0,-0.008471313053523333,14.220000267028809,0QOQ.LON,0QOQ.LON
2018-10-05,767.875,767.875,762.15,765.875,2685.0,-0.008576051779935256,14.819999694824219,0QOQ.LON,0QOQ.LON
2018-10-08,761.5,762.5,751.0,753.75,717.0,-0.01583156520319895,15.6899995803833,0QOQ.LON,0QOQ.LON
2018-10-09,759.0,759.0,748.9757,751.475,409.0,-0.0030182421227197276,15.949999809265137,0QOQ.LON,0QOQ.LON
2018-10-10,749.5,749.5,738.5,738.5,6585.0,-0.017266043447885848,22.959999084472656,0QOQ.LON,0QOQ.LON
2018-10-11,717.75,720.15,687.0,706.9283,3337.0,-0.04275111712931612,24.979999542236328,0QOQ.LON,0QOQ.LON
2018-10-12,711.75,717.5,711.0,711.0,3101.0,0.005759707172566131,21.309999465942383,0QOQ.LON,0QOQ.LON
2018-10-15,708.0,708.0,701.5,702.0,5847.0,-0.012658227848101222,21.299999237060547,0QOQ.LON,0QOQ.LON
2018-10-16,703.75,720.0,703.75,717.5,4160.0,0.022079772079772075,17.6200008392334,0QOQ.LON,0QOQ.LON
2018-10-17,728.5,732.75,716.25,719.0,2361.0,0.002090592334494712,17.399999618530273,0QOQ.LON,0QOQ.LON
2018-10-18,721.2,721.2,711.0,711.0,2689.0,-0.011126564673157202,20.059999465942383,0QOQ.LON,0QOQ.LON
2018-10-19,710.25,712.0,703.0,709.0,66928.0,-0.002812939521800284,19.889999389648438,0QOQ.LON,0QOQ.LON
2018-10-22,707.0,712.0,702.0,703.5,1668.0,-0.007757404795486589,19.639999389648438,0QOQ.LON,0QOQ.LON
2018-10-23,692.0,692.0,678.5,679.0,2193.0,-0.03482587064676612,20.709999084472656,0QOQ.LON,0QOQ.LON
2018-10-24,677.75,681.7,667.0,667.0,4746.0,-0.0176730486008837,25.229999542236328,0QOQ.LON,0QOQ.LON
2018-10-25,661.0,679.0,661.0,678.0,11840.0,0.016491754122938573,24.219999313354492,0QOQ.LON,0QOQ.LON
2018-10-26,669.0,684.0,669.0,684.0,1874.0,0.008849557522123908,24.15999984741211,0QOQ.LON,0QOQ.LON
2018-10-29,696.25,700.5,690.0,690.0,938.0,0.00877192982456143,24.700000762939453,0QOQ.LON,0QOQ.LON
2018-10-30,695.9,695.9,692.65,695.9,865.0,0.008550724637681029,23.350000381469727,0QOQ.LON,0QOQ.LON
2018-10-31,710.75,718.0,709.5,717.5,14946.0,0.03103894237677829,21.229999542236328,0QOQ.LON,0QOQ.LON
2018-11-01,713.6,720.0,713.6,718.0,4701.0,0.0006968641114981633,19.34000015258789,0QOQ.LON,0QOQ.LON
2018-11-02,722.0,727.0,720.5,724.375,2479.0,0.008878830083565381,19.510000228881836,0QOQ.LON,0QOQ.LON
2018-11-05,724.0,724.0,712.25,714.6014,5887.0,-0.013492459016393399,19.959999084472656,0QOQ.LON,0QOQ.LON
2018-11-06,712.25,718.25,712.0,714.1,11426.0,-0.0007016498988107189,19.90999984741211,0QOQ.LON,0QOQ.LON
2018-11-07,721.0,721.0,713.5,716.375,3682.0,0.0031858283153620715,16.360000610351562,0QOQ.LON,0QOQ.LON
2018-11-08,713.9,713.9,710.0,711.0,6462.0,-0.007503053568312712,16.719999313354492,0QOQ.LON,0QOQ.LON
2018-11-09,706.0,710.75,705.0,708.0,6159.0,-0.00421940928270037,17.360000610351562,0QOQ.LON,0QOQ.LON
2018-11-12,699.25,699.25,695.25,695.45,1959.0,-0.017725988700564854,20.450000762939453,0QOQ.LON,0QOQ.LON
2018-11-13,701.0,701.0,693.5,693.75,3406.0,-0.0024444604213099685,20.020000457763672,0QOQ.LON,0QOQ.LON
2018-11-14,696.75,698.03,688.6,691.8,27415.0,-0.0028108108108109153,21.25,0QOQ.LON,0QOQ.LON
2018-11-15,686.975,686.975,681.5,682.0,2870.0,-0.014165943914426049,19.979999542236328,0QOQ.LON,0QOQ.LON
2018-11-16,689.0,691.5,680.1,683.85,4244.0,0.002712609970674462,18.139999389648438,0QOQ.LON,0QOQ.LON
2018-11-19,676.25,687.0,670.55,671.0,5340.0,-0.018790670468670112,20.100000381469727,0QOQ.LON,0QOQ.LON
2018-11-20,668.5,670.95,657.0,666.0,2463.0,-0.007451564828613977,22.479999542236328,0QOQ.LON,0QOQ.LON
2018-11-21,670.25,673.35,660.95,673.0,1671.0,0.010510510510510551,20.799999237060547,0QOQ.LON,0QOQ.LON
2018-11-22,674.7,674.7,664.05,673.5,3177.0,0.0007429420505200568,,0QOQ.LON,0QOQ.LON
2018-11-23,668.5,674.5,668.5,674.15,1671.0,0.0009651076466221653,21.520000457763672,0QOQ.LON,0QOQ.LON
2018-11-26,683.475,683.475,673.6,680.95,1533.0,0.010086775940072679,18.899999618530273,0QOQ.LON,0QOQ.LON
2018-11-27,670.25,677.3,666.05,667.85,1351.0,-0.019237829502900428,19.020000457763672,0QOQ.LON,0QOQ.LON
2018-11-28,672.25,672.85,666.45,667.4332,2178.0,-0.0006240922362805712,18.489999771118164,0QOQ.LON,0QOQ.LON
2018-11-29,667.483,679.912,667.483,668.5,839.0,0.0015983622031388034,18.790000915527344,0QOQ.LON,0QOQ.LON
2018-11-30,666.65,666.65,658.0,658.5,4577.0,-0.014958863126402377,18.06999969482422,0QOQ.LON,0QOQ.LON
2018-12-03,671.75,672.35,666.8,670.0,2550.0,0.01746393318147299,16.440000534057617,0QOQ.LON,0QOQ.LON
2018-12-04,665.0,667.25,656.15,656.15,3692.0,-0.02067164179104486,20.739999771118164,0QOQ.LON,0QOQ.LON
2018-12-05,648.7,648.7,645.0,645.0,19380.0,-0.016993065609997693,,0QOQ.LON,0QOQ.LON
2018-12-06,630.0,630.0,617.5,621.0,8169.0,-0.037209302325581395,21.190000534057617,0QOQ.LON,0QOQ.LON
2018-12-07,627.5,632.875,627.5,627.5,4461.0,0.01046698872785834,23.229999542236328,0QOQ.LON,0QOQ.LON
2018-12-10,620.0,621.0,611.75,611.75,2385.0,-0.025099601593625454,22.639999389648438,0QOQ.LON,0QOQ.LON
2018-12-11,625.75,625.75,617.025,623.5,2890.0,0.019207192480588553,21.760000228881836,0QOQ.LON,0QOQ.LON
2018-12-12,626.9649,633.95,626.9649,633.0,1724.0,0.015236567762630271,21.459999084472656,0QOQ.LON,0QOQ.LON
2018-12-13,632.25,634.85,627.0,633.0,722.0,0.0,20.649999618530273,0QOQ.LON,0QOQ.LON
2018-12-14,628.25,628.25,624.75,625.0,1073.0,-0.012638230647709303,21.6299991607666,0QOQ.LON,0QOQ.LON
2018-12-17,623.7628,623.7628,615.0,618.0,10121.0,-0.011199999999999988,24.520000457763672,0QOQ.LON,0QOQ.LON
2018-12-18,605.0,618.05,603.0,603.0,803.0,-0.024271844660194164,25.579999923706055,0QOQ.LON,0QOQ.LON
2018-12-19,598.0,604.0,598.0,603.0,1145.0,0.0,25.579999923706055,0QOQ.LON,0QOQ.LON
2018-12-20,591.75,594.5,589.0,589.5,2426.0,-0.02238805970149249,28.3799991607666,0QOQ.LON,0QOQ.LON
2018-12-21,590.25,593.0,587.0,590.025,1589.0,0.0008905852417302462,30.110000610351562,0QOQ.LON,0QOQ.LON
2018-12-27,591.25,597.0,582.5,583.5,3443.0,-0.011058853438413618,29.959999084472656,0QOQ.LON,0QOQ.LON
2018-12-28,591.75,597.0,591.75,594.0,1220.0,0.01799485861182526,28.34000015258789,0QOQ.LON,0QOQ.LON
2019-01-03,590.0,595.0,590.0,592.0,3584.0,-0.0033670033670033517,25.450000762939453,0QOQ.LON,0QOQ.LON
2019-01-04,594.75,608.5,592.6,607.85,3032.0,0.02677364864864873,21.3799991607666,0QOQ.LON,0QOQ.LON
2019-01-07,617.0,617.0,608.8,616.0,2732.0,0.013407913136464611,21.399999618530273,0QOQ.LON,0QOQ.LON
2019-01-08,619.25,622.5,615.0,621.3,2311.0,0.008603896103896114,20.469999313354492,0QOQ.LON,0QOQ.LON
2019-01-09,626.0,629.5,622.0,629.5,9697.0,0.013198132947046526,19.979999542236328,0QOQ.LON,0QOQ.LON
2019-01-10,626.0,636.5,623.75,635.35,3542.0,0.009293089753772854,19.5,0QOQ.LON,0QOQ.LON
2019-01-11,643.5,643.5,636.0,636.0,1441.0,0.0010230581569212749,18.190000534057617,0QOQ.LON,0QOQ.LON
2019-01-14,630.25,633.2,625.5,628.5,3505.0,-0.011792452830188704,19.06999969482422,0QOQ.LON,0QOQ.LON
2019-01-15,641.0,650.3,637.7,645.3507,14554.0,0.026810978520286355,18.600000381469727,0QOQ.LON,0QOQ.LON
2019-01-16,649.0,656.0,646.5,656.0,16928.0,0.016501570386458164,19.040000915527344,0QOQ.LON,0QOQ.LON
2019-01-17,657.75,665.5,654.0,664.75,10118.0,0.013338414634146423,18.059999465942383,0QOQ.LON,0QOQ.LON
2019-01-18,673.9653,685.0,673.9653,684.0,12333.0,0.028958254983076248,17.799999237060547,0QOQ.LON,0QOQ.LON
2019-01-21,676.85,684.9,676.85,679.45,1074.0,-0.006652046783625631,,0QOQ.LON,0QOQ.LON
2019-01-22,676.25,678.5,675.5,678.5,2165.0,-0.0013981897122673503,20.799999237060547,0QOQ.LON,0QOQ.LON
2019-01-23,675.75,682.0,674.0,679.65,1555.0,0.0016949152542371504,19.520000457763672,0QOQ.LON,0QOQ.LON
2019-01-24,682.0,683.0,675.75,679.75,2412.0,0.00014713455455006574,18.889999389648438,0QOQ.LON,0QOQ.LON
2019-01-25,678.0,684.0,678.0,678.0,218.0,-0.0025744759102611647,17.420000076293945,0QOQ.LON,0QOQ.LON
2019-01-28,683.0,683.0,676.0,676.0,3595.0,-0.002949852507374673,18.8700008392334,0QOQ.LON,0QOQ.LON
2019-01-29,686.5,687.0,676.3,683.0,11075.0,0.010355029585798814,19.1299991607666,0QOQ.LON,0QOQ.LON
2019-01-30,680.5,688.5,680.5,686.0,14787.0,0.004392386530014614,17.65999984741211,0QOQ.LON,0QOQ.LON
2019-01-31,692.0,692.0,681.5,683.0,2982.0,-0.004373177842565634,16.56999969482422,0QOQ.LON,0QOQ.LON
2019-02-01,683.5,686.75,681.75,683.0,337.0,0.0,16.139999389648438,0QOQ.LON,0QOQ.LON
2019-02-04,685.0,685.0,679.25,684.0,2752.0,0.0014641288433381305,15.729999542236328,0QOQ.LON,0QOQ.LON
2019-02-05,682.215,695.5,682.215,695.0,7495.0,0.016081871345029253,15.569999694824219,0QOQ.LON,0QOQ.LON
2019-02-06,698.0,698.0,693.5,695.5,6541.0,0.0007194244604316058,15.380000114440918,0QOQ.LON,0QOQ.LON
2019-02-07,702.5,702.7,691.0,691.0,3550.0,-0.006470165348670065,16.3700008392334,0QOQ.LON,0QOQ.LON
2019-02-08,686.5,691.8,685.5,687.0,3593.0,-0.005788712011577379,15.720000267028809,0QOQ.LON,0QOQ.LON
2019-02-11,696.25,698.0,693.5,694.5,4344.0,0.01091703056768556,15.970000267028809,0QOQ.LON,0QOQ.LON
2019-02-12,699.25,699.5,695.0,697.0,1674.0,0.003599712023038215,15.430000305175781,0QOQ.LON,0QOQ.LON
2019-02-13,700.5,705.0,698.25,700.0,2220.0,0.004304160688665792,15.649999618530273,0QOQ.LON,0QOQ.LON
2019-02-14,702.0,702.0,693.5,693.5,4327.0,-0.00928571428571423,16.219999313354492,0QOQ.LON,0QOQ.LON
2019-02-15,693.25,704.5091,692.5,704.0,2572.0,0.015140591204037435,14.90999984741211,0QOQ.LON,0QOQ.LON
2019-02-18,710.25,713.5,706.85,711.0,1446.0,0.009943181818181879,,0QOQ.LON,0QOQ.LON
2019-02-19,712.0,712.0,708.0,709.5,3399.0,-0.002109704641350185,14.880000114440918,0QOQ.LON,0QOQ.LON
2019-02-20,712.25,713.75,707.5,710.3,2548.0,0.001127554615926618,14.020000457763672,0QOQ.LON,0QOQ.LON
2019-02-21,712.75,715.9,708.5,709.0,4843.0,-0.0018302125862310614,14.460000038146973,0QOQ.LON,0QOQ.LON
2019-02-22,708.7,717.3,708.7,714.0,2746.0,0.007052186177715081,13.510000228881836,0QOQ.LON,0QOQ.LON
2019-02-25,717.5,717.5,713.5,717.0,2093.0,0.004201680672268893,14.850000381469727,0QOQ.LON,0QOQ.LON
2019-02-26,720.0,721.75,715.25,717.5,4619.0,0.0006973500697349255,15.170000076293945,0QOQ.LON,0QOQ.LON
2019-02-27,716.5,716.5,712.5,716.0,5492.0,-0.002090592334494823,14.699999809265137,0QOQ.LON,0QOQ.LON
2019-02-28,715.5,724.5,715.5,722.0,5388.0,0.008379888268156499,14.779999732971191,0QOQ.LON,0QOQ.LON
2019-03-01,726.85,726.85,722.25,724.0,3585.0,0.0027700831024930483,13.569999694824219,0QOQ.LON,0QOQ.LON
2019-03-04,727.5,727.5,723.0,723.5,3745.0,-0.0006906077348066697,14.630000114440918,0QOQ.LON,0QOQ.LON
2019-03-05,718.75,723.0,718.5,722.5,3066.0,-0.0013821700069108767,14.739999771118164,0QOQ.LON,0QOQ.LON
2019-03-06,722.0,725.5,721.3,722.5,3838.0,0.0,15.739999771118164,0QOQ.LON,0QOQ.LON
2019-03-07,721.5,721.5,712.5,714.0,5346.0,-0.0117647058823529,16.59000015258789,0QOQ.LON,0QOQ.LON
2019-03-08,709.0,709.0,703.65,708.0,5447.0,-0.008403361344537785,16.049999237060547,0QOQ.LON,0QOQ.LON
2019-03-11,708.2,717.0,708.2,715.0,4512.0,0.009887005649717562,14.329999923706055,0QOQ.LON,0QOQ.LON
2019-03-12,718.5,718.5,711.0,713.5,2133.0,-0.00209790209790206,13.770000457763672,0QOQ.LON,0QOQ.LON
2019-03-13,710.8,719.5,710.8,718.0,4018.0,0.006306937631394449,13.40999984741211,0QOQ.LON,0QOQ.LON
2019-03-14,724.0,724.5,719.5,724.5,2026.0,0.009052924791086436,13.5,0QOQ.LON,0QOQ.LON
2019-03-15,729.5,735.0,725.5,734.5,2666.0,0.013802622498274575,12.880000114440918,0QOQ.LON,0QOQ.LON
2019-03-18,735.75,736.5,734.0,734.5,2893.0,0.0,13.100000381469727,0QOQ.LON,0QOQ.LON
2019-03-19,716.75,726.0,702.5,715.0,5233.0,-0.026548672566371723,13.5600004196167,0QOQ.LON,0QOQ.LON
2019-03-20,718.0,718.0,708.0,710.0,3173.0,-0.006993006993006978,13.90999984741211,0QOQ.LON,0QOQ.LON
2019-03-21,711.5,711.5,705.5,710.5,6551.0,0.0007042253521127861,13.630000114440918,0QOQ.LON,0QOQ.LON
2019-03-22,710.25,712.0,698.0,698.0,2729.0,-0.017593244194229363,16.479999542236328,0QOQ.LON,0QOQ.LON
2019-03-25,694.75,698.0,693.0,694.5,8282.0,-0.005014326647564515,16.329999923706055,0QOQ.LON,0QOQ.LON
2019-03-26,700.0,708.75,695.5,706.2,3834.0,0.016846652267818563,14.680000305175781,0QOQ.LON,0QOQ.LON
2019-03-27,708.0,709.0,700.5,701.0,13896.0,-0.007363353157745722,15.149999618530273,0QOQ.LON,0QOQ.LON
2019-03-28,704.0,709.0,704.0,704.5,4062.0,0.004992867332382245,14.430000305175781,0QOQ.LON,0QOQ.LON
2019-03-29,715.0,725.0,715.0,723.5,9786.0,0.02696948190205828,13.710000038146973,0QOQ.LON,0QOQ.LON
2019-04-01,727.5,735.4,727.5,734.1,5122.0,0.014651002073255093,13.399999618530273,0QOQ.LON,0QOQ.LON
2019-04-02,736.7,737.4,732.96,735.2,4712.0,0.0014984334559324797,13.359999656677246,0QOQ.LON,0QOQ.LON
2019-04-03,734.02,738.7,734.02,738.4,4439.0,0.0043525571273121955,13.739999771118164,0QOQ.LON,0QOQ.LON
2019-04-04,739.75,742.4,739.2,739.4,1733.0,0.0013542795232937,13.579999923706055,0QOQ.LON,0QOQ.LON
2019-04-05,748.2,749.3,744.85,747.4,2015.0,0.010819583446037395,12.819999694824219,0QOQ.LON,0QOQ.LON
2019-04-08,743.0,749.8,743.0,749.8,2707.0,0.00321113192400313,13.180000305175781,0QOQ.LON,0QOQ.LON
2019-04-09,749.0,753.8,743.95,744.6,814.0,-0.006935182715390731,14.279999732971191,0QOQ.LON,0QOQ.LON
2019-04-10,742.95,744.8,740.2,742.78,1002.0,-0.0024442653773838474,13.300000190734863,0QOQ.LON,0QOQ.LON
2019-04-11,744.8,747.75,741.95,744.9,930.0,0.002854142545572147,13.020000457763672,0QOQ.LON,0QOQ.LON
2019-04-12,743.0,746.92,742.85,746.45,1998.0,0.0020808162169418942,12.010000228881836,0QOQ.LON,0QOQ.LON
2019-04-15,748.5,752.8,747.95,749.0,2046.0,0.003416169870721353,12.319999694824219,0QOQ.LON,0QOQ.LON
2019-04-16,752.6,756.4,752.6,754.4,2295.0,0.007209612817089317,12.180000305175781,0QOQ.LON,0QOQ.LON
2019-04-17,755.6,757.0,752.95,755.2,3662.0,0.0010604453870626251,12.600000381469727,0QOQ.LON,0QOQ.LON
2019-04-18,752.0,760.6,752.0,760.12,2928.0,0.006514830508474567,12.09000015258789,0QOQ.LON,0QOQ.LON
2019-04-23,759.72,770.0,759.72,769.0,2488.0,0.011682365942219608,12.279999732971191,0QOQ.LON,0QOQ.LON
2019-04-24,772.8,777.4,762.0,762.0,3929.0,-0.00910273081924573,13.140000343322754,0QOQ.LON,0QOQ.LON
2019-04-25,764.35,767.65,762.15,766.76,21265.0,0.0062467191601049965,13.25,0QOQ.LON,0QOQ.LON
2019-04-26,766.4,770.0,760.85,770.0,1682.0,0.004225572538995248,12.729999542236328,0QOQ.LON,0QOQ.LON
2019-04-29,769.6,771.4,765.95,770.65,1941.0,0.0008441558441558694,13.109999656677246,0QOQ.LON,0QOQ.LON
2019-04-30,771.6,776.2,767.6,767.82,2478.0,-0.0036722247453447876,13.119999885559082,0QOQ.LON,0QOQ.LON
2019-05-02,766.5,774.2,764.4,773.6,3942.0,0.007527805996196957,14.420000076293945,0QOQ.LON,0QOQ.LON
2019-05-03,770.0,773.95,769.6,769.6,2849.0,-0.005170630816959676,12.869999885559082,0QOQ.LON,0QOQ.LON
2019-05-07,766.4,768.15,761.0,762.4,3955.0,-0.00935550935550944,19.31999969482422,0QOQ.LON,0QOQ.LON
2019-05-08,763.0,769.88,761.35,763.6,2670.0,0.0015739769150053817,19.399999618530273,0QOQ.LON,0QOQ.LON
2019-05-09,758.95,764.0,741.6,742.2,33898.0,-0.028025144054478757,19.100000381469727,0QOQ.LON,0QOQ.LON
2019-05-10,748.66,752.35,739.6,743.0,2126.0,0.0010778765831311876,16.040000915527344,0QOQ.LON,0QOQ.LON
2019-05-13,741.4,741.4,723.8,726.0,3714.0,-0.02288021534320328,20.549999237060547,0QOQ.LON,0QOQ.LON
2019-05-14,730.15,736.2,730.15,735.6,2051.0,0.013223140495867813,18.059999465942383,0QOQ.LON,0QOQ.LON
2019-05-15,735.35,735.35,727.5,732.0,1469.0,-0.004893964110929905,16.440000534057617,0QOQ.LON,0QOQ.LON
2019-05-16,735.4,747.85,735.4,747.85,290.0,0.021653005464481012,15.289999961853027,0QOQ.LON,0QOQ.LON
2019-05-17,729.65,731.35,723.15,731.35,1933.0,-0.02206324797753556,15.960000038146973,0QOQ.LON,0QOQ.LON
2019-05-20,730.2,730.2,715.4,722.6,10281.0,-0.011964175839201507,16.309999465942383,0QOQ.LON,0QOQ.LON
2019-05-21,723.6,725.25,720.3,720.6,4042.0,-0.0027677830058123742,14.949999809265137,0QOQ.LON,0QOQ.LON
2019-05-22,723.9,731.3,722.7,730.6,1403.0,0.013877324451845752,14.75,0QOQ.LON,0QOQ.LON
2019-05-23,724.25,724.25,713.9,716.8,3977.0,-0.01888858472488375,16.920000076293945,0QOQ.LON,0QOQ.LON
2019-05-24,717.95,719.58,711.8,716.4,3244.0,-0.0005580357142856984,15.850000381469727,0QOQ.LON,0QOQ.LON
2019-05-28,712.8,715.75,704.6,709.4,7241.0,-0.009771077610273626,17.5,0QOQ.LON,0QOQ.LON
2019-05-29,702.8,702.8,696.6,699.6,2491.0,-0.0138144911192557,17.899999618530273,0QOQ.LON,0QOQ.LON
2019-05-31,695.24,703.0,694.85,703.0,2715.0,0.004859919954259606,18.709999084472656,0QOQ.LON,0QOQ.LON
2019-06-03,696.0,698.0,689.0,698.0,1667.0,-0.007112375533428139,18.860000610351562,0QOQ.LON,0QOQ.LON
2019-06-04,695.0,700.3,693.9,694.4,2059.0,-0.005157593123209181,16.969999313354492,0QOQ.LON,0QOQ.LON
2019-06-05,702.45,712.35,702.1,710.8,29951.0,0.023617511520737322,16.09000015258789,0QOQ.LON,0QOQ.LON
2019-06-06,708.9,710.15,701.95,703.6,1119.0,-0.010129431626336394,15.930000305175781,0QOQ.LON,0QOQ.LON
2019-06-07,709.4,709.6,705.65,707.9877,1224.0,0.006236071631608775,16.299999237060547,0QOQ.LON,0QOQ.LON
2019-06-11,704.0,719.7,704.0,714.4,1595.0,0.009057078251500705,15.989999771118164,0QOQ.LON,0QOQ.LON
2019-06-12,712.2,714.55,709.2,713.8,2121.0,-0.0008398656215006239,15.90999984741211,0QOQ.LON,0QOQ.LON
2019-06-13,713.55,716.8,713.5,714.0,5295.0,0.000280190529560187,15.819999694824219,0QOQ.LON,0QOQ.LON
2019-06-14,712.8,712.95,705.65,712.4,2219.0,-0.0022408963585434094,15.279999732971191,0QOQ.LON,0QOQ.LON
2019-06-17,711.0,718.85,711.0,714.8,2554.0,0.003368893879842849,15.350000381469727,0QOQ.LON,0QOQ.LON
2019-06-18,709.75,731.55,709.75,731.0,2220.0,0.022663682148852837,15.149999618530273,0QOQ.LON,0QOQ.LON
2019-06-19,730.05,734.55,729.7,730.35,4383.0,-0.0008891928864568355,14.329999923706055,0QOQ.LON,0QOQ.LON
2019-06-20,737.0,738.8,732.4,733.04,1566.0,0.003683165605531613,14.75,0QOQ.LON,0QOQ.LON
2019-06-21,737.0,739.6,732.4,738.8,1925.0,0.007857688529957496,15.399999618530273,0QOQ.LON,0QOQ.LON
2019-06-24,758.8,758.8,743.6,743.6,4152.0,0.006497022198159286,15.260000228881836,0QOQ.LON,0QOQ.LON
2019-06-25,746.4,752.25,744.55,750.8,1888.0,0.00968262506724038,16.280000686645508,0QOQ.LON,0QOQ.LON
2019-06-26,748.15,755.0,746.35,752.4,941.0,0.0021310602024506853,16.209999084472656,0QOQ.LON,0QOQ.LON
2019-06-27,755.5,757.0,750.9,752.4,2417.0,0.0,15.819999694824219,0QOQ.LON,0QOQ.LON
2019-06-28,757.8,767.0,757.8,767.0,3780.0,0.01940457203615109,15.079999923706055,0QOQ.LON,0QOQ.LON
2019-07-01,778.5,778.5,770.05,770.4,2517.0,0.004432855280312786,14.0600004196167,0QOQ.LON,0QOQ.LON
2019-07-02,773.1,778.2,768.55,770.1,5370.0,-0.0003894080996884597,12.930000305175781,0QOQ.LON,0QOQ.LON
2019-07-03,775.75,782.65,775.75,782.6,2621.0,0.016231658226204315,12.569999694824219,0QOQ.LON,0QOQ.LON
2019-07-04,780.95,786.2,780.95,786.2,2628.0,0.004600051111679049,,0QOQ.LON,0QOQ.LON
2019-07-05,786.75,786.75,777.45,778.4,1133.0,-0.009921139659119893,13.279999732971191,0QOQ.LON,0QOQ.LON
2019-07-08,775.4,778.4,774.6,777.8,3859.0,-0.0007708119218911014,13.960000038146973,0QOQ.LON,0QOQ.LON
2019-07-09,774.34,774.85,768.15,774.2,2206.0,-0.004628439187451705,14.09000015258789,0QOQ.LON,0QOQ.LON
2019-07-10,771.5,774.2,769.15,770.4,5287.0,-0.0049082924308965215,13.029999732971191,0QOQ.LON,0QOQ.LON
2019-07-11,770.4,778.4,769.7,776.0,1946.0,0.007268951194184803,12.930000305175781,0QOQ.LON,0QOQ.LON
2019-07-12,777.75,779.8,773.6,773.75,924.0,-0.002899484536082464,12.390000343322754,0QOQ.LON,0QOQ.LON
2019-07-15,780.95,782.55,776.35,781.2,899.0,0.009628432956381383,12.680000305175781,0QOQ.LON,0QOQ.LON
2019-07-16,781.3,793.9,781.3,788.8,3400.0,0.00972862263184826,12.859999656677246,0QOQ.LON,0QOQ.LON
2019-07-17,790.4,799.5,788.8,788.8,19059.0,0.0,13.970000267028809,0QOQ.LON,0QOQ.LON
2019-07-18,790.6,791.25,788.55,789.6,8736.0,0.0010141987829614951,13.529999732971191,0QOQ.LON,0QOQ.LON
2019-07-19,793.55,797.4,788.5,790.8,1767.0,0.0015197568389055949,14.449999809265137,0QOQ.LON,0QOQ.LON
2019-07-22,789.25,790.15,788.85,789.95,589.0,-0.0010748609003539134,13.529999732971191,0QOQ.LON,0QOQ.LON
2019-07-23,790.0,795.0,790.0,794.6,1945.0,0.005886448509399234,12.609999656677246,0QOQ.LON,0QOQ.LON
2019-07-24,795.0,797.05,790.7,795.4,3842.0,0.001006795872136923,12.069999694824219,0QOQ.LON,0QOQ.LON
2019-07-25,798.55,798.55,788.1,791.7,1200.0,-0.004651747548403251,12.739999771118164,0QOQ.LON,0QOQ.LON
2019-07-26,789.44,795.25,789.44,792.8,1250.0,0.0013894151825184498,12.15999984741211,0QOQ.LON,0QOQ.LON
2019-07-29,791.1,797.35,791.0,797.15,889.0,0.00548688193743696,12.829999923706055,0QOQ.LON,0QOQ.LON
2019-07-30,792.9,794.15,789.05,792.6,1736.0,-0.005707834159192071,13.9399995803833,0QOQ.LON,0QOQ.LON
2019-07-31,796.25,796.25,794.0,794.0,348.0,0.001766338632349207,16.1200008392334,0QOQ.LON,0QOQ.LON
2019-08-02,784.95,792.0,782.6,785.95,5317.0,-0.010138539042821137,17.610000610351562,0QOQ.LON,0QOQ.LON
2019-08-05,776.2,776.2,766.5,768.55,12436.0,-0.02213881290158415,24.59000015258789,0QOQ.LON,0QOQ.LON
2019-08-06,764.6,779.95,764.6,778.4,11437.0,0.012816342463079833,20.170000076293945,0QOQ.LON,0QOQ.LON
2019-08-07,781.1,788.65,777.35,785.5,2064.0,0.009121274409044311,19.489999771118164,0QOQ.LON,0QOQ.LON
2019-08-08,793.1,796.9,787.55,789.95,2385.0,0.005665181413112785,16.90999984741211,0QOQ.LON,0QOQ.LON
2019-08-09,794.2,794.5,789.0,789.6,1437.0,-0.00044306601683652413,17.969999313354492,0QOQ.LON,0QOQ.LON
2019-08-12,796.5,796.5,787.0,787.4,2746.0,-0.002786220871327294,21.09000015258789,0QOQ.LON,0QOQ.LON
2019-08-13,782.8,784.8,776.2,784.8,1117.0,-0.0033020066040132523,17.520000457763672,0QOQ.LON,0QOQ.LON
2019-08-14,789.0,789.0,774.0,776.6,1953.0,-0.010448521916411768,22.100000381469727,0QOQ.LON,0QOQ.LON
2019-08-15,773.0,775.75,768.0,773.95,1501.0,-0.003412310069533797,21.18000030517578,0QOQ.LON,0QOQ.LON
2019-08-16,786.0,788.7,784.15,786.8994,1217.0,0.016731571806964274,18.469999313354492,0QOQ.LON,0QOQ.LON
2019-08-19,797.75,797.75,789.6,791.76,3677.0,0.0061769013929862115,16.8799991607666,0QOQ.LON,0QOQ.LON
2019-08-20,795.75,797.78,793.55,796.0,1691.0,0.00535515812872589,17.5,0QOQ.LON,0QOQ.LON
2019-08-21,797.56,800.0,797.55,799.7,4424.0,0.004648241206030246,15.800000190734863,0QOQ.LON,0QOQ.LON
2019-08-22,796.6,801.4,795.75,800.6,2353.0,0.0011254220332623799,16.68000030517578,0QOQ.LON,0QOQ.LON
2019-08-23,804.84,804.84,794.04,794.04,1056.0,-0.008193854609043316,19.8700008392334,0QOQ.LON,0QOQ.LON
2019-08-27,787.05,793.2,787.05,793.2,2215.0,-0.0010578812150520145,20.309999465942383,0QOQ.LON,0QOQ.LON
2019-08-28,790.2,791.4,784.0,786.6,3776.0,-0.008320726172466042,19.350000381469727,0QOQ.LON,0QOQ.LON
2019-08-29,789.3,793.45,786.4,792.8,4478.0,0.007882023900330548,17.8799991607666,0QOQ.LON,0QOQ.LON
2019-08-30,795.6,804.1,795.6,802.6,3070.0,0.012361251261352235,18.979999542236328,0QOQ.LON,0QOQ.LON
2019-09-02,804.15,812.4,804.15,811.55,4177.0,0.011151258410166953,,0QOQ.LON,0QOQ.LON
2019-09-03,810.2,810.7,803.0,803.0,962.0,-0.010535395231347389,19.65999984741211,0QOQ.LON,0QOQ.LON
2019-09-04,812.875,813.2,808.8,810.2,1826.0,0.008966376089663886,17.329999923706055,0QOQ.LON,0QOQ.LON
2019-09-05,815.0,815.0,810.375,815.0,2212.0,0.005924463095531962,16.270000457763672,0QOQ.LON,0QOQ.LON
2019-09-06,816.55,817.4,815.8,816.0,2203.0,0.0012269938650306678,15.0,0QOQ.LON,0QOQ.LON
2019-09-09,818.0,820.6,810.0,810.0,3327.0,-0.007352941176470562,15.270000457763672,0QOQ.LON,0QOQ.LON
2019-09-10,774.0,809.8,771.5,809.8,19483.0,-0.00024691358024697685,15.199999809265137,0QOQ.LON,0QOQ.LON
2019-09-11,771.0,781.0,762.35,765.5,8864.0,-0.05470486539886388,14.609999656677246,0QOQ.LON,0QOQ.LON
2019-09-12,768.2,770.95,761.05,766.15,6858.0,0.0008491182233834049,14.220000267028809,0QOQ.LON,0QOQ.LON
2019-09-13,763.85,764.4,752.2,764.4,12151.0,-0.0022841480127911984,13.739999771118164,0QOQ.LON,0QOQ.LON
2019-09-16,755.8,766.4,748.6,748.6,6417.0,-0.020669806384091993,14.670000076293945,0QOQ.LON,0QOQ.LON
2019-09-17,745.75,765.6,744.5,765.6,6063.0,0.022709056906224934,14.4399995803833,0QOQ.LON,0QOQ.LON
2019-09-18,765.5,768.6,761.4,766.0,3149.0,0.0005224660397074032,13.949999809265137,0QOQ.LON,0QOQ.LON
2019-09-19,766.95,767.4,761.6,767.0,2547.0,0.0013054830287206887,14.050000190734863,0QOQ.LON,0QOQ.LON
2019-09-20,768.125,776.6,766.75,776.6,2425.0,0.01251629726206005,15.319999694824219,0QOQ.LON,0QOQ.LON
2019-09-23,774.8,774.8,765.6,773.0,5176.0,-0.004635591037857378,14.90999984741211,0QOQ.LON,0QOQ.LON
2019-09-24,771.2,774.6,762.4,763.2,9147.0,-0.01267787839586021,17.049999237060547,0QOQ.LON,0QOQ.LON
2019-09-25,753.5,761.4,752.5,760.5,14645.0,-0.0035377358490567,15.960000038146973,0QOQ.LON,0QOQ.LON
2019-09-26,764.4,772.2,764.4,766.65,3541.0,0.008086785009861819,16.06999969482422,0QOQ.LON,0QOQ.LON
2019-09-27,769.1,774.0,768.8,768.9,3051.0,0.002934846409704539,17.219999313354492,0QOQ.LON,0QOQ.LON
2019-09-30,768.875,772.0,765.8,765.8,29300.0,-0.004031733645467606,16.239999771118164,0QOQ.LON,0QOQ.LON
2019-10-01,769.25,770.375,759.55,760.2,9402.0,-0.007312614259597727,18.559999465942383,0QOQ.LON,0QOQ.LON
2019-10-02,754.75,754.75,738.4,739.2,23721.0,-0.027624309392265234,20.559999465942383,0QOQ.LON,0QOQ.LON
2019-10-03,741.76,743.5,739.35,742.0,3854.0,0.0037878787878786735,19.1200008392334,0QOQ.LON,0QOQ.LON
2019-10-04,747.2,750.5,743.2,750.2,32761.0,0.011051212938005373,17.040000915527344,0QOQ.LON,0QOQ.LON
2019-10-07,752.0,757.4,751.5,757.4,4195.0,0.009597440682484581,17.860000610351562,0QOQ.LON,0QOQ.LON
2019-10-08,756.0,758.32,740.6,746.7714,5346.0,-0.014033007657776597,20.280000686645508,0QOQ.LON,0QOQ.LON
2019-10-09,742.7,750.4,741.64,746.35,20667.0,-0.0005642958474305626,18.639999389648438,0QOQ.LON,0QOQ.LON
2019-10-10,745.0,751.2,741.72,746.4,4809.0,6.699269779586459e-05,17.56999969482422,0QOQ.LON,0QOQ.LON
2019-10-11,754.0,765.0,752.0,765.0,3215.0,0.024919614147909996,15.579999923706055,0QOQ.LON,0QOQ.LON
2019-10-14,761.8,765.0,758.2,765.0,2743.0,0.0,14.569999694824219,0QOQ.LON,0QOQ.LON
2019-10-15,763.44,771.5,761.8,768.8,3658.0,0.004967320261437758,13.539999961853027,0QOQ.LON,0QOQ.LON
2019-10-16,768.44,768.44,757.9,759.6,16002.0,-0.011966701352757458,13.680000305175781,0QOQ.LON,0QOQ.LON
2019-10-17,757.0,767.1,757.0,762.0692,5658.0,0.003250658241179538,13.789999961853027,0QOQ.LON,0QOQ.LON
2019-10-18,763.35,763.55,756.8,757.8,4831.0,-0.00560211592333093,14.25,0QOQ.LON,0QOQ.LON
2019-10-21,761.95,763.64,757.4,757.8,8156.0,0.0,14.0,0QOQ.LON,0QOQ.LON
2019-10-22,756.44,756.44,745.85,752.3,14720.0,-0.007257851675903981,14.460000038146973,0QOQ.LON,0QOQ.LON
2019-10-23,749.0,749.65,736.0,739.3,17699.0,-0.017280340289777985,14.010000228881836,0QOQ.LON,0QOQ.LON
2019-10-24,743.125,754.75,742.875,753.15,677.0,0.01873393750845387,13.710000038146973,0QOQ.LON,0QOQ.LON
2019-10-25,756.8,762.0,756.8,759.2,686.0,0.008032928367523118,12.649999618530273,0QOQ.LON,0QOQ.LON
2019-10-28,765.5,770.25,760.4,760.4,2276.0,0.0015806111696521352,13.109999656677246,0QOQ.LON,0QOQ.LON
2019-10-29,766.55,766.55,761.2,765.56,3376.0,0.00678590215675956,13.199999809265137,0QOQ.LON,0QOQ.LON
2019-10-30,765.75,770.5,765.75,769.0,2891.0,0.004493442708605633,12.329999923706055,0QOQ.LON,0QOQ.LON
2019-10-31,771.2,771.2,766.8,769.2,4014.0,0.0002600780234069955,13.220000267028809,0QOQ.LON,0QOQ.LON
2019-11-01,771.8,774.05,770.75,773.2797,5233.0,0.005303822152886051,12.300000190734863,0QOQ.LON,0QOQ.LON
2019-11-04,774.56,780.36,772.76,778.5,7856.0,0.006750856126185534,12.829999923706055,0QOQ.LON,0QOQ.LON
2019-11-05,779.36,780.0,767.4,767.4,9568.0,-0.014258188824662787,13.100000381469727,0QOQ.LON,0QOQ.LON
2019-11-06,768.0,768.95,760.0,768.95,4472.0,0.0020198071409955887,12.619999885559082,0QOQ.LON,0QOQ.LON
2019-11-07,775.04,780.6,773.6,778.0,6653.0,0.011769295792964263,12.729999542236328,0QOQ.LON,0QOQ.LON
2019-11-08,777.5,777.5,771.0,773.0,8388.0,-0.006426735218509005,12.069999694824219,0QOQ.LON,0QOQ.LON
2019-11-11,775.76,786.92,775.76,786.4,7952.0,0.01733505821474779,12.6899995803833,0QOQ.LON,0QOQ.LON
2019-11-12,789.625,796.0,789.625,796.0,11155.0,0.012207527975584886,12.680000305175781,0QOQ.LON,0QOQ.LON
2019-11-13,796.0,798.1,796.0,798.1,9371.0,0.0026381909547739113,13.0,0QOQ.LON,0QOQ.LON
2019-11-14,796.5,798.0,796.4,797.76,6169.0,-0.0004260117779727457,13.050000190734863,0QOQ.LON,0QOQ.LON
2019-11-15,799.5,807.56,799.5,806.8,5850.0,0.011331728840754174,12.050000190734863,0QOQ.LON,0QOQ.LON
2019-11-18,805.0,805.0,796.5,796.5,2223.0,-0.01276648487853238,12.460000038146973,0QOQ.LON,0QOQ.LON
2019-11-19,802.76,815.75,802.5,813.9336,13035.0,0.021887758945386082,12.859999656677246,0QOQ.LON,0QOQ.LON
2019-11-20,808.01,815.25,804.45,810.35,4628.0,-0.004402816151096278,12.779999732971191,0QOQ.LON,0QOQ.LON
2019-11-21,804.35,808.0,802.8,807.6,9206.0,-0.0033935953600295887,13.130000114440918,0QOQ.LON,0QOQ.LON
2019-11-22,805.5,816.14,805.5,814.32,6916.0,0.008320950965824636,12.34000015258789,0QOQ.LON,0QOQ.LON
2019-11-25,814.4,817.6,814.4,816.0,3930.0,0.0020630710285882703,11.869999885559082,0QOQ.LON,0QOQ.LON
2019-11-26,815.45,829.125,815.45,825.6,23214.0,0.0117647058823529,11.539999961853027,0QOQ.LON,0QOQ.LON
2019-11-27,829.4,840.8,829.4,838.2,15064.0,0.015261627906976827,11.75,0QOQ.LON,0QOQ.LON
2019-11-28,838.125,845.4,816.0,844.5,9144.0,0.007516105941302698,,0QOQ.LON,0QOQ.LON
2019-11-29,839.4,847.6,839.4,843.2,10547.0,-0.001539372409709805,12.619999885559082,0QOQ.LON,0QOQ.LON
2019-12-02,849.35,851.0,830.15,833.4,8934.0,-0.011622390891840695,14.90999984741211,0QOQ.LON,0QOQ.LON
2019-12-03,834.05,842.8,826.75,831.0,10934.0,-0.0028797696184305055,15.960000038146973,0QOQ.LON,0QOQ.LON
2019-12-04,830.65,844.4,830.35,844.4,12286.0,0.016125150421179235,14.800000190734863,0QOQ.LON,0QOQ.LON
2019-12-05,846.0,852.375,844.4,848.0,33302.0,0.00426338228327805,14.520000457763672,0QOQ.LON,0QOQ.LON
2019-12-06,852.0,859.9,851.875,856.0,1909.0,0.009433962264151052,13.619999885559082,0QOQ.LON,0QOQ.LON
2019-12-09,857.15,862.0,854.76,859.8,4840.0,0.004439252336448485,15.859999656677246,0QOQ.LON,0QOQ.LON
2019-12-10,852.4,854.0,844.5,853.4,1760.0,-0.0074435915329146285,15.680000305175781,0QOQ.LON,0QOQ.LON
2019-12-11,854.0,857.4,850.5,857.4,40732.0,0.004687133817670386,14.989999771118164,0QOQ.LON,0QOQ.LON
2019-12-12,861.5,862.6,856.25,862.6,2773.0,0.0060648472125028885,13.9399995803833,0QOQ.LON,0QOQ.LON
2019-12-13,866.75,867.8,860.0,861.56,5663.0,-0.001205657315094033,12.630000114440918,0QOQ.LON,0QOQ.LON
2019-12-16,868.0,876.56,861.4,861.4,24255.0,-0.00018570964297315307,12.140000343322754,0QOQ.LON,0QOQ.LON
2019-12-17,873.5,878.0,869.0,874.2,9483.0,0.014859530996053083,12.289999961853027,0QOQ.LON,0QOQ.LON
2019-12-18,868.5,874.0,863.75,866.8,4962.0,-0.008464882177991462,12.579999923706055,0QOQ.LON,0QOQ.LON
2019-12-19,862.4738,870.2484,862.4738,865.0,5039.0,-0.0020766035994461696,12.5,0QOQ.LON,0QOQ.LON
2019-12-20,876.65,879.4,874.0,879.4,3530.0,0.016647398843930628,12.510000228881836,0QOQ.LON,0QOQ.LON
2019-12-23,880.16,885.95,876.84,883.25,5077.0,0.004377984989765826,12.609999656677246,0QOQ.LON,0QOQ.LON
2019-12-27,887.5,894.4,887.5,891.8,5087.0,0.009680158505519287,13.430000305175781,0QOQ.LON,0QOQ.LON
2019-12-30,893.1,893.1,887.15,887.5,3619.0,-0.004821708903341548,14.819999694824219,0QOQ.LON,0QOQ.LON
2020-01-03,883.3,896.0,883.3,894.55,21267.0,0.00794366197183094,14.020000457763672,0QOQ.LON,0QOQ.LON
2020-01-06,887.78,897.6,883.85,897.6,9074.0,0.0034095355206529288,13.850000381469727,0QOQ.LON,0QOQ.LON
2020-01-07,901.75,907.3,898.4,903.8,5909.0,0.006907308377896548,13.789999961853027,0QOQ.LON,0QOQ.LON
2020-01-08,904.6,917.4,899.125,917.4,14063.0,0.015047576897543768,13.449999809265137,0QOQ.LON,0QOQ.LON
2020-01-09,921.95,922.375,910.85,913.05,4663.0,-0.004741661216481341,12.539999961853027,0QOQ.LON,0QOQ.LON
2020-01-10,916.0,916.5,911.35,912.75,3288.0,-0.0003285690816493547,12.5600004196167,0QOQ.LON,0QOQ.LON
2020-01-13,916.75,921.5,914.6,914.6,9891.0,0.0020268419611064736,12.319999694824219,0QOQ.LON,0QOQ.LON
2020-01-14,912.0,916.4,909.55,916.4,4788.0,0.0019680734747429263,12.390000343322754,0QOQ.LON,0QOQ.LON
2020-01-15,918.16,922.18,917.2,921.2,5941.0,0.005237887385421303,12.420000076293945,0QOQ.LON,0QOQ.LON
2020-01-16,921.3,928.2,919.4,921.0,2530.0,-0.00021710811984376743,12.319999694824219,0QOQ.LON,0QOQ.LON
2020-01-17,923.2,933.2,920.6,933.2,6742.0,0.013246471226927348,12.100000381469727,0QOQ.LON,0QOQ.LON
2020-01-20,932.6,942.8,932.6,942.8,3472.0,0.010287183883411766,,0QOQ.LON,0QOQ.LON
2020-01-21,936.44,944.2,936.44,941.5236,1914.0,-0.0013538396266440378,12.850000381469727,0QOQ.LON,0QOQ.LON
2020-01-22,950.8,950.8,939.2,940.4,6455.0,-0.0011933848498327793,12.90999984741211,0QOQ.LON,0QOQ.LON
2020-01-23,924.0,925.0,891.0,925.0,37261.0,-0.016376010208421943,12.979999542236328,0QOQ.LON,0QOQ.LON
2020-01-24,906.6,906.6,897.8,900.0,5611.0,-0.027027027027026973,14.5600004196167,0QOQ.LON,0QOQ.LON
2020-01-27,886.25,892.4,874.2,882.6,10916.0,-0.019333333333333313,18.229999542236328,0QOQ.LON,0QOQ.LON
2020-01-28,891.46,893.8,880.0,890.4,3140.0,0.008837525492861875,16.280000686645508,0QOQ.LON,0QOQ.LON
2020-01-29,892.6,897.0,888.8,897.0,5365.0,0.0074123989218328745,16.389999389648438,0QOQ.LON,0QOQ.LON
2020-01-30,890.2,892.04,881.4,889.36,6138.0,-0.008517279821627644,15.489999771118164,0QOQ.LON,0QOQ.LON
2020-01-31,896.28,901.4,884.32,884.8,4935.0,-0.005127282540253741,18.84000015258789,0QOQ.LON,0QOQ.LON
2020-02-03,889.8,900.95,886.2,895.8,5306.0,0.012432188065099492,17.969999313354492,0QOQ.LON,0QOQ.LON
2020-02-04,898.2,906.4,897.6,905.4,3126.0,0.010716677829872845,16.049999237060547,0QOQ.LON,0QOQ.LON
2020-02-05,905.0,920.74,905.0,918.4,6892.0,0.014358294676386052,15.149999618530273,0QOQ.LON,0QOQ.LON
2020-02-06,924.95,929.88,911.0,912.5726,4350.0,-0.006345165505226458,14.960000038146973,0QOQ.LON,0QOQ.LON
2020-02-07,916.0,920.0,914.0,918.8,3767.0,0.006824005016148771,15.470000267028809,0QOQ.LON,0QOQ.LON
2020-02-10,917.2,923.4,914.78,918.8,2354.0,0.0,15.039999961853027,0QOQ.LON,0QOQ.LON
2020-02-11,929.4,937.2,929.25,936.8,3391.0,0.019590770570309113,15.180000305175781,0QOQ.LON,0QOQ.LON
2020-02-12,937.46,937.46,926.8,935.4,2984.0,-0.0014944491887275424,13.739999771118164,0QOQ.LON,0QOQ.LON
2020-02-13,933.2,942.0,931.4,941.8,5840.0,0.006841992730382662,14.149999618530273,0QOQ.LON,0QOQ.LON
2020-02-14,941.92,944.06,936.6,941.6,6428.0,-0.00021235931195573432,13.680000305175781,0QOQ.LON,0QOQ.LON
2020-02-17,945.9,950.36,941.58,943.2,3699.0,0.001699235344095218,,0QOQ.LON,0QOQ.LON
2020-02-18,939.0,948.0,939.0,948.0,2177.0,0.0050890585241729624,14.829999923706055,0QOQ.LON,0QOQ.LON
2020-02-19,953.56,964.8,953.56,960.0,2642.0,0.012658227848101333,14.380000114440918,0QOQ.LON,0QOQ.LON
2020-02-20,963.95,967.2,957.8,958.0,22672.0,-0.002083333333333326,15.5600004196167,0QOQ.LON,0QOQ.LON
2020-02-21,951.8,963.0,950.8,955.8,4239.0,-0.002296450939457295,17.079999923706055,0QOQ.LON,0QOQ.LON
2020-02-24,932.2,937.0,901.4,911.0,12030.0,-0.04687173048754967,25.030000686645508,0QOQ.LON,0QOQ.LON
2020-02-25,920.6,928.9,902.8,911.0,10360.0,0.0,27.850000381469727,0QOQ.LON,0QOQ.LON
2020-02-26,896.6,900.6,867.6,897.2,5155.0,-0.015148188803512541,27.559999465942383,0QOQ.LON,0QOQ.LON
2020-02-27,886.6,886.6,856.2,868.26,4568.0,-0.032255907267053074,39.15999984741211,0QOQ.LON,0QOQ.LON
2020-02-28,825.4,865.4,819.4,831.0,19472.0,-0.04291341303296248,40.11000061035156,0QOQ.LON,0QOQ.LON
2020-03-02,863.1,863.4,829.0,847.6,9273.0,0.01997593261131181,33.41999816894531,0QOQ.LON,0QOQ.LON
2020-03-03,869.2,878.8,865.4,865.4,8408.0,0.0210004719207173,36.81999969482422,0QOQ.LON,0QOQ.LON
2020-03-04,864.0,885.2,861.4,871.0,5307.0,0.006470996071181068,31.989999771118164,0QOQ.LON,0QOQ.LON
2020-03-05,879.2,880.4,853.4,859.4,10439.0,-0.013318025258323818,39.619998931884766,0QOQ.LON,0QOQ.LON
2020-03-06,837.0,843.2,818.0,822.8,4063.0,-0.04258785198976034,41.939998626708984,0QOQ.LON,0QOQ.LON
2020-03-09,730.4,783.24,729.05,767.4166,5613.0,-0.06731088964511422,54.459999084472656,0QOQ.LON,0QOQ.LON
2020-03-10,775.2,797.4,751.8,755.6,28544.0,-0.015397894702825043,47.29999923706055,0QOQ.LON,0QOQ.LON
2020-03-11,764.4,770.4,739.72,745.0,10900.0,-0.01402858655373218,53.900001525878906,0QOQ.LON,0QOQ.LON
2020-03-12,661.0,702.4,619.6,635.8,5385.0,-0.14657718120805374,75.47000122070312,0QOQ.LON,0QOQ.LON
2020-03-13,658.6,676.08,633.8,642.8,16140.0,0.011009751494180486,57.83000183105469,0QOQ.LON,0QOQ.LON
2020-03-16,605.4,619.2,563.8,597.0,30962.0,-0.07125077784691969,82.69000244140625,0QOQ.LON,0QOQ.LON
2020-03-17,620.0,620.0,530.16,554.0,14590.0,-0.07202680067001677,75.91000366210938,0QOQ.LON,0QOQ.LON
2020-03-18,560.78,576.0,532.0,552.5013,44531.0,-0.0027052346570396457,76.44999694824219,0QOQ.LON,0QOQ.LON
2020-03-19,575.08,592.8,564.6,583.0,26073.0,0.055201137083297436,72.0,0QOQ.LON,0QOQ.LON
2020-03-20,629.6,641.2,585.4,594.2,4397.0,0.019210977701543897,66.04000091552734,0QOQ.LON,0QOQ.LON
2020-03-23,555.2,586.6,546.0,572.4,8442.0,-0.03668798384382377,61.59000015258789,0QOQ.LON,0QOQ.LON
2020-03-24,593.2,661.4,569.6,657.8,28937.0,0.1491963661774982,61.66999816894531,0QOQ.LON,0QOQ.LON
2020-03-25,709.9,729.4,648.56,675.4,65627.0,0.026755852842809347,63.95000076293945,0QOQ.LON,0QOQ.LON
2020-03-26,664.8,699.3,663.6,696.0,118271.0,0.030500444181225994,61.0,0QOQ.LON,0QOQ.LON
2020-03-27,695.4,695.4,657.6,671.2,12386.0,-0.0356321839080459,65.54000091552734,0QOQ.LON,0QOQ.LON
2020-03-30,656.6,665.8,643.32,665.8,7376.0,-0.00804529201430293,57.08000183105469,0QOQ.LON,0QOQ.LON
2020-03-31,681.8,691.0,665.0,669.6,7094.0,0.0057074196455393356,53.540000915527344,0QOQ.LON,0QOQ.LON
2020-04-01,654.4,665.08,648.6,655.0,5438.0,-0.021804062126642765,57.060001373291016,0QOQ.LON,0QOQ.LON
2020-04-02,661.4,669.2,643.6,646.4,34466.0,-0.013129770992366452,50.90999984741211,0QOQ.LON,0QOQ.LON
2020-04-03,647.0,655.8,641.6,651.8,7006.0,0.00835396039603964,46.79999923706055,0QOQ.LON,0QOQ.LON
2020-04-06,690.6,702.4,681.4,683.0,6983.0,0.047867444001227444,45.2400016784668,0QOQ.LON,0QOQ.LON
2020-04-07,708.4,723.2,701.0,713.0,8139.0,0.04392386530014636,46.70000076293945,0QOQ.LON,0QOQ.LON
2020-04-08,717.42,718.6,703.0,714.0,4044.0,0.0014025245441795509,43.349998474121094,0QOQ.LON,0QOQ.LON
2020-04-09,734.6,753.8,733.4,751.2,12555.0,0.05210084033613449,41.66999816894531,0QOQ.LON,0QOQ.LON
2020-04-14,780.8,780.8,755.2,762.2,25252.0,0.014643237486688054,37.7599983215332,0QOQ.LON,0QOQ.LON
2020-04-15,764.4,764.4,717.8,721.0,3867.0,-0.05405405405405406,40.84000015258789,0QOQ.LON,0QOQ.LON
2020-04-16,734.1,735.4,706.6,712.946,4137.0,-0.01117059639389728,40.11000061035156,0QOQ.LON,0QOQ.LON
2020-04-17,735.6,741.4,726.6,736.2,27693.0,0.032616776025112815,38.150001525878906,0QOQ.LON,0QOQ.LON
2020-04-20,738.2,741.6,732.0,736.8,5629.0,0.0008149959250203231,43.83000183105469,0QOQ.LON,0QOQ.LON
2020-04-21,731.2,731.2,714.2,722.6,8240.0,-0.019272529858848975,45.40999984741211,0QOQ.LON,0QOQ.LON
2020-04-22,719.2,723.2,715.6,721.6,2747.0,-0.0013838915029061871,41.97999954223633,0QOQ.LON,0QOQ.LON
2020-04-23,729.0,734.2,718.6,727.0,3565.0,0.007483370288248414,41.380001068115234,0QOQ.LON,0QOQ.LON
2020-04-24,716.8,723.4,710.0,719.8,7554.0,-0.009903713892709831,35.93000030517578,0QOQ.LON,0QOQ.LON
2020-04-27,735.8,738.0,731.4,737.2,5467.0,0.024173381494859703,33.290000915527344,0QOQ.LON,0QOQ.LON
2020-04-28,739.0,758.6,739.0,746.8,7706.0,0.01302224633749316,33.56999969482422,0QOQ.LON,0QOQ.LON
2020-04-29,747.0,779.2,747.0,774.8,80402.0,0.03749330476700585,31.229999542236328,0QOQ.LON,0QOQ.LON
2020-04-30,778.0,781.0,759.8,759.8,63693.0,-0.01935983479607639,34.150001525878906,0QOQ.LON,0QOQ.LON
2020-05-04,737.86,742.2,723.6,732.6333,2914.0,-0.03575506712292709,35.970001220703125,0QOQ.LON,0QOQ.LON
2020-05-05,746.0,750.8,737.6,750.8,3928.0,0.024796443186516415,33.61000061035156,0QOQ.LON,0QOQ.LON
2020-05-06,759.4,770.6,750.2,766.0,6298.0,0.020245071923281843,34.119998931884766,0QOQ.LON,0QOQ.LON
2020-05-07,773.8,794.4,771.4,794.4,6707.0,0.03707571801566578,31.440000534057617,0QOQ.LON,0QOQ.LON
2020-05-11,790.0,791.4,774.2,783.52,2756.0,-0.013695871097683776,27.56999969482422,0QOQ.LON,0QOQ.LON
2020-05-12,776.0,782.0,770.0,778.0,4076.0,-0.007045129671227279,33.040000915527344,0QOQ.LON,0QOQ.LON
2020-05-13,761.0,763.6,755.4,755.4,23560.0,-0.029048843187660656,35.279998779296875,0QOQ.LON,0QOQ.LON
2020-05-14,750.96,751.2,708.18,721.0,14433.0,-0.045538787397405356,32.61000061035156,0QOQ.LON,0QOQ.LON
2020-05-15,714.6,731.96,710.2,729.6,19220.0,0.011927877947295551,31.889999389648438,0QOQ.LON,0QOQ.LON
2020-05-18,746.8,746.8,736.66,745.6,3482.0,0.021929824561403466,29.299999237060547,0QOQ.LON,0QOQ.LON
2020-05-19,754.6,765.02,747.2,760.8,10149.0,0.020386266094420513,30.530000686645508,0QOQ.LON,0QOQ.LON
2020-05-20,758.2,781.8,755.0,781.8,5236.0,0.027602523659306044,27.989999771118164,0QOQ.LON,0QOQ.LON
2020-05-22,768.0,775.0,763.8,770.8,56587.0,-0.014070094653364063,28.15999984741211,0QOQ.LON,0QOQ.LON
2020-05-26,781.8,786.8,769.2,775.8,69635.0,0.006486766995329463,28.010000228881836,0QOQ.LON,0QOQ.LON
2020-05-27,778.4,788.0,773.2,780.6,4251.0,0.006187161639597871,27.6200008392334,0QOQ.LON,0QOQ.LON
2020-05-28,792.7,798.8,788.4,794.8,14966.0,0.01819113502434022,28.59000015258789,0QOQ.LON,0QOQ.LON
2020-05-29,786.4,799.0,782.8,794.4,3333.0,-0.0005032712632108138,27.510000228881836,0QOQ.LON,0QOQ.LON
2020-06-02,797.78,799.8,791.4,797.6,4718.0,0.004028197381671816,26.84000015258789,0QOQ.LON,0QOQ.LON
2020-06-03,799.8,828.8,799.8,826.4,4284.0,0.03610832497492478,25.65999984741211,0QOQ.LON,0QOQ.LON
2020-06-04,816.8,825.0,803.4,820.0,19377.0,-0.007744433688286478,25.809999465942383,0QOQ.LON,0QOQ.LON
2020-06-05,824.2,846.8,824.2,842.0,27738.0,0.02682926829268295,24.520000457763672,0QOQ.LON,0QOQ.LON
2020-06-08,841.2,843.4,830.6,843.4,26334.0,0.0016627078384798821,25.809999465942383,0QOQ.LON,0QOQ.LON
2020-06-09,838.62,840.6,821.0,833.0,3954.0,-0.012331041024424949,27.56999969482422,0QOQ.LON,0QOQ.LON
2020-06-10,839.8,841.62,825.0,831.0,5460.0,-0.0024009603841537164,27.56999969482422,0QOQ.LON,0QOQ.LON
2020-06-11,801.0,817.4,801.0,808.6,6975.0,-0.02695547533092657,40.790000915527344,0QOQ.LON,0QOQ.LON
2020-06-12,800.6,818.6,799.0,805.2,1959.0,-0.004204798417017042,36.09000015258789,0QOQ.LON,0QOQ.LON
2020-06-15,792.0,810.02,784.6,808.6,1703.0,0.004222553402881246,34.400001525878906,0QOQ.LON,0QOQ.LON
2020-06-16,823.0,838.8,822.6,829.2,37103.0,0.025476131585456363,33.66999816894531,0QOQ.LON,0QOQ.LON
2020-06-17,831.0,839.6,827.06,829.0,10999.0,-0.0002411963338158074,33.470001220703125,0QOQ.LON,0QOQ.LON
2020-06-18,830.6,831.56,822.8,826.4,1620.0,-0.003136308805790189,32.939998626708984,0QOQ.LON,0QOQ.LON
2020-06-19,832.4,841.6,830.0,832.8,8040.0,0.007744433688286589,35.119998931884766,0QOQ.LON,0QOQ.LON
2020-06-22,837.8,856.8,837.8,851.8,14857.0,0.022814601344860685,31.770000457763672,0QOQ.LON,0QOQ.LON
2020-06-23,848.8,857.0,836.2,836.6,29875.0,-0.0178445644517492,31.3700008392334,0QOQ.LON,0QOQ.LON
2020-06-24,835.68,844.38,829.8,838.913,12334.0,0.0027647621324409233,33.84000015258789,0QOQ.LON,0QOQ.LON
2020-06-25,831.8,849.4,827.2,849.4,4905.0,0.012500700310997592,32.220001220703125,0QOQ.LON,0QOQ.LON
2020-06-26,852.6,862.6,851.6,853.8,3784.0,0.005180127148575409,34.72999954223633,0QOQ.LON,0QOQ.LON
2020-06-29,846.6,858.0,846.4,854.303,13582.0,0.0005891309440151371,31.780000686645508,0QOQ.LON,0QOQ.LON
2020-06-30,843.4,859.8,843.4,859.4,7192.0,0.005966267237736522,30.43000030517578,0QOQ.LON,0QOQ.LON
2020-07-01,860.4,877.2,858.2,870.0,31831.0,0.012334186641843159,28.6200008392334,0QOQ.LON,0QOQ.LON
2020-07-02,872.0,878.2,865.8,866.9655,12127.0,-0.0034879310344827497,27.68000030517578,0QOQ.LON,0QOQ.LON
2020-07-03,871.8,875.6,869.2,870.6,4928.0,0.004192208340470405,,0QOQ.LON,0QOQ.LON
2020-07-06,879.4,885.6,873.2,876.8,1535.0,0.007121525384792049,27.940000534057617,0QOQ.LON,0QOQ.LON
2020-07-07,877.8,877.8,870.6,875.8,2109.0,-0.0011405109489051046,29.43000030517578,0QOQ.LON,0QOQ.LON
2020-07-08,868.4,879.0,868.4,877.2,3682.0,0.0015985384791048496,28.079999923706055,0QOQ.LON,0QOQ.LON
2020-07-09,884.0,896.0,879.0,880.4,10901.0,0.003647970816233359,29.260000228881836,0QOQ.LON,0QOQ.LON
2020-07-10,880.4,891.0,880.0,881.8,2076.0,0.001590186278964012,27.290000915527344,0QOQ.LON,0QOQ.LON
2020-07-13,892.2,892.6,882.0,891.8,1717.0,0.011340440009072417,32.189998626708984,0QOQ.LON,0QOQ.LON
2020-07-14,863.2,887.6,863.2,873.0,10744.0,-0.02108095985646996,29.520000457763672,0QOQ.LON,0QOQ.LON
2020-07-15,882.4,896.6,872.6,892.2,8933.0,0.021993127147766467,27.760000228881836,0QOQ.LON,0QOQ.LON
2020-07-16,885.6,899.6,885.2,899.0,5706.0,0.007621609504595339,28.0,0QOQ.LON,0QOQ.LON
2020-07-17,892.0,893.8,887.4,887.8,2966.0,-0.012458286985539524,25.68000030517578,0QOQ.LON,0QOQ.LON
2020-07-20,883.6,895.9,881.0,895.9,6141.0,0.009123676503717038,24.459999084472656,0QOQ.LON,0QOQ.LON
2020-07-21,900.4,910.8,894.4,895.6,22626.0,-0.00033485880120542877,24.84000015258789,0QOQ.LON,0QOQ.LON
2020-07-22,893.8,901.6,891.2,900.2,9346.0,0.0051362215274677325,24.31999969482422,0QOQ.LON,0QOQ.LON
2020-07-23,900.4,904.0,897.8,899.6,7921.0,-0.0006665185514330707,26.079999923706055,0QOQ.LON,0QOQ.LON
2020-07-24,886.4,891.2,882.4,890.0,3853.0,-0.01067140951534018,25.84000015258789,0QOQ.LON,0QOQ.LON
2020-07-27,889.0,895.6,886.2,888.8896,3370.0,-0.0012476404494382587,24.739999771118164,0QOQ.LON,0QOQ.LON
2020-07-28,892.8,892.8,883.6,889.0,3698.0,0.00012419990064005404,25.440000534057617,0QOQ.LON,0QOQ.LON
2020-07-29,889.4,900.0,889.4,893.0,2554.0,0.004499437570303799,24.100000381469727,0QOQ.LON,0QOQ.LON
2020-07-30,894.8,895.0,873.0,876.6,3823.0,-0.018365061590145504,24.760000228881836,0QOQ.LON,0QOQ.LON
2020-07-31,882.8,894.6,881.2,882.6,5422.0,0.00684462696783017,24.459999084472656,0QOQ.LON,0QOQ.LON
2020-08-03,881.2,907.0,879.0,901.0,24926.0,0.02084749603444358,24.280000686645508,0QOQ.LON,0QOQ.LON
2020-08-04,907.4,908.6,883.6,883.8,3497.0,-0.01908990011098788,23.760000228881836,0QOQ.LON,0QOQ.LON
2020-08-05,889.8,894.2,889.2,892.4,2846.0,0.00973070830504641,22.989999771118164,0QOQ.LON,0QOQ.LON
2020-08-06,890.8,898.8,888.8,894.0,856.0,0.0017929179740026058,22.649999618530273,0QOQ.LON,0QOQ.LON
2020-08-07,895.2,899.6,892.2,897.2,1229.0,0.0035794183445190253,22.209999084472656,0QOQ.LON,0QOQ.LON
2020-08-10,899.0,899.4,890.6,891.2,1021.0,-0.006687472135532779,22.1299991607666,0QOQ.LON,0QOQ.LON
2020-08-11,898.4,903.0,893.4,898.0,2681.0,0.0076301615798921585,24.030000686645508,0QOQ.LON,0QOQ.LON
2020-08-12,895.8,911.0,892.4,908.8,1453.0,0.012026726057906334,22.280000686645508,0QOQ.LON,0QOQ.LON
2020-08-13,909.8,913.0,906.4,908.4803,2351.0,-0.0003517825704224542,22.1299991607666,0QOQ.LON,0QOQ.LON
2020-08-14,904.6,909.8,901.0,904.6,1222.0,-0.004271198836122259,22.049999237060547,0QOQ.LON,0QOQ.LON
2020-08-17,906.2,912.0,904.2,910.4,2938.0,0.006411673667919393,21.350000381469727,0QOQ.LON,0QOQ.LON
2020-08-18,905.4,911.4,904.0,906.6,1388.0,-0.004173989455184435,21.510000228881836,0QOQ.LON,0QOQ.LON
2020-08-19,902.6,911.2,902.6,910.6,28124.0,0.004412089124200325,22.540000915527344,0QOQ.LON,0QOQ.LON
2020-08-20,908.2,915.0,906.0,908.2,1587.0,-0.0026356248627278367,22.719999313354492,0QOQ.LON,0QOQ.LON
2020-08-21,911.2302,914.4,904.8,907.8,1813.0,-0.00044043162299067795,22.540000915527344,0QOQ.LON,0QOQ.LON
2020-08-24,915.0,923.8,912.8,920.6,2033.0,0.014100022031284576,22.3700008392334,0QOQ.LON,0QOQ.LON
2020-08-25,921.4,925.4,916.0,916.2,3835.0,-0.004779491635889643,22.030000686645508,0QOQ.LON,0QOQ.LON
2020-08-26,911.0,924.6,910.0,922.6,2917.0,0.00698537437240776,23.270000457763672,0QOQ.LON,0QOQ.LON
2020-08-27,923.0,930.2,919.8,919.8,4878.0,-0.0030349013657057222,24.469999313354492,0QOQ.LON,0QOQ.LON
2020-08-28,920.0,922.4,909.8,914.8,1754.0,-0.005435964340073984,22.959999084472656,0QOQ.LON,0QOQ.LON
2020-09-01,920.2,926.2,909.6,910.4,4360.0,-0.00480979449059904,26.1200008392334,0QOQ.LON,0QOQ.LON
2020-09-02,922.8,925.4,916.2,918.6,1572.0,0.009007029876977102,26.56999969482422,0QOQ.LON,0QOQ.LON
2020-09-03,925.4,927.0,880.0,883.6,6103.0,-0.03810145874156323,33.599998474121094,0QOQ.LON,0QOQ.LON
2020-09-04,877.032,887.6,865.0,868.0,3124.0,-0.017655047532820323,30.75,0QOQ.LON,0QOQ.LON
2020-09-07,875.0,887.0,875.0,880.2,7116.0,0.014055299539170507,,0QOQ.LON,0QOQ.LON
2020-09-08,905.8,905.8,859.6,870.6,5879.0,-0.010906612133605997,31.459999084472656,0QOQ.LON,0QOQ.LON
2020-09-09,869.8,885.2,865.6,885.2,13297.0,0.016770043648058897,28.809999465942383,0QOQ.LON,0QOQ.LON
2020-09-10,883.0,893.0,874.0,874.0,5875.0,-0.012652507907817467,29.709999084472656,0QOQ.LON,0QOQ.LON
2020-09-11,876.2,885.6,873.8,879.2,2740.0,0.00594965675057213,26.8700008392334,0QOQ.LON,0QOQ.LON
2020-09-14,884.2,886.6,857.4,871.8,26214.0,-0.0084167424931757,25.850000381469727,0QOQ.LON,0QOQ.LON
2020-09-15,873.8,874.0,859.4,860.6,29976.0,-0.012846983253039568,25.59000015258789,0QOQ.LON,0QOQ.LON
2020-09-16,870.2,876.2,861.2,864.4,4682.0,0.004415524052986175,26.040000915527344,0QOQ.LON,0QOQ.LON
2020-09-17,862.0,864.2,855.2,856.6,11236.0,-0.0090236001850994,26.459999084472656,0QOQ.LON,0QOQ.LON
2020-09-18,867.2,899.2,854.0292,854.2,561062.0,-0.0028017744571561254,25.829999923706055,0QOQ.LON,0QOQ.LON
2020-09-21,857.0,857.0,824.0,832.4,28824.0,-0.025520955279794033,27.780000686645508,0QOQ.LON,0QOQ.LON
2020-09-22,837.4,850.8,833.8,836.4,5921.0,0.0048053820278712855,26.860000610351562,0QOQ.LON,0QOQ.LON
2020-09-23,837.0,850.4,835.0,850.4,34702.0,0.016738402678144526,28.579999923706055,0QOQ.LON,0QOQ.LON
2020-09-24,840.4,845.0,830.0,834.2,2254.0,-0.019049858889934046,28.510000228881836,0QOQ.LON,0QOQ.LON
2020-09-25,839.2,839.2,827.2,838.8,26101.0,0.0055142651642290375,26.3799991607666,0QOQ.LON,0QOQ.LON
2020-09-28,851.2,865.4,848.8,864.525,1868.0,0.030668812589413452,26.190000534057617,0QOQ.LON,0QOQ.LON
2020-09-29,862.2,862.2,848.6,849.2,8639.0,-0.017726497209450187,26.270000457763672,0QOQ.LON,0QOQ.LON
2020-09-30,848.8,852.0,841.8,847.6,2295.0,-0.0018841262364578393,26.3700008392334,0QOQ.LON,0QOQ.LON
2020-10-01,853.8,860.4,849.8,850.2,3069.0,0.0030674846625766694,26.700000762939453,0QOQ.LON,0QOQ.LON
2020-10-02,844.2,848.6,839.8,845.2,3873.0,-0.005880969183721496,27.6299991607666,0QOQ.LON,0QOQ.LON
2020-10-05,853.6,855.6,843.0,844.8,5121.0,-0.00047326076668252615,27.959999084472656,0QOQ.LON,0QOQ.LON
2020-10-06,849.4,849.4,837.0,842.4,3626.0,-0.0028409090909090606,29.479999542236328,0QOQ.LON,0QOQ.LON
2020-10-07,843.6,857.4,843.6,856.2,7765.0,0.01638176638176647,28.059999465942383,0QOQ.LON,0QOQ.LON
2020-10-08,858.4,863.4,858.0,862.0,3729.0,0.006774118196682943,26.360000610351562,0QOQ.LON,0QOQ.LON
2020-10-09,864.0,876.0,863.8,876.0,4552.0,0.016241299303944245,25.0,0QOQ.LON,0QOQ.LON
2020-10-12,880.2,880.8,875.0,875.2,1810.0,-0.0009132420091323423,25.06999969482422,0QOQ.LON,0QOQ.LON
2020-10-13,874.2,874.2,865.6,868.1471,4050.0,-0.008058615173674566,26.06999969482422,0QOQ.LON,0QOQ.LON
2020-10-14,870.0,878.0,862.6,864.0,3557.0,-0.004776955426102347,26.399999618530273,0QOQ.LON,0QOQ.LON
2020-10-15,849.4,850.2,839.4,844.8,5105.0,-0.022222222222222254,26.969999313354492,0QOQ.LON,0QOQ.LON
2020-10-16,850.0,861.0,848.8,860.0,38849.0,0.01799242424242431,27.40999984741211,0QOQ.LON,0QOQ.LON
2020-10-19,865.2,868.8,858.8,860.0,2419.0,0.0,29.18000030517578,0QOQ.LON,0QOQ.LON
2020-10-20,860.8,867.4,860.8,864.4,6181.0,0.005116279069767415,29.350000381469727,0QOQ.LON,0QOQ.LON
2020-10-21,861.2,861.2,853.6,854.8,4137.0,-0.011105969458583997,28.649999618530273,0QOQ.LON,0QOQ.LON
2020-10-22,849.4,856.2,845.6,854.2,3221.0,-0.0007019185774449488,28.110000610351562,0QOQ.LON,0QOQ.LON
2020-10-23,856.2,859.4,852.4,854.6,3003.0,0.00046827440880359283,27.549999237060547,0QOQ.LON,0QOQ.LON
2020-10-26,853.0,853.0,836.0,836.8,4984.0,-0.02082845775801556,32.459999084472656,0QOQ.LON,0QOQ.LON
2020-10-27,836.4,841.4,832.2,834.8,3993.0,-0.002390057361376652,33.349998474121094,0QOQ.LON,0QOQ.LON
2020-10-28,835.2,835.2,820.6,832.0,28212.0,-0.0033540967896501517,40.279998779296875,0QOQ.LON,0QOQ.LON
2020-10-29,830.2,834.0,820.4,824.4,15667.0,-0.009134615384615463,37.59000015258789,0QOQ.LON,0QOQ.LON
2020-10-30,812.6,826.6,812.6,826.6,19226.0,0.002668607472100959,38.02000045776367,0QOQ.LON,0QOQ.LON
2020-11-02,829.0,865.2,829.0,865.2,4706.0,0.04669731429954038,37.130001068115234,0QOQ.LON,0QOQ.LON
2020-11-03,873.4,892.8,873.0,892.8,16565.0,0.03190013869625519,35.54999923706055,0QOQ.LON,0QOQ.LON
2020-11-04,882.6,915.0,877.2,904.6,21867.0,0.013216845878136319,29.56999969482422,0QOQ.LON,0QOQ.LON
2020-11-05,923.4,934.6,923.4,930.6,21620.0,0.02874198540791517,27.579999923706055,0QOQ.LON,0QOQ.LON
2020-11-06,927.6,932.2,913.2,929.8,19645.0,-0.0008596604341285508,24.860000610351562,0QOQ.LON,0QOQ.LON
2020-11-09,939.8,971.2,939.8,955.6,21790.0,0.027747902774790445,25.75,0QOQ.LON,0QOQ.LON
2020-11-10,951.8,956.8,915.8,917.0,17658.0,-0.040393470071159454,24.799999237060547,0QOQ.LON,0QOQ.LON
2020-11-11,917.6,932.0,917.6,932.0,4411.0,0.016357688113413316,23.450000762939453,0QOQ.LON,0QOQ.LON
2020-11-12,922.2,926.8,913.6,924.2,6430.0,-0.008369098712446288,25.350000381469727,0QOQ.LON,0QOQ.LON
2020-11-13,924.0,924.0,918.0,922.4,82887.0,-0.001947630383034027,23.100000381469727,0QOQ.LON,0QOQ.LON
2020-11-16,928.0,934.2,925.2,925.2,5425.0,0.0030355594102342565,22.450000762939453,0QOQ.LON,0QOQ.LON
2020-11-17,925.2,928.0,918.2,919.0,16580.0,-0.0067012537829659324,22.709999084472656,0QOQ.LON,0QOQ.LON
2020-11-18,918.4,923.2,912.6,920.4,1022.0,0.001523394994559224,23.84000015258789,0QOQ.LON,0QOQ.LON
2020-11-19,915.6,948.8,915.6,943.6,12962.0,0.02520643198609296,23.110000610351562,0QOQ.LON,0QOQ.LON
2020-11-20,941.2,944.6,932.6,936.4,21240.0,-0.007630351844001737,23.700000762939453,0QOQ.LON,0QOQ.LON
2020-11-23,939.0,941.6,932.2,933.8,8955.0,-0.0027765912003417936,22.65999984741211,0QOQ.LON,0QOQ.LON
2020-11-24,942.6,945.8,939.2,944.8,12595.0,0.011779824373527426,21.639999389648438,0QOQ.LON,0QOQ.LON
2020-11-25,948.8,957.6,947.6,955.2,10303.0,0.01100762066045724,21.25,0QOQ.LON,0QOQ.LON
2020-11-26,956.4,957.6,952.8,955.6,1631.0,0.00041876046901179187,,0QOQ.LON,0QOQ.LON
2020-11-27,956.8,966.4,956.8,966.4,2929.0,0.011301799916282995,20.84000015258789,0QOQ.LON,0QOQ.LON
2020-11-30,964.6,986.0,963.6,979.4,3730.0,0.01345198675496695,20.56999969482422,0QOQ.LON,0QOQ.LON
2020-12-01,968.8,975.6,965.0,965.0,11229.0,-0.014702879313865602,20.770000457763672,0QOQ.LON,0QOQ.LON
2020-12-02,963.4,975.6,958.8,967.8,101998.0,0.002901554404145079,21.170000076293945,0QOQ.LON,0QOQ.LON
2020-12-03,967.8,982.8,967.8,979.4,13439.0,0.011985947509816075,21.280000686645508,0QOQ.LON,0QOQ.LON
2020-12-04,981.8,981.8,973.6,976.8,1047.0,-0.002654686542781337,20.790000915527344,0QOQ.LON,0QOQ.LON
2020-12-07,970.4,989.4,970.4,987.6,14332.0,0.011056511056511065,21.299999237060547,0QOQ.LON,0QOQ.LON
2020-12-08,989.2,992.8,979.4,986.0325,20764.0,-0.0015871810449574753,20.68000030517578,0QOQ.LON,0QOQ.LON
2020-12-09,986.0,990.0,979.2,987.5507,21171.0,0.0015397058413388898,22.270000457763672,0QOQ.LON,0QOQ.LON
2020-12-10,991.8,996.2,977.2,981.8,7859.0,-0.005823194697750722,22.520000457763672,0QOQ.LON,0QOQ.LON
2020-12-11,973.4,982.8,965.2,980.8,2097.0,-0.0010185373803218711,23.309999465942383,0QOQ.LON,0QOQ.LON
2020-12-14,987.0,987.2,971.0,972.0,6260.0,-0.008972267536704659,24.719999313354492,0QOQ.LON,0QOQ.LON
2020-12-15,969.6,986.8,969.6,986.8,2156.0,0.015226337448559724,22.889999389648438,0QOQ.LON,0QOQ.LON
2020-12-16,987.2,993.6,985.0,993.4,2912.0,0.006688285366842406,22.5,0QOQ.LON,0QOQ.LON
2020-12-17,998.8,1015.0,994.4,1012.5,27163.0,0.01922689752365625,21.93000030517578,0QOQ.LON,0QOQ.LON
2020-12-18,1017.0,1020.5,999.8,1001.0,17785.0,-0.011358024691358048,21.56999969482422,0QOQ.LON,0QOQ.LON
2020-12-21,992.6,992.6,971.6,987.8,7705.0,-0.013186813186813251,25.15999984741211,0QOQ.LON,0QOQ.LON
2020-12-22,992.2,999.8,991.0,999.8,4673.0,0.012148208139299399,24.229999542236328,0QOQ.LON,0QOQ.LON
2020-12-23,999.0,1015.5,999.0,1015.5,3715.0,0.01570314062812561,23.309999465942383,0QOQ.LON,0QOQ.LON
2020-12-29,1039.0,1050.5,1037.5,1049.0,5457.0,0.03298867552929585,23.079999923706055,0QOQ.LON,0QOQ.LON
2020-12-30,1050.0,1054.0,1041.0,1041.0,3668.0,-0.007626310772163913,22.770000457763672,0QOQ.LON,0QOQ.LON
2021-01-04,1051.0,1060.5,1044.5,1054.5,3470.0,0.012968299711815456,26.969999313354492,0QOQ.LON,0QOQ.LON
2021-01-05,1053.5,1055.5,1038.5,1042.5,4567.0,-0.011379800853485111,25.34000015258789,0QOQ.LON,0QOQ.LON
2021-01-06,1044.5,1064.0,1042.0,1062.0,5124.0,0.018705035971223083,25.06999969482422,0QOQ.LON,0QOQ.LON
2021-01-07,1058.0,1080.5,1055.5,1073.0,2293.0,0.010357815442561202,22.3700008392334,0QOQ.LON,0QOQ.LON
2021-01-08,1080.0,1080.0,1053.5,1061.5,10938.0,-0.01071761416589001,21.559999465942383,0QOQ.LON,0QOQ.LON
2021-01-11,1063.5,1063.5,1050.0,1051.0,49116.0,-0.009891662741403628,24.079999923706055,0QOQ.LON,0QOQ.LON
2021-01-12,1050.0,1055.0,1041.0,1050.0,5691.0,-0.0009514747859181716,23.329999923706055,0QOQ.LON,0QOQ.LON
2021-01-13,1052.5,1053.0,1041.5,1043.5,2492.0,-0.006190476190476191,22.209999084472656,0QOQ.LON,0QOQ.LON
2021-01-14,1046.0,1047.0,1036.5,1037.0,2753.0,-0.00622903689506471,23.25,0QOQ.LON,0QOQ.LON
2021-01-15,1042.5,1060.0,1042.5,1047.0,8747.0,0.009643201542912205,24.34000015258789,0QOQ.LON,0QOQ.LON
2021-01-18,1059.5,1059.5,1050.5,1050.5,1563.0,0.003342884431709603,,0QOQ.LON,0QOQ.LON
2021-01-19,1061.0,1061.0,1044.0,1050.0,3962.0,-0.0004759638267491928,23.239999771118164,0QOQ.LON,0QOQ.LON
2021-01-20,1053.5,1070.0,1053.0,1070.0,2912.0,0.01904761904761898,21.579999923706055,0QOQ.LON,0QOQ.LON
2021-01-21,1073.5,1087.0,1072.0,1082.0,3588.0,0.01121495327102795,21.31999969482422,0QOQ.LON,0QOQ.LON
2021-01-22,1074.0,1082.0,1069.5,1076.0,1495.0,-0.00554528650646946,21.90999984741211,0QOQ.LON,0QOQ.LON
2021-01-25,1082.5,1083.5,1066.5,1069.0,2842.0,-0.006505576208178487,23.190000534057617,0QOQ.LON,0QOQ.LON
2021-01-26,1066.0,1089.0,1064.5,1082.0,1070.0,0.012160898035547207,23.020000457763672,0QOQ.LON,0QOQ.LON
2021-01-27,1078.5,1086.5,1063.5,1073.0,4466.0,-0.008317929759704246,37.209999084472656,0QOQ.LON,0QOQ.LON
2021-01-28,1068.0,1076.5,1049.0,1076.0,2387.0,0.002795899347623587,30.209999084472656,0QOQ.LON,0QOQ.LON
2021-01-29,1052.5,1068.5,1050.5,1056.0,7690.0,-0.018587360594795488,33.09000015258789,0QOQ.LON,0QOQ.LON
2021-02-01,1066.0,1083.0,1063.0,1075.228,3295.0,0.018208333333333382,30.239999771118164,0QOQ.LON,0QOQ.LON
2021-02-02,1075.0,1098.0,1070.5,1090.618,2773.0,0.014313243330716707,25.559999465942383,0QOQ.LON,0QOQ.LON
2021-02-03,1102.0,1103.0,1084.5,1085.0,2271.0,-0.005151207847293837,22.90999984741211,0QOQ.LON,0QOQ.LON
2021-02-04,1087.5,1118.5,1085.5,1115.661,2390.0,0.02825898617511524,21.770000457763672,0QOQ.LON,0QOQ.LON
2021-02-05,1116.5,1119.0,1106.0,1106.0,6586.0,-0.008659440457271517,20.8700008392334,0QOQ.LON,0QOQ.LON
2021-02-08,1116.5,1120.0,1109.5,1110.5,13742.0,0.004068716094032476,21.239999771118164,0QOQ.LON,0QOQ.LON
2021-02-09,1111.5,1118.0,1105.5,1117.0,3538.0,0.005853219270598897,21.6299991607666,0QOQ.LON,0QOQ.LON
2021-02-10,1119.0,1124.5,1108.5,1108.5,1857.0,-0.007609668755595322,21.989999771118164,0QOQ.LON,0QOQ.LON
2021-02-11,1117.0,1123.0,1107.0,1107.0,19602.0,-0.0013531799729363803,21.25,0QOQ.LON,0QOQ.LON
2021-02-12,1120.5,1121.5,1113.5,1118.199,3785.0,0.010116531165311748,19.969999313354492,0QOQ.LON,0QOQ.LON
2021-02-15,1119.5,1133.5,1119.5,1128.0,5727.0,0.008764987269707758,,0QOQ.LON,0QOQ.LON
2021-02-16,1130.5,1136.5,1124.5,1136.0,1623.0,0.007092198581560183,21.459999084472656,0QOQ.LON,0QOQ.LON
2021-02-17,1130.5,1130.5,1101.5,1101.5,2706.0,-0.03036971830985913,21.5,0QOQ.LON,0QOQ.LON
2021-02-18,1113.0,1115.0,1091.0,1097.613,2788.0,-0.0035288243304584244,22.489999771118164,0QOQ.LON,0QOQ.LON
2021-02-19,1094.5,1099.5,1093.5,1096.0,2629.0,-0.0014695525654306874,22.049999237060547,0QOQ.LON,0QOQ.LON
2021-02-22,1086.0,1101.5,1086.0,1101.5,2116.0,0.0050182481751823715,23.450000762939453,0QOQ.LON,0QOQ.LON
2021-02-23,1107.5,1109.0,1073.5,1088.282,1582.0,-0.012000000000000122,23.110000610351562,0QOQ.LON,0QOQ.LON
2021-02-24,1098.5,1115.5,1096.5,1112.048,2092.0,0.021838089759823376,21.34000015258789,0QOQ.LON,0QOQ.LON
2021-02-25,1106.5,1115.0,1100.5,1101.5,2008.0,-0.009485202077608168,28.889999389648438,0QOQ.LON,0QOQ.LON
2021-02-26,1081.5,1101.0,1079.0,1094.0,3187.0,-0.0068088969586926895,27.950000762939453,0QOQ.LON,0QOQ.LON
2021-03-01,1105.0,1123.5,1105.0,1122.5,2787.0,0.02605118829981712,23.350000381469727,0QOQ.LON,0QOQ.LON
2021-03-02,1127.0,1137.5,1123.0,1134.015,5231.0,0.010258351893095874,24.100000381469727,0QOQ.LON,0QOQ.LON
2021-03-03,1142.5,1151.0,1139.0,1147.5,21641.0,0.01189137709818655,26.670000076293945,0QOQ.LON,0QOQ.LON
2021-03-04,1148.5,1148.5,1120.0,1121.5,1794.0,-0.02265795206971677,28.56999969482422,0QOQ.LON,0QOQ.LON
2021-03-05,1110.5,1112.5,1086.5,1088.5,7587.0,-0.02942487739634414,24.65999984741211,0QOQ.LON,0QOQ.LON
2021-03-08,1087.5,1094.0,1069.0,1091.5,8765.0,0.002756086357372567,25.469999313354492,0QOQ.LON,0QOQ.LON
2021-03-09,1086.0,1103.0,1075.5,1103.0,5902.0,0.010535959688501961,24.030000686645508,0QOQ.LON,0QOQ.LON
2021-03-10,1103.0,1118.5,1099.5,1113.0,7508.0,0.009066183136899442,22.559999465942383,0QOQ.LON,0QOQ.LON
2021-03-11,1116.0,1123.5,1110.0,1123.5,3266.0,0.009433962264151052,21.90999984741211,0QOQ.LON,0QOQ.LON
2021-03-12,1115.0,1122.0,1108.0,1122.0,2561.0,-0.001335113484646211,20.690000534057617,0QOQ.LON,0QOQ.LON
2021-03-15,1124.0,1127.0,1114.5,1114.5,2188.0,-0.006684491978609652,20.030000686645508,0QOQ.LON,0QOQ.LON
2021-03-16,1150.5,1150.5,1135.5,1146.0,5542.0,0.02826379542395685,19.790000915527344,0QOQ.LON,0QOQ.LON
2021-03-17,1146.5,1149.5,1128.0,1129.014,34947.0,-0.014821989528795876,19.229999542236328,0QOQ.LON,0QOQ.LON
2021-03-18,1139.5,1147.5,1133.0,1144.875,11014.0,0.014048541470699227,21.579999923706055,0QOQ.LON,0QOQ.LON
2021-03-19,1126.5,1137.5,1118.0,1137.5,11876.0,-0.0064417512828911505,20.950000762939453,0QOQ.LON,0QOQ.LON
2021-03-22,1124.0,1164.0,1124.0,1159.037,9396.0,0.01893362637362639,18.8799991607666,0QOQ.LON,0QOQ.LON
2021-03-23,1160.0,1175.5,1158.0,1174.5,9557.0,0.013341247949806512,20.299999237060547,0QOQ.LON,0QOQ.LON
2021-03-24,1172.5,1208.5,1172.5,1205.0,13160.0,0.025968497232865095,21.200000762939453,0QOQ.LON,0QOQ.LON
2021-03-25,1197.0,1207.5,1194.5,1203.0,8212.0,-0.0016597510373443924,19.809999465942383,0QOQ.LON,0QOQ.LON
2021-03-26,1205.0,1230.0,1200.5,1228.0,9593.0,0.020781379883624274,18.860000610351562,0QOQ.LON,0QOQ.LON
2021-03-29,1221.0,1222.5,1199.0,1200.0,5196.0,-0.0228013029315961,20.739999771118164,0QOQ.LON,0QOQ.LON
2021-03-30,1209.5,1228.5,1207.5,1220.5,4012.0,0.01708333333333334,19.610000610351562,0QOQ.LON,0QOQ.LON
2021-03-31,1212.0,1212.0,1200.0,1207.0,24093.0,-0.011061040557148738,19.399999618530273,0QOQ.LON,0QOQ.LON
2021-04-01,1218.0,1233.0,1218.0,1230.0,4383.0,0.0190555095277547,17.329999923706055,0QOQ.LON,0QOQ.LON
2021-04-06,1244.5,1262.0,1235.5,1257.5,7996.0,0.022357723577235866,18.1200008392334,0QOQ.LON,0QOQ.LON
2021-04-07,1260.0,1266.5,1252.5,1265.5,11647.0,0.006361829025844923,17.15999984741211,0QOQ.LON,0QOQ.LON
2021-04-08,1267.0,1290.0,1263.5,1290.0,21204.0,0.019359936783879927,16.950000762939453,0QOQ.LON,0QOQ.LON
2021-04-09,1287.5,1301.5,1282.0,1301.0,3670.0,0.00852713178294584,16.690000534057617,0QOQ.LON,0QOQ.LON
2021-04-12,1307.5,1322.5,1301.5,1317.698,9473.0,0.012834742505764885,16.90999984741211,0QOQ.LON,0QOQ.LON
2021-04-13,1327.5,1343.0,1321.0,1329.727,10804.0,0.009128798859829867,16.649999618530273,0QOQ.LON,0QOQ.LON
2021-04-14,1336.0,1342.0,1318.0,1326.96,4600.0,-0.002080878255461549,16.989999771118164,0QOQ.LON,0QOQ.LON
2021-04-15,1318.0,1324.5,1301.0,1301.63,6144.0,-0.019088744197262808,16.56999969482422,0QOQ.LON,0QOQ.LON
2021-04-16,1304.0,1321.0,1300.5,1305.0,3689.0,0.0025890614076196083,16.25,0QOQ.LON,0QOQ.LON
2021-04-19,1333.5,1333.5,1306.0,1306.5,3040.0,0.0011494252873562871,17.290000915527344,0QOQ.LON,0QOQ.LON
2021-04-20,1310.5,1313.0,1289.0,1303.515,5838.0,-0.002284730195177831,18.68000030517578,0QOQ.LON,0QOQ.LON
2021-04-21,1303.5,1303.5,1282.0,1287.0,3430.0,-0.012669589532916858,17.5,0QOQ.LON,0QOQ.LON
2021-04-22,1285.5,1289.0,1282.5,1286.5,4353.0,-0.00038850038850035684,18.709999084472656,0QOQ.LON,0QOQ.LON
2021-04-23,1280.5,1287.695,1272.951,1287.695,2726.0,0.0009288767975126344,17.329999923706055,0QOQ.LON,0QOQ.LON
2021-04-26,1287.5,1304.0,1286.0,1298.806,32284.0,0.008628596057296267,17.639999389648438,0QOQ.LON,0QOQ.LON
2021-04-27,1295.0,1308.5,1292.5,1303.0,3663.0,0.003229119668372249,17.559999465942383,0QOQ.LON,0QOQ.LON
2021-04-28,1300.0,1309.0,1292.0,1301.5,2412.0,-0.001151189562548005,17.280000686645508,0QOQ.LON,0QOQ.LON
2021-04-29,1307.0,1325.5,1300.0,1317.802,32887.0,0.01252554744525547,17.610000610351562,0QOQ.LON,0QOQ.LON
2021-04-30,1318.5,1327.5,1299.805,1300.0,34273.0,-0.01350885793161638,18.610000610351562,0QOQ.LON,0QOQ.LON
2021-05-04,1319.0,1326.5,1299.0,1304.681,34443.0,0.0036007692307693517,19.479999542236328,0QOQ.LON,0QOQ.LON
2021-05-05,1313.5,1332.0,1311.0,1319.027,37482.0,0.01099579130837336,19.149999618530273,0QOQ.LON,0QOQ.LON
2021-05-06,1325.0,1333.0,1314.0,1322.395,52752.0,0.0025533973148388345,18.389999389648438,0QOQ.LON,0QOQ.LON
2021-05-07,1333.5,1340.701,1323.5,1340.5,84328.0,0.013691068099924708,16.690000534057617,0QOQ.LON,0QOQ.LON
2021-05-10,1338.0,1347.0,1318.0,1323.0,55599.0,-0.01305483028720622,19.65999984741211,0QOQ.LON,0QOQ.LON
2021-05-11,1303.5,1311.0,1295.0,1302.79,27403.0,-0.015275888133031046,21.84000015258789,0QOQ.LON,0QOQ.LON
2021-05-12,1308.0,1313.5,1286.0,1286.5,44147.0,-0.012503933865012806,27.59000015258789,0QOQ.LON,0QOQ.LON
2021-05-14,1284.5,1300.0,1282.0,1292.194,164689.0,0.004425961912164711,18.809999465942383,0QOQ.LON,0QOQ.LON
2021-05-17,1279.5,1285.646,1265.0,1278.5,36254.0,-0.01059747994496174,19.719999313354492,0QOQ.LON,0QOQ.LON
2021-05-18,1291.0,1292.5,1279.0,1286.92,49297.0,0.0065858427845131295,21.34000015258789,0QOQ.LON,0QOQ.LON
2021-05-19,1274.0,1278.5,1257.5,1267.0,42993.0,-0.015478817642122333,22.18000030517578,0QOQ.LON,0QOQ.LON
2021-05-20,1287.0,1305.5,1278.5,1303.0,136616.0,0.0284135753749013,20.670000076293945,0QOQ.LON,0QOQ.LON
2021-05-21,1301.0,1319.5,1300.0,1316.5,33085.0,0.010360706062931602,20.149999618530273,0QOQ.LON,0QOQ.LON
2021-05-25,1332.0,1344.5,1332.0,1338.821,61863.0,0.016954804405620916,18.84000015258789,0QOQ.LON,0QOQ.LON
2021-05-26,1339.5,1344.0,1330.5,1335.893,50493.0,-0.002186998859444178,17.360000610351562,0QOQ.LON,0QOQ.LON
2021-05-27,1337.5,1345.0,1332.5,1339.0,75840.0,0.002325785074103859,16.739999771118164,0QOQ.LON,0QOQ.LON
2021-05-28,1339.5,1360.204,1337.5,1353.424,39755.0,0.010772218073188844,16.760000228881836,0QOQ.LON,0QOQ.LON
2021-06-01,1363.5,1375.0,1352.5,1375.0,1749.0,0.015941789121517003,17.899999618530273,0QOQ.LON,0QOQ.LON
2021-06-02,1353.0,1359.0,1344.0,1349.604,6397.0,-0.018469818181818143,17.479999542236328,0QOQ.LON,0QOQ.LON
2021-06-03,1354.0,1360.0,1342.5,1356.0,2989.0,0.004739167933704991,18.040000915527344,0QOQ.LON,0QOQ.LON
2021-06-04,1357.0,1369.0,1355.5,1365.0,7731.0,0.006637168141592875,16.420000076293945,0QOQ.LON,0QOQ.LON
2021-06-07,1364.5,1374.5,1363.5,1363.5,23654.0,-0.001098901098901095,16.420000076293945,0QOQ.LON,0QOQ.LON
2021-06-08,1364.0,1387.0,1361.5,1381.189,4648.0,0.012973230656398993,17.06999969482422,0QOQ.LON,0QOQ.LON
2021-06-09,1380.5,1380.5,1363.5,1372.5,2371.0,-0.006290956559891536,17.889999389648438,0QOQ.LON,0QOQ.LON
2021-06-10,1373.0,1373.0,1362.5,1368.425,16066.0,-0.00296903460837894,16.100000381469727,0QOQ.LON,0QOQ.LON
2021-06-11,1374.0,1387.5,1368.5,1387.5,31393.0,0.013939382867164785,15.649999618530273,0QOQ.LON,0QOQ.LON
2021-06-14,1392.5,1396.0,1387.0,1395.0,47880.0,0.00540540540540535,16.389999389648438,0QOQ.LON,0QOQ.LON
2021-06-15,1399.5,1406.5,1394.5,1394.5,27690.0,-0.00035842293906807043,17.020000457763672,0QOQ.LON,0QOQ.LON
2021-06-16,1399.0,1401.0,1388.0,1394.989,25005.0,0.0003506633201864062,18.149999618530273,0QOQ.LON,0QOQ.LON
2021-06-17,1393.0,1403.0,1383.0,1391.083,38168.0,-0.0028000220790270758,17.75,0QOQ.LON,0QOQ.LON
2021-06-18,1395.5,1396.5,1366.5,1387.917,24262.0,-0.002275924585377176,20.700000762939453,0QOQ.LON,0QOQ.LON
2021-06-21,1368.0,1379.0,1365.0,1374.988,4230.0,-0.009315398543284559,17.889999389648438,0QOQ.LON,0QOQ.LON
2021-06-22,1374.0,1383.0,1370.5,1378.888,3001.0,0.0028363883902986498,16.65999984741211,0QOQ.LON,0QOQ.LON
2021-06-23,1389.5,1394.0,1376.5,1389.23,3180.0,0.0075002465755014125,16.31999969482422,0QOQ.LON,0QOQ.LON
2021-06-24,1386.0,1402.5,1385.5,1399.126,4210.0,0.007123370500205173,15.970000267028809,0QOQ.LON,0QOQ.LON
2021-06-25,1403.0,1417.5,1401.5,1415.0,6320.0,0.011345654358506652,15.619999885559082,0QOQ.LON,0QOQ.LON
2021-06-28,1408.0,1409.5,1399.5,1405.557,3929.0,-0.006673498233215502,15.760000228881836,0QOQ.LON,0QOQ.LON
2021-06-29,1407.0,1423.5,1402.0,1418.011,4863.0,0.008860544253986191,16.020000457763672,0QOQ.LON,0QOQ.LON
2021-06-30,1416.5,1417.0,1401.0,1404.006,10992.0,-0.009876510125802929,15.829999923706055,0QOQ.LON,0QOQ.LON
2021-07-01,1400.0,1413.5,1388.5,1409.0,4399.0,0.0035569648562754352,15.479999542236328,0QOQ.LON,0QOQ.LON
2021-07-02,1414.5,1423.5,1410.0,1417.5,4738.0,0.006032647267565583,15.069999694824219,0QOQ.LON,0QOQ.LON
2021-07-05,1416.0,1420.5,1409.888,1419.0,2751.0,0.0010582010582009804,,0QOQ.LON,0QOQ.LON
2021-07-06,1412.5,1434.5,1412.5,1429.965,12845.0,0.007727272727272583,16.440000534057617,0QOQ.LON,0QOQ.LON
2021-07-07,1437.0,1457.5,1436.5,1453.145,6398.0,0.01621018696261811,16.200000762939453,0QOQ.LON,0QOQ.LON
2021-07-08,1434.5,1434.5,1404.5,1407.373,1431.0,-0.03149857722388327,19.0,0QOQ.LON,0QOQ.LON
2021-07-09,1413.0,1423.0,1407.0,1414.926,3495.0,0.005366736465741484,16.18000030517578,0QOQ.LON,0QOQ.LON
2021-07-12,1428.5,1456.5,1424.5,1446.929,4016.0,0.0226181439877422,16.170000076293945,0QOQ.LON,0QOQ.LON
2021-07-13,1450.0,1459.0,1442.5,1449.508,5101.0,0.0017823956807831998,17.1200008392334,0QOQ.LON,0QOQ.LON
2021-07-14,1445.0,1445.0,1433.5,1437.332,11730.0,-0.008400091617293493,16.329999923706055,0QOQ.LON,0QOQ.LON
2021-07-15,1434.0,1439.5,1425.0,1432.742,5436.0,-0.00319341669148121,17.010000228881836,0QOQ.LON,0QOQ.LON
2021-07-16,1456.5,1476.0,1452.0,1464.464,3134.0,0.022140762258662017,18.450000762939453,0QOQ.LON,0QOQ.LON
2021-07-19,1462.5,1465.0,1431.5,1452.367,13814.0,-0.00826036010444775,22.5,0QOQ.LON,0QOQ.LON
2021-07-20,1444.5,1457.0,1428.0,1445.729,6239.0,-0.0045704701359917665,19.729999542236328,0QOQ.LON,0QOQ.LON
2021-07-21,1455.5,1477.0,1452.0,1476.5,6515.0,0.0212840719111258,17.90999984741211,0QOQ.LON,0QOQ.LON
2021-07-22,1479.5,1513.5,1479.5,1512.422,15422.0,0.024329156789705486,17.690000534057617,0QOQ.LON,0QOQ.LON
2021-07-23,1516.0,1532.5,1513.0,1527.185,5029.0,0.009761164542700262,17.200000762939453,0QOQ.LON,0QOQ.LON
2021-07-26,1526.5,1536.5,1516.5,1521.675,6620.0,-0.003607945337336327,17.579999923706055,0QOQ.LON,0QOQ.LON
2021-07-27,1518.0,1527.5,1508.5,1513.0,12588.0,-0.00570095454022701,19.360000610351562,0QOQ.LON,0QOQ.LON
2021-07-28,1512.5,1532.5,1512.5,1526.256,6604.0,0.008761401189689488,18.309999465942383,0QOQ.LON,0QOQ.LON
2021-07-29,1535.0,1561.0,1531.0,1545.613,9423.0,0.01268266922455985,17.700000762939453,0QOQ.LON,0QOQ.LON
2021-07-30,1546.5,1562.0,1535.5,1554.461,3861.0,0.005724589531791002,18.239999771118164,0QOQ.LON,0QOQ.LON
2021-08-02,1564.5,1568.5,1554.5,1561.156,8424.0,0.004306959132458044,19.459999084472656,0QOQ.LON,0QOQ.LON
2021-08-03,1557.0,1572.0,1557.0,1567.712,2991.0,0.004199452200805087,18.040000915527344,0QOQ.LON,0QOQ.LON
2021-08-04,1575.5,1588.5,1571.5,1578.904,3527.0,0.007139066359127089,17.969999313354492,0QOQ.LON,0QOQ.LON
2021-08-05,1591.0,1603.68,1590.0,1590.0,5573.0,0.007027659693052968,17.280000686645508,0QOQ.LON,0QOQ.LON
2021-08-06,1595.0,1605.5,1588.0,1594.24,4021.0,0.002666666666666595,16.149999618530273,0QOQ.LON,0QOQ.LON
2021-08-09,1603.5,1610.0,1599.0,1604.5,1952.0,0.006435668406262529,16.719999313354492,0QOQ.LON,0QOQ.LON
2021-08-10,1614.5,1633.5,1610.0,1624.874,9299.0,0.01269803677157988,16.790000915527344,0QOQ.LON,0QOQ.LON
2021-08-11,1622.5,1625.0,1569.0,1588.682,8784.0,-0.02227372707052977,16.170000076293945,0QOQ.LON,0QOQ.LON
2021-08-12,1585.5,1598.5,1580.5,1585.886,5344.0,-0.001759949442368014,15.59000015258789,0QOQ.LON,0QOQ.LON
2021-08-13,1599.5,1610.161,1589.5,1606.524,7578.0,0.013013545740362176,15.449999809265137,0QOQ.LON,0QOQ.LON
2021-08-16,1601.5,1610.0,1594.5,1601.115,8051.0,-0.003366896479604309,16.1200008392334,0QOQ.LON,0QOQ.LON
2021-08-17,1618.5,1630.0,1609.5,1624.062,9679.0,0.014331887465922177,17.90999984741211,0QOQ.LON,0QOQ.LON
2021-08-18,1628.0,1629.5,1614.0,1626.89,6047.0,0.001741312831653019,21.56999969482422,0QOQ.LON,0QOQ.LON
2021-08-19,1605.0,1608.0,1569.5,1587.048,27285.0,-0.024489670475570047,21.670000076293945,0QOQ.LON,0QOQ.LON
2021-08-20,1585.5,1612.5,1580.5,1593.264,6658.0,0.003916705732907921,18.559999465942383,0QOQ.LON,0QOQ.LON
2021-08-23,1621.5,1628.5,1612.5,1621.825,3953.0,0.01792609385513022,17.149999618530273,0QOQ.LON,0QOQ.LON
2021-08-24,1629.0,1640.5,1615.5,1624.271,7735.0,0.0015081775160699085,17.219999313354492,0QOQ.LON,0QOQ.LON
2021-08-25,1633.0,1642.5,1631.0,1635.0,12945.0,0.0066054248336637755,16.790000915527344,0QOQ.LON,0QOQ.LON
2021-08-26,1636.0,1637.0,1617.5,1626.144,3577.0,-0.0054165137614679,18.84000015258789,0QOQ.LON,0QOQ.LON
2021-08-27,1617.0,1624.0,1610.0,1620.0,4275.0,-0.003778263179644581,16.389999389648438,0QOQ.LON,0QOQ.LON
2021-08-31,1631.0,1639.5,1616.5,1626.678,4359.0,0.00412222222222236,16.479999542236328,0QOQ.LON,0QOQ.LON
2021-09-01,1628.0,1632.163,1605.0,1632.163,6158.0,0.0033719027367431487,16.110000610351562,0QOQ.LON,0QOQ.LON
2021-09-02,1630.5,1642.0,1628.0,1637.805,5469.0,0.0034567625905010946,16.40999984741211,0QOQ.LON,0QOQ.LON
2021-09-03,1628.5,1636.0,1605.5,1619.357,4835.0,-0.011263856197776922,16.40999984741211,0QOQ.LON,0QOQ.LON
2021-09-06,1639.5,1648.0,1631.0,1640.062,5843.0,0.012785939110399935,,0QOQ.LON,0QOQ.LON
2021-09-07,1644.5,1650.0,1630.0,1637.467,11714.0,-0.001582257256128039,18.139999389648438,0QOQ.LON,0QOQ.LON
2021-09-08,1629.5,1630.5,1589.93,1600.613,11382.0,-0.02250671311238639,17.959999084472656,0QOQ.LON,0QOQ.LON
2021-09-09,1580.0,1584.5,1554.0,1581.811,18287.0,-0.011746749526587719,18.799999237060547,0QOQ.LON,0QOQ.LON
2021-09-10,1589.5,1603.0,1578.0,1584.738,29383.0,0.0018504107001406922,20.950000762939453,0QOQ.LON,0QOQ.LON
2021-09-13,1590.0,1594.5,1579.432,1585.728,7680.0,0.0006247089424245011,19.3700008392334,0QOQ.LON,0QOQ.LON
2021-09-14,1578.5,1591.5,1575.0,1586.889,5745.0,0.0007321558300035225,19.459999084472656,0QOQ.LON,0QOQ.LON
2021-09-15,1591.0,1592.0,1570.5,1584.077,6714.0,-0.001772020601314872,18.18000030517578,0QOQ.LON,0QOQ.LON
2021-09-16,1593.0,1626.5,1581.5,1609.0,29670.0,0.015733452351116783,18.690000534057617,0QOQ.LON,0QOQ.LON
2021-09-17,1627.5,1635.0,1602.5,1607.456,16559.0,-0.0009596022374146473,20.809999465942383,0QOQ.LON,0QOQ.LON
2021-09-20,1569.0,1581.5,1556.5,1565.034,17424.0,-0.026390769016383486,25.709999084472656,0QOQ.LON,0QOQ.LON
2021-09-21,1589.0,1619.0,1582.5,1608.534,19782.0,0.02779492330518063,24.360000610351562,0QOQ.LON,0QOQ.LON
2021-09-22,1627.5,1628.0,1600.5,1622.629,6209.0,0.008762637283389552,20.8700008392334,0QOQ.LON,0QOQ.LON
2021-09-23,1640.5,1647.0,1631.5,1638.748,8948.0,0.009933878908857219,18.6299991607666,0QOQ.LON,0QOQ.LON
2021-09-24,1631.0,1641.5,1594.0,1602.363,13801.0,-0.022202925648116767,17.75,0QOQ.LON,0QOQ.LON
2021-09-27,1601.0,1602.0,1548.0,1559.0,11320.0,-0.0270619079447042,18.760000228881836,0QOQ.LON,0QOQ.LON
2021-09-28,1526.0,1550.0,1449.0,1461.616,24736.0,-0.062465683130211724,23.25,0QOQ.LON,0QOQ.LON
2021-09-29,1450.5,1498.0,1450.5,1461.5,19600.0,-7.936421057241905e-05,22.559999465942383,0QOQ.LON,0QOQ.LON
2021-09-30,1468.5,1487.5,1453.5,1466.72,20254.0,0.003571672938761594,23.139999389648438,0QOQ.LON,0QOQ.LON
2021-10-01,1423.0,1446.5,1421.5,1433.215,8330.0,-0.022843487509545235,21.100000381469727,0QOQ.LON,0QOQ.LON
2021-10-04,1418.0,1429.5,1393.5,1411.526,17008.0,-0.01513310982650884,22.959999084472656,0QOQ.LON,0QOQ.LON
2021-10-05,1384.5,1406.0,1366.0,1406.0,12596.0,-0.003914911946361621,21.299999237060547,0QOQ.LON,0QOQ.LON
2021-10-06,1397.0,1424.0,1383.5,1418.926,26590.0,0.009193456614509099,21.0,0QOQ.LON,0QOQ.LON
2021-10-07,1440.5,1470.5,1431.0,1459.304,23973.0,0.028456734177821907,19.540000915527344,0QOQ.LON,0QOQ.LON
2021-10-08,1464.5,1464.5,1434.0,1440.487,10433.0,-0.012894503133000446,18.770000457763672,0QOQ.LON,0QOQ.LON
2021-10-11,1434.5,1444.0,1414.5,1438.215,46659.0,-0.0015772443624969545,20.0,0QOQ.LON,0QOQ.LON
2021-10-12,1417.0,1448.0,1412.0,1440.172,6832.0,0.001360714496789539,19.850000381469727,0QOQ.LON,0QOQ.LON
2021-10-13,1442.0,1482.5,1442.0,1467.5,15808.0,0.018975511258377376,18.639999389648438,0QOQ.LON,0QOQ.LON
2021-10-14,1487.5,1519.0,1480.5,1519.0,19090.0,0.03509369676320273,16.860000610351562,0QOQ.LON,0QOQ.LON
2021-10-15,1519.0,1525.5,1511.0,1514.5,8058.0,-0.00296247531270577,16.299999237060547,0QOQ.LON,0QOQ.LON
2021-10-18,1521.5,1538.5,1509.0,1537.0,14953.0,0.014856388246946128,16.309999465942383,0QOQ.LON,0QOQ.LON
2021-10-19,1546.0,1549.48,1517.0,1542.5,7384.0,0.0035783994795055563,15.699999809265137,0QOQ.LON,0QOQ.LON
2021-10-20,1537.0,1565.0,1537.0,1557.5,7153.0,0.009724473257698651,15.489999771118164,0QOQ.LON,0QOQ.LON
2021-10-21,1541.5,1576.0,1541.5,1565.5,14415.0,0.005136436597110716,15.010000228881836,0QOQ.LON,0QOQ.LON
2021-10-22,1571.0,1580.5,1565.5,1571.769,3495.0,0.00400447141488347,15.430000305175781,0QOQ.LON,0QOQ.LON
2021-10-25,1580.5,1592.5,1571.0,1571.0,7944.0,-0.0004892576453664477,15.239999771118164,0QOQ.LON,0QOQ.LON
2021-10-26,1596.5,1600.0,1577.0,1599.908,7141.0,0.018401018459579754,15.979999542236328,0QOQ.LON,0QOQ.LON
2021-10-27,1600.0,1610.0,1592.0,1601.276,14138.0,0.000855049165327193,16.979999542236328,0QOQ.LON,0QOQ.LON
2021-10-28,1597.5,1609.5,1595.0,1608.5,1588.0,0.004511402156780031,16.530000686645508,0QOQ.LON,0QOQ.LON
2021-10-29,1602.5,1610.0,1595.0,1597.26,8233.0,-0.006987876903947754,16.260000228881836,0QOQ.LON,0QOQ.LON
2021-11-01,1604.5,1607.5,1593.5,1597.469,5057.0,0.0001308490790479233,16.40999984741211,0QOQ.LON,0QOQ.LON
2021-11-02,1595.0,1610.5,1590.5,1607.511,5072.0,0.006286193973091159,16.030000686645508,0QOQ.LON,0QOQ.LON
2021-11-03,1604.5,1623.0,1604.5,1619.79,5863.0,0.007638516937053641,15.100000381469727,0QOQ.LON,0QOQ.LON
2021-11-04,1617.0,1640.0,1609.0,1627.121,9757.0,0.004525895332111007,15.4399995803833,0QOQ.LON,0QOQ.LON
2021-11-05,1631.5,1667.0,1631.5,1655.0,9552.0,0.017133943941477048,16.479999542236328,0QOQ.LON,0QOQ.LON
2021-11-08,1657.5,1663.0,1649.0,1658.5,7919.0,0.002114803625377748,17.219999313354492,0QOQ.LON,0QOQ.LON
2021-11-09,1648.5,1656.5,1639.0,1640.177,3580.0,-0.011047934880916599,17.780000686645508,0QOQ.LON,0QOQ.LON
2021-11-10,1639.5,1641.0,1601.5,1604.911,4071.0,-0.021501337965353695,18.729999542236328,0QOQ.LON,0QOQ.LON
2021-11-11,1606.0,1624.0,1605.0,1614.238,3586.0,0.005811537212967011,17.65999984741211,0QOQ.LON,0QOQ.LON
2021-11-12,1622.0,1639.5,1608.5,1626.046,7509.0,0.007314906475996752,16.290000915527344,0QOQ.LON,0QOQ.LON
2021-11-15,1630.5,1637.5,1609.0,1617.905,2877.0,-0.005006623428857493,16.489999771118164,0QOQ.LON,0QOQ.LON
2021-11-16,1616.5,1616.5,1599.5,1611.036,3869.0,-0.004245613926652014,16.3700008392334,0QOQ.LON,0QOQ.LON
2021-11-17,1605.0,1638.0,1605.0,1629.756,6927.0,0.011619852070344772,17.110000610351562,0QOQ.LON,0QOQ.LON
2021-11-18,1639.0,1654.0,1623.0,1627.0,61752.0,-0.0016910506848878404,17.59000015258789,0QOQ.LON,0QOQ.LON
2021-11-19,1633.0,1656.5,1628.0,1650.583,9067.0,0.014494775660725212,17.90999984741211,0QOQ.LON,0QOQ.LON
2021-11-22,1654.0,1664.0,1641.5,1651.7,10062.0,0.0006767305854962213,19.170000076293945,0QOQ.LON,0QOQ.LON
2021-11-23,1596.5,1631.0,1553.0,1577.233,28999.0,-0.045085063873584796,19.3799991607666,0QOQ.LON,0QOQ.LON
2021-11-24,1562.0,1582.0,1535.5,1557.097,13844.0,-0.012766661615626895,18.579999923706055,0QOQ.LON,0QOQ.LON
2021-11-25,1567.5,1575.5,1560.0,1567.72,8136.0,0.006822311005672876,,0QOQ.LON,0QOQ.LON
2021-11-26,1511.5,1550.0,1511.0,1537.692,17200.0,-0.01915393054882253,28.6200008392334,0QOQ.LON,0QOQ.LON
2021-11-29,1548.5,1577.0,1540.0,1563.156,9592.0,0.016559883253603358,22.959999084472656,0QOQ.LON,0QOQ.LON
2021-11-30,1560.0,1602.5,1549.5,1586.811,30337.0,0.015132846625672602,27.190000534057617,0QOQ.LON,0QOQ.LON
2021-12-01,1592.0,1597.5,1556.0,1589.5,22916.0,0.0016945937480896678,31.1200008392334,0QOQ.LON,0QOQ.LON
2021-12-02,1566.0,1574.5,1499.38,1534.351,37962.0,-0.03469581629443219,27.950000762939453,0QOQ.LON,0QOQ.LON
2021-12-03,1505.0,1508.0,1458.5,1489.513,18838.0,-0.029222778881755396,30.670000076293945,0QOQ.LON,0QOQ.LON
2021-12-06,1479.0,1488.5,1454.687,1472.617,54967.0,-0.011343304825134126,27.18000030517578,0QOQ.LON,0QOQ.LON
2021-12-07,1482.0,1530.5,1482.0,1519.325,12637.0,0.03171768355247839,21.889999389648438,0QOQ.LON,0QOQ.LON
2021-12-08,1508.0,1547.5,1504.0,1526.5,49419.0,0.004722491896072212,19.899999618530273,0QOQ.LON,0QOQ.LON
2021-12-09,1522.5,1527.5,1510.5,1519.891,54516.0,-0.004329511955453613,21.579999923706055,0QOQ.LON,0QOQ.LON
2021-12-10,1502.0,1503.0,1483.0,1488.65,20148.0,-0.020554763466590686,18.690000534057617,0QOQ.LON,0QOQ.LON
2021-12-13,1488.0,1504.0,1476.5,1487.911,17838.0,-0.0004964229335303605,20.309999465942383,0QOQ.LON,0QOQ.LON
2021-12-14,1480.5,1482.5,1445.0,1446.717,12400.0,-0.027685795722996898,21.889999389648438,0QOQ.LON,0QOQ.LON
2021-12-15,1446.5,1470.5,1444.0,1460.051,6880.0,0.009216730016996966,19.290000915527344,0QOQ.LON,0QOQ.LON
2021-12-16,1499.0,1503.5,1481.0,1485.402,6946.0,0.017363092111166045,20.56999969482422,0QOQ.LON,0QOQ.LON
2021-12-17,1472.5,1481.5,1448.5,1466.0,51451.0,-0.013061783948049133,21.56999969482422,0QOQ.LON,0QOQ.LON
2021-12-20,1432.0,1466.0,1420.0,1430.0,16884.0,-0.024556616643929052,22.8700008392334,0QOQ.LON,0QOQ.LON
2021-12-21,1448.5,1458.0,1432.5,1436.956,14935.0,0.0048643356643356395,21.010000228881836,0QOQ.LON,0QOQ.LON
2021-12-22,1463.5,1482.0,1453.0,1463.0,21706.0,0.018124424129896788,18.6299991607666,0QOQ.LON,0QOQ.LON
2021-12-23,1485.5,1494.0,1483.0,1494.0,6156.0,0.021189336978810758,17.959999084472656,0QOQ.LON,0QOQ.LON
2021-12-29,1513.0,1518.0,1502.0,1513.5,9398.0,0.013052208835341306,16.950000762939453,0QOQ.LON,0QOQ.LON
2021-12-30,1511.0,1529.5,1508.5,1516.306,4676.0,0.0018539808391146995,17.329999923706055,0QOQ.LON,0QOQ.LON
2022-01-04,1504.5,1504.5,1467.0,1470.0,5695.0,-0.030538690739204344,16.90999984741211,0QOQ.LON,0QOQ.LON
2022-01-05,1467.0,1474.5,1452.0,1463.085,23281.0,-0.004704081632653012,19.729999542236328,0QOQ.LON,0QOQ.LON
2022-01-06,1420.5,1420.5,1382.0,1402.361,9929.0,-0.04150408212783263,19.610000610351562,0QOQ.LON,0QOQ.LON
2022-01-07,1382.0,1400.5,1369.5,1379.0,15447.0,-0.016658335478525244,18.760000228881836,0QOQ.LON,0QOQ.LON
2022-01-10,1384.5,1384.5,1314.0,1325.5,14636.0,-0.038796229151559114,19.399999618530273,0QOQ.LON,0QOQ.LON
2022-01-11,1365.5,1365.5,1333.0,1347.5,15352.0,0.016597510373443924,18.40999984741211,0QOQ.LON,0QOQ.LON
2022-01-12,1353.5,1405.0,1353.5,1399.79,27134.0,0.03880519480519484,17.6200008392334,0QOQ.LON,0QOQ.LON
2022-01-13,1393.5,1398.0,1375.14,1390.565,11409.0,-0.006590274255423911,20.309999465942383,0QOQ.LON,0QOQ.LON
2022-01-14,1382.0,1415.5,1359.0,1365.0,10460.0,-0.018384613448490406,19.190000534057617,0QOQ.LON,0QOQ.LON
2022-01-17,1370.5,1373.989,1354.0,1367.467,5868.0,0.0018073260073261377,,0QOQ.LON,0QOQ.LON
2022-01-18,1343.0,1350.5,1306.0,1318.654,12893.0,-0.03569592538613375,22.790000915527344,0QOQ.LON,0QOQ.LON
2022-01-19,1286.5,1340.5,1286.5,1329.075,24885.0,0.00790275538541585,23.850000381469727,0QOQ.LON,0QOQ.LON
2022-01-20,1337.5,1354.0,1325.0,1340.715,16978.0,0.008757970769143864,25.59000015258789,0QOQ.LON,0QOQ.LON
2022-01-21,1325.0,1334.5,1286.0,1303.0,16008.0,-0.028130512450446177,28.850000381469727,0QOQ.LON,0QOQ.LON
2022-01-24,1282.5,1295.0,1241.5,1254.64,24936.0,-0.037114351496546405,29.899999618530273,0QOQ.LON,0QOQ.LON
2022-01-25,1269.0,1272.0,1248.0,1266.0,56249.0,0.009054390103934162,31.15999984741211,0QOQ.LON,0QOQ.LON
2022-01-26,1277.0,1284.5,1261.5,1272.5,15524.0,0.005134281200631863,31.959999084472656,0QOQ.LON,0QOQ.LON
2022-01-27,1253.5,1263.0,1206.5,1225.482,14454.0,-0.03694931237721022,30.489999771118164,0QOQ.LON,0QOQ.LON
2022-01-28,1243.0,1244.0,1212.0,1222.425,11295.0,-0.002494528683407826,27.65999984741211,0QOQ.LON,0QOQ.LON
2022-01-31,1274.0,1291.5,1270.0,1276.0,22733.0,0.04382681964128676,24.829999923706055,0QOQ.LON,0QOQ.LON
2022-02-01,1304.5,1314.5,1281.5,1297.368,27050.0,0.016746081504702248,21.959999084472656,0QOQ.LON,0QOQ.LON
2022-02-02,1309.0,1335.5,1308.5,1327.744,14900.0,0.023413557294460707,22.09000015258789,0QOQ.LON,0QOQ.LON
2022-02-03,1304.5,1316.0,1287.0,1299.29,16973.0,-0.0214303359683794,24.350000381469727,0QOQ.LON,0QOQ.LON
2022-02-04,1297.5,1298.0,1268.5,1276.61,11723.0,-0.01745568733693026,23.219999313354492,0QOQ.LON,0QOQ.LON
2022-02-07,1274.0,1283.5,1254.816,1278.5,9264.0,0.0014804834679347234,22.860000610351562,0QOQ.LON,0QOQ.LON
2022-02-08,1272.0,1278.0,1242.0,1253.5,5440.0,-0.019554165037152904,21.440000534057617,0QOQ.LON,0QOQ.LON
2022-02-09,1282.0,1301.0,1272.5,1284.508,12753.0,0.0247371360191464,19.959999084472656,0QOQ.LON,0QOQ.LON
2022-02-10,1295.0,1299.0,1264.0,1285.0,21088.0,0.00038302603019979564,23.90999984741211,0QOQ.LON,0QOQ.LON
2022-02-11,1265.5,1276.5,1259.0,1263.899,3213.0,-0.016421011673151797,27.360000610351562,0QOQ.LON,0QOQ.LON
2022-02-14,1232.0,1244.0,1203.0,1244.0,10766.0,-0.015744137783161416,28.329999923706055,0QOQ.LON,0QOQ.LON
2022-02-15,1240.5,1269.5,1239.0,1239.0,8272.0,-0.004019292604501623,25.700000762939453,0QOQ.LON,0QOQ.LON
2022-02-16,1272.5,1284.0,1264.5,1276.0,14320.0,0.02986279257465707,24.290000915527344,0QOQ.LON,0QOQ.LON
2022-02-17,1284.0,1288.0,1251.0,1256.5,7475.0,-0.015282131661441989,28.110000610351562,0QOQ.LON,0QOQ.LON
2022-02-18,1254.0,1264.5,1231.0,1247.122,8031.0,-0.007463589335455545,27.75,0QOQ.LON,0QOQ.LON
2022-02-21,1245.0,1245.0,1213.0,1226.507,25952.0,-0.016530058807398107,,0QOQ.LON,0QOQ.LON
2022-02-22,1181.0,1241.5,1173.5,1232.773,30901.0,0.005108817153102185,28.809999465942383,0QOQ.LON,0QOQ.LON
2022-02-23,1225.5,1241.5,1219.0,1230.036,10314.0,-0.0022201978790903354,31.020000457763672,0QOQ.LON,0QOQ.LON
2022-02-24,1164.0,1216.5,1162.5,1203.28,22929.0,-0.021752208878439427,30.31999969482422,0QOQ.LON,0QOQ.LON
2022-02-25,1227.5,1253.5,1207.0,1252.5,10895.0,0.0409048600491988,27.59000015258789,0QOQ.LON,0QOQ.LON
2022-02-28,1228.5,1253.0,1228.0,1240.958,10245.0,-0.00921516966067859,30.149999618530273,0QOQ.LON,0QOQ.LON
2022-03-01,1250.0,1258.5,1195.5,1199.0,19814.0,-0.03381097506926112,33.31999969482422,0QOQ.LON,0QOQ.LON
2022-03-02,1191.0,1211.5,1181.5,1196.851,74114.0,-0.0017923269391157959,30.739999771118164,0QOQ.LON,0QOQ.LON
2022-03-03,1201.5,1207.0,1130.5,1159.28,15451.0,-0.03139154330823146,30.479999542236328,0QOQ.LON,0QOQ.LON
2022-03-04,1119.0,1132.5,1080.5,1093.458,32872.0,-0.056778345179766654,31.979999542236328,0QOQ.LON,0QOQ.LON
2022-03-07,1058.0,1115.5,1035.5,1096.432,55042.0,0.002719811826334295,36.45000076293945,0QOQ.LON,0QOQ.LON
2022-03-08,1076.5,1129.5,1057.0,1103.786,18410.0,0.006707210296671429,35.130001068115234,0QOQ.LON,0QOQ.LON
2022-03-09,1089.5,1121.0,1081.5,1109.327,13797.0,0.005019994817835993,32.45000076293945,0QOQ.LON,0QOQ.LON
2022-03-10,1114.5,1127.0,1092.0,1127.0,9393.0,0.015931280857673258,30.229999542236328,0QOQ.LON,0QOQ.LON
2022-03-11,1107.5,1128.0,1092.5,1102.5,15922.0,-0.021739130434782594,30.75,0QOQ.LON,0QOQ.LON
2022-03-14,1109.0,1122.0,1098.0,1111.167,5780.0,0.00786122448979576,31.770000457763672,0QOQ.LON,0QOQ.LON
2022-03-15,1098.0,1108.5,1073.0,1092.0,7305.0,-0.017249432353552585,29.829999923706055,0QOQ.LON,0QOQ.LON
2022-03-16,1112.5,1173.5,1112.5,1154.75,30242.0,0.05746336996336998,26.670000076293945,0QOQ.LON,0QOQ.LON
2022-03-17,1173.5,1198.5,1173.5,1198.5,22146.0,0.037886988525654974,25.670000076293945,0QOQ.LON,0QOQ.LON
2022-03-18,1190.0,1216.0,1185.0,1192.104,58896.0,-0.005336670838548163,23.8700008392334,0QOQ.LON,0QOQ.LON
2022-03-21,1213.5,1227.0,1210.0,1223.269,11457.0,0.02614285330810051,23.530000686645508,0QOQ.LON,0QOQ.LON
2022-03-22,1242.5,1260.0,1237.0,1245.0,22395.0,0.017764694437609307,22.940000534057617,0QOQ.LON,0QOQ.LON
2022-03-23,1233.5,1246.5,1175.406,1208.238,44317.0,-0.029527710843373467,23.56999969482422,0QOQ.LON,0QOQ.LON
2022-03-24,1160.5,1175.5,1121.0,1143.83,47923.0,-0.053307378182113285,21.670000076293945,0QOQ.LON,0QOQ.LON
2022-03-25,1126.0,1150.5,1121.0,1125.41,18403.0,-0.01610379164736009,20.809999465942383,0QOQ.LON,0QOQ.LON
2022-03-28,1124.0,1131.5,1113.86,1119.372,6644.0,-0.005365155809882616,19.6299991607666,0QOQ.LON,0QOQ.LON
2022-03-29,1129.5,1150.0,1129.0,1141.201,7110.0,0.019501113124144487,18.899999618530273,0QOQ.LON,0QOQ.LON
2022-03-30,1137.0,1148.0,1128.0,1133.623,38694.0,-0.0066403727301325155,19.329999923706055,0QOQ.LON,0QOQ.LON
2022-03-31,1159.0,1177.0,1148.0,1153.5,32369.0,0.017534047915400475,20.559999465942383,0QOQ.LON,0QOQ.LON
2022-04-01,1153.5,1156.0,1138.0,1144.471,28438.0,-0.007827481577806661,19.6299991607666,0QOQ.LON,0QOQ.LON
2022-04-04,1156.0,1172.0,1137.0,1160.5,9319.0,0.014005597345847942,18.56999969482422,0QOQ.LON,0QOQ.LON
2022-04-05,1167.0,1185.5,1162.5,1173.0,14087.0,0.01077121930202507,21.030000686645508,0QOQ.LON,0QOQ.LON
2022-04-06,1165.0,1172.5,1113.5,1118.558,11830.0,-0.04641261722080137,22.100000381469727,0QOQ.LON,0QOQ.LON
2022-04-07,1130.0,1131.0,1107.5,1116.138,7655.0,-0.0021634997916961662,21.549999237060547,0QOQ.LON,0QOQ.LON
2022-04-08,1135.5,1145.48,1119.5,1133.31,18759.0,0.01538519430393026,21.15999984741211,0QOQ.LON,0QOQ.LON
2022-04-11,1123.0,1132.0,1109.0,1112.75,12895.0,-0.01814154997308759,24.3700008392334,0QOQ.LON,0QOQ.LON
2022-04-12,1114.0,1134.5,1111.5,1124.901,11868.0,0.01091979330487547,24.260000228881836,0QOQ.LON,0QOQ.LON
2022-04-13,1123.0,1135.5,1096.0,1135.5,25529.0,0.009422162483631924,21.81999969482422,0QOQ.LON,0QOQ.LON
2022-04-14,1131.0,1140.5,1124.0,1130.383,5183.0,-0.004506384852487888,22.700000762939453,0QOQ.LON,0QOQ.LON
2022-04-19,1127.5,1132.5,1105.0,1131.0,7472.0,0.0005458326956437887,21.3700008392334,0QOQ.LON,0QOQ.LON
2022-04-20,1129.5,1158.0,1129.5,1154.117,10470.0,0.020439434129089218,20.31999969482422,0QOQ.LON,0QOQ.LON
2022-04-21,1149.0,1173.5,1144.5,1163.667,15184.0,0.008274724313046322,22.68000030517578,0QOQ.LON,0QOQ.LON
2022-04-22,1145.0,1150.0,1140.477,1142.423,9516.0,-0.018256081851594885,28.209999084472656,0QOQ.LON,0QOQ.LON
2022-04-25,1122.0,1132.0,1076.479,1085.833,18380.0,-0.04953506713362732,27.020000457763672,0QOQ.LON,0QOQ.LON
2022-04-26,1089.5,1089.5,1038.948,1060.648,38170.0,-0.023194174426454328,33.52000045776367,0QOQ.LON,0QOQ.LON
2022-04-27,1033.5,1047.5,1013.971,1032.5,14303.0,-0.026538493449287492,31.600000381469727,0QOQ.LON,0QOQ.LON
2022-04-28,1048.5,1056.5,1031.0,1038.0,24787.0,0.0053268765133172025,29.989999771118164,0QOQ.LON,0QOQ.LON
2022-04-29,1059.0,1068.0,1046.5,1047.657,8284.0,0.009303468208092358,33.400001525878906,0QOQ.LON,0QOQ.LON
2022-05-03,1030.0,1036.5,1014.5,1021.316,10841.0,-0.025142770964160843,29.25,0QOQ.LON,0QOQ.LON
2022-05-04,1013.0,1020.0,991.8,1006.872,27046.0,-0.014142537667088395,25.420000076293945,0QOQ.LON,0QOQ.LON
2022-05-05,1012.5,1038.5,1003.5,1023.814,62906.0,0.016826369190920065,31.200000762939453,0QOQ.LON,0QOQ.LON
2022-05-06,999.6,1022.5,990.6,1005.775,19906.0,-0.017619411338387625,30.190000534057617,0QOQ.LON,0QOQ.LON
2022-05-09,1000.0,1022.0,987.0519,987.0519,39785.0,-0.018615594939225932,34.75,0QOQ.LON,0QOQ.LON
2022-05-10,997.6,1009.0,983.7508,983.7508,39808.0,-0.0033444036732009907,32.9900016784668,0QOQ.LON,0QOQ.LON
2022-05-11,995.4,1023.0,994.0,1023.0,57881.0,0.039897502497583615,32.560001373291016,0QOQ.LON,0QOQ.LON
2022-05-12,1009.0,1017.5,984.6,995.6712,13325.0,-0.02671436950146633,31.770000457763672,0QOQ.LON,0QOQ.LON
2022-05-13,1018.5,1031.5,1014.416,1026.087,11974.0,0.030548036339707263,28.8700008392334,0QOQ.LON,0QOQ.LON
2022-05-16,1032.5,1034.5,1010.0,1027.228,32335.0,0.0011119914783055407,27.469999313354492,0QOQ.LON,0QOQ.LON
2022-05-17,1011.0,1057.5,1009.5,1039.5,18895.0,0.01194671484811538,26.100000381469727,0QOQ.LON,0QOQ.LON
2022-05-18,1044.0,1052.0,1018.5,1022.849,17182.0,-0.01601827801827793,30.959999084472656,0QOQ.LON,0QOQ.LON
2022-05-19,1000.0,1004.0,971.2,984.3707,19088.0,-0.03761874919953967,29.350000381469727,0QOQ.LON,0QOQ.LON
2022-05-20,990.2,1020.0,988.4,998.9977,20952.0,0.014859239512106548,29.43000030517578,0QOQ.LON,0QOQ.LON
2022-05-23,1021.5,1028.0,1010.0,1020.744,11017.0,0.0217681181848568,28.479999542236328,0QOQ.LON,0QOQ.LON
2022-05-24,1013.5,1026.5,1004.0,1013.738,114158.0,-0.006863621045041679,29.450000762939453,0QOQ.LON,0QOQ.LON
2022-05-25,1024.0,1030.0,989.2,999.3389,11449.0,-0.014203965916242733,28.3700008392334,0QOQ.LON,0QOQ.LON
2022-05-27,1029.5,1048.0,1022.5,1032.404,67599.0,0.033086973798378105,25.719999313354492,0QOQ.LON,0QOQ.LON
2022-05-30,1032.0,1042.992,1024.0,1034.292,25221.0,0.0018287414616757758,,0QOQ.LON,0QOQ.LON
2022-05-31,1032.5,1041.0,1020.0,1030.097,51124.0,-0.00405591457731469,26.190000534057617,0QOQ.LON,0QOQ.LON
2022-06-01,1038.0,1038.521,992.2,992.2,58829.0,-0.03678973921873374,25.690000534057617,0QOQ.LON,0QOQ.LON
2022-06-07,1003.0,1015.5,1000.5,1006.535,40694.0,0.014447691997581114,24.020000457763672,0QOQ.LON,0QOQ.LON
2022-06-08,1011.5,1015.5,997.6,1000.508,7224.0,-0.005987869274292401,23.959999084472656,0QOQ.LON,0QOQ.LON
2022-06-09,1005.5,1013.0,987.2,1001.21,9254.0,0.0007016435650688546,26.09000015258789,0QOQ.LON,0QOQ.LON
2022-06-10,972.6,976.6,938.6,964.3369,13884.0,-0.03682853746966175,27.75,0QOQ.LON,0QOQ.LON
2022-06-13,922.2,934.8,891.4,930.5333,24806.0,-0.03505372448155819,34.02000045776367,0QOQ.LON,0QOQ.LON
2022-06-14,901.0,906.4,850.4,874.4769,19340.0,-0.06024115418545484,32.689998626708984,0QOQ.LON,0QOQ.LON
2022-06-15,863.0,879.2,862.8,869.6412,10947.0,-0.005529820170206867,29.6200008392334,0QOQ.LON,0QOQ.LON
2022-06-16,865.4,868.0,832.4,841.275,24487.0,-0.03261827981470988,32.95000076293945,0QOQ.LON,0QOQ.LON
2022-06-17,848.8,881.0,843.0,854.1555,42064.0,0.015310689132566724,31.1299991607666,0QOQ.LON,0QOQ.LON
2022-06-20,854.0,861.6,837.0,840.4,9428.0,-0.016104210533093744,,0QOQ.LON,0QOQ.LON
2022-06-21,846.4,856.8,842.6,850.5057,9076.0,0.012024869109947822,30.190000534057617,0QOQ.LON,0QOQ.LON
2022-06-22,835.8,859.8,822.2,852.3955,9325.0,0.00222197217490705,28.950000762939453,0QOQ.LON,0QOQ.LON
2022-06-23,850.4,864.2,843.4,859.2719,10498.0,0.008067147233883798,29.049999237060547,0QOQ.LON,0QOQ.LON
2022-06-24,862.6,899.6,862.6,888.1476,3867.0,0.03360484614939696,27.229999542236328,0QOQ.LON,0QOQ.LON
2022-06-27,912.0,922.0,895.0,902.7663,28723.0,0.016459764120288156,26.950000762939453,0QOQ.LON,0QOQ.LON
2022-06-28,903.2,904.8,883.8,891.711,5866.0,-0.012246026463327175,28.360000610351562,0QOQ.LON,0QOQ.LON
2022-06-29,871.6,878.6,861.6,864.9404,37285.0,-0.030021610140505195,28.15999984741211,0QOQ.LON,0QOQ.LON
2022-06-30,858.2,862.8,842.6,860.2,14178.0,-0.005480608837325596,28.709999084472656,0QOQ.LON,0QOQ.LON
2022-07-01,849.4,865.2,849.4,859.2832,7626.0,-0.0010657986514764906,26.700000762939453,0QOQ.LON,0QOQ.LON
2022-07-04,866.2,866.2,851.6,857.2482,5196.0,-0.002368252981089336,,0QOQ.LON,0QOQ.LON
2022-07-05,865.8,873.0,838.0,848.3667,9080.0,-0.0103604766974138,27.540000915527344,0QOQ.LON,0QOQ.LON
2022-07-06,858.2,883.8,858.2,874.4308,6585.0,0.030722681595116708,26.729999542236328,0QOQ.LON,0QOQ.LON
2022-07-07,882.4,893.8,877.8,887.8025,5560.0,0.01529189045033652,26.079999923706055,0QOQ.LON,0QOQ.LON
2022-07-08,888.6,904.2,880.8,894.4214,5183.0,0.007455374365357148,24.639999389648438,0QOQ.LON,0QOQ.LON
2022-07-11,880.8,896.4,880.6,887.0,13312.0,-0.0082974311661147,26.170000076293945,0QOQ.LON,0QOQ.LON
2022-07-12,881.8,897.6,868.0,889.0296,7544.0,0.00228816234498308,27.290000915527344,0QOQ.LON,0QOQ.LON
2022-07-13,889.2,895.0,855.8,874.8,13349.0,-0.016005766287196743,26.81999969482422,0QOQ.LON,0QOQ.LON
2022-07-14,875.0,875.0,855.2,862.476,3823.0,-0.014087791495198898,26.399999618530273,0QOQ.LON,0QOQ.LON
2022-07-15,844.4,857.0,816.1816,833.6995,19807.0,-0.033364986388027096,24.229999542236328,0QOQ.LON,0QOQ.LON
2022-07-18,861.8,883.0,860.4,877.7935,5897.0,0.052889560327192386,25.299999237060547,0QOQ.LON,0QOQ.LON
2022-07-19,868.4,896.8,866.2,883.6462,7076.0,0.006667513486942056,24.5,0QOQ.LON,0QOQ.LON
2022-07-20,899.0,918.6,899.0,911.1,13545.0,0.03106876937851366,23.8799991607666,0QOQ.LON,0QOQ.LON
2022-07-21,917.4,947.6,917.4,943.0,11753.0,0.03501262210514766,23.110000610351562,0QOQ.LON,0QOQ.LON
2022-07-22,942.0,974.6,937.6,953.2897,21953.0,0.010911664899257767,23.030000686645508,0QOQ.LON,0QOQ.LON
2022-07-25,950.8,959.8,949.781,953.4909,15368.0,0.0002110586110390944,23.360000610351562,0QOQ.LON,0QOQ.LON
2022-07-26,948.2,957.0,926.0,952.2316,10195.0,-0.0013207257667587902,24.690000534057617,0QOQ.LON,0QOQ.LON
2022-07-27,926.6,937.4,920.0,930.4604,6398.0,-0.022863345429830262,23.239999771118164,0QOQ.LON,0QOQ.LON
2022-07-28,937.2,980.2,936.6,966.1365,11115.0,0.03834241629197743,22.329999923706055,0QOQ.LON,0QOQ.LON
2022-07-29,991.4,1033.0,988.4,1023.905,22766.0,0.059793310779584496,21.329999923706055,0QOQ.LON,0QOQ.LON
2022-08-02,1019.5,1020.5,975.6,981.1682,18293.0,-0.04173902852315403,23.93000030517578,0QOQ.LON,0QOQ.LON
2022-08-03,986.0,1003.5,983.8,1003.5,29317.0,0.02276041967116349,21.950000762939453,0QOQ.LON,0QOQ.LON
2022-08-04,1005.0,1025.5,1005.0,1016.947,14356.0,0.013400099651220687,21.440000534057617,0QOQ.LON,0QOQ.LON
2022-08-05,1028.0,1039.0,982.2,982.8,10974.0,-0.03357795440667022,21.149999618530273,0QOQ.LON,0QOQ.LON
2022-08-08,997.2,1012.5,992.0,1008.14,17308.0,0.02578347578347584,21.290000915527344,0QOQ.LON,0QOQ.LON
2022-08-09,1007.0,1007.5,972.9514,973.0,35855.0,-0.03485626996250524,21.770000457763672,0QOQ.LON,0QOQ.LON
2022-08-10,969.7,1023.0,962.0,989.5724,27059.0,0.017032271325796433,19.739999771118164,0QOQ.LON,0QOQ.LON
2022-08-11,1034.0,1050.0,1020.0,1035.405,21907.0,0.046315560134862155,20.200000762939453,0QOQ.LON,0QOQ.LON
2022-08-12,1041.5,1042.5,1029.5,1033.0,5489.0,-0.0023227625904839178,19.530000686645508,0QOQ.LON,0QOQ.LON
2022-08-15,1036.0,1040.0,1026.0,1032.795,7411.0,-0.0001984511132622213,19.950000762939453,0QOQ.LON,0QOQ.LON
2022-08-16,1028.0,1029.5,1011.0,1014.585,7075.0,-0.017631766226598677,19.690000534057617,0QOQ.LON,0QOQ.LON
2022-08-17,1017.0,1025.0,998.0,999.4,11025.0,-0.0149667105269643,19.899999618530273,0QOQ.LON,0QOQ.LON
2022-08-18,999.0,1010.0,995.2,1005.6,3005.0,0.006203722233339981,19.559999465942383,0QOQ.LON,0QOQ.LON
2022-08-19,1003.5,1005.5,978.8,980.2,3267.0,-0.025258552108194054,20.600000381469727,0QOQ.LON,0QOQ.LON
2022-08-22,983.2,993.0,972.2,972.7459,4237.0,-0.0076046725158130934,23.799999237060547,0QOQ.LON,0QOQ.LON
2022-08-23,965.2,985.4,965.2,968.4,6205.0,-0.004467662109909676,24.110000610351562,0QOQ.LON,0QOQ.LON
2022-08-24,965.4,982.6,959.2,972.9596,6068.0,0.004708384964890566,22.81999969482422,0QOQ.LON,0QOQ.LON
2022-08-25,988.6,1000.5,980.8,991.1919,21699.0,0.0187390103350642,21.780000686645508,0QOQ.LON,0QOQ.LON
2022-08-26,992.4,999.6,966.2,980.1382,12625.0,-0.011151927290769859,25.559999465942383,0QOQ.LON,0QOQ.LON
2022-08-30,969.6,973.0,930.0,962.126,15556.0,-0.018377204357508004,26.209999084472656,0QOQ.LON,0QOQ.LON
2022-08-31,941.0,967.2,939.0,946.4,25039.0,-0.01634505251910867,25.8700008392334,0QOQ.LON,0QOQ.LON
2022-09-01,921.6,926.8,902.5549,908.7956,11422.0,-0.03973415046491968,25.559999465942383,0QOQ.LON,0QOQ.LON
2022-09-02,918.8,944.6,915.0,944.4141,3161.0,0.03919308148058809,25.469999313354492,0QOQ.LON,0QOQ.LON
2022-09-05,918.0,933.8,909.6,917.7584,2989.0,-0.028224589192389127,,0QOQ.LON,0QOQ.LON
2022-09-06,937.0,950.4,919.6,931.8,11049.0,0.015299887203429563,26.90999984741211,0QOQ.LON,0QOQ.LON
2022-09-07,925.6,936.8,921.0,936.0936,3338.0,0.004607855763039348,24.639999389648438,0QOQ.LON,0QOQ.LON
2022-09-08,942.2,949.8,923.4,942.8,4930.0,0.007164240840873193,23.610000610351562,0QOQ.LON,0QOQ.LON
2022-09-09,950.0,963.0,948.8,954.36,2530.0,0.012261349172677294,22.790000915527344,0QOQ.LON,0QOQ.LON
2022-09-12,955.0,977.0,955.0,970.4,1872.0,0.016807074898361085,23.8700008392334,0QOQ.LON,0QOQ.LON
2022-09-13,979.2,985.4,932.6,932.94,7009.0,-0.03860263808738662,27.270000457763672,0QOQ.LON,0QOQ.LON
2022-09-14,934.8,947.8,926.8,934.4131,13627.0,0.0015789868587474665,26.15999984741211,0QOQ.LON,0QOQ.LON
2022-09-15,933.4,938.8,917.4,920.0,6342.0,-0.015424762345476517,26.270000457763672,0QOQ.LON,0QOQ.LON
2022-09-16,915.6,915.6,895.9552,905.5938,12554.0,-0.01565891304347833,26.299999237060547,0QOQ.LON,0QOQ.LON
2022-09-20,900.8,904.8,877.4,881.6236,66735.0,-0.02646904163875674,27.15999984741211,0QOQ.LON,0QOQ.LON
2022-09-21,868.6,879.6,864.8,872.0428,9839.0,-0.010867222701388624,27.989999771118164,0QOQ.LON,0QOQ.LON
2022-09-22,849.0,851.6,806.0,843.156,15920.0,-0.03312543833857706,27.350000381469727,0QOQ.LON,0QOQ.LON
2022-09-23,808.0,810.8,779.0,783.6546,17553.0,-0.07056985895848455,29.920000076293945,0QOQ.LON,0QOQ.LON
2022-09-26,783.8,801.8,780.0,795.5612,19692.0,0.015193683543744951,32.2599983215332,0QOQ.LON,0QOQ.LON
2022-09-27,800.0,809.2,782.8,794.4,13848.0,-0.0014595985827363656,32.599998474121094,0QOQ.LON,0QOQ.LON
2022-09-28,790.6,810.4,781.4,805.1297,20563.0,0.013506671701913442,30.18000030517578,0QOQ.LON,0QOQ.LON
2022-09-29,798.6,800.0,767.6,775.2,23060.0,-0.03717376219011659,31.84000015258789,0QOQ.LON,0QOQ.LON
2022-09-30,779.0,804.6,775.4,804.6,6570.0,0.03792569659442724,31.6200008392334,0QOQ.LON,0QOQ.LON
2022-10-03,787.4,820.0,781.0,820.0,99678.0,0.019139945314441853,30.100000381469727,0QOQ.LON,0QOQ.LON
2022-10-04,842.4,865.4,834.4,865.4,16775.0,0.055365853658536635,29.06999969482422,0QOQ.LON,0QOQ.LON
2022-10-05,867.6,868.8,838.6,848.2,16174.0,-0.019875202218627153,28.549999237060547,0QOQ.LON,0QOQ.LON
2022-10-06,853.8,866.0,846.4,849.6849,2806.0,0.0017506484319735893,30.520000457763672,0QOQ.LON,0QOQ.LON
2022-10-07,843.6,845.8,815.2,815.4,18135.0,-0.040350134502802115,31.360000610351562,0QOQ.LON,0QOQ.LON
2022-10-10,805.6,825.6,805.6,813.0,7651.0,-0.0029433406916850036,32.45000076293945,0QOQ.LON,0QOQ.LON
2022-10-11,801.8,808.4,786.4,799.0575,6040.0,-0.017149446494464926,33.630001068115234,0QOQ.LON,0QOQ.LON
2022-10-12,796.2,804.8,782.4,787.1234,7025.0,-0.014935220556718476,33.56999969482422,0QOQ.LON,0QOQ.LON
2022-10-13,783.2,804.6,767.4,790.89,4061.0,0.004785272550657194,31.940000534057617,0QOQ.LON,0QOQ.LON
2022-10-14,820.0,829.2,803.4,813.2786,5873.0,0.0283081085865291,32.02000045776367,0QOQ.LON,0QOQ.LON
2022-10-17,810.6,838.8,797.6,832.2,2943.0,0.02326558205269391,31.3700008392334,0QOQ.LON,0QOQ.LON
2022-10-18,850.6,867.8,843.8,854.9299,6332.0,0.027313025714972294,30.5,0QOQ.LON,0QOQ.LON
2022-10-19,853.0,853.0,819.8,825.1225,4414.0,-0.03486531468837395,30.760000228881836,0QOQ.LON,0QOQ.LON
2022-10-20,816.2,847.0,815.8,838.9263,4995.0,0.01672939472623769,29.979999542236328,0QOQ.LON,0QOQ.LON
2022-10-21,824.8,832.4,809.8,826.6176,7536.0,-0.014671968205073438,29.690000534057617,0QOQ.LON,0QOQ.LON
2022-10-24,837.8,854.4,831.2,839.658,3449.0,0.015775613778366226,29.850000381469727,0QOQ.LON,0QOQ.LON
2022-10-25,863.0,902.0,860.2,891.1807,11004.0,0.061361530527905384,28.459999084472656,0QOQ.LON,0QOQ.LON
2022-10-26,891.2,908.4,884.6,906.824,2592.0,0.01755345464730107,27.280000686645508,0QOQ.LON,0QOQ.LON
2022-10-27,894.6,909.0,889.0,898.2,6276.0,-0.009510114421320881,27.389999389648438,0QOQ.LON,0QOQ.LON
2022-10-28,892.2,902.4,884.4,902.0,4132.0,0.004230683589401041,25.75,0QOQ.LON,0QOQ.LON
2022-10-31,906.6,906.6,893.6,899.4,15700.0,-0.0028824833702882913,25.8799991607666,0QOQ.LON,0QOQ.LON
2022-11-01,905.2,918.2,895.8,912.2912,3469.0,0.01433311096286416,25.809999465942383,0QOQ.LON,0QOQ.LON
2022-11-02,902.8,908.2,892.4,898.2,3270.0,-0.015445945329736754,25.860000610351562,0QOQ.LON,0QOQ.LON
2022-11-03,872.6,890.8,872.6,882.7363,5027.0,-0.01721632153195285,25.299999237060547,0QOQ.LON,0QOQ.LON
2022-11-04,875.4,907.6,874.2,897.1561,5149.0,0.016335342729193236,24.549999237060547,0QOQ.LON,0QOQ.LON
2022-11-07,894.8,911.0,891.6,902.935,7354.0,0.00644135396281631,24.350000381469727,0QOQ.LON,0QOQ.LON
2022-11-08,897.8,921.8,895.8,919.0,3429.0,0.017791978381611173,25.540000915527344,0QOQ.LON,0QOQ.LON
2022-11-09,918.6,926.0,906.8,915.6,12078.0,-0.0036996735582154328,26.09000015258789,0QOQ.LON,0QOQ.LON
2022-11-10,903.0,979.6,899.2,903.2,6209.0,-0.013543031891655732,23.530000686645508,0QOQ.LON,0QOQ.LON
2022-11-11,1007.5,1048.5,1005.0,1027.103,13017.0,0.13718224092116915,22.520000457763672,0QOQ.LON,0QOQ.LON
2022-11-14,1056.5,1059.5,1020.0,1022.0,13547.0,-0.004968342999679742,23.729999542236328,0QOQ.LON,0QOQ.LON
2022-11-15,1023.5,1034.0,1010.5,1020.0,2931.0,-0.00195694716242667,24.540000915527344,0QOQ.LON,0QOQ.LON
2022-11-16,1014.0,1014.5,961.6,961.6,5800.0,-0.05725490196078431,24.110000610351562,0QOQ.LON,0QOQ.LON
2022-11-17,973.2,981.0,961.2,968.4,7159.0,0.007071547420965052,23.93000030517578,0QOQ.LON,0QOQ.LON
2022-11-18,966.6,977.2,957.6,972.3063,6049.0,0.004033767038413849,23.1200008392334,0QOQ.LON,0QOQ.LON
2022-11-21,956.8,969.4,950.0,957.6862,5520.0,-0.0150365167848856,22.360000610351562,0QOQ.LON,0QOQ.LON
2022-11-22,943.6,954.0,930.8,949.3423,6763.0,-0.008712561588545387,21.290000915527344,0QOQ.LON,0QOQ.LON
2022-11-23,951.2,955.0,936.6,955.0,3539.0,0.0059595996091188486,20.350000381469727,0QOQ.LON,0QOQ.LON
2022-11-24,949.8,970.4,948.0,965.9353,3561.0,0.011450575916230443,,0QOQ.LON,0QOQ.LON
2022-11-25,969.0,974.6,939.0,946.1071,3115.0,-0.020527461828965143,20.5,0QOQ.LON,0QOQ.LON
2022-11-28,937.6,944.8,921.4,921.4,2951.0,-0.026114485347377703,22.209999084472656,0QOQ.LON,0QOQ.LON
2022-11-29,920.6,925.8,906.0,918.2321,4617.0,-0.0034381376166703337,21.889999389648438,0QOQ.LON,0QOQ.LON
2022-11-30,931.4,931.4,915.2,925.0925,32102.0,0.007471313625389442,20.579999923706055,0QOQ.LON,0QOQ.LON
2022-12-01,952.6,965.0,941.6,943.4017,7594.0,0.019791750554674303,19.84000015258789,0QOQ.LON,0QOQ.LON
2022-12-02,948.8,953.4,900.2,947.1793,7614.0,0.00400423276744144,19.059999465942383,0QOQ.LON,0QOQ.LON
2022-12-05,911.0,911.4,897.0,900.5351,7394.0,-0.04924537518925931,20.75,0QOQ.LON,0QOQ.LON
2022-12-06,893.8,897.6,875.2,894.4,5458.0,-0.006812727232953009,22.170000076293945,0QOQ.LON,0QOQ.LON
2022-12-07,875.0,879.6,866.0,872.5264,6057.0,-0.024456171735241505,22.68000030517578,0QOQ.LON,0QOQ.LON
2022-12-08,865.2,868.6,851.2,860.8,15956.0,-0.013439593346401879,22.290000915527344,0QOQ.LON,0QOQ.LON
2022-12-09,872.6,879.4,860.2,874.3748,3447.0,0.015769981412639522,22.829999923706055,0QOQ.LON,0QOQ.LON
2022-12-12,867.0,877.593,856.2,862.8146,19748.0,-0.013221103810402646,25.0,0QOQ.LON,0QOQ.LON
2022-12-13,882.8,922.8,880.4,900.865,12590.0,0.044100320045580954,22.549999237060547,0QOQ.LON,0QOQ.LON
2022-12-14,882.4,894.8,876.0,888.2667,6314.0,-0.01398467028911099,21.139999389648438,0QOQ.LON,0QOQ.LON
2022-12-15,879.8,879.8,852.8,856.8,2989.0,-0.03542483355505732,22.829999923706055,0QOQ.LON,0QOQ.LON
2022-12-16,857.6,859.8,822.8,828.0828,8806.0,-0.033516806722688974,22.6200008392334,0QOQ.LON,0QOQ.LON
2022-12-19,830.6,831.2,820.6,828.4,4478.0,0.0003830534820914444,22.420000076293945,0QOQ.LON,0QOQ.LON
2022-12-20,811.4,812.6,804.2,807.1788,11366.0,-0.025617093191694806,21.479999542236328,0QOQ.LON,0QOQ.LON
2022-12-21,811.0,827.2662,810.0,817.4103,3749.0,0.012675630232112045,20.06999969482422,0QOQ.LON,0QOQ.LON
2022-12-22,827.4,833.6,808.0,818.7686,5827.0,0.0016617113828880647,21.969999313354492,0QOQ.LON,0QOQ.LON
2022-12-23,819.2,827.2,814.0,817.1505,2500.0,-0.0019762604477016055,20.8700008392334,0QOQ.LON,0QOQ.LON
2022-12-28,823.6,825.6,816.6,817.0817,4608.0,-8.419501670742235e-05,22.139999389648438,0QOQ.LON,0QOQ.LON
2022-12-29,819.2,831.8915,813.8,825.7559,2628.0,0.010616074255487495,21.440000534057617,0QOQ.LON,0QOQ.LON
2022-12-30,826.8,831.4,816.8,827.3244,2600.0,0.0018994717446159104,21.670000076293945,0QOQ.LON,0QOQ.LON
2023-01-03,834.4,844.4,828.0,833.9668,10018.0,0.008028773235746467,22.899999618530273,0QOQ.LON,0QOQ.LON
2023-01-04,833.6,850.8,829.8,836.9698,3599.0,0.003600862768158075,22.010000228881836,0QOQ.LON,0QOQ.LON
2023-01-05,847.4,858.2,846.8,858.0331,5540.0,0.02516614100054748,22.459999084472656,0QOQ.LON,0QOQ.LON
2023-01-06,853.6,856.2,835.6,848.8849,31952.0,-0.01066182644935254,21.1299991607666,0QOQ.LON,0QOQ.LON
2023-01-09,861.6,869.8,854.2,867.6,5792.0,0.02204668736597859,21.969999313354492,0QOQ.LON,0QOQ.LON
2023-01-10,859.2,868.6,850.0,862.5723,4501.0,-0.005794951590594732,20.579999923706055,0QOQ.LON,0QOQ.LON
2023-01-11,872.4,890.0,854.8,859.6,3633.0,-0.003445856074905329,21.09000015258789,0QOQ.LON,0QOQ.LON
2023-01-12,880.0,912.6,877.2,895.2236,6148.0,0.04144206607724521,18.829999923706055,0QOQ.LON,0QOQ.LON
2023-01-13,849.6,871.2,845.2,863.7725,16569.0,-0.035132116713634476,18.350000381469727,0QOQ.LON,0QOQ.LON
2023-01-16,874.8,899.8,872.0,895.255,17780.0,0.03644767574795438,,0QOQ.LON,0QOQ.LON
2023-01-17,885.2,896.2,879.4,895.0,31588.0,-0.00028483504699772233,19.360000610351562,0QOQ.LON,0QOQ.LON
2023-01-18,900.0,908.8,886.0,894.4,7729.0,-0.0006703910614525022,20.34000015258789,0QOQ.LON,0QOQ.LON
2023-01-19,890.0,896.0,851.2,851.2,7368.0,-0.04830053667262957,20.520000457763672,0QOQ.LON,0QOQ.LON
2023-01-20,855.0,867.4,848.0,867.4,4861.0,0.019031954887217983,19.850000381469727,0QOQ.LON,0QOQ.LON
2023-01-23,870.4,883.6,869.0,882.8,5722.0,0.017754207977864755,19.809999465942383,0QOQ.LON,0QOQ.LON
2023-01-24,885.8,888.8,877.4,880.7166,3760.0,-0.0023599909379247164,19.200000762939453,0QOQ.LON,0QOQ.LON
2023-01-25,879.6,883.6,858.4,865.0,10323.0,-0.01784524102304874,19.079999923706055,0QOQ.LON,0QOQ.LON
2023-01-26,881.0,881.2,873.2,878.4296,4519.0,0.015525549132948013,18.729999542236328,0QOQ.LON,0QOQ.LON
2023-01-27,875.0,879.2,871.6,874.9698,5178.0,-0.003938619554714529,18.510000228881836,0QOQ.LON,0QOQ.LON
2023-01-30,865.0,870.2,859.4,866.5733,7195.0,-0.009596331210517173,19.940000534057617,0QOQ.LON,0QOQ.LON
2023-01-31,866.2,869.2,851.8,855.8597,3856.0,-0.01236317804852749,19.399999618530273,0QOQ.LON,0QOQ.LON
2023-02-01,860.2,869.8,858.0,861.7886,5723.0,0.006927420463891387,17.8700008392334,0QOQ.LON,0QOQ.LON
2023-02-02,877.0,939.4,875.4,905.8887,9118.0,0.05117275860924586,18.729999542236328,0QOQ.LON,0QOQ.LON
2023-02-03,926.8,940.4,912.4,925.2273,11462.0,0.021347655622594663,18.329999923706055,0QOQ.LON,0QOQ.LON
2023-02-06,934.0,935.4,919.8,923.2,3995.0,-0.0021911372481118185,19.43000030517578,0QOQ.LON,0QOQ.LON
2023-02-07,914.4,930.4,913.0,915.6,3728.0,-0.008232235701906454,18.65999984741211,0QOQ.LON,0QOQ.LON
2023-02-08,938.2,940.2,922.8,928.24,3173.0,0.013805155089558818,19.6299991607666,0QOQ.LON,0QOQ.LON
2023-02-09,930.2,936.4,918.6,924.8613,15989.0,-0.003639899164009308,20.709999084472656,0QOQ.LON,0QOQ.LON
2023-02-10,912.6,916.6,896.2,908.4631,9569.0,-0.017730442391740264,20.530000686645508,0QOQ.LON,0QOQ.LON
2023-02-13,908.0,928.2,905.4,915.9286,24583.0,0.008217725078762061,20.34000015258789,0QOQ.LON,0QOQ.LON
2023-02-14,930.0,944.4,923.2,935.1633,9989.0,0.021000217702559,18.90999984741211,0QOQ.LON,0QOQ.LON
2023-02-15,925.0,938.6,922.4,934.6,4945.0,-0.0006023546903519694,18.229999542236328,0QOQ.LON,0QOQ.LON
2023-02-16,943.2,946.8,922.2,931.8297,7704.0,-0.0029641557885726755,20.170000076293945,0QOQ.LON,0QOQ.LON
2023-02-17,910.6,927.2,910.6,920.8,3654.0,-0.011836604907527692,20.020000457763672,0QOQ.LON,0QOQ.LON
2023-02-20,921.6,925.2,914.2,915.4,2789.0,-0.005864465682015596,,0QOQ.LON,0QOQ.LON
2023-02-21,909.6,914.0,899.4,902.6097,5027.0,-0.013972361809045264,22.8700008392334,0QOQ.LON,0QOQ.LON
2023-02-22,899.0,905.0,885.4,897.6015,9472.0,-0.0055485776410335585,22.290000915527344,0QOQ.LON,0QOQ.LON
2023-02-23,907.2,919.6,904.8,916.7,7986.0,0.021277259451995212,21.139999389648438,0QOQ.LON,0QOQ.LON
2023-02-24,921.6,921.6,893.0,899.6191,7228.0,-0.018633031526126387,21.670000076293945,0QOQ.LON,0QOQ.LON
2023-02-27,907.8,912.0,902.2,905.2189,27758.0,0.006224634403604767,20.950000762939453,0QOQ.LON,0QOQ.LON
2023-02-28,900.2,904.6,890.0,894.2267,5255.0,-0.012143140184103451,20.700000762939453,0QOQ.LON,0QOQ.LON
2023-03-01,891.2,899.2,879.2,881.5004,8422.0,-0.014231626051872559,20.579999923706055,0QOQ.LON,0QOQ.LON
2023-03-02,872.6,886.0,871.4,882.4,6423.0,0.001020532718986722,19.59000015258789,0QOQ.LON,0QOQ.LON
2023-03-03,890.8,890.8,885.4,890.6891,4402.0,0.009393812330009244,18.489999771118164,0QOQ.LON,0QOQ.LON
2023-03-06,899.8,902.2,889.8,896.1218,3240.0,0.006099434696124506,18.610000610351562,0QOQ.LON,0QOQ.LON
2023-03-07,894.4,905.2,881.5118,881.5118,15463.0,-0.016303587302529676,19.59000015258789,0QOQ.LON,0QOQ.LON
2023-03-08,878.0,879.8,869.0,872.8,3517.0,-0.0098827945354788,19.110000610351562,0QOQ.LON,0QOQ.LON
2023-03-09,870.4,875.2,859.6,866.2,8659.0,-0.007561869844179503,22.610000610351562,0QOQ.LON,0QOQ.LON
2023-03-10,848.0,848.0,808.0,829.0286,14603.0,-0.04291318402216582,24.799999237060547,0QOQ.LON,0QOQ.LON
2023-03-13,822.2,826.8,773.0,811.0471,22990.0,-0.02168984278708841,26.520000457763672,0QOQ.LON,0QOQ.LON
2023-03-14,792.6,799.0,772.6,780.8,4918.0,-0.037293888357408655,23.729999542236328,0QOQ.LON,0QOQ.LON
2023-03-15,790.0,792.0,735.2,753.56,89492.0,-0.034887295081967196,26.139999389648438,0QOQ.LON,0QOQ.LON
2023-03-16,779.6,779.6,750.4,768.6963,39738.0,0.020086389935771498,22.989999771118164,0QOQ.LON,0QOQ.LON
2023-03-17,785.4,787.0,742.2,780.8,7073.0,0.015745750304769324,25.510000228881836,0QOQ.LON,0QOQ.LON
2023-03-20,734.6,775.6,724.4,743.3,21293.0,-0.04802766393442626,24.149999618530273,0QOQ.LON,0QOQ.LON
2023-03-21,779.8,820.2,773.2,819.8,16763.0,0.10291941342661115,21.3799991607666,0QOQ.LON,0QOQ.LON
2023-03-22,819.6,826.0,810.8,821.4269,4796.0,0.0019845084166871807,22.260000228881836,0QOQ.LON,0QOQ.LON
2023-03-23,813.4,831.8,807.8,814.9053,5629.0,-0.007939355285296879,22.610000610351562,0QOQ.LON,0QOQ.LON
2023-03-24,820.8,832.0,812.4,828.0622,9962.0,0.016145311608600332,21.739999771118164,0QOQ.LON,0QOQ.LON
2023-03-27,834.0,840.8,821.8,839.2706,9067.0,0.013535698163736898,20.600000381469727,0QOQ.LON,0QOQ.LON
2023-03-28,829.8,830.8,802.0,808.5617,8876.0,-0.0365899865907372,19.969999313354492,0QOQ.LON,0QOQ.LON
2023-03-29,818.6,827.2,809.6,813.6,33685.0,0.00623118804662659,19.1200008392334,0QOQ.LON,0QOQ.LON
2023-03-30,836.0,853.2,830.4,839.9818,4396.0,0.032426007866273254,19.020000457763672,0QOQ.LON,0QOQ.LON
2023-03-31,849.4,861.2,839.8,853.8071,6654.0,0.016459047088877465,18.700000762939453,0QOQ.LON,0QOQ.LON
2023-04-03,852.4,856.8,838.6,846.863,5054.0,-0.008133101727544667,18.549999237060547,0QOQ.LON,0QOQ.LON
2023-04-04,850.8,857.8,843.8,845.1269,22214.0,-0.0020500364285606087,19.0,0QOQ.LON,0QOQ.LON
2023-04-05,849.0,849.0,835.6,847.8,1660.0,0.0031629569476490094,19.079999923706055,0QOQ.LON,0QOQ.LON
2023-04-06,842.8,848.8,837.4,844.8845,4381.0,-0.003438900684123558,18.399999618530273,0QOQ.LON,0QOQ.LON
2023-04-11,855.8,856.0,844.8,849.0,3429.0,0.004871080011528139,19.100000381469727,0QOQ.LON,0QOQ.LON
2023-04-12,858.8,864.8,846.0,858.0,5600.0,0.010600706713780994,19.09000015258789,0QOQ.LON,0QOQ.LON
2023-04-13,852.6,861.3,848.0,861.3,13387.0,0.0038461538461538325,17.799999237060547,0QOQ.LON,0QOQ.LON
2023-04-14,860.8,878.4,856.4,874.3311,8160.0,0.015129571577847445,17.06999969482422,0QOQ.LON,0QOQ.LON
2023-04-17,876.6,878.2,843.2,849.0652,1360.0,-0.02889740511346328,16.950000762939453,0QOQ.LON,0QOQ.LON
2023-04-18,845.4,855.8,843.1737,844.8923,4085.0,-0.004914699130290634,16.829999923706055,0QOQ.LON,0QOQ.LON
2023-04-19,850.6,858.2,848.4,856.8857,4071.0,0.014195182036811138,16.459999084472656,0QOQ.LON,0QOQ.LON
2023-04-20,857.4,863.4,850.8,859.1286,38063.0,0.002617501960879842,17.170000076293945,0QOQ.LON,0QOQ.LON
2023-04-21,854.0,857.0,834.2,835.2267,16079.0,-0.02782109686489309,16.770000457763672,0QOQ.LON,0QOQ.LON
2023-04-24,858.0,876.4,858.0,870.2,16062.0,0.041872823270616255,16.889999389648438,0QOQ.LON,0QOQ.LON
2023-04-25,863.4,863.4,840.6,849.5067,4155.0,-0.02377993564697778,18.760000228881836,0QOQ.LON,0QOQ.LON
2023-04-26,843.8,843.8,831.8,837.9714,5744.0,-0.013578821685573561,18.84000015258789,0QOQ.LON,0QOQ.LON
2023-04-27,833.6,844.8,828.8,839.6,20816.0,0.0019435030837569034,17.030000686645508,0QOQ.LON,0QOQ.LON
2023-04-28,849.4,867.2,846.8,859.204,4729.0,0.023349213911386224,15.779999732971191,0QOQ.LON,0QOQ.LON
2023-05-02,865.0,868.0,844.0,854.0857,10418.0,-0.00595702533973308,17.780000686645508,0QOQ.LON,0QOQ.LON
2023-05-03,851.6,858.6,846.0,854.9283,1862.0,0.00098655205209508,18.34000015258789,0QOQ.LON,0QOQ.LON
2023-05-04,852.2,858.4,845.0,849.0849,19280.0,-0.006834959142187791,20.09000015258789,0QOQ.LON,0QOQ.LON
2023-05-05,852.8,863.2,851.0,858.3835,12758.0,0.010951319473470944,17.190000534057617,0QOQ.LON,0QOQ.LON
2023-05-09,857.6,857.6,838.8,856.6941,25289.0,-0.0019681179799005966,17.709999084472656,0QOQ.LON,0QOQ.LON
2023-05-10,845.2,849.6,837.6,848.3976,43992.0,-0.009684320225854304,16.940000534057617,0QOQ.LON,0QOQ.LON
2023-05-11,853.2,863.2,840.8,844.2667,12873.0,-0.004869061392912988,16.93000030517578,0QOQ.LON,0QOQ.LON
2023-05-12,855.4,869.8,850.0,861.8958,9649.0,0.020880960957005534,17.030000686645508,0QOQ.LON,0QOQ.LON
2023-05-15,858.0,859.4,845.6,849.5683,109395.0,-0.014302773026623417,17.1200008392334,0QOQ.LON,0QOQ.LON
2023-05-16,844.8,851.4,825.2,834.0,82188.0,-0.018324953979568237,17.989999771118164,0QOQ.LON,0QOQ.LON
2023-05-17,816.6,825.4,813.2546,820.7519,13215.0,-0.015885011990407705,16.8700008392334,0QOQ.LON,0QOQ.LON
2023-05-19,838.8,865.8,830.2,838.3288,41612.0,0.021415606835634593,16.809999465942383,0QOQ.LON,0QOQ.LON
2023-05-22,859.4,864.151,850.4,857.125,24281.0,0.022421035755899155,17.209999084472656,0QOQ.LON,0QOQ.LON
2023-05-23,856.0,876.2,853.8,860.3931,34440.0,0.0038128627679743232,18.530000686645508,0QOQ.LON,0QOQ.LON
2023-05-24,852.0,852.0,822.0,827.2415,19195.0,-0.03853075995146871,20.030000686645508,0QOQ.LON,0QOQ.LON
2023-05-25,827.4,844.6,820.8,831.3555,11757.0,0.004973154755896658,19.139999389648438,0QOQ.LON,0QOQ.LON
2023-05-26,811.8,828.4,803.9,825.1779,10583.0,-0.0074307561566622216,17.950000762939453,0QOQ.LON,0QOQ.LON
2023-05-30,825.8,834.2,821.3,829.9333,163717.0,0.005762878525951809,17.459999084472656,0QOQ.LON,0QOQ.LON
2023-05-31,820.4,837.0,816.4,820.6769,20807.0,-0.011153185442733804,17.940000534057617,0QOQ.LON,0QOQ.LON
2023-06-01,829.6,833.8,816.8,819.2413,19367.0,-0.001749287691660384,15.649999618530273,0QOQ.LON,0QOQ.LON
2023-06-02,831.8,845.4,830.2,844.2338,19901.0,0.030506884845771243,14.600000381469727,0QOQ.LON,0QOQ.LON
2023-06-05,841.2,845.2,830.0,843.4,4748.0,-0.0009876411013157727,14.729999542236328,0QOQ.LON,0QOQ.LON
2023-06-06,834.8,845.8,830.8,832.0909,3645.0,-0.013408940004742687,13.960000038146973,0QOQ.LON,0QOQ.LON
2023-06-07,841.0,844.4,830.4,836.4,11779.0,0.005178640939349277,13.9399995803833,0QOQ.LON,0QOQ.LON
2023-06-08,828.0,841.4,825.8,839.632,3262.0,0.003864179818268809,13.649999618530273,0QOQ.LON,0QOQ.LON
2023-06-09,834.0,839.8,832.0,837.5311,54476.0,-0.002502167616288964,13.829999923706055,0QOQ.LON,0QOQ.LON
2023-06-12,846.6,868.2,844.8,864.7538,8135.0,0.0325035094219186,15.010000228881836,0QOQ.LON,0QOQ.LON
2023-06-13,878.8,887.7336,870.4,878.52,7707.0,0.015919213075444194,14.609999656677246,0QOQ.LON,0QOQ.LON
2023-06-14,887.6,894.6,882.8,887.0226,31970.0,0.009678322633519976,13.880000114440918,0QOQ.LON,0QOQ.LON
2023-06-15,887.2,892.4,874.0,887.3,9028.0,0.000312731603456351,14.5,0QOQ.LON,0QOQ.LON
2023-06-16,883.0,891.8,880.4,888.4988,11250.0,0.0013510650287389403,13.539999961853027,0QOQ.LON,0QOQ.LON
2023-06-19,879.8,880.0,869.4,872.3,45815.0,-0.01823165096002377,,0QOQ.LON,0QOQ.LON
2023-06-20,871.8,871.8,857.6,864.5919,37097.0,-0.008836524131606072,13.880000114440918,0QOQ.LON,0QOQ.LON
2023-06-21,852.0,854.8,834.0329,834.0333,7664.0,-0.035344536537989746,13.199999809265137,0QOQ.LON,0QOQ.LON
2023-06-22,827.8,837.0,824.2,835.6,29009.0,0.0018784621669183377,12.90999984741211,0QOQ.LON,0QOQ.LON
2023-06-23,828.0,832.8,816.0,819.5654,5878.0,-0.019189325035902427,13.4399995803833,0QOQ.LON,0QOQ.LON
2023-06-26,819.6,819.8,807.4,818.1689,4074.0,-0.001703951874981513,14.25,0QOQ.LON,0QOQ.LON
2023-06-27,818.6,820.2,806.6,811.0806,22231.0,-0.008663614566625566,13.739999771118164,0QOQ.LON,0QOQ.LON
2023-06-28,837.4,841.8,825.0,834.8706,3964.0,0.029331240323094754,13.430000305175781,0QOQ.LON,0QOQ.LON
2023-06-29,839.0,847.0,829.2,840.239,3497.0,0.0064302180481623505,13.539999961853027,0QOQ.LON,0QOQ.LON
2023-06-30,829.6,843.0,829.6,840.7333,4431.0,0.0005882849998630757,13.59000015258789,0QOQ.LON,0QOQ.LON
2023-07-03,833.8,838.0,816.4,825.8826,11025.0,-0.01766398452398632,13.569999694824219,0QOQ.LON,0QOQ.LON
2023-07-04,814.2,822.2,809.4,820.33,16593.0,-0.006723231607010494,,0QOQ.LON,0QOQ.LON
2023-07-05,814.0,822.4,811.2,820.382,12505.0,6.338912388903495e-05,14.180000305175781,0QOQ.LON,0QOQ.LON
2023-07-06,810.0,812.0,786.6,795.7153,46566.0,-0.030067334485642028,15.4399995803833,0QOQ.LON,0QOQ.LON
2023-07-07,790.2,805.6,789.8,791.8792,5159.0,-0.004820945380841546,14.829999923706055,0QOQ.LON,0QOQ.LON
2023-07-10,797.2,801.8,794.0,799.0999,13720.0,0.00911843624633657,15.069999694824219,0QOQ.LON,0QOQ.LON
2023-07-11,805.8,814.6,800.4,813.8814,1675.0,0.01849768721032241,14.84000015258789,0QOQ.LON,0QOQ.LON
2023-07-12,811.0,823.6,807.37,813.0813,1640.0,-0.0009830670660367913,13.539999961853027,0QOQ.LON,0QOQ.LON
2023-07-13,826.8,838.4,822.4,835.5198,7126.0,0.027596871309178983,13.609999656677246,0QOQ.LON,0QOQ.LON
2023-07-14,862.0,938.0,857.4,903.5748,16118.0,0.0814522887428879,13.34000015258789,0QOQ.LON,0QOQ.LON
2023-07-17,926.2,930.6,913.8,919.8621,72639.0,0.018025403098891335,13.479999542236328,0QOQ.LON,0QOQ.LON
2023-07-18,920.2,932.6,916.6,928.8094,7619.0,0.009726784047304315,13.300000190734863,0QOQ.LON,0QOQ.LON
2023-07-19,931.6,958.0,931.0,947.9185,32215.0,0.020573758189785796,13.760000228881836,0QOQ.LON,0QOQ.LON
2023-07-20,944.8,961.8,943.0,955.7872,11486.0,0.008301030099106654,13.989999771118164,0QOQ.LON,0QOQ.LON
2023-07-21,949.0,966.4,948.0,961.8561,5638.0,0.0063496351489118474,13.600000381469727,0QOQ.LON,0QOQ.LON
2023-07-24,965.0,971.6,955.4,966.1966,21497.0,0.0045126292799930745,13.90999984741211,0QOQ.LON,0QOQ.LON
2023-07-25,969.8,978.8,964.6,973.12,16000.0,0.007165622400244542,13.859999656677246,0QOQ.LON,0QOQ.LON
2023-07-26,973.4,979.8,968.4,979.2979,32401.0,0.006348548997040515,13.1899995803833,0QOQ.LON,0QOQ.LON
2023-07-27,983.0,1000.5,981.6,999.5499,9381.0,0.020680121952676433,14.40999984741211,0QOQ.LON,0QOQ.LON
2023-07-28,980.4,986.0,977.0,982.0982,6248.0,-0.01745955854730208,13.329999923706055,0QOQ.LON,0QOQ.LON
2023-07-31,982.0,982.0,975.6,979.998,6264.0,-0.0021384826894091935,13.630000114440918,0QOQ.LON,0QOQ.LON
2023-08-02,941.8,967.4,938.8,943.1956,14480.0,-0.037553546027644935,16.09000015258789,0QOQ.LON,0QOQ.LON
2023-08-03,950.8,966.8,950.2,955.0667,3479.0,0.012586042598162983,15.920000076293945,0QOQ.LON,0QOQ.LON
2023-08-04,957.4,976.6,953.0,966.7208,5902.0,0.012202393822337232,17.100000381469727,0QOQ.LON,0QOQ.LON
2023-08-07,968.0,978.8,967.2,974.1827,1979.0,0.007718774645171456,15.770000457763672,0QOQ.LON,0QOQ.LON
2023-08-08,966.0,968.8,959.4,964.0914,2451.0,-0.010358734557696314,15.989999771118164,0QOQ.LON,0QOQ.LON
2023-08-09,969.6,970.8,949.2,955.8956,2647.0,-0.008501061206437566,15.960000038146973,0QOQ.LON,0QOQ.LON
2023-08-10,956.0,978.4,956.0,967.0387,4141.0,0.011657235371728802,15.850000381469727,0QOQ.LON,0QOQ.LON
2023-08-11,957.4,964.6,950.8,956.9788,3768.0,-0.010402789464372009,14.84000015258789,0QOQ.LON,0QOQ.LON
2023-08-14,956.8,964.8,949.8,955.8829,1725.0,-0.0011451664341990409,14.819999694824219,0QOQ.LON,0QOQ.LON
2023-08-15,949.0,959.2,942.0,943.6443,2253.0,-0.012803451134024812,16.459999084472656,0QOQ.LON,0QOQ.LON
2023-08-16,931.2,948.2,929.0,940.744,7294.0,-0.0030735097960110647,16.780000686645508,0QOQ.LON,0QOQ.LON
2023-08-17,931.6,937.8,921.2,925.0925,8172.0,-0.016637363618582812,17.889999389648438,0QOQ.LON,0QOQ.LON
2023-08-18,923.4,925.0676,908.8,922.8286,3676.0,-0.0024472147379855924,17.299999237060547,0QOQ.LON,0QOQ.LON
2023-08-21,925.8,931.4,920.4,923.8,13989.0,0.0010526331758680119,17.1299991607666,0QOQ.LON,0QOQ.LON
2023-08-22,924.4,932.7,921.4,928.5637,17396.0,0.005156635635418905,16.969999313354492,0QOQ.LON,0QOQ.LON
2023-08-23,922.6,929.6,913.4,924.0964,6239.0,-0.004810978503682617,15.979999542236328,0QOQ.LON,0QOQ.LON
2023-08-24,932.2,933.6,921.8,922.4,3586.0,-0.001835739215086285,17.200000762939453,0QOQ.LON,0QOQ.LON
2023-08-25,917.6,929.8,912.6035,916.8917,5679.0,-0.005971704249783105,15.680000305175781,0QOQ.LON,0QOQ.LON
2023-08-29,934.8,946.1425,924.6,945.8114,11230.0,0.03154102060254238,14.449999809265137,0QOQ.LON,0QOQ.LON
2023-08-30,946.6,948.0,940.8,944.46,11146.0,-0.001428826085200563,13.880000114440918,0QOQ.LON,0QOQ.LON
2023-08-31,947.8,955.8,944.2,952.7463,7066.0,0.00877358490566027,13.569999694824219,0QOQ.LON,0QOQ.LON
2023-09-01,949.6,962.0,943.8,959.4,11206.0,0.006983705945643681,13.09000015258789,0QOQ.LON,0QOQ.LON
2023-09-04,958.2,968.0,956.8,962.6428,8388.0,0.0033800291849073183,,0QOQ.LON,0QOQ.LON
2023-09-05,994.0,1045.5,994.0,1027.403,13728.0,0.06727334375741445,14.010000228881836,0QOQ.LON,0QOQ.LON
2023-09-06,1023.5,1033.5,1016.0,1027.167,14016.0,-0.00022970538337940827,14.449999809265137,0QOQ.LON,0QOQ.LON
2023-09-07,1011.5,1024.0,1009.5,1020.19,7347.0,-0.006792468994817669,14.399999618530273,0QOQ.LON,0QOQ.LON
2023-09-08,1019.0,1024.0,1010.5,1022.602,84154.0,0.002364265479959604,13.84000015258789,0QOQ.LON,0QOQ.LON
2023-09-11,1027.0,1038.0,1010.5,1027.353,6729.0,0.004645991304534913,13.800000190734863,0QOQ.LON,0QOQ.LON
2023-09-12,1022.0,1035.5,1020.0,1032.366,7948.0,0.004879530210161409,14.229999542236328,0QOQ.LON,0QOQ.LON
2023-09-13,1018.0,1030.0,1014.5,1025.057,15074.0,-0.00707985346282225,13.479999542236328,0QOQ.LON,0QOQ.LON
2023-09-14,1029.5,1041.0,1028.5,1034.103,8250.0,0.008824875104506358,12.819999694824219,0QOQ.LON,0QOQ.LON
2023-09-15,1048.5,1050.0,1039.5,1041.675,46481.0,0.0073222880119290235,13.789999961853027,0QOQ.LON,0QOQ.LON
2023-09-18,1044.5,1044.5,1026.729,1036.004,58820.0,-0.005444116447068437,14.0,0QOQ.LON,0QOQ.LON
2023-09-19,1030.5,1055.5,1030.0,1054.5,14242.0,0.01785321292195796,14.109999656677246,0QOQ.LON,0QOQ.LON
2023-09-20,1055.0,1063.5,1048.5,1054.859,15686.0,0.0003404457088667101,15.140000343322754,0QOQ.LON,0QOQ.LON
2023-09-21,1038.0,1049.0,1019.0,1034.604,8354.0,-0.019201618415352062,17.540000915527344,0QOQ.LON,0QOQ.LON
2023-09-22,1013.0,1027.0,1012.5,1022.249,5714.0,-0.011941767091563582,17.200000762939453,0QOQ.LON,0QOQ.LON
2023-09-25,1012.5,1022.5,1004.5,1007.25,13077.0,-0.014672550425581243,16.899999618530273,0QOQ.LON,0QOQ.LON
2023-09-26,1019.5,1030.5,1014.5,1024.204,7449.0,0.016831968230329952,18.940000534057617,0QOQ.LON,0QOQ.LON
2023-09-27,1029.5,1032.0,1012.5,1024.295,3861.0,8.884948701637363e-05,18.219999313354492,0QOQ.LON,0QOQ.LON
2023-09-28,1015.0,1025.5,997.8,1002.1,3673.0,-0.02166856227942149,17.34000015258789,0QOQ.LON,0QOQ.LON
2023-09-29,1037.5,1047.5,1034.0,1034.738,7376.0,0.032569603831952953,17.520000457763672,0QOQ.LON,0QOQ.LON
2023-10-02,1027.0,1042.0,1020.0,1025.0,16631.0,-0.009411077973361381,17.610000610351562,0QOQ.LON,0QOQ.LON
2023-10-03,1017.5,1030.0,987.6,1009.809,6149.0,-0.014820487804878102,19.780000686645508,0QOQ.LON,0QOQ.LON
2023-10-04,982.0,1008.5,980.0,980.4805,16844.0,-0.029043611217566823,18.579999923706055,0QOQ.LON,0QOQ.LON
2023-10-05,1008.0,1016.0,1003.0,1006.3,8447.0,0.026333517086775338,18.489999771118164,0QOQ.LON,0QOQ.LON
2023-10-06,1001.0,1029.5,1001.0,1021.0,8980.0,0.014607969790320974,17.450000762939453,0QOQ.LON,0QOQ.LON
2023-10-09,1022.0,1034.0,1009.48,1011.147,9266.0,-0.009650342801175271,17.700000762939453,0QOQ.LON,0QOQ.LON
2023-10-10,1024.5,1043.5,1015.0,1040.5,19969.0,0.02902940917591601,17.030000686645508,0QOQ.LON,0QOQ.LON
2023-10-11,1035.0,1054.0,1034.0,1048.224,8230.0,0.007423354156655293,16.09000015258789,0QOQ.LON,0QOQ.LON
2023-10-12,1052.0,1061.5,1042.0,1055.166,8669.0,0.006622630277497876,16.690000534057617,0QOQ.LON,0QOQ.LON
2023-10-13,1040.5,1045.0,1026.0,1028.654,6517.0,-0.025125904360072226,19.31999969482422,0QOQ.LON,0QOQ.LON
2023-10-16,1033.0,1043.0,1020.5,1035.951,11891.0,0.007093736086186464,17.209999084472656,0QOQ.LON,0QOQ.LON
2023-10-17,1047.0,1047.0,1008.0,1027.5,11119.0,-0.008157721745526647,17.8799991607666,0QOQ.LON,0QOQ.LON
2023-10-18,1017.5,1032.0,1001.5,1005.109,18537.0,-0.021791727493917223,19.219999313354492,0QOQ.LON,0QOQ.LON
2023-10-19,995.8,1011.0,975.0,976.7466,46076.0,-0.028218233047361152,21.399999618530273,0QOQ.LON,0QOQ.LON
2023-10-20,954.2,983.6001,945.0,951.6952,9152.0,-0.02564779851805976,21.709999084472656,0QOQ.LON,0QOQ.LON
2023-10-23,950.2,956.2,927.6,939.494,20636.0,-0.012820491266531509,20.3700008392334,0QOQ.LON,0QOQ.LON
2023-10-24,963.4,963.4,945.4,958.7436,8780.0,0.020489327233595978,18.969999313354492,0QOQ.LON,0QOQ.LON
2023-10-25,949.8,963.6001,941.6,950.3989,4417.0,-0.008703786914457612,20.190000534057617,0QOQ.LON,0QOQ.LON
2023-10-26,943.2,964.2,939.0,956.2589,3656.0,0.006165832052204667,20.68000030517578,0QOQ.LON,0QOQ.LON
2023-10-27,943.8,951.8,942.2,948.7186,3665.0,-0.007885207656629367,21.270000457763672,0QOQ.LON,0QOQ.LON
2023-10-30,955.0,957.6,942.0,953.3378,3462.0,0.0048688831440639735,19.75,0QOQ.LON,0QOQ.LON
2023-10-31,946.0,964.8,946.0,958.0,7734.0,0.004890396667372343,18.139999389648438,0QOQ.LON,0QOQ.LON
2023-11-01,946.0,969.0,946.0,966.7474,11353.0,0.009130897703549135,16.8700008392334,0QOQ.LON,0QOQ.LON
2023-11-02,960.0,1005.5,960.0,993.5489,9476.0,0.027723374275431256,15.65999984741211,0QOQ.LON,0QOQ.LON
2023-11-03,988.6001,1012.5,982.4,984.0984,59734.0,-0.00951186197277254,14.90999984741211,0QOQ.LON,0QOQ.LON
2023-11-06,1018.0,1018.5,1000.5,1007.351,18159.0,0.023628328224088113,14.890000343322754,0QOQ.LON,0QOQ.LON
2023-11-07,1009.5,1019.5,1000.0,1012.807,5863.0,0.00541618561951096,14.8100004196167,0QOQ.LON,0QOQ.LON
2023-11-08,1020.0,1034.0,1001.5,1023.239,15689.0,0.010300086788499696,14.449999809265137,0QOQ.LON,0QOQ.LON
2023-11-09,1034.5,1058.0,1030.5,1050.5,10159.0,0.026641869592539003,15.289999961853027,0QOQ.LON,0QOQ.LON
2023-11-10,1040.5,1055.5,1036.0,1054.0,3437.0,0.0033317467872442386,14.170000076293945,0QOQ.LON,0QOQ.LON
2023-11-13,1050.5,1061.0,1047.0,1054.708,5751.0,0.0006717267552183159,14.760000228881836,0QOQ.LON,0QOQ.LON
2023-11-14,1055.0,1092.0,1051.5,1069.5,7972.0,0.0140247348081175,14.15999984741211,0QOQ.LON,0QOQ.LON
2023-11-15,1085.0,1117.5,1085.0,1103.61,16312.0,0.031893408134642254,14.180000305175781,0QOQ.LON,0QOQ.LON
2023-11-16,1102.5,1119.5,1100.0,1110.611,16893.0,0.006343726497585411,14.319999694824219,0QOQ.LON,0QOQ.LON
2023-11-17,1113.5,1133.5,1103.0,1127.611,9234.0,0.01530688963102289,13.800000190734863,0QOQ.LON,0QOQ.LON
2023-11-20,1111.0,1132.5,1106.5,1113.0,2658.0,-0.012957482677980359,13.40999984741211,0QOQ.LON,0QOQ.LON
2023-11-21,1113.5,1128.5,1113.5,1122.907,9122.0,0.008901168014375571,13.350000381469727,0QOQ.LON,0QOQ.LON
2023-11-22,1127.0,1135.5,1117.5,1131.707,13616.0,0.007836802157258127,12.850000381469727,0QOQ.LON,0QOQ.LON
2023-11-23,1122.5,1142.0,1122.5,1141.5,16145.0,0.00865329983820895,,0QOQ.LON,0QOQ.LON
2023-11-24,1128.5,1151.5,1128.5,1149.078,2573.0,0.006638633377135328,12.460000038146973,0QOQ.LON,0QOQ.LON
2023-11-27,1134.0,1151.0,1128.5,1141.614,10771.0,-0.006495642593453144,12.6899995803833,0QOQ.LON,0QOQ.LON
2023-11-28,1134.5,1134.5,1109.5,1110.0,3366.0,-0.02769237237805422,12.6899995803833,0QOQ.LON,0QOQ.LON
2023-11-29,1121.0,1150.5,1121.0,1136.5,26038.0,0.023873873873873963,12.979999542236328,0QOQ.LON,0QOQ.LON
2023-11-30,1151.0,1158.0,1131.5,1152.616,11727.0,0.014180378354597512,12.920000076293945,0QOQ.LON,0QOQ.LON
2023-12-01,1159.5,1159.5,1140.0,1155.737,4616.0,0.00270775349292407,12.630000114440918,0QOQ.LON,0QOQ.LON
2023-12-04,1147.5,1169.117,1145.5,1165.011,10824.0,0.008024316951001698,13.079999923706055,0QOQ.LON,0QOQ.LON
2023-12-05,1142.0,1153.0,1137.5,1145.296,2589.0,-0.01692258699703253,12.850000381469727,0QOQ.LON,0QOQ.LON
2023-12-06,1157.5,1164.0,1140.0,1155.327,4113.0,0.008758434500775403,12.970000267028809,0QOQ.LON,0QOQ.LON
2023-12-07,1135.0,1162.5,1135.0,1140.0,2724.0,-0.013266373935690967,13.0600004196167,0QOQ.LON,0QOQ.LON
2023-12-08,1170.0,1176.5,1154.5,1172.5,2382.0,0.028508771929824483,12.350000381469727,0QOQ.LON,0QOQ.LON
2023-12-11,1165.0,1184.0,1165.0,1175.164,39885.0,0.0022720682302772577,12.630000114440918,0QOQ.LON,0QOQ.LON
2023-12-12,1172.5,1188.5,1166.0,1171.901,7496.0,-0.0027766337294198307,12.069999694824219,0QOQ.LON,0QOQ.LON
2023-12-13,1178.5,1184.0,1163.0,1173.5,5827.0,0.0013644497274085676,12.1899995803833,0QOQ.LON,0QOQ.LON
2023-12-14,1195.0,1224.0,1174.5,1216.312,32424.0,0.03648231785257772,12.479999542236328,0QOQ.LON,0QOQ.LON
2023-12-15,1212.0,1219.0,1196.5,1211.0,12197.0,-0.004367300495267568,12.279999732971191,0QOQ.LON,0QOQ.LON
2023-12-18,1201.5,1224.0,1192.0,1216.043,95331.0,0.004164327002477153,12.5600004196167,0QOQ.LON,0QOQ.LON
2023-12-19,1211.0,1231.25,1202.0,1224.837,6543.0,0.0072316521701947245,12.529999732971191,0QOQ.LON,0QOQ.LON
2023-12-20,1238.0,1238.0,1218.0,1218.183,11612.0,-0.005432559597726039,13.670000076293945,0QOQ.LON,0QOQ.LON
2023-12-21,1218.5,1225.5,1202.5,1218.5,5136.0,0.0002602236281412651,13.649999618530273,0QOQ.LON,0QOQ.LON
2023-12-22,1227.0,1228.0,1205.5,1217.0,12771.0,-0.0012310217480508978,13.029999732971191,0QOQ.LON,0QOQ.LON
2023-12-27,1235.5,1235.5,1186.5,1212.621,8318.0,-0.0035981922760887075,12.430000305175781,0QOQ.LON,0QOQ.LON
2023-12-28,1221.0,1221.5,1207.5,1219.0,2198.0,0.005260505961879103,12.470000267028809,0QOQ.LON,0QOQ.LON
2023-12-29,1230.0,1230.0,1203.5,1213.05,2168.0,-0.004881050041017243,12.449999809265137,0QOQ.LON,0QOQ.LON
2024-01-03,1210.0,1210.0,1139.5,1165.241,28964.0,-0.039412225382300825,14.039999961853027,0QOQ.LON,0QOQ.LON
2024-01-04,1150.0,1172.0,1143.0,1163.857,4176.0,-0.001187737129057398,14.130000114440918,0QOQ.LON,0QOQ.LON
2024-01-05,1154.0,1163.0,1136.0,1147.5,9198.0,-0.014054132079800108,13.350000381469727,0QOQ.LON,0QOQ.LON
2024-01-08,1159.5,1168.5,1145.0,1146.686,2827.0,-0.0007093681917211825,13.079999923706055,0QOQ.LON,0QOQ.LON
2024-01-09,1179.0,1186.0,1159.0,1163.266,6825.0,0.014459058539129321,12.760000228881836,0QOQ.LON,0QOQ.LON
2024-01-10,1172.0,1172.0,1155.0,1163.005,5072.0,-0.00022436828721883462,12.6899995803833,0QOQ.LON,0QOQ.LON
2024-01-11,1187.5,1187.5,1146.408,1154.0,14700.0,-0.007742872988508287,12.4399995803833,0QOQ.LON,0QOQ.LON
2024-01-12,1153.5,1153.5,1096.5,1113.711,12190.0,-0.0349124783362218,12.699999809265137,0QOQ.LON,0QOQ.LON
2024-01-15,1142.0,1147.0,1118.772,1129.584,20689.0,0.014252350924072843,,0QOQ.LON,0QOQ.LON
2024-01-16,1129.0,1129.0,1086.0,1108.5,32431.0,-0.01866527854502198,13.84000015258789,0QOQ.LON,0QOQ.LON
2024-01-17,1084.0,1112.0,1081.5,1094.219,39475.0,-0.012883175462336416,14.789999961853027,0QOQ.LON,0QOQ.LON
2024-01-18,1087.0,1113.167,1087.0,1109.472,15496.0,0.013939622689790543,14.130000114440918,0QOQ.LON,0QOQ.LON
2024-01-19,1130.5,1130.5,1111.0,1116.0,11900.0,0.0058838798996279085,13.300000190734863,0QOQ.LON,0QOQ.LON
2024-01-22,1133.5,1134.892,1108.0,1131.467,60949.0,0.013859318996415793,13.1899995803833,0QOQ.LON,0QOQ.LON
2024-01-23,1122.0,1138.0,1105.5,1113.842,4564.0,-0.015577122443694802,12.550000190734863,0QOQ.LON,0QOQ.LON
2024-01-24,1117.5,1130.5,1115.0,1126.323,15547.0,0.011205359467500786,13.140000343322754,0QOQ.LON,0QOQ.LON
2024-01-25,1134.5,1142.5,1117.5,1141.0,9953.0,0.013030897886307846,13.449999809265137,0QOQ.LON,0QOQ.LON
2024-01-26,1148.0,1150.0,1133.5,1144.615,2266.0,0.003168273444347003,13.260000228881836,0QOQ.LON,0QOQ.LON
2024-01-29,1153.5,1153.5,1130.5,1135.014,3160.0,-0.00838797324864704,13.600000381469727,0QOQ.LON,0QOQ.LON
2024-01-30,1133.5,1176.0,1133.5,1173.617,33513.0,0.03401103422512852,13.3100004196167,0QOQ.LON,0QOQ.LON
2024-01-31,1187.0,1187.0,1168.0,1176.118,6975.0,0.0021310188928755913,14.350000381469727,0QOQ.LON,0QOQ.LON
2024-02-01,1180.5,1180.5,1161.5,1174.618,10351.0,-0.0012753822320549224,13.880000114440918,0QOQ.LON,0QOQ.LON
2024-02-02,1189.5,1189.5,1152.5,1179.803,5348.0,0.004414201042381549,13.850000381469727,0QOQ.LON,0QOQ.LON
2024-02-05,1170.0,1182.5,1164.977,1174.0,7595.0,-0.004918617769237854,13.670000076293945,0QOQ.LON,0QOQ.LON
2024-02-06,1179.0,1187.0,1157.0,1165.241,6306.0,-0.007460817717206192,13.0600004196167,0QOQ.LON,0QOQ.LON
2024-02-07,1180.0,1180.0,1159.5,1167.527,1645.0,0.0019618259227061063,12.829999923706055,0QOQ.LON,0QOQ.LON
2024-02-08,1179.5,1207.0,1163.0,1197.635,2794.0,0.025787840452512034,12.789999961853027,0QOQ.LON,0QOQ.LON
2024-02-09,1194.5,1208.0,1192.5,1198.768,23373.0,0.0009460311363647111,12.930000305175781,0QOQ.LON,0QOQ.LON
2024-02-12,1192.5,1220.5,1192.5,1215.872,25863.0,0.014267981794642504,13.930000305175781,0QOQ.LON,0QOQ.LON
2024-02-13,1224.5,1224.5,1173.5,1188.476,14402.0,-0.022531977050215812,15.850000381469727,0QOQ.LON,0QOQ.LON
2024-02-14,1209.0,1220.0,1194.0,1215.31,8739.0,0.022578495484973926,14.380000114440918,0QOQ.LON,0QOQ.LON
2024-02-15,1234.5,1234.5,1206.0,1227.74,15437.0,0.01022784310176017,14.010000228881836,0QOQ.LON,0QOQ.LON
2024-02-16,1230.0,1239.5,1206.5,1227.908,2849.0,0.00013683678954823364,14.239999771118164,0QOQ.LON,0QOQ.LON
2024-02-19,1228.5,1241.874,1220.5,1239.249,8091.0,0.009236033969971746,,0QOQ.LON,0QOQ.LON
2024-02-20,1231.0,1248.5,1231.0,1239.041,1964.0,-0.00016784358914156972,15.420000076293945,0QOQ.LON,0QOQ.LON
2024-02-21,1236.0,1245.0,1226.5,1234.208,3511.0,-0.0039005973167957064,15.34000015258789,0QOQ.LON,0QOQ.LON
2024-02-22,1249.0,1252.5,1237.793,1241.966,15858.0,0.006285812440042449,14.539999961853027,0QOQ.LON,0QOQ.LON
2024-02-23,1243.0,1252.689,1240.5,1252.249,5044.0,0.008279614739856056,13.75,0QOQ.LON,0QOQ.LON
2024-02-26,1250.0,1271.5,1243.5,1268.214,13673.0,0.01274906188785141,13.739999771118164,0QOQ.LON,0QOQ.LON
2024-02-27,1266.0,1276.0,1255.0,1263.391,21718.0,-0.0038029859313963854,13.430000305175781,0QOQ.LON,0QOQ.LON
2024-02-28,1264.0,1271.0,1257.5,1264.938,1675.0,0.0012244823653169146,13.84000015258789,0QOQ.LON,0QOQ.LON
2024-02-29,1258.0,1273.474,1253.5,1269.0,1621.0,0.003211224581758154,13.399999618530273,0QOQ.LON,0QOQ.LON
2024-03-01,1261.0,1287.0,1261.0,1264.693,8184.0,-0.0033940110323089634,13.109999656677246,0QOQ.LON,0QOQ.LON
2024-03-04,1261.5,1274.0,1260.0,1263.0,5246.0,-0.0013386647984925393,13.489999771118164,0QOQ.LON,0QOQ.LON
2024-03-05,1259.5,1273.0,1240.0,1256.657,8265.0,-0.005022169437846502,14.460000038146973,0QOQ.LON,0QOQ.LON
2024-03-06,1235.5,1264.5,1235.5,1259.126,7018.0,0.001964736598769612,14.5,0QOQ.LON,0QOQ.LON
2024-03-07,1260.5,1274.5,1246.0,1262.765,9318.0,0.0028900999582250897,14.4399995803833,0QOQ.LON,0QOQ.LON
2024-03-08,1267.0,1279.0,1260.5,1267.294,4173.0,0.0035865739072591385,14.739999771118164,0QOQ.LON,0QOQ.LON
2024-03-11,1262.0,1276.0,1250.5,1266.127,45749.0,-0.0009208597215800696,15.220000267028809,0QOQ.LON,0QOQ.LON
2024-03-12,1258.0,1300.13,1258.0,1300.13,5946.0,0.02685591571777568,13.84000015258789,0QOQ.LON,0QOQ.LON
2024-03-13,1300.0,1308.5,1292.0,1306.804,35279.0,0.005133332820564052,13.75,0QOQ.LON,0QOQ.LON
2024-03-14,1306.5,1315.0,1287.0,1287.879,1787.0,-0.014481896290492013,14.399999618530273,0QOQ.LON,0QOQ.LON
2024-03-15,1290.5,1301.5,1279.0,1289.71,23299.0,0.0014217174128936527,14.40999984741211,0QOQ.LON,0QOQ.LON
2024-03-18,1290.0,1301.5,1276.0,1296.441,34280.0,0.005219002721541965,14.329999923706055,0QOQ.LON,0QOQ.LON
2024-03-19,1270.0,1303.0,1238.0,1254.5,34156.0,-0.03235087443238838,13.819999694824219,0QOQ.LON,0QOQ.LON
2024-03-20,1250.0,1275.0,1238.5,1254.326,45259.0,-0.00013870067756072135,13.039999961853027,0QOQ.LON,0QOQ.LON
2024-03-21,1287.0,1320.0,1248.0,1310.131,7247.0,0.0444900289079555,12.920000076293945,0QOQ.LON,0QOQ.LON
2024-03-22,1321.0,1325.0,1299.5,1311.5,92811.0,0.00104493367457148,13.0600004196167,0QOQ.LON,0QOQ.LON
2024-03-25,1316.0,1316.0,1272.0,1290.0,34732.0,-0.016393442622950838,13.1899995803833,0QOQ.LON,0QOQ.LON
2024-03-26,1270.5,1295.5,1270.5,1286.307,19023.0,-0.0028627906976743667,13.239999771118164,0QOQ.LON,0QOQ.LON
2024-03-27,1275.0,1294.5,1275.0,1277.0,6677.0,-0.007235442238905709,12.779999732971191,0QOQ.LON,0QOQ.LON
2024-03-28,1288.0,1292.0,1274.0,1283.698,23556.0,0.005245105716523257,13.010000228881836,0QOQ.LON,0QOQ.LON
2024-04-02,1296.0,1296.0,1252.375,1266.877,2231.0,-0.013103549277166504,14.609999656677246,0QOQ.LON,0QOQ.LON
2024-04-03,1246.0,1266.5,1241.5,1265.126,12920.0,-0.0013821389132488981,14.329999923706055,0QOQ.LON,0QOQ.LON
2024-04-04,1265.0,1279.0,1254.5,1273.103,43859.0,0.006305300815887094,16.350000381469727,0QOQ.LON,0QOQ.LON
2024-04-05,1282.0,1282.0,1243.0,1256.751,6592.0,-0.012844208206248875,16.030000686645508,0QOQ.LON,0QOQ.LON
2024-04-08,1272.5,1275.731,1253.0,1274.5,2264.0,0.014122924907161494,15.1899995803833,0QOQ.LON,0QOQ.LON
2024-04-09,1280.5,1280.5,1256.0,1265.158,60595.0,-0.007329933307179348,14.979999542236328,0QOQ.LON,0QOQ.LON
2024-04-10,1279.0,1283.0,1253.0,1280.107,3284.0,0.011815915482493056,15.800000190734863,0QOQ.LON,0QOQ.LON
2024-04-11,1272.0,1280.0,1259.5,1269.408,2375.0,-0.008357895082208078,14.90999984741211,0QOQ.LON,0QOQ.LON
2024-04-12,1292.0,1292.0,1261.126,1262.5,2937.0,-0.005441906778592798,17.309999465942383,0QOQ.LON,0QOQ.LON
2024-04-15,1279.0,1299.25,1255.0,1299.25,4552.0,0.029108910891089135,19.229999542236328,0QOQ.LON,0QOQ.LON
2024-04-16,1257.5,1288.0,1241.0,1242.5,13236.0,-0.04367904560323266,18.399999618530273,0QOQ.LON,0QOQ.LON
2024-04-17,1231.0,1253.0,1231.0,1247.208,5989.0,0.003789134808853234,18.209999084472656,0QOQ.LON,0QOQ.LON
2024-04-18,1255.5,1255.5,1196.5,1201.409,69779.0,-0.0367212205181493,18.0,0QOQ.LON,0QOQ.LON
2024-04-19,1171.0,1211.5,1171.0,1191.0,8318.0,-0.008663993694071004,18.709999084472656,0QOQ.LON,0QOQ.LON
2024-04-22,1197.5,1206.5,1173.5,1182.452,23755.0,-0.00717716204869856,16.940000534057617,0QOQ.LON,0QOQ.LON
2024-04-23,1199.0,1219.0,1172.5,1215.658,5399.0,0.028082323849086377,15.6899995803833,0QOQ.LON,0QOQ.LON
2024-04-24,1225.0,1230.5,1192.5,1209.5,12527.0,-0.005065569428243766,15.970000267028809,0QOQ.LON,0QOQ.LON
2024-04-25,1198.0,1201.5,1174.0,1182.154,17664.0,-0.02260934270359649,15.369999885559082,0QOQ.LON,0QOQ.LON
2024-04-26,1173.0,1206.5,1173.0,1200.17,4373.0,0.015239977194172694,15.029999732971191,0QOQ.LON,0QOQ.LON
2024-04-29,1200.0,1205.5,1197.5,1204.0,951.0,0.003191214577934698,14.670000076293945,0QOQ.LON,0QOQ.LON
2024-04-30,1190.5,1211.5,1189.5,1195.786,2448.0,-0.006822259136212594,15.649999618530273,0QOQ.LON,0QOQ.LON
2024-05-01,1189.5,1189.5,1189.5,1189.5,50.0,-0.005256793439628926,15.390000343322754,0QOQ.LON,0QOQ.LON
2024-05-02,1189.0,1199.0,1178.5,1183.5,1362.0,-0.0050441361916772065,14.680000305175781,0QOQ.LON,0QOQ.LON
2024-05-03,1187.5,1216.0,1172.5,1198.3,1491.0,0.01250528094634551,13.489999771118164,0QOQ.LON,0QOQ.LON
2024-05-07,1209.0,1239.0,1208.0,1232.833,20275.0,0.028818325961779356,13.229999542236328,0QOQ.LON,0QOQ.LON
2024-05-08,1238.0,1247.5,1233.5,1237.452,44860.0,0.0037466550619589256,13.0,0QOQ.LON,0QOQ.LON
2024-05-10,1250.0,1258.0,1239.875,1253.083,4042.0,0.012631601064122089,12.550000190734863,0QOQ.LON,0QOQ.LON
2024-05-13,1268.0,1268.0,1238.0,1243.0,1518.0,-0.00804655397926557,13.600000381469727,0QOQ.LON,0QOQ.LON
2024-05-14,1247.5,1251.5,1231.0,1239.4,33177.0,-0.0028962188254223475,13.420000076293945,0QOQ.LON,0QOQ.LON
2024-05-15,1267.0,1278.0,1244.5,1265.0,46997.0,0.02065515572050991,12.449999809265137,0QOQ.LON,0QOQ.LON
2024-05-16,1282.5,1292.5,1274.0,1283.6,3858.0,0.014703557312252924,12.420000076293945,0QOQ.LON,0QOQ.LON
2024-05-17,1280.0,1280.0,1256.5,1259.5,11375.0,-0.018775319414147673,11.989999771118164,0QOQ.LON,0QOQ.LON
2024-05-21,1246.5,1272.5,1246.5,1263.975,19367.0,0.0035529972211194583,11.859999656677246,0QOQ.LON,0QOQ.LON
2024-05-22,1265.0,1271.0,1254.5,1258.0,18084.0,-0.004727150457880858,12.289999961853027,0QOQ.LON,0QOQ.LON
2024-05-23,1269.0,1269.0,1247.5,1251.0,632.0,-0.00556438791732905,12.770000457763672,0QOQ.LON,0QOQ.LON
2024-05-24,1219.0,1264.0,1207.5,1220.348,453.0,-0.02450199840127898,11.930000305175781,0QOQ.LON,0QOQ.LON
2024-05-28,1236.0,1238.0,1205.5,1218.611,915.0,-0.0014233644829179104,12.920000076293945,0QOQ.LON,0QOQ.LON
2024-05-29,1202.0,1213.5,1189.0,1197.625,117453.0,-0.017221246156484793,14.279999732971191,0QOQ.LON,0QOQ.LON
2024-05-30,1183.5,1210.5,1183.0,1197.611,1520.0,-1.16898027344714e-05,14.470000267028809,0QOQ.LON,0QOQ.LON
2024-05-31,1200.5,1221.0,1196.5,1208.2,1525.0,0.008841769155426782,12.920000076293945,0QOQ.LON,0QOQ.LON
2024-06-03,1225.0,1229.0,1191.5,1202.0,2514.0,-0.005131600728356278,13.109999656677246,0QOQ.LON,0QOQ.LON
2024-06-04,1202.5,1208.0,1194.0,1202.333,1059.0,0.0002770382695507223,13.15999984741211,0QOQ.LON,0QOQ.LON
2024-06-05,1204.5,1211.0,1195.0,1205.6,1076.0,0.0027172172767442326,12.630000114440918,0QOQ.LON,0QOQ.LON
2024-06-06,1188.5,1216.5,1178.0,1186.4,7503.0,-0.01592568015925666,12.579999923706055,0QOQ.LON,0QOQ.LON
2024-06-07,1181.5,1191.5,1149.0,1168.655,1973.0,-0.014957012811867898,12.220000267028809,0QOQ.LON,0QOQ.LON
2024-06-10,1155.5,1176.5,1147.5,1152.5,859.0,-0.013823583521227367,12.739999771118164,0QOQ.LON,0QOQ.LON
2024-06-11,1171.5,1177.0,1151.5,1166.5,15985.0,0.012147505422993587,12.850000381469727,0QOQ.LON,0QOQ.LON
2024-06-12,1168.0,1195.0,1160.0,1161.0,11945.0,-0.0047149592798971796,12.039999961853027,0QOQ.LON,0QOQ.LON
2024-06-13,1180.5,1195.0,1172.0,1180.0,15466.0,0.01636520241171402,11.9399995803833,0QOQ.LON,0QOQ.LON
2024-06-14,1172.5,1176.0,1149.5,1166.0,441.0,-0.011864406779661052,12.65999984741211,0QOQ.LON,0QOQ.LON
2024-06-17,1160.0,1162.5,1143.0,1145.5,414.0,-0.01758147512864494,12.75,0QOQ.LON,0QOQ.LON
2024-06-18,1153.5,1160.5,1146.0,1151.0,47212.0,0.004801396769969379,12.300000190734863,0QOQ.LON,0QOQ.LON
2024-06-19,1163.0,1163.0,1149.0,1149.25,8007.0,-0.001520417028670673,,0QOQ.LON,0QOQ.LON
2024-06-20,1163.0,1183.0,1158.0,1178.0,64089.0,0.02501631498803558,13.279999732971191,0QOQ.LON,0QOQ.LON
2024-06-21,1183.0,1183.0,1148.0,1151.0,9502.0,-0.022920203735144362,13.199999809265137,0QOQ.LON,0QOQ.LON
2024-06-24,1148.0,1183.0,1148.0,1165.444,976.0,0.012549087749782695,13.329999923706055,0QOQ.LON,0QOQ.LON
2024-06-25,1178.0,1178.0,1143.0,1151.5,2580.0,-0.011964538836700789,12.84000015258789,0QOQ.LON,0QOQ.LON
2024-06-26,1164.0,1165.0,1136.5,1147.5,1174.0,-0.0034737299174989467,12.550000190734863,0QOQ.LON,0QOQ.LON
2024-06-27,1133.5,1144.0,1128.5,1138.25,5477.0,-0.008061002178649246,12.239999771118164,0QOQ.LON,0QOQ.LON
2024-06-28,1132.5,1158.5,1132.5,1147.75,4642.0,0.008346145398638205,12.4399995803833,0QOQ.LON,0QOQ.LON
2024-07-01,1160.0,1172.0,1144.0,1149.0,2212.0,0.001089087344805062,12.220000267028809,0QOQ.LON,0QOQ.LON
2024-07-02,1145.0,1172.0,1137.0,1170.5,796.0,0.01871192341166239,12.029999732971191,0QOQ.LON,0QOQ.LON
2024-07-03,1176.5,1186.5,1160.5,1173.75,930.0,0.0027765912003416826,12.09000015258789,0QOQ.LON,0QOQ.LON
2024-07-04,1199.0,1204.5,1179.5,1200.0,23465.0,0.022364217252396124,,0QOQ.LON,0QOQ.LON
2024-07-05,1215.5,1220.5,1196.5,1212.5,1204.0,0.01041666666666674,12.479999542236328,0QOQ.LON,0QOQ.LON
2024-07-08,1219.0,1221.5,1196.5,1207.098,4447.0,-0.004455257731958762,12.369999885559082,0QOQ.LON,0QOQ.LON
2024-07-09,1203.0,1226.0,1194.5,1205.5,4981.0,-0.0013238361756874317,12.510000228881836,0QOQ.LON,0QOQ.LON
2024-07-10,1217.0,1222.5,1201.0,1206.0,870.0,0.00041476565740361515,12.850000381469727,0QOQ.LON,0QOQ.LON
2024-07-11,1212.5,1231.5,1212.5,1226.5,2148.0,0.016998341625207303,12.920000076293945,0QOQ.LON,0QOQ.LON
2024-07-12,1225.0,1250.0,1217.0,1234.5,683.0,0.006522625356706113,12.460000038146973,0QOQ.LON,0QOQ.LON
2024-07-15,1237.5,1259.5,1237.5,1249.25,10889.0,0.01194815714864328,13.119999885559082,0QOQ.LON,0QOQ.LON
2024-07-16,1233.5,1250.0,1224.5,1233.875,548.0,-0.012307384430658375,13.1899995803833,0QOQ.LON,0QOQ.LON
2024-07-17,1214.0,1236.0,1204.0,1206.5,1774.0,-0.022186202005875844,14.479999542236328,0QOQ.LON,0QOQ.LON
2024-07-18,1200.0,1220.0,1189.0,1195.0,9493.0,-0.009531703273932823,15.930000305175781,0QOQ.LON,0QOQ.LON
2024-07-19,1215.0,1215.0,1187.0,1192.0,246.0,-0.002510460251046065,16.520000457763672,0QOQ.LON,0QOQ.LON
2024-07-22,1195.0,1210.0,1194.0,1199.25,22131.0,0.006082214765100735,14.90999984741211,0QOQ.LON,0QOQ.LON
2024-07-23,1214.0,1221.5,1203.0,1210.167,7004.0,0.00910318949343325,14.720000267028809,0QOQ.LON,0QOQ.LON
2024-07-24,1211.5,1212.0,1204.0,1211.0,1604.0,0.0006883347504931248,18.040000915527344,0QOQ.LON,0QOQ.LON
2024-07-25,1184.0,1185.0,1162.0,1170.25,2213.0,-0.03364987613542525,18.459999084472656,0QOQ.LON,0QOQ.LON
2024-07-26,1192.0,1192.0,1176.0,1179.0,738.0,0.007477034821619322,16.389999389648438,0QOQ.LON,0QOQ.LON
2024-07-29,1190.5,1197.5,1167.0,1175.875,530.0,-0.0026505513146733994,16.600000381469727,0QOQ.LON,0QOQ.LON
2024-07-30,1169.0,1180.0,1165.5,1174.0,789.0,-0.0015945572446051104,17.690000534057617,0QOQ.LON,0QOQ.LON
2024-07-31,1189.0,1199.0,1179.5,1184.5,494.0,0.008943781942078344,16.360000610351562,0QOQ.LON,0QOQ.LON
2024-08-02,1152.0,1153.5,1093.5,1102.5,3986.0,-0.0692275221612495,23.389999389648438,0QOQ.LON,0QOQ.LON
2024-08-05,1055.0,1079.5,1045.5,1070.767,16736.0,-0.02878276643990929,38.56999969482422,0QOQ.LON,0QOQ.LON
2024-08-06,1095.5,1098.0,1072.0,1079.625,13275.0,0.00827257470579501,27.709999084472656,0QOQ.LON,0QOQ.LON
2024-08-07,1090.5,1121.0,1088.5,1092.5,1634.0,0.01192543707305771,27.850000381469727,0QOQ.LON,0QOQ.LON
2024-08-08,1108.5,1117.0,1093.5,1102.5,272.0,0.009153318077803174,23.790000915527344,0QOQ.LON,0QOQ.LON
2024-08-09,1142.5,1142.5,1121.0,1130.0,466.0,0.024943310657596474,20.3700008392334,0QOQ.LON,0QOQ.LON
2024-08-12,1134.5,1143.0,1128.5,1136.658,6274.0,0.005892035398229911,20.709999084472656,0QOQ.LON,0QOQ.LON
2024-08-13,1135.5,1146.5,1127.0,1141.5,1330.0,0.004259856526765304,18.1200008392334,0QOQ.LON,0QOQ.LON
2024-08-14,1156.0,1163.5,1150.0,1159.0,3835.0,0.015330705212439844,16.190000534057617,0QOQ.LON,0QOQ.LON
2024-08-15,1163.5,1188.0,1161.0,1185.407,463.0,0.02278429680759264,15.229999542236328,0QOQ.LON,0QOQ.LON
2024-08-16,1188.0,1195.5,1182.0,1189.0,35732.0,0.003031026474451526,14.800000190734863,0QOQ.LON,0QOQ.LON
2024-08-19,1187.0,1214.0,1187.0,1195.5,1107.0,0.005466778805718997,14.649999618530273,0QOQ.LON,0QOQ.LON
2024-08-20,1214.0,1217.5,1201.5,1207.0,9693.0,0.009619406106231798,15.880000114440918,0QOQ.LON,0QOQ.LON
2024-08-21,1201.5,1209.5,1198.5,1204.0,2108.0,-0.0024855012427505985,16.270000457763672,0QOQ.LON,0QOQ.LON
2024-08-22,1205.5,1225.0,1203.5,1220.452,568.0,0.01366445182724263,17.549999237060547,0QOQ.LON,0QOQ.LON
2024-08-23,1216.5,1229.0,1215.5,1228.5,306.0,0.0065942781854591015,15.859999656677246,0QOQ.LON,0QOQ.LON
2024-08-27,1207.5,1226.0,1202.5,1214.833,2930.0,-0.011124949124949102,15.430000305175781,0QOQ.LON,0QOQ.LON
2024-08-28,1206.5,1211.0,1200.5,1203.75,5764.0,-0.009123064651684665,17.110000610351562,0QOQ.LON,0QOQ.LON
2024-08-29,1200.0,1226.5,1198.5,1225.0,1402.0,0.017653167185877505,15.649999618530273,0QOQ.LON,0QOQ.LON
2024-08-30,1232.0,1234.5,1221.0,1228.714,818.0,0.0030318367346937602,15.0,0QOQ.LON,0QOQ.LON
2024-09-02,1220.0,1226.0,1204.0,1217.5,4088.0,-0.009126615306735308,,0QOQ.LON,0QOQ.LON
2024-09-03,1149.0,1155.5,1105.5,1125.417,4449.0,-0.07563285420944565,20.719999313354492,0QOQ.LON,0QOQ.LON
2024-09-04,1090.0,1125.5,1087.5,1104.393,10979.0,-0.018681075547996806,21.31999969482422,0QOQ.LON,0QOQ.LON
2024-09-05,1093.5,1105.0,1091.0,1099.786,3815.0,-0.004171522275132067,19.899999618530273,0QOQ.LON,0QOQ.LON
2024-09-06,1098.5,1114.5,1091.5,1101.9,9405.0,0.001922192135560996,22.3799991607666,0QOQ.LON,0QOQ.LON
2024-09-09,1099.5,1115.5,1095.0,1106.4,36540.0,0.004083855159270344,19.450000762939453,0QOQ.LON,0QOQ.LON
2024-09-10,1112.0,1129.5,1107.0,1114.625,11033.0,0.007434020245842277,19.079999923706055,0QOQ.LON,0QOQ.LON
2024-09-11,1109.5,1124.5,1107.0,1115.5,1581.0,0.0007850173825276752,17.690000534057617,0QOQ.LON,0QOQ.LON
2024-09-12,1145.5,1178.5,1140.5,1171.0,8856.0,0.04975347377857453,17.06999969482422,0QOQ.LON,0QOQ.LON
2024-09-13,1182.5,1199.05,1179.0,1193.944,1364.0,0.0195935098206661,16.559999465942383,0QOQ.LON,0QOQ.LON
2024-09-16,1185.5,1200.5,1183.0,1188.5,7325.0,-0.004559677840836773,17.139999389648438,0QOQ.LON,0QOQ.LON
2024-09-17,1192.5,1210.0,1189.5,1204.0,6523.0,0.013041649137568445,17.610000610351562,0QOQ.LON,0QOQ.LON
2024-09-18,1196.5,1197.5,1182.0,1192.5,2051.0,-0.009551495016611344,18.229999542236328,0QOQ.LON,0QOQ.LON
2024-09-19,1217.5,1232.0,1209.0,1229.96,42698.0,0.031412997903564,16.329999923706055,0QOQ.LON,0QOQ.LON
2024-09-20,1221.0,1231.5,1221.0,1226.5,9882.0,-0.0028130996129955843,16.149999618530273,0QOQ.LON,0QOQ.LON
2024-09-23,1220.5,1239.5,1220.0,1234.5,1580.0,0.006522625356706113,15.890000343322754,0QOQ.LON,0QOQ.LON
2024-09-24,1239.0,1242.5,1222.0,1233.0,2438.0,-0.0012150668286755595,15.390000343322754,0QOQ.LON,0QOQ.LON
2024-09-25,1232.0,1239.0,1221.0,1232.0,1624.0,-0.0008110300081103361,15.40999984741211,0QOQ.LON,0QOQ.LON
2024-09-26,1250.0,1264.0,1243.5,1259.0,2294.0,0.0219155844155845,15.369999885559082,0QOQ.LON,0QOQ.LON
2024-09-27,1259.0,1269.5,1255.0,1264.763,1050.0,0.004577442414614774,16.959999084472656,0QOQ.LON,0QOQ.LON
2024-09-30,1260.5,1275.0,1260.5,1273.228,4566.0,0.006692953541493685,16.729999542236328,0QOQ.LON,0QOQ.LON
2024-10-01,1280.5,1300.0,1269.5,1282.0,25928.0,0.006889575158573358,19.260000228881836,0QOQ.LON,0QOQ.LON
2024-10-02,1290.0,1292.5,1262.0,1271.456,1718.0,-0.008224648985959537,18.899999618530273,0QOQ.LON,0QOQ.LON
2024-10-03,1276.5,1280.0,1258.5,1269.75,1069.0,-0.0013417688067852707,20.489999771118164,0QOQ.LON,0QOQ.LON
2024-10-04,1269.5,1280.5,1265.5,1273.5,754.0,0.002953337271116352,19.209999084472656,0QOQ.LON,0QOQ.LON
2024-10-07,1278.5,1282.0,1251.5,1263.0,838.0,-0.00824499411071844,22.639999389648438,0QOQ.LON,0QOQ.LON
2024-10-08,1256.5,1268.0,1246.0,1261.553,801.0,-0.0011456848772762873,21.420000076293945,0QOQ.LON,0QOQ.LON
2024-10-09,1265.0,1284.0,1262.0,1269.059,12324.0,0.005949809480854107,20.860000610351562,0QOQ.LON,0QOQ.LON
2024-10-10,1277.5,1280.0,1251.5,1261.0,1930.0,-0.00635037456887344,20.93000030517578,0QOQ.LON,0QOQ.LON
2024-10-11,1273.5,1287.0,1265.5,1276.861,11442.0,0.012578112609040515,20.459999084472656,0QOQ.LON,0QOQ.LON
2024-10-14,1287.0,1296.0,1278.5,1284.805,7733.0,0.006221507274480009,19.700000762939453,0QOQ.LON,0QOQ.LON
2024-10-15,1295.0,1300.0,1273.0,1296.612,3301.0,0.009189721397410588,20.639999389648438,0QOQ.LON,0QOQ.LON
2024-10-16,1256.0,1276.0,1251.0,1251.0,724.0,-0.03517783269011865,19.579999923706055,0QOQ.LON,0QOQ.LON
2024-10-17,1274.5,1287.5,1269.0,1273.045,18183.0,0.017621902478017537,19.110000610351562,0QOQ.LON,0QOQ.LON
2024-10-18,1280.5,1290.0,1275.0,1289.5,2250.0,0.012925701762309894,18.030000686645508,0QOQ.LON,0QOQ.LON
2024-10-21,1288.0,1299.25,1278.0,1280.5,1362.0,-0.006979449398991866,18.3700008392334,0QOQ.LON,0QOQ.LON
2024-10-22,1272.0,1281.5,1268.5,1276.0,1219.0,-0.0035142522452167313,18.200000762939453,0QOQ.LON,0QOQ.LON
2024-10-23,1276.5,1277.5,1256.0,1260.0,1339.0,-0.01253918495297801,19.239999771118164,0QOQ.LON,0QOQ.LON
2024-10-24,1260.0,1270.0,1252.5,1263.5,598.0,0.002777777777777768,19.079999923706055,0QOQ.LON,0QOQ.LON
2024-10-25,1262.0,1268.5,1256.5,1260.5,434.0,-0.002374356944994105,20.329999923706055,0QOQ.LON,0QOQ.LON
2024-10-28,1265.5,1272.25,1255.5,1263.8,581.0,0.0026180087266958196,19.799999237060547,0QOQ.LON,0QOQ.LON
2024-10-29,1283.5,1286.5,1257.0,1258.0,1773.0,-0.004589333755340985,19.34000015258789,0QOQ.LON,0QOQ.LON
2024-10-30,1244.0,1256.0,1238.5,1239.0,639.0,-0.015103338632750374,20.350000381469727,0QOQ.LON,0QOQ.LON
2024-10-31,1223.0,1228.5,1192.0,1219.0,5944.0,-0.01614205004035507,23.15999984741211,0QOQ.LON,0QOQ.LON
2024-11-01,1202.0,1205.0,1192.0,1198.0,7371.0,-0.01722723543888438,21.8799991607666,0QOQ.LON,0QOQ.LON
2024-11-04,1197.25,1199.5,1185.0,1185.0,1608.0,-0.01085141903171949,21.979999542236328,0QOQ.LON,0QOQ.LON
2024-11-05,1184.0,1203.0,1180.5,1192.079,1879.0,0.0059738396624471335,20.489999771118164,0QOQ.LON,0QOQ.LON
2024-11-06,1224.0,1245.0,1218.0,1225.5,3154.0,0.028035893594300365,16.270000457763672,0QOQ.LON,0QOQ.LON
2024-11-07,1237.5,1251.75,1227.0,1242.5,1104.0,0.013871889024887896,15.199999809265137,0QOQ.LON,0QOQ.LON
2024-11-08,1245.0,1245.0,1231.5,1235.618,1259.0,-0.005538832997987964,14.9399995803833,0QOQ.LON,0QOQ.LON
2024-11-11,1246.0,1259.0,1243.5,1252.0,3331.0,0.013258142888821656,14.970000267028809,0QOQ.LON,0QOQ.LON
2024-11-12,1243.0,1252.5,1233.5,1235.618,5612.0,-0.013084664536741286,14.710000038146973,0QOQ.LON,0QOQ.LON
2024-11-13,1233.5,1233.5,1200.5,1211.262,2549.0,-0.01971159371261988,14.020000457763672,0QOQ.LON,0QOQ.LON
2024-11-14,1222.5,1245.5,1220.0,1231.584,2770.0,0.01677754276118626,14.3100004196167,0QOQ.LON,0QOQ.LON
2024-11-15,1236.0,1246.5,1227.5,1231.615,1465.0,2.517083690589672e-05,16.139999389648438,0QOQ.LON,0QOQ.LON
2024-11-18,1225.0,1230.5,1219.5,1227.0,8108.0,-0.003747112531107488,15.579999923706055,0QOQ.LON,0QOQ.LON
2024-11-19,1230.0,1233.0,1193.0,1209.0,833.0,-0.014669926650366705,16.350000381469727,0QOQ.LON,0QOQ.LON
2024-11-20,1226.5,1228.0,1217.0,1222.568,874.0,0.011222497932175335,17.15999984741211,0QOQ.LON,0QOQ.LON
2024-11-21,1204.0,1230.5,1202.0,1228.0,2820.0,0.004443106641103034,16.8700008392334,0QOQ.LON,0QOQ.LON
2024-11-22,1241.5,1267.0,1238.75,1263.5,18257.0,0.028908794788273573,15.239999771118164,0QOQ.LON,0QOQ.LON
2024-11-25,1272.5,1279.0,1258.0,1270.0,4321.0,0.005144440047487153,14.600000381469727,0QOQ.LON,0QOQ.LON
2024-11-26,1254.0,1268.5,1250.5,1256.5,15916.0,-0.010629921259842523,14.100000381469727,0QOQ.LON,0QOQ.LON
2024-11-27,1251.0,1260.5,1242.0,1254.0,1196.0,-0.0019896538002387443,14.100000381469727,0QOQ.LON,0QOQ.LON
2024-11-28,1265.0,1274.5,1258.0,1271.5,1912.0,0.013955342902711276,,0QOQ.LON,0QOQ.LON
2024-11-29,1270.5,1283.0,1269.5,1279.286,3516.0,0.006123476209201728,13.510000228881836,0QOQ.LON,0QOQ.LON
2024-12-02,1277.5,1290.0,1271.5,1282.5,5637.0,0.0025123389140504493,13.34000015258789,0QOQ.LON,0QOQ.LON
2024-12-03,1285.5,1305.5,1277.5,1299.5,21738.0,0.013255360623781742,13.300000190734863,0QOQ.LON,0QOQ.LON
2024-12-04,1306.5,1314.0,1297.5,1307.792,791.0,0.006380915736821757,13.449999809265137,0QOQ.LON,0QOQ.LON
2024-12-05,1307.5,1311.5,1297.5,1302.5,2308.0,-0.0040465150421472584,13.539999961853027,0QOQ.LON,0QOQ.LON
2024-12-06,1296.0,1304.0,1290.5,1304.0,3716.0,0.001151631477926962,12.770000457763672,0QOQ.LON,0QOQ.LON
2024-12-09,1310.0,1311.5,1298.0,1308.457,676.0,0.003417944785276239,14.1899995803833,0QOQ.LON,0QOQ.LON
2024-12-10,1285.5,1292.0,1261.5,1276.5,6451.0,-0.02442342392604424,14.180000305175781,0QOQ.LON,0QOQ.LON
2024-12-11,1277.0,1299.5,1275.5,1282.5,1285.0,0.004700352526439522,13.579999923706055,0QOQ.LON,0QOQ.LON
2024-12-12,1298.0,1301.0,1281.5,1284.5,10947.0,0.001559454191033094,13.920000076293945,0QOQ.LON,0QOQ.LON
2024-12-13,1283.5,1286.0,1259.5,1269.714,5817.0,-0.011511093810821382,13.8100004196167,0QOQ.LON,0QOQ.LON
2024-12-16,1261.5,1276.0,1259.5,1266.538,5514.0,-0.0025013506978736055,14.6899995803833,0QOQ.LON,0QOQ.LON
2024-12-17,1273.0,1273.0,1261.0,1267.0,2132.0,0.00036477389545352956,15.869999885559082,0QOQ.LON,0QOQ.LON
2024-12-18,1270.0,1283.0,1264.0,1273.875,4697.0,0.005426203630623627,27.6200008392334,0QOQ.LON,0QOQ.LON
2024-12-19,1235.0,1244.0,1208.5,1217.799,10585.0,-0.04402001766264352,24.09000015258789,0QOQ.LON,0QOQ.LON
2024-12-20,1200.5,1218.5,1189.5,1211.0,11433.0,-0.005583023142571086,18.360000610351562,0QOQ.LON,0QOQ.LON
2024-12-23,1218.0,1219.5,1209.0,1214.188,10076.0,0.0026325350949629733,16.780000686645508,0QOQ.LON,0QOQ.LON
2024-12-27,1220.0,1242.0,1220.0,1233.0,601.0,0.015493482063733133,15.949999809265137,0QOQ.LON,0QOQ.LON
2024-12-30,1234.5,1235.0,1223.0,1223.5,1710.0,-0.00770478507704786,17.399999618530273,0QOQ.LON,0QOQ.LON
2025-01-03,1092.5,1092.5,564.3302,564.3302,12371.0,-0.5387574989783408,16.1299991607666,0QOQ.LON,0QOQ.LON
2025-01-06,1259.0,1274.5,1248.0,1268.705,2159.0,1.248160739935591,16.040000915527344,0QOQ.LON,0QOQ.LON
2025-01-07,1294.0,1345.0,1256.5,1263.0,6157.0,-0.00449671121340256,17.81999969482422,0QOQ.LON,0QOQ.LON
2025-01-08,1292.5,1318.0,1285.0,1289.988,27003.0,0.02136817102137778,17.700000762939453,0QOQ.LON,0QOQ.LON
2025-01-09,1320.5,1333.0,1310.0,1315.558,2930.0,0.01982188981602917,,0QOQ.LON,0QOQ.LON
2025-01-10,1332.0,1339.0,1309.5,1316.0,2598.0,0.0003359791054442507,19.540000915527344,0QOQ.LON,0QOQ.LON
2025-01-13,1304.5,1304.5,1280.5,1288.51,20269.0,-0.020889057750759887,19.190000534057617,0QOQ.LON,0QOQ.LON
2025-01-14,1295.0,1304.0,1285.0,1291.0,3079.0,0.0019324646296885462,18.709999084472656,0QOQ.LON,0QOQ.LON
2025-01-15,1264.75,1310.5,1255.5,1263.0,16122.0,-0.021688613477924057,16.1200008392334,0QOQ.LON,0QOQ.LON
2025-01-16,1312.5,1323.5,1309.0,1317.5,12586.0,0.04315122723673803,16.600000381469727,0QOQ.LON,0QOQ.LON
2025-01-17,1326.0,1330.5,1322.5,1329.767,3112.0,0.00931081593927896,15.970000267028809,0QOQ.LON,0QOQ.LON
2025-01-20,1331.5,1337.5,1326.0,1335.0,13528.0,0.0039352758791577624,,0QOQ.LON,0QOQ.LON
2025-01-21,1332.5,1350.0,1332.0,1350.0,40580.0,0.011235955056179803,15.0600004196167,0QOQ.LON,0QOQ.LON
2025-01-22,1357.0,1382.0,1355.0,1381.0,8211.0,0.022962962962963074,15.100000381469727,0QOQ.LON,0QOQ.LON
2025-01-23,1381.0,1404.0,1374.5,1403.298,1671.0,0.0161462708182476,15.020000457763672,0QOQ.LON,0QOQ.LON
2025-01-24,1410.0,1411.5,1389.0,1397.5,3985.0,-0.004131695477368358,14.850000381469727,0QOQ.LON,0QOQ.LON
2025-01-27,1380.5,1380.5,1348.5,1357.321,8317.0,-0.028750626118068,17.899999618530273,0QOQ.LON,0QOQ.LON
2025-01-28,1363.0,1375.5,1348.0,1355.0,5710.0,-0.0017099860681444312,16.40999984741211,0QOQ.LON,0QOQ.LON
2025-01-29,1365.5,1375.5,1359.0,1365.0,1137.0,0.007380073800737907,16.559999465942383,0QOQ.LON,0QOQ.LON
2025-01-30,1372.0,1383.0,1367.5,1375.812,1761.0,0.007920879120879132,15.84000015258789,0QOQ.LON,0QOQ.LON
2025-01-31,1379.75,1394.5,1374.0,1391.5,3368.0,0.011402720720563586,16.43000030517578,0QOQ.LON,0QOQ.LON
2025-02-03,1335.0,1381.5,1335.0,1370.712,7442.0,-0.014939274164570637,18.6200008392334,0QOQ.LON,0QOQ.LON
2025-02-04,1380.5,1382.5,1368.5,1379.179,3080.0,0.0061770816918507165,17.209999084472656,0QOQ.LON,0QOQ.LON
2025-02-05,1369.5,1396.5,1366.5,1395.5,29854.0,0.01183385187854502,15.770000457763672,0QOQ.LON,0QOQ.LON
2025-02-06,1400.0,1418.0,1398.5,1417.291,1421.0,0.015615191687567087,15.5,0QOQ.LON,0QOQ.LON
2025-02-07,1413.0,1416.0,1383.5,1394.0,4252.0,-0.016433463558295336,16.540000915527344,0QOQ.LON,0QOQ.LON
2025-02-10,1382.5,1408.25,1380.0,1389.211,3676.0,-0.0034354375896700207,15.8100004196167,0QOQ.LON,0QOQ.LON
2025-02-11,1409.5,1419.5,1405.0,1410.236,4043.0,0.015134490009077073,16.020000457763672,0QOQ.LON,0QOQ.LON
2025-02-12,1414.5,1415.5,1392.5,1403.5,7489.0,-0.004776505492697702,15.890000343322754,0QOQ.LON,0QOQ.LON
2025-02-13,1415.5,1419.5,1387.5,1406.796,4912.0,0.002348414677591837,15.100000381469727,0QOQ.LON,0QOQ.LON
2025-02-14,1416.5,1425.0,1413.0,1416.8,1221.0,0.007111194515764918,14.770000457763672,0QOQ.LON,0QOQ.LON
2025-02-17,1426.0,1426.0,1415.5,1420.931,15700.0,0.0029157255787690683,,0QOQ.LON,0QOQ.LON
2025-02-18,1421.0,1422.5,1401.5,1414.5,19934.0,-0.004525905902538541,15.350000381469727,0QOQ.LON,0QOQ.LON
2025-02-19,1410.5,1416.5,1378.5,1390.35,2844.0,-0.017073170731707332,15.270000457763672,0QOQ.LON,0QOQ.LON
2025-02-20,1388.0,1396.0,1383.5,1393.5,1609.0,0.002265616571367035,15.65999984741211,0QOQ.LON,0QOQ.LON
2025-02-21,1399.0,1399.5,1380.0,1394.0,20755.0,0.00035880875493354836,18.209999084472656,0QOQ.LON,0QOQ.LON
2025-02-24,1395.0,1397.0,1337.0,1369.0,2056.0,-0.01793400286944047,18.979999542236328,0QOQ.LON,0QOQ.LON
2025-02-25,1330.5,1345.0,1322.0,1335.0,4410.0,-0.0248356464572681,19.43000030517578,0QOQ.LON,0QOQ.LON
2025-02-26,1329.0,1345.0,1322.5,1339.5,6251.0,0.003370786516853963,19.100000381469727,0QOQ.LON,0QOQ.LON
2025-02-27,1334.5,1335.0,1313.0,1330.741,5102.0,-0.006539007092198568,21.1299991607666,0QOQ.LON,0QOQ.LON
2025-02-28,1313.0,1327.5,1300.0,1307.959,3849.0,-0.017119785142262756,19.6299991607666,0QOQ.LON,0QOQ.LON
2025-03-03,1359.0,1383.75,1349.5,1356.53,1975.0,0.037134956065136615,22.780000686645508,0QOQ.LON,0QOQ.LON
2025-03-04,1361.5,1363.5,1292.0,1331.929,5672.0,-0.01813524212512796,23.510000228881836,0QOQ.LON,0QOQ.LON
2025-03-05,1319.5,1337.0,1311.5,1318.945,64667.0,-0.009748267362599816,21.93000030517578,0QOQ.LON,0QOQ.LON
2025-03-06,1326.5,1335.5,1302.0,1310.394,1566.0,-0.006483211961074931,24.8700008392334,0QOQ.LON,0QOQ.LON
2025-03-07,1318.0,1336.5,1309.0,1328.0,23970.0,0.013435653704153117,23.3700008392334,0QOQ.LON,0QOQ.LON
2025-03-10,1331.0,1335.5,1282.5,1292.0,2085.0,-0.027108433734939763,27.860000610351562,0QOQ.LON,0QOQ.LON
2025-03-11,1300.0,1323.0,1267.5,1275.833,18068.0,-0.012513157894736726,26.920000076293945,0QOQ.LON,0QOQ.LON
2025-03-12,1288.5,1291.475,1257.75,1279.5,2799.0,0.0028742006203006376,24.229999542236328,0QOQ.LON,0QOQ.LON
2025-03-13,1269.0,1293.75,1263.5,1271.0,8834.0,-0.006643220007815587,24.65999984741211,0QOQ.LON,0QOQ.LON
2025-03-14,1268.25,1316.0,1266.0,1315.5,4766.0,0.035011801730920444,21.770000457763672,0QOQ.LON,0QOQ.LON
2025-03-17,1324.75,1338.25,1315.0,1319.0,6348.0,0.0026605853287722248,20.510000228881836,0QOQ.LON,0QOQ.LON
2025-03-18,1325.75,1330.5,1308.0,1311.0,3043.0,-0.006065200909780133,21.700000762939453,0QOQ.LON,0QOQ.LON
2025-03-19,1308.0,1323.25,1294.5,1313.149,22469.0,0.0016392067124331167,19.899999618530273,0QOQ.LON,0QOQ.LON
2025-03-20,1315.0,1340.5,1312.5,1340.5,14580.0,0.020828557916885426,19.799999237060547,0QOQ.LON,0QOQ.LON
2025-03-21,1333.5,1337.5,1315.75,1334.0,16618.0,-0.004848936963819495,19.280000686645508,0QOQ.LON,0QOQ.LON
2025-03-24,1332.0,1345.5,1328.0,1345.5,517.0,0.008620689655172376,17.479999542236328,0QOQ.LON,0QOQ.LON
2025-03-25,1348.0,1355.0,1332.5,1342.5,1591.0,-0.0022296544035674826,17.149999618530273,0QOQ.LON,0QOQ.LON
2025-03-26,1353.0,1353.0,1325.0,1330.591,427.0,-0.00887076350093119,18.329999923706055,0QOQ.LON,0QOQ.LON
2025-03-27,1316.0,1316.5,1290.5,1310.5,2576.0,-0.015099305496580007,18.690000534057617,0QOQ.LON,0QOQ.LON
2025-03-28,1304.5,1311.25,1285.0,1291.5,3213.0,-0.014498283098054232,21.649999618530273,0QOQ.LON,0QOQ.LON
2025-03-31,1271.5,1276.0,1239.25,1244.393,2823.0,-0.03647464188927596,22.280000686645508,0QOQ.LON,0QOQ.LON
2025-04-01,1259.5,1268.5,1252.0,1263.0,2747.0,0.01495267170419634,21.770000457763672,0QOQ.LON,0QOQ.LON
2025-04-02,1258.0,1260.5,1226.5,1246.0,5309.0,-0.013460015835312755,21.510000228881836,0QOQ.LON,0QOQ.LON
2025-04-03,1200.0,1211.0,1157.0,1201.91,23532.0,-0.035385232744783224,30.020000457763672,0QOQ.LON,0QOQ.LON
2025-04-04,1145.5,1159.318,1048.0,1136.0,8094.0,-0.05483771663435699,45.310001373291016,0QOQ.LON,0QOQ.LON
2025-04-07,960.0,1065.0,951.4,981.1205,23118.0,-0.13633758802816898,46.97999954223633,0QOQ.LON,0QOQ.LON
2025-04-08,993.6,1026.0,971.6,1010.859,12161.0,0.030310751839351058,52.33000183105469,0QOQ.LON,0QOQ.LON
2025-04-09,950.4,983.2,942.8,956.0,12781.0,-0.05426968548531497,33.619998931884766,0QOQ.LON,0QOQ.LON
2025-04-10,1106.0,1117.0,1022.0,1033.0,6324.0,0.08054393305439334,40.720001220703125,0QOQ.LON,0QOQ.LON
2025-04-11,1031.5,1033.0,993.7,1005.077,1881.0,-0.02703097773475316,37.560001373291016,0QOQ.LON,0QOQ.LON
2025-04-14,1054.0,1067.5,1037.0,1055.5,45997.0,0.05016829556342439,30.889999389648438,0QOQ.LON,0QOQ.LON
2025-04-15,1055.0,1084.5,1050.5,1074.5,13551.0,0.018000947418285174,30.1200008392334,0QOQ.LON,0QOQ.LON
2025-04-16,1065.0,1065.0,1030.0,1047.0,36595.0,-0.025593299208934384,32.63999938964844,0QOQ.LON,0QOQ.LON
2025-04-17,1064.5,1064.5,1047.5,1057.016,4770.0,0.009566380133715358,29.649999618530273,0QOQ.LON,0QOQ.LON
2025-04-22,1053.0,1055.0,1025.0,1036.716,24270.0,-0.019205007303579325,30.56999969482422,0QOQ.LON,0QOQ.LON
2025-04-23,1075.0,1091.5,1068.5,1083.5,2771.0,0.04512711292195748,28.450000762939453,0QOQ.LON,0QOQ.LON
2025-04-24,1075.0,1090.25,1054.5,1085.55,11869.0,0.001892016612828673,26.469999313354492,0QOQ.LON,0QOQ.LON
2025-04-25,1099.0,1104.0,1091.0,1096.914,3208.0,0.010468426143429577,24.84000015258789,0QOQ.LON,0QOQ.LON
2025-04-28,1100.5,1104.0,1091.0,1096.417,20843.0,-0.00045308930326359853,25.149999618530273,0QOQ.LON,0QOQ.LON
2025-04-29,1093.0,1100.5,1092.5,1094.0,1459.0,-0.002204453232665937,24.170000076293945,0QOQ.LON,0QOQ.LON
2025-04-30,1090.0,1104.0,1064.0,1079.5,48716.0,-0.013254113345521068,24.700000762939453,0QOQ.LON,0QOQ.LON
2025-05-02,1091.5,1105.0,1082.25,1094.75,8017.0,0.0141269106067623,22.68000030517578,0QOQ.LON,0QOQ.LON
2025-05-06,1102.0,1104.5,1086.0,1087.5,10391.0,-0.0066225165562914245,24.760000228881836,0QOQ.LON,0QOQ.LON
2025-05-07,1091.5,1093.5,1050.0,1075.25,4994.0,-0.011264367816091969,23.549999237060547,0QOQ.LON,0QOQ.LON
2025-05-08,1086.5,1106.5,1079.0,1102.5,12017.0,0.02534294350151134,22.479999542236328,0QOQ.LON,0QOQ.LON
2025-05-09,1108.0,1116.45,1106.5,1110.5,37819.0,0.007256235827664437,21.899999618530273,0QOQ.LON,0QOQ.LON
2025-05-12,1139.0,1187.0,1131.5,1173.5,6470.0,0.05673120216118854,18.389999389648438,0QOQ.LON,0QOQ.LON
2025-05-13,1180.5,1193.5,1177.0,1191.5,16000.0,0.015338730293992242,18.219999313354492,0QOQ.LON,0QOQ.LON
2025-05-14,1195.5,1199.5,1179.0,1190.0,12983.0,-0.0012589173310952884,18.6200008392334,0QOQ.LON,0QOQ.LON
2025-05-15,1192.5,1205.0,1186.5,1196.75,14788.0,0.005672268907563005,17.829999923706055,0QOQ.LON,0QOQ.LON
2025-05-16,1197.0,1201.0,1171.5,1185.0,41606.0,-0.00981825778149159,17.239999771118164,0QOQ.LON,0QOQ.LON
2025-05-19,1173.0,1177.5,1163.0,1171.5,2224.0,-0.011392405063291089,18.139999389648438,0QOQ.LON,0QOQ.LON
2025-05-20,1181.5,1183.0,1151.5,1155.0,9480.0,-0.014084507042253502,18.09000015258789,0QOQ.LON,0QOQ.LON
2025-05-21,1141.0,1150.5,1136.5,1147.0,7316.0,-0.006926406926406892,20.8700008392334,0QOQ.LON,0QOQ.LON
2025-05-22,1133.0,1134.0,1121.0,1125.727,6118.0,-0.01854664341761103,20.280000686645508,0QOQ.LON,0QOQ.LON
2025-05-23,1092.0,1100.0,1048.0,1081.8889,4250.0,-0.03894203479173919,22.290000915527344,0QOQ.LON,0QOQ.LON
2025-05-27,1094.25,1107.0,1091.0,1098.375,5676.0,0.015238255979888482,18.959999084472656,0QOQ.LON,0QOQ.LON
2025-05-28,1093.0,1093.5,1083.5,1088.0,19582.0,-0.009445772163423238,19.309999465942383,0QOQ.LON,0QOQ.LON
2025-05-29,1088.0,1088.0,1088.0,1088.0,0.0,0.0,19.18000030517578,0QOQ.LON,0QOQ.LON
2025-05-30,1089.0,1113.25,1082.5,1101.9738,41502.0,0.012843566176470533,18.56999969482422,0QOQ.LON,0QOQ.LON
2025-06-02,1088.0,1091.0,1065.0,1074.8636,14446.0,-0.02460149234038056,18.360000610351562,0QOQ.LON,0QOQ.LON
2025-06-03,1080.0,1087.5,1062.0,1073.6429,10901.0,-0.0011356789828959046,17.690000534057617,0QOQ.LON,0QOQ.LON
2025-06-04,1089.5,1098.5,1075.5,1087.6667,4382.0,0.013061884915366084,17.610000610351562,0QOQ.LON,0QOQ.LON
2025-06-05,1090.5,1090.5,1066.5,1079.6429,10317.0,-0.007377076084061351,18.479999542236328,0QOQ.LON,0QOQ.LON
2025-06-06,1077.5,1081.5,1071.5,1075.5833,2536.0,-0.0037601321696275614,16.770000457763672,0QOQ.LON,0QOQ.LON
2025-06-09,1075.5833,1075.5833,1075.5833,1075.5833,0.0,0.0,17.15999984741211,0QOQ.LON,0QOQ.LON
2025-06-10,1071.0,1083.5,1068.0,1080.0,34156.0,0.004106330025763771,16.950000762939453,0QOQ.LON,0QOQ.LON
2025-06-11,1081.5,1083.0,1067.0,1072.0,14471.0,-0.007407407407407418,17.260000228881836,0QOQ.LON,0QOQ.LON
2025-06-12,1060.0,1060.5,1047.5428,1049.5,14904.0,-0.020988805970149294,18.020000457763672,0QOQ.LON,0QOQ.LON
2025-06-13,1025.0,1033.0,1008.5,1025.0,16271.0,-0.023344449737970452,20.81999969482422,0QOQ.LON,0QOQ.LON
2025-06-16,1012.5,1019.25,1010.0,1013.7778,6149.0,-0.010948487804878115,19.110000610351562,0QOQ.LON,0QOQ.LON
2025-06-17,1008.0,1025.5,1002.0,1015.5,7801.0,0.0016987943511881376,21.600000381469727,0QOQ.LON,0QOQ.LON
2025-06-18,1018.75,1019.5,1007.667,1011.8056,4227.0,-0.0036380108321023563,20.139999389648438,0QOQ.LON,0QOQ.LON
2025-06-19,985.6,997.6,972.0,993.6472,11107.0,-0.017946530440234754,,0QOQ.LON,0QOQ.LON
2025-06-20,1001.0,1005.0,987.0,989.6,11851.0,-0.004073075433614681,20.6200008392334,0QOQ.LON,0QOQ.LON
2025-06-23,980.0,989.2,980.0,982.6,33215.0,-0.007073565076798682,19.829999923706055,0QOQ.LON,0QOQ.LON
2025-06-24,1003.0,1012.0,992.9,996.4,11810.0,0.01404437207408904,17.479999542236328,0QOQ.LON,0QOQ.LON
2025-06-25,1015.5,1017.0,1000.5,1005.0,12425.0,0.008631071858691275,16.760000228881836,0QOQ.LON,0QOQ.LON
2025-06-26,1010.0,1021.0,1002.5,1019.5,25801.0,0.014427860696517358,16.59000015258789,0QOQ.LON,0QOQ.LON
2025-06-27,1022.5,1037.5,1021.0,1029.125,7780.0,0.009440902403138773,16.31999969482422,0QOQ.LON,0QOQ.LON
2025-06-30,1041.5,1057.5,1032.5,1043.2273,11058.0,0.013703194461314183,16.729999542236328,0QOQ.LON,0QOQ.LON
2025-07-01,1036.5,1045.0,1025.5,1034.39,4560.0,-0.00847111650548249,16.829999923706055,0QOQ.LON,0QOQ.LON
2025-07-02,1041.5,1042.0,1023.8325,1025.5571,7685.0,-0.008539235684799862,16.639999389648438,0QOQ.LON,0QOQ.LON
2025-07-03,1041.75,1050.0,1037.5,1044.0,48364.0,0.017983299028401234,16.3799991607666,0QOQ.LON,0QOQ.LON
2025-07-04,1032.0,1040.75,1026.5,1033.0,911.0,-0.010536398467432928,,0QOQ.LON,0QOQ.LON
2025-07-07,1034.5,1046.25,1030.5,1042.3125,6773.0,0.009015004840271068,17.790000915527344,0QOQ.LON,0QOQ.LON
2025-07-08,1048.5,1061.0,1045.5,1052.875,7531.0,0.010133717095400785,16.809999465942383,0QOQ.LON,0QOQ.LON
2025-07-09,1055.5,1067.5,1053.5,1058.875,5012.0,0.005698682179746006,15.9399995803833,0QOQ.LON,0QOQ.LON
2025-07-10,1062.075,1075.5,1060.5,1063.5,5516.0,0.004367843229843071,15.779999732971191,0QOQ.LON,0QOQ.LON
2025-07-11,1067.0,1068.25,1055.0,1060.6429,12078.0,-0.0026865068171132434,16.399999618530273,0QOQ.LON,0QOQ.LON
2025-07-14,1038.5,1062.25,1035.0,1054.8846,17025.0,-0.005429065710994663,17.200000762939453,0QOQ.LON,0QOQ.LON
2025-07-15,1069.0,1075.5,1060.5,1070.25,13932.0,0.014565953470170978,17.3799991607666,0QOQ.LON,0QOQ.LON
2025-07-16,1137.5,1139.0,1098.75,1114.1458,7146.0,0.04101452931558058,17.15999984741211,0QOQ.LON,0QOQ.LON
2025-07-17,1133.0,1141.5,1109.0,1122.8,2694.0,0.007767565070927018,16.520000457763672,0QOQ.LON,0QOQ.LON
2025-07-18,1130.0,1138.5,1119.0,1130.75,4867.0,0.007080513003206335,16.40999984741211,0QOQ.LON,0QOQ.LON
2025-07-21,1124.25,1135.0,1121.5,1131.5,10184.0,0.0006632765863365808,16.649999618530273,0QOQ.LON,0QOQ.LON
2025-07-22,1128.5,1134.0,1097.0,1113.0,4765.0,-0.016349977905435242,16.5,0QOQ.LON,0QOQ.LON
2025-07-23,1118.5,1119.7212,1107.5,1112.5,4291.0,-0.0004492362982928544,15.369999885559082,0QOQ.LON,0QOQ.LON
2025-07-24,1121.0,1127.0,1111.9838,1119.0555,1513.0,0.005892584269662882,15.390000343322754,0QOQ.LON,0QOQ.LON
2025-07-25,1119.5,1121.4485,1110.0,1115.85,6252.0,-0.0028644691885255646,14.930000305175781,0QOQ.LON,0QOQ.LON
2025-07-28,1134.0,1139.25,1120.5,1130.8571,5281.0,0.013449029887529829,15.029999732971191,0QOQ.LON,0QOQ.LON
2025-07-29,1121.25,1128.5,1111.0,1119.75,1349.0,-0.009821842211540255,15.979999542236328,0QOQ.LON,0QOQ.LON
2025-07-30,1116.5,1131.8599,1110.0,1124.8031,1240.0,0.0045127037285108695,15.479999542236328,0QOQ.LON,0QOQ.LON
2025-07-31,1133.5,1135.0,1101.5,1101.5,2297.0,-0.02071749268827594,16.719999313354492,0QOQ.LON,0QOQ.LON
2025-08-01,1101.5,1101.5,1101.5,1101.5,0.0,0.0,20.3799991607666,0QOQ.LON,0QOQ.LON
2025-08-04,1058.5,1099.0,1056.0,1082.4286,6541.0,-0.017314026327734933,17.520000457763672,0QOQ.LON,0QOQ.LON
2025-08-05,1098.5,1109.0,1093.0,1094.0,2817.0,0.010690220121678307,17.850000381469727,0QOQ.LON,0QOQ.LON
2025-08-06,1103.5,1112.0,1100.0,1110.0,948.0,0.014625228519195677,16.770000457763672,0QOQ.LON,0QOQ.LON
2025-08-07,1120.5,1146.0,1113.0,1138.5797,2341.0,0.02574747747747752,16.56999969482422,0QOQ.LON,0QOQ.LON
2025-08-08,1129.0,1143.5,1126.0,1137.9995,8194.0,-0.0005095822453184962,15.149999618530273,0QOQ.LON,0QOQ.LON
2025-08-11,1148.0,1150.0,1136.5,1141.0,888.0,0.0026366443921987948,16.25,0QOQ.LON,0QOQ.LON
2025-08-12,1145.5,1147.0,1131.5,1133.5,42331.0,-0.006573181419807228,14.729999542236328,0QOQ.LON,0QOQ.LON
2025-08-13,1137.5,1137.5,1118.75,1122.0,10056.0,-0.010145566828407615,14.489999771118164,0QOQ.LON,0QOQ.LON
2025-08-14,1123.5,1123.5,1091.5,1103.7,3605.0,-0.01631016042780742,14.829999923706055,0QOQ.LON,0QOQ.LON
2025-08-15,1110.0,1119.0,1105.0,1106.0,5487.0,0.0020838996104013408,15.09000015258789,0QOQ.LON,0QOQ.LON
2025-08-18,1104.5,1109.0,1100.0,1105.0,954.0,-0.000904159132007254,14.989999771118164,0QOQ.LON,0QOQ.LON
2025-08-19,1107.0,1125.5,1106.0,1124.5,2547.0,0.01764705882352935,15.569999694824219,0QOQ.LON,0QOQ.LON
2025-08-20,1113.5,1127.4457,1109.0,1122.9897,31558.0,-0.0013430858159181325,15.6899995803833,0QOQ.LON,0QOQ.LON
2025-08-21,1111.0,1115.0,1101.0,1105.0,2453.0,-0.01601947016967309,16.600000381469727,0QOQ.LON,0QOQ.LON
2025-08-22,1100.0,1135.0,1099.0,1132.5,9334.0,0.02488687782805421,14.220000267028809,0QOQ.LON,0QOQ.LON
2025-08-25,1129.5,1135.1055,1124.5,1130.0,1541.0,-0.002207505518763808,14.789999961853027,0QOQ.LON,0QOQ.LON
2025-08-26,1120.5,1124.5,1106.0,1107.0,4928.0,-0.02035398230088492,14.619999885559082,0QOQ.LON,0QOQ.LON
2025-08-27,1110.0,1118.0,1103.0,1113.5,1117.0,0.005871725383920445,14.850000381469727,0QOQ.LON,0QOQ.LON
2025-08-28,1113.5,1123.0,1109.5,1115.0,2634.0,0.0013471037269869868,14.430000305175781,0QOQ.LON,0QOQ.LON
2025-08-29,1114.5,1117.5,1097.5,1110.3333,2741.0,-0.004185381165919266,15.359999656677246,0QOQ.LON,0QOQ.LON
2025-09-01,1095.5,1101.5,1085.0,1097.2665,16721.0,-0.011768358203793405,,0QOQ.LON,0QOQ.LON
2025-09-02,1139.0,1156.5,1061.0,1106.965,47684.0,0.008838782556471081,17.170000076293945,0QOQ.LON,0QOQ.LON
2025-09-03,1067.5,1084.25,1062.5,1074.0596,29953.0,-0.029725781754617264,16.350000381469727,0QOQ.LON,0QOQ.LON
2025-09-04,1074.0,1076.0,1061.0,1068.2863,12443.0,-0.005375213814950319,15.300000190734863,0QOQ.LON,0QOQ.LON
2025-09-05,1072.5,1093.0,1065.0,1068.0,56465.0,-0.00026799931816023914,15.180000305175781,0QOQ.LON,0QOQ.LON
2025-09-08,1073.5,1074.5,1061.5,1064.0752,19805.0,-0.003674906367041153,15.109999656677246,0QOQ.LON,0QOQ.LON
2025-09-09,1070.0,1072.5,1057.0,1059.0,58714.0,-0.004769587713349566,15.039999961853027,0QOQ.LON,0QOQ.LON
2025-09-10,1062.0,1076.5,1053.25,1063.7048,35650.0,0.004442681775259638,15.350000381469727,0QOQ.LON,0QOQ.LON
2025-09-11,1068.0,1075.0,1056.0,1074.2148,32180.0,0.009880560847332909,14.710000038146973,0QOQ.LON,0QOQ.LON
2025-09-12,1080.0,1085.5,1071.25,1075.5,3255.0,0.0011964087629401376,14.760000228881836,0QOQ.LON,0QOQ.LON
2025-09-15,1082.5,1092.25,1078.0,1083.1072,1411.0,0.007073175267317433,15.6899995803833,0QOQ.LON,0QOQ.LON
2025-09-16,1093.0,1098.5,1067.4919,1074.4374,97940.0,-0.00800456316789322,16.360000610351562,0QOQ.LON,0QOQ.LON
2025-09-17,1070.5,1095.5,1062.5227,1092.3593,13707.0,0.016680264480741336,15.720000267028809,0QOQ.LON,0QOQ.LON
2025-09-18,1092.5,1105.5,1087.0,1103.488,7236.0,0.010187765142842586,15.699999809265137,0QOQ.LON,0QOQ.LON
2025-09-19,1105.0,1105.0,1076.5,1083.0496,20731.0,-0.018521633221204037,15.449999809265137,0QOQ.LON,0QOQ.LON
2025-09-22,1076.5,1080.0,1057.0,1065.6021,7654.0,-0.016109603844551512,16.100000381469727,0QOQ.LON,0QOQ.LON
2025-09-23,1071.0,1090.5,1060.5,1084.2168,10947.0,0.01746871557404006,16.639999389648438,0QOQ.LON,0QOQ.LON
2025-09-24,1071.5,1074.0,1048.0,1049.71,32459.0,-0.03182647603320654,16.18000030517578,0QOQ.LON,0QOQ.LON
2025-09-25,1039.0,1042.5,1017.5,1020.402,9111.0,-0.02792009221594538,16.739999771118164,0QOQ.LON,0QOQ.LON
2025-09-26,1032.0,1040.0,1024.5,1027.0154,20674.0,0.006481171146273779,15.289999961853027,0QOQ.LON,0QOQ.LON
2025-09-29,1043.5,1044.5,1029.5,1036.4845,16667.0,0.009220017538198677,16.1200008392334,0QOQ.LON,0QOQ.LON
2025-09-30,1039.0,1048.6788,1030.1017,1046.2092,13564.0,0.009382388255685381,16.280000686645508,0QOQ.LON,0QOQ.LON
2025-10-01,1028.0,1037.5,1018.0,1028.8323,15549.0,-0.01660939322651722,16.290000915527344,0QOQ.LON,0QOQ.LON
2025-10-02,1037.0,1043.0,1027.2264,1032.9845,9724.0,0.004035837521819685,16.6299991607666,0QOQ.LON,0QOQ.LON
2025-10-03,1041.0,1053.5,1034.5,1050.7662,5857.0,0.017213907856313382,16.649999618530273,0QOQ.LON,0QOQ.LON
2025-10-06,1049.0,1064.5,1037.5,1054.1332,10030.0,0.003204328422440561,16.3700008392334,0QOQ.LON,0QOQ.LON
2025-10-07,1054.5,1056.0,1040.4844,1045.0223,8782.0,-0.008643025378576308,17.239999771118164,0QOQ.LON,0QOQ.LON
2025-10-08,1040.5,1046.5,1035.5,1038.7351,6126.0,-0.006016330943368398,16.299999237060547,0QOQ.LON,0QOQ.LON
2025-10-09,1040.0,1046.5,1034.5,1038.8539,18427.0,0.00011436987158708334,16.43000030517578,0QOQ.LON,0QOQ.LON
2025-10-10,1037.0,1040.0,1008.5,1021.5735,12441.0,-0.016634100329218637,21.65999984741211,0QOQ.LON,0QOQ.LON
2025-10-13,1005.5,1019.0,1004.0,1009.6514,44565.0,-0.011670330132878326,19.030000686645508,0QOQ.LON,0QOQ.LON
2025-10-14,1000.75,1007.0,991.6,1004.0,16891.0,-0.005597377471075582,20.809999465942383,0QOQ.LON,0QOQ.LON
2025-10-15,1017.0,1038.0,998.8372,1011.1949,12081.0,0.007166235059760995,20.639999389648438,0QOQ.LON,0QOQ.LON
2025-10-16,1004.5,1006.5,992.0,1004.1004,16966.0,-0.007015957062283418,25.309999465942383,0QOQ.LON,0QOQ.LON
2025-10-17,980.0,982.0,956.0,961.5477,21719.0,-0.04237892943773358,20.780000686645508,0QOQ.LON,0QOQ.LON
2025-10-20,977.3,981.3963,970.0,981.3961,27182.0,0.0206421376703414,18.229999542236328,0QOQ.LON,0QOQ.LON
2025-10-21,983.2,989.4,977.2,982.2964,15486.0,0.0009173665964230526,17.8700008392334,0QOQ.LON,0QOQ.LON
2025-10-22,990.0,993.2,980.0,986.0,9724.0,0.0037703487460607477,18.600000381469727,0QOQ.LON,0QOQ.LON
2025-10-23,987.0,996.7,976.0,978.8,19311.0,-0.007302231237322543,17.299999237060547,0QOQ.LON,0QOQ.LON
2025-10-24,983.8,997.2,981.4,986.5482,56983.0,0.007916019615856085,16.3700008392334,0QOQ.LON,0QOQ.LON
2025-10-27,1002.25,1003.5,989.4,993.6099,9079.0,0.00715798782056476,15.789999961853027,0QOQ.LON,0QOQ.LON
2025-10-28,1012.0,1014.0,991.4,992.0,9800.0,-0.0016202535824170194,16.420000076293945,0QOQ.LON,0QOQ.LON
2025-10-29,995.8,1000.5,987.2,990.496,15625.0,-0.0015161290322580623,16.920000076293945,0QOQ.LON,0QOQ.LON
2025-10-30,984.4,990.0,982.4,987.8575,10398.0,-0.002663816915969397,16.90999984741211,0QOQ.LON,0QOQ.LON
2025-10-31,988.8,995.0597,981.4,995.0597,9113.0,0.007290727660619112,17.440000534057617,0QOQ.LON,0QOQ.LON
2025-11-03,971.6,978.4,970.2,971.1942,9466.0,-0.023983988096392572,17.170000076293945,0QOQ.LON,0QOQ.LON
2025-11-04,965.0,971.0,939.9,952.292,40611.0,-0.019462842755856635,19.0,0QOQ.LON,0QOQ.LON
2025-11-05,950.0,966.1,950.0,961.0961,12875.0,0.009245168498737799,18.010000228881836,0QOQ.LON,0QOQ.LON
2025-11-06,958.6,961.5,942.2,942.3888,9918.0,-0.019464546781534198,19.5,0QOQ.LON,0QOQ.LON
2025-11-07,948.8,954.1,938.2,942.6,3338.0,0.0002241113222058999,19.079999923706055,0QOQ.LON,0QOQ.LON
2025-11-10,965.8,973.0,953.0,970.6312,5038.0,0.0297381710163378,17.600000381469727,0QOQ.LON,0QOQ.LON
2025-11-11,964.4,985.2,960.0,965.0145,12686.0,-0.0057866468747347355,17.280000686645508,0QOQ.LON,0QOQ.LON
2025-11-12,983.0,987.0,972.8,977.0977,35344.0,0.012521262633877539,17.510000228881836,0QOQ.LON,0QOQ.LON
2025-11-13,984.6,987.0,957.6,970.2704,29325.0,-0.006987325832411684,20.0,0QOQ.LON,0QOQ.LON
2025-11-14,943.0,953.8,933.5062,953.4,9128.0,-0.017387318009495112,19.829999923706055,0QOQ.LON,0QOQ.LON
2025-11-17,935.6,958.8,930.4,952.2,32990.0,-0.0012586532410320261,22.3799991607666,0QOQ.LON,0QOQ.LON
2025-11-18,913.8,922.4,906.0,916.7618,10311.0,-0.03721718126444029,24.690000534057617,0QOQ.LON,0QOQ.LON
2025-11-19,920.0,920.0,908.2,910.166,33420.0,-0.007194671505728056,23.65999984741211,0QOQ.LON,0QOQ.LON
2025-11-20,931.0,931.0,910.8,917.8294,49350.0,0.008419782764902184,26.420000076293945,0QOQ.LON,0QOQ.LON
2025-11-21,900.2,921.6,899.4,908.1803,7444.0,-0.010512955893546172,23.43000030517578,0QOQ.LON,0QOQ.LON
2025-11-24,932.0,932.8,921.4,927.4,51970.0,0.02116286821020008,20.520000457763672,0QOQ.LON,0QOQ.LON
2025-11-25,929.6,930.4,920.0,928.6,26058.0,0.0012939400474445417,18.559999465942383,0QOQ.LON,0QOQ.LON
2025-11-26,937.8,938.8939,926.8,932.2599,9933.0,0.0039413094981692876,17.190000534057617,0QOQ.LON,0QOQ.LON
2025-11-27,939.8,961.2,936.3,952.3752,3700.0,0.021576922916023644,,0QOQ.LON,0QOQ.LON
2025-11-28,952.4,960.8,948.4,953.1953,8255.0,0.0008611102011055749,16.350000381469727,0QOQ.LON,0QOQ.LON
2025-12-01,941.8,949.0,932.9955,939.8775,6571.0,-0.01397174325135675,17.239999771118164,0QOQ.LON,0QOQ.LON
2025-12-02,941.4,942.0,929.4138,929.4138,42991.0,-0.01113304659383807,16.59000015258789,0QOQ.LON,0QOQ.LON
2025-12-03,931.6,933.2,916.8,929.2929,18313.0,-0.0001300819936179698,16.079999923706055,0QOQ.LON,0QOQ.LON
2025-12-04,933.6,945.7,932.0,938.6122,41528.0,0.010028377490024942,15.779999732971191,0QOQ.LON,0QOQ.LON
2025-12-05,939.1,960.7928,936.6,952.2183,12115.0,0.014495976080430184,15.40999984741211,0QOQ.LON,0QOQ.LON
2025-12-08,955.8,960.4,948.8,953.0,6465.0,0.0008209252017106206,16.65999984741211,0QOQ.LON,0QOQ.LON
2025-12-09,950.0,961.8,948.4,955.1431,7993.0,0.0022487932843651137,16.93000030517578,0QOQ.LON,0QOQ.LON
2025-12-10,950.6,963.9,946.0,953.7444,13498.0,-0.001464387901666253,15.770000457763672,0QOQ.LON,0QOQ.LON
2025-12-11,956.0,957.38,944.3929,947.8142,10412.0,-0.006217808461051022,14.850000381469727,0QOQ.LON,0QOQ.LON
2025-12-12,951.8,968.4,948.6,951.2097,6841.0,0.0035824531854449226,15.739999771118164,0QOQ.LON,0QOQ.LON
2025-12-15,963.4,977.0,955.0,962.0075,3382.0,0.011351650429973548,16.5,0QOQ.LON,0QOQ.LON
2025-12-16,960.0,964.4,956.0,962.6685,2619.0,0.0006871048302636851,16.479999542236328,0QOQ.LON,0QOQ.LON
2025-12-17,961.8,965.8,948.5929,956.4,70557.0,-0.006511587322115542,17.6200008392334,0QOQ.LON,0QOQ.LON
