timestamp,Open,High,Low,Close,Volume,Return,VIX,Symbol,Company
2005-01-04,191.1623,197.7541,191.1623,197.7541,69.0,,13.979999542236328,0QP2.LON,0QP2.LON
2005-01-05,187.3887,194.5536,187.3887,194.5536,267.0,-0.01618424093356352,14.09000015258789,0QP2.LON,0QP2.LON
2005-01-06,196.2494,196.2494,191.8393,195.1469,753.0,0.0030495452153032065,13.579999923706055,0QP2.LON,0QP2.LON
2005-01-07,188.4915,195.6985,188.4915,195.6985,178.0,0.002826588585317147,13.489999771118164,0QP2.LON,0QP2.LON
2005-01-10,191.5231,193.1837,187.6218,193.1837,768.0,-0.012850379537911683,13.229999542236328,0QP2.LON,0QP2.LON
2005-01-11,190.0168,192.7338,187.0585,192.7338,535.0,-0.002328871431699353,13.1899995803833,0QP2.LON,0QP2.LON
2005-01-12,188.3049,189.4061,186.1025,189.4061,132.0,-0.017265783168286974,12.5600004196167,0QP2.LON,0QP2.LON
2005-01-13,186.8361,189.5918,186.285,189.5918,450.0,0.000980433048354712,12.84000015258789,0QP2.LON,0QP2.LON
2005-01-14,192.2354,192.2354,186.7114,190.0258,367.0,0.002289128538259577,12.430000305175781,0QP2.LON,0QP2.LON
2005-01-17,186.6874,188.8838,184.9253,186.6874,509.0,-0.01756814074720381,,0QP2.LON,0QP2.LON
2005-01-18,187.0979,191.5262,187.0979,191.5262,440.0,0.025919263967466355,12.470000267028809,0QP2.LON,0QP2.LON
2005-01-19,189.7633,193.0924,189.7633,193.0924,141.0,0.008177471280691684,13.180000305175781,0QP2.LON,0QP2.LON
2005-01-20,189.498,197.4189,189.498,194.5141,30076.0,0.0073627962571287675,13.829999923706055,0QP2.LON,0QP2.LON
2005-01-21,188.6638,194.8105,188.6638,194.8105,348.0,0.0015237969895240955,14.359999656677246,0QP2.LON,0QP2.LON
2005-01-24,191.1385,193.3611,190.0272,193.3611,613.0,-0.007440050715952107,14.649999618530273,0QP2.LON,0QP2.LON
2005-01-25,190.5876,193.9312,189.473,193.9312,362.0,0.0029483696565648643,14.0600004196167,0QP2.LON,0QP2.LON
2005-01-26,190.468,195.4803,190.468,193.8095,266.0,-0.0006275421386552349,13.4399995803833,0QP2.LON,0QP2.LON
2005-01-27,195.7303,195.7303,193.5381,195.7303,73.0,0.009910762888299951,13.239999771118164,0QP2.LON,0QP2.LON
2005-01-28,193.8268,197.1879,193.8268,197.1879,270.0,0.007446981892941462,13.239999771118164,0QP2.LON,0QP2.LON
2005-01-31,193.9008,199.2958,193.9008,197.2633,15175.0,0.0003823764034200927,12.819999694824219,0QP2.LON,0QP2.LON
2005-02-01,194.2866,198.7787,190.4226,198.7787,514.0,0.007682118265283089,12.029999732971191,0QP2.LON,0QP2.LON
2005-02-02,193.9554,197.7143,193.9554,197.7143,52.0,-0.005354698466183638,11.65999984741211,0QP2.LON,0QP2.LON
2005-02-03,195.6745,196.8056,193.4124,196.8056,498.0,-0.004596025679477922,11.789999961853027,0QP2.LON,0QP2.LON
2005-02-04,195.281,198.1193,192.597,198.1193,100.0,0.006675114935754012,11.210000038146973,0QP2.LON,0QP2.LON
2005-02-07,195.1078,200.2124,192.7751,200.2124,789.0,0.010564846534386163,11.729999542236328,0QP2.LON,0QP2.LON
2005-02-08,194.6081,199.5104,194.6081,199.5104,358.0,-0.0035062763345327097,11.600000381469727,0QP2.LON,0QP2.LON
2005-02-09,194.5529,199.0774,192.7626,199.0774,154.0,-0.002170312926042972,12.0,0QP2.LON,0QP2.LON
2005-02-10,195.4588,199.3296,193.0563,198.8482,8383.0,-0.0011513109976322156,11.510000228881836,0QP2.LON,0QP2.LON
2005-02-11,194.8715,198.2508,194.0983,198.2508,543.0,-0.003004301773915974,11.430000305175781,0QP2.LON,0QP2.LON
2005-02-14,199.0966,201.9247,199.0966,201.9247,272.0,0.018531577173963587,11.520000457763672,0QP2.LON,0QP2.LON
2005-02-15,197.398,203.4359,197.0456,201.9099,366.0,-7.329464894589854e-05,11.270000457763672,0QP2.LON,0QP2.LON
2005-02-16,197.7192,203.283,197.7192,201.603,132.0,-0.001519984904157723,11.100000381469727,0QP2.LON,0QP2.LON
2005-02-17,198.2269,208.8662,198.2269,208.8662,1442.0,0.03602724165811022,11.770000457763672,0QP2.LON,0QP2.LON
2005-02-18,193.8895,210.652,193.8895,210.652,223.0,0.008549971225598085,11.180000305175781,0QP2.LON,0QP2.LON
2005-02-21,206.2809,211.8864,203.3466,211.8864,159.0,0.005859901638721743,,0QP2.LON,0QP2.LON
2005-02-22,205.0774,206.186,197.6324,206.186,1060.0,-0.026903095243488995,13.140000343322754,0QP2.LON,0QP2.LON
2005-02-23,203.3998,206.7342,197.0088,205.067,1071.0,-0.005427138603008919,12.390000343322754,0QP2.LON,0QP2.LON
2005-02-24,207.1772,210.5187,207.1772,210.5187,258.0,0.026584969790361068,11.569999694824219,0QP2.LON,0QP2.LON
2005-02-25,209.4349,211.6748,205.0968,211.6748,303.0,0.00549167366129466,11.489999771118164,0QP2.LON,0QP2.LON
2005-02-28,210.7312,212.9611,205.7102,212.9611,605.0,0.006076774372764104,12.079999923706055,0QP2.LON,0QP2.LON
2005-03-01,208.1475,214.862,205.9447,213.7429,341.0,0.0036710929836483164,12.039999961853027,0QP2.LON,0QP2.LON
2005-03-02,211.6429,212.2043,203.8922,212.2043,183.0,-0.00719836775864835,12.5,0QP2.LON,0QP2.LON
2005-03-03,211.3333,212.4574,206.1482,212.4574,1185.0,0.001192718526439096,12.930000305175781,0QP2.LON,0QP2.LON
2005-03-04,207.6148,215.8621,207.6148,214.7378,275.0,0.010733445857851853,11.9399995803833,0QP2.LON,0QP2.LON
2005-03-07,217.3945,219.0841,209.2457,219.0841,50.0,0.020240032262601293,12.260000228881836,0QP2.LON,0QP2.LON
2005-03-08,216.1245,216.1245,206.215,215.0046,2418.0,-0.018620703191148946,12.399999618530273,0QP2.LON,0QP2.LON
2005-03-09,207.9251,215.5562,205.5984,215.5562,524.0,0.0025655265050141818,12.699999809265137,0QP2.LON,0QP2.LON
2005-03-10,211.0067,213.2279,204.1048,213.2279,3785.0,-0.010801359459853055,12.489999771118164,0QP2.LON,0QP2.LON
2005-03-11,208.5036,214.0034,208.5036,214.0034,122.0,0.003636953700711709,12.800000190734863,0QP2.LON,0QP2.LON
2005-03-14,205.4416,214.6667,205.4416,214.6667,412.0,0.00309948346615041,12.390000343322754,0QP2.LON,0QP2.LON
2005-03-15,214.4045,215.5212,205.9052,215.5212,492.0,0.00398058944400792,13.149999618530273,0QP2.LON,0QP2.LON
2005-03-16,210.9414,215.3822,210.9414,215.3822,307.0,-0.0006449481535922841,13.489999771118164,0QP2.LON,0QP2.LON
2005-03-17,211.2605,214.5962,211.2605,214.5962,763.0,-0.0036493266388772927,13.289999961853027,0QP2.LON,0QP2.LON
2005-03-18,212.404,212.404,201.4216,211.286,693.0,-0.01542524984132998,13.140000343322754,0QP2.LON,0QP2.LON
2005-03-21,200.8518,210.9075,200.2528,210.9075,796.0,-0.0017914106945088326,13.609999656677246,0QP2.LON,0QP2.LON
2005-03-22,205.5221,208.873,199.4047,208.873,777.0,-0.009646408970757414,14.270000457763672,0QP2.LON,0QP2.LON
2005-03-23,205.9851,209.3435,197.9131,207.6643,970.0,-0.005786769951118598,14.0600004196167,0QP2.LON,0QP2.LON
2005-03-24,209.6415,210.7626,201.1518,210.7626,978.0,0.01491975269702106,13.420000076293945,0QP2.LON,0QP2.LON
2005-03-29,214.3621,214.3621,207.5928,210.9774,471.0,0.0010191561500949575,14.489999771118164,0QP2.LON,0QP2.LON
2005-03-30,205.8912,208.7039,200.3546,208.7039,1648.0,-0.010776035727049327,13.640000343322754,0QP2.LON,0QP2.LON
2005-03-31,207.2035,210.0188,200.6922,210.0188,955.0,0.006300313506359956,14.020000457763672,0QP2.LON,0QP2.LON
2005-04-01,201.0579,209.3224,200.9719,209.3224,816.0,-0.003315893624761257,14.09000015258789,0QP2.LON,0QP2.LON
2005-04-04,206.4775,208.1792,197.969,208.1792,677.0,-0.005461431743568723,14.109999656677246,0QP2.LON,0QP2.LON
2005-04-05,204.1581,207.5607,198.9952,207.5607,549.0,-0.0029709980632071087,13.680000305175781,0QP2.LON,0QP2.LON
2005-04-06,202.9643,208.7426,202.9643,208.4955,2020.0,0.004503742760551432,13.149999618530273,0QP2.LON,0QP2.LON
2005-04-07,205.1886,212.6072,205.1886,212.6072,117.0,0.019720809322023802,12.329999923706055,0QP2.LON,0QP2.LON
2005-04-08,210.1987,218.1094,208.0305,218.1094,299.0,0.025879650359912576,12.619999885559082,0QP2.LON,0QP2.LON
2005-04-11,212.368,213.4977,207.9402,212.368,114.0,-0.026323487204127805,11.979999542236328,0QP2.LON,0QP2.LON
2005-04-12,214.4265,217.8301,214.4265,217.8301,747.0,0.025719976644315468,11.300000190734863,0QP2.LON,0QP2.LON
2005-04-13,217.2709,218.9772,208.219,218.9772,743.0,0.005266030727617554,13.3100004196167,0QP2.LON,0QP2.LON
2005-04-14,208.0574,218.2529,206.5854,218.2529,494.0,-0.003307650294185893,14.529999732971191,0QP2.LON,0QP2.LON
2005-04-15,202.8703,211.366,202.8703,211.366,354.0,-0.03155467808216983,17.739999771118164,0QP2.LON,0QP2.LON
2005-04-18,203.5306,206.3574,203.5306,206.3574,214.0,-0.023696337159240355,16.559999465942383,0QP2.LON,0QP2.LON
2005-04-19,204.2711,208.8105,199.7086,208.8105,246.0,0.0118876279697262,14.960000038146973,0QP2.LON,0QP2.LON
2005-04-20,198.401,206.9712,198.3508,206.9712,65.0,-0.008808465091554196,16.920000076293945,0QP2.LON,0QP2.LON
2005-04-21,202.5448,205.9206,202.5448,205.9206,75.0,-0.005076068554465518,14.40999984741211,0QP2.LON,0QP2.LON
2005-04-22,204.6217,207.448,204.6217,207.448,79.0,0.0074174220549085845,15.380000114440918,0QP2.LON,0QP2.LON
2005-04-25,204.5615,207.9708,204.5615,207.9708,26.0,0.0025201496278584035,14.619999885559082,0QP2.LON,0QP2.LON
2005-04-26,203.8808,207.2788,203.8808,207.2788,226.0,-0.003327390191315338,14.90999984741211,0QP2.LON,0QP2.LON
2005-04-27,201.7569,204.0239,199.49,204.0239,142.0,-0.015703004841787882,14.869999885559082,0QP2.LON,0QP2.LON
2005-04-28,200.2662,203.6799,194.2111,203.6799,385.0,-0.0016860769743152204,16.860000610351562,0QP2.LON,0QP2.LON
2005-04-29,197.8066,200.0802,192.3021,200.0802,165.0,-0.017673319753201078,15.3100004196167,0QP2.LON,0QP2.LON
2005-05-03,196.9015,200.8622,193.2957,200.2964,326.0,0.0010805666927562463,14.529999732971191,0QP2.LON,0QP2.LON
2005-05-04,206.8624,206.8624,196.3374,204.7798,10238.0,0.022383827168136694,13.850000381469727,0QP2.LON,0QP2.LON
2005-05-05,202.7755,206.193,202.7755,206.193,101.0,0.006901071297071404,13.979999542236328,0QP2.LON,0QP2.LON
2005-05-06,202.9381,209.7787,200.5749,209.7787,639.0,0.017390018089847636,14.050000190734863,0QP2.LON,0QP2.LON
2005-05-09,206.6757,208.9468,206.6757,208.9468,253.0,-0.003965607566449703,13.75,0QP2.LON,0QP2.LON
2005-05-10,206.3566,206.3566,199.5216,205.7912,515.0,-0.015102408842824988,14.90999984741211,0QP2.LON,0QP2.LON
2005-05-11,201.0183,203.2769,193.4946,203.2769,557.0,-0.01221772359556672,14.449999809265137,0QP2.LON,0QP2.LON
2005-05-12,199.2914,207.3763,199.2914,207.2178,3420.0,0.019386856056935242,16.1200008392334,0QP2.LON,0QP2.LON
2005-05-13,201.6963,205.0957,201.6963,205.0957,572.0,-0.010240915597019229,16.31999969482422,0QP2.LON,0QP2.LON
2005-05-16,202.0719,205.4397,202.0719,205.4397,631.0,0.001677265783729176,15.680000305175781,0QP2.LON,0QP2.LON
2005-05-17,198.2018,206.6235,198.1066,206.6235,307.0,0.005762274769677056,14.569999694824219,0QP2.LON,0QP2.LON
2005-05-18,208.3274,212.2475,198.6979,212.2475,3050.0,0.027218588398705945,13.630000114440918,0QP2.LON,0QP2.LON
2005-05-19,206.7343,206.7343,197.1117,206.7343,3322.0,-0.025975335398532473,13.319999694824219,0QP2.LON,0QP2.LON
2005-05-20,206.1931,209.5733,205.0663,209.5733,141.0,0.01373260266922327,13.140000343322754,0QP2.LON,0QP2.LON
2005-05-23,196.9736,209.2847,196.783,209.2847,361.0,-0.0013770838174519406,12.949999809265137,0QP2.LON,0QP2.LON
2005-05-24,202.3054,203.4294,194.7163,203.4294,249.0,-0.027977678253594318,12.6899995803833,0QP2.LON,0QP2.LON
2005-05-25,199.9479,204.456,195.0117,204.4411,1061.0,0.004973224125913056,12.579999923706055,0QP2.LON,0QP2.LON
2005-05-26,202.5227,207.0232,202.5227,207.0232,73.0,0.01263004356756059,12.239999771118164,0QP2.LON,0QP2.LON
2005-05-31,199.244,208.7548,197.8383,208.7548,123.0,0.008364279945435982,13.289999961853027,0QP2.LON,0QP2.LON
2005-06-01,204.4185,208.9611,198.7765,208.9611,239.0,0.000988240749434155,12.359999656677246,0QP2.LON,0QP2.LON
2005-06-02,197.8458,208.8937,197.2686,208.8937,703.0,-0.00032254807234455285,11.84000015258789,0QP2.LON,0QP2.LON
2005-06-03,204.4021,208.3765,203.2665,208.3765,219.0,-0.002475900422080679,12.149999618530273,0QP2.LON,0QP2.LON
2005-06-06,204.2537,208.7927,195.0698,208.7927,483.0,0.0019973461498776768,12.279999732971191,0QP2.LON,0QP2.LON
2005-06-07,205.4633,208.8877,196.8881,208.8877,70.0,0.00045499675036531073,12.390000343322754,0QP2.LON,0QP2.LON
2005-06-08,203.6362,209.3563,199.4207,209.3563,209.0,0.0022433106401191782,12.699999809265137,0QP2.LON,0QP2.LON
2005-06-09,199.0284,210.3795,199.0284,210.3795,347.0,0.004887361880201446,12.079999923706055,0QP2.LON,0QP2.LON
2005-06-10,213.705,216.0029,203.8047,216.0029,570.0,0.026729790687780808,11.960000038146973,0QP2.LON,0QP2.LON
2005-06-13,211.6952,216.2973,211.6952,216.2973,203.0,0.0013629446641687526,11.649999618530273,0QP2.LON,0QP2.LON
2005-06-14,212.3577,216.9742,212.3577,216.9742,117.0,0.003129488902542832,11.789999961853027,0QP2.LON,0QP2.LON
2005-06-15,213.9268,217.3958,207.1912,217.3958,22.0,0.0019430881643993647,11.460000038146973,0QP2.LON,0QP2.LON
2005-06-16,207.4661,218.0379,207.4661,218.0379,320.0,0.002953598919574363,11.149999618530273,0QP2.LON,0QP2.LON
2005-06-17,211.8724,216.4783,211.8724,216.4783,238.0,-0.007152884888361188,11.479999542236328,0QP2.LON,0QP2.LON
2005-06-20,213.5465,217.0282,213.5465,217.0282,473.0,0.002540208418118528,11.470000267028809,0QP2.LON,0QP2.LON
2005-06-21,208.6913,218.0719,208.6368,218.0719,179.0,0.0048090524641497545,11.079999923706055,0QP2.LON,0QP2.LON
2005-06-22,210.1129,220.5934,210.1129,220.5934,105.0,0.011562700192000896,11.050000190734863,0QP2.LON,0QP2.LON
2005-06-23,216.2057,221.4449,210.7871,220.8553,1148.0,0.001187252202468514,12.130000114440918,0QP2.LON,0QP2.LON
2005-06-24,213.6518,217.1353,207.2276,217.1353,244.0,-0.016843607556621953,12.180000305175781,0QP2.LON,0QP2.LON
2005-06-27,213.165,217.7517,210.8022,217.7517,271.0,0.0028387830076455067,12.520000457763672,0QP2.LON,0QP2.LON
2005-06-28,208.4488,218.4773,208.4488,218.4773,431.0,0.003332235752924184,11.579999923706055,0QP2.LON,0QP2.LON
2005-06-29,210.3642,219.611,210.3642,219.611,49.0,0.00518909744856777,11.770000457763672,0QP2.LON,0QP2.LON
2005-06-30,208.6013,218.1491,208.6013,218.1491,412.0,-0.006656770380354282,12.039999961853027,0QP2.LON,0QP2.LON
2005-07-01,213.5389,218.0842,213.2134,218.0842,100.0,-0.0002975029463793133,11.399999618530273,0QP2.LON,0QP2.LON
2005-07-04,210.4692,219.938,209.8445,217.8739,513.0,-0.000964306446776142,,0QP2.LON,0QP2.LON
2005-07-05,208.0901,221.8616,208.0901,221.8616,54.0,0.018302788906794376,11.680000305175781,0QP2.LON,0QP2.LON
2005-07-06,212.7093,224.3916,212.7093,224.3916,110.0,0.011403505608902131,12.270000457763672,0QP2.LON,0QP2.LON
2005-07-07,217.6941,217.6941,206.6603,213.0695,3199.0,-0.050456879847552205,12.489999771118164,0QP2.LON,0QP2.LON
2005-07-08,210.7924,219.9624,210.7924,219.9624,103.0,0.032350477191714466,11.449999809265137,0QP2.LON,0QP2.LON
2005-07-11,220.4858,227.27,217.1389,227.27,701.0,0.033222041585289075,11.279999732971191,0QP2.LON,0QP2.LON
2005-07-12,221.6209,226.1438,221.1311,226.1438,640.0,-0.004955339464073671,10.949999809265137,0QP2.LON,0QP2.LON
2005-07-13,221.6806,223.9427,219.4186,223.9427,1532.0,-0.009733187467443227,10.84000015258789,0QP2.LON,0QP2.LON
2005-07-14,222.3844,226.8765,222.3844,226.8765,518.0,0.013100672627417653,10.8100004196167,0QP2.LON,0QP2.LON
2005-07-15,223.749,224.8848,220.3416,224.8848,337.0,-0.00877878493365325,10.329999923706055,0QP2.LON,0QP2.LON
2005-07-18,223.767,228.751,223.767,228.751,99.0,0.017191913370756984,10.770000457763672,0QP2.LON,0QP2.LON
2005-07-19,224.4312,227.8317,224.4312,227.8317,72.0,-0.004018780245769404,10.449999809265137,0QP2.LON,0QP2.LON
2005-07-20,220.5486,225.0037,220.5036,225.0037,148.0,-0.012412671283232313,10.229999542236328,0QP2.LON,0QP2.LON
2005-07-21,227.4719,230.6454,220.5645,230.6454,1833.0,0.025073809897348198,10.970000267028809,0QP2.LON,0QP2.LON
2005-07-22,227.3407,230.7171,225.5038,230.7171,207.0,0.0003108668111309054,10.520000457763672,0QP2.LON,0QP2.LON
2005-07-25,228.2583,229.3883,224.0468,229.3883,127.0,-0.005759434389561946,11.100000381469727,0QP2.LON,0QP2.LON
2005-07-26,226.2728,230.7983,224.7346,230.7983,355.0,0.006146782551682106,10.989999771118164,0QP2.LON,0QP2.LON
2005-07-27,226.2505,235.3005,226.2505,230.7755,232.0,-9.878755606096412e-05,10.359999656677246,0QP2.LON,0QP2.LON
2005-07-28,227.3836,230.8608,227.3836,230.8608,1.0,0.0003696232919006004,10.520000457763672,0QP2.LON,0QP2.LON
2005-07-29,226.8293,230.7889,226.2636,230.7889,57.0,-0.0003114430860501338,11.569999694824219,0QP2.LON,0QP2.LON
2005-08-01,224.8641,229.384,224.5233,229.384,63.0,-0.006087381152213189,12.079999923706055,0QP2.LON,0QP2.LON
2005-08-02,225.8619,230.3792,225.8619,230.3792,53.0,0.004338576361036628,11.75,0QP2.LON,0QP2.LON
2005-08-03,230.0341,230.7094,226.2077,230.7094,1299.0,0.0014332891163784112,11.829999923706055,0QP2.LON,0QP2.LON
2005-08-04,226.9025,229.6713,226.1203,229.6713,131.0,-0.0044995999296083555,12.520000457763672,0QP2.LON,0QP2.LON
2005-08-05,227.2489,229.0453,223.03,229.0453,246.0,-0.002725634417535039,12.479999542236328,0QP2.LON,0QP2.LON
2005-08-08,227.1996,228.6639,225.2847,228.6639,116.0,-0.0016651727845975461,13.210000038146973,0QP2.LON,0QP2.LON
2005-08-10,230.3046,232.5625,228.7929,230.3046,484.0,0.007175159699454037,12.380000114440918,0QP2.LON,0QP2.LON
2005-08-11,230.3489,231.4781,225.8323,231.4781,156.0,0.005095425796966424,12.420000076293945,0QP2.LON,0QP2.LON
2005-08-12,228.7435,232.1406,228.7154,232.1406,376.0,0.002862041808706639,12.739999771118164,0QP2.LON,0QP2.LON
2005-08-15,228.3398,232.5433,228.3398,232.5433,321.0,0.0017347245591678995,12.260000228881836,0QP2.LON,0QP2.LON
2005-08-16,232.4151,235.8329,231.2758,235.8329,177.0,0.014146182667916118,13.520000457763672,0QP2.LON,0QP2.LON
2005-08-17,226.1956,231.7464,226.1956,231.7464,194.0,-0.017327947033683566,13.300000190734863,0QP2.LON,0QP2.LON
2005-08-18,227.1155,231.11,225.9742,231.11,231.0,-0.0027461052253670015,13.420000076293945,0QP2.LON,0QP2.LON
2005-08-19,227.5312,231.533,227.5312,231.533,78.0,0.0018302972610444446,13.420000076293945,0QP2.LON,0QP2.LON
2005-08-22,225.0522,231.0821,225.0522,231.0821,13.0,-0.0019474545745098437,13.420000076293945,0QP2.LON,0QP2.LON
2005-08-23,224.5481,226.8394,221.8121,226.8394,219.0,-0.01836014126580976,13.34000015258789,0QP2.LON,0QP2.LON
2005-08-24,216.2099,221.0425,216.2099,221.0425,707.0,-0.02555508434601761,14.170000076293945,0QP2.LON,0QP2.LON
2005-08-25,218.9036,220.0378,215.5009,220.0378,369.0,-0.004545279753893405,13.729999542236328,0QP2.LON,0QP2.LON
2005-08-26,216.3924,219.7912,216.3699,219.7912,464.0,-0.0011207165314323086,13.720000267028809,0QP2.LON,0QP2.LON
2005-08-30,217.9467,221.3521,217.9467,221.3521,397.0,0.007101740197059669,13.649999618530273,0QP2.LON,0QP2.LON
2005-08-31,217.2852,224.0753,215.0218,224.0753,161.0,0.012302571333183687,12.600000381469727,0QP2.LON,0QP2.LON
2005-09-01,218.6142,219.7469,218.6142,219.7469,208.0,-0.0193167207630649,13.149999618530273,0QP2.LON,0QP2.LON
2005-09-02,215.9748,215.9748,212.5826,214.8441,961.0,-0.022311122477723266,13.569999694824219,0QP2.LON,0QP2.LON
2005-09-05,212.5904,217.1747,212.5904,217.1747,484.0,0.010847865964203729,,0QP2.LON,0QP2.LON
2005-09-06,215.8353,218.455,214.1269,217.5438,69.0,0.0016995534010177948,12.930000305175781,0QP2.LON,0QP2.LON
2005-09-07,215.451,219.4409,215.451,219.4409,759.0,0.008720542713697155,12.520000457763672,0QP2.LON,0QP2.LON
2005-09-08,216.2417,220.475,215.4473,220.2462,588.0,0.003669780792915134,12.930000305175781,0QP2.LON,0QP2.LON
2005-09-09,216.0408,219.47,214.1698,219.47,282.0,-0.003524237875613734,11.979999542236328,0QP2.LON,0QP2.LON
2005-09-12,215.2199,219.8974,215.2199,219.8974,49.0,0.0019474187816101995,11.649999618530273,0QP2.LON,0QP2.LON
2005-09-13,216.7779,220.5956,216.728,220.5956,284.0,0.0031751171228036057,12.390000343322754,0QP2.LON,0QP2.LON
2005-09-14,215.658,220.2465,215.658,220.2465,227.0,-0.0015825338311371562,12.90999984741211,0QP2.LON,0QP2.LON
2005-09-15,216.1072,219.5375,216.1072,219.5375,19.0,-0.003219120394648778,12.489999771118164,0QP2.LON,0QP2.LON
2005-09-16,217.8185,220.1113,217.8185,220.1113,175.0,0.002613676478961491,11.220000267028809,0QP2.LON,0QP2.LON
2005-09-19,220.1835,224.3199,217.9137,223.6786,157.0,0.016206800832124335,12.140000343322754,0QP2.LON,0QP2.LON
2005-09-20,218.9166,223.5254,217.8237,223.5254,251.0,-0.0006849112968339011,12.640000343322754,0QP2.LON,0QP2.LON
2005-09-21,216.3396,219.7918,214.8139,219.7918,435.0,-0.0167032471477514,13.789999961853027,0QP2.LON,0QP2.LON
2005-09-22,209.5315,215.4059,208.3865,215.2564,18011.0,-0.02063498274275921,13.329999923706055,0QP2.LON,0QP2.LON
2005-09-23,213.0937,217.1035,210.8023,217.1035,240.0,0.008580929533337889,12.960000038146973,0QP2.LON,0QP2.LON
2005-09-26,216.9115,223.3385,216.9115,223.3385,3218.0,0.02871902111205027,13.039999961853027,0QP2.LON,0QP2.LON
2005-09-27,219.0232,222.2988,216.5911,222.2988,159.0,-0.004655265437889189,12.760000228881836,0QP2.LON,0QP2.LON
2005-09-28,218.0807,221.5061,217.624,221.5061,435.0,-0.003565921183560139,12.630000114440918,0QP2.LON,0QP2.LON
2005-09-29,218.1797,222.7489,218.1797,221.6066,187.0,0.00045371210995992506,12.239999771118164,0QP2.LON,0QP2.LON
2005-09-30,217.8177,218.9581,214.3964,218.9581,519.0,-0.011951358849420446,11.920000076293945,0QP2.LON,0QP2.LON
2005-10-03,215.8538,220.6799,215.3127,220.6799,381.0,0.007863604954555292,12.460000038146973,0QP2.LON,0QP2.LON
2005-10-04,228.5805,228.5805,224.537,227.9273,18123.0,0.03284123293512464,13.199999809265137,0QP2.LON,0QP2.LON
2005-10-05,224.8433,227.126,223.8556,227.126,32.0,-0.0035155946654920056,14.550000190734863,0QP2.LON,0QP2.LON
2005-10-06,220.5334,222.7953,219.2636,222.7953,61.0,-0.019067389906923915,14.960000038146973,0QP2.LON,0QP2.LON
2005-10-07,224.3199,224.3199,218.4642,221.8425,343.0,-0.004276571363938109,14.59000015258789,0QP2.LON,0QP2.LON
2005-10-10,218.6623,224.5234,218.6623,223.1708,719.0,0.005987581279511378,15.550000190734863,0QP2.LON,0QP2.LON
2005-10-11,220.829,223.6457,218.2532,223.0824,187.0,-0.00039610916840382426,15.630000114440918,0QP2.LON,0QP2.LON
2005-10-12,217.1733,223.079,217.1733,223.079,33.0,-1.524100511740567e-05,16.219999313354492,0QP2.LON,0QP2.LON
2005-10-13,218.0826,222.626,215.2076,222.626,99.0,-0.0020306707489274878,16.469999313354492,0QP2.LON,0QP2.LON
2005-10-14,217.8608,222.3996,217.8608,222.3996,112.0,-0.0010169521978565799,14.869999885559082,0QP2.LON,0QP2.LON
2005-10-17,215.1445,219.6739,215.1445,219.6739,390.0,-0.012255867366667839,14.670000076293945,0QP2.LON,0QP2.LON
2005-10-18,218.7171,220.9954,218.4843,220.9954,43.0,0.0060157351419536376,15.329999923706055,0QP2.LON,0QP2.LON
2005-10-19,216.7945,219.0765,212.2304,219.0765,340.0,-0.008682986161702821,13.5,0QP2.LON,0QP2.LON
2005-10-20,215.1896,219.7681,212.8447,219.7681,106.0,0.0031568881189902864,16.110000610351562,0QP2.LON,0QP2.LON
2005-10-21,214.5259,219.0903,212.1333,219.0903,267.0,-0.003084160076007314,16.1299991607666,0QP2.LON,0QP2.LON
2005-10-24,211.9675,217.6656,211.9675,217.6656,243.0,-0.006502798161306056,14.739999771118164,0QP2.LON,0QP2.LON
2005-10-25,215.4219,219.6281,214.2821,218.8413,21864.0,0.0054014047235759755,14.529999732971191,0QP2.LON,0QP2.LON
2005-10-26,213.9593,218.5116,213.7221,218.5116,230.0,-0.0015065712002259035,14.59000015258789,0QP2.LON,0QP2.LON
2005-10-27,214.1962,218.1733,213.628,218.1733,51.0,-0.0015482015600085663,16.020000457763672,0QP2.LON,0QP2.LON
2005-10-28,213.7874,216.6228,213.2203,216.6228,188.0,-0.0071067357921432706,14.25,0QP2.LON,0QP2.LON
2005-10-31,214.1636,219.4147,213.6756,219.4147,99.0,0.012888301693081194,15.319999694824219,0QP2.LON,0QP2.LON
2005-11-01,215.8402,221.6947,215.8402,221.6947,74.0,0.010391281896791726,14.850000381469727,0QP2.LON,0QP2.LON
2005-11-02,222.6687,226.6313,221.2141,224.6174,1187.0,0.01318344552215267,13.479999542236328,0QP2.LON,0QP2.LON
2005-11-03,227.0821,231.6466,227.0821,231.6466,84.0,0.03129410277209166,13.0,0QP2.LON,0QP2.LON
2005-11-04,226.3381,230.9106,226.3381,230.9106,114.0,-0.003177253626860943,13.170000076293945,0QP2.LON,0QP2.LON
2005-11-07,230.1433,230.1433,226.4729,230.1433,135.0,-0.003322931039111965,13.100000381469727,0QP2.LON,0QP2.LON
2005-11-08,228.1123,234.9052,228.1123,232.6245,2434.0,0.010781108987313548,13.079999923706055,0QP2.LON,0QP2.LON
2005-11-09,229.7968,233.2266,229.7968,233.2266,221.0,0.002588291431040002,12.800000190734863,0QP2.LON,0QP2.LON
2005-11-10,231.0771,233.3649,228.7892,233.3649,572.0,0.0005929855342401424,11.899999618530273,0QP2.LON,0QP2.LON
2005-11-11,231.435,237.8383,230.9776,237.8383,1019.0,0.019169120977490683,11.630000114440918,0QP2.LON,0QP2.LON
2005-11-14,233.4152,237.9919,232.2401,237.9919,396.0,0.0006458169268783731,12.180000305175781,0QP2.LON,0QP2.LON
2005-11-15,234.8789,238.3162,233.7332,238.3162,461.0,0.0013626514179685412,12.229999542236328,0QP2.LON,0QP2.LON
2005-11-16,232.132,235.4996,228.6498,235.4996,354.0,-0.011818751725648613,12.260000228881836,0QP2.LON,0QP2.LON
2005-11-17,242.8818,247.4217,242.8818,247.4217,41.0,0.05062471443688232,11.25,0QP2.LON,0QP2.LON
2005-11-18,249.1869,259.8679,249.117,258.1758,22366.0,0.04346465972871405,11.119999885559082,0QP2.LON,0QP2.LON
2005-11-21,268.2308,268.2308,260.5064,263.5646,6852.0,0.02087259921340423,10.819999694824219,0QP2.LON,0QP2.LON
2005-11-22,257.7145,258.8448,255.4539,258.8448,1864.0,-0.017907564217652716,10.600000381469727,0QP2.LON,0QP2.LON
2005-11-23,254.74,262.5749,254.74,262.5749,94.0,0.014410565713508516,10.960000038146973,0QP2.LON,0QP2.LON
2005-11-24,258.4344,260.7013,256.1674,260.7013,10.0,-0.007135487817000019,,0QP2.LON,0QP2.LON
2005-11-25,252.7533,261.3681,252.7533,261.3681,5413.0,0.0025577164363967952,10.880000114440918,0QP2.LON,0QP2.LON
2005-11-28,257.4269,262.8262,256.3783,262.8262,525.0,0.005578722116432511,11.84000015258789,0QP2.LON,0QP2.LON
2005-11-29,257.668,264.4488,257.3611,264.4488,374.0,0.006173661529939034,11.890000343322754,0QP2.LON,0QP2.LON
2005-11-30,262.7476,266.3874,261.6101,266.1599,169.0,0.00647043964654026,12.0600004196167,0QP2.LON,0QP2.LON
2005-12-01,267.5176,274.2706,267.4138,274.2706,44.0,0.03047303519425726,11.239999771118164,0QP2.LON,0QP2.LON
2005-12-02,267.7038,274.1414,267.7038,274.1414,231.0,-0.00047106762445570105,11.010000228881836,0QP2.LON,0QP2.LON
2005-12-05,268.8922,274.589,268.8922,274.589,1494.0,0.0016327340562207748,11.600000381469727,0QP2.LON,0QP2.LON
2005-12-06,273.1795,277.1552,273.1795,277.1552,25.0,0.009345603793305512,11.520000457763672,0QP2.LON,0QP2.LON
2005-12-07,273.059,276.4723,273.059,276.4723,25.0,-0.0024639624297143614,12.180000305175781,0QP2.LON,0QP2.LON
2005-12-08,273.163,273.163,261.8638,268.6103,1767.0,-0.028436845210171202,12.210000038146973,0QP2.LON,0QP2.LON
2005-12-09,267.3345,269.6194,264.3858,269.6194,501.0,0.003756743505368254,11.6899995803833,0QP2.LON,0QP2.LON
2005-12-12,266.9184,272.0522,265.6935,272.0522,682.0,0.009023089584800026,11.470000267028809,0QP2.LON,0QP2.LON
2005-12-13,265.7146,271.5349,265.7146,271.4412,286.0,-0.002245892516215764,11.109999656677246,0QP2.LON,0QP2.LON
2005-12-14,262.756,270.372,262.756,270.372,127.0,-0.003938974628759251,10.479999542236328,0QP2.LON,0QP2.LON
2005-12-15,266.2283,268.5038,261.2,268.5038,148.0,-0.0069097391741748115,10.729999542236328,0QP2.LON,0QP2.LON
2005-12-16,265.1791,269.7512,265.1791,269.7512,95.0,0.004645744306039479,10.680000305175781,0QP2.LON,0QP2.LON
2005-12-19,267.1537,269.0184,264.4588,269.0184,165.0,-0.002716577349794913,11.380000114440918,0QP2.LON,0QP2.LON
2005-12-20,268.5804,272.4711,267.0437,272.4711,773.0,0.012834438090480127,11.1899995803833,0QP2.LON,0QP2.LON
2005-12-21,276.8432,277.9872,273.4206,277.9872,1567.0,0.02024471586160881,10.8100004196167,0QP2.LON,0QP2.LON
2005-12-22,275.6331,277.9111,271.9417,277.9111,249.0,-0.00027375361167703005,10.289999961853027,0QP2.LON,0QP2.LON
2005-12-23,275.071,279.6176,270.2368,279.6176,35.0,0.006140452828260479,10.270000457763672,0QP2.LON,0QP2.LON
2005-12-28,273.4562,280.9141,273.4562,279.1061,946.0,-0.001829283993568187,11.350000381469727,0QP2.LON,0QP2.LON
2005-12-29,283.7404,284.8186,276.9306,284.8186,1536.0,0.020467127017288256,11.609999656677246,0QP2.LON,0QP2.LON
2005-12-30,276.036,280.5612,276.036,280.5612,4452.0,-0.014947759731983812,12.069999694824219,0QP2.LON,0QP2.LON
2006-01-03,285.8916,285.8916,283.646,285.8409,1742.0,0.018818354070341936,11.140000343322754,0QP2.LON,0QP2.LON
2006-01-04,286.269,295.2853,286.269,295.2853,215.0,0.03304075798809758,11.369999885559082,0QP2.LON,0QP2.LON
2006-01-05,290.8657,291.7634,290.8657,291.7634,9.0,-0.011927109138179293,11.3100004196167,0QP2.LON,0QP2.LON
2006-01-06,286.3649,296.8959,286.3649,296.8959,6.0,0.01759130857400204,11.0,0QP2.LON,0QP2.LON
2006-01-09,290.7202,290.7202,278.3252,286.2129,1669.0,-0.03598230895071297,11.130000114440918,0QP2.LON,0QP2.LON
2006-01-10,284.5623,284.5623,275.5286,280.0455,1902.0,-0.021548294992992933,10.859999656677246,0QP2.LON,0QP2.LON
2006-01-11,276.8966,282.2088,276.4124,280.2734,189.0,0.0008137963295249406,10.9399995803833,0QP2.LON,0QP2.LON
2006-01-12,275.9928,284.2398,275.9928,284.2398,71.0,0.014151895970149209,11.199999809265137,0QP2.LON,0QP2.LON
2006-01-13,279.3911,282.7982,276.7664,282.7982,287.0,-0.005071773903584154,11.229999542236328,0QP2.LON,0QP2.LON
2006-01-16,278.1777,282.701,276.4402,282.701,475.0,-0.0003437079868259252,,0QP2.LON,0QP2.LON
2006-01-17,278.0143,281.4048,278.0143,281.4048,12.0,-0.004585056296228185,11.90999984741211,0QP2.LON,0QP2.LON
2006-01-18,267.3697,277.5384,267.3697,277.5384,66.0,-0.013739637703408025,12.25,0QP2.LON,0QP2.LON
2006-01-19,278.3277,281.1505,276.634,281.1505,88.0,0.013014775613032326,11.979999542236328,0QP2.LON,0QP2.LON
2006-01-20,278.2973,278.2973,271.1679,278.2973,623.0,-0.010148301354612643,14.5600004196167,0QP2.LON,0QP2.LON
2006-01-23,273.2833,275.5325,268.956,275.5325,289.0,-0.009934699330536034,13.930000305175781,0QP2.LON,0QP2.LON
2006-01-24,275.098,276.7857,268.4124,275.6605,169.0,0.0004645549980490937,13.3100004196167,0QP2.LON,0QP2.LON
2006-01-25,275.1254,278.5081,271.5609,278.5081,256.0,0.010330098073536131,12.869999885559082,0QP2.LON,0QP2.LON
2006-01-26,278.3135,281.7076,275.3543,281.7076,286.0,0.011487996219858632,12.420000076293945,0QP2.LON,0QP2.LON
2006-01-27,283.197,284.3298,278.6658,284.3298,588.0,0.009308233075713934,11.970000267028809,0QP2.LON,0QP2.LON
2006-01-30,277.6478,283.3373,277.6478,283.3373,51.0,-0.003490664714004499,12.390000343322754,0QP2.LON,0QP2.LON
2006-01-31,277.7897,281.2052,273.4976,281.2052,467.0,-0.007524953474180918,12.949999809265137,0QP2.LON,0QP2.LON
2006-02-01,278.7896,279.9322,274.2193,279.9322,41.0,-0.004526943313992615,12.359999656677246,0QP2.LON,0QP2.LON
2006-02-02,280.2718,282.5597,279.1278,282.5597,309.0,0.009386201373046799,13.229999542236328,0QP2.LON,0QP2.LON
2006-02-03,275.985,281.6872,275.3874,281.6872,676.0,-0.0030878430292784476,12.960000038146973,0QP2.LON,0QP2.LON
2006-02-07,283.266,290.0644,282.8986,288.9313,123.0,0.02571682348363713,13.59000015258789,0QP2.LON,0QP2.LON
2006-02-08,283.1054,289.8999,283.1054,289.8999,384.0,0.0033523540024911203,12.829999923706055,0QP2.LON,0QP2.LON
2006-02-09,295.8353,295.8353,287.6805,294.4762,221.0,0.015785793648083413,13.119999885559082,0QP2.LON,0QP2.LON
2006-02-10,292.7522,297.3087,291.6131,297.3087,21144.0,0.009618773945059056,12.869999885559082,0QP2.LON,0QP2.LON
2006-02-13,291.5773,297.2722,291.5773,297.2722,91.0,-0.00012276801856114794,13.350000381469727,0QP2.LON,0QP2.LON
2006-02-14,292.7216,298.3944,292.7216,298.3944,283.0,0.0037749914051836697,12.25,0QP2.LON,0QP2.LON
2006-02-16,310.0017,315.1988,303.8198,315.1988,7732.0,0.05631607027477714,11.479999542236328,0QP2.LON,0QP2.LON
2006-02-17,305.956,311.6641,305.2557,311.6641,250.0,-0.011214192439818915,12.010000228881836,0QP2.LON,0QP2.LON
2006-02-20,307.7079,316.8252,307.7079,316.8252,5139.0,0.016559815519336274,,0QP2.LON,0QP2.LON
2006-02-21,312.6397,318.3448,312.6397,318.3448,483.0,0.004796335645018246,12.40999984741211,0QP2.LON,0QP2.LON
2006-02-22,315.7189,318.0067,312.3146,318.0067,428.0,-0.0010620559845802013,11.880000114440918,0QP2.LON,0QP2.LON
2006-02-23,316.2044,320.7871,313.9131,320.7871,154.0,0.008743212014086454,11.869999885559082,0QP2.LON,0QP2.LON
2006-02-24,314.77,318.2164,312.4724,318.2164,798.0,-0.008013726237744545,11.460000038146973,0QP2.LON,0QP2.LON
2006-02-27,315.1446,315.8662,310.1232,315.8662,11263.0,-0.007385540154435932,11.59000015258789,0QP2.LON,0QP2.LON
2006-02-28,310.0985,315.1519,310.0985,314.6925,171.0,-0.003715813847762095,12.34000015258789,0QP2.LON,0QP2.LON
2006-03-01,309.0763,311.9488,305.6294,311.9488,114.0,-0.008718669812594837,11.539999961853027,0QP2.LON,0QP2.LON
2006-03-02,310.3785,310.3785,302.7797,309.2374,6779.0,-0.008691810963850521,11.720000267028809,0QP2.LON,0QP2.LON
2006-03-03,305.4432,308.0265,300.8843,306.5829,2985.0,-0.008584019914796848,11.960000038146973,0QP2.LON,0QP2.LON
2006-03-06,301.9709,308.3288,301.9709,308.3288,359.0,0.005694707695699908,12.739999771118164,0QP2.LON,0QP2.LON
2006-03-07,303.0018,303.0018,295.1538,301.8627,351.0,-0.020971443472033724,12.65999984741211,0QP2.LON,0QP2.LON
2006-03-08,290.7945,294.2022,286.6841,294.2022,101.0,-0.025377431527644934,12.319999694824219,0QP2.LON,0QP2.LON
2006-03-09,296.5088,298.9043,291.9471,297.6492,232.0,0.011716431760197654,12.680000305175781,0QP2.LON,0QP2.LON
2006-03-10,289.8209,297.4023,289.1545,297.4023,323.0,-0.0008294999616997867,11.850000381469727,0QP2.LON,0QP2.LON
2006-03-13,298.0702,303.1897,298.0702,303.1897,377.0,0.01945983605372259,11.369999885559082,0QP2.LON,0QP2.LON
2006-03-14,304.6539,305.7906,297.8333,305.7906,249.0,0.008578457645493698,10.739999771118164,0QP2.LON,0QP2.LON
2006-03-15,297.5023,307.0123,297.5023,304.3154,208.0,-0.004824216310115426,11.350000381469727,0QP2.LON,0QP2.LON
2006-03-16,295.0574,300.5794,294.9081,300.5794,470.0,-0.012276736570019153,11.979999542236328,0QP2.LON,0QP2.LON
2006-03-17,305.9376,321.801,305.9376,319.5348,6868.0,0.06306287124134258,12.119999885559082,0QP2.LON,0QP2.LON
2006-03-20,312.4438,321.6752,308.253,320.5426,2402.0,0.0031539600694507897,11.789999961853027,0QP2.LON,0QP2.LON
2006-03-21,311.7058,317.3939,309.4306,317.3939,138.0,-0.009823031322513831,11.619999885559082,0QP2.LON,0QP2.LON
2006-03-22,309.4932,314.0446,307.2175,314.0446,176.0,-0.010552502741861036,11.210000038146973,0QP2.LON,0QP2.LON
2006-03-23,314.058,316.3421,306.0629,316.3421,378.0,0.007315839852046535,11.170000076293945,0QP2.LON,0QP2.LON
2006-03-24,309.434,314.0013,306.3566,314.0013,101.0,-0.007399584184337171,11.1899995803833,0QP2.LON,0QP2.LON
2006-03-27,309.8526,312.1394,307.1904,312.1394,404.0,-0.005929593285123325,11.460000038146973,0QP2.LON,0QP2.LON
2006-03-28,308.2751,310.5502,301.6817,310.5502,514.0,-0.005091314970170346,11.579999923706055,0QP2.LON,0QP2.LON
2006-03-29,304.7171,308.1281,300.4821,308.1281,400.0,-0.007799383159308837,10.949999809265137,0QP2.LON,0QP2.LON
2006-03-30,304.8599,308.2599,299.6175,308.2599,297.0,0.00042774417523094854,11.569999694824219,0QP2.LON,0QP2.LON
2006-03-31,306.0178,308.2846,301.0816,308.2846,291.0,8.01271913732915e-05,11.390000343322754,0QP2.LON,0QP2.LON
2006-04-03,302.8014,305.0696,301.6674,303.9355,489.0,-0.014107418923942405,11.569999694824219,0QP2.LON,0QP2.LON
2006-04-04,300.0348,307.8121,300.0348,307.8121,296.0,0.012754679858062001,11.140000343322754,0QP2.LON,0QP2.LON
2006-04-05,299.2346,310.484,299.2346,310.484,527.0,0.008680295543937344,11.130000114440918,0QP2.LON,0QP2.LON
2006-04-06,302.6658,310.5712,302.6658,310.5712,1159.0,0.00028085183133419456,11.449999809265137,0QP2.LON,0QP2.LON
2006-04-07,304.8701,310.5369,302.0646,310.5369,91.0,-0.00011044166361839913,12.260000228881836,0QP2.LON,0QP2.LON
2006-04-10,305.4079,308.8139,302.0018,308.8139,517.0,-0.005548454950120352,12.1899995803833,0QP2.LON,0QP2.LON
2006-04-11,301.949,303.0842,297.4084,303.0842,74.0,-0.018553892813762518,13.0,0QP2.LON,0QP2.LON
2006-04-12,299.2383,300.3761,292.273,300.3761,2869.0,-0.008935140795857999,12.760000228881836,0QP2.LON,0QP2.LON
2006-04-13,301.111,301.111,294.5784,300.6606,5188.0,0.0009471459280547823,12.380000114440918,0QP2.LON,0QP2.LON
2006-04-18,290.5723,299.0896,289.8267,299.0896,183.0,-0.005225160862447509,11.399999618530273,0QP2.LON,0QP2.LON
2006-04-19,296.7883,304.7481,294.1508,304.7481,301.0,0.018919079767400815,11.319999694824219,0QP2.LON,0QP2.LON
2006-04-20,300.1279,309.2227,300.1279,309.2227,336.0,0.014682946341584957,11.640000343322754,0QP2.LON,0QP2.LON
2006-04-21,302.4182,309.2396,300.3094,309.2396,278.0,5.4653167442131334e-05,11.59000015258789,0QP2.LON,0QP2.LON
2006-04-24,301.3649,308.1626,300.6301,308.1626,160.0,-0.0034827363636481534,11.75,0QP2.LON,0QP2.LON
2006-04-25,306.3459,306.3459,297.269,297.269,221.0,-0.03535016903413979,11.75,0QP2.LON,0QP2.LON
2006-04-26,297.2549,306.2896,297.2549,306.2896,10184.0,0.03034490646518817,11.760000228881836,0QP2.LON,0QP2.LON
2006-04-27,299.8561,306.6711,299.8561,306.6711,1.0,0.0012455532280561954,11.84000015258789,0QP2.LON,0QP2.LON
2006-04-28,295.4174,305.1947,295.4174,305.1947,4203.0,-0.004814278228369107,11.59000015258789,0QP2.LON,0QP2.LON
2006-05-02,300.1111,305.7487,300.0657,305.7487,178.0,0.0018152346682296372,11.989999771118164,0QP2.LON,0QP2.LON
2006-05-03,302.9919,302.9919,296.1575,296.1575,209.0,-0.03136955283865461,11.989999771118164,0QP2.LON,0QP2.LON
2006-05-04,297.8489,301.2594,295.9961,301.2594,348.0,0.017226982264504587,11.859999656677246,0QP2.LON,0QP2.LON
2006-05-05,305.3599,310.1985,301.541,310.1985,1945.0,0.02967243511737716,11.619999885559082,0QP2.LON,0QP2.LON
2006-05-08,313.7106,318.9647,307.8004,318.9647,10309.0,0.028259969019837294,12.0,0QP2.LON,0QP2.LON
2006-05-09,312.0171,323.4046,309.7396,317.1414,542.0,-0.005716306537996263,11.989999771118164,0QP2.LON,0QP2.LON
2006-05-10,310.1377,316.3858,306.9318,316.3858,197.0,-0.002382533469297843,11.779999732971191,0QP2.LON,0QP2.LON
2006-05-11,311.6516,317.9302,311.6516,317.9302,44.0,0.004881382160640602,12.489999771118164,0QP2.LON,0QP2.LON
2006-05-12,310.3663,310.3663,300.2708,306.9556,1631.0,-0.03451889754417792,14.1899995803833,0QP2.LON,0QP2.LON
2006-05-15,306.1934,306.1934,293.5252,300.2117,5331.0,-0.021970278437663304,13.569999694824219,0QP2.LON,0QP2.LON
2006-05-16,293.3608,298.5773,291.6777,298.4683,11010.0,-0.005807235360913654,13.350000381469727,0QP2.LON,0QP2.LON
2006-05-17,294.9237,299.3864,294.9237,298.5874,105.0,0.0003990373517053225,16.260000228881836,0QP2.LON,0QP2.LON
2006-05-18,287.1723,287.1723,273.443,280.8797,15208.0,-0.0593049137371503,16.989999771118164,0QP2.LON,0QP2.LON
2006-05-19,275.7737,280.3509,274.7668,280.3509,106.0,-0.0018826565251955918,17.18000030517578,0QP2.LON,0QP2.LON
2006-05-22,270.5013,270.615,263.682,268.2282,762.0,-0.04324116669502398,17.719999313354492,0QP2.LON,0QP2.LON
2006-05-23,266.1774,278.5677,266.1774,276.415,11820.0,0.030521772132833247,18.260000228881836,0QP2.LON,0QP2.LON
2006-05-24,269.4987,274.6274,266.0873,271.773,17909.0,-0.016793589349347937,17.360000610351562,0QP2.LON,0QP2.LON
2006-05-25,266.6001,273.436,266.6001,273.436,44.0,0.006119077318202937,15.5,0QP2.LON,0QP2.LON
2006-05-26,273.4011,274.5403,273.4011,274.5403,93.0,0.0040386050117762196,14.260000228881836,0QP2.LON,0QP2.LON
2006-05-30,272.3872,277.0241,271.4495,277.0241,57.0,0.009047123500629972,18.65999984741211,0QP2.LON,0QP2.LON
2006-05-31,261.4673,270.5619,261.4673,270.5619,317.0,-0.023327212325570224,16.440000534057617,0QP2.LON,0QP2.LON
2006-06-01,270.8365,270.8365,266.2846,266.2846,147.0,-0.015808951666882787,14.520000457763672,0QP2.LON,0QP2.LON
2006-06-02,275.3054,278.7183,273.0302,278.7183,1752.0,0.04669327478945462,14.319999694824219,0QP2.LON,0QP2.LON
2006-06-05,266.937,274.2373,266.937,274.2373,213.0,-0.016077164649755615,16.649999618530273,0QP2.LON,0QP2.LON
2006-06-06,264.9383,270.5993,264.9383,270.5993,38.0,-0.013265883233243514,17.34000015258789,0QP2.LON,0QP2.LON
2006-06-07,262.0024,266.5392,260.8682,266.5392,22.0,-0.015004103853927364,17.799999237060547,0QP2.LON,0QP2.LON
2006-06-08,256.6241,259.4628,252.2074,259.4628,51.0,-0.026549190513065146,18.350000381469727,0QP2.LON,0QP2.LON
2006-06-09,258.4711,262.4389,257.4395,262.4389,287.0,0.01147023773735567,18.1200008392334,0QP2.LON,0QP2.LON
2006-06-12,268.413,268.413,256.0829,262.7263,3541.0,0.0010951120432223238,20.959999084472656,0QP2.LON,0QP2.LON
2006-06-13,245.2625,250.8121,245.1377,250.8121,267.0,-0.045348333988641354,23.809999465942383,0QP2.LON,0QP2.LON
2006-06-14,245.1527,250.8275,245.1527,250.8275,100.0,6.140054646475157e-05,21.459999084472656,0QP2.LON,0QP2.LON
2006-06-15,250.1893,258.2938,250.1893,258.2938,2025.0,0.029766672314638587,15.899999618530273,0QP2.LON,0QP2.LON
2006-06-16,263.2794,265.5589,255.3013,265.5589,108.0,0.02812727212190147,17.25,0QP2.LON,0QP2.LON
2006-06-19,260.7621,265.9915,260.7621,265.9915,27.0,0.0016290171408299692,17.829999923706055,0QP2.LON,0QP2.LON
2006-06-20,260.2269,264.7923,260.2269,264.7923,218.0,-0.004508414742576239,16.690000534057617,0QP2.LON,0QP2.LON
2006-06-21,268.7113,269.8499,267.5727,268.7113,4527.0,0.014800279313258002,15.520000457763672,0QP2.LON,0QP2.LON
2006-06-22,272.0365,272.0365,265.8745,270.4194,160.0,0.0063566362858578085,15.880000114440918,0QP2.LON,0QP2.LON
2006-06-23,266.7073,270.1121,259.3712,270.1121,57.0,-0.001136382966606675,15.890000343322754,0QP2.LON,0QP2.LON
2006-06-26,266.2745,266.2745,260.7224,266.2745,245.0,-0.014207434616960946,15.619999885559082,0QP2.LON,0QP2.LON
2006-06-27,260.1567,266.3914,260.1567,266.3914,6.0,0.00043902063472089914,16.399999618530273,0QP2.LON,0QP2.LON
2006-06-28,256.7496,262.9842,256.7496,262.9842,14076.0,-0.012790202686723373,15.789999961853027,0QP2.LON,0QP2.LON
2006-06-29,261.3494,265.8749,260.8855,265.8749,23.0,0.010991915103645056,13.029999732971191,0QP2.LON,0QP2.LON
2006-06-30,261.2238,266.2196,261.2238,266.2196,104.0,0.0012964743945367285,13.079999923706055,0QP2.LON,0QP2.LON
2006-07-03,265.9143,265.9143,264.0647,265.1932,96.0,-0.003855463684867777,13.050000190734863,0QP2.LON,0QP2.LON
2006-07-04,258.0223,265.9334,258.0223,262.4339,7751.0,-0.01040486709312305,,0QP2.LON,0QP2.LON
2006-07-05,267.0732,267.0732,258.0199,262.5466,2561.0,0.0004294414707857186,14.149999618530273,0QP2.LON,0QP2.LON
2006-07-06,262.1844,282.5263,259.9242,263.3145,4250.0,0.0029248141091904323,13.649999618530273,0QP2.LON,0QP2.LON
2006-07-07,260.054,263.446,257.9057,263.446,9118.0,0.0004994028053906252,13.970000267028809,0QP2.LON,0QP2.LON
2006-07-10,258.3094,263.9741,258.3094,263.9741,164.0,0.0020045853799259827,14.020000457763672,0QP2.LON,0QP2.LON
2006-07-11,267.1849,267.1849,260.3921,266.0528,1666.0,0.007874636185898343,13.140000343322754,0QP2.LON,0QP2.LON
2006-07-12,261.6213,266.1515,260.4887,266.1515,2667.0,0.0003709789936434671,14.489999771118164,0QP2.LON,0QP2.LON
2006-07-13,261.2713,261.2713,258.5511,260.7276,27.0,-0.020378994670328776,17.790000915527344,0QP2.LON,0QP2.LON
2006-07-14,257.7132,259.7584,254.0868,259.7584,203.0,-0.003717289615675523,18.049999237060547,0QP2.LON,0QP2.LON
2006-07-17,252.1016,255.5084,249.8304,255.5084,111.0,-0.016361357322804526,18.639999389648438,0QP2.LON,0QP2.LON
2006-07-18,251.7298,257.4509,251.7298,257.4509,20.0,0.007602489781157962,17.739999771118164,0QP2.LON,0QP2.LON
2006-07-19,252.7022,258.4454,252.7022,258.4454,142.0,0.00386287249335715,15.550000190734863,0QP2.LON,0QP2.LON
2006-07-20,256.4628,261.063,255.3127,261.063,477.0,0.010128251460463256,16.209999084472656,0QP2.LON,0QP2.LON
2006-07-21,265.6519,265.6519,255.3018,261.0518,231.0,-4.290152185482121e-05,17.399999618530273,0QP2.LON,0QP2.LON
2006-07-24,256.0583,261.8254,256.0583,261.8254,607.0,0.0029633965366260284,14.979999542236328,0QP2.LON,0QP2.LON
2006-07-25,257.0346,265.5382,255.882,259.3399,495.0,-0.00949296745082795,14.850000381469727,0QP2.LON,0QP2.LON
2006-07-26,263.0254,271.1007,260.7181,271.1007,1163.0,0.045348980237904124,14.619999885559082,0QP2.LON,0QP2.LON
2006-07-27,264.8272,276.3414,264.8272,276.3414,5581.0,0.019331193169180416,14.9399995803833,0QP2.LON,0QP2.LON
2006-07-28,270.0022,274.598,265.6514,274.598,652.0,-0.006308862877585475,14.329999923706055,0QP2.LON,0QP2.LON
2006-07-31,271.7735,279.3275,271.7735,279.3275,751.0,0.017223359237867664,14.949999809265137,0QP2.LON,0QP2.LON
2006-08-01,274.6202,275.7741,267.697,275.7741,587.0,-0.01272126804557383,15.050000190734863,0QP2.LON,0QP2.LON
2006-08-02,269.8882,275.9556,269.8882,275.655,195077.0,-0.00043187521960907915,14.34000015258789,0QP2.LON,0QP2.LON
2006-08-03,276.4893,276.4893,267.5877,269.9146,5394.0,-0.02082458145145183,14.460000038146973,0QP2.LON,0QP2.LON
2006-08-04,273.545,276.5912,268.4219,276.5912,702.0,0.024735972044491072,14.34000015258789,0QP2.LON,0QP2.LON
2006-08-07,270.8469,274.3492,268.512,274.3492,419.0,-0.008105825492640495,15.229999542236328,0QP2.LON,0QP2.LON
2006-08-08,271.2975,277.1445,271.2975,277.1445,105340.0,0.010188839624828416,15.229999542236328,0QP2.LON,0QP2.LON
2006-08-09,270.6688,276.5021,270.6688,276.5021,299.0,-0.002317924404056426,15.199999809265137,0QP2.LON,0QP2.LON
2006-08-10,269.9498,270.0515,268.8825,268.8825,1525.0,-0.027557114394429538,14.460000038146973,0QP2.LON,0QP2.LON
2006-08-11,276.3932,279.6642,272.5438,276.7982,16066.0,0.02943925320539642,14.300000190734863,0QP2.LON,0QP2.LON
2006-08-14,279.3105,286.3519,274.6162,280.484,1395.0,0.013315838036518812,14.260000228881836,0QP2.LON,0QP2.LON
2006-08-15,276.6794,285.9907,275.4137,285.9907,59739.0,0.019632848932559455,13.420000076293945,0QP2.LON,0QP2.LON
2006-08-16,284.6695,288.1696,281.4243,288.1696,115.0,0.00761877921205123,12.40999984741211,0QP2.LON,0QP2.LON
2006-08-17,283.6438,285.5282,274.3441,280.1564,1388.0,-0.027807235738953717,12.239999771118164,0QP2.LON,0QP2.LON
2006-08-18,273.4262,281.5363,273.4262,281.5363,1011.0,0.00492546306277486,11.640000343322754,0QP2.LON,0QP2.LON
2006-08-21,273.6405,280.4786,273.6405,280.4786,767.0,-0.00375688676735475,12.220000267028809,0QP2.LON,0QP2.LON
2006-08-22,278.8166,278.8166,272.4845,272.4845,56130.0,-0.028501639697288694,12.1899995803833,0QP2.LON,0QP2.LON
2006-08-23,277.6657,277.6657,268.92,274.6467,4124.0,0.007935130255115386,12.399999618530273,0QP2.LON,0QP2.LON
2006-08-24,272.0964,274.432,268.593,274.432,389.0,-0.0007817315846139206,12.399999618530273,0QP2.LON,0QP2.LON
2006-08-25,273.7126,277.2217,271.3732,277.2217,396.0,0.010165359724813472,12.3100004196167,0QP2.LON,0QP2.LON
2006-08-29,271.5873,280.3437,271.5873,278.6111,27161.0,0.005011873168659031,12.279999732971191,0QP2.LON,0QP2.LON
2006-08-30,277.1537,282.2188,276.4808,282.2188,783.0,0.012948873896265978,12.220000267028809,0QP2.LON,0QP2.LON
2006-08-31,277.9189,282.6033,276.7402,282.6033,669.0,0.0013624180954634468,12.3100004196167,0QP2.LON,0QP2.LON
2006-09-01,278.2686,283.6696,277.6588,282.9651,463.0,0.0012802398273481508,11.960000038146973,0QP2.LON,0QP2.LON
2006-09-04,280.9584,285.0164,276.3332,283.2386,632.0,0.0009665502918911884,,0QP2.LON,0QP2.LON
2006-09-05,280.4947,285.1696,279.1567,285.1696,48440.0,0.0068175735934297155,12.630000114440918,0QP2.LON,0QP2.LON
2006-09-06,276.1984,282.8399,276.082,282.8399,1499.0,-0.00816952438128049,13.739999771118164,0QP2.LON,0QP2.LON
2006-09-07,277.1557,278.3203,272.1786,278.3203,23184.0,-0.01597935793358729,13.880000114440918,0QP2.LON,0QP2.LON
2006-09-08,276.3858,276.5962,270.1908,276.0139,1093.0,-0.008286855109023605,13.15999984741211,0QP2.LON,0QP2.LON
2006-09-11,271.2372,278.605,269.0183,277.1352,4679.0,0.004062476563680306,12.989999771118164,0QP2.LON,0QP2.LON
2006-09-12,278.1851,282.0865,276.2342,282.0865,60559.0,0.017866009081487944,11.920000076293945,0QP2.LON,0QP2.LON
2006-09-13,276.9643,284.0058,276.9643,284.0058,1045.0,0.006803941344233122,11.180000305175781,0QP2.LON,0QP2.LON
2006-09-14,280.6266,284.0684,275.6451,284.0684,3210.0,0.0002204180337161965,11.550000190734863,0QP2.LON,0QP2.LON
2006-09-15,279.4497,282.4828,276.5731,282.4828,2051.0,-0.005581754253553006,11.760000228881836,0QP2.LON,0QP2.LON
2006-09-18,279.2871,285.9606,277.3632,283.2395,22495.0,0.0026787471661993134,11.779999732971191,0QP2.LON,0QP2.LON
2006-09-19,278.2212,281.758,275.8634,281.758,101668.0,-0.00523055576640985,11.979999542236328,0QP2.LON,0QP2.LON
2006-09-20,279.8606,286.8341,278.6894,286.8341,7065.0,0.0180158149901688,11.390000343322754,0QP2.LON,0QP2.LON
2006-09-21,294.4087,297.8539,287.3827,297.8539,9560.0,0.03841872357575338,12.25,0QP2.LON,0QP2.LON
2006-09-22,286.5301,292.4016,286.5301,292.4016,201.0,-0.01830528322778391,12.59000015258789,0QP2.LON,0QP2.LON
2006-09-25,287.0305,295.144,286.9128,295.144,656.0,0.009378881647706505,12.119999885559082,0QP2.LON,0QP2.LON
2006-09-26,297.7701,301.8938,294.8181,301.8938,15623.0,0.022869514542054104,11.529999732971191,0QP2.LON,0QP2.LON
2006-09-27,301.871,304.3358,296.1105,304.3358,566.0,0.00808893723554438,11.579999923706055,0QP2.LON,0QP2.LON
2006-09-28,302.7499,304.0417,297.0253,304.0417,328.0,-0.0009663667567207934,11.720000267028809,0QP2.LON,0QP2.LON
2006-09-29,306.0783,310.357,304.6183,310.357,527.0,0.02077116395547063,11.979999542236328,0QP2.LON,0QP2.LON
2006-10-05,299.8212,302.7138,299.8212,302.7138,293.0,-0.02462712295839964,11.979999542236328,0QP2.LON,0QP2.LON
2006-10-06,301.8605,307.9685,301.7662,307.9685,545.0,0.017358640405558123,11.5600004196167,0QP2.LON,0QP2.LON
2006-10-09,304.2919,309.7244,304.0097,307.0199,63.0,-0.003080185148805814,11.680000305175781,0QP2.LON,0QP2.LON
2006-10-10,307.062,310.3579,307.062,310.3579,86.0,0.010872259420317665,11.520000457763672,0QP2.LON,0QP2.LON
2006-10-11,305.986,311.6219,305.3022,309.1223,181.0,-0.003981210080362008,11.619999885559082,0QP2.LON,0QP2.LON
2006-10-12,309.6404,314.8802,309.6404,312.8484,111.0,0.01205380524148536,11.09000015258789,0QP2.LON,0QP2.LON
2006-10-13,310.3069,314.0458,310.3069,314.0458,633.0,0.0038274128939126406,10.75,0QP2.LON,0QP2.LON
2006-10-17,310.3465,310.3465,302.1496,305.3241,688.0,-0.027772063819990533,11.729999542236328,0QP2.LON,0QP2.LON
2006-10-18,305.2246,308.3159,303.7758,307.4335,180.0,0.006908724204869543,11.34000015258789,0QP2.LON,0QP2.LON
2006-10-19,304.1486,307.6516,303.8882,307.6516,635.0,0.0007094217123377877,10.899999618530273,0QP2.LON,0QP2.LON
2006-10-20,307.0504,307.2874,304.5152,307.2874,252.0,-0.0011838066176154127,10.630000114440918,0QP2.LON,0QP2.LON
2006-10-23,304.2744,308.9245,304.2744,308.9245,58.0,0.005327585836581772,11.079999923706055,0QP2.LON,0QP2.LON
2006-10-24,306.6954,309.9013,306.1967,309.9013,90.0,0.003161937625536293,10.779999732971191,0QP2.LON,0QP2.LON
2006-10-25,307.2939,308.6954,306.8664,308.6954,9.0,-0.003891238920262663,10.65999984741211,0QP2.LON,0QP2.LON
2006-10-26,307.3112,307.3112,305.5314,306.9552,294.0,-0.005637272210729516,10.5600004196167,0QP2.LON,0QP2.LON
2006-10-27,307.0325,307.6489,304.8275,307.6489,275.0,0.0022599389096520373,10.800000190734863,0QP2.LON,0QP2.LON
2006-10-30,302.8378,302.9566,299.3211,302.9566,239.0,-0.015252126693773516,11.199999809265137,0QP2.LON,0QP2.LON
2006-10-31,308.4033,308.4033,306.6952,306.6952,34.0,0.012340381427570879,11.100000381469727,0QP2.LON,0QP2.LON
2006-11-01,303.3719,309.6034,303.3719,307.4254,57.0,0.0023808654325208067,11.510000228881836,0QP2.LON,0QP2.LON
2006-11-02,304.4062,310.1762,304.4062,310.1762,61.0,0.008947861822738101,11.420000076293945,0QP2.LON,0QP2.LON
2006-11-03,311.8447,314.421,311.8447,314.421,25.0,0.013685124777465196,11.15999984741211,0QP2.LON,0QP2.LON
2006-11-06,313.6684,319.8184,313.6684,319.8184,306.0,0.017166156204579286,11.15999984741211,0QP2.LON,0QP2.LON
2006-11-07,318.9178,322.0118,317.585,320.7979,185.0,0.0030626755683851314,11.09000015258789,0QP2.LON,0QP2.LON
2006-11-08,316.4978,319.9263,315.474,319.9263,174.0,-0.0027169753916718165,10.75,0QP2.LON,0QP2.LON
2006-11-09,314.0025,319.2366,314.0025,319.2366,172.0,-0.0021558090097626437,11.010000228881836,0QP2.LON,0QP2.LON
2006-11-13,317.7116,321.0248,317.7116,321.0248,114.0,0.005601488049929104,10.859999656677246,0QP2.LON,0QP2.LON
2006-11-14,318.7419,320.5803,317.752,320.5803,135.0,-0.0013846282280994826,10.5,0QP2.LON,0QP2.LON
2006-11-15,317.5062,319.5312,316.894,319.5312,82.0,-0.0032725030203041294,10.3100004196167,0QP2.LON,0QP2.LON
2006-11-16,319.3689,325.2613,319.3453,321.7023,193.0,0.006794641650017086,10.15999984741211,0QP2.LON,0QP2.LON
2006-11-17,321.7726,322.9039,319.4394,322.9039,392.0,0.003735130274169718,10.050000190734863,0QP2.LON,0QP2.LON
2006-11-20,320.3851,326.8206,320.173,325.2648,98.0,0.0073114632557857995,9.970000267028809,0QP2.LON,0QP2.LON
2006-11-21,322.7317,325.2827,322.5902,324.2874,193.0,-0.003004936285758486,9.899999618530273,0QP2.LON,0QP2.LON
2006-11-22,320.7658,323.0463,319.4963,323.0463,139.0,-0.003827160722248313,10.140000343322754,0QP2.LON,0QP2.LON
2006-11-23,321.0605,321.74,320.3576,321.74,81.0,-0.004043692808120558,,0QP2.LON,0QP2.LON
2006-11-24,310.9652,317.6501,310.8484,315.9205,217.0,-0.018087586249766918,10.729999542236328,0QP2.LON,0QP2.LON
2006-11-27,313.6337,313.6337,309.9122,311.1527,434.0,-0.015091771505806095,12.300000190734863,0QP2.LON,0QP2.LON
2006-11-28,308.2487,311.543,305.1898,309.4488,168.0,-0.005476089392764338,11.619999885559082,0QP2.LON,0QP2.LON
2006-11-29,307.6135,311.1496,307.6135,311.1496,18.0,0.00549622425422247,10.829999923706055,0QP2.LON,0QP2.LON
2006-11-30,310.8152,310.8152,308.27,309.2127,36.0,-0.006224979881060522,10.90999984741211,0QP2.LON,0QP2.LON
2006-12-01,309.3033,310.956,307.1546,307.1546,158.0,-0.006655936188908029,11.65999984741211,0QP2.LON,0QP2.LON
2006-12-04,307.2914,312.0634,307.2914,310.2707,75.0,0.010145053989098596,11.229999542236328,0QP2.LON,0QP2.LON
2006-12-05,309.3095,314.6453,309.3095,314.6453,201.0,0.014099301029713907,11.270000457763672,0QP2.LON,0QP2.LON
2006-12-06,312.1206,316.1134,312.0267,316.1134,173.0,0.004665888859614276,11.329999923706055,0QP2.LON,0QP2.LON
2006-12-07,311.166,318.5345,311.166,318.5345,166.0,0.007658960360427569,12.670000076293945,0QP2.LON,0QP2.LON
2006-12-08,314.5164,316.8635,312.9204,316.1359,186.0,-0.007530110553173985,12.069999694824219,0QP2.LON,0QP2.LON
2006-12-11,316.3399,321.4907,314.9522,317.0925,122.0,0.0030259138554020737,10.710000038146973,0QP2.LON,0QP2.LON
2006-12-12,316.48,318.8208,315.8889,318.8208,332.0,0.005450460039263083,10.649999618530273,0QP2.LON,0QP2.LON
2006-12-13,315.9149,318.8554,315.8438,318.8554,114.0,0.00010852491430912714,10.180000305175781,0QP2.LON,0QP2.LON
2006-12-15,314.8084,318.5984,314.6416,318.5984,144.0,-0.0008060079898284389,10.050000190734863,0QP2.LON,0QP2.LON
2006-12-18,318.4819,325.4872,318.4819,325.4872,22.0,0.021622205259034466,10.600000381469727,0QP2.LON,0QP2.LON
2006-12-19,321.0161,323.0465,320.0845,323.0465,43.0,-0.0074986051678836985,10.300000190734863,0QP2.LON,0QP2.LON
2006-12-20,322.4567,327.1931,322.4567,327.1931,180.0,0.012835923001797145,10.260000228881836,0QP2.LON,0QP2.LON
2006-12-21,323.8372,329.8585,323.8372,326.7032,81.0,-0.0014972809634433704,10.529999732971191,0QP2.LON,0QP2.LON
2006-12-22,324.7129,328.7721,324.1398,325.1426,39.0,-0.004776812715639012,11.359999656677246,0QP2.LON,0QP2.LON
2006-12-27,323.1138,325.7971,323.1138,325.7971,5.0,0.002012962927650852,10.640000343322754,0QP2.LON,0QP2.LON
2006-12-28,329.0891,329.0891,327.0554,327.0554,20.0,0.0038622197680704407,10.989999771118164,0QP2.LON,0QP2.LON
2006-12-29,326.8518,326.8518,320.903,323.7221,31.0,-0.010191851288803067,11.5600004196167,0QP2.LON,0QP2.LON
2007-01-02,321.7577,325.5403,321.7577,325.5403,87.0,0.005616545796533368,,0QP2.LON,0QP2.LON
2007-01-03,327.3222,329.8548,327.3222,329.8548,32.0,0.013253351428379245,12.039999961853027,0QP2.LON,0QP2.LON
2007-01-04,326.2546,331.2091,325.2733,331.2091,138.0,0.0041057459221449655,11.510000228881836,0QP2.LON,0QP2.LON
2007-01-05,329.9133,336.9073,329.9133,336.9073,47.0,0.01720423744395916,12.140000343322754,0QP2.LON,0QP2.LON
2007-01-08,332.0173,332.841,329.5518,332.841,134.0,-0.012069492112518843,12.0,0QP2.LON,0QP2.LON
2007-01-09,335.3897,336.6523,334.4047,336.6523,141.0,0.01145081285058036,11.90999984741211,0QP2.LON,0QP2.LON
2007-01-10,331.5091,335.1256,330.992,335.1256,138.0,-0.004534945996210293,11.470000267028809,0QP2.LON,0QP2.LON
2007-01-11,334.8141,335.4206,333.3232,335.4206,91.0,0.0008802669804990337,10.869999885559082,0QP2.LON,0QP2.LON
2007-01-12,334.524,337.1994,333.8396,337.1994,196.0,0.005303192469395368,10.149999618530273,0QP2.LON,0QP2.LON
2007-01-15,335.5484,337.3751,335.4255,337.3751,68.0,0.0005210566804090266,,0QP2.LON,0QP2.LON
2007-01-16,333.8025,335.3291,332.3092,335.3047,107.0,-0.006136789585241886,10.739999771118164,0QP2.LON,0QP2.LON
2007-01-17,337.8825,339.2906,336.8733,339.2906,29.0,0.011887396746899093,10.59000015258789,0QP2.LON,0QP2.LON
2007-01-18,338.3731,338.3731,337.4484,337.4484,148.0,-0.005429563919542746,10.850000381469727,0QP2.LON,0QP2.LON
2007-01-19,332.48,338.6987,332.48,338.6987,107.0,0.0037051590702459336,10.399999618530273,0QP2.LON,0QP2.LON
2007-01-22,338.0972,338.0972,334.0277,337.6642,127.0,-0.0030543370848484797,10.770000457763672,0QP2.LON,0QP2.LON
2007-01-23,334.8902,335.8998,332.9203,335.8998,86.0,-0.005225309641946008,10.34000015258789,0QP2.LON,0QP2.LON
2007-01-24,332.655,336.788,332.4121,336.788,40.0,0.002644240931372943,9.890000343322754,0QP2.LON,0QP2.LON
2007-01-25,331.7279,333.4081,331.1757,333.4081,97.0,-0.01003569010772365,11.220000267028809,0QP2.LON,0QP2.LON
2007-01-26,329.1615,329.8248,328.3875,329.8248,10.0,-0.010747489338141514,11.130000114440918,0QP2.LON,0QP2.LON
2007-01-29,330.9067,334.4807,330.9067,334.4807,81.0,0.014116282341412933,11.449999809265137,0QP2.LON,0QP2.LON
2007-01-30,329.1303,332.7303,327.9506,332.7303,37.0,-0.005233186847552029,10.960000038146973,0QP2.LON,0QP2.LON
2007-01-31,327.5317,332.6608,327.2503,332.6608,111.0,-0.00020887788097445625,10.420000076293945,0QP2.LON,0QP2.LON
2007-02-01,332.6137,336.1032,332.6137,336.1032,35.0,0.010348078282743423,10.3100004196167,0QP2.LON,0QP2.LON
2007-02-02,334.6053,338.4813,334.6053,338.4813,321.0,0.007075505380490066,10.079999923706055,0QP2.LON,0QP2.LON
2007-02-05,332.0377,336.4291,330.863,336.4291,67.0,-0.006062964187386388,10.550000190734863,0QP2.LON,0QP2.LON
2007-02-06,335.502,337.8893,333.9337,337.8893,425.0,0.004340290420774995,10.649999618530273,0QP2.LON,0QP2.LON
2007-02-07,338.0566,341.3637,338.0566,341.3637,261.0,0.01028265766332348,10.319999694824219,0QP2.LON,0QP2.LON
2007-02-08,339.1579,342.4125,339.1579,342.4125,391.0,0.0030723829159340355,10.4399995803833,0QP2.LON,0QP2.LON
2007-02-09,342.7581,350.1358,342.2127,345.0469,560.0,0.007693644361698171,11.100000381469727,0QP2.LON,0QP2.LON
2007-02-12,341.3797,344.0242,340.965,344.0242,253.0,-0.0029639449014031705,11.609999656677246,0QP2.LON,0QP2.LON
2007-02-13,341.2412,347.4668,341.2412,345.9128,443.0,0.005489730082941735,10.34000015258789,0QP2.LON,0QP2.LON
2007-02-14,343.3459,346.195,343.3459,346.195,61.0,0.0008158125400390404,10.229999542236328,0QP2.LON,0QP2.LON
2007-02-15,351.2187,352.4721,350.0348,352.4721,258.0,0.01813168878811089,10.220000267028809,0QP2.LON,0QP2.LON
2007-02-16,347.48,352.5664,347.48,352.5664,182.0,0.0002675389059161315,10.020000457763672,0QP2.LON,0QP2.LON
2007-02-19,356.1448,361.8068,356.1448,361.8068,253.0,0.026208963758316273,,0QP2.LON,0QP2.LON
2007-02-20,359.3756,362.7104,357.0998,358.237,218.0,-0.00986659178323901,10.239999771118164,0QP2.LON,0QP2.LON
2007-02-21,357.8868,359.0959,357.1365,358.2979,234.0,0.0001699991904799969,10.199999809265137,0QP2.LON,0QP2.LON
2007-02-22,358.7578,362.5661,358.322,362.5661,47.0,0.011912433759728946,10.180000305175781,0QP2.LON,0QP2.LON
2007-02-23,362.1801,365.2527,361.6721,365.2527,143.0,0.007409959177099079,10.579999923706055,0QP2.LON,0QP2.LON
2007-02-26,363.7268,369.1381,363.7268,368.6305,226.0,0.00924784402688883,11.149999618530273,0QP2.LON,0QP2.LON
2007-02-27,354.6393,355.1194,350.1493,353.5351,636.0,-0.04094994852569167,18.309999465942383,0QP2.LON,0QP2.LON
2007-02-28,340.9398,347.7148,340.9398,347.7148,105.0,-0.016463146092141834,15.420000076293945,0QP2.LON,0QP2.LON
2007-03-01,345.9115,345.9115,337.7724,342.8953,152.0,-0.013860497166068297,15.819999694824219,0QP2.LON,0QP2.LON
2007-03-02,337.3973,338.2272,333.7893,338.2272,480.0,-0.013613776566783087,18.610000610351562,0QP2.LON,0QP2.LON
2007-03-05,331.5627,334.648,331.1389,334.648,284.0,-0.010582235846200327,19.6299991607666,0QP2.LON,0QP2.LON
2007-03-06,335.7485,338.9296,333.5349,338.9296,100.0,0.012794339126485088,15.960000038146973,0QP2.LON,0QP2.LON
2007-03-07,340.8388,340.8388,337.6572,340.7209,129.0,0.00528516836534787,15.239999771118164,0QP2.LON,0QP2.LON
2007-03-08,341.5424,344.4586,341.4942,344.4586,192.0,0.010969975719129721,14.289999961853027,0QP2.LON,0QP2.LON
2007-03-09,340.6536,346.8943,340.6536,346.8943,98.0,0.007071096497518026,14.09000015258789,0QP2.LON,0QP2.LON
2007-03-12,341.8526,343.6502,340.8381,343.6502,205.0,-0.009351840027351233,13.989999771118164,0QP2.LON,0QP2.LON
2007-03-13,340.714,342.7457,338.308,342.3444,732.0,-0.003799794092946729,18.1299991607666,0QP2.LON,0QP2.LON
2007-03-14,333.3537,333.3537,331.1939,331.1939,34.0,-0.032571001599558835,17.270000457763672,0QP2.LON,0QP2.LON
2007-03-15,332.9517,333.2809,329.5887,333.2809,354.0,0.006301444561629843,16.43000030517578,0QP2.LON,0QP2.LON
2007-03-16,330.0979,334.1772,327.3522,333.7844,581.0,0.001510737639030646,16.790000915527344,0QP2.LON,0QP2.LON
2007-03-19,337.6585,341.835,337.0691,340.4193,168.0,0.019877801359200697,14.59000015258789,0QP2.LON,0QP2.LON
2007-03-20,337.9101,341.0019,337.0807,341.0019,163.0,0.001711418829660749,13.270000457763672,0QP2.LON,0QP2.LON
2007-03-21,341.475,343.4752,341.1398,343.4037,238.0,0.007043362514989049,12.1899995803833,0QP2.LON,0QP2.LON
2007-03-22,348.2036,349.6812,347.9652,349.6812,51.0,0.01828023402193968,12.930000305175781,0QP2.LON,0QP2.LON
2007-03-23,346.0533,351.3116,346.0533,351.3116,108.0,0.004662532615422377,12.949999809265137,0QP2.LON,0QP2.LON
2007-03-26,348.6258,351.3759,346.5245,349.0334,207.0,-0.006484841377284556,13.15999984741211,0QP2.LON,0QP2.LON
2007-03-27,351.5983,351.5983,345.1585,348.095,141.0,-0.002688567913557649,13.479999542236328,0QP2.LON,0QP2.LON
2007-03-28,342.428,345.3286,340.5292,345.3286,186.0,-0.007947255777876805,14.979999542236328,0QP2.LON,0QP2.LON
2007-03-29,344.8544,347.9155,344.8544,347.9155,318.0,0.007491125843616775,15.140000343322754,0QP2.LON,0QP2.LON
2007-03-30,347.5,350.5904,347.1904,350.5904,626.0,0.0076883611106719485,14.640000343322754,0QP2.LON,0QP2.LON
2007-04-02,348.0872,348.7128,345.4707,348.7128,341.0,-0.005355537402050858,14.529999732971191,0QP2.LON,0QP2.LON
2007-04-03,347.8383,355.3101,347.3564,355.3101,728.0,0.018919007274754263,13.460000038146973,0QP2.LON,0QP2.LON
2007-04-04,351.6289,351.6289,348.9339,350.6188,473.0,-0.01320339613199839,13.239999771118164,0QP2.LON,0QP2.LON
2007-04-05,344.2631,352.4922,344.2631,352.4922,161.0,0.00534312478395349,13.229999542236328,0QP2.LON,0QP2.LON
2007-04-10,341.7753,345.1331,340.2404,343.0465,255.0,-0.02679690500952936,12.680000305175781,0QP2.LON,0QP2.LON
2007-04-11,341.1646,342.734,341.1646,342.734,226.0,-0.0009109552203564464,13.489999771118164,0QP2.LON,0QP2.LON
2007-04-12,337.5682,350.2608,337.5682,350.2608,145.0,0.02196105434535256,12.710000038146973,0QP2.LON,0QP2.LON
2007-04-13,349.2334,349.2334,345.7157,347.62,246.0,-0.007539524834066502,12.199999809265137,0QP2.LON,0QP2.LON
2007-04-16,348.693,355.0892,348.4733,352.8201,190.0,0.014959150796847176,11.979999542236328,0QP2.LON,0QP2.LON
2007-04-17,351.2827,353.8774,350.1154,353.8774,190.0,0.0029967113551636615,12.140000343322754,0QP2.LON,0QP2.LON
2007-04-18,348.1706,352.0873,348.1706,352.0873,148.0,-0.0050585315705382605,12.420000076293945,0QP2.LON,0QP2.LON
2007-04-19,347.9833,352.9503,347.5495,352.2514,651.0,0.00046607758927952325,12.539999961853027,0QP2.LON,0QP2.LON
2007-04-20,353.274,355.718,352.7387,354.7981,505.0,0.007229779640336442,12.069999694824219,0QP2.LON,0QP2.LON
2007-04-23,355.7995,355.7995,350.4896,355.5523,193.0,0.0021257160058072433,13.039999961853027,0QP2.LON,0QP2.LON
2007-04-24,350.6341,353.4055,350.6341,353.4055,17.0,-0.006037930284799153,13.119999885559082,0QP2.LON,0QP2.LON
2007-04-25,352.3294,354.404,351.7267,354.404,105.0,0.0028253663284809605,13.210000038146973,0QP2.LON,0QP2.LON
2007-04-26,352.5116,355.7971,351.3304,354.8919,12.0,0.001376677464137055,12.789999961853027,0QP2.LON,0QP2.LON
2007-04-27,351.1299,351.9247,351.1299,351.9247,23.0,-0.008360855798625,12.449999809265137,0QP2.LON,0QP2.LON
2007-04-30,352.0657,353.5366,350.9771,353.3435,415.0,0.004031544247959928,14.220000267028809,0QP2.LON,0QP2.LON
2007-05-01,351.9973,355.4445,351.9973,355.4445,23.0,0.0059460553257666415,13.510000228881836,0QP2.LON,0QP2.LON
2007-05-02,353.3577,355.3642,352.3455,355.3642,415.0,-0.0002259143129237362,13.079999923706055,0QP2.LON,0QP2.LON
2007-05-03,355.4993,356.5383,354.4609,356.5383,72.0,0.0033039343861875903,13.09000015258789,0QP2.LON,0QP2.LON
2007-05-04,357.3748,366.0622,354.8259,363.6501,90.0,0.019946805153892244,12.90999984741211,0QP2.LON,0QP2.LON
2007-05-08,355.0462,361.619,355.0462,358.6362,151.0,-0.013787704169475057,13.210000038146973,0QP2.LON,0QP2.LON
2007-05-09,362.1735,362.1735,354.7171,359.6722,260.0,0.0028887212166535114,12.880000114440918,0QP2.LON,0QP2.LON
2007-05-10,368.8271,379.9041,368.8271,379.9041,225.0,0.05625094182981072,13.600000381469727,0QP2.LON,0QP2.LON
2007-05-11,370.1986,375.7966,369.592,375.7966,320.0,-0.01081193911831968,12.949999809265137,0QP2.LON,0QP2.LON
2007-05-14,377.3648,377.3648,372.4137,376.1569,97.0,0.0009587633310146337,13.960000038146973,0QP2.LON,0QP2.LON
2007-05-15,375.8416,375.8416,370.6058,373.5914,164.0,-0.006820292276972673,14.010000228881836,0QP2.LON,0QP2.LON
2007-05-16,377.3627,386.9034,377.3627,383.6661,823.0,0.026967162520336263,13.5,0QP2.LON,0QP2.LON
2007-05-17,381.9967,384.6855,381.9967,384.6855,50.0,0.002656997842655384,13.510000228881836,0QP2.LON,0QP2.LON
2007-05-18,381.1862,385.1878,378.7922,381.3117,139.0,-0.008770281177741368,12.760000228881836,0QP2.LON,0QP2.LON
2007-05-21,384.2302,384.618,381.2254,384.618,212.0,0.008670859037370304,13.300000190734863,0QP2.LON,0QP2.LON
2007-05-22,383.9231,385.3052,383.9231,385.3052,7.0,0.001786707850386593,13.0600004196167,0QP2.LON,0QP2.LON
2007-05-23,391.4158,393.8477,383.4893,386.2419,128.0,0.002431059845545702,13.239999771118164,0QP2.LON,0QP2.LON
2007-05-24,381.0346,381.1591,380.7416,381.0082,68.0,-0.013550316524437167,14.079999923706055,0QP2.LON,0QP2.LON
2007-05-25,374.5578,377.5538,372.878,377.0667,271.0,-0.010344921710346289,13.34000015258789,0QP2.LON,0QP2.LON
2007-05-29,372.8206,376.4053,372.8206,376.4053,58.0,-0.001754066323014003,13.529999732971191,0QP2.LON,0QP2.LON
2007-05-30,369.8196,372.2382,369.8196,372.2382,4.0,-0.011070779290302202,12.829999923706055,0QP2.LON,0QP2.LON
2007-05-31,372.0461,373.5238,371.4886,373.5238,86.0,0.0034537024948002593,13.050000190734863,0QP2.LON,0QP2.LON
2007-06-01,379.3026,379.3026,373.5326,374.4791,33.0,0.002557534486423707,12.779999732971191,0QP2.LON,0QP2.LON
2007-06-04,376.5081,379.603,376.5081,379.603,12.0,0.0136827395707797,13.289999961853027,0QP2.LON,0QP2.LON
2007-06-05,379.2325,379.2325,376.5099,379.2083,47.0,-0.0010397704970719346,13.630000114440918,0QP2.LON,0QP2.LON
2007-06-06,373.8686,375.8801,366.0347,368.3383,168.0,-0.028664984389845882,14.869999885559082,0QP2.LON,0QP2.LON
2007-06-07,366.447,368.2408,365.8407,365.8407,30.0,-0.006780723047263848,17.059999465942383,0QP2.LON,0QP2.LON
2007-06-11,365.2736,370.1028,365.2736,368.5419,173.0,0.007383541525040727,14.710000038146973,0QP2.LON,0QP2.LON
2007-06-12,368.8802,372.6063,365.9648,367.6052,201.0,-0.0025416377350850894,16.670000076293945,0QP2.LON,0QP2.LON
2007-06-13,365.0309,369.4475,364.4906,369.4475,185.0,0.005011626603758534,14.729999542236328,0QP2.LON,0QP2.LON
2007-06-14,374.5401,377.4087,374.5401,377.4087,18.0,0.02154893455768425,13.640000343322754,0QP2.LON,0QP2.LON
2007-06-15,378.0756,387.2879,378.0756,387.2879,357.0,0.02617639709948394,13.9399995803833,0QP2.LON,0QP2.LON
2007-06-19,383.4055,387.5604,382.618,387.0793,146.0,-0.0005386173954827767,12.850000381469727,0QP2.LON,0QP2.LON
2007-06-20,390.7465,392.4458,390.7465,392.4458,195.0,0.01386408418120011,14.670000076293945,0QP2.LON,0QP2.LON
2007-06-21,388.2704,388.2704,384.4158,386.4906,44.0,-0.015174579521554432,14.210000038146973,0QP2.LON,0QP2.LON
2007-06-22,382.4105,387.4922,382.3394,387.4922,395.0,0.0025915248650292266,15.75,0QP2.LON,0QP2.LON
2007-06-25,380.6208,381.8486,377.847,381.5785,125.0,-0.015261468488914076,16.649999618530273,0QP2.LON,0QP2.LON
2007-06-26,373.918,375.1983,373.2426,373.2426,176.0,-0.021845832508907148,18.889999389648438,0QP2.LON,0QP2.LON
2007-06-27,368.8398,373.1427,368.8398,373.1427,89.0,-0.0002676543352768679,15.529999732971191,0QP2.LON,0QP2.LON
2007-06-28,375.4927,375.6895,375.4927,375.6895,8.0,0.006825270868222821,15.539999961853027,0QP2.LON,0QP2.LON
2007-06-29,370.9867,376.753,370.9867,376.753,57.0,0.0028307951113883956,16.229999542236328,0QP2.LON,0QP2.LON
2007-07-03,379.9042,380.3332,376.5219,380.3332,173.0,0.00950277768192942,14.920000076293945,0QP2.LON,0QP2.LON
2007-07-04,376.3228,381.4221,376.3228,381.4221,265.0,0.0028630159028979474,,0QP2.LON,0QP2.LON
2007-07-05,374.6491,379.6074,374.6491,379.6074,13.0,-0.0047577211703254685,15.479999542236328,0QP2.LON,0QP2.LON
2007-07-06,372.446,378.7098,372.446,378.7098,117.0,-0.0023645482148135777,14.720000267028809,0QP2.LON,0QP2.LON
2007-07-09,379.624,381.0771,379.624,381.0771,27.0,0.006250960497985458,15.15999984741211,0QP2.LON,0QP2.LON
2007-07-10,378.899,378.899,375.4035,375.4035,30.0,-0.01488832574825405,17.56999969482422,0QP2.LON,0QP2.LON
2007-07-11,370.671,371.1354,368.5452,371.1354,152.0,-0.011369366561579719,16.639999389648438,0QP2.LON,0QP2.LON
2007-07-12,368.4563,375.6184,368.4563,374.2955,78.0,0.008514682242653171,15.539999961853027,0QP2.LON,0QP2.LON
2007-07-13,376.1085,377.8599,374.9584,377.8599,47.0,0.009522957128792475,15.149999618530273,0QP2.LON,0QP2.LON
2007-07-16,380.4217,381.9316,377.9621,381.9316,401.0,0.010775686967577247,15.59000015258789,0QP2.LON,0QP2.LON
2007-07-17,377.346,379.054,377.346,379.054,1.0,-0.007534333372781976,15.630000114440918,0QP2.LON,0QP2.LON
2007-07-18,374.0842,374.0842,371.0504,372.3511,228.0,-0.01768323246819714,16.0,0QP2.LON,0QP2.LON
2007-07-19,372.5446,374.7597,372.5446,374.7597,106.0,0.006468625982305465,15.229999542236328,0QP2.LON,0QP2.LON
2007-07-20,370.1998,370.1998,370.1115,370.1115,56.0,-0.012403147937198211,16.950000762939453,0QP2.LON,0QP2.LON
2007-07-23,370.3965,371.6589,367.9008,371.6589,166.0,0.004180902241621931,16.809999465942383,0QP2.LON,0QP2.LON
2007-07-24,369.2404,369.2404,361.2215,367.043,50.0,-0.012419721416600082,18.549999237060547,0QP2.LON,0QP2.LON
2007-07-26,346.0319,346.9347,343.5832,346.9347,72.0,-0.054784589271556716,20.739999771118164,0QP2.LON,0QP2.LON
2007-07-27,339.123,344.9509,339.123,344.9509,34.0,-0.005718078935315618,24.170000076293945,0QP2.LON,0QP2.LON
2007-07-30,340.5111,345.3645,340.5111,345.3645,182.0,0.0011990112215971571,20.8700008392334,0QP2.LON,0QP2.LON
2007-07-31,350.7392,352.0353,350.7392,352.0353,46.0,0.019315245197465192,23.520000457763672,0QP2.LON,0QP2.LON
2007-08-02,349.3066,349.3066,342.9333,346.0096,107.0,-0.01711674937144092,21.219999313354492,0QP2.LON,0QP2.LON
2007-08-03,340.5275,340.5275,335.0944,337.5429,235.0,-0.024469552289878682,25.15999984741211,0QP2.LON,0QP2.LON
2007-08-06,333.6372,337.3341,333.6372,337.3341,11.0,-0.0006185880372538977,22.940000534057617,0QP2.LON,0QP2.LON
2007-08-07,339.6286,340.9182,337.4843,340.9182,11.0,0.010624778224318288,21.559999465942383,0QP2.LON,0QP2.LON
2007-08-08,346.1134,350.6032,346.1134,350.6032,79.0,0.028408574256229224,21.450000762939453,0QP2.LON,0QP2.LON
2007-08-09,338.361,339.0886,335.9543,339.0886,61.0,-0.03284225586075662,26.479999542236328,0QP2.LON,0QP2.LON
2007-08-10,329.155,333.1273,325.7744,333.1273,445.0,-0.017580361002994427,28.299999237060547,0QP2.LON,0QP2.LON
2007-08-13,332.9615,338.2604,332.9615,338.2604,122.0,0.015408824194234505,26.56999969482422,0QP2.LON,0QP2.LON
2007-08-14,331.0482,331.0482,327.9062,327.9062,34.0,-0.030610145319996063,27.68000030517578,0QP2.LON,0QP2.LON
2007-08-15,322.2001,328.6004,322.2001,324.2972,69.0,-0.011006196284181424,30.670000076293945,0QP2.LON,0QP2.LON
2007-08-17,332.0923,334.5896,324.2775,334.5896,67.0,0.031737554317459615,29.989999771118164,0QP2.LON,0QP2.LON
2007-08-20,331.8997,337.3372,331.8997,337.3372,58.0,0.008211851175290441,26.329999923706055,0QP2.LON,0QP2.LON
2007-08-21,335.8628,336.0298,335.8628,336.0298,190.0,-0.003875647275189298,25.25,0QP2.LON,0QP2.LON
2007-08-22,341.9106,345.373,341.9106,345.373,19.0,0.027804676847112964,22.889999389648438,0QP2.LON,0QP2.LON
2007-08-23,345.3262,345.4594,343.849,345.4594,109.0,0.0002501643151029409,22.6200008392334,0QP2.LON,0QP2.LON
2007-08-24,342.1882,344.2628,342.1882,344.2628,122.0,-0.0034637934298501483,20.719999313354492,0QP2.LON,0QP2.LON
2007-08-28,348.0004,348.0004,336.7894,337.9105,37.0,-0.018451891984844204,26.299999237060547,0QP2.LON,0QP2.LON
2007-08-30,342.1538,342.1538,340.7706,340.7706,18.0,0.008464075546631422,25.059999465942383,0QP2.LON,0QP2.LON
2007-08-31,339.624,347.0696,339.624,347.0696,4.0,0.018484575840756134,23.3799991607666,0QP2.LON,0QP2.LON
2007-09-04,345.2954,354.3526,345.2954,354.3526,1.0,0.020984263675067005,22.780000686645508,0QP2.LON,0QP2.LON
2007-09-05,349.5242,350.2304,349.5242,350.2304,51.0,-0.011633045729028124,24.579999923706055,0QP2.LON,0QP2.LON
2007-09-07,338.4184,340.8391,336.636,340.8391,15.0,-0.026814634023774042,26.229999542236328,0QP2.LON,0QP2.LON
2007-09-10,336.7931,338.3575,334.6512,338.3575,253.0,-0.007280854808030979,27.3799991607666,0QP2.LON,0QP2.LON
2007-09-11,338.232,342.3591,336.9325,342.3591,64.0,0.011826544409389461,25.270000457763672,0QP2.LON,0QP2.LON
2007-09-12,340.3458,344.6152,339.961,344.6152,104.0,0.006589864268249368,24.959999084472656,0QP2.LON,0QP2.LON
2007-09-13,346.1008,347.3896,346.1008,347.3896,30.0,0.008050718598599182,24.760000228881836,0QP2.LON,0QP2.LON
2007-09-14,342.8463,346.2568,341.6496,346.2568,35.0,-0.0032608920934880103,24.920000076293945,0QP2.LON,0QP2.LON
2007-09-17,338.6053,338.6053,336.3,338.0468,100.0,-0.023710725681055145,26.479999542236328,0QP2.LON,0QP2.LON
2007-09-18,337.0223,341.1781,335.7874,341.1781,1511.0,0.009262918625468242,20.350000381469727,0QP2.LON,0QP2.LON
2007-09-19,346.0905,357.0206,346.0905,357.0206,407.0,0.04643469202741923,20.030000686645508,0QP2.LON,0QP2.LON
2007-09-20,347.2353,352.4821,347.2353,352.4821,190.0,-0.01271215162374384,20.450000762939453,0QP2.LON,0QP2.LON
2007-09-21,349.8433,352.5431,345.533,349.0262,117.0,-0.009804469503557733,19.0,0QP2.LON,0QP2.LON
2007-09-24,344.8681,346.0307,344.8681,346.0307,72.0,-0.008582450257315855,19.3700008392334,0QP2.LON,0QP2.LON
2007-09-25,339.007,343.4462,339.007,343.4462,16898.0,-0.007468990468186942,18.600000381469727,0QP2.LON,0QP2.LON
2007-09-26,344.9988,344.9988,343.2526,344.5151,109.0,0.0031122778473020585,17.6299991607666,0QP2.LON,0QP2.LON
2007-09-27,349.1994,350.2201,346.8255,350.2201,548.0,0.016559506390285916,17.0,0QP2.LON,0QP2.LON
2007-09-28,348.6747,348.6747,343.1292,346.8659,50.0,-0.00957740575141175,18.0,0QP2.LON,0QP2.LON
2007-10-01,349.8472,352.0877,349.8472,352.0877,7.0,0.015054232774106557,17.84000015258789,0QP2.LON,0QP2.LON
2007-10-02,357.9079,362.2258,355.605,357.9079,10811.0,0.01653054054430192,18.489999771118164,0QP2.LON,0QP2.LON
2007-10-03,356.0923,360.6992,356.0923,360.1593,337.0,0.006290445111717169,18.799999237060547,0QP2.LON,0QP2.LON
2007-10-04,356.6385,356.6385,355.8707,355.8707,10.0,-0.011907508705175651,18.440000534057617,0QP2.LON,0QP2.LON
2007-10-05,352.9791,356.2837,352.7868,356.2837,174.0,0.0011605338680593658,16.90999984741211,0QP2.LON,0QP2.LON
2007-10-08,354.0987,354.1953,351.9265,354.1953,56.0,-0.005861620949821789,17.459999084472656,0QP2.LON,0QP2.LON
2007-10-09,351.2517,357.8077,351.2517,357.8077,4594.0,0.010198893096548867,16.1200008392334,0QP2.LON,0QP2.LON
2007-10-10,353.0079,358.1562,353.0079,358.1562,56.0,0.0009739868650116001,16.670000076293945,0QP2.LON,0QP2.LON
2007-10-11,360.3495,363.4968,360.3495,363.4968,35.0,0.014911371072174662,18.8799991607666,0QP2.LON,0QP2.LON
2007-10-12,361.713,370.1233,361.713,362.8577,75.0,-0.0017581997970820273,17.729999542236328,0QP2.LON,0QP2.LON
2007-10-15,363.2484,364.3929,359.5616,364.3929,693.0,0.004230859645530494,19.25,0QP2.LON,0QP2.LON
2007-10-16,357.668,363.0303,354.6862,358.1128,5072.0,-0.017234419221669794,20.020000457763672,0QP2.LON,0QP2.LON
2007-10-17,359.5486,362.0533,359.5486,362.0533,57.0,0.011003516210534636,18.540000915527344,0QP2.LON,0QP2.LON
2007-10-18,358.0903,358.9286,355.216,358.9286,73.0,-0.008630497222370193,18.5,0QP2.LON,0QP2.LON
2007-10-19,354.5477,354.5477,353.1683,353.1683,64.0,-0.016048595737425342,22.959999084472656,0QP2.LON,0QP2.LON
2007-10-29,352.0361,352.0361,351.8512,351.8512,354.0,-0.003729383412950704,19.8700008392334,0QP2.LON,0QP2.LON
2007-11-02,339.3229,339.3229,336.5412,336.5412,3793.0,-0.04351271219197206,23.010000228881836,0QP2.LON,0QP2.LON
2007-11-05,329.0859,329.0859,329.0859,329.0859,10113.0,-0.022152711168796024,24.309999465942383,0QP2.LON,0QP2.LON
2007-11-12,315.2526,315.2526,305.271,305.271,10006.0,-0.07236681972700731,31.09000015258789,0QP2.LON,0QP2.LON
2007-11-13,303.4998,321.3152,303.4998,303.4998,553.0,-0.005802057843686481,24.100000381469727,0QP2.LON,0QP2.LON
2007-11-14,314.2419,324.9482,314.0922,314.0922,18038.0,0.034900846722139445,25.940000534057617,0QP2.LON,0QP2.LON
2007-11-16,313.5168,314.0143,312.7702,312.7702,1204.0,-0.004208955204872966,25.489999771118164,0QP2.LON,0QP2.LON
2007-11-19,305.8018,305.8018,305.8018,305.8018,150.0,-0.022279616152689696,26.010000228881836,0QP2.LON,0QP2.LON
2007-11-20,305.8004,305.8004,305.8004,305.8004,6875.0,-4.578128709464835e-06,24.8799991607666,0QP2.LON,0QP2.LON
2007-11-21,297.8465,297.8465,297.8465,297.8465,9829.0,-0.026010103322297917,26.84000015258789,0QP2.LON,0QP2.LON
2007-11-22,299.3886,302.9783,299.3884,299.3884,2080.0,0.005176827661228067,,0QP2.LON,0QP2.LON
2007-11-23,307.6608,307.6608,307.6608,307.6608,1800.0,0.027630997059338247,25.610000610351562,0QP2.LON,0QP2.LON
2007-11-26,311.8182,313.3746,311.8182,311.8182,996.0,0.013512933724413312,28.90999984741211,0QP2.LON,0QP2.LON
2007-11-27,313.2841,313.7845,313.2841,313.2841,54.0,0.004701136752120361,26.280000686645508,0QP2.LON,0QP2.LON
2007-11-29,325.0861,325.9619,324.1262,324.1262,4062.0,0.034607884664430655,23.969999313354492,0QP2.LON,0QP2.LON
2007-11-30,331.1035,331.1035,331.1035,331.1035,1.0,0.021526491841757922,22.8700008392334,0QP2.LON,0QP2.LON
2007-12-03,328.7187,329.9667,328.7187,328.7187,586.0,-0.00720258167008192,23.610000610351562,0QP2.LON,0QP2.LON
2007-12-04,327.6675,327.6675,322.6958,322.6958,108.0,-0.018322352820207666,23.790000915527344,0QP2.LON,0QP2.LON
2007-12-05,326.2919,331.0389,326.2919,326.2919,4989.0,0.011143931839211918,22.530000686645508,0QP2.LON,0QP2.LON
2007-12-06,334.3362,334.3362,334.3362,334.3362,1.0,0.024653691985611736,20.959999084472656,0QP2.LON,0QP2.LON
2007-12-07,339.4368,341.4423,339.4368,339.4368,384.0,0.015255901095962754,20.850000381469727,0QP2.LON,0QP2.LON
2007-12-10,339.3795,339.3795,339.3795,339.3795,58.0,-0.00016880903897276145,20.739999771118164,0QP2.LON,0QP2.LON
2007-12-17,329.4998,330.7498,329.4998,329.4998,17324.0,-0.02911106887717152,24.520000457763672,0QP2.LON,0QP2.LON
2007-12-18,332.3243,332.3244,332.2591,332.2591,15490.0,0.00837420842137071,22.639999389648438,0QP2.LON,0QP2.LON
2007-12-19,329.9998,329.9999,327.2499,327.2499,5274.0,-0.015076186024701732,21.68000030517578,0QP2.LON,0QP2.LON
2007-12-20,327.7499,329.9999,327.7499,327.7499,641.0,0.001527884347711117,20.579999923706055,0QP2.LON,0QP2.LON
2007-12-21,333.0001,333.0001,333.0001,333.0001,1566.0,0.016018921744903603,18.469999313354492,0QP2.LON,0QP2.LON
2007-12-27,333.9998,334.4999,333.9998,333.9998,421.0,0.0030021012005703174,20.260000228881836,0QP2.LON,0QP2.LON
2007-12-28,333.2502,333.2502,333.2502,333.2502,13.0,-0.002244312721145336,20.739999771118164,0QP2.LON,0QP2.LON
2008-01-03,330.1284,330.1286,322.875,322.875,2895.0,-0.031133364661146468,22.489999771118164,0QP2.LON,0QP2.LON
2008-01-07,317.0001,317.5,317.0,317.0,216.0,-0.018195896244676768,23.790000915527344,0QP2.LON,0QP2.LON
2008-01-08,313.75,317.375,313.25,316.75,2521.0,-0.0007886435331230235,25.43000030517578,0QP2.LON,0QP2.LON
2008-01-09,317.7502,318.25,317.25,317.2501,107.0,0.0015788476716651623,24.1200008392334,0QP2.LON,0QP2.LON
2008-01-10,320.1248,321.7014,319.9666,319.9666,28200.0,0.008562645055115947,23.450000762939453,0QP2.LON,0QP2.LON
2008-01-14,328.25,329.0923,328.25,328.25,2497.0,0.02588832709414035,22.899999618530273,0QP2.LON,0QP2.LON
2008-01-15,325.375,325.375,325.375,325.375,16933.0,-0.008758568164508707,23.34000015258789,0QP2.LON,0QP2.LON
2008-01-16,320.4654,321.98,318.25,318.25,23404.0,-0.021897810218978075,24.3799991607666,0QP2.LON,0QP2.LON
2008-01-17,316.25,316.25,316.25,316.25,39.0,-0.00628436763550666,28.459999084472656,0QP2.LON,0QP2.LON
2008-01-18,298.25,298.25,298.25,298.25,14.0,-0.056916996047430835,27.18000030517578,0QP2.LON,0QP2.LON
2008-01-21,283.5,285.0625,275.5,275.5,1120.0,-0.07627829002514674,,0QP2.LON,0QP2.LON
2008-01-22,283.0,283.0,283.0,283.0,1.0,0.02722323049001818,31.010000228881836,0QP2.LON,0QP2.LON
2008-01-23,290.75,292.25,276.3125,276.3125,88713.0,-0.02363074204946991,29.020000457763672,0QP2.LON,0QP2.LON
2008-01-24,294.0,309.0,294.0,294.0,1538.0,0.0640126668174621,27.780000686645508,0QP2.LON,0QP2.LON
2008-01-25,306.75,307.0,305.3125,305.3125,13461.0,0.038477891156462496,29.079999923706055,0QP2.LON,0QP2.LON
2008-01-28,299.75,300.5,298.0,298.0,17706.0,-0.023950870010235437,27.780000686645508,0QP2.LON,0QP2.LON
2008-01-29,303.125,303.5625,302.875,302.875,265.0,0.016359060402684644,27.31999969482422,0QP2.LON,0QP2.LON
2008-01-30,307.1971,307.1971,304.75,304.75,1522.0,0.006190672719768919,27.6200008392334,0QP2.LON,0QP2.LON
2008-01-31,297.75,306.0,297.75,297.75,4582.0,-0.022969647251845804,26.200000762939453,0QP2.LON,0QP2.LON
2008-02-01,310.8862,310.8862,310.8862,310.8862,829.0,0.04411821998320731,24.020000457763672,0QP2.LON,0QP2.LON
2008-02-04,312.371,312.625,310.625,310.625,1409.0,-0.0008401788178439284,25.989999771118164,0QP2.LON,0QP2.LON
2008-02-05,308.625,309.75,300.0,300.0,1307.0,-0.03420523138832998,28.239999771118164,0QP2.LON,0QP2.LON
2008-02-06,299.625,300.3599,299.625,299.625,27303.0,-0.0012499999999999734,28.969999313354492,0QP2.LON,0QP2.LON
2008-02-07,299.5,299.5,296.0,296.0,7522.0,-0.01209845640383811,27.65999984741211,0QP2.LON,0QP2.LON
2008-02-08,300.2711,300.2711,300.2711,300.2711,1746.0,0.014429391891891852,28.010000228881836,0QP2.LON,0QP2.LON
2008-02-11,293.75,293.75,287.75,287.75,702.0,-0.04169931771655677,27.600000381469727,0QP2.LON,0QP2.LON
2008-02-12,288.5,292.375,288.5,288.5,1865.0,0.0026064291920069316,26.329999923706055,0QP2.LON,0QP2.LON
2008-02-13,302.7712,302.7712,302.7712,302.7712,7000.0,0.04946689774696722,24.8799991607666,0QP2.LON,0QP2.LON
2008-02-14,323.125,323.375,319.625,319.625,487.0,0.05566513591781508,25.540000915527344,0QP2.LON,0QP2.LON
2008-02-15,310.375,310.375,306.25,306.25,1907.0,-0.041845913179507255,25.020000457763672,0QP2.LON,0QP2.LON
2008-02-18,309.75,313.0,309.75,309.75,859.0,0.011428571428571344,,0QP2.LON,0QP2.LON
2008-02-19,318.0,318.0,314.75,314.75,736.0,0.01614205004035507,25.59000015258789,0QP2.LON,0QP2.LON
2008-02-21,319.0,322.5,319.0,319.0,463.0,0.01350277998411431,25.1200008392334,0QP2.LON,0QP2.LON
2008-02-22,321.125,321.125,319.0,319.0,862.0,0.0,24.059999465942383,0QP2.LON,0QP2.LON
2008-02-25,322.75,322.75,322.75,322.75,2916.0,0.011755485893417017,23.030000686645508,0QP2.LON,0QP2.LON
2008-02-27,327.25,334.0,327.25,327.25,118.0,0.013942680092951187,22.690000534057617,0QP2.LON,0QP2.LON
2008-02-28,333.87,333.87,333.4596,333.4596,39987.0,0.018975095492742566,23.530000686645508,0QP2.LON,0QP2.LON
2008-02-29,327.25,333.0,327.25,327.25,3783.0,-0.018621746082583934,26.540000915527344,0QP2.LON,0QP2.LON
2008-03-03,319.0,322.4825,319.0,319.0,16211.0,-0.025210084033613467,26.280000686645508,0QP2.LON,0QP2.LON
2008-03-04,318.75,318.75,316.0,316.0,65.0,-0.009404388714733591,25.520000457763672,0QP2.LON,0QP2.LON
2008-03-05,317.0,322.25,317.0,317.0,62.0,0.0031645569620253333,24.600000381469727,0QP2.LON,0QP2.LON
2008-03-06,315.625,315.8377,315.625,315.625,8443.0,-0.004337539432176629,27.549999237060547,0QP2.LON,0QP2.LON
2008-03-07,302.75,302.75,302.75,302.75,2.0,-0.04079207920792083,27.489999771118164,0QP2.LON,0QP2.LON
2008-03-10,300.5,304.3413,300.5,300.5,631.0,-0.007431874483897594,29.3799991607666,0QP2.LON,0QP2.LON
2008-03-11,306.5,306.5,305.7248,305.7248,4510.0,0.017387021630615784,26.360000610351562,0QP2.LON,0QP2.LON
2008-03-12,313.875,314.0554,311.0,311.0,3785.0,0.017254733668972788,27.219999313354492,0QP2.LON,0QP2.LON
2008-03-13,305.25,305.4703,305.25,305.25,545.0,-0.018488745980707377,27.290000915527344,0QP2.LON,0QP2.LON
2008-03-14,308.25,308.25,308.25,308.25,4.0,0.00982800982800991,31.15999984741211,0QP2.LON,0QP2.LON
2008-03-17,293.25,293.25,290.5,290.5,2263.0,-0.05758313057583131,32.2400016784668,0QP2.LON,0QP2.LON
2008-03-18,295.0,304.1715,295.0,295.0,3726.0,0.015490533562822817,25.790000915527344,0QP2.LON,0QP2.LON
2008-03-19,306.4773,306.4773,303.25,303.25,7557.0,0.027966101694915313,29.84000015258789,0QP2.LON,0QP2.LON
2008-03-20,301.75,302.5,301.75,301.75,25756.0,-0.004946413849958753,26.6200008392334,0QP2.LON,0QP2.LON
2008-03-25,314.3013,317.5,314.3013,314.3013,1496.0,0.04159502899751466,25.719999313354492,0QP2.LON,0QP2.LON
2008-03-26,311.75,313.5,311.75,311.75,3226.0,-0.0081173701795062,26.079999923706055,0QP2.LON,0QP2.LON
2008-03-27,314.25,314.25,312.044,312.044,20049.0,0.0009430633520448595,25.8799991607666,0QP2.LON,0QP2.LON
2008-03-28,312.25,313.1875,312.25,312.25,137.0,0.0006601633103024973,25.709999084472656,0QP2.LON,0QP2.LON
2008-03-31,310.75,311.75,308.75,308.75,230323.0,-0.011208967173738982,25.610000610351562,0QP2.LON,0QP2.LON
2008-04-01,319.5696,327.25,311.75,311.75,391047.0,0.009716599190283448,22.68000030517578,0QP2.LON,0QP2.LON
2008-04-02,336.5,336.5,334.5193,334.5193,7204.0,0.0730370489174017,23.43000030517578,0QP2.LON,0QP2.LON
2008-04-03,329.25,330.4514,329.25,329.25,788.0,-0.015751856469865877,23.209999084472656,0QP2.LON,0QP2.LON
2008-04-04,333.3125,334.25,332.75,332.75,1317.0,0.010630220197418438,22.450000762939453,0QP2.LON,0QP2.LON
2008-04-07,335.125,335.125,333.5,333.5,45162.0,0.002253944402704766,22.420000076293945,0QP2.LON,0QP2.LON
2008-04-08,316.804,316.804,316.804,316.804,5000.0,-0.05006296851574221,22.360000610351562,0QP2.LON,0QP2.LON
2008-04-09,314.625,314.625,313.207,313.207,1963.0,-0.011354023307786454,22.809999465942383,0QP2.LON,0QP2.LON
2008-04-10,310.0,310.0,309.25,309.25,7705.0,-0.012633817251849422,21.979999542236328,0QP2.LON,0QP2.LON
2008-04-11,309.75,310.0,309.75,309.75,418.0,0.0016168148746968924,23.459999084472656,0QP2.LON,0QP2.LON
2008-04-14,306.875,306.875,303.7812,303.7812,3782.0,-0.019269733656174348,23.81999969482422,0QP2.LON,0QP2.LON
2008-04-15,308.375,308.375,307.0,307.0,748.0,0.010595784070903669,22.780000686645508,0QP2.LON,0QP2.LON
2008-04-16,309.0,309.0,308.4433,308.4433,643.0,0.004701302931596096,20.530000686645508,0QP2.LON,0QP2.LON
2008-04-17,307.25,307.75,307.0,307.0,87.0,-0.004679304105487225,20.3700008392334,0QP2.LON,0QP2.LON
2008-04-18,311.75,317.0,311.75,311.75,151.0,0.015472312703582958,20.1299991607666,0QP2.LON,0QP2.LON
2008-04-21,318.125,318.125,314.75,314.75,51936.0,0.009623095429029727,20.5,0QP2.LON,0QP2.LON
2008-04-23,307.8905,307.8905,307.5,307.5,7660.0,-0.023034154090548098,20.260000228881836,0QP2.LON,0QP2.LON
2008-04-24,304.714,306.0,304.714,304.714,915.0,-0.00906016260162601,20.059999465942383,0QP2.LON,0QP2.LON
2008-04-25,312.75,313.375,311.5312,311.5312,678.0,0.02237245417014,19.59000015258789,0QP2.LON,0QP2.LON
2008-04-28,315.7959,315.7959,315.7959,315.7959,8.0,0.013689479577005503,19.639999389648438,0QP2.LON,0QP2.LON
2008-04-29,316.25,316.25,312.8923,312.8923,5484.0,-0.009194546224317812,20.239999771118164,0QP2.LON,0QP2.LON
2008-05-02,320.7765,328.125,320.0,320.0,246791.0,0.02271612308772064,18.18000030517578,0QP2.LON,0QP2.LON
2008-05-06,320.0,320.0,320.0,320.0,2.0,0.0,18.209999084472656,0QP2.LON,0QP2.LON
2008-05-07,318.375,320.213,318.375,318.375,508.0,-0.005078125000000044,19.729999542236328,0QP2.LON,0QP2.LON
2008-05-08,317.75,317.75,316.5,316.5,381.0,-0.005889281507656108,19.399999618530273,0QP2.LON,0QP2.LON
2008-05-09,315.2,315.2,310.25,310.25,2258.0,-0.019747235387045814,19.40999984741211,0QP2.LON,0QP2.LON
2008-05-13,311.375,312.5,311.375,311.375,4293.0,0.003626107977437565,17.979999542236328,0QP2.LON,0QP2.LON
2008-05-14,314.0,314.0,314.0,314.0,44000.0,0.00843034925732633,17.65999984741211,0QP2.LON,0QP2.LON
2008-05-15,323.25,324.0,323.25,323.25,12142.0,0.02945859872611467,16.299999237060547,0QP2.LON,0QP2.LON
2008-05-16,321.4679,321.4679,321.4679,321.4679,3402.0,-0.005513070378963647,16.469999313354492,0QP2.LON,0QP2.LON
2008-05-20,318.0,318.0,318.0,318.0,18.0,-0.010787702286915724,17.579999923706055,0QP2.LON,0QP2.LON
2008-05-21,313.0232,315.1799,313.0232,313.0232,4635.0,-0.015650314465408877,18.59000015258789,0QP2.LON,0QP2.LON
2008-05-22,309.75,309.75,306.125,306.125,177.0,-0.02203734419685177,18.049999237060547,0QP2.LON,0QP2.LON
2008-05-23,310.5399,310.5399,306.0,306.0,2229.0,-0.0004083299305839283,19.549999237060547,0QP2.LON,0QP2.LON
2008-05-27,301.25,303.9979,301.25,301.25,2097.0,-0.015522875816993409,19.639999389648438,0QP2.LON,0QP2.LON
2008-05-28,300.25,300.25,300.25,300.25,64.0,-0.003319502074688785,19.06999969482422,0QP2.LON,0QP2.LON
2008-05-30,307.25,308.0,305.75,305.75,167438.0,0.01831806827643634,17.829999923706055,0QP2.LON,0QP2.LON
2008-06-02,302.0,303.1558,302.0,302.0,7233.0,-0.012264922322158589,19.829999923706055,0QP2.LON,0QP2.LON
2008-06-03,301.75,301.75,301.25,301.25,2042.0,-0.002483443708609312,20.239999771118164,0QP2.LON,0QP2.LON
2008-06-04,299.75,299.75,299.3535,299.3535,21326.0,-0.006295435684647299,20.799999237060547,0QP2.LON,0QP2.LON
2008-06-05,302.25,302.8951,302.25,302.25,4335.0,0.009675851459896023,18.6299991607666,0QP2.LON,0QP2.LON
2008-06-06,304.5,304.5,295.75,295.75,435.0,-0.021505376344086002,23.559999465942383,0QP2.LON,0QP2.LON
2008-06-09,293.75,293.75,293.75,293.75,15.0,-0.006762468300929858,23.1200008392334,0QP2.LON,0QP2.LON
2008-06-10,291.75,292.75,290.5,290.5,2869.0,-0.01106382978723408,23.18000030517578,0QP2.LON,0QP2.LON
2008-06-11,296.0,296.0,288.3945,288.3945,224.0,-0.007247848537005219,24.1200008392334,0QP2.LON,0QP2.LON
2008-06-12,284.5,285.9547,284.5,284.5,2780.0,-0.013504071679591667,23.329999923706055,0QP2.LON,0QP2.LON
2008-06-13,282.8423,282.8423,281.3567,281.3567,11030.0,-0.01104850615114239,21.219999313354492,0QP2.LON,0QP2.LON
2008-06-17,286.75,286.75,286.75,286.75,329.0,0.019168905520998925,21.1299991607666,0QP2.LON,0QP2.LON
2008-06-18,284.8617,284.8617,280.75,280.75,13361.0,-0.02092414995640801,22.239999771118164,0QP2.LON,0QP2.LON
2008-06-19,277.0,277.0,276.6933,276.6933,380.0,-0.014449510240427399,21.579999923706055,0QP2.LON,0QP2.LON
2008-06-20,272.125,273.0,272.0,272.0,349.0,-0.016962102081980346,22.8700008392334,0QP2.LON,0QP2.LON
2008-06-24,269.5,269.5,265.75,265.75,640.0,-0.022977941176470562,22.420000076293945,0QP2.LON,0QP2.LON
2008-06-25,271.25,271.25,270.228,270.228,6714.0,0.016850423330197595,21.139999389648438,0QP2.LON,0QP2.LON
2008-06-30,260.25,260.5,258.6002,258.6002,1319.0,-0.04302958982784921,23.950000762939453,0QP2.LON,0QP2.LON
2008-07-01,255.0301,258.25,255.0301,255.0301,2141.0,-0.013805480428862649,23.649999618530273,0QP2.LON,0QP2.LON
2008-07-02,254.25,257.5,253.7972,253.7972,3093.0,-0.0048343313201069105,25.920000076293945,0QP2.LON,0QP2.LON
2008-07-03,251.25,256.75,251.25,251.25,4374.0,-0.010036359739193368,24.780000686645508,0QP2.LON,0QP2.LON
2008-07-04,253.0,256.5,253.0,253.0,16197.0,0.006965174129353269,,0QP2.LON,0QP2.LON
2008-07-07,252.125,254.0903,252.125,252.125,275.0,-0.0034584980237154506,25.780000686645508,0QP2.LON,0QP2.LON
2008-07-08,246.9409,248.8,245.1,245.1,2956.0,-0.027863163113534983,23.149999618530273,0QP2.LON,0QP2.LON
2008-07-09,254.25,255.84,254.25,254.25,5233.0,0.03733170134638919,25.229999542236328,0QP2.LON,0QP2.LON
2008-07-10,251.25,254.5,251.25,251.25,56122.0,-0.01179941002949858,25.59000015258789,0QP2.LON,0QP2.LON
2008-07-11,267.625,267.7649,267.625,267.625,92.0,0.06517412935323375,27.489999771118164,0QP2.LON,0QP2.LON
2008-07-14,267.25,267.875,266.5619,266.5619,202.0,-0.003972349369453565,28.479999542236328,0QP2.LON,0QP2.LON
2008-07-15,260.373,260.75,253.875,253.875,11255.0,-0.04759457371814946,28.540000915527344,0QP2.LON,0QP2.LON
2008-07-16,258.25,258.25,254.6995,254.6995,61662.0,0.0032476612506153746,25.100000381469727,0QP2.LON,0QP2.LON
2008-07-17,265.7188,267.25,263.5,263.5,21660.0,0.034552482435183496,25.010000228881836,0QP2.LON,0QP2.LON
2008-07-18,267.5,271.4883,267.5,267.5,23478.0,0.015180265654648917,24.049999237060547,0QP2.LON,0QP2.LON
2008-07-21,272.5,272.5,269.25,269.25,126.0,0.006542056074766434,23.049999237060547,0QP2.LON,0QP2.LON
2008-07-22,269.5,273.25,269.25,269.25,91404.0,0.0,21.18000030517578,0QP2.LON,0QP2.LON
2008-07-23,283.5405,284.3494,279.5759,279.5759,63593.0,0.03835060352831943,21.309999465942383,0QP2.LON,0QP2.LON
2008-07-24,286.0,286.0512,285.8813,285.8813,3579.0,0.022553446130371135,23.440000534057617,0QP2.LON,0QP2.LON
2008-07-25,273.75,273.75,271.5,271.5,6.0,-0.05030514412800002,22.90999984741211,0QP2.LON,0QP2.LON
2008-07-28,270.361,270.4688,270.361,270.361,2870.0,-0.004195211786372055,24.229999542236328,0QP2.LON,0QP2.LON
2008-07-29,267.25,269.0,266.425,266.425,155.0,-0.01455831277440156,22.030000686645508,0QP2.LON,0QP2.LON
2008-07-30,274.75,277.577,274.75,274.75,40738.0,0.031247067655062466,21.209999084472656,0QP2.LON,0QP2.LON
2008-07-31,275.375,277.0,274.3824,274.3824,90.0,-0.001337943585077328,22.940000534057617,0QP2.LON,0QP2.LON
2008-08-04,274.375,274.75,273.5,273.5,3002.0,-0.0032159497110602064,23.489999771118164,0QP2.LON,0QP2.LON
2008-08-05,273.25,279.125,273.25,273.25,1913.0,-0.000914076782449702,21.139999389648438,0QP2.LON,0QP2.LON
2008-08-06,281.9911,284.0,281.9911,281.9911,1542.0,0.03198938700823417,20.229999542236328,0QP2.LON,0QP2.LON
2008-08-07,282.125,284.2724,282.125,282.125,27195.0,0.00047483768104727986,21.149999618530273,0QP2.LON,0QP2.LON
2008-08-08,283.25,283.25,283.25,283.25,6.0,0.003987594151528606,20.65999984741211,0QP2.LON,0QP2.LON
2008-08-11,284.5,289.0,284.5,284.5,12452.0,0.0044130626654899086,20.1200008392334,0QP2.LON,0QP2.LON
2008-08-12,287.0,289.5,287.0,287.0,880.0,0.008787346221441172,21.170000076293945,0QP2.LON,0QP2.LON
2008-08-13,282.0,282.0,281.0,281.0,928.0,-0.020905923344947785,21.549999237060547,0QP2.LON,0QP2.LON
2008-08-14,283.5,283.5,283.5,283.5,3.0,0.008896797153024938,20.34000015258789,0QP2.LON,0QP2.LON
2008-08-15,285.5933,285.5933,285.5933,285.5933,18.0,0.007383774250441011,19.579999923706055,0QP2.LON,0QP2.LON
2008-08-18,282.5,283.5,281.5,281.5,411.0,-0.014332619147577996,20.979999542236328,0QP2.LON,0QP2.LON
2008-08-19,276.9269,276.9269,275.75,275.75,1139.0,-0.02042628774422739,21.280000686645508,0QP2.LON,0QP2.LON
2008-08-20,275.5,276.3961,274.0,274.0,102386.0,-0.006346328195829587,20.420000076293945,0QP2.LON,0QP2.LON
2008-08-21,274.5,274.5,274.0481,274.0481,19760.0,0.00017554744525538624,19.81999969482422,0QP2.LON,0QP2.LON
2008-08-22,275.75,281.0,275.75,275.75,1125.0,0.0062102236797116905,18.809999465942383,0QP2.LON,0QP2.LON
2008-08-26,278.5,279.768,277.625,277.625,2056.0,0.006799637352674415,20.489999771118164,0QP2.LON,0QP2.LON
2008-08-27,277.0557,279.5,277.0557,277.0557,3244.0,-0.002050607834308882,19.760000228881836,0QP2.LON,0QP2.LON
2008-08-28,279.25,283.75,279.25,279.25,904.0,0.00792006805851675,19.43000030517578,0QP2.LON,0QP2.LON
2008-08-29,288.4531,288.592,288.3716,288.3716,2504.0,0.032664637421665255,20.649999618530273,0QP2.LON,0QP2.LON
2008-09-01,286.25,286.25,285.25,285.25,15.0,-0.010824921732930703,,0QP2.LON,0QP2.LON
2008-09-02,292.25,292.625,292.25,292.25,2859.0,0.024539877300613577,21.989999771118164,0QP2.LON,0QP2.LON
2008-09-03,290.2908,291.25,290.2908,290.2908,200148.0,-0.00670384944396929,21.43000030517578,0QP2.LON,0QP2.LON
2008-09-08,292.875,292.875,291.0837,291.0837,2193.0,0.002731398997143586,22.639999389648438,0QP2.LON,0QP2.LON
2008-09-09,294.4422,294.8363,292.0234,292.0234,3806.0,0.00322828107516826,25.469999313354492,0QP2.LON,0QP2.LON
2008-09-10,288.75,288.75,288.75,288.75,45.0,-0.011209375687016743,24.520000457763672,0QP2.LON,0QP2.LON
2008-09-11,284.7918,284.7918,283.5,283.5,1817.0,-0.018181818181818188,24.389999389648438,0QP2.LON,0QP2.LON
2008-09-12,285.5,285.75,282.9688,282.9688,10154.0,-0.0018737213403881015,25.65999984741211,0QP2.LON,0QP2.LON
2008-09-15,270.0,270.0,270.0,270.0,427.0,-0.045831201178363035,31.700000762939453,0QP2.LON,0QP2.LON
2008-09-16,264.1421,265.5312,260.5,260.5,9812.0,-0.03518518518518521,30.299999237060547,0QP2.LON,0QP2.LON
2008-09-17,272.0312,282.5,272.0312,272.0312,1768.0,0.04426564299424185,36.220001220703125,0QP2.LON,0QP2.LON
2008-09-18,277.375,277.375,274.75,274.75,2733.0,0.0099944418140272,33.099998474121094,0QP2.LON,0QP2.LON
2008-09-19,291.375,298.375,286.375,286.375,5767.0,0.0423111919927206,32.06999969482422,0QP2.LON,0QP2.LON
2008-09-22,295.0,300.25,295.0,295.0,417.0,0.030117852466172046,33.849998474121094,0QP2.LON,0QP2.LON
2008-09-23,291.358,291.358,291.358,291.358,560.0,-0.012345762711864383,35.720001220703125,0QP2.LON,0QP2.LON
2008-09-24,293.875,299.25,293.5,293.5,52619.0,0.0073517802840492585,35.189998626708984,0QP2.LON,0QP2.LON
2008-09-25,309.625,309.625,308.5891,308.5891,2196.0,0.051410902896081634,32.81999969482422,0QP2.LON,0QP2.LON
2008-09-26,310.8652,310.8652,310.8652,310.8652,728.0,0.007375827597280837,34.7400016784668,0QP2.LON,0QP2.LON
2008-09-29,304.625,304.625,300.75,300.75,194.0,-0.0325388625037476,46.720001220703125,0QP2.LON,0QP2.LON
2008-09-30,297.5,302.5,297.5,297.5,1974.0,-0.010806317539484578,39.38999938964844,0QP2.LON,0QP2.LON
2008-10-01,309.75,309.75,301.125,301.125,7552.0,0.012184873949579789,39.810001373291016,0QP2.LON,0QP2.LON
2008-10-02,297.0,301.6604,297.0,297.0,38845.0,-0.013698630136986356,45.2599983215332,0QP2.LON,0QP2.LON
2008-10-03,288.75,293.2344,285.0,285.0,52488.0,-0.04040404040404044,45.13999938964844,0QP2.LON,0QP2.LON
2008-10-06,286.0,286.0,277.0,277.0,5966.0,-0.028070175438596467,52.04999923706055,0QP2.LON,0QP2.LON
2008-10-07,276.25,276.25,274.25,274.25,3241.0,-0.009927797833935048,53.68000030517578,0QP2.LON,0QP2.LON
2008-10-08,269.61,269.61,260.25,260.25,34633.0,-0.05104831358249773,57.529998779296875,0QP2.LON,0QP2.LON
2008-10-09,260.1305,260.1305,236.1,236.1,933.0,-0.09279538904899143,63.91999816894531,0QP2.LON,0QP2.LON
2008-10-10,219.0,219.0,204.1,204.1,2190.0,-0.13553578991952564,69.94999694824219,0QP2.LON,0QP2.LON
2008-10-13,216.0,223.4,216.0,216.0,1365.0,0.058304752572268415,54.9900016784668,0QP2.LON,0QP2.LON
2008-10-15,250.25,250.25,233.0,233.0,1537.0,0.07870370370370372,69.25,0QP2.LON,0QP2.LON
2008-10-16,221.0,221.0,218.779,218.779,3144.0,-0.06103433476394848,67.61000061035156,0QP2.LON,0QP2.LON
2008-10-17,207.35,217.05,202.65,202.65,20211.0,-0.07372279789193659,70.33000183105469,0QP2.LON,0QP2.LON
2008-10-20,213.9,213.9,208.1,208.1,169.0,0.02689365901801133,52.970001220703125,0QP2.LON,0QP2.LON
2008-10-21,216.5,216.6,214.8,214.8,283.0,0.03219605958673721,53.11000061035156,0QP2.LON,0QP2.LON
2008-10-22,210.5,210.5,201.5,201.5,57847.0,-0.06191806331471139,69.6500015258789,0QP2.LON,0QP2.LON
2008-10-23,200.6,201.15,193.7,193.7,7427.0,-0.03870967741935494,67.80000305175781,0QP2.LON,0QP2.LON
2008-10-24,180.8451,192.0,180.8451,180.8451,1333.0,-0.06636499741868862,79.12999725341797,0QP2.LON,0QP2.LON
2008-10-27,173.9125,179.3519,173.9125,173.9125,26730.0,-0.03833446413532915,80.05999755859375,0QP2.LON,0QP2.LON
2008-10-28,179.5593,182.0737,175.8,175.8,13132.0,0.010853158916121819,66.95999908447266,0QP2.LON,0QP2.LON
2008-10-29,195.3575,197.95,185.5448,185.5448,1529.0,0.05543117178612067,69.95999908447266,0QP2.LON,0QP2.LON
2008-10-30,208.0,220.4,208.0,208.0,7190.0,0.12102306289370546,62.900001525878906,0QP2.LON,0QP2.LON
2008-10-31,215.0,233.0,215.0,215.0,29733.0,0.033653846153846256,59.88999938964844,0QP2.LON,0QP2.LON
2008-11-03,235.4,241.0,235.4,235.4,25990.0,0.09488372093023267,53.68000030517578,0QP2.LON,0QP2.LON
2008-11-04,247.7,254.25,247.7,247.7,133.0,0.052251486830926064,47.72999954223633,0QP2.LON,0QP2.LON
2008-11-05,251.75,255.625,251.0,251.0,1965.0,0.013322567622123582,54.560001373291016,0QP2.LON,0QP2.LON
2008-11-06,244.7,245.1,227.6,227.6,2490.0,-0.09322709163346621,63.68000030517578,0QP2.LON,0QP2.LON
2008-11-07,233.5,238.0,232.1,232.1,542.0,0.019771528998242527,56.099998474121094,0QP2.LON,0QP2.LON
2008-11-10,249.0,249.0,241.65,241.65,8799.0,0.041146057733735475,59.97999954223633,0QP2.LON,0QP2.LON
2008-11-11,229.0,229.0,229.0,229.0,14.0,-0.05234843782329823,61.439998626708984,0QP2.LON,0QP2.LON
2008-11-12,214.2,215.9,214.2,214.2,797.0,-0.06462882096069877,66.45999908447266,0QP2.LON,0QP2.LON
2008-11-13,204.5,212.9,204.5,204.5,8839.0,-0.045284780578898176,59.83000183105469,0QP2.LON,0QP2.LON
2008-11-14,227.25,227.25,227.25,227.25,2481.0,0.11124694376528121,66.30999755859375,0QP2.LON,0QP2.LON
2008-11-17,217.1,224.0,216.65,216.65,2441.0,-0.04664466446644666,69.1500015258789,0QP2.LON,0QP2.LON
2008-11-18,221.5,221.5,214.2,214.2,11.0,-0.011308562197092198,67.63999938964844,0QP2.LON,0QP2.LON
2008-11-19,214.5,214.5,205.7894,205.7894,6770.0,-0.03926517273576091,74.26000213623047,0QP2.LON,0QP2.LON
2008-11-20,187.3,193.8,187.3,187.3,10309.0,-0.08984622142831455,80.86000061035156,0QP2.LON,0QP2.LON
2008-11-21,197.5,197.5,192.1672,192.1672,13933.0,0.02598611852642807,72.66999816894531,0QP2.LON,0QP2.LON
2008-11-24,202.05,208.7,202.05,202.05,31442.0,0.051428131335628624,64.69999694824219,0QP2.LON,0QP2.LON
2008-11-25,211.075,216.15,210.825,210.825,9663.0,0.04342984409799544,60.900001525878906,0QP2.LON,0QP2.LON
2008-11-26,214.0,218.3,211.75,211.75,1049.0,0.004387525198624509,54.91999816894531,0QP2.LON,0QP2.LON
2008-11-27,216.0,216.0,216.0,216.0,25.0,0.02007083825265643,,0QP2.LON,0QP2.LON
2008-11-28,222.25,236.5,222.25,222.25,104.0,0.02893518518518512,55.279998779296875,0QP2.LON,0QP2.LON
2008-12-01,227.5375,227.8306,225.1375,225.1375,114138.0,0.012992125984251812,68.51000213623047,0QP2.LON,0QP2.LON
2008-12-02,218.4,218.4,218.3,218.3,157.0,-0.030370329243240124,62.97999954223633,0QP2.LON,0QP2.LON
2008-12-03,228.4566,228.4566,228.4566,228.4566,3755.0,0.04652588181401729,60.720001220703125,0QP2.LON,0QP2.LON
2008-12-04,226.85,239.8,226.85,226.85,54912.0,-0.007032407905921856,63.63999938964844,0QP2.LON,0QP2.LON
2008-12-05,235.1,235.2947,235.1,235.1,593.0,0.03636764381750046,59.93000030517578,0QP2.LON,0QP2.LON
2008-12-08,246.5,247.7625,244.25,244.25,5956.0,0.0389196086771586,58.4900016784668,0QP2.LON,0QP2.LON
2008-12-09,244.9519,245.0,244.3198,244.3198,1191.0,0.00028577277379726596,58.90999984741211,0QP2.LON,0QP2.LON
2008-12-10,243.0625,243.0625,242.4625,242.4625,150.0,-0.007601921743550788,55.72999954223633,0QP2.LON,0QP2.LON
2008-12-11,243.6732,243.6732,238.901,238.901,13242.0,-0.01468886941279579,55.779998779296875,0QP2.LON,0QP2.LON
2008-12-12,227.25,227.25,227.25,227.25,22.0,-0.04876915542421345,54.279998779296875,0QP2.LON,0QP2.LON
2008-12-15,239.178,239.178,233.7,233.7,12261.0,0.02838283828382826,56.7599983215332,0QP2.LON,0QP2.LON
2008-12-16,232.75,238.2439,230.05,230.05,13723.0,-0.015618314077877504,52.369998931884766,0QP2.LON,0QP2.LON
2008-12-17,235.8,237.2,235.8,235.8,1503.0,0.024994566398609086,49.84000015258789,0QP2.LON,0QP2.LON
2008-12-18,230.0,234.7,228.0,228.0,203.0,-0.0330788804071247,47.34000015258789,0QP2.LON,0QP2.LON
2008-12-19,226.4076,226.4076,225.0,225.0,2453.0,-0.013157894736842146,44.93000030517578,0QP2.LON,0QP2.LON
2008-12-22,221.9,221.9,221.3629,221.3629,7364.0,-0.016164888888888895,44.560001373291016,0QP2.LON,0QP2.LON
2008-12-23,219.6,222.0217,219.6,219.6,9125.0,-0.007963845793491187,45.02000045776367,0QP2.LON,0QP2.LON
2008-12-29,221.5,222.5,221.5,221.5,87.0,0.00865209471766848,43.900001525878906,0QP2.LON,0QP2.LON
2008-12-30,225.0,228.7875,225.0,225.0,2802.0,0.015801354401805856,41.630001068115234,0QP2.LON,0QP2.LON
2009-01-05,238.3553,238.3553,238.3048,238.3048,4762.0,0.05913244444444454,39.08000183105469,0QP2.LON,0QP2.LON
2009-01-07,242.9,242.9,242.4,242.4,9130.0,0.017184714701508286,43.38999938964844,0QP2.LON,0QP2.LON
2009-01-08,233.7,236.1,228.0,228.0,801.0,-0.05940594059405946,42.560001373291016,0QP2.LON,0QP2.LON
2009-01-09,240.0039,240.0039,237.4,237.4,1180.0,0.041228070175438614,42.81999969482422,0QP2.LON,0QP2.LON
2009-01-12,235.19,238.2,235.19,235.19,1791.0,-0.00930918281381643,45.84000015258789,0QP2.LON,0QP2.LON
2009-01-13,229.6457,229.6457,229.6457,229.6457,569.0,-0.023573706365066505,43.27000045776367,0QP2.LON,0QP2.LON
2009-01-16,226.9608,228.7693,226.9608,226.9608,5369.0,-0.01169148823600874,46.11000061035156,0QP2.LON,0QP2.LON
2009-01-19,210.0,210.0,210.0,210.0,52.0,-0.07473008554781269,,0QP2.LON,0QP2.LON
2009-01-20,211.4182,211.4182,202.0,202.0,4996.0,-0.03809523809523807,56.650001525878906,0QP2.LON,0QP2.LON
2009-01-21,200.15,202.55,196.0,196.0,1298.0,-0.02970297029702973,46.41999816894531,0QP2.LON,0QP2.LON
2009-01-22,208.65,209.3,199.5,199.5,13529.0,0.017857142857142794,47.290000915527344,0QP2.LON,0QP2.LON
2009-01-23,183.25,200.0,183.25,183.25,3560.0,-0.081453634085213,47.27000045776367,0QP2.LON,0QP2.LON
2009-01-26,202.4,202.4,201.0,201.0,201.0,0.09686221009549789,45.689998626708984,0QP2.LON,0QP2.LON
2009-01-27,200.3298,202.4344,200.3298,200.3298,13259.0,-0.0033343283582089045,42.25,0QP2.LON,0QP2.LON
2009-01-28,214.4,217.6099,214.4,214.4,1233.0,0.0702351821845777,39.65999984741211,0QP2.LON,0QP2.LON
2009-01-29,216.5,216.5,212.3407,212.3407,15833.0,-0.009604944029850793,42.630001068115234,0QP2.LON,0QP2.LON
2009-01-30,210.0,210.0,210.0,210.0,11229.0,-0.01102332242476356,44.84000015258789,0QP2.LON,0QP2.LON
2009-02-02,198.6,205.0,198.6,198.6,33758.0,-0.05428571428571427,45.52000045776367,0QP2.LON,0QP2.LON
2009-02-03,201.867,204.1625,201.867,201.867,44280.0,0.016450151057401774,43.060001373291016,0QP2.LON,0QP2.LON
2009-02-04,204.9,204.9,204.9,204.9,63681.0,0.015024744014623614,43.849998474121094,0QP2.LON,0QP2.LON
2009-02-05,203.5655,207.75,203.5655,203.5655,15617.0,-0.006512933138116295,43.72999954223633,0QP2.LON,0QP2.LON
2009-02-06,207.5,207.5,201.2,201.2,17170.0,-0.011620338416873155,43.369998931884766,0QP2.LON,0QP2.LON
2009-02-09,200.9,200.9,200.9,200.9,2.0,-0.0014910536779323413,43.63999938964844,0QP2.LON,0QP2.LON
2009-02-10,199.7,201.9769,199.7,199.7,8042.0,-0.0059731209556994624,46.66999816894531,0QP2.LON,0QP2.LON
2009-02-11,197.1,201.0,197.1,197.1,280.0,-0.013019529293940901,44.529998779296875,0QP2.LON,0QP2.LON
2009-02-12,198.9,200.35,195.85,195.85,8515.0,-0.006341958396752889,41.25,0QP2.LON,0QP2.LON
2009-02-13,198.9709,199.9,198.9709,198.9709,99696.0,0.01593515445493998,42.93000030517578,0QP2.LON,0QP2.LON
2009-02-16,196.0,196.0,192.5,192.5,1384.0,-0.03252184113355272,,0QP2.LON,0QP2.LON
2009-02-17,184.8,184.8,180.1714,180.1714,1032.0,-0.06404467532467528,48.65999984741211,0QP2.LON,0QP2.LON
2009-02-18,178.6303,181.2,177.6,177.6,731.0,-0.014271965472877568,48.459999084472656,0QP2.LON,0QP2.LON
2009-02-19,177.551,182.7,177.551,177.551,46235.0,-0.000275900900900905,47.08000183105469,0QP2.LON,0QP2.LON
2009-02-20,157.8,160.6823,157.8,157.8,910.0,-0.11124127715416965,49.29999923706055,0QP2.LON,0QP2.LON
2009-02-23,162.7,162.7,157.5,157.5,265.0,-0.0019011406844107182,52.619998931884766,0QP2.LON,0QP2.LON
2009-02-24,155.1,160.2,152.0,152.0,24512.0,-0.03492063492063491,45.4900016784668,0QP2.LON,0QP2.LON
2009-02-25,164.75,164.75,158.1,158.1,179.0,0.04013157894736841,44.66999816894531,0QP2.LON,0QP2.LON
2009-02-26,161.5528,176.0,161.5528,161.5528,9958.0,0.021839342188488375,44.65999984741211,0QP2.LON,0QP2.LON
2009-02-27,169.9,169.9,163.7,163.7,55914.0,0.013291010740760889,46.349998474121094,0QP2.LON,0QP2.LON
2009-03-02,154.2,154.4,152.0,152.0,1885.0,-0.0714722052535125,52.650001525878906,0QP2.LON,0QP2.LON
2009-03-03,151.85,152.8,151.85,151.85,480.0,-0.0009868421052632304,50.93000030517578,0QP2.LON,0QP2.LON
2009-03-04,154.9,158.6268,154.9,154.9,2540.0,0.020085610800131715,47.560001373291016,0QP2.LON,0QP2.LON
2009-03-05,160.5,160.5,144.0871,144.0871,1192.0,-0.06980568108457075,50.16999816894531,0QP2.LON,0QP2.LON
2009-03-06,140.1871,140.1871,129.25,129.25,928.0,-0.10297313222349536,49.33000183105469,0QP2.LON,0QP2.LON
2009-03-09,131.5,131.5,126.6552,126.6552,7908.0,-0.020075822050290237,49.68000030517578,0QP2.LON,0QP2.LON
2009-03-10,126.15,135.8,126.15,126.15,895.0,-0.003988782142383296,44.369998931884766,0QP2.LON,0QP2.LON
2009-03-11,142.5,143.916,142.5,142.5,2089.0,0.12960760998810938,43.61000061035156,0QP2.LON,0QP2.LON
2009-03-12,144.6,144.6,144.6,144.6,285.0,0.01473684210526316,41.18000030517578,0QP2.LON,0QP2.LON
2009-03-13,149.9152,150.6,148.6063,148.6063,52726.0,0.027706085753803622,42.36000061035156,0QP2.LON,0QP2.LON
2009-03-16,154.8,155.622,152.5,152.5,6598.0,0.026201446372058124,43.7400016784668,0QP2.LON,0QP2.LON
2009-03-17,152.6,152.6,152.6,152.6,3486.0,0.0006557377049178914,40.79999923706055,0QP2.LON,0QP2.LON
2009-03-18,159.5,160.0,154.0,154.0,212.0,0.00917431192660545,40.060001373291016,0QP2.LON,0QP2.LON
2009-03-19,166.7655,178.5,166.7655,166.7655,3033.0,0.0828928571428571,43.68000030517578,0QP2.LON,0QP2.LON
2009-03-20,172.6,178.0,172.3323,172.3323,2560.0,0.033381005063997105,45.88999938964844,0QP2.LON,0QP2.LON
2009-03-23,186.95,186.95,186.1875,186.1875,668.0,0.0803981609947757,43.22999954223633,0QP2.LON,0QP2.LON
2009-03-24,182.6209,182.6209,177.2429,177.2429,25557.0,-0.04804081906680102,42.93000030517578,0QP2.LON,0QP2.LON
2009-03-25,182.9467,187.0,181.3,181.3,6034.0,0.022890056526946978,42.25,0QP2.LON,0QP2.LON
2009-03-26,191.0,191.0,188.0,188.0,3680.0,0.036955322669608215,40.36000061035156,0QP2.LON,0QP2.LON
2009-03-27,185.1,185.1,183.2,183.2,311.0,-0.025531914893617058,41.040000915527344,0QP2.LON,0QP2.LON
2009-03-30,177.0,177.0,168.2,168.2,201148.0,-0.08187772925764192,45.540000915527344,0QP2.LON,0QP2.LON
2009-04-01,177.9,178.25,174.0,174.0,2624253.0,0.034482758620689724,42.279998779296875,0QP2.LON,0QP2.LON
2009-04-02,194.75,199.5,194.5,194.5,2512.0,0.11781609195402298,42.040000915527344,0QP2.LON,0QP2.LON
2009-04-03,201.8725,201.8725,197.0,197.0,18215.0,0.01285347043701801,39.70000076293945,0QP2.LON,0QP2.LON
2009-04-06,200.0,205.0,193.204,193.204,53544.0,-0.01926903553299486,40.93000030517578,0QP2.LON,0QP2.LON
2009-04-07,187.0,187.0,183.2288,183.2288,34109.0,-0.05163040102689387,40.38999938964844,0QP2.LON,0QP2.LON
2009-04-08,178.1375,182.2,178.1375,178.1375,222.0,-0.027786570670113142,38.849998474121094,0QP2.LON,0QP2.LON
2009-04-09,183.5154,191.7,183.5154,183.5154,2765.0,0.030189600729773503,36.529998779296875,0QP2.LON,0QP2.LON
2009-04-14,191.0,195.4427,191.0,191.0,220138.0,0.0407845881054123,37.66999816894531,0QP2.LON,0QP2.LON
2009-04-15,191.3166,192.2,191.3166,191.3166,797073.0,0.0016575916230365806,36.16999816894531,0QP2.LON,0QP2.LON
2009-04-16,192.9197,198.7,192.65,192.65,2562.0,0.006969599083404221,35.790000915527344,0QP2.LON,0QP2.LON
2009-04-17,193.23,199.0,193.23,193.23,28161.0,0.00301064105891502,33.939998626708984,0QP2.LON,0QP2.LON
2009-04-20,190.4609,190.9,185.7087,185.7087,64526.0,-0.03892408011178383,39.18000030517578,0QP2.LON,0QP2.LON
2009-04-21,180.0,180.0,176.5,176.5,1563.0,-0.049586799110650115,37.13999938964844,0QP2.LON,0QP2.LON
2009-04-22,189.65,191.05,184.4943,184.4943,17304.0,0.04529348441926362,38.099998474121094,0QP2.LON,0QP2.LON
2009-04-23,186.0,188.475,186.0,186.0,244.0,0.008161227745247412,37.150001525878906,0QP2.LON,0QP2.LON
2009-04-24,185.2,192.9,185.2,185.2,188040.0,-0.004301075268817289,36.81999969482422,0QP2.LON,0QP2.LON
2009-04-27,192.99,192.99,192.99,192.99,2500.0,0.04206263498920104,38.31999969482422,0QP2.LON,0QP2.LON
2009-04-28,187.9,193.25,187.8,187.8,14767.0,-0.026892585108036715,37.95000076293945,0QP2.LON,0QP2.LON
2009-04-29,194.7,204.3692,192.9793,192.9793,18672.0,0.02757880724174644,36.08000183105469,0QP2.LON,0QP2.LON
2009-04-30,208.8,214.2,208.8,208.8,2270.0,0.08198133167650634,36.5,0QP2.LON,0QP2.LON
2009-05-05,212.4,212.8,212.4,212.4,68.0,0.01724137931034475,33.36000061035156,0QP2.LON,0QP2.LON
2009-05-06,211.7,211.7,209.7,209.7,64150.0,-0.012711864406779738,32.45000076293945,0QP2.LON,0QP2.LON
2009-05-07,217.0,217.0,207.4237,207.4237,5137.0,-0.010855030996661852,33.439998626708984,0QP2.LON,0QP2.LON
2009-05-08,208.5,214.3,208.5,208.5,2616.0,0.005188895965118734,32.04999923706055,0QP2.LON,0QP2.LON
2009-05-11,209.7,209.7,204.9,204.9,21929.0,-0.01726618705035965,32.869998931884766,0QP2.LON,0QP2.LON
2009-05-12,204.4,204.75,201.8,201.8,58528.0,-0.01512933138116146,31.799999237060547,0QP2.LON,0QP2.LON
2009-05-13,198.475,198.5,192.8,192.8,2437.0,-0.044598612487611544,33.650001525878906,0QP2.LON,0QP2.LON
2009-05-14,190.0,194.75,190.0,190.0,1801.0,-0.014522821576763545,31.3700008392334,0QP2.LON,0QP2.LON
2009-05-15,199.5,199.5,160.0,160.0,65548.0,-0.1578947368421053,33.119998931884766,0QP2.LON,0QP2.LON
2009-05-18,193.0,193.0,193.0,193.0,193.0,0.20625000000000004,30.239999771118164,0QP2.LON,0QP2.LON
2009-05-19,202.0,206.8263,202.0,202.0,26515.0,0.04663212435233155,28.799999237060547,0QP2.LON,0QP2.LON
2009-05-20,198.5,201.3,198.5,198.5,1169.0,-0.017326732673267342,29.030000686645508,0QP2.LON,0QP2.LON
2009-05-22,195.2,195.2,193.9125,193.9125,570.0,-0.023110831234256946,32.630001068115234,0QP2.LON,0QP2.LON
2014-03-06,270.0,270.805,270.0,270.0,112.0,0.3923805840263006,14.210000038146973,0QP2.LON,0QP2.LON
2014-03-07,269.5,269.5,269.5,269.5,3.0,-0.0018518518518518823,14.109999656677246,0QP2.LON,0QP2.LON
2014-03-10,269.0,269.0,268.5,269.0,87.0,-0.0018552875695733162,14.199999809265137,0QP2.LON,0QP2.LON
2014-03-11,268.5,270.0,268.25,270.0,410.0,0.0037174721189590088,14.800000190734863,0QP2.LON,0QP2.LON
2014-03-12,267.5,268.847,266.5,267.547,1076.0,-0.009085185185185085,14.470000267028809,0QP2.LON,0QP2.LON
2014-03-13,266.795,267.39,266.695,267.39,104.0,-0.0005868127842959536,16.219999313354492,0QP2.LON,0QP2.LON
2014-03-14,261.0,261.9886,261.0,261.9886,262.0,-0.0202004562623882,17.81999969482422,0QP2.LON,0QP2.LON
2014-03-17,262.305,262.91,262.25,262.3357,824.0,0.0013248668071814684,15.640000343322754,0QP2.LON,0QP2.LON
2014-03-18,263.095,263.095,263.095,263.095,11.0,0.002894383036696979,14.520000457763672,0QP2.LON,0QP2.LON
2014-03-19,263.305,263.6,262.805,262.905,224.0,-0.0007221725992514472,15.119999885559082,0QP2.LON,0QP2.LON
2014-03-20,261.75,262.29,261.75,262.29,173.0,-0.0023392480173445307,14.520000457763672,0QP2.LON,0QP2.LON
2014-03-21,265.25,265.5,265.005,265.005,139.0,0.01035113805329968,15.0,0QP2.LON,0QP2.LON
2014-03-24,265.0,265.0,264.75,264.75,30.0,-0.000962245995358546,15.09000015258789,0QP2.LON,0QP2.LON
2014-03-25,267.75,269.3,267.75,269.3,45.0,0.017186024551463674,14.020000457763672,0QP2.LON,0QP2.LON
2014-03-26,271.405,271.405,271.1,271.405,155.0,0.007816561455625592,14.930000305175781,0QP2.LON,0QP2.LON
2014-03-27,269.75,270.75,269.75,270.005,122.0,-0.005158342698181606,14.619999885559082,0QP2.LON,0QP2.LON
2014-03-28,269.75,269.75,269.11,269.11,129.0,-0.0033147534304919235,14.40999984741211,0QP2.LON,0QP2.LON
2014-03-31,270.0,271.25,269.5,271.25,4304.0,0.007952138530712194,13.880000114440918,0QP2.LON,0QP2.LON
2014-04-01,273.5,273.5,273.5,273.5,11.0,0.008294930875575979,13.100000381469727,0QP2.LON,0QP2.LON
2014-04-02,275.0,275.0,274.0,274.795,126.0,0.004734917733089539,13.09000015258789,0QP2.LON,0QP2.LON
2014-04-04,259.0,259.0,256.5,256.5,222.0,-0.06657690278207395,13.960000038146973,0QP2.LON,0QP2.LON
2014-04-07,256.795,257.195,254.605,254.695,352.0,-0.007037037037037064,15.569999694824219,0QP2.LON,0QP2.LON
2014-04-09,253.2,254.0,253.2,254.0,74.0,-0.0027287539998821497,13.819999694824219,0QP2.LON,0QP2.LON
2014-04-10,253.75,254.0,251.7,252.75,110.0,-0.004921259842519676,15.890000343322754,0QP2.LON,0QP2.LON
2014-04-11,251.0,251.0,247.25,248.9,230.0,-0.015232443125618222,17.030000686645508,0QP2.LON,0QP2.LON
2014-04-14,248.2,248.2,245.495,246.005,74.0,-0.01163117717959028,16.110000610351562,0QP2.LON,0QP2.LON
2014-04-15,248.29,249.095,248.29,249.095,85.0,0.012560720310562878,15.609999656677246,0QP2.LON,0QP2.LON
2014-04-16,246.75,246.75,246.695,246.695,138.0,-0.009634878259298651,14.180000305175781,0QP2.LON,0QP2.LON
2014-04-17,247.75,249.7768,247.75,249.7768,6475.0,0.012492348851821156,13.359999656677246,0QP2.LON,0QP2.LON
2014-04-22,251.705,252.345,251.705,252.345,4234.0,0.010281979751522119,13.1899995803833,0QP2.LON,0QP2.LON
2014-04-23,250.995,252.0,250.995,251.25,23.0,-0.004339297390477337,13.270000457763672,0QP2.LON,0QP2.LON
2014-04-24,252.0,252.0,252.0,252.0,92.0,0.0029850746268655914,13.319999694824219,0QP2.LON,0QP2.LON
2014-04-25,252.0,252.0,251.25,251.25,8.0,-0.0029761904761904656,14.0600004196167,0QP2.LON,0QP2.LON
2014-04-28,252.89,252.89,252.25,252.25,387.0,0.003980099502487455,13.970000267028809,0QP2.LON,0QP2.LON
2014-04-29,253.0,253.75,253.0,253.5,51.0,0.0049554013875123815,13.710000038146973,0QP2.LON,0QP2.LON
2014-04-30,251.5,251.5,251.5,251.5,29.0,-0.007889546351084853,13.40999984741211,0QP2.LON,0QP2.LON
2014-05-01,252.0,252.0,252.0,252.0,75.0,0.001988071570576455,13.25,0QP2.LON,0QP2.LON
2014-05-02,251.495,252.25,251.495,252.25,63.0,0.0009920634920634885,12.90999984741211,0QP2.LON,0QP2.LON
2014-05-06,251.91,252.205,251.91,252.205,93.0,-0.0001783944499503809,13.800000190734863,0QP2.LON,0QP2.LON
2014-05-08,255.2935,255.75,255.2935,255.7094,4400.0,0.013895045696952879,13.430000305175781,0QP2.LON,0QP2.LON
2014-05-09,256.25,256.5,255.5,255.5,158.0,-0.0008188983275545514,12.920000076293945,0QP2.LON,0QP2.LON
2014-05-12,256.25,256.5,256.25,256.5,67.0,0.00391389432485334,12.229999542236328,0QP2.LON,0QP2.LON
2014-05-13,257.305,257.5,257.305,257.5,70.0,0.003898635477582957,12.130000114440918,0QP2.LON,0QP2.LON
2014-05-14,258.105,258.105,258.105,258.105,37.0,0.002349514563106947,12.170000076293945,0QP2.LON,0QP2.LON
2014-05-15,259.69,259.69,257.495,259.0,39.0,0.0034675810232269733,13.170000076293945,0QP2.LON,0QP2.LON
2014-05-16,261.25,261.25,261.2,261.2,8195.0,0.008494208494208344,12.4399995803833,0QP2.LON,0QP2.LON
2014-05-19,262.25,262.25,262.25,262.25,19.0,0.004019908116385862,12.420000076293945,0QP2.LON,0QP2.LON
2014-05-21,265.0,265.0,264.75,264.75,213.0,0.009532888465205058,11.90999984741211,0QP2.LON,0QP2.LON
2014-05-22,265.25,265.5,265.25,265.5,34.0,0.0028328611898016387,12.029999732971191,0QP2.LON,0QP2.LON
2014-05-23,264.5,265.9817,264.41,265.9817,2526.0,0.0018143126177023738,11.359999656677246,0QP2.LON,0QP2.LON
2014-05-27,266.695,266.695,266.25,266.25,45.0,0.0010087160131693196,11.510000228881836,0QP2.LON,0QP2.LON
2014-05-28,266.0,266.0,266.0,266.0,123.0,-0.0009389671361502705,11.680000305175781,0QP2.LON,0QP2.LON
2014-05-30,266.5,268.75,266.5,268.75,332.0,0.010338345864661758,11.399999618530273,0QP2.LON,0QP2.LON
2014-06-02,267.89,267.89,267.89,267.89,133.0,-0.0032000000000000917,11.579999923706055,0QP2.LON,0QP2.LON
2014-06-03,266.25,266.25,265.505,265.505,50.0,-0.008902907909963065,11.869999885559082,0QP2.LON,0QP2.LON
2014-06-04,265.25,265.25,265.25,265.25,10.0,-0.0009604338901338938,12.079999923706055,0QP2.LON,0QP2.LON
2014-06-05,265.49,265.49,265.25,265.25,145.0,0.0,11.680000305175781,0QP2.LON,0QP2.LON
2014-06-06,265.895,266.75,265.895,266.5,130.0,0.004712535344015167,10.729999542236328,0QP2.LON,0QP2.LON
2014-06-10,267.7,269.0,267.7,269.0,106.0,0.009380863039399667,10.989999771118164,0QP2.LON,0QP2.LON
2014-06-12,267.0,267.0,266.105,266.105,359.0,-0.010762081784386535,12.5600004196167,0QP2.LON,0QP2.LON
2014-06-13,264.49,264.5,264.0,264.5,182.0,-0.006031453749459903,12.180000305175781,0QP2.LON,0QP2.LON
2014-06-16,265.0752,265.0752,265.0752,265.0752,3287.0,0.0021746691871455948,12.649999618530273,0QP2.LON,0QP2.LON
2014-06-17,265.21,265.21,265.21,265.21,33.0,0.0005085349365010483,12.0600004196167,0QP2.LON,0QP2.LON
2014-06-18,266.295,267.25,266.19,267.25,548.0,0.00769201764639349,10.609999656677246,0QP2.LON,0QP2.LON
2014-06-19,267.2,267.2,266.25,266.5,15038.0,-0.00280636108512633,10.619999885559082,0QP2.LON,0QP2.LON
2014-06-20,266.3,266.3,266.3,266.3,3200.0,-0.0007504690431519023,10.850000381469727,0QP2.LON,0QP2.LON
2014-06-23,264.29,264.29,263.605,263.605,17.0,-0.010120165227187394,10.979999542236328,0QP2.LON,0QP2.LON
2014-06-24,263.5,263.55,263.25,263.55,2426.0,-0.0002086455112764174,12.130000114440918,0QP2.LON,0QP2.LON
2014-06-25,263.895,264.25,263.5,263.5,181.0,-0.00018971732119144047,11.59000015258789,0QP2.LON,0QP2.LON
2014-06-26,265.75,266.695,265.405,266.695,43.0,0.012125237191650928,11.630000114440918,0QP2.LON,0QP2.LON
2014-06-27,267.0,267.0,266.0,267.0,167.0,0.0011436284894730253,11.260000228881836,0QP2.LON,0QP2.LON
2014-06-30,268.3,268.3,268.3,268.3,1.0,0.004868913857677848,11.569999694824219,0QP2.LON,0QP2.LON
2014-07-01,267.505,267.8956,267.505,267.8956,3458.0,-0.0015072679836004577,11.149999618530273,0QP2.LON,0QP2.LON
2014-07-02,268.25,268.25,268.25,268.25,7.0,0.0013229033996826622,10.819999694824219,0QP2.LON,0QP2.LON
2014-07-03,272.0,272.0,272.0,272.0,45.0,0.013979496738117492,10.319999694824219,0QP2.LON,0QP2.LON
2014-07-04,276.25,276.5,276.25,276.5,152.0,0.016544117647058876,,0QP2.LON,0QP2.LON
2014-07-07,273.41,274.25,273.25,273.75,228.0,-0.009945750452079571,11.329999923706055,0QP2.LON,0QP2.LON
2014-07-08,271.5,271.5,271.5,271.5,12.0,-0.008219178082191747,11.979999542236328,0QP2.LON,0QP2.LON
2014-07-09,270.25,270.25,269.99,269.99,44.0,-0.0055616942909759715,11.649999618530273,0QP2.LON,0QP2.LON
2014-07-10,268.695,268.695,268.695,268.695,38.0,-0.0047964739434794845,12.59000015258789,0QP2.LON,0QP2.LON
2014-07-11,269.75,269.75,269.75,269.75,36.0,0.003926384934591187,12.079999923706055,0QP2.LON,0QP2.LON
2014-07-14,271.0,271.0,271.0,271.0,19.0,0.004633920296570837,11.819999694824219,0QP2.LON,0QP2.LON
2014-07-15,273.605,273.605,273.605,273.605,27.0,0.009612546125461252,11.960000038146973,0QP2.LON,0QP2.LON
2014-07-17,274.5,275.1,274.5,275.1,9102.0,0.005464081431260315,14.539999961853027,0QP2.LON,0QP2.LON
2014-07-21,270.75,270.8,270.75,270.75,110.0,-0.015812431842966324,12.8100004196167,0QP2.LON,0QP2.LON
2014-07-22,272.25,272.25,272.25,272.25,3.0,0.005540166204986097,12.239999771118164,0QP2.LON,0QP2.LON
2014-07-23,273.15,274.25,273.15,273.595,7768.0,0.004940312213039588,11.520000457763672,0QP2.LON,0QP2.LON
2014-07-24,275.5,275.5,275.5,275.5,59.0,0.00696284654324808,11.84000015258789,0QP2.LON,0QP2.LON
2014-07-25,275.105,275.105,273.5,273.5,37.0,-0.007259528130671544,12.6899995803833,0QP2.LON,0QP2.LON
2014-07-28,270.0,270.0,269.9,269.9,19005.0,-0.013162705667276176,12.5600004196167,0QP2.LON,0QP2.LON
2014-07-29,270.25,270.25,270.25,270.25,3.0,0.001296776583920023,13.279999732971191,0QP2.LON,0QP2.LON
2014-07-30,268.0,268.0,266.69,266.69,8482.0,-0.01317298797409805,13.329999923706055,0QP2.LON,0QP2.LON
2014-07-31,265.25,265.75,265.25,265.75,207.0,-0.0035246915894858732,16.950000762939453,0QP2.LON,0QP2.LON
2014-08-04,264.2,264.2,263.0,263.0,78.0,-0.010348071495766664,15.119999885559082,0QP2.LON,0QP2.LON
2014-08-05,263.31,263.31,263.31,263.31,137.0,0.001178707224334552,16.8700008392334,0QP2.LON,0QP2.LON
2014-08-06,259.1,259.1,258.5,258.5,17.0,-0.018267441418859942,16.3700008392334,0QP2.LON,0QP2.LON
2014-08-07,268.705,268.705,267.2307,267.2307,8673.0,0.033774468085106424,16.65999984741211,0QP2.LON,0QP2.LON
2014-08-08,264.405,265.8766,264.405,265.8766,3404.0,-0.005067157328854877,15.770000457763672,0QP2.LON,0QP2.LON
2014-08-11,266.75,267.75,266.5,266.5,227.0,0.002344696750296915,14.229999542236328,0QP2.LON,0QP2.LON
2014-08-12,267.75,267.75,267.75,267.75,56.0,0.004690431519699834,14.130000114440918,0QP2.LON,0QP2.LON
2014-08-13,270.29,270.29,270.29,270.29,10.0,0.009486461251167144,12.899999618530273,0QP2.LON,0QP2.LON
2014-08-14,270.0,270.495,270.0,270.0,25004.0,-0.0010729216767176863,12.420000076293945,0QP2.LON,0QP2.LON
2014-08-15,271.0,272.0,270.75,272.0,116.0,0.007407407407407307,13.149999618530273,0QP2.LON,0QP2.LON
2014-08-18,270.25,270.25,270.25,270.25,3.0,-0.006433823529411797,12.319999694824219,0QP2.LON,0QP2.LON
2014-08-19,272.0,272.0,272.0,272.0,8.0,0.00647548566142464,12.210000038146973,0QP2.LON,0QP2.LON
2014-08-21,273.25,273.25,273.25,273.25,30.0,0.004595588235294157,11.760000228881836,0QP2.LON,0QP2.LON
2014-08-22,272.75,273.5,272.75,273.5,100.0,0.0009149130832570851,11.470000267028809,0QP2.LON,0QP2.LON
2014-08-26,275.05,275.05,274.75,275.0,25135.0,0.005484460694698434,11.630000114440918,0QP2.LON,0QP2.LON
2014-08-27,274.405,274.405,274.405,274.405,12.0,-0.0021636363636364786,11.779999732971191,0QP2.LON,0QP2.LON
2014-08-28,274.0,274.0,274.0,274.0,94.0,-0.0014759206282682902,12.050000190734863,0QP2.LON,0QP2.LON
2014-08-29,276.25,276.69,276.25,276.69,50.0,0.009817518248175228,12.09000015258789,0QP2.LON,0QP2.LON
2014-09-01,275.405,276.5,275.405,275.905,152.0,-0.0028371101232427254,,0QP2.LON,0QP2.LON
2014-09-02,277.25,277.295,277.25,277.295,32.0,0.005037965966546709,12.25,0QP2.LON,0QP2.LON
2014-09-03,279.75,279.75,279.705,279.705,113.0,0.008691105140734567,12.359999656677246,0QP2.LON,0QP2.LON
2014-09-04,279.095,279.75,279.095,279.095,38.0,-0.0021808691299760596,12.640000343322754,0QP2.LON,0QP2.LON
2014-09-05,279.995,280.0,278.5,278.75,7665.0,-0.0012361382325015713,12.09000015258789,0QP2.LON,0QP2.LON
2014-09-08,279.75,281.19,279.5,281.19,63280.0,0.008753363228699573,12.65999984741211,0QP2.LON,0QP2.LON
2014-09-09,280.095,280.095,280.095,280.095,25.0,-0.0038941640883387585,13.5,0QP2.LON,0QP2.LON
2014-09-10,280.028,280.028,279.0,280.028,3116.0,-0.00023920455559722775,12.880000114440918,0QP2.LON,0QP2.LON
2014-09-11,279.55,280.0,279.55,280.0,35673.0,-9.999000099991662e-05,12.800000190734863,0QP2.LON,0QP2.LON
2014-09-12,280.0,280.25,280.0,280.25,228.0,0.0008928571428572507,13.3100004196167,0QP2.LON,0QP2.LON
2014-09-16,278.85,278.85,278.35,278.35,6944.0,-0.006779661016949046,12.729999542236328,0QP2.LON,0QP2.LON
2014-09-18,278.5,278.5,278.5,278.5,10.0,0.0005388898868330383,12.029999732971191,0QP2.LON,0QP2.LON
2014-09-19,281.5,282.095,281.0,282.095,57.0,0.01290843806104136,12.109999656677246,0QP2.LON,0QP2.LON
2014-09-22,282.095,282.095,282.095,282.095,33.0,0.0,13.6899995803833,0QP2.LON,0QP2.LON
2014-09-23,282.0,282.405,281.81,282.405,266.0,0.0010989205764013743,14.930000305175781,0QP2.LON,0QP2.LON
2014-09-24,280.25,282.5,280.25,282.2,75.0,-0.0007259078274108877,13.270000457763672,0QP2.LON,0QP2.LON
2014-09-25,285.0,285.0,285.0,285.0,10.0,0.009922041105598911,15.640000343322754,0QP2.LON,0QP2.LON
2014-09-26,283.25,283.25,283.25,283.25,56.0,-0.0061403508771930015,14.850000381469727,0QP2.LON,0QP2.LON
2014-09-30,284.39,284.39,283.25,283.25,124.0,0.0,16.309999465942383,0QP2.LON,0QP2.LON
2014-10-01,284.995,287.0,284.8,284.8,4115.0,0.00547219770520746,16.709999084472656,0QP2.LON,0QP2.LON
2014-10-03,285.0,285.25,285.0,285.25,30.0,0.001580056179775191,14.550000190734863,0QP2.LON,0QP2.LON
2014-10-06,285.9,286.5,285.9,286.5,65.0,0.004382120946538226,15.460000038146973,0QP2.LON,0QP2.LON
2014-10-07,285.5,286.0,285.5,286.0,28.0,-0.0017452006980802626,17.200000762939453,0QP2.LON,0QP2.LON
2014-10-08,281.5,281.505,281.5,281.505,97.0,-0.01571678321678327,15.109999656677246,0QP2.LON,0QP2.LON
2014-10-09,283.59,283.59,282.25,282.25,83.0,0.002646489405161656,18.760000228881836,0QP2.LON,0QP2.LON
2014-10-10,278.405,280.01,278.405,280.01,76.0,-0.007936226749335695,21.239999771118164,0QP2.LON,0QP2.LON
2014-10-13,277.25,278.5,277.25,278.5,91.0,-0.005392664547694714,24.639999389648438,0QP2.LON,0QP2.LON
2014-10-14,276.5,276.5,276.5,276.5,640.0,-0.007181328545781018,22.790000915527344,0QP2.LON,0QP2.LON
2014-10-15,276.19,276.19,271.0,271.0,75.0,-0.019891500904159143,25.270000457763672,0QP2.LON,0QP2.LON
2014-10-16,263.51,264.5,263.0,264.5,57.0,-0.023985239852398532,25.200000762939453,0QP2.LON,0QP2.LON
2014-10-17,271.25,272.75,269.5712,269.5712,656.0,0.019172778827977188,21.989999771118164,0QP2.LON,0QP2.LON
2014-10-20,272.5,273.25,272.5,273.25,130.0,0.013646858418109975,18.56999969482422,0QP2.LON,0QP2.LON
2014-10-22,277.095,278.0,276.5,278.0,14494.0,0.017383348581884617,17.8700008392334,0QP2.LON,0QP2.LON
2014-10-23,279.61,279.61,279.0,279.25,147.0,0.004496402877697925,16.530000686645508,0QP2.LON,0QP2.LON
2014-10-24,281.0,281.89,281.0,281.89,212.0,0.009453894359892523,16.110000610351562,0QP2.LON,0QP2.LON
2014-10-27,282.25,282.25,282.25,282.25,31.0,0.0012770939018766914,16.040000915527344,0QP2.LON,0QP2.LON
2014-10-28,285.0,285.25,284.79,284.79,128.0,0.008999114260407559,14.390000343322754,0QP2.LON,0QP2.LON
2014-10-29,286.605,286.605,286.605,286.605,19.0,0.006373117033603659,15.149999618530273,0QP2.LON,0QP2.LON
2014-10-30,286.105,286.105,286.105,286.105,50.0,-0.0017445613300535179,14.520000457763672,0QP2.LON,0QP2.LON
2014-11-03,291.405,291.405,291.405,291.405,14.0,0.01852466751717019,14.729999542236328,0QP2.LON,0QP2.LON
2014-11-04,290.75,290.75,290.75,290.75,11.0,-0.0022477308213653124,14.890000343322754,0QP2.LON,0QP2.LON
2014-11-05,292.0,292.75,292.0,292.5,33.0,0.006018916595012858,14.170000076293945,0QP2.LON,0QP2.LON
2014-11-06,287.5,287.5,286.0,286.0,12393.0,-0.022222222222222254,13.670000076293945,0QP2.LON,0QP2.LON
2014-11-07,286.09,287.75,284.75,285.0,46.0,-0.0034965034965035446,13.119999885559082,0QP2.LON,0QP2.LON
2014-11-10,287.595,287.595,287.595,287.595,100.0,0.009105263157894727,12.670000076293945,0QP2.LON,0QP2.LON
2014-11-11,289.205,289.205,288.1,288.1,195.0,0.0017559415149777102,12.920000076293945,0QP2.LON,0QP2.LON
2014-11-12,288.39,288.395,287.405,287.75,199.0,-0.001214855952794247,13.020000457763672,0QP2.LON,0QP2.LON
2014-11-13,289.0,289.75,289.0,289.75,148.0,0.0069504778453519656,13.789999961853027,0QP2.LON,0QP2.LON
2014-11-14,290.0,290.0,290.0,290.0,5.0,0.0008628127696290733,13.3100004196167,0QP2.LON,0QP2.LON
2014-11-17,290.0,290.0,290.0,290.0,17.0,0.0,13.989999771118164,0QP2.LON,0QP2.LON
2014-11-18,293.25,293.25,292.25,293.005,127.0,0.01036206896551728,13.859999656677246,0QP2.LON,0QP2.LON
2014-11-19,293.61,293.61,293.61,293.61,63.0,0.0020648111806966796,13.960000038146973,0QP2.LON,0QP2.LON
2014-11-20,295.0,295.0,292.9,293.75,259.0,0.0004768229964919879,13.579999923706055,0QP2.LON,0QP2.LON
2014-11-21,296.0,297.5,296.0,297.5,111.0,0.012765957446808418,12.899999618530273,0QP2.LON,0QP2.LON
2014-11-24,299.5,299.5,297.5,298.72,440.0,0.004100840336134448,12.619999885559082,0QP2.LON,0QP2.LON
2014-11-25,299.51,300.0,299.4328,299.4328,144.0,0.0023861810390999327,12.25,0QP2.LON,0QP2.LON
2014-11-26,299.2405,299.2405,299.2405,299.2405,100.0,-0.0006422142130053654,12.069999694824219,0QP2.LON,0QP2.LON
2014-11-27,301.89,301.89,300.75,300.75,58.0,0.005044437500939969,,0QP2.LON,0QP2.LON
2014-11-28,301.0,303.25,301.0,303.25,95.0,0.00831255195344971,13.329999923706055,0QP2.LON,0QP2.LON
2014-12-01,302.25,302.75,302.0,302.5,237.0,-0.002473206924979432,14.15999984741211,0QP2.LON,0QP2.LON
2014-12-02,304.09,304.09,304.09,304.09,30.0,0.005256198347107333,12.850000381469727,0QP2.LON,0QP2.LON
2014-12-03,303.0,303.75,303.0,303.75,39.0,-0.0011180900391331017,12.5,0QP2.LON,0QP2.LON
2014-12-04,305.99,305.99,305.295,305.295,278.0,0.005086419753086435,12.380000114440918,0QP2.LON,0QP2.LON
2014-12-08,306.25,306.25,305.75,306.0,92.0,0.002309241880803725,14.210000038146973,0QP2.LON,0QP2.LON
2014-12-09,305.29,305.29,305.29,305.29,2.0,-0.002320261437908422,15.350000381469727,0QP2.LON,0QP2.LON
2014-12-10,302.5,302.5,302.5,302.5,3.0,-0.00913885158374017,18.530000686645508,0QP2.LON,0QP2.LON
2014-12-11,302.5,302.71,302.5,302.71,159.0,0.0006942148760329392,20.079999923706055,0QP2.LON,0QP2.LON
2014-12-12,302.75,302.75,302.75,302.75,80.0,0.00013213967163294704,21.079999923706055,0QP2.LON,0QP2.LON
2014-12-15,300.25,300.25,300.25,300.25,20.0,-0.008257638315441795,20.420000076293945,0QP2.LON,0QP2.LON
2014-12-16,291.75,291.75,291.5,291.5,23.0,-0.029142381348875923,23.56999969482422,0QP2.LON,0QP2.LON
2014-12-17,298.1,298.1,298.0,298.0,14.0,0.022298456260720467,19.440000534057617,0QP2.LON,0QP2.LON
2014-12-18,300.75,303.9,300.75,303.9,525.0,0.019798657718120838,16.809999465942383,0QP2.LON,0QP2.LON
2014-12-19,306.25,306.25,306.25,306.25,115.0,0.007732806844356732,16.489999771118164,0QP2.LON,0QP2.LON
2014-12-22,311.5,312.0,311.5,312.0,19.0,0.018775510204081636,15.25,0QP2.LON,0QP2.LON
2014-12-23,313.0,313.0,313.0,313.0,14.0,0.0032051282051281937,14.800000190734863,0QP2.LON,0QP2.LON
2014-12-29,312.0,312.0,312.0,312.0,40.0,-0.0031948881789137795,15.0600004196167,0QP2.LON,0QP2.LON
2014-12-30,314.505,314.505,314.505,314.505,210.0,0.008028846153846247,15.920000076293945,0QP2.LON,0QP2.LON
2015-01-05,314.0,314.01,308.81,308.81,165.0,-0.018107820225433557,19.920000076293945,0QP2.LON,0QP2.LON
2015-01-06,307.105,309.0629,307.105,309.0,1934.0,0.0006152650497068812,21.1200008392334,0QP2.LON,0QP2.LON
2015-01-08,314.0,314.8,314.0,314.8,81.0,0.01877022653721694,17.010000228881836,0QP2.LON,0QP2.LON
2015-01-09,315.705,315.705,315.41,315.41,31.0,0.0019377382465057824,17.549999237060547,0QP2.LON,0QP2.LON
2015-01-12,315.5,318.0,315.0,315.75,5230.0,0.0010779620176912807,19.600000381469727,0QP2.LON,0QP2.LON
2015-01-13,318.3429,322.25,318.3429,322.25,2587.0,0.02058590657165471,20.559999465942383,0QP2.LON,0QP2.LON
2015-01-14,319.0,321.5,319.0,321.5,126.0,-0.002327385570209506,21.479999542236328,0QP2.LON,0QP2.LON
2015-01-15,288.75,299.285,284.0,298.7,2346.0,-0.07091757387247277,22.389999389648438,0QP2.LON,0QP2.LON
2015-01-16,285.795,287.81,281.0,281.0,380.0,-0.05925677937730156,20.950000762939453,0QP2.LON,0QP2.LON
2015-01-19,284.75,291.5,283.75,291.5,318.0,0.03736654804270456,,0QP2.LON,0QP2.LON
2015-01-20,295.0,295.0,291.75,292.0,146.0,0.0017152658662091813,19.889999389648438,0QP2.LON,0QP2.LON
2015-01-21,289.905,289.905,288.25,289.0,55.0,-0.010273972602739767,18.850000381469727,0QP2.LON,0QP2.LON
2015-01-22,288.585,290.3,287.5,290.3,1065.0,0.0044982698961937295,16.399999618530273,0QP2.LON,0QP2.LON
2015-01-23,293.75,297.5,293.75,296.01,5540.0,0.01966930761281427,16.65999984741211,0QP2.LON,0QP2.LON
2015-01-26,296.0,300.0,296.0,300.0,50.0,0.013479274348839665,15.520000457763672,0QP2.LON,0QP2.LON
2015-01-27,302.4,310.8,301.25,302.8722,2948.0,0.009573999999999971,17.219999313354492,0QP2.LON,0QP2.LON
2015-01-28,304.25,304.25,302.81,302.81,47.0,-0.00020536714825603042,20.440000534057617,0QP2.LON,0QP2.LON
2015-01-29,305.5,306.61,305.5,305.61,256.0,0.009246722367161064,18.760000228881836,0QP2.LON,0QP2.LON
2015-01-30,307.25,308.0,307.0,308.0,80.0,0.007820424724321873,20.969999313354492,0QP2.LON,0QP2.LON
2015-02-02,306.0,306.0,306.0,306.0,30.0,-0.00649350649350644,19.43000030517578,0QP2.LON,0QP2.LON
2015-02-04,315.1,315.1,315.1,315.1,1.0,0.029738562091503384,18.329999923706055,0QP2.LON,0QP2.LON
2015-02-05,316.25,316.25,312.01,312.01,99.0,-0.009806410663281584,16.850000381469727,0QP2.LON,0QP2.LON
2015-02-06,310.2,310.5,310.0,310.5,106.0,-0.004839588474728318,17.290000915527344,0QP2.LON,0QP2.LON
2015-02-09,311.0,311.69,311.0,311.69,12.0,0.0038325281803541777,18.549999237060547,0QP2.LON,0QP2.LON
2015-02-11,311.5,311.5,311.5,311.5,154.0,-0.0006095800314415145,16.959999084472656,0QP2.LON,0QP2.LON
2015-02-12,300.0,300.0,300.0,300.0,7.0,-0.036918138041733495,15.34000015258789,0QP2.LON,0QP2.LON
2015-02-13,305.9,306.0,305.01,305.75,35311.0,0.019166666666666776,14.6899995803833,0QP2.LON,0QP2.LON
2015-02-16,304.5,304.5,304.4,304.5,253.0,-0.00408830744071953,,0QP2.LON,0QP2.LON
2015-02-17,303.105,304.39,303.105,304.39,197.0,-0.0003612479474548458,15.800000190734863,0QP2.LON,0QP2.LON
2015-02-18,305.75,305.75,305.75,305.75,108.0,0.004467952298038647,15.449999809265137,0QP2.LON,0QP2.LON
2015-02-19,308.7,308.7,308.7,308.7,15000.0,0.00964840556009805,15.289999961853027,0QP2.LON,0QP2.LON
2015-02-20,306.7,307.0,304.75,304.75,332.0,-0.012795594428247403,14.300000190734863,0QP2.LON,0QP2.LON
2015-02-23,304.605,305.0,304.605,305.0,49.0,0.0008203445447088065,14.5600004196167,0QP2.LON,0QP2.LON
2015-02-24,305.0,305.9,304.0,305.9,104.0,0.0029508196721310664,13.6899995803833,0QP2.LON,0QP2.LON
2015-02-25,305.7,305.7,305.7,305.7,10.0,-0.0006538084341287664,13.84000015258789,0QP2.LON,0QP2.LON
2015-02-26,304.25,305.25,304.25,305.1,390.0,-0.001962708537782021,13.90999984741211,0QP2.LON,0QP2.LON
2015-02-27,303.5,304.8,303.41,304.8,8041.0,-0.000983284169124965,13.34000015258789,0QP2.LON,0QP2.LON
2015-03-02,304.89,305.605,304.89,305.41,97.0,0.0020013123359581275,13.039999961853027,0QP2.LON,0QP2.LON
2015-03-03,306.285,306.285,304.995,304.995,75.0,-0.0013588291149603249,13.859999656677246,0QP2.LON,0QP2.LON
2015-03-04,305.5,305.5,304.5,304.5,143.0,-0.0016229774258594842,14.229999542236328,0QP2.LON,0QP2.LON
2015-03-05,308.5,308.5,308.25,308.25,19.0,0.012315270935960632,14.039999961853027,0QP2.LON,0QP2.LON
2015-03-06,308.0,311.25,308.0,311.0,20141.0,0.008921330089213253,15.199999809265137,0QP2.LON,0QP2.LON
2015-03-09,307.0,307.305,306.905,307.305,133.0,-0.011881028938906746,15.0600004196167,0QP2.LON,0QP2.LON
2015-03-10,307.0,307.21,307.0,307.21,42.0,-0.0003091391288785328,16.690000534057617,0QP2.LON,0QP2.LON
2015-03-11,310.0,312.25,310.0,312.25,93.0,0.01640571595976703,16.8700008392334,0QP2.LON,0QP2.LON
2015-03-12,316.25,316.25,316.25,316.25,92.0,0.012810248198558805,15.420000076293945,0QP2.LON,0QP2.LON
2015-03-16,319.75,321.75,319.75,321.75,163.0,0.017391304347825987,15.609999656677246,0QP2.LON,0QP2.LON
2015-03-17,322.01,322.01,320.25,320.25,171.0,-0.004662004662004615,15.65999984741211,0QP2.LON,0QP2.LON
2015-03-18,324.0,326.5,324.0,325.0,83.0,0.014832162373145996,13.970000267028809,0QP2.LON,0QP2.LON
2015-03-19,325.5,325.5,325.305,325.5,297.0,0.0015384615384614886,14.069999694824219,0QP2.LON,0QP2.LON
2015-03-20,327.9,329.75,327.9,329.75,60163.0,0.013056835637480724,13.020000457763672,0QP2.LON,0QP2.LON
2015-03-23,332.5,333.01,331.25,332.25,462.0,0.007581501137225111,13.40999984741211,0QP2.LON,0QP2.LON
2015-03-24,331.5,331.9,330.8,331.9,633.0,-0.0010534236267871755,13.619999885559082,0QP2.LON,0QP2.LON
2015-03-26,328.61,328.61,324.5,324.5,242.0,-0.02229587225067786,15.800000190734863,0QP2.LON,0QP2.LON
2015-03-27,326.29,326.29,326.25,326.25,90.0,0.005392912172573094,15.069999694824219,0QP2.LON,0QP2.LON
2015-03-30,329.0,329.25,328.0,329.25,163.0,0.009195402298850519,14.510000228881836,0QP2.LON,0QP2.LON
2015-03-31,330.5,330.5,328.75,330.2,13010.0,0.002885345482156465,15.289999961853027,0QP2.LON,0QP2.LON
2015-04-01,328.75,328.75,327.805,327.805,33.0,-0.00725317989097507,15.109999656677246,0QP2.LON,0QP2.LON
2015-04-02,327.0,328.6527,327.0,328.6527,7108.0,0.0025859886212840077,14.670000076293945,0QP2.LON,0QP2.LON
2015-04-07,314.75,314.75,313.85,313.85,391.0,-0.04504055496881654,14.779999732971191,0QP2.LON,0QP2.LON
2015-04-08,315.25,315.5,314.0,314.0,57.0,0.00047793531941997536,13.979999542236328,0QP2.LON,0QP2.LON
2015-04-10,313.0,313.005,312.75,313.005,221.0,-0.003168789808917216,12.579999923706055,0QP2.LON,0QP2.LON
2015-04-13,311.25,311.25,309.25,310.75,248.0,-0.007204357757863322,13.9399995803833,0QP2.LON,0QP2.LON
2015-04-14,311.405,311.405,310.25,310.25,104.0,-0.0016090104585679832,13.670000076293945,0QP2.LON,0QP2.LON
2015-04-15,310.305,310.305,310.0,310.0,166.0,-0.0008058017727639033,12.84000015258789,0QP2.LON,0QP2.LON
2015-04-16,309.6,309.6,308.0,308.25,193.0,-0.005645161290322553,12.600000381469727,0QP2.LON,0QP2.LON
2015-04-17,308.75,308.75,303.75,303.75,1022.0,-0.014598540145985384,13.890000343322754,0QP2.LON,0QP2.LON
2015-04-20,303.0,303.25,303.0,303.095,5017.0,-0.0021563786008229613,13.300000190734863,0QP2.LON,0QP2.LON
2015-04-21,305.75,305.75,304.505,304.505,14171.0,0.004652006796548758,13.25,0QP2.LON,0QP2.LON
2015-04-22,304.5,304.5,302.505,303.75,395.0,-0.002479433835240741,12.710000038146973,0QP2.LON,0QP2.LON
2015-04-23,302.75,302.75,302.75,302.75,31.0,-0.003292181069958877,12.479999542236328,0QP2.LON,0QP2.LON
2015-04-24,300.5,300.5,294.0,294.995,40924.0,-0.025615194054500412,12.289999961853027,0QP2.LON,0QP2.LON
2015-04-27,292.295,293.4,292.295,293.4,4101.0,-0.005406871302903515,13.119999885559082,0QP2.LON,0QP2.LON
2015-04-28,293.25,293.25,289.5,290.0,65.0,-0.011588275391956282,12.40999984741211,0QP2.LON,0QP2.LON
2015-04-29,290.5,290.5,290.01,290.19,47.0,0.0006551724137930925,13.390000343322754,0QP2.LON,0QP2.LON
2015-04-30,287.705,290.0,287.705,290.0,325.0,-0.0006547434439505562,14.550000190734863,0QP2.LON,0QP2.LON
2015-05-05,292.25,293.0,292.25,293.0,38.0,0.010344827586206806,14.3100004196167,0QP2.LON,0QP2.LON
2015-05-06,288.0,288.0,287.805,288.0,85.0,-0.017064846416382284,15.149999618530273,0QP2.LON,0QP2.LON
2015-05-08,292.5,293.75,291.25,293.75,170.0,0.01996527777777768,12.859999656677246,0QP2.LON,0QP2.LON
2015-05-11,295.5,298.0,295.5,298.0,26.0,0.014468085106382977,13.850000381469727,0QP2.LON,0QP2.LON
2015-05-12,297.2,297.2,295.805,297.0,1639.0,-0.003355704697986628,13.859999656677246,0QP2.LON,0QP2.LON
2015-05-15,301.105,301.105,299.5,301.105,953.0,0.013821548821548957,12.380000114440918,0QP2.LON,0QP2.LON
2015-05-18,299.31,299.31,298.0,299.11,43.0,-0.006625595722422384,12.729999542236328,0QP2.LON,0QP2.LON
2015-05-19,303.0,303.0,303.0,303.0,2.0,0.013005248905085143,12.850000381469727,0QP2.LON,0QP2.LON
2015-05-20,302.795,302.795,302.795,302.795,45.0,-0.0006765676567656032,12.880000114440918,0QP2.LON,0QP2.LON
2015-05-21,305.3,306.0,305.3,305.5,3736.0,0.008933436813685747,12.109999656677246,0QP2.LON,0QP2.LON
2015-05-22,309.5,309.5,309.5,309.5,13.0,0.013093289689034338,12.130000114440918,0QP2.LON,0QP2.LON
2015-05-26,306.25,307.5,303.75,303.75,198.0,-0.018578352180936952,14.0600004196167,0QP2.LON,0QP2.LON
2015-05-27,303.75,305.295,303.75,305.295,169.0,0.005086419753086435,13.270000457763672,0QP2.LON,0QP2.LON
2015-05-28,306.0,306.0,306.0,306.0,71.0,0.002309241880803725,13.3100004196167,0QP2.LON,0QP2.LON
2015-06-01,299.0,299.0,299.0,299.0,46.0,-0.022875816993464082,13.970000267028809,0QP2.LON,0QP2.LON
2015-06-02,298.5,298.5,298.25,298.25,75.0,-0.0025083612040134318,14.239999771118164,0QP2.LON,0QP2.LON
2015-06-03,298.91,299.5,298.75,299.5,168.0,0.00419111483654655,13.65999984741211,0QP2.LON,0QP2.LON
2015-06-05,294.305,294.305,294.305,294.305,16.0,-0.017345575959933246,14.210000038146973,0QP2.LON,0QP2.LON
2015-06-08,294.25,294.5,294.25,294.5,96.0,0.0006625779378535146,15.289999961853027,0QP2.LON,0QP2.LON
2015-06-09,290.805,292.0,290.805,292.0,25243.0,-0.008488964346349714,14.470000267028809,0QP2.LON,0QP2.LON
2015-06-10,288.0,288.0,288.0,288.0,44.0,-0.013698630136986356,13.220000267028809,0QP2.LON,0QP2.LON
2015-06-11,292.0,294.0,292.0,294.0,226.0,0.02083333333333326,12.850000381469727,0QP2.LON,0QP2.LON
2015-06-15,287.6,287.6,287.6,287.6,156.0,-0.021768707482993088,15.390000343322754,0QP2.LON,0QP2.LON
2015-06-17,287.105,287.105,287.105,287.105,55.0,-0.001721140472878968,14.5,0QP2.LON,0QP2.LON
2015-06-18,284.095,286.0,284.095,286.0,168.0,-0.003848766130858161,13.1899995803833,0QP2.LON,0QP2.LON
2015-06-23,296.1,296.518,296.1,296.518,2120.0,0.03677622377622369,12.109999656677246,0QP2.LON,0QP2.LON
2015-06-26,292.01,292.01,292.01,292.01,45.0,-0.015203124262270662,14.020000457763672,0QP2.LON,0QP2.LON
2015-06-29,288.005,288.005,288.005,288.005,27.0,-0.01371528372316011,18.850000381469727,0QP2.LON,0QP2.LON
2015-06-30,286.75,286.75,286.75,286.75,25.0,-0.004357563236749296,18.229999542236328,0QP2.LON,0QP2.LON
2015-07-01,289.85,289.85,289.85,289.85,1482.0,0.010810810810810922,16.09000015258789,0QP2.LON,0QP2.LON
2015-07-02,290.7,290.7,290.7,290.7,100.0,0.002932551319647869,16.790000915527344,0QP2.LON,0QP2.LON
2015-07-06,287.25,287.25,287.0,287.0,29.0,-0.012727898176814523,17.010000228881836,0QP2.LON,0QP2.LON
2015-07-07,282.705,282.705,281.956,281.956,68.0,-0.017574912891985983,16.09000015258789,0QP2.LON,0QP2.LON
2015-07-08,283.25,283.25,282.25,282.25,120.0,0.0010427158847479134,19.65999984741211,0QP2.LON,0QP2.LON
2015-07-09,290.75,290.75,290.5,290.5,78.0,0.029229406554472925,19.969999313354492,0QP2.LON,0QP2.LON
2015-07-10,293.5,293.7,293.5,293.505,118.0,0.01034423407917373,16.829999923706055,0QP2.LON,0QP2.LON
2015-07-13,296.75,296.75,296.75,296.75,150.0,0.011056029709885618,13.899999618530273,0QP2.LON,0QP2.LON
2015-07-15,301.01,301.01,301.01,301.01,15.0,0.014355518112889598,13.229999542236328,0QP2.LON,0QP2.LON
2015-07-16,304.9524,304.9524,304.9524,304.9524,3000.0,0.013097239294375562,12.109999656677246,0QP2.LON,0QP2.LON
2015-07-17,304.55,304.55,304.55,304.55,3673.0,-0.0013195501986539293,11.949999809265137,0QP2.LON,0QP2.LON
2015-07-21,305.25,305.25,305.25,305.25,80.0,0.0022984731571169537,12.220000267028809,0QP2.LON,0QP2.LON
2015-07-22,302.5,302.5,302.5,302.5,49.0,-0.009009009009009028,12.119999885559082,0QP2.LON,0QP2.LON
2015-07-24,300.0,300.0,300.0,300.0,70.0,-0.008264462809917328,13.739999771118164,0QP2.LON,0QP2.LON
2015-07-28,288.1,293.305,288.1,291.495,17544.0,-0.028349999999999986,13.4399995803833,0QP2.LON,0QP2.LON
2015-07-29,291.1,292.75,291.1,292.75,226.0,0.004305391173090367,12.5,0QP2.LON,0QP2.LON
2015-07-31,295.0,295.5,295.0,295.5,152.0,0.009393680614859123,12.119999885559082,0QP2.LON,0QP2.LON
2015-08-04,296.605,296.605,296.0,296.0,92.0,0.0016920473773265332,13.0,0QP2.LON,0QP2.LON
2015-08-05,299.75,299.75,299.75,299.75,30.0,0.012668918918918859,12.510000228881836,0QP2.LON,0QP2.LON
2015-08-06,287.7,287.7,287.7,287.7,200.0,-0.0402001668056714,13.770000457763672,0QP2.LON,0QP2.LON
2015-08-07,283.75,286.0,283.095,286.0,67357.0,-0.005908932916232179,13.390000343322754,0QP2.LON,0QP2.LON
2015-08-10,291.25,291.25,291.25,291.25,155.0,0.018356643356643332,12.229999542236328,0QP2.LON,0QP2.LON
2015-08-11,291.5,291.5,291.5,291.5,93.0,0.0008583690987125081,13.710000038146973,0QP2.LON,0QP2.LON
2015-08-12,288.51,288.51,288.51,288.51,80.0,-0.010257289879931464,13.609999656677246,0QP2.LON,0QP2.LON
2015-08-14,288.11,288.11,286.41,286.41,15192.0,-0.007278777165436123,12.829999923706055,0QP2.LON,0QP2.LON
2015-08-17,287.0,287.0,287.0,287.0,79.0,0.002059983939108223,13.020000457763672,0QP2.LON,0QP2.LON
2015-08-19,285.005,285.61,285.005,285.61,64.0,-0.004843205574912801,15.25,0QP2.LON,0QP2.LON
2015-08-20,279.69,279.69,279.69,279.69,34.0,-0.02072756556142996,19.139999389648438,0QP2.LON,0QP2.LON
2015-08-21,275.5,275.5,275.5,275.5,100.0,-0.014980871679359242,28.030000686645508,0QP2.LON,0QP2.LON
2015-08-24,259.25,259.25,259.25,259.25,31.0,-0.05898366606170602,40.7400016784668,0QP2.LON,0QP2.LON
2015-08-25,267.6,267.6,266.81,266.81,15012.0,0.02916104146576659,36.02000045776367,0QP2.LON,0QP2.LON
2015-08-26,263.895,263.895,263.895,263.895,40.0,-0.010925377609534936,30.31999969482422,0QP2.LON,0QP2.LON
2015-08-28,265.11,265.11,265.11,265.11,30.0,0.004604103904962242,26.049999237060547,0QP2.LON,0QP2.LON
2015-09-04,259.75,260.25,259.75,260.0,39.0,-0.019275017917091075,27.799999237060547,0QP2.LON,0QP2.LON
2015-09-07,260.5,260.5,260.5,260.5,89.0,0.0019230769230769162,,0QP2.LON,0QP2.LON
2015-09-08,263.0,263.0,263.0,263.0,62.0,0.009596928982725572,24.899999618530273,0QP2.LON,0QP2.LON
2015-09-10,266.105,266.105,264.5,264.5,19.0,0.005703422053231932,24.3700008392334,0QP2.LON,0QP2.LON
2015-09-11,264.0,264.0,264.0,264.0,27.0,-0.001890359168241984,23.200000762939453,0QP2.LON,0QP2.LON
2015-09-14,265.115,265.115,263.0,263.25,38.0,-0.0028409090909090606,24.25,0QP2.LON,0QP2.LON
2015-09-15,262.5,262.5,262.5,262.5,17.0,-0.002849002849002802,22.540000915527344,0QP2.LON,0QP2.LON
2015-09-16,267.5,267.5,266.095,266.095,161.0,0.013695238095238205,21.350000381469727,0QP2.LON,0QP2.LON
2015-09-17,267.39,267.39,267.0,267.305,206.0,0.004547248163249806,21.139999389648438,0QP2.LON,0QP2.LON
2015-09-18,262.0,262.0,262.0,262.0,28.0,-0.019846243055685497,22.280000686645508,0QP2.LON,0QP2.LON
2015-09-21,256.0,258.0,255.5,256.0,51.0,-0.022900763358778664,20.139999389648438,0QP2.LON,0QP2.LON
2015-09-22,252.4,252.4,246.0,246.0,660.0,-0.0390625,22.440000534057617,0QP2.LON,0QP2.LON
2015-09-23,242.5,242.9,242.5,242.9,107.0,-0.012601626016260137,22.1299991607666,0QP2.LON,0QP2.LON
2015-09-24,240.3,240.3,236.405,236.405,169.0,-0.026739398929600644,23.469999313354492,0QP2.LON,0QP2.LON
2015-09-25,239.25,239.405,239.25,239.405,68.0,0.01269008692709539,23.6200008392334,0QP2.LON,0QP2.LON
2015-09-28,239.395,241.305,239.395,239.395,286.0,-4.177022200868574e-05,27.6299991607666,0QP2.LON,0QP2.LON
2015-09-29,233.99,235.75,233.99,235.75,80.0,-0.015225881910649774,26.829999923706055,0QP2.LON,0QP2.LON
2015-09-30,237.0,237.0,237.0,237.0,9.0,0.005302226935312904,24.5,0QP2.LON,0QP2.LON
2015-10-05,243.5,245.0,243.5,245.0,46.0,0.03375527426160341,19.540000915527344,0QP2.LON,0QP2.LON
2015-10-06,248.6882,248.6882,248.6882,248.6882,30.0,0.015053877551020278,19.399999618530273,0QP2.LON,0QP2.LON
2015-10-08,253.25,255.5,253.25,255.5,119.0,0.027390925665150112,17.420000076293945,0QP2.LON,0QP2.LON
2015-10-13,255.5,255.5,253.0,253.0,56.0,-0.009784735812133127,17.670000076293945,0QP2.LON,0QP2.LON
2015-10-14,251.0,251.0,251.0,251.0,2.0,-0.007905138339920903,18.030000686645508,0QP2.LON,0QP2.LON
2015-10-15,250.25,250.25,250.0,250.0,39.0,-0.003984063745019917,16.049999237060547,0QP2.LON,0QP2.LON
2015-10-16,254.25,254.25,254.25,254.25,9.0,0.016999999999999904,15.050000190734863,0QP2.LON,0QP2.LON
2015-10-19,255.0,255.0,255.0,255.0,60.0,0.002949852507374562,14.979999542236328,0QP2.LON,0QP2.LON
2015-10-20,251.0,252.51,251.0,252.51,82.0,-0.009764705882353009,15.75,0QP2.LON,0QP2.LON
2015-10-21,253.71,254.0,253.71,254.0,52.0,0.005900756405686991,16.700000762939453,0QP2.LON,0QP2.LON
2015-10-22,255.1901,255.1901,255.1901,255.1901,84.0,0.004685433070866107,14.449999809265137,0QP2.LON,0QP2.LON
2015-10-23,260.25,263.25,260.0,260.0,10074.0,0.018848301717033777,14.460000038146973,0QP2.LON,0QP2.LON
2015-10-26,259.6,260.2625,259.25,259.5,40742.0,-0.0019230769230769162,15.289999961853027,0QP2.LON,0QP2.LON
2015-10-27,261.25,261.25,259.505,259.505,152.0,1.9267822735979934e-05,15.430000305175781,0QP2.LON,0QP2.LON
2015-10-28,258.75,258.75,258.75,258.75,5.0,-0.0029093851756227807,14.329999923706055,0QP2.LON,0QP2.LON
2015-10-29,260.3,261.25,260.3,261.0,101.0,0.008695652173912993,14.609999656677246,0QP2.LON,0QP2.LON
2015-10-30,261.715,261.715,261.715,261.715,48.0,0.0027394636015325435,15.069999694824219,0QP2.LON,0QP2.LON
2015-11-02,262.41,262.41,262.41,262.41,12.0,0.002655560437881066,14.149999618530273,0QP2.LON,0QP2.LON
2015-11-03,263.25,263.25,262.99,263.25,104.0,0.0032010975191494317,14.539999961853027,0QP2.LON,0QP2.LON
2015-11-04,265.75,265.75,265.75,265.75,30.0,0.009496676163342821,15.510000228881836,0QP2.LON,0QP2.LON
2015-11-05,264.75,264.75,264.75,264.75,17.0,-0.0037629350893697566,15.050000190734863,0QP2.LON,0QP2.LON
2015-11-09,265.75,265.75,265.75,265.75,28.0,0.0037771482530688516,16.520000457763672,0QP2.LON,0QP2.LON
2015-11-10,263.25,263.25,261.75,263.25,61.0,-0.00940733772342428,15.289999961853027,0QP2.LON,0QP2.LON
2015-11-13,264.31,264.31,261.61,261.61,325.0,-0.0062298195631528275,20.079999923706055,0QP2.LON,0QP2.LON
2015-11-16,262.09,262.09,262.09,262.09,20.0,0.001834792248002648,18.15999984741211,0QP2.LON,0QP2.LON
2015-11-17,265.75,266.1,265.75,266.1,396.0,0.015300087756114467,18.84000015258789,0QP2.LON,0QP2.LON
2015-11-18,266.75,267.25,266.75,267.25,46.0,0.00432168357760232,16.850000381469727,0QP2.LON,0QP2.LON
2015-11-23,268.105,268.25,267.5,267.5,129.0,0.00093545369504211,15.619999885559082,0QP2.LON,0QP2.LON
2015-11-24,265.5,265.5,265.5,265.5,28.0,-0.00747663551401867,15.930000305175781,0QP2.LON,0QP2.LON
2015-11-25,270.0,270.0,270.0,270.0,20000.0,0.016949152542372836,15.1899995803833,0QP2.LON,0QP2.LON
2015-11-26,270.0,270.75,270.0,270.75,77.0,0.002777777777777768,,0QP2.LON,0QP2.LON
2015-11-27,272.5,272.5,269.7857,271.5,133.0,0.0027700831024930483,15.119999885559082,0QP2.LON,0QP2.LON
2015-11-30,271.2,271.2,271.2,271.2,8.0,-0.0011049723756906271,16.1299991607666,0QP2.LON,0QP2.LON
2015-12-01,269.205,269.696,269.205,269.205,12740.0,-0.007356194690265494,14.670000076293945,0QP2.LON,0QP2.LON
2015-12-02,268.0,268.0,266.0,266.5,386.0,-0.010048104604297836,15.90999984741211,0QP2.LON,0QP2.LON
2015-12-03,266.21,266.25,263.31,263.31,1036.0,-0.011969981238273864,18.110000610351562,0QP2.LON,0QP2.LON
2015-12-04,258.305,258.305,258.305,258.305,200.0,-0.01900801336827307,14.8100004196167,0QP2.LON,0QP2.LON
2015-12-09,254.11,254.11,254.11,254.11,100.0,-0.01624049089254953,19.610000610351562,0QP2.LON,0QP2.LON
2015-12-10,254.705,254.705,254.705,254.705,20.0,0.0023415056471607354,19.34000015258789,0QP2.LON,0QP2.LON
2015-12-11,251.31,251.31,248.5,248.5,82.0,-0.024361516263913252,24.389999389648438,0QP2.LON,0QP2.LON
2015-12-15,249.25,249.5,249.25,249.5,56.0,0.004024144869215318,20.950000762939453,0QP2.LON,0QP2.LON
2015-12-16,250.405,250.405,249.4,250.405,120050.0,0.0036272545090181296,17.860000610351562,0QP2.LON,0QP2.LON
2015-12-17,251.105,251.105,251.105,251.105,10.0,0.0027954713364348738,18.940000534057617,0QP2.LON,0QP2.LON
2015-12-18,252.0,252.0,252.0,252.0,175.0,0.0035642460325362446,20.700000762939453,0QP2.LON,0QP2.LON
2015-12-21,252.0,252.0,252.0,252.0,1235.0,0.0,18.700000762939453,0QP2.LON,0QP2.LON
2015-12-23,253.0,254.75,253.0,254.75,35.0,0.010912698412698374,15.569999694824219,0QP2.LON,0QP2.LON
2015-12-30,259.75,259.75,258.5,258.5,120.0,0.014720314033366044,17.290000915527344,0QP2.LON,0QP2.LON
2016-01-05,250.405,250.405,250.405,250.405,33.0,-0.03131528046421661,19.34000015258789,0QP2.LON,0QP2.LON
2016-01-07,241.705,241.705,241.705,241.705,60.0,-0.034743715181406065,24.989999771118164,0QP2.LON,0QP2.LON
2016-01-08,246.5,247.0,246.5,247.0,55.0,0.021906869944767315,27.010000228881836,0QP2.LON,0QP2.LON
2016-01-11,244.5,250.5,244.5,250.5,87.0,0.014170040485830038,24.299999237060547,0QP2.LON,0QP2.LON
2016-01-12,249.0,249.0,249.0,249.0,57.0,-0.005988023952095856,22.469999313354492,0QP2.LON,0QP2.LON
2016-01-13,254.5,254.5,254.5,254.5,57.0,0.02208835341365467,25.219999313354492,0QP2.LON,0QP2.LON
2016-01-15,246.3717,246.3717,246.3717,246.3717,329.0,-0.03193831041257367,27.020000457763672,0QP2.LON,0QP2.LON
2016-01-18,243.5,243.5,242.5,242.5,90.0,-0.015714873096220106,,0QP2.LON,0QP2.LON
2016-01-19,246.0,247.3,246.0,246.0,126.0,0.014432989690721598,26.049999237060547,0QP2.LON,0QP2.LON
2016-01-20,226.0,227.6,217.9119,218.25,11186.0,-0.11280487804878048,27.59000015258789,0QP2.LON,0QP2.LON
2016-01-21,216.75,218.0,214.75,218.0,17026.0,-0.001145475372279492,26.690000534057617,0QP2.LON,0QP2.LON
2016-01-22,222.5,225.25,222.5,225.25,6564.0,0.03325688073394506,22.34000015258789,0QP2.LON,0QP2.LON
2016-01-25,221.5,221.5,220.75,220.75,166.0,-0.019977802441731418,24.149999618530273,0QP2.LON,0QP2.LON
2016-01-26,216.7,221.583,216.7,221.583,38767.0,0.003773499433748606,22.5,0QP2.LON,0QP2.LON
2016-01-27,223.5,224.5494,223.5,224.0,5072.0,0.01090787650677183,23.110000610351562,0QP2.LON,0QP2.LON
2016-01-28,220.75,220.75,220.75,220.75,12.0,-0.014508928571428603,22.420000076293945,0QP2.LON,0QP2.LON
2016-01-29,224.5,225.0,224.0,225.0,83.0,0.01925254813137034,20.200000762939453,0QP2.LON,0QP2.LON
2016-02-01,226.0,226.0,226.0,226.0,2.0,0.004444444444444473,19.979999542236328,0QP2.LON,0QP2.LON
2016-02-02,219.5,221.195,219.5,220.7,13513.0,-0.02345132743362832,21.979999542236328,0QP2.LON,0QP2.LON
2016-02-03,217.0,217.75,216.5,216.5,239.0,-0.019030357951970944,21.649999618530273,0QP2.LON,0QP2.LON
2016-02-04,216.5,216.5,214.0038,214.1,50205.0,-0.011085450346420389,21.84000015258789,0QP2.LON,0QP2.LON
2016-02-05,214.25,214.25,212.5,212.5,10301.0,-0.007473143390938741,23.3799991607666,0QP2.LON,0QP2.LON
2016-02-08,213.5,213.5,208.0,208.0,278.0,-0.02117647058823524,26.0,0QP2.LON,0QP2.LON
2016-02-09,204.0,204.0,198.11,198.11,140.0,-0.04754807692307683,26.540000915527344,0QP2.LON,0QP2.LON
2016-02-10,205.25,205.25,205.25,205.25,170.0,0.036040583514209246,26.290000915527344,0QP2.LON,0QP2.LON
2016-02-11,201.7,201.7,196.75,196.75,10300.0,-0.04141291108404388,28.139999389648438,0QP2.LON,0QP2.LON
2016-02-12,205.0,205.0,203.45,203.45,134.0,0.034053367217280694,25.399999618530273,0QP2.LON,0QP2.LON
2016-02-16,210.0,210.0,208.5,209.5,5130.0,0.029737036126812555,24.110000610351562,0QP2.LON,0QP2.LON
2016-02-17,211.25,215.605,211.25,215.605,92.0,0.029140811455847127,22.309999465942383,0QP2.LON,0QP2.LON
2016-02-18,216.5,217.0,215.7,217.0,149.0,0.006470165348670065,21.639999389648438,0QP2.LON,0QP2.LON
2016-02-22,217.605,217.605,216.75,216.75,227.0,-0.0011520737327188613,19.3799991607666,0QP2.LON,0QP2.LON
2016-02-23,214.995,215.09,212.5,212.695,116.0,-0.018708189158016197,20.979999542236328,0QP2.LON,0QP2.LON
2016-02-24,205.75,205.75,205.75,205.75,17.0,-0.03265238957192218,20.719999313354492,0QP2.LON,0QP2.LON
2016-02-25,207.25,207.25,207.25,207.25,50.0,0.007290400972053357,19.110000610351562,0QP2.LON,0QP2.LON
2016-02-26,211.75,212.75,211.75,212.25,20.0,0.024125452352231624,19.809999465942383,0QP2.LON,0QP2.LON
2016-02-29,210.5,212.695,209.5,212.695,168.0,0.002096584216725539,20.549999237060547,0QP2.LON,0QP2.LON
2016-03-01,213.5,215.0,213.5,215.0,31485.0,0.010837114177578266,17.700000762939453,0QP2.LON,0QP2.LON
2016-03-02,219.31,219.31,219.1322,219.1322,1059.0,0.019219534883720968,17.09000015258789,0QP2.LON,0QP2.LON
2016-03-03,221.6,223.705,221.6,222.9,115.0,0.017194186888097596,16.700000762939453,0QP2.LON,0QP2.LON
2016-03-04,224.0,225.0,223.5,225.0,228.0,0.009421265141319024,16.860000610351562,0QP2.LON,0QP2.LON
2016-03-07,224.21,224.21,224.21,224.21,39.0,-0.0035111111111110205,17.350000381469727,0QP2.LON,0QP2.LON
2016-03-08,222.0,224.0,222.0,224.0,10089.0,-0.0009366219169528733,18.670000076293945,0QP2.LON,0QP2.LON
2016-03-09,224.7347,225.5,222.75,222.75,2247.0,-0.005580357142857095,18.34000015258789,0QP2.LON,0QP2.LON
2016-03-10,222.0,223.0,222.0,223.0,122.0,0.001122334455667895,18.049999237060547,0QP2.LON,0QP2.LON
2016-03-11,226.25,226.25,225.805,226.25,214.0,0.014573991031390232,16.5,0QP2.LON,0QP2.LON
2016-03-14,229.6,229.6,226.5,226.5,133.0,0.0011049723756906271,16.920000076293945,0QP2.LON,0QP2.LON
2016-03-15,227.25,228.5,227.25,228.5,260.0,0.008830022075055233,16.84000015258789,0QP2.LON,0QP2.LON
2016-03-16,228.5,228.5,228.5,228.5,37.0,0.0,14.989999771118164,0QP2.LON,0QP2.LON
2016-03-18,225.505,225.505,225.505,225.505,10.0,-0.013107221006564584,14.020000457763672,0QP2.LON,0QP2.LON
2016-03-23,226.75,226.75,226.75,226.75,22.0,0.005520941885989172,14.9399995803833,0QP2.LON,0QP2.LON
2016-03-24,221.75,221.9,220.75,220.75,143.0,-0.026460859977949336,14.739999771118164,0QP2.LON,0QP2.LON
2016-03-29,223.75,223.75,220.0,220.0,152.0,-0.003397508493771184,13.819999694824219,0QP2.LON,0QP2.LON
2016-03-30,221.41,221.41,221.25,221.25,29.0,0.005681818181818121,13.5600004196167,0QP2.LON,0QP2.LON
2016-03-31,219.0,222.5,219.0,222.5,92.0,0.005649717514124353,13.949999809265137,0QP2.LON,0QP2.LON
2016-04-01,204.5,204.5,200.75,202.61,297.0,-0.08939325842696622,13.100000381469727,0QP2.LON,0QP2.LON
2016-04-04,201.75,203.505,201.0,202.25,402.0,-0.0017768125956271197,14.119999885559082,0QP2.LON,0QP2.LON
2016-04-05,197.305,197.75,197.305,197.305,197.0,-0.024449938195302834,15.420000076293945,0QP2.LON,0QP2.LON
2016-04-06,196.99,199.3,196.99,197.0,27299.0,-0.0015458300600593722,14.09000015258789,0QP2.LON,0QP2.LON
2016-04-07,197.205,199.0,195.5,199.0,15641.0,0.010152284263959421,16.15999984741211,0QP2.LON,0QP2.LON
2016-04-08,197.605,198.5,197.5,197.5,203.0,-0.007537688442211032,15.359999656677246,0QP2.LON,0QP2.LON
2016-04-11,199.0,201.25,199.0,200.205,898.0,0.013696202531645607,16.260000228881836,0QP2.LON,0QP2.LON
2016-04-12,202.5,203.1,202.5,203.1,1247.0,0.014460178317224681,14.850000381469727,0QP2.LON,0QP2.LON
2016-04-13,205.0,209.0,205.0,208.5,137.0,0.026587887740029625,13.84000015258789,0QP2.LON,0QP2.LON
2016-04-14,211.25,211.25,210.75,210.75,47.0,0.010791366906474753,13.720000267028809,0QP2.LON,0QP2.LON
2016-04-15,211.5,211.5,210.0,210.505,7978.0,-0.0011625148279952313,13.619999885559082,0QP2.LON,0QP2.LON
2016-04-18,209.5,210.205,209.5,210.205,53.0,-0.001425144295859826,13.350000381469727,0QP2.LON,0QP2.LON
2016-04-19,213.5,215.705,213.5,215.705,75.0,0.026164934230869852,13.239999771118164,0QP2.LON,0QP2.LON
2016-04-20,215.5,215.5,215.5,215.5,151.0,-0.0009503720358824408,13.279999732971191,0QP2.LON,0QP2.LON
2016-04-22,217.25,217.25,216.71,217.0,92.0,0.006960556844547661,13.220000267028809,0QP2.LON,0QP2.LON
2016-04-25,215.5,215.5,215.5,215.5,27.0,-0.00691244239631339,14.079999923706055,0QP2.LON,0QP2.LON
2016-04-26,216.75,216.75,216.75,216.75,4.0,0.0058004640371229765,13.960000038146973,0QP2.LON,0QP2.LON
2016-04-27,216.25,216.25,216.25,216.25,151.0,-0.0023068050749711633,13.770000457763672,0QP2.LON,0QP2.LON
2016-04-28,215.5,215.5,215.5,215.5,26.0,-0.003468208092485603,15.220000267028809,0QP2.LON,0QP2.LON
2016-04-29,215.9,215.9,215.9,215.9,20000.0,0.001856148491879317,15.699999809265137,0QP2.LON,0QP2.LON
2016-05-03,212.5,212.5,212.5,212.5,1.0,-0.015748031496062964,15.600000381469727,0QP2.LON,0QP2.LON
2016-05-04,212.0,212.0,211.195,211.195,330.0,-0.0061411764705883165,16.049999237060547,0QP2.LON,0QP2.LON
2016-05-06,207.5,209.0,207.5,209.0,240.0,-0.010393238476289701,14.720000267028809,0QP2.LON,0QP2.LON
2016-05-09,211.905,212.195,210.705,212.195,204.0,0.015287081339712794,14.569999694824219,0QP2.LON,0QP2.LON
2016-05-10,215.105,215.105,215.105,215.105,63.0,0.013713800984943125,13.630000114440918,0QP2.LON,0QP2.LON
2016-05-12,229.75,233.405,229.75,231.25,190.0,0.07505636782036684,14.40999984741211,0QP2.LON,0QP2.LON
2016-05-13,228.5,229.0,228.5,229.0,158.0,-0.009729729729729741,15.039999961853027,0QP2.LON,0QP2.LON
2016-05-17,232.5,236.0,232.5,234.6388,375.0,0.024623580786026222,15.569999694824219,0QP2.LON,0QP2.LON
2016-05-18,235.0,235.09,233.75,234.25,220.0,-0.0016570149523438271,15.949999809265137,0QP2.LON,0QP2.LON
2016-05-19,235.25,235.25,235.25,235.25,76.0,0.004268943436499528,16.329999923706055,0QP2.LON,0QP2.LON
2016-05-20,238.295,238.295,238.295,238.295,3.0,0.012943676939425997,15.199999809265137,0QP2.LON,0QP2.LON
2016-05-23,237.0,237.75,237.0,237.75,18.0,-0.002287081138924396,15.819999694824219,0QP2.LON,0QP2.LON
2016-05-24,238.5,241.75,238.25,241.75,176.0,0.016824395373291168,14.420000076293945,0QP2.LON,0QP2.LON
2016-05-25,244.205,244.205,244.205,244.205,50.0,0.010155118924508821,13.899999618530273,0QP2.LON,0QP2.LON
2016-05-31,242.0,242.0,241.5,241.5,33.0,-0.011076759280113091,14.1899995803833,0QP2.LON,0QP2.LON
2016-06-01,239.0,239.0,238.25,238.25,18.0,-0.01345755693581785,14.199999809265137,0QP2.LON,0QP2.LON
2016-06-02,238.5,238.5,237.3,237.3,152.0,-0.003987408184679908,13.630000114440918,0QP2.LON,0QP2.LON
2016-06-03,237.5,237.5,233.7,233.8,62.0,-0.014749262536873142,13.470000267028809,0QP2.LON,0QP2.LON
2016-06-06,235.75,235.75,233.75,234.5,85.0,0.0029940119760478723,13.649999618530273,0QP2.LON,0QP2.LON
2016-06-07,234.7,234.8408,234.7,234.8408,600.0,0.0014533049040512669,14.050000190734863,0QP2.LON,0QP2.LON
2016-06-09,227.105,227.105,227.105,227.105,150.0,-0.03294061338574905,14.640000343322754,0QP2.LON,0QP2.LON
2016-06-10,226.405,227.005,226.405,227.005,125.0,-0.00044032495982027076,17.030000686645508,0QP2.LON,0QP2.LON
2016-06-13,222.51,222.51,221.0,221.0,349.0,-0.026453161824629423,20.969999313354492,0QP2.LON,0QP2.LON
2016-06-15,223.5,223.5,223.5,223.5,150.0,0.011312217194570096,20.139999389648438,0QP2.LON,0QP2.LON
2016-06-16,220.0,220.0,220.0,220.0,20.0,-0.015659955257270708,19.3700008392334,0QP2.LON,0QP2.LON
2016-06-17,227.25,227.25,226.25,226.25,196.0,0.02840909090909083,19.40999984741211,0QP2.LON,0QP2.LON
2016-06-20,231.5,233.0,231.5,231.505,229.0,0.02322651933701647,18.3700008392334,0QP2.LON,0QP2.LON
2016-06-21,232.0,232.0,230.55,230.75,210.0,-0.0032612686551046766,18.479999542236328,0QP2.LON,0QP2.LON
2016-06-22,236.25,237.75,236.25,237.75,723.0,0.03033586132177679,21.170000076293945,0QP2.LON,0QP2.LON
2016-06-23,236.25,240.75,236.25,240.75,57.0,0.012618296529968376,17.25,0QP2.LON,0QP2.LON
2016-06-24,226.75,226.75,226.75,226.75,60.0,-0.058151609553478756,25.760000228881836,0QP2.LON,0QP2.LON
2016-06-27,221.5,221.5,219.5,220.8447,8997.0,-0.026043219404630724,23.850000381469727,0QP2.LON,0QP2.LON
2016-06-28,226.5,227.5,226.5,226.91,200.0,0.027464095810313838,18.75,0QP2.LON,0QP2.LON
2016-06-29,233.75,237.3251,233.75,233.85,6300.0,0.03058481336212604,16.639999389648438,0QP2.LON,0QP2.LON
2016-06-30,237.0,238.25,236.9884,236.9884,52864.0,0.0134205687406459,15.630000114440918,0QP2.LON,0QP2.LON
2016-07-01,241.5,242.5,241.5,242.0,173.0,0.02114702660552159,14.770000457763672,0QP2.LON,0QP2.LON
2016-07-04,238.75,238.75,238.75,238.75,8.0,-0.013429752066115741,,0QP2.LON,0QP2.LON
2016-07-06,231.0,231.0,231.0,231.0,65.0,-0.032460732984293195,14.960000038146973,0QP2.LON,0QP2.LON
2016-07-07,227.5,227.5,227.5,227.5,29.0,-0.015151515151515138,14.760000228881836,0QP2.LON,0QP2.LON
2016-07-11,230.75,231.75,230.75,231.75,50.0,0.018681318681318615,13.539999961853027,0QP2.LON,0QP2.LON
2016-07-12,234.11,235.5,234.11,235.5,792.0,0.016181229773462702,13.550000190734863,0QP2.LON,0QP2.LON
2016-07-13,236.395,236.395,234.7057,234.7057,117.0,-0.0033728237791931237,13.039999961853027,0QP2.LON,0QP2.LON
2016-07-14,234.0,237.39,234.0,237.39,40143.0,0.01143687605371313,12.819999694824219,0QP2.LON,0QP2.LON
2016-07-15,236.0,236.0,234.5,234.5,62.0,-0.01217405956442974,12.670000076293945,0QP2.LON,0QP2.LON
2016-07-18,235.75,236.25,235.75,236.25,284.0,0.00746268656716409,12.4399995803833,0QP2.LON,0QP2.LON
2016-07-19,233.0,233.0,233.0,233.0,10.0,-0.013756613756613745,11.970000267028809,0QP2.LON,0QP2.LON
2016-07-21,235.0,235.0,233.6941,233.6941,787.0,0.0029789699570814676,12.739999771118164,0QP2.LON,0QP2.LON
2016-07-22,232.5,233.75,232.5,233.75,72.0,0.0002392015887435761,12.020000457763672,0QP2.LON,0QP2.LON
2016-07-25,233.5,233.5,232.5565,232.5565,793.0,-0.005105882352941182,12.869999885559082,0QP2.LON,0QP2.LON
2016-07-29,232.9561,233.5,232.9561,232.9561,317.0,0.001718292113959352,11.869999885559082,0QP2.LON,0QP2.LON
2016-08-02,229.5,229.5,228.75,228.75,534.0,-0.018055333172215637,13.369999885559082,0QP2.LON,0QP2.LON
2016-08-04,232.0,232.0,231.9,231.9,77.0,0.013770491803278606,12.420000076293945,0QP2.LON,0QP2.LON
2016-08-05,233.5,233.5,233.5,233.5,9.0,0.006899525657610983,11.390000343322754,0QP2.LON,0QP2.LON
2016-08-08,238.3,238.3,237.7461,237.7461,648.0,0.01818458244111354,11.5,0QP2.LON,0QP2.LON
2016-08-09,239.0,240.505,239.0,239.8299,20196.0,0.008764812545820844,11.65999984741211,0QP2.LON,0QP2.LON
2016-08-10,241.905,243.0,241.905,242.7315,1365.0,0.012098574864935596,12.050000190734863,0QP2.LON,0QP2.LON
2016-08-11,253.75,254.0,253.4073,253.4073,232.0,0.043981930651769474,11.680000305175781,0QP2.LON,0QP2.LON
2016-08-12,250.7,252.3382,250.7,252.0608,1767.0,-0.005313580153373576,11.550000190734863,0QP2.LON,0QP2.LON
2016-08-15,253.0,253.25,253.0,253.2316,715.0,0.004644911069075386,11.8100004196167,0QP2.LON,0QP2.LON
2016-08-16,250.405,250.5,250.2341,250.2341,455.0,-0.011836990328221164,12.640000343322754,0QP2.LON,0QP2.LON
2016-08-17,248.0,248.0,248.0,248.0,26.0,-0.008928039783546726,12.1899995803833,0QP2.LON,0QP2.LON
2016-08-18,249.01,249.01,247.305,248.0,152.0,0.0,11.430000305175781,0QP2.LON,0QP2.LON
2016-08-19,244.5,244.5,243.5,243.6847,859.0,-0.017400403225806493,11.34000015258789,0QP2.LON,0QP2.LON
2016-08-22,244.805,244.805,244.805,244.805,56.0,0.004597334178140899,12.270000457763672,0QP2.LON,0QP2.LON
2016-08-23,246.11,248.75,246.11,248.4,366.0,0.014685157574396035,12.380000114440918,0QP2.LON,0QP2.LON
2016-08-25,244.5,244.9511,244.5,244.9511,23.0,-0.01388446054750403,13.630000114440918,0QP2.LON,0QP2.LON
2016-08-31,252.1075,252.1075,252.1075,252.1075,93.0,0.02921562711904535,13.420000076293945,0QP2.LON,0QP2.LON
2016-09-01,252.0,252.3,251.5,251.5,192.0,-0.0024096863441189775,13.479999542236328,0QP2.LON,0QP2.LON
2016-09-02,250.0,250.91,250.0,250.91,40.0,-0.0023459244532803014,11.979999542236328,0QP2.LON,0QP2.LON
2016-09-05,255.25,255.25,255.25,255.25,6.0,0.01729703877884492,,0QP2.LON,0QP2.LON
2016-09-07,257.4567,257.4567,255.379,255.379,4035.0,0.0005053868756121904,11.9399995803833,0QP2.LON,0QP2.LON
2016-09-09,258.3,258.3,258.3,258.3,100.0,0.01143790209844986,17.5,0QP2.LON,0QP2.LON
2016-09-12,254.905,254.905,254.905,254.905,231.0,-0.013143631436314362,15.15999984741211,0QP2.LON,0QP2.LON
2016-09-13,258.0,258.0,257.1107,257.1107,189.0,0.008653027598517049,17.850000381469727,0QP2.LON,0QP2.LON
2016-09-14,255.7708,255.7708,254.0885,254.0885,30760.0,-0.011754469961771319,18.139999389648438,0QP2.LON,0QP2.LON
2016-09-15,254.5,254.5,254.5,254.5,50.0,0.0016195144605126721,16.299999237060547,0QP2.LON,0QP2.LON
2016-09-16,253.25,253.25,252.79,252.79,31.0,-0.006719056974459736,15.369999885559082,0QP2.LON,0QP2.LON
2016-09-21,252.5,252.5696,252.5,252.5696,433.0,-0.0008718699315636291,13.300000190734863,0QP2.LON,0QP2.LON
2016-09-22,255.25,255.4596,255.25,255.4596,775.0,0.011442390533143998,12.020000457763672,0QP2.LON,0QP2.LON
2016-09-23,255.0,255.195,255.0,255.195,54.0,-0.00103578021730244,12.289999961853027,0QP2.LON,0QP2.LON
2016-09-26,251.105,251.105,251.105,251.105,17.0,-0.016026959775857663,14.5,0QP2.LON,0QP2.LON
2016-09-27,252.0,252.0,252.0,252.0,30.0,0.0035642460325362446,13.100000381469727,0QP2.LON,0QP2.LON
2016-09-28,253.0036,253.0036,253.0036,253.0036,54.0,0.003982539682539699,12.390000343322754,0QP2.LON,0QP2.LON
2016-09-29,251.805,251.805,251.405,251.805,100.0,-0.0047374819963036385,14.020000457763672,0QP2.LON,0QP2.LON
2016-09-30,248.3807,248.3807,248.3807,248.3807,591.0,-0.013599015110899337,13.289999961853027,0QP2.LON,0QP2.LON
2016-10-03,250.0,251.25,250.0,250.5,352.0,0.00853246649196171,13.569999694824219,0QP2.LON,0QP2.LON
2016-10-04,252.75,254.0,252.75,254.0,25.0,0.013972055888223478,13.630000114440918,0QP2.LON,0QP2.LON
2016-10-05,254.0,254.0,254.0,254.0,12.0,0.0,12.989999771118164,0QP2.LON,0QP2.LON
2016-10-06,253.75,255.195,253.75,255.0,76.0,0.003937007874015741,12.84000015258789,0QP2.LON,0QP2.LON
2016-10-07,257.5,257.5,256.0,256.7401,21579.0,0.0068239215686274335,13.479999542236328,0QP2.LON,0QP2.LON
2016-10-10,256.85,256.85,256.85,256.85,100.0,0.0004280593487344664,13.380000114440918,0QP2.LON,0QP2.LON
2016-10-11,258.25,258.25,256.5,256.5,96.0,-0.00136266303289867,15.359999656677246,0QP2.LON,0QP2.LON
2016-10-12,255.5,256.05,255.25,255.25,150.0,-0.004873294346978585,15.90999984741211,0QP2.LON,0QP2.LON
2016-10-14,252.75,252.75,252.75,252.75,20.0,-0.009794319294809006,16.1200008392334,0QP2.LON,0QP2.LON
2016-10-17,253.195,253.195,253.195,253.195,190.0,0.0017606330365973477,16.209999084472656,0QP2.LON,0QP2.LON
2016-10-18,252.75,253.75,252.75,253.505,64.0,0.0012243527715791735,15.279999732971191,0QP2.LON,0QP2.LON
2016-10-19,254.75,255.25,254.75,255.25,552.0,0.006883493422220388,14.40999984741211,0QP2.LON,0QP2.LON
2016-10-20,256.305,256.305,256.305,256.305,1.0,0.00413320274240947,13.75,0QP2.LON,0QP2.LON
2016-10-21,257.0,257.0,254.705,254.705,12695.0,-0.006242562571935784,13.34000015258789,0QP2.LON,0QP2.LON
2016-10-24,258.805,259.5,258.805,259.5,16.0,0.01882570031997788,13.020000457763672,0QP2.LON,0QP2.LON
2016-10-26,259.1,259.1,259.1,259.1,73.0,-0.0015414258188823915,14.239999771118164,0QP2.LON,0QP2.LON
2016-10-27,260.0,260.4251,260.0,260.4251,712.0,0.005114241605557623,15.359999656677246,0QP2.LON,0QP2.LON
2016-10-28,258.75,260.405,258.75,260.405,90.0,-7.718150055435746e-05,16.190000534057617,0QP2.LON,0QP2.LON
2016-11-01,259.105,259.105,258.305,258.305,50.0,-0.00806436128338539,18.559999465942383,0QP2.LON,0QP2.LON
2016-11-02,252.75,253.75,252.75,253.75,55.0,-0.017634192137202187,19.31999969482422,0QP2.LON,0QP2.LON
2016-11-04,251.105,251.105,248.75,249.25,273.0,-0.017733990147783207,22.510000228881836,0QP2.LON,0QP2.LON
2016-11-08,255.25,256.2,255.25,256.2,46581.0,0.027883650952858607,18.739999771118164,0QP2.LON,0QP2.LON
2016-11-09,253.5,258.75,253.5,258.75,395.0,0.009953161592505921,14.380000114440918,0QP2.LON,0QP2.LON
2016-11-10,265.0193,265.5,263.995,263.995,545.0,0.02027053140096613,14.739999771118164,0QP2.LON,0QP2.LON
2016-11-11,261.4983,261.4983,261.4983,261.4983,47337.0,-0.009457376086668412,14.170000076293945,0QP2.LON,0QP2.LON
2016-11-14,262.75,262.75,262.75,262.75,92.0,0.004786646796556715,14.479999542236328,0QP2.LON,0QP2.LON
2016-11-15,261.5,261.5,258.75,258.75,79.0,-0.015223596574690745,13.369999885559082,0QP2.LON,0QP2.LON
2016-11-16,263.25,263.25,263.25,263.25,20.0,0.017391304347825987,13.720000267028809,0QP2.LON,0QP2.LON
2016-11-17,268.0,269.0,268.0,269.0,5489.0,0.021842355175688555,13.350000381469727,0QP2.LON,0QP2.LON
2016-11-18,267.5,268.795,267.5,267.5,145.0,-0.005576208178438624,12.850000381469727,0QP2.LON,0QP2.LON
2016-11-21,266.75,266.75,266.75,266.75,46.0,-0.002803738317757043,12.420000076293945,0QP2.LON,0QP2.LON
2016-11-22,269.0,269.205,268.3,268.3,11226.0,0.005810684161199564,12.40999984741211,0QP2.LON,0QP2.LON
2016-11-23,268.75,269.7816,268.75,269.7816,253.0,0.005522176667909218,12.430000305175781,0QP2.LON,0QP2.LON
2016-11-24,269.497,269.497,269.497,269.497,33.0,-0.0010549273931209635,,0QP2.LON,0QP2.LON
2016-11-25,267.0,267.25,267.0,267.25,34.0,-0.008337755151263337,12.34000015258789,0QP2.LON,0QP2.LON
2016-11-28,263.25,263.25,263.25,263.25,2.0,-0.014967259120673537,13.149999618530273,0QP2.LON,0QP2.LON
2016-11-30,266.59,266.59,266.59,266.59,5.0,0.012687559354225941,13.329999923706055,0QP2.LON,0QP2.LON
2016-12-01,264.205,264.205,264.205,264.205,166.0,-0.008946322067594381,14.069999694824219,0QP2.LON,0QP2.LON
2016-12-05,265.605,265.605,265.605,265.605,15.0,0.005298915614768918,12.140000343322754,0QP2.LON,0QP2.LON
2016-12-06,266.395,266.395,266.395,266.395,100.0,0.0029743415974847753,11.789999961853027,0QP2.LON,0QP2.LON
2016-12-07,273.25,274.9416,273.25,274.9416,131.0,0.03208243397961685,12.220000267028809,0QP2.LON,0QP2.LON
2016-12-09,275.905,275.905,275.905,275.905,46.0,0.003504016853033365,11.75,0QP2.LON,0QP2.LON
2016-12-12,277.4737,277.4737,277.4737,277.4737,8760.0,0.005685652670303298,12.640000343322754,0QP2.LON,0QP2.LON
2016-12-14,277.0,278.695,277.0,278.595,52.0,0.004041103715415328,13.1899995803833,0QP2.LON,0QP2.LON
2016-12-15,277.75,277.75,277.75,277.75,46.0,-0.0030330766883829297,12.789999961853027,0QP2.LON,0QP2.LON
2016-12-16,280.0,280.074,280.0,280.074,945.0,0.008367236723672455,12.199999809265137,0QP2.LON,0QP2.LON
2016-12-19,279.2797,279.2797,279.2797,279.2797,2014.0,-0.002836036190435487,11.710000038146973,0QP2.LON,0QP2.LON
2016-12-20,279.25,279.25,279.25,279.25,10.0,-0.00010634500108663847,11.449999809265137,0QP2.LON,0QP2.LON
2016-12-21,280.0,280.75,280.0,280.75,34.0,0.005371530886302489,11.270000457763672,0QP2.LON,0QP2.LON
2016-12-22,280.5,280.5,280.5,280.5,5.0,-0.0008904719501335867,11.430000305175781,0QP2.LON,0QP2.LON
2016-12-23,281.0,281.25,280.75,280.75,42.0,0.0008912655971480277,11.4399995803833,0QP2.LON,0QP2.LON
2017-01-03,284.0,285.75,284.0,285.75,46.0,0.017809439002671512,12.850000381469727,0QP2.LON,0QP2.LON
2017-01-04,287.75,287.75,287.5,287.5,19.0,0.006124234470691103,11.850000381469727,0QP2.LON,0QP2.LON
2017-01-05,285.305,285.5,285.25,285.25,242.0,-0.00782608695652176,11.670000076293945,0QP2.LON,0QP2.LON
2017-01-06,284.405,285.0,284.405,285.0,108.0,-0.0008764241893076674,11.319999694824219,0QP2.LON,0QP2.LON
2017-01-09,285.5,285.5,284.25,284.25,52.0,-0.0026315789473684292,11.5600004196167,0QP2.LON,0QP2.LON
2017-01-10,283.5,283.75,283.5,283.75,93.0,-0.0017590149516271136,11.489999771118164,0QP2.LON,0QP2.LON
2017-01-11,284.0,284.605,284.0,284.5479,1482.0,0.002811982378854827,11.260000228881836,0QP2.LON,0QP2.LON
2017-01-13,281.805,283.0,281.805,282.75,126.0,-0.006318444100272824,11.229999542236328,0QP2.LON,0QP2.LON
2017-01-16,280.75,280.75,280.75,280.75,4.0,-0.007073386383731228,,0QP2.LON,0QP2.LON
2017-01-17,279.75,279.75,278.0,278.0,50.0,-0.009795191451469232,11.869999885559082,0QP2.LON,0QP2.LON
2017-01-18,276.25,277.25,276.25,277.0,10.0,-0.003597122302158251,12.479999542236328,0QP2.LON,0QP2.LON
2017-01-19,279.5,279.5,276.0,276.0,43.0,-0.0036101083032491488,12.779999732971191,0QP2.LON,0QP2.LON
2017-01-20,279.0,279.0,279.0,279.0,5.0,0.010869565217391353,11.539999961853027,0QP2.LON,0QP2.LON
2017-01-23,276.4,277.0,276.4,277.0,45.0,-0.007168458781361964,11.770000457763672,0QP2.LON,0QP2.LON
2017-01-25,285.75,285.805,285.75,285.805,186.0,0.03178700361010822,10.8100004196167,0QP2.LON,0QP2.LON
2017-01-26,289.0,289.0,289.0,289.0,89.0,0.011178950683158106,10.630000114440918,0QP2.LON,0QP2.LON
2017-01-30,286.75,286.75,286.75,286.75,45.0,-0.007785467128027634,11.880000114440918,0QP2.LON,0QP2.LON
2017-01-31,285.41,285.41,285.41,285.41,60.0,-0.00467306015693103,11.989999771118164,0QP2.LON,0QP2.LON
2017-02-01,289.0,289.595,287.3198,287.3198,256.0,0.006691426369082931,11.8100004196167,0QP2.LON,0QP2.LON
2017-02-02,284.1,284.5,284.0,284.0,119.0,-0.011554372514529065,11.930000305175781,0QP2.LON,0QP2.LON
2017-02-03,286.0,286.75,286.0,286.75,20.0,0.009683098591549255,10.970000267028809,0QP2.LON,0QP2.LON
2017-02-06,287.0,288.25,287.0,288.25,290.0,0.005231037489102031,11.369999885559082,0QP2.LON,0QP2.LON
2017-02-07,282.5,284.75,282.5,284.1219,10557.0,-0.01432124891587172,11.289999961853027,0QP2.LON,0QP2.LON
2017-02-08,284.6974,284.6974,284.6974,284.6974,121.0,0.0020255390379975147,11.449999809265137,0QP2.LON,0QP2.LON
2017-02-09,282.0,282.0,279.3559,279.3559,67.0,-0.018762025926474912,10.880000114440918,0QP2.LON,0QP2.LON
2017-02-10,279.0,281.195,279.0,281.195,82.0,0.00658335836114432,10.850000381469727,0QP2.LON,0QP2.LON
2017-02-13,280.5,281.68,279.795,281.0398,1288.0,-0.0005519301552302514,11.069999694824219,0QP2.LON,0QP2.LON
2017-02-14,280.5,281.605,280.5,281.605,43.0,0.0020111030537310892,10.739999771118164,0QP2.LON,0QP2.LON
2017-02-15,282.75,287.0,282.5,287.0,114.0,0.0191580405177465,11.970000267028809,0QP2.LON,0QP2.LON
2017-02-16,280.75,280.75,280.75,280.75,87.0,-0.021777003484320545,11.760000228881836,0QP2.LON,0QP2.LON
2017-02-17,277.0,277.5,277.0,277.5,112.0,-0.011576135351736405,11.489999771118164,0QP2.LON,0QP2.LON
2017-02-20,280.0,280.0,279.0,279.5,177.0,0.007207207207207134,,0QP2.LON,0QP2.LON
2017-02-21,280.0,281.5995,280.0,281.5995,1766.0,0.007511627906976681,11.569999694824219,0QP2.LON,0QP2.LON
2017-02-23,279.75,279.75,279.605,279.605,28.0,-0.0070827540531853694,11.710000038146973,0QP2.LON,0QP2.LON
2017-02-24,275.077,275.077,275.077,275.077,39.0,-0.016194274065199243,11.470000267028809,0QP2.LON,0QP2.LON
2017-02-27,277.0,277.0,277.0,277.0,15.0,0.006990769857167178,12.09000015258789,0QP2.LON,0QP2.LON
2017-03-01,279.25,280.1157,279.205,280.1157,6264.0,0.011248014440433218,12.539999961853027,0QP2.LON,0QP2.LON
2017-03-02,281.5,281.75,281.5,281.6813,1444.0,0.005589119067585413,11.8100004196167,0QP2.LON,0QP2.LON
2017-03-03,283.75,283.75,282.4149,282.4149,8381.0,0.002604361737893024,10.960000038146973,0QP2.LON,0QP2.LON
2017-03-06,283.6,283.6,282.0,282.0,33.0,-0.0014691151210506348,11.239999771118164,0QP2.LON,0QP2.LON
2017-03-07,282.75,282.75,280.25,280.25,192.0,-0.006205673758865271,11.449999809265137,0QP2.LON,0QP2.LON
2017-03-08,280.75,281.2177,280.75,281.2177,44.0,0.003452988403211288,11.859999656677246,0QP2.LON,0QP2.LON
2017-03-09,280.75,280.75,280.75,280.75,5.0,-0.0016631243339234603,12.300000190734863,0QP2.LON,0QP2.LON
2017-03-13,282.75,282.75,282.75,282.75,15.0,0.007123775601068472,11.350000381469727,0QP2.LON,0QP2.LON
2017-03-14,284.25,284.25,284.0,284.0,167.0,0.004420866489831976,12.300000190734863,0QP2.LON,0QP2.LON
2017-03-15,283.75,284.0,283.75,284.0,132.0,0.0,11.630000114440918,0QP2.LON,0QP2.LON
2017-03-16,285.895,285.895,285.0036,285.5,25275.0,0.005281690140845008,11.210000038146973,0QP2.LON,0QP2.LON
2017-03-17,288.005,288.005,288.0,288.0,20545.0,0.008756567425569184,11.279999732971191,0QP2.LON,0QP2.LON
2017-03-20,286.5,287.205,286.4267,287.205,263.0,-0.0027604166666667096,11.34000015258789,0QP2.LON,0QP2.LON
2017-03-21,287.0,287.0,287.0,287.0,20.0,-0.0007137758743753775,12.470000267028809,0QP2.LON,0QP2.LON
2017-03-22,284.005,284.205,284.005,284.205,55.0,-0.009738675958188225,12.8100004196167,0QP2.LON,0QP2.LON
2017-03-23,284.0,284.5,284.0,284.5,50133.0,0.0010379831459685906,13.119999885559082,0QP2.LON,0QP2.LON
2017-03-24,285.2,286.7431,285.2,286.7431,1343.0,0.00788435852372582,12.960000038146973,0QP2.LON,0QP2.LON
2017-03-27,283.5,283.5,279.5035,281.75,20016.0,-0.01741314786650494,12.5,0QP2.LON,0QP2.LON
2017-03-29,281.0,281.5,281.0,281.2035,305131.0,-0.0019396628216503675,11.420000076293945,0QP2.LON,0QP2.LON
2017-03-30,281.75,281.8035,281.75,281.8,115055.0,0.002121239600502811,11.539999961853027,0QP2.LON,0QP2.LON
2017-03-31,265.5,267.0,265.5,267.0,81.0,-0.052519517388218584,12.369999885559082,0QP2.LON,0QP2.LON
2017-04-03,266.25,266.4,264.0,266.4,40145.0,-0.0022471910112360494,12.380000114440918,0QP2.LON,0QP2.LON
2017-04-04,263.3,263.75,263.0,263.5,283.0,-0.010885885885885793,11.789999961853027,0QP2.LON,0QP2.LON
2017-04-05,267.25,267.25,265.9,265.9033,505321.0,0.009120683111954575,12.890000343322754,0QP2.LON,0QP2.LON
2017-04-06,265.0,271.8,264.6,271.8,100179.0,0.022176106877951574,12.390000343322754,0QP2.LON,0QP2.LON
2017-04-07,268.25,268.25,267.4,267.4,114.0,-0.016188373804267964,12.869999885559082,0QP2.LON,0QP2.LON
2017-04-10,269.25,269.25,268.75,268.75,129.0,0.005048616305160847,14.050000190734863,0QP2.LON,0QP2.LON
2017-04-11,266.75,268.005,266.705,268.005,100213.0,-0.0027720930232558727,15.069999694824219,0QP2.LON,0QP2.LON
2017-04-12,268.75,268.75,267.75,267.75,105.0,-0.0009514747859181716,15.770000457763672,0QP2.LON,0QP2.LON
2017-04-13,266.25,266.25,265.8452,266.25,616.0,-0.0056022408963585235,15.960000038146973,0QP2.LON,0QP2.LON
2017-04-18,266.0,266.0,262.75,262.75,142.0,-0.013145539906103232,14.420000076293945,0QP2.LON,0QP2.LON
2017-04-19,263.7862,263.7862,262.705,262.705,108.0,-0.00017126546146528643,14.930000305175781,0QP2.LON,0QP2.LON
2017-04-20,265.0,265.0,265.0,265.0,115.0,0.00873603471574591,14.149999618530273,0QP2.LON,0QP2.LON
2017-04-24,269.7375,270.25,269.25,270.25,165.0,0.019811320754717032,10.84000015258789,0QP2.LON,0QP2.LON
2017-04-25,273.5,273.5,272.995,273.5,314.0,0.012025901942645634,10.760000228881836,0QP2.LON,0QP2.LON
2017-04-26,273.0,273.0,273.0,273.0,13.0,-0.001828153564899404,10.850000381469727,0QP2.LON,0QP2.LON
2017-04-27,272.805,272.805,272.5,272.805,122.0,-0.0007142857142856673,10.359999656677246,0QP2.LON,0QP2.LON
2017-04-28,275.0,275.0,274.9775,274.9775,18529.0,0.007963563717673816,10.819999694824219,0QP2.LON,0QP2.LON
2017-05-02,274.705,274.75,274.5,274.5,107.0,-0.0017365057141039975,10.59000015258789,0QP2.LON,0QP2.LON
2017-05-04,275.8417,275.8417,275.8417,275.8417,2947.0,0.00488779599271405,10.460000038146973,0QP2.LON,0QP2.LON
2017-05-05,276.533,276.533,276.533,276.533,961.0,0.002506147547669535,10.569999694824219,0QP2.LON,0QP2.LON
2017-05-08,278.705,278.705,277.505,277.505,32.0,0.00351495119931422,9.770000457763672,0QP2.LON,0QP2.LON
2017-05-10,279.0,279.0,279.0,279.0,10.0,0.005387290319093463,10.210000038146973,0QP2.LON,0QP2.LON
2017-05-11,278.75,278.75,278.75,278.75,9.0,-0.0008960573476702871,10.600000381469727,0QP2.LON,0QP2.LON
2017-05-12,281.005,281.5,280.8,281.5,451.0,0.009865470852017832,10.399999618530273,0QP2.LON,0QP2.LON
2017-05-15,279.895,280.75,279.75,280.75,118.0,-0.002664298401420906,10.420000076293945,0QP2.LON,0QP2.LON
2017-05-16,283.0,283.0,283.0,283.0,7.0,0.00801424755120217,10.649999618530273,0QP2.LON,0QP2.LON
2017-05-17,285.0,285.0,285.0,285.0,34.0,0.007067137809187329,15.59000015258789,0QP2.LON,0QP2.LON
2017-05-18,281.0,282.005,281.0,282.005,207.0,-0.010508771929824579,14.65999984741211,0QP2.LON,0QP2.LON
2017-05-19,284.805,284.805,284.805,284.805,25.0,0.009928901969823212,12.039999961853027,0QP2.LON,0QP2.LON
2017-05-22,287.0,287.0,285.25,285.25,51.0,0.0015624725689507013,10.930000305175781,0QP2.LON,0QP2.LON
2017-05-23,286.5,286.5,285.5,286.0,1557.0,0.002629272567922891,10.720000267028809,0QP2.LON,0QP2.LON
2017-05-24,285.5,285.5,285.5,285.5,70.0,-0.0017482517482517723,10.020000457763672,0QP2.LON,0QP2.LON
2017-05-26,285.5,285.905,285.5,285.9,404.0,0.0014010507880910517,9.8100004196167,0QP2.LON,0QP2.LON
2017-05-30,284.095,284.25,284.0904,284.0904,2729.0,-0.006329485834207782,10.380000114440918,0QP2.LON,0QP2.LON
2017-06-01,284.25,285.5,284.25,284.75,43.0,0.002321796160658751,9.890000343322754,0QP2.LON,0QP2.LON
2017-06-02,286.3267,286.3267,284.3055,284.3055,2363.0,-0.0015610184372256697,9.75,0QP2.LON,0QP2.LON
2017-06-06,284.5,285.0,283.4,284.2206,969.0,-0.00029862243255940335,10.449999809265137,0QP2.LON,0QP2.LON
2017-06-07,283.25,284.505,283.25,284.505,63.0,0.001000631199849611,10.390000343322754,0QP2.LON,0QP2.LON
2017-06-08,283.25,283.25,283.25,283.25,81.0,-0.004411170278202481,10.15999984741211,0QP2.LON,0QP2.LON
2017-06-09,284.395,284.395,284.395,284.395,30.0,0.0040423654015886434,10.699999809265137,0QP2.LON,0QP2.LON
2017-06-12,284.995,284.995,284.25,284.6507,3192.0,0.0008991016016455244,11.460000038146973,0QP2.LON,0QP2.LON
2017-06-13,285.75,286.605,285.75,286.605,242.0,0.006865607567450471,10.420000076293945,0QP2.LON,0QP2.LON
2017-06-15,283.5,283.5,283.5,283.5,85.0,-0.010833725859632604,10.899999618530273,0QP2.LON,0QP2.LON
2017-06-16,287.35,288.9,287.0,288.9,309.0,0.01904761904761898,10.380000114440918,0QP2.LON,0QP2.LON
2017-06-20,293.805,293.8434,292.864,293.8434,6056.0,0.017111111111111077,10.859999656677246,0QP2.LON,0QP2.LON
2017-06-21,293.8434,293.8434,288.5,293.8434,60.0,0.0,10.75,0QP2.LON,0QP2.LON
2017-06-22,286.9495,287.7,286.5,286.9495,863.0,-0.023461136101746605,10.479999542236328,0QP2.LON,0QP2.LON
2017-06-23,283.25,284.75,283.25,284.3401,6473.0,-0.009093586153661182,10.020000457763672,0QP2.LON,0QP2.LON
2017-06-26,285.0,285.0,285.0,285.0,30.0,0.0023208122948539245,9.899999618530273,0QP2.LON,0QP2.LON
2017-06-27,281.5,281.805,281.5,281.805,41.0,-0.011210526315789449,11.0600004196167,0QP2.LON,0QP2.LON
2017-06-29,279.51,279.51,279.5,279.51,65.0,-0.008143929312822706,11.4399995803833,0QP2.LON,0QP2.LON
2017-06-30,279.1,279.75,279.1,279.1,1306.0,-0.001466852706522026,11.180000305175781,0QP2.LON,0QP2.LON
2017-07-04,285.25,285.25,285.25,285.25,45.0,0.022035112862773154,,0QP2.LON,0QP2.LON
2017-07-05,285.25,286.75,284.7,286.75,69.0,0.005258545135845782,11.069999694824219,0QP2.LON,0QP2.LON
2017-07-07,286.0,287.0,286.0,287.0,1930.0,0.0008718395815170421,11.1899995803833,0QP2.LON,0QP2.LON
2017-07-10,287.695,287.695,287.25,287.405,80.0,0.0014111498257838306,11.109999656677246,0QP2.LON,0QP2.LON
2017-07-12,288.25,288.3,287.7,288.25,389.0,0.0029401019467303335,10.300000190734863,0QP2.LON,0QP2.LON
2017-07-13,289.805,289.805,289.805,289.805,35.0,0.005394622723330356,9.899999618530273,0QP2.LON,0QP2.LON
2017-07-14,291.0,291.0,291.0,291.0,4.0,0.004123462328117222,9.510000228881836,0QP2.LON,0QP2.LON
2017-07-17,289.75,289.75,289.75,289.75,17.0,-0.004295532646048095,9.819999694824219,0QP2.LON,0QP2.LON
2017-07-19,287.5,287.5,287.5,287.5,32.0,-0.007765314926660882,9.789999961853027,0QP2.LON,0QP2.LON
2017-07-20,287.5,288.5,287.5,287.5,204.0,0.0,9.579999923706055,0QP2.LON,0QP2.LON
2017-07-21,287.25,287.25,286.5,286.5,44.0,-0.003478260869565264,9.359999656677246,0QP2.LON,0QP2.LON
2017-07-24,285.5,285.5,285.5,285.5,5.0,-0.003490401396160525,9.430000305175781,0QP2.LON,0QP2.LON
2017-07-25,285.5,288.75,285.5,285.5,60.0,0.0,9.430000305175781,0QP2.LON,0QP2.LON
2017-07-26,290.5,291.25,290.5,290.5,174.0,0.017513134851138368,9.600000381469727,0QP2.LON,0QP2.LON
2017-07-27,289.75,293.0,289.75,289.75,91.0,-0.002581755593803803,10.109999656677246,0QP2.LON,0QP2.LON
2017-07-28,291.0,292.75,291.0,291.0,499.0,0.004314063848144922,10.289999961853027,0QP2.LON,0QP2.LON
2017-07-31,293.0,294.25,293.0,293.0,256.0,0.0068728522336769515,10.260000228881836,0QP2.LON,0QP2.LON
2017-08-03,298.75,298.75,297.8094,297.8094,168.0,0.016414334470989722,10.4399995803833,0QP2.LON,0QP2.LON
2017-08-04,296.0,297.0,295.5,295.5,164.0,-0.007754624266393173,10.029999732971191,0QP2.LON,0QP2.LON
2017-08-07,297.0,297.75,297.0,297.0,118.0,0.0050761421319796,9.930000305175781,0QP2.LON,0QP2.LON
2017-08-08,297.0,297.25,297.0,297.0,217.0,0.0,10.960000038146973,0QP2.LON,0QP2.LON
2017-08-09,291.5,291.5,291.5,291.5,29.0,-0.01851851851851849,11.109999656677246,0QP2.LON,0QP2.LON
2017-08-14,293.5,293.75,293.5,293.5,16.0,0.006861063464836947,12.329999923706055,0QP2.LON,0QP2.LON
2017-08-15,295.25,295.25,295.0,295.0,28.0,0.005110732538330387,12.039999961853027,0QP2.LON,0QP2.LON
2017-08-16,295.505,295.75,295.505,295.505,296.0,0.0017118644067797284,11.739999771118164,0QP2.LON,0QP2.LON
2017-08-17,295.0,295.0,295.0,295.0,79.0,-0.0017089389350434248,15.550000190734863,0QP2.LON,0QP2.LON
2017-08-18,290.75,290.75,290.75,290.75,116.0,-0.014406779661017,14.260000228881836,0QP2.LON,0QP2.LON
2017-08-21,290.75,290.75,290.75,290.75,108.0,0.0,13.1899995803833,0QP2.LON,0QP2.LON
2017-08-22,293.0,293.25,292.75,292.75,309.0,0.006878761822871837,11.350000381469727,0QP2.LON,0QP2.LON
2017-08-23,292.5,293.0,291.5,291.5,100.0,-0.004269854824935915,12.25,0QP2.LON,0QP2.LON
2017-08-24,293.3,293.5,292.2,292.2,19439.0,0.002401372212692987,12.229999542236328,0QP2.LON,0QP2.LON
2017-08-25,292.3375,294.0,292.0,292.0,13878.0,-0.000684462696783017,11.279999732971191,0QP2.LON,0QP2.LON
2017-08-29,285.4,287.0,283.1,285.492,25911.0,-0.02228767123287667,11.699999809265137,0QP2.LON,0QP2.LON
2017-08-30,287.2,287.2,284.7091,286.109,23048.0,0.0021611813991284645,11.220000267028809,0QP2.LON,0QP2.LON
2017-08-31,287.1,287.8,286.7798,287.3435,29133.0,0.0043147891188324294,10.59000015258789,0QP2.LON,0QP2.LON
2017-09-01,286.6,287.6,286.1875,286.2614,11138.0,-0.0037658760333887376,10.130000114440918,0QP2.LON,0QP2.LON
2017-09-04,284.9,286.1,284.8962,284.9687,1872.0,-0.00451580268942986,,0QP2.LON,0QP2.LON
2017-09-05,285.4,286.5,282.4686,282.4686,51450.0,-0.008773244219453025,12.229999542236328,0QP2.LON,0QP2.LON
2017-09-06,280.7,281.0,277.2125,278.8,33183.0,-0.012987638272006108,11.630000114440918,0QP2.LON,0QP2.LON
2017-09-07,279.7,281.2707,279.15,279.8948,16280.0,0.003926829268292575,11.550000190734863,0QP2.LON,0QP2.LON
2017-09-08,279.675,280.1156,278.4,278.9619,34474.0,-0.003333037984271092,12.119999885559082,0QP2.LON,0QP2.LON
2017-09-11,282.2125,287.15,279.8308,286.9086,46504.0,0.028486685816234925,10.729999542236328,0QP2.LON,0QP2.LON
2017-09-12,290.3,291.7,289.5875,291.1926,37939.0,0.014931584483699911,10.579999923706055,0QP2.LON,0QP2.LON
2017-09-13,291.5,292.2,290.5,291.6415,60494.0,0.001541591372857587,10.5,0QP2.LON,0QP2.LON
2017-09-14,290.6,291.8875,290.1673,290.8122,21724.0,-0.002843559644289284,10.4399995803833,0QP2.LON,0QP2.LON
2017-09-15,291.2,291.9,286.8,287.1669,204315.0,-0.01253489365301741,10.170000076293945,0QP2.LON,0QP2.LON
2017-09-18,287.9125,288.4,286.4,286.4315,54172.0,-0.0025608801014321836,10.149999618530273,0QP2.LON,0QP2.LON
2017-09-19,286.8,287.85,286.6,287.3112,32185.0,0.003071240418738741,10.180000305175781,0QP2.LON,0QP2.LON
2017-09-20,287.6,288.5216,287.35,288.1683,47052.0,0.0029831764302958863,9.779999732971191,0QP2.LON,0QP2.LON
2017-09-21,289.6,290.3,288.4,288.4317,33833.0,0.000914049185840371,9.670000076293945,0QP2.LON,0QP2.LON
2017-09-22,288.6,288.6,287.15,287.9509,66364.0,-0.0016669457622029427,9.59000015258789,0QP2.LON,0QP2.LON
2017-09-25,287.2125,287.9,285.7,286.3817,64889.0,-0.005449540182023926,10.210000038146973,0QP2.LON,0QP2.LON
2017-09-26,285.5,286.2,284.1236,284.6046,8194.0,-0.006205354601917734,10.170000076293945,0QP2.LON,0QP2.LON
2017-09-27,285.4,287.6,285.1,287.0973,4831.0,0.008758467010020254,9.869999885559082,0QP2.LON,0QP2.LON
2017-09-28,286.25,289.8,286.25,289.6844,27144.0,0.009011230687296479,9.550000190734863,0QP2.LON,0QP2.LON
2017-09-29,290.8,295.6,290.4875,294.6222,53567.0,0.017045446699925915,9.510000228881836,0QP2.LON,0QP2.LON
2017-10-02,295.6,296.8,293.905,295.2675,41752.0,0.0021902626482321885,9.449999809265137,0QP2.LON,0QP2.LON
2017-10-03,295.5,295.8,294.3754,295.3969,127029.0,0.0004382466746255531,9.510000228881836,0QP2.LON,0QP2.LON
2017-10-04,294.8,296.1914,291.9,294.0323,74044.0,-0.004619547463091123,9.630000114440918,0QP2.LON,0QP2.LON
2017-10-05,293.6125,295.632,293.5,295.3,15847.0,0.004311431091073903,9.1899995803833,0QP2.LON,0QP2.LON
2017-10-06,295.25,295.6875,293.8,294.4324,61320.0,-0.002938029122925956,9.649999618530273,0QP2.LON,0QP2.LON
2017-10-09,294.7,297.2669,293.5591,294.3592,52564.0,-0.0002486139433023338,10.329999923706055,0QP2.LON,0QP2.LON
2017-10-10,294.2,295.5748,293.5324,295.046,20605.0,0.0023332037863943444,10.079999923706055,0QP2.LON,0QP2.LON
2017-10-11,295.6,295.8,293.7,294.2652,22184.0,-0.002646367007178574,9.850000381469727,0QP2.LON,0QP2.LON
2017-10-12,295.0,296.7,294.3,295.9558,41908.0,0.005745157769250442,9.90999984741211,0QP2.LON,0QP2.LON
2017-10-13,295.75,295.75,293.95,294.071,6982.0,-0.006368518542295809,9.609999656677246,0QP2.LON,0QP2.LON
2017-10-16,295.8,295.8,293.7677,293.7677,12864.0,-0.0010313835774354851,9.90999984741211,0QP2.LON,0QP2.LON
2017-10-17,294.1,295.0,291.3,292.8322,15309.0,-0.003184488968664634,10.3100004196167,0QP2.LON,0QP2.LON
2017-10-18,292.3,293.0,292.0,292.6141,14483.0,-0.0007447951420642696,10.069999694824219,0QP2.LON,0QP2.LON
2017-10-19,294.1,294.5,292.7,293.6631,52315.0,0.0035849263586409386,10.050000190734863,0QP2.LON,0QP2.LON
2017-10-20,292.9816,297.95,292.9816,297.5673,17975.0,0.013294826622752387,9.970000267028809,0QP2.LON,0QP2.LON
2017-10-23,297.1,299.6838,296.7667,297.04,18604.0,-0.0017720361074620161,11.069999694824219,0QP2.LON,0QP2.LON
2017-10-24,296.8,298.3,295.75,296.5618,18346.0,-0.001609884190681421,11.15999984741211,0QP2.LON,0QP2.LON
2017-10-25,298.2,299.3,295.7,298.628,16477.0,0.006967181882494566,11.229999542236328,0QP2.LON,0QP2.LON
2017-10-26,297.6,303.9,295.3715,302.2078,50063.0,0.011987489451759537,11.300000190734863,0QP2.LON,0QP2.LON
2017-10-27,304.65,304.9,302.4026,303.0649,45700.0,0.0028361279887547663,9.800000190734863,0QP2.LON,0QP2.LON
2017-10-30,302.0,303.5,301.7806,301.9668,32997.0,-0.0036233163259752343,10.5,0QP2.LON,0QP2.LON
2017-10-31,302.9,305.6982,302.0453,304.4665,51342.0,0.008278062356523952,10.180000305175781,0QP2.LON,0QP2.LON
2017-11-01,306.2,306.3774,304.0062,305.9663,47993.0,0.0049259935001058075,10.199999809265137,0QP2.LON,0QP2.LON
2017-11-02,305.7,306.2,304.5,305.5294,27169.0,-0.0014279350372899957,9.930000305175781,0QP2.LON,0QP2.LON
2017-11-03,303.694,308.2275,301.4,302.9333,31413.0,-0.008497054620602906,9.140000343322754,0QP2.LON,0QP2.LON
2017-11-06,302.6,303.5982,301.95,302.13,35499.0,-0.0026517388481226423,9.399999618530273,0QP2.LON,0QP2.LON
2017-11-07,302.4,303.6,301.1,302.8167,79950.0,0.002272862675007481,9.890000343322754,0QP2.LON,0QP2.LON
2017-11-08,300.8,303.6,300.45,302.3431,76049.0,-0.0015639824355790921,9.779999732971191,0QP2.LON,0QP2.LON
2017-11-09,303.7,304.0,300.9801,303.9129,23182.0,0.005192114521548552,10.5,0QP2.LON,0QP2.LON
2017-11-10,304.4,304.4,301.5,301.9628,23414.0,-0.006416641083678787,11.289999961853027,0QP2.LON,0QP2.LON
2017-11-13,302.1,302.7,299.4,300.9171,48382.0,-0.003463009350820778,11.5,0QP2.LON,0QP2.LON
2017-11-14,300.1,301.7788,297.5,298.9329,23439.0,-0.006593842623101143,11.59000015258789,0QP2.LON,0QP2.LON
2017-11-15,297.1,298.1,296.6,297.5025,69059.0,-0.0047850203172685735,13.130000114440918,0QP2.LON,0QP2.LON
2017-11-16,296.925,299.3,296.45,298.1381,45026.0,0.0021364526348517376,11.760000228881836,0QP2.LON,0QP2.LON
2017-11-17,298.2,299.8,297.1611,299.1325,15946.0,0.003335367066470196,11.430000305175781,0QP2.LON,0QP2.LON
2017-11-20,297.7,299.15,296.7,297.3109,2550.0,-0.006089609119704464,10.649999618530273,0QP2.LON,0QP2.LON
2017-11-21,298.5,301.3,298.5,299.63,418.0,0.007800252193915558,9.729999542236328,0QP2.LON,0QP2.LON
2017-11-22,298.9,298.9,296.9,298.27,431.0,-0.004538931348663344,9.880000114440918,0QP2.LON,0QP2.LON
2017-11-23,296.6,296.9739,296.1,296.1,74.0,-0.0072752874911991006,,0QP2.LON,0QP2.LON
2017-11-24,297.25,299.1,297.25,298.1,1042.0,0.006754474839581137,9.670000076293945,0QP2.LON,0QP2.LON
2017-11-27,296.1,298.28,293.35,293.3875,769.0,-0.015808453539081002,9.869999885559082,0QP2.LON,0QP2.LON
2017-11-28,293.1125,293.8,290.8,293.6,6572.0,0.0007242980699588841,10.029999732971191,0QP2.LON,0QP2.LON
2017-11-29,294.9,297.75,294.1,295.1628,2120.0,0.0053228882833786795,10.699999809265137,0QP2.LON,0QP2.LON
2017-11-30,295.8,299.1,295.8,297.2,1522.0,0.006901953769241853,11.279999732971191,0QP2.LON,0QP2.LON
2017-12-01,296.7,297.3,294.3,295.4153,1331.0,-0.006005047106325656,11.430000305175781,0QP2.LON,0QP2.LON
2017-12-04,296.7,299.4,296.55,298.1829,1521.0,0.009368505964315377,11.680000305175781,0QP2.LON,0QP2.LON
2017-12-05,297.7,298.2,296.1,297.1,1127.0,-0.0036316636534153846,11.329999923706055,0QP2.LON,0QP2.LON
2017-12-06,295.2,297.5,294.6,296.1336,1141.0,-0.003252776842813887,11.020000457763672,0QP2.LON,0QP2.LON
2017-12-07,296.4,297.9,296.4,296.9833,425.0,0.0028693130397901,10.15999984741211,0QP2.LON,0QP2.LON
2017-12-08,298.0,298.8,297.2,297.9,1243.0,0.0030867055487631134,9.579999923706055,0QP2.LON,0QP2.LON
2017-12-11,296.45,296.7,296.05,296.3,1723.0,-0.0053709298422288665,9.34000015258789,0QP2.LON,0QP2.LON
2017-12-12,297.2,297.5,295.45,295.9589,1515.0,-0.0011511981100236213,9.920000076293945,0QP2.LON,0QP2.LON
2017-12-13,297.7,300.4,297.7,300.041,456.0,0.013792793526398395,10.180000305175781,0QP2.LON,0QP2.LON
2017-12-14,299.7,302.4,299.7,300.47,852.0,0.0014298045933722747,10.489999771118164,0QP2.LON,0QP2.LON
2017-12-15,301.15,303.25,300.55,302.0,1306.0,0.005092022498086157,9.420000076293945,0QP2.LON,0QP2.LON
2017-12-18,303.65,304.5,302.1,303.5141,1159.0,0.005013576158940269,9.529999732971191,0QP2.LON,0QP2.LON
2017-12-19,303.6,303.903,300.3,303.85,405.0,0.001106703115275387,10.029999732971191,0QP2.LON,0QP2.LON
2017-12-20,300.3,300.3,298.1,299.8413,731.0,-0.01319302287312829,9.720000267028809,0QP2.LON,0QP2.LON
2017-12-21,296.7,299.6875,296.7,299.6875,822.0,-0.0005129380108743753,9.619999885559082,0QP2.LON,0QP2.LON
2017-12-22,299.7,299.7,297.8,299.5,561.0,-0.0006256517205421863,9.899999618530273,0QP2.LON,0QP2.LON
2017-12-27,298.5,298.6,297.15,298.2,193.0,-0.004340567612687862,10.470000267028809,0QP2.LON,0QP2.LON
2017-12-28,298.1,299.0,297.8,298.1125,356.0,-0.0002934272300468832,10.180000305175781,0QP2.LON,0QP2.LON
2017-12-29,296.85,296.85,296.85,296.85,64.0,-0.004234978405803114,11.039999961853027,0QP2.LON,0QP2.LON
2018-01-02,296.6,296.6073,296.525,296.6,18720.0,-0.0008421761832575481,9.770000457763672,0QP2.LON,0QP2.LON
2018-01-03,295.79,297.4,294.1,296.4,995.0,-0.0006743088334458802,9.149999618530273,0QP2.LON,0QP2.LON
2018-01-04,297.0,298.4,296.5,296.5,5139.0,0.0003373819163292602,9.220000267028809,0QP2.LON,0QP2.LON
2018-01-05,299.5,300.1,299.5,300.1,1095.0,0.012141652613828047,9.220000267028809,0QP2.LON,0QP2.LON
2018-01-08,300.1,301.4,300.1,300.4264,54799.0,0.0010876374541819445,9.520000457763672,0QP2.LON,0QP2.LON
2018-01-09,302.895,308.41,302.895,308.21,10401.0,0.02590850870629202,10.079999923706055,0QP2.LON,0QP2.LON
2018-01-10,308.1,308.79,306.7,308.5,1767.0,0.0009409169073035795,9.819999694824219,0QP2.LON,0QP2.LON
2018-01-11,311.395,313.105,311.395,312.2,788.0,0.011993517017828248,9.880000114440918,0QP2.LON,0QP2.LON
2018-01-12,313.3,316.5,313.3,314.8867,12220.0,0.008605701473414662,10.15999984741211,0QP2.LON,0QP2.LON
2018-01-15,314.9,314.9,313.4159,313.5,9643.0,-0.0044038061944186024,,0QP2.LON,0QP2.LON
2018-01-16,315.4,320.5,314.7,320.0,16106.0,0.020733652312599604,11.65999984741211,0QP2.LON,0QP2.LON
2018-01-17,315.8,316.8,313.15,316.5,3146.0,-0.010937500000000044,11.90999984741211,0QP2.LON,0QP2.LON
2018-01-18,316.6,317.7,316.6,317.2,1649.0,0.002211690363349117,12.220000267028809,0QP2.LON,0QP2.LON
2018-01-19,318.35,318.35,317.35,317.55,1528.0,0.0011034047919293855,11.270000457763672,0QP2.LON,0QP2.LON
2018-01-22,317.9,318.25,316.495,316.85,3404.0,-0.0022043772634230407,11.029999732971191,0QP2.LON,0QP2.LON
2018-01-23,317.4,317.4,315.8,315.8,7825.0,-0.003313870916837658,11.100000381469727,0QP2.LON,0QP2.LON
2018-01-24,316.2,317.8,316.2,317.15,2785.0,0.004274857504749763,11.470000267028809,0QP2.LON,0QP2.LON
2018-01-25,316.095,316.095,315.695,315.9,458.0,-0.003941352672237164,11.579999923706055,0QP2.LON,0QP2.LON
2018-01-26,316.3,316.3,314.695,314.895,1415.0,-0.003181386514719886,11.079999923706055,0QP2.LON,0QP2.LON
2018-01-29,315.295,315.295,313.695,313.795,876.0,-0.00349322790136386,13.84000015258789,0QP2.LON,0QP2.LON
2018-01-30,313.2,313.75,307.705,309.6,2539.0,-0.013368600519447438,14.789999961853027,0QP2.LON,0QP2.LON
2018-01-31,307.2,309.6,307.2,307.295,742.0,-0.007445090439276547,13.539999961853027,0QP2.LON,0QP2.LON
2018-02-01,308.1,309.35,307.0,307.35,2112.0,0.00017898110935754552,13.470000267028809,0QP2.LON,0QP2.LON
2018-02-02,307.0,308.55,307.0,308.305,975.0,0.0031072067675288473,17.309999465942383,0QP2.LON,0QP2.LON
2018-02-05,305.0,306.605,303.91,306.605,875.0,-0.005514020207262216,37.31999969482422,0QP2.LON,0QP2.LON
2018-02-06,297.4,300.0,296.195,296.195,18433.0,-0.03395247957469716,29.979999542236328,0QP2.LON,0QP2.LON
2018-02-07,300.9,301.4,296.595,299.6,24589.0,0.011495805128378445,27.729999542236328,0QP2.LON,0QP2.LON
2018-02-08,308.3,312.695,302.4,302.9,11730.0,0.011014686248330907,33.459999084472656,0QP2.LON,0QP2.LON
2018-02-09,302.3,303.55,297.0,297.3,6722.0,-0.018487949818421834,29.059999465942383,0QP2.LON,0QP2.LON
2018-02-12,306.2,306.3926,302.695,303.0,4318.0,0.01917255297679099,25.610000610351562,0QP2.LON,0QP2.LON
2018-02-13,304.0,304.0,302.2,302.2,1086.0,-0.0026402640264027166,24.969999313354492,0QP2.LON,0QP2.LON
2018-02-14,304.2,305.1,301.71,305.1,1589.0,0.009596293845135717,19.260000228881836,0QP2.LON,0QP2.LON
2018-02-15,308.3,308.795,306.795,307.8,1359.0,0.008849557522123908,19.1299991607666,0QP2.LON,0QP2.LON
2018-02-16,308.995,308.995,307.65,308.35,48106.0,0.0017868745938922626,19.459999084472656,0QP2.LON,0QP2.LON
2018-02-19,309.7,312.27,309.19,311.3,9168.0,0.009567050429706514,,0QP2.LON,0QP2.LON
2018-02-20,309.7,311.29,309.5,309.895,159701.0,-0.004513331191776548,20.600000381469727,0QP2.LON,0QP2.LON
2018-02-21,309.695,313.6,309.695,313.6,41961.0,0.011955662401781364,20.020000457763672,0QP2.LON,0QP2.LON
2018-02-22,311.7,312.8,309.995,310.0,50913.0,-0.011479591836734748,18.719999313354492,0QP2.LON,0QP2.LON
2018-02-23,311.2,312.795,311.2,311.2,116926.0,0.003870967741935516,16.489999771118164,0QP2.LON,0QP2.LON
2018-02-26,313.795,313.795,312.8,313.3,16857.0,0.006748071979434611,15.800000190734863,0QP2.LON,0QP2.LON
2018-02-27,314.2,315.0,313.15,313.905,13495.0,0.0019310564953716192,18.59000015258789,0QP2.LON,0QP2.LON
2018-02-28,313.0,314.295,312.0,312.5215,43322.0,-0.004407384399738645,19.850000381469727,0QP2.LON,0QP2.LON
2018-03-01,310.3,310.59,307.395,310.0,101471.0,-0.008068244904750554,22.469999313354492,0QP2.LON,0QP2.LON
2018-03-02,304.3,304.3,298.87,299.7,189019.0,-0.033225806451612994,19.59000015258789,0QP2.LON,0QP2.LON
2018-03-05,300.9,305.3,300.35,305.3,11258.0,0.018685352018685375,18.729999542236328,0QP2.LON,0QP2.LON
2018-03-06,306.8,309.395,304.5,304.5,27856.0,-0.0026203734032099746,18.360000610351562,0QP2.LON,0QP2.LON
2018-03-07,304.895,304.895,303.005,304.0,197321.0,-0.0016420361247947435,17.760000228881836,0QP2.LON,0QP2.LON
2018-03-08,304.79,307.995,304.79,307.995,28779.0,0.013141447368421044,16.540000915527344,0QP2.LON,0QP2.LON
2018-03-09,308.3,309.5,308.3,309.0,98935.0,0.00326303998441535,14.640000343322754,0QP2.LON,0QP2.LON
2018-03-12,312.3,312.3,308.8,312.3,21584.0,0.010679611650485477,15.779999732971191,0QP2.LON,0QP2.LON
2018-03-13,313.0,313.6,309.095,309.605,15448.0,-0.008629522894652575,16.350000381469727,0QP2.LON,0QP2.LON
2018-03-14,310.5,311.175,308.695,311.0,75318.0,0.004505741186350276,17.229999542236328,0QP2.LON,0QP2.LON
2018-03-15,309.95,314.395,309.95,313.895,31641.0,0.009308681672025587,16.59000015258789,0QP2.LON,0QP2.LON
2018-03-16,313.8,315.105,313.695,314.4934,37870.0,0.0019063699644785714,15.800000190734863,0QP2.LON,0QP2.LON
2018-03-19,312.8,314.0,310.095,310.1,66255.0,-0.013969768522964165,19.020000457763672,0QP2.LON,0QP2.LON
2018-03-20,312.7,312.7,309.5,312.7,108497.0,0.008384392131570273,18.200000762939453,0QP2.LON,0QP2.LON
2018-03-21,311.08,311.08,310.395,310.6135,6769.0,-0.006672529581068121,17.860000610351562,0QP2.LON,0QP2.LON
2018-03-22,309.7,312.0912,304.9,304.9,16908.0,-0.0183942423622927,23.34000015258789,0QP2.LON,0QP2.LON
2018-03-23,302.9,303.0,299.295,299.5,21243.0,-0.01771072482781233,24.8700008392334,0QP2.LON,0QP2.LON
2018-03-26,302.9,313.005,301.0,309.5,154067.0,0.03338898163606019,21.030000686645508,0QP2.LON,0QP2.LON
2018-03-27,315.2,319.58,312.3,315.195,37580.0,0.018400646203554194,22.5,0QP2.LON,0QP2.LON
2018-03-28,314.0,317.6,311.0,316.5,67123.0,0.004140294103650133,22.8700008392334,0QP2.LON,0QP2.LON
2018-03-29,316.5,317.91,312.695,313.4,37254.0,-0.009794628751974788,19.969999313354492,0QP2.LON,0QP2.LON
2018-04-03,312.2224,312.2224,309.175,311.695,132533.0,-0.005440331844288382,21.100000381469727,0QP2.LON,0QP2.LON
2018-04-04,310.7,310.7,304.59,309.7,93131.0,-0.0064004876562023805,20.059999465942383,0QP2.LON,0QP2.LON
2018-04-05,312.0,314.495,309.195,310.605,41583.0,0.002922182757507441,18.940000534057617,0QP2.LON,0QP2.LON
2018-04-06,296.0,300.805,295.025,297.51,88024.0,-0.042159656154923564,21.489999771118164,0QP2.LON,0QP2.LON
2018-04-09,298.205,298.205,296.795,297.5,135029.0,-3.3612315552433714e-05,21.770000457763672,0QP2.LON,0QP2.LON
2018-04-10,299.895,299.895,296.91,297.695,144243.0,0.0006554621848740005,20.469999313354492,0QP2.LON,0QP2.LON
2018-04-11,300.1,303.705,298.25,301.595,52261.0,0.01310065671240701,20.239999771118164,0QP2.LON,0QP2.LON
2018-04-12,300.1,306.905,298.5,306.905,263059.0,0.01760639267892361,18.489999771118164,0QP2.LON,0QP2.LON
2018-04-13,307.4,308.9,306.195,306.3,16484.0,-0.001971294048646821,17.40999984741211,0QP2.LON,0QP2.LON
2018-04-16,309.1,309.3,308.605,308.605,13330.0,0.007525301991511579,16.559999465942383,0QP2.LON,0QP2.LON
2018-04-17,309.9,313.2,309.5,313.2,295271.0,0.014889583772135895,15.25,0QP2.LON,0QP2.LON
2018-04-18,314.6,316.4,314.6,315.0,28207.0,0.005747126436781658,15.600000381469727,0QP2.LON,0QP2.LON
2018-04-19,314.6,314.895,309.4048,312.9,103943.0,-0.00666666666666671,15.960000038146973,0QP2.LON,0QP2.LON
2018-04-20,314.095,314.095,311.61,313.0,26423.0,0.0003195909236177741,16.8799991607666,0QP2.LON,0QP2.LON
2018-04-23,312.2,314.3,312.2,314.3,22995.0,0.0041533546325878135,16.34000015258789,0QP2.LON,0QP2.LON
2018-04-24,313.095,315.605,313.095,315.0,23561.0,0.00222717149220486,18.020000457763672,0QP2.LON,0QP2.LON
2018-04-25,312.0,315.6,311.825,312.8,24503.0,-0.0069841269841269815,17.84000015258789,0QP2.LON,0QP2.LON
2018-04-26,312.93,316.995,312.93,316.895,15958.0,0.013091432225063926,16.239999771118164,0QP2.LON,0QP2.LON
2018-04-27,315.505,317.275,315.505,317.275,18214.0,0.0011991353602929244,15.40999984741211,0QP2.LON,0QP2.LON
2018-04-30,317.5,318.9803,317.0,317.905,4872.0,0.001985659128516337,15.930000305175781,0QP2.LON,0QP2.LON
2018-05-02,318.095,319.85,318.095,319.205,26245.0,0.004089271952312901,15.970000267028809,0QP2.LON,0QP2.LON
2018-05-03,319.8,319.8,315.88,315.9,15962.0,-0.010353847840729347,15.899999618530273,0QP2.LON,0QP2.LON
2018-05-04,316.3,317.8,315.11,316.7,21106.0,0.002532446976891478,14.770000457763672,0QP2.LON,0QP2.LON
2018-05-08,316.3,317.85,316.1,317.0,50522.0,0.000947268708556992,14.710000038146973,0QP2.LON,0QP2.LON
2018-05-09,316.9,317.795,316.795,317.66,19016.0,0.002082018927444862,13.420000076293945,0QP2.LON,0QP2.LON
2018-05-11,316.0785,318.995,316.0785,317.2,31301.0,-0.001448089151923515,12.649999618530273,0QP2.LON,0QP2.LON
2018-05-14,315.24,315.24,313.9,314.8,47609.0,-0.007566204287515643,12.930000305175781,0QP2.LON,0QP2.LON
2018-05-15,314.1,315.19,311.9,315.19,29339.0,0.001238881829733085,14.630000114440918,0QP2.LON,0QP2.LON
2018-05-16,315.4,316.105,314.3,314.4,70829.0,-0.0025064246962150927,13.420000076293945,0QP2.LON,0QP2.LON
2018-05-17,315.1,315.69,313.85,314.902,22366.0,0.0015966921119592303,13.430000305175781,0QP2.LON,0QP2.LON
2018-05-18,316.7,316.7,314.105,316.0,22803.0,0.0034867990676465954,13.420000076293945,0QP2.LON,0QP2.LON
2018-05-22,313.6,314.1,311.59,312.2,76343.0,-0.012025316455696267,13.220000267028809,0QP2.LON,0QP2.LON
2018-05-23,310.5,310.5,306.06,306.8,11909.0,-0.017296604740550836,12.579999923706055,0QP2.LON,0QP2.LON
2018-05-24,306.4,309.2,306.4,306.4,14363.0,-0.0013037809647979959,12.529999732971191,0QP2.LON,0QP2.LON
2018-05-25,307.6,308.995,306.24,306.9,5655.0,0.0016318537859008053,13.220000267028809,0QP2.LON,0QP2.LON
2018-05-29,300.0,300.0,295.0,296.76,28079.0,-0.03304007820136845,17.020000457763672,0QP2.LON,0QP2.LON
2018-05-30,296.0,297.095,295.2,295.82,22686.0,-0.0031675427955250024,14.9399995803833,0QP2.LON,0QP2.LON
2018-05-31,298.4,298.8,291.3,292.2,19878.0,-0.012237171252788892,15.430000305175781,0QP2.LON,0QP2.LON
2018-06-01,295.1,298.895,292.2,296.77,12240.0,0.015639972621492193,13.460000038146973,0QP2.LON,0QP2.LON
2018-06-04,298.0,299.2913,296.9,297.6,4829.0,0.0027967786501332803,12.739999771118164,0QP2.LON,0QP2.LON
2018-06-05,297.5,298.3,296.23,296.7,8781.0,-0.003024193548387233,12.399999618530273,0QP2.LON,0QP2.LON
2018-06-06,294.695,294.695,291.605,293.4,7801.0,-0.011122345803842304,11.640000343322754,0QP2.LON,0QP2.LON
2018-06-07,295.505,298.0618,295.505,296.81,75653.0,0.011622358554874035,12.130000114440918,0QP2.LON,0QP2.LON
2018-06-08,295.4,295.4,293.35,294.95,17075.0,-0.006266635221185313,12.180000305175781,0QP2.LON,0QP2.LON
2018-06-11,296.78,299.8,296.78,299.7,10746.0,0.016104424478725177,12.350000381469727,0QP2.LON,0QP2.LON
2018-06-12,301.35,302.92,301.35,301.52,33032.0,0.006072739406072669,12.34000015258789,0QP2.LON,0QP2.LON
2018-06-13,302.3,302.3,298.9455,298.9455,165349.0,-0.008538405412576333,12.9399995803833,0QP2.LON,0QP2.LON
2018-06-14,297.3,299.905,295.795,297.9356,1681.0,-0.0033782077335164917,12.119999885559082,0QP2.LON,0QP2.LON
2018-06-15,298.205,298.205,295.406,295.906,97407.0,-0.006812210423997711,11.979999542236328,0QP2.LON,0QP2.LON
2018-06-18,295.7,297.79,294.7,295.05,10856.0,-0.00289281055470314,12.3100004196167,0QP2.LON,0QP2.LON
2018-06-19,293.3,296.3,292.305,295.306,3370.0,0.0008676495509234439,13.350000381469727,0QP2.LON,0QP2.LON
2018-06-20,294.9,297.2,294.9,295.29,9012.0,-5.418108673704847e-05,12.789999961853027,0QP2.LON,0QP2.LON
2018-06-21,297.52,297.52,293.35,293.35,13908.0,-0.006569812726472279,14.640000343322754,0QP2.LON,0QP2.LON
2018-06-22,293.2,297.3,293.14,297.04,148721.0,0.012578830748252834,13.770000457763672,0QP2.LON,0QP2.LON
2018-06-25,294.7,296.0,292.05,296.0,38117.0,-0.003501211957985473,17.329999923706055,0QP2.LON,0QP2.LON
2018-06-26,293.0,293.0,290.8,291.6,56828.0,-0.014864864864864824,15.920000076293945,0QP2.LON,0QP2.LON
2018-06-27,290.4,294.6,290.0849,294.1115,70942.0,0.008612825788751666,17.90999984741211,0QP2.LON,0QP2.LON
2018-06-28,291.8,292.7,290.7,290.8905,85433.0,-0.010951628889043774,16.850000381469727,0QP2.LON,0QP2.LON
2018-06-29,294.3,295.86,293.3,294.1,13824.0,0.01103336135074895,16.09000015258789,0QP2.LON,0QP2.LON
2018-07-02,291.65,291.65,290.05,291.0,12175.0,-0.01054063243794634,15.600000381469727,0QP2.LON,0QP2.LON
2018-07-03,291.3,294.495,291.3,293.41,45930.0,0.008281786941580771,16.139999389648438,0QP2.LON,0QP2.LON
2018-07-04,292.8,293.95,292.8,293.48,3902.0,0.00023857400906579507,,0QP2.LON,0QP2.LON
2018-07-05,295.8,296.2,293.0,296.0,35915.0,0.008586615783017448,14.970000267028809,0QP2.LON,0QP2.LON
2018-07-06,294.32,294.32,293.2,294.32,4463.0,-0.005675675675675729,13.369999885559082,0QP2.LON,0QP2.LON
2018-07-09,296.2921,297.64,296.2921,297.4,7049.0,0.010464800217450332,12.6899995803833,0QP2.LON,0QP2.LON
2018-07-10,298.8,299.09,297.375,297.375,16129.0,-8.406186953591188e-05,12.640000343322754,0QP2.LON,0QP2.LON
2018-07-11,295.975,295.975,293.73,295.2019,3788.0,-0.007307608238755647,13.630000114440918,0QP2.LON,0QP2.LON
2018-07-12,297.2,298.2,294.99,298.2,7030.0,0.010156099943801067,12.579999923706055,0QP2.LON,0QP2.LON
2018-07-13,298.4,299.375,297.975,298.5,4976.0,0.001006036217303885,12.180000305175781,0QP2.LON,0QP2.LON
2018-07-16,298.0,298.095,295.9,298.0,28294.0,-0.0016750418760469454,12.829999923706055,0QP2.LON,0QP2.LON
2018-07-17,298.4,298.98,297.28,298.5,11940.0,0.001677852348993314,12.0600004196167,0QP2.LON,0QP2.LON
2018-07-18,299.0,300.57,297.8,300.57,8173.0,0.006934673366834065,12.100000381469727,0QP2.LON,0QP2.LON
2018-07-19,300.2,301.8,299.575,299.7,16337.0,-0.002894500449146631,12.869999885559082,0QP2.LON,0QP2.LON
2018-07-20,298.5,299.36,296.22,297.695,55922.0,-0.00669002335669,12.859999656677246,0QP2.LON,0QP2.LON
2018-07-23,298.2,298.6,295.9673,298.6,45777.0,0.0030400241858279387,12.619999885559082,0QP2.LON,0QP2.LON
2018-07-24,299.6,300.9,299.6,299.975,40212.0,0.004604822505023476,12.40999984741211,0QP2.LON,0QP2.LON
2018-07-25,298.3,301.07,297.07,297.07,37645.0,-0.009684140345028847,12.289999961853027,0QP2.LON,0QP2.LON
2018-07-26,300.1,300.4,298.4,300.4,3496.0,0.011209479247315413,12.140000343322754,0QP2.LON,0QP2.LON
2018-07-27,301.7,302.66,300.5,301.88,13567.0,0.004926764314247656,13.029999732971191,0QP2.LON,0QP2.LON
2018-07-30,301.24,303.88,301.24,302.6,6442.0,0.0023850536637075592,14.260000228881836,0QP2.LON,0QP2.LON
2018-07-31,303.7,305.36,303.1,304.7,16387.0,0.006939854593522643,12.829999923706055,0QP2.LON,0QP2.LON
2018-08-02,301.9,304.5,301.1,301.19,33983.0,-0.01151952740400386,12.1899995803833,0QP2.LON,0QP2.LON
2018-08-03,301.7,301.9,300.79,300.88,33889.0,-0.001029250639131507,11.640000343322754,0QP2.LON,0QP2.LON
2018-08-06,301.41,301.41,298.9,299.3,36009.0,-0.005251262961978198,11.270000457763672,0QP2.LON,0QP2.LON
2018-08-07,301.4,302.9,301.4,301.6526,28369.0,0.007860340795188714,10.930000305175781,0QP2.LON,0QP2.LON
2018-08-08,301.95,301.95,298.195,301.02,38706.0,-0.0020971143626808963,10.850000381469727,0QP2.LON,0QP2.LON
2018-08-09,300.1,302.595,298.7,301.2,13971.0,0.0005979669124975828,11.270000457763672,0QP2.LON,0QP2.LON
2018-08-10,301.5,301.7,297.25,298.05,63804.0,-0.01045816733067717,13.15999984741211,0QP2.LON,0QP2.LON
2018-08-13,297.4,298.4,295.67,296.67,17813.0,-0.004630095621540042,14.779999732971191,0QP2.LON,0QP2.LON
2018-08-14,299.3,299.4,295.0,296.19,29492.0,-0.0016179593487714028,13.3100004196167,0QP2.LON,0QP2.LON
2018-08-15,294.7,297.3,294.7,294.8,21250.0,-0.0046929335899252855,14.640000343322754,0QP2.LON,0QP2.LON
2018-08-16,296.005,297.8,296.005,296.675,10502.0,0.006360244233378554,13.449999809265137,0QP2.LON,0QP2.LON
2018-08-17,297.3,297.3,293.8,295.0,26362.0,-0.005645908822785928,12.640000343322754,0QP2.LON,0QP2.LON
2018-08-20,296.87,296.87,294.8,296.1,21858.0,0.003728813559322086,12.489999771118164,0QP2.LON,0QP2.LON
2018-08-21,295.5,297.6,295.095,296.93,5648.0,0.002803107058426235,12.859999656677246,0QP2.LON,0QP2.LON
2018-08-22,296.7,298.7,296.7,296.8,8611.0,-0.0004378136261071752,12.25,0QP2.LON,0QP2.LON
2018-08-23,297.6,298.4,296.08,297.9,15098.0,0.0037061994609164373,12.40999984741211,0QP2.LON,0QP2.LON
2018-08-24,298.4,298.4,296.77,298.175,13958.0,0.0009231285666331246,11.989999771118164,0QP2.LON,0QP2.LON
2018-08-28,299.5,299.795,297.925,298.28,20011.0,0.0003521421983732065,12.5,0QP2.LON,0QP2.LON
2018-08-29,299.3,299.68,297.6575,299.0,5586.0,0.002413839345581481,12.25,0QP2.LON,0QP2.LON
2018-08-30,297.695,297.695,296.7,297.3,223018.0,-0.005685618729096897,13.529999732971191,0QP2.LON,0QP2.LON
2018-08-31,296.2056,296.2056,295.1,295.1,9705.0,-0.007399932727884306,12.859999656677246,0QP2.LON,0QP2.LON
2018-09-03,297.5,297.5,296.4,296.9,14442.0,0.006099627245001571,,0QP2.LON,0QP2.LON
2018-09-04,297.4,298.205,293.695,295.29,13571.0,-0.005422701246210693,13.15999984741211,0QP2.LON,0QP2.LON
2018-09-05,294.6,296.875,294.6,296.05,82211.0,0.0025737410681025974,13.90999984741211,0QP2.LON,0QP2.LON
2018-09-06,295.5,298.4,295.3,296.8,7868.0,0.002533355852051944,14.649999618530273,0QP2.LON,0QP2.LON
2018-09-07,297.495,297.495,295.49,296.695,18504.0,-0.0003537735849057366,14.880000114440918,0QP2.LON,0QP2.LON
2018-09-10,297.8,301.77,297.32,300.8,140925.0,0.013835757259138326,14.15999984741211,0QP2.LON,0QP2.LON
2018-09-11,300.1,300.195,297.3,299.1,84067.0,-0.005651595744680771,13.220000267028809,0QP2.LON,0QP2.LON
2018-09-12,299.0,300.2,298.05,299.3,53024.0,0.0006686726847207058,13.140000343322754,0QP2.LON,0QP2.LON
2018-09-13,299.005,300.575,299.005,299.29,56365.0,-3.341129301703827e-05,12.369999885559082,0QP2.LON,0QP2.LON
2018-09-14,299.8,299.8,298.28,299.4,12021.0,0.0003675365030570976,12.069999694824219,0QP2.LON,0QP2.LON
2018-09-17,299.6,299.6,298.1,299.11,764.0,-0.0009686038744153302,13.680000305175781,0QP2.LON,0QP2.LON
2018-09-18,299.6,299.6,298.05,299.5,20971.0,0.0013038681421551068,12.789999961853027,0QP2.LON,0QP2.LON
2018-09-19,299.8,303.0,299.8,302.1,56787.0,0.008681135225375725,11.75,0QP2.LON,0QP2.LON
2018-09-20,303.105,306.775,303.105,305.9,266746.0,0.012578616352201033,11.800000190734863,0QP2.LON,0QP2.LON
2018-09-21,305.9,308.85,305.9,307.4,1111889.0,0.00490356325596597,11.680000305175781,0QP2.LON,0QP2.LON
2018-09-24,308.1,309.0,307.405,307.405,102259.0,1.626545217958686e-05,12.199999809265137,0QP2.LON,0QP2.LON
2018-09-25,308.1,310.77,308.1,310.3,18522.0,0.009417543631365932,12.420000076293945,0QP2.LON,0QP2.LON
2018-09-26,309.575,312.0,309.575,311.7,27558.0,0.004511762810183617,12.890000343322754,0QP2.LON,0QP2.LON
2018-09-27,310.0,312.57,310.0,311.2966,18360.0,-0.0012941931344240265,12.40999984741211,0QP2.LON,0QP2.LON
2018-09-28,309.1,310.74,306.78,310.2,9602.0,-0.003522685438902995,12.119999885559082,0QP2.LON,0QP2.LON
2018-10-01,310.3,312.97,310.3,311.4562,55813.0,0.004049645390071133,12.0,0QP2.LON,0QP2.LON
2018-10-02,309.2,309.2,307.6,308.1,9264.0,-0.010775833006374524,12.050000190734863,0QP2.LON,0QP2.LON
2018-10-03,308.9,310.9,308.9,309.0,23468.0,0.0029211295034079487,11.609999656677246,0QP2.LON,0QP2.LON
2018-10-04,309.1,313.3,309.0,311.6,34949.0,0.008414239482200658,14.220000267028809,0QP2.LON,0QP2.LON
2018-10-05,313.38,313.38,310.7,312.1041,79666.0,0.0016177792041078831,14.819999694824219,0QP2.LON,0QP2.LON
2018-10-08,310.9,311.5,309.595,310.1,100402.0,-0.0064212549594830914,15.6899995803833,0QP2.LON,0QP2.LON
2018-10-09,311.7,313.81,309.1,313.8,7309.0,0.011931634956465542,15.949999809265137,0QP2.LON,0QP2.LON
2018-10-10,313.8,317.005,313.6,313.62,67078.0,-0.0005736137667303742,22.959999084472656,0QP2.LON,0QP2.LON
2018-10-11,309.5,309.5,301.2,303.5197,124303.0,-0.03220553536126525,24.979999542236328,0QP2.LON,0QP2.LON
2018-10-12,305.7,306.08,303.0,303.0,89585.0,-0.001712244707674615,21.309999465942383,0QP2.LON,0QP2.LON
2018-10-15,302.1,303.05,300.9,302.15,56214.0,-0.0028052805280528448,21.299999237060547,0QP2.LON,0QP2.LON
2018-10-16,301.1,304.2,300.8,303.4,22829.0,0.004137018037398743,17.6200008392334,0QP2.LON,0QP2.LON
2018-10-17,305.2,306.1,302.9,303.9,68154.0,0.0016479894528675931,17.399999618530273,0QP2.LON,0QP2.LON
2018-10-18,304.1,305.5,304.1,304.1,47436.0,0.0006581112207963979,20.059999465942383,0QP2.LON,0QP2.LON
2018-10-19,304.9,307.495,304.9,307.4,183788.0,0.010851693521867656,19.889999389648438,0QP2.LON,0QP2.LON
2018-10-22,307.6,310.4,307.6,307.8,11080.0,0.0013012361743658385,19.639999389648438,0QP2.LON,0QP2.LON
2018-10-23,304.04,304.04,299.84,301.5,35500.0,-0.020467836257309968,20.709999084472656,0QP2.LON,0QP2.LON
2018-10-24,301.9,305.2,299.8,299.8,7589.0,-0.00563847429519071,25.229999542236328,0QP2.LON,0QP2.LON
2018-10-25,299.0,303.7,297.75,301.0,65324.0,0.004002668445630464,24.219999313354492,0QP2.LON,0QP2.LON
2018-10-26,299.1,299.1,295.68,297.9,25951.0,-0.010299003322259193,24.15999984741211,0QP2.LON,0QP2.LON
2018-10-29,302.3,306.705,299.7,305.21,9939.0,0.02453843571668357,24.700000762939453,0QP2.LON,0QP2.LON
2018-10-30,307.4,308.275,305.1,307.6,9068.0,0.00783067396219006,23.350000381469727,0QP2.LON,0QP2.LON
2018-10-31,310.295,313.2,310.295,313.2,48421.0,0.01820546163849146,21.229999542236328,0QP2.LON,0QP2.LON
2018-11-01,310.9,314.795,310.9,312.3,137807.0,-0.002873563218390718,19.34000015258789,0QP2.LON,0QP2.LON
2018-11-02,314.2,314.6,310.81,311.4,36838.0,-0.00288184438040362,19.510000228881836,0QP2.LON,0QP2.LON
2018-11-05,312.2,312.2,310.8,311.6,17551.0,0.0006422607578677741,19.959999084472656,0QP2.LON,0QP2.LON
2018-11-06,312.76,312.76,308.3,310.8,17333.0,-0.0025673940949936247,19.90999984741211,0QP2.LON,0QP2.LON
2018-11-07,313.0,313.795,311.36,313.1,48319.0,0.007400257400257404,16.360000610351562,0QP2.LON,0QP2.LON
2018-11-08,315.0,316.26,313.5,313.9,3139.0,0.0025550942190992743,16.719999313354492,0QP2.LON,0QP2.LON
2018-11-09,312.94,314.71,312.94,314.4,22066.0,0.0015928639694169355,17.360000610351562,0QP2.LON,0QP2.LON
2018-11-12,311.5,313.2,311.5,311.5,15786.0,-0.00922391857506355,20.450000762939453,0QP2.LON,0QP2.LON
2018-11-13,313.975,313.975,311.0,313.5,6905.0,0.006420545746388395,20.020000457763672,0QP2.LON,0QP2.LON
2018-11-14,311.5,313.5,309.1,312.8,40282.0,-0.0022328548644338087,21.25,0QP2.LON,0QP2.LON
2018-11-15,313.83,313.83,307.3,309.9,45899.0,-0.00927109974424567,19.979999542236328,0QP2.LON,0QP2.LON
2018-11-16,310.7,312.7,308.595,308.8,7931.0,-0.00354953210713127,18.139999389648438,0QP2.LON,0QP2.LON
2018-11-19,308.9,310.2,305.6,305.8,16278.0,-0.009715025906735786,20.100000381469727,0QP2.LON,0QP2.LON
2018-11-20,304.5,304.5,301.17,302.0,8283.0,-0.012426422498365008,22.479999542236328,0QP2.LON,0QP2.LON
2018-11-21,303.58,307.1,303.58,307.1,18620.0,0.016887417218543144,20.799999237060547,0QP2.LON,0QP2.LON
2018-11-22,306.5,306.5,304.7,305.1,15017.0,-0.00651253663301854,,0QP2.LON,0QP2.LON
2018-11-23,306.2,306.2,303.995,306.1,12662.0,0.0032776138970829205,21.520000457763672,0QP2.LON,0QP2.LON
2018-11-26,310.48,312.3,310.48,310.6,34356.0,0.014701078079059071,18.899999618530273,0QP2.LON,0QP2.LON
2018-11-27,311.3,312.7,310.3,311.7,27457.0,0.003541532517707502,19.020000457763672,0QP2.LON,0QP2.LON
2018-11-28,313.0,313.5422,311.06,311.06,20219.0,-0.0020532563362206657,18.489999771118164,0QP2.LON,0QP2.LON
2018-11-29,311.805,313.97,311.805,313.5686,19487.0,0.008064682054909067,18.790000915527344,0QP2.LON,0QP2.LON
2018-11-30,314.0,314.395,310.95,313.5,20401.0,-0.00021877190509511646,18.06999969482422,0QP2.LON,0QP2.LON
2018-12-03,316.3,318.49,315.205,315.3,22211.0,0.005741626794258492,16.440000534057617,0QP2.LON,0QP2.LON
2018-12-04,313.5,315.88,313.5,313.63,28416.0,-0.005296542974944529,20.739999771118164,0QP2.LON,0QP2.LON
2018-12-05,312.1,312.1,307.58,307.64,98469.0,-0.019098938239326624,,0QP2.LON,0QP2.LON
2018-12-06,305.56,305.56,297.2,297.2,21792.0,-0.033935769080743694,21.190000534057617,0QP2.LON,0QP2.LON
2018-12-07,302.4,303.0,300.0,300.005,21544.0,0.009438088829071267,23.229999542236328,0QP2.LON,0QP2.LON
2018-12-10,298.5907,298.5907,295.0,295.0,18205.0,-0.016683055282411985,22.639999389648438,0QP2.LON,0QP2.LON
2018-12-11,298.26,298.26,294.5,295.9,38870.0,0.0030508474576269595,21.760000228881836,0QP2.LON,0QP2.LON
2018-12-12,297.275,300.5,297.275,300.5,31835.0,0.01554579249746535,21.459999084472656,0QP2.LON,0QP2.LON
2018-12-13,301.9,301.905,299.195,301.105,6135.0,0.0020133111480866717,20.649999618530273,0QP2.LON,0QP2.LON
2018-12-14,299.4,299.6,296.25,298.2,6927.0,-0.009647797280018744,21.6299991607666,0QP2.LON,0QP2.LON
2018-12-17,297.2,297.2,291.4,291.4,27859.0,-0.022803487592220062,24.520000457763672,0QP2.LON,0QP2.LON
2018-12-18,291.0,292.89,290.35,290.6,185850.0,-0.0027453671928618917,25.579999923706055,0QP2.LON,0QP2.LON
2018-12-19,291.0,293.8,289.2,292.7,180417.0,0.007226428079834646,25.579999923706055,0QP2.LON,0QP2.LON
2018-12-20,289.3,291.9,289.3,290.19,66177.0,-0.008575333105568794,28.3799991607666,0QP2.LON,0QP2.LON
2018-12-21,290.0,292.5,288.1,289.0,100546.0,-0.004100761570005829,30.110000610351562,0QP2.LON,0QP2.LON
2018-12-27,292.7,292.7,282.5,282.61,63055.0,-0.02211072664359859,29.959999084472656,0QP2.LON,0QP2.LON
2018-12-28,287.24,293.22,287.24,293.1,11411.0,0.03711829022327584,28.34000015258789,0QP2.LON,0QP2.LON
2019-01-03,293.9,295.075,291.9,293.3,28799.0,0.0006823609689525778,25.450000762939453,0QP2.LON,0QP2.LON
2019-01-04,292.9,297.54,292.3,297.3,36940.0,0.013637913399249912,21.3799991607666,0QP2.LON,0QP2.LON
2019-01-07,298.1,298.1,293.6,294.75,27528.0,-0.008577194752774964,21.399999618530273,0QP2.LON,0QP2.LON
2019-01-08,297.4,300.275,296.4,298.2,57482.0,0.011704834605597902,20.469999313354492,0QP2.LON,0QP2.LON
2019-01-09,300.3,300.55,297.95,298.8,29580.0,0.00201207243460777,19.979999542236328,0QP2.LON,0QP2.LON
2019-01-10,298.15,304.5,298.15,304.4,22799.0,0.018741633199464314,19.5,0QP2.LON,0QP2.LON
2019-01-11,304.4,305.4,303.7,304.5,10240.0,0.0003285151116951823,18.190000534057617,0QP2.LON,0QP2.LON
2019-01-14,303.595,303.595,301.16,303.595,13749.0,-0.0029720853858784535,19.06999969482422,0QP2.LON,0QP2.LON
2019-01-15,304.4,305.5,302.4,303.7,166780.0,0.00034585549827892414,18.600000381469727,0QP2.LON,0QP2.LON
2019-01-16,304.8,306.6,304.6,306.1,42446.0,0.007902535396773214,19.040000915527344,0QP2.LON,0QP2.LON
2019-01-17,304.6,308.39,304.6,308.3,224512.0,0.007187193727540064,18.059999465942383,0QP2.LON,0QP2.LON
2019-01-18,310.55,314.3,310.55,314.1,56558.0,0.018812844631852066,17.799999237060547,0QP2.LON,0QP2.LON
2019-01-21,313.9,315.0,313.9,314.1,70368.0,0.0,,0QP2.LON,0QP2.LON
2019-01-22,313.0,315.675,312.7,312.7,17556.0,-0.004457179242279619,20.799999237060547,0QP2.LON,0QP2.LON
2019-01-23,311.1,313.2,310.6,311.95,16952.0,-0.0023984649824112525,19.520000457763672,0QP2.LON,0QP2.LON
2019-01-24,312.36,314.5,312.36,314.5,14618.0,0.008174386920980936,18.889999389648438,0QP2.LON,0QP2.LON
2019-01-25,313.1,314.99,313.1,313.1,20834.0,-0.004451510333863151,17.420000076293945,0QP2.LON,0QP2.LON
2019-01-28,311.7,312.76,311.24,312.25,20759.0,-0.00271478760779309,18.8700008392334,0QP2.LON,0QP2.LON
2019-01-29,311.704,314.4,311.704,313.2,8324.0,0.003042433947157752,19.1299991607666,0QP2.LON,0QP2.LON
2019-01-30,313.0,313.0,311.6,312.8,65893.0,-0.0012771392081736277,17.65999984741211,0QP2.LON,0QP2.LON
2019-01-31,313.4,314.86,311.0,311.82,31048.0,-0.0031329923273657467,16.56999969482422,0QP2.LON,0QP2.LON
2019-02-01,312.0,313.6,311.7,313.6,7226.0,0.0057084215252389825,16.139999389648438,0QP2.LON,0QP2.LON
2019-02-04,314.8,315.0,313.1,314.0,37867.0,0.0012755102040815647,15.729999542236328,0QP2.LON,0QP2.LON
2019-02-05,314.8,315.7,314.2,315.6,22986.0,0.005095541401273884,15.569999694824219,0QP2.LON,0QP2.LON
2019-02-06,316.1,316.3,314.6,314.9,45609.0,-0.002217997465145949,15.380000114440918,0QP2.LON,0QP2.LON
2019-02-07,316.4,317.86,312.3,316.7,344933.0,0.0057161003493173546,16.3700008392334,0QP2.LON,0QP2.LON
2019-02-08,316.74,316.74,315.68,315.9,55017.0,-0.002526049889485349,15.720000267028809,0QP2.LON,0QP2.LON
2019-02-11,317.9,319.4,317.44,318.0,135542.0,0.00664767331434013,15.970000267028809,0QP2.LON,0QP2.LON
2019-02-12,318.3,319.96,317.8,319.7,103696.0,0.005345911949685478,15.430000305175781,0QP2.LON,0QP2.LON
2019-02-13,319.9,320.0,318.4,320.0,31468.0,0.0009383797309978625,15.649999618530273,0QP2.LON,0QP2.LON
2019-02-14,319.9,320.4,317.8,317.8,29469.0,-0.0068749999999999645,16.219999313354492,0QP2.LON,0QP2.LON
2019-02-15,320.4,322.3,317.1,322.1,44686.0,0.013530522341095086,14.90999984741211,0QP2.LON,0QP2.LON
2019-02-18,322.2,323.07,320.9,321.3,219298.0,-0.0024837007140640077,,0QP2.LON,0QP2.LON
2019-02-19,320.9,323.2,320.9,323.1,36516.0,0.0056022408963585235,14.880000114440918,0QP2.LON,0QP2.LON
2019-02-20,323.1,324.98,323.1,324.1,15092.0,0.003095017022593627,14.020000457763672,0QP2.LON,0QP2.LON
2019-02-21,324.9,326.8,324.66,325.7,407346.0,0.00493674791730947,14.460000038146973,0QP2.LON,0QP2.LON
2019-02-22,325.6,326.8,325.6,326.0,45849.0,0.000921093030396003,13.510000228881836,0QP2.LON,0QP2.LON
2019-02-25,326.9,329.15,326.8,329.04,33998.0,0.00932515337423312,14.850000381469727,0QP2.LON,0QP2.LON
2019-02-26,327.0,329.9,327.0,328.7857,17165.0,-0.0007728543642110397,15.170000076293945,0QP2.LON,0QP2.LON
2019-02-27,329.3,329.6,328.26,328.26,46463.0,-0.0015989138213736709,14.699999809265137,0QP2.LON,0QP2.LON
2019-02-28,328.8,330.1,327.1,330.0,14670.0,0.005300676293182205,14.779999732971191,0QP2.LON,0QP2.LON
2019-03-01,330.2,331.0,329.1,329.3,19844.0,-0.0021212121212120794,13.569999694824219,0QP2.LON,0QP2.LON
2019-03-04,330.8,330.8,329.25,329.6,48957.0,0.0009110233829334735,14.630000114440918,0QP2.LON,0QP2.LON
2019-03-05,330.05,330.05,327.9,329.2,32821.0,-0.0012135922330097637,14.739999771118164,0QP2.LON,0QP2.LON
2019-03-06,329.78,329.78,328.2,329.5,14146.0,0.0009113001215066419,15.739999771118164,0QP2.LON,0QP2.LON
2019-03-07,329.96,329.96,325.3,325.89,73420.0,-0.010955993930197305,16.59000015258789,0QP2.LON,0QP2.LON
2019-03-08,325.4,325.6,323.3,325.2,52896.0,-0.0021172788364172135,16.049999237060547,0QP2.LON,0QP2.LON
2019-03-11,326.9,327.95,325.8,326.6,85699.0,0.004305043050430557,14.329999923706055,0QP2.LON,0QP2.LON
2019-03-12,328.0,328.4,326.2,327.5,17861.0,0.0027556644213104775,13.770000457763672,0QP2.LON,0QP2.LON
2019-03-13,326.93,330.1,326.93,329.7,175783.0,0.006717557251908257,13.40999984741211,0QP2.LON,0QP2.LON
2019-03-14,330.88,333.1,330.88,331.3,195424.0,0.004852896572641763,13.5,0QP2.LON,0QP2.LON
2019-03-15,334.5,337.6,333.0,337.6,204440.0,0.019015997585270172,12.880000114440918,0QP2.LON,0QP2.LON
2019-03-18,337.0,339.39,337.0,338.3,247079.0,0.0020734597156397694,13.100000381469727,0QP2.LON,0QP2.LON
2019-03-19,339.4,341.3,338.5,338.6,215083.0,0.000886786875554213,13.5600004196167,0QP2.LON,0QP2.LON
2019-03-20,337.8,337.8,333.2,333.6,106319.0,-0.01476668635558176,13.90999984741211,0QP2.LON,0QP2.LON
2019-03-21,333.5,333.5,327.58,333.5,118705.0,-0.00029976019184663194,13.630000114440918,0QP2.LON,0QP2.LON
2019-03-22,331.8,333.5,328.7,328.8,66261.0,-0.01409295352323836,16.479999542236328,0QP2.LON,0QP2.LON
2019-03-25,327.6,329.25,327.6,328.2,235003.0,-0.0018248175182482562,16.329999923706055,0QP2.LON,0QP2.LON
2019-03-26,328.0,331.4,327.54,329.6,44992.0,0.004265691651432091,14.680000305175781,0QP2.LON,0QP2.LON
2019-03-27,330.4,330.7,327.22,328.64,180342.0,-0.002912621359223433,15.149999618530273,0QP2.LON,0QP2.LON
2019-03-28,329.8,330.3,328.0,328.0,113148.0,-0.0019474196689386325,14.430000305175781,0QP2.LON,0QP2.LON
2019-03-29,329.4,330.0,328.66,329.5,233214.0,0.004573170731707377,13.710000038146973,0QP2.LON,0QP2.LON
2019-04-01,330.5,333.5,330.5,332.2,168771.0,0.008194233687405017,13.399999618530273,0QP2.LON,0QP2.LON
2019-04-02,331.88,333.7,331.5,331.9,277224.0,-0.0009030704394943356,13.359999656677246,0QP2.LON,0QP2.LON
2019-04-03,333.6,334.16,330.75,332.4092,264754.0,0.0015341970473035094,13.739999771118164,0QP2.LON,0QP2.LON
2019-04-04,332.88,333.94,332.5,333.7,122096.0,0.003883165688554957,13.579999923706055,0QP2.LON,0QP2.LON
2019-04-05,316.5,319.85,315.8,318.4,583833.0,-0.04584956547797425,12.819999694824219,0QP2.LON,0QP2.LON
2019-04-08,318.15,318.6,316.0,316.0,39891.0,-0.007537688442211032,13.180000305175781,0QP2.LON,0QP2.LON
2019-04-09,315.95,319.075,315.6,315.7,113759.0,-0.0009493670886076,14.279999732971191,0QP2.LON,0QP2.LON
2019-04-10,316.775,316.775,315.2,315.5,42746.0,-0.0006335128286347746,13.300000190734863,0QP2.LON,0QP2.LON
2019-04-11,315.1,317.025,314.5,316.3,46139.0,0.0025356576862123337,13.020000457763672,0QP2.LON,0QP2.LON
2019-04-12,316.8,317.625,315.2,317.1,44326.0,0.0025292443882389826,12.010000228881836,0QP2.LON,0QP2.LON
2019-04-15,318.65,320.6,318.65,318.7,175809.0,0.005045726900031466,12.319999694824219,0QP2.LON,0QP2.LON
2019-04-16,320.61,324.975,319.9,324.7,907106.0,0.018826482585503568,12.180000305175781,0QP2.LON,0QP2.LON
2019-04-17,324.48,327.76,324.48,327.4,48244.0,0.00831536803202959,12.600000381469727,0QP2.LON,0QP2.LON
2019-04-18,327.56,328.2,325.0,328.2,83578.0,0.0024434941967013124,12.09000015258789,0QP2.LON,0QP2.LON
2019-04-23,327.78,327.78,325.78,326.7,16236.0,-0.004570383912248621,12.279999732971191,0QP2.LON,0QP2.LON
2019-04-24,325.5,326.15,323.425,323.6,37434.0,-0.009488827670645739,13.140000343322754,0QP2.LON,0QP2.LON
2019-04-25,323.125,325.5,322.95,324.6,29552.0,0.0030902348578492056,13.25,0QP2.LON,0QP2.LON
2019-04-26,326.2,326.3,323.4,325.18,294170.0,0.0017868145409734026,12.729999542236328,0QP2.LON,0QP2.LON
2019-04-29,325.41,325.7,323.55,324.5,8318.0,-0.0020911495171904715,13.109999656677246,0QP2.LON,0QP2.LON
2019-04-30,324.61,325.9,324.4,324.9,71571.0,0.0012326656394452407,13.119999885559082,0QP2.LON,0QP2.LON
2019-05-02,322.52,323.1,321.7,321.7,51015.0,-0.009849184364419838,14.420000076293945,0QP2.LON,0QP2.LON
2019-05-03,323.0,324.525,322.38,323.7,12337.0,0.006216972334473159,12.869999885559082,0QP2.LON,0QP2.LON
2019-05-07,320.06,320.96,317.14,318.1,36991.0,-0.017299969107197888,19.31999969482422,0QP2.LON,0QP2.LON
2019-05-08,317.67,320.09,316.7,320.0,126079.0,0.005972964476579579,19.399999618530273,0QP2.LON,0QP2.LON
2019-05-09,318.5,318.69,313.35,313.9,105010.0,-0.019062500000000093,19.100000381469727,0QP2.LON,0QP2.LON
2019-05-10,316.52,317.7,315.3,316.1,49163.0,0.007008601465434916,16.040000915527344,0QP2.LON,0QP2.LON
2019-05-13,316.07,317.26,313.41,313.82,16021.0,-0.007212907307814098,20.549999237060547,0QP2.LON,0QP2.LON
2019-05-14,315.6,315.8,314.19,315.29,13997.0,0.0046842138805685,18.059999465942383,0QP2.LON,0QP2.LON
2019-05-15,318.45,321.1,316.7,321.1,12653.0,0.018427479463351215,16.440000534057617,0QP2.LON,0QP2.LON
2019-05-16,320.1,328.4,319.8,321.8,58545.0,0.0021800062285892707,15.289999961853027,0QP2.LON,0QP2.LON
2019-05-17,327.9,327.9,324.78,326.1,38760.0,0.013362336855189616,15.960000038146973,0QP2.LON,0QP2.LON
2019-05-20,325.5,328.9,324.02,325.5,53292.0,-0.0018399264029439477,16.309999465942383,0QP2.LON,0QP2.LON
2019-05-21,326.5,328.4,326.0,326.0,168956.0,0.001536098310291889,14.949999809265137,0QP2.LON,0QP2.LON
2019-05-22,327.3,328.1,325.4,328.1,4651.0,0.006441717791411117,14.75,0QP2.LON,0QP2.LON
2019-05-23,327.0,327.0,323.5,324.9,16885.0,-0.00975312404754658,16.920000076293945,0QP2.LON,0QP2.LON
2019-05-24,326.5,329.3,326.5,329.2,13912.0,0.01323484148968923,15.850000381469727,0QP2.LON,0QP2.LON
2019-05-28,330.57,331.1662,329.1,331.1,25037.0,0.005771567436209102,17.5,0QP2.LON,0QP2.LON
2019-05-29,329.25,329.55,325.2,325.6,57019.0,-0.01661129568106312,17.899999618530273,0QP2.LON,0QP2.LON
2019-05-31,324.02,325.5,323.3,324.8,21739.0,-0.002457002457002533,18.709999084472656,0QP2.LON,0QP2.LON
2019-06-03,322.08,326.35,322.025,325.78,6120.0,0.0030172413793101427,18.860000610351562,0QP2.LON,0QP2.LON
2019-06-04,324.16,328.675,324.16,327.5,37016.0,0.005279636564552881,16.969999313354492,0QP2.LON,0QP2.LON
2019-06-05,328.11,330.26,328.09,329.063,165781.0,0.004772519083969362,16.09000015258789,0QP2.LON,0QP2.LON
2019-06-06,330.3,333.2,330.3,331.7,51029.0,0.008013663037169216,15.930000305175781,0QP2.LON,0QP2.LON
2019-06-07,333.45,334.6,332.2,333.6,26200.0,0.005728067530901493,16.299999237060547,0QP2.LON,0QP2.LON
2019-06-11,335.37,337.525,335.0,336.3,236850.0,0.008093525179856176,15.989999771118164,0QP2.LON,0QP2.LON
2019-06-12,335.55,337.2,335.5,336.7,43124.0,0.0011894142134998287,15.90999984741211,0QP2.LON,0QP2.LON
2019-06-13,336.47,337.9,336.33,337.0,18492.0,0.0008910008910010259,15.819999694824219,0QP2.LON,0QP2.LON
2019-06-14,336.38,337.3,335.4,337.3,15106.0,0.0008902077151335952,15.279999732971191,0QP2.LON,0QP2.LON
2019-06-17,338.58,339.72,337.79,338.5,19356.0,0.0035576638007708272,15.350000381469727,0QP2.LON,0QP2.LON
2019-06-18,338.05,341.55,337.03,340.1,128786.0,0.0047267355982274495,15.149999618530273,0QP2.LON,0QP2.LON
2019-06-19,340.5,341.3,339.8,339.9,121888.0,-0.0005880623346076197,14.329999923706055,0QP2.LON,0QP2.LON
2019-06-20,342.84,343.9,339.3,339.3,94878.0,-0.001765225066195808,14.75,0QP2.LON,0QP2.LON
2019-06-21,340.3,341.1,338.0,339.8,1105841.0,0.0014736221632773994,15.399999618530273,0QP2.LON,0QP2.LON
2019-06-24,340.02,340.9,338.88,340.0,16919.0,0.0005885815185402432,15.260000228881836,0QP2.LON,0QP2.LON
2019-06-25,338.84,340.55,338.62,339.79,26429.0,-0.0006176470588235006,16.280000686645508,0QP2.LON,0QP2.LON
2019-06-26,339.58,342.56,339.58,340.1,16480.0,0.0009123282027134749,16.209999084472656,0QP2.LON,0QP2.LON
2019-06-27,340.4,340.9,336.95,339.4,22200.0,-0.0020582181711262804,15.819999694824219,0QP2.LON,0QP2.LON
2019-06-28,338.84,340.15,337.6,339.7,37479.0,0.0008839127872717345,15.079999923706055,0QP2.LON,0QP2.LON
2019-07-01,344.0,344.275,342.8,343.0,9196.0,0.009714453929938305,14.0600004196167,0QP2.LON,0QP2.LON
2019-07-02,343.4,347.9,343.31,344.5,24215.0,0.004373177842565523,12.930000305175781,0QP2.LON,0QP2.LON
2019-07-03,347.6,348.575,347.0,347.99,22628.0,0.01013062409288823,12.569999694824219,0QP2.LON,0QP2.LON
2019-07-04,348.85,349.25,348.405,349.0,8782.0,0.0029023822523635,,0QP2.LON,0QP2.LON
2019-07-05,347.525,347.525,344.9,346.15,2989.0,-0.008166189111747935,13.279999732971191,0QP2.LON,0QP2.LON
2019-07-08,346.57,347.46,345.55,346.7,26407.0,0.0015889065434060434,13.960000038146973,0QP2.LON,0QP2.LON
2019-07-09,346.8,347.38,344.8,345.8,45267.0,-0.0025959042399769094,14.09000015258789,0QP2.LON,0QP2.LON
2019-07-10,346.4,348.0,343.45,343.725,38153.0,-0.006000578368999365,13.029999732971191,0QP2.LON,0QP2.LON
2019-07-11,344.16,345.5,343.2,344.7,30164.0,0.0028365699323587013,12.930000305175781,0QP2.LON,0QP2.LON
2019-07-12,346.35,346.35,342.66,342.66,35837.0,-0.005918189730200085,12.390000343322754,0QP2.LON,0QP2.LON
2019-07-15,343.15,345.0,342.875,344.84,39916.0,0.006361991478433193,12.680000305175781,0QP2.LON,0QP2.LON
2019-07-16,344.0,345.2,343.4,344.5,74525.0,-0.00098596450527777,12.859999656677246,0QP2.LON,0QP2.LON
2019-07-17,344.75,348.125,343.6,347.0,50268.0,0.007256894049346929,13.970000267028809,0QP2.LON,0QP2.LON
2019-07-18,346.45,348.36,345.0,346.3094,8814.0,-0.0019902017291066887,13.529999732971191,0QP2.LON,0QP2.LON
2019-07-19,350.025,350.14,347.7,349.0,10505.0,0.0077693530698272895,14.449999809265137,0QP2.LON,0QP2.LON
2019-07-22,349.13,349.13,346.0,349.0,65183.0,0.0,13.529999732971191,0QP2.LON,0QP2.LON
2019-07-23,348.9,349.68,348.2,348.2,40953.0,-0.002292263610315204,12.609999656677246,0QP2.LON,0QP2.LON
2019-07-24,348.2,349.875,347.7,349.0,67693.0,0.0022975301550833827,12.069999694824219,0QP2.LON,0QP2.LON
2019-07-25,349.43,352.67,348.125,349.1,48089.0,0.00028653295128955314,12.739999771118164,0QP2.LON,0QP2.LON
2019-07-26,348.45,349.0,347.45,349.0,63419.0,-0.0002864508736751814,12.15999984741211,0QP2.LON,0QP2.LON
2019-07-29,349.9,351.15,348.5,348.5,30503.0,-0.0014326647564469885,12.829999923706055,0QP2.LON,0QP2.LON
2019-07-30,349.5,350.5,345.325,347.0,25514.0,-0.004304160688665681,13.9399995803833,0QP2.LON,0QP2.LON
2019-07-31,347.3,348.6,345.9,348.6,35038.0,0.004610951008645614,16.1200008392334,0QP2.LON,0QP2.LON
2019-08-02,341.9,342.55,339.0,340.65,53441.0,-0.022805507745266906,17.610000610351562,0QP2.LON,0QP2.LON
2019-08-05,338.825,339.9,334.22,336.06,19096.0,-0.013474240422721162,24.59000015258789,0QP2.LON,0QP2.LON
2019-08-06,333.5,334.475,330.82,331.5,101631.0,-0.013569005534725953,20.170000076293945,0QP2.LON,0QP2.LON
2019-08-07,333.0,335.5,330.53,333.0,7319.0,0.004524886877828038,19.489999771118164,0QP2.LON,0QP2.LON
2019-08-08,343.68,346.25,342.55,344.65,37978.0,0.03498498498498481,16.90999984741211,0QP2.LON,0QP2.LON
2019-08-09,346.9,350.4,346.86,347.6,40915.0,0.008559408095169196,17.969999313354492,0QP2.LON,0QP2.LON
2019-08-12,349.35,351.39,348.5,350.5,47073.0,0.008342922899884808,21.09000015258789,0QP2.LON,0QP2.LON
2019-08-13,349.6,353.7,346.7,347.5,55562.0,-0.008559201141226769,17.520000457763672,0QP2.LON,0QP2.LON
2019-08-14,351.89,352.82,343.9,345.1,45361.0,-0.0069064748201438375,22.100000381469727,0QP2.LON,0QP2.LON
2019-08-15,345.89,346.68,342.475,343.5,9619.0,-0.004636337293538184,21.18000030517578,0QP2.LON,0QP2.LON
2019-08-16,344.4,348.0,344.4,347.1,107943.0,0.010480349344978324,18.469999313354492,0QP2.LON,0QP2.LON
2019-08-19,348.4,351.62,348.4,351.2,32210.0,0.01181215787957357,16.8799991607666,0QP2.LON,0QP2.LON
2019-08-20,351.85,354.7,350.825,352.575,29986.0,0.0039151480637813485,17.5,0QP2.LON,0QP2.LON
2019-08-21,353.63,354.225,351.9,351.9,43347.0,-0.0019144862795150708,15.800000190734863,0QP2.LON,0QP2.LON
2019-08-22,351.2,352.54,349.175,350.3,15437.0,-0.004546746234725729,16.68000030517578,0QP2.LON,0QP2.LON
2019-08-23,352.03,352.03,349.775,350.625,16242.0,0.0009277761918355942,19.8700008392334,0QP2.LON,0QP2.LON
2019-08-27,347.31,348.05,346.05,347.2,100225.0,-0.00976827094474153,20.309999465942383,0QP2.LON,0QP2.LON
2019-08-28,345.675,345.85,341.675,345.0,52589.0,-0.006336405529953848,19.350000381469727,0QP2.LON,0QP2.LON
2019-08-29,344.2,349.8,344.2,349.8,35075.0,0.013913043478260834,17.8799991607666,0QP2.LON,0QP2.LON
2019-08-30,350.2,353.4,350.1,352.2,43672.0,0.006861063464836947,18.979999542236328,0QP2.LON,0QP2.LON
2019-09-02,352.7,354.65,352.7,354.0,52783.0,0.005110732538330609,,0QP2.LON,0QP2.LON
2019-09-03,353.375,355.01,353.075,353.6,44978.0,-0.001129943502824804,19.65999984741211,0QP2.LON,0QP2.LON
2019-09-04,355.63,358.36,355.63,358.08,38832.0,0.012669683257918507,17.329999923706055,0QP2.LON,0QP2.LON
2019-09-05,359.9,365.275,359.45,365.2,16999.0,0.019883824843610398,16.270000457763672,0QP2.LON,0QP2.LON
2019-09-06,364.9,367.16,364.73,365.7,31793.0,0.0013691128148960452,15.0,0QP2.LON,0QP2.LON
2019-09-09,368.8,372.29,368.36,370.2,58343.0,0.012305168170631653,15.270000457763672,0QP2.LON,0QP2.LON
2019-09-10,372.1,375.8,371.2,371.2,53267.0,0.0027012425715828847,15.199999809265137,0QP2.LON,0QP2.LON
2019-09-11,377.375,379.975,377.375,379.5,77397.0,0.022359913793103425,14.609999656677246,0QP2.LON,0QP2.LON
2019-09-12,382.1,383.3,379.19,381.0,61778.0,0.0039525691699604515,14.220000267028809,0QP2.LON,0QP2.LON
2019-09-13,380.925,381.925,379.79,380.5,83474.0,-0.001312335958005284,13.739999771118164,0QP2.LON,0QP2.LON
2019-09-16,379.0,380.1,378.08,378.9,116122.0,-0.004204993429697823,14.670000076293945,0QP2.LON,0QP2.LON
2019-09-17,378.7,380.1,374.41,380.1,124075.0,0.003167062549485511,14.4399995803833,0QP2.LON,0QP2.LON
2019-09-18,375.3,378.4,375.3,378.0,63653.0,-0.005524861878453136,13.949999809265137,0QP2.LON,0QP2.LON
2019-09-19,377.8,381.23,377.8,381.23,37614.0,0.008544973544973633,14.050000190734863,0QP2.LON,0QP2.LON
2019-09-20,382.09,382.09,378.875,379.9,77356.0,-0.0034887076043333964,15.319999694824219,0QP2.LON,0QP2.LON
2019-09-23,377.1,379.3,375.625,378.2,115192.0,-0.004474861805738306,14.90999984741211,0QP2.LON,0QP2.LON
2019-09-24,378.5,379.3,374.1,374.5,105962.0,-0.009783183500793213,17.049999237060547,0QP2.LON,0QP2.LON
2019-09-25,373.5,378.3,373.5,378.3,43701.0,0.010146862483311203,15.960000038146973,0QP2.LON,0QP2.LON
2019-09-26,378.0,381.2,378.0,381.0,50429.0,0.007137192704202988,16.06999969482422,0QP2.LON,0QP2.LON
2019-09-27,382.0,382.6,380.6,382.6,37834.0,0.004199475065616909,17.219999313354492,0QP2.LON,0QP2.LON
2019-11-25,393.81,394.8,392.125,393.6,53274.0,0.028750653423941452,11.869999885559082,0QP2.LON,0QP2.LON
2019-11-26,393.8,394.8,392.4,393.7,139791.0,0.0002540650406503975,11.539999961853027,0QP2.LON,0QP2.LON
2019-11-27,393.16,394.38,392.7,393.4,115390.0,-0.0007620015240030753,11.75,0QP2.LON,0QP2.LON
2019-11-28,393.28,393.8,392.775,393.8,218485.0,0.0010167768174886849,,0QP2.LON,0QP2.LON
2019-11-29,392.575,393.7,392.125,392.3,17707.0,-0.0038090401218893177,12.619999885559082,0QP2.LON,0QP2.LON
2019-12-02,393.7,394.175,387.2,387.5,59787.0,-0.012235534030079043,14.90999984741211,0QP2.LON,0QP2.LON
2019-12-03,388.875,390.0,383.2,383.3,778025.0,-0.01083870967741929,15.960000038146973,0QP2.LON,0QP2.LON
2019-12-04,387.7,391.2,387.5,390.8,31295.0,0.01956691886250983,14.800000190734863,0QP2.LON,0QP2.LON
2019-12-05,392.375,395.25,390.8,392.0,84375.0,0.003070624360286489,14.520000457763672,0QP2.LON,0QP2.LON
2019-12-06,394.2,397.0,393.675,396.5,39804.0,0.011479591836734748,13.619999885559082,0QP2.LON,0QP2.LON
2019-12-09,395.2,398.095,395.2,395.6,56816.0,-0.0022698612862547263,15.859999656677246,0QP2.LON,0QP2.LON
2019-12-10,395.2,395.2,392.0,392.2,24857.0,-0.00859453993933279,15.680000305175781,0QP2.LON,0QP2.LON
2019-12-11,391.3,393.0,390.7,392.3,107419.0,0.0002549719530853256,14.989999771118164,0QP2.LON,0QP2.LON
2019-12-12,392.9,396.675,392.1,395.7,34255.0,0.008666836604639183,13.9399995803833,0QP2.LON,0QP2.LON
2019-12-13,398.05,400.17,393.975,394.975,28831.0,-0.0018321961081626537,12.630000114440918,0QP2.LON,0QP2.LON
2019-12-16,397.3,399.0,394.1,394.1,55077.0,-0.0022153300841825097,12.140000343322754,0QP2.LON,0QP2.LON
2019-12-17,398.0,401.3,397.8,400.3,434366.0,0.01573204770362846,12.289999961853027,0QP2.LON,0QP2.LON
2019-12-18,399.7,402.8,399.3,401.3,24991.0,0.0024981264051961993,12.579999923706055,0QP2.LON,0QP2.LON
2019-12-19,400.1,401.3,395.6,401.3,468703.0,0.0,12.5,0QP2.LON,0QP2.LON
2019-12-20,401.6,403.3,400.78,403.3,44846.0,0.004983802641415291,12.510000228881836,0QP2.LON,0QP2.LON
2019-12-23,402.9,403.3,401.125,403.3,88981.0,0.0,12.609999656677246,0QP2.LON,0QP2.LON
2019-12-27,402.5,402.8,400.4,401.1,14285.0,-0.005454996280684354,13.430000305175781,0QP2.LON,0QP2.LON
2019-12-30,401.1,401.2,397.4,398.0,3517.0,-0.007728745948641258,14.819999694824219,0QP2.LON,0QP2.LON
2020-01-03,398.4,402.4,398.2,402.4,271814.0,0.011055276381909396,14.020000457763672,0QP2.LON,0QP2.LON
2020-01-06,399.38,400.7,395.48,400.0,123362.0,-0.005964214711729587,13.850000381469727,0QP2.LON,0QP2.LON
2020-01-07,401.3,402.775,401.1,401.7,47548.0,0.004249999999999865,13.789999961853027,0QP2.LON,0QP2.LON
2020-01-08,399.005,401.3,398.17,401.2,3402.0,-0.0012447099825740882,13.449999809265137,0QP2.LON,0QP2.LON
2020-01-09,404.1,404.5,399.5,400.1,35239.0,-0.0027417746759720307,12.539999961853027,0QP2.LON,0QP2.LON
2020-01-10,401.1,401.7,400.5,400.8,30943.0,0.0017495626093475547,12.5600004196167,0QP2.LON,0QP2.LON
2020-01-13,401.175,401.8,397.9,398.5,36885.0,-0.005738522954091829,12.319999694824219,0QP2.LON,0QP2.LON
2020-01-14,397.6,399.9,396.65,399.9,970991.0,0.003513174404015107,12.390000343322754,0QP2.LON,0QP2.LON
2020-01-15,395.2,397.0,394.5,394.5,7785.0,-0.013503375843960885,12.420000076293945,0QP2.LON,0QP2.LON
2020-01-16,396.1,397.1,394.97,397.1,204228.0,0.006590621039290312,12.319999694824219,0QP2.LON,0QP2.LON
2020-01-17,398.7,402.6,398.695,399.4,147248.0,0.005791991941576313,12.100000381469727,0QP2.LON,0QP2.LON
2020-01-20,403.7,407.9,403.7,407.5,46008.0,0.020280420630946372,,0QP2.LON,0QP2.LON
2020-01-21,405.8,407.9,405.8,406.3,53985.0,-0.0029447852760735582,12.850000381469727,0QP2.LON,0QP2.LON
2020-01-22,409.9,411.2,407.29,407.5,33603.0,0.0029534826482893184,12.90999984741211,0QP2.LON,0QP2.LON
2020-01-23,409.5,410.8,406.4,409.0,62137.0,0.0036809815950920033,12.979999542236328,0QP2.LON,0QP2.LON
2020-01-24,410.0,413.68,410.0,413.3,27975.0,0.010513447432762835,14.5600004196167,0QP2.LON,0QP2.LON
2020-01-27,409.9,409.995,403.51,407.0,18144.0,-0.015243164771352569,18.229999542236328,0QP2.LON,0QP2.LON
2020-01-28,405.2,408.7,404.0,407.8,28617.0,0.0019656019656020263,16.280000686645508,0QP2.LON,0QP2.LON
2020-01-29,407.9,410.2,407.4,408.8,27891.0,0.0024521824423737737,16.389999389648438,0QP2.LON,0QP2.LON
2020-01-30,404.95,407.1,404.7,406.4,13959.0,-0.005870841487279899,15.489999771118164,0QP2.LON,0QP2.LON
2020-01-31,408.1,409.9,400.7,407.0,72588.0,0.001476377952756014,18.84000015258789,0QP2.LON,0QP2.LON
2020-02-03,400.7,404.9,400.3,403.8,60110.0,-0.007862407862407883,17.969999313354492,0QP2.LON,0QP2.LON
2020-02-04,404.6,409.7,404.4,409.0,29857.0,0.012877662209014318,16.049999237060547,0QP2.LON,0QP2.LON
2020-02-05,408.7,415.6,408.2,412.4,446958.0,0.00831295843520774,15.149999618530273,0QP2.LON,0QP2.LON
2020-02-06,418.1,419.3,415.9,416.6,8423.0,0.010184287099903155,14.960000038146973,0QP2.LON,0QP2.LON
2020-02-07,416.3,417.875,415.0,416.0,27505.0,-0.001440230436869916,15.470000267028809,0QP2.LON,0QP2.LON
2020-02-10,416.4,420.5,416.4,417.7,16025.0,0.0040865384615385025,15.039999961853027,0QP2.LON,0QP2.LON
2020-02-11,422.3,422.925,419.9,422.0,961478.0,0.010294469715106613,15.180000305175781,0QP2.LON,0QP2.LON
2020-02-12,422.58,422.9,420.4,420.9,44434.0,-0.0026066350710900466,13.739999771118164,0QP2.LON,0QP2.LON
2020-02-13,422.1,430.3,421.3,430.3,170135.0,0.022333095747208542,14.149999618530273,0QP2.LON,0QP2.LON
2020-02-14,431.2,434.525,424.0,433.1,136266.0,0.006507088078085088,13.680000305175781,0QP2.LON,0QP2.LON
2020-02-17,435.9,437.7,433.1,437.7,30121.0,0.010621103671207388,,0QP2.LON,0QP2.LON
2020-02-18,435.85,438.6,435.2,438.1,19526.0,0.0009138679460818366,14.829999923706055,0QP2.LON,0QP2.LON
2020-02-19,438.9,439.9,437.6,438.2,103168.0,0.00022825838849560576,14.380000114440918,0QP2.LON,0QP2.LON
2020-02-20,438.8,439.1,434.3,434.3,97450.0,-0.00890004564125968,15.5600004196167,0QP2.LON,0QP2.LON
2020-02-21,430.9,434.5,430.1,432.0,243263.0,-0.005295878425051859,17.079999923706055,0QP2.LON,0QP2.LON
2020-02-24,422.14,423.2,412.1,413.3,160040.0,-0.04328703703703696,25.030000686645508,0QP2.LON,0QP2.LON
2020-02-25,415.5,416.5,404.65,413.3,70328.0,0.0,27.850000381469727,0QP2.LON,0QP2.LON
2020-02-26,402.2,407.1,396.4,405.6,116548.0,-0.01863053472054199,27.559999465942383,0QP2.LON,0QP2.LON
2020-02-27,403.8,403.8,385.8,390.4,254189.0,-0.03747534516765294,39.15999984741211,0QP2.LON,0QP2.LON
2020-02-28,375.765,390.4,366.2,370.9,235578.0,-0.04994877049180324,40.11000061035156,0QP2.LON,0QP2.LON
2020-03-02,378.88,386.0,371.81,380.7,280357.0,0.026422216230790108,33.41999816894531,0QP2.LON,0QP2.LON
2020-03-03,389.3,399.4,388.75,390.7,71355.0,0.026267402153926867,36.81999969482422,0QP2.LON,0QP2.LON
2020-03-04,390.7,396.4,388.4,395.0,246384.0,0.011005886869721149,31.989999771118164,0QP2.LON,0QP2.LON
2020-03-05,399.85,399.9,380.6,385.9123,138103.0,-0.023006835443037943,39.619998931884766,0QP2.LON,0QP2.LON
2020-03-06,376.0,377.0,366.2,369.5,171333.0,-0.042528574497366356,41.939998626708984,0QP2.LON,0QP2.LON
2020-03-09,324.9,344.7,320.0,334.7,36745.0,-0.09418132611637353,54.459999084472656,0QP2.LON,0QP2.LON
2020-03-10,341.85,353.9,331.3,333.5,134376.0,-0.0035853002688974733,47.29999923706055,0QP2.LON,0QP2.LON
2020-03-11,338.1,343.1,330.8,332.0,145598.0,-0.004497751124437732,53.900001525878906,0QP2.LON,0QP2.LON
2020-03-12,314.1,316.0,284.2,285.3,18856.0,-0.14066265060240957,75.47000122070312,0QP2.LON,0QP2.LON
2020-03-13,297.55,314.6,285.9,290.1,611599.0,0.01682439537329139,57.83000183105469,0QP2.LON,0QP2.LON
2020-03-16,270.265,275.73,249.8,268.0,2253203.0,-0.07618062736987252,82.69000244140625,0QP2.LON,0QP2.LON
2020-03-17,279.0,280.4,256.2,277.7,464687.0,0.03619402985074616,75.91000366210938,0QP2.LON,0QP2.LON
2020-03-18,266.6,287.2,262.0,264.3,331626.0,-0.048253510983075176,76.44999694824219,0QP2.LON,0QP2.LON
2020-03-19,268.8,282.6,262.85,282.6,334239.0,0.06923950056753703,72.0,0QP2.LON,0QP2.LON
2020-03-20,297.63,304.7,284.3,284.3,869040.0,0.006015569709837187,66.04000091552734,0QP2.LON,0QP2.LON
2020-03-23,275.5,287.15,269.1,275.1,170496.0,-0.03236018290538156,61.59000015258789,0QP2.LON,0QP2.LON
2020-03-24,286.4,307.2,271.0,307.2,361915.0,0.1166848418756814,61.66999816894531,0QP2.LON,0QP2.LON
2020-03-25,315.95,341.575,312.4,329.7,129786.0,0.0732421875,63.95000076293945,0QP2.LON,0QP2.LON
2020-03-26,321.7,337.8,321.1,331.7,387392.0,0.006066120715802148,61.0,0QP2.LON,0QP2.LON
2020-03-27,332.65,337.2,317.6,323.4,72168.0,-0.025022610792885147,65.54000091552734,0QP2.LON,0QP2.LON
2020-03-30,326.2,332.4,320.2,332.4,194956.0,0.027829313543599188,57.08000183105469,0QP2.LON,0QP2.LON
2020-03-31,339.1,346.3,338.3,343.8,355726.0,0.03429602888086647,53.540000915527344,0QP2.LON,0QP2.LON
2020-04-01,334.25,335.1,329.7,332.7718,31704.0,-0.032077370564281615,57.060001373291016,0QP2.LON,0QP2.LON
2020-04-02,335.4,340.3,332.2,335.6,29318.0,0.008498917276043239,50.90999984741211,0QP2.LON,0QP2.LON
2020-04-03,319.1,320.45,301.0,301.7,359761.0,-0.10101311084624565,46.79999923706055,0QP2.LON,0QP2.LON
2020-04-06,313.93,317.5,305.4,309.8,85867.0,0.026847862114683485,45.2400016784668,0QP2.LON,0QP2.LON
2020-04-07,316.7,322.5,309.8,315.7,542093.0,0.019044544867656388,46.70000076293945,0QP2.LON,0QP2.LON
2020-04-08,310.9,313.4,308.5,311.7,241286.0,-0.012670256572695604,43.349998474121094,0QP2.LON,0QP2.LON
2020-04-09,318.4,322.2,311.9,318.3,242513.0,0.02117420596727637,41.66999816894531,0QP2.LON,0QP2.LON
2020-04-14,321.1,322.38,315.4,319.1,117802.0,0.002513352183474815,37.7599983215332,0QP2.LON,0QP2.LON
2020-04-15,314.525,315.4,302.1,312.3,878349.0,-0.02130993418990912,40.84000015258789,0QP2.LON,0QP2.LON
2020-04-16,304.3,306.7,298.7,300.6,94929.0,-0.03746397694524495,40.11000061035156,0QP2.LON,0QP2.LON
2020-04-17,309.6,310.9,300.8,303.2,662997.0,0.008649367930804841,38.150001525878906,0QP2.LON,0QP2.LON
2020-04-20,302.4,306.7,302.4,305.2,44014.0,0.006596306068601621,43.83000183105469,0QP2.LON,0QP2.LON
2020-04-21,301.9,301.9,295.0,300.0,193404.0,-0.017038007863695914,45.40999984741211,0QP2.LON,0QP2.LON
2020-04-22,295.2,295.7,292.047,293.0,14215.0,-0.023333333333333317,41.97999954223633,0QP2.LON,0QP2.LON
2020-04-23,292.8,293.8,287.5,288.9,140929.0,-0.013993174061433522,41.380001068115234,0QP2.LON,0QP2.LON
2020-04-24,285.0,287.7,285.0,287.0,60096.0,-0.006576670128071949,35.93000030517578,0QP2.LON,0QP2.LON
2020-04-27,294.4,297.8,292.5,297.8,67924.0,0.037630662020905925,33.290000915527344,0QP2.LON,0QP2.LON
2020-04-28,299.7,316.95,299.1,306.8,107731.0,0.030221625251846795,33.56999969482422,0QP2.LON,0QP2.LON
2020-04-29,315.35,319.8,314.7,319.8,32804.0,0.04237288135593231,31.229999542236328,0QP2.LON,0QP2.LON
2020-04-30,321.6,323.9,307.3,307.3,96196.0,-0.0390869293308318,34.150001525878906,0QP2.LON,0QP2.LON
2020-05-04,297.3,297.45,290.0,293.5,208715.0,-0.04490725675235929,35.970001220703125,0QP2.LON,0QP2.LON
2020-05-05,295.1,295.1,288.7,292.0,38924.0,-0.005110732538330498,33.61000061035156,0QP2.LON,0QP2.LON
2020-05-06,292.8,295.6,288.975,290.3,21584.0,-0.005821917808219168,34.119998931884766,0QP2.LON,0QP2.LON
2020-05-07,289.72,291.6,288.9,290.3,60216.0,0.0,31.440000534057617,0QP2.LON,0QP2.LON
2020-05-11,293.7,294.3,288.6,290.8,82180.0,0.0017223561832586665,27.56999969482422,0QP2.LON,0QP2.LON
2020-05-12,288.8,292.0,287.5,289.6,120432.0,-0.004126547455295726,33.040000915527344,0QP2.LON,0QP2.LON
2020-05-13,282.7,284.27,278.6,281.9,82328.0,-0.026588397790055396,35.279998779296875,0QP2.LON,0QP2.LON
2020-05-14,277.7,279.625,271.36,277.3,74654.0,-0.016317843206810845,32.61000061035156,0QP2.LON,0QP2.LON
2020-05-15,281.7,283.9,276.0,276.2,26963.0,-0.0039668229354490325,31.889999389648438,0QP2.LON,0QP2.LON
2020-05-18,281.6,287.3,280.8,287.1,91679.0,0.03946415640839973,29.299999237060547,0QP2.LON,0QP2.LON
2020-05-19,292.0,292.0,285.8,288.5,10107.0,0.004876349703935912,30.530000686645508,0QP2.LON,0QP2.LON
2020-05-20,286.8,289.2,281.0,285.0,47057.0,-0.012131715771230511,27.989999771118164,0QP2.LON,0QP2.LON
2020-05-22,282.0,291.8,281.5,285.9,73863.0,0.0031578947368420263,28.15999984741211,0QP2.LON,0QP2.LON
2020-05-26,297.2,302.8,296.4,301.8,63190.0,0.05561385099685223,28.010000228881836,0QP2.LON,0QP2.LON
2020-05-27,304.2,311.9,304.2,307.4,53585.0,0.018555334658714173,27.6200008392334,0QP2.LON,0QP2.LON
2020-05-28,310.12,316.55,308.98,315.0,67087.0,0.02472348731294738,28.59000015258789,0QP2.LON,0QP2.LON
2020-05-29,311.1,314.9,309.0,309.5,57815.0,-0.01746031746031751,27.510000228881836,0QP2.LON,0QP2.LON
2020-06-02,315.21,327.5,314.3,325.6,54964.0,0.0520193861066236,26.84000015258789,0QP2.LON,0QP2.LON
2020-06-03,329.8,345.3,327.9,344.3,282109.0,0.057432432432432456,25.65999984741211,0QP2.LON,0QP2.LON
2020-06-04,342.4,343.9,335.2,341.6,135338.0,-0.007841998257333671,25.809999465942383,0QP2.LON,0QP2.LON
2020-06-05,346.1,351.7,344.7,350.5,66668.0,0.0260538641686181,24.520000457763672,0QP2.LON,0QP2.LON
2020-06-08,348.77,356.44,345.5,345.7,256722.0,-0.013694721825962985,25.809999465942383,0QP2.LON,0QP2.LON
2020-06-09,347.0,347.69,337.52,341.3,45425.0,-0.012727798669366464,27.56999969482422,0QP2.LON,0QP2.LON
2020-06-10,343.95,345.5,339.4,340.2,22418.0,-0.003222970993261076,27.56999969482422,0QP2.LON,0QP2.LON
2020-06-11,327.2,333.2,325.4,330.2,104882.0,-0.029394473838918245,40.790000915527344,0QP2.LON,0QP2.LON
2020-06-12,323.04,332.225,322.0,327.0,39429.0,-0.009691096305269542,36.09000015258789,0QP2.LON,0QP2.LON
2020-06-15,319.0,330.03,316.6,329.1,9551.0,0.006422018348623881,34.400001525878906,0QP2.LON,0QP2.LON
2020-06-16,338.0,340.4,333.37,335.9,749144.0,0.02066241264053459,33.66999816894531,0QP2.LON,0QP2.LON
2020-06-17,335.9,339.8,332.3,337.0,1538990.0,0.003274784161952926,33.470001220703125,0QP2.LON,0QP2.LON
2020-06-18,333.2,336.6,330.6,332.5,52967.0,-0.013353115727002929,32.939998626708984,0QP2.LON,0QP2.LON
2020-06-19,334.7,335.7,331.49,331.7,486839.0,-0.002406015037593967,35.119998931884766,0QP2.LON,0QP2.LON
2020-06-22,325.8,331.8,325.8,330.2,34996.0,-0.004522158577027424,31.770000457763672,0QP2.LON,0QP2.LON
2020-06-23,332.25,338.1,331.3959,336.1,279168.0,0.017867958812840756,31.3700008392334,0QP2.LON,0QP2.LON
2020-06-24,335.39,335.69,327.3,327.5,148389.0,-0.025587622731329973,33.84000015258789,0QP2.LON,0QP2.LON
2020-06-25,324.8,330.94,323.07,330.6,80304.0,0.009465648854961817,32.220001220703125,0QP2.LON,0QP2.LON
2020-06-26,332.5,334.3,329.5,331.9734,6605.0,0.004154264972776822,34.72999954223633,0QP2.LON,0QP2.LON
2020-06-29,329.4,333.5,328.2,331.4003,18290.0,-0.0017263431347210867,31.780000686645508,0QP2.LON,0QP2.LON
2020-06-30,334.2,335.5,330.3,333.0907,34754.0,0.0051007799329090275,30.43000030517578,0QP2.LON,0QP2.LON
2020-07-01,334.1,338.5,331.3,335.3,34151.0,0.006632727962683882,28.6200008392334,0QP2.LON,0QP2.LON
2020-07-02,336.5,341.4,336.1,340.0,18593.0,0.014017297942141349,27.68000030517578,0QP2.LON,0QP2.LON
2020-07-03,339.0,339.7,337.5,338.625,8354.0,-0.004044117647058809,,0QP2.LON,0QP2.LON
2020-07-06,343.4,345.2,339.7,342.0,20423.0,0.009966777408637828,27.940000534057617,0QP2.LON,0QP2.LON
2020-07-07,341.0,341.2,337.4,338.5,18459.0,-0.010233918128654929,29.43000030517578,0QP2.LON,0QP2.LON
2020-07-08,334.8,338.9,334.4,337.2417,12166.0,-0.0037172821270310408,28.079999923706055,0QP2.LON,0QP2.LON
2020-07-09,340.7,341.5,334.5,335.1,15687.0,-0.0063506381328286565,29.260000228881836,0QP2.LON,0QP2.LON
2020-07-10,332.5,340.9,332.5,337.5101,9959.0,0.0071921814383766325,27.290000915527344,0QP2.LON,0QP2.LON
2020-07-13,343.1,345.0,340.1,342.9,45652.0,0.01596959616912197,32.189998626708984,0QP2.LON,0QP2.LON
2020-07-14,337.8,345.6,336.8,342.5196,33860.0,-0.0011093613298336358,29.520000457763672,0QP2.LON,0QP2.LON
2020-07-15,346.9,348.638,342.1,348.638,58720.0,0.017862919377460207,27.760000228881836,0QP2.LON,0QP2.LON
2020-07-16,346.8,349.5,346.1,348.1741,13115.0,-0.001330606531703249,28.0,0QP2.LON,0QP2.LON
2020-07-17,350.0,350.0,344.9,346.0659,13485.0,-0.006055016728699791,25.68000030517578,0QP2.LON,0QP2.LON
2020-07-20,343.5,349.0,342.2,344.9423,12901.0,-0.0032467804542429812,24.459999084472656,0QP2.LON,0QP2.LON
2020-07-21,349.9,354.1,348.7,351.7106,42431.0,0.01962154250145609,24.84000015258789,0QP2.LON,0QP2.LON
2020-07-22,350.7,350.9,348.0,350.2,13420.0,-0.004295008452972482,24.31999969482422,0QP2.LON,0QP2.LON
2020-07-23,353.3,353.3,348.7,349.9,10504.0,-0.0008566533409480881,26.079999923706055,0QP2.LON,0QP2.LON
2020-07-24,348.3,351.0,347.1,347.7,27188.0,-0.0062875107173477884,25.84000015258789,0QP2.LON,0QP2.LON
2020-07-27,348.5,353.2,347.4,352.4,29814.0,0.01351740005752089,24.739999771118164,0QP2.LON,0QP2.LON
2020-07-28,351.4,351.4,347.9,349.9,104526.0,-0.007094211123722993,25.440000534057617,0QP2.LON,0QP2.LON
2020-07-29,350.8,350.8,348.5,349.7,12987.0,-0.0005715918833951728,24.100000381469727,0QP2.LON,0QP2.LON
2020-07-30,344.1,344.7,333.1,336.4,195429.0,-0.03803259937088932,24.760000228881836,0QP2.LON,0QP2.LON
2020-07-31,337.6,343.7,335.8,336.3,53235.0,-0.0002972651605230858,24.459999084472656,0QP2.LON,0QP2.LON
2020-08-03,337.2,348.4,334.2,346.4,52937.0,0.030032708890871174,24.280000686645508,0QP2.LON,0QP2.LON
2020-08-04,348.4,349.4,343.2,345.5,96475.0,-0.0025981524249422128,23.760000228881836,0QP2.LON,0QP2.LON
2020-08-05,346.4,347.7,343.5,343.6,13340.0,-0.005499276410998455,22.989999771118164,0QP2.LON,0QP2.LON
2020-08-06,342.6,346.1,338.1,342.4,29262.0,-0.0034924330616997734,22.649999618530273,0QP2.LON,0QP2.LON
2020-08-07,341.7,345.0,341.7,343.2,22233.0,0.00233644859813098,22.209999084472656,0QP2.LON,0QP2.LON
2020-08-10,345.9,350.5,345.7,347.5,68343.0,0.012529137529137646,22.1299991607666,0QP2.LON,0QP2.LON
2020-08-11,350.3,352.7,349.4,350.1,278017.0,0.007482014388489278,24.030000686645508,0QP2.LON,0QP2.LON
2020-08-12,349.4,355.8,349.2,353.9,18724.0,0.010854041702370587,22.280000686645508,0QP2.LON,0QP2.LON
2020-08-13,350.5,352.4,344.8,345.2,27797.0,-0.02458321559762644,22.1299991607666,0QP2.LON,0QP2.LON
2020-08-14,343.6,347.8,340.5,342.7,37685.0,-0.007242178447276926,22.049999237060547,0QP2.LON,0QP2.LON
2020-08-17,344.3,344.3,337.7,339.0,41266.0,-0.010796615115261088,21.350000381469727,0QP2.LON,0QP2.LON
2020-08-18,335.1,339.8,334.7,336.4,19350.0,-0.007669616519174083,21.510000228881836,0QP2.LON,0QP2.LON
2020-08-19,336.4,340.1,334.7,340.1,17828.0,0.01099881093935795,22.540000915527344,0QP2.LON,0QP2.LON
2020-08-20,337.7,338.6,335.1,336.8,106931.0,-0.009703028521023227,22.719999313354492,0QP2.LON,0QP2.LON
2020-08-21,337.7,337.7,333.5,335.1,9702.0,-0.005047505938242214,22.540000915527344,0QP2.LON,0QP2.LON
2020-08-24,338.5,341.5,337.0,341.1,80910.0,0.017905102954342,22.3700008392334,0QP2.LON,0QP2.LON
2020-08-25,344.2,346.5,340.6,340.6,11290.0,-0.0014658457930225577,22.030000686645508,0QP2.LON,0QP2.LON
2020-08-26,339.6,343.3,339.1,340.3,6574.0,-0.0008807985907223204,23.270000457763672,0QP2.LON,0QP2.LON
2020-08-27,340.9,340.9,336.7,338.6,21949.0,-0.004995592124595882,24.469999313354492,0QP2.LON,0QP2.LON
2020-08-28,341.2,343.4,338.6,339.9,9088.0,0.003839338452451102,22.959999084472656,0QP2.LON,0QP2.LON
2020-09-01,336.5,339.0,334.1,337.0,17883.0,-0.008531921153280275,26.1200008392334,0QP2.LON,0QP2.LON
2020-09-02,338.2,342.7,337.7,341.9,49930.0,0.014540059347180945,26.56999969482422,0QP2.LON,0QP2.LON
2020-09-03,344.9,347.5,338.2,338.2,25754.0,-0.010821877742029806,33.599998474121094,0QP2.LON,0QP2.LON
2020-09-04,337.7,340.8,333.7,334.7,35581.0,-0.01034890597279714,30.75,0QP2.LON,0QP2.LON
2020-09-07,341.1,341.6,338.0,339.8,39059.0,0.015237526142814595,,0QP2.LON,0QP2.LON
2020-09-08,340.6,341.9,334.1,336.2,18798.0,-0.010594467333725821,31.459999084472656,0QP2.LON,0QP2.LON
2020-09-09,335.9,343.2,335.9,342.2,97318.0,0.01784651992861397,28.809999465942383,0QP2.LON,0QP2.LON
2020-09-10,339.8,341.4,336.6,340.4,250244.0,-0.005260081823495022,29.709999084472656,0QP2.LON,0QP2.LON
2020-09-11,339.2,342.8,339.2,342.0,30915.0,0.004700352526439522,26.8700008392334,0QP2.LON,0QP2.LON
2020-09-14,343.3,344.0,340.5,340.5,126494.0,-0.004385964912280715,25.850000381469727,0QP2.LON,0QP2.LON
2020-09-15,340.0,343.2,338.6,342.2,82098.0,0.004992657856093929,25.59000015258789,0QP2.LON,0QP2.LON
2020-09-16,342.0,344.9,341.2,344.9,161585.0,0.007890122735242588,26.040000915527344,0QP2.LON,0QP2.LON
2020-09-17,341.9,343.7,339.8,341.0,150876.0,-0.011307625398666254,26.459999084472656,0QP2.LON,0QP2.LON
2020-09-18,339.6,344.2,339.5,344.2,80244.0,0.009384164222873803,25.829999923706055,0QP2.LON,0QP2.LON
2020-09-21,339.7,339.7,331.2,331.2,66828.0,-0.03776873910517142,27.780000686645508,0QP2.LON,0QP2.LON
2020-09-22,332.0,332.9,328.3,329.2,35857.0,-0.006038647342995196,26.860000610351562,0QP2.LON,0QP2.LON
2020-09-23,330.6,333.3,328.3,328.3,295464.0,-0.0027339003645199256,28.579999923706055,0QP2.LON,0QP2.LON
2020-09-24,324.0,325.7,321.2,324.047,104464.0,-0.012954614681693566,28.510000228881836,0QP2.LON,0QP2.LON
2020-09-25,323.5,324.3,317.2,321.9,26012.0,-0.006625582091486892,26.3799991607666,0QP2.LON,0QP2.LON
2020-09-28,325.2,326.9,321.8,326.1267,54438.0,0.013130475302889355,26.190000534057617,0QP2.LON,0QP2.LON
2020-09-29,325.5,325.5,320.3,321.4,186536.0,-0.014493446872028692,26.270000457763672,0QP2.LON,0QP2.LON
2020-09-30,319.9,323.8,318.4,320.7,116612.0,-0.002177971375233345,26.3700008392334,0QP2.LON,0QP2.LON
2020-10-01,324.0,324.3,321.6,321.8,20190.0,0.003429996881820996,26.700000762939453,0QP2.LON,0QP2.LON
2020-10-02,318.2,324.9,318.0,324.9,50768.0,0.009633312616531997,27.6299991607666,0QP2.LON,0QP2.LON
2020-10-05,328.2,328.5,324.6,326.8,55240.0,0.005847953216374435,27.959999084472656,0QP2.LON,0QP2.LON
2020-10-06,326.2,328.0,323.2,328.0,58753.0,0.003671970624234966,29.479999542236328,0QP2.LON,0QP2.LON
2020-10-07,327.3,327.3,322.1,323.4,130338.0,-0.014024390243902563,28.059999465942383,0QP2.LON,0QP2.LON
2020-10-08,324.5,327.6,323.7,326.0,135204.0,0.008039579468150926,26.360000610351562,0QP2.LON,0QP2.LON
2020-10-09,325.8,326.5,321.6,321.8,36205.0,-0.012883435582822012,25.0,0QP2.LON,0QP2.LON
2020-10-12,322.7,323.7,321.4,322.2,58796.0,0.0012430080795524656,25.06999969482422,0QP2.LON,0QP2.LON
2020-10-13,322.4,322.4,316.5,317.1,95775.0,-0.01582867783985087,26.06999969482422,0QP2.LON,0QP2.LON
2020-10-14,316.8,317.0,312.5,313.7,70716.0,-0.010722169662567116,26.399999618530273,0QP2.LON,0QP2.LON
2020-10-15,310.0,310.0,303.4,305.6,66818.0,-0.025820847943895386,26.969999313354492,0QP2.LON,0QP2.LON
2020-10-16,306.7,309.8,303.7,309.7,44537.0,0.013416230366491977,27.40999984741211,0QP2.LON,0QP2.LON
2020-10-19,314.4,314.7,311.9,312.9667,44598.0,0.010547949628672892,29.18000030517578,0QP2.LON,0QP2.LON
2020-10-20,311.0,314.0,308.7,311.4,63310.0,-0.005005963893283338,29.350000381469727,0QP2.LON,0QP2.LON
2020-10-21,311.7,312.1,307.3,308.4,260365.0,-0.009633911368015391,28.649999618530273,0QP2.LON,0QP2.LON
2020-10-22,305.3,311.8,304.8,311.8,156909.0,0.011024643320363348,28.110000610351562,0QP2.LON,0QP2.LON
2020-10-23,311.9,317.7,311.9,315.6,332355.0,0.01218729955099418,27.549999237060547,0QP2.LON,0QP2.LON
2020-10-26,312.4,315.4,311.8,312.9,56364.0,-0.00855513307984801,32.459999084472656,0QP2.LON,0QP2.LON
2020-10-27,310.7,312.0,307.7,309.3,48702.0,-0.011505273250239534,33.349998474121094,0QP2.LON,0QP2.LON
2020-10-28,305.6,306.0,299.1,302.0,48617.0,-0.023601681215648318,40.279998779296875,0QP2.LON,0QP2.LON
2020-10-29,303.7,305.6,298.6,301.0,86122.0,-0.0033112582781457123,37.59000015258789,0QP2.LON,0QP2.LON
2020-10-30,300.2,305.2,300.2,304.0,60103.0,0.009966777408637828,38.02000045776367,0QP2.LON,0QP2.LON
2020-11-02,304.8,311.2,302.5,310.1,32285.0,0.020065789473684204,37.130001068115234,0QP2.LON,0QP2.LON
2020-11-03,312.4,317.3,311.6,316.3,53986.0,0.019993550467590993,35.54999923706055,0QP2.LON,0QP2.LON
2020-11-04,310.5,321.8,310.5,321.1,136821.0,0.015175466329434117,29.56999969482422,0QP2.LON,0QP2.LON
2020-11-05,323.2,325.5,321.6,322.4,415637.0,0.004048582995951344,27.579999923706055,0QP2.LON,0QP2.LON
2020-11-06,325.3,327.1,320.7,322.2,127132.0,-0.0006203473945408655,24.860000610351562,0QP2.LON,0QP2.LON
2020-11-09,325.5,337.0,324.0,334.3,130406.0,0.03755431409062693,25.75,0QP2.LON,0QP2.LON
2020-11-10,334.1,342.0,331.9,337.3565,156251.0,0.009142985342506682,24.799999237060547,0QP2.LON,0QP2.LON
2020-11-11,342.1,345.5,338.5,342.3762,56961.0,0.014879511733136841,23.450000762939453,0QP2.LON,0QP2.LON
2020-11-12,344.8,349.4,343.8,347.3,33929.0,0.014381256641086804,25.350000381469727,0QP2.LON,0QP2.LON
2020-11-13,344.5,349.8,344.5,349.7,112722.0,0.0069104520587388585,23.100000381469727,0QP2.LON,0QP2.LON
2020-11-16,349.5,358.6,348.9,358.5,154934.0,0.025164426651415495,22.450000762939453,0QP2.LON,0QP2.LON
2020-11-17,360.0,364.0,358.2,363.7,78326.0,0.014504881450488005,22.709999084472656,0QP2.LON,0QP2.LON
2020-11-18,364.0,372.7,362.9,364.0,154614.0,0.000824855650261247,23.84000015258789,0QP2.LON,0QP2.LON
2020-11-19,368.6,369.3,364.8,365.8,115943.0,0.0049450549450549275,23.110000610351562,0QP2.LON,0QP2.LON
2020-11-20,364.4,367.8,364.4,366.2,45682.0,0.0010934937124111865,23.700000762939453,0QP2.LON,0QP2.LON
2020-11-23,369.0,375.0,368.0,374.6,299161.0,0.02293828509011475,22.65999984741211,0QP2.LON,0QP2.LON
2020-11-24,377.3,378.8,375.3,377.4,116295.0,0.0074746396155898065,21.639999389648438,0QP2.LON,0QP2.LON
2020-11-25,377.8,378.9,374.0,375.2883,155513.0,-0.005595389507154214,21.25,0QP2.LON,0QP2.LON
2020-11-26,377.2,377.2,372.0,372.6,113783.0,-0.007163292860448811,,0QP2.LON,0QP2.LON
2020-11-27,369.3,372.1,368.8,371.2,208470.0,-0.0037573805689748996,20.84000015258789,0QP2.LON,0QP2.LON
2020-11-30,368.4,373.3,366.7,371.5,149612.0,0.0008081896551723755,20.56999969482422,0QP2.LON,0QP2.LON
2020-12-01,368.9,373.7,368.3,373.2,19886.0,0.004576043068640567,20.770000457763672,0QP2.LON,0QP2.LON
2020-12-02,371.0,373.5,370.1,373.2,30591.0,0.0,21.170000076293945,0QP2.LON,0QP2.LON
2020-12-03,373.8,373.8,365.7,369.3,115020.0,-0.010450160771704131,21.280000686645508,0QP2.LON,0QP2.LON
2020-12-04,364.5,365.6,361.0,363.9477,96220.0,-0.014493095044679105,20.790000915527344,0QP2.LON,0QP2.LON
2020-12-07,363.0,363.6,359.6,361.8,55632.0,-0.005901122606352449,21.299999237060547,0QP2.LON,0QP2.LON
2020-12-08,360.9,363.0,358.1,360.5,73478.0,-0.0035931453841901995,20.68000030517578,0QP2.LON,0QP2.LON
2020-12-09,362.6,365.9,362.1,363.8176,39884.0,0.009202773925104157,22.270000457763672,0QP2.LON,0QP2.LON
2020-12-10,365.4,366.2,359.7,365.15,68046.0,0.0036622747222783136,22.520000457763672,0QP2.LON,0QP2.LON
2020-12-11,363.0,363.0,355.9,357.994,29775.0,-0.019597425715459305,23.309999465942383,0QP2.LON,0QP2.LON
2020-12-14,361.0,362.1,356.3,357.2,25741.0,-0.0022179142667196894,24.719999313354492,0QP2.LON,0QP2.LON
2020-12-15,357.0,358.9,355.4,356.2,284017.0,-0.0027995520716684874,22.889999389648438,0QP2.LON,0QP2.LON
2020-12-16,357.2,368.3,356.0,356.0,597274.0,-0.0005614823133071045,22.5,0QP2.LON,0QP2.LON
2020-12-17,368.0,370.3,367.0,369.1,454165.0,0.03679775280898889,21.93000030517578,0QP2.LON,0QP2.LON
2020-12-18,366.6,370.1,366.6,368.6,84561.0,-0.0013546464372798939,21.56999969482422,0QP2.LON,0QP2.LON
2020-12-21,361.6,368.5,353.9,358.7,13931.0,-0.026858383071079905,25.15999984741211,0QP2.LON,0QP2.LON
2020-12-22,360.0,365.3,360.0,364.3,84997.0,0.015611931976582172,24.229999542236328,0QP2.LON,0QP2.LON
2020-12-23,364.2,367.1,363.5,366.1,140471.0,0.004940982706560515,23.309999465942383,0QP2.LON,0QP2.LON
2020-12-29,373.3,374.5,371.5,372.0,20365.0,0.016115815350997043,23.079999923706055,0QP2.LON,0QP2.LON
2020-12-30,373.9,375.3,373.1,375.2,6674.0,0.008602150537634357,22.770000457763672,0QP2.LON,0QP2.LON
2021-01-04,376.0,378.6,373.0,373.8,8267.0,-0.003731343283582045,26.969999313354492,0QP2.LON,0QP2.LON
2021-01-05,373.1,376.7,371.9,374.7,38041.0,0.0024077046548955927,25.34000015258789,0QP2.LON,0QP2.LON
2021-01-06,376.3,385.4,374.0,384.2,45953.0,0.02535361622631438,25.06999969482422,0QP2.LON,0QP2.LON
2021-01-07,385.7,389.4,382.5,386.5,77583.0,0.00598646538261316,22.3700008392334,0QP2.LON,0QP2.LON
2021-01-08,389.2,390.7,382.8,383.6,18302.0,-0.007503234152651972,21.559999465942383,0QP2.LON,0QP2.LON
2021-01-11,384.4,384.8,381.2,382.7,21006.0,-0.002346193952033504,24.079999923706055,0QP2.LON,0QP2.LON
2021-01-12,382.9,383.4,379.0,380.0,70137.0,-0.007055134570159383,23.329999923706055,0QP2.LON,0QP2.LON
2021-01-13,381.3,382.0,377.7,379.5,100103.0,-0.001315789473684159,22.209999084472656,0QP2.LON,0QP2.LON
2021-01-14,379.7,380.4,376.7,378.4,134486.0,-0.0028985507246377384,23.25,0QP2.LON,0QP2.LON
2021-01-15,376.3,378.3,372.8,376.9,100960.0,-0.003964059196617353,24.34000015258789,0QP2.LON,0QP2.LON
2021-01-18,375.6,375.6,372.7,374.1,12933.0,-0.007429026266914218,,0QP2.LON,0QP2.LON
2021-01-19,375.7,376.7,373.3,374.6876,31391.0,0.0015707030205827088,23.239999771118164,0QP2.LON,0QP2.LON
2021-01-20,376.0,378.2,376.0,377.1,41733.0,0.006438430308342236,21.579999923706055,0QP2.LON,0QP2.LON
2021-01-21,376.4,378.2,372.6,373.6,23714.0,-0.009281357730045126,21.31999969482422,0QP2.LON,0QP2.LON
2021-01-22,370.9,371.4,368.6,369.2,14887.0,-0.01177730192719495,21.90999984741211,0QP2.LON,0QP2.LON
2021-01-25,370.5,370.5,361.1,361.4,10509.0,-0.021126760563380365,23.190000534057617,0QP2.LON,0QP2.LON
2021-01-26,362.5,368.9,362.2,367.5,290110.0,0.01687880464858882,23.020000457763672,0QP2.LON,0QP2.LON
2021-01-27,363.1,370.0,363.1,368.8,42363.0,0.003537414965986363,37.209999084472656,0QP2.LON,0QP2.LON
2021-01-28,364.4,369.0,360.8,368.2,13827.0,-0.0016268980477224249,30.209999084472656,0QP2.LON,0QP2.LON
2021-01-29,362.9,362.9,356.2,356.2,273652.0,-0.03259098316132536,33.09000015258789,0QP2.LON,0QP2.LON
2021-02-01,359.1,363.8,358.6,363.8,42750.0,0.021336327905671082,30.239999771118164,0QP2.LON,0QP2.LON
2021-02-02,365.0,369.0,363.2,367.1,43664.0,0.00907091808686089,25.559999465942383,0QP2.LON,0QP2.LON
2021-02-03,371.4,375.5,370.6828,371.6,43654.0,0.012258240261509235,22.90999984741211,0QP2.LON,0QP2.LON
2021-02-04,375.9,377.7,372.4,375.4,37472.0,0.010226049515608127,21.770000457763672,0QP2.LON,0QP2.LON
2021-02-05,375.3,378.1,372.7,373.4,11726.0,-0.005327650506126824,20.8700008392334,0QP2.LON,0QP2.LON
2021-02-08,377.1,378.3,374.0,374.8,92426.0,0.003749330476700674,21.239999771118164,0QP2.LON,0QP2.LON
2021-02-09,372.0,374.9,370.7,372.4,13098.0,-0.006403415154749292,21.6299991607666,0QP2.LON,0QP2.LON
2021-02-10,378.45,381.0,376.0,377.6,51573.0,0.013963480128893702,21.989999771118164,0QP2.LON,0QP2.LON
2021-02-11,377.4,377.4,373.3,375.3,519066.0,-0.006091101694915335,21.25,0QP2.LON,0QP2.LON
2021-02-12,377.0,377.0,372.4,372.7,104572.0,-0.006927791100453051,19.969999313354492,0QP2.LON,0QP2.LON
2021-02-15,377.5,377.5,374.9,377.0,188728.0,0.011537429568017288,,0QP2.LON,0QP2.LON
2021-02-16,378.05,378.3,375.5,377.6,88616.0,0.0015915119363396624,21.459999084472656,0QP2.LON,0QP2.LON
2021-02-17,377.9,377.9,375.1,376.3,127001.0,-0.0034427966101695517,21.5,0QP2.LON,0QP2.LON
2021-02-18,378.95,379.1,371.3,372.1,46876.0,-0.011161307467446147,22.489999771118164,0QP2.LON,0QP2.LON
2021-02-19,373.0,376.4,373.0,374.4,182939.0,0.006181134103735442,22.049999237060547,0QP2.LON,0QP2.LON
2021-02-22,373.0,376.3,371.4,375.4,22640.0,0.0026709401709401615,23.450000762939453,0QP2.LON,0QP2.LON
2021-02-23,372.1,377.7,370.2,372.2,55454.0,-0.008524240809802852,23.110000610351562,0QP2.LON,0QP2.LON
2021-02-24,373.4,380.7,373.4,378.9,36074.0,0.01800107469102641,21.34000015258789,0QP2.LON,0QP2.LON
2021-02-25,383.0,383.0,379.1,379.1,65869.0,0.0005278437582476592,28.889999389648438,0QP2.LON,0QP2.LON
2021-02-26,373.2,377.4,371.1,371.5,111987.0,-0.020047480875758472,27.950000762939453,0QP2.LON,0QP2.LON
2021-03-01,378.65,379.0,375.1,376.49,332408.0,0.01343203230148049,23.350000381469727,0QP2.LON,0QP2.LON
2021-03-02,377.7,386.5,377.7,385.4,44402.0,0.023665967223564843,24.100000381469727,0QP2.LON,0QP2.LON
2021-03-03,387.85,389.9,385.9,387.9,31539.0,0.006486766995329463,26.670000076293945,0QP2.LON,0QP2.LON
2021-03-04,387.6,395.4,387.6,395.4,100424.0,0.01933488012374318,28.56999969482422,0QP2.LON,0QP2.LON
2021-03-05,390.05,393.0,387.8,389.9,20033.0,-0.013909964592817348,24.65999984741211,0QP2.LON,0QP2.LON
2021-03-08,393.9,399.7,392.2,399.3,28082.0,0.024108745832264855,25.469999313354492,0QP2.LON,0QP2.LON
2021-03-09,396.2,399.3,395.0,398.5,89503.0,-0.0020035061357375206,24.030000686645508,0QP2.LON,0QP2.LON
2021-03-10,394.4,397.4,394.4,395.4,71567.0,-0.007779171894604864,22.559999465942383,0QP2.LON,0QP2.LON
2021-03-11,395.9,395.9,390.1,391.394,39877.0,-0.010131512392513864,21.90999984741211,0QP2.LON,0QP2.LON
2021-03-12,389.8,392.0,389.3,391.9,230413.0,0.0012928149128499378,20.690000534057617,0QP2.LON,0QP2.LON
2021-03-15,394.2,394.2,391.3,391.6,39122.0,-0.0007655014034191332,20.030000686645508,0QP2.LON,0QP2.LON
2021-03-16,393.9,395.8,389.6,394.6,719736.0,0.00766087844739527,19.790000915527344,0QP2.LON,0QP2.LON
2021-03-17,392.6,392.6,309.5,390.7409,923702.0,-0.009779776989356392,19.229999542236328,0QP2.LON,0QP2.LON
2021-03-18,391.85,399.3,391.3,398.2,471068.0,0.01908963202981817,21.579999923706055,0QP2.LON,0QP2.LON
2021-03-19,393.0,396.8,393.0,394.9,56576.0,-0.008287292817679592,20.950000762939453,0QP2.LON,0QP2.LON
2021-03-22,394.05,396.6,391.4,394.4637,44561.0,-0.0011048366675107113,18.8799991607666,0QP2.LON,0QP2.LON
2021-03-23,396.0,399.7,394.2,396.25,58295.0,0.00452842682355814,20.299999237060547,0QP2.LON,0QP2.LON
2021-03-24,398.95,400.9,397.6,397.9,366472.0,0.004164037854889502,21.200000762939453,0QP2.LON,0QP2.LON
2021-03-25,400.3,400.3,395.1,400.0,69724.0,0.0052777079668258065,19.809999465942383,0QP2.LON,0QP2.LON
2021-03-26,400.0,404.6,400.0,401.8,187756.0,0.0044999999999999485,18.860000610351562,0QP2.LON,0QP2.LON
2021-03-29,405.0,408.2,403.2,405.4,26540.0,0.00895968143354886,20.739999771118164,0QP2.LON,0QP2.LON
2021-03-30,408.1,411.3,408.1,409.8,138842.0,0.010853478046374043,19.610000610351562,0QP2.LON,0QP2.LON
2021-03-31,410.95,411.1,403.4,405.3057,154495.0,-0.010967057101024968,19.399999618530273,0QP2.LON,0QP2.LON
2021-04-01,408.0,408.2,403.4,406.7,956026.0,0.003440119396297625,17.329999923706055,0QP2.LON,0QP2.LON
2021-04-06,408.0,410.7,406.4,406.4,561554.0,-0.0007376444553724992,18.1200008392334,0QP2.LON,0QP2.LON
2021-04-07,405.0,409.7,405.0,408.5,434049.0,0.005167322834645827,17.15999984741211,0QP2.LON,0QP2.LON
2021-04-08,404.0,408.8,400.2,404.3,453991.0,-0.010281517747858016,16.950000762939453,0QP2.LON,0QP2.LON
2021-04-09,387.0,404.4,384.1,385.5,167709.0,-0.04650012367054168,16.690000534057617,0QP2.LON,0QP2.LON
2021-04-12,386.5,386.5,383.0,384.3423,52870.0,-0.0030031128404668372,16.90999984741211,0QP2.LON,0QP2.LON
2021-04-13,383.0,385.1,377.5,379.3693,1071517.0,-0.012938986939506791,16.649999618530273,0QP2.LON,0QP2.LON
2021-04-14,379.0,381.4,377.9,379.6831,48206.0,0.0008271623455033961,16.989999771118164,0QP2.LON,0QP2.LON
2021-04-15,380.2,380.2,377.2,378.1,146719.0,-0.004169529799983196,16.56999969482422,0QP2.LON,0QP2.LON
2021-04-16,381.0,381.6,378.1,381.6,184000.0,0.0092568103676276,16.25,0QP2.LON,0QP2.LON
2021-04-19,383.0,384.8,381.1,382.5154,746638.0,0.0023988469601676776,17.290000915527344,0QP2.LON,0QP2.LON
2021-04-20,381.0,383.7,376.8,377.8,991352.0,-0.012327346820546259,18.68000030517578,0QP2.LON,0QP2.LON
2021-04-21,375.8,380.1,375.8,378.4,1032472.0,0.0015881418740073538,17.5,0QP2.LON,0QP2.LON
2021-04-22,375.0,378.2,374.3,375.5563,604277.0,-0.0075150634249470105,18.709999084472656,0QP2.LON,0QP2.LON
2021-04-23,375.0,377.7568,374.2634,377.7567,50062.0,0.005859041640361218,17.329999923706055,0QP2.LON,0QP2.LON
2021-04-26,377.2,380.2,377.2,379.4,94890.0,0.0043501544777364565,17.639999389648438,0QP2.LON,0QP2.LON
2021-04-27,379.7,379.7,375.3,376.2,61970.0,-0.008434370057986307,17.559999465942383,0QP2.LON,0QP2.LON
2021-04-28,377.0,379.5,376.7781,378.6,39146.0,0.006379585326953929,17.280000686645508,0QP2.LON,0QP2.LON
2021-04-29,379.0,379.9,375.2,376.2564,54405.0,-0.006190174326466069,17.610000610351562,0QP2.LON,0QP2.LON
2021-04-30,377.0,378.1,374.7,374.7562,92708.0,-0.003987174703207752,18.610000610351562,0QP2.LON,0QP2.LON
2021-05-04,379.0,380.9,371.3,371.8,201163.0,-0.007888328465279426,19.479999542236328,0QP2.LON,0QP2.LON
2021-05-05,374.0,377.0,374.0,376.3237,41931.0,0.01216702528240976,19.149999618530273,0QP2.LON,0QP2.LON
2021-05-06,379.3,382.5,379.3,380.5687,409028.0,0.011280182459940669,18.389999389648438,0QP2.LON,0QP2.LON
2021-05-07,382.9,386.3,382.9,385.3,43141.0,0.012432183729245372,16.690000534057617,0QP2.LON,0QP2.LON
2021-05-10,385.6928,389.136,385.6928,387.0,72636.0,0.004412146379444648,19.65999984741211,0QP2.LON,0QP2.LON
2021-05-11,385.0,385.6,379.1,380.343,55003.0,-0.017201550387596853,21.84000015258789,0QP2.LON,0QP2.LON
2021-05-12,379.0,381.2,376.3,379.0431,48241.0,-0.0034177045456339483,27.59000015258789,0QP2.LON,0QP2.LON
2021-05-14,380.7,383.1,380.7,381.8427,231447.0,0.007385967453305442,18.809999465942383,0QP2.LON,0QP2.LON
2021-05-17,380.681,383.6,380.681,381.7468,160271.0,-0.0002511505392140956,19.719999313354492,0QP2.LON,0QP2.LON
2021-05-18,379.0,382.7,377.1,379.1078,753650.0,-0.0069129590608225655,21.34000015258789,0QP2.LON,0QP2.LON
2021-05-19,377.2,377.2,372.5,375.7102,36379.0,-0.008962094686524535,22.18000030517578,0QP2.LON,0QP2.LON
2021-05-20,377.0,377.8,372.8488,374.6,20646.0,-0.0029549370765019622,20.670000076293945,0QP2.LON,0QP2.LON
2021-05-21,375.0,375.7,370.4,374.7,26440.0,0.0002669514148423424,20.149999618530273,0QP2.LON,0QP2.LON
2021-05-25,375.0,375.0,372.4,373.9291,38384.0,-0.0020573792367226673,18.84000015258789,0QP2.LON,0QP2.LON
2021-05-26,375.0,375.2,372.3,374.0517,42847.0,0.00032786964159781107,17.360000610351562,0QP2.LON,0QP2.LON
2021-05-27,375.0,377.9,373.4,375.1908,46353.0,0.0030453009570603484,16.739999771118164,0QP2.LON,0QP2.LON
2021-05-28,379.0,380.5,375.8,378.8751,22427.0,0.009819803683885464,16.760000228881836,0QP2.LON,0QP2.LON
2021-06-01,377.5,379.6,377.5,378.3954,11274.0,-0.0012661164589596874,17.899999618530273,0QP2.LON,0QP2.LON
2021-06-02,379.0,379.0,376.3,376.9,14883.0,-0.003951950790099468,17.479999542236328,0QP2.LON,0QP2.LON
2021-06-03,377.0,377.6,374.7,376.4667,13112.0,-0.0011496418148049248,18.040000915527344,0QP2.LON,0QP2.LON
2021-06-04,377.8,377.8,375.8,377.7,57201.0,0.0032759869598026903,16.420000076293945,0QP2.LON,0QP2.LON
2021-06-07,377.0,378.0,373.7,373.8374,17012.0,-0.01022663489541964,16.420000076293945,0QP2.LON,0QP2.LON
2021-06-08,375.0,375.5,371.0,371.6933,25930.0,-0.005735381211189661,17.06999969482422,0QP2.LON,0QP2.LON
2021-06-09,373.0,373.6,368.7,370.9,45870.0,-0.0021342865206341877,17.889999389648438,0QP2.LON,0QP2.LON
2021-06-10,372.2,372.2,368.2,368.2,21393.0,-0.0072795901860339685,16.100000381469727,0QP2.LON,0QP2.LON
2021-06-11,367.0,370.5,364.7,367.6,100191.0,-0.0016295491580661237,15.649999618530273,0QP2.LON,0QP2.LON
2021-06-14,371.0,373.5585,370.5,372.0628,223888.0,0.01214036996735568,16.389999389648438,0QP2.LON,0QP2.LON
2021-06-15,373.0,376.2,372.5,375.0086,52139.0,0.007917480597361637,17.020000457763672,0QP2.LON,0QP2.LON
2021-06-16,375.0,378.8,374.6,378.2,90276.0,0.00851020483263576,18.149999618530273,0QP2.LON,0QP2.LON
2021-06-17,379.0,386.6,378.6,381.6908,182396.0,0.009230037017451176,17.75,0QP2.LON,0QP2.LON
2021-06-18,379.0,381.0,372.2,379.0165,157741.0,-0.007006456534975447,20.700000762939453,0QP2.LON,0QP2.LON
2021-06-21,373.0,376.3,370.1,375.5645,64815.0,-0.0091077829065489,17.889999389648438,0QP2.LON,0QP2.LON
2021-06-22,376.7,376.7,374.0,375.2153,41021.0,-0.0009298003405540101,16.65999984741211,0QP2.LON,0QP2.LON
2021-06-23,375.0,376.3,372.3,375.3,21826.0,0.00022573706349393596,16.31999969482422,0QP2.LON,0QP2.LON
2021-06-24,373.0,375.7,372.2,373.5,32560.0,-0.004796163069544446,15.970000267028809,0QP2.LON,0QP2.LON
2021-06-25,375.0,376.5,373.9,374.4374,100886.0,0.0025097724230254137,15.619999885559082,0QP2.LON,0QP2.LON
2021-06-28,377.0,377.1,374.5,375.0,50164.0,0.0015025208486116881,15.760000228881836,0QP2.LON,0QP2.LON
2021-06-29,375.0,378.3,374.9,375.1,40914.0,0.0002666666666666373,16.020000457763672,0QP2.LON,0QP2.LON
2021-06-30,375.1,375.1,370.1,371.3134,55660.0,-0.010094908024526839,15.829999923706055,0QP2.LON,0QP2.LON
2021-07-01,373.0,375.1,370.3,371.8897,32879.0,0.0015520581805019695,15.479999542236328,0QP2.LON,0QP2.LON
2021-07-02,371.0,373.0,367.2,367.85,104270.0,-0.010862629430177795,15.069999694824219,0QP2.LON,0QP2.LON
2021-07-05,367.0,368.5,363.2,368.2,37907.0,0.0009514747859180606,,0QP2.LON,0QP2.LON
2021-07-06,367.9,367.9,363.9,365.578,89684.0,-0.007121129820749639,16.440000534057617,0QP2.LON,0QP2.LON
2021-07-07,368.2,368.2,365.0,367.6845,89200.0,0.0057621082231427145,16.200000762939453,0QP2.LON,0QP2.LON
2021-07-08,367.3,367.3,357.6,359.9625,73490.0,-0.021001701186751265,19.0,0QP2.LON,0QP2.LON
2021-07-09,365.0,365.8,360.4,364.8042,105073.0,0.013450567767475885,16.18000030517578,0QP2.LON,0QP2.LON
2021-07-12,365.0,368.4,363.9,366.1453,30445.0,0.0036762186400267627,16.170000076293945,0QP2.LON,0QP2.LON
2021-07-13,369.0,369.3,367.2,367.5,55549.0,0.0036998972812158915,17.1200008392334,0QP2.LON,0QP2.LON
2021-07-14,365.0,367.3,364.0,365.9076,75557.0,-0.0043330612244898425,16.329999923706055,0QP2.LON,0QP2.LON
2021-07-15,365.8,365.8,361.3,365.0,386351.0,-0.002480407622033498,17.010000228881836,0QP2.LON,0QP2.LON
2021-07-16,365.0,367.7,362.8,366.6481,21162.0,0.004515342465753358,18.450000762939453,0QP2.LON,0QP2.LON
2021-07-19,361.0,362.3,352.8,355.9988,71018.0,-0.029045016188546935,22.5,0QP2.LON,0QP2.LON
2021-07-20,361.0,361.7,355.4,358.3,113612.0,0.006464066732809304,19.729999542236328,0QP2.LON,0QP2.LON
2021-07-21,359.4,366.0,359.4,361.6163,27740.0,0.009255651688529154,17.90999984741211,0QP2.LON,0QP2.LON
2021-07-22,369.0,369.7,365.9,367.2273,31025.0,0.0155164465761084,17.690000534057617,0QP2.LON,0QP2.LON
2021-07-23,367.0,369.0,366.5,367.4202,20848.0,0.0005252877441301873,17.200000762939453,0QP2.LON,0QP2.LON
2021-07-26,367.0,368.7,363.3,367.8783,44108.0,0.001246801346251436,17.579999923706055,0QP2.LON,0QP2.LON
2021-07-27,367.0,368.5,365.0,366.404,56040.0,-0.004007575331298474,19.360000610351562,0QP2.LON,0QP2.LON
2021-07-28,369.0,369.8,366.5,367.4822,23718.0,0.002942653464481859,18.309999465942383,0QP2.LON,0QP2.LON
2021-07-29,369.0,369.3,366.8,367.6238,44916.0,0.0003853247857992237,17.700000762939453,0QP2.LON,0QP2.LON
2021-07-30,365.0,368.0,364.1725,364.3,44807.0,-0.009041307989308689,18.239999771118164,0QP2.LON,0QP2.LON
2021-08-02,367.0,371.1,367.0,369.3493,72144.0,0.013860279989020174,19.459999084472656,0QP2.LON,0QP2.LON
2021-08-03,367.0,370.7,366.6,368.9972,51089.0,-0.000953298138103964,18.040000915527344,0QP2.LON,0QP2.LON
2021-08-04,371.0,374.1,370.1,370.6,35221.0,0.004343664396369462,17.969999313354492,0QP2.LON,0QP2.LON
2021-08-05,375.0,376.9,373.972,374.1,44690.0,0.009444144630329276,17.280000686645508,0QP2.LON,0QP2.LON
2021-08-06,375.4,382.1,375.4,380.9428,59889.0,0.018291365944934412,16.149999618530273,0QP2.LON,0QP2.LON
2021-08-09,381.0,386.5,380.3,386.2568,51017.0,0.013949600832460884,16.719999313354492,0QP2.LON,0QP2.LON
2021-08-10,385.4,388.4388,385.4,388.2,61838.0,0.005030849942318172,16.790000915527344,0QP2.LON,0QP2.LON
2021-08-11,387.6,390.9,387.6,389.857,39353.0,0.004268418341061508,16.170000076293945,0QP2.LON,0QP2.LON
2021-08-12,396.0,407.5,396.0,404.9,76034.0,0.03858594305091345,15.59000015258789,0QP2.LON,0QP2.LON
2021-08-13,408.0,408.4,358.4152,408.1,95098.0,0.007903185971845028,15.449999809265137,0QP2.LON,0QP2.LON
2021-08-16,406.0,408.2,403.0,404.9371,54630.0,-0.007750306297476195,16.1200008392334,0QP2.LON,0QP2.LON
2021-08-17,401.4,405.0,401.4,403.6,47489.0,-0.003301994309733436,17.90999984741211,0QP2.LON,0QP2.LON
2021-08-18,406.0,408.2,403.0,407.9,52020.0,0.010654112983151443,21.56999969482422,0QP2.LON,0QP2.LON
2021-08-19,402.0,405.7,399.3,404.3592,161927.0,-0.00868055896052955,21.670000076293945,0QP2.LON,0QP2.LON
2021-08-20,402.6,406.1,402.6,403.6968,54397.0,-0.0016381474688841324,18.559999465942383,0QP2.LON,0QP2.LON
2021-08-23,407.0,408.7,407.0,407.4,48627.0,0.009173221090679862,17.149999618530273,0QP2.LON,0QP2.LON
2021-08-24,408.0,408.9,405.9,407.6303,36914.0,0.000565292096220027,17.219999313354492,0QP2.LON,0QP2.LON
2021-08-25,408.0,408.0,403.9,407.0,29719.0,-0.0015462540444122208,16.790000915527344,0QP2.LON,0QP2.LON
2021-08-26,402.0,403.8,401.4,402.7,177605.0,-0.010565110565110558,18.84000015258789,0QP2.LON,0QP2.LON
2021-08-27,402.0,403.4,401.5,401.6691,14707.0,-0.002559970201142181,16.389999389648438,0QP2.LON,0QP2.LON
2021-08-31,402.0,404.0,399.6,402.0,535758.0,0.0008238124366548583,16.479999542236328,0QP2.LON,0QP2.LON
2021-09-01,404.0,407.5,403.6,404.6692,68289.0,0.006639800995024814,16.110000610351562,0QP2.LON,0QP2.LON
2021-09-02,404.0,406.1,401.0,403.9195,39377.0,-0.0018526243163551337,16.40999984741211,0QP2.LON,0QP2.LON
2021-09-03,402.0,402.8,398.3,399.3,41215.0,-0.011436684784963402,16.40999984741211,0QP2.LON,0QP2.LON
2021-09-06,402.0,404.2,400.8,404.2,63581.0,0.012271475081392369,,0QP2.LON,0QP2.LON
2021-09-07,402.0,402.8,398.6,399.1,63346.0,-0.012617516081147917,18.139999389648438,0QP2.LON,0QP2.LON
2021-09-08,397.0,401.9,395.4,400.0916,71232.0,0.002484590328238445,17.959999084472656,0QP2.LON,0QP2.LON
2021-09-09,397.4,400.9,397.4,399.7,14183.0,-0.0009787758603281294,18.799999237060547,0QP2.LON,0QP2.LON
2021-09-10,401.8,401.8,396.9,399.3769,75612.0,-0.0008083562672004385,20.950000762939453,0QP2.LON,0QP2.LON
2021-09-13,396.4,402.2,396.4,401.3458,49158.0,0.0049299295978311175,19.3700008392334,0QP2.LON,0QP2.LON
2021-09-14,402.0,402.5,399.0,401.0721,167082.0,-0.000681955560516645,19.459999084472656,0QP2.LON,0QP2.LON
2021-09-15,397.0,399.4,395.0,396.8104,205099.0,-0.010625770279209079,18.18000030517578,0QP2.LON,0QP2.LON
2021-09-16,395.7,398.6,395.7,396.8064,63749.0,-1.0080380957844248e-05,18.690000534057617,0QP2.LON,0QP2.LON
2021-09-17,399.5,399.5,387.0,392.6276,121245.0,-0.01053108014386872,20.809999465942383,0QP2.LON,0QP2.LON
2021-09-20,382.6,382.6,375.7,378.9757,168250.0,-0.03477060705869872,25.709999084472656,0QP2.LON,0QP2.LON
2021-09-21,379.5,384.9,379.5,379.8,154959.0,0.0021750734941581307,24.360000610351562,0QP2.LON,0QP2.LON
2021-09-22,385.0,386.9,383.0,385.7356,194339.0,0.01562822538177988,20.8700008392334,0QP2.LON,0QP2.LON
2021-09-23,387.2,390.4,387.2,388.2,606416.0,0.006388832143053413,18.6299991607666,0QP2.LON,0QP2.LON
2021-09-24,387.0,388.2,385.085,385.8607,117209.0,-0.00602601751674392,17.75,0QP2.LON,0QP2.LON
2021-09-27,385.0,389.4648,384.4,387.6,40705.0,0.004507585250324908,18.760000228881836,0QP2.LON,0QP2.LON
2021-09-28,389.0,390.4,382.0,385.2811,120714.0,-0.005982714138286993,23.25,0QP2.LON,0QP2.LON
2021-09-29,385.0,387.7,383.9,385.5,74961.0,0.0005681566004664962,22.559999465942383,0QP2.LON,0QP2.LON
2021-09-30,387.0,388.8,381.7,383.5424,80552.0,-0.005078080415045427,23.139999389648438,0QP2.LON,0QP2.LON
2021-10-01,375.2,381.0,375.2,380.9428,141633.0,-0.0067778686267803145,21.100000381469727,0QP2.LON,0QP2.LON
2021-10-04,378.2,382.4,378.2,380.6917,41728.0,-0.0006591540777248772,22.959999084472656,0QP2.LON,0QP2.LON
2021-10-05,379.1,382.6,379.1,380.8445,84996.0,0.00040137465565948105,21.299999237060547,0QP2.LON,0QP2.LON
2021-10-06,379.0,381.4,374.8,378.6077,152862.0,-0.00587326323473214,21.0,0QP2.LON,0QP2.LON
2021-10-07,383.0,387.8,382.6,386.0035,69778.0,0.019534203873824874,19.540000915527344,0QP2.LON,0QP2.LON
2021-10-08,385.1,387.5388,385.1,387.4969,54283.0,0.003868876836609081,18.770000457763672,0QP2.LON,0QP2.LON
2021-10-11,388.4,388.4,385.5,386.9581,46439.0,-0.001390462736605036,20.0,0QP2.LON,0QP2.LON
2021-10-12,385.0,389.2,384.0,389.0,36366.0,0.005276798702495089,19.850000381469727,0QP2.LON,0QP2.LON
2021-10-13,389.0,389.0,384.5,386.851,22953.0,-0.005524421593830375,18.639999389648438,0QP2.LON,0QP2.LON
2021-10-14,386.4961,391.3,386.4961,389.5475,62896.0,0.006970383946274028,16.860000610351562,0QP2.LON,0QP2.LON
2021-10-15,391.5,394.2,391.5,392.9591,136686.0,0.008757853663545534,16.299999237060547,0QP2.LON,0QP2.LON
2021-10-18,391.0,392.7,388.3218,388.9194,173701.0,-0.010280204733775,16.309999465942383,0QP2.LON,0QP2.LON
2021-10-19,392.7,392.7,387.2,392.3,37218.0,0.008692289456375901,15.699999809265137,0QP2.LON,0QP2.LON
2021-10-20,393.0,397.3,391.6,397.3,196195.0,0.012745347947999086,15.489999771118164,0QP2.LON,0QP2.LON
2021-10-21,395.0,396.9,393.3,395.9719,46907.0,-0.003342813994462679,15.010000228881836,0QP2.LON,0QP2.LON
2021-10-22,397.9,397.9,395.0,397.5,63710.0,0.003859112224882555,15.430000305175781,0QP2.LON,0QP2.LON
2021-10-25,397.0,398.4,396.4,398.0,62556.0,0.0012578616352201255,15.239999771118164,0QP2.LON,0QP2.LON
2021-10-26,398.6,406.5,398.6,404.1,53316.0,0.015326633165829273,15.979999542236328,0QP2.LON,0QP2.LON
2021-10-27,402.9,405.8,402.9,405.2,39956.0,0.0027220984904725576,16.979999542236328,0QP2.LON,0QP2.LON
2021-10-28,403.5,405.8,403.5,404.4,6929.0,-0.001974333662388972,16.530000686645508,0QP2.LON,0QP2.LON
2021-10-29,404.0,406.6,403.7,405.8391,21374.0,0.0035586053412461904,16.260000228881836,0QP2.LON,0QP2.LON
2021-11-01,406.0,408.3,406.0,407.495,42800.0,0.004080188429355536,16.40999984741211,0QP2.LON,0QP2.LON
2021-11-02,408.0,408.7,405.4,408.5,60328.0,0.0024662879299133245,16.030000686645508,0QP2.LON,0QP2.LON
2021-11-03,408.0,411.0411,406.7,409.6584,77504.0,0.0028357405140757574,15.100000381469727,0QP2.LON,0QP2.LON
2021-11-04,410.2,414.2,410.2,410.9593,47509.0,0.003175572623434597,15.4399995803833,0QP2.LON,0QP2.LON
2021-11-05,411.1,415.1,411.1,412.8007,18746.0,0.0044807356835581125,16.479999542236328,0QP2.LON,0QP2.LON
2021-11-08,413.0,413.0,408.9,410.5333,86376.0,-0.005492723243928577,17.219999313354492,0QP2.LON,0QP2.LON
2021-11-09,410.0,410.5,407.5,408.7,31339.0,-0.0044656547958472625,17.780000686645508,0QP2.LON,0QP2.LON
2021-11-10,409.8,409.8,406.0,408.4319,159371.0,-0.0006559823831661094,18.729999542236328,0QP2.LON,0QP2.LON
2021-11-11,408.0,408.0,398.7,401.8193,60883.0,-0.016190214329487973,17.65999984741211,0QP2.LON,0QP2.LON
2021-11-12,402.0,405.1,400.8,402.1832,92145.0,0.0009056309639681182,16.290000915527344,0QP2.LON,0QP2.LON
2021-11-15,402.0,403.2,401.0,402.4,23512.0,0.0005390578224051534,16.489999771118164,0QP2.LON,0QP2.LON
2021-11-16,402.0,403.4,402.0,402.7053,27035.0,0.0007586978131213229,16.3700008392334,0QP2.LON,0QP2.LON
2021-11-17,402.0,403.5,400.6968,402.5,36808.0,-0.0005098020810752057,17.110000610351562,0QP2.LON,0QP2.LON
2021-11-18,400.0,402.3,397.5,398.9,22828.0,-0.008944099378882076,17.59000015258789,0QP2.LON,0QP2.LON
2021-11-19,399.6,399.6,390.8,399.6,42359.0,0.0017548257708699389,17.90999984741211,0QP2.LON,0QP2.LON
2021-11-22,393.0,394.3,390.4,392.5952,66577.0,-0.017529529529529686,19.170000076293945,0QP2.LON,0QP2.LON
2021-11-23,390.4,394.8,390.4,391.3629,139388.0,-0.0031388565117452805,19.3799991607666,0QP2.LON,0QP2.LON
2021-11-24,395.0,399.5,394.8,396.3162,84197.0,0.012656539493140384,18.579999923706055,0QP2.LON,0QP2.LON
2021-11-25,396.6,396.6,394.8,395.8865,5900.0,-0.0010842352646699416,,0QP2.LON,0QP2.LON
2021-11-26,387.0,395.9359,379.0,382.7383,84783.0,-0.03321204436119951,28.6200008392334,0QP2.LON,0QP2.LON
2021-11-29,381.8,386.8,381.8,384.0213,33804.0,0.003352159948455613,22.959999084472656,0QP2.LON,0QP2.LON
2021-11-30,381.9,381.9,376.4,379.2591,24473.0,-0.012400874638984871,27.190000534057617,0QP2.LON,0QP2.LON
2021-12-01,382.1,386.7,382.1,385.3,51526.0,0.01592816098545824,31.1200008392334,0QP2.LON,0QP2.LON
2021-12-02,383.0,384.7,380.6,382.8874,43997.0,-0.006261614326498854,27.950000762939453,0QP2.LON,0QP2.LON
2021-12-03,384.2,387.5,384.2,385.8181,107539.0,0.007654208521878703,30.670000076293945,0QP2.LON,0QP2.LON
2021-12-06,387.4,393.5,387.4,391.2528,78066.0,0.0140861716959364,27.18000030517578,0QP2.LON,0QP2.LON
2021-12-07,393.0,395.5,392.8,393.8177,19401.0,0.0065556080365432035,21.889999389648438,0QP2.LON,0QP2.LON
2021-12-08,395.0,395.0,389.8,392.2162,92012.0,-0.00406660238988743,19.899999618530273,0QP2.LON,0QP2.LON
2021-12-09,391.0,391.8,386.1,391.6,123412.0,-0.001571072281053132,21.579999923706055,0QP2.LON,0QP2.LON
2021-12-10,386.3,389.4,386.3,388.887,142442.0,-0.00692798774259451,18.690000534057617,0QP2.LON,0QP2.LON
2021-12-13,389.0,389.6,384.9,387.0249,594123.0,-0.004788280400219058,20.309999465942383,0QP2.LON,0QP2.LON
2021-12-14,387.0,389.4,384.0,385.6438,19975.0,-0.0035685042486930385,21.889999389648438,0QP2.LON,0QP2.LON
2021-12-15,385.0,388.6,384.3,387.5394,227348.0,0.004915416765419289,19.290000915527344,0QP2.LON,0QP2.LON
2021-12-16,390.4,393.9,390.4,392.325,36846.0,0.012348679901966086,20.56999969482422,0QP2.LON,0QP2.LON
2021-12-17,391.0,392.2,389.5,391.8,329955.0,-0.0013381762569297795,21.56999969482422,0QP2.LON,0QP2.LON
2021-12-20,387.0,387.6,380.8,385.1556,215619.0,-0.01695865237366012,22.8700008392334,0QP2.LON,0QP2.LON
2021-12-21,389.1,394.0,389.1,394.0,185158.0,0.022963186826311155,21.010000228881836,0QP2.LON,0QP2.LON
2021-12-22,393.0,394.0,391.2,393.7,206943.0,-0.000761421319796951,18.6299991607666,0QP2.LON,0QP2.LON
2021-12-23,395.0,398.7,394.0,398.0,20986.0,0.010922021844043783,17.959999084472656,0QP2.LON,0QP2.LON
2021-12-29,402.0,403.1,399.8,401.6042,25157.0,0.009055778894472288,16.950000762939453,0QP2.LON,0QP2.LON
2021-12-30,400.2,402.3,400.2,400.4,85440.0,-0.0029984746175463206,17.329999923706055,0QP2.LON,0QP2.LON
2022-01-04,406.5,412.0,406.5,411.2411,105994.0,0.02707567432567437,16.90999984741211,0QP2.LON,0QP2.LON
2022-01-05,412.0,413.4,410.9,413.062,138277.0,0.004427816188605549,19.729999542236328,0QP2.LON,0QP2.LON
2022-01-06,410.0,415.6,408.9,413.9,54403.0,0.002028751131791351,19.610000610351562,0QP2.LON,0QP2.LON
2022-01-07,414.0,420.0,413.9,417.9452,43981.0,0.009773375211403756,18.760000228881836,0QP2.LON,0QP2.LON
2022-01-10,420.1,423.4,420.1,421.9124,135303.0,0.009492153516776902,19.399999618530273,0QP2.LON,0QP2.LON
2022-01-11,424.0,427.7,422.8,427.7,104213.0,0.01371753947027865,18.40999984741211,0QP2.LON,0QP2.LON
2022-01-12,430.0,432.3,428.6,430.5354,217715.0,0.006629413140051499,17.6200008392334,0QP2.LON,0QP2.LON
2022-01-13,431.6,436.9,431.6,435.5687,256216.0,0.011690792441225506,20.309999465942383,0QP2.LON,0QP2.LON
2022-01-14,434.0,435.5,432.2,434.9,33206.0,-0.001535234281067499,19.190000534057617,0QP2.LON,0QP2.LON
2022-01-17,435.0,439.6,435.0,436.25,526249.0,0.0031041618762934764,,0QP2.LON,0QP2.LON
2022-01-18,438.0,439.9,435.6,436.9,244566.0,0.0014899713467049214,22.790000915527344,0QP2.LON,0QP2.LON
2022-01-19,438.1,443.0,438.1,440.0484,209277.0,0.007206225680933986,23.850000381469727,0QP2.LON,0QP2.LON
2022-01-20,438.0,440.5,434.2,439.8,183059.0,-0.0005644833613757116,25.59000015258789,0QP2.LON,0QP2.LON
2022-01-21,437.7,437.7,431.0,434.6355,107459.0,-0.011742837653478944,28.850000381469727,0QP2.LON,0QP2.LON
2022-01-24,428.0,431.9,419.2,430.7,143617.0,-0.009054713662367653,29.899999618530273,0QP2.LON,0QP2.LON
2022-01-25,424.0,433.8,422.0,432.1,436781.0,0.003250522405386702,31.15999984741211,0QP2.LON,0QP2.LON
2022-01-26,434.2,441.8,434.2,438.9311,142360.0,0.01580907197407999,31.959999084472656,0QP2.LON,0QP2.LON
2022-01-27,437.5,446.1558,437.5,444.653,132642.0,0.013035986741427141,30.489999771118164,0QP2.LON,0QP2.LON
2022-01-28,445.0,446.0,436.3,440.9955,293422.0,-0.008225515177003206,27.65999984741211,0QP2.LON,0QP2.LON
2022-01-31,441.0,443.6,438.2,440.931,35199.0,-0.00014625999585027305,24.829999923706055,0QP2.LON,0QP2.LON
2022-02-01,443.0,443.5,439.4,441.154,36624.0,0.0005057480648900103,21.959999084472656,0QP2.LON,0QP2.LON
2022-02-02,440.0,442.8,440.0,441.332,39818.0,0.00040348721761551687,22.09000015258789,0QP2.LON,0QP2.LON
2022-02-03,442.0,445.9,442.0,444.1299,83299.0,0.006339671721062645,24.350000381469727,0QP2.LON,0QP2.LON
2022-02-04,443.0,446.3,436.3,438.1342,56049.0,-0.013499879202008236,23.219999313354492,0QP2.LON,0QP2.LON
2022-02-07,443.0,444.3,439.9,442.6056,75304.0,0.010205548893466698,22.860000610351562,0QP2.LON,0QP2.LON
2022-02-08,441.0,447.1,440.3,445.5,42952.0,0.006539456346688732,21.440000534057617,0QP2.LON,0QP2.LON
2022-02-09,445.7,452.7,445.7,451.7381,524271.0,0.014002469135802498,19.959999084472656,0QP2.LON,0QP2.LON
2022-02-10,453.0,453.7,439.8,452.3,110542.0,0.001243862317568567,23.90999984741211,0QP2.LON,0QP2.LON
2022-02-11,445.9,451.709,445.9,451.6322,37576.0,-0.001476453681185097,27.360000610351562,0QP2.LON,0QP2.LON
2022-02-14,449.0,449.0,440.9,446.5,50451.0,-0.01136367158940399,28.329999923706055,0QP2.LON,0QP2.LON
2022-02-15,441.0,445.9,441.0,445.1,21586.0,-0.0031354983202687148,25.700000762939453,0QP2.LON,0QP2.LON
2022-02-16,447.0,447.0,441.6,445.6593,39183.0,0.0012565715569534675,24.290000915527344,0QP2.LON,0QP2.LON
2022-02-17,441.0,442.5,431.6,434.8,76971.0,-0.024366820124700594,28.110000610351562,0QP2.LON,0QP2.LON
2022-02-18,431.9,438.8,431.9,433.8,170433.0,-0.0022999080036798514,27.75,0QP2.LON,0QP2.LON
2022-02-21,432.0,435.8,425.0,426.7526,204178.0,-0.01624573536191798,,0QP2.LON,0QP2.LON
2022-02-22,416.0,424.5,414.6,424.0,91105.0,-0.006450107158105123,28.809999465942383,0QP2.LON,0QP2.LON
2022-02-23,423.3,430.1,423.3,425.1,95521.0,0.0025943396226415505,31.020000457763672,0QP2.LON,0QP2.LON
2022-02-24,410.0,416.8,408.6,412.5742,217691.0,-0.02946553752058345,30.31999969482422,0QP2.LON,0QP2.LON
2022-02-25,418.0,423.9,414.7,422.7,210040.0,0.024542979178048485,27.59000015258789,0QP2.LON,0QP2.LON
2022-02-28,416.0,421.6,413.5,421.6,177672.0,-0.0026023184291459334,30.149999618530273,0QP2.LON,0QP2.LON
2022-03-01,414.0,422.9,408.5,412.6149,82822.0,-0.021311907020872933,33.31999969482422,0QP2.LON,0QP2.LON
2022-03-02,406.0,413.3,404.1,406.0,181044.0,-0.016031655667306244,30.739999771118164,0QP2.LON,0QP2.LON
2022-03-03,410.0,414.4,409.6,411.0856,63640.0,0.01252610837438417,30.479999542236328,0QP2.LON,0QP2.LON
2022-03-04,406.0,408.1,394.1,396.0135,347353.0,-0.03666414002339169,31.979999542236328,0QP2.LON,0QP2.LON
2022-03-07,387.0,393.2,377.3,389.6831,102065.0,-0.015985313631984743,36.45000076293945,0QP2.LON,0QP2.LON
2022-03-08,385.0,431.6795,385.0,398.3517,90803.0,0.022245255182993473,35.130001068115234,0QP2.LON,0QP2.LON
2022-03-09,404.0,412.7,402.0,409.1821,65492.0,0.027188035095620178,32.45000076293945,0QP2.LON,0QP2.LON
2022-03-10,414.0,417.3,408.2,412.5,95397.0,0.008108614721904939,30.229999542236328,0QP2.LON,0QP2.LON
2022-03-11,415.5,428.7,415.5,422.0714,168091.0,0.023203393939393857,30.75,0QP2.LON,0QP2.LON
2022-03-14,426.7,431.6,426.7,426.9,246062.0,0.011440244470485306,31.770000457763672,0QP2.LON,0QP2.LON
2022-03-15,426.0,433.4,423.6,431.0964,211688.0,0.009829936753338098,29.829999923706055,0QP2.LON,0QP2.LON
2022-03-16,438.0,442.1,434.8,436.0,104031.0,0.011374718044502297,26.670000076293945,0QP2.LON,0QP2.LON
2022-03-17,438.0,441.0,435.1,439.1389,202170.0,0.0071993119266053895,25.670000076293945,0QP2.LON,0QP2.LON
2022-03-18,443.0,444.8556,439.9,444.7333,922792.0,0.012739477190474302,23.8700008392334,0QP2.LON,0QP2.LON
2022-03-21,447.0,448.8,444.7633,447.5,133052.0,0.006221031795910159,23.530000686645508,0QP2.LON,0QP2.LON
2022-03-22,449.6,458.9,449.6,456.2095,84642.0,0.019462569832402243,22.940000534057617,0QP2.LON,0QP2.LON
2022-03-23,457.9,457.9,452.645,454.1716,477551.0,-0.0044670266620927546,23.56999969482422,0QP2.LON,0QP2.LON
2022-03-24,449.0,451.8,444.4,447.7,58902.0,-0.014249239714680617,21.670000076293945,0QP2.LON,0QP2.LON
2022-03-25,443.0,448.9,439.0,448.8,104501.0,0.002457002457002533,20.809999465942383,0QP2.LON,0QP2.LON
2022-03-28,450.0,457.4,450.0,454.2878,33623.0,0.012227718360071194,19.6299991607666,0QP2.LON,0QP2.LON
2022-03-29,455.0,460.3,454.0,457.8951,102577.0,0.007940561027612869,18.899999618530273,0QP2.LON,0QP2.LON
2022-03-30,457.0,459.1,456.5,458.054,41476.0,0.0003470227132806869,19.329999923706055,0QP2.LON,0QP2.LON
2022-03-31,456.7,460.5,456.7,458.3243,304169.0,0.0005901050967789256,20.559999465942383,0QP2.LON,0QP2.LON
2022-04-01,456.7,461.6,456.7,460.8397,260336.0,0.0054882536230349555,19.6299991607666,0QP2.LON,0QP2.LON
2022-04-04,454.3,460.4,447.0,451.2,352150.0,-0.020917685694179622,18.56999969482422,0QP2.LON,0QP2.LON
2022-04-05,442.9,453.5,442.9,452.4,604112.0,0.0026595744680850686,21.030000686645508,0QP2.LON,0QP2.LON
2022-04-06,451.4,457.0,451.4,454.2682,100918.0,0.004129531388151975,22.100000381469727,0QP2.LON,0QP2.LON
2022-04-07,454.5,456.4,400.0,454.0146,112396.0,-0.0005582605165846966,21.549999237060547,0QP2.LON,0QP2.LON
2022-04-08,436.7,443.5,435.4,441.0978,402847.0,-0.02845018640369712,21.15999984741211,0QP2.LON,0QP2.LON
2022-04-11,444.9,455.9,444.9,452.345,111553.0,0.02549820017238802,24.3700008392334,0QP2.LON,0QP2.LON
2022-04-12,451.0,455.7,449.5,452.023,505400.0,-0.0007118460467121501,24.260000228881836,0QP2.LON,0QP2.LON
2022-04-13,454.9,456.8964,447.5,450.5,42552.0,-0.0033692975799904934,21.81999969482422,0QP2.LON,0QP2.LON
2022-04-14,452.7,460.1,452.6,456.563,293249.0,0.01345837957824636,22.700000762939453,0QP2.LON,0QP2.LON
2022-04-19,454.9,460.0,448.9326,448.9326,693370.0,-0.01671269901415584,21.3700008392334,0QP2.LON,0QP2.LON
2022-04-20,449.8,454.3091,449.8,452.1477,838566.0,0.007161654110216187,20.31999969482422,0QP2.LON,0QP2.LON
2022-04-21,452.3,458.1,451.6905,456.3956,308557.0,0.009394938866215563,22.68000030517578,0QP2.LON,0QP2.LON
2022-04-22,448.8,452.6,445.7,448.7859,58317.0,-0.01667347362682725,28.209999084472656,0QP2.LON,0QP2.LON
2022-04-25,441.3,441.3,435.8,436.2603,381442.0,-0.027909967759682464,27.020000457763672,0QP2.LON,0QP2.LON
2022-04-26,441.5154,441.5154,432.7913,432.8,269800.0,-0.007931732500069288,33.52000045776367,0QP2.LON,0QP2.LON
2022-04-27,432.2,436.4,427.7,436.4,132352.0,0.008317929759704246,31.600000381469727,0QP2.LON,0QP2.LON
2022-04-28,442.0,443.9,439.4,442.4664,288302.0,0.01390100824931273,29.989999771118164,0QP2.LON,0QP2.LON
2022-04-29,444.9,447.2,444.1,445.8331,26235.0,0.007608939345450816,33.400001525878906,0QP2.LON,0QP2.LON
2022-05-03,444.1,447.4,443.1,445.5348,88130.0,-0.0006690844623244985,29.25,0QP2.LON,0QP2.LON
2022-05-04,447.3,448.7,444.8,447.1,40130.0,0.0035130813575057207,25.420000076293945,0QP2.LON,0QP2.LON
2022-05-05,450.0,452.4,445.8,448.27,93043.0,0.0026168642361887873,31.200000762939453,0QP2.LON,0QP2.LON
2022-05-06,447.3,450.7,445.5,448.2625,47836.0,-1.67309880205746e-05,30.190000534057617,0QP2.LON,0QP2.LON
2022-05-09,444.9,448.5,436.7344,436.8,61515.0,-0.02557095451883662,34.75,0QP2.LON,0QP2.LON
2022-05-10,439.3,446.2,439.3,443.999,33360.0,0.016481227106227125,32.9900016784668,0QP2.LON,0QP2.LON
2022-05-11,442.5,450.0,442.5,447.28,86655.0,0.0073896562830095824,32.560001373291016,0QP2.LON,0QP2.LON
2022-05-12,451.0,453.5,438.0,448.5166,101841.0,0.002764711142908327,31.770000457763672,0QP2.LON,0QP2.LON
2022-05-13,454.5,459.5,454.2,458.6,111685.0,0.02248166511562788,28.8700008392334,0QP2.LON,0QP2.LON
2022-05-16,457.0,461.0,455.1,456.6872,38297.0,-0.0041709550806803275,27.469999313354492,0QP2.LON,0QP2.LON
2022-05-17,457.0,459.1,455.5,456.6665,51239.0,-4.532642911825313e-05,26.100000381469727,0QP2.LON,0QP2.LON
2022-05-18,454.7,459.3,451.9,452.5,49407.0,-0.009123725957564166,30.959999084472656,0QP2.LON,0QP2.LON
2022-05-19,448.4,450.3,432.6,437.8644,67483.0,-0.03234386740331496,29.350000381469727,0QP2.LON,0QP2.LON
2022-05-20,435.4,435.6,430.1,432.1136,272029.0,-0.013133746429259796,29.43000030517578,0QP2.LON,0QP2.LON
2022-05-23,435.6,440.1955,435.6,440.0,44478.0,0.018250756282607083,28.479999542236328,0QP2.LON,0QP2.LON
2022-05-24,437.5,441.0,437.5,439.9,76883.0,-0.00022727272727274261,29.450000762939453,0QP2.LON,0QP2.LON
2022-05-25,442.0,445.0,441.2,442.3004,35224.0,0.005456694703341869,28.3700008392334,0QP2.LON,0QP2.LON
2022-05-27,446.9,446.9,438.6,440.7885,64578.0,-0.003418265052439584,25.719999313354492,0QP2.LON,0QP2.LON
2022-05-30,443.4,443.4,438.2,440.5324,35106.0,-0.000581004268487062,,0QP2.LON,0QP2.LON
2022-05-31,436.1,440.4,435.1,437.1901,125638.0,-0.007586956146698909,26.190000534057617,0QP2.LON,0QP2.LON
2022-06-01,441.8,442.9,436.1782,439.4328,20981.0,0.005129805089365114,25.690000534057617,0QP2.LON,0QP2.LON
2022-06-07,440.0,443.3,437.7,440.4385,53652.0,0.002288632072981356,24.020000457763672,0QP2.LON,0QP2.LON
2022-06-08,440.3,440.3,430.1,433.4483,56470.0,-0.0158710012862181,23.959999084472656,0QP2.LON,0QP2.LON
2022-06-09,432.8,435.3,431.8,433.916,46361.0,0.0010790214196247927,26.09000015258789,0QP2.LON,0QP2.LON
2022-06-10,429.9,430.1,419.3,423.1628,137950.0,-0.024781754994054106,27.75,0QP2.LON,0QP2.LON
2022-06-13,414.9,419.0,413.0,415.4,76117.0,-0.018344712720494427,34.02000045776367,0QP2.LON,0QP2.LON
2022-06-14,417.2,421.7,417.2,419.5155,39000.0,0.009907318247472263,32.689998626708984,0QP2.LON,0QP2.LON
2022-06-15,423.1,431.6,423.1,428.3678,211654.0,0.021101246557040154,29.6200008392334,0QP2.LON,0QP2.LON
2022-06-16,420.1,428.7,408.7,412.1141,711302.0,-0.03794332813997692,32.95000076293945,0QP2.LON,0QP2.LON
2022-06-17,413.7,413.7,406.0,408.9933,261226.0,-0.007572660095832795,31.1299991607666,0QP2.LON,0QP2.LON
2022-06-20,406.5,414.2,405.6,414.2,130805.0,0.012730526392486174,,0QP2.LON,0QP2.LON
2022-06-21,412.2,418.0,412.2,416.4298,96879.0,0.005383389666827609,30.190000534057617,0QP2.LON,0QP2.LON
2022-06-22,410.9,410.9,404.6,409.5161,282608.0,-0.016602318085785384,28.950000762939453,0QP2.LON,0QP2.LON
2022-06-23,406.9,406.9,401.1,401.1,29277.0,-0.020551328751177267,29.049999237060547,0QP2.LON,0QP2.LON
2022-06-24,401.1,418.4,401.1,417.343,61079.0,0.0404961356270257,27.229999542236328,0QP2.LON,0QP2.LON
2022-06-27,419.6,420.3,413.6,417.386,70817.0,0.00010303275722844951,26.950000762939453,0QP2.LON,0QP2.LON
2022-06-28,419.2,420.6,417.1,419.3894,94194.0,0.004799873498392282,28.360000610351562,0QP2.LON,0QP2.LON
2022-06-29,415.0,419.7,415.0,416.8672,138624.0,-0.006013981278496727,28.15999984741211,0QP2.LON,0QP2.LON
2022-06-30,414.3,415.2519,409.6,415.2,109858.0,-0.00399935519033412,28.709999084472656,0QP2.LON,0QP2.LON
2022-07-01,413.4,422.8,413.4,419.9,47095.0,0.011319845857418187,26.700000762939453,0QP2.LON,0QP2.LON
2022-07-04,421.9,424.3,421.1,422.9501,19085.0,0.007263872350559808,,0QP2.LON,0QP2.LON
2022-07-05,423.5,423.5,405.4,405.6196,104712.0,-0.04097528289980312,27.540000915527344,0QP2.LON,0QP2.LON
2022-07-06,408.4,411.8,405.6,408.6,41491.0,0.007347771162931949,26.729999542236328,0QP2.LON,0QP2.LON
2022-07-07,412.7,417.5,411.8,415.6667,39030.0,0.017294909446891715,26.079999923706055,0QP2.LON,0QP2.LON
2022-07-08,419.4,423.5,413.6,421.429,66591.0,0.013862789585983082,24.639999389648438,0QP2.LON,0QP2.LON
2022-07-11,419.6,424.5,418.0,422.149,203212.0,0.0017084728388412351,26.170000076293945,0QP2.LON,0QP2.LON
2022-07-12,420.5,426.4,419.2,424.1931,29423.0,0.004842129200827161,27.290000915527344,0QP2.LON,0QP2.LON
2022-07-13,416.8,422.0,415.0,416.9817,70106.0,-0.01700027652500724,26.81999969482422,0QP2.LON,0QP2.LON
2022-07-14,417.0,417.7,406.9,410.2,50631.0,-0.016263783278738564,26.399999618530273,0QP2.LON,0QP2.LON
2022-07-15,410.2,413.5,407.5,407.5,51002.0,-0.006582155046318872,24.229999542236328,0QP2.LON,0QP2.LON
2022-07-18,417.5,418.3,412.4,414.1868,35906.0,0.016409325153374343,25.299999237060547,0QP2.LON,0QP2.LON
2022-07-19,410.3,420.1258,410.3,414.3447,34579.0,0.0003812289527334034,24.5,0QP2.LON,0QP2.LON
2022-07-20,418.0,418.7,410.1,411.4384,146394.0,-0.007014208218422913,23.8799991607666,0QP2.LON,0QP2.LON
2022-07-21,410.8,410.8,405.1,407.4047,42859.0,-0.009803897740220724,23.110000610351562,0QP2.LON,0QP2.LON
2022-07-22,408.6,409.3,405.4,408.5329,52341.0,0.002769236584654111,23.030000686645508,0QP2.LON,0QP2.LON
2022-07-25,409.0,413.5,408.2,411.5568,20989.0,0.007401851845959095,23.360000610351562,0QP2.LON,0QP2.LON
2022-07-26,414.4,414.4,409.5,411.1,45067.0,-0.0011099318490180865,24.690000534057617,0QP2.LON,0QP2.LON
2022-07-27,414.0,414.0,409.8,411.6958,21625.0,0.0014492824130381,23.239999771118164,0QP2.LON,0QP2.LON
2022-07-28,412.5,414.6,407.7,411.3629,40563.0,-0.0008086067431340993,22.329999923706055,0QP2.LON,0QP2.LON
2022-07-29,414.9,416.4,408.6,414.6136,64080.0,0.0079022682891432,21.329999923706055,0QP2.LON,0QP2.LON
2022-08-02,417.0,417.0,411.6,413.443,88381.0,-0.0028233516700851835,23.93000030517578,0QP2.LON,0QP2.LON
2022-08-03,413.2,419.3,413.2,418.1,78856.0,0.011263946904410238,21.950000762939453,0QP2.LON,0QP2.LON
2022-08-04,415.9,420.1,415.9,417.2886,136072.0,-0.00194068404687886,21.440000534057617,0QP2.LON,0QP2.LON
2022-08-05,419.0,420.2614,414.9,419.3373,27737.0,0.004909551806591583,21.149999618530273,0QP2.LON,0QP2.LON
2022-08-08,423.1,424.7,420.9,422.0735,43496.0,0.00652505751336685,21.290000915527344,0QP2.LON,0QP2.LON
2022-08-09,422.0,429.5,422.0,427.4222,55094.0,0.012672437383536073,21.770000457763672,0QP2.LON,0QP2.LON
2022-08-10,427.7,435.2544,427.7,433.4479,110645.0,0.014097770307672342,19.739999771118164,0QP2.LON,0QP2.LON
2022-08-11,440.0,445.4,438.6,442.7,65844.0,0.02134535661610082,20.200000762939453,0QP2.LON,0QP2.LON
2022-08-12,444.3,444.3,439.9,441.4444,138885.0,-0.002836232211429923,19.530000686645508,0QP2.LON,0QP2.LON
2022-08-15,439.1,440.4,427.6,432.5,54527.0,-0.02026166828710474,19.950000762939453,0QP2.LON,0QP2.LON
2022-08-16,436.6,436.6,431.6,434.4224,63894.0,0.004444855491329447,19.690000534057617,0QP2.LON,0QP2.LON
2022-08-17,430.1,435.6,426.6,429.3,84099.0,-0.011791288846983883,19.899999618530273,0QP2.LON,0QP2.LON
2022-08-18,430.7,430.7,427.1359,429.161,14506.0,-0.0003237829023993166,19.559999465942383,0QP2.LON,0QP2.LON
2022-08-19,427.8,431.9,426.3,428.2509,36855.0,-0.0021206493600304244,20.600000381469727,0QP2.LON,0QP2.LON
2022-08-22,425.2,428.9,424.5,427.1474,30234.0,-0.0025767604925056586,23.799999237060547,0QP2.LON,0QP2.LON
2022-08-23,422.3,427.9,422.3,424.1446,43605.0,-0.0070298917891107315,24.110000610351562,0QP2.LON,0QP2.LON
2022-08-24,425.3,430.8,425.3,429.069,65058.0,0.011610191429998196,22.81999969482422,0QP2.LON,0QP2.LON
2022-08-25,430.8,435.1,430.8,432.6547,23130.0,0.008356930936515905,21.780000686645508,0QP2.LON,0QP2.LON
2022-08-26,433.4,436.9,433.0,434.1,64016.0,0.0033405392337122475,25.559999465942383,0QP2.LON,0QP2.LON
2022-08-30,430.5,436.3,430.5,431.2803,27910.0,-0.006495507947477552,26.209999084472656,0QP2.LON,0QP2.LON
2022-08-31,433.4,434.7,429.7,432.8074,212748.0,0.0035408526658879946,25.8700008392334,0QP2.LON,0QP2.LON
2022-09-01,425.0,427.7,422.1,424.325,61655.0,-0.019598555847242904,25.559999465942383,0QP2.LON,0QP2.LON
2022-09-02,422.7,434.1,422.7,425.2162,51977.0,0.0021002769103870556,25.469999313354492,0QP2.LON,0QP2.LON
2022-09-05,431.1,432.1,427.6,431.8729,18343.0,0.01565485981013892,,0QP2.LON,0QP2.LON
2022-09-06,430.3,432.3,427.7,429.5272,89935.0,-0.005431459116791104,26.90999984741211,0QP2.LON,0QP2.LON
2022-09-07,425.6,427.0,416.3,423.4208,77156.0,-0.014216561838225839,24.639999389648438,0QP2.LON,0QP2.LON
2022-09-08,423.3,426.8,418.0,421.0,35302.0,-0.005717243933221927,23.610000610351562,0QP2.LON,0QP2.LON
2022-09-09,419.2,426.6,419.2,421.2123,40537.0,0.0005042755344417671,22.790000915527344,0QP2.LON,0QP2.LON
2022-09-12,428.4,428.4,421.9425,426.4846,82647.0,0.012516965910064792,23.8700008392334,0QP2.LON,0QP2.LON
2022-09-13,428.3,435.6,427.9,431.1647,96289.0,0.010973667044483992,27.270000457763672,0QP2.LON,0QP2.LON
2022-09-14,429.1,431.3,427.6984,428.9857,208361.0,-0.005053753240930825,26.15999984741211,0QP2.LON,0QP2.LON
2022-09-15,427.3,431.4,427.3,428.2067,133325.0,-0.0018159113462290488,26.270000457763672,0QP2.LON,0QP2.LON
2022-09-16,428.1,432.3,426.0574,427.2664,387083.0,-0.002195902119233595,26.299999237060547,0QP2.LON,0QP2.LON
2022-09-20,429.9,432.6,419.6,421.5843,224471.0,-0.013298728849261199,27.15999984741211,0QP2.LON,0QP2.LON
2022-09-21,417.0,420.1,416.1,418.4667,132476.0,-0.007394962288680973,27.989999771118164,0QP2.LON,0QP2.LON
2022-09-22,412.1,424.0,411.4,419.5126,73749.0,0.0024993625538185515,27.350000381469727,0QP2.LON,0QP2.LON
2022-09-23,418.0,419.0,401.8,405.2248,60333.0,-0.03405809503695478,29.920000076293945,0QP2.LON,0QP2.LON
2022-09-26,401.2,406.8779,396.1,406.8779,96909.0,0.004079464040700254,32.2599983215332,0QP2.LON,0QP2.LON
2022-09-27,400.0,405.0,398.8,400.7507,47878.0,-0.015059063173497589,32.599998474121094,0QP2.LON,0QP2.LON
2022-09-28,398.9,400.5,390.2,400.118,49651.0,-0.0015787870114761793,30.18000030517578,0QP2.LON,0QP2.LON
2022-09-29,400.3,400.3,392.1,395.5,99639.0,-0.011541595229407342,31.84000015258789,0QP2.LON,0QP2.LON
2022-09-30,393.4,400.9,393.4,395.0031,58754.0,-0.0012563843236409467,31.6200008392334,0QP2.LON,0QP2.LON
2022-10-03,390.5,399.4,390.5,397.9862,328916.0,0.007552092629146356,30.100000381469727,0QP2.LON,0QP2.LON
2022-10-04,408.0,411.6,400.4,409.8016,47468.0,0.029687964055035154,29.06999969482422,0QP2.LON,0QP2.LON
2022-10-05,409.6,409.6,405.4,408.1815,46464.0,-0.003953376463146974,28.549999237060547,0QP2.LON,0QP2.LON
2022-10-06,407.3,409.4,399.9,400.2017,32197.0,-0.01954963661998399,30.520000457763672,0QP2.LON,0QP2.LON
2022-10-07,398.5,400.9,396.2,398.2354,28751.0,-0.004913272482350739,31.360000610351562,0QP2.LON,0QP2.LON
2022-10-10,396.9,398.0,393.4,396.125,84014.0,-0.005299378206960026,32.45000076293945,0QP2.LON,0QP2.LON
2022-10-11,394.0,394.6,390.3,391.3072,202523.0,-0.012162322499211009,33.630001068115234,0QP2.LON,0QP2.LON
2022-10-12,389.9,393.0,385.9,389.5,186879.0,-0.004618366337240998,33.56999969482422,0QP2.LON,0QP2.LON
2022-10-13,389.5,392.1,384.7,390.1714,26772.0,0.0017237483953786992,31.940000534057617,0QP2.LON,0QP2.LON
2022-10-14,398.1,404.0,397.2,399.9565,12200.0,0.025078978110645744,32.02000045776367,0QP2.LON,0QP2.LON
2022-10-17,397.5,408.1,397.5,404.9,75653.0,0.012360094160239754,31.3700008392334,0QP2.LON,0QP2.LON
2022-10-18,410.0,411.1,405.0,408.3,62634.0,0.008397135095085329,30.5,0QP2.LON,0QP2.LON
2022-10-19,412.1,416.6,410.9,414.6943,32606.0,0.015660788635806888,30.760000228881836,0QP2.LON,0QP2.LON
2022-10-20,414.0,418.6,414.0,417.0064,124696.0,0.00557543231242863,29.979999542236328,0QP2.LON,0QP2.LON
2022-10-21,412.5,414.0,400.1,409.0182,61561.0,-0.01915606091417299,29.690000534057617,0QP2.LON,0QP2.LON
2022-10-24,409.1,418.7,409.1,416.845,126375.0,0.019135578807984777,29.850000381469727,0QP2.LON,0QP2.LON
2022-10-25,420.1,421.9,414.8,420.484,33152.0,0.008729863618371247,28.459999084472656,0QP2.LON,0QP2.LON
2022-10-26,417.4,421.1,417.4,421.1,17168.0,0.0014649784534013222,27.280000686645508,0QP2.LON,0QP2.LON
2022-10-27,425.4,425.4,419.9,423.1069,15319.0,0.0047658513417239146,27.389999389648438,0QP2.LON,0QP2.LON
2022-10-28,423.7,424.9,418.9,422.891,11033.0,-0.0005102729357521207,25.75,0QP2.LON,0QP2.LON
2022-10-31,424.6,427.5144,424.0,427.2969,86031.0,0.010418523922239853,25.8799991607666,0QP2.LON,0QP2.LON
2022-11-01,428.1,431.4,424.3,426.4561,29934.0,-0.0019677184646085255,25.809999465942383,0QP2.LON,0QP2.LON
2022-11-02,429.4,429.4,425.7,426.6538,31014.0,0.00046358816300196004,25.860000610351562,0QP2.LON,0QP2.LON
2022-11-03,425.0,429.7,425.0,428.5636,27605.0,0.004476228736272958,25.299999237060547,0QP2.LON,0QP2.LON
2022-11-04,428.5,431.4,420.8,427.8985,42531.0,-0.001551928348557774,24.549999237060547,0QP2.LON,0QP2.LON
2022-11-07,428.8,433.9,428.8,431.3647,35383.0,0.008100519165175957,24.350000381469727,0QP2.LON,0QP2.LON
2022-11-08,433.4,436.2,430.8,432.6012,24603.0,0.0028664839751606497,25.540000915527344,0QP2.LON,0QP2.LON
2022-11-09,435.4,436.9908,432.8,436.1252,46583.0,0.008146070792221627,26.09000015258789,0QP2.LON,0QP2.LON
2022-11-10,433.2,433.7,427.0,431.2154,86949.0,-0.011257776436674694,23.530000686645508,0QP2.LON,0QP2.LON
2022-11-11,430.1,432.0,421.8,423.8,88300.0,-0.01719651014319057,22.520000457763672,0QP2.LON,0QP2.LON
2022-11-14,429.0,429.0,425.1,426.5147,70021.0,0.006405615856535984,23.729999542236328,0QP2.LON,0QP2.LON
2022-11-15,425.0,428.7,423.5,425.9342,41688.0,-0.0013610316361898356,24.540000915527344,0QP2.LON,0QP2.LON
2022-11-16,421.5,435.3,421.0,427.365,78604.0,0.003359204309022479,24.110000610351562,0QP2.LON,0QP2.LON
2022-11-17,434.0,438.4,431.7,434.1597,105182.0,0.015899055842195642,23.93000030517578,0QP2.LON,0QP2.LON
2022-11-18,442.4,443.7,440.4,442.087,39798.0,0.018258949414236225,23.1200008392334,0QP2.LON,0QP2.LON
2022-11-21,444.9,448.3,441.8,444.4568,55278.0,0.005360483343776146,22.360000610351562,0QP2.LON,0QP2.LON
2022-11-22,445.4,449.9,445.4,447.4329,28128.0,0.006696038850120045,21.290000915527344,0QP2.LON,0QP2.LON
2022-11-23,449.6,451.9,447.5,448.5756,23850.0,0.00255390249577081,20.350000381469727,0QP2.LON,0QP2.LON
2022-11-24,448.6,451.5,448.6,449.5534,6659.0,0.0021797886465515504,,0QP2.LON,0QP2.LON
2022-11-25,450.6,451.3,448.0,450.5584,22383.0,0.0022355519944905478,20.5,0QP2.LON,0QP2.LON
2022-11-28,449.6,452.2,448.0,451.9,41267.0,0.0029776384149091673,22.209999084472656,0QP2.LON,0QP2.LON
2022-11-29,449.9,453.8,449.9,452.1937,125762.0,0.0006499225492364591,21.889999389648438,0QP2.LON,0QP2.LON
2022-11-30,448.0,458.2,446.0,453.0024,264572.0,0.0017883928944610883,20.579999923706055,0QP2.LON,0QP2.LON
2022-12-01,456.6,457.1,450.5,454.3178,20657.0,0.002903737375342663,19.84000015258789,0QP2.LON,0QP2.LON
2022-12-02,448.0,453.4,446.9,450.09,34264.0,-0.009305820727253056,19.059999465942383,0QP2.LON,0QP2.LON
2022-12-05,450.0,452.5,447.8,451.8096,28414.0,0.003820569219489478,20.75,0QP2.LON,0QP2.LON
2022-12-06,449.0,453.9,448.8,451.8096,15776.0,0.0,22.170000076293945,0QP2.LON,0QP2.LON
2022-12-07,452.5,452.5,448.9,451.6879,8577.0,-0.00026936125305876413,22.68000030517578,0QP2.LON,0QP2.LON
2022-12-08,451.0,451.9,448.6,450.9,45737.0,-0.0017443460407065015,22.290000915527344,0QP2.LON,0QP2.LON
2022-12-09,452.1,454.1,449.4,452.1362,144740.0,0.0027416278554002194,22.829999923706055,0QP2.LON,0QP2.LON
2022-12-12,452.6,452.6,448.9,450.0661,44248.0,-0.00457848763270885,25.0,0QP2.LON,0QP2.LON
2022-12-13,449.6,452.7,447.9,447.9104,78877.0,-0.004789740884727833,22.549999237060547,0QP2.LON,0QP2.LON
2022-12-14,448.0,452.0,448.0,451.6097,18601.0,0.008259017875003494,21.139999389648438,0QP2.LON,0QP2.LON
2022-12-15,451.0,451.0,443.2,445.6406,45183.0,-0.013217386606177772,22.829999923706055,0QP2.LON,0QP2.LON
2022-12-16,445.5,447.6,436.5,444.9018,1550487.0,-0.0016578381772217599,22.6200008392334,0QP2.LON,0QP2.LON
2022-12-19,438.9,440.8,437.6,439.2057,18138.0,-0.012803050021375495,22.420000076293945,0QP2.LON,0QP2.LON
2022-12-20,435.4,437.6,434.6,436.5,18376.0,-0.006160439174628163,21.479999542236328,0QP2.LON,0QP2.LON
2022-12-21,436.1,444.4,435.5,437.6484,26329.0,0.0026309278350515886,20.06999969482422,0QP2.LON,0QP2.LON
2022-12-22,443.6,448.1,443.6,445.7124,284118.0,0.018425749985604867,21.969999313354492,0QP2.LON,0QP2.LON
2022-12-23,446.9,447.2,444.6,445.8,81162.0,0.00019653929305096796,20.8700008392334,0QP2.LON,0QP2.LON
2022-12-28,446.4,449.1,446.4,447.1894,21249.0,0.003116644235082955,22.139999389648438,0QP2.LON,0QP2.LON
2022-12-29,445.5,448.4,444.6,447.7532,72942.0,0.001260763336519144,21.440000534057617,0QP2.LON,0QP2.LON
2022-12-30,446.9,446.9,442.3,442.3,30628.0,-0.01217903076962934,21.670000076293945,0QP2.LON,0QP2.LON
2023-01-03,450.0,450.9,444.7,449.2326,68747.0,0.015673976938729295,22.899999618530273,0QP2.LON,0QP2.LON
2023-01-04,446.8,453.1,446.8,448.7449,10924.0,-0.0010856291373333438,22.010000228881836,0QP2.LON,0QP2.LON
2023-01-05,446.9,447.8,438.9,445.3164,36821.0,-0.007640198250721042,22.459999084472656,0QP2.LON,0QP2.LON
2023-01-06,442.0,444.7,440.3439,442.0015,34334.0,-0.007443920771837642,21.1299991607666,0QP2.LON,0QP2.LON
2023-01-09,450.0,450.6,443.6,449.8,41948.0,0.01764360528188247,21.969999313354492,0QP2.LON,0QP2.LON
2023-01-10,446.4,450.0,446.4,449.0102,44311.0,-0.001755891507336571,20.579999923706055,0QP2.LON,0QP2.LON
2023-01-11,450.8,450.8,442.9,449.4,48041.0,0.0008681317261833854,21.09000015258789,0QP2.LON,0QP2.LON
2023-01-12,452.1,454.3,449.1,450.8198,42852.0,0.0031593235425011468,18.829999923706055,0QP2.LON,0QP2.LON
2023-01-13,451.8,451.8,442.3,445.3293,52532.0,-0.012178923818341625,18.350000381469727,0QP2.LON,0QP2.LON
2023-01-16,444.9,445.8,441.1,443.9714,37699.0,-0.0030492042630025917,,0QP2.LON,0QP2.LON
2023-01-17,445.7,447.4,440.7,442.3067,171763.0,-0.0037495658504129725,19.360000610351562,0QP2.LON,0QP2.LON
2023-01-18,437.3,442.3,436.6,439.8143,76663.0,-0.0056350039463566315,20.34000015258789,0QP2.LON,0QP2.LON
2023-01-19,440.0,442.8,438.8,439.8,46335.0,-3.251372226864557e-05,20.520000457763672,0QP2.LON,0QP2.LON
2023-01-20,441.2,445.7,441.0,445.3296,25227.0,0.012572987721691797,19.850000381469727,0QP2.LON,0QP2.LON
2023-01-23,448.0,448.2,442.0,442.4314,36460.0,-0.0065079886897255745,19.809999465942383,0QP2.LON,0QP2.LON
2023-01-24,446.9,455.5,444.7,454.7798,33077.0,0.02791031558790813,19.200000762939453,0QP2.LON,0QP2.LON
2023-01-25,455.7,458.8,450.8,453.8319,125496.0,-0.0020843054154999763,19.079999923706055,0QP2.LON,0QP2.LON
2023-01-26,456.1,456.1,452.0,452.9391,21157.0,-0.0019672482256095636,18.729999542236328,0QP2.LON,0QP2.LON
2023-01-27,454.5,454.6,451.0,452.2,26716.0,-0.0016317867015676057,18.510000228881836,0QP2.LON,0QP2.LON
2023-01-30,451.6,455.4,450.7,453.6092,548222.0,0.0031163202122954647,19.940000534057617,0QP2.LON,0QP2.LON
2023-01-31,455.7,455.9,450.4,455.6,275982.0,0.0043887998744294165,19.399999618530273,0QP2.LON,0QP2.LON
2023-02-01,453.8,453.8,449.8,450.9097,58743.0,-0.010294776119403104,17.8700008392334,0QP2.LON,0QP2.LON
2023-02-02,450.4,450.4,438.6,442.0153,66834.0,-0.019725457225692744,18.729999542236328,0QP2.LON,0QP2.LON
2023-02-03,438.5,442.104,437.2,440.7168,56723.0,-0.0029376811164681937,18.329999923706055,0QP2.LON,0QP2.LON
2023-02-06,441.0338,441.0338,436.2,439.525,89436.0,-0.002704230925619333,19.43000030517578,0QP2.LON,0QP2.LON
2023-02-07,436.4,440.7,436.4,437.5576,34107.0,-0.004476195893293844,18.65999984741211,0QP2.LON,0QP2.LON
2023-02-08,443.4,445.9,441.5,444.8888,25075.0,0.016754822679345693,19.6299991607666,0QP2.LON,0QP2.LON
2023-02-09,433.8,443.1,430.7,434.4367,517453.0,-0.02349373596278448,20.709999084472656,0QP2.LON,0QP2.LON
2023-02-10,430.9,435.7,427.8,430.6735,62909.0,-0.008662251600750959,20.530000686645508,0QP2.LON,0QP2.LON
2023-02-13,433.0,438.3,431.2,432.7931,104390.0,0.004921593736322283,20.34000015258789,0QP2.LON,0QP2.LON
2023-02-14,436.8,440.6,436.8,438.2,13582.0,0.012493036510979438,18.90999984741211,0QP2.LON,0QP2.LON
2023-02-15,439.1,441.3,436.7,440.5,125800.0,0.005248744865358201,18.229999542236328,0QP2.LON,0QP2.LON
2023-02-16,438.3,445.3,437.7,440.7,17867.0,0.00045402951191819696,20.170000076293945,0QP2.LON,0QP2.LON
2023-02-17,438.5,441.2,436.3,440.5,71724.0,-0.00045382346267297535,20.020000457763672,0QP2.LON,0QP2.LON
2023-02-20,442.9,442.9,439.0,440.1326,31452.0,-0.0008340522133938322,,0QP2.LON,0QP2.LON
2023-02-21,439.1,442.8,438.3,441.2628,12247.0,0.002567862503254803,22.8700008392334,0QP2.LON,0QP2.LON
2023-02-22,441.0,442.8,436.8,442.049,583649.0,0.0017817046893595645,22.290000915527344,0QP2.LON,0QP2.LON
2023-02-23,443.0,445.2,440.5,444.46,42078.0,0.005454146486022937,21.139999389648438,0QP2.LON,0QP2.LON
2023-02-24,443.0,445.6,441.5,444.8,23313.0,0.00076497322593716,21.670000076293945,0QP2.LON,0QP2.LON
2023-02-27,444.2,449.8,444.2,447.2673,35760.0,0.0055469874100717576,20.950000762939453,0QP2.LON,0QP2.LON
2023-02-28,445.4,450.4,445.4,446.4846,466485.0,-0.0017499602586640295,20.700000762939453,0QP2.LON,0QP2.LON
2023-03-01,445.8,449.7,445.8,446.6105,62940.0,0.0002819806103053768,20.579999923706055,0QP2.LON,0QP2.LON
2023-03-02,444.7,449.8,443.6,449.5,41214.0,0.0064698434094137,19.59000015258789,0QP2.LON,0QP2.LON
2023-03-03,444.7,444.7,438.0,440.4935,52157.0,-0.020036707452725233,18.489999771118164,0QP2.LON,0QP2.LON
2023-03-06,443.2,446.1,442.2,444.8979,33555.0,0.009998785453133818,18.610000610351562,0QP2.LON,0QP2.LON
2023-03-07,445.3,445.3,443.2,444.5222,47679.0,-0.0008444634150891472,19.59000015258789,0QP2.LON,0QP2.LON
2023-03-08,447.3,448.0,443.6,445.9844,17012.0,0.00328937452392708,19.110000610351562,0QP2.LON,0QP2.LON
2023-03-09,446.2,450.5,446.2,446.6608,115825.0,0.0015166449768198031,22.610000610351562,0QP2.LON,0QP2.LON
2023-03-10,442.0,442.6,428.8,432.4255,64697.0,-0.03187049322438862,24.799999237060547,0QP2.LON,0QP2.LON
2023-03-13,432.6,432.6,419.0,423.4604,38973.0,-0.020732126111896787,26.520000457763672,0QP2.LON,0QP2.LON
2023-03-14,423.5,424.5,416.8166,420.4502,807319.0,-0.00710857496946582,23.729999542236328,0QP2.LON,0QP2.LON
2023-03-15,417.9,417.9,399.5,403.3961,110785.0,-0.040561521911512965,26.139999389648438,0QP2.LON,0QP2.LON
2023-03-16,409.6,410.2,395.0,405.4238,290703.0,0.005026573137420165,22.989999771118164,0QP2.LON,0QP2.LON
2023-03-17,412.9,416.3,401.1,401.5591,97344.0,-0.009532494145632397,25.510000228881836,0QP2.LON,0QP2.LON
2023-03-20,404.1,414.7,393.0,409.4481,135146.0,0.01964592509545926,24.149999618530273,0QP2.LON,0QP2.LON
2023-03-21,418.0,424.2851,413.4,421.805,97027.0,0.030179404911147456,21.3799991607666,0QP2.LON,0QP2.LON
2023-03-22,421.5,424.6,420.5,420.5,91090.0,-0.003093846682708845,22.260000228881836,0QP2.LON,0QP2.LON
2023-03-23,420.1,421.3,415.8,419.3905,113208.0,-0.0026385255648038175,22.610000610351562,0QP2.LON,0QP2.LON
2023-03-24,420.1,421.6,409.9,417.1181,137530.0,-0.005418339232767466,21.739999771118164,0QP2.LON,0QP2.LON
2023-03-27,426.2,426.7,417.4,421.8854,65505.0,0.011429137215575036,20.600000381469727,0QP2.LON,0QP2.LON
2023-03-28,425.8,427.3,419.3,424.9363,150997.0,0.007231584691008486,19.969999313354492,0QP2.LON,0QP2.LON
2023-03-29,426.0,435.6,425.0,431.4431,44906.0,0.015312412707504608,19.1200008392334,0QP2.LON,0QP2.LON
2023-03-30,433.8,438.2,432.9,436.2,52943.0,0.011025555861247982,19.020000457763672,0QP2.LON,0QP2.LON
2023-03-31,438.5,438.8,434.9,437.7,85726.0,0.003438789546079679,18.700000762939453,0QP2.LON,0QP2.LON
2023-04-03,438.9,438.9,431.7,431.9,366350.0,-0.013251085218185965,18.549999237060547,0QP2.LON,0QP2.LON
2023-04-04,437.0,444.4,437.0,440.012,307903.0,0.01878212549201219,19.0,0QP2.LON,0QP2.LON
2023-04-05,439.0,444.9,439.0,443.8693,218695.0,0.008766351826768437,19.079999923706055,0QP2.LON,0QP2.LON
2023-04-06,443.6,452.5,443.6,451.0651,384611.0,0.016211528934305663,18.399999618530273,0QP2.LON,0QP2.LON
2023-04-11,452.6,457.9,452.6,456.8879,245575.0,0.012909001383614171,19.100000381469727,0QP2.LON,0QP2.LON
2023-04-12,438.5,438.5,431.6,438.0,86107.0,-0.04134033753137256,19.09000015258789,0QP2.LON,0QP2.LON
2023-04-13,432.0,433.0,427.0,430.4596,194859.0,-0.01721552511415525,17.799999237060547,0QP2.LON,0QP2.LON
2023-04-14,425.1,426.4,415.5,421.7972,116521.0,-0.02012360741867536,17.06999969482422,0QP2.LON,0QP2.LON
2023-04-17,416.8,423.2052,414.7,421.7,460404.0,-0.00023044249701043018,16.950000762939453,0QP2.LON,0QP2.LON
2023-04-18,418.05,420.3,416.6,418.5201,473117.0,-0.007540668721840116,16.829999923706055,0QP2.LON,0QP2.LON
2023-04-19,420.5,428.5,419.662,424.608,291428.0,0.014546254767692224,16.459999084472656,0QP2.LON,0QP2.LON
2023-04-20,429.2,433.4,428.4,433.165,258358.0,0.0201527055542996,17.170000076293945,0QP2.LON,0QP2.LON
2023-04-21,429.4,434.6,429.4,430.7431,19984.0,-0.0055911719552594885,16.770000457763672,0QP2.LON,0QP2.LON
2023-04-24,432.7,433.774,430.2,433.774,392550.0,0.007036444692903876,16.889999389648438,0QP2.LON,0QP2.LON
2023-04-25,429.1,433.3,426.95,429.0906,247808.0,-0.010796866571071595,18.760000228881836,0QP2.LON,0QP2.LON
2023-04-26,427.25,429.6,425.4,426.3362,281981.0,-0.006419157166342004,18.84000015258789,0QP2.LON,0QP2.LON
2023-04-27,426.65,428.1,422.2,425.2425,281390.0,-0.0025653463158887835,17.030000686645508,0QP2.LON,0QP2.LON
2023-04-28,426.15,432.3,425.2,430.8482,40867.0,0.013182360653039238,15.779999732971191,0QP2.LON,0QP2.LON
2023-05-02,431.85,432.6,425.1143,428.1,22524.0,-0.006378580669479383,17.780000686645508,0QP2.LON,0QP2.LON
2023-05-03,426.25,428.6,424.2,425.35,86721.0,-0.006423732772716684,18.34000015258789,0QP2.LON,0QP2.LON
2023-05-04,425.5,429.4,422.0,425.5179,22928.0,0.00039473374867760036,20.09000015258789,0QP2.LON,0QP2.LON
2023-05-05,429.2,430.0,426.0,427.9,96497.0,0.0055981193740615165,17.190000534057617,0QP2.LON,0QP2.LON
2023-05-09,432.9,432.9,429.8,431.7588,42179.0,0.009017994858611988,17.709999084472656,0QP2.LON,0QP2.LON
2023-05-10,433.4,433.4,425.3,432.3651,72045.0,0.001404256265303605,16.940000534057617,0QP2.LON,0QP2.LON
2023-05-11,424.2,429.4,424.2,427.6218,177728.0,-0.010970589439341816,16.93000030517578,0QP2.LON,0QP2.LON
2023-05-12,429.8,429.8,424.1339,427.1359,33051.0,-0.0011362844457415422,17.030000686645508,0QP2.LON,0QP2.LON
2023-05-15,429.5,430.7,428.8,430.3538,256930.0,0.007533667856061799,17.1200008392334,0QP2.LON,0QP2.LON
2023-05-16,429.5,430.0,427.9,428.5714,32657.0,-0.004141708519827203,17.989999771118164,0QP2.LON,0QP2.LON
2023-05-17,425.0,425.0,414.3,419.4443,502902.0,-0.021296568086437873,16.8700008392334,0QP2.LON,0QP2.LON
2023-05-19,420.5,430.3,420.0,421.7795,154147.0,0.005567366155649234,16.809999465942383,0QP2.LON,0QP2.LON
2023-05-22,428.1,429.6,427.4,428.4857,86689.0,0.01589977701618972,17.209999084472656,0QP2.LON,0QP2.LON
2023-05-23,427.3,432.9,427.3,431.8589,307413.0,0.00787237473735991,18.530000686645508,0QP2.LON,0QP2.LON
2023-05-24,428.7,430.0,420.4,422.6967,215414.0,-0.021215725784509698,20.030000686645508,0QP2.LON,0QP2.LON
2023-05-25,425.7,435.793,418.1,421.8099,224914.0,-0.0020979581813626025,19.139999389648438,0QP2.LON,0QP2.LON
2023-05-26,422.95,426.0,420.0,423.9724,19262.0,0.005126717035327966,17.950000762939453,0QP2.LON,0QP2.LON
2023-05-30,426.05,431.8,425.0,429.1279,59531.0,0.012159989659704218,17.459999084472656,0QP2.LON,0QP2.LON
2023-05-31,425.787,435.3,425.787,426.0852,997116.0,-0.007090426886716128,17.940000534057617,0QP2.LON,0QP2.LON
2023-06-01,429.0,429.0,424.6,425.7102,31642.0,-0.0008801056690070919,15.649999618530273,0QP2.LON,0QP2.LON
2023-06-02,430.25,432.7,427.7,432.3,85732.0,0.015479544535226042,14.600000381469727,0QP2.LON,0QP2.LON
2023-06-05,433.1,436.0,431.2,434.7,84213.0,0.005551700208188626,14.729999542236328,0QP2.LON,0QP2.LON
2023-06-06,431.6,435.8,431.6,432.875,53756.0,-0.004198297676558549,13.960000038146973,0QP2.LON,0QP2.LON
2023-06-07,432.5,434.0,428.8,430.245,42653.0,-0.0060756569448454645,13.9399995803833,0QP2.LON,0QP2.LON
2023-06-08,427.55,432.9,426.5,427.2359,83743.0,-0.006993922067659142,13.649999618530273,0QP2.LON,0QP2.LON
2023-06-09,428.5,428.5,424.6,426.0433,27263.0,-0.0027914320870507936,13.829999923706055,0QP2.LON,0QP2.LON
2023-06-12,429.8,429.8,426.2,426.8588,33232.0,0.0019141246910818754,15.010000228881836,0QP2.LON,0QP2.LON
2023-06-13,427.65,427.8,423.6,423.6,135402.0,-0.007634374645667297,14.609999656677246,0QP2.LON,0QP2.LON
2023-06-14,425.4,429.1,425.4,426.4642,664361.0,0.006761567516524902,13.880000114440918,0QP2.LON,0QP2.LON
2023-06-15,429.4,429.4,425.8,428.0428,93320.0,0.0037016002750054344,14.5,0QP2.LON,0QP2.LON
2023-06-16,430.05,438.2627,427.7,428.7429,475934.0,0.0016355841051409747,13.539999961853027,0QP2.LON,0QP2.LON
2023-06-19,430.35,431.7,427.2,428.0209,21257.0,-0.0016839929011069898,,0QP2.LON,0QP2.LON
2023-06-20,426.25,428.7,425.6,425.6,13003.0,-0.005656032217118301,13.880000114440918,0QP2.LON,0QP2.LON
2023-06-21,424.0,425.9641,421.515,421.6632,43380.0,-0.00924999999999998,13.199999809265137,0QP2.LON,0QP2.LON
2023-06-22,421.9,423.5,419.3,421.5,41838.0,-0.0003870387551012655,12.90999984741211,0QP2.LON,0QP2.LON
2023-06-23,420.5,425.9677,420.5,424.8,45297.0,0.007829181494662052,13.4399995803833,0QP2.LON,0QP2.LON
2023-06-26,421.3,425.0,421.1,424.4,103624.0,-0.0009416195856875031,14.25,0QP2.LON,0QP2.LON
2023-06-27,426.85,428.6,422.8,424.8899,39106.0,0.0011543355325165372,13.739999771118164,0QP2.LON,0QP2.LON
2023-06-28,427.35,436.56,422.0,423.3708,74570.0,-0.0035752791487866364,13.430000305175781,0QP2.LON,0QP2.LON
2023-06-29,421.5,423.6,420.2,422.1,41359.0,-0.0030016241082284623,13.539999961853027,0QP2.LON,0QP2.LON
2023-06-30,426.65,427.8,423.3,424.0583,39055.0,0.004639421937929322,13.59000015258789,0QP2.LON,0QP2.LON
2023-07-03,426.0,428.3,426.0,427.2394,76872.0,0.007501562874727474,13.569999694824219,0QP2.LON,0QP2.LON
2023-07-04,426.25,428.5,424.9,425.3425,20101.0,-0.004439899503650646,,0QP2.LON,0QP2.LON
2023-07-05,424.0,424.9,419.3,420.0792,36561.0,-0.012374263093859583,14.180000305175781,0QP2.LON,0QP2.LON
2023-07-06,419.75,421.0,412.8,415.6415,135706.0,-0.010563960319863508,15.4399995803833,0QP2.LON,0QP2.LON
2023-07-07,411.15,412.7,409.2,411.2165,35759.0,-0.010646193895460399,14.829999923706055,0QP2.LON,0QP2.LON
2023-07-10,410.05,413.6,409.2,411.5,45271.0,0.0006894178613940927,15.069999694824219,0QP2.LON,0QP2.LON
2023-07-11,409.1,409.6,404.5,405.2072,112595.0,-0.015292345078979364,14.84000015258789,0QP2.LON,0QP2.LON
2023-07-12,411.55,412.4,409.3,411.1733,25638.0,0.014723578455664077,13.539999961853027,0QP2.LON,0QP2.LON
2023-07-13,410.65,413.2,408.9549,410.141,291520.0,-0.0025106202178010184,13.609999656677246,0QP2.LON,0QP2.LON
2023-07-14,409.0,424.564,407.7,409.841,136046.0,-0.0007314557676506572,13.34000015258789,0QP2.LON,0QP2.LON
2023-07-17,411.6,411.6,407.1,408.362,45176.0,-0.0036087165510526598,13.479999542236328,0QP2.LON,0QP2.LON
2023-07-18,407.3,410.2,407.3,408.8,17899.0,0.0010725777618876275,13.300000190734863,0QP2.LON,0QP2.LON
2023-07-19,409.9,413.6,409.9,412.4868,59813.0,0.009018590998043141,13.760000228881836,0QP2.LON,0QP2.LON
2023-07-20,420.0,420.2,413.7,417.6421,74129.0,0.012498096908797995,13.989999771118164,0QP2.LON,0QP2.LON
2023-07-21,422.15,425.8286,420.5,423.7231,68932.0,0.014560313723161356,13.600000381469727,0QP2.LON,0QP2.LON
2023-07-24,424.2,426.0,421.5,421.9034,24917.0,-0.004294549907710943,13.90999984741211,0QP2.LON,0QP2.LON
2023-07-25,422.85,423.7,421.9,422.7462,98474.0,0.001997613671755216,13.859999656677246,0QP2.LON,0QP2.LON
2023-07-26,424.4,427.2,421.2,424.1364,170184.0,0.0032884979214478083,13.1899995803833,0QP2.LON,0QP2.LON
2023-07-27,423.5,427.6,423.5,423.9333,58783.0,-0.0004788553870878065,14.40999984741211,0QP2.LON,0QP2.LON
2023-07-28,428.2,429.3,426.6,427.1,52070.0,0.007469807160702002,13.329999923706055,0QP2.LON,0QP2.LON
2023-07-31,426.35,426.7,420.7,422.8,53191.0,-0.01006789978927658,13.630000114440918,0QP2.LON,0QP2.LON
2023-08-02,417.0,419.4,414.5,415.6053,40057.0,-0.017016792809839143,16.09000015258789,0QP2.LON,0QP2.LON
2023-08-03,414.75,417.2,411.8,413.4,74327.0,-0.005306236470035475,15.920000076293945,0QP2.LON,0QP2.LON
2023-08-04,414.25,417.2,413.4,416.0461,20894.0,0.006400822447992338,17.100000381469727,0QP2.LON,0QP2.LON
2023-08-07,416.4,418.9,415.9,417.2854,21945.0,0.002978756440692454,15.770000457763672,0QP2.LON,0QP2.LON
2023-08-08,416.5,420.9,415.2,417.1,60434.0,-0.0004443002319275413,15.989999771118164,0QP2.LON,0QP2.LON
2023-08-09,419.85,422.8,418.7,420.4797,33039.0,0.008102853032845747,15.960000038146973,0QP2.LON,0QP2.LON
2023-08-10,424.3,432.9,418.1,429.6711,123583.0,0.021859319248943576,15.850000381469727,0QP2.LON,0QP2.LON
2023-08-11,420.9,421.8,413.3,414.4622,65298.0,-0.03539660917385423,14.84000015258789,0QP2.LON,0QP2.LON
2023-08-14,413.7,416.2,410.4,414.9992,36511.0,0.0012956549475440227,14.819999694824219,0QP2.LON,0QP2.LON
2023-08-15,414.45,414.7,409.7,410.2798,42444.0,-0.011372070114833877,16.459999084472656,0QP2.LON,0QP2.LON
2023-08-16,410.45,413.1,408.6,409.2976,38724.0,-0.0023939760134426002,16.780000686645508,0QP2.LON,0QP2.LON
2023-08-17,410.15,411.6,407.4,407.6611,39957.0,-0.003998313207797977,17.889999389648438,0QP2.LON,0QP2.LON
2023-08-18,406.55,407.1,402.2,405.607,52003.0,-0.005038744192173206,17.299999237060547,0QP2.LON,0QP2.LON
2023-08-21,405.3,409.3,405.0,408.4408,32275.0,0.006986565813706269,17.1299991607666,0QP2.LON,0QP2.LON
2023-08-22,407.65,408.6,404.9,405.3405,24965.0,-0.007590573713497806,16.969999313354492,0QP2.LON,0QP2.LON
2023-08-23,406.05,408.1,405.0,406.6,22398.0,0.0031072641396554523,15.979999542236328,0QP2.LON,0QP2.LON
2023-08-24,408.7,409.8,404.0873,406.9,5544.0,0.0007378258730939002,17.200000762939453,0QP2.LON,0QP2.LON
2023-08-25,407.75,410.3,406.4,407.3949,16563.0,0.0012162693536497127,15.680000305175781,0QP2.LON,0QP2.LON
2023-08-29,411.45,414.2,411.1,412.6663,34454.0,0.012939288145236816,14.449999809265137,0QP2.LON,0QP2.LON
2023-08-30,413.5,414.9,412.1,412.9,22643.0,0.0005663171429313163,13.880000114440918,0QP2.LON,0QP2.LON
2023-08-31,413.4,418.1,413.4,415.0395,101240.0,0.005181642044078449,13.569999694824219,0QP2.LON,0QP2.LON
2023-09-01,414.15,417.4,414.0,415.8921,8820.0,0.002054262305154264,13.09000015258789,0QP2.LON,0QP2.LON
2023-09-04,416.9,418.3,412.1,418.1836,47196.0,0.005509842576956858,,0QP2.LON,0QP2.LON
2023-09-05,411.15,415.2,410.3,413.5827,64714.0,-0.011002105295377484,14.010000228881836,0QP2.LON,0QP2.LON
2023-09-06,411.35,413.7,406.0,408.8379,51066.0,-0.01147243344559623,14.449999809265137,0QP2.LON,0QP2.LON
2023-09-07,413.7,416.0,412.1,415.2768,36612.0,0.015749273734162017,14.399999618530273,0QP2.LON,0QP2.LON
2023-09-08,414.15,415.1,409.6,411.1685,40049.0,-0.009892919614098328,13.84000015258789,0QP2.LON,0QP2.LON
2023-09-11,413.3,414.6831,411.4,414.0295,26124.0,0.006958217859587945,13.800000190734863,0QP2.LON,0QP2.LON
2023-09-12,415.15,418.8,415.0,417.5,234173.0,0.0083822529554054,14.229999542236328,0QP2.LON,0QP2.LON
2023-09-13,417.5,419.1,414.4,417.6418,55977.0,0.00033964071856273925,13.479999542236328,0QP2.LON,0QP2.LON
2023-09-14,418.75,424.0,417.1,423.8848,70495.0,0.014948216390217706,12.819999694824219,0QP2.LON,0QP2.LON
2023-09-15,425.1,428.7,423.8,425.9401,586785.0,0.0048487230492813005,13.789999961853027,0QP2.LON,0QP2.LON
2023-09-18,426.25,428.1,425.4,426.3854,35943.0,0.0010454521656919624,14.0,0QP2.LON,0QP2.LON
2023-09-19,427.75,432.0,426.7,428.5643,57231.0,0.005110165591973859,14.109999656677246,0QP2.LON,0QP2.LON
2023-09-20,428.1,430.6,425.9,429.7354,53141.0,0.0027326121191149078,15.140000343322754,0QP2.LON,0QP2.LON
2023-09-21,426.6866,432.3,426.6866,426.6866,157783.0,-0.0070945982108991945,17.540000915527344,0QP2.LON,0QP2.LON
2023-09-22,428.2,429.0,426.2,426.9,76301.0,0.0005001328844167485,17.200000762939453,0QP2.LON,0QP2.LON
2023-09-25,425.3,426.9,422.2,425.1754,277937.0,-0.004039821972358748,16.899999618530273,0QP2.LON,0QP2.LON
2023-09-26,419.75,423.6,418.9,419.8,90894.0,-0.012642782249396411,18.940000534057617,0QP2.LON,0QP2.LON
2023-09-27,422.55,423.2,419.237,419.3,25433.0,-0.0011910433539781273,18.219999313354492,0QP2.LON,0QP2.LON
2023-09-28,421.0,421.0,415.5916,420.3935,31760.0,0.002607917958502348,17.34000015258789,0QP2.LON,0QP2.LON
2023-09-29,420.8,423.1,417.3,419.3531,37291.0,-0.002474824182581381,17.520000457763672,0QP2.LON,0QP2.LON
2023-10-02,420.5,423.1,412.0,412.8381,87049.0,-0.01553583364472566,17.610000610351562,0QP2.LON,0QP2.LON
2023-10-03,413.5,415.0,410.4,411.7214,41369.0,-0.0027049344525129637,19.780000686645508,0QP2.LON,0QP2.LON
2023-10-04,410.35,411.9,407.7,410.3708,83096.0,-0.003280373573003592,18.579999923706055,0QP2.LON,0QP2.LON
2023-10-05,411.25,413.4,409.8,411.3,80414.0,0.002264293658320815,18.489999771118164,0QP2.LON,0QP2.LON
2023-10-06,413.4,419.0,409.9,418.533,46506.0,0.01758570386579139,17.450000762939453,0QP2.LON,0QP2.LON
2023-10-09,416.5,421.6,414.5,417.128,80561.0,-0.0033569634891394973,17.700000762939453,0QP2.LON,0QP2.LON
2023-10-10,422.15,427.5,415.4278,415.4278,33145.0,-0.004075967089238741,17.030000686645508,0QP2.LON,0QP2.LON
2023-10-11,424.1,428.4,423.3,426.0,54025.0,0.02544894684467436,16.09000015258789,0QP2.LON,0QP2.LON
2023-10-12,427.45,427.9,425.6,426.3604,42466.0,0.0008460093896713872,16.690000534057617,0QP2.LON,0QP2.LON
2023-10-13,427.05,429.0,425.0,428.0358,18143.0,0.003929539422516726,19.31999969482422,0QP2.LON,0QP2.LON
2023-10-16,429.0,431.6,425.1,427.7,40146.0,-0.0007845138187039247,17.209999084472656,0QP2.LON,0QP2.LON
2023-10-17,428.3,432.0,424.9,431.1,28254.0,0.007949497311199538,17.8799991607666,0QP2.LON,0QP2.LON
2023-10-18,431.45,435.3,428.4,429.4,28002.0,-0.003943400603108382,19.219999313354492,0QP2.LON,0QP2.LON
2023-10-19,428.3,432.9,424.4,425.6361,55274.0,-0.008765486725663685,21.399999618530273,0QP2.LON,0QP2.LON
2023-10-20,422.05,428.1,416.9,417.1166,34605.0,-0.020015924401149188,21.709999084472656,0QP2.LON,0QP2.LON
2023-10-23,418.05,418.9,415.0,415.7,61500.0,-0.003396172676896625,20.3700008392334,0QP2.LON,0QP2.LON
2023-10-24,419.45,420.6526,417.0,419.9167,54057.0,0.01014361318258361,18.969999313354492,0QP2.LON,0QP2.LON
2023-10-25,420.0,426.4426,417.5,426.4426,54359.0,0.015540939429177447,20.190000534057617,0QP2.LON,0QP2.LON
2023-10-26,425.0,427.3,421.4,425.8,66231.0,-0.001506885100128419,20.68000030517578,0QP2.LON,0QP2.LON
2023-10-27,425.6,429.3,423.3,424.4,70783.0,-0.0032879286049789513,21.270000457763672,0QP2.LON,0QP2.LON
2023-10-30,424.2,428.7,421.0,428.2,75163.0,0.008953817153628751,19.75,0QP2.LON,0QP2.LON
2023-10-31,429.2,432.6,425.5,430.6645,79960.0,0.0057554880896777405,18.139999389648438,0QP2.LON,0QP2.LON
2023-11-01,432.3,438.4,425.5,438.2,53079.0,0.017497379050281703,16.8700008392334,0QP2.LON,0QP2.LON
2023-11-02,436.7,439.8,433.9,438.4342,36180.0,0.0005344591510725305,15.65999984741211,0QP2.LON,0QP2.LON
2023-11-03,438.55,441.4,435.6,437.3746,50788.0,-0.002416782267441686,14.90999984741211,0QP2.LON,0QP2.LON
2023-11-06,436.3,440.7,433.4,435.1,58712.0,-0.0052005763480549305,14.890000343322754,0QP2.LON,0QP2.LON
2023-11-07,434.55,438.0,432.4,434.2,40871.0,-0.002068490002298362,14.8100004196167,0QP2.LON,0QP2.LON
2023-11-08,430.85,436.1,428.5,428.9865,52664.0,-0.01200713956701982,14.449999809265137,0QP2.LON,0QP2.LON
2023-11-09,434.05,435.4,429.9,433.8868,54339.0,0.01142297018670746,15.289999961853027,0QP2.LON,0QP2.LON
2023-11-10,432.6,436.2,429.6,432.1229,77558.0,-0.004065346076442045,14.170000076293945,0QP2.LON,0QP2.LON
2023-11-13,431.35,434.487,431.0,434.4651,134336.0,0.005420217257636528,14.760000228881836,0QP2.LON,0QP2.LON
2023-11-14,436.3,437.7,431.4,435.0287,107483.0,0.0012972273261995237,14.15999984741211,0QP2.LON,0QP2.LON
2023-11-15,435.35,438.2,431.2,435.5,45690.0,0.0010833767978986053,14.180000305175781,0QP2.LON,0QP2.LON
2023-11-16,429.8,432.5,426.0,429.6901,68454.0,-0.013340757749712995,14.319999694824219,0QP2.LON,0QP2.LON
2023-11-17,431.85,438.1,427.6,435.6836,46203.0,0.013948424690259476,13.800000190734863,0QP2.LON,0QP2.LON
2023-11-20,437.1,439.6,433.7,436.1,68760.0,0.0009557394402728292,13.40999984741211,0QP2.LON,0QP2.LON
2023-11-21,432.4,438.4,430.0,432.8157,42816.0,-0.007531070855308464,13.350000381469727,0QP2.LON,0QP2.LON
2023-11-22,434.35,436.6,430.4,433.2479,26387.0,0.0009985774545608894,12.850000381469727,0QP2.LON,0QP2.LON
2023-11-23,431.85,434.5,429.4,431.4133,103986.0,-0.004234527161008805,,0QP2.LON,0QP2.LON
2023-11-24,433.8,437.4,433.0,435.5706,11814.0,0.009636466933216958,12.460000038146973,0QP2.LON,0QP2.LON
2023-11-27,435.55,438.3,432.6,435.8706,49627.0,0.0006887517201574767,12.6899995803833,0QP2.LON,0QP2.LON
2023-11-28,434.05,437.8,430.8,434.987,15509.0,-0.0020272071573536055,12.6899995803833,0QP2.LON,0QP2.LON
2023-11-29,433.4,438.1,430.1,434.6683,40690.0,-0.0007326655739138266,12.979999542236328,0QP2.LON,0QP2.LON
2023-11-30,435.15,438.0,433.7,437.5071,115280.0,0.006530957053918929,12.920000076293945,0QP2.LON,0QP2.LON
2023-12-01,439.65,442.3,435.2,438.7,47726.0,0.002726584322860104,12.630000114440918,0QP2.LON,0QP2.LON
2023-12-04,439.55,441.3,435.9,440.9117,948087.0,0.005041486209254709,13.079999923706055,0QP2.LON,0QP2.LON
2023-12-05,439.65,444.4,438.7,440.8,97347.0,-0.0002533387070472459,12.850000381469727,0QP2.LON,0QP2.LON
2023-12-06,444.7,448.7,441.7,447.0894,48465.0,0.014268148820326676,12.970000267028809,0QP2.LON,0QP2.LON
2023-12-07,447.25,450.7,444.3,450.2,67176.0,0.00695744519999808,13.0600004196167,0QP2.LON,0QP2.LON
2023-12-08,449.6,453.0,446.9,449.4081,107715.0,-0.0017589960017769801,12.350000381469727,0QP2.LON,0QP2.LON
2023-12-11,450.15,453.4,443.7,448.1683,89787.0,-0.0027587397734931685,12.630000114440918,0QP2.LON,0QP2.LON
2023-12-12,449.5,452.4,446.8,452.4,42026.0,0.009442211776245601,12.069999694824219,0QP2.LON,0QP2.LON
2023-12-13,451.65,455.7,448.6,453.247,86387.0,0.0018722369584438514,12.1899995803833,0QP2.LON,0QP2.LON
2023-12-14,449.9,456.5,444.0,449.6404,107866.0,-0.007957250682299133,12.479999542236328,0QP2.LON,0QP2.LON
2023-12-15,445.3,447.0,442.4,445.5445,928828.0,-0.009109279326323771,12.279999732971191,0QP2.LON,0QP2.LON
2023-12-18,444.5,447.8,433.7,446.0344,787737.0,0.0010995534677231689,12.5600004196167,0QP2.LON,0QP2.LON
2023-12-19,443.65,444.4,442.1,443.4,158257.0,-0.005906270906459343,12.529999732971191,0QP2.LON,0QP2.LON
2023-12-20,443.75,446.7,440.7,443.9,62973.0,0.001127649977447076,13.670000076293945,0QP2.LON,0QP2.LON
2023-12-21,443.05,445.5,439.3,440.4,27749.0,-0.007884658706916015,13.649999618530273,0QP2.LON,0QP2.LON
2023-12-22,441.1,443.9,437.7,442.0177,28863.0,0.003673251589464188,13.029999732971191,0QP2.LON,0QP2.LON
2023-12-27,441.1,443.8,437.9,438.6,19773.0,-0.007732043309577774,12.430000305175781,0QP2.LON,0QP2.LON
2023-12-28,439.35,441.2,435.7967,436.9263,24095.0,-0.003816005471956263,12.470000267028809,0QP2.LON,0QP2.LON
2023-12-29,437.9,441.9,433.1,439.3,15611.0,0.0054327240086027295,12.449999809265137,0QP2.LON,0QP2.LON
2024-01-03,446.15,447.7,441.7,445.7,49401.0,0.014568631914409158,14.039999961853027,0QP2.LON,0QP2.LON
2024-01-04,440.3,445.9,430.0,438.5189,59673.0,-0.01611195871662552,14.130000114440918,0QP2.LON,0QP2.LON
2024-01-05,438.05,439.7,433.2,437.6,53645.0,-0.00209546270411598,13.350000381469727,0QP2.LON,0QP2.LON
2024-01-08,437.6,438.6,435.3,437.1983,38491.0,-0.0009179616087751086,13.079999923706055,0QP2.LON,0QP2.LON
2024-01-09,438.05,439.7,434.5,438.4342,153670.0,0.0028268636909154488,12.760000228881836,0QP2.LON,0QP2.LON
2024-01-10,436.1,441.7,433.1,436.3736,82492.0,-0.004699907078416721,12.6899995803833,0QP2.LON,0QP2.LON
2024-01-11,437.8,440.0,432.8,432.8,143432.0,-0.008189313010686261,12.4399995803833,0QP2.LON,0QP2.LON
2024-01-12,436.0,439.4,430.2,436.9,79651.0,0.009473197781885379,12.699999809265137,0QP2.LON,0QP2.LON
2024-01-15,438.55,441.2,434.2,439.0,345528.0,0.004806591897459356,,0QP2.LON,0QP2.LON
2024-01-16,438.45,442.4,436.3,441.0245,51786.0,0.004611617312072935,13.84000015258789,0QP2.LON,0QP2.LON
2024-01-17,437.9,445.1,432.1,433.0,64169.0,-0.018195134283922942,14.789999961853027,0QP2.LON,0QP2.LON
2024-01-18,433.2,437.0,430.114,432.1953,22793.0,-0.0018584295612009694,14.130000114440918,0QP2.LON,0QP2.LON
2024-01-19,431.65,435.6,427.6,434.0396,305614.0,0.00426728379508079,13.300000190734863,0QP2.LON,0QP2.LON
2024-01-22,437.0,441.9,431.5,440.2845,25039.0,0.01438785769777673,13.1899995803833,0QP2.LON,0QP2.LON
2024-01-23,442.15,444.7,437.9,441.6,78995.0,0.0029878408165631143,12.550000190734863,0QP2.LON,0QP2.LON
2024-01-24,439.35,442.2,436.2,440.0373,39088.0,-0.0035387228260870263,13.140000343322754,0QP2.LON,0QP2.LON
2024-01-25,440.0,441.8552,439.4,441.8,42033.0,0.004005796781318294,13.449999809265137,0QP2.LON,0QP2.LON
2024-01-26,439.75,444.5,437.5,442.1446,40336.0,0.0007799909461294607,13.260000228881836,0QP2.LON,0QP2.LON
2024-01-29,443.35,446.2,440.0,443.8979,15334.0,0.003965444788876615,13.600000381469727,0QP2.LON,0QP2.LON
2024-01-30,438.55,446.7,436.3,437.7889,33769.0,-0.013762173689039758,13.3100004196167,0QP2.LON,0QP2.LON
2024-01-31,442.35,444.2,435.7,439.1,23618.0,0.002994822390426144,14.350000381469727,0QP2.LON,0QP2.LON
2024-02-01,436.9,437.6,431.7,437.5088,52789.0,-0.003623775905260751,13.880000114440918,0QP2.LON,0QP2.LON
2024-02-02,434.25,438.0159,429.8,436.6,16108.0,-0.0020772153611537947,13.850000381469727,0QP2.LON,0QP2.LON
2024-02-05,436.9,440.7137,435.6,440.3258,28503.0,0.00853366926248289,13.670000076293945,0QP2.LON,0QP2.LON
2024-02-06,441.5,443.4,438.7,439.855,24833.0,-0.0010692082998543517,13.0600004196167,0QP2.LON,0QP2.LON
2024-02-07,440.6,442.9,437.1,441.4662,37083.0,0.0036630253151606063,12.829999923706055,0QP2.LON,0QP2.LON
2024-02-08,438.95,444.1,432.6567,432.7,171387.0,-0.01985701283586383,12.789999961853027,0QP2.LON,0QP2.LON
2024-02-09,433.3,434.6,428.2,430.7538,19393.0,-0.004497804483475809,12.930000305175781,0QP2.LON,0QP2.LON
2024-02-12,433.3,435.9,427.3,431.6857,12724.0,0.0021634167823940675,13.930000305175781,0QP2.LON,0QP2.LON
2024-02-13,433.3,437.3,429.7,436.0822,72059.0,0.010184493023512209,15.850000381469727,0QP2.LON,0QP2.LON
2024-02-14,435.55,439.0,433.4,437.4,23755.0,0.0030219073376531735,14.380000114440918,0QP2.LON,0QP2.LON
2024-02-15,438.55,441.6,438.2,441.6,46643.0,0.009602194787380114,14.010000228881836,0QP2.LON,0QP2.LON
2024-02-16,441.4,444.8,438.9,441.4,214842.0,-0.00045289855072472296,14.239999771118164,0QP2.LON,0QP2.LON
2024-02-19,442.45,443.1,438.7,440.5,27592.0,-0.0020389669234254226,,0QP2.LON,0QP2.LON
2024-02-20,441.2,445.7,437.8,444.1612,18042.0,0.008311464245176037,15.420000076293945,0QP2.LON,0QP2.LON
2024-02-21,443.55,447.6,440.8,447.1,27386.0,0.006616516706096753,15.34000015258789,0QP2.LON,0QP2.LON
2024-02-22,452.1,461.5,444.4,460.3857,46576.0,0.029715276224558274,14.539999961853027,0QP2.LON,0QP2.LON
2024-02-23,459.65,463.7,459.2,460.9708,42143.0,0.0012708909073413377,13.75,0QP2.LON,0QP2.LON
2024-02-26,461.6,466.6,458.4,465.4382,38408.0,0.009691286302733193,13.739999771118164,0QP2.LON,0QP2.LON
2024-02-27,465.1,468.1,462.3,465.0,10725.0,-0.0009414783745725908,13.430000305175781,0QP2.LON,0QP2.LON
2024-02-28,468.6,471.3,467.1,470.4,136766.0,0.011612903225806326,13.84000015258789,0QP2.LON,0QP2.LON
2024-02-29,470.65,473.5,467.5,470.287,131596.0,-0.00024022108843535506,13.399999618530273,0QP2.LON,0QP2.LON
2024-03-01,472.0,474.9,466.7,468.0661,199053.0,-0.0047224354489917575,13.109999656677246,0QP2.LON,0QP2.LON
2024-03-04,467.45,467.5,462.2,463.4145,63495.0,-0.009937912615333722,13.489999771118164,0QP2.LON,0QP2.LON
2024-03-05,465.9,470.247,462.2,468.882,24179.0,0.01179829288897949,14.460000038146973,0QP2.LON,0QP2.LON
2024-03-06,469.6,474.3,467.1,472.576,5387.0,0.007878314799885766,14.5,0QP2.LON,0QP2.LON
2024-03-07,475.65,479.7,471.4,478.8943,61424.0,0.013369912987540644,14.4399995803833,0QP2.LON,0QP2.LON
2024-03-08,479.45,482.9,475.9,479.0282,273576.0,0.00027960240913293966,14.739999771118164,0QP2.LON,0QP2.LON
2024-03-11,477.5,482.7,475.0,482.7,432704.0,0.0076651019710320956,15.220000267028809,0QP2.LON,0QP2.LON
2024-03-12,483.05,485.9,479.8,481.6,74770.0,-0.002278848145846224,13.84000015258789,0QP2.LON,0QP2.LON
2024-03-13,485.6,488.9,482.3,487.2269,237893.0,0.011683762458471803,13.75,0QP2.LON,0QP2.LON
2024-03-14,486.35,490.3,483.7,486.7977,188361.0,-0.0008809037432045974,14.399999618530273,0QP2.LON,0QP2.LON
2024-03-15,486.05,490.9,483.6,485.6,57583.0,-0.0024603649524227444,14.40999984741211,0QP2.LON,0QP2.LON
2024-03-18,485.8,489.6,482.5,484.6985,385795.0,-0.0018564662273475863,14.329999923706055,0QP2.LON,0QP2.LON
2024-03-19,486.05,488.5,482.1,485.599,131228.0,0.0018578559661315275,13.819999694824219,0QP2.LON,0QP2.LON
2024-03-20,486.85,490.1,486.3,487.9133,182251.0,0.004765866486545534,13.039999961853027,0QP2.LON,0QP2.LON
2024-03-21,489.65,493.0,485.1,491.4556,58354.0,0.007260101333577129,12.920000076293945,0QP2.LON,0QP2.LON
2024-03-22,484.7,487.1,484.0,484.8,372734.0,-0.013542627248524619,13.0600004196167,0QP2.LON,0QP2.LON
2024-03-25,485.4,487.9,481.0,485.2,229976.0,0.0008250825082507518,13.1899995803833,0QP2.LON,0QP2.LON
2024-03-26,485.4,488.2,481.5,485.3029,50188.0,0.00021207749381702,13.239999771118164,0QP2.LON,0QP2.LON
2024-03-27,485.3,488.4,482.0,485.0,166057.0,-0.0006241462806012565,12.779999732971191,0QP2.LON,0QP2.LON
2024-03-28,484.2,488.0,480.7,486.3974,62804.0,0.0028812371134021575,13.010000228881836,0QP2.LON,0QP2.LON
2024-04-02,487.15,489.3,481.2,482.8811,221204.0,-0.00722927384069072,14.609999656677246,0QP2.LON,0QP2.LON
2024-04-03,482.15,482.8,477.0,478.3,634429.0,-0.009487014505227043,14.329999923706055,0QP2.LON,0QP2.LON
2024-04-04,478.55,482.3,475.1,479.0,818667.0,0.0014635166213672335,16.350000381469727,0QP2.LON,0QP2.LON
2024-04-05,475.85,481.9,470.3,473.1,520374.0,-0.012317327766179442,16.030000686645508,0QP2.LON,0QP2.LON
2024-04-08,474.25,477.4,470.7,476.2087,567304.0,0.006570915239906938,15.1899995803833,0QP2.LON,0QP2.LON
2024-04-09,474.85,478.3,469.7,470.8,189227.0,-0.01135783533564172,14.979999542236328,0QP2.LON,0QP2.LON
2024-04-10,472.7,475.5,467.2,471.4034,170425.0,0.0012816482582838074,15.800000190734863,0QP2.LON,0QP2.LON
2024-04-11,473.2,476.8,467.0,471.9,256237.0,0.0010534501872494495,14.90999984741211,0QP2.LON,0QP2.LON
2024-04-12,452.8,469.2,449.0,451.9,101811.0,-0.042381860563678764,17.309999465942383,0QP2.LON,0QP2.LON
2024-04-15,453.1,455.4,449.0,454.4999,379539.0,0.005753263996459479,19.229999542236328,0QP2.LON,0QP2.LON
2024-04-16,448.7,455.8,443.6,446.5551,24048.0,-0.01748031187685639,18.399999618530273,0QP2.LON,0QP2.LON
2024-04-17,447.35,454.0,442.9,445.655,560961.0,-0.0020156527156447446,18.209999084472656,0QP2.LON,0QP2.LON
2024-04-18,446.35,452.5,440.9,443.6059,210096.0,-0.004597951330064576,18.0,0QP2.LON,0QP2.LON
2024-04-19,441.6,448.4,438.2,442.5333,186876.0,-0.002417911934895378,18.709999084472656,0QP2.LON,0QP2.LON
2024-04-22,452.7,455.1,445.1,451.4451,147837.0,0.02013814553616644,16.940000534057617,0QP2.LON,0QP2.LON
2024-04-23,451.05,454.2,447.5,453.8,208338.0,0.005216359641515567,15.6899995803833,0QP2.LON,0QP2.LON
2024-04-24,453.4,456.9,446.2826,446.3446,203908.0,-0.01642882327016304,15.970000267028809,0QP2.LON,0QP2.LON
2024-04-25,447.05,447.604,440.5,442.7701,94157.0,-0.00800838634543799,15.369999885559082,0QP2.LON,0QP2.LON
2024-04-26,445.5,448.7,437.9,440.6566,18285.0,-0.004773357550566293,15.029999732971191,0QP2.LON,0QP2.LON
2024-04-29,443.05,445.1,441.3,444.5,8358.0,0.008721984420521522,14.670000076293945,0QP2.LON,0QP2.LON
2024-04-30,445.5,446.8,437.5,444.5484,53823.0,0.00010888638920136806,15.649999618530273,0QP2.LON,0QP2.LON
2024-05-01,444.2,444.2,444.2,444.2,495.0,-0.0007837166886666136,15.390000343322754,0QP2.LON,0QP2.LON
2024-05-02,444.5,447.3,440.5,442.375,25748.0,-0.004108509680324168,14.680000305175781,0QP2.LON,0QP2.LON
2024-05-03,442.15,442.7,437.5,438.465,28500.0,-0.008838654987284644,13.489999771118164,0QP2.LON,0QP2.LON
2024-05-07,446.55,452.0,446.5,451.9,82882.0,0.030640986167653095,13.229999542236328,0QP2.LON,0QP2.LON
2024-05-08,452.8,457.3,451.6,455.5088,75556.0,0.007985837574684629,13.0,0QP2.LON,0QP2.LON
2024-05-10,458.15,459.0,455.3,457.5,15292.0,0.004371375481659223,12.550000190734863,0QP2.LON,0QP2.LON
2024-05-13,459.15,462.0,453.4,455.1266,17895.0,-0.005187759562841565,13.600000381469727,0QP2.LON,0QP2.LON
2024-05-14,452.8,457.4,449.1,453.13,24845.0,-0.004386911246233471,13.420000076293945,0QP2.LON,0QP2.LON
2024-05-15,452.4,455.9,449.6,454.3473,41631.0,0.0026864255290977024,12.449999809265137,0QP2.LON,0QP2.LON
2024-05-16,457.0,469.5,456.0,462.18,40866.0,0.017239455368173173,12.420000076293945,0QP2.LON,0QP2.LON
2024-05-17,471.55,474.8,470.3,473.6,32459.0,0.02470898784023534,11.989999771118164,0QP2.LON,0QP2.LON
2024-05-21,470.45,474.1,466.3,472.7997,312596.0,-0.0016898226351352852,11.859999656677246,0QP2.LON,0QP2.LON
2024-05-22,470.75,475.9,467.1,471.3,13063.0,-0.0031719563273834295,12.289999961853027,0QP2.LON,0QP2.LON
2024-05-23,471.65,475.8,468.0,471.7,41713.0,0.0008487163165711298,12.770000457763672,0QP2.LON,0QP2.LON
2024-05-24,469.0,473.8,466.0,470.0,4964.0,-0.003603985584057612,11.930000305175781,0QP2.LON,0QP2.LON
2024-05-28,472.7,473.9,467.7,468.7,27652.0,-0.00276595744680852,12.920000076293945,0QP2.LON,0QP2.LON
2024-05-29,468.4,471.4,465.3,468.2,41419.0,-0.0010667804565820393,14.279999732971191,0QP2.LON,0QP2.LON
2024-05-30,469.9,471.2,466.4,468.7,34773.0,0.0010679196924390233,14.470000267028809,0QP2.LON,0QP2.LON
2024-05-31,470.85,473.8,466.2,473.7,13246.0,0.010667804565820393,12.920000076293945,0QP2.LON,0QP2.LON
2024-06-03,475.15,478.0,466.2,475.0,69280.0,0.0027443529660122756,13.109999656677246,0QP2.LON,0QP2.LON
2024-06-04,473.5,474.4,468.2,470.3,5812.0,-0.00989473684210529,13.15999984741211,0QP2.LON,0QP2.LON
2024-06-05,472.2,475.7,467.8,474.6,60315.0,0.009143100148841121,12.630000114440918,0QP2.LON,0QP2.LON
2024-06-06,473.5,479.9,470.8,476.2809,11890.0,0.003541719342604166,12.579999923706055,0QP2.LON,0QP2.LON
2024-06-07,478.95,482.4,475.8,479.6,5856.0,0.00696878669709422,12.220000267028809,0QP2.LON,0QP2.LON
2024-06-10,478.15,482.1,475.2,476.4,4199.0,-0.006672226855713226,12.739999771118164,0QP2.LON,0QP2.LON
2024-06-11,476.3,479.3,469.9,470.6365,92040.0,-0.012098026868177958,12.850000381469727,0QP2.LON,0QP2.LON
2024-06-12,470.85,474.8,467.7,474.3,220812.0,0.0077841391392294845,12.039999961853027,0QP2.LON,0QP2.LON
2024-06-13,474.75,475.3,471.8,472.9,5445.0,-0.002951718321737351,11.9399995803833,0QP2.LON,0QP2.LON
2024-06-14,473.9,474.1,466.8,470.9,24951.0,-0.004229223937407434,12.65999984741211,0QP2.LON,0QP2.LON
2024-06-17,472.0,475.8,471.6,471.6,54413.0,0.0014865151836909174,12.75,0QP2.LON,0QP2.LON
2024-06-18,475.75,479.7,475.7,479.6,18283.0,0.016963528413910023,12.300000190734863,0QP2.LON,0QP2.LON
2024-06-19,479.85,483.7,479.5,482.7,82194.0,0.006463719766472087,,0QP2.LON,0QP2.LON
2024-06-20,482.45,486.0,479.6,484.9,312119.0,0.004557696291692448,13.279999732971191,0QP2.LON,0QP2.LON
2024-06-21,486.25,489.7,481.6,482.8,37367.0,-0.004330789853577932,13.199999809265137,0QP2.LON,0QP2.LON
2024-06-24,482.55,488.2,479.7,486.539,1870.0,0.007744407622203742,13.329999923706055,0QP2.LON,0QP2.LON
2024-06-25,487.65,490.9,483.7,485.5,5094.0,-0.0021354917077561764,12.84000015258789,0QP2.LON,0QP2.LON
2024-06-26,486.15,487.0,479.3,480.2,2843.0,-0.010916580844490209,12.550000190734863,0QP2.LON,0QP2.LON
2024-06-27,484.1,486.9,480.1,480.4403,4950.0,0.0005004164931279309,12.239999771118164,0QP2.LON,0QP2.LON
2024-06-28,482.05,485.2,477.8,479.1,2124.0,-0.0027897326681378676,12.4399995803833,0QP2.LON,0QP2.LON
2024-07-01,484.8,486.7,475.9,482.8,63557.0,0.0077228136088498545,12.220000267028809,0QP2.LON,0QP2.LON
2024-07-02,479.85,485.9,474.1,476.8,10135.0,-0.012427506213753103,12.029999732971191,0QP2.LON,0QP2.LON
2024-07-03,477.2,480.9,470.3,477.5,57369.0,0.0014681208053690664,12.09000015258789,0QP2.LON,0QP2.LON
2024-07-04,474.35,477.7,470.2,476.0,2012.0,-0.003141361256544517,,0QP2.LON,0QP2.LON
2024-07-05,475.35,478.8,469.6,471.0,21620.0,-0.010504201680672232,12.479999542236328,0QP2.LON,0QP2.LON
2024-07-08,472.1,478.8,469.6,475.5,40311.0,0.009554140127388644,12.369999885559082,0QP2.LON,0QP2.LON
2024-07-09,474.35,479.0,468.6,477.5,79338.0,0.004206098843322792,12.510000228881836,0QP2.LON,0QP2.LON
2024-07-10,476.3,481.1,472.8,477.4,53703.0,-0.00020942408376967148,12.850000381469727,0QP2.LON,0QP2.LON
2024-07-11,481.8,486.5,477.2,481.0,3352.0,0.007540846250523758,12.920000076293945,0QP2.LON,0QP2.LON
2024-07-12,481.7,484.3,478.3,481.5,79274.0,0.0010395010395010118,12.460000038146973,0QP2.LON,0QP2.LON
2024-07-15,481.3,486.9,478.6,480.5,4626.0,-0.0020768431983385627,13.119999885559082,0QP2.LON,0QP2.LON
2024-07-16,479.75,483.6,472.6,476.0,11923.0,-0.009365244536940653,13.1899995803833,0QP2.LON,0QP2.LON
2024-07-17,474.65,479.2,472.2,472.6,5888.0,-0.0071428571428571175,14.479999542236328,0QP2.LON,0QP2.LON
2024-07-18,483.45,485.5,473.0,480.6,49697.0,0.016927634363097743,15.930000305175781,0QP2.LON,0QP2.LON
2024-07-19,478.55,482.3,471.3,477.1333,7549.0,-0.007213275072825653,16.520000457763672,0QP2.LON,0QP2.LON
2024-07-22,469.8,475.6,464.1,473.9,17345.0,-0.006776512978658222,14.90999984741211,0QP2.LON,0QP2.LON
2024-07-23,475.35,476.1,471.3,474.4637,19572.0,0.0011894914538932433,14.720000267028809,0QP2.LON,0QP2.LON
2024-07-24,473.4,476.1,471.8,476.0,1306.0,0.00323797162986339,18.040000915527344,0QP2.LON,0QP2.LON
2024-07-25,469.6,475.2,469.4,470.6,5641.0,-0.01134453781512601,18.459999084472656,0QP2.LON,0QP2.LON
2024-07-26,474.85,479.5,473.7,479.35,3709.0,0.018593285167870732,16.389999389648438,0QP2.LON,0QP2.LON
2024-07-29,481.1,482.1,477.6,478.8,691.0,-0.0011473870866799407,16.600000381469727,0QP2.LON,0QP2.LON
2024-07-30,479.05,485.3,478.8,479.0,23941.0,0.0004177109440266502,17.690000534057617,0QP2.LON,0QP2.LON
2024-07-31,482.05,498.3,480.2,483.2,2191.0,0.008768267223381976,16.360000610351562,0QP2.LON,0QP2.LON
2024-08-02,477.9,478.9,463.0,466.3,20693.0,-0.03497516556291391,23.389999389648438,0QP2.LON,0QP2.LON
2024-08-05,452.6,457.1,451.3,454.0,57578.0,-0.026377868325112575,38.56999969482422,0QP2.LON,0QP2.LON
2024-08-06,455.65,457.2,450.7,452.9037,231498.0,-0.0024147577092510364,27.709999084472656,0QP2.LON,0QP2.LON
2024-08-07,457.4,466.2,456.6,460.2288,11890.0,0.016173636912217626,27.850000381469727,0QP2.LON,0QP2.LON
2024-08-08,456.3,460.7,448.5,453.7,20708.0,-0.014185987491439067,23.790000915527344,0QP2.LON,0QP2.LON
2024-08-09,461.3,465.4,460.6,461.65,2654.0,0.017522592021159245,20.3700008392334,0QP2.LON,0QP2.LON
2024-08-12,464.1,468.4,462.9,465.7545,53760.0,0.008890934690783059,20.709999084472656,0QP2.LON,0QP2.LON
2024-08-13,465.5,467.2,463.5,465.8527,37336.0,0.00021084068967658354,18.1200008392334,0QP2.LON,0QP2.LON
2024-08-14,469.2,473.9,468.1,470.8667,7683.0,0.010763058795194125,16.190000534057617,0QP2.LON,0QP2.LON
2024-08-15,476.2,480.3,474.0,477.3333,50547.0,0.013733398433144695,15.229999542236328,0QP2.LON,0QP2.LON
2024-08-16,480.6,482.5,478.8,481.2,63911.0,0.008100629057306463,14.800000190734863,0QP2.LON,0QP2.LON
2024-08-19,480.8,484.4,480.3,480.9,98810.0,-0.0006234413965087171,14.649999618530273,0QP2.LON,0QP2.LON
2024-08-20,483.55,484.5,481.1,482.3429,12685.0,0.0030004158868788267,15.880000114440918,0QP2.LON,0QP2.LON
2024-08-21,481.2,485.4,480.7,484.05,6263.0,0.00353918343153814,16.270000457763672,0QP2.LON,0QP2.LON
2024-08-22,484.2,488.1,484.1,486.6333,35313.0,0.005336845367214238,17.549999237060547,0QP2.LON,0QP2.LON
2024-08-23,485.7,489.3,484.8,487.72,1054.0,0.0022330983103704405,15.859999656677246,0QP2.LON,0QP2.LON
2024-08-27,487.75,489.8,487.6,489.0,4427.0,0.002624456655458074,15.430000305175781,0QP2.LON,0QP2.LON
2024-08-28,489.8,495.2,489.7,492.3,26621.0,0.006748466257668673,17.110000610351562,0QP2.LON,0QP2.LON
2024-08-29,493.75,494.5,491.3,492.4713,2309.0,0.000347958561852435,15.649999618530273,0QP2.LON,0QP2.LON
2024-08-30,493.35,494.4,491.3558,492.9788,12701.0,0.0010305169052491348,15.0,0QP2.LON,0QP2.LON
2024-09-02,492.5,496.0,491.9,494.8,6131.0,0.003694276508442229,,0QP2.LON,0QP2.LON
2024-09-03,497.0,497.7,492.8,496.4,36811.0,0.003233629749393563,20.719999313354492,0QP2.LON,0QP2.LON
2024-09-04,494.3,497.0,493.0,496.2,3924.0,-0.00040290088638195165,21.31999969482422,0QP2.LON,0QP2.LON
2024-09-05,494.1,500.0,493.8,495.9,6216.0,-0.0006045949214026347,19.899999618530273,0QP2.LON,0QP2.LON
2024-09-06,493.35,494.6,487.7,491.025,4488.0,-0.009830611010284374,22.3799991607666,0QP2.LON,0QP2.LON
2024-09-09,492.95,499.9,492.2,494.8571,126192.0,0.007804286950766404,19.450000762939453,0QP2.LON,0QP2.LON
2024-09-10,498.95,502.6,496.0,499.3143,5683.0,0.009007044659963492,19.079999923706055,0QP2.LON,0QP2.LON
2024-09-11,498.6,503.6,496.3,499.7833,12658.0,0.0009392881397547459,17.690000534057617,0QP2.LON,0QP2.LON
2024-09-12,501.7,505.6,501.4,504.5,44908.0,0.00943749020825635,17.06999969482422,0QP2.LON,0QP2.LON
2024-09-13,504.45,510.4,504.2,508.4449,18337.0,0.007819425173439143,16.559999465942383,0QP2.LON,0QP2.LON
2024-09-16,506.15,513.2,505.4,512.145,28775.0,0.007277288060122178,17.139999389648438,0QP2.LON,0QP2.LON
2024-09-17,512.8,515.1,511.6,513.0,69347.0,0.0016694490818029983,17.610000610351562,0QP2.LON,0QP2.LON
2024-09-18,513.0,514.0,505.4,507.424,248874.0,-0.010869395711501029,18.229999542236328,0QP2.LON,0QP2.LON
2024-09-19,508.9,513.0,507.8,511.4914,30630.0,0.008015781673708755,16.329999923706055,0QP2.LON,0QP2.LON
2024-09-20,508.9,512.7,506.8,511.6355,45158.0,0.00028172516683566684,16.149999618530273,0QP2.LON,0QP2.LON
2024-09-23,508.3,513.0,507.8,510.6,16549.0,-0.002023901781639359,15.890000343322754,0QP2.LON,0QP2.LON
2024-09-24,512.8,515.2,511.0,514.6,137666.0,0.007833920877399203,15.390000343322754,0QP2.LON,0QP2.LON
2024-09-25,513.2,518.8,512.6,517.8,113637.0,0.006218422075398244,15.40999984741211,0QP2.LON,0QP2.LON
2024-09-26,520.0,520.0,513.2,514.4617,84728.0,-0.006447083816145227,15.369999885559082,0QP2.LON,0QP2.LON
2024-09-27,516.1,517.2,510.7,513.3443,27903.0,-0.0021719789830807468,16.959999084472656,0QP2.LON,0QP2.LON
2024-09-30,511.85,513.8,509.6,510.2776,3674.0,-0.00597396328351163,16.729999542236328,0QP2.LON,0QP2.LON
2024-10-01,509.9,512.0,508.0,510.6375,96217.0,0.0007053023687497717,19.260000228881836,0QP2.LON,0QP2.LON
2024-10-02,509.55,511.0,506.4,508.1344,21670.0,-0.004901911825903826,18.899999618530273,0QP2.LON,0QP2.LON
2024-10-03,507.4,508.6,503.4,506.3777,13956.0,-0.0034571562169378733,20.489999771118164,0QP2.LON,0QP2.LON
2024-10-04,503.5,510.8,503.2,507.204,29144.0,0.001631785917902695,19.209999084472656,0QP2.LON,0QP2.LON
2024-10-07,511.25,513.5,506.2,508.3362,49589.0,0.002232237916104829,22.639999389648438,0QP2.LON,0QP2.LON
2024-10-08,504.65,509.0,499.5,507.0,7154.0,-0.002628575340493211,21.420000076293945,0QP2.LON,0QP2.LON
2024-10-09,506.15,509.4,503.0,508.8,7012.0,0.0035502958579882726,20.860000610351562,0QP2.LON,0QP2.LON
2024-10-10,509.35,515.0,509.2,512.8246,22892.0,0.00790998427672962,20.93000030517578,0QP2.LON,0QP2.LON
2024-10-11,512.4,519.2,511.8,514.1473,28001.0,0.0025792444434216133,20.459999084472656,0QP2.LON,0QP2.LON
2024-10-14,519.7,522.0,518.6,520.6,10227.0,0.012550294438967269,19.700000762939453,0QP2.LON,0QP2.LON
2024-10-15,523.4,525.8,522.0,523.4,119503.0,0.005378409527468264,20.639999389648438,0QP2.LON,0QP2.LON
2024-10-16,521.6,524.2,520.0,521.9264,45029.0,-0.002815437523882358,19.579999923706055,0QP2.LON,0QP2.LON
2024-10-17,523.8,529.0,521.8,528.3215,74790.0,0.012252877034003351,19.110000610351562,0QP2.LON,0QP2.LON
2024-10-18,527.1,527.6,526.0,526.8909,38146.0,-0.0027078209007205256,18.030000686645508,0QP2.LON,0QP2.LON
2024-10-21,525.7,528.2,524.8,526.8778,28955.0,-2.4862832134764368e-05,18.3700008392334,0QP2.LON,0QP2.LON
2024-10-22,524.7,526.4,517.2,520.4,23120.0,-0.012294691482541142,18.200000762939453,0QP2.LON,0QP2.LON
2024-10-23,520.4,521.2,517.8,519.4,55921.0,-0.0019215987701768356,19.239999771118164,0QP2.LON,0QP2.LON
2024-10-24,520.2,523.2,519.8,520.0,48830.0,0.001155179052753308,19.079999923706055,0QP2.LON,0QP2.LON
2024-10-25,519.5,522.4,516.8,518.8,73035.0,-0.002307692307692344,20.329999923706055,0QP2.LON,0QP2.LON
2024-10-28,521.2,524.0,518.8,520.36,11090.0,0.003006939090208327,19.799999237060547,0QP2.LON,0QP2.LON
2024-10-29,525.3,526.0,520.0,520.2,9939.0,-0.00030747943731257443,19.34000015258789,0QP2.LON,0QP2.LON
2024-10-30,519.3,520.6,516.0,516.0,19739.0,-0.008073817762399127,20.350000381469727,0QP2.LON,0QP2.LON
2024-10-31,510.9,512.0,507.2,510.8,19461.0,-0.010077519379844913,23.15999984741211,0QP2.LON,0QP2.LON
2024-11-01,511.45,517.2,511.0,515.6,47284.0,0.009397024275646038,21.8799991607666,0QP2.LON,0QP2.LON
2024-11-04,513.8,515.2,512.6,512.6,87334.0,-0.005818463925523654,21.979999542236328,0QP2.LON,0QP2.LON
2024-11-05,515.2,517.2,513.4,514.9,120049.0,0.004486929379633242,20.489999771118164,0QP2.LON,0QP2.LON
2024-11-06,524.5,528.8,519.0,520.6,16324.0,0.011070110701107083,16.270000457763672,0QP2.LON,0QP2.LON
2024-11-07,526.7,528.0,520.8,524.9959,63060.0,0.008443910872070637,15.199999809265137,0QP2.LON,0QP2.LON
2024-11-08,521.6,521.8,516.0,516.8,22706.0,-0.015611360012525943,14.9399995803833,0QP2.LON,0QP2.LON
2024-11-11,520.0,525.4,519.6,523.9,5686.0,0.01373839009287936,14.970000267028809,0QP2.LON,0QP2.LON
2024-11-12,520.0,521.6,514.6,518.6,99515.0,-0.01011643443405219,14.710000038146973,0QP2.LON,0QP2.LON
2024-11-13,516.1,522.2,515.0,520.2,108885.0,0.003085229463941408,14.020000457763672,0QP2.LON,0QP2.LON
2024-11-14,521.0,527.1,519.4,526.4,9533.0,0.011918492887350807,14.3100004196167,0QP2.LON,0QP2.LON
2024-11-15,525.1,531.4,524.8,529.0,71262.0,0.004939209726443794,16.139999389648438,0QP2.LON,0QP2.LON
2024-11-18,531.0,533.4,529.0,532.8,6027.0,0.007183364839319362,15.579999923706055,0QP2.LON,0QP2.LON
2024-11-19,532.5,535.6,526.8,530.8,69477.0,-0.0037537537537537524,16.350000381469727,0QP2.LON,0QP2.LON
2024-11-20,535.1,536.8,530.2,535.0,12475.0,0.007912584777694187,17.15999984741211,0QP2.LON,0QP2.LON
2024-11-21,538.8,549.4,535.0,543.6979,23552.0,0.01625775700934584,16.8700008392334,0QP2.LON,0QP2.LON
2024-11-22,548.5,553.4,544.6,549.8966,8887.0,0.011401000445284026,15.239999771118164,0QP2.LON,0QP2.LON
2024-11-25,552.2,553.2,548.6,552.4833,50262.0,0.0047039752564390636,14.600000381469727,0QP2.LON,0QP2.LON
2024-11-26,551.1,554.5,550.8,552.8737,36997.0,0.000706627693543016,14.100000381469727,0QP2.LON,0QP2.LON
2024-11-27,552.4,553.6,549.2,551.2,32462.0,-0.0030272736793229837,14.100000381469727,0QP2.LON,0QP2.LON
2024-11-28,553.6,556.0,552.6,554.6,16734.0,0.006168359941944868,,0QP2.LON,0QP2.LON
2024-11-29,554.6,558.6,554.0,558.6,5260.0,0.007212405337180039,13.510000228881836,0QP2.LON,0QP2.LON
2024-12-02,556.7,564.2,556.6,562.6,101803.0,0.00716075904045832,13.34000015258789,0QP2.LON,0QP2.LON
2024-12-03,560.6,563.2,558.2,562.4,66595.0,-0.00035549235691445524,13.300000190734863,0QP2.LON,0QP2.LON
2024-12-04,559.5,560.8,555.0,557.623,19740.0,-0.008493954480796484,13.449999809265137,0QP2.LON,0QP2.LON
2024-12-05,557.7,562.2,557.0,557.0,12909.0,-0.0011172422945252558,13.539999961853027,0QP2.LON,0QP2.LON
2024-12-06,559.3,561.0,556.4,556.8,12076.0,-0.000359066427289112,12.770000457763672,0QP2.LON,0QP2.LON
2024-12-09,557.1,557.8,551.8,554.1949,65912.0,-0.004678699712643675,14.1899995803833,0QP2.LON,0QP2.LON
2024-12-10,552.2,552.4,549.0,550.0667,15202.0,-0.007449003951497946,14.180000305175781,0QP2.LON,0QP2.LON
2024-12-11,549.1,552.2,545.6,548.0,12808.0,-0.003757180720083575,13.579999923706055,0QP2.LON,0QP2.LON
2024-12-12,547.4,549.6,545.8,547.8,6495.0,-0.00036496350364967345,13.920000076293945,0QP2.LON,0QP2.LON
2024-12-13,549.1,553.6,549.0,552.2246,39281.0,0.00807703541438487,13.8100004196167,0QP2.LON,0QP2.LON
2024-12-16,553.4,553.8,550.4,550.8,13831.0,-0.002579747443341107,14.6899995803833,0QP2.LON,0QP2.LON
2024-12-17,552.0,553.8,549.6,551.2,163840.0,0.0007262164124910431,15.869999885559082,0QP2.LON,0QP2.LON
2024-12-18,549.9,551.0,546.4,547.8,260043.0,-0.006168359941944979,27.6200008392334,0QP2.LON,0QP2.LON
2024-12-19,540.5,541.0,533.8,536.0266,34635.0,-0.021492150419861078,24.09000015258789,0QP2.LON,0QP2.LON
2024-12-20,532.1,533.0,525.4,530.8684,164113.0,-0.00962302990187447,18.360000610351562,0QP2.LON,0QP2.LON
2024-12-23,532.5,539.4,532.0,537.6,48488.0,0.01268035543272128,16.780000686645508,0QP2.LON,0QP2.LON
2024-12-27,538.6,539.6,533.6,538.9652,5689.0,0.0025394345238094473,15.949999809265137,0QP2.LON,0QP2.LON
2024-12-30,537.8,540.2,536.6,538.4567,29769.0,-0.0009434746436319807,17.399999618530273,0QP2.LON,0QP2.LON
2025-01-03,541.2,545.2,541.2,542.173,8559.0,0.006901762017261559,16.1299991607666,0QP2.LON,0QP2.LON
2025-01-06,546.0,556.2,542.2,544.0,9970.0,0.0033697731166988376,16.040000915527344,0QP2.LON,0QP2.LON
2025-01-07,546.2,551.8,542.6,546.802,6246.0,0.005150735294117581,17.81999969482422,0QP2.LON,0QP2.LON
2025-01-08,546.4,554.4,542.6,544.2,69906.0,-0.0047585780593339955,17.700000762939453,0QP2.LON,0QP2.LON
2025-01-09,543.3,544.0,538.3,541.8406,36055.0,-0.004335538404998229,,0QP2.LON,0QP2.LON
2025-01-10,537.6,538.0,530.7,533.2,12745.0,-0.015946756296962517,19.540000915527344,0QP2.LON,0QP2.LON
2025-01-13,528.0,529.2,523.0,524.8982,83509.0,-0.01556976744186056,19.190000534057617,0QP2.LON,0QP2.LON
2025-01-14,529.4,529.8,525.4,529.4,114540.0,0.00857652017095889,18.709999084472656,0QP2.LON,0QP2.LON
2025-01-15,532.3,538.1,531.2,536.0405,51344.0,0.012543445409898046,16.1200008392334,0QP2.LON,0QP2.LON
2025-01-16,538.0,538.6,535.6,536.653,5790.0,0.001142637543245506,16.600000381469727,0QP2.LON,0QP2.LON
2025-01-17,538.6,543.0,538.0,540.142,63152.0,0.006501407799825998,15.970000267028809,0QP2.LON,0QP2.LON
2025-01-20,538.6,539.0,530.0,530.4,47422.0,-0.0180359979412823,,0QP2.LON,0QP2.LON
2025-01-21,530.6,533.0,530.2,532.6,138547.0,0.004147812971342368,15.0600004196167,0QP2.LON,0QP2.LON
2025-01-22,531.4,539.6,529.8,538.1028,16777.0,0.010331956440105206,15.100000381469727,0QP2.LON,0QP2.LON
2025-01-23,538.2,540.2,535.6,540.0,10376.0,0.0035257203642129475,15.020000457763672,0QP2.LON,0QP2.LON
2025-01-24,539.4,540.2,535.6,537.2,4721.0,-0.0051851851851850705,14.850000381469727,0QP2.LON,0QP2.LON
2025-01-27,537.6,548.2,536.0,547.6,36437.0,0.0193596425912137,17.899999618530273,0QP2.LON,0QP2.LON
2025-01-28,544.8,555.4,544.2,553.6654,62401.0,0.011076333089846457,16.40999984741211,0QP2.LON,0QP2.LON
2025-01-29,556.1,560.8,555.0,558.6,10713.0,0.00891260317151854,16.559999465942383,0QP2.LON,0QP2.LON
2025-01-30,561.0,562.6,554.2,556.8,48588.0,-0.0032223415682063328,15.84000015258789,0QP2.LON,0QP2.LON
2025-01-31,558.1,558.8,553.4,554.4719,81104.0,-0.004181214080459683,16.43000030517578,0QP2.LON,0QP2.LON
2025-02-03,549.3,553.2,547.6,552.2112,11892.0,-0.004077212929997076,18.6200008392334,0QP2.LON,0QP2.LON
2025-02-04,553.4,557.0,549.8,553.8262,33252.0,0.0029246056581251345,17.209999084472656,0QP2.LON,0QP2.LON
2025-02-05,556.3,559.0,553.2,558.6,138741.0,0.008619671658726347,15.770000457763672,0QP2.LON,0QP2.LON
2025-02-06,560.2,563.2,559.0,563.2,15285.0,0.008234872896527135,15.5,0QP2.LON,0QP2.LON
2025-02-07,564.7,566.0,563.2,564.2912,16872.0,0.0019374999999999254,16.540000915527344,0QP2.LON,0QP2.LON
2025-02-10,562.6,567.8,562.0,567.2,13222.0,0.005154785330694578,15.8100004196167,0QP2.LON,0QP2.LON
2025-02-11,567.7,572.0,567.4,570.8307,29751.0,0.00640109308885739,16.020000457763672,0QP2.LON,0QP2.LON
2025-02-12,569.6,572.6,568.8,571.4343,129938.0,0.001057406337816147,15.890000343322754,0QP2.LON,0QP2.LON
2025-02-13,569.8,570.8,564.8,569.402,65667.0,-0.003556489346194236,15.100000381469727,0QP2.LON,0QP2.LON
2025-02-14,568.4,569.0,558.6,566.7317,27615.0,-0.004689656868082648,14.770000457763672,0QP2.LON,0QP2.LON
2025-02-17,564.5,568.5,564.0,564.6,46616.0,-0.003761391854381957,,0QP2.LON,0QP2.LON
2025-02-18,568.6,571.4,568.3,568.8137,9897.0,0.007463159759121485,15.350000381469727,0QP2.LON,0QP2.LON
2025-02-19,570.8,572.2,561.4,563.8,38921.0,-0.008814309500632778,15.270000457763672,0QP2.LON,0QP2.LON
2025-02-20,573.1,583.2,572.0,575.2,122911.0,0.020219936147570117,15.65999984741211,0QP2.LON,0QP2.LON
2025-02-21,575.5,578.0,570.2,571.4,44867.0,-0.006606397774687189,18.209999084472656,0QP2.LON,0QP2.LON
2025-02-24,580.3,584.2,579.8,581.903,153897.0,0.018381169058452995,18.979999542236328,0QP2.LON,0QP2.LON
2025-02-25,583.3,588.8,582.2,588.8,32034.0,0.011852490879063815,19.43000030517578,0QP2.LON,0QP2.LON
2025-02-26,587.0,591.4,584.6,589.425,8047.0,0.0010614809782609758,19.100000381469727,0QP2.LON,0QP2.LON
2025-02-27,590.5,594.0,588.3,592.2433,10605.0,0.004781439538533272,21.1299991607666,0QP2.LON,0QP2.LON
2025-02-28,588.1,595.1,587.0,592.0878,288799.0,-0.00026256101166521884,19.6299991607666,0QP2.LON,0QP2.LON
2025-03-03,596.5,601.4,592.4,596.41,11539.0,0.00729993085484959,22.780000686645508,0QP2.LON,0QP2.LON
2025-03-04,596.5,601.6,593.8,597.7304,42960.0,0.0022139132475982315,23.510000228881836,0QP2.LON,0QP2.LON
2025-03-05,603.2,603.8,596.8,599.0,15943.0,0.002124034514557005,21.93000030517578,0QP2.LON,0QP2.LON
2025-03-06,597.5,598.6,588.6,591.56,11469.0,-0.01242070116861449,24.8700008392334,0QP2.LON,0QP2.LON
2025-03-07,590.3,596.4,586.6,592.4,55516.0,0.0014199743052270009,23.3700008392334,0QP2.LON,0QP2.LON
2025-03-10,597.5,602.0,595.0,600.55,108144.0,0.01375759621877104,27.860000610351562,0QP2.LON,0QP2.LON
2025-03-11,601.8,602.6,592.8,597.1,21757.0,-0.005744733993838902,26.920000076293945,0QP2.LON,0QP2.LON
2025-03-12,596.1,599.0,594.6,597.6323,72815.0,0.0008914754647462164,24.229999542236328,0QP2.LON,0QP2.LON
2025-03-13,598.9,605.0,598.6,602.0,45633.0,0.007308339927410312,24.65999984741211,0QP2.LON,0QP2.LON
2025-03-14,600.6,603.2,599.1,600.6202,7827.0,-0.0022920265780731475,21.770000457763672,0QP2.LON,0QP2.LON
2025-03-17,602.2,607.2,602.2,606.8,163256.0,0.0102890312380437,20.510000228881836,0QP2.LON,0QP2.LON
2025-03-18,608.8,610.8,605.8,609.349,119465.0,0.004200725115359516,21.700000762939453,0QP2.LON,0QP2.LON
2025-03-19,608.2,609.8,606.4,609.3143,51054.0,-5.694601944050692e-05,19.899999618530273,0QP2.LON,0QP2.LON
2025-03-20,609.0,612.8,607.6,610.3885,17983.0,0.0017629653530206735,19.799999237060547,0QP2.LON,0QP2.LON
2025-03-21,609.0,611.0,606.6,607.1333,79707.0,-0.005332996935558332,19.280000686645508,0QP2.LON,0QP2.LON
2025-03-24,610.2,614.8,608.4,610.8,16841.0,0.006039365654955775,17.479999542236328,0QP2.LON,0QP2.LON
2025-03-25,612.9,622.0,612.4,619.0,135297.0,0.013425016371971354,17.149999618530273,0QP2.LON,0QP2.LON
2025-03-26,619.4,623.4,618.3,621.4,27137.0,0.0038772213247173504,18.329999923706055,0QP2.LON,0QP2.LON
2025-03-27,618.6,623.4,616.6,623.4,23810.0,0.0032185387833922885,18.690000534057617,0QP2.LON,0QP2.LON
2025-03-28,622.3,625.2,619.6,621.595,52949.0,-0.0028954122553737083,21.649999618530273,0QP2.LON,0QP2.LON
2025-03-31,618.6,621.0,614.0,616.205,23705.0,-0.008671240920535062,22.280000686645508,0QP2.LON,0QP2.LON
2025-04-01,616.8,622.4,616.8,620.6,858813.0,0.007132366663691547,21.770000457763672,0QP2.LON,0QP2.LON
2025-04-02,622.1,623.2,618.8,620.3333,291770.0,-0.00042974540767004576,21.510000228881836,0QP2.LON,0QP2.LON
2025-04-03,611.8,613.8,605.0,610.3289,180386.0,-0.016127459222324614,30.020000457763672,0QP2.LON,0QP2.LON
2025-04-04,600.8,604.2,562.2,581.165,48092.0,-0.04778390798797172,45.310001373291016,0QP2.LON,0QP2.LON
2025-04-07,526.1,557.4,525.0,529.0,271327.0,-0.08975936265948559,46.97999954223633,0QP2.LON,0QP2.LON
2025-04-08,549.5,564.0,544.4,562.2,68537.0,0.06275992438563338,52.33000183105469,0QP2.LON,0QP2.LON
2025-04-09,542.3,550.0,529.8,538.2,121142.0,-0.042689434364994616,33.619998931884766,0QP2.LON,0QP2.LON
2025-04-10,583.3,584.2,556.6,558.8,77239.0,0.03827573392790762,40.720001220703125,0QP2.LON,0QP2.LON
2025-04-11,532.7,534.8,519.6,529.8,50246.0,-0.05189692197566209,37.560001373291016,0QP2.LON,0QP2.LON
2025-04-14,539.2,542.4,532.6,538.7103,291159.0,0.016818233295583296,30.889999389648438,0QP2.LON,0QP2.LON
2025-04-15,543.5,554.6,543.0,546.4941,224623.0,0.014448953361389405,30.1200008392334,0QP2.LON,0QP2.LON
2025-04-16,552.0,558.4,551.2,558.4,282251.0,0.021785962556594818,32.63999938964844,0QP2.LON,0QP2.LON
2025-04-17,557.5,560.8,554.2,558.4,231364.0,0.0,29.649999618530273,0QP2.LON,0QP2.LON
2025-04-22,557.5,566.4,557.2,563.4,226143.0,0.008954154727793595,30.56999969482422,0QP2.LON,0QP2.LON
2025-04-23,571.2,573.2,563.6,564.8,20868.0,0.002484913028043989,28.450000762939453,0QP2.LON,0QP2.LON
2025-04-24,568.4,570.2,565.6,569.1812,25425.0,0.007757082152974659,26.469999313354492,0QP2.LON,0QP2.LON
2025-04-25,571.8,573.8,567.4,568.6,4590.0,-0.0010211159469075692,24.84000015258789,0QP2.LON,0QP2.LON
2025-04-28,571.0,571.8,564.6,568.0,15837.0,-0.0010552233556102575,25.149999618530273,0QP2.LON,0QP2.LON
2025-04-29,570.2,576.2,566.8,571.6627,25803.0,0.006448415492957604,24.170000076293945,0QP2.LON,0QP2.LON
2025-04-30,578.0,582.4,575.7,578.3418,32489.0,0.011683637921452661,24.700000762939453,0QP2.LON,0QP2.LON
2025-05-01,578.8,578.8,578.8,578.8,0.0,0.0007922650584826219,24.600000381469727,0QP2.LON,0QP2.LON
2025-05-02,583.5,588.0,581.6,582.7,20394.0,0.006738078783690593,22.68000030517578,0QP2.LON,0QP2.LON
2025-05-06,593.0,595.8,590.0,593.0,15169.0,0.01767633430581772,24.760000228881836,0QP2.LON,0QP2.LON
2025-05-07,594.8,596.2,588.4,595.0,16376.0,0.003372681281618828,23.549999237060547,0QP2.LON,0QP2.LON
2025-05-08,596.9,599.0,583.0,586.6,101374.0,-0.014117647058823457,22.479999542236328,0QP2.LON,0QP2.LON
2025-05-09,576.8,581.0,574.8,576.6,18693.0,-0.017047391749062446,21.899999618530273,0QP2.LON,0QP2.LON
2025-05-12,582.5,585.0,567.1,573.3,92774.0,-0.005723204994797171,18.389999389648438,0QP2.LON,0QP2.LON
2025-05-13,573.5,576.2,567.8,573.9,45453.0,0.0010465724751438366,18.219999313354492,0QP2.LON,0QP2.LON
2025-05-14,568.4,574.6,567.8,568.8,86924.0,-0.008886565603763774,18.6200008392334,0QP2.LON,0QP2.LON
2025-05-15,574.3,579.8,571.4,573.7,13289.0,0.008614627285513432,17.829999923706055,0QP2.LON,0QP2.LON
2025-05-16,582.1,586.8,579.8,581.3,79029.0,0.013247341816280178,17.239999771118164,0QP2.LON,0QP2.LON
2025-05-19,582.1,586.4,580.4,586.4,154173.0,0.008773438843970416,18.139999389648438,0QP2.LON,0QP2.LON
2025-05-20,586.4,587.2,582.6,584.1727,31747.0,-0.0037982605729877106,18.09000015258789,0QP2.LON,0QP2.LON
2025-05-21,586.0,586.8,581.2,582.7433,32159.0,-0.0024468791506346843,20.8700008392334,0QP2.LON,0QP2.LON
2025-05-22,585.8,586.0,579.4,585.2,12855.0,0.004215749885069675,20.280000686645508,0QP2.LON,0QP2.LON
2025-05-23,584.8,586.6,571.6,574.5,47558.0,-0.01828434723171568,22.290000915527344,0QP2.LON,0QP2.LON
2025-05-27,585.8,587.0,581.0,585.8,37415.0,0.01966927763272408,18.959999084472656,0QP2.LON,0QP2.LON
2025-05-28,580.3,584.8,574.7,580.5,39343.0,-0.009047456469784887,19.309999465942383,0QP2.LON,0QP2.LON
2025-05-29,580.5,580.5,580.5,580.5,0.0,0.0,19.18000030517578,0QP2.LON,0QP2.LON
2025-05-30,577.4,581.6,576.4,579.0,107744.0,-0.0025839793281653423,18.56999969482422,0QP2.LON,0QP2.LON
2025-06-02,578.2,580.2,574.0,579.4,44553.0,0.000690846286701241,18.360000610351562,0QP2.LON,0QP2.LON
2025-06-03,580.1,581.6,576.6,581.0,34522.0,0.002761477390403888,17.690000534057617,0QP2.LON,0QP2.LON
2025-06-04,581.9,583.8,579.0,580.5,40997.0,-0.000860585197934638,17.610000610351562,0QP2.LON,0QP2.LON
2025-06-05,579.8,582.2,577.4,579.4,36433.0,-0.0018949181739880139,18.479999542236328,0QP2.LON,0QP2.LON
2025-06-06,579.8,581.8,578.2,579.2,5478.0,-0.00034518467380040274,16.770000457763672,0QP2.LON,0QP2.LON
2025-06-09,579.2,579.2,579.2,579.2,0.0,0.0,17.15999984741211,0QP2.LON,0QP2.LON
2025-06-10,580.9,582.6,572.6,578.4,37278.0,-0.0013812154696133394,16.950000762939453,0QP2.LON,0QP2.LON
2025-06-11,573.9,576.2,572.8,575.3,6091.0,-0.005359612724758045,17.260000228881836,0QP2.LON,0QP2.LON
2025-06-12,569.2,569.2,561.0,567.7,6719.0,-0.013210498870154574,18.020000457763672,0QP2.LON,0QP2.LON
2025-06-13,560.4,562.2,557.6,560.0,32830.0,-0.01356350184956856,20.81999969482422,0QP2.LON,0QP2.LON
2025-06-16,563.4,564.6,561.2,563.216,135170.0,0.00574285714285705,19.110000610351562,0QP2.LON,0QP2.LON
2025-06-17,557.7,561.2,555.0,558.5294,48863.0,-0.008321141444845304,21.600000381469727,0QP2.LON,0QP2.LON
2025-06-18,560.4,561.2,553.4,560.8,65813.0,0.004065318674361551,20.139999389648438,0QP2.LON,0QP2.LON
2025-06-19,553.4,554.8,550.4,552.2,29338.0,-0.015335235378031276,,0QP2.LON,0QP2.LON
2025-06-20,553.8,557.2,553.8,555.4,74559.0,0.005795001810937839,20.6200008392334,0QP2.LON,0QP2.LON
2025-06-23,551.3,555.8,550.3805,554.0,17756.0,-0.0025207057976233127,19.829999923706055,0QP2.LON,0QP2.LON
2025-06-24,560.0,561.6,554.0,554.4,19889.0,0.0007220216606498298,17.479999542236328,0QP2.LON,0QP2.LON
2025-06-25,556.1,558.6,552.8,556.3,11766.0,0.003427128427128334,16.760000228881836,0QP2.LON,0QP2.LON
2025-06-26,556.1,557.2,551.9891,554.8,35944.0,-0.0026963868416322034,16.59000015258789,0QP2.LON,0QP2.LON
2025-06-27,556.1,557.8,553.2,556.3,72735.0,0.0027036770007209388,16.31999969482422,0QP2.LON,0QP2.LON
2025-06-30,556.9,558.0,552.2,554.6,20500.0,-0.0030559050871830085,16.729999542236328,0QP2.LON,0QP2.LON
2025-07-01,556.1,558.4,552.8,554.2653,12119.0,-0.000603498016588544,16.829999923706055,0QP2.LON,0QP2.LON
2025-07-02,549.5,552.8,543.6,551.1,22749.0,-0.00571080311179506,16.639999389648438,0QP2.LON,0QP2.LON
2025-07-03,543.3,553.4,542.4,552.4,20723.0,0.002358918526583098,16.3799991607666,0QP2.LON,0QP2.LON
2025-07-04,551.3,553.0,549.7,551.5,4575.0,-0.0016292541636494517,,0QP2.LON,0QP2.LON
2025-07-07,552.0,556.2,551.8,554.0,35520.0,0.00453309156844961,17.790000915527344,0QP2.LON,0QP2.LON
2025-07-08,553.6,554.4,549.8,550.4687,33648.0,-0.006374187725631697,16.809999465942383,0QP2.LON,0QP2.LON
2025-07-09,553.6,558.0,552.7,554.4,19933.0,0.00714173212754865,15.9399995803833,0QP2.LON,0QP2.LON
2025-07-10,558.3,559.4,554.6,558.3,12164.0,0.007034632034631949,15.779999732971191,0QP2.LON,0QP2.LON
2025-07-11,555.4,555.8,550.8,555.2,29823.0,-0.005552570302704507,16.399999618530273,0QP2.LON,0QP2.LON
2025-07-14,551.3,554.0,549.4,552.0667,11429.0,-0.005643551873198982,17.200000762939453,0QP2.LON,0QP2.LON
2025-07-15,554.4,554.8,548.6,550.0,3678.0,-0.0037435693911622714,17.3799991607666,0QP2.LON,0QP2.LON
2025-07-16,550.7,559.0,549.8,550.9,31209.0,0.001636363636363658,17.15999984741211,0QP2.LON,0QP2.LON
2025-07-17,558.9,560.6,554.8,560.4,29616.0,0.017244508985296836,16.520000457763672,0QP2.LON,0QP2.LON
2025-07-18,557.3,562.0,557.2,559.1,14472.0,-0.0023197715917201434,16.40999984741211,0QP2.LON,0QP2.LON
2025-07-21,558.7,560.2,556.8,558.0,6383.0,-0.0019674476837775456,16.649999618530273,0QP2.LON,0QP2.LON
2025-07-22,558.7,560.4,553.6,555.4,9491.0,-0.00465949820788536,16.5,0QP2.LON,0QP2.LON
2025-07-23,559.3,563.8,557.4,560.4,18168.0,0.009002520705797545,15.369999885559082,0QP2.LON,0QP2.LON
2025-07-24,565.5,568.4,557.4,564.3,29408.0,0.006959314775160541,15.390000343322754,0QP2.LON,0QP2.LON
2025-07-25,557.5,558.4,554.6,556.7,14606.0,-0.013468013468013296,14.930000305175781,0QP2.LON,0QP2.LON
2025-07-28,560.2,560.8,552.0792,559.1,14183.0,0.0043111190946649725,15.029999732971191,0QP2.LON,0QP2.LON
2025-07-29,554.4,559.2,553.0,554.4,22790.0,-0.008406367376140311,15.979999542236328,0QP2.LON,0QP2.LON
2025-07-30,556.5,557.2,553.8,555.2,11719.0,0.0014430014430015792,15.479999542236328,0QP2.LON,0QP2.LON
2025-07-31,558.0,558.0,553.8,556.3,13584.0,0.001981268011527204,16.719999313354492,0QP2.LON,0QP2.LON
2025-08-01,556.3,556.3,556.3,556.3,0.0,0.0,20.3799991607666,0QP2.LON,0QP2.LON
2025-08-04,544.8,566.6,542.0,564.3519,18322.0,0.014474024806758967,17.520000457763672,0QP2.LON,0QP2.LON
2025-08-05,564.9,570.4,563.2,568.8,21393.0,0.00788178439728826,17.850000381469727,0QP2.LON,0QP2.LON
2025-08-06,570.0,578.4,569.2,570.8,59324.0,0.0035161744022502717,16.770000457763672,0QP2.LON,0QP2.LON
2025-08-07,575.3,590.4,569.4,578.6,29023.0,0.013665031534688232,16.56999969482422,0QP2.LON,0QP2.LON
2025-08-08,576.8,577.8,570.5,573.5,34914.0,-0.008814379536813077,15.149999618530273,0QP2.LON,0QP2.LON
2025-08-11,574.7,576.8,570.6,574.8,8059.0,0.002266782911944043,16.25,0QP2.LON,0QP2.LON
2025-08-12,572.9,576.4,571.6,573.3333,57495.0,-0.0025516701461376634,14.729999542236328,0QP2.LON,0QP2.LON
2025-08-13,574.5,582.6,574.2,582.5,43302.0,0.015988431162118122,14.489999771118164,0QP2.LON,0QP2.LON
2025-08-14,585.6,593.8,584.4,591.5,79336.0,0.015450643776824036,14.829999923706055,0QP2.LON,0QP2.LON
2025-08-15,591.7,593.0,588.3,592.6,24175.0,0.0018596787827558359,15.09000015258789,0QP2.LON,0QP2.LON
2025-08-18,589.5,590.6,587.2207,589.8,17572.0,-0.004724940938238387,14.989999771118164,0QP2.LON,0QP2.LON
2025-08-19,587.4,590.0,585.0,586.8,7391.0,-0.0050864699898270915,15.569999694824219,0QP2.LON,0QP2.LON
2025-08-20,590.5,597.2,588.0,593.975,45572.0,0.01222733469665993,15.6899995803833,0QP2.LON,0QP2.LON
2025-08-21,596.1,598.0,595.0,595.2,45312.0,0.002062376362641505,16.600000381469727,0QP2.LON,0QP2.LON
2025-08-22,596.3,597.6,592.8,594.6,12005.0,-0.0010080645161291146,14.220000267028809,0QP2.LON,0QP2.LON
2025-08-26,584.0,584.6,579.8,582.3,22673.0,-0.02068617558022212,14.619999885559082,0QP2.LON,0QP2.LON
2025-08-27,580.5,582.0,578.4,580.7,84246.0,-0.002747724540614671,14.850000381469727,0QP2.LON,0QP2.LON
2025-08-28,581.5,582.8,575.8,582.5,27411.0,0.0030997072498708533,14.430000305175781,0QP2.LON,0QP2.LON
2025-08-29,579.6,584.6,578.0,578.0,9225.0,-0.007725321888412018,15.359999656677246,0QP2.LON,0QP2.LON
2025-09-01,583.3,584.4,576.0,577.8,36093.0,-0.00034602076124579106,,0QP2.LON,0QP2.LON
2025-09-02,577.6,578.4,571.6,573.514,31186.0,-0.0074177916233989505,17.170000076293945,0QP2.LON,0QP2.LON
2025-09-03,572.1,572.2,564.4,568.6,129999.0,-0.00856823024372555,16.350000381469727,0QP2.LON,0QP2.LON
2025-09-04,572.7,581.2,572.2,573.9,44112.0,0.009321139641224052,15.300000190734863,0QP2.LON,0QP2.LON
2025-09-05,581.7,582.6,575.3137,581.3,39051.0,0.0128942324446768,15.180000305175781,0QP2.LON,0QP2.LON
2025-09-08,574.5,575.4,570.2,573.2,21062.0,-0.0139342852227764,15.109999656677246,0QP2.LON,0QP2.LON
2025-09-09,574.7,578.6,574.6,576.0,53822.0,0.00488485694347518,15.039999961853027,0QP2.LON,0QP2.LON
2025-09-10,577.2,579.4,570.8,577.6,98660.0,0.002777777777777768,15.350000381469727,0QP2.LON,0QP2.LON
2025-09-11,574.3,577.4,569.2,575.3,158368.0,-0.003981994459833937,14.710000038146973,0QP2.LON,0QP2.LON
2025-09-12,573.3,574.6,570.4,572.5,33053.0,-0.004867025899530586,14.760000228881836,0QP2.LON,0QP2.LON
2025-09-15,573.9,575.6,568.8,574.2375,27955.0,0.003034934497816444,15.6899995803833,0QP2.LON,0QP2.LON
2025-09-16,568.4,568.4,556.2,559.5284,75576.0,-0.025615011210518124,16.360000610351562,0QP2.LON,0QP2.LON
2025-09-17,555.4,615.056,553.4,555.8,143792.0,-0.006663468735456646,15.720000267028809,0QP2.LON,0QP2.LON
2025-09-18,560.0,561.0,556.4,560.2,193189.0,0.007916516732637824,15.699999809265137,0QP2.LON,0QP2.LON
2025-09-19,560.0,564.0,559.6,561.4,96381.0,0.002142092109960636,15.449999809265137,0QP2.LON,0QP2.LON
2025-09-22,561.2,562.2,559.688,560.1415,49903.0,-0.0022417171357321797,16.100000381469727,0QP2.LON,0QP2.LON
2025-09-23,562.4,563.0,559.7958,559.912,61256.0,-0.000409717901637241,16.639999389648438,0QP2.LON,0QP2.LON
2025-09-24,556.9,557.8,552.8,557.5,94797.0,-0.004307819800254409,16.18000030517578,0QP2.LON,0QP2.LON
2025-09-25,553.0,556.2,551.6,552.6,40619.0,-0.00878923766816142,16.739999771118164,0QP2.LON,0QP2.LON
2025-09-26,556.1,562.3,553.4,556.3,96094.0,0.006695620702135141,15.289999961853027,0QP2.LON,0QP2.LON
2025-09-29,566.1,566.4,562.0,563.8,43570.0,0.013481934208161128,16.1200008392334,0QP2.LON,0QP2.LON
2025-09-30,566.1,566.8,561.0,565.8,37821.0,0.003547357218872005,16.280000686645508,0QP2.LON,0QP2.LON
2025-10-01,565.7,570.6,564.6,564.7,51170.0,-0.0019441498762812204,16.290000915527344,0QP2.LON,0QP2.LON
2025-10-02,570.4,573.8,567.5,569.2,92470.0,0.007968833008677123,16.6299991607666,0QP2.LON,0QP2.LON
2025-10-03,570.6,572.4,565.6,571.4,16153.0,0.003865073787772122,16.649999618530273,0QP2.LON,0QP2.LON
2025-10-06,570.8,576.4,568.6,574.3766,105113.0,0.005209310465523309,16.3700008392334,0QP2.LON,0QP2.LON
2025-10-07,574.3,577.4,574.0,575.5076,94318.0,0.001969091359223185,17.239999771118164,0QP2.LON,0QP2.LON
2025-10-08,576.0,581.9,575.6,578.8,409660.0,0.005720862765322243,16.299999237060547,0QP2.LON,0QP2.LON
2025-10-09,578.2,580.2,574.5957,578.9254,117490.0,0.00021665514858337787,16.43000030517578,0QP2.LON,0QP2.LON
2025-10-10,574.7,577.6,572.4,573.4,109438.0,-0.009544234887603809,21.65999984741211,0QP2.LON,0QP2.LON
2025-10-13,576.0,576.4,568.2,570.0,111472.0,-0.005929543076386379,19.030000686645508,0QP2.LON,0QP2.LON
2025-10-14,568.8,578.5,567.8,568.8267,24837.0,-0.0020584210526316538,20.809999465942383,0QP2.LON,0QP2.LON
2025-10-15,578.8,579.4557,574.6,577.8,36883.0,0.015775103383860234,20.639999389648438,0QP2.LON,0QP2.LON
2025-10-16,573.5,577.3,558.0,565.5,332450.0,-0.021287642782969796,25.309999465942383,0QP2.LON,0QP2.LON
2025-10-17,554.8,557.0,548.8,555.6,50313.0,-0.017506631299734732,20.780000686645508,0QP2.LON,0QP2.LON
2025-10-20,557.3,560.0,553.6,555.6833,102359.0,0.00014992800575952536,18.229999542236328,0QP2.LON,0QP2.LON
2025-10-21,557.7,561.2,556.6,561.2,198881.0,0.009927777206909072,17.8700008392334,0QP2.LON,0QP2.LON
2025-10-22,565.5,566.8,562.4,564.3,41356.0,0.005523877405559263,18.600000381469727,0QP2.LON,0QP2.LON
2025-10-23,566.7,570.8,565.4,565.7,90610.0,0.0024809498493709725,17.299999237060547,0QP2.LON,0QP2.LON
2025-10-24,569.0,569.0,564.0,568.2,138605.0,0.004419303517765538,16.3700008392334,0QP2.LON,0QP2.LON
2025-10-27,569.4,574.8,568.6,573.6627,86860.0,0.009614044350580553,15.789999961853027,0QP2.LON,0QP2.LON
2025-10-28,575.5,576.8,570.0,573.1146,111886.0,-0.0009554394943229738,16.420000076293945,0QP2.LON,0QP2.LON
2025-10-29,569.8,571.6,567.3,569.6,204473.0,-0.006132455882296495,16.920000076293945,0QP2.LON,0QP2.LON
2025-10-30,571.0,572.4,566.2,571.8,136034.0,0.003862359550561578,16.90999984741211,0QP2.LON,0QP2.LON
2025-10-31,568.4,569.8,557.4,559.7,120774.0,-0.0211612451906259,17.440000534057617,0QP2.LON,0QP2.LON
2025-11-03,558.3,559.6,554.8,559.0559,19401.0,-0.0011507950687870139,17.170000076293945,0QP2.LON,0QP2.LON
2025-11-04,554.2,562.2,550.8,562.1157,68682.0,0.005473155725572276,19.0,0QP2.LON,0QP2.LON
2025-11-05,562.6,569.6,561.8,562.8,6818.0,0.001217365037126772,18.010000228881836,0QP2.LON,0QP2.LON
2025-11-06,565.9,567.6,554.6,562.0,164435.0,-0.001421464108031234,19.5,0QP2.LON,0QP2.LON
2025-11-07,564.5,567.6,559.1,564.9,37695.0,0.005160142348754393,19.079999923706055,0QP2.LON,0QP2.LON
2025-11-10,566.1,571.1,562.8,570.0,13618.0,0.009028146574614926,17.600000381469727,0QP2.LON,0QP2.LON
2025-11-11,570.6,577.2,569.8,576.0576,89893.0,0.010627368421052497,17.280000686645508,0QP2.LON,0QP2.LON
2025-11-12,577.2,579.9,575.0,577.0,28634.0,0.0016359475163594261,17.510000228881836,0QP2.LON,0QP2.LON
2025-11-13,579.6,581.0,575.4,579.4,60889.0,0.004159445407279083,20.0,0QP2.LON,0QP2.LON
2025-11-14,576.2,578.6,569.9,573.3,43951.0,-0.010528132550914782,19.829999923706055,0QP2.LON,0QP2.LON
2025-11-17,571.6,574.4,566.0,569.326,103519.0,-0.006931798360369723,22.3799991607666,0QP2.LON,0QP2.LON
2025-11-18,560.6,562.0,554.6,557.6884,51616.0,-0.020441012706252648,24.690000534057617,0QP2.LON,0QP2.LON
2025-11-19,558.5,561.2,555.0,558.1,27490.0,0.0007380465507262901,23.65999984741211,0QP2.LON,0QP2.LON
2025-11-20,562.4,564.2,558.2883,562.6,8480.0,0.008063071134205346,26.420000076293945,0QP2.LON,0QP2.LON
2025-11-21,555.2,565.4,555.2,558.1,46908.0,-0.007998578030572356,23.43000030517578,0QP2.LON,0QP2.LON
2025-11-24,565.9,566.2,558.2,565.2,176629.0,0.012721734456190736,20.520000457763672,0QP2.LON,0QP2.LON
2025-11-25,564.1,569.0,560.5,568.6862,45892.0,0.006168082094833549,18.559999465942383,0QP2.LON,0QP2.LON
2025-11-26,568.6,575.2,568.6,568.8,34989.0,0.0002001103596322995,17.190000534057617,0QP2.LON,0QP2.LON
2025-11-27,575.3,577.1,573.8,575.3,31801.0,0.011427566807313605,,0QP2.LON,0QP2.LON
2025-11-28,576.4,577.6,573.4,576.0,286629.0,0.0012167564748828408,16.350000381469727,0QP2.LON,0QP2.LON
2025-12-01,579.4,579.6,574.0,576.6846,29419.0,0.0011885416666668203,17.239999771118164,0QP2.LON,0QP2.LON
2025-12-02,576.8,579.6,574.0,578.8842,11042.0,0.003814216644592028,16.59000015258789,0QP2.LON,0QP2.LON
2025-12-03,575.7,576.6,569.4,575.3,14733.0,-0.006191566465279297,16.079999923706055,0QP2.LON,0QP2.LON
2025-12-04,571.2,575.0,568.3,570.2,32167.0,-0.008864940031287905,15.779999732971191,0QP2.LON,0QP2.LON
2025-12-05,575.1,578.4,570.0,570.2,10501.0,0.0,15.40999984741211,0QP2.LON,0QP2.LON
2025-12-08,574.3,577.8195,572.0,575.5937,21988.0,0.009459312521922003,16.65999984741211,0QP2.LON,0QP2.LON
2025-12-09,577.0,585.0,576.8,584.4,35834.0,0.015299507273967672,16.93000030517578,0QP2.LON,0QP2.LON
2025-12-10,581.9,582.4,577.5,581.5,4225.0,-0.0049623545516769285,15.770000457763672,0QP2.LON,0QP2.LON
2025-12-11,579.6,585.0079,579.0,579.6,104494.0,-0.0032674118658641005,14.850000381469727,0QP2.LON,0QP2.LON
2025-12-12,585.6,590.4,583.4,585.4,14901.0,0.01000690131124915,15.739999771118164,0QP2.LON,0QP2.LON
2025-12-15,589.3,592.0,587.2,588.1,64474.0,0.004612230953194407,16.5,0QP2.LON,0QP2.LON
2025-12-16,592.0,593.4,588.2,591.5,95124.0,0.005781329705832228,16.479999542236328,0QP2.LON,0QP2.LON
2025-12-17,591.3,591.5,590.4,591.5,19116.0,0.0,17.6200008392334,0QP2.LON,0QP2.LON
