timestamp,Open,High,Low,Close,Volume,Return,VIX
2014-03-10,14.2975,14.3,14.2975,14.3,1150.0,,14.199999809265137
2014-03-13,13.9525,13.9525,13.9525,13.9525,1550.0,-0.024300699300699335,16.219999313354492
2014-03-14,13.8475,13.8475,13.75,13.7975,3459.0,-0.011109120229349623,17.81999969482422
2014-04-07,13.3062,13.3062,13.3062,13.3062,50000.0,-0.03560789998188074,15.569999694824219
2014-04-14,12.25,12.25,12.0,12.0,165.0,-0.09816476529738016,16.110000610351562
2014-04-25,12.25,12.25,12.0,12.0,2773.0,0.0,14.0600004196167
2014-06-10,12.0,12.0,12.0,12.0,2503.0,0.0,10.989999771118164
2014-06-17,12.0,12.0,12.0,12.0,2000.0,0.0,12.0600004196167
2014-06-19,12.0,12.0,12.0,12.0,1252.0,0.0,10.619999885559082
2014-06-24,11.75,11.75,11.75,11.75,2000.0,-0.02083333333333337,12.130000114440918
2014-06-30,11.5017,11.5017,11.5017,11.5017,8877.0,-0.0211319148936171,11.569999694824219
2014-07-03,11.7025,11.7025,11.7025,11.7025,400.0,0.017458288774703012,10.319999694824219
2014-07-08,11.3925,11.3935,11.3925,11.3935,69216.0,-0.026404614398632842,11.979999542236328
2014-08-05,12.9703,12.9703,12.9703,12.9703,21713.0,0.13839469873173305,16.8700008392334
2014-08-07,12.8864,12.8864,12.8864,12.8864,40819.0,-0.006468624472834028,16.65999984741211
2014-08-08,12.7333,12.7333,12.7333,12.7333,56744.0,-0.011880742488204588,15.770000457763672
2014-09-15,12.5,12.5,12.5,12.5,1000.0,-0.018322037492244703,14.119999885559082
2014-09-29,12.1525,12.25,12.1525,12.25,174750.0,-0.020000000000000018,15.979999542236328
2014-09-30,12.1781,12.1781,12.1781,12.1781,750.0,-0.00586938775510204,16.309999465942383
2014-10-03,12.0,12.05,12.0,12.0,370000.0,-0.014624613034874168,14.550000190734863
2014-10-06,12.225,12.25,12.225,12.25,71252.0,0.02083333333333326,15.460000038146973
2014-11-03,13.5,13.5,13.5,13.5,25.0,0.1020408163265305,14.729999542236328
2014-11-06,13.575,13.575,13.575,13.575,45000.0,0.005555555555555536,13.670000076293945
2014-11-12,13.5,13.5,13.5,13.5,900.0,-0.0055248618784530246,13.020000457763672
2014-11-19,13.6,13.6,13.6,13.6,64955.0,0.007407407407407307,13.960000038146973
2014-11-25,14.0,14.0,14.0,14.0,218.0,0.02941176470588247,12.25
2014-12-02,14.4475,14.6025,14.4475,14.6025,2261.0,0.04303571428571429,12.850000381469727
2014-12-09,14.25,14.25,14.25,14.25,100.0,-0.02413970210580374,15.350000381469727
2014-12-15,13.25,13.25,13.25,13.25,102.0,-0.07017543859649122,20.420000076293945
2015-01-06,13.5,13.5,13.5,13.5,177.0,0.018867924528301883,21.1200008392334
2015-01-14,13.65,13.65,13.65,13.65,66705.0,0.011111111111111072,21.479999542236328
2015-01-30,13.6525,13.6525,13.6525,13.6525,500.0,0.0001831501831501825,20.969999313354492
2015-02-03,13.325,13.35,13.325,13.35,216146.0,-0.022157114081670093,17.329999923706055
2015-02-05,13.35,13.35,13.35,13.35,246119.0,0.0,16.850000381469727
2015-02-13,13.7525,13.7525,13.7525,13.7525,380.0,0.03014981273408246,14.6899995803833
2015-02-17,13.7,13.7,13.675,13.675,120339.0,-0.005635339029267272,15.800000190734863
2015-02-25,14.0,14.0,14.0,14.0,40000.0,0.02376599634369292,13.84000015258789
2015-02-26,14.25,14.25,14.25,14.25,250.0,0.017857142857142794,13.90999984741211
2015-03-19,12.4975,12.4975,12.4975,12.4975,210.0,-0.12298245614035086,14.069999694824219
2015-05-07,13.9088,13.95,13.9088,13.95,50597.0,0.11622324464892975,15.130000114440918
2015-05-08,14.25,14.25,14.25,14.25,200.0,0.021505376344086002,12.859999656677246
2015-05-11,14.0,14.0,14.0,14.0,1600.0,-0.01754385964912286,13.850000381469727
2015-05-27,14.45,14.45,14.45,14.45,116000.0,0.03214285714285703,13.270000457763672
2015-06-01,15.25,15.25,15.25,15.25,375.0,0.05536332179930792,13.970000267028809
2015-06-02,15.0,15.0,15.0,15.0,560.0,-0.016393442622950838,14.239999771118164
2015-06-08,14.55,14.55,14.55,14.55,100000.0,-0.029999999999999916,15.289999961853027
2015-07-15,13.7254,13.7254,13.7254,13.7254,80000.0,-0.05667353951890031,13.229999542236328
2015-07-21,13.45,13.45,13.45,13.45,100000.0,-0.020064988998499178,12.220000267028809
2015-07-31,13.8046,13.8046,13.8046,13.8046,597.0,0.026364312267658008,12.119999885559082
2015-08-10,13.9183,13.9183,13.9183,13.9183,66778.0,0.008236384973124844,12.229999542236328
2015-08-26,12.3525,12.3525,12.3525,12.3525,1000.0,-0.11249937133126897,30.31999969482422
2015-08-27,12.7525,12.7525,12.7525,12.7525,500.0,0.032382108884841054,26.100000381469727
2015-09-01,12.7025,12.7025,12.7025,12.7025,1274.0,-0.003920799843167955,31.399999618530273
2015-09-08,13.2525,13.2525,13.2525,13.2525,100.0,0.043298563274945856,24.899999618530273
2015-09-09,13.5025,13.5025,13.5025,13.5025,500.0,0.0188643652141105,26.229999542236328
2015-09-14,13.8525,13.8525,13.8525,13.8525,400.0,0.025921125717459637,24.25
2015-09-17,13.905,13.905,13.9,13.9,150000.0,0.0034289839379173515,21.139999389648438
2015-10-05,12.8,12.8,12.8,12.8,300000.0,-0.07913669064748197,19.540000915527344
2015-10-12,13.25,13.25,13.25,13.25,4550.0,0.03515625,16.170000076293945
2015-10-13,13.0,13.0,13.0,13.0,5.0,-0.018867924528301883,17.670000076293945
2015-10-15,13.4025,13.4025,13.4025,13.4025,600.0,0.030961538461538485,16.049999237060547
2015-10-28,14.6025,14.6025,14.6025,14.6025,1000.0,0.08953553441522089,14.329999923706055
2015-11-20,15.425,15.425,15.325,15.325,118754.0,0.04947782913884602,15.470000267028809
2015-12-08,15.375,15.375,15.325,15.325,230000.0,0.0,17.600000381469727
2015-12-15,14.7,14.7,14.7,14.7,21227.0,-0.04078303425774876,20.950000762939453
2015-12-16,14.576,14.576,14.576,14.576,1540.0,-0.00843537414965978,17.860000610351562
2016-01-21,14.7875,14.7875,14.7875,14.7875,12000.0,0.014510153677277593,26.690000534057617
2016-02-03,14.8376,15.0525,14.8376,14.8376,19650.0,0.003387996618765987,21.649999618530273
2016-03-30,15.2809,15.2809,15.2809,15.2809,950.0,0.029876799482396077,13.5600004196167
2016-04-11,15.5,15.5,15.5,15.5,75000.0,0.01433816071042937,16.260000228881836
2016-04-12,15.4,15.4,15.4,15.4,15000.0,-0.006451612903225823,14.850000381469727
2016-04-18,15.6969,15.6969,15.6969,15.6969,44484.0,0.01927922077922073,13.350000381469727
2016-05-26,15.1802,15.1802,15.1802,15.1802,19000.0,-0.032917327625199944,13.430000305175781
2016-06-13,14.65,14.65,14.65,14.65,75000.0,-0.03492707605960388,20.969999313354492
2016-06-14,14.55,14.55,14.55,14.55,39862.0,-0.0068259385665528916,20.5
2016-06-15,15.4354,15.4354,15.4354,15.4354,16583.0,0.0608522336769759,20.139999389648438
2016-06-16,15.2296,15.2296,15.2296,15.2296,681.0,-0.013332987807248231,19.3700008392334
2016-06-29,15.4597,15.4647,15.2693,15.453,89529.0,0.0146688028575932,16.639999389648438
2016-07-01,15.8107,15.8107,15.8107,15.8107,54502.0,0.023147608878534953,14.770000457763672
2016-07-11,15.79,15.79,15.79,15.79,41088.0,-0.001309239945100571,13.539999961853027
2016-07-27,17.2224,17.2224,17.2224,17.2224,8270.0,0.09071564281190625,12.829999923706055
2016-07-28,19.1122,19.5,19.1122,19.5,175000.0,0.13224637681159424,12.720000267028809
2016-08-10,20.425,20.425,20.425,20.425,842.0,0.04743589743589749,12.050000190734863
2016-08-24,21.1042,21.1042,21.1042,21.1042,1381.0,0.03325336597307205,13.449999809265137
2016-09-06,21.0526,21.0526,21.0526,21.0526,76.0,-0.002445010945688386,12.020000457763672
2016-10-12,22.5,22.5,22.5,22.5,2.0,0.06875160312740469,15.90999984741211
2016-10-21,21.25,21.25,21.25,21.25,45.0,-0.05555555555555558,13.34000015258789
2016-10-26,24.95,24.95,24.95,24.95,880.0,0.1741176470588235,14.239999771118164
2016-10-27,24.0,24.0075,23.95,24.0075,930512.0,-0.03777555110220432,15.359999656677246
2016-11-07,24.5,24.5,24.5,24.5,50.0,0.020514422576278335,18.709999084472656
2016-11-08,24.2525,24.2525,24.2525,24.2525,300.0,-0.010102040816326485,18.739999771118164
2016-11-10,24.25,24.25,23.9391,23.9391,20192.0,-0.012922379136171558,14.739999771118164
2016-11-17,25.1,25.1,25.1,25.1,587.0,0.04849388657050602,13.350000381469727
2016-11-18,25.3025,25.3025,25.3025,25.3025,310.0,0.008067729083665265,12.850000381469727
2016-11-29,24.7535,24.7535,24.7535,24.7535,5616.0,-0.021697460725224715,12.899999618530273
2016-11-30,24.9945,24.9945,24.9945,24.9945,1148.0,0.009735996929727042,13.329999923706055
2016-12-01,24.5727,24.5727,24.5727,24.5727,2034.0,-0.016875712656784447,14.069999694824219
2016-12-07,24.25,24.25,24.25,24.25,200.0,-0.01313246000642998,12.220000267028809
2016-12-08,24.5804,24.5804,24.5804,24.5804,15416.0,0.013624742268041334,12.640000343322754
2016-12-19,25.1702,25.1702,25.1702,25.1702,5897.0,0.023994727506468472,11.710000038146973
2017-01-06,25.6089,25.6089,25.6089,25.6089,11909.0,0.017429341046157676,11.319999694824219
2017-01-09,25.5,25.5,25.5,25.5,190.0,-0.004252427866874298,11.5600004196167
2017-01-10,25.6856,25.6856,25.6856,25.6856,105.0,0.007278431372549132,11.489999771118164
2017-01-11,25.955,25.955,25.955,25.955,150.0,0.010488367022767564,11.260000228881836
2017-01-16,25.8893,25.8893,25.8893,25.8893,1603.0,-0.0025313041803121106,
2017-01-20,25.4025,25.4025,25.4025,25.4025,500.0,-0.018803134885840844,11.539999961853027
2017-01-24,25.0729,25.0729,25.0729,25.0729,1523.0,-0.012975100875898038,11.069999694824219
2017-01-25,28.5,28.5,28.5,28.5,57.0,0.13668542529982575,10.8100004196167
2017-02-01,28.4537,28.4537,28.4537,28.4537,2358.0,-0.0016245614035087508,11.8100004196167
2017-02-03,28.8975,28.8975,28.8975,28.8975,400.0,0.015597268545039844,10.970000267028809
2017-02-06,28.4525,28.4525,28.4525,28.4525,870.0,-0.01539925599100267,11.369999885559082
2017-02-08,28.8345,28.8345,28.8345,28.8345,94.0,0.013425885247341895,11.449999809265137
2017-02-10,29.5,29.515,29.5,29.515,222.0,0.0236002011479306,10.850000381469727
2017-02-13,29.521,29.521,29.521,29.521,26.0,0.00020328646450962218,11.069999694824219
2017-02-17,29.25,29.25,29.25,29.25,265.0,-0.00917990582974837,11.489999771118164
2017-02-20,29.25,29.3059,29.25,29.3059,57.0,0.0019111111111111967,
2017-02-27,29.2097,29.2097,29.2097,29.2097,9404.0,-0.0032826154460364743,12.09000015258789
2017-03-02,29.0,29.0,29.0,29.0,400.0,-0.007179122003991845,11.8100004196167
2017-03-03,29.25,29.25,29.25,29.25,18.0,0.008620689655172376,10.960000038146973
2017-03-07,29.7525,29.7525,29.5253,29.5253,14451.0,0.009411965811965795,11.449999809265137
2017-03-09,29.8975,29.8975,29.8975,29.8975,20.0,0.012606137786914884,12.300000190734863
2017-03-13,30.25,30.25,30.25,30.25,50.0,0.011790283468517515,11.350000381469727
2017-03-21,31.3808,31.3808,31.3808,31.3808,14302.0,0.03738181818181818,12.470000267028809
2017-03-23,31.25,31.25,31.25,31.25,27.0,-0.004168153775557015,13.119999885559082
2017-03-31,31.75,31.75,31.75,31.75,70.0,0.016000000000000014,12.369999885559082
2017-04-03,31.75,31.75,31.75,31.75,97.0,0.0,12.380000114440918
2017-04-04,31.75,31.75,31.5525,31.5525,138.0,-0.006220472440944924,11.789999961853027
2017-04-05,31.7025,31.8025,31.7025,31.8025,670.0,0.007923302432453871,12.890000343322754
2017-04-20,31.0,31.0,31.0,31.0,191.0,-0.025233865262164867,14.149999618530273
2017-04-24,30.75,30.75,30.75,30.75,140.0,-0.008064516129032251,10.84000015258789
2017-04-26,34.5,34.5,34.25,34.25,79.0,0.11382113821138207,10.850000381469727
2017-04-27,32.75,32.7566,32.5,32.7566,108.0,-0.04360291970802921,10.359999656677246
2017-05-03,34.0,34.0,34.0,34.0,100.0,0.03795876250892949,10.680000305175781
2017-05-04,33.555,33.825,33.555,33.8,600000.0,-0.005882352941176561,10.460000038146973
2017-05-05,33.5,33.8,33.5,33.8,1573923.0,0.0,10.569999694824219
2017-05-08,34.0353,34.3,34.0353,34.3,527516.0,0.014792899408283988,9.770000457763672
2017-05-09,34.7525,34.7525,34.7525,34.7525,67.0,0.013192419825072799,9.960000038146973
2017-05-10,34.75,35.0,34.75,35.0,12865.0,0.0071217897992950085,10.210000038146973
2017-05-11,34.65,34.857,34.65,34.857,12598.0,-0.004085714285714359,10.600000381469727
2017-05-15,35.4,35.4,35.4,35.4,13475.0,0.015577932696445362,10.420000076293945
2017-05-19,34.25,34.25,34.25,34.25,367.0,-0.03248587570621464,12.039999961853027
2017-05-23,34.5,34.5,34.3819,34.3819,218.0,0.003851094890511053,10.720000267028809
2017-05-24,34.7664,34.7664,34.7664,34.7664,3.0,0.011183209770256886,10.020000457763672
2017-05-26,35.7547,36.0,35.7547,35.7547,1051.0,0.028426871922315966,9.8100004196167
2017-05-30,35.7572,35.7572,35.7572,35.7572,1.0,6.992087753499021e-05,10.380000114440918
2017-05-31,35.75,36.0,35.75,36.0,50.0,0.0067902408465987385,10.40999984741211
2017-06-02,36.2256,36.2256,36.2256,36.2256,45.0,0.006266666666666643,9.75
2017-06-07,36.4647,36.4647,36.4647,36.4647,47.0,0.006600304756857023,10.390000343322754
2017-06-08,36.75,36.8074,36.75,36.8074,373.0,0.009398130246512482,10.15999984741211
2017-06-09,37.0,37.05,37.0,37.05,730.0,0.006591065926960127,10.699999809265137
2017-06-12,35.5,35.5,34.75,34.75,1125.0,-0.062078272604588314,11.460000038146973
2017-06-13,35.0,35.0,35.0,35.0,690.0,0.007194244604316502,10.420000076293945
2017-08-29,33.05,33.25,32.875,32.942,121105.0,-0.05879999999999996,11.699999809265137
2017-08-30,33.4,33.6563,33.35,33.5288,35443.0,0.017813126100418852,11.220000267028809
2017-08-31,33.9,34.15,33.85,34.059,18081.0,0.015813270978979332,10.59000015258789
2017-09-01,34.05,34.15,33.8,33.9042,19162.0,-0.004545054170703611,10.130000114440918
2017-09-04,33.7,33.95,33.45,33.8463,113892.0,-0.0017077530217496362,
2017-09-05,33.8,33.9,33.5,33.5875,48165.0,-0.007646330618117814,12.229999542236328
2017-09-06,33.45,33.6,33.303,33.4502,40752.0,-0.004087830294008055,11.630000114440918
2017-09-07,33.5,34.15,33.5,34.05,137346.0,0.017931133446137615,11.550000190734863
2017-09-08,33.9,34.0,33.75,33.85,16510.0,-0.00587371512481627,12.119999885559082
2017-09-11,34.3513,35.25,34.3513,35.1042,107144.0,0.03705169867060554,10.729999542236328
2017-09-12,35.3,35.8184,35.2,35.4545,71453.0,0.00997886292808281,10.579999923706055
2017-09-13,35.45,35.8,35.25,35.61,92822.0,0.004385903058850005,10.5
2017-09-14,35.75,35.9563,35.725,35.893,35452.0,0.007947205841055904,10.4399995803833
2017-09-15,35.55,35.75,35.3563,35.5736,777650.0,-0.008898671050065476,10.170000076293945
2017-09-18,36.0,36.1363,35.635,35.8885,51803.0,0.008852070074437224,10.149999618530273
2017-09-19,36.1005,36.68,36.1005,36.68,120527.0,0.022054418546330945,10.180000305175781
2017-09-20,36.5,36.75,36.22,36.4198,93095.0,-0.007093784078516796,9.779999732971191
2017-09-21,36.0,36.2892,35.79,35.9039,44432.0,-0.014165371583589215,9.670000076293945
2017-09-22,35.9,36.2892,35.53,35.7899,371775.0,-0.003175142533262343,9.59000015258789
2017-09-25,35.74,35.75,35.0727,35.5064,20756.0,-0.007921229173593725,10.210000038146973
2017-09-26,34.94,35.06,34.83,34.9684,124468.0,-0.01515219791361544,10.170000076293945
2017-09-27,34.5,35.24,34.5,35.1824,632403.0,0.006119811029386524,9.869999885559082
2017-09-28,34.9,35.4042,34.9,35.39,396393.0,0.005900677611533123,9.550000190734863
2017-09-29,35.34,35.47,35.02,35.1518,42102.0,-0.006730714891212131,9.510000228881836
2017-10-02,35.4683,35.474,35.08,35.4039,579551.0,0.007171752228904316,9.449999809265137
2017-10-03,35.36,35.6008,35.3,35.33,505336.0,-0.002087340660209769,9.510000228881836
2017-10-04,35.17,35.4308,35.17,35.3417,268552.0,0.0003311633172942141,9.630000114440918
2017-10-05,35.32,35.7438,34.97,35.0739,278353.0,-0.007577450999810442,9.1899995803833
2017-10-06,34.95,35.05,34.67,34.7838,127517.0,-0.008271107575718806,9.649999618530273
2017-10-09,34.81,35.124,34.8073,34.8976,187320.0,0.0032716379464001744,10.329999923706055
2017-10-10,35.33,35.75,34.97,35.61,88757.0,0.020414011278712563,10.079999923706055
2017-10-11,35.11,35.2454,35.11,35.1881,67080.0,-0.011847795563044161,9.850000381469727
2017-10-12,34.947,35.3341,34.947,34.9664,45640.0,-0.0063004254279145355,9.90999984741211
2017-10-13,35.47,35.54,35.0457,35.4204,228013.0,0.012983893108813094,9.609999656677246
2017-10-16,35.5314,35.5938,35.5,35.5561,32387.0,0.0038311255660579135,9.90999984741211
2017-10-17,35.67,36.28,35.67,35.9553,48797.0,0.011227328081538701,10.3100004196167
2017-10-18,35.74,36.28,35.73,36.2412,33622.0,0.007951539828620513,10.069999694824219
2017-10-19,35.95,35.9744,35.7152,35.7152,32077.0,-0.014513868194209856,10.050000190734863
2017-10-20,35.8,35.85,35.67,35.7594,75399.0,0.0012375683182510588,9.970000267028809
2017-10-23,35.76,36.3392,35.7,36.0327,36346.0,0.007642745683652308,11.069999694824219
2017-10-24,36.35,36.35,34.23,34.3065,42703.0,-0.04790648494284355,11.15999984741211
2017-10-25,34.75,34.8216,33.9764,34.3326,26185.0,0.0007607887718070749,11.229999542236328
2017-10-26,33.97,34.52,33.93,34.1242,40493.0,-0.00607003256380223,11.300000190734863
2017-10-27,34.6,34.605,34.45,34.5117,33258.0,0.011355577566653396,9.800000190734863
2017-10-30,34.925,34.94,34.77,34.8038,11289.0,0.008463796335735463,10.5
2017-10-31,34.99,35.68,34.7948,35.6361,201401.0,0.023914055361770714,10.180000305175781
2017-11-01,35.6625,36.465,35.0961,36.2595,50748.0,0.017493496763113958,10.199999809265137
2017-11-02,36.36,36.36,35.6,35.6539,73859.0,-0.016701829865276796,9.930000305175781
2017-11-03,35.63,36.19,35.59,36.146,66140.0,0.013802136652652397,9.140000343322754
2017-11-06,36.15,36.34,36.15,36.2465,97810.0,0.0027803906379681997,9.399999618530273
2017-11-07,36.41,36.62,36.2751,36.4346,113318.0,0.005189466569186063,9.890000343322754
2017-11-08,36.5,36.5,36.02,36.25,38438.0,-0.005066612505695178,9.779999732971191
2017-11-09,36.12,36.3893,35.33,35.6842,90747.0,-0.015608275862069032,10.5
2017-11-10,35.33,35.4633,35.09,35.1771,93185.0,-0.014210771153619683,11.289999961853027
2017-11-13,35.3,35.3,34.53,34.8038,14001.0,-0.010612017477279245,11.5
2017-11-14,34.97,34.9746,34.43,34.4338,11009.0,-0.010631023049207378,11.59000015258789
2017-11-15,34.2,34.372,33.96,34.0635,75625.0,-0.010753968484454202,13.130000114440918
2017-11-16,34.37,34.9113,34.0164,34.8462,140318.0,0.022977674049936336,11.760000228881836
2017-11-17,34.85,35.2365,34.8153,35.2365,53626.0,0.011200647416360843,11.430000305175781
2017-11-20,34.92,35.62,34.92,35.3107,4253.0,0.002105771004498047,10.649999618530273
2017-11-21,35.4,35.97,35.3561,35.3561,4462.0,0.0012857292548718036,9.729999542236328
2017-11-22,35.63,35.7388,35.4,35.4,995.0,0.0012416527841023761,9.880000114440918
2017-11-23,35.18,35.24,35.006,35.006,673.0,-0.011129943502824813,
2017-11-24,34.92,35.021,34.6007,34.7273,18222.0,-0.007961492315603058,9.670000076293945
2017-11-27,34.68,34.94,34.68,34.758,3012.0,0.0008840307193476171,9.869999885559082
2017-11-28,34.91,35.1348,34.68,34.9565,20988.0,0.005710915472696865,10.029999732971191
2017-11-29,34.95,35.1103,34.16,34.3979,7123.0,-0.01597986068399293,10.699999809265137
2017-11-30,34.01,34.405,33.94,34.3,4509.0,-0.002846103977277803,11.279999732971191
2017-12-01,33.77,33.77,33.01,33.364,17456.0,-0.02728862973760937,11.430000305175781
2017-12-04,33.48,33.48,32.8425,33.3978,6366.0,0.001013067977460702,11.680000305175781
2017-12-05,32.43,32.95,31.93,32.2532,4395.0,-0.03427171849642785,11.329999923706055
2017-12-06,31.94,32.58,31.94,32.1985,11589.0,-0.0016959557501270428,11.020000457763672
2017-12-07,32.94,33.21,32.57,32.87,3668.0,0.0208550087737005,10.15999984741211
2017-12-08,32.85,32.95,32.79,32.891,4093.0,0.0006388804380894619,9.579999923706055
2017-12-11,32.82,32.82,32.51,32.5691,21381.0,-0.009786871788635132,9.34000015258789
2017-12-12,32.68,33.0126,32.54,32.9127,18585.0,0.010549877030682442,9.920000076293945
2017-12-13,32.82,33.19,32.8,33.041,7915.0,0.0038981912757081183,10.180000305175781
2017-12-14,33.18,33.22,32.97,33.179,4803.0,0.0041766290366516134,10.489999771118164
2017-12-15,32.84,33.14,32.81,33.007,6016.0,-0.005184001928931092,9.420000076293945
2017-12-18,33.5,33.515,33.16,33.2984,7361.0,0.008828430332959769,9.529999732971191
2017-12-19,33.44,33.44,33.215,33.309,4547.0,0.00031833361362698653,10.029999732971191
2017-12-20,33.22,33.38,33.005,33.1,5015.0,-0.006274580443723754,9.720000267028809
2017-12-21,33.01,33.81,32.92,33.01,13098.0,-0.002719033232628454,9.619999885559082
2017-12-22,33.4972,33.53,33.27,33.51,1323.0,0.015146925174189585,9.899999618530273
2017-12-27,33.55,33.62,33.37,33.4157,2272.0,-0.002814085347657369,10.470000267028809
2017-12-28,33.47,33.47,33.17,33.3037,12800.0,-0.003351717905056617,10.180000305175781
2017-12-29,33.07,33.07,32.9,32.98,3461.0,-0.00971964076063625,11.039999961853027
2018-01-02,32.9,32.9,32.9,32.9,90511.0,-0.0024257125530624535,9.770000457763672
2018-01-03,33.28,33.44,33.28,33.44,2755.0,0.01641337386018238,9.149999618530273
2018-01-04,33.57,33.57,33.3,33.42,3248.0,-0.0005980861244018199,9.220000267028809
2018-01-05,33.49,34.05,33.49,34.05,1866.0,0.018850987432674993,9.220000267028809
2018-01-08,34.5,34.7738,34.39,34.7738,2594.0,0.021256975036710868,9.520000457763672
2018-01-10,34.35,34.35,34.35,34.35,52.0,-0.012187336442954222,9.819999694824219
2018-01-12,34.47,34.47,34.35,34.47,731.0,0.003493449781659219,10.15999984741211
2018-01-15,34.74,34.74,34.66,34.69,5318.0,0.006382361473745268,
2018-01-17,34.68,34.88,34.48,34.87,2109.0,0.005188815220524612,11.90999984741211
2018-01-18,35.0595,35.1905,35.0595,35.1905,2892.0,0.009191281904215698,12.220000267028809
2018-01-19,35.75,35.879,35.75,35.879,60844.0,0.019564939401258696,11.270000457763672
2018-01-22,36.12,36.32,36.08,36.125,28684.0,0.006856378382898098,11.029999732971191
2018-01-23,37.49,39.0305,37.14,39.0005,22598.0,0.07959861591695505,11.100000381469727
2018-01-24,39.71,40.32,39.71,40.05,6914.0,0.026909911411391985,11.470000267028809
2018-01-25,40.07,40.2095,40.07,40.1695,4422.0,0.002983770287141141,11.579999923706055
2018-01-26,40.4095,40.4095,40.37,40.4,2437.0,0.005738184443421002,11.079999923706055
2018-01-29,40.23,40.37,40.23,40.23,13945.0,-0.004207920792079212,13.84000015258789
2018-01-30,39.6795,39.6795,39.6795,39.6795,1724.0,-0.013683818046234197,14.789999961853027
2018-01-31,39.52,39.6995,39.09,39.09,4273.0,-0.014856538010811438,13.539999961853027
2018-02-01,39.67,39.755,39.4295,39.4405,2250.0,0.008966487592734662,13.470000267028809
2018-02-02,38.831,38.831,38.806,38.806,404.0,-0.0160875242453824,17.309999465942383
2018-02-05,37.98,38.375,37.94,38.315,3532.0,-0.01265268257485952,37.31999969482422
2018-02-06,36.68,37.228,36.68,37.0305,11385.0,-0.033524729218321614,29.979999542236328
2018-02-07,37.29,37.3395,36.95,37.3395,1834.0,0.008344472799449054,27.729999542236328
2018-02-09,35.69,36.0666,35.32,35.32,20203.0,-0.05408481634729978,29.059999465942383
2018-02-12,35.8295,36.045,35.8295,35.875,1056.0,0.01571347678369195,25.610000610351562
2018-02-13,36.02,36.305,35.735,35.735,695.0,-0.0039024390243902474,24.969999313354492
2018-02-14,36.48,36.795,36.48,36.48,2343.0,0.020847908213236233,19.260000228881836
2018-02-15,37.72,37.8395,37.539,37.66,5219.0,0.03234649122807021,19.1299991607666
2018-02-16,38.09,38.1495,37.96,38.1195,3510.0,0.01220127456186959,19.459999084472656
2018-02-19,37.789,37.789,37.476,37.476,44.0,-0.016881123834258105,
2018-02-20,37.594,37.594,37.489,37.594,2287.0,0.0031486818230335167,20.600000381469727
2018-02-21,37.68,37.766,37.675,37.6955,39466.0,0.002699898920040411,20.020000457763672
2018-02-22,37.575,37.575,37.295,37.565,5454.0,-0.0034619516918465987,18.719999313354492
2018-02-26,37.6405,38.091,37.6405,37.805,140566.0,0.006388925861839478,15.800000190734863
2018-02-27,37.6,37.9005,37.472,37.658,23439.0,-0.003888374553630447,18.59000015258789
2018-03-01,36.795,36.795,36.38,36.38,38055.0,-0.033937012055871185,22.469999313354492
2018-03-02,35.5601,35.5601,35.5601,35.5601,18614.0,-0.02253710830126454,19.59000015258789
2018-03-05,36.18,36.658,36.095,36.658,13852.0,0.03087449135407394,18.729999542236328
2018-03-07,36.661,36.661,36.661,36.661,45469.0,8.183752523316379e-05,17.760000228881836
2018-03-08,37.4,37.41,37.4,37.405,14323.0,0.020294045443386644,16.540000915527344
2018-03-09,36.855,36.855,36.759,36.759,19677.0,-0.017270418393262932,14.640000343322754
2018-03-12,37.421,37.57,37.421,37.421,1717.0,0.018009195027068214,15.779999732971191
2018-03-13,37.47,37.47,37.47,37.47,25231.0,0.00130942518906485,16.350000381469727
2018-03-14,36.979,36.979,36.979,36.979,6216.0,-0.013103816386442424,17.229999542236328
2018-03-15,37.485,37.485,37.485,37.485,2255.0,0.013683441953541209,16.59000015258789
2018-03-16,37.408,37.408,37.377,37.377,8972.0,-0.0028811524609843042,15.800000190734863
2018-03-19,37.417,37.417,37.417,37.417,7160.0,0.001070176846723836,19.020000457763672
2018-03-20,37.4231,37.4231,37.22,37.4231,15026.0,0.00016302750086838458,18.200000762939453
2018-03-21,37.139,37.139,36.86,36.99,14313.0,-0.01157306583366946,17.860000610351562
2018-03-22,36.191,36.191,35.98,35.98,104923.0,-0.027304676939713612,23.34000015258789
2018-03-23,35.431,35.431,35.3101,35.38,28394.0,-0.016675931072818062,24.8700008392334
2018-03-26,35.385,35.4,35.385,35.385,7756.0,0.00014132278123213382,21.030000686645508
2018-03-27,35.34,35.45,35.2895,35.33,102084.0,-0.0015543309311855102,22.5
2018-03-28,34.9205,34.9205,34.59,34.9205,22977.0,-0.011590716105292942,22.8700008392334
2018-03-29,34.96,34.96,34.8,34.96,43754.0,0.001131140733952929,19.969999313354492
2018-04-04,34.01,34.3965,33.9625,34.0125,27406.0,-0.027102402745995402,20.059999465942383
2018-04-05,34.8695,34.98,34.8695,34.98,22162.0,0.028445424476295278,18.940000534057617
2018-04-06,34.869,34.869,34.76,34.76,17684.0,-0.0062893081761006275,21.489999771118164
2018-04-09,34.77,34.77,34.71,34.77,7729.0,0.00028768699654779795,21.770000457763672
2018-04-10,35.1689,35.1689,35.03,35.149,14546.0,0.01090020132297953,20.469999313354492
2018-04-11,35.13,35.41,35.13,35.41,10093.0,0.00742553130956769,20.239999771118164
2018-04-12,35.2875,35.6,35.2875,35.6,6524.0,0.005365715899463552,18.489999771118164
2018-04-13,35.83,35.87,35.69,35.87,9445.0,0.007584269662921139,17.40999984741211
2018-04-17,36.365,36.54,36.365,36.54,24020.0,0.018678561471982214,15.25
2018-04-18,36.5505,36.5505,36.5205,36.5505,27943.0,0.0002873563218390718,15.600000381469727
2018-04-19,36.661,36.661,36.661,36.661,19337.0,0.00302321445671061,15.960000038146973
2018-04-20,36.7396,36.949,36.7396,36.7396,36444.0,0.0021439677040997474,16.8799991607666
2018-04-23,37.08,37.1,37.08,37.1,15040.0,0.009809578765147098,16.34000015258789
2018-04-24,37.0,37.1805,37.0,37.0,40603.0,-0.0026954177897574594,18.020000457763672
2018-04-26,36.4995,36.54,36.4995,36.4995,19040.0,-0.013527027027027128,16.239999771118164
2018-04-27,37.49,37.6895,37.2,37.6895,23006.0,0.032603186345018464,15.40999984741211
2018-04-30,36.9905,36.9905,36.86,36.86,1575.0,-0.022008782286843886,15.930000305175781
2018-05-03,39.7611,40.1275,39.7611,40.0056,107922.0,0.08533912099837226,15.899999618530273
2018-05-04,39.89,40.048,39.74,39.74,108204.0,-0.006639070530125801,14.770000457763672
2018-05-08,40.9,40.9,40.51,40.51,65036.0,0.019375943633618498,14.710000038146973
2018-05-09,40.4575,40.5195,40.4575,40.5195,17141.0,0.00023450999753160673,13.420000076293945
2018-05-11,40.5,40.62,40.5,40.5,65792.0,-0.0004812497686299544,12.649999618530273
2018-05-15,40.4395,40.4395,40.3595,40.3595,20882.0,-0.0034691358024692143,14.630000114440918
2018-05-18,40.7913,40.7913,40.7913,40.7913,11446.0,0.010698844138307129,13.420000076293945
2018-05-22,41.0,41.0,40.5405,40.6205,43236.0,-0.0041871673616677985,13.220000267028809
2018-05-23,39.8105,39.8105,39.8105,39.8105,11695.0,-0.019940670351177414,12.579999923706055
2018-05-24,40.2895,40.2895,40.2895,40.2895,12590.0,0.012032001607616083,12.529999732971191
2018-05-25,40.5695,40.5695,40.5695,40.5695,25683.0,0.006949701535139408,13.220000267028809
2018-05-29,40.0543,40.0877,40.0543,40.0543,81891.0,-0.012699195208222935,17.020000457763672
2018-05-30,39.872,40.3212,39.872,40.3212,106177.0,0.0066634543607053676,14.9399995803833
2018-06-01,40.22,40.999,40.22,40.9195,12887.0,0.01483834806503781,13.460000038146973
2018-06-04,40.77,41.4028,40.76,41.26,31723.0,0.008321216046139446,12.739999771118164
2018-06-05,42.239,42.239,42.239,42.239,25085.0,0.02372758119243823,12.399999618530273
2018-06-06,42.5,42.5675,42.351,42.5675,20378.0,0.007777172755036865,11.640000343322754
2018-06-07,43.34,43.7805,43.0375,43.0875,91455.0,0.012215892406178375,12.130000114440918
2018-06-08,42.685,43.256,42.685,43.25,19262.0,0.003771395416304113,12.180000305175781
2018-06-11,43.666,43.869,43.666,43.69,15212.0,0.010173410404624272,12.350000381469727
2018-06-12,43.941,44.1,43.941,44.019,11764.0,0.007530327306019657,12.34000015258789
2018-06-13,44.578,44.979,44.578,44.827,18872.0,0.018355710034303474,12.9399995803833
2018-06-14,44.98,45.4495,44.364,45.4495,17285.0,0.013886720057108448,12.119999885559082
2018-06-15,45.0625,45.0625,44.91,44.91,86395.0,-0.011870317605254255,11.979999542236328
2018-06-18,44.3,45.08,44.185,45.08,10858.0,0.0037853484747272237,12.3100004196167
2018-06-19,44.29,44.29,43.54,43.545,69262.0,-0.034050576752440054,13.350000381469727
2018-06-20,44.0,44.48,43.91,44.22,31798.0,0.01550120564932822,12.789999961853027
2018-06-21,44.49,44.49,43.715,43.715,10770.0,-0.011420171867932982,14.640000343322754
2018-06-22,43.81,43.81,43.81,43.81,13947.0,0.0021731671051126167,13.770000457763672
2018-06-25,43.3,43.51,42.79,42.79,17169.0,-0.02328235562656933,17.329999923706055
2018-06-26,42.863,43.1957,42.863,43.02,17924.0,0.005375087637298437,15.920000076293945
2018-06-27,43.5,44.04,43.277,43.755,11890.0,0.017085076708507563,17.90999984741211
2018-06-28,43.28,43.5,42.8338,42.8338,30614.0,-0.021053593874985843,16.850000381469727
2018-06-29,43.61,43.74,43.5425,43.74,10502.0,0.02115618973801081,16.09000015258789
2018-07-02,43.26,43.66,43.1675,43.3775,17505.0,-0.008287608596250662,15.600000381469727
2018-07-03,44.1,44.24,43.603,43.603,22210.0,0.005198547634142292,16.139999389648438
2018-07-04,43.6175,43.6175,42.495,42.495,24369.0,-0.025411095566818864,
2018-07-05,43.205,43.42,43.205,43.38,23800.0,0.02082597952700338,14.970000267028809
2018-07-06,43.73,43.995,43.57,43.57,23222.0,0.0043798985707699245,13.369999885559082
2018-07-09,44.3,44.568,44.3,44.3521,11327.0,0.017950424604085358,12.6899995803833
2018-07-10,44.86,45.015,44.86,44.86,10056.0,0.011451543444391588,12.640000343322754
2018-07-11,44.76,44.76,44.649,44.6536,4307.0,-0.004600980829246537,13.630000114440918
2018-07-12,45.1,45.165,44.9582,45.165,76533.0,0.011452604045362635,12.579999923706055
2018-07-13,45.5,45.9385,45.5,45.5,1693.0,0.00741724786892517,12.180000305175781
2018-07-16,45.7,45.745,45.7,45.7,8097.0,0.00439560439560438,12.829999923706055
2018-07-17,45.35,45.35,44.914,45.25,34993.0,-0.009846827133479286,12.0600004196167
2018-07-18,45.55,45.6072,45.55,45.55,25530.0,0.006629834254143541,12.100000381469727
2018-07-19,45.406,45.81,45.406,45.789,86382.0,0.005246981339187773,12.869999885559082
2018-07-20,45.841,46.537,45.841,46.315,11342.0,0.011487475157788918,12.859999656677246
2018-07-23,46.21,46.21,45.786,46.21,8502.0,-0.002267084098024341,12.619999885559082
2018-07-24,46.357,46.85,46.357,46.68,22350.0,0.010170958666955165,12.40999984741211
2018-07-25,46.27,46.339,46.074,46.339,22703.0,-0.007305055698371921,12.289999961853027
2018-07-26,46.61,46.61,46.095,46.27,49213.0,-0.0014890265219360543,12.140000343322754
2018-07-27,46.08,46.74,46.08,46.475,31899.0,0.0044305165333908825,13.029999732971191
2018-07-30,45.77,46.288,45.77,45.77,10910.0,-0.01516944593867664,14.260000228881836
2018-07-31,45.84,45.84,43.16,43.16,57383.0,-0.057024251693248984,12.829999923706055
2018-08-02,43.61,45.02,43.484,44.821,28349.0,0.03848470806302129,12.1899995803833
2018-08-03,44.97,45.68,44.97,45.46,12045.0,0.014256710024318942,11.640000343322754
2018-08-06,45.0395,45.5,45.0395,45.5,27631.0,0.0008798944126704455,11.270000457763672
2018-08-07,45.66,45.745,45.38,45.745,14591.0,0.005384615384615321,10.930000305175781
2018-08-08,45.566,45.566,45.21,45.48,13209.0,-0.00579298283965457,10.850000381469727
2018-08-09,45.613,46.25,45.613,46.091,6996.0,0.013434476693052089,11.270000457763672
2018-08-10,45.35,45.57,45.21,45.57,46822.0,-0.011303725239200757,13.15999984741211
2018-08-13,45.415,45.6185,45.415,45.6185,4784.0,0.0010642966864164993,14.779999732971191
2018-08-14,45.94,46.151,45.789,46.065,11301.0,0.009787695781316774,13.3100004196167
2018-08-15,46.15,46.66,45.616,45.75,75726.0,-0.006838163464669478,14.640000343322754
2018-08-16,46.39,46.39,45.925,46.385,81411.0,0.013879781420764958,13.449999809265137
2018-08-17,46.54,46.568,46.267,46.385,33061.0,0.0,12.640000343322754
2018-08-20,46.755,47.3,46.755,47.25,25767.0,0.01864826991484314,12.489999771118164
2018-08-21,47.3,47.749,47.266,47.67,23938.0,0.008888888888888946,12.859999656677246
2018-08-22,47.519,47.519,47.415,47.415,34275.0,-0.005349276274386416,12.25
2018-08-23,47.74,47.91,47.74,47.89,11004.0,0.010017926816408229,12.40999984741211
2018-08-24,48.03,48.08,48.03,48.04,21700.0,0.003132177907705147,11.989999771118164
2018-08-28,48.43,48.78,48.39,48.39,16957.0,0.007285595337219064,12.5
2018-08-29,48.174,48.472,48.174,48.47,29060.0,0.0016532341392849759,12.25
2018-08-30,48.2,48.31,47.915,47.995,36811.0,-0.009799876212089997,13.529999732971191
2018-08-31,47.46,47.87,46.98,47.78,29220.0,-0.004479633295134788,12.859999656677246
2018-09-03,48.0,48.186,47.9,47.97,4593.0,0.003976559229803112,
2018-09-04,47.56,47.56,47.17,47.52,4575.0,-0.009380863039399556,13.15999984741211
2018-09-05,46.95,47.322,46.18,46.18,54662.0,-0.028198653198653223,13.90999984741211
2018-09-06,45.7,46.343,45.525,45.56,67623.0,-0.013425725422260615,14.649999618530273
2018-09-07,45.35,45.52,45.35,45.35,20867.0,-0.00460930640913082,14.880000114440918
2018-09-10,45.375,45.375,45.345,45.375,36300.0,0.0005512679162071876,14.15999984741211
2018-09-11,45.507,45.515,45.507,45.51,77014.0,0.002975206611570247,13.220000267028809
2018-09-12,46.11,46.32,45.555,45.555,5912.0,0.0009887936717205559,13.140000343322754
2018-09-13,45.98,46.01,45.8,45.9,22038.0,0.007573263088574311,12.369999885559082
2018-09-14,45.62,45.82,45.58,45.8,64925.0,-0.002178649237472796,12.069999694824219
2018-09-17,45.53,45.53,45.238,45.238,24929.0,-0.012270742358078568,13.680000305175781
2018-09-18,44.765,45.058,44.765,45.0155,66844.0,-0.004918431407223922,12.789999961853027
2018-09-19,44.8,44.95,44.32,44.32,21129.0,-0.015450233808354974,11.75
2018-09-20,44.45,44.84,44.45,44.62,39936.0,0.006768953068591932,11.800000190734863
2018-09-21,44.26,44.26,43.99,44.07,10973.0,-0.01232631107126847,11.680000305175781
2018-09-24,43.88,43.88,43.41,43.41,164665.0,-0.014976174268209741,12.199999809265137
2018-09-25,44.02,44.02,44.02,44.02,21570.0,0.01405206173692708,12.420000076293945
2018-09-26,44.1,44.22,43.75,44.2,14501.0,0.004089050431621999,12.890000343322754
2018-09-27,43.72,44.1,43.72,44.1,15279.0,-0.002262443438914019,12.40999984741211
2018-09-28,43.97,44.06,43.964,43.964,33160.0,-0.003083900226757419,12.119999885559082
2018-10-01,44.22,44.48,44.22,44.3854,424416.0,0.009585115094167929,12.0
2018-10-02,43.61,43.982,43.38,43.6404,125703.0,-0.016784798604946638,12.050000190734863
2018-10-03,43.58,43.9398,43.58,43.64,288999.0,-9.165818828371641e-06,11.609999656677246
2018-10-04,43.21,43.21,42.84,43.155,193310.0,-0.011113657195233717,14.220000267028809
2018-10-05,42.89,43.06,42.32,42.32,4655.0,-0.01934885876491721,14.819999694824219
2018-10-08,42.03,42.04,41.3325,41.4279,12562.0,-0.021079867674858255,15.6899995803833
2018-10-09,41.18,41.565,40.659,41.33,33286.0,-0.002363141747469766,15.949999809265137
2018-10-10,40.44,40.44,39.09,39.148,105216.0,-0.05279458020808114,22.959999084472656
2018-10-11,37.61,38.776,37.61,38.134,48668.0,-0.025901706345151765,24.979999542236328
2018-10-12,38.57,39.28,38.57,39.0151,53700.0,0.023105365290816415,21.309999465942383
2018-10-15,38.46,38.91,38.46,38.66,14954.0,-0.009101604250661977,21.299999237060547
2018-10-16,39.1,39.88,39.1,39.66,77319.0,0.025866528711846914,17.6200008392334
2018-10-17,40.12,40.93,39.725,40.13,22813.0,0.011850731215330423,17.399999618530273
2018-10-18,40.508,40.508,39.915,39.935,14447.0,-0.0048592075753800534,20.059999465942383
2018-10-19,39.59,39.59,38.93,39.45,17766.0,-0.012144735194691392,19.889999389648438
2018-10-22,39.5,39.735,39.34,39.69,18685.0,0.006083650190114032,19.639999389648438
2018-10-23,38.368,38.368,35.23,35.42,24395.0,-0.10758377425044086,20.709999084472656
2018-10-24,35.73,35.884,34.86,34.9,75309.0,-0.014680971202710391,25.229999542236328
2018-10-25,34.09,35.92,33.79,35.17,45049.0,0.007736389684813938,24.219999313354492
2018-10-26,35.5113,35.5113,34.42,35.21,72287.0,0.0011373329542223587,24.15999984741211
2018-10-29,36.02,36.47,35.61,36.24,13301.0,0.029253053109911997,24.700000762939453
2018-10-30,35.65,35.739,35.26,35.72,5603.0,-0.014348785871964753,23.350000381469727
2018-10-31,36.76,37.15,36.76,37.15,330157.0,0.04003359462486,21.229999542236328
2018-11-01,37.75,38.0825,37.75,38.0825,218637.0,0.02510094212651426,19.34000015258789
2018-11-02,38.5,39.62,38.23,38.4164,14751.0,0.008767806735377137,19.510000228881836
2018-11-05,37.986,37.986,36.642,36.74,45208.0,-0.043637613102737394,19.959999084472656
2018-11-06,36.86,37.055,36.69,36.915,18918.0,0.004763200870985251,19.90999984741211
2018-11-07,36.91,37.26,36.91,37.135,130558.0,0.005959637003927876,16.360000610351562
2018-11-08,37.49,37.615,36.93,36.99,18537.0,-0.003904672142183818,16.719999313354492
2018-11-09,37.144,37.144,36.75,36.828,23582.0,-0.004379562043795637,17.360000610351562
2018-11-12,36.99,36.99,35.53,35.62,51784.0,-0.03280112957532322,20.450000762939453
2018-11-13,35.5,36.145,35.37,35.5,13984.0,-0.003368893879842738,20.020000457763672
2018-11-14,35.5,35.93,34.88,35.27,66377.0,-0.006478873239436522,21.25
2018-11-15,34.81,35.21,34.45,34.75,20249.0,-0.014743407995463698,19.979999542236328
2018-11-16,34.75,34.75,34.217,34.44,56438.0,-0.0089208633093526,18.139999389648438
2018-11-19,34.68,34.68,32.962,32.962,30797.0,-0.04291521486643424,20.100000381469727
2018-11-20,32.646,32.646,32.082,32.36,11356.0,-0.018263454887446295,22.479999542236328
2018-11-21,32.49,32.6325,32.15,32.45,104014.0,0.0027812113720644405,20.799999237060547
2018-11-22,32.3,32.5,32.15,32.42,76035.0,-0.0009244992295840415,
2018-11-23,31.91,32.47,31.907,32.19,36022.0,-0.007094386181369594,21.520000457763672
2018-11-26,33.09,33.685,33.09,33.67,25551.0,0.04597701149425304,18.899999618530273
2018-11-27,33.23,33.23,32.89,33.17,23669.0,-0.014850014850014803,19.020000457763672
2018-11-28,33.17,33.46,33.17,33.2,58832.0,0.0009044317154054404,18.489999771118164
2018-11-29,34.4,34.4675,33.794,34.05,28677.0,0.02560240963855409,18.790000915527344
2018-11-30,33.8,33.8,33.62,33.62,21512.0,-0.012628487518355325,18.06999969482422
2018-12-03,35.9925,35.9925,35.11,35.16,23135.0,0.045806067816775764,16.440000534057617
2018-12-04,34.804,34.804,33.9795,33.9795,24422.0,-0.033575085324231924,20.739999771118164
2018-12-05,33.34,33.78,33.34,33.47,29033.0,-0.014994334819523614,
2018-12-06,32.69,32.88,32.3,32.88,18818.0,-0.017627726322079318,21.190000534057617
2018-12-07,33.41,33.4825,32.86,32.86,19783.0,-0.0006082725060828631,23.229999542236328
2018-12-10,32.348,32.348,32.02,32.348,5363.0,-0.015581253804017092,22.639999389648438
2018-12-11,32.45,33.5805,32.19,33.42,21872.0,0.03313960677630767,21.760000228881836
2018-12-12,33.21,33.824,32.998,33.738,31645.0,0.009515260323159636,21.459999084472656
2018-12-13,33.816,33.816,33.2,33.2,11152.0,-0.01594641057561197,20.649999618530273
2018-12-14,32.71,32.844,32.402,32.586,11948.0,-0.018493975903614568,21.6299991607666
2018-12-17,32.0,32.496,31.65,32.07,26325.0,-0.015835021174737562,24.520000457763672
2018-12-18,31.91,32.15,31.24,31.924,28875.0,-0.004552541315871572,25.579999923706055
2018-12-19,31.38,31.8,31.25,31.73,7828.0,-0.006076932715198602,25.579999923706055
2018-12-20,30.99,31.13,30.302,30.33,16882.0,-0.04412228175228494,28.3799991607666
2018-12-21,30.27,30.61,30.27,30.37,5423.0,0.0013188262446424126,30.110000610351562
2018-12-27,30.01,30.47,29.65,29.89,33741.0,-0.015805070793546316,29.959999084472656
2018-12-28,30.78,31.13,30.78,30.92,47622.0,0.03445968551354972,28.34000015258789
2019-01-03,29.96,29.96,28.9675,29.12,53443.0,-0.05821474773609314,25.450000762939453
2019-01-04,29.29,30.43,29.29,30.43,8495.0,0.04498626373626369,21.3799991607666
2019-01-07,30.81,30.914,30.6,30.9,49996.0,0.015445284258954972,21.399999618530273
2019-01-08,31.34,31.8,31.22,31.42,56331.0,0.016828478964401317,20.469999313354492
2019-01-09,31.89,32.36,31.66,32.1405,76131.0,0.022931253978357713,19.979999542236328
2019-01-10,32.16,32.32,32.03,32.23,67898.0,0.0027846486520120006,19.5
2019-01-11,32.9,33.01,32.47,32.47,18906.0,0.007446478436239579,18.190000534057617
2019-01-14,32.11,32.57,32.11,32.14,5471.0,-0.010163227594702784,19.06999969482422
2019-01-15,32.44,32.44,31.92,32.07,10497.0,-0.002177971375233345,18.600000381469727
2019-01-16,32.86,33.026,32.42,32.8075,17441.0,0.022996570003118055,19.040000915527344
2019-01-17,32.64,32.64,32.45,32.55,10390.0,-0.007848815057532543,18.059999465942383
2019-01-18,32.84,33.549,32.834,33.41,88241.0,0.026420890937020047,17.799999237060547
2019-01-21,33.88,34.022,33.574,33.886,18300.0,0.014247231367854107,
2019-01-22,34.99,35.34,33.49,33.63,175522.0,-0.007554742371480905,20.799999237060547
2019-01-23,34.01,35.847,33.748,35.63,44311.0,0.059470710674992544,19.520000457763672
2019-01-24,35.73,35.91,35.199,35.43,88994.0,-0.005613247263542065,18.889999389648438
2019-01-25,35.57,36.15,35.57,35.99,46184.0,0.01580581428168215,17.420000076293945
2019-01-28,36.55,36.55,35.74,36.02,57791.0,0.0008335648791331085,18.8700008392334
2019-01-29,36.12,36.41,35.755,36.034,51575.0,0.00038867295946687364,19.1299991607666
2019-01-30,36.26,36.26,35.82,35.99,17546.0,-0.0012210689903978666,17.65999984741211
2019-01-31,36.2,36.45,35.98,36.13,41898.0,0.0038899694359544323,16.56999969482422
2019-02-01,36.17,36.17,35.49,35.64,9336.0,-0.0135621367284805,16.139999389648438
2019-02-04,35.875,35.875,35.565,35.67,27215.0,0.0008417508417508657,15.729999542236328
2019-02-05,35.99,35.99,35.694,35.93,60508.0,0.007289038407625403,15.569999694824219
2019-02-06,36.1,36.43,35.94,36.26,99577.0,0.009184525466184201,15.380000114440918
2019-02-07,36.24,36.4,35.5,35.5,49998.0,-0.020959735245449473,16.3700008392334
2019-02-08,35.26,35.38,34.85,34.85,20954.0,-0.018309859154929553,15.720000267028809
2019-02-11,35.4,35.56,35.19,35.26,37896.0,0.0117647058823529,15.970000267028809
2019-02-12,35.89,36.55,35.87,36.39,55987.0,0.03204764605785604,15.430000305175781
2019-02-13,36.75,37.23,36.745,36.93,73424.0,0.01483924154987637,15.649999618530273
2019-02-14,37.2,37.2,36.77,36.77,30287.0,-0.004332520985648403,16.219999313354492
2019-02-15,36.59,37.44,36.341,37.15,59139.0,0.010334511830296211,14.90999984741211
2019-02-18,37.195,37.195,36.766,37.07,14452.0,-0.00215343203230145,
2019-02-19,37.02,37.04,36.63,36.81,30191.0,-0.007013757755597427,14.880000114440918
2019-02-20,36.88,37.08,36.74,37.06,17673.0,0.006791632708503137,14.020000457763672
2019-02-21,36.88,37.152,36.8,36.98,31700.0,-0.0021586616297897265,14.460000038146973
2019-02-22,37.25,37.5,37.073,37.348,29934.0,0.009951325040562509,13.510000228881836
2019-02-25,37.68,37.82,37.68,37.8005,30828.0,0.012115775945164442,14.850000381469727
2019-02-26,38.01,38.21,37.736,38.144,10967.0,0.009087181386489673,15.170000076293945
2019-02-27,38.005,38.005,37.565,37.61,33532.0,-0.013999580536912748,14.699999809265137
2019-02-28,37.27,37.5913,37.164,37.53,24905.0,-0.00212709385801646,14.779999732971191
2019-03-01,37.92,37.92,37.59,37.83,24838.0,0.007993605115907298,13.569999694824219
2019-03-04,38.335,38.335,37.998,37.998,24475.0,0.004440919904837415,14.630000114440918
2019-03-05,37.91,37.91,37.5,37.9,68707.0,-0.0025790831096372813,14.739999771118164
2019-03-06,38.919,38.919,38.388,38.7,48115.0,0.02110817941952514,15.739999771118164
2019-03-07,38.68,38.74,38.24,38.3,47510.0,-0.010335917312661591,16.59000015258789
2019-03-08,37.74,37.74,37.16,37.43,11043.0,-0.022715404699738873,16.049999237060547
2019-03-11,37.33,38.11,37.2,38.11,9145.0,0.018167245524979947,14.329999923706055
2019-03-12,38.33,38.53,37.91,37.98,15865.0,-0.0034111781684598164,13.770000457763672
2019-03-13,37.98,38.19,37.77,38.19,32914.0,0.005529225908372792,13.40999984741211
2019-03-14,38.12,38.64,38.12,38.64,14689.0,0.011783189316575182,13.5
2019-03-15,38.91,38.91,38.336,38.91,6373.0,0.006987577639751441,12.880000114440918
2019-03-18,38.65,38.65,38.03,38.05,38480.0,-0.022102287329735293,13.100000381469727
2019-03-19,38.31,38.53,37.9,38.51,16827.0,0.0120893561103812,13.5600004196167
2019-03-20,38.01,38.048,37.34,37.46,28128.0,-0.027265645286938422,13.90999984741211
2019-03-21,37.43,38.05,37.33,37.89,18501.0,0.011478910838227385,13.630000114440918
2019-03-22,37.53,38.19,37.1,37.12,21580.0,-0.020321984692531103,16.479999542236328
2019-03-25,36.14,36.84,36.023,36.67,31428.0,-0.012122844827586077,16.329999923706055
2019-03-26,37.04,37.27,36.57,37.19,20500.0,0.014180529042814083,14.680000305175781
2019-03-27,37.18,37.77,37.18,37.18,58089.0,-0.00026888948642100896,15.149999618530273
2019-03-28,37.94,38.41,37.94,37.98,26298.0,0.02151694459386766,14.430000305175781
2019-03-29,38.33,39.194,38.2,39.12,45616.0,0.03001579778830976,13.710000038146973
2019-04-01,39.58,39.827,39.3475,39.47,44632.0,0.008946830265848638,13.399999618530273
2019-04-02,39.54,39.84,39.302,39.59,30019.0,0.0030402837598177967,13.359999656677246
2019-04-03,40.02,40.396,39.946,40.396,20954.0,0.02035867643344269,13.739999771118164
2019-04-04,40.2025,40.306,40.07,40.2,15230.0,-0.004851965541142644,13.579999923706055
2019-04-05,40.4925,40.81,40.3775,40.62,55687.0,0.010447761194029681,12.819999694824219
2019-04-08,40.455,40.5,40.377,40.393,17397.0,-0.005588380108320967,13.180000305175781
2019-04-09,40.667,40.92,40.36,40.36,41902.0,-0.0008169732379372796,14.279999732971191
2019-04-10,40.6375,40.94,40.6375,40.94,28417.0,0.01437066402378595,13.300000190734863
2019-04-11,40.905,41.116,40.77,40.78,23761.0,-0.0039081582804102455,13.020000457763672
2019-04-12,40.8175,41.17,40.8175,41.121,7489.0,0.008361942128494393,12.010000228881836
2019-04-15,41.4425,41.483,41.308,41.35,22339.0,0.005568930716665532,12.319999694824219
2019-04-16,41.475,41.891,41.418,41.891,47181.0,0.013083434099153468,12.180000305175781
2019-04-17,41.9925,42.12,41.913,42.0175,7962.0,0.0030197417106299085,12.600000381469727
2019-04-18,41.885,42.245,41.885,42.022,12187.0,0.00010709823287924358,12.09000015258789
2019-04-23,42.045,42.1375,41.96,42.086,4483.0,0.0015230117557469836,12.279999732971191
2019-04-24,42.3375,42.8,42.27,42.296,64648.0,0.0049897828256426635,13.140000343322754
2019-04-25,42.0625,42.29,41.7675,41.832,26307.0,-0.010970304520522056,13.25
2019-04-26,42.15,42.15,41.784,41.79,29545.0,-0.0010040160642570406,12.729999542236328
2019-04-29,42.02,42.4225,41.9375,42.4225,10660.0,0.015135199808566702,13.109999656677246
2019-04-30,39.84,39.84,39.84,39.84,14692.0,-0.06087571453827556,13.119999885559082
2019-05-02,40.175,41.0,40.175,41.0,107100.0,0.029116465863453733,14.420000076293945
2019-05-03,40.9775,41.5075,40.965,41.21,12997.0,0.0051219512195122,12.869999885559082
2019-05-07,40.15,40.21,39.93,40.04,64745.0,-0.028391167192429068,19.31999969482422
2019-05-08,40.49,40.49,40.06,40.28,43347.0,0.005994005994006013,19.399999618530273
2019-05-09,39.811,39.811,38.755,38.84,25769.0,-0.03574975173783512,19.100000381469727
2019-05-10,39.435,39.5,38.7375,38.79,81168.0,-0.0012873326467560675,16.040000915527344
2019-05-13,38.523,38.523,37.29,37.29,24468.0,-0.03866976024748647,20.549999237060547
2019-05-14,37.455,38.06,37.237,38.06,21213.0,0.0206489675516226,18.059999465942383
2019-05-15,38.625,38.945,38.2,38.25,140416.0,0.00499211770888075,16.440000534057617
2019-05-16,38.8,39.5,38.76,39.48,58720.0,0.03215686274509788,15.289999961853027
2019-05-17,39.15,39.15,38.72,39.08,55469.0,-0.010131712259371817,15.960000038146973
2019-05-20,38.98,38.98,37.7975,37.84,68716.0,-0.031729785056294646,16.309999465942383
2019-05-21,38.41,38.58,38.275,38.44,29957.0,0.01585623678646919,14.949999809265137
2019-05-22,38.575,38.955,38.575,38.955,74581.0,0.013397502601456779,14.75
2019-05-23,38.371,38.371,37.41,37.48,27606.0,-0.037864202284687454,16.920000076293945
2019-05-24,37.655,37.655,37.028,37.18,51951.0,-0.008004268943436421,15.850000381469727
2019-05-28,37.6675,37.82,37.445,37.82,167735.0,0.017213555675094083,17.5
2019-05-29,37.115,37.115,36.45,36.56,64659.0,-0.03331570597567424,17.899999618530273
2019-05-31,36.336,36.58,36.16,36.4025,228781.0,-0.004307986870897174,18.709999084472656
2019-06-03,35.82,36.255,35.82,36.22,21405.0,-0.005013391937367051,18.860000610351562
2019-06-04,36.025,36.335,35.851,36.25,55840.0,0.000828271673108727,16.969999313354492
2019-06-05,36.295,37.077,36.295,36.74,192303.0,0.013517241379310319,16.09000015258789
2019-06-06,36.71,36.79,36.12,36.24,8929.0,-0.013609145345672258,15.930000305175781
2019-06-07,36.77,37.1975,36.77,37.06,41390.0,0.022626931567328867,16.299999237060547
2019-06-11,37.66,38.36,37.66,38.16,46971.0,0.029681597409605853,15.989999771118164
2019-06-12,37.55,37.87,37.55,37.76,19711.0,-0.010482180293501009,15.90999984741211
2019-06-13,37.9,38.1025,37.69,37.74,57421.0,-0.0005296610169490679,15.819999694824219
2019-06-14,37.208,37.24,37.208,37.24,144940.0,-0.013248542660307394,15.279999732971191
2019-06-17,37.18,37.18,36.99,37.07,25025.0,-0.0045649838882921845,15.350000381469727
2019-06-18,36.76,38.3,36.76,38.12,113652.0,0.02832479093606688,15.149999618530273
2019-06-19,38.15,38.47,37.97,37.97,196290.0,-0.003934942287513121,14.329999923706055
2019-06-20,38.6575,38.94,38.6575,38.94,13124.0,0.02554648406636817,14.75
2019-06-21,38.43,38.43,38.36,38.4,3769.0,-0.013867488443759624,15.399999618530273
2019-06-24,38.5,38.5175,37.832,38.05,60432.0,-0.00911458333333337,15.260000228881836
2019-06-25,37.78,38.12,37.77,37.77,35428.0,-0.007358738501970885,16.280000686645508
2019-06-26,37.58,37.77,37.18,37.64,76567.0,-0.003441885093990016,16.209999084472656
2019-06-27,38.2575,38.3375,38.06,38.06,46134.0,0.011158342189160564,15.819999694824219
2019-06-28,38.3625,39.0125,38.3525,39.01,56534.0,0.024960588544403528,15.079999923706055
2019-07-01,40.1025,40.6975,40.02,40.5175,83351.0,0.038643937451935395,14.0600004196167
2019-07-02,40.62,40.62,38.92,39.02,59698.0,-0.03695933855741329,12.930000305175781
2019-07-03,39.285,39.6475,38.721,38.852,80969.0,-0.004305484366991408,12.569999694824219
2019-07-04,39.24,39.41,39.18,39.4,41207.0,0.0141048079892927,
2019-07-05,38.9275,39.023,38.872,38.99,44041.0,-0.010406091370558257,13.279999732971191
2019-07-08,39.038,39.252,38.99,39.252,46433.0,0.0067196717106949855,13.960000038146973
2019-07-09,38.57,38.57,37.87,38.24,24254.0,-0.02578212575155403,14.09000015258789
2019-07-10,38.3675,38.6775,38.1,38.372,33657.0,0.003451882845188159,13.029999732971191
2019-07-11,38.4825,38.9375,38.442,38.652,21221.0,0.0072969873866362,12.930000305175781
2019-07-12,38.844,39.1575,38.7,38.821,30858.0,0.004372348132050119,12.390000343322754
2019-07-15,39.023,39.203,38.68,38.88,30204.0,0.0015197959867083721,12.680000305175781
2019-07-16,39.02,39.0275,38.64,38.9275,63198.0,0.0012217078189300512,12.859999656677246
2019-07-17,38.835,39.075,38.58,38.83,18359.0,-0.0025046560914521176,13.970000267028809
2019-07-18,37.99,38.47,37.99,38.2,43483.0,-0.016224568632500547,13.529999732971191
2019-07-19,38.396,38.5,38.22,38.39,25113.0,0.004973821989528782,14.449999809265137
2019-07-22,38.571,38.571,38.39,38.39,38687.0,0.0,13.529999732971191
2019-07-23,40.6804,40.6804,40.6804,40.6804,67295.0,0.059661370148476056,12.609999656677246
2019-07-24,41.02,41.47,40.8,41.07,84718.0,0.009577093637230805,12.069999694824219
2019-07-25,41.235,41.29,40.545,40.815,25813.0,-0.006208911614317136,12.739999771118164
2019-07-26,41.05,41.05,40.83,40.85,19615.0,0.0008575278696558719,12.15999984741211
2019-07-29,41.21,41.41,40.9,40.9,52717.0,0.001223990208078174,12.829999923706055
2019-07-30,41.235,41.4375,40.69,40.954,14442.0,0.0013202933985330123,13.9399995803833
2019-07-31,41.235,41.47,41.111,41.4,127306.0,0.010890267128973896,16.1200008392334
2019-08-02,39.145,39.92,39.145,39.431,83619.0,-0.04756038647342997,17.610000610351562
2019-08-05,38.41,38.41,37.665,37.97,26009.0,-0.0370520656336385,24.59000015258789
2019-08-06,38.08,38.15,37.7,37.7,157834.0,-0.0071108770081642625,20.170000076293945
2019-08-07,37.735,38.36,37.195,37.725,29259.0,0.0006631299734747298,19.489999771118164
2019-08-08,38.16,38.4925,37.8175,38.4925,96873.0,0.020344599072233294,16.90999984741211
2019-08-09,38.538,38.538,38.075,38.2,49365.0,-0.007598882899266024,17.969999313354492
2019-08-12,38.735,38.735,37.87,37.945,19325.0,-0.006675392670157154,21.09000015258789
2019-08-13,37.38,37.4,37.38,37.4,70912.0,-0.01436289366187904,17.520000457763672
2019-08-14,38.125,38.125,37.38,37.38,26465.0,-0.0005347593582886168,22.100000381469727
2019-08-15,37.555,37.565,36.735,36.955,32720.0,-0.011369716425896348,21.18000030517578
2019-08-16,37.465,37.9825,37.465,37.9825,42444.0,0.02780408605060214,18.469999313354492
2019-08-19,38.5,38.948,38.445,38.78,120409.0,0.020996511551372388,16.8799991607666
2019-08-20,38.7556,38.909,38.48,38.48,172319.0,-0.0077359463641053505,17.5
2019-08-21,39.035,39.55,38.98,39.4675,15184.0,0.02566268191268195,15.800000190734863
2019-08-22,39.3375,39.84,39.3375,39.5,23600.0,0.0008234623424336895,16.68000030517578
2019-08-23,40.245,40.305,39.6037,39.6038,15355.0,0.0026278481012658172,19.8700008392334
2019-08-27,38.93,39.3,38.93,39.3,39523.0,-0.007670981067473437,20.309999465942383
2019-08-28,38.54,38.54,38.26,38.54,14655.0,-0.019338422391857457,19.350000381469727
2019-08-29,38.9275,39.3,38.46,39.245,42981.0,0.018292682926829285,17.8799991607666
2019-08-30,39.8575,40.35,39.8025,40.315,17215.0,0.027264619696776737,18.979999542236328
2019-09-02,39.963,40.115,39.901,40.105,15191.0,-0.0052089792881061525,
2019-09-03,40.03,40.03,39.6975,39.6975,79264.0,-0.010160827826954266,19.65999984741211
2019-09-05,40.73,40.925,40.65,40.925,45555.0,0.030921342653819517,16.270000457763672
2019-09-06,40.99,41.03,40.84,41.03,35488.0,0.0025656689065365335,15.0
2019-09-09,41.368,41.506,41.3,41.506,74509.0,0.011601267365342505,15.270000457763672
2019-09-10,41.01,41.5,40.5075,41.5,68023.0,-0.00014455741338603723,15.199999809265137
2019-09-11,40.96,41.498,40.96,41.448,50177.0,-0.0012530120481927254,14.609999656677246
2019-09-12,41.598,41.79,41.2075,41.68,36918.0,0.005597375024126494,14.220000267028809
2019-09-13,41.6625,41.7525,41.5125,41.52,69267.0,-0.0038387715930900956,13.739999771118164
2019-09-16,40.85,41.51,40.85,41.26,66366.0,-0.006262042389210132,14.670000076293945
2019-09-17,41.248,41.67,41.19,41.67,226489.0,0.009936984973339946,14.4399995803833
2019-09-18,41.0975,41.7675,41.0975,41.26,21927.0,-0.00983921286297107,13.949999809265137
2019-09-19,41.4975,41.5475,41.17,41.18,50389.0,-0.0019389238972370437,14.050000190734863
2019-09-20,40.757,40.7725,40.195,40.64,18324.0,-0.013113161728994682,15.319999694824219
2019-09-23,39.659,40.39,39.498,39.56,34138.0,-0.026574803149606252,14.90999984741211
2019-09-24,39.6175,40.05,39.6175,39.85,47113.0,0.0073306370070778115,17.049999237060547
2019-09-25,38.808,39.37,38.51,39.37,41965.0,-0.01204516938519462,15.960000038146973
2019-09-26,39.872,39.872,39.3675,39.39,200743.0,0.0005080010160021242,16.06999969482422
2019-09-27,39.76,40.301,39.46,40.0,29029.0,0.015486164001015545,17.219999313354492
2019-11-25,43.125,43.35,43.0525,43.35,13139.0,0.08374999999999999,11.869999885559082
2019-11-26,43.31,43.6075,43.22,43.33,70671.0,-0.00046136101499427706,11.539999961853027
2019-11-27,43.49,44.048,43.47,43.51,28402.0,0.004154165705054336,11.75
2019-11-28,43.48,43.95,43.23,43.94,33301.0,0.009882785566536434,
2019-11-29,43.73,44.08,43.73,43.81,23781.0,-0.002958579881656709,12.619999885559082
2019-12-02,43.95,44.02,43.03,43.03,15269.0,-0.017804154302670683,14.90999984741211
2019-12-03,43.33,43.42,42.1725,42.23,36224.0,-0.018591680223100315,15.960000038146973
2019-12-04,42.4075,42.7675,42.4075,42.48,24132.0,0.005919962112242549,14.800000190734863
2019-12-05,42.08,43.1375,41.91,42.88,29891.0,0.009416195856873921,14.520000457763672
2019-12-06,42.97,43.0075,42.9275,43.0075,47309.0,0.002973414179104461,13.619999885559082
2019-12-09,43.1925,43.33,43.04,43.1,69507.0,0.002150787653316222,15.859999656677246
2019-12-10,42.8075,43.1575,42.36,42.82,18272.0,-0.00649651972157772,15.680000305175781
2019-12-11,42.98,43.18,42.98,43.18,1092318.0,0.00840728631480614,14.989999771118164
2019-12-12,43.5275,43.5275,43.17,43.222,10764.0,0.0009726725335803543,13.9399995803833
2019-12-13,43.9875,44.6525,43.9875,44.46,84494.0,0.02864282078571101,12.630000114440918
2019-12-16,44.56,45.0,44.32,44.32,28538.0,-0.0031488978857400207,12.140000343322754
2019-12-17,44.99,45.2,44.99,45.1,68818.0,0.017599277978339378,12.289999961853027
2019-12-18,45.31,45.3975,45.2975,45.34,18162.0,0.005321507760532196,12.579999923706055
2019-12-19,44.97,45.41,44.4,45.41,177039.0,0.0015438906043228062,12.5
2019-12-20,45.4975,45.64,45.23,45.4578,51420.0,0.001052631578947416,12.510000228881836
2019-12-23,45.7775,46.0,45.72,45.81,399552.0,0.00774784525427985,12.609999656677246
2019-12-27,45.98,45.99,45.8362,45.85,48847.0,0.0008731717965508867,13.430000305175781
2019-12-30,45.955,45.9725,45.76,45.83,21000.0,-0.0004362050163577713,14.819999694824219
2020-01-03,45.72,46.05,45.645,46.0,72640.0,0.003709360680776763,14.020000457763672
2020-01-06,45.43,45.4575,45.1625,45.4575,47877.0,-0.011793478260869517,13.850000381469727
2020-01-07,46.1375,46.1375,45.82,46.0,126543.0,0.011934224275422123,13.789999961853027
2020-01-08,46.315,46.4,46.055,46.08,7383.0,0.0017391304347824654,13.449999809265137
2020-01-09,46.47,46.665,46.462,46.591,10242.0,0.011089409722222276,12.539999961853027
2020-01-10,46.77,46.77,46.35,46.51,39852.0,-0.0017385331931060177,12.5600004196167
2020-01-13,46.485,46.69,46.0675,46.28,73262.0,-0.0049451730810577965,12.319999694824219
2020-01-14,45.809,45.9425,45.6375,45.86,55878.0,-0.009075194468452952,12.390000343322754
2020-01-15,45.7475,45.78,45.32,45.39,57856.0,-0.01024858264282602,12.420000076293945
2020-01-16,45.455,45.53,45.14,45.23,67302.0,-0.0035250055078211995,12.319999694824219
2020-01-17,45.29,45.31,44.77,44.77,55185.0,-0.010170240990492907,12.100000381469727
2020-01-20,44.98,45.06,44.72,44.73,96398.0,-0.0008934554389101734,
2020-01-21,44.9985,46.74,44.9985,46.74,56320.0,0.0449362843729042,12.850000381469727
2020-01-22,46.578,47.19,46.5,47.04,79342.0,0.006418485237483784,12.90999984741211
2020-01-23,46.8575,46.9675,46.71,46.71,36717.0,-0.007015306122448939,12.979999542236328
2020-01-24,46.96,47.46,46.96,47.13,49704.0,0.008991650610147728,14.5600004196167
2020-01-27,46.15,46.34,45.032,45.54,80757.0,-0.033736473583704685,18.229999542236328
2020-01-28,44.79,45.14,44.53,45.14,45686.0,-0.008783487044356608,16.280000686645508
2020-01-29,45.71,45.859,45.5,45.58,58521.0,0.009747452370403087,16.389999389648438
2020-01-30,44.828,44.97,44.18,44.22,123494.0,-0.0298376480912681,15.489999771118164
2020-01-31,44.3325,44.3325,43.32,43.36,78246.0,-0.019448213478064247,18.84000015258789
2020-02-03,43.4,43.68,43.14,43.68,70301.0,0.007380073800737907,17.969999313354492
2020-02-04,43.608,44.23,43.608,44.17,43849.0,0.011217948717948678,16.049999237060547
2020-02-05,44.19,45.01,44.19,44.789,64746.0,0.01401403667647716,15.149999618530273
2020-02-07,44.6,44.6,44.05,44.05,32059.0,-0.016499586952153478,15.470000267028809
2020-02-10,44.12,44.34,44.0,44.34,33279.0,0.006583427922815188,15.039999961853027
2020-02-11,44.45,44.8095,44.45,44.8095,46980.0,0.010588633288227234,15.180000305175781
2020-02-12,44.72,45.31,44.72,45.31,32363.0,0.01116950646626269,13.739999771118164
2020-02-13,42.99,43.01,41.73,42.7,140795.0,-0.05760317810637827,14.149999618530273
2020-02-14,43.27,43.52,43.02,43.11,64149.0,0.00960187353629971,13.680000305175781
2020-02-17,43.22,43.28,42.67,43.1,149295.0,-0.00023196474135922518,
2020-02-18,42.22,42.26,41.64,42.09,169755.0,-0.02343387470997671,14.829999923706055
2020-02-19,42.24,42.49,42.17,42.38,62941.0,0.006889997624138777,14.380000114440918
2020-02-20,42.11,42.36,41.95,41.95,19857.0,-0.010146295422369,15.5600004196167
2020-02-21,41.64,41.69,41.43,41.64,34926.0,-0.007389749702026327,17.079999923706055
2020-02-24,40.19,40.19,39.28,39.61,153857.0,-0.04875120076849182,25.030000686645508
2020-02-25,40.1,40.1,38.97,39.61,30591.0,0.0,27.850000381469727
2020-02-26,38.39,39.2,37.52,38.25,135168.0,-0.03433476394849788,27.559999465942383
2020-02-27,37.94,38.13,37.38,38.011,123493.0,-0.006248366013071771,39.15999984741211
2020-02-28,36.75,37.07,35.91,37.07,76588.0,-0.02475599168661713,40.11000061035156
2020-03-02,37.96,38.0,36.94,37.5648,263689.0,0.013347720528729345,33.41999816894531
2020-03-03,38.5,38.99,38.3705,38.74,96954.0,0.03128460686600221,36.81999969482422
2020-03-04,38.74,39.22,38.48,38.75,125264.0,0.0002581311306142364,31.989999771118164
2020-03-05,38.91,38.91,38.26,38.65,97987.0,-0.002580645161290307,39.619998931884766
2020-03-06,37.43,37.54,36.22,37.06,265702.0,-0.04113842173350568,41.939998626708984
2020-03-09,35.3,35.3,34.95,35.1446,45319.0,-0.05168375607123599,54.459999084472656
2020-03-10,35.738,37.13,35.37,35.59,648950.0,0.012673355223846716,47.29999923706055
2020-03-11,35.84,36.01,35.11,35.4,176811.0,-0.005338578252318205,53.900001525878906
2020-03-12,33.35,33.73,32.23,32.64,66541.0,-0.07796610169491525,75.47000122070312
2020-03-13,33.11,35.94,32.83,33.22,295193.0,0.017769607843137303,57.83000183105469
2020-03-16,30.02,33.24,29.26,33.24,148418.0,0.0006020469596630385,82.69000244140625
2020-03-17,33.91,34.54,32.7255,34.54,170818.0,0.03910950661853185,75.91000366210938
2020-03-18,34.8425,35.6982,32.7,35.42,341027.0,0.02547770700636942,76.44999694824219
2020-03-19,40.21,41.49,38.48,40.46,272344.0,0.14229249011857714,72.0
2020-03-20,41.25,43.54,40.93,43.54,365778.0,0.0761245674740485,66.04000091552734
2020-03-23,40.66,41.93,39.53,39.92,153722.0,-0.08314193844740458,61.59000015258789
2020-03-24,41.65,41.65,40.15,40.61,436968.0,0.017284569138276584,61.66999816894531
2020-03-25,40.92,42.3,40.33,40.63,382856.0,0.0004924895345974623,63.95000076293945
2020-03-26,40.28,40.28,39.49,40.09,143820.0,-0.013290671917302488,61.0
2020-03-27,40.19,40.19,38.57,39.49,242309.0,-0.01496632576702428,65.54000091552734
2020-03-30,39.77,41.33,39.62,41.33,211967.0,0.046594074449227474,57.08000183105469
2020-03-31,42.44,42.75,41.46,41.84,42435.0,0.01233970481490454,53.540000915527344
2020-04-01,41.09,42.03,40.88,41.8,65828.0,-0.0009560229445507717,57.060001373291016
2020-04-02,41.39,41.39,41.39,41.39,17561.0,-0.009808612440191267,50.90999984741211
2020-04-03,41.28,41.87,41.244,41.78,83819.0,0.009422565837158725,46.79999923706055
2020-04-06,43.4,43.77,43.02,43.77,35056.0,0.04763044518908566,45.2400016784668
2020-04-07,44.5,44.5,42.66,42.96,78343.0,-0.018505825908156304,46.70000076293945
2020-04-08,43.01,43.55,42.7,43.1,495617.0,0.0032588454376163423,43.349998474121094
2020-04-09,43.58,43.58,42.99,42.99,30429.0,-0.002552204176334061,41.66999816894531
2020-04-14,43.39,44.31,43.08,44.0,44410.0,0.023493835775761696,37.7599983215332
2020-04-15,44.14,44.14,43.69,43.8,65587.0,-0.00454545454545463,40.84000015258789
2020-04-16,44.02,44.5,43.68,44.18,93985.0,0.008675799086758085,40.11000061035156
2020-04-17,44.98,44.98,44.265,44.555,63478.0,0.008488003621548224,38.150001525878906
2020-04-20,44.71,45.24,44.55,45.24,28368.0,0.015374256536864639,43.83000183105469
2020-04-21,44.99,44.99,44.68,44.73,158367.0,-0.011273209549071739,45.40999984741211
2020-04-22,45.21,45.86,45.21,45.49,77347.0,0.01699083389224243,41.97999954223633
2020-04-23,45.75,45.99,45.33,45.68,77512.0,0.004176742141129841,41.380001068115234
2020-04-24,45.63,46.08,45.63,45.82,57949.0,0.0030647985989491477,35.93000030517578
2020-04-27,46.75,47.421,46.56,46.64,23319.0,0.017896115233522414,33.290000915527344
2020-04-28,47.04,47.04,45.95,45.99,75911.0,-0.013936535162950237,33.56999969482422
2020-04-29,46.24,46.82,46.24,46.82,36036.0,0.0180474016090455,31.229999542236328
2020-04-30,46.83,47.13,46.48,46.6,31701.0,-0.004698846646732147,34.150001525878906
2020-05-04,45.45,46.51,45.45,46.51,38152.0,-0.0019313304721030322,35.970001220703125
2020-05-05,46.922,46.94,46.71,46.92,29933.0,0.008815308535798927,33.61000061035156
2020-05-06,47.44,47.93,47.18,47.93,12588.0,0.02152600170502983,34.119998931884766
2020-05-07,48.4,49.08,48.4,48.78,89644.0,0.01773419570206558,31.440000534057617
2020-05-11,49.71,49.89,48.61,48.95,94910.0,0.0034850348503485673,27.56999969482422
2020-05-12,52.548,52.548,50.56,51.32,115535.0,0.04841675178753824,33.040000915527344
2020-05-13,50.34,52.7,50.34,52.38,172841.0,0.020654715510522337,35.279998779296875
2020-05-14,51.04,51.94,50.58,50.8,115369.0,-0.03016418480336014,32.61000061035156
2020-05-15,51.32,51.62,51.14,51.14,399052.0,0.006692913385826893,31.889999389648438
2020-05-18,52.18,53.14,52.04,53.06,49189.0,0.037543996871333585,29.299999237060547
2020-05-19,53.62,54.58,53.32,54.42,157287.0,0.025631360723709085,30.530000686645508
2020-05-20,55.197,55.2,54.335,54.8604,243534.0,0.008092613009922811,27.989999771118164
2020-05-22,53.58,54.94,53.35,54.64,26251.0,-0.004017469796064099,28.15999984741211
2020-05-26,56.4,56.44,55.182,55.46,388653.0,0.015007320644216726,28.010000228881836
2020-05-27,54.9,54.9,52.3,52.84,88961.0,-0.0472412549585286,27.6200008392334
2020-05-28,53.72,55.5,53.7,55.02,105768.0,0.04125662376987127,28.59000015258789
2020-05-29,56.32,58.02,56.32,56.68,772431.0,0.030170846964739928,27.510000228881836
2020-06-02,57.64,57.64,54.74,55.54,90784.0,-0.020112914608327426,26.84000015258789
2020-06-03,55.46,56.32,55.26,55.62,126840.0,0.0014404033129276073,25.65999984741211
2020-06-04,55.54,56.58,54.74,56.4,158335.0,0.014023732470334505,25.809999465942383
2020-06-05,56.3,56.3,55.36,55.36,32751.0,-0.018439716312056764,24.520000457763672
2020-06-08,54.96,55.4,54.5,55.4,1217408.0,0.0007225433526012459,25.809999465942383
2020-06-09,55.48,56.42,54.72,54.78,93616.0,-0.01119133574007214,27.56999969482422
2020-06-10,56.74,56.98,56.54,56.98,30812.0,0.04016064257028096,27.56999969482422
2020-06-11,56.86,57.12,55.6,56.22,51056.0,-0.013338013338013321,40.790000915527344
2020-06-12,53.66,55.38,53.66,55.28,30350.0,-0.016720028459622838,36.09000015258789
2020-06-15,53.9,55.74,53.86,55.74,63618.0,0.008321273516642469,34.400001525878906
2020-06-16,57.52,57.91,57.0,57.88,696705.0,0.038392536777897446,33.66999816894531
2020-06-17,57.88,59.36,57.88,59.26,29906.0,0.02384243261921215,33.470001220703125
2020-06-18,58.96,59.36,58.52,58.66,23762.0,-0.010124873439082083,32.939998626708984
2020-06-19,58.34,58.662,58.34,58.52,25931.0,-0.0023866348448686736,35.119998931884766
2020-06-22,59.3,59.76,59.3,59.38,321136.0,0.014695830485304207,31.770000457763672
2020-06-23,59.6,59.84,59.36,59.84,54869.0,0.007746716066015402,31.3700008392334
2020-06-24,59.46,59.88,59.06,59.3483,108251.0,-0.008216911764705959,33.84000015258789
2020-06-25,58.94,59.28,58.38,59.0,42491.0,-0.005868744344825427,32.220001220703125
2020-06-26,59.42,60.3,59.42,60.3,56509.0,0.02203389830508473,34.72999954223633
2020-06-29,60.4,60.62,60.162,60.62,126971.0,0.005306799336650014,31.780000686645508
2020-06-30,60.86,61.86,59.68,61.86,17641.0,0.020455295282085117,30.43000030517578
2020-07-01,61.36,61.82,60.74,60.74,18946.0,-0.01810539928871646,28.6200008392334
2020-07-02,61.36,61.72,60.76,61.68,25177.0,0.015475798485347303,27.68000030517578
2020-07-03,62.48,62.48,60.92,60.92,22820.0,-0.012321660181582317,
2020-07-06,61.8,61.92,61.14,61.48,26265.0,0.009192383453709763,27.940000534057617
2020-07-07,61.64,61.68,61.2,61.58,17190.0,0.0016265452179571316,29.43000030517578
2020-07-08,61.9,61.9,61.9,61.9,31436.0,0.005196492367651739,28.079999923706055
2020-07-09,62.36,62.94,62.36,62.92,17984.0,0.016478190630048406,29.260000228881836
2020-07-10,63.5,63.96,63.0,63.34,48061.0,0.006675143038779474,27.290000915527344
2020-07-13,63.28,64.1,63.28,64.1,17306.0,0.011998736975055158,32.189998626708984
2020-07-14,61.06,61.88,60.74,61.42,72869.0,-0.04180967238689537,29.520000457763672
2020-07-15,63.22,63.22,62.72,63.0,26145.0,0.02572451970042322,27.760000228881836
2020-07-16,63.22,63.68,63.22,63.36,14594.0,0.005714285714285783,28.0
2020-07-17,64.622,65.22,64.42,64.52,15093.0,0.018308080808080662,25.68000030517578
2020-07-20,64.72,66.56,64.72,66.56,53727.0,0.03161810291382516,24.459999084472656
2020-07-21,68.22,68.28,66.32,66.32,57749.0,-0.0036057692307693845,24.84000015258789
2020-07-22,65.938,68.5,65.938,68.12,56304.0,0.027141133896260827,24.31999969482422
2020-07-23,67.56,67.88,66.44,66.88,47535.0,-0.018203170874926733,26.079999923706055
2020-07-24,63.24,63.94,62.88,63.78,54766.0,-0.0463516746411482,25.84000015258789
2020-07-27,64.02,65.32,64.02,65.22,37738.0,0.022577610536218318,24.739999771118164
2020-07-28,65.24,65.28,64.26,64.26,133146.0,-0.014719411223550916,25.440000534057617
2020-07-29,64.5,65.142,64.5,65.04,18053.0,0.012138188608776801,24.100000381469727
2020-07-30,64.88,65.28,64.88,65.2,13937.0,0.002460024600245969,24.760000228881836
2020-07-31,66.86,66.92,66.28,66.28,26897.0,0.016564417177914015,24.459999084472656
2020-08-03,67.18,68.6,67.18,68.28,26167.0,0.03017501508750753,24.280000686645508
2020-08-04,68.12,68.12,66.02,66.28,189039.0,-0.029291154071470427,23.760000228881836
2020-08-05,66.5698,66.94,66.26,66.9,13383.0,0.009354254677127471,22.989999771118164
2020-08-06,67.403,67.44,66.74,66.9,36133.0,0.0,22.649999618530273
2020-08-07,67.5,68.137,67.46,67.52,15857.0,0.009267563527653122,22.209999084472656
2020-08-10,66.2,66.34,65.32,65.8796,41022.0,-0.02429502369668246,22.1299991607666
2020-08-11,66.04,66.34,65.62,66.26,51226.0,0.005774169849240174,24.030000686645508
2020-08-12,66.36,67.1,66.36,67.1,41241.0,0.012677331723513374,22.280000686645508
2020-08-13,67.66,68.18,67.24,68.18,39319.0,0.016095380029806483,22.1299991607666
2020-08-14,67.5965,67.74,67.5965,67.74,9042.0,-0.006453505426811557,22.049999237060547
2020-08-17,67.78,68.46,67.78,68.46,26386.0,0.010628875110717528,21.350000381469727
2020-08-18,67.58,67.64,66.64,66.86,62138.0,-0.023371311714869947,21.510000228881836
2020-08-19,67.48,68.04,67.48,68.04,65611.0,0.017648818426563073,22.540000915527344
2020-08-20,68.14,68.32,68.14,68.32,56155.0,0.00411522633744843,22.719999313354492
2020-08-21,67.94,67.96,66.92,67.96,43454.0,-0.005269320843091285,22.540000915527344
2020-08-24,68.64,68.7,67.482,68.66,47254.0,0.0103001765744557,22.3700008392334
2020-08-25,67.06,67.14,66.8,66.96,70367.0,-0.024759685406350207,22.030000686645508
2020-08-26,67.0,67.3,67.0,67.3,39269.0,0.005077658303464849,23.270000457763672
2020-08-27,68.02,68.04,66.82,66.82,7697.0,-0.007132243684992656,24.469999313354492
2020-08-28,65.16,65.64,65.16,65.62,21350.0,-0.017958695001496383,22.959999084472656
2020-09-01,68.42,68.9,68.28,68.3,57692.0,0.04084120694910087,26.1200008392334
2020-09-02,69.86,70.158,68.68,68.68,67577.0,0.00556368960468534,26.56999969482422
2020-09-03,68.28,68.28,66.48,66.48,29152.0,-0.03203261502620858,33.599998474121094
2020-09-04,64.2,64.98,62.757,62.82,125327.0,-0.05505415162454874,30.75
2020-09-07,63.68,64.46,63.68,64.1,123853.0,0.020375676536134923,
2020-09-08,63.82,63.82,61.087,62.84,628792.0,-0.019656786271450732,31.459999084472656
2020-09-09,63.078,63.078,63.078,63.078,77093.0,0.003787396562698886,28.809999465942383
2020-09-10,63.18,63.52,62.98,63.2,33679.0,0.0019341133200165839,29.709999084472656
2020-09-11,63.48,63.48,63.18,63.44,635935.0,0.0037974683544304,26.8700008392334
2020-09-14,63.74,63.8,63.28,63.8,658731.0,0.005674653215636871,25.850000381469727
2020-09-15,64.6,64.98,64.42,64.56,32396.0,0.011912225705329238,25.59000015258789
2020-09-16,65.54,66.0,64.46,64.46,37396.0,-0.0015489467162330683,26.040000915527344
2020-09-17,64.08,64.52,64.06,64.5,158164.0,0.0006205398696867981,26.459999084472656
2020-09-18,64.78,66.02,64.4,64.78,162148.0,0.004341085271317935,25.829999923706055
2020-09-21,65.48,65.58,64.68,65.3784,139083.0,0.009237418956468124,27.780000686645508
2020-09-22,67.08,67.78,66.24,66.28,58133.0,0.013790487378094296,26.860000610351562
2020-09-23,66.76,68.78,66.72,67.96,96658.0,0.025347012673506253,28.579999923706055
2020-09-24,66.54,68.32,65.461,68.32,94448.0,0.005297233666862855,28.510000228881836
2020-09-25,67.48,67.78,66.24,67.2007,278894.0,-0.01638319672131139,26.3799991607666
2020-09-28,67.122,68.04,67.122,67.8954,148283.0,0.01033768993477735,26.190000534057617
2020-09-29,69.14,70.66,69.04,70.66,71546.0,0.04071851701293472,26.270000457763672
2020-09-30,70.32,71.44,70.06,70.969,86022.0,0.004373054061703963,26.3700008392334
2020-10-01,72.4,72.639,71.92,71.92,35271.0,0.013400216996153347,26.700000762939453
2020-10-02,71.6377,71.98,71.6377,71.98,12976.0,0.0008342602892101869,27.6299991607666
2020-10-05,72.28,72.94,72.28,72.34,31175.0,0.005001389274798651,27.959999084472656
2020-10-06,69.84,70.54,68.78,69.86,157421.0,-0.03428255460326246,29.479999542236328
2020-10-07,70.02,70.6,69.2,70.11,216769.0,0.003578585742914475,28.059999465942383
2020-10-08,70.4,71.04,70.1,70.84,29720.0,0.010412209385251892,26.360000610351562
2020-10-09,70.96,72.26,70.54,72.18,21761.0,0.01891586674195378,25.0
2020-10-12,72.8,73.82,72.8,73.26,12774.0,0.014962593516209433,25.06999969482422
2020-10-13,74.04,74.318,73.6,73.6,22095.0,0.004641004641004587,26.06999969482422
2020-10-14,73.8,74.5,73.54,73.58,9661.0,-0.00027173913043476716,26.399999618530273
2020-10-15,72.76,73.02,71.94,72.3,10911.0,-0.01739603153030711,26.969999313354492
2020-10-16,73.7,73.88,73.24,73.46,12088.0,0.01604426002766246,27.40999984741211
2020-10-19,73.32,73.538,73.22,73.3,35732.0,-0.0021780560849441466,29.18000030517578
2020-10-20,85.905,89.143,83.846,84.58,75352.0,0.1538881309686222,29.350000381469727
2020-10-21,84.72,85.78,83.503,84.704,40210.0,0.0014660676282809426,28.649999618530273
2020-10-22,83.22,83.8,82.66,83.7,234991.0,-0.011853041178692791,28.110000610351562
2020-10-23,79.897,80.44,79.0,79.8,82654.0,-0.04659498207885315,27.549999237060547
2020-10-26,78.66,79.12,77.74,78.1643,224664.0,-0.020497493734335848,32.459999084472656
2020-10-27,78.3,79.94,78.28,78.7533,115172.0,0.007535409387661618,33.349998474121094
2020-10-28,78.3,78.77,77.46,78.38,50108.0,-0.004740118826766615,40.279998779296875
2020-10-29,78.92,79.96,77.94,79.96,86604.0,0.020158203623373394,37.59000015258789
2020-10-30,77.74,77.9,76.778,76.778,213436.0,-0.03979489744872422,38.02000045776367
2020-11-02,77.08,77.91,77.08,77.68,92387.0,0.011748157024147554,37.130001068115234
2020-11-03,77.88,79.76,77.88,78.8609,185577.0,0.015202111225540493,35.54999923706055
2020-11-04,81.44,81.44,79.978,80.74,109931.0,0.023828031381837977,29.56999969482422
2020-11-05,85.414,85.414,83.74,84.72,73486.0,0.04929403022046075,27.579999923706055
2020-11-06,83.56,84.94,83.3,84.94,86916.0,0.002596789423984891,24.860000610351562
2020-11-09,86.12,86.42,73.22,74.72,134694.0,-0.12032022604191195,25.75
2020-11-10,71.9,73.02,68.48,71.6,243928.0,-0.04175588865096369,24.799999237060547
2020-11-11,71.7,76.42,71.7,76.42,163841.0,0.06731843575419005,23.450000762939453
2020-11-12,77.004,77.08,74.76,76.2413,117648.0,-0.0023383930908139616,25.350000381469727
2020-11-13,75.44,75.8,75.02,75.46,1111345.0,-0.010247726625857712,23.100000381469727
2020-11-16,75.68,75.92,73.5043,74.74,99352.0,-0.00954147892923407,22.450000762939453
2020-11-17,75.92,76.54,73.64,74.042,40651.0,-0.009339042012309284,22.709999084472656
2020-11-18,74.44,74.76,73.24,73.52,175172.0,-0.00705005267280745,23.84000015258789
2020-11-19,75.357,75.357,74.8154,74.84,260632.0,0.01795429815016325,23.110000610351562
2020-11-20,76.5,76.5,75.1,75.42,136069.0,0.007749866381614012,23.700000762939453
2020-11-23,75.779,76.46,74.84,75.7,159896.0,0.0037125430920179614,22.65999984741211
2020-11-24,74.36,74.72,73.96,74.68,68023.0,-0.013474240422721162,21.639999389648438
2020-11-25,74.8,76.58,74.72,76.0,85272.0,0.01767541510444559,21.25
2020-11-26,78.22,78.82,77.383,78.14,110339.0,0.02815789473684216,
2020-11-27,77.58,78.68,77.58,78.3499,85784.0,0.0026862042487842963,20.84000015258789
2020-11-30,79.2,81.06,79.2,80.14,23441.0,0.022847508420559492,20.56999969482422
2020-12-01,79.46,80.38,78.36,79.6053,97366.0,-0.006672073870726214,20.770000457763672
2020-12-02,79.56,79.56,77.86,78.8157,45064.0,-0.00991893755817752,21.170000076293945
2020-12-03,77.6,78.16,77.08,77.6775,321695.0,-0.014441285175415652,21.280000686645508
2020-12-04,77.4,77.9,76.082,77.2,172442.0,-0.006147211225901894,20.790000915527344
2020-12-07,77.64,78.1575,76.7,77.4611,97643.0,0.003382124352331539,21.299999237060547
2020-12-08,78.06,79.54,77.72,78.4667,30642.0,0.012981999997418114,20.68000030517578
2020-12-09,78.84,80.099,78.84,79.92,217437.0,0.01852123257381799,22.270000457763672
2020-12-10,79.72,79.72,77.62,77.62,15164.0,-0.02877877877877877,22.520000457763672
2020-12-11,78.98,80.8,78.98,80.8,5690.0,0.04096882246843592,23.309999465942383
2020-12-14,79.88,80.22,79.62,80.0,16853.0,-0.00990099009900991,24.719999313354492
2020-12-15,79.7,80.4,78.78,79.68,23646.0,-0.0039999999999998925,22.889999389648438
2020-12-16,79.68,81.44,79.44,80.9,441315.0,0.015311244979919758,22.5
2020-12-17,82.12,82.9,82.12,82.26,585136.0,0.016810877626699527,21.93000030517578
2020-12-18,83.1,83.1,82.44,82.62,60324.0,0.004376367614879584,21.56999969482422
2020-12-21,84.0,84.06,82.54,83.22,59831.0,0.0072621641249090985,25.15999984741211
2020-12-22,84.391,84.74,83.8,84.68,128050.0,0.01754385964912286,24.229999542236328
2020-12-23,84.2,84.36,83.76,84.02,33237.0,-0.007794048181388846,23.309999465942383
2020-12-29,85.34,85.36,84.7,85.36,23502.0,0.015948583670554628,23.079999923706055
2020-12-30,86.06,86.54,85.88,85.92,372527.0,0.006560449859418949,22.770000457763672
2021-01-04,87.44,88.6,86.48,87.4,4363.0,0.01722532588454384,26.969999313354492
2021-01-05,86.72,87.62,86.66,87.2,40270.0,-0.0022883295194507935,25.34000015258789
2021-01-06,86.06,87.4,85.14,87.4,61293.0,0.002293577981651307,25.06999969482422
2021-01-07,87.64,90.72,87.04,90.72,88256.0,0.03798627002288324,22.3700008392334
2021-01-08,91.96,93.2,91.46,93.2,101545.0,0.02733686067019403,21.559999465942383
2021-01-11,91.52,92.36,89.98,90.78,305633.0,-0.025965665236051483,24.079999923706055
2021-01-12,90.9,91.1,90.66,91.1,150810.0,0.0035250055078210885,23.329999923706055
2021-01-13,90.64,92.4,90.28,92.08,58374.0,0.01075740944017567,22.209999084472656
2021-01-14,92.6,92.72,91.44,92.7,84314.0,0.006733275412684758,23.25
2021-01-15,92.04,92.24,90.78,92.24,137163.0,-0.004962243797195343,24.34000015258789
2021-01-18,91.0,93.08,90.62,91.76,136718.0,-0.005203816131829853,
2021-01-19,96.1,96.1,86.98,95.28,306247.0,0.038360941586748076,23.239999771118164
2021-01-20,89.78,91.92,88.68,88.68,116356.0,-0.0692695214105793,21.579999923706055
2021-01-21,92.26,92.28,90.98,92.22,46981.0,0.03991880920162383,21.31999969482422
2021-01-22,92.78,92.96,91.34,92.1,240036.0,-0.0013012361743657275,21.90999984741211
2021-01-25,93.82,93.9,92.84,93.9,51652.0,0.01954397394136831,23.190000534057617
2021-01-26,91.96,92.1,90.74,90.92,426260.0,-0.03173588924387649,23.020000457763672
2021-01-27,90.82,92.92,89.56,89.92,95604.0,-0.010998680158381013,37.209999084472656
2021-01-28,91.98,97.12,91.72,91.72,221267.0,0.020017793594306,30.209999084472656
2021-01-29,94.02,95.16,93.04,93.1747,629663.0,0.015860226777147934,33.09000015258789
2021-02-01,93.7,94.98,92.9,93.9,592636.0,0.00778430196179869,30.239999771118164
2021-02-02,96.0,97.52,95.84,97.36,78029.0,0.03684771033013834,25.559999465942383
2021-02-03,97.86,99.76,97.84,98.76,154588.0,0.014379622021364113,22.90999984741211
2021-02-04,98.0,99.54,97.68,98.14,106966.0,-0.006277845281490557,21.770000457763672
2021-02-05,98.725,99.82,98.48,98.96,29936.0,0.008355410637864269,20.8700008392334
2021-02-08,100.2,102.35,100.2,102.35,296103.0,0.034256265157639465,21.239999771118164
2021-02-09,102.95,103.85,101.6,103.7,226117.0,0.013190034196385092,21.6299991607666
2021-02-10,103.85,104.15,102.6,103.3,89140.0,-0.0038572806171649487,21.989999771118164
2021-02-11,103.5,104.5,103.5,104.5,272519.0,0.011616650532429773,21.25
2021-02-12,104.45,105.1,104.45,104.8,132889.0,0.002870813397129135,19.969999313354492
2021-02-15,105.55,107.3,105.55,105.9928,128144.0,0.011381679389313115,
2021-02-16,106.75,107.25,106.25,106.8187,250604.0,0.007792038704515836,21.459999084472656
2021-02-17,104.2,105.8,102.25,102.65,284740.0,-0.03902593834225654,21.5
2021-02-18,103.05,104.2,102.85,104.2,149201.0,0.015099853872381885,22.489999771118164
2021-02-19,103.4,105.4,103.4,103.4,67769.0,-0.007677543186180413,22.049999237060547
2021-02-22,104.6,104.6,102.95,103.15,168673.0,-0.0024177949709864865,23.450000762939453
2021-02-23,100.8,100.8,94.32,98.38,282870.0,-0.046243334949103376,23.110000610351562
2021-02-24,100.425,100.9,97.84,98.68,259143.0,0.0030494002846108703,21.34000015258789
2021-02-25,99.54,99.54,97.84,98.6,135408.0,-0.0008107012565871097,28.889999389648438
2021-02-26,95.96,97.72,95.96,97.24,1010237.0,-0.01379310344827589,27.950000762939453
2021-03-01,100.8,100.8,97.12,98.78,201148.0,0.015837104072398356,23.350000381469727
2021-03-02,99.025,100.7,98.4,98.4,198862.0,-0.0038469325774447283,24.100000381469727
2021-03-03,98.18,98.18,94.9,95.12,178955.0,-0.033333333333333326,26.670000076293945
2021-03-04,92.5,93.12,88.4,88.4,196569.0,-0.07064760302775441,28.56999969482422
2021-03-05,88.9,90.86,86.28,87.12,381736.0,-0.014479638009049833,24.65999984741211
2021-03-08,88.45,88.54,86.68,87.84,260222.0,0.008264462809917328,25.469999313354492
2021-03-09,86.45,89.86,85.46,89.86,160596.0,0.02299635701275049,24.030000686645508
2021-03-10,90.35,91.46,89.5,89.55,104241.0,-0.00344981081682616,22.559999465942383
2021-03-11,90.85,92.78,90.12,91.36,151833.0,0.02021217197096603,21.90999984741211
2021-03-12,92.4,92.4,91.0,91.44,74303.0,0.0008756567425569628,20.690000534057617
2021-03-15,91.875,93.08,91.62,92.3,131770.0,0.009405074365704369,20.030000686645508
2021-03-16,93.775,94.76,93.64,94.28,111408.0,0.02145178764897082,19.790000915527344
2021-03-17,93.96,93.96,91.0,92.7787,169214.0,-0.015923843869325438,19.229999542236328
2021-03-18,93.925,94.3,93.04,94.24,170098.0,0.01575038236146864,21.579999923706055
2021-03-19,94.48,94.48,93.2532,94.0219,113799.0,-0.002314303904923487,20.950000762939453
2021-03-22,94.9,96.82,94.74,96.82,71239.0,0.029760087809329372,18.8799991607666
2021-03-23,97.88,100.15,97.88,98.92,104010.0,0.021689733526131016,20.299999237060547
2021-03-24,97.475,100.05,95.7,96.74,132500.0,-0.02203801051354637,21.200000762939453
2021-03-25,95.775,95.98,94.68,95.38,142596.0,-0.01405830059954516,19.809999465942383
2021-03-26,96.86,97.6,96.86,96.986,120636.0,0.016837911511847548,18.860000610351562
2021-03-29,96.3,96.875,96.02,96.02,95765.0,-0.00996020044130086,20.739999771118164
2021-03-30,96.14,97.64,96.14,96.62,55250.0,0.006248698187877544,19.610000610351562
2021-03-31,97.425,99.26,97.06,97.92,423579.0,0.013454771268888388,19.399999618530273
2021-04-01,100.0,101.1,100.0,100.0,70595.0,0.0212418300653594,17.329999923706055
2021-04-06,101.75,102.65,100.95,101.2,121052.0,0.01200000000000001,18.1200008392334
2021-04-07,98.75,99.2,98.34,98.9551,51955.0,-0.022182806324110738,17.15999984741211
2021-04-08,98.98,101.05,98.98,100.1,254442.0,0.011569893820530641,16.950000762939453
2021-04-09,100.4,101.1,100.4,100.65,39716.0,0.005494505494505697,16.690000534057617
2021-04-12,99.86,100.95,99.86,99.8711,38492.0,-0.007738698460009963,16.90999984741211
2021-04-13,100.1,101.95,100.1,101.1546,195121.0,0.01285156566814627,16.649999618530273
2021-04-14,101.65,102.5,101.65,101.8968,75905.0,0.00733728372214415,16.989999771118164
2021-04-15,101.85,102.85,101.85,102.213,14206.0,0.0031031396471723482,16.56999969482422
2021-04-16,101.75,103.9,101.35,103.9,23975.0,0.016504749885044134,16.25
2021-04-19,104.5,104.7084,103.85,104.2242,345497.0,0.0031203079884503104,17.290000915527344
2021-04-20,103.5,104.4,102.5,103.3946,37866.0,-0.007959763663333508,18.68000030517578
2021-04-21,102.5,103.8,102.1,102.9541,39405.0,-0.0042603772344009805,17.5
2021-04-22,104.0,105.2,104.0,105.05,31597.0,0.020357615675334895,18.709999084472656
2021-04-23,105.5,106.55,104.95,106.1062,42641.0,0.010054259876249416,17.329999923706055
2021-04-26,105.5,106.55,105.4342,105.435,86441.0,-0.006325737798545172,17.639999389648438
2021-04-27,105.5,106.1,103.7,104.6983,66909.0,-0.006987243325271453,17.559999465942383
2021-04-28,103.5,104.15,101.95,103.7365,50769.0,-0.009186395576623485,17.280000686645508
2021-04-29,104.5,105.125,98.52,104.6794,235926.0,0.00908937548500277,17.610000610351562
2021-04-30,100.5,103.45,100.15,102.4154,96789.0,-0.021627942078384033,18.610000610351562
2021-05-04,101.6,101.6,100.3644,101.1722,144285.0,-0.01213879943836571,19.479999542236328
2021-05-05,102.35,103.85,102.35,103.185,82841.0,0.019894793233714347,19.149999618530273
2021-05-06,103.45,103.45,100.272,100.4349,138411.0,-0.026652129670010183,18.389999389648438
2021-05-07,100.9,103.8,100.9,102.9663,62505.0,0.025204386124743516,16.690000534057617
2021-05-10,103.5,103.6,97.92,99.4392,89500.0,-0.03425489699056883,19.65999984741211
2021-05-11,95.6532,95.6532,93.7,95.2457,146187.0,-0.04217149775943496,21.84000015258789
2021-05-12,95.25,96.1,91.4463,91.4463,147889.0,-0.03989051474239791,27.59000015258789
2021-05-14,91.64,94.1,91.64,92.2491,62473.0,0.008778922712017856,18.809999465942383
2021-05-17,95.25,95.88,94.44,95.2857,85497.0,0.032917394316042126,19.719999313354492
2021-05-18,96.75,98.18,96.54,97.0503,123968.0,0.01851904325622833,21.34000015258789
2021-05-19,96.25,97.4,81.1601,96.1715,67587.0,-0.009055098232566006,22.18000030517578
2021-05-20,99.0,100.8,98.4,100.285,153341.0,0.04277254696037813,20.670000076293945
2021-05-21,100.75,102.3,100.65,101.0025,323486.0,0.007154609363314579,20.149999618530273
2021-05-25,102.65,103.95,102.65,103.4774,139152.0,0.02450335387737934,18.84000015258789
2021-05-26,104.0,107.0,104.0,104.45,166209.0,0.009399153824893203,17.360000610351562
2021-05-27,106.5,109.65,105.95,109.65,285185.0,0.049784585926280434,16.739999771118164
2021-05-28,109.5,111.15,109.45,110.7834,76046.0,0.010336525307797384,16.760000228881836
2021-06-01,111.75,113.65,111.75,113.1589,458772.0,0.02144274322687334,17.899999618530273
2021-06-02,114.2,116.6,114.2,116.1356,95335.0,0.026305487239624892,17.479999542236328
2021-06-03,117.0,118.75,117.0,118.3715,198793.0,0.01925249449781119,18.040000915527344
2021-06-04,116.5,118.8,115.7,118.6937,68915.0,0.0027219389802444205,16.420000076293945
2021-06-07,118.55,120.2,118.55,119.25,58927.0,0.004686853640926136,16.420000076293945
2021-06-08,119.6,122.6,119.6,121.2121,51207.0,0.016453668763102725,17.06999969482422
2021-06-09,121.25,124.85,121.25,124.65,80490.0,0.028362679963469084,17.889999389648438
2021-06-10,123.15,123.15,119.4,119.4,33251.0,-0.04211793020457277,16.100000381469727
2021-06-11,115.5,120.8493,115.45,115.6,184921.0,-0.031825795644891186,15.649999618530273
2021-06-14,114.5,116.05,114.35,115.9,610576.0,0.002595155709342656,16.389999389648438
2021-06-15,115.6,118.1,115.6,115.75,76374.0,-0.0012942191544434989,17.020000457763672
2021-06-16,116.4,116.4,115.25,115.6,16387.0,-0.0012958963282937441,18.149999618530273
2021-06-17,113.95,116.4,113.95,116.25,243353.0,0.005622837370242273,17.75
2021-06-18,114.5,115.8,112.9,113.546,233801.0,-0.02326021505376341,20.700000762939453
2021-06-21,112.6,116.2,112.6,116.2,48335.0,0.023373786835291455,17.889999389648438
2021-06-22,113.5,116.2,113.2,113.7945,269536.0,-0.020701376936316684,16.65999984741211
2021-06-23,115.95,115.95,114.05,115.3,32659.0,0.013229989147102827,16.31999969482422
2021-06-24,114.7,116.45,114.7,115.6616,24828.0,0.003136166522116346,15.970000267028809
2021-06-25,112.5,113.05,110.9111,112.8695,52783.0,-0.024140250523942308,15.619999885559082
2021-06-28,111.3,112.2,111.3,111.6602,14158.0,-0.01071414332481313,15.760000228881836
2021-06-29,111.6,113.05,111.6,112.5884,29859.0,0.008312720199318946,16.020000457763672
2021-06-30,111.5,112.9,111.4,112.0865,35276.0,-0.004457830469213442,15.829999923706055
2021-07-01,111.5,111.8,110.05,111.235,26157.0,-0.007596811391202385,15.479999542236328
2021-07-02,111.9,113.2164,111.9,112.88,54807.0,0.01478851081044641,15.069999694824219
2021-07-05,112.5,112.9995,112.3,112.7374,43193.0,-0.0012632884479093498,
2021-07-06,113.5,115.1,113.4,114.9,51518.0,0.01918263149584787,16.440000534057617
2021-07-07,114.5,116.5,113.85,114.9,46257.0,0.0,16.200000762939453
2021-07-08,117.1628,117.1628,113.4,115.3042,75701.0,0.0035178416013923464,19.0
2021-07-09,115.5,116.6,114.1,115.3026,60292.0,-1.3876337548790474e-05,16.18000030517578
2021-07-12,114.5,116.6551,114.375,115.25,23124.0,-0.00045619092717763543,16.170000076293945
2021-07-13,113.5,114.15,110.9,114.15,57356.0,-0.009544468546637708,17.1200008392334
2021-07-14,112.3,112.3,110.7,111.6212,18629.0,-0.022153307052124482,16.329999923706055
2021-07-15,111.5,111.85,109.9,110.5167,399675.0,-0.00989507369567788,17.010000228881836
2021-07-16,109.5,110.75,109.3,110.15,7589.0,-0.0033180505751618794,18.450000762939453
2021-07-19,108.5,109.1,106.95,108.3,34566.0,-0.016795279164775412,22.5
2021-07-20,109.5,109.5164,107.7081,108.4513,30308.0,0.0013970452446907533,19.729999542236328
2021-07-21,109.7,111.65,109.7,110.8751,61449.0,0.022349201899839022,17.90999984741211
2021-07-22,110.5,112.2,110.2,111.3243,76176.0,0.004051405590614898,17.690000534057617
2021-07-23,111.2,111.2,110.1813,111.2,28857.0,-0.0011165576608160865,17.200000762939453
2021-07-26,110.1,111.95,110.1,111.0473,161521.0,-0.0013732014388488922,17.579999923706055
2021-07-27,105.625,105.625,99.6406,105.4488,589745.0,-0.05041545359499966,19.360000610351562
2021-07-28,100.75,101.6,97.58,100.3,441902.0,-0.048827487842441175,18.309999465942383
2021-07-29,99.75,100.05,97.92,99.38,110679.0,-0.009172482552343042,17.700000762939453
2021-07-30,98.75,99.78,97.38,97.7,466523.0,-0.016904809820889488,18.239999771118164
2021-08-02,100.5,101.2,98.1429,99.2566,149377.0,0.015932446264073752,19.459999084472656
2021-08-03,98.0,98.7,97.12,97.9378,108681.0,-0.013286773877001723,18.040000915527344
2021-08-04,98.04,98.9838,98.04,98.48,28711.0,0.00553616683241831,17.969999313354492
2021-08-05,99.0,100.2,98.36,99.8383,167674.0,0.0137926482534525,17.280000686645508
2021-08-06,100.5,100.75,99.24,99.9741,118194.0,0.0013601994424985442,16.149999618530273
2021-08-09,98.75,100.2,98.7,99.1866,106111.0,-0.00787704015339985,16.719999313354492
2021-08-10,100.85,100.85,99.58,99.72,87519.0,0.005377742557966414,16.790000915527344
2021-08-11,101.1,101.1,99.7,99.7,273771.0,-0.0002005615724026688,16.170000076293945
2021-08-12,100.5,100.9,99.7433,99.8867,159479.0,0.001872617853560632,15.59000015258789
2021-08-13,100.75,100.75,98.68,100.35,100228.0,0.00463825514307703,15.449999809265137
2021-08-16,99.1,99.1,97.84,98.02,116612.0,-0.023218734429496735,16.1200008392334
2021-08-17,98.75,99.88,98.4,98.4,61272.0,0.0038767598449296337,17.90999984741211
2021-08-18,99.42,99.42,97.96,98.461,199229.0,0.0006199186991868721,21.56999969482422
2021-08-19,96.78,96.78,93.92,95.32,67011.0,-0.03190095570835161,21.670000076293945
2021-08-20,95.25,96.62,94.38,96.1405,89955.0,0.008607847251363987,18.559999465942383
2021-08-23,97.25,97.84,96.88,97.57,33180.0,0.014868863798294996,17.149999618530273
2021-08-24,97.75,98.84,97.4483,97.8099,30806.0,0.0024587475658501834,17.219999313354492
2021-08-25,97.25,97.4,95.68,97.1933,86755.0,-0.006304065334899689,16.790000915527344
2021-08-26,96.25,96.84,95.46,96.1,54099.0,-0.011248717761409455,18.84000015258789
2021-08-27,96.25,96.5,94.84,95.3525,189038.0,-0.00777835587929232,16.389999389648438
2021-08-31,95.75,95.9,93.46,94.0723,61670.0,-0.013425972051073765,16.479999542236328
2021-09-01,94.75,95.28,93.86,95.2,227222.0,0.011987588269873228,16.110000610351562
2021-09-02,94.75,95.3,92.94,94.66,29179.0,-0.005672268907563116,16.40999984741211
2021-09-03,93.75,94.78,92.9,94.36,130621.0,-0.0031692372702302185,16.40999984741211
2021-09-06,94.6,95.32,94.6,94.9235,53735.0,0.005971810089020924,
2021-09-07,94.25,95.7,94.06,94.84,289210.0,-0.0008796557227662705,18.139999389648438
2021-09-08,94.4845,94.4845,92.48,93.9208,137876.0,-0.009692113032475747,17.959999084472656
2021-09-09,92.25,93.5,91.8,92.7278,674210.0,-0.01270219163380204,18.799999237060547
2021-09-10,92.75,94.2,92.72,93.0,901024.0,0.0029354735041702273,20.950000762939453
2021-09-13,92.25,93.3659,90.72,90.86,436317.0,-0.023010752688172098,19.3700008392334
2021-09-14,91.22,92.22,91.22,91.513,167159.0,0.007186880915694527,19.459999084472656
2021-09-15,90.75,91.66,89.4,89.42,509233.0,-0.02287106749860679,18.18000030517578
2021-09-16,89.28,90.48,89.28,89.9038,488749.0,0.005410422724222874,18.690000534057617
2021-09-17,89.0,89.12,86.64,87.8,2227806.0,-0.023400568162858626,20.809999465942383
2021-09-20,87.0,88.76,86.88,87.8242,600313.0,0.00027562642369027834,25.709999084472656
2021-09-21,89.6362,89.6362,88.14,88.62,116469.0,0.009061283791938823,24.360000610351562
2021-09-22,89.5,91.5,87.84,90.924,355807.0,0.025998645903859252,20.8700008392334
2021-09-23,92.75,93.9,91.74,92.7,258949.0,0.019532796621354098,18.6299991607666
2021-09-24,92.64,92.64,91.24,91.555,111388.0,-0.01235167206040988,17.75
2021-09-27,91.25,92.44,89.94,89.94,271944.0,-0.01763967014362966,18.760000228881836
2021-09-28,84.9254,84.9254,82.48,83.42,528132.0,-0.07249277295975087,23.25
2021-09-29,85.0,85.74,83.5782,83.5782,856778.0,0.0018964277151760633,22.559999465942383
2021-09-30,83.5,84.3,82.84,83.7084,183859.0,0.0015578224943826324,23.139999389648438
2021-10-01,81.5,82.84,80.82,81.5078,128440.0,-0.026288879013336652,21.100000381469727
2021-10-04,81.0,81.82,80.2601,81.232,145060.0,-0.0033837252385662264,22.959999084472656
2021-10-05,80.5,81.54,80.18,81.2265,59584.0,-6.770730746497033e-05,21.299999237060547
2021-10-06,80.0,80.76,79.66,80.176,123733.0,-0.012932971382492164,21.0
2021-10-07,82.24,82.24,80.46,81.393,67524.0,0.015179105966872886,19.540000915527344
2021-10-08,82.5,82.82,81.36,82.1047,186607.0,0.008743995183861042,18.770000457763672
2021-10-11,81.5,81.64,80.8466,81.4,246934.0,-0.008582943485573757,20.0
2021-10-12,81.5,82.28,80.02,80.5,91971.0,-0.011056511056511176,19.850000381469727
2021-10-13,81.5,83.44,81.16,82.8651,120635.0,0.029380124223602477,18.639999389648438
2021-10-14,83.5,83.92,82.8358,83.2358,123006.0,0.004473535903534831,16.860000610351562
2021-10-15,81.5,82.26,80.7,81.5602,312956.0,-0.020130761042724488,16.299999237060547
2021-10-18,81.25,82.96,80.76,82.4842,184709.0,0.011329055102856644,16.309999465942383
2021-10-19,84.5,85.2,83.08,83.6868,301515.0,0.014579761942287162,15.699999809265137
2021-10-20,83.5,83.92,82.78,83.2,45903.0,-0.005816926922764476,15.489999771118164
2021-10-21,83.94,83.94,82.58,83.0782,91140.0,-0.001463942307692423,15.010000228881836
2021-10-22,84.14,84.14,82.12,83.4492,134517.0,0.004465672101706675,15.430000305175781
2021-10-25,82.52,82.52,80.86,81.2866,265495.0,-0.025915167551036955,15.239999771118164
2021-10-26,80.98,80.98,75.34,78.38,1042869.0,-0.03575743111410756,15.979999542236328
2021-10-27,78.75,79.38,76.6,77.975,779672.0,-0.005167134473079926,16.979999542236328
2021-10-28,76.75,77.2,76.14,77.04,956602.0,-0.011991022763706116,16.530000686645508
2021-10-29,76.75,76.8,75.54,76.0366,155189.0,-0.013024402907580446,16.260000228881836
2021-11-01,76.02,76.02,74.04,75.1642,300947.0,-0.011473422009926959,16.40999984741211
2021-11-02,75.25,75.7,73.48,73.925,873398.0,-0.01648657206489257,16.030000686645508
2021-11-03,72.75,73.58,72.08,73.3218,843261.0,-0.008159621237740944,15.100000381469727
2021-11-04,73.75,74.88,72.86,74.1823,220632.0,0.011735936651855239,15.4399995803833
2021-11-05,74.25,74.32,72.22,73.107,899893.0,-0.014495371537415203,16.479999542236328
2021-11-08,72.92,73.82,72.92,73.2219,663799.0,0.0015716689236324743,17.219999313354492
2021-11-09,72.75,73.6,72.42,73.4073,1078339.0,0.002532029351874243,17.780000686645508
2021-11-10,72.98,72.98,71.88,72.6473,263705.0,-0.010353193755934464,18.729999542236328
2021-11-11,72.25,72.94,72.06,72.6064,260039.0,-0.0005629940823679291,17.65999984741211
2021-11-12,73.75,74.6,73.0,74.2,249966.0,0.02194847837105285,16.290000915527344
2021-11-15,74.75,74.98,74.12,74.4273,1506910.0,0.00306334231805927,16.489999771118164
2021-11-16,74.66,74.66,73.8,74.1874,335924.0,-0.003223279629920861,16.3700008392334
2021-11-17,74.25,75.2,73.94,74.7025,268936.0,0.006943227556161835,17.110000610351562
2021-11-18,74.25,75.12,72.66,74.5024,79084.0,-0.002678625213346386,17.59000015258789
2021-11-19,74.25,78.3,73.7,76.0517,366956.0,0.020795303238553497,17.90999984741211
2021-11-22,77.5,77.5,75.14,75.649,426427.0,-0.005295082161213993,19.170000076293945
2021-11-23,75.75,76.12,74.52,75.72,483026.0,0.0009385451228700603,19.3799991607666
2021-11-24,75.5,75.5,73.78,74.6231,291267.0,-0.014486265187533043,18.579999923706055
2021-11-25,75.68,75.68,74.9578,75.1915,97058.0,0.007616944351012123,
2021-11-26,76.25,80.0,75.82,77.6615,465258.0,0.03284945771796011,28.6200008392334
2021-11-29,78.2,78.2,74.58,74.72,377227.0,-0.03787591020003478,22.959999084472656
2021-11-30,74.75,76.04,72.74,72.86,530710.0,-0.024892933618843704,27.190000534057617
2021-12-01,73.75,74.9,73.5,74.36,400164.0,0.020587427944002146,31.1200008392334
2021-12-02,73.75,73.76,71.84,72.7139,290153.0,-0.022136901559978495,27.950000762939453
2021-12-03,73.25,73.3,70.8,72.2072,187132.0,-0.006968406315711273,30.670000076293945
2021-12-06,71.75,72.48,70.88,71.7291,257323.0,-0.006621223368306728,27.18000030517578
2021-12-07,72.84,75.2,72.84,74.3403,634734.0,0.03640363534465085,21.889999389648438
2021-12-08,75.75,77.04,75.12,76.2106,274070.0,0.025158628630769675,19.899999618530273
2021-12-09,76.25,76.78,75.7,76.1377,301892.0,-0.0009565598486300786,21.579999923706055
2021-12-10,75.82,75.82,74.76,75.114,99836.0,-0.01344537594384898,18.690000534057617
2021-12-13,76.75,77.18,75.64,76.5923,208726.0,0.019680751923742523,20.309999465942383
2021-12-14,76.66,76.66,74.88,75.548,592710.0,-0.013634529841772491,21.889999389648438
2021-12-15,75.1,77.12,75.1,75.2417,277309.0,-0.004054376025838025,19.290000915527344
2021-12-16,77.25,77.4,75.9,76.4973,131708.0,0.01668755490638829,20.56999969482422
2021-12-17,76.98,76.98,75.22,76.0987,574535.0,-0.005210641421331208,21.56999969482422
2021-12-20,76.75,76.98,74.5,75.2227,266865.0,-0.011511366160000036,22.8700008392334
2021-12-21,76.25,76.64,74.76,76.1432,1428705.0,0.012236997608434663,21.010000228881836
2021-12-22,77.34,78.62,77.34,78.4,270586.0,0.02963889093182326,18.6299991607666
2021-12-23,78.25,78.98,77.66,78.6879,69278.0,0.003672193877551022,17.959999084472656
2021-12-29,77.25,78.0,76.68,77.1862,71104.0,-0.019084255647945914,16.950000762939453
2021-12-30,76.75,77.26,76.68,76.88,76886.0,-0.003967030375896297,17.329999923706055
2022-01-04,77.75,78.6,77.26,77.799,149108.0,0.011953694068678633,16.90999984741211
2022-01-05,77.66,79.86,77.66,79.3802,219292.0,0.020324168691114197,19.729999542236328
2022-01-06,77.75,77.86,74.8,76.0295,444613.0,-0.042210778002575,19.610000610351562
2022-01-07,74.64,74.64,72.12,73.6279,278923.0,-0.031587738969741985,18.760000228881836
2022-01-10,75.08,75.08,73.84,74.32,202027.0,0.009399969305113887,19.399999618530273
2022-01-11,75.98,78.42,75.98,77.98,303374.0,0.049246501614639504,18.40999984741211
2022-01-12,79.5,79.5,77.2882,77.2884,293511.0,-0.008868940754039656,17.6200008392334
2022-01-13,76.25,76.9,75.28,75.9,500467.0,-0.017963885913021782,20.309999465942383
2022-01-14,75.75,76.92,74.72,75.669,74000.0,-0.003043478260869703,19.190000534057617
2022-01-17,77.12,77.12,75.92,76.6393,111196.0,0.012822952596175607,
2022-01-18,76.2,76.2,74.22,75.4229,285827.0,-0.015871752482081725,22.790000915527344
2022-01-19,73.75,74.16,72.44,73.2816,142149.0,-0.028390581640324153,23.850000381469727
2022-01-20,72.75,75.1,72.72,73.1306,425911.0,-0.002060544529595365,25.59000015258789
2022-01-21,71.75,72.2,68.88,71.8595,506422.0,-0.017381233026940945,28.850000381469727
2022-01-24,69.0,72.9,66.08,67.6769,563362.0,-0.05820524774038216,29.899999618530273
2022-01-25,71.75,73.96,69.28,72.1246,782870.0,0.06571961777209068,31.15999984741211
2022-01-26,72.75,76.54,70.46,75.86,911491.0,0.05179092847655298,31.959999084472656
2022-01-27,73.75,76.38,72.38,74.6967,261528.0,-0.015334827313472132,30.489999771118164
2022-01-28,76.25,76.34,74.3,75.82,595498.0,0.01503814760223654,27.65999984741211
2022-01-31,76.75,77.08,75.52,76.4863,192183.0,0.008787918754946,24.829999923706055
2022-02-01,77.24,77.24,73.86,74.6597,471710.0,-0.02388140098292113,21.959999084472656
2022-02-02,74.75,76.2,74.54,75.7895,110250.0,0.01513266193140339,22.09000015258789
2022-02-03,74.75,75.64,73.44,73.76,148869.0,-0.026778115702043137,24.350000381469727
2022-02-04,74.75,74.96,72.56,72.9388,105663.0,-0.011133405639913274,23.219999313354492
2022-02-07,73.25,73.54,72.26,72.7659,45941.0,-0.0023704804575890304,22.860000610351562
2022-02-08,72.44,72.44,70.86,72.3309,161875.0,-0.005978074894971486,21.440000534057617
2022-02-09,73.34,74.26,73.34,74.0253,84139.0,0.023425672845215573,19.959999084472656
2022-02-10,74.75,75.8,74.06,75.0944,171927.0,0.014442359571659846,23.90999984741211
2022-02-11,73.88,74.64,73.88,74.2311,62437.0,-0.011496196786977442,27.360000610351562
2022-02-14,72.75,73.0,71.18,73.0,103503.0,-0.01658469293867393,28.329999923706055
2022-02-15,72.5,74.5,72.5,74.0287,119650.0,0.014091780821917865,25.700000762939453
2022-02-16,74.75,75.2,74.0,74.5975,66126.0,0.007683506531926065,24.290000915527344
2022-02-17,74.25,74.46,67.64,68.3,528122.0,-0.0844197191594892,28.110000610351562
2022-02-18,68.98,68.98,67.86,68.379,384429.0,0.0011566617862373008,27.75
2022-02-21,69.0,69.76,68.18,68.8718,130758.0,0.007206891004547966,
2022-02-22,67.0,69.78,66.66,68.767,252846.0,-0.0015216677943656887,28.809999465942383
2022-02-23,68.5,70.18,67.4,67.6,122967.0,-0.016970349150028374,31.020000457763672
2022-02-24,64.5,66.72,64.1,66.69,251204.0,-0.013461538461538414,30.31999969482422
2022-02-25,68.5,69.58,67.26,69.0676,168241.0,0.03565152196731147,27.59000015258789
2022-02-28,67.32,69.14,67.32,68.9,377138.0,-0.002426608134639019,30.149999618530273
2022-03-01,70.25,71.18,67.24,69.501,505074.0,0.008722786647314962,33.31999969482422
2022-03-02,69.0,71.0,67.92,70.86,213047.0,0.01955367548668363,30.739999771118164
2022-03-03,72.25,73.2649,69.34,70.2408,271821.0,-0.008738357324301504,30.479999542236328
2022-03-04,68.0,71.02,66.26,67.62,463512.0,-0.03731164793111674,31.979999542236328
2022-03-07,64.78,67.66,64.78,65.6428,183516.0,-0.029239869860988033,36.45000076293945
2022-03-08,65.0,66.84,62.68,63.82,307701.0,-0.02776846813359568,35.130001068115234
2022-03-09,65.0,68.06,64.22,64.84,240166.0,0.015982450642431978,32.45000076293945
2022-03-10,67.0,67.9,65.34,65.6188,209475.0,0.012011104256631544,30.229999542236328
2022-03-11,66.0,67.8,65.98,66.7428,74220.0,0.017129237352710103,30.75
2022-03-14,67.38,67.38,65.24,66.232,69912.0,-0.007653259977106197,31.770000457763672
2022-03-15,65.5,66.32,65.04,65.5936,439479.0,-0.009638845271168095,29.829999923706055
2022-03-16,67.5,69.38,67.34,68.617,973683.0,0.04609291150356154,26.670000076293945
2022-03-17,68.5,69.3,67.38,67.9317,229004.0,-0.009987320926301058,25.670000076293945
2022-03-18,68.0,69.64,67.26,68.6086,292754.0,0.009964420145528452,23.8700008392334
2022-03-21,69.48,69.48,67.98,68.9967,524727.0,0.005656725250187344,23.530000686645508
2022-03-22,68.5,69.34,68.12,68.9942,69030.0,-3.623361697002725e-05,22.940000534057617
2022-03-23,69.6,69.6,67.24,69.0417,471593.0,0.0006884636679604927,23.56999969482422
2022-03-24,69.5,71.3,68.08,70.352,363272.0,0.018978385526428276,21.670000076293945
2022-03-25,71.94,71.94,70.82,71.4266,387988.0,0.015274619058448735,20.809999465942383
2022-03-28,71.25,73.72,70.92,72.5691,234444.0,0.015995441474184968,19.6299991607666
2022-03-29,73.75,73.76,72.06,72.5,159122.0,-0.0009521959070735164,18.899999618530273
2022-03-30,72.75,73.0,70.84,72.0686,52486.0,-0.0059503448275861626,19.329999923706055
2022-03-31,71.16,71.16,68.34,69.2,133670.0,-0.03980374254529717,20.559999465942383
2022-04-01,68.49,69.04,66.48,66.82,945857.0,-0.03439306358381522,19.6299991607666
2022-04-04,68.8,70.46,68.46,69.2902,1407268.0,0.0369679736605808,18.56999969482422
2022-04-05,70.87,70.92,68.74,69.2483,208018.0,-0.000604703118189831,21.030000686645508
2022-04-06,68.94,69.1,65.92,68.0975,200087.0,-0.016618458503674494,22.100000381469727
2022-04-07,66.91,68.46,66.52,67.22,323917.0,-0.012885935607033994,21.549999237060547
2022-04-08,67.34,68.0,66.6,67.6078,256004.0,0.005769116334424229,21.15999984741211
2022-04-11,67.5,67.5,65.54,65.94,287514.0,-0.024668751238762443,24.3700008392334
2022-04-12,65.49,67.04,65.04,66.4119,77850.0,0.0071565059144678145,24.260000228881836
2022-04-13,65.27,66.4,64.12,65.6525,78295.0,-0.01143469769725003,21.81999969482422
2022-04-14,66.5,66.98,65.8,66.087,28711.0,0.006618179048779593,22.700000762939453
2022-04-19,66.15,67.34,65.34,66.0697,127966.0,-0.00026177614356837076,21.3700008392334
2022-04-20,67.11,67.16,66.14,66.6847,90135.0,0.009308351634713219,20.31999969482422
2022-04-21,68.0,68.6,67.22,67.7592,1252573.0,0.01611314139525266,22.68000030517578
2022-04-22,65.29,65.36,62.34,63.291,1238423.0,-0.06594233698154661,28.209999084472656
2022-04-25,62.99,63.98,62.4,63.3569,309398.0,0.0010412222906890367,27.020000457763672
2022-04-26,64.9,64.96,62.34,63.1699,322190.0,-0.002951533297872899,33.52000045776367
2022-04-27,62.01,63.86,61.86,62.68,357268.0,-0.007755275851315191,31.600000381469727
2022-04-28,62.7,63.46,61.66,62.6106,563963.0,-0.001107211231652916,29.989999771118164
2022-04-29,64.38,65.26,64.14,64.4142,154031.0,0.028806623798526054,33.400001525878906
2022-05-03,62.21,64.72,60.76,61.088,507285.0,-0.051637682374383154,29.25
2022-05-04,63.4,64.56,61.16,62.3973,510924.0,0.021433014667365136,25.420000076293945
2022-05-05,64.2,64.42,61.94,61.94,338290.0,-0.007328842754414144,31.200000762939453
2022-05-06,61.7,62.52,59.66,60.5961,189497.0,-0.021696803358088435,30.190000534057617
2022-05-09,59.54,59.54,57.1914,57.1914,131478.0,-0.05618678429799939,34.75
2022-05-10,57.16,58.6,57.16,57.3544,136449.0,0.002850078858010141,32.9900016784668
2022-05-11,58.76,59.12,57.56,58.7029,241771.0,0.02351170965087257,32.560001373291016
2022-05-12,56.9,59.14,55.26,59.1197,155297.0,0.007100160298724623,31.770000457763672
2022-05-13,58.78,59.82,58.54,59.4682,314014.0,0.005894820169926485,28.8700008392334
2022-05-16,58.83,59.48,58.32,58.8881,229166.0,-0.009754793318109578,27.469999313354492
2022-05-17,58.87,59.98,58.64,59.1825,160289.0,0.00499931225493766,26.100000381469727
2022-05-18,59.5,62.44,58.3,59.1015,259787.0,-0.0013686478266379254,30.959999084472656
2022-05-19,57.48,57.48,55.66,56.7105,190795.0,-0.040455825994264116,29.350000381469727
2022-05-20,56.92,58.02,56.7,56.96,94640.0,0.00439953800442594,29.43000030517578
2022-05-23,57.12,57.92,55.9,56.3218,196583.0,-0.011204353932584232,28.479999542236328
2022-05-24,56.2,57.18,54.66,55.3625,629686.0,-0.01703248120621159,29.450000762939453
2022-05-25,55.11,55.46,54.26,55.1362,328645.0,-0.004087604425378144,28.3700008392334
2022-05-27,56.98,57.72,55.54,56.5149,115648.0,0.025005350386860137,25.719999313354492
2022-05-30,57.88,59.1,57.88,57.88,61117.0,0.024154691948495177,
2022-05-31,58.17,58.86,57.72,58.5087,303358.0,0.010862128541810456,26.190000534057617
2022-06-01,58.52,59.34,58.14,58.5496,102456.0,0.0006990413391512185,25.690000534057617
2022-06-07,57.33,58.4,56.8,58.24,131655.0,-0.005287824340388214,24.020000457763672
2022-06-08,59.14,59.14,58.02,58.7092,178939.0,0.00805631868131873,23.959999084472656
2022-06-09,58.16,58.16,56.92,57.4742,151142.0,-0.02103588534675993,26.09000015258789
2022-06-10,56.38,56.58,54.74,55.1849,373143.0,-0.039831785392402175,27.75
2022-06-13,53.86,53.86,52.14,52.36,378438.0,-0.05118972762476692,34.02000045776367
2022-06-14,52.45,52.9,51.2,51.84,1781233.0,-0.009931245225362817,32.689998626708984
2022-06-15,52.8,53.04,51.76,52.6166,137300.0,0.014980709876543097,29.6200008392334
2022-06-16,52.66,52.66,49.71,50.0675,699099.0,-0.04844668792738405,32.95000076293945
2022-06-17,50.0,51.34,50.0,50.5178,1463614.0,0.008993858291306722,31.1299991607666
2022-06-20,50.735,51.56,50.56,50.9724,303508.0,0.00899880834082234,
2022-06-21,51.2,52.72,51.1995,52.3764,206835.0,0.027544318101560883,30.190000534057617
2022-06-22,50.72,51.8,50.72,51.4841,177095.0,-0.017036298791058502,28.950000762939453
2022-06-23,51.4652,51.4652,50.18,50.9725,152059.0,-0.009937048525661352,29.049999237060547
2022-06-24,51.76,53.84,51.76,52.9146,78348.0,0.03810093677963611,27.229999542236328
2022-06-27,54.11,54.2,52.5,52.8119,91553.0,-0.0019408632022164252,26.950000762939453
2022-06-28,52.77,53.3,51.68,52.3546,196595.0,-0.00865903328605866,28.360000610351562
2022-06-29,50.695,51.04,49.63,50.1948,233422.0,-0.041253299614551486,28.15999984741211
2022-06-30,49.195,49.94,49.07,49.508,311488.0,-0.013682692231067772,28.709999084472656
2022-07-01,49.295,50.26,48.66,49.5874,345180.0,0.0016037812070777147,26.700000762939453
2022-07-04,49.66,49.93,49.07,49.3392,56279.0,-0.005005303766682734,
2022-07-05,49.975,50.36,48.06,48.671,109293.0,-0.013542984077569153,27.540000915527344
2022-07-06,49.405,50.82,49.23,50.4699,95040.0,0.036960407634936576,26.729999542236328
2022-07-07,50.815,51.44,50.2,51.1486,175683.0,0.013447619274062239,26.079999923706055
2022-07-08,51.54,53.36,51.24,51.7645,324085.0,0.012041385296958307,24.639999389648438
2022-07-11,52.04,53.44,51.98,52.9556,203838.0,0.02300997788059389,26.170000076293945
2022-07-12,52.06,52.98,51.24,52.5518,178462.0,-0.007625255874732728,27.290000915527344
2022-07-13,52.1,52.4,50.02,50.5183,228903.0,-0.03869515411460689,26.81999969482422
2022-07-14,51.15,51.48,50.44,50.98,1014492.0,0.00913926240590035,26.399999618530273
2022-07-15,51.65,52.14,51.04,51.6499,92787.0,0.013140447234209596,24.229999542236328
2022-07-18,51.88,53.18,51.84,52.9858,142738.0,0.025864522486974684,25.299999237060547
2022-07-19,53.21,53.9708,52.1,53.8811,185328.0,0.01689697994557049,24.5
2022-07-20,54.87,54.96,53.92,54.555,306170.0,0.012507168561888937,23.8799991607666
2022-07-21,54.95,55.46,54.54,55.0923,62493.0,0.009848776464118858,23.110000610351562
2022-07-22,54.0,54.0,52.98,53.513,228031.0,-0.02866643795956969,23.030000686645508
2022-07-25,53.04,53.04,51.28,51.96,214167.0,-0.029020985554911838,23.360000610351562
2022-07-26,49.0,53.52,48.45,51.0449,449027.0,-0.01761162432640495,24.690000534057617
2022-07-27,52.49,53.4,50.52,51.8477,418862.0,0.015727330252385707,23.239999771118164
2022-07-28,52.34,53.38,51.88,52.6581,224720.0,0.015630394405151904,22.329999923706055
2022-07-29,52.96,54.06,52.74,52.82,508639.0,0.003074550733885184,21.329999923706055
2022-08-02,53.53,53.807,52.44,53.62,412086.0,0.015145778114350472,23.93000030517578
2022-08-03,53.6,55.72,53.28,55.011,180828.0,0.025941812756434368,21.950000762939453
2022-08-04,55.88,56.9,55.88,56.4144,496468.0,0.02551126138408688,21.440000534057617
2022-08-05,56.32,56.96,55.3,55.6095,368448.0,-0.014267633795626677,21.149999618530273
2022-08-08,55.95,56.44,54.88,55.5311,239301.0,-0.001409831054046462,21.290000915527344
2022-08-09,55.32,55.64,52.54,52.74,137521.0,-0.050261925299516896,21.770000457763672
2022-08-10,52.63,54.4868,52.2,53.73,153478.0,0.018771331058020424,19.739999771118164
2022-08-11,55.28,55.88,54.48,55.4,68672.0,0.03108133258887036,20.200000762939453
2022-08-12,55.15,55.59,54.68,55.3438,1879722.0,-0.0010144404332129708,19.530000686645508
2022-08-15,55.4,55.52,54.7,54.96,77427.0,-0.0069348328087337485,19.950000762939453
2022-08-16,55.01,55.24,54.72,55.14,673296.0,0.0032751091703056012,19.690000534057617
2022-08-17,55.28,55.34,53.72,53.82,146444.0,-0.02393906420021763,19.899999618530273
2022-08-18,53.41,54.18,53.4,54.0,34021.0,0.0033444816053511683,19.559999465942383
2022-08-19,53.47,55.426,52.06,52.7278,216207.0,-0.02355925925925917,20.600000381469727
2022-08-22,52.0,52.18,50.96,51.0877,114845.0,-0.031105033777248492,23.799999237060547
2022-08-23,50.875,51.06,49.99,50.4663,176141.0,-0.012163397451832814,24.110000610351562
2022-08-24,50.875,51.12,49.86,50.8846,44893.0,0.008288699587645665,22.81999969482422
2022-08-25,50.935,51.64,50.64,51.2457,154491.0,0.0070964496134391375,21.780000686645508
2022-08-26,51.09,52.0,49.44,50.1216,145364.0,-0.021935498978450818,25.559999465942383
2022-08-30,49.64,51.0813,49.11,49.5534,315757.0,-0.01133642980271976,26.209999084472656
2022-08-31,49.335,49.8,48.15,48.8604,413674.0,-0.013984913245105424,25.8700008392334
2022-09-01,48.5,48.5,47.73,48.4903,144113.0,-0.007574641222748868,25.559999465942383
2022-09-02,48.5,49.17,47.86,48.2688,123279.0,-0.004567923894057135,25.469999313354492
2022-09-05,48.0,48.0,47.23,48.0,355668.0,-0.005568814638027053,
2022-09-06,47.63,48.2,47.19,47.6239,1076987.0,-0.00783541666666665,26.90999984741211
2022-09-07,47.185,47.22,46.56,46.8682,77888.0,-0.015868083042337888,24.639999389648438
2022-09-08,46.95,47.35,45.26,46.56,153587.0,-0.006575887275380721,23.610000610351562
2022-09-09,47.14,48.58,47.14,48.2417,116306.0,0.03611898625429544,22.790000915527344
2022-09-12,48.865,50.36,48.49,49.8159,362194.0,0.032631520033497896,23.8700008392334
2022-09-13,50.035,50.72,48.49,48.65,856049.0,-0.023404174169291303,27.270000457763672
2022-09-14,48.635,48.88,47.52,47.9604,270492.0,-0.01417471736896192,26.15999984741211
2022-09-15,47.43,48.18,47.43,47.7073,166877.0,-0.0052772704147588945,26.270000457763672
2022-09-16,46.84,47.52,46.6,47.1272,159568.0,-0.012159564678780654,26.299999237060547
2022-09-20,46.93,46.93,46.22,46.4207,701884.0,-0.014991342579232514,27.15999984741211
2022-09-21,46.0,46.38,45.48,45.9779,1189842.0,-0.009538847970840592,27.989999771118164
2022-09-22,45.72,46.28,45.21,45.5388,721422.0,-0.009550240441603353,27.350000381469727
2022-09-23,45.37,45.37,43.98,44.52,1180810.0,-0.022372131017945107,29.920000076293945
2022-09-26,43.945,45.16,43.66,43.84,379228.0,-0.015274034141958714,32.2599983215332
2022-09-27,45.005,45.92,44.81,44.9601,347693.0,0.025549726277372065,32.599998474121094
2022-09-28,44.655,46.14,44.36,45.95,536537.0,0.02201729978358613,30.18000030517578
2022-09-29,45.495,46.2,44.16,44.7417,226002.0,-0.02629597388465721,31.84000015258789
2022-09-30,44.95,46.21,44.65,45.95,129064.0,0.027006126275934905,31.6200008392334
2022-10-03,45.125,45.25,42.48,45.1532,424544.0,-0.017340587595212287,30.100000381469727
2022-10-04,45.86,47.52,45.86,47.51,160978.0,0.05219563618968315,29.06999969482422
2022-10-05,46.9,47.62,46.24,46.3807,565151.0,-0.023769732687855205,28.549999237060547
2022-10-06,47.035,47.37,46.48,47.0631,286765.0,0.014713016405530688,30.520000457763672
2022-10-07,46.13,46.13,43.81,43.9366,836128.0,-0.06643208798400446,31.360000610351562
2022-10-10,43.425,44.37,43.16,43.9156,368840.0,-0.00047796142623690585,32.45000076293945
2022-10-11,43.855,44.12,43.39,43.88,173906.0,-0.0008106458752696888,33.630001068115234
2022-10-12,43.7,43.96,42.98,43.1514,99570.0,-0.016604375569735597,33.56999969482422
2022-10-13,43.075,44.26,42.16,44.2536,228919.0,0.025542624341272635,31.940000534057617
2022-10-14,45.155,45.59,44.46,44.9348,108123.0,0.015393097962651758,32.02000045776367
2022-10-17,44.21,45.68,44.21,45.221,84344.0,0.006369228304120567,31.3700008392334
2022-10-18,45.73,46.33,44.9,45.14,172189.0,-0.0017912032020520607,30.5
2022-10-19,45.05,45.05,43.71,44.0232,163105.0,-0.024740806380150637,30.760000228881836
2022-10-20,43.03,44.73,43.03,44.4133,158382.0,0.008861236802413242,29.979999542236328
2022-10-21,43.7,44.95,43.32,44.4711,96298.0,0.0013014119644341182,29.690000534057617
2022-10-24,44.47,45.79,44.07,45.4909,182108.0,0.022931746684925702,29.850000381469727
2022-10-25,46.23,51.26,46.23,48.9865,450481.0,0.07684174197476845,28.459999084472656
2022-10-26,49.995,50.92,49.05,50.2,382216.0,0.02477213109734322,27.280000686645508
2022-10-27,51.005,51.42,50.18,50.8187,211520.0,0.012324701195219001,27.389999389648438
2022-10-28,50.5,50.9,49.73,50.1,219838.0,-0.014142431821357104,25.75
2022-10-31,50.78,50.78,49.83,50.13,74892.0,0.0005988023952097077,25.8799991607666
2022-11-01,50.31,50.74,49.96,50.3507,80508.0,0.00440255336126083,25.809999465942383
2022-11-02,50.5,50.6,49.59,50.17,78268.0,-0.003588827960683827,25.860000610351562
2022-11-03,49.49,49.65,48.61,49.07,164150.0,-0.02192545345824204,25.299999237060547
2022-11-04,49.235,50.68,48.52,50.19,127201.0,0.022824536376604865,24.549999237060547
2022-11-07,50.24,52.3879,50.24,52.3879,130992.0,0.043791591950587794,24.350000381469727
2022-11-08,52.57,54.6455,52.4,53.9964,451414.0,0.030703654851597317,25.540000915527344
2022-11-09,54.13,54.28,53.1,54.072,383362.0,0.00140009333955593,26.09000015258789
2022-11-10,53.02,56.68,53.02,56.0543,57924.0,0.03666037875425343,23.530000686645508
2022-11-11,57.0,59.24,56.62,58.796,230393.0,0.048911501882995534,22.520000457763672
2022-11-14,58.99,59.24,57.96,58.3413,393992.0,-0.007733519287026369,23.729999542236328
2022-11-15,58.76,58.76,57.84,58.3867,635785.0,0.0007781794372083706,24.540000915527344
2022-11-16,58.48,58.78,56.08,56.36,109168.0,-0.03471167235003858,24.110000610351562
2022-11-17,56.51,57.1,55.4,56.1904,85321.0,-0.0030092264017034243,23.93000030517578
2022-11-18,56.12,56.14,55.38,55.6816,185706.0,-0.009054927532105017,23.1200008392334
2022-11-21,55.72,55.72,54.58,55.26,190284.0,-0.007571621505129245,22.360000610351562
2022-11-22,54.95,55.22,54.48,55.109,263451.0,-0.002732537097357879,21.290000915527344
2022-11-23,55.13,55.68,54.58,55.6111,189274.0,0.009111034495272952,20.350000381469727
2022-11-24,55.5,57.24,55.28,56.8446,40227.0,0.022180823612552247,
2022-11-25,56.0,56.76,55.92,56.2056,38875.0,-0.011241173304060603,20.5
2022-11-28,55.66,56.52,55.66,55.78,39915.0,-0.007572199211466346,22.209999084472656
2022-11-29,55.77,56.06,55.3,55.8213,48242.0,0.0007404087486553301,21.889999389648438
2022-11-30,56.0,56.46,55.76,55.9536,748340.0,0.002370063040452397,20.579999923706055
2022-12-01,57.66,58.22,56.86,58.0858,145347.0,0.038106574018472505,19.84000015258789
2022-12-02,58.01,59.14,57.64,59.1082,288019.0,0.017601548054774208,19.059999465942383
2022-12-05,58.7459,58.7459,57.82,58.0313,62923.0,-0.018219130340629497,20.75
2022-12-06,57.98,57.98,56.8921,56.9473,551677.0,-0.018679574643339025,22.170000076293945
2022-12-07,56.64,56.64,55.46,55.72,99811.0,-0.021551504636743046,22.68000030517578
2022-12-08,55.52,56.1,55.42,55.8088,26685.0,0.0015936826992102304,22.290000915527344
2022-12-09,56.06,56.76,56.06,56.6487,68144.0,0.015049597912873969,22.829999923706055
2022-12-12,56.59,56.92,55.86,56.141,70292.0,-0.008962253326201708,25.0
2022-12-13,56.5,59.96,56.5,58.1617,311657.0,0.035993302577439046,22.549999237060547
2022-12-14,58.5,58.5,57.56,58.0484,415894.0,-0.0019480173378702004,21.139999389648438
2022-12-15,57.1,58.14,56.54,56.6057,791491.0,-0.024853398198744547,22.829999923706055
2022-12-16,55.83,56.4,54.44,55.1296,134715.0,-0.026076879183545065,22.6200008392334
2022-12-19,54.81,55.7,54.72,54.9255,56056.0,-0.003702185395867308,22.420000076293945
2022-12-20,53.7,55.06,53.7,54.4864,473912.0,-0.00799446523017533,21.479999542236328
2022-12-21,55.36,57.46,55.36,56.7988,67088.0,0.042439948317378295,20.06999969482422
2022-12-22,57.43,57.74,56.72,57.54,107440.0,0.013049571469819776,21.969999313354492
2022-12-23,56.54,57.74,56.54,57.486,102821.0,-0.000938477580813335,20.8700008392334
2022-12-28,57.23,57.6,57.06,57.1286,15868.0,-0.006217165918658396,22.139999389648438
2022-12-29,57.31,57.88,56.74,57.739,23840.0,0.010684665824123085,21.440000534057617
2022-12-30,58.01,58.06,57.0486,57.6313,30935.0,-0.001865290358336602,21.670000076293945
2023-01-03,57.96,59.06,57.96,58.6517,58246.0,0.01770565647486677,22.899999618530273
2023-01-04,58.98,60.2,58.98,59.3376,36046.0,0.011694460689118946,22.010000228881836
2023-01-05,59.61,59.68,58.62,59.4869,31025.0,0.002516111200992155,22.459999084472656
2023-01-06,59.67,61.4,59.62,60.3508,86088.0,0.014522525127381058,21.1299991607666
2023-01-09,61.21,62.02,60.74,61.064,766081.0,0.01181757325503563,21.969999313354492
2023-01-10,61.27,61.86,61.08,61.3723,65167.0,0.0050488012576968,20.579999923706055
2023-01-11,61.74,63.1,61.74,62.9394,107116.0,0.025534320858106918,21.09000015258789
2023-01-12,50.96,55.2,50.96,51.0884,611332.0,-0.18829223030407027,18.829999923706055
2023-01-13,51.64,51.64,49.74,50.6901,406286.0,-0.0077962903516257676,18.350000381469727
2023-01-16,50.6,50.6,49.95,50.46,298967.0,-0.004539347920008097,
2023-01-17,50.675,50.96,50.08,50.5451,159958.0,0.0016864843440347332,19.360000610351562
2023-01-18,50.42,51.9,50.42,51.0607,136189.0,0.010200790976771179,20.34000015258789
2023-01-19,51.005,51.52,50.84,50.94,784187.0,-0.002363853217836831,20.520000457763672
2023-01-20,50.975,51.5,50.34,50.46,467493.0,-0.009422850412249661,19.850000381469727
2023-01-23,51.97,52.14,50.94,52.14,154917.0,0.03329369797859694,19.809999465942383
2023-01-24,52.14,54.58,51.66,53.92,241852.0,0.03413885692366714,19.200000762939453
2023-01-25,53.34,53.34,51.82,52.9271,346128.0,-0.0184143175074184,19.079999923706055
2023-01-26,53.82,53.82,52.88,53.3917,277763.0,0.00877811178016552,18.729999542236328
2023-01-27,54.35,54.58,53.88,54.42,59994.0,0.019259547832340962,18.510000228881836
2023-01-30,54.29,54.36,53.76,54.0119,79584.0,-0.007499081220139758,19.940000534057617
2023-01-31,54.06,54.06,53.1,53.32,118032.0,-0.012810139987669333,19.399999618530273
2023-02-01,53.42,53.42,52.86,53.08,97543.0,-0.004501125281320406,17.8700008392334
2023-02-02,53.86,54.9,53.08,53.08,995967.0,0.0,18.729999542236328
2023-02-03,54.99,56.46,54.64,56.1206,122551.0,0.05728334589299178,18.329999923706055
2023-02-06,56.0,56.0,54.79,54.9992,126012.0,-0.019981967405907963,19.43000030517578
2023-02-07,53.62,54.54,53.62,53.7,120099.0,-0.023622161776898576,18.65999984741211
2023-02-08,53.49,54.44,53.3596,53.8477,55818.0,0.0027504655493482133,19.6299991607666
2023-02-09,54.06,54.06,53.36,53.5493,95513.0,-0.005541555163916079,20.709999084472656
2023-02-10,53.47,53.52,52.04,52.3085,207294.0,-0.023171171238466237,20.530000686645508
2023-02-13,52.42,53.2,52.42,52.8976,70145.0,0.011262031983329646,20.34000015258789
2023-02-14,54.17,54.22,53.2,53.54,112375.0,0.012144218263210549,18.90999984741211
2023-02-15,53.7,54.14,53.3,53.8578,57372.0,0.005935748972730748,18.229999542236328
2023-02-16,53.88,54.62,53.62,54.0534,143329.0,0.0036317859251586704,20.170000076293945
2023-02-17,53.43,53.7,52.98,53.6,78302.0,-0.00838800149481811,20.020000457763672
2023-02-20,53.35,53.64,53.16,53.3819,55511.0,-0.0040690298507463085,
2023-02-21,53.0446,53.0446,52.24,52.36,336019.0,-0.019143192730120218,22.8700008392334
2023-02-22,50.76,50.76,50.2,50.5,258363.0,-0.0355233002291826,22.290000915527344
2023-02-23,50.955,51.84,50.84,51.5404,161612.0,0.02060198019801973,21.139999389648438
2023-02-24,51.3,51.96,51.18,51.4,178581.0,-0.0027240766466694044,21.670000076293945
2023-02-27,51.5,51.92,51.5,51.78,109889.0,0.00739299610894939,20.950000762939453
2023-02-28,51.58,51.58,51.04,51.48,113739.0,-0.005793742757821629,20.700000762939453
2023-03-01,51.34,51.6,49.8,49.94,154465.0,-0.02991452991452992,20.579999923706055
2023-03-02,49.915,50.14,49.2,49.8985,156242.0,-0.0008309971966359297,19.59000015258789
2023-03-03,49.995,50.56,49.86,50.3299,151511.0,0.00864555046744897,18.489999771118164
2023-03-06,50.0,50.44,50.0,50.2499,52952.0,-0.0015895123972033964,18.610000610351562
2023-03-07,49.895,50.22,48.91,48.91,145645.0,-0.026664729681054045,19.59000015258789
2023-03-08,47.535,50.22,45.6,48.6065,243002.0,-0.006205274994888543,19.110000610351562
2023-03-09,49.095,50.86,48.94,50.62,61979.0,0.04142450083836535,22.610000610351562
2023-03-10,49.23,49.84,48.41,48.95,136335.0,-0.03299091268273402,24.799999237060547
2023-03-13,48.1,48.62,47.25,48.36,217177.0,-0.012053115423901972,26.520000457763672
2023-03-14,48.53,49.06,47.8,48.8168,75148.0,0.00944582299421004,23.729999542236328
2023-03-15,48.93,48.93,47.11,47.95,165810.0,-0.017756182297897438,26.139999389648438
2023-03-16,49.255,49.68,48.34,49.5,294578.0,0.03232533889468181,22.989999771118164
2023-03-17,49.84,50.4,49.04,49.24,188668.0,-0.005252525252525175,25.510000228881836
2023-03-20,49.075,49.34,48.4,49.02,102253.0,-0.004467912266450047,24.149999618530273
2023-03-21,49.68,49.94,49.31,49.31,92035.0,0.005915952672378655,21.3799991607666
2023-03-22,49.9,49.9,49.26,49.4862,105574.0,0.0035733117014802307,22.260000228881836
2023-03-23,49.525,49.9,48.97,49.75,84881.0,0.005330779085886528,22.610000610351562
2023-03-24,49.29,49.29,48.28,48.36,66402.0,-0.02793969849246236,21.739999771118164
2023-03-27,48.925,49.24,48.44,48.68,38899.0,0.006617038875103454,20.600000381469727
2023-03-28,48.685,49.33,48.63,48.84,243293.0,0.0032867707477404196,19.969999313354492
2023-03-29,49.65,50.7,49.65,50.06,380872.0,0.024979524979525047,19.1200008392334
2023-03-30,51.12,52.24,51.12,52.1648,139299.0,0.042045545345585245,19.020000457763672
2023-03-31,51.78,53.2,51.78,53.1,118090.0,0.017927798055393795,18.700000762939453
2023-04-03,53.0053,53.0053,52.06,52.3213,115994.0,-0.014664783427495331,18.549999237060547
2023-04-04,52.63,53.3,52.42,52.5895,41541.0,0.0051260194223003985,19.0
2023-04-05,52.3,52.32,51.22,51.36,68078.0,-0.023379191663735144,19.079999923706055
2023-04-06,51.4169,52.02,51.4169,51.94,31579.0,0.011292834890965775,18.399999618530273
2023-04-11,51.5,52.28,51.311,51.9218,125334.0,-0.00035040431266841754,19.100000381469727
2023-04-12,51.36,52.1,50.98,51.1,73735.0,-0.015827648502170444,19.09000015258789
2023-04-13,51.11,51.48,50.7674,50.92,115760.0,-0.003522504892367939,17.799999237060547
2023-04-14,51.73,52.8,51.6,52.2095,410252.0,0.025324037706205837,17.06999969482422
2023-04-17,52.28,52.94,52.28,52.8337,189604.0,0.011955678564246064,16.950000762939453
2023-04-18,53.02,53.56,52.86,52.9898,62589.0,0.002954553627703582,16.829999923706055
2023-04-19,51.85,52.24,50.88,51.4286,532499.0,-0.029462273871575295,16.459999084472656
2023-04-20,51.52,51.52,50.32,50.84,181694.0,-0.011444993641670176,17.170000076293945
2023-04-21,50.855,50.98,50.46,50.7785,15643.0,-0.0012096774193548487,16.770000457763672
2023-04-24,50.76,51.48,50.76,50.9064,118354.0,0.0025187825556090004,16.889999389648438
2023-04-25,50.56,50.6,49.94,50.36,57933.0,-0.010733424481008225,18.760000228881836
2023-04-26,49.995,50.8,49.43,50.3193,115590.0,-0.0008081810961080294,18.84000015258789
2023-04-27,50.715,51.04,50.26,50.3073,470999.0,-0.00023847708533308865,17.030000686645508
2023-04-28,51.4,52.88,51.4,52.6192,266895.0,0.045955557145782144,15.779999732971191
2023-05-02,53.44,57.26,53.44,56.227,409678.0,0.06856432632955256,17.780000686645508
2023-05-03,55.52,56.4,54.9,55.3917,167018.0,-0.014855852170665318,18.34000015258789
2023-05-04,55.54,56.58,55.54,56.3,67457.0,0.01639776356385525,20.09000015258789
2023-05-05,56.28,57.54,56.28,57.3672,278325.0,0.018955595026642902,17.190000534057617
2023-05-09,57.0,57.24,56.26,56.6667,88552.0,-0.012210810358532331,17.709999084472656
2023-05-10,56.94,57.42,56.52,57.0901,146963.0,0.00747176031072927,16.940000534057617
2023-05-11,56.86,57.42,56.68,56.8461,92279.0,-0.004273945920571176,16.93000030517578
2023-05-12,57.29,57.6,56.36,56.6885,325357.0,-0.002772397754639333,17.030000686645508
2023-05-15,56.76,57.08,56.76,56.7871,1533339.0,0.0017393298464416507,17.1200008392334
2023-05-16,56.69,57.28,56.56,57.14,1332938.0,0.006214439547009842,17.989999771118164
2023-05-17,57.1,57.1,56.6,56.804,380206.0,-0.005880294014700693,16.8700008392334
2023-05-19,57.46,59.42,57.46,58.8864,117478.0,0.03665939018378994,16.809999465942383
2023-05-22,59.07,59.5,58.66,59.22,224400.0,0.005665145092924595,17.209999084472656
2023-05-23,59.26,59.88,58.58,58.8763,202564.0,-0.005803782505910182,18.530000686645508
2023-05-24,58.07,58.62,57.46,57.7258,46028.0,-0.019540969795996066,20.030000686645508
2023-05-25,58.14,59.32,58.14,58.3604,144892.0,0.010993351326443301,19.139999389648438
2023-05-26,58.7,60.1,58.7,59.78,138483.0,0.02432471333301356,17.950000762939453
2023-05-30,59.76,59.76,58.54,58.88,95252.0,-0.015055202408832402,17.459999084472656
2023-05-31,58.85,58.98,58.14,58.3688,2494027.0,-0.008682065217391344,17.940000534057617
2023-06-01,58.32,58.32,57.5,57.84,106245.0,-0.009059634599306476,15.649999618530273
2023-06-02,57.86,58.18,57.22,57.6438,462249.0,-0.0033921161825727353,14.600000381469727
2023-06-05,57.6183,57.6183,56.92,57.5423,68199.0,-0.0017608138255978956,14.729999542236328
2023-06-06,56.84,57.34,56.54,57.34,138433.0,-0.0035156745559352665,13.960000038146973
2023-06-07,57.27,57.64,56.86,57.12,286360.0,-0.003836763167073709,13.9399995803833
2023-06-08,56.88,57.52,56.7,56.9185,368098.0,-0.0035276610644257023,13.649999618530273
2023-06-09,56.98,57.48,56.78,57.06,93387.0,0.0024860106995090447,13.829999923706055
2023-06-12,57.24,57.58,57.24,57.435,768847.0,0.006572029442691862,15.010000228881836
2023-06-13,58.01,58.74,57.8,58.0058,51619.0,0.009938190998520113,14.609999656677246
2023-06-14,54.91,56.4,49.97,50.2607,930297.0,-0.1335228546110906,13.880000114440918
2023-06-15,51.73,52.16,50.58,51.3451,248738.0,0.02157550531528618,14.5
2023-06-16,51.94,51.94,51.2,51.6747,1120823.0,0.0064193077820473565,13.539999961853027
2023-06-19,51.0,51.0,50.34,50.66,578208.0,-0.01963630171050834,
2023-06-20,50.715,51.02,50.1,50.3,181554.0,-0.007106198183971513,13.880000114440918
2023-06-21,50.1,50.1,48.3,48.5173,381778.0,-0.03544135188866793,13.199999809265137
2023-06-22,50.3,50.3,48.95,49.4371,686182.0,0.018958186049100156,12.90999984741211
2023-06-23,49.98,50.28,49.68,49.9,58180.0,0.009363413307010182,13.4399995803833
2023-06-26,49.38,50.02,49.38,49.83,27321.0,-0.001402805611222413,14.25
2023-06-27,49.875,51.12,49.84,50.1518,805714.0,0.006457957053983554,13.739999771118164
2023-06-28,51.22,52.53,51.22,52.24,171895.0,0.041637588281975946,13.430000305175781
2023-06-29,52.2,52.8,52.2,52.54,193663.0,0.005742725880551136,13.539999961853027
2023-06-30,52.69,53.34,52.32,53.24,101274.0,0.013323182337266815,13.59000015258789
2023-07-03,53.0,53.58,52.68,52.7653,118772.0,-0.00891622839969941,13.569999694824219
2023-07-04,52.73,53.64,52.28,53.5,301881.0,0.013923923487594969,
2023-07-05,52.86,53.58,52.86,53.4514,192019.0,-0.0009084112149533308,14.180000305175781
2023-07-06,52.49,53.04,51.84,52.06,123683.0,-0.026031123600130157,15.4399995803833
2023-07-07,52.41,53.38,52.36,53.2,72502.0,0.021897810218978186,14.829999923706055
2023-07-10,52.648,53.3453,52.648,53.3053,77125.0,0.001979323308270775,15.069999694824219
2023-07-11,52.8,53.72,52.8,53.34,175949.0,0.0006509671646159898,14.84000015258789
2023-07-12,53.9,54.16,53.1947,53.5054,211588.0,0.003100862392200865,13.539999961853027
2023-07-13,53.4161,54.16,53.4161,53.94,65563.0,0.00812254464035389,13.609999656677246
2023-07-14,53.78,55.5015,53.68,54.42,473966.0,0.00889877641824266,13.34000015258789
2023-07-17,54.4,54.86,54.06,54.7518,88132.0,0.0060970231532524455,13.479999542236328
2023-07-18,54.76,55.22,54.28,54.76,181929.0,0.00014976676565869873,13.300000190734863
2023-07-19,54.23,54.7,54.16,54.3723,101154.0,-0.0070799853907961285,13.760000228881836
2023-07-20,54.7,54.74,54.16,54.66,203966.0,0.005291297223034341,13.989999771118164
2023-07-21,54.83,55.08,54.54,54.7255,54213.0,0.0011983168679108314,13.600000381469727
2023-07-24,54.5,55.3,54.5,54.96,237615.0,0.004285022521493653,13.90999984741211
2023-07-25,54.64,61.74,54.6,57.4651,431462.0,0.045580422125181874,13.859999656677246
2023-07-26,61.14,61.92,60.56,60.9244,345309.0,0.060198276867176714,13.1899995803833
2023-07-27,62.35,63.8,62.24,63.132,251061.0,0.036235071662584994,14.40999984741211
2023-07-28,62.07,62.14,60.88,61.42,703307.0,-0.02711778495849959,13.329999923706055
2023-07-31,62.07,62.14,61.1,61.4705,201682.0,0.0008222077499184799,13.630000114440918
2023-08-02,59.36,60.56,59.3,60.0637,217121.0,-0.022885774477188314,16.09000015258789
2023-08-03,60.38,60.88,59.8,60.0914,890524.0,0.00046117705036485823,15.920000076293945
2023-08-04,59.73,60.48,59.68,60.26,164108.0,0.0028057259441449656,17.100000381469727
2023-08-07,59.69,60.34,59.58,60.24,215899.0,-0.00033189512114162323,15.770000457763672
2023-08-08,59.61,59.9,58.94,59.26,89188.0,-0.01626826029216477,15.989999771118164
2023-08-09,59.83,59.98,59.06,59.2,320826.0,-0.0010124873439081306,15.960000038146973
2023-08-10,59.5,60.44,59.42,60.02,88578.0,0.013851351351351404,15.850000381469727
2023-08-11,59.67,59.86,59.1,59.1518,117932.0,-0.014465178273908696,14.84000015258789
2023-08-14,58.81,59.466,58.78,59.2647,82404.0,0.001908648595646989,14.819999694824219
2023-08-15,59.65,59.7018,58.98,59.7,78015.0,0.007345013135981571,16.459999084472656
2023-08-16,59.26,61.6864,59.2,59.3572,464458.0,-0.005742043551088871,16.780000686645508
2023-08-17,58.74,58.82,57.92,58.1716,340750.0,-0.01997398799134731,17.889999389648438
2023-08-18,58.09,58.16,57.42,58.16,51701.0,-0.00019941002138501585,17.299999237060547
2023-08-21,58.23,58.7,58.12,58.5059,324795.0,0.005947386519945086,17.1299991607666
2023-08-22,58.76,59.46,58.64,59.38,183866.0,0.014940373534976903,16.969999313354492
2023-08-23,59.48,59.96,59.18,59.96,112954.0,0.009767598518019449,15.979999542236328
2023-08-24,60.14,60.4,58.96,59.1696,57622.0,-0.013182121414276105,17.200000762939453
2023-08-25,58.62,59.58,58.6,59.1,48458.0,-0.0011762797112030432,15.680000305175781
2023-08-29,60.26,63.0529,59.5,60.6321,235961.0,0.025923857868020317,14.449999809265137
2023-08-30,60.3,60.52,59.84,60.34,42030.0,-0.0048175801266985285,13.880000114440918
2023-08-31,61.0,61.5,60.92,61.3601,150827.0,0.016905866755054788,13.569999694824219
2023-09-01,60.22,61.76,60.1204,61.52,238698.0,0.002605927956440768,13.09000015258789
2023-09-04,61.76,62.46,61.66,62.2644,67737.0,0.01210013003901178,
2023-09-05,61.84,63.12,61.84,63.0726,156796.0,0.012980129897662174,14.010000228881836
2023-09-06,63.17,64.54,63.12,64.04,326079.0,0.015337880474247223,14.449999809265137
2023-09-07,63.54,64.1774,62.72,63.3881,884180.0,-0.010179575265459206,14.399999618530273
2023-09-08,63.15,63.34,62.48,62.9,820375.0,-0.007700183472923228,13.84000015258789
2023-09-11,63.11,63.52,62.48,62.9,947091.0,0.0,13.800000190734863
2023-09-12,63.22,63.22,62.48,62.7618,885236.0,-0.0021971383147852963,14.229999542236328
2023-09-13,62.6,63.16,62.46,62.9755,967042.0,0.0034049373982263376,13.479999542236328
2023-09-14,63.2,63.4,62.32,62.7494,1118337.0,-0.0035902851108763345,12.819999694824219
2023-09-15,63.09,64.6,62.74,64.04,318411.0,0.020567527338906988,13.789999961853027
2023-09-18,63.89,64.52,63.42,64.18,1616964.0,0.0021861336664583675,14.0
2023-09-19,63.82,64.74,63.82,64.54,163491.0,0.005609224057338658,14.109999656677246
2023-09-20,64.82,65.0,64.2386,64.3303,651006.0,-0.003249147815308495,15.140000343322754
2023-09-21,63.93,65.02,63.8,64.4503,604173.0,0.001865372926910025,17.540000915527344
2023-09-22,64.12,64.32,63.84,64.0632,96214.0,-0.006006178404134754,17.200000762939453
2023-09-25,63.07,63.1,61.9,62.1921,428961.0,-0.02920709549320033,16.899999618530273
2023-09-26,62.29,62.36,59.7,60.9033,239004.0,-0.020722889241559628,18.940000534057617
2023-09-27,61.6,63.3,61.5773,62.3141,1332536.0,0.023164590424492593,18.219999313354492
2023-09-28,62.21,62.98,61.84,62.08,100616.0,-0.003756774149028974,17.34000015258789
2023-09-29,62.9,63.88,62.9,63.2937,69356.0,0.01955057989690734,17.520000457763672
2023-10-02,63.22,63.76,62.38,63.4273,498609.0,0.0021107945972507203,17.610000610351562
2023-10-03,63.32,63.88,63.0163,63.3137,104527.0,-0.0017910268922057826,19.780000686645508
2023-10-04,62.83,64.42,62.76,63.7827,295088.0,0.0074075595013400886,18.579999923706055
2023-10-05,64.06,64.56,63.74,64.443,1005445.0,0.010352336918945104,18.489999771118164
2023-10-06,64.12,65.08,63.44,64.8,59184.0,0.005539779339881701,17.450000762939453
2023-10-09,64.1,65.06,63.66,63.937,86314.0,-0.013317901234567886,17.700000762939453
2023-10-10,64.53,65.14,64.44,64.8876,85590.0,0.01486776045169469,17.030000686645508
2023-10-11,64.49,65.06,64.04,64.12,184236.0,-0.01182968702803,16.09000015258789
2023-10-12,64.51,65.44,64.4308,65.2627,176399.0,0.017821272613848915,16.690000534057617
2023-10-13,64.86,65.96,64.76,64.8897,178160.0,-0.005715362680367098,19.31999969482422
2023-10-16,64.43,65.22,64.42,64.88,486126.0,-0.000149484432814595,17.209999084472656
2023-10-17,65.1,65.66,63.96,64.5895,136998.0,-0.004477496917385859,17.8799991607666
2023-10-18,64.49,65.22,63.38,63.76,628429.0,-0.012842644702312334,19.219999313354492
2023-10-19,63.56,64.58,62.82,63.0074,229804.0,-0.011803638644918513,21.399999618530273
2023-10-20,62.54,63.28,61.46,62.44,118833.0,-0.009005291441957608,21.709999084472656
2023-10-23,61.55,61.98,60.3,60.8367,166764.0,-0.02567745035233815,20.3700008392334
2023-10-24,66.19,68.94,64.02,68.4354,743401.0,0.12490322453387503,18.969999313354492
2023-10-25,68.8,69.9,68.02,68.8372,805606.0,0.005871230386612636,20.190000534057617
2023-10-26,68.43,69.16,67.88,68.34,273300.0,-0.00722283881389707,20.68000030517578
2023-10-27,68.94,70.3,67.84,68.64,370329.0,0.004389815627743543,21.270000457763672
2023-10-30,70.01,70.74,69.52,69.96,149860.0,0.019230769230769162,19.75
2023-10-31,70.09,71.5,68.38,71.1742,519873.0,0.017355631789594206,18.139999389648438
2023-11-01,71.63,72.3,71.14,72.12,225058.0,0.013288523088422544,16.8700008392334
2023-11-02,72.3,73.0,71.7,71.96,239432.0,-0.002218524681087186,15.65999984741211
2023-11-03,72.12,72.62,71.34,72.3631,268441.0,0.005601723179544216,14.90999984741211
2023-11-06,71.65,71.88,70.74,70.9282,337278.0,-0.019829167075484544,14.890000343322754
2023-11-07,71.05,72.32,70.42,72.32,213812.0,0.019622660662472535,14.8100004196167
2023-11-08,72.75,73.14,71.7,72.6777,332754.0,0.0049460730088497495,14.449999809265137
2023-11-09,72.63,73.34,72.5673,72.66,67094.0,-0.00024354100363666031,15.289999961853027
2023-11-10,72.88,73.6,72.68,73.2644,249416.0,0.008318194329755002,14.170000076293945
2023-11-13,73.25,74.1311,73.2,74.1311,159562.0,0.011829756334591046,14.760000228881836
2023-11-14,73.74,75.36,73.24,74.4749,340001.0,0.004637729643833799,14.15999984741211
2023-11-15,74.93,75.88,74.42,75.62,209030.0,0.01537565005122521,14.180000305175781
2023-11-16,75.73,76.54,75.04,75.3351,277100.0,-0.0037675218196245863,14.319999694824219
2023-11-17,75.44,75.94,75.02,75.54,130333.0,0.00271984772038536,13.800000190734863
2023-11-20,75.15,76.1,74.68,75.94,101984.0,0.005295207836907512,13.40999984741211
2023-11-21,76.26,77.14,75.22,77.0311,136284.0,0.014367922043718728,13.350000381469727
2023-11-22,75.65,76.46,74.72,76.24,229240.0,-0.010269878010310096,12.850000381469727
2023-11-23,75.61,76.7,74.4,74.94,143643.0,-0.01705141657922349,
2023-11-24,74.81,74.92,74.32,74.52,158440.0,-0.005604483586869491,12.460000038146973
2023-11-27,74.35,74.92,74.0,74.8186,94602.0,0.004006977992485394,12.6899995803833
2023-11-28,74.27,74.96,73.8,74.5251,189978.0,-0.003922821330524906,12.6899995803833
2023-11-29,74.87,75.12,73.92,75.06,129524.0,0.007177447598191833,12.979999542236328
2023-11-30,75.38,76.7,75.06,76.178,382702.0,0.014894750865973805,12.920000076293945
2023-12-01,76.63,76.9,74.66,75.5,289642.0,-0.008900207408963134,12.630000114440918
2023-12-04,75.71,76.2,74.66,75.2,297862.0,-0.003973509933774766,13.079999923706055
2023-12-05,75.65,75.88,75.02,75.4789,375112.0,0.003708776595744645,12.850000381469727
2023-12-06,75.93,76.4827,75.08,75.9648,328082.0,0.006437560695770728,12.970000267028809
2023-12-07,75.73,76.6,75.44,75.8606,218310.0,-0.0013716879396772352,13.0600004196167
2023-12-08,76.57,78.18,76.1,78.18,137697.0,0.03057450112443094,12.350000381469727
2023-12-11,78.07,78.98,77.62,78.98,340128.0,0.010232796111537379,12.630000114440918
2023-12-12,79.03,80.3,78.52,80.3,245745.0,0.01671309192200554,12.069999694824219
2023-12-13,81.12,81.88,79.82,81.0,188983.0,0.008717310087173136,12.1899995803833
2023-12-14,82.01,83.26,80.52,81.9,1128694.0,0.011111111111111072,12.479999542236328
2023-12-15,81.98,82.5,81.16,81.6573,148757.0,-0.0029633699633699884,12.279999732971191
2023-12-18,81.68,82.84,80.38,81.4457,5820844.0,-0.0025913176164287233,12.5600004196167
2023-12-19,80.94,81.32,80.16,81.0908,64144.0,-0.004357504447748628,12.529999732971191
2023-12-20,80.65,81.62,79.78,80.5321,57417.0,-0.006889807475077392,13.670000076293945
2023-12-21,80.3,81.0,79.7,79.96,124180.0,-0.007103999523171534,13.649999618530273
2023-12-22,79.26,80.42,77.46,78.48,263031.0,-0.018509254627313565,13.029999732971191
2023-12-27,79.75,80.24,79.06,79.82,262554.0,0.01707441386340447,12.430000305175781
2023-12-28,79.54,79.64,78.98,79.1021,71575.0,-0.008993986469556514,12.470000267028809
2023-12-29,80.18,80.72,78.78,79.8389,90813.0,0.009314544114505274,12.449999809265137
2024-01-03,79.98,79.98,77.56,77.9096,133806.0,-0.024164912091724666,14.039999961853027
2024-01-04,78.95,79.78,78.16,79.28,116270.0,0.01758961668395176,14.130000114440918
2024-01-05,78.48,78.68,77.7,78.5882,239606.0,-0.008726034308779052,13.350000381469727
2024-01-08,78.44,80.16,78.4,79.1673,95496.0,0.007368790734486819,13.079999923706055
2024-01-09,80.32,80.92,79.62,80.42,654492.0,0.01582345235974958,12.760000228881836
2024-01-10,80.36,81.88,79.92,81.3956,108474.0,0.01213131061924888,12.6899995803833
2024-01-11,81.74,81.84,80.8,81.1369,95427.0,-0.0031783044783748604,12.4399995803833
2024-01-12,80.98,82.16,80.04,81.7812,79844.0,0.007940899886488051,12.699999809265137
2024-01-15,81.64,82.22,81.14,81.56,161320.0,-0.0027047781152635952,
2024-01-16,81.18,82.52,80.62,81.3638,226440.0,-0.0024055909759687077,13.84000015258789
2024-01-17,80.38,81.72,79.64,81.0838,282212.0,-0.0034413338610045363,14.789999961853027
2024-01-18,81.53,82.12,80.62,81.6,43533.0,0.0063662531849764115,14.130000114440918
2024-01-19,82.5,83.1,81.12,82.62,61527.0,0.012500000000000178,13.300000190734863
2024-01-22,82.27,83.88,81.6,81.92,388462.0,-0.008472524812394133,13.1899995803833
2024-01-23,82.78,83.32,72.0,77.0149,490945.0,-0.05987670898437503,12.550000190734863
2024-01-24,74.37,75.96,73.32,75.2,580770.0,-0.023565569779354312,13.140000343322754
2024-01-25,74.95,75.66,74.06,74.28,183587.0,-0.012234042553191493,13.449999809265137
2024-01-26,73.45,74.72,73.1,74.0275,626457.0,-0.0033992999461496254,13.260000228881836
2024-01-29,73.7,74.32,72.82,72.9184,422393.0,-0.014982270102326778,13.600000381469727
2024-01-30,72.38,73.24,71.88,72.7137,249677.0,-0.002807247553429648,13.3100004196167
2024-01-31,73.0,73.42,71.88,72.6273,39917.0,-0.0011882217518843774,14.350000381469727
2024-02-01,72.34,72.88,71.78,72.3497,96283.0,-0.003822254166133243,13.880000114440918
2024-02-02,73.37,73.72,71.7,73.2738,85516.0,0.01277268599593362,13.850000381469727
2024-02-05,72.9,73.56,72.76,73.4,48228.0,0.0017223072912830872,13.670000076293945
2024-02-06,73.74,74.5,72.96,74.4907,574528.0,0.014859673024523179,13.0600004196167
2024-02-07,73.37,74.94,72.58,73.031,115377.0,-0.019595734769575213,12.829999923706055
2024-02-08,73.08,74.16,72.64,73.882,110251.0,0.011652585888184408,12.789999961853027
2024-02-09,73.98,75.12,73.42,74.78,100840.0,0.01215451666170364,12.930000305175781
2024-02-12,74.64,75.24,73.88,74.6019,33722.0,-0.0023816528483552313,13.930000305175781
2024-02-13,74.83,75.52,74.3126,75.0626,84531.0,0.006175445933682688,15.850000381469727
2024-02-14,75.77,76.92,74.88,76.7177,175714.0,0.022049595937257527,14.380000114440918
2024-02-15,77.35,77.62,76.1,77.3303,66449.0,0.007985119470474311,14.010000228881836
2024-02-16,77.23,77.8,76.28,77.0047,89581.0,-0.00421050998121042,14.239999771118164
2024-02-19,75.81,77.18,75.52,76.5648,62387.0,-0.005712638319479102,
2024-02-20,77.1,77.88,76.4,77.6878,24863.0,0.014667314483940208,15.420000076293945
2024-02-21,77.82,78.16,76.16,76.42,131236.0,-0.016319164656483975,15.34000015258789
2024-02-22,77.82,78.28,75.98,77.6653,77083.0,0.016295472389426857,14.539999961853027
2024-02-23,78.29,79.2,78.16,78.8157,42482.0,0.01481227781261385,13.75
2024-02-26,78.5,79.56,78.1,79.1921,24507.0,0.004775698242862614,13.739999771118164
2024-02-27,79.09,79.88,78.54,79.6301,40540.0,0.005530854719094425,13.430000305175781
2024-02-28,79.26,80.1,77.68,79.1988,71408.0,-0.005416293587474974,13.84000015258789
2024-02-29,78.05,79.1,77.64,77.98,111528.0,-0.015389122057404947,13.399999618530273
2024-03-01,78.31,78.8,77.0,77.6204,141932.0,-0.004611438830469328,13.109999656677246
2024-03-04,77.88,78.24,75.24,76.64,41075.0,-0.012630700176757714,13.489999771118164
2024-03-05,76.59,77.3,75.42,75.42,55572.0,-0.015918580375782865,14.460000038146973
2024-03-06,75.13,78.24,74.72,77.0106,56811.0,0.02108989657915661,14.5
2024-03-07,77.94,78.7,77.3,78.3529,35934.0,0.01743006806855174,14.4399995803833
2024-03-08,78.66,80.0,77.96,79.6821,53869.0,0.01696427317942284,14.739999771118164
2024-03-11,79.01,80.04,77.58,79.3828,409495.0,-0.0037561761047965048,15.220000267028809
2024-03-12,80.34,81.16,78.84,81.08,101142.0,0.021379946285593254,13.84000015258789
2024-03-13,81.45,82.56,80.6,82.0036,552204.0,0.011391218549580806,13.75
2024-03-14,83.09,83.88,81.54,83.4469,339958.0,0.017600446809652226,14.399999618530273
2024-03-15,82.99,84.4084,82.24,84.1983,205181.0,0.0090045286283853,14.40999984741211
2024-03-18,81.16,84.76,76.0,78.4608,931551.0,-0.06814270596912286,14.329999923706055
2024-03-19,78.13,79.96,77.86,79.1932,567100.0,0.009334597658958277,13.819999694824219
2024-03-20,80.34,80.48,78.58,79.3706,197624.0,0.0022400913209719153,13.039999961853027
2024-03-21,80.45,81.08,79.06,80.24,24736.0,0.010953678062153971,12.920000076293945
2024-03-22,80.4,81.42,80.4,80.8479,1284091.0,0.0075760219341973745,13.0600004196167
2024-03-25,81.16,82.52,80.72,82.0705,495673.0,0.015122223335423568,13.1899995803833
2024-03-26,81.84,82.74,81.16,82.1866,32806.0,0.0014146374153929386,13.239999771118164
2024-03-27,82.11,82.7,79.7384,79.8828,103500.0,-0.028031333575059603,12.779999732971191
2024-03-28,79.85,80.86,79.22,80.7721,146344.0,0.011132559199226844,13.010000228881836
2024-04-02,80.75,81.94,80.1,80.4484,21896.0,-0.004007571921492592,14.609999656677246
2024-04-03,80.47,81.74,79.68,81.1667,43130.0,0.008928704610657201,14.329999923706055
2024-04-04,82.01,82.06,80.63,81.1828,63964.0,0.0001983572080668239,16.350000381469727
2024-04-05,78.76,81.14,78.22,78.8762,70319.0,-0.028412422335765797,16.030000686645508
2024-04-08,78.95,80.1,78.46,79.3036,37377.0,0.005418618036873157,15.1899995803833
2024-04-09,79.5,80.28,79.0,79.3267,46769.0,0.00029128564150937564,14.979999542236328
2024-04-10,79.85,80.42,78.58,78.7121,19341.0,-0.007747706635975016,15.800000190734863
2024-04-11,78.56,79.24,78.2,78.8324,153588.0,0.0015283545985940172,14.90999984741211
2024-04-12,80.24,81.42,78.66,80.2734,68255.0,0.018279286181823506,17.309999465942383
2024-04-15,76.55,80.1,73.12,76.5923,214092.0,-0.04585703358771398,19.229999542236328
2024-04-16,72.47,75.08,71.82,72.3595,234838.0,-0.05526404090228387,18.399999618530273
2024-04-17,72.45,73.36,71.68,72.8946,41113.0,0.00739502069527842,18.209999084472656
2024-04-18,72.26,72.92,71.3,71.8292,265989.0,-0.014615623105140751,18.0
2024-04-19,70.66,72.12,70.12,71.0071,13442.0,-0.011445206127870033,18.709999084472656
2024-04-22,71.11,72.04,70.9089,70.9906,686280.0,-0.00023237112908414126,16.940000534057617
2024-04-23,71.3,71.64,70.36,71.64,135090.0,0.009147689975856022,15.6899995803833
2024-04-24,72.12,73.8625,71.02,73.0322,196242.0,0.01943327749860413,15.970000267028809
2024-04-25,72.53,72.68,71.24,71.6724,462692.0,-0.01861918441454602,15.369999885559082
2024-04-26,72.22,73.1,71.64,72.0723,390016.0,0.005579553635709278,15.029999732971191
2024-04-29,72.61,73.06,71.44,72.44,61321.0,0.005101821365489867,14.670000076293945
2024-04-30,77.47,80.32,68.86,78.5725,178219.0,0.08465626725565989,15.649999618530273
2024-05-01,72.06,72.06,72.06,72.06,383.0,-0.08288523338318121,15.390000343322754
2024-05-02,71.89,74.7,71.48,73.6997,67116.0,0.022754648903691388,14.680000305175781
2024-05-03,74.81,75.46,73.46,74.2052,264006.0,0.006858915300876456,13.489999771118164
2024-05-07,76.0,76.66,75.54,76.66,2956.0,0.033081239589678235,13.229999542236328
2024-05-08,77.14,77.74,76.64,76.68,34398.0,0.0002608922515001666,13.0
2024-05-10,76.9,77.7,76.5,77.143,25348.0,0.006038080333854889,12.550000190734863
2024-05-13,76.96,77.96,76.52,77.3204,5573.0,0.0022996253710640957,13.600000381469727
2024-05-14,78.37,81.0,78.3,80.095,12249.0,0.03588444964071558,13.420000076293945
2024-05-15,80.9,81.4,80.24,80.7633,3534.0,0.008343841687995512,12.449999809265137
2024-05-16,80.06,81.84,79.52,81.0632,37624.0,0.003713320282851207,12.420000076293945
2024-05-17,81.64,83.58,81.6,82.5565,375910.0,0.01842142920585421,11.989999771118164
2024-05-21,82.27,84.62,81.64,83.96,49753.0,0.017000478460206025,11.859999656677246
2024-05-22,83.93,86.32,83.32,85.76,318467.0,0.021438780371605626,12.289999961853027
2024-05-23,86.72,88.06,84.0,87.7438,252274.0,0.023131996268656474,12.770000457763672
2024-05-24,87.07,88.32,86.58,87.0261,11996.0,-0.008179495303371809,11.930000305175781
2024-05-28,86.66,88.3,86.32,86.78,22400.0,-0.0028278872660041365,12.920000076293945
2024-05-29,86.87,87.3,85.66,86.1113,46532.0,-0.007705692555888488,14.279999732971191
2024-05-30,86.64,89.28,85.8,88.9293,86574.0,0.03272508950625519,14.470000267028809
2024-05-31,88.45,89.8,87.42,88.4644,33210.0,-0.00522774833491324,12.920000076293945
2024-06-03,90.54,90.54,87.34,88.8507,53007.0,0.004366728311049561,13.109999656677246
2024-06-04,86.37,87.52,86.12,86.9681,122682.0,-0.02118835304617739,13.15999984741211
2024-06-05,87.3,89.0,86.62,87.6853,43193.0,0.008246701951635016,12.630000114440918
2024-06-06,89.68,93.5,88.38,92.535,38384.0,0.055308016280950056,12.579999923706055
2024-06-07,90.78,91.54,90.08,90.94,17925.0,-0.017236721240611597,12.220000267028809
2024-06-10,90.81,91.52,90.16,90.5522,23316.0,-0.004264350120958826,12.739999771118164
2024-06-11,91.13,91.66,89.3,90.1321,111430.0,-0.0046393130150345074,12.850000381469727
2024-06-12,90.09,91.02,88.76,90.431,53129.0,0.0033162436024458675,12.039999961853027
2024-06-13,91.2,92.0,90.9,91.3115,222027.0,0.009736705333348139,11.9399995803833
2024-06-14,90.76,90.82,88.08,88.6804,25764.0,-0.02881455238387265,12.65999984741211
2024-06-17,88.24,88.48,87.4,87.8682,23622.0,-0.009158731805449682,12.75
2024-06-18,88.38,88.44,87.74,88.1688,81649.0,0.0034210328651320676,12.300000190734863
2024-06-19,87.77,88.06,86.74,87.76,1740.0,-0.004636560778869647,
2024-06-20,87.52,88.12,86.64,87.3082,27709.0,-0.005148131267092126,13.279999732971191
2024-06-21,86.48,87.6,85.72,86.3027,24108.0,-0.01151667311890514,13.199999809265137
2024-06-24,85.82,87.6,85.5,86.9219,663806.0,0.007174746560652201,13.329999923706055
2024-06-25,86.62,87.7,86.08,86.6036,27084.0,-0.0036619079886656136,12.84000015258789
2024-06-26,87.85,88.44,85.46,86.955,18172.0,0.004057568045670035,12.550000190734863
2024-06-27,86.64,87.1,85.64,86.5352,16347.0,-0.004827784486228448,12.239999771118164
2024-06-28,87.36,87.98,86.04,87.4369,35234.0,0.010420037164067253,12.4399995803833
2024-07-01,87.89,88.4,86.1,87.26,12962.0,-0.002023173282675761,12.220000267028809
2024-07-02,86.85,87.66,84.82,85.3979,11352.0,-0.021339674535869824,12.029999732971191
2024-07-03,85.64,86.18,84.48,85.58,83842.0,0.0021323709365217436,12.09000015258789
2024-07-04,85.8,86.4,85.08,85.635,14708.0,0.0006426735218509894,
2024-07-05,85.49,86.62,84.0,84.8016,22187.0,-0.00973200210194447,12.479999542236328
2024-07-08,83.83,86.62,83.48,84.2936,197090.0,-0.005990453010320529,12.369999885559082
2024-07-09,85.06,85.5,84.02,84.7657,40691.0,0.005600662446496596,12.510000228881836
2024-07-10,84.82,85.42,81.58,83.1771,17036.0,-0.01874107097564226,12.850000381469727
2024-07-11,81.16,82.4,80.7,82.0,43680.0,-0.014151731666528389,12.920000076293945
2024-07-12,81.96,83.06,81.24,82.2176,34216.0,0.0026536585365855014,12.460000038146973
2024-07-15,82.91,83.5,81.88,83.01,25792.0,0.00963783910014393,13.119999885559082
2024-07-16,82.46,82.98,81.12,81.9431,103265.0,-0.012852668353210528,13.1899995803833
2024-07-17,81.62,82.86,79.68,79.96,17554.0,-0.024200939432362345,14.479999542236328
2024-07-18,79.91,80.48,78.82,79.47,4567.0,-0.006128064032015934,15.930000305175781
2024-07-19,79.69,80.46,78.28,78.86,34772.0,-0.007675852522964655,16.520000457763672
2024-07-22,78.72,80.76,78.66,80.38,188287.0,0.019274663961450722,14.90999984741211
2024-07-23,83.89,84.3,78.46,79.44,177931.0,-0.011694451356058733,14.720000267028809
2024-07-24,79.67,81.32,79.1,80.4759,54501.0,0.013040030211480369,18.040000915527344
2024-07-25,78.64,78.9,76.6,77.5813,182255.0,-0.035968532194110225,18.459999084472656
2024-07-26,78.19,79.24,77.72,78.5,658446.0,0.011841771148459745,16.389999389648438
2024-07-29,78.4,78.88,78.14,78.48,23237.0,-0.0002547770700636054,16.600000381469727
2024-07-30,78.27,79.16,78.22,78.6809,29383.0,0.0025598878695207716,17.690000534057617
2024-07-31,79.24,80.92,78.78,79.4421,52463.0,0.009674520754084037,16.360000610351562
2024-08-02,76.0,76.06,72.86,73.12,45478.0,-0.07958122959992231,23.389999389648438
2024-08-05,70.09,72.62,70.04,71.0051,54570.0,-0.0289236870897156,38.56999969482422
2024-08-06,72.84,73.12,70.88,71.6619,294343.0,0.009250039785874575,27.709999084472656
2024-08-07,72.61,74.18,72.16,73.2075,294660.0,0.021567946147115657,27.850000381469727
2024-08-08,72.51,73.62,71.84,72.04,23468.0,-0.01594781955400726,23.790000915527344
2024-08-09,74.48,74.78,73.84,74.2333,56307.0,0.030445585785674467,20.3700008392334
2024-08-12,74.7,75.44,74.58,74.9038,10297.0,0.009032334545278298,20.709999084472656
2024-08-13,75.4,76.16,74.5,75.449,12722.0,0.007278669440001551,18.1200008392334
2024-08-14,76.38,76.86,74.8551,76.3016,9061.0,0.011300348579835306,16.190000534057617
2024-08-15,76.32,77.92,75.96,76.9585,152748.0,0.008609255900269508,15.229999542236328
2024-08-16,77.98,78.4,77.74,78.2,25551.0,0.016132071181221175,14.800000190734863
2024-08-19,78.05,78.64,77.88,78.42,20127.0,0.0028132992327365436,14.649999618530273
2024-08-20,78.89,79.22,78.56,78.7838,61000.0,0.004639122672787543,15.880000114440918
2024-08-21,78.5,79.12,78.4,78.7149,32233.0,-0.0008745452745361204,16.270000457763672
2024-08-22,78.64,78.86,78.26,78.5514,15946.0,-0.0020771162765880202,17.549999237060547
2024-08-23,77.98,78.18,77.22,77.7101,69753.0,-0.010710184668892064,15.859999656677246
2024-08-27,77.21,77.42,75.96,76.5133,10165.0,-0.015400829493206092,15.430000305175781
2024-08-28,76.65,76.94,76.02,76.5653,23230.0,0.0006796204058638899,17.110000610351562
2024-08-29,76.06,77.56,76.0,77.54,83162.0,0.012730309944583462,15.649999618530273
2024-08-30,77.04,77.2,76.5,76.9023,64459.0,-0.00822414237812752,15.0
2024-09-02,76.86,77.1,75.68,76.0461,7062.0,-0.011133607187301275,
2024-09-03,75.7,76.54,75.7,76.1589,24663.0,0.0014833107812235458,20.719999313354492
2024-09-04,74.89,75.36,71.96,73.7993,133563.0,-0.03098259034728701,21.31999969482422
2024-09-05,73.23,73.3,72.32,72.7425,126741.0,-0.014319919023622063,19.899999618530273
2024-09-06,72.06,72.68,71.3,71.9753,16125.0,-0.010546791765474128,22.3799991607666
2024-09-09,71.89,72.58,71.74,72.1503,633506.0,0.0024313896572851768,19.450000762939453
2024-09-10,71.81,72.56,71.72,72.2476,8167.0,0.0013485737412042287,19.079999923706055
2024-09-11,72.04,72.4,70.66,71.6581,112025.0,-0.008159440590414069,17.690000534057617
2024-09-12,72.18,72.48,71.5,71.9097,168376.0,0.003511117375425865,17.06999969482422
2024-09-13,72.04,72.78,72.0,72.3924,355068.0,0.006712585367481649,16.559999465942383
2024-09-16,72.71,73.2,72.38,72.8474,1305144.0,0.006285190158082932,17.139999389648438
2024-09-17,72.14,73.96,72.14,73.3149,330839.0,0.006417524853323586,17.610000610351562
2024-09-18,73.45,73.82,72.66,73.2999,89555.0,-0.00020459688276186494,18.229999542236328
2024-09-19,73.16,74.18,72.84,73.5723,116868.0,0.0037162397220187326,16.329999923706055
2024-09-20,73.39,73.76,73.0,73.466,36595.0,-0.0014448372553257371,16.149999618530273
2024-09-23,72.34,73.22,72.16,72.8453,24410.0,-0.008448806250510477,15.890000343322754
2024-09-24,73.23,73.5,72.08,72.533,9825.0,-0.004287167463103203,15.390000343322754
2024-09-25,71.56,72.76,71.48,72.302,634831.0,-0.0031847572828918036,15.40999984741211
2024-09-26,73.88,75.38,73.3,75.04,187154.0,0.03786893861857199,15.369999885559082
2024-09-27,74.87,75.08,74.36,75.08,1032635.0,0.0005330490405115462,16.959999084472656
2024-09-30,75.05,75.76,74.82,75.3538,425832.0,0.0036467767714438715,16.729999542236328
2024-10-01,75.75,75.94,72.2,75.7195,344549.0,0.004853106279975039,19.260000228881836
2024-10-02,73.21,73.86,72.78,73.56,35692.0,-0.028519734018317533,18.899999618530273
2024-10-03,73.35,73.58,71.92,72.7,47663.0,-0.01169113648722131,20.489999771118164
2024-10-04,72.74,73.5,72.74,73.08,627598.0,0.005226960110041201,19.209999084472656
2024-10-07,73.27,73.76,72.46,73.0695,260359.0,-0.00014367816091942487,22.639999389648438
2024-10-08,72.75,73.62,72.6,72.9908,29546.0,-0.001077056774714702,21.420000076293945
2024-10-09,73.21,73.32,72.56,73.1,113128.0,0.001496078957896163,20.860000610351562
2024-10-10,72.94,73.28,72.7,72.8478,25003.0,-0.0034500683994526105,20.93000030517578
2024-10-11,72.84,73.38,72.22,73.1225,41729.0,0.0037708757162191464,20.459999084472656
2024-10-14,74.09,75.56,73.72,73.8,140388.0,0.009265274026462267,19.700000762939453
2024-10-15,76.53,77.22,74.82,76.6191,141813.0,0.03819918699187008,20.639999389648438
2024-10-16,75.03,75.36,74.06,74.5548,11673.0,-0.02694236815624307,19.579999923706055
2024-10-17,74.44,75.3,73.96,74.2817,86924.0,-0.003663077360545497,19.110000610351562
2024-10-18,76.06,77.54,75.9,76.5272,12257.0,0.03022951817203956,18.030000686645508
2024-10-21,76.26,77.2,75.84,76.3708,81564.0,-0.0020437177892304037,18.3700008392334
2024-10-22,79.05,79.98,70.94,72.9729,82696.0,-0.0444921357377428,18.200000762939453
2024-10-23,72.28,72.88,70.72,72.1223,732653.0,-0.011656382026752343,19.239999771118164
2024-10-24,70.17,70.74,69.32,70.2499,55939.0,-0.02596145713600373,19.079999923706055
2024-10-25,70.15,70.5,69.76,70.1476,87773.0,-0.0014562298309321875,20.329999923706055
2024-10-28,70.44,72.56,70.12,72.3739,284702.0,0.031737365212780144,19.799999237060547
2024-10-29,73.04,73.78,72.78,73.626,109516.0,0.017300435654289625,19.34000015258789
2024-10-30,73.45,74.04,72.06,73.628,32693.0,2.7164316953154355e-05,20.350000381469727
2024-10-31,70.62,71.66,70.18,70.5643,42935.0,-0.041610528603248764,23.15999984741211
2024-11-01,70.99,72.62,70.78,71.956,14323.0,0.019722437549865912,21.8799991607666
2024-11-04,72.41,72.96,71.62,72.426,62707.0,0.0065317694146422856,21.979999542236328
2024-11-05,72.34,72.56,71.74,72.12,8896.0,-0.004225002071079453,20.489999771118164
2024-11-06,70.5,70.5,67.64,68.5397,79778.0,-0.049643649473100515,16.270000457763672
2024-11-07,69.36,72.14,69.36,71.5067,44047.0,0.043288780079282496,15.199999809265137
2024-11-08,70.78,70.84,69.56,70.1592,81146.0,-0.018844388008396384,14.9399995803833
2024-11-11,70.01,70.42,69.32,69.8728,61404.0,-0.004082144608262395,14.970000267028809
2024-11-12,68.77,69.06,67.98,68.603,323788.0,-0.01817302297889889,14.710000038146973
2024-11-13,68.14,68.7,67.54,67.8411,261897.0,-0.011105928312172941,14.020000457763672
2024-11-14,69.12,71.06,68.64,70.1629,61160.0,0.034224091295689485,14.3100004196167
2024-11-15,69.45,70.08,69.15,69.57,7169.0,-0.00845033486358171,16.139999389648438
2024-11-18,69.39,69.76,68.6,69.155,7296.0,-0.005965214891476056,15.579999923706055
2024-11-19,69.6,69.96,68.22,68.5533,21287.0,-0.008700744703926122,16.350000381469727
2024-11-20,69.6,69.84,68.32,68.4925,13311.0,-0.0008869011411556382,17.15999984741211
2024-11-21,69.88,70.44,69.18,69.7532,15848.0,0.01840639486075113,16.8700008392334
2024-11-22,70.58,71.2,70.12,70.8328,19529.0,0.015477426125253047,15.239999771118164
2024-11-25,71.75,72.36,71.2,71.5653,181489.0,0.010341254334150118,14.600000381469727
2024-11-26,71.95,72.78,71.78,72.3222,239296.0,0.010576354741753446,14.100000381469727
2024-11-27,71.52,71.58,69.94,70.4964,49520.0,-0.02524536034578595,14.100000381469727
2024-11-28,70.52,71.86,70.52,71.407,34799.0,0.012916971646779185,
2024-11-29,70.87,71.5,70.7,71.16,245410.0,-0.003459044631478725,13.510000228881836
2024-12-02,71.05,72.56,70.9,72.074,53337.0,0.012844294547498691,13.34000015258789
2024-12-03,72.49,72.5,71.62,72.1209,7750.0,0.0006507200932375223,13.300000190734863
2024-12-04,72.9,74.2,72.72,73.6668,22671.0,0.021434840663385968,13.449999809265137
2024-12-05,73.98,74.7,73.92,74.4204,37159.0,0.010229845737835808,13.539999961853027
2024-12-06,73.78,75.0,73.66,74.4759,18292.0,0.0007457632584613183,12.770000457763672
2024-12-09,74.89,75.34,74.72,75.0294,6312.0,0.0074319343572888386,14.1899995803833
2024-12-10,74.97,75.22,74.38,74.768,28024.0,-0.0034839676180270507,14.180000305175781
2024-12-11,74.72,75.24,74.64,74.981,21207.0,0.002848812326128769,13.579999923706055
2024-12-12,74.97,75.7,74.88,75.3053,127725.0,0.004325095690908443,13.920000076293945
2024-12-13,75.3,76.54,75.04,75.958,281720.0,0.008667384632954134,13.8100004196167
2024-12-16,75.03,76.32,71.7,74.0592,41130.0,-0.024998025224466036,14.6899995803833
2024-12-17,73.9,75.42,73.82,75.0594,56911.0,0.013505411886706842,15.869999885559082
2024-12-18,75.13,75.28,74.24,74.841,240865.0,-0.002909695521147282,27.6200008392334
2024-12-19,72.92,73.5,72.22,72.9686,46383.0,-0.02501837228257242,24.09000015258789
2024-12-20,71.81,73.36,71.72,72.244,118311.0,-0.009930298786053116,18.360000610351562
2024-12-23,73.0,74.3,72.76,74.03,504289.0,0.024721776202867973,16.780000686645508
2024-12-27,75.17,75.5,74.82,75.1353,7205.0,0.01493043360799673,15.949999809265137
2024-12-30,74.76,75.17,74.6,74.861,15867.0,-0.0036507473850506678,17.399999618530273
2025-01-03,74.01,74.9,73.84,74.4653,75719.0,-0.005285796342554883,16.1299991607666
2025-01-06,75.69,77.92,75.48,77.32,12003.0,0.03833597662266852,16.040000915527344
2025-01-07,77.98,81.28,77.9,79.9698,32181.0,0.03427056389032601,17.81999969482422
2025-01-08,79.07,79.82,78.32,78.9729,15916.0,-0.012465955898351755,17.700000762939453
2025-01-09,78.76,79.24,78.46,78.7239,41623.0,-0.0031529803261625133,
2025-01-10,78.21,78.86,78.04,78.4991,15033.0,-0.0028555495853228585,19.540000915527344
2025-01-13,77.82,78.14,76.84,77.5512,17263.0,-0.012075297678572183,19.190000534057617
2025-01-14,78.99,79.92,78.98,79.18,221930.0,0.021002898730129393,18.709999084472656
2025-01-15,79.2,80.9,79.0,79.8128,280519.0,0.007991917150795613,16.1200008392334
2025-01-16,80.88,81.34,79.58,80.217,368557.0,0.005064350580358035,16.600000381469727
2025-01-17,80.06,80.38,79.42,79.8489,207457.0,-0.004588802872209086,15.970000267028809
2025-01-20,79.87,80.28,79.26,80.02,29191.0,0.0021427972082270763,
2025-01-21,79.56,81.54,79.36,81.32,276541.0,0.01624593851537104,15.0600004196167
2025-01-22,81.51,82.14,79.9,80.7861,51053.0,-0.0065654205607474925,15.100000381469727
2025-01-23,80.92,83.08,80.76,81.2667,56980.0,0.005949043214117156,15.020000457763672
2025-01-24,82.85,83.66,82.2,82.8571,16257.0,0.01957013143144737,14.850000381469727
2025-01-27,81.21,82.7,80.18,80.5558,30812.0,-0.027774324710857612,17.899999618530273
2025-01-28,82.4,83.8,82.34,83.1514,44907.0,0.032221143604805436,16.40999984741211
2025-01-29,84.57,90.3,84.5,87.9413,393144.0,0.057604562280370475,16.559999465942383
2025-01-30,88.92,91.32,88.14,90.1717,852300.0,0.025362372400680844,15.84000015258789
2025-01-31,91.54,91.88,90.44,91.66,107451.0,0.016505178453993796,16.43000030517578
2025-02-03,87.15,89.08,86.46,88.1582,136645.0,-0.038204233035129875,18.6200008392334
2025-02-04,88.08,89.42,88.0,89.0391,87929.0,0.009992263907384835,17.209999084472656
2025-02-05,89.02,90.24,88.96,89.5372,48015.0,0.005594171549353044,15.770000457763672
2025-02-06,90.87,91.04,89.75,90.1027,35369.0,0.006315810635132646,15.5
2025-02-07,90.97,91.12,90.0,90.5822,52016.0,0.005321705120934217,16.540000915527344
2025-02-10,90.0,91.1,90.0,90.6765,33412.0,0.0010410433837995114,15.8100004196167
2025-02-11,91.26,91.78,91.12,91.4816,159526.0,0.008878816451892035,16.020000457763672
2025-02-12,91.26,91.72,90.9,91.3388,284233.0,-0.001560969637610099,15.890000343322754
2025-02-13,91.17,92.6,90.96,91.8806,184522.0,0.0059317617485667995,15.100000381469727
2025-02-14,93.62,94.7,92.76,94.0676,64807.0,0.023802630805632496,14.770000457763672
2025-02-17,94.37,94.58,93.9,94.1333,17690.0,0.0006984338922222388,
2025-02-18,93.64,94.92,93.38,94.2785,24735.0,0.0015424934640555499,15.350000381469727
2025-02-19,94.56,94.78,93.56,93.967,250645.0,-0.00330404068796164,15.270000457763672
2025-02-20,93.84,94.1,92.8,92.94,37463.0,-0.010929368820969065,15.65999984741211
2025-02-21,93.53,94.12,93.24,93.6707,78474.0,0.007862061545082843,18.209999084472656
2025-02-24,93.82,94.2,92.82,93.1492,722060.0,-0.005567375924381945,18.979999542236328
2025-02-25,92.36,93.8,92.18,93.0313,66110.0,-0.0012657113533985909,19.43000030517578
2025-02-26,93.29,94.22,93.16,93.784,217121.0,0.008090825345878239,19.100000381469727
2025-02-27,93.78,94.12,92.18,93.46,28206.0,-0.0034547470783929946,21.1299991607666
2025-02-28,87.81,89.52,84.54,87.6137,86295.0,-0.06255403381125613,19.6299991607666
2025-03-03,89.92,90.74,88.92,90.2877,50509.0,0.030520340996899042,22.780000686645508
2025-03-04,87.5,87.58,84.06,84.562,51114.0,-0.06341616853679966,23.510000228881836
2025-03-05,86.37,86.52,85.58,86.1312,46537.0,0.018556798562001875,21.93000030517578
2025-03-06,87.54,87.88,85.88,86.2123,28054.0,0.0009415867885271823,24.8700008392334
2025-03-07,84.59,86.24,83.3,84.5193,184793.0,-0.01963756911716774,23.3700008392334
2025-03-10,85.72,85.72,82.38,83.0981,249258.0,-0.016815094303904488,27.860000610351562
2025-03-11,83.65,83.68,81.36,82.4934,56380.0,-0.007276941350042976,26.920000076293945
2025-03-12,81.06,81.9,79.5,79.64,132338.0,-0.03458943382137225,24.229999542236328
2025-03-13,79.17,81.28,79.0,80.0737,196894.0,0.005445755901557048,24.65999984741211
2025-03-14,79.06,80.18,79.06,79.36,29045.0,-0.008913038862947587,21.770000457763672
2025-03-17,79.32,79.38,78.58,79.0056,98995.0,-0.004465725806451548,20.510000228881836
2025-03-18,79.42,80.3,79.36,79.8266,39881.0,0.01039166843869288,21.700000762939453
2025-03-19,78.93,80.6,78.72,79.9559,109151.0,0.0016197608316024237,19.899999618530273
2025-03-20,80.38,80.86,79.47,80.46,237306.0,0.00630472547992067,19.799999237060547
2025-03-21,79.58,80.04,78.9,79.68,276443.0,-0.009694258016405555,19.280000686645508
2025-03-24,80.3,80.92,79.9,80.759,187490.0,0.013541666666666563,17.479999542236328
2025-03-25,80.77,81.94,80.6,81.5542,29422.0,0.00984658056687171,17.149999618530273
2025-03-26,82.17,82.26,80.66,80.7852,67586.0,-0.009429312040336257,18.329999923706055
2025-03-27,79.61,79.84,77.93,78.64,58070.0,-0.02655436886954543,18.690000534057617
2025-03-28,77.68,78.64,77.34,77.8193,13460.0,-0.010436164801627679,21.649999618530273
2025-03-31,75.17,75.76,73.24,74.2159,47307.0,-0.046304708472062805,22.280000686645508
2025-04-01,75.11,76.04,74.72,75.3676,52693.0,0.01551823800560248,21.770000457763672
2025-04-02,75.13,75.48,74.42,75.4651,222058.0,0.0012936593443337863,21.510000228881836
2025-04-03,67.28,68.8,62.26,62.977,158612.0,-0.16548179224568715,30.020000457763672
2025-04-04,61.72,62.52,57.5,58.78,151009.0,-0.06664337774107998,45.310001373291016
2025-04-07,55.73,61.78,54.78,57.2768,55753.0,-0.0255733242599524,46.97999954223633
2025-04-08,59.07,60.32,57.16,59.16,96296.0,0.032878931783898446,52.33000183105469
2025-04-09,56.0,57.2,54.56,57.08,98624.0,-0.035158891142663906,33.619998931884766
2025-04-10,64.77,65.14,58.1,60.359,53278.0,0.057445690259285254,40.720001220703125
2025-04-11,58.05,58.12,56.24,56.9136,123665.0,-0.05708179393296775,37.560001373291016
2025-04-14,60.61,62.52,59.9,61.1682,137870.0,0.07475541873998481,30.889999389648438
2025-04-15,59.93,60.7,59.36,60.193,386955.0,-0.015942924591536123,30.1200008392334
2025-04-16,58.85,58.9,57.36,58.0159,434667.0,-0.03616865748508957,32.63999938964844
2025-04-17,58.33,58.62,57.66,58.1,275232.0,0.0014496026089398928,29.649999618530273
2025-04-22,58.27,58.76,56.82,57.7357,711987.0,-0.006270223752151471,30.56999969482422
2025-04-23,61.23,62.7,60.8,62.2728,80195.0,0.07858396105009535,28.450000762939453
2025-04-24,61.76,63.34,61.1,63.16,333432.0,0.014246990660448766,26.469999313354492
2025-04-25,64.67,64.84,63.48,63.7608,110736.0,0.009512349588347124,24.84000015258789
2025-04-28,64.12,64.94,63.76,64.1334,309196.0,0.005843715888131706,25.149999618530273
2025-04-29,65.0,65.0,63.9,64.4171,23571.0,0.004423592075268212,24.170000076293945
2025-04-30,65.27,65.96,61.02,62.9876,46778.0,-0.022191312555206677,24.700000762939453
2025-05-02,63.58,65.0,63.28,64.3969,350235.0,0.022374245089509692,22.68000030517578
2025-05-06,64.59,64.8,63.04,63.6257,29919.0,-0.01197573175106259,24.760000228881836
2025-05-07,64.45,65.1,63.36,63.64,74847.0,0.00022475194771920393,23.549999237060547
2025-05-08,64.94,65.84,64.38,65.3991,39538.0,0.02764142049025775,22.479999542236328
2025-05-09,67.2,67.6,66.36,67.1122,34747.0,0.026194550077906165,21.899999618530273
2025-05-12,68.77,72.66,68.12,72.2,131140.0,0.07581035936834146,18.389999389648438
2025-05-13,72.28,72.84,71.04,72.408,40927.0,0.002880886426592788,18.219999313354492
2025-05-14,73.37,74.46,72.65,73.0764,69360.0,0.00923102419622146,18.6200008392334
2025-05-15,72.94,73.5,72.67,73.3584,552265.0,0.003858974990557762,17.829999923706055
2025-05-16,73.06,73.4,71.92,72.3974,33940.0,-0.01310006761325222,17.239999771118164
2025-05-19,71.65,72.1,71.24,71.84,195638.0,-0.0076991715172092245,18.139999389648438
2025-05-20,71.95,72.76,71.77,72.2914,608948.0,0.006283407572382993,18.09000015258789
2025-05-21,70.72,72.36,70.6,71.6015,29530.0,-0.009543320505620234,20.8700008392334
2025-05-22,71.77,72.28,70.98,71.4733,6206.0,-0.0017904652835486479,20.280000686645508
2025-05-23,71.77,72.14,67.62,69.14,59004.0,-0.0326457572268245,22.290000915527344
2025-05-27,70.48,71.14,70.29,70.32,232772.0,0.01706682094301404,18.959999084472656
2025-05-28,70.56,70.68,69.96,70.2694,5815.0,-0.0007195676905572546,19.309999465942383
2025-05-30,69.9,70.52,68.4373,69.3671,76474.0,-0.012840582102593867,18.56999969482422
2025-06-02,67.09,67.6,66.44,67.1565,36628.0,-0.031868133452313874,18.360000610351562
2025-06-03,67.17,68.74,66.84,67.5666,246386.0,0.006106631524871009,17.690000534057617
2025-06-04,68.92,69.44,68.62,69.0293,55465.0,0.021648270003226555,17.610000610351562
2025-06-05,69.16,69.86,68.76,69.357,105880.0,0.004747259497054124,18.479999542236328
2025-06-06,69.57,70.3,69.3,69.8553,14237.0,0.007184566806522685,16.770000457763672
2025-06-10,70.6,71.36,70.0,70.9048,37168.0,0.015023913718787085,16.950000762939453
2025-06-11,71.09,73.66,71.08,72.87,50359.0,0.027716036149880052,17.260000228881836
2025-06-12,71.24,72.06,70.5,71.1648,136201.0,-0.023400576368876158,18.020000457763672
2025-06-13,69.64,70.26,69.2,69.98,114024.0,-0.01664868024641386,20.81999969482422
2025-06-16,69.43,70.68,69.38,70.1839,118353.0,0.0029136896256072298,19.110000610351562
2025-06-17,70.31,71.24,69.84,70.4708,184167.0,0.004087832109643363,21.600000381469727
2025-06-18,69.68,69.98,69.16,69.6341,54763.0,-0.011873002718856496,20.139999389648438
2025-06-19,69.31,69.44,68.26,68.68,18182.0,-0.013701620326822539,
2025-06-20,68.75,69.34,68.28,68.8011,135609.0,0.0017632498543971309,20.6200008392334
2025-06-23,68.14,70.0,68.0,69.32,193720.0,0.0075420305779994035,19.829999923706055
2025-06-24,71.65,71.88,70.12,71.4997,36648.0,0.031444027697634214,17.479999542236328
2025-06-25,71.09,71.6,70.8,71.2,53364.0,-0.004191625978850255,16.760000228881836
2025-06-26,71.09,71.66,70.02,70.56,27228.0,-0.008988764044943864,16.59000015258789
2025-06-27,71.61,72.44,71.5,71.8868,36374.0,0.018803854875283355,16.31999969482422
2025-06-30,72.28,72.44,71.44,71.44,178344.0,-0.006215327431461581,16.729999542236328
2025-07-01,71.24,72.1,70.52,70.9111,30052.0,-0.007403415453527296,16.829999923706055
2025-07-02,72.22,73.7,72.02,73.46,59821.0,0.035945007199154944,16.639999389648438
2025-07-03,73.6,73.94,72.88,73.3601,29283.0,-0.0013599237680369525,16.3799991607666
2025-07-04,72.86,73.7791,72.64,73.3,7110.0,-0.0008192464295987412,
2025-07-07,73.25,74.05,73.08,73.5616,47561.0,0.0035688949522509894,17.790000915527344
2025-07-08,74.19,74.48,73.94,74.2,13004.0,0.00867844092570036,16.809999465942383
2025-07-09,73.66,75.4,73.58,74.5415,41331.0,0.004602425876010674,15.9399995803833
2025-07-10,75.36,76.32,75.08,75.8347,30665.0,0.017348725206763893,15.779999732971191
2025-07-11,75.07,75.66,75.0,75.3577,24545.0,-0.006289996531930631,16.399999618530273
2025-07-14,74.05,74.9,73.98,74.52,11094.0,-0.011116315917285124,17.200000762939453
2025-07-15,74.85,75.82,74.74,75.18,17974.0,0.008856682769726287,17.3799991607666
2025-07-16,74.19,76.2,74.14,75.6979,10247.0,0.006888800212822455,17.15999984741211
2025-07-17,77.08,77.48,76.42,77.0,12178.0,0.017201269784234308,16.520000457763672
2025-07-18,77.37,77.68,76.5,76.7292,19494.0,-0.0035168831168830295,16.40999984741211
2025-07-21,77.24,77.24,76.28,77.16,13402.0,0.005614550914123884,16.649999618530273
2025-07-22,75.67,75.81,74.84,75.62,63825.0,-0.019958527734577403,16.5
2025-07-23,76.24,77.02,75.78,76.251,18886.0,0.008344353345675737,15.369999885559082
2025-07-24,77.45,77.62,76.0,76.52,16656.0,0.0035278225859332046,15.390000343322754
2025-07-25,76.1,76.72,75.66,76.72,38693.0,0.00261369576581294,14.930000305175781
2025-07-28,77.88,78.32,76.6,77.6993,17418.0,0.012764598540145888,15.029999732971191
2025-07-29,76.96,77.06,75.64,76.6872,26929.0,-0.013025857375806305,15.979999542236328
2025-07-30,79.3,79.48,74.07,76.4341,50745.0,-0.0033004204091426903,15.479999542236328
2025-07-31,73.94,77.1,73.94,76.2574,60030.0,-0.0023117953897540122,16.719999313354492
2025-08-04,72.92,76.18,72.5,74.66,84857.0,-0.02094747526141738,17.520000457763672
2025-08-05,77.6,78.14,76.22,76.9178,42650.0,0.0302410929547281,17.850000381469727
2025-08-06,77.29,77.4,76.14,76.5333,46144.0,-0.004998842920624358,16.770000457763672
2025-08-07,76.59,78.3954,76.56,77.32,63509.0,0.01027918566166619,16.56999969482422
2025-08-08,78.31,79.66,78.24,79.3983,32441.0,0.026879203310915756,15.149999618530273
2025-08-11,79.79,79.86,78.65,79.74,26038.0,0.004303618591329883,16.25
2025-08-12,78.4,79.86,77.7,78.4186,19536.0,-0.01657135690995737,14.729999542236328
2025-08-13,79.93,80.08,79.36,79.7449,21784.0,0.016913079294963218,14.489999771118164
2025-08-14,79.29,79.86,79.29,79.5757,9950.0,-0.002121765780633056,14.829999923706055
2025-08-15,79.71,80.12,79.18,79.4975,10936.0,-0.0009827120590832905,15.09000015258789
2025-08-18,79.22,79.4,78.6,79.04,9638.0,-0.005754897952765736,14.989999771118164
2025-08-19,79.83,81.06,79.72,80.6669,40249.0,0.02058324898785413,15.569999694824219
2025-08-20,80.26,80.94,79.7589,80.288,31341.0,-0.004697093851381395,15.6899995803833
2025-08-21,80.28,80.6247,79.8,80.1104,34172.0,-0.0022120366679951875,16.600000381469727
2025-08-22,80.32,82.76,80.14,81.8314,88697.0,0.021482853661946466,14.220000267028809
2025-08-26,81.8,82.6616,81.58,82.262,17681.0,0.005262038777290812,14.619999885559082
2025-08-27,82.33,82.86,82.14,82.4696,51390.0,0.0025236439668376853,14.850000381469727
2025-08-28,82.7,83.64,82.62,83.56,18988.0,0.013221841745322038,14.430000305175781
2025-08-29,83.24,83.54,82.4,82.9245,13876.0,-0.007605313547151882,15.359999656677246
2025-09-01,82.68,83.0,82.24,82.796,39537.0,-0.0015496023491247124,
2025-09-02,82.91,83.12,81.4,82.062,282694.0,-0.008865162568240104,17.170000076293945
2025-09-03,83.42,84.34,82.78,83.684,224857.0,0.019765543125929153,16.350000381469727
2025-09-04,84.12,85.4,83.76,85.0353,1288111.0,0.016147650685913728,15.300000190734863
2025-09-05,86.09,86.58,85.0658,86.2213,629839.0,0.013947149007529802,15.180000305175781
2025-09-08,85.68,85.9321,84.66,85.2963,2792430.0,-0.01072820753108572,15.109999656677246
2025-09-09,86.25,86.4,85.56,85.8413,339379.0,0.006389491689557492,15.039999961853027
2025-09-10,86.48,87.02,85.86,86.28,555990.0,0.005110593618689263,15.350000381469727
2025-09-11,86.62,86.94,85.86,86.24,384589.0,-0.00046360686138158247,14.710000038146973
2025-09-12,86.64,86.64,85.38,85.94,1057088.0,-0.003478664192949843,14.760000228881836
2025-09-15,86.7,87.06,86.04,87.0377,488832.0,0.012772864789387883,15.6899995803833
2025-09-16,88.61,89.6,87.28,87.64,40067.0,0.006919989843481522,16.360000610351562
2025-09-17,88.38,88.62,88.04,88.3993,1065328.0,0.008663852122318572,15.720000267028809
2025-09-18,88.9,89.77,87.8467,87.86,2260467.0,-0.006100727041956189,15.699999809265137
2025-09-19,87.91,88.44,86.8729,88.1644,1483244.0,0.0034646027771454424,15.449999809265137
2025-09-22,87.73,88.32,87.1013,87.88,57797.0,-0.003225791816197976,16.100000381469727
2025-09-23,88.38,89.06,88.16,88.5777,487051.0,0.007939235320892024,16.639999389648438
2025-09-24,88.32,88.86,86.94,88.18,744675.0,-0.004489843380444336,16.18000030517578
2025-09-25,86.64,86.9,85.68,86.6,292169.0,-0.01791789521433451,16.739999771118164
2025-09-26,86.5,86.8,85.96,86.07,299682.0,-0.006120092378752884,15.289999961853027
2025-09-29,86.78,86.85,85.82,86.1744,730840.0,0.001212966190310416,16.1200008392334
2025-09-30,86.23,87.16,86.16,86.6,140483.0,0.004938821738242227,16.280000686645508
2025-10-01,86.07,87.0,85.54,86.13,420990.0,-0.005427251732101568,16.290000915527344
2025-10-02,87.97,89.8535,87.96,89.62,1696998.0,0.040520143968419964,16.6299991607666
2025-10-03,89.94,90.78,89.24,89.84,4367413.0,0.0024548091943763506,16.649999618530273
2025-10-06,90.27,91.64,89.93,91.1616,155122.0,0.014710596616206661,16.3700008392334
2025-10-07,90.4,91.2,89.842,90.6956,113073.0,-0.0051118014602640205,17.239999771118164
2025-10-08,89.92,90.74,89.58,90.6898,14634.0,-6.395018060401103e-05,16.299999237060547
2025-10-09,90.13,90.5,88.02,89.1025,44302.0,-0.017502519577725417,16.43000030517578
2025-10-10,88.18,88.26,84.58,87.85,245849.0,-0.014056844645212063,21.65999984741211
2025-10-13,84.38,84.8157,83.44,84.6407,426794.0,-0.03653158793397837,19.030000686645508
2025-10-14,83.44,83.84,82.48,82.7987,813066.0,-0.021762579940855842,20.809999465942383
2025-10-15,85.27,86.52,83.98,86.19,163982.0,0.040958372534834586,20.639999389648438
2025-10-16,86.62,87.77,86.06,86.87,510631.0,0.007889546351084853,25.309999465942383
2025-10-17,85.45,86.76,84.96,86.76,49550.0,-0.0012662599286289433,20.780000686645508
2025-10-20,86.76,87.58,86.42,87.46,89791.0,0.008068234209313019,18.229999542236328
2025-10-21,87.07,87.98,87.0,87.6243,187133.0,0.001878573061971256,17.8700008392334
2025-10-22,88.24,88.24,87.22,87.73,82920.0,0.001206286384028088,18.600000381469727
2025-10-23,87.77,88.32,86.86,87.52,264811.0,-0.002393707967628056,17.299999237060547
2025-10-24,88.96,89.36,87.54,87.83,53220.0,0.0035420475319927203,16.3700008392334
2025-10-27,89.23,90.3,89.0,89.8865,182816.0,0.02341455083684396,15.789999961853027
2025-10-28,90.37,90.85,88.9,89.26,224313.0,-0.006969900930618,16.420000076293945
2025-10-29,91.3,94.38,90.4273,92.57,204402.0,0.03708267981178559,16.920000076293945
2025-10-30,93.14,97.94,92.52,97.37,419807.0,0.05185265204709966,16.90999984741211
2025-10-31,96.47,97.23,96.18,96.71,88054.0,-0.0067782684605115495,17.440000534057617
2025-11-03,97.04,98.86,96.64,98.6597,43262.0,0.020160272981077476,17.170000076293945
2025-11-04,97.41,98.64,95.35,95.4,305876.0,-0.033039832880091824,19.0
2025-11-05,94.23,96.1,93.88,95.4,249278.0,0.0,18.010000228881836
2025-11-06,96.49,96.9,95.82,95.83,96898.0,0.004507337526205468,19.5
2025-11-07,96.69,97.54,94.76,95.17,51080.0,-0.006887196076385216,19.079999923706055
2025-11-10,97.67,98.56,97.06,97.58,212992.0,0.025323106020804786,17.600000381469727
2025-11-11,96.69,98.74,96.34,97.5528,713797.0,-0.0002787456445992875,17.280000686645508
2025-11-12,95.77,96.64,94.94,95.79,82481.0,-0.018070214283956942,17.510000228881836
2025-11-13,96.24,96.94,94.44,95.2,71661.0,-0.006159306816995502,20.0
2025-11-14,94.09,94.8,92.76,94.27,26655.0,-0.009768907563025286,19.829999923706055
2025-11-17,94.08,94.08,89.57,90.6064,162788.0,-0.038862840776493046,22.3799991607666
2025-11-18,89.8,91.96,89.2,89.6383,67336.0,-0.01068467569619802,24.690000534057617
2025-11-19,89.23,89.86,86.2,86.7,99785.0,-0.03277951500642018,23.65999984741211
2025-11-20,88.12,89.86,86.62,88.28,259904.0,0.018223760092272112,26.420000076293945
2025-11-21,85.7,87.84,85.68,87.24,124649.0,-0.011780697779791627,23.43000030517578
2025-11-24,89.31,91.52,87.18,90.4413,401666.0,0.03669532324621727,20.520000457763672
2025-11-25,90.05,90.78,89.78,90.2895,31997.0,-0.0016784367318912752,18.559999465942383
2025-11-26,90.87,91.44,89.56,90.93,190422.0,0.007093848121874746,17.190000534057617
2025-11-27,89.57,90.62,89.5,89.68,54754.0,-0.013746838227207792,
2025-11-28,90.29,90.66,89.8648,90.44,67945.0,0.008474576271186418,16.350000381469727
2025-12-01,90.7,92.5,89.98,91.537,21217.0,0.012129588677576297,17.239999771118164
2025-12-02,91.11,93.12,90.54,92.931,107471.0,0.015228814577711747,16.59000015258789
2025-12-03,94.64,97.24,94.54,94.85,19484.0,0.0206497293691017,16.079999923706055
2025-12-04,94.87,95.84,94.38,94.6,209162.0,-0.0026357406431206654,15.779999732971191
2025-12-05,96.2,96.42,94.54,95.79,445434.0,0.012579281183932478,15.40999984741211
2025-12-08,95.56,96.66,94.52,95.85,36945.0,0.0006263701847790681,16.65999984741211
2025-12-09,96.75,97.22,95.92,96.4193,115488.0,0.00593948878455941,16.93000030517578
2025-12-10,95.95,96.28,94.92,96.0,47424.0,-0.004348714417134358,15.770000457763672
2025-12-11,95.77,96.34,94.82,95.22,189910.0,-0.008125000000000049,14.850000381469727
2025-12-12,95.89,96.1,89.04,89.78,245394.0,-0.05713085486242386,15.739999771118164
2025-12-15,90.05,90.16,88.5795,88.9667,61618.0,-0.00905881042548451,16.5
2025-12-16,89.14,89.32,88.53,89.027,347084.0,0.0006777816868559494,16.479999542236328
2025-12-17,89.37,91.42,85.27,85.27,68.0,-0.04220068069237426,17.6200008392334
