Date,Open,High,Low,Close,Volume,Return,VIX
2007-07-13,99.9,99.9,99.9,99.9,86845.0,,15.15
2007-07-16,99.2,99.6,99.2,99.2,142087.0,-0.007007007007007071,15.59
2007-07-17,98.5,98.5,98.5,98.5,394556.0,-0.007056451612903247,15.63
2007-07-18,97.2,98.1975,97.2,97.2,342457.0,-0.013197969543147225,16.0
2007-07-19,98.6,99.75,98.6,98.6,234579.0,0.014403292181069949,15.23
2007-07-20,97.5,99.0,97.5,97.5,101169.0,-0.011156186612576002,16.95
2007-07-23,97.4,98.85,97.4,97.4,253902.0,-0.0010256410256409554,16.81
2007-07-24,96.35,97.25,96.35,96.35,292044.0,-0.010780287474332795,18.55
2007-07-25,95.4,96.6,95.4,95.4,124008.0,-0.009859885832900761,18.1
2007-07-26,93.95,95.4,93.95,93.95,94019.0,-0.015199161425576535,20.74
2007-07-27,94.25,95.35,94.25,94.25,101508.0,0.0031931878658861823,24.17
2007-07-30,95.2,95.45,95.2,95.2,248870.0,0.010079575596817048,20.87
2007-07-31,96.5,96.9,96.5,96.5,196193.0,0.013655462184873901,23.52
2007-08-01,96.6,96.6,96.6,96.6,104118.0,0.0010362694300518616,23.67
2007-08-02,95.85,96.57,95.85,95.85,223798.0,-0.00776397515527949,21.22
2007-08-03,95.55,96.25,95.55,95.55,102927.0,-0.00312989045383405,25.16
2007-08-06,96.85,96.85,96.85,96.85,1021342.0,0.013605442176870763,22.94
2007-08-07,96.85,97.65,96.85,96.85,121076.0,0.0,21.56
2007-08-08,97.75,97.82,97.75,97.75,240163.0,0.00929272070211673,21.45
2007-08-09,96.05,97.3,96.05,96.05,161710.0,-0.017391304347826098,26.48
2007-08-10,93.25,94.85,93.25,93.25,173210.0,-0.029151483602290473,28.3
2007-08-13,94.2,95.35,94.2,94.2,158525.0,0.010187667560321856,26.57
2007-08-14,93.66,94.65,93.66,93.66,124716.0,-0.005732484076433231,27.68
2007-08-15,100.35,102.75,100.35,100.35,183412.0,0.0714285714285714,30.67
2007-08-16,99.05,99.45,99.05,99.05,343413.0,-0.012954658694569021,30.83
2007-08-17,101.7,102.65,101.7,101.7,260249.0,0.026754164563352,29.99
2007-08-20,101.75,102.7153,101.75,101.75,517246.0,0.000491642084562427,26.33
2007-08-21,103.55,103.8,103.55,103.55,400988.0,0.01769041769041757,25.25
2007-08-22,103.1,103.5,103.1,103.1,417155.0,-0.004345726702076336,22.89
2007-08-23,103.2,103.75,103.2,103.2,221816.0,0.0009699321047527132,22.62
2007-08-24,106.4,106.9,106.4,106.4,130328.0,0.03100775193798455,20.72
2007-08-27,107.75,108.15,107.75,107.75,154755.0,0.012687969924811915,22.72
2007-08-28,105.5,108.05,105.5,105.5,1027963.0,-0.02088167053364265,26.3
2007-08-29,107.9,107.9,107.9,107.9,190371.0,0.02274881516587679,23.81
2007-08-30,107.6,108.15,107.6,107.6,162394.0,-0.002780352177942591,25.06
2007-08-31,109.2,109.2,109.2,109.2,134655.0,0.014869888475836479,23.38
2007-09-04,107.8,108.19,107.8,107.8,153797.0,-0.012820512820512886,22.78
2007-09-05,107.0,107.4,107.0,107.0,152949.0,-0.007421150278293154,24.58
2007-09-06,106.7,106.8,106.7,106.7,79439.0,-0.002803738317756932,23.99
2007-09-07,106.6,107.55,106.6,106.6,320153.0,-0.0009372071227742307,26.23
2007-09-10,107.3,108.3,107.3,107.3,53971.0,0.0065666041275798115,27.38
2007-09-11,108.35,108.5,108.35,108.35,58536.0,0.009785647716682222,25.27
2007-09-12,110.25,110.7,110.25,110.25,196434.0,0.017535763728657283,24.96
2007-09-13,111.65,112.25,111.65,111.65,102011.0,0.012698412698412653,24.76
2007-09-14,110.45,111.325,110.45,110.45,165893.0,-0.01074787281683831,24.92
2007-09-17,108.9,110.2,108.9,108.9,121697.0,-0.014033499320959653,26.48
2007-09-18,111.74,112.0,111.74,111.74,109688.0,0.026078971533516793,20.35
2007-09-19,111.25,112.55,111.25,111.25,159529.0,-0.004385179881868595,20.03
2007-09-20,108.0,113.45,108.0,108.0,422535.0,-0.02921348314606742,20.45
2007-09-21,109.75,110.2,109.75,109.75,301085.0,0.01620370370370372,19.0
2007-09-24,109.0,110.1,109.0,109.0,187258.0,-0.006833712984054663,19.37
2007-09-25,110.25,110.5,110.25,110.25,439849.0,0.011467889908256979,18.6
2007-09-26,110.0,110.5,110.0,110.0,131337.0,-0.0022675736961451642,17.63
2007-09-27,110.4,111.2,110.4,110.4,182464.0,0.0036363636363636598,17.0
2007-09-28,111.9,112.45,111.9,111.9,152486.0,0.013586956521739024,18.0
2007-10-01,111.9,112.0,111.9,111.9,284363.0,0.0,17.84
2007-10-02,110.33,110.35,110.33,110.33,128142.0,-0.014030384271671248,18.49
2007-10-03,108.6,109.0,108.6,108.6,111083.0,-0.015680232031179187,18.8
2007-10-04,108.2,108.6,108.2,108.2,141564.0,-0.0036832412523019054,18.44
2007-10-05,108.25,108.75,108.25,108.25,188640.0,0.00046210720887240875,16.91
2007-10-08,108.05,108.25,108.05,108.05,160364.0,-0.0018475750577366945,17.46
2007-10-09,108.6,108.8,108.6,108.6,120157.0,0.00509023600185099,16.12
2007-10-10,108.6,108.75,108.6,108.6,348829.0,0.0,16.67
2007-10-11,107.8,108.9,107.8,107.8,198977.0,-0.007366482504604033,18.88
2007-10-12,107.85,108.0,107.85,107.85,254981.0,0.0004638218923933568,17.73
2007-10-15,109.2,109.9,109.2,109.2,111322.0,0.01251738525730195,19.25
2007-10-16,109.25,109.34,109.25,109.25,123845.0,0.00045787545787545625,20.02
2007-10-17,109.75,110.0,109.75,109.75,156797.0,0.004576659038901587,18.54
2007-10-18,110.5,110.71,110.5,110.5,249358.0,0.006833712984054774,18.5
2007-10-19,109.4,110.25,109.4,109.4,142007.0,-0.009954751131221684,22.96
2007-10-22,110.2,110.3,110.2,110.2,332216.0,0.007312614259597838,21.64
2007-10-23,111.7,112.0,111.7,111.7,172643.0,0.013611615245008979,20.41
2007-10-24,112.25,112.38,112.25,112.25,312718.0,0.004923903312443967,20.8
2007-10-25,114.55,114.55,114.55,114.55,340112.0,0.02048997772828498,21.17
2007-10-26,115.75,116.25,115.75,115.75,86438.0,0.010475774770842383,19.56
2007-10-29,116.9,116.9,116.9,116.9,227279.0,0.00993520518358526,19.87
2007-10-30,114.15,115.2,114.15,114.15,141861.0,-0.023524379811804996,21.07
2007-10-31,115.5,115.9,115.5,115.5,182761.0,0.01182654402102501,18.53
2007-11-01,114.49,115.11,114.49,114.49,108983.0,-0.008744588744588833,23.21
2007-11-02,114.95,116.1,114.95,114.95,144164.0,0.004017818150056751,23.01
2007-11-05,115.95,116.65,115.95,115.95,122455.0,0.008699434536755035,24.31
2007-11-06,118.0,118.2,118.0,118.0,181932.0,0.017680034497628228,21.39
2007-11-07,118.95,121.0,118.95,118.95,150096.0,0.008050847457627075,26.49
2007-11-08,120.85,120.93,120.85,120.85,254545.0,0.015973097940310987,26.16
2007-11-09,119.55,119.85,119.55,119.55,149667.0,-0.010757136946628054,28.5
2007-11-12,117.3,119.2,117.3,117.3,167342.0,-0.01882057716436636,31.09
2007-11-14,121.0,121.75,121.0,121.0,89067.0,0.03154305200341012,25.94
2007-11-15,121.0,121.75,121.0,121.0,89067.0,0.0,28.06
2007-11-16,122.5,122.95,122.5,122.5,110432.0,0.012396694214876103,25.49
2007-11-19,122.0,123.65,122.0,122.0,193282.0,-0.004081632653061273,26.01
2007-11-21,118.5,121.1,118.5,118.5,210835.0,-0.02868852459016391,26.84
2007-11-23,118.5,121.1,118.5,118.5,210835.0,0.0,25.61
2007-11-26,120.75,122.25,120.75,120.75,137902.0,0.018987341772152,28.91
2007-11-27,120.75,122.25,120.75,120.75,0.0,0.0,26.28
2007-11-28,122.8,125.0,122.8,122.8,874562.0,0.016977225672877738,24.11
2007-11-29,122.3,123.0,122.3,122.3,283284.0,-0.004071661237785018,23.97
2007-11-30,119.4,121.55,119.4,119.4,161034.0,-0.023712183156173294,22.87
2007-12-03,119.4,121.55,119.4,119.4,0.0,0.0,23.61
2007-12-04,119.4,121.55,119.4,119.4,0.0,0.0,23.79
2007-12-05,119.4,121.55,119.4,119.4,0.0,0.0,22.53
2007-12-06,119.4,121.55,119.4,119.4,0.0,0.0,20.96
2007-12-07,119.4,121.55,119.4,119.4,0.0,0.0,20.85
2007-12-10,119.4,121.55,119.4,119.4,0.0,0.0,20.74
2007-12-11,119.4,121.55,119.4,119.4,0.0,0.0,23.59
2007-12-12,119.4,121.55,119.4,119.4,0.0,0.0,22.47
2007-12-13,119.4,121.55,119.4,119.4,0.0,0.0,22.56
2007-12-14,119.4,121.55,119.4,119.4,0.0,0.0,23.27
2007-12-17,119.4,121.55,119.4,119.4,0.0,0.0,24.52
2007-12-18,119.4,121.55,119.4,119.4,0.0,0.0,22.64
2007-12-19,119.4,121.55,119.4,119.4,0.0,0.0,21.68
2007-12-20,119.4,121.55,119.4,119.4,0.0,0.0,20.58
2007-12-21,119.4,121.55,119.4,119.4,0.0,0.0,18.47
2007-12-24,119.4,121.55,119.4,119.4,0.0,0.0,18.6
2007-12-26,119.4,121.55,119.4,119.4,0.0,0.0,18.66
2007-12-27,119.4,121.55,119.4,119.4,0.0,0.0,20.26
2007-12-28,119.4,121.55,119.4,119.4,0.0,0.0,20.74
2007-12-31,119.4,121.55,119.4,119.4,0.0,0.0,22.5
2008-01-02,119.4,121.55,119.4,119.4,0.0,0.0,23.17
2008-01-03,119.4,121.55,119.4,119.4,0.0,0.0,22.49
2008-01-04,119.4,121.55,119.4,119.4,0.0,0.0,23.94
2008-01-07,119.4,121.55,119.4,119.4,0.0,0.0,23.79
2008-01-08,119.4,121.55,119.4,119.4,0.0,0.0,25.43
2008-01-09,119.4,121.55,119.4,119.4,0.0,0.0,24.12
2008-01-10,119.4,121.55,119.4,119.4,0.0,0.0,23.45
2008-01-11,119.4,121.55,119.4,119.4,0.0,0.0,23.68
2008-01-14,119.4,121.55,119.4,119.4,0.0,0.0,22.9
2008-01-15,119.4,121.55,119.4,119.4,0.0,0.0,23.34
2008-01-16,119.4,121.55,119.4,119.4,0.0,0.0,24.38
2008-01-17,119.4,121.55,119.4,119.4,0.0,0.0,28.46
2008-01-18,119.4,121.55,119.4,119.4,0.0,0.0,27.18
2008-01-22,119.4,121.55,119.4,119.4,0.0,0.0,31.01
2008-01-23,119.4,121.55,119.4,119.4,0.0,0.0,29.02
2008-01-24,119.4,121.55,119.4,119.4,0.0,0.0,27.78
2008-01-25,119.4,121.55,119.4,119.4,0.0,0.0,29.08
2008-01-28,119.4,121.55,119.4,119.4,0.0,0.0,27.78
2008-01-29,119.4,121.55,119.4,119.4,0.0,0.0,27.32
2008-01-30,119.4,121.55,119.4,119.4,0.0,0.0,27.62
2008-01-31,119.4,121.55,119.4,119.4,0.0,0.0,26.2
2008-02-01,119.4,121.55,119.4,119.4,0.0,0.0,24.02
2008-02-04,119.4,121.55,119.4,119.4,0.0,0.0,25.99
2008-02-05,119.4,121.55,119.4,119.4,0.0,0.0,28.24
2008-02-06,119.4,121.55,119.4,119.4,0.0,0.0,28.97
2008-02-07,119.4,121.55,119.4,119.4,0.0,0.0,27.66
2008-02-08,119.4,121.55,119.4,119.4,0.0,0.0,28.01
2008-02-11,119.4,121.55,119.4,119.4,0.0,0.0,27.6
2008-02-12,119.4,121.55,119.4,119.4,0.0,0.0,26.33
2008-02-13,119.4,121.55,119.4,119.4,0.0,0.0,24.88
2008-02-14,119.4,121.55,119.4,119.4,0.0,0.0,25.54
2008-02-15,119.4,121.55,119.4,119.4,0.0,0.0,25.02
2008-02-19,119.4,121.55,119.4,119.4,0.0,0.0,25.59
2008-02-20,119.4,121.55,119.4,119.4,0.0,0.0,24.4
2008-02-21,119.4,121.55,119.4,119.4,0.0,0.0,25.12
2008-02-22,119.4,121.55,119.4,119.4,0.0,0.0,24.06
2008-02-25,119.4,121.55,119.4,119.4,0.0,0.0,23.03
2008-02-26,119.4,121.55,119.4,119.4,0.0,0.0,21.9
2008-02-27,119.4,121.55,119.4,119.4,0.0,0.0,22.69
2008-02-28,119.4,121.55,119.4,119.4,0.0,0.0,23.53
2008-02-29,119.4,121.55,119.4,119.4,0.0,0.0,26.54
2008-03-03,119.4,121.55,119.4,119.4,0.0,0.0,26.28
2008-03-04,119.4,121.55,119.4,119.4,0.0,0.0,25.52
2008-03-05,119.4,121.55,119.4,119.4,0.0,0.0,24.6
2008-03-06,119.4,121.55,119.4,119.4,0.0,0.0,27.55
2008-03-07,119.4,121.55,119.4,119.4,0.0,0.0,27.49
2008-03-10,119.4,121.55,119.4,119.4,0.0,0.0,29.38
2008-03-11,119.4,121.55,119.4,119.4,0.0,0.0,26.36
2008-03-12,119.4,121.55,119.4,119.4,0.0,0.0,27.22
2008-03-13,119.4,121.55,119.4,119.4,0.0,0.0,27.29
2008-03-14,119.4,121.55,119.4,119.4,0.0,0.0,31.16
2008-03-17,119.4,121.55,119.4,119.4,0.0,0.0,32.24
2008-03-18,119.4,121.55,119.4,119.4,0.0,0.0,25.79
2008-03-19,119.4,121.55,119.4,119.4,0.0,0.0,29.84
2008-03-20,119.4,121.55,119.4,119.4,0.0,0.0,26.62
2008-03-24,119.4,121.55,119.4,119.4,0.0,0.0,25.73
2008-03-25,119.4,121.55,119.4,119.4,0.0,0.0,25.72
2008-03-26,119.4,121.55,119.4,119.4,0.0,0.0,26.08
2008-03-27,119.4,121.55,119.4,119.4,0.0,0.0,25.88
2008-03-28,119.4,121.55,119.4,119.4,0.0,0.0,25.71
2008-03-31,119.4,121.55,119.4,119.4,0.0,0.0,25.61
2008-04-01,119.4,121.55,119.4,119.4,0.0,0.0,22.68
2008-04-02,119.4,121.55,119.4,119.4,0.0,0.0,23.43
2008-04-03,119.4,121.55,119.4,119.4,0.0,0.0,23.21
2008-04-04,119.4,121.55,119.4,119.4,0.0,0.0,22.45
2008-04-07,119.4,121.55,119.4,119.4,0.0,0.0,22.42
2008-04-08,119.4,121.55,119.4,119.4,0.0,0.0,22.36
2008-04-09,119.4,121.55,119.4,119.4,0.0,0.0,22.81
2008-04-10,119.4,121.55,119.4,119.4,0.0,0.0,21.98
2008-04-11,119.4,121.55,119.4,119.4,0.0,0.0,23.46
2008-04-14,119.4,121.55,119.4,119.4,0.0,0.0,23.82
2008-04-15,119.4,121.55,119.4,119.4,0.0,0.0,22.78
2008-04-16,119.4,121.55,119.4,119.4,0.0,0.0,20.53
2008-04-17,119.4,121.55,119.4,119.4,0.0,0.0,20.37
2008-04-18,119.4,121.55,119.4,119.4,0.0,0.0,20.13
2008-04-21,119.4,121.55,119.4,119.4,0.0,0.0,20.5
2008-04-22,119.4,121.55,119.4,119.4,0.0,0.0,20.87
2008-04-23,119.4,121.55,119.4,119.4,0.0,0.0,20.26
2008-04-24,119.4,121.55,119.4,119.4,0.0,0.0,20.06
2008-04-25,119.4,121.55,119.4,119.4,0.0,0.0,19.59
2008-04-28,119.4,121.55,119.4,119.4,0.0,0.0,19.64
2008-04-29,119.4,121.55,119.4,119.4,0.0,0.0,20.24
2008-04-30,119.4,121.55,119.4,119.4,0.0,0.0,20.79
2008-05-01,119.4,121.55,119.4,119.4,0.0,0.0,18.88
2008-05-02,119.4,121.55,119.4,119.4,0.0,0.0,18.18
2008-05-05,119.4,121.55,119.4,119.4,0.0,0.0,18.9
2008-05-06,119.4,121.55,119.4,119.4,0.0,0.0,18.21
2008-05-07,119.4,121.55,119.4,119.4,0.0,0.0,19.73
2008-05-08,119.4,121.55,119.4,119.4,0.0,0.0,19.4
2008-05-09,119.4,121.55,119.4,119.4,0.0,0.0,19.41
2008-05-12,119.4,121.55,119.4,119.4,0.0,0.0,17.79
2008-05-13,119.4,121.55,119.4,119.4,0.0,0.0,17.98
2008-05-14,119.4,121.55,119.4,119.4,0.0,0.0,17.66
2008-05-15,119.4,121.55,119.4,119.4,0.0,0.0,16.3
2008-05-16,119.4,121.55,119.4,119.4,0.0,0.0,16.47
2008-05-19,119.4,121.55,119.4,119.4,0.0,0.0,17.01
2008-05-20,119.4,121.55,119.4,119.4,0.0,0.0,17.58
2008-05-21,119.4,121.55,119.4,119.4,0.0,0.0,18.59
2008-05-22,119.4,121.55,119.4,119.4,0.0,0.0,18.05
2008-05-23,119.4,121.55,119.4,119.4,0.0,0.0,19.55
2008-05-27,119.4,121.55,119.4,119.4,0.0,0.0,19.64
2008-05-28,119.4,121.55,119.4,119.4,0.0,0.0,19.07
2008-05-29,119.4,121.55,119.4,119.4,0.0,0.0,18.14
2008-05-30,119.4,121.55,119.4,119.4,0.0,0.0,17.83
2008-06-02,119.4,121.55,119.4,119.4,0.0,0.0,19.83
2008-06-03,119.4,121.55,119.4,119.4,0.0,0.0,20.24
2008-06-04,119.4,121.55,119.4,119.4,0.0,0.0,20.8
2008-06-05,119.4,121.55,119.4,119.4,0.0,0.0,18.63
2008-06-06,119.4,121.55,119.4,119.4,0.0,0.0,23.56
2008-06-09,119.4,121.55,119.4,119.4,0.0,0.0,23.12
2008-06-10,119.4,121.55,119.4,119.4,0.0,0.0,23.18
2008-06-11,119.4,121.55,119.4,119.4,0.0,0.0,24.12
2008-06-12,119.4,121.55,119.4,119.4,0.0,0.0,23.33
2008-06-13,119.4,121.55,119.4,119.4,0.0,0.0,21.22
2008-06-16,119.4,121.55,119.4,119.4,0.0,0.0,20.95
2008-06-17,119.4,121.55,119.4,119.4,0.0,0.0,21.13
2008-06-18,119.4,121.55,119.4,119.4,0.0,0.0,22.24
2008-06-19,119.4,121.55,119.4,119.4,0.0,0.0,21.58
2008-06-20,119.4,121.55,119.4,119.4,0.0,0.0,22.87
2008-06-23,119.4,121.55,119.4,119.4,0.0,0.0,22.64
2008-06-24,119.4,121.55,119.4,119.4,0.0,0.0,22.42
2008-06-25,119.4,121.55,119.4,119.4,0.0,0.0,21.14
2008-06-26,119.4,121.55,119.4,119.4,0.0,0.0,23.93
2008-06-27,119.4,121.55,119.4,119.4,0.0,0.0,23.44
2008-06-30,119.4,121.55,119.4,119.4,0.0,0.0,23.95
2008-07-01,119.4,121.55,119.4,119.4,0.0,0.0,23.65
2008-07-02,119.4,121.55,119.4,119.4,0.0,0.0,25.92
2008-07-03,119.4,121.55,119.4,119.4,0.0,0.0,24.79
2008-07-07,119.4,121.55,119.4,119.4,0.0,0.0,25.78
2008-07-08,119.4,121.55,119.4,119.4,0.0,0.0,23.15
2008-07-09,119.4,121.55,119.4,119.4,0.0,0.0,25.23
2008-07-10,119.4,121.55,119.4,119.4,0.0,0.0,25.59
2008-07-11,119.4,121.55,119.4,119.4,0.0,0.0,27.49
2008-07-14,119.4,121.55,119.4,119.4,0.0,0.0,28.48
2008-07-15,119.4,121.55,119.4,119.4,0.0,0.0,28.54
2008-07-16,119.4,121.55,119.4,119.4,0.0,0.0,25.1
2008-07-17,119.4,121.55,119.4,119.4,0.0,0.0,25.01
2008-07-18,119.4,121.55,119.4,119.4,0.0,0.0,24.05
2008-07-21,119.4,121.55,119.4,119.4,0.0,0.0,23.05
2008-07-22,119.4,121.55,119.4,119.4,0.0,0.0,21.18
2008-07-23,119.4,121.55,119.4,119.4,0.0,0.0,21.31
2008-07-24,119.4,121.55,119.4,119.4,0.0,0.0,23.44
2008-07-25,119.4,121.55,119.4,119.4,0.0,0.0,22.91
2008-07-28,119.4,121.55,119.4,119.4,0.0,0.0,24.23
2008-07-29,119.4,121.55,119.4,119.4,0.0,0.0,22.03
2008-07-30,119.4,121.55,119.4,119.4,0.0,0.0,21.21
2008-07-31,119.4,121.55,119.4,119.4,0.0,0.0,22.94
2008-08-01,119.4,121.55,119.4,119.4,0.0,0.0,22.57
2008-08-04,119.4,121.55,119.4,119.4,0.0,0.0,23.49
2008-08-05,119.4,121.55,119.4,119.4,0.0,0.0,21.14
2008-08-06,119.4,121.55,119.4,119.4,0.0,0.0,20.23
2008-08-07,119.4,121.55,119.4,119.4,0.0,0.0,21.15
2008-08-08,119.4,121.55,119.4,119.4,0.0,0.0,20.66
2008-08-11,119.4,121.55,119.4,119.4,0.0,0.0,20.12
2008-08-12,119.4,121.55,119.4,119.4,0.0,0.0,21.17
2008-08-13,119.4,121.55,119.4,119.4,0.0,0.0,21.55
2008-08-14,119.4,121.55,119.4,119.4,0.0,0.0,20.34
2008-08-15,119.4,121.55,119.4,119.4,0.0,0.0,19.58
2008-08-18,119.4,121.55,119.4,119.4,0.0,0.0,20.98
2008-08-19,119.4,121.55,119.4,119.4,0.0,0.0,21.28
2008-08-20,119.4,121.55,119.4,119.4,0.0,0.0,20.42
2008-08-21,119.4,121.55,119.4,119.4,0.0,0.0,19.82
2008-08-22,119.4,121.55,119.4,119.4,0.0,0.0,18.81
2008-08-25,119.4,121.55,119.4,119.4,0.0,0.0,20.97
2008-08-26,119.4,121.55,119.4,119.4,0.0,0.0,20.49
2008-08-27,119.4,121.55,119.4,119.4,0.0,0.0,19.76
2008-08-28,119.4,121.55,119.4,119.4,0.0,0.0,19.43
2008-08-29,119.4,121.55,119.4,119.4,0.0,0.0,20.65
2008-09-02,119.4,121.55,119.4,119.4,0.0,0.0,21.99
2008-09-03,119.4,121.55,119.4,119.4,0.0,0.0,21.43
2008-09-04,119.4,121.55,119.4,119.4,0.0,0.0,24.03
2008-09-05,119.4,121.55,119.4,119.4,0.0,0.0,23.06
2008-09-08,119.4,121.55,119.4,119.4,0.0,0.0,22.64
2008-09-09,119.4,121.55,119.4,119.4,0.0,0.0,25.47
2008-09-10,119.4,121.55,119.4,119.4,0.0,0.0,24.52
2008-09-11,119.4,121.55,119.4,119.4,0.0,0.0,24.39
2008-09-12,119.4,121.55,119.4,119.4,0.0,0.0,25.66
2008-09-15,119.4,121.55,119.4,119.4,0.0,0.0,31.7
2008-09-16,119.4,121.55,119.4,119.4,0.0,0.0,30.3
2008-09-17,119.4,121.55,119.4,119.4,0.0,0.0,36.22
2008-09-18,119.4,121.55,119.4,119.4,0.0,0.0,33.1
2008-09-19,119.4,121.55,119.4,119.4,0.0,0.0,32.07
2008-09-22,119.4,121.55,119.4,119.4,0.0,0.0,33.85
2008-09-23,119.4,121.55,119.4,119.4,0.0,0.0,35.72
2008-09-24,119.4,121.55,119.4,119.4,0.0,0.0,35.19
2008-09-25,119.4,121.55,119.4,119.4,0.0,0.0,32.82
2008-09-26,119.4,121.55,119.4,119.4,0.0,0.0,34.74
2008-09-29,119.4,121.55,119.4,119.4,0.0,0.0,46.72
2008-09-30,119.4,121.55,119.4,119.4,0.0,0.0,39.39
2008-10-01,119.4,121.55,119.4,119.4,0.0,0.0,39.81
2008-10-02,119.4,121.55,119.4,119.4,0.0,0.0,45.26
2008-10-03,119.4,121.55,119.4,119.4,0.0,0.0,45.14
2008-10-06,119.4,121.55,119.4,119.4,0.0,0.0,52.05
2008-10-07,119.4,121.55,119.4,119.4,0.0,0.0,53.68
2008-10-08,119.4,121.55,119.4,119.4,0.0,0.0,57.53
2008-10-09,119.4,121.55,119.4,119.4,0.0,0.0,63.92
2008-10-10,119.4,121.55,119.4,119.4,0.0,0.0,69.95
2008-10-13,119.4,121.55,119.4,119.4,0.0,0.0,54.99
2008-10-14,119.4,121.55,119.4,119.4,0.0,0.0,55.13
2008-10-15,119.4,121.55,119.4,119.4,0.0,0.0,69.25
2008-10-16,119.4,121.55,119.4,119.4,0.0,0.0,67.61
2008-10-17,119.4,121.55,119.4,119.4,0.0,0.0,70.33
2008-10-20,119.4,121.55,119.4,119.4,0.0,0.0,52.97
2008-10-21,119.4,121.55,119.4,119.4,0.0,0.0,53.11
2008-10-22,119.4,121.55,119.4,119.4,0.0,0.0,69.65
2008-10-23,119.4,121.55,119.4,119.4,0.0,0.0,67.8
2008-10-24,119.4,121.55,119.4,119.4,0.0,0.0,79.13
2008-10-27,36.69,37.66,36.0,36.61,682627.0,-0.6933835845896148,80.06
2008-10-28,37.6,39.28,36.65,39.2,1241092.0,0.07074569789674956,66.96
2008-10-29,39.0,40.32,38.55,39.26,2145322.0,0.001530612244897922,69.96
2008-10-30,39.3,39.9,37.4,38.96,814842.0,-0.007641365257259225,62.9
2008-10-31,37.85,39.16,37.3,38.45,1060853.0,-0.013090349075975283,59.89
2008-11-03,39.15,39.53,38.65,39.0,1561031.0,0.014304291287386084,53.68
2008-11-04,40.25,41.55,39.95,40.85,823337.0,0.04743589743589749,47.73
2008-11-05,40.6,40.94,39.34,39.64,522591.0,-0.02962056303549576,54.56
2008-11-06,39.7,39.8,33.775,38.4,675276.0,-0.03128153380423815,63.68
2008-11-07,39.625,40.1,39.4,39.65,544673.0,0.03255208333333326,56.1
2008-11-10,40.2,40.55,39.15,39.5,683943.0,-0.003783102143757877,59.98
2008-11-11,39.1,39.18,38.5,38.72,999462.0,-0.019746835443038013,61.44
2008-11-12,38.5,38.55,37.5,37.75,431685.0,-0.02505165289256195,66.46
2008-11-13,37.5,38.85,36.7,38.25,621597.0,0.013245033112582849,59.83
2008-11-14,37.725,39.05,37.65,38.25,466962.0,0.0,66.31
2008-11-17,37.25,37.9,36.8,37.29,501663.0,-0.02509803921568632,69.15
2008-11-18,37.25,38.0,36.97,37.75,604021.0,0.012335746849021278,67.64
2008-11-19,37.15,38.25,36.49,36.5,537325.0,-0.0331125827814569,74.26
2008-11-20,35.4,40.0,34.2,34.25,959217.0,-0.06164383561643838,80.86
2008-11-21,34.11,34.4,33.3,34.16,934803.0,-0.0026277372262775156,72.67
2008-11-24,35.1,35.81,34.93,35.46,692955.0,0.03805620608899307,64.7
2008-11-25,35.65,36.03,34.85,35.6,1326244.0,0.003948110547095318,60.9
2008-11-26,33.9,34.85,33.75,34.74,1667621.0,-0.024157303370786476,54.92
2008-11-28,35.51,40.15,35.5,36.25,377330.0,0.043465745538284306,55.84
2008-12-01,36.05,36.05,34.75,35.0,550805.0,-0.03448275862068961,68.51
2008-12-02,35.0,35.61,34.7,35.55,813994.0,0.01571428571428557,62.98
2008-12-03,34.15,35.32,34.0,35.25,867053.0,-0.00843881856540074,60.72
2008-12-04,34.84,35.6,34.83,35.25,711827.0,0.0,63.64
2008-12-05,34.55,35.07,33.55,35.07,905541.0,-0.005106382978723345,59.93
2008-12-08,35.1,35.43,34.95,35.25,778775.0,0.0051325919589393365,58.49
2008-12-09,35.15,35.85,35.09,35.25,722695.0,0.0,58.91
2008-12-10,35.3,35.3,34.5,34.95,819320.0,-0.008510638297872242,55.73
2008-12-11,35.15,35.41,34.65,34.95,772674.0,0.0,55.78
2008-12-12,34.35,35.45,34.35,35.25,578695.0,0.008583690987124415,54.28
2008-12-15,35.32,35.56,34.8,34.85,842923.0,-0.01134751773049636,56.76
2008-12-16,35.4,37.0,35.25,36.84,781467.0,0.057101865136298446,52.37
2008-12-17,37.14,38.13,37.14,37.85,632464.0,0.02741585233441901,49.84
2008-12-18,39.05,39.05,36.96,36.96,1010748.0,-0.023513870541611692,47.34
2008-12-19,36.85,37.13,36.44,36.56,606199.0,-0.010822510822510734,44.93
2008-12-22,37.2,37.43,36.87,37.2,586735.0,0.017505470459518557,44.56
2008-12-23,38.09,38.13,35.45,37.4,753955.0,0.005376344086021501,45.02
2008-12-24,37.75,37.93,37.35,37.65,324929.0,0.006684491978609541,44.21
2008-12-26,37.8,38.09,37.6,38.05,321456.0,0.010624169986719778,43.38
2008-12-29,39.65,39.85,38.85,39.05,493878.0,0.026281208935611033,43.9
2008-12-30,39.4,39.65,39.0,39.58,497718.0,0.013572343149808042,41.63
2008-12-31,39.2,39.7,39.01,39.7,466724.0,0.0030318342597273062,40.0
2009-01-02,39.75,39.75,39.1,39.45,259025.0,-0.006297229219143552,39.19
2009-01-05,38.59,38.8,38.13,38.4,428438.0,-0.026615969581749166,39.08
2009-01-06,38.6,38.61,37.6,38.0,1375696.0,-0.01041666666666663,38.56
2009-01-07,38.52,38.85,38.2,38.35,573520.0,0.009210526315789558,43.39
2009-01-08,38.6,38.69,37.9985,38.55,303881.0,0.005215123859191539,42.56
2009-01-09,36.94,36.97,36.13,36.25,1178052.0,-0.05966277561608291,42.82
2009-01-12,36.0,36.4,35.65,36.2,885039.0,-0.0013793103448275223,45.84
2009-01-13,35.95,36.2,35.75,36.19,539669.0,-0.0002762430939228233,43.27
2009-01-14,35.6,35.63,34.77,35.3,361731.0,-0.024592428847748038,49.14
2009-01-15,35.92,36.15,35.31,35.85,346979.0,0.015580736543909568,51.0
2009-01-16,36.55,36.81,36.2,36.54,415416.0,0.019246861924686165,46.11
2009-01-20,35.9,36.15,35.43,35.43,427763.0,-0.03037766830870281,56.65
2009-01-21,35.9,35.98,35.2,35.9,432004.0,0.013265594129268976,46.42
2009-01-22,35.0,35.45,34.85,35.35,293658.0,-0.01532033426183832,47.29
2009-01-23,34.41,35.26,34.2,35.1,412207.0,-0.007072135785007094,47.27
2009-01-26,35.15,35.77,34.904,35.53,715247.0,0.012250712250712281,45.69
2009-01-27,35.4,35.8,35.2,35.6,671893.0,0.0019701660568534063,42.25
2009-01-28,35.25,35.38,34.83,35.0,564175.0,-0.016853932584269704,39.66
2009-01-29,35.3,35.5,34.52,34.52,764937.0,-0.013714285714285679,42.63
2009-01-30,34.5,34.7,34.07,34.45,388102.0,-0.002027809965237548,44.84
2009-02-02,34.05,34.26,33.66,34.0,411814.0,-0.013062409288824517,45.52
2009-02-03,34.6,35.25,34.48,35.21,370860.0,0.0355882352941177,43.06
2009-02-04,34.21,34.44,31.5,33.79,552032.0,-0.04032945186026704,43.85
2009-02-05,32.55,33.55,31.1,32.76,719198.0,-0.03048239124001184,43.73
2009-02-06,32.66,32.97,32.32,32.84,1036603.0,0.0024420024420026554,43.37
2009-02-09,33.15,33.3,32.79,32.83,531517.0,-0.00030450669914749984,43.64
2009-02-10,33.45,33.85,32.75,32.95,788603.0,0.0036551934206519032,46.67
2009-02-11,33.08,33.2,32.36,32.55,1568292.0,-0.012139605462822667,44.53
2009-02-12,32.2,32.5,32.03,32.5,824279.0,-0.001536098310291778,41.25
2009-02-13,32.2,32.41,31.86,32.06,2864818.0,-0.0135384615384615,42.93
2009-02-17,31.3,31.55,31.18,31.45,1965397.0,-0.019026824703680667,48.66
2009-02-18,31.85,31.94,31.16,31.37,400793.0,-0.0025437201907789753,48.46
2009-02-19,32.45,33.85,32.45,32.67,877547.0,0.04144086707044958,47.08
2009-02-20,32.93,33.9,32.85,33.8,1108718.0,0.034588307315579936,49.3
2009-02-23,33.75,33.83,32.45,32.46,795377.0,-0.03964497041420112,52.62
2009-02-24,32.65,33.4,31.73,33.37,1282402.0,0.028034504004929017,45.49
2009-02-25,33.21,33.24,31.45,32.84,1544794.0,-0.015882529217860153,44.67
2009-02-26,32.8,32.87,32.01,32.2,514384.0,-0.01948842874543244,44.66
2009-02-27,32.14,32.94,31.95,32.51,815480.0,0.009627329192546386,46.35
2009-03-02,31.6,31.88,31.02,31.05,916128.0,-0.04490925868963391,52.65
2009-03-03,30.6,31.89,29.12,29.86,1336453.0,-0.038325281803542666,50.93
2009-03-04,30.6,31.25,30.007,31.05,762329.0,0.03985264567983937,47.56
2009-03-05,30.6,30.8,30.02,30.25,613952.0,-0.025764895330112725,50.17
2009-03-06,31.1,31.33,30.51,30.94,850755.0,0.022809917355371967,49.33
2009-03-09,30.17,31.1161,30.17,30.3,912723.0,-0.02068519715578543,49.68
2009-03-10,31.3,32.02,31.16,31.7,863849.0,0.0462046204620461,44.37
2009-03-11,31.8,31.92,31.33,31.69,590136.0,-0.0003154574132491206,43.61
2009-03-12,30.65,31.34,30.35,31.33,475200.0,-0.011360050489113371,41.18
2009-03-13,31.2,31.55,31.01,31.55,761037.0,0.007022023619533968,42.36
2009-03-16,31.7,31.99,31.42,31.5,470185.0,-0.0015847860538827918,43.74
2009-03-17,31.2,31.85,31.11,31.8,841474.0,0.00952380952380949,40.8
2009-03-18,31.64,32.5,31.05,32.3,631897.0,0.015723270440251458,40.06
2009-03-19,32.25,32.4695,31.88,32.08,807502.0,-0.0068111455108358365,43.68
2009-03-20,32.5,32.65,31.01,31.3,687780.0,-0.0243142144638403,45.89
2009-03-23,32.13,33.13,31.9,33.07,571584.0,0.05654952076677322,43.23
2009-03-24,33.49,33.74,33.07,33.1,482625.0,0.000907166616268551,42.93
2009-03-25,33.55,34.54,33.55,34.06,432045.0,0.029003021148036323,42.25
2009-03-26,33.91,34.3,33.55,34.2,600254.0,0.004110393423370606,40.36
2009-03-27,33.49,33.55,32.8,33.02,579766.0,-0.034502923976608146,41.04
2009-03-30,32.8,32.81,32.25,32.53,392182.0,-0.01483949121744399,45.54
2009-03-31,33.51,33.95,33.4,33.55,1621299.0,0.03135567168767284,44.14
2009-04-01,33.4,34.32,33.25,34.31,802291.0,0.02265275707898673,42.28
2009-04-02,34.65,35.95,34.42,34.5,534081.0,0.005537744097930508,42.04
2009-04-03,33.84,34.2,33.5,34.2,385460.0,-0.008695652173912993,39.7
2009-04-06,34.58,34.66,34.17,34.65,792907.0,0.013157894736842035,40.93
2009-04-07,34.95,35.17,34.56,34.86,2147327.0,0.0060606060606061,40.39
2009-04-08,34.6,34.8,34.24,34.5,1066879.0,-0.0103270223752151,38.85
2009-04-09,34.38,35.04,34.1,34.25,1414338.0,-0.007246376811594235,36.53
2009-04-13,34.21,34.77,34.1,34.65,631182.0,0.011678832116788218,37.81
2009-04-14,34.35,34.58,34.25,34.26,763041.0,-0.011255411255411296,37.67
2009-04-15,34.03,34.14,33.71,34.1,1461297.0,-0.004670169293636839,36.17
2009-04-16,34.05,34.05,33.55,33.75,946899.0,-0.01026392961876832,35.79
2009-04-17,32.9,33.0,32.5,32.75,3445405.0,-0.029629629629629672,33.94
2009-04-20,32.65,32.65,32.2,32.3,1196574.0,-0.013740458015267243,39.18
2009-04-21,31.95,32.55,31.9,32.5,540445.0,0.006191950464396356,37.14
2009-04-22,32.1,32.42,32.0,32.14,506767.0,-0.011076923076923095,38.1
2009-04-23,32.0,32.43,31.83,32.32,1226298.0,0.005600497822028538,37.15
2009-04-24,32.3,32.3,31.85,32.05,810917.0,-0.00835396039603975,36.82
2009-04-27,32.2,32.3,31.55,31.9,652055.0,-0.004680187207488307,38.32
2009-04-28,31.65,32.07,31.56,31.9,673050.0,0.0,37.95
2009-04-29,32.46,33.13,32.46,32.9,336396.0,0.03134796238244508,36.08
2009-04-30,33.0,33.25,32.4,32.45,924516.0,-0.013677811550151797,36.5
2009-05-01,32.6,32.82,32.4,32.6,569074.0,0.0046224961479197635,35.3
2009-05-04,33.78,34.62,33.77,34.62,508161.0,0.061963190184048944,34.53
2009-05-05,34.5,34.5,34.09,34.13,519938.0,-0.014153668399768726,33.36
2009-05-06,34.24,34.52,34.02,34.5,402102.0,0.010840902431878074,32.45
2009-05-07,34.75,35.0,34.5,34.65,783081.0,0.004347826086956497,33.44
2009-05-08,34.91,35.7,34.86,35.65,494138.0,0.02886002886002892,32.05
2009-05-11,35.41,35.59,34.45,35.37,1061056.0,-0.007854137447405374,32.87
2009-05-12,36.05,36.41,35.96,36.28,552450.0,0.02572801809443037,31.8
2009-05-13,36.65,36.73,36.28,36.44,755560.0,0.004410143329658167,33.65
2009-05-14,36.55,37.0,36.5127,36.78,888681.0,0.00933040614709113,31.37
2009-05-15,36.2,37.38,35.7,35.85,428959.0,-0.02528548123980423,33.12
2009-05-18,36.03,36.45,36.01,36.45,675492.0,0.01673640167364021,30.24
2009-05-19,36.21,36.54,36.0,36.38,464455.0,-0.0019204389574759562,28.8
2009-05-20,36.66,37.15,36.45,36.6,513089.0,0.006047278724574001,29.03
2009-05-21,36.84,37.41,36.05,36.49,779665.0,-0.0030054644808743536,31.35
2009-05-22,36.81,36.84,33.6658,36.71,440334.0,0.006029049054535385,32.63
2009-05-26,36.72,37.44,36.58,37.05,519102.0,0.009261781530917945,30.62
2009-05-27,36.45,36.69,35.95,36.1,473907.0,-0.02564102564102555,32.36
2009-05-28,36.1,36.34,35.86,36.25,806391.0,0.0041551246537396835,31.67
2009-05-29,36.29,36.58,35.92,36.47,608828.0,0.006068965517241454,28.92
2009-06-01,36.8,37.1,36.75,36.93,658552.0,0.012613106663010631,30.04
2009-06-02,36.79,37.27,36.7,37.14,623567.0,0.005686433793663737,29.63
2009-06-03,37.1,38.85,36.73,36.95,1250857.0,-0.005115778136779658,31.02
2009-06-04,37.29,37.55,37.2,37.38,640546.0,0.011637347767253114,30.18
2009-06-05,36.28,36.28,35.59,35.79,813648.0,-0.04253611556982351,29.62
2009-06-08,35.45,36.26,35.27,36.21,398506.0,0.011735121542330251,29.77
2009-06-09,36.25,36.59,36.05,36.58,359751.0,0.010218171775752571,28.27
2009-06-10,36.73,37.75,36.11,36.3,886344.0,-0.007654455986878084,28.46
2009-06-11,36.33,36.89,36.33,36.7,322419.0,0.011019283746556585,28.11
2009-06-12,36.2,36.47,36.05,36.44,468663.0,-0.007084468664850241,28.15
2009-06-15,35.75,35.75,35.35,35.63,757736.0,-0.022228320526893386,30.81
2009-06-16,36.0,36.1,35.62,35.75,715159.0,0.003367948358125039,32.68
2009-06-17,35.93,36.18,35.62,36.1,368208.0,0.009790209790209836,31.54
2009-06-18,36.05,36.48,35.95,36.25,684706.0,0.0041551246537396835,30.03
2009-06-19,36.8,37.2,36.8,37.05,251498.0,0.022068965517241246,27.99
2009-06-22,36.9,39.91,36.82,36.84,626394.0,-0.005668016194331771,31.17
2009-06-23,37.95,38.3,37.92,38.29,770049.0,0.039359391965255064,30.58
2009-06-24,37.98,47.4,37.1,37.4,473988.0,-0.02324366675372158,29.05
2009-06-25,36.85,37.69,36.85,37.51,541114.0,0.002941176470588225,26.36
2009-06-26,37.24,37.76,37.18,37.74,630303.0,0.006131698213809766,25.93
2009-06-29,38.0,38.21,37.85,37.95,282756.0,0.00556438791732905,25.35
2009-06-30,37.95,37.98,37.37,37.62,685469.0,-0.008695652173913215,26.35
2009-07-01,38.3,38.75,38.19,38.55,650769.0,0.02472089314194581,26.22
2009-07-02,38.11,38.15,37.68,37.8,243775.0,-0.01945525291828798,27.95
2009-07-06,37.51,38.09,37.49,38.05,415094.0,0.006613756613756516,29.0
2009-07-07,38.38,38.38,37.73,37.76,902746.0,-0.007621550591327186,30.85
2009-07-08,37.94,38.15,37.42,37.7,436533.0,-0.0015889830508473146,31.3
2009-07-09,38.15,38.31,37.89,38.11,356089.0,0.010875331564986546,29.78
2009-07-10,37.5,38.0,37.5,37.73,206291.0,-0.009971136184728446,29.02
2009-07-13,38.03,38.5,37.85,38.5,305623.0,0.020408163265306145,26.31
2009-07-14,38.44,38.44,38.04,38.07,249458.0,-0.011168831168831161,25.02
2009-07-15,39.03,39.6,38.99,39.51,419616.0,0.03782505910165468,25.89
2009-07-16,39.7,40.1,39.62,40.0,583149.0,0.012401923563654771,25.42
2009-07-17,40.2,40.52,40.1,40.4,624330.0,0.010000000000000009,24.34
2009-07-20,40.37,40.46,39.85,40.14,577789.0,-0.006435643564356441,24.4
2009-07-21,40.48,40.54,39.95,40.19,360201.0,0.0012456402590930171,23.87
2009-07-22,39.83,40.39,39.83,40.25,350108.0,0.001492908683752292,23.47
2009-07-23,39.55,40.36,39.54,40.11,380798.0,-0.003478260869565264,23.43
2009-07-24,39.7,40.0,37.89,39.9,552761.0,-0.005235602094240899,23.09
2009-07-27,40.15,40.5,40.15,40.35,301471.0,0.011278195488721776,24.28
2009-07-28,40.53,40.65,40.22,40.64,568589.0,0.0071871127633209575,25.01
2009-07-29,40.15,40.31,39.9,40.09,1484074.0,-0.013533464566929054,25.61
2009-07-30,40.9,40.93,40.57,40.6,307098.0,0.012721376901970505,25.4
2009-07-31,40.73,41.29,40.63,41.08,273172.0,0.011822660098522064,25.92
2009-08-03,40.67,41.44,40.67,41.27,497747.0,0.004625121713729419,25.56
2009-08-04,40.8,41.33,40.75,41.12,494412.0,-0.0036346014053793008,24.89
2009-08-05,41.09,41.1,40.5,40.74,375245.0,-0.009241245136186627,24.9
2009-08-06,41.21,41.3,40.8,41.08,633605.0,0.008345606283750584,25.67
2009-08-07,41.05,41.05,40.68,40.85,460387.0,-0.005598831548198513,24.76
2009-08-10,40.55,40.85,40.25,40.45,508375.0,-0.009791921664626613,24.99
2009-08-11,40.51,40.97,40.32,40.8,926788.0,0.008652657601977642,25.99
2009-08-12,39.1,40.75,39.0,39.45,2490081.0,-0.03308823529411753,25.45
2009-08-13,38.88,38.96,38.6,38.78,1194529.0,-0.016983523447401838,24.71
2009-08-14,39.49,39.56,38.95,39.41,627083.0,0.016245487364620725,24.27
2009-08-17,38.75,38.97,38.5,38.82,585967.0,-0.014970819588936757,27.89
2009-08-18,38.93,39.31,38.93,39.15,445890.0,0.008500772797527034,26.18
2009-08-19,39.45,40.49,39.4,40.27,1073845.0,0.028607918263090726,26.26
2009-08-20,40.19,40.57,40.15,40.35,656976.0,0.001986590514030162,25.09
2009-08-21,40.82,41.12,40.75,41.0,281225.0,0.016109045848822667,25.01
2009-08-24,41.05,41.15,40.76,40.9,356885.0,-0.0024390243902439046,25.14
2009-08-25,40.95,41.04,40.6,40.6,263063.0,-0.007334963325183352,24.92
2009-08-26,40.54,40.54,40.0,40.3,427031.0,-0.007389162561576512,24.95
2009-08-27,40.0,40.85,39.53,40.54,971739.0,0.005955334987593153,24.68
2009-08-28,41.15,41.35,40.3,40.32,622416.0,-0.005426739023186911,24.76
2009-08-31,41.0,41.67,40.87,41.45,803268.0,0.028025793650793718,26.01
2009-09-01,41.11,41.55,40.76,41.1,1296767.0,-0.008443908323281124,29.15
2009-09-02,40.91,41.3,40.85,41.1,807261.0,0.0,28.9
2009-09-03,40.89,41.09,40.7,40.8,643937.0,-0.007299270072992803,27.1
2009-09-04,40.35,41.18,40.31,41.01,430236.0,0.0051470588235293935,25.26
2009-09-08,41.68,41.9,41.61,41.75,1168140.0,0.018044379419653866,25.62
2009-09-09,41.4,41.7,41.35,41.56,2611742.0,-0.004550898203592779,24.32
2009-09-10,41.5,41.84,41.155,41.75,542146.0,0.004571703561116358,23.55
2009-09-11,42.12,42.35,41.95,42.06,449133.0,0.007425149700598821,24.15
2009-09-14,41.87,42.4,41.87,42.4,317770.0,0.008083689966714047,23.86
2009-09-15,41.77,42.11,41.6,41.8,611850.0,-0.014150943396226467,23.42
2009-09-16,42.1,42.45,41.95,42.45,697947.0,0.01555023923444998,23.69
2009-09-17,42.45,42.805,42.36,42.6,834778.0,0.0035335689045936647,23.65
2009-09-18,42.9,43.2,42.8,43.02,706043.0,0.009859154929577452,23.92
2009-09-21,42.41,43.0,42.26,42.93,828349.0,-0.0020920502092051096,24.06
2009-09-22,43.55,43.65,42.7,42.76,692440.0,-0.00395993477754486,23.08
2009-09-23,43.15,43.42,42.72,42.89,475075.0,0.0030402245088869684,23.49
2009-09-24,43.1,43.13,42.3,42.5,516342.0,-0.009093028678013537,24.95
2009-09-25,42.82,43.05,42.55,42.68,258232.0,0.004235294117647115,25.61
2009-09-28,42.15,42.75,42.15,42.43,271947.0,-0.005857544517338331,24.88
2009-09-29,42.35,42.53,42.1,42.44,294510.0,0.0002356823002591657,25.19
2009-09-30,42.48,42.8,42.06,42.69,535886.0,0.005890669180018904,25.61
2009-10-01,42.19,42.25,42.03,42.12,362607.0,-0.013352073085031613,28.27
2009-10-02,41.75,42.11,41.68,41.72,620620.0,-0.009496676163342821,28.68
2009-10-05,41.8,42.15,41.74,42.07,471569.0,0.00838926174496657,26.84
2009-10-06,42.56,42.9,42.46,42.62,372728.0,0.013073449013548677,25.7
2009-10-07,42.0,42.38,41.9,42.0,390612.0,-0.014547160957297023,24.68
2009-10-08,42.0,42.37,41.85,42.08,562571.0,0.0019047619047618536,24.18
2009-10-09,41.7,41.85,41.6,41.63,405616.0,-0.010693916349809762,23.12
2009-10-12,42.57,43.07,42.57,42.65,257023.0,0.02450156137400894,23.01
2009-10-13,42.89,43.15,42.65,42.75,558354.0,0.0023446658851113966,22.99
2009-10-14,42.95,43.05,42.61,43.01,740663.0,0.006081871345029244,22.86
2009-10-15,42.55,43.05,42.5,43.0,504068.0,-0.00023250406882113772,21.72
2009-10-16,42.53,43.0,42.35,42.61,263733.0,-0.009069767441860499,21.43
2009-10-19,44.15,44.55,44.11,44.3,326202.0,0.039662051161699186,21.49
2009-10-20,45.3,45.32,44.57,44.83,683732.0,0.011963882618510224,20.9
2009-10-21,45.15,46.0,44.9,45.15,1173769.0,0.007138077180459446,22.22
2009-10-22,46.65,46.75,45.9,46.51,850550.0,0.030121816168327875,20.69
2009-10-23,46.6,46.65,45.99,46.05,651706.0,-0.009890346162115704,22.27
2009-10-26,46.12,46.48,45.49,45.65,853355.0,-0.008686210640608039,24.31
2009-10-27,46.0,46.41,45.83,46.25,742550.0,0.013143483023001057,24.83
2009-10-28,46.31,46.35,45.72,45.8,394601.0,-0.009729729729729741,27.91
2009-10-29,46.05,47.25,46.05,47.05,558248.0,0.02729257641921401,24.76
2009-10-30,47.5,47.6,46.42,46.52,389479.0,-0.011264612114771366,30.69
2009-11-02,47.08,47.65,46.77,47.05,821484.0,0.01139294926913137,29.78
2009-11-03,45.88,46.3,45.81,46.23,567770.0,-0.01742826780021256,28.81
2009-11-04,46.3,46.7,46.23,46.31,362575.0,0.0017304780445599466,27.72
2009-11-05,47.06,47.5,47.02,47.2,638307.0,0.019218311379831654,25.43
2009-11-06,46.66,47.2463,46.66,46.88,1941991.0,-0.006779661016949157,24.19
2009-11-09,47.32,47.74,47.24,47.62,248907.0,0.015784982935153513,23.15
2009-11-10,47.8,48.11,47.72,47.96,344835.0,0.007139857202856037,22.84
2009-11-11,48.01,48.06,47.38,47.68,1551344.0,-0.005838198498749003,23.04
2009-11-12,47.1,47.15,46.58,46.7,352510.0,-0.020553691275167707,24.24
2009-11-13,46.5,47.13,46.3,46.97,384156.0,0.005781584582440935,23.36
2009-11-16,47.42,47.65,47.15,47.51,236214.0,0.011496700021290218,22.89
2009-11-17,47.67,47.67,47.21,47.55,411635.0,0.0008419280151545916,22.41
2009-11-18,48.17,48.25,47.58,47.8,437495.0,0.00525762355415349,21.63
2009-11-19,47.18,47.26,46.78,47.25,453529.0,-0.011506276150627603,22.63
2009-11-20,46.8,50.19,46.8,47.11,324481.0,-0.002962962962962945,22.19
2009-11-23,47.85,47.98,47.67,47.73,651603.0,0.013160687752069578,21.16
2009-11-24,47.96,48.2409,47.64,47.87,578052.0,0.0029331657238633735,20.47
2009-11-25,48.59,48.97,48.42,48.88,2467712.0,0.02109880927512031,20.48
2009-11-27,47.35,48.4,47.2,48.34,1025111.0,-0.01104746317512273,24.85
2009-11-30,47.63,48.03,47.15,47.42,1298146.0,-0.019031857674803532,24.51
2009-12-01,48.38,48.73,48.35,48.52,608280.0,0.0231969633066218,21.92
2009-12-02,49.04,49.2,48.87,49.07,695668.0,0.011335531739488758,21.12
2009-12-03,49.91,50.0,49.06,49.64,642242.0,0.011616058691664932,22.46
2009-12-04,49.52,49.62,48.94,49.27,1476565.0,-0.0074536663980659945,21.25
2009-12-07,48.72,49.15,48.7,48.86,567967.0,-0.00832149380962055,22.1
2009-12-08,48.27,48.27,47.32,47.5,688005.0,-0.027834629553827206,23.69
2009-12-09,47.65,47.82,47.36,47.71,440969.0,0.004421052631578881,22.66
2009-12-10,48.77,48.85,48.47,48.52,693714.0,0.016977572835883414,22.32
2009-12-11,48.55,48.65,48.33,48.48,364233.0,-0.0008244023083265883,21.59
2009-12-14,48.3,48.44,48.1,48.39,391748.0,-0.0018564356435643026,21.15
2009-12-15,48.05,48.18,48.01,48.18,521180.0,-0.004339739615623062,21.49
2009-12-16,48.07,48.35,48.0,48.05,420963.0,-0.002698215026982198,20.54
2009-12-17,47.6,47.6844,47.1,47.44,905328.0,-0.012695109261186222,22.51
2009-12-18,47.9,48.0,47.63,48.0,551946.0,0.01180438448566612,21.68
2009-12-21,48.0,48.45,48.0,48.18,439888.0,0.00374999999999992,20.49
2009-12-22,48.56,48.81,48.3,48.71,570844.0,0.011000415110004269,19.54
2009-12-23,48.95,49.18,48.62,49.1,381756.0,0.008006569492917226,19.71
2009-12-24,49.3,49.35,49.07,49.21,189570.0,0.002240325865580539,19.47
2009-12-28,49.0,49.1,48.8,48.88,280521.0,-0.006705954074375131,19.93
2009-12-29,49.11,49.22,48.8,49.03,324066.0,0.0030687397708673014,20.01
2009-12-30,48.27,48.43,48.02,48.28,321210.0,-0.015296757087497448,19.96
2009-12-31,48.6,48.8,48.3,48.35,282430.0,0.0014498757249379324,21.68
2010-01-04,49.45,49.64,49.25,49.54,447274.0,0.02461220268872788,20.04
2010-01-05,48.38,48.39,48.01,48.2,655124.0,-0.027048849414614384,19.35
2010-01-06,47.57,48.05,47.36,47.6,954029.0,-0.012448132780083054,19.16
2010-01-07,47.1,47.22,46.75,46.98,995389.0,-0.013025210084033678,19.06
2010-01-08,47.6,48.13,47.35,48.07,624145.0,0.023201362281822124,18.13
2010-01-11,48.39,48.41,48.08,48.27,872318.0,0.004160599126274311,17.55
2010-01-12,47.92,48.18,47.8,47.88,708839.0,-0.00807955251709136,18.25
2010-01-13,48.22,48.29,47.8,48.05,2315663.0,0.003550543024227082,17.85
2010-01-14,48.36,48.6,48.24,48.53,419918.0,0.009989594172736815,17.63
2010-01-15,48.1,48.13,47.7,47.95,575254.0,-0.011951370286420682,17.91
2010-01-19,48.55,49.64,46.75,48.65,16175185.0,0.014598540145985384,17.58
2010-01-20,48.55,49.64,46.75,48.12,16561281.0,-0.010894141829393633,18.68
2010-01-21,48.55,49.64,46.75,48.8,17850283.0,0.01413133832086455,22.27
2010-01-22,48.55,49.64,46.75,48.02,18288548.0,-0.01598360655737696,27.31
2010-01-25,48.55,49.64,46.75,48.31,19025161.0,0.0060391503540191405,25.41
2010-01-26,48.55,49.64,46.75,47.62,19497333.0,-0.01428275719312777,24.55
2010-01-27,48.55,49.64,46.75,48.37,20030737.0,0.01574968500629992,23.14
2010-01-28,48.55,49.64,46.75,48.4,20846692.0,0.0006202191440976002,23.73
2010-01-29,48.55,49.64,46.75,47.51,22316408.0,-0.018388429752066116,24.62
2010-02-01,48.55,49.64,46.75,48.15,22871662.0,0.013470848242475242,22.59
2010-02-02,48.55,49.64,46.75,48.39,24252115.0,0.004984423676012595,21.48
2010-02-03,48.55,49.64,46.75,48.24,24829872.0,-0.0030998140111593298,21.6
2010-02-04,48.55,49.64,46.43,46.45,25605059.0,-0.03710613598673296,26.08
2010-02-05,48.55,49.64,44.43,45.15,26277755.0,-0.027987082884822434,26.11
2010-02-08,48.55,49.64,44.43,45.8,27797821.0,0.01439645625692143,26.51
2010-02-09,48.55,49.64,44.43,46.46,28198002.0,0.014410480349345,26.0
2010-02-10,48.55,49.64,44.43,46.0,28566960.0,-0.00990099009900991,25.4
2010-02-11,48.55,49.64,44.43,46.74,28883736.0,0.016086956521739193,23.96
2010-02-12,48.55,49.64,44.43,46.75,29577403.0,0.00021394950791608913,22.73
2010-02-16,48.55,49.64,44.43,47.56,29950940.0,0.017326203208556157,22.25
2010-02-17,48.55,49.64,44.43,47.55,30521688.0,-0.00021026072329699552,21.72
2010-02-18,48.55,49.64,44.43,47.35,31174837.0,-0.004206098843322681,20.63
2010-02-19,48.55,49.64,44.43,48.8,32084746.0,0.03062302006335793,20.02
2010-02-22,48.55,49.64,44.43,48.7,32386105.0,-0.002049180327868716,19.94
2010-02-23,48.55,49.64,44.43,48.6,33071470.0,-0.002053388090349051,21.37
2010-02-24,48.55,49.7,44.43,49.4,33454661.0,0.016460905349794164,20.27
2010-02-25,48.55,49.7,44.43,49.19,33805102.0,-0.004251012145748967,20.1
2010-02-26,48.55,50.0,44.43,49.74,34297585.0,0.011181134376905932,19.5
2010-03-01,48.55,50.0,44.43,49.94,34660827.0,0.004020908725371752,19.26
2010-03-02,48.55,50.55,44.43,50.45,35075631.0,0.010212254705646906,19.06
2010-03-03,48.55,50.55,44.43,49.74,35428218.0,-0.014073339940535168,18.83
2010-03-04,48.55,50.55,44.43,50.13,36466967.0,0.007840772014475306,18.72
2010-03-05,48.55,50.55,44.43,49.43,36914985.0,-0.013963694394574122,17.42
2010-03-08,48.55,50.55,44.43,49.41,37397295.0,-0.0004046125834513692,17.79
2010-03-09,48.55,50.55,44.43,49.83,37626987.0,0.00850030358227083,17.92
2010-03-10,48.55,50.55,44.43,50.21,38054285.0,0.0076259281557296,18.57
2010-03-11,48.55,50.55,44.43,50.43,39240135.0,0.004381597291376105,18.06
2010-03-12,48.55,56.7,44.43,50.82,40360836.0,0.007733491969066142,17.58
2010-03-15,48.55,56.7,44.43,50.82,0.0,0.0,18.0
2010-03-16,48.55,56.7,44.43,50.82,0.0,0.0,17.69
2010-03-17,48.55,56.7,44.43,50.82,0.0,0.0,16.91
2010-03-18,48.55,56.7,44.43,50.82,0.0,0.0,16.62
2010-03-19,48.55,56.7,44.43,50.82,0.0,0.0,16.97
2010-03-22,48.55,56.7,44.43,50.82,0.0,0.0,16.87
2010-03-23,48.55,56.7,44.43,50.82,0.0,0.0,16.35
2010-03-24,48.55,56.7,44.43,50.82,0.0,0.0,17.55
2010-03-25,48.55,56.7,44.43,50.82,0.0,0.0,18.4
2010-03-26,48.55,56.7,44.43,50.82,0.0,0.0,17.77
2010-03-29,48.55,56.7,44.43,50.82,0.0,0.0,17.59
2010-03-30,48.55,56.7,44.43,50.82,0.0,0.0,17.13
2010-03-31,48.55,56.7,44.43,50.82,0.0,0.0,17.59
2010-04-01,48.55,56.7,44.43,50.82,0.0,0.0,17.47
2010-04-05,48.55,56.7,44.43,50.82,0.0,0.0,17.02
2010-04-06,48.55,56.7,44.43,50.82,0.0,0.0,16.23
2010-04-07,48.55,56.7,44.43,50.82,0.0,0.0,16.62
2010-04-08,48.55,56.7,44.43,50.82,0.0,0.0,16.48
2010-04-09,48.55,56.7,44.43,50.82,0.0,0.0,16.14
2010-04-12,48.55,56.7,44.43,50.82,0.0,0.0,15.58
2010-04-13,48.55,56.7,44.43,50.82,0.0,0.0,16.2
2010-04-14,48.55,56.7,44.43,50.82,0.0,0.0,15.59
2010-04-15,48.55,56.7,44.43,50.82,0.0,0.0,15.89
2010-04-16,48.55,56.7,44.43,50.82,0.0,0.0,18.36
2010-04-19,48.55,56.7,44.43,50.82,0.0,0.0,17.34
2010-04-20,48.55,56.7,44.43,50.82,0.0,0.0,15.73
2010-04-21,48.55,56.7,44.43,50.82,0.0,0.0,16.32
2010-04-22,48.55,56.7,44.43,50.82,0.0,0.0,16.47
2010-04-23,48.55,56.7,44.43,50.82,0.0,0.0,16.62
2010-04-26,48.55,56.7,44.43,50.82,0.0,0.0,17.47
2010-04-27,48.55,56.7,44.43,50.82,0.0,0.0,22.81
2010-04-28,48.55,56.7,44.43,50.82,0.0,0.0,21.08
2010-04-29,48.55,56.7,44.43,50.82,0.0,0.0,18.44
2010-04-30,48.55,56.7,44.43,50.82,0.0,0.0,22.05
2010-05-03,48.55,56.7,44.43,50.82,0.0,0.0,20.19
2010-05-04,48.55,56.7,44.43,50.82,0.0,0.0,23.84
2010-05-05,48.55,56.7,44.43,50.82,0.0,0.0,24.91
2010-05-06,48.55,56.7,44.43,50.82,0.0,0.0,32.8
2010-05-07,48.55,56.7,44.43,50.82,0.0,0.0,40.95
2010-05-10,48.55,56.7,44.43,50.82,0.0,0.0,28.84
2010-05-11,48.55,56.7,44.43,50.82,0.0,0.0,28.32
2010-05-12,48.55,56.7,44.43,50.82,0.0,0.0,25.52
2010-05-13,48.55,56.7,44.43,50.82,0.0,0.0,26.68
2010-05-14,48.55,56.7,44.43,50.82,0.0,0.0,31.24
2010-05-17,48.55,56.7,44.43,50.82,0.0,0.0,30.84
2010-05-18,48.55,56.7,44.43,50.82,0.0,0.0,33.55
2010-05-19,48.55,56.7,44.43,50.82,0.0,0.0,35.32
2010-05-20,48.55,56.7,44.43,50.82,0.0,0.0,45.79
2010-05-21,48.55,56.7,44.43,50.82,0.0,0.0,40.1
2010-05-24,48.55,56.7,44.43,50.82,0.0,0.0,38.32
2010-05-25,48.55,56.7,44.43,50.82,0.0,0.0,34.61
2010-05-26,48.55,56.7,44.43,50.82,0.0,0.0,35.02
2010-05-27,48.55,56.7,44.43,50.82,0.0,0.0,29.68
2010-05-28,48.55,56.7,44.43,50.82,0.0,0.0,32.07
2010-06-01,48.55,56.7,44.43,50.82,0.0,0.0,35.54
2010-06-02,48.55,56.7,44.43,50.82,0.0,0.0,30.17
2010-06-03,48.55,56.7,44.43,50.82,0.0,0.0,29.46
2010-06-04,48.55,56.7,44.43,50.82,0.0,0.0,35.48
2010-06-07,48.55,56.7,44.43,50.82,0.0,0.0,36.57
2010-06-08,48.55,56.7,44.43,50.82,0.0,0.0,33.7
2010-06-09,48.55,56.7,44.43,50.82,0.0,0.0,33.73
2010-06-10,48.55,56.7,44.43,50.82,0.0,0.0,30.57
2010-06-11,48.55,56.7,44.43,50.82,0.0,0.0,28.79
2010-06-14,48.55,56.7,44.43,50.82,0.0,0.0,28.58
2010-06-15,48.55,56.7,44.43,50.82,0.0,0.0,25.87
2010-06-16,48.55,56.7,44.43,50.82,0.0,0.0,25.92
2010-06-17,48.55,56.7,44.43,50.82,0.0,0.0,25.05
2010-06-18,48.55,56.7,44.43,50.82,0.0,0.0,23.95
2010-06-21,48.55,56.7,44.43,50.82,0.0,0.0,24.88
2010-06-22,48.55,56.7,44.43,50.82,0.0,0.0,27.05
2010-06-23,48.55,56.7,44.43,50.82,0.0,0.0,26.91
2010-06-24,48.55,56.7,44.43,50.82,0.0,0.0,29.74
2010-06-25,48.55,56.7,44.43,50.82,0.0,0.0,28.53
2010-06-28,48.55,56.7,44.43,50.82,0.0,0.0,29.0
2010-06-29,48.55,56.7,44.43,50.82,0.0,0.0,34.13
2010-06-30,48.55,56.7,44.43,50.82,0.0,0.0,34.54
2010-07-01,48.55,56.7,44.43,50.82,0.0,0.0,32.86
2010-07-02,48.55,56.7,44.43,50.82,0.0,0.0,30.12
2010-07-06,48.55,56.7,44.43,50.82,0.0,0.0,29.65
2010-07-07,48.55,56.7,44.43,50.82,0.0,0.0,26.84
2010-07-08,48.55,56.7,44.43,50.82,0.0,0.0,25.71
2010-07-09,48.55,56.7,44.43,50.82,0.0,0.0,24.98
2010-07-12,48.55,56.7,44.43,50.82,0.0,0.0,24.43
2010-07-13,48.55,56.7,44.43,50.82,0.0,0.0,24.56
2010-07-14,48.55,56.7,44.43,50.82,0.0,0.0,24.89
2010-07-15,48.55,56.7,44.43,50.82,0.0,0.0,25.14
2010-07-16,48.55,56.7,44.43,50.82,0.0,0.0,26.25
2010-07-19,48.55,56.7,44.43,50.82,0.0,0.0,25.97
2010-07-20,48.55,56.7,44.43,50.82,0.0,0.0,23.93
2010-07-21,48.55,56.7,44.43,50.82,0.0,0.0,25.64
2010-07-22,48.55,56.7,44.43,50.82,0.0,0.0,24.63
2010-07-23,48.55,56.7,44.43,50.82,0.0,0.0,23.47
2010-07-26,48.55,56.7,44.43,50.82,0.0,0.0,22.73
2010-07-27,48.55,56.7,44.43,50.82,0.0,0.0,23.19
2010-07-28,48.55,56.7,44.43,50.82,0.0,0.0,24.25
2010-07-29,48.55,56.7,44.43,50.82,0.0,0.0,24.13
2010-07-30,48.55,56.7,44.43,50.82,0.0,0.0,23.5
2010-08-02,48.55,56.7,44.43,50.82,0.0,0.0,22.01
2010-08-03,48.55,56.7,44.43,50.82,0.0,0.0,22.63
2010-08-04,48.55,56.7,44.43,50.82,0.0,0.0,22.21
2010-08-05,48.55,56.7,44.43,50.82,0.0,0.0,22.1
2010-08-06,48.55,56.7,44.43,50.82,0.0,0.0,21.74
2010-08-09,48.55,56.7,44.43,50.82,0.0,0.0,22.14
2010-08-10,48.55,56.7,44.43,50.82,0.0,0.0,22.37
2010-08-11,48.55,56.7,44.43,50.82,0.0,0.0,25.39
2010-08-12,48.55,56.7,44.43,50.82,0.0,0.0,25.73
2010-08-13,48.55,56.7,44.43,50.82,0.0,0.0,26.24
2010-08-16,48.55,56.7,44.43,50.82,0.0,0.0,26.1
2010-08-17,48.55,56.7,44.43,50.82,0.0,0.0,24.33
2010-08-18,48.55,56.7,44.43,50.82,0.0,0.0,24.59
2010-08-19,48.55,56.7,44.43,50.82,0.0,0.0,26.44
2010-08-20,48.55,56.7,44.43,50.82,0.0,0.0,25.49
2010-08-23,48.55,56.7,44.43,50.82,0.0,0.0,25.66
2010-08-24,48.55,56.7,44.43,50.82,0.0,0.0,27.46
2010-08-25,48.55,56.7,44.43,50.82,0.0,0.0,26.7
2010-08-26,48.55,56.7,44.43,50.82,0.0,0.0,27.37
2010-08-27,48.55,56.7,44.43,50.82,0.0,0.0,24.45
2010-08-30,48.55,56.7,44.43,50.82,0.0,0.0,27.21
2010-08-31,48.55,56.7,44.43,50.82,0.0,0.0,26.05
2010-09-01,48.55,56.7,44.43,50.82,0.0,0.0,23.89
2010-09-02,48.55,56.7,44.43,50.82,0.0,0.0,23.19
2010-09-03,48.55,56.7,44.43,50.82,0.0,0.0,21.31
2010-09-07,48.55,56.7,44.43,50.82,0.0,0.0,23.8
2010-09-08,48.55,56.7,44.43,50.82,0.0,0.0,23.25
2010-09-09,48.55,56.7,44.43,50.82,0.0,0.0,22.81
2010-09-10,48.55,56.7,44.43,50.82,0.0,0.0,21.99
2010-09-13,48.55,56.7,44.43,50.82,0.0,0.0,21.21
2010-09-14,48.55,56.7,44.43,50.82,0.0,0.0,21.56
2010-09-15,48.55,56.7,44.43,50.82,0.0,0.0,22.1
2010-09-16,48.55,56.7,44.43,50.82,0.0,0.0,21.72
2010-09-17,48.55,56.7,44.43,50.82,0.0,0.0,22.01
2010-09-20,48.55,56.7,44.43,50.82,0.0,0.0,21.5
2010-09-21,48.55,56.7,44.43,50.82,0.0,0.0,22.35
2010-09-22,48.55,56.7,44.43,50.82,0.0,0.0,22.51
2010-09-23,48.55,56.7,44.43,50.82,0.0,0.0,23.87
2010-09-24,48.55,56.7,44.43,50.82,0.0,0.0,21.71
2010-09-27,48.55,56.7,44.43,50.82,0.0,0.0,22.54
2010-09-28,48.55,56.7,44.43,50.82,0.0,0.0,22.6
2010-09-29,48.55,56.7,44.43,50.82,0.0,0.0,23.25
2010-09-30,48.55,56.7,44.43,50.82,0.0,0.0,23.7
2010-10-01,48.55,56.7,44.43,50.82,0.0,0.0,22.5
2010-10-04,48.55,56.7,44.43,50.82,0.0,0.0,23.53
2010-10-05,48.55,56.7,44.43,50.82,0.0,0.0,21.76
2010-10-06,48.55,56.7,44.43,50.82,0.0,0.0,21.49
2010-10-07,48.55,56.7,44.43,50.82,0.0,0.0,21.56
2010-10-08,48.55,56.7,44.43,50.82,0.0,0.0,20.71
2010-10-11,48.55,56.7,44.43,50.82,0.0,0.0,18.96
2010-10-12,48.55,56.7,44.43,50.82,0.0,0.0,18.93
2010-10-13,48.55,56.7,44.43,50.82,0.0,0.0,19.07
2010-10-14,48.55,56.7,44.43,50.82,0.0,0.0,19.88
2010-10-15,48.55,56.7,44.43,50.82,0.0,0.0,19.03
2010-10-18,48.55,56.7,44.43,50.82,0.0,0.0,19.09
2010-10-19,48.55,56.7,44.43,50.82,0.0,0.0,20.63
2010-10-20,48.55,56.7,44.43,50.82,0.0,0.0,19.79
2010-10-21,48.55,56.7,44.43,50.82,0.0,0.0,19.27
2010-10-22,48.55,56.7,44.43,50.82,0.0,0.0,18.78
2010-10-25,48.55,56.7,44.43,50.82,0.0,0.0,19.85
2010-10-26,48.55,56.7,44.43,50.82,0.0,0.0,20.22
2010-10-27,48.55,56.7,44.43,50.82,0.0,0.0,20.71
2010-10-28,48.55,56.7,44.43,50.82,0.0,0.0,20.88
2010-10-29,48.55,56.7,44.43,50.82,0.0,0.0,21.2
2010-11-01,48.55,56.7,44.43,50.82,0.0,0.0,21.83
2010-11-02,48.55,56.7,44.43,50.82,0.0,0.0,21.57
2010-11-03,48.55,56.7,44.43,50.82,0.0,0.0,19.56
2010-11-04,48.55,56.7,44.43,50.82,0.0,0.0,18.52
2010-11-05,48.55,56.7,44.43,50.82,0.0,0.0,18.26
2010-11-08,48.55,56.7,44.43,50.82,0.0,0.0,18.29
2010-11-09,48.55,56.7,44.43,50.82,0.0,0.0,19.08
2010-11-10,48.55,56.7,44.43,50.82,0.0,0.0,18.47
2010-11-11,48.55,56.7,44.43,50.82,0.0,0.0,18.64
2010-11-12,48.55,56.7,44.43,50.82,0.0,0.0,20.61
2010-11-15,48.55,56.7,44.43,50.82,0.0,0.0,20.2
2010-11-16,48.55,56.7,44.43,50.82,0.0,0.0,22.58
2010-11-17,48.55,56.7,44.43,50.82,0.0,0.0,21.76
2010-11-18,48.55,56.7,44.43,50.82,0.0,0.0,18.75
2010-11-19,48.55,56.7,44.43,50.82,0.0,0.0,18.04
2010-11-22,48.55,56.7,44.43,50.82,0.0,0.0,18.37
2010-11-23,48.55,56.7,44.43,50.82,0.0,0.0,20.63
2010-11-24,48.55,56.7,44.43,50.82,0.0,0.0,19.56
2010-11-26,48.55,56.7,44.43,50.82,0.0,0.0,22.22
2010-11-29,48.55,56.7,44.43,50.82,0.0,0.0,21.53
2010-11-30,48.55,56.7,44.43,50.82,0.0,0.0,23.54
2010-12-01,48.55,56.7,44.43,50.82,0.0,0.0,21.36
2010-12-02,48.55,56.7,44.43,50.82,0.0,0.0,19.39
2010-12-03,48.55,56.7,44.43,50.82,0.0,0.0,18.01
2010-12-06,48.55,56.7,44.43,50.82,0.0,0.0,18.02
2010-12-07,48.55,56.7,44.43,50.82,0.0,0.0,17.99
2010-12-08,48.55,56.7,44.43,50.82,0.0,0.0,17.74
2010-12-09,48.55,56.7,44.43,50.82,0.0,0.0,17.25
2010-12-10,48.55,56.7,44.43,50.82,0.0,0.0,17.61
2010-12-13,48.55,56.7,44.43,50.82,0.0,0.0,17.55
2010-12-14,48.55,56.7,44.43,50.82,0.0,0.0,17.61
2010-12-15,48.55,56.7,44.43,50.82,0.0,0.0,17.94
2010-12-16,48.55,56.7,44.43,50.82,0.0,0.0,17.39
2010-12-17,48.55,56.7,44.43,50.82,0.0,0.0,16.11
2010-12-20,48.55,56.7,44.43,50.82,0.0,0.0,16.41
2010-12-21,48.55,56.7,44.43,50.82,0.0,0.0,16.49
2010-12-22,48.55,56.7,44.43,50.82,0.0,0.0,15.45
2010-12-23,48.55,56.7,44.43,50.82,0.0,0.0,16.47
2010-12-27,48.55,56.7,44.43,50.82,0.0,0.0,17.67
2010-12-28,48.55,56.7,44.43,50.82,0.0,0.0,17.52
2010-12-29,48.55,56.7,44.43,50.82,0.0,0.0,17.28
2010-12-30,48.55,56.7,44.43,50.82,0.0,0.0,17.52
2010-12-31,48.55,56.7,44.43,50.82,0.0,0.0,17.75
2011-01-03,48.55,56.7,44.43,50.82,0.0,0.0,17.61
2011-01-04,48.55,56.7,44.43,50.82,0.0,0.0,17.38
2011-01-05,48.55,56.7,44.43,50.82,0.0,0.0,17.02
2011-01-06,48.55,56.7,44.43,50.82,0.0,0.0,17.4
2011-01-07,48.55,56.7,44.43,50.82,0.0,0.0,17.14
2011-01-10,48.55,56.7,44.43,50.82,0.0,0.0,17.54
2011-01-11,48.55,56.7,44.43,50.82,0.0,0.0,16.89
2011-01-12,48.55,56.7,44.43,50.82,0.0,0.0,16.24
2011-01-13,48.55,56.7,44.43,50.82,0.0,0.0,16.39
2011-01-14,48.55,56.7,44.43,50.82,0.0,0.0,15.46
2011-01-18,48.55,56.7,44.43,50.82,0.0,0.0,15.87
2011-01-19,48.55,56.7,44.43,50.82,0.0,0.0,17.31
2011-01-20,48.55,56.7,44.43,50.82,0.0,0.0,17.99
2011-01-21,48.55,56.7,44.43,50.82,0.0,0.0,18.47
2011-01-24,48.55,56.7,44.43,50.82,0.0,0.0,17.65
2011-01-25,48.55,56.7,44.43,50.82,0.0,0.0,17.59
2011-01-26,48.55,56.7,44.43,50.82,0.0,0.0,16.64
2011-01-27,48.55,56.7,44.43,50.82,0.0,0.0,16.15
2011-01-28,48.55,56.7,44.43,50.82,0.0,0.0,20.04
2011-01-31,48.55,56.7,44.43,50.82,0.0,0.0,19.53
2011-02-01,48.55,56.7,44.43,50.82,0.0,0.0,17.63
2011-02-02,48.55,56.7,44.43,50.82,0.0,0.0,17.3
2011-02-03,48.55,56.7,44.43,50.82,0.0,0.0,16.69
2011-02-04,48.55,56.7,44.43,50.82,0.0,0.0,15.93
2011-02-07,48.55,56.7,44.43,50.82,0.0,0.0,16.28
2011-02-08,48.55,56.7,44.43,50.82,0.0,0.0,15.81
2011-02-09,48.55,56.7,44.43,50.82,0.0,0.0,15.87
2011-02-10,48.55,56.7,44.43,50.82,0.0,0.0,16.09
2011-02-11,48.55,56.7,44.43,50.82,0.0,0.0,15.69
2011-02-14,48.55,56.7,44.43,50.82,0.0,0.0,15.95
2011-02-15,48.55,56.7,44.43,50.82,0.0,0.0,16.37
2011-02-16,48.55,56.7,44.43,50.82,0.0,0.0,16.72
2011-02-17,48.55,56.7,44.43,50.82,0.0,0.0,16.59
2011-02-18,48.55,56.7,44.43,50.82,0.0,0.0,16.43
2011-02-22,48.55,56.7,44.43,50.82,0.0,0.0,20.8
2011-02-23,48.55,56.7,44.43,50.82,0.0,0.0,22.13
2011-02-24,48.55,56.7,44.43,50.82,0.0,0.0,21.32
2011-02-25,48.55,56.7,44.43,50.82,0.0,0.0,19.22
2011-02-28,48.55,56.7,44.43,50.82,0.0,0.0,18.35
2011-03-01,48.55,56.7,44.43,50.82,0.0,0.0,21.01
2011-03-02,48.55,56.7,44.43,50.82,0.0,0.0,20.7
2011-03-03,48.55,56.7,44.43,50.82,0.0,0.0,18.6
2011-03-04,48.55,56.7,44.43,50.82,0.0,0.0,19.06
2011-03-07,48.55,56.7,44.43,50.82,0.0,0.0,20.66
2011-03-08,48.55,56.7,44.43,50.82,0.0,0.0,19.82
2011-03-09,48.55,56.7,44.43,50.82,0.0,0.0,20.22
2011-03-10,48.55,56.7,44.43,50.82,0.0,0.0,21.88
2011-03-11,48.55,56.7,44.43,50.82,0.0,0.0,20.08
2011-03-14,48.55,56.7,44.43,50.82,0.0,0.0,21.13
2011-03-15,48.55,56.7,44.43,50.82,0.0,0.0,24.32
2011-03-16,48.55,56.7,44.43,50.82,0.0,0.0,29.4
2011-03-17,48.55,56.7,44.43,50.82,0.0,0.0,26.37
2011-03-18,48.55,56.7,44.43,50.82,0.0,0.0,24.44
2011-03-21,48.55,56.7,44.43,50.82,0.0,0.0,20.61
2011-03-22,48.55,56.7,44.43,50.82,0.0,0.0,20.21
2011-03-23,48.55,56.7,44.43,50.82,0.0,0.0,19.17
2011-03-24,48.55,56.7,44.43,50.82,0.0,0.0,18.0
2011-03-25,48.55,56.7,44.43,50.82,0.0,0.0,17.91
2011-03-28,48.55,56.7,44.43,50.82,0.0,0.0,19.44
2011-03-29,48.55,56.7,44.43,50.82,0.0,0.0,18.16
2011-03-30,48.55,56.7,44.43,50.82,0.0,0.0,17.71
2011-03-31,48.55,56.7,44.43,50.82,0.0,0.0,17.74
2011-04-01,48.55,56.7,44.43,50.82,0.0,0.0,17.4
2011-04-04,48.55,56.7,44.43,50.82,0.0,0.0,17.5
2011-04-05,48.55,56.7,44.43,50.82,0.0,0.0,17.25
2011-04-06,57.88,58.13,57.68,58.08,1009986.0,0.1428571428571428,16.9
2011-04-07,58.0,58.05,57.75,57.99,446463.0,-0.0015495867768594573,17.11
2011-04-08,58.3,58.4,58.16,58.29,503024.0,0.005173305742369294,17.87
2011-04-11,58.39,58.55,58.28,58.48,841820.0,0.003259564247726887,16.59
2011-04-12,58.55,58.73,58.35,58.61,354431.0,0.0022229822161423662,17.09
2011-04-13,58.81,59.2,58.6,58.73,458344.0,0.0020474321788090943,16.92
2011-04-14,59.76,59.91,59.55,59.8,749457.0,0.018218968159373405,16.27
2011-04-15,60.44,61.15,60.33,61.14,2253555.0,0.02240802675585285,15.32
2011-04-18,58.45,58.6,57.85,58.4,1096906.0,-0.04481517827935888,16.96
2011-04-19,59.22,59.55,59.17,59.49,1117116.0,0.018664383561643794,15.83
2011-04-20,60.38,60.46,60.2,60.4,752294.0,0.015296688519078838,15.07
2011-04-21,61.08,61.24,60.56,61.09,547226.0,0.011423841059602813,14.69
2011-04-25,61.06,61.43,61.06,61.42,532673.0,0.005401866099197905,15.77
2011-04-26,61.45,61.7,61.32,61.61,1298488.0,0.003093454900683801,15.62
2011-04-27,61.38,62.0,60.95,61.85,1431506.0,0.0038954715143646457,15.35
2011-04-28,61.14,61.6,61.04,61.58,986240.0,-0.004365400161681521,14.62
2011-04-29,61.95,62.3,61.91,62.2,442846.0,0.01006820396232544,14.75
2011-05-02,62.37,62.77,62.34,62.47,355269.0,0.004340836012861615,15.99
2011-05-03,62.54,63.0,62.54,62.85,245190.0,0.00608291980150466,16.7
2011-05-04,62.91,63.11,62.69,62.74,274098.0,-0.0017501988862370643,17.08
2011-05-05,62.04,62.18,61.75,61.91,509810.0,-0.013229199872489716,18.2
2011-05-06,62.04,62.22,61.17,61.424,512062.0,-0.007850104991116047,18.4
2011-05-09,61.5,62.02,61.42,61.85,456736.0,0.006935399843709389,17.16
2011-05-10,61.5,61.63,61.21,61.35,724910.0,-0.00808407437348424,15.91
2011-05-11,61.15,61.37,60.5,60.66,745049.0,-0.011246943765281237,16.95
2011-05-12,61.22,61.98,61.06,61.9,490978.0,0.020441806791955175,16.03
2011-05-13,61.7,61.94,61.05,61.35,224963.0,-0.008885298869143687,17.07
2011-05-16,61.99,62.19,61.63,61.75,198590.0,0.006519967400163029,18.24
2011-05-17,61.45,62.07,61.355,61.751,196304.0,1.6194331983854227e-05,17.55
2011-05-18,61.9,62.5,61.83,62.3,325084.0,0.008890544282683654,16.23
2011-05-19,61.86,62.43,61.86,62.42,346009.0,0.0019261637239165186,15.52
2011-05-20,62.44,62.51,62.09,62.25,587852.0,-0.0027234860621595525,17.43
2011-05-23,61.57,62.01,61.57,61.95,574510.0,-0.004819277108433662,18.27
2011-05-24,62.08,62.31,61.93,62.0,895889.0,0.0008071025020177647,17.82
2011-05-25,62.07,62.65,62.07,62.36,408868.0,0.005806451612903274,17.07
2011-05-26,62.96,63.4,62.73,63.31,792392.0,0.015234124438742835,16.09
2011-05-27,63.55,63.99,63.43,63.85,227526.0,0.008529458221449904,15.98
2011-05-31,64.57,64.62,64.1,64.33,318523.0,0.0075176194205168745,15.45
2011-06-01,65.2,65.53,63.33,63.59,2635937.0,-0.011503186693610945,18.3
2011-06-02,63.56,64.35,63.56,64.25,640568.0,0.010378990407296618,18.09
2011-06-03,64.95,65.01,64.6,64.8,492669.0,0.008560311284046662,17.95
2011-06-06,64.57,64.58,64.21,64.23,527238.0,-0.008796296296296191,18.49
2011-06-07,64.12,64.15,63.6,63.77,384637.0,-0.007161762416316386,18.07
2011-06-08,63.89,63.99,63.5,63.55,332192.0,-0.003449898071193447,18.79
2011-06-09,63.19,63.49,63.07,63.39,376772.0,-0.002517702596380733,17.77
2011-06-10,63.05,63.05,62.45,62.5,373660.0,-0.014040069411579092,18.86
2011-06-13,62.85,63.0,62.8,62.83,309772.0,0.005279999999999951,19.61
2011-06-14,62.89,63.16,62.81,62.83,522569.0,0.0,18.26
2011-06-15,62.28,62.36,61.2,61.35,527202.0,-0.023555626293171983,21.32
2011-06-16,61.58,61.88,61.25,61.46,473711.0,0.001792991035044711,22.73
2011-06-17,62.04,62.17,61.65,61.88,454873.0,0.006833712984054774,21.85
2011-06-20,62.29,62.81,62.21,62.35,381755.0,0.007595345830639921,19.99
2011-06-21,62.44,62.68,62.23,62.56,337605.0,0.003368083400160371,18.86
2011-06-22,61.7,62.36,61.61,61.85,402046.0,-0.011349104859335046,18.52
2011-06-23,61.6,61.79,61.0,61.64,490982.0,-0.0033953112368634297,19.29
2011-06-24,61.93,62.01,61.56,61.7,563415.0,0.0009733939000649006,21.1
2011-06-27,62.04,62.56,61.76,62.06,279007.0,0.005834683954619058,20.56
2011-06-28,62.4,62.67,62.0,62.19,267390.0,0.0020947470190137985,19.17
2011-06-29,61.59,62.1,61.34,61.94,700753.0,-0.004019938896928754,17.27
2011-06-30,61.91,62.38,61.6,62.38,757591.0,0.00710364869228286,16.52
2011-07-01,61.99,62.34,61.63,62.23,440858.0,-0.0024046168643796495,15.87
2011-07-05,62.68,63.39,62.6,63.1,514476.0,0.013980395307729543,16.06
2011-07-06,63.02,63.27,62.61,62.85,440741.0,-0.003961965134706813,16.34
2011-07-07,62.59,62.9,62.48,62.67,364912.0,-0.0028639618138425194,15.95
2011-07-08,62.96,63.1,62.55,63.01,417445.0,0.0054252433381203335,15.95
2011-07-11,62.51,62.51,62.15,62.29,325495.0,-0.011426757657514663,18.39
2011-07-12,62.25,62.8,62.25,62.3,541778.0,0.0001605394124257753,19.87
2011-07-13,62.4,62.9,62.22,62.7,445496.0,0.006420545746388617,19.91
2011-07-14,63.38,63.5,62.9,62.96,282603.0,0.00414673046252001,20.8
2011-07-15,63.08,63.3,62.68,63.3,278314.0,0.005400254129606097,19.53
2011-07-18,61.92,62.07,61.5,61.91,252799.0,-0.02195892575039493,20.95
2011-07-19,62.07,62.63,61.87,62.12,418120.0,0.003392020675173635,19.21
2011-07-20,62.61,62.64,62.15,62.42,307558.0,0.004829362524146896,19.09
2011-07-21,62.85,63.54,62.72,63.29,480846.0,0.013937840435757742,17.56
2011-07-22,63.2,63.5,62.85,63.45,270291.0,0.0025280455048191097,17.52
2011-07-25,64.83,65.12,64.32,64.36,391614.0,0.014342001576044039,19.35
2011-07-26,64.57,64.8,64.36,64.49,241732.0,0.0020198881292727844,20.23
2011-07-27,64.42,64.42,63.4,63.59,420214.0,-0.013955652039075672,22.98
2011-07-28,63.4,63.64,63.18,63.21,224546.0,-0.005975782355716386,23.74
2011-07-29,63.45,64.3,63.35,63.75,319655.0,0.008542952064546805,25.25
2011-08-01,64.6,64.85,63.8,63.9,317432.0,0.0023529411764706687,23.66
2011-08-02,63.68,64.63,63.68,64.2,656879.0,0.0046948356807512415,24.79
2011-08-03,64.01,64.35,63.35,63.97,423793.0,-0.0035825545171340734,23.38
2011-08-04,64.19,64.25,61.65,61.75,801750.0,-0.03470376739096448,31.66
2011-08-05,62.31,62.65,60.77,62.2,826904.0,0.007287449392712642,32.0
2011-08-08,60.81,61.53,59.72,59.72,1051145.0,-0.039871382636656016,48.0
2011-08-09,62.1,64.45,61.29,63.9,1572382.0,0.06999330207635635,35.06
2011-08-10,64.65,64.7,61.11,62.68,1298510.0,-0.019092331768388093,42.99
2011-08-11,60.07,62.79,59.89,62.45,2875213.0,-0.003669432035736997,39.0
2011-08-12,64.05,64.3,62.69,63.49,3348375.0,0.016653322658126468,36.36
2011-08-15,62.38,63.22,62.32,62.82,2247241.0,-0.010552842967396447,31.87
2011-08-16,63.44,63.78,62.68,63.05,1188378.0,0.003661254377586687,32.85
2011-08-17,64.05,64.7,63.9,64.3,1645269.0,0.019825535289452745,31.58
2011-08-18,62.5,62.8,61.65,62.35,402486.0,-0.030326594090202108,42.67
2011-08-19,61.08,62.35,60.7,60.99,475021.0,-0.02181234963913392,43.05
2011-08-22,63.19,63.25,61.69,61.71,544084.0,0.01180521396950307,42.44
2011-08-23,62.52,63.01,62.15,62.74,1318012.0,0.016690973910225226,36.27
2011-08-24,63.42,64.09,62.75,63.35,445878.0,0.009722664966528516,35.9
2011-08-25,62.46,62.83,61.55,62.25,1086873.0,-0.017363851617995252,39.76
2011-08-26,61.77,62.4,61.24,62.18,358635.0,-0.0011244979919678988,35.59
2011-08-29,61.85,62.57,61.37,62.55,346122.0,0.005950466387905973,32.28
2011-08-30,60.86,60.92,60.35,60.63,523551.0,-0.03069544364508381,32.89
2011-08-31,61.43,62.37,61.36,62.075,552172.0,0.023833085931057152,31.62
2011-09-01,62.51,62.95,62.4,62.46,625719.0,0.006202174788562109,31.82
2011-09-02,63.15,63.47,62.45,62.6,822880.0,0.0022414345180916673,33.92
2011-09-06,57.78,58.68,57.42,58.64,4015591.0,-0.06325878594249201,37.0
2011-09-07,57.86,58.75,57.65,58.58,1151742.0,-0.0010231923601637938,33.38
2011-09-08,56.99,57.51,56.82,57.18,1626270.0,-0.02389894161829975,34.32
2011-09-09,56.65,57.61,55.55,56.03,1199023.0,-0.020111927247289274,38.52
2011-09-12,55.01,55.99,54.76,55.9,727606.0,-0.0023201856148492572,38.59
2011-09-13,55.55,56.36,55.5,56.15,779049.0,0.004472271914132353,36.91
2011-09-14,55.9,57.09,55.24,56.79,1349945.0,0.011398040961709821,34.6
2011-09-15,57.1,57.12,56.21,56.64,628576.0,-0.002641310089804505,31.97
2011-09-16,56.64,56.7,55.85,55.89,571267.0,-0.013241525423728806,30.98
2011-09-19,54.72,55.81,54.35,55.5,648872.0,-0.006977992485238893,32.73
2011-09-20,55.3,55.8,54.82,55.41,621890.0,-0.001621621621621716,32.86
2011-09-21,55.1,55.54,54.28,54.4,751280.0,-0.01822775672261323,37.32
2011-09-22,53.26,53.75,52.85,53.61,758605.0,-0.014522058823529416,41.35
2011-09-23,53.28,54.0,53.13,53.8,614389.0,0.003544114903935691,41.25
2011-09-26,54.03,54.87,53.75,54.82,572318.0,0.018959107806691522,39.02
2011-09-27,54.96,55.75,54.85,54.9,803334.0,0.0014593214155418366,37.71
2011-09-28,54.85,55.7,54.6,54.75,443695.0,-0.002732240437158473,41.08
2011-09-29,55.96,56.6,55.35,56.07,442785.0,0.024109589041095836,38.84
2011-09-30,54.95,55.69,54.71,55.1,780981.0,-0.017299803816657744,42.96
2011-10-03,54.9,55.42,54.0,54.13,681409.0,-0.01760435571687835,45.45
2011-10-04,53.98,55.3,53.48,55.3,559606.0,0.021614631442822718,40.82
2011-10-05,54.33,54.48,53.84,54.35,411344.0,-0.01717902350813738,37.81
2011-10-06,54.35,55.29,54.18,55.25,429360.0,0.016559337626494974,36.27
2011-10-07,54.48,55.18,54.29,54.4,454908.0,-0.015384615384615441,36.2
2011-10-10,55.75,56.3,55.65,56.19,503707.0,0.03290441176470593,33.02
2011-10-11,55.85,56.6,55.65,56.43,342685.0,0.004271222637479921,32.86
2011-10-12,57.15,57.75,57.0,57.3,599129.0,0.015417331206804885,31.26
2011-10-13,57.31,58.03,56.9963,57.82,462581.0,0.009075043630017543,30.7
2011-10-14,58.52,58.73,58.28,58.55,485921.0,0.012625389138706256,28.24
2011-10-17,58.02,58.02,57.4,57.4,244875.0,-0.01964133219470532,33.39
2011-10-18,57.1,58.17,56.75,57.98,444781.0,0.010104529616724811,31.56
2011-10-19,57.16,57.3,56.6,56.83,335981.0,-0.01983442566402205,34.44
2011-10-20,57.65,57.83,56.95,57.63,212422.0,0.014077071969030408,34.78
2011-10-21,58.53,58.77,58.37,58.69,409527.0,0.018393197987159438,31.32
2011-10-24,58.26,58.55,58.16,58.29,883555.0,-0.006815471119441141,29.26
2011-10-25,58.29,58.34,57.81,58.04,512296.0,-0.004288900325956413,32.22
2011-10-26,58.2,58.3,57.1,57.9,1810945.0,-0.002412129565816712,29.86
2011-10-27,59.13,59.6,58.88,59.29,699482.0,0.024006908462867127,25.46
2011-10-28,59.33,59.67,59.23,59.55,456299.0,0.004385225164445838,24.53
2011-10-31,59.21,59.35,57.7,57.76,812266.0,-0.03005877413937863,29.96
2011-11-01,56.48,57.7,56.23,57.0,934272.0,-0.013157894736842035,34.77
2011-11-02,57.35,57.57,56.77,57.16,491890.0,0.00280701754385948,32.74
2011-11-03,57.3,58.2,56.7,58.2,680863.0,0.018194541637508888,30.5
2011-11-04,57.51,57.73,57.11,57.36,1047060.0,-0.01443298969072171,30.16
2011-11-07,56.49,56.66,56.23,56.64,272398.0,-0.012552301255230103,29.85
2011-11-08,56.91,57.21,56.5,57.14,365657.0,0.008827683615819204,27.48
2011-11-09,56.07,56.2,55.05,55.2,500942.0,-0.03395169758487926,36.16
2011-11-10,55.8,56.0,55.35,55.88,492291.0,0.01231884057971011,32.81
2011-11-11,56.38,57.0,56.27,56.75,758061.0,0.015569076592698572,30.04
2011-11-14,56.36,56.55,56.05,56.49,464799.0,-0.004581497797356837,31.13
2011-11-15,56.5,57.04,56.2,56.78,413187.0,0.005133651973800557,31.22
2011-11-16,56.4,56.69,56.1,56.24,381052.0,-0.009510390982740424,33.51
2011-11-17,56.64,56.75,55.9,56.15,318132.0,-0.0016002844950213646,34.51
2011-11-18,56.87,56.94,56.3,56.42,389903.0,0.004808548530721435,32.0
2011-11-21,56.05,56.59,55.92,56.3,430566.0,-0.002126905352711872,32.91
2011-11-22,56.1,56.6,56.01,56.49,268803.0,0.003374777975133192,31.97
2011-11-23,55.33,55.38,54.91,54.91,383565.0,-0.027969552133121023,33.98
2011-11-25,54.36,54.5,54.0,54.03,251673.0,-0.01602622473137849,34.47
2011-11-28,54.95,55.0,53.9,54.47,586724.0,0.008143623912641118,32.13
2011-11-29,54.84,55.27,54.77,55.12,433986.0,0.01193317422434359,30.64
2011-11-30,55.975,56.27,55.75,56.13,424176.0,0.018323657474601074,27.8
2011-12-01,56.68,57.19,56.26,56.48,411580.0,0.00623552467486177,27.41
2011-12-02,55.545,55.61,55.03,55.41,470152.0,-0.018944759206798834,27.52
2011-12-05,55.845,56.01,55.51,55.85,867719.0,0.007940804908861399,27.84
2011-12-06,55.52,55.95,55.46,55.61,416871.0,-0.004297224709042147,28.13
2011-12-07,55.49,56.3,55.27,56.25,507309.0,0.0115087214529761,28.67
2011-12-08,55.5,55.95,55.3,55.54,795593.0,-0.012622222222222201,30.59
2011-12-09,55.875,56.14,55.71,56.0,331020.0,0.008282319049333742,26.38
2011-12-12,55.49,55.5,55.04,55.19,395954.0,-0.014464285714285707,25.67
2011-12-13,55.04,55.3,54.26,54.49,618895.0,-0.012683457148033983,25.41
2011-12-14,54.24,54.35,53.9,54.19,321660.0,-0.005505597357313374,26.04
2011-12-15,54.75,55.0,54.55,54.89,504394.0,0.012917512456172675,25.11
2011-12-16,55.0,55.1,54.26,54.42,920266.0,-0.008562579704864293,24.29
2011-12-19,55.36,55.88,55.36,55.67,534080.0,0.022969496508636444,24.92
2011-12-20,56.26,56.7,56.12,56.5,606445.0,0.014909286869049687,23.22
2011-12-21,56.34,56.5,56.1,56.5,423818.0,0.0,21.43
2011-12-22,56.33,56.75,56.27,56.72,341270.0,0.0038938053097345993,21.16
2011-12-23,56.63,57.05,56.52,57.0,491536.0,0.0049365303244006675,20.73
2011-12-27,56.96,57.18,56.8,57.15,273313.0,0.002631578947368318,21.91
2011-12-28,57.15,57.2,56.8,56.86,443301.0,-0.005074365704286987,23.52
2011-12-29,56.89,57.4,56.77,57.29,437455.0,0.00756243404854029,22.65
2011-12-30,57.54,57.95,57.46,57.71,344084.0,0.007331122359923281,23.4
2012-01-03,57.99,58.45,57.85,58.34,527553.0,0.010916652226650614,22.97
2012-01-04,57.6,58.0,57.42,57.93,576650.0,-0.007027768255056577,22.22
2012-01-05,56.955,57.49,56.91,57.49,420555.0,-0.007595373726911769,21.48
2012-01-06,56.94,56.94,56.51,56.7,357449.0,-0.013741520264393792,20.63
2012-01-09,56.94,57.49,56.88,57.41,461659.0,0.012522045855378972,21.07
2012-01-10,57.59,57.94,57.57,57.85,372822.0,0.007664170005225568,20.69
2012-01-11,56.69,56.72,56.34,56.6,482482.0,-0.021607605877268843,21.05
2012-01-12,56.6,56.9,56.5,56.52,699132.0,-0.001413427561837377,20.47
2012-01-13,56.0,56.15,55.6,56.1,558577.0,-0.007430997876857748,20.91
2012-01-17,55.965,56.25,55.85,56.03,405926.0,-0.0012477718360071055,22.2
2012-01-18,56.95,57.65,56.86,57.63,692178.0,0.028556130644297628,20.89
2012-01-19,57.18,57.63,56.97,57.63,850007.0,0.0,19.87
2012-01-20,57.52,57.65,57.33,57.56,1501498.0,-0.0012146451500953948,18.28
2012-01-23,57.25,57.65,57.12,57.61,2751184.0,0.0008686587908268706,18.67
2012-01-24,57.68,57.94,57.56,57.9,1804148.0,0.005033848290227461,18.91
2012-01-25,57.63,58.44,57.4,58.43,466217.0,0.00915371329879111,18.31
2012-01-26,58.15,58.3,57.85,58.05,761356.0,-0.006503508471675579,18.57
2012-01-27,57.935,58.29,57.75,58.12,445973.0,0.0012058570198105745,18.53
2012-01-30,57.84,58.19,57.75,58.14,419930.0,0.0003441156228494169,19.4
2012-01-31,57.82,57.83,57.24,57.53,522229.0,-0.01049191606467148,19.44
2012-02-01,58.2,58.73,58.14,58.5,944948.0,0.016860768294802764,18.55
2012-02-02,58.0,58.01,57.5,57.85,865902.0,-0.011111111111111072,17.98
2012-02-03,57.43,58.05,57.3674,57.86,1136650.0,0.00017286084701817472,17.1
2012-02-06,57.64,57.94,57.52,57.84,533032.0,-0.0003456619426200902,17.76
2012-02-07,58.235,58.89,58.21,58.75,624085.0,0.015733056708160387,17.65
2012-02-08,58.85,58.98,58.45,58.8,740018.0,0.0008510638297871687,18.16
2012-02-09,58.85,59.09,58.71,58.98,357014.0,0.003061224489795844,18.63
2012-02-10,58.59,58.69,58.49,58.67,507247.0,-0.0052560189894879095,20.79
2012-02-13,58.99,59.28,58.88,59.18,497193.0,0.008692687915459407,19.04
2012-02-14,59.14,59.2,58.8,58.92,317316.0,-0.00439337614058799,19.54
2012-02-15,59.15,59.35,58.92,59.26,426764.0,0.0057705363204343385,21.14
2012-02-16,60.45,60.87,60.1,60.66,515800.0,0.023624704691191267,19.22
2012-02-17,60.95,61.0,60.73,60.99,257750.0,0.005440158259149452,17.78
2012-02-21,60.79,61.13,60.55,60.9,408540.0,-0.0014756517461879115,18.19
2012-02-22,60.87,61.287,57.86,61.02,459584.0,0.0019704433497538254,18.19
2012-02-23,61.075,61.65,60.9,61.57,347979.0,0.009013438216977976,16.8
2012-02-24,61.46,62.0,61.46,61.77,535521.0,0.0032483352281955646,17.31
2012-02-27,61.46,62.0,61.36,61.99,286377.0,0.003561599481949118,18.19
2012-02-28,62.005,62.24,61.81,62.19,468391.0,0.0032263268269074885,17.96
2012-02-29,62.0,62.13,61.16,61.29,463651.0,-0.01447178002894356,18.43
2012-03-01,61.35,61.73,61.25,61.4,353518.0,0.0017947462881382492,17.26
2012-03-02,60.81,61.0652,60.65,60.9,246492.0,-0.008143322475570036,17.29
2012-03-05,61.28,61.3,60.8,61.23,250421.0,0.005418719211822687,18.05
2012-03-06,60.24,60.47,60.0,60.22,336059.0,-0.01649518210027756,20.87
2012-03-07,60.43,60.85,60.43,60.8,276596.0,0.009631351710395197,19.07
2012-03-08,61.705,62.38,61.65,62.256,188370.0,0.023947368421052717,17.95
2012-03-09,61.6,61.77,61.35,61.45,359775.0,-0.012946543305062952,17.11
2012-03-12,61.5,62.08,61.39,61.9,589992.0,0.007323026851098424,15.64
2012-03-13,61.38,61.9,61.38,61.54,365007.0,-0.0058158319870759145,14.8
2012-03-14,60.98,61.11,60.53,60.85,499653.0,-0.011212219694507586,15.31
2012-03-15,61.24,61.65,61.045,61.6,902620.0,0.012325390304026351,15.42
2012-03-16,61.9,62.55,61.85,62.1,462831.0,0.008116883116883189,14.47
2012-03-19,61.94,62.5,61.82,62.29,366381.0,0.0030595813204508104,15.04
2012-03-20,61.85,62.25,61.75,62.14,263390.0,-0.0024080911863861854,15.58
2012-03-21,62.19,62.23,61.82,62.006,327235.0,-0.0021564209848728977,15.13
2012-03-22,61.68,61.95,61.58,61.95,336716.0,-0.0009031384059606795,15.57
2012-03-23,62.18,62.4,62.0,62.282,289497.0,0.0053591606133978065,14.82
2012-03-26,63.03,63.15,62.84,63.1,562585.0,0.013133810731832618,14.26
2012-03-27,62.73,62.9,62.45,62.47,461455.0,-0.009984152139461244,15.59
2012-03-28,62.41,62.47,62.06,62.35,392209.0,-0.0019209220425804308,15.47
2012-03-29,62.0,62.06,61.55,61.9,802701.0,-0.0072173215717723505,15.48
2012-03-30,62.36,63.0,62.3096,63.0,404151.0,0.017770597738287597,15.5
2012-04-02,62.7,63.4,62.64,63.36,452652.0,0.005714285714285783,15.64
2012-04-03,63.2,63.2,62.2,62.48,576887.0,-0.01388888888888895,15.66
2012-04-04,61.65,61.7,61.22,61.57,331864.0,-0.01456466069142115,16.44
2012-04-05,61.04,61.24,60.7,60.83,311460.0,-0.012018840344323545,16.7
2012-04-09,60.41,61.1,60.14,60.95,248210.0,0.0019727108334703924,18.81
2012-04-10,60.845,60.9,60.3,60.47,441878.0,-0.007875307629204298,20.39
2012-04-11,60.7,60.89,60.55,60.59,354186.0,0.0019844551017034195,20.02
2012-04-12,60.71,61.38,60.64,61.3,1334073.0,0.011718105297903847,17.2
2012-04-13,60.705,60.76,60.25,60.43,266098.0,-0.01419249592169658,19.55
2012-04-16,60.88,61.34,60.57,61.02,373239.0,0.009763362568260936,19.55
2012-04-17,61.915,62.26,61.81,62.07,393776.0,0.017207472959685388,18.46
2012-04-18,61.48,61.95,61.35,61.64,452931.0,-0.006927662316739136,18.64
2012-04-19,62.46,62.9,62.4,62.55,324098.0,0.014763140817650733,18.36
2012-04-20,62.5,63.05,62.35,63.05,403531.0,0.007993605115907298,17.44
2012-04-23,60.8,61.11,60.55,60.95,432989.0,-0.03330689928628061,18.97
2012-04-24,60.9,61.12,60.8,60.93,399494.0,-0.0003281378178835448,18.1
2012-04-25,60.94,61.3,60.94,61.17,832352.0,0.003938946331856208,16.82
2012-04-26,61.23,61.25,61.01,61.1,603957.0,-0.001144351806441124,16.24
2012-04-27,61.07,61.12,60.86,61.0,531364.0,-0.0016366612111292644,16.32
2012-04-30,61.17,61.3,61.1,61.14,402639.0,0.002295081967213175,17.15
2012-05-01,61.375,61.54,61.32,61.54,629144.0,0.006542361792607032,16.6
2012-05-02,60.86,60.97,60.67,60.9,453471.0,-0.010399740006499902,16.88
2012-05-03,60.83,61.0,60.43,60.45,362659.0,-0.00738916256157629,17.56
2012-05-04,60.79,60.88,59.97,59.98,272472.0,-0.007775020678246536,19.16
2012-05-07,60.07,60.33,59.91,60.17,488761.0,0.0031677225741915116,18.94
2012-05-08,59.85,59.96,59.45,59.8,406070.0,-0.006149243809207339,19.05
2012-05-09,58.96,59.834,58.71,59.17,308305.0,-0.010535117056856058,20.08
2012-05-10,59.19,59.21,58.97,59.05,329229.0,-0.002028054757478581,18.83
2012-05-11,58.95,59.54,58.95,59.3,356483.0,0.0042337002540220325,19.89
2012-05-14,58.6,58.63,58.36,58.52,360615.0,-0.013153456998313606,21.87
2012-05-15,58.575,58.65,58.1,58.14,274430.0,-0.006493506493506551,21.97
2012-05-16,57.935,58.06,57.44,57.49,359135.0,-0.011179910560715545,22.27
2012-05-17,57.5,57.69,57.31,57.52,809896.0,0.0005218298834579471,24.49
2012-05-18,57.62,58.1,57.46,58.1,738304.0,0.010083449235048558,25.1
2012-05-21,57.9,58.2,57.81,58.19,322844.0,0.001549053356282304,22.01
2012-05-22,58.27,58.49,57.67,57.86,429926.0,-0.005671077504725841,22.48
2012-05-23,57.88,57.95,57.01,57.53,545610.0,-0.005703422053231932,22.33
2012-05-24,57.29,57.53,56.8,57.09,455228.0,-0.007648183556405286,21.54
2012-05-25,57.06,57.3,57.0,57.24,536593.0,0.0026274303730950965,21.76
2012-05-29,57.42,57.63,57.16,57.3,710573.0,0.0010482180293500676,21.03
2012-05-30,57.25,57.38,56.96,57.02,428608.0,-0.004886561954624669,24.14
2012-05-31,56.85,57.0,56.46,56.85,320613.0,-0.0029814100315679326,24.06
2012-06-01,56.36,56.85,55.4987,56.55,874685.0,-0.005277044854881341,26.66
2012-06-04,56.439,56.58,56.2,56.49,810743.0,-0.0010610079575595899,26.12
2012-06-05,55.92,56.22,55.7,56.04,383662.0,-0.007966011683483876,24.68
2012-06-06,55.97,57.06,55.97,57.06,252655.0,0.018201284796574013,22.16
2012-06-07,57.25,57.43,56.95,57.21,339534.0,0.002628811777076745,21.72
2012-06-08,56.6,57.25,56.6,57.25,254945.0,0.0006991784653032074,21.23
2012-06-11,57.34,57.35,56.76,56.788,463204.0,-0.008069868995633223,23.56
2012-06-12,57.7,57.85,57.25,57.74,523375.0,0.01676410509262527,22.09
2012-06-13,57.96,58.75,57.85,58.534,711227.0,0.013751298926220956,24.27
2012-06-14,58.61,59.09,58.52,58.91,614066.0,0.006423617043086027,21.68
2012-06-15,58.68,58.9,58.55,58.88,385018.0,-0.0005092514004412241,21.11
2012-06-18,58.655,58.77,58.4,58.67,311845.0,-0.003566576086956541,18.32
2012-06-19,58.51,59.48,58.44,59.15,405743.0,0.00818135333219705,18.38
2012-06-20,58.56,59.0,58.19,58.42,553218.0,-0.012341504649196922,17.24
2012-06-21,58.23,58.29,57.41,57.47,642572.0,-0.016261554262238964,20.08
2012-06-22,58.063,58.4,57.84,58.39,265628.0,0.016008352183747965,18.11
2012-06-25,57.74,58.14,57.61,58.0,488035.0,-0.006679225894845042,20.38
2012-06-26,57.9,58.19,57.75,58.11,514968.0,0.0018965517241378294,19.72
2012-06-27,57.99,58.0,57.81,57.88,571046.0,-0.003958010669420031,19.45
2012-06-28,57.83,58.24,57.74,58.24,527015.0,0.0062197650310988895,19.71
2012-06-29,59.59,59.85,59.44,59.74,573396.0,0.025755494505494525,17.08
2012-07-02,59.6,60.01,59.482,60.0,292120.0,0.004352192835620938,16.8
2012-07-03,60.076,61.1,60.02,61.05,463650.0,0.01749999999999985,16.66
2012-07-05,59.97,60.1172,59.66,59.99,266871.0,-0.017362817362817307,17.5
2012-07-06,59.8,59.95,59.71,59.9,487882.0,-0.0015002500416736453,17.1
2012-07-09,59.993,60.09,59.76,60.09,239346.0,0.0031719532554257412,17.98
2012-07-10,60.31,60.46,60.11,60.19,257229.0,0.0016641704110500477,18.72
2012-07-11,60.08,60.14,59.75,59.97,290669.0,-0.0036550922080079706,17.95
2012-07-12,59.58,59.91,59.26,59.8,314505.0,-0.002834750708687661,18.33
2012-07-13,59.7,60.38,59.62,60.34,482002.0,0.009030100334448177,16.74
2012-07-16,59.99,60.259,59.8,59.99,940761.0,-0.0058004640371229765,17.11
2012-07-17,60.48,60.58,59.78,59.86,2103177.0,-0.002167027837973068,16.48
2012-07-18,59.96,60.58,59.96,60.56,1191088.0,0.01169395255596406,16.16
2012-07-19,60.45,60.9,60.33,60.821,677073.0,0.004309775429326201,15.45
2012-07-20,59.89,59.97,59.59,59.9,500147.0,-0.015142796073724485,16.27
2012-07-23,59.07,59.25,58.67,59.14,513406.0,-0.012687813021702854,18.62
2012-07-24,58.72,58.79,58.2,58.54,508877.0,-0.01014541765302679,20.47
2012-07-25,58.75,58.84,58.21,58.55,733279.0,0.0001708233686368299,19.34
2012-07-26,60.35,60.37,59.87,60.19,295372.0,0.028010247651579778,17.53
2012-07-27,60.88,61.75,60.86,61.3,426042.0,0.01844160159494934,16.7
2012-07-30,60.72,64.1,60.59,61.24,415891.0,-0.0009787928221859366,18.03
2012-07-31,61.31,61.75,61.18,61.63,1427978.0,0.006368386675375648,18.93
2012-08-01,61.77,62.04,60.86,61.15,1059366.0,-0.007788414733084559,18.96
2012-08-02,61.4,61.68,60.85,61.28,1266899.0,0.0021259198691740977,17.57
2012-08-03,62.16,62.76,62.12,62.71,278164.0,0.023335509138381116,15.64
2012-08-06,62.29,62.39,61.67,61.75,2039704.0,-0.015308563227555472,15.95
2012-08-07,61.94,61.94,61.45,61.5,1040204.0,-0.004048582995951455,15.99
2012-08-08,60.98,61.55,60.85,61.55,607170.0,0.0008130081300812275,15.32
2012-08-09,62.96,63.06,62.15,62.44,1549557.0,0.014459788789601857,15.28
2012-08-10,61.53,61.99,61.49,61.95,864318.0,-0.007847533632286963,14.74
2012-08-13,62.16,62.36,61.97,61.99,270129.0,0.0006456820016143006,13.7
2012-08-14,62.3,62.42,62.14,62.2,318334.0,0.0033876431682529073,14.85
2012-08-15,62.22,62.37,62.01,62.1,797686.0,-0.001607717041800627,14.63
2012-08-16,61.67,62.14,61.63,61.91,345144.0,-0.0030595813204509215,14.29
2012-08-17,61.96,61.96,61.58,61.63,1644962.0,-0.004522694233564772,13.45
2012-08-20,61.635,61.96,61.6,61.94,277129.0,0.005030017848450363,14.02
2012-08-21,62.38,62.54,62.01,62.02,392717.0,0.0012915724895059544,15.02
2012-08-22,61.82,62.39,61.82,62.39,561805.0,0.005965817478232882,15.11
2012-08-23,62.44,62.88,62.42,62.67,343103.0,0.004487898701714954,15.96
2012-08-24,62.478,63.09,62.46,62.87,292030.0,0.0031913196106589936,15.18
2012-08-27,62.78,62.9,62.55,62.81,297386.0,-0.0009543502465404474,16.35
2012-08-28,62.7,67.7118,62.52,62.74,567688.0,-0.0011144722177997002,16.49
2012-08-29,62.57,62.81,62.5,62.7,711223.0,-0.0006375518010838244,17.06
2012-08-30,62.58,62.63,62.05,62.29,415103.0,-0.006539074960127622,17.83
2012-08-31,62.724,62.82,62.03,62.31,325834.0,0.0003210788248515506,17.47
2012-09-04,62.203,62.26,61.81,62.03,283414.0,-0.004493660728615012,17.98
2012-09-05,62.44,62.6,62.0,62.44,270456.0,0.006609704981460629,17.74
2012-09-06,62.45,63.26,62.4,62.98,381680.0,0.008648302370275474,15.6
2012-09-07,62.43,62.7,62.32,62.59,378577.0,-0.006192442045093616,14.38
2012-09-10,62.15,62.34,61.93,62.04,674981.0,-0.008787346221441172,16.28
2012-09-11,62.52,62.96,62.41,62.82,360312.0,0.012572533849129597,16.41
2012-09-12,62.62,62.62,62.28,62.28,355686.0,-0.008595988538681931,15.8
2012-09-13,62.34,62.88,62.27,62.82,462200.0,0.00867052023121384,14.05
2012-09-14,62.84,63.14,62.632,62.76,333561.0,-0.0009551098376313627,14.51
2012-09-17,63.25,63.45,62.95,62.97,327052.0,0.0033460803059273125,14.59
2012-09-18,63.55,63.84,63.45,63.75,532723.0,0.012386850881372036,14.18
2012-09-19,63.7,64.19,63.52,64.12,477230.0,0.005803921568627413,13.88
2012-09-20,63.62,63.81,63.45,63.78,350952.0,-0.005302557704304434,14.07
2012-09-21,63.595,63.9,63.56,63.75,347548.0,-0.0004703668861711918,13.98
2012-09-24,63.2,63.64,63.18,63.64,287289.0,-0.001725490196078372,14.15
2012-09-25,63.876,64.14,63.58,63.591,578373.0,-0.0007699560025141716,15.43
2012-09-26,63.64,63.79,63.5,63.78,297078.0,0.002972118696041859,16.81
2012-09-27,63.73,63.99,63.48,63.98,469603.0,0.003135779241141279,14.84
2012-09-28,63.68,63.68,63.13,63.21,532049.0,-0.012035010940918967,15.73
2012-10-01,63.915,64.11,63.86,63.88,380012.0,0.010599588672678406,16.32
2012-10-02,64.03,64.28,63.93,64.08,494436.0,0.003130870381966133,15.71
2012-10-03,63.491,63.85,63.491,63.75,487610.0,-0.005149812734082326,15.43
2012-10-04,64.15,64.69,64.14,64.69,448076.0,0.014745098039215643,14.55
2012-10-05,64.861,65.132,64.77,64.9,452751.0,0.003246251352604812,14.33
2012-10-08,65.11,65.23,65.0,65.03,185120.0,0.0020030816640985716,15.11
2012-10-09,65.3,65.5,64.86,64.9,335831.0,-0.001999077348915801,16.37
2012-10-10,65.3,65.5,65.14,65.21,247975.0,0.004776579352850252,16.29
2012-10-11,65.3,65.54,65.26,65.5,180651.0,0.004447170679343859,15.59
2012-10-12,65.7415,65.91,65.66,65.75,227831.0,0.003816793893129722,16.14
2012-10-15,65.96,66.41,65.9,66.39,484636.0,0.00973384030418245,15.27
2012-10-16,66.91,67.06,66.63,66.83,414793.0,0.006627504142190155,15.22
2012-10-17,67.34,67.78,67.21,67.48,319592.0,0.009726170881340757,15.07
2012-10-18,66.19,66.52,66.04,66.26,431888.0,-0.018079430942501418,15.03
2012-10-19,66.18,66.18,65.75,65.95,229865.0,-0.004678539088439515,17.06
2012-10-22,65.8,66.02,65.67,65.85,246995.0,-0.0015163002274451998,16.62
2012-10-23,64.62,64.69,64.22,64.39,305405.0,-0.022171602126043966,18.83
2012-10-24,64.543,64.67,64.31,64.44,233927.0,0.0007765180928716031,18.33
2012-10-25,64.61,64.65,64.02,64.05,214266.0,-0.006052141527001842,18.12
2012-10-26,63.92,64.04,63.62,64.02,277798.0,-0.0004683840749414303,17.81
2012-10-31,63.8925,63.99,63.32,63.34,462694.0,-0.01062168072477343,18.6
2012-11-01,63.43,63.59,63.27,63.54,194576.0,0.003157562361856492,16.69
2012-11-02,62.943,63.05,62.71,62.89,378621.0,-0.010229776518728362,17.59
2012-11-05,63.04,63.4,62.98,63.31,332295.0,0.0066783272380346315,18.42
2012-11-06,63.32,63.43,63.23,63.42,414059.0,0.0017374822302953508,17.58
2012-11-07,63.26,63.32,62.92,63.019,438595.0,-0.006322926521602046,19.08
2012-11-08,63.17,63.44,62.951,63.0,468104.0,-0.0003014963741093668,18.49
2012-11-09,63.28,63.43,63.11,63.12,274821.0,0.0019047619047618536,18.61
2012-11-12,63.31,63.37,63.0846,63.22,308215.0,0.0015842839036754874,16.68
2012-11-13,62.98,63.58,62.97,63.4,353401.0,0.002847200253084381,16.65
2012-11-14,63.59,63.62,63.07,63.15,767916.0,-0.0039432176656151174,17.92
2012-11-15,62.735,62.98,62.25,62.45,618554.0,-0.011084718923198622,17.99
2012-11-16,61.892,62.0,61.5,61.98,489342.0,-0.007526020816653434,16.41
2012-11-19,62.51,63.23,62.51,63.22,919367.0,0.02000645369474019,15.24
2012-11-20,62.84,62.98,62.66,62.84,455065.0,-0.006010756089844915,15.08
2012-11-21,62.95,63.22,62.84,63.22,361509.0,0.006047103755569605,15.31
2012-11-23,64.11,64.43,64.11,64.43,120316.0,0.019139512812401227,15.14
2012-11-26,64.25,64.39,64.11,64.25,404625.0,-0.0027937296290548863,15.5
2012-11-27,64.4,64.59,64.336,64.48,786303.0,0.0035797665369650122,15.92
2012-11-28,64.869,65.41,64.841,65.41,1367310.0,0.014423076923076872,15.51
2012-11-29,65.53,65.9,65.53,65.65,2102823.0,0.0036691637364318908,15.06
2012-11-30,65.55,65.8522,65.34,65.5,1152863.0,-0.0022848438690024064,15.87
2012-12-03,65.6,65.75,65.58,65.73,295626.0,0.0035114503816795484,16.64
2012-12-04,65.81,65.9,65.47,65.63,321806.0,-0.0015213753232924399,17.12
2012-12-05,65.155,65.5,65.11,65.35,346122.0,-0.004266341612067626,16.46
2012-12-06,65.43,65.5,65.15,65.25,285454.0,-0.0015302218821727775,16.58
2012-12-07,65.09,65.4,65.09,65.13,341760.0,-0.0018390804597702148,15.9
2012-12-10,65.24,65.48,65.24,65.33,320274.0,0.003070781513895282,16.05
2012-12-11,65.7,65.9,65.4,65.53,415565.0,0.0030613806826880197,15.57
2012-12-12,65.53,65.98,65.38,65.902,634372.0,0.005676789256829018,15.95
2012-12-13,65.907,66.03,65.77,65.94,273685.0,0.0005766137598250953,16.56
2012-12-14,65.43,65.73,65.28,65.53,405922.0,-0.006217773733697252,17.0
2012-12-17,65.58,66.58,65.39,65.56,926274.0,0.00045780558522823256,16.34
2012-12-18,65.64,65.94,65.61,65.94,745515.0,0.0057962172056131855,15.57
2012-12-19,66.21,66.4,65.85,66.0729,691277.0,0.0020154686078253103,17.36
2012-12-20,66.025,66.09,65.62,65.72,564207.0,-0.00534107024211139,17.67
2012-12-21,65.65,65.81,65.24,65.3,952064.0,-0.0063907486305538885,17.84
2012-12-24,65.29,65.5,65.16,65.295,304718.0,-7.656967840730111e-05,17.84
2012-12-26,65.29,65.71,65.21,65.51,363640.0,0.0032927482961941923,19.48
2012-12-27,65.85,65.98,65.35,65.53,523649.0,0.0003052969012364848,19.47
2012-12-28,65.52,65.63,65.15,65.34,430342.0,-0.0028994353731115474,22.72
2012-12-31,65.4,65.41,65.04,65.17,500101.0,-0.0026017753290480394,18.02
2013-01-02,66.215,66.7,66.075,66.53,855065.0,0.020868497775049955,14.68
2013-01-03,65.46,66.03,65.39,65.65,843855.0,-0.01322711558695322,14.56
2013-01-04,65.65,66.25,65.65,66.19,502911.0,0.00822543792840813,13.83
2013-01-07,65.87,66.143,65.79,66.01,302480.0,-0.0027194440247770846,13.79
2013-01-08,65.451,65.57,65.1857,65.44,497255.0,-0.008635055294652472,13.62
2013-01-09,65.43,65.78,65.34,65.75,396795.0,0.004737163814180878,13.81
2013-01-10,66.26,66.9,66.26,66.79,480034.0,0.015817490494296704,13.49
2013-01-11,67.25,67.35,67.09,67.25,478693.0,0.006887258571642407,13.36
2013-01-14,66.5,66.86,66.34,66.58,336869.0,-0.009962825278810428,13.52
2013-01-15,66.604,67.16,66.585,66.9572,603204.0,0.005665364974466902,13.55
2013-01-16,66.98,67.29,66.95,67.13,295904.0,0.0025807530780856958,13.42
2013-01-17,67.62,68.3,67.62,68.29,462774.0,0.017279904662595102,13.57
2013-01-18,68.11,68.38,67.906,68.04,279045.0,-0.0036608581051398303,12.46
2013-01-22,68.1605,68.22,67.74,67.97,579547.0,-0.0010288065843622185,12.43
2013-01-23,68.62,68.66,68.31,68.61,335257.0,0.009415918787700539,12.46
2013-01-24,68.43,68.7,68.39,68.575,493402.0,-0.0005101297186999032,12.69
2013-01-25,68.72,69.42,68.66,69.37,367277.0,0.011593146190302717,12.89
2013-01-28,69.333,69.67,69.2,69.65,398859.0,0.004036326942482349,13.57
2013-01-29,69.66,70.7,69.66,69.85,386331.0,0.002871500358937462,13.31
2013-01-30,69.864,70.44,69.85,70.14,610365.0,0.0041517537580531005,14.32
2013-01-31,70.206,70.54,70.118,70.32,382080.0,0.002566295979469446,14.28
2013-02-01,70.66,70.88,70.17,70.3,618894.0,-0.00028441410693968994,12.9
2013-02-04,69.825,69.91,69.52,69.67,278518.0,-0.00896159317211942,14.67
2013-02-05,69.8,70.06,69.69,69.909,332186.0,0.003430457872829029,13.72
2013-02-06,69.75,70.7343,69.75,70.7343,285690.0,0.01180534695103641,13.41
2013-02-07,69.96,70.2866,69.21,69.34,1450969.0,-0.0197117947021459,13.5
2013-02-08,69.61,69.94,69.6,69.92,448226.0,0.008364580328814597,13.02
2013-02-11,70.253,70.34,69.89,70.1,659466.0,0.0025743707093819346,12.94
2013-02-12,70.253,70.34,69.89,70.1,0.0,0.0,12.64
2013-02-13,70.412,70.55,70.15,70.17,467026.0,0.0009985734664765822,12.98
2013-02-14,68.19,68.71,68.08,68.7,1416854.0,-0.020949123557075677,12.66
2013-02-15,68.84,68.93,68.52,68.69,864911.0,-0.00014556040756918964,12.46
2013-02-19,69.08,69.7,69.08,69.47,459096.0,0.011355364681904234,12.31
2013-02-20,69.865,69.92,69.48,69.48,354559.0,0.0001439470274939847,14.68
2013-02-21,68.858,69.1,68.68,68.79,1005505.0,-0.00993091537132984,15.22
2013-02-22,69.06,69.35,68.989,69.311,916083.0,0.007573775258031601,14.17
2013-02-25,69.67,70.0,69.469,69.65,696302.0,0.00489099854279984,18.99
2013-02-26,69.52,69.81,69.26,69.5,609245.0,-0.002153625269203263,16.87
2013-02-27,69.156,69.41,69.09,69.37,623112.0,-0.0018705035971222639,14.73
2013-02-28,69.694,70.25,69.56,69.97,534644.0,0.00864927201960497,15.51
2013-03-01,69.309,69.44,69.05,69.16,348691.0,-0.011576389881377769,15.36
2013-03-04,69.24,69.9,69.13,69.89,480268.0,0.010555234239444822,14.01
2013-03-05,70.72,70.9,70.5,70.84,305785.0,0.013592788667906808,13.48
2013-03-06,70.143,70.15,69.77,69.77,469661.0,-0.015104460756634741,13.53
2013-03-07,71.08,71.23,70.862,71.05,436167.0,0.018345993980220632,13.06
2013-03-08,70.58,70.98,70.41,70.86,767733.0,-0.0026741731175228267,12.59
2013-03-11,71.1,71.54,71.01,71.4,279960.0,0.007620660457239747,11.56
2013-03-12,71.55,72.11,71.34,72.04,1902697.0,0.008963585434173638,12.27
2013-03-13,71.733,71.86,71.55,71.77,1507554.0,-0.0037479178234315347,11.83
2013-03-14,71.944,72.75,71.86,72.73,275839.0,0.013376062421624813,11.3
2013-03-15,73.3,73.43,72.9,73.35,291331.0,0.00852468032448761,11.3
2013-03-18,72.245,72.73,72.2,72.36,230179.0,-0.013496932515337345,13.36
2013-03-19,72.68,72.87,71.8,72.18,371579.0,-0.0024875621890546595,14.39
2013-03-20,72.45,72.73,72.27,72.509,252707.0,0.004558049321141455,12.67
2013-03-21,72.09,72.3,71.87,72.07,350990.0,-0.0060544208305176594,13.99
2013-03-22,71.885,72.42,71.87,72.18,487106.0,0.0015262938809492699,13.57
2013-03-25,71.995,72.16,71.61,71.61,432631.0,-0.00789692435577738,13.74
2013-03-26,71.51,71.68,71.25,71.62,376669.0,0.00013964530093568683,12.77
2013-03-27,70.894,71.61,70.77,71.41,330419.0,-0.002932141859815829,13.15
2013-03-28,72.05,72.7,71.95,72.47,379017.0,0.014843859403445014,12.7
2013-04-01,72.45,72.695,72.44,72.68,284576.0,0.002897750793431797,13.58
2013-04-02,73.2,73.53,73.1,73.45,373271.0,0.010594386351128193,12.78
2013-04-03,73.676,73.9,73.38,73.64,450065.0,0.002586793737236137,14.21
2013-04-04,72.45,73.2,72.45,73.18,681669.0,-0.006246605105920566,13.89
2013-04-05,71.69,72.57,71.58,72.56,2268113.0,-0.008472260180377167,13.92
2013-04-08,72.7,72.9,72.65,72.87,487201.0,0.00427232635060637,13.19
2013-04-09,71.985,72.24,71.56,72.05,513763.0,-0.011252916152051706,12.84
2013-04-10,72.23,72.8,72.15,72.79,343261.0,0.010270645385149324,12.36
2013-04-11,72.72,72.85,72.28,72.43,381082.0,-0.0049457343041626745,12.24
2013-04-12,72.66,72.74,72.31,72.4,286357.0,-0.00041419301394451935,12.06
2013-04-15,70.58,70.72,70.23,70.47,407722.0,-0.026657458563535963,17.27
2013-04-16,71.093,71.72,71.0,71.69,248353.0,0.017312331488576582,13.96
2013-04-17,70.656,70.82,69.0,69.17,594620.0,-0.03515134607337145,16.51
2013-04-18,69.545,70.01,69.27,69.76,364413.0,0.008529709411594588,17.56
2013-04-19,69.81,70.2,69.75,70.09,330416.0,0.004730504587155959,14.97
2013-04-22,69.977,69.98,69.67,69.95,172713.0,-0.0019974318733058105,14.39
2013-04-23,70.18,70.53,70.15,70.21,1118480.0,0.0037169406719084197,13.48
2013-04-24,70.49,70.65,70.211,70.45,505410.0,0.0034183164791341536,13.61
2013-04-25,70.05,70.2,69.62,70.05,349335.0,-0.005677785663591228,13.62
2013-04-26,69.94,70.17,69.72,69.828,299187.0,-0.0031691648822268492,13.61
2013-04-29,70.38,71.25,70.38,71.25,452818.0,0.02036432376697017,13.71
2013-04-30,70.833,71.38,70.79,71.23,333520.0,-0.0002807017543858814,13.52
2013-05-01,71.43,71.43,71.05,71.19,548026.0,-0.0005615611399691911,14.49
2013-05-02,70.91,70.91,70.55,70.89,463631.0,-0.004214075010535168,13.59
2013-05-03,70.2,70.88,70.2,70.48,398618.0,-0.005783608407391672,12.85
2013-05-06,70.26,70.3,70.1,70.3,389885.0,-0.0025539160045403575,12.66
2013-05-07,70.36,70.53,70.09,70.46,322777.0,0.002275960170696978,12.83
2013-05-08,70.51,71.49,70.51,71.49,303491.0,0.014618223105308026,12.66
2013-05-09,71.39,71.46,70.35,70.46,447025.0,-0.014407609455867942,13.13
2013-05-10,69.94,70.05,69.45,69.85,540428.0,-0.00865739426625034,12.59
2013-05-13,70.103,70.18,69.65,69.92,312195.0,0.001002147458840419,12.55
2013-05-14,70.085,70.344,69.6,69.72,359091.0,-0.0028604118993135197,12.77
2013-05-15,69.69,70.67,69.59,70.62,502714.0,0.012908777969019125,12.81
2013-05-16,69.55,69.79,69.01,69.1,711245.0,-0.021523647691872094,13.07
2013-05-17,68.81,69.59,68.67,69.54,742799.0,0.00636758321273545,12.45
2013-05-20,69.55,69.8,69.49,69.73,987085.0,0.002732240437158362,13.02
2013-05-21,68.615,69.39,68.17,69.11,659698.0,-0.008891438405277619,13.37
2013-05-22,68.565,69.29,68.42,68.65,2080160.0,-0.006656055563594165,13.82
2013-05-23,68.3,68.43,67.7,67.97,883312.0,-0.009905316824472044,14.07
2013-05-24,68.55,68.58,68.0,68.3,3131938.0,0.004855083124908122,13.99
2013-05-28,67.82,67.87,67.19,67.23,680884.0,-0.015666178623718774,14.48
2013-05-29,67.27,67.67,67.07,67.31,1216554.0,0.0011899449650454308,14.83
2013-05-30,67.75,68.15,67.64,68.0685,431552.0,0.0112687564997771,14.53
2013-05-31,66.41,66.45,66.01,66.32,1300250.0,-0.025687359057420256,16.3
2013-06-03,65.78,66.16,65.45,65.69,3994375.0,-0.009499396863691167,16.28
2013-06-04,67.369,67.57,67.1,67.34,1812269.0,0.025117978383315753,16.27
2013-06-05,67.52,67.55,66.73,66.875,623611.0,-0.006905256905257007,17.5
2013-06-06,66.66,66.98,66.42,66.75,499665.0,-0.0018691588785046953,16.63
2013-06-07,66.595,67.79,66.55,67.46,1228350.0,0.010636704119850071,15.14
2013-06-10,67.2,67.45,66.86,67.38,273350.0,-0.0011858879335902017,15.44
2013-06-11,66.31,67.11,66.16,66.9,469146.0,-0.007123775601068361,17.07
2013-06-12,67.73,67.73,67.15,67.34,348532.0,0.006576980568011814,18.59
2013-06-13,66.68,67.4,66.56,67.33,458131.0,-0.00014850014850020798,16.41
2013-06-14,66.88,67.2,66.78,66.929,237444.0,-0.005955740383187247,17.15
2013-06-17,67.34,67.75,67.34,67.62,420185.0,0.010324373589923663,16.8
2013-06-18,67.55,67.75,67.38,67.59,950902.0,-0.0004436557231588534,16.61
2013-06-19,67.76,68.15,67.1,67.15,822805.0,-0.006509838733540385,16.64
2013-06-20,66.53,66.56,65.86,66.04,948591.0,-0.01653015636634403,20.49
2013-06-21,65.853,65.95,64.7,65.24,1034086.0,-0.012113870381587066,18.9
2013-06-24,63.57,64.22,63.38,64.09,1319808.0,-0.01762722256284477,20.11
2013-06-25,63.82,64.46,63.4,64.43,1319339.0,0.0053050397877985045,18.47
2013-06-26,64.58,65.03,64.53,64.81,1367710.0,0.00589787366133776,17.21
2013-06-27,64.91,65.5,64.85,65.46,1234810.0,0.010029316463508575,16.86
2013-06-28,65.5,65.81,65.33,65.78,663569.0,0.00488848151542931,16.86
2013-07-01,65.88,66.47,65.82,66.37,1328712.0,0.008969291577987315,16.37
2013-07-02,65.61,66.05,65.371,65.99,1280609.0,-0.005725478378785787,16.44
2013-07-03,65.34,65.64,65.14,65.5,444605.0,-0.007425367479921174,16.2
2013-07-05,65.213,65.327,64.8,65.25,384998.0,-0.003816793893129722,14.89
2013-07-08,65.15,65.48,64.97,65.46,871323.0,0.003218390804597515,14.78
2013-07-09,65.23,65.24,64.8154,65.08,2335821.0,-0.005805071799572237,14.35
2013-07-10,65.35,65.94,65.31,65.79,733792.0,0.010909649661954735,14.21
2013-07-11,67.13,67.94,67.05,67.85,2318551.0,0.031311749506003794,14.01
2013-07-12,67.62,67.8568,67.25,67.35,1256513.0,-0.007369196757553431,13.84
2013-07-15,67.41,67.65,67.25,67.65,334934.0,0.0044543429844099425,13.79
2013-07-16,67.79,68.21,67.739,68.15,917099.0,0.007390983000739038,14.42
2013-07-17,68.1005,68.12,67.51,67.96,463565.0,-0.0027879677182687246,13.78
2013-07-18,67.2805,67.3,66.83,67.03,548555.0,-0.013684520306062264,13.77
2013-07-19,66.84,67.34,66.7,67.25,520620.0,0.0032821124869462093,12.54
2013-07-22,67.0,67.4,66.9965,67.36,641464.0,0.0016356877323420171,12.29
2013-07-23,66.69,67.27,66.54,67.19,1069808.0,-0.002523752969121218,12.66
2013-07-24,67.16,67.316,66.85,67.09,780838.0,-0.001488316713796567,13.18
2013-07-25,66.815,67.55,66.7,67.55,636079.0,0.006856461469667563,12.97
2013-07-26,66.955,67.23,66.65,66.9,669151.0,-0.009622501850480969,12.72
2013-07-29,66.796,66.94,66.67,66.84,259137.0,-0.0008968609865470656,13.39
2013-07-30,66.97,67.0,66.586,66.73,360845.0,-0.0016457211250747728,13.39
2013-07-31,67.18,68.25,67.14,67.975,1575554.0,0.01865727558819108,13.45
2013-08-01,68.14,68.24,68.0,68.09,639991.0,0.0016917984553146415,12.94
2013-08-02,68.66,69.65,68.66,69.6,468426.0,0.02217653106182982,11.98
2013-08-05,69.17,69.65,69.1,69.4139,652238.0,-0.0026738505747125885,11.84
2013-08-06,70.71,70.83,70.15,70.27,842672.0,0.01233326466312934,12.72
2013-08-07,69.83,70.5,69.74,70.46,214033.0,0.0027038565532944148,12.98
2013-08-08,68.55,69.14,68.37,69.005,555486.0,-0.020650014192449606,12.73
2013-08-09,67.715,67.96,67.5803,67.78,749726.0,-0.017752336787189238,13.41
2013-08-12,67.455,67.6,67.301,67.5,298600.0,-0.004131012097964071,12.81
2013-08-13,67.18,67.4821,66.88,67.4,307299.0,-0.001481481481481417,12.31
2013-08-14,67.29,67.38,67.11,67.31,726854.0,-0.0013353115727003928,13.04
2013-08-15,66.71,67.5,66.41,67.46,378857.0,0.002228495023027577,14.73
2013-08-16,67.4915,67.54,66.8,66.9,515209.0,-0.008301215535131745,14.37
2013-08-19,67.1,67.15,66.75,66.8,516189.0,-0.001494768310911887,15.1
2013-08-20,67.45,67.75,67.45,67.71,341723.0,0.013622754491017908,14.91
2013-08-21,67.065,67.17,66.55,66.71,384148.0,-0.01476886722788362,15.94
2013-08-22,67.155,67.448,67.01,67.36,242080.0,0.009743666616699231,14.76
2013-08-23,67.125,67.7,67.09,67.5038,601534.0,0.0021347980997623583,13.98
2013-08-26,67.57,68.02,67.5,67.93,811064.0,0.006313718635099219,14.99
2013-08-27,67.4175,67.63,67.02,67.05,400464.0,-0.012954511997644746,16.77
2013-08-28,66.6,66.61,66.2,66.32,333265.0,-0.010887397464578785,16.49
2013-08-29,65.26,65.306,65.1,65.18,547677.0,-0.01718938480096477,16.81
2013-08-30,65.487,65.61,65.36,65.45,670501.0,0.0041423749616447125,17.01
2013-09-03,65.54,65.55,65.096,65.28,392558.0,-0.0025974025974025983,16.61
2013-09-04,64.8,65.3,64.77,65.27,424271.0,-0.00015318627450988664,15.88
2013-09-05,64.77,64.9,64.32,64.73,875419.0,-0.008273326183545149,15.77
2013-09-06,65.17,65.49,65.1,65.26,737908.0,0.0081878572532057,15.85
2013-09-09,65.26,65.571,65.14,65.55,759705.0,0.004443763407906642,15.63
2013-09-10,65.7,66.04,65.7,66.01,912037.0,0.007017543859649145,14.53
2013-09-11,66.0,66.44,66.0,66.34,3112244.0,0.0049992425390092965,13.82
2013-09-12,66.38,66.73,66.06,66.12,2167864.0,-0.0033162496231534666,14.29
2013-09-13,66.667,66.97,66.425,66.9,2156532.0,0.011796733212341204,14.16
2013-09-16,67.63,67.73,66.9,66.95,1976285.0,0.0007473841554559435,14.38
2013-09-17,67.3,67.361,66.8,67.17,2029089.0,0.0032860343539955483,14.53
2013-09-18,67.7,69.33,67.55,69.24,918536.0,0.030817329164805507,13.59
2013-09-19,70.08,70.17,69.53,69.78,691954.0,0.0077989601386483365,13.16
2013-09-20,69.79,70.0,69.69,69.85,534418.0,0.0010031527658354022,13.12
2013-09-23,70.049,70.07,69.44,69.8,631456.0,-0.0007158196134573469,14.31
2013-09-24,69.505,69.65,69.25,69.47,677212.0,-0.004727793696275073,14.08
2013-09-25,69.5,69.57,69.25,69.28,348569.0,-0.0027349935223837107,14.01
2013-09-26,69.51,69.782,69.38,69.67,556569.0,0.0056293302540415535,14.06
2013-09-27,69.8325,70.03,69.8,69.98,350525.0,0.0044495478685231404,15.46
2013-09-30,69.809,69.98,69.52,69.6,637902.0,-0.005430122892255085,16.6
2013-10-01,69.49,69.79,69.22,69.77,395034.0,0.002442528735632221,15.54
2013-10-02,68.76,69.22,68.68,69.22,370935.0,-0.007883044288376051,16.6
2013-10-03,69.05,69.32,68.85,69.15,567373.0,-0.0010112684195318078,17.67
2013-10-04,68.76,68.91,68.5,68.6,596436.0,-0.007953723788864941,16.74
2013-10-07,68.0,68.47,67.91,68.28,838508.0,-0.004664723032069884,19.41
2013-10-08,67.81,68.03,67.33,67.37,703310.0,-0.01332747510251897,20.34
2013-10-09,66.755,67.2,66.55,67.08,789453.0,-0.0043045866112514375,19.6
2013-10-10,67.045,67.84,67.0,67.7386,782284.0,0.009818127608825389,16.48
2013-10-11,67.74,68.19,67.64,68.16,1320941.0,0.006220972975526484,15.72
2013-10-14,68.175,68.21,67.93,68.1,471502.0,-0.0008802816901408717,16.07
2013-10-15,68.09,68.23,67.91,68.17,789520.0,0.0010279001468429527,18.66
2013-10-16,67.88,68.04,67.69,68.02,357996.0,-0.0022003813994426746,14.71
2013-10-17,70.83,71.24,70.72,71.22,1197406.0,0.047044986768597585,13.48
2013-10-18,71.69,72.12,71.65,72.06,442762.0,0.011794439764111209,13.04
2013-10-22,72.19,73.21,72.19,73.07,360932.0,0.014016097696363916,13.33
2013-10-23,73.03,73.28,72.85,73.25,350717.0,0.0024633912686466974,13.42
2013-10-24,73.53,73.73,73.363,73.57,1122603.0,0.004368600682593815,13.2
2013-10-25,73.54,73.63,73.16,73.63,311934.0,0.0008155498165012265,13.09
2013-10-28,73.19,73.54,73.05,73.38,381855.0,-0.0033953551541491267,13.31
2013-10-29,73.58,73.73,73.2,73.54,248321.0,0.0021804306350505787,13.41
2013-10-30,73.45,73.45,72.66,72.94,435530.0,-0.008158825129181535,13.65
2013-10-31,72.34,72.67,72.04,72.41,649715.0,-0.007266246229777895,13.75
2013-11-01,71.83,71.97,71.479,71.89,336567.0,-0.007181328545780907,13.28
2013-11-04,72.03,72.25,72.0,72.22,406719.0,0.004590346362498332,12.93
2013-11-05,71.38,71.81,71.12,71.68,317207.0,-0.007477153143173543,13.27
2013-11-06,72.37,72.44,72.1,72.27,464391.0,0.00823102678571419,12.67
2013-11-07,72.2,72.94,71.0,72.06,167249.0,-0.002905770029057564,13.91
2013-11-08,71.72,72.03,71.51,71.97,183905.0,-0.0012489592006661443,12.9
2013-11-11,71.77,71.94,71.7,71.85,169732.0,-0.0016673614005836557,12.53
2013-11-12,72.33,72.55,72.03,72.13,316782.0,0.0038970076548365817,12.82
2013-11-13,72.2,72.8,71.8,72.72,344657.0,0.008179675585747948,12.52
2013-11-14,72.92,73.24,72.77,73.1,516257.0,0.0052255225522550575,12.37
2013-11-15,73.15,73.16,72.9,73.085,262142.0,-0.00020519835841315004,12.19
2013-11-18,74.24,74.33,73.55,73.61,262461.0,0.007183416569747525,13.1
2013-11-19,73.8,74.35,73.8,73.9,234878.0,0.003939682108409226,13.39
2013-11-20,74.04,74.0555,73.0,73.05,297313.0,-0.01150202976995951,13.4
2013-11-21,73.3,73.45,73.161,73.36,296814.0,0.004243668720054883,12.66
2013-11-22,73.46,73.75,73.27,73.73,624369.0,0.005043620501635759,12.26
2013-11-25,73.65,74.02,70.71,73.73,468304.0,0.0,12.79
2013-11-26,73.03,73.42,73.0,73.3,368237.0,-0.005832090058320971,12.81
2013-11-27,73.16,73.22,72.84,72.981,308799.0,-0.004351978171896365,12.98
2013-11-29,73.07,73.33,72.94,73.11,170978.0,0.0017675833436101573,13.7
2013-12-02,72.4,72.6,72.13,72.13,388640.0,-0.01340445903433185,14.23
2013-12-03,71.857,72.01,71.61,71.8,367282.0,-0.004575072785248824,14.55
2013-12-04,71.28,71.6907,71.15,71.52,424771.0,-0.003899721448467952,14.7
2013-12-05,71.76,72.17,71.73,72.06,610470.0,0.007550335570469802,15.08
2013-12-06,72.89,73.36,72.85,73.24,298948.0,0.016375242853177818,13.79
2013-12-09,73.305,73.77,73.2,73.65,494193.0,0.005598033861278218,13.49
2013-12-10,73.39,73.45,73.04,73.16,1530904.0,-0.006653088934148066,13.91
2013-12-11,73.55,73.56,73.05,73.14,1063090.0,-0.0002733734281027411,15.42
2013-12-12,72.27,72.38,71.67,71.77,474077.0,-0.018731200437517193,15.54
2013-12-13,71.3,71.39,70.83,71.16,930133.0,-0.008499372997073928,15.76
2013-12-16,71.5,71.52,71.26,71.47,594098.0,0.004356379988757819,16.03
2013-12-17,71.52,72.12,71.52,72.02,574860.0,0.007695536588778529,16.21
2013-12-18,71.48,72.03,71.26,71.53,531379.0,-0.006803665648430934,13.8
2013-12-19,71.045,71.65,70.9,71.56,1187962.0,0.00041940444568711044,14.15
2013-12-20,71.83,72.47,71.83,72.38,1356635.0,0.011458915595304653,13.79
2013-12-23,72.195,72.55,72.1,72.43,1112796.0,0.0006907985631392499,13.04
2013-12-24,72.27,72.63,72.27,72.619,293257.0,0.00260941598785025,12.48
2013-12-26,72.513,77.85,72.51,72.88,364304.0,0.0035941007174429274,12.33
2013-12-27,73.55,73.8,73.314,73.54,342154.0,0.00905598243688277,12.46
2013-12-30,73.46,73.81,73.37,73.8,310844.0,0.00353549088931171,13.56
2013-12-31,73.5,73.85,73.47,73.59,286321.0,-0.0028455284552845184,13.72
2014-01-02,72.71,72.84,72.24,72.84,823913.0,-0.01019160211985326,14.23
2014-01-03,72.42,73.5,72.33,73.37,444595.0,0.0072762218561230885,13.76
2014-01-06,72.66,73.22,72.57,73.06,311710.0,-0.004225160147199203,13.55
2014-01-07,73.53,73.72,73.2,73.276,706819.0,0.0029564741308512055,12.92
2014-01-08,72.63,73.17,72.4,72.78,724422.0,-0.0067689284349581325,12.87
2014-01-09,72.36,72.76,72.11,72.27,650707.0,-0.007007419620775002,12.89
2014-01-10,72.82,73.35,72.8,73.06,314452.0,0.010931230109312295,12.14
2014-01-13,73.11,73.76,73.11,73.57,534795.0,0.006980563920065519,13.28
2014-01-14,73.58,73.8,73.47,73.62,440567.0,0.0006796248470846145,12.28
2014-01-15,73.09,73.55,73.0,73.53,586348.0,-0.0012224938875305957,12.28
2014-01-16,74.66,74.86,74.49,74.78,446971.0,0.016999864001087994,12.53
2014-01-17,74.59,74.76,74.15,74.34,454479.0,-0.005883926183471444,12.44
2014-01-21,75.85,75.93,75.4,75.65,309385.0,0.017621737960721084,12.87
2014-01-22,75.47,75.78,75.28,75.65,398712.0,0.0,12.84
2014-01-23,76.27,76.42,75.7,76.272,348441.0,0.008222075346992819,13.77
2014-01-24,75.035,75.18,74.53,74.53,307311.0,-0.022839311936228346,18.14
2014-01-27,74.12,74.34,73.84,74.05,299811.0,-0.006440359586743605,17.42
2014-01-28,74.02,74.33,73.88,74.12,320470.0,0.000945307224848202,15.8
2014-01-29,73.7,74.0,73.43,73.64,222865.0,-0.0064759848893686245,17.35
2014-01-30,73.13,73.39,72.75,73.04,285776.0,-0.008147745790331284,17.29
2014-01-31,71.9,72.87,71.79,72.65,243334.0,-0.005339539978094221,18.41
2014-02-03,73.19,73.5,72.14,72.16,517896.0,-0.006744666207845973,21.44
2014-02-04,71.84,72.08,71.5,71.75,409469.0,-0.005681818181818121,19.11
2014-02-05,71.8405,72.35,71.78,72.17,438969.0,0.005853658536585371,19.95
2014-02-06,73.62,74.16,73.6,74.0,769009.0,0.02535679645281963,17.23
2014-02-07,74.91,75.71,74.76,75.68,516203.0,0.022702702702702693,15.29
2014-02-10,75.42,75.45,75.07,75.45,1082319.0,-0.0030391120507400338,15.26
2014-02-11,74.35,74.95,74.28,74.71,509575.0,-0.009807819748177682,14.51
2014-02-12,74.48,74.78,74.4,74.73,288752.0,0.0002677017802170667,14.3
2014-02-13,73.75,74.26,73.52,74.24,353355.0,-0.006556938311253924,14.14
2014-02-14,73.65,74.29,73.59,74.22,345016.0,-0.00026939655172408816,13.57
2014-02-18,74.0,74.1702,73.83,74.05,459755.0,-0.002290487739153857,13.87
2014-02-19,73.9,74.28,73.79,73.8,277736.0,-0.0033760972316002613,15.5
2014-02-20,73.85,73.85,73.61,73.65,352400.0,-0.00203252032520318,14.79
2014-02-21,74.18,74.6,74.16,74.47,699244.0,0.0111337406653087,14.68
2014-02-24,74.42,74.97,74.29,74.81,550386.0,0.004565596884651635,14.23
2014-02-25,74.92,75.21,74.6,75.11,370932.0,0.004010159069643082,13.67
2014-02-26,74.78,74.92,74.42,74.9,316029.0,-0.002795899347623365,14.35
2014-02-27,74.815,75.03,74.59,75.01,262625.0,0.001468624833110832,14.04
2014-02-28,75.34,75.63,75.32,75.44,344087.0,0.005732568990801212,14.0
2014-03-03,74.75,75.78,74.45,74.59,339480.0,-0.01126723223753967,16.0
2014-03-04,75.09,75.48,75.09,75.35,533915.0,0.010189033382490775,14.1
2014-03-05,75.26,75.6,75.17,75.35,270045.0,0.0,13.89
2014-03-06,75.95,76.23,75.9,76.04,218426.0,0.009157266091572858,14.21
2014-03-07,75.8,75.93,75.53,75.9,452922.0,-0.0018411362440821089,14.11
2014-03-10,75.58,75.8,75.35,75.76,188946.0,-0.0018445322793149144,14.2
2014-03-11,75.41,75.6,75.16,75.28,540704.0,-0.006335797254487963,14.8
2014-03-12,74.78,75.14,74.67,75.1,466246.0,-0.0023910733262487716,14.47
2014-03-13,74.9845,75.1,73.66,73.85,416879.0,-0.01664447403462055,16.22
2014-03-14,73.65,73.94,73.34,73.485,376878.0,-0.004942450914014795,17.82
2014-03-17,73.67,74.18,73.56,73.74,310478.0,0.00347009593794656,15.64
2014-03-18,73.87,74.5,73.85,74.4,288382.0,0.008950366151342593,14.52
2014-03-19,74.3,74.3631,73.17,73.47,296254.0,-0.012500000000000067,15.12
2014-03-20,72.63,73.15,72.5,73.0,470262.0,-0.006397168912481321,14.52
2014-03-21,73.59,73.78,73.21,73.37,250562.0,0.005068493150685027,15.0
2014-03-24,73.265,73.95,72.92,73.6,328683.0,0.0031347962382444194,15.09
2014-03-25,74.272,74.99,74.16,74.88,442545.0,0.01739130434782621,14.02
2014-03-26,75.22,75.4,74.77,74.82,350748.0,-0.0008012820512820484,14.93
2014-03-27,75.175,75.25,74.74,74.94,184942.0,0.001603849238171584,14.62
2014-03-28,74.84,74.95,74.55,74.88,520380.0,-0.0008006405124099114,14.41
2014-03-31,75.61,75.87,75.18,75.22,519361.0,0.0045405982905983855,13.88
2014-04-01,75.1,75.41,75.05,75.26,637116.0,0.0005317734645042815,13.1
2014-04-02,76.38,76.56,75.97,76.16,564558.0,0.01195854371512084,13.09
2014-04-03,76.04,76.16,75.66,75.9,361381.0,-0.0034138655462183642,13.37
2014-04-04,75.71,75.77,75.42,75.48,590120.0,-0.005533596837944632,13.96
2014-04-07,75.53,75.9,75.48,75.76,284185.0,0.0037095919448861814,15.57
2014-04-08,77.07,77.67,77.07,77.67,494248.0,0.0252111932418162,14.89
2014-04-09,77.4,78.05,77.12,78.05,638141.0,0.0048924938843826205,13.82
2014-04-10,77.52,77.97,77.34,77.58,399014.0,-0.006021780909673313,15.89
2014-04-11,76.92,77.45,76.92,77.13,227652.0,-0.0058004640371229765,17.03
2014-04-14,76.35,76.42,75.8,76.055,432203.0,-0.013937508103202267,16.11
2014-04-15,76.3,76.42,75.55,76.11,436535.0,0.0007231608704225678,15.61
2014-04-16,75.85,75.85,75.36,75.8,410457.0,-0.0040730521613454584,14.18
2014-04-17,75.69,76.38,75.65,76.3,454081.0,0.006596306068601621,13.36
2014-04-21,76.36,76.42,76.06,76.25,201974.0,-0.000655307994757548,13.25
2014-04-22,76.16,76.174,75.87,75.98,308806.0,-0.003540983606557302,13.19
2014-04-23,76.12,76.23,75.84,76.07,407083.0,0.001184522242695385,13.27
2014-04-24,75.725,76.24,75.53,76.08,245840.0,0.00013145786775337065,13.32
2014-04-25,76.24,76.3,75.83,75.96,369708.0,-0.001577287066246158,14.06
2014-04-28,76.2,76.4,75.99,76.33,171275.0,0.00487098472880465,13.97
2014-04-29,76.38,76.59,76.24,76.3,209452.0,-0.0003930302633302629,13.71
2014-04-30,77.21,77.35,76.88,77.18,202908.0,0.011533420707732667,13.41
2014-05-01,77.19,77.45,77.18,77.26,151216.0,0.0010365379632029104,13.25
2014-05-02,76.64,77.21,76.64,77.14,262298.0,-0.0015531969971525061,12.91
2014-05-05,76.67,77.62,76.65,77.51,683422.0,0.0047964739434793735,13.29
2014-05-06,77.41,77.66,77.37,77.6,438425.0,0.0011611404980000906,13.8
2014-05-07,78.13,78.7,77.96,78.58,338706.0,0.012628865979381398,13.4
2014-05-08,78.0,78.12,77.7,77.7,246652.0,-0.011198778315092861,13.43
2014-05-09,77.92,78.0,77.79,78.0,224748.0,0.0038610038610038533,12.92
2014-05-12,78.2,78.8,78.2,78.79,1904205.0,0.010128205128205225,12.23
2014-05-13,78.18,78.4407,77.81,78.36,1990147.0,-0.005457545373778516,12.13
2014-05-14,78.57,78.93,78.47,78.8,1634711.0,0.005615109749872449,12.17
2014-05-15,79.34,80.25,79.3,80.15,2078104.0,0.017131979695431676,13.17
2014-05-16,80.53,80.65,80.08,80.3,445917.0,0.0018714909544603753,12.44
2014-05-19,79.75,79.93,79.43,79.64,354002.0,-0.008219178082191747,12.42
2014-05-20,79.02,79.37,78.78,79.02,605625.0,-0.007785032646911105,12.96
2014-05-21,78.95,79.04,78.78,78.9,470859.0,-0.0015186028853453326,11.91
2014-05-22,78.66,78.7,78.4,78.45,643511.0,-0.005703422053231932,12.03
2014-05-23,78.0335,78.45,77.92,78.0,1185713.0,-0.005736137667304075,11.36
2014-05-27,77.55,77.74,77.36,77.545,460787.0,-0.005833333333333357,11.51
2014-05-28,77.77,78.15,77.69,77.79,342409.0,0.003159455799858213,11.68
2014-05-29,77.99,78.17,77.87,78.09,229342.0,0.0038565368299265934,11.57
2014-05-30,78.4,78.62,78.2,78.575,515450.0,0.006210782430528861,11.4
2014-06-02,78.37,78.37,78.16,78.34,396357.0,-0.002990773146675174,11.58
2014-06-03,78.49,78.66,78.35,78.54,268245.0,0.0025529742149603685,11.87
2014-06-04,78.35,78.46,78.02,78.4,562140.0,-0.0017825311942959443,12.08
2014-06-05,77.745,78.21,77.62,78.1,289742.0,-0.003826530612245027,11.68
2014-06-06,76.98,77.4,76.81,77.3,535804.0,-0.010243277848911658,10.73
2014-06-09,77.1,77.22,76.87,77.1,474341.0,-0.002587322121604174,11.15
2014-06-10,77.425,77.69,77.32,77.385,637990.0,0.003696498054474917,10.99
2014-06-11,77.54,77.61,77.2,77.346,515160.0,-0.0005039736383020132,11.6
2014-06-12,77.281,77.37,77.1,77.21,358272.0,-0.0017583326868876314,12.56
2014-06-13,76.975,77.24,76.85,77.07,413150.0,-0.0018132366273798661,12.18
2014-06-16,77.03,77.41,76.99,77.41,295910.0,0.004411573893862819,12.65
2014-06-17,77.2,77.41,77.1,77.29,240403.0,-0.0015501873143003442,12.06
2014-06-18,77.29,77.63,77.08,77.6,390947.0,0.004010868158881964,10.61
2014-06-19,77.9,78.04,77.66,77.66,194169.0,0.000773195876288657,10.62
2014-06-20,77.84,78.07,77.75,77.89,445295.0,0.0029616276075199455,10.85
2014-06-23,78.11,78.23,77.91,78.1,226677.0,0.0026961098985749388,10.98
2014-06-24,78.19,78.3,77.21,78.03,344478.0,-0.0008962868117796674,12.13
2014-06-25,77.365,77.61,77.32,77.495,387325.0,-0.006856337306164306,11.59
2014-06-26,76.98,77.05,76.65,76.97,382546.0,-0.006774630621330435,11.63
2014-06-27,77.22,77.25,76.9,77.19,443310.0,0.002858256463557307,11.26
2014-06-30,77.26,77.67,77.22,77.67,956816.0,0.0062184220753984665,11.57
2014-07-01,78.22,78.59,78.14,78.42,442659.0,0.009656237929702494,11.15
2014-07-02,77.9845,78.06,77.82,78.01,345614.0,-0.00522825809742411,10.82
2014-07-03,77.94,78.35,77.82,78.252,158747.0,0.0031021663889243545,10.32
2014-07-07,77.21,77.35,77.08,77.22,393073.0,-0.013188161324950154,11.33
2014-07-08,76.985,77.31,76.985,77.285,357988.0,0.0008417508417508657,11.98
2014-07-09,76.97,77.31,76.84,77.27,472652.0,-0.00019408682150479084,11.65
2014-07-10,76.725,77.0,76.65,76.93,212208.0,-0.004400155299598696,12.59
2014-07-11,76.52,76.92,76.5,76.92,241598.0,-0.00012998830105293013,12.08
2014-07-14,77.48,77.75,77.38,77.48,248385.0,0.007280291211648526,11.82
2014-07-15,77.1,77.16,76.6,76.685,297805.0,-0.010260712441920505,11.96
2014-07-16,76.97,77.05,76.63,76.83,260907.0,0.0018908521875202755,11.0
2014-07-17,77.15,77.92,76.85,76.945,239603.0,0.0014968111414810359,14.54
2014-07-18,76.8,77.15,76.7,77.09,162709.0,0.0018844629280656555,12.06
2014-07-21,76.83,76.97,76.62,76.86,147118.0,-0.002983525749124416,12.81
2014-07-22,77.15,77.15,76.86,76.9,202749.0,0.0005204267499350212,12.24
2014-07-23,77.4,77.55,77.33,77.46,211013.0,0.00728218465539654,11.52
2014-07-24,77.365,77.47,77.17,77.32,349534.0,-0.0018073844564936437,11.84
2014-07-25,76.81,76.87,76.3,76.64,313632.0,-0.008794619762027889,12.69
2014-07-28,76.64,76.67,76.1,76.45,256905.0,-0.0024791231732775865,12.56
2014-07-29,76.15,76.15,75.73,75.77,348042.0,-0.008894702419882328,13.28
2014-07-30,75.31,75.38,74.9,75.25,373186.0,-0.006862874488583803,13.33
2014-07-31,74.49,74.52,74.15,74.15,246476.0,-0.014617940199335488,16.95
2014-08-01,72.87,74.04,72.75,73.96,508526.0,-0.0025623735670938785,17.03
2014-08-04,73.63,73.63,73.23,73.48,566637.0,-0.006489994591670989,15.12
2014-08-05,73.87,74.0,73.3901,73.58,653637.0,0.0013609145345672147,16.87
2014-08-06,73.25,74.04,73.2,73.89,314082.0,0.00421310138624631,16.37
2014-08-07,76.64,76.69,76.03,76.12,840241.0,0.03017999729327392,16.66
2014-08-08,75.5935,76.32,75.505,76.32,708547.0,0.0026274303730948745,15.77
2014-08-11,75.975,76.0,75.72,75.79,638836.0,-0.006944444444444309,14.23
2014-08-12,75.59,75.81,75.49,75.755,237891.0,-0.00046180234859494185,14.13
2014-08-13,76.2,76.31,75.9511,76.0,762018.0,0.003234109959738607,12.9
2014-08-14,76.75,76.96,76.68,76.9,394538.0,0.011842105263157876,12.42
2014-08-18,76.985,77.2033,76.775,76.93,327370.0,0.00039011703511060425,12.32
2014-08-19,76.995,77.09,76.84,77.06,206954.0,0.0016898479136877587,12.21
2014-08-20,76.995,77.09,76.84,77.06,0.0,0.0,11.78
2014-08-21,77.2125,77.3,77.03,77.22,273326.0,0.002076304178562083,11.76
2014-08-22,76.85,76.85,76.41,76.575,203285.0,-0.008352758352758283,11.47
2014-08-25,76.85,76.85,76.41,76.575,0.0,0.0,11.7
2014-08-26,77.1,77.42,76.96,76.97,475896.0,0.005158341495266061,11.63
2014-08-27,77.3,77.6,77.14,77.57,455131.0,0.007795244900610454,11.78
2014-08-28,77.2,77.34,77.12,77.19,209979.0,-0.004898801082892867,12.05
2014-08-29,77.2,77.34,77.12,77.19,0.0,0.0,11.98
2014-09-02,77.81,77.95,77.64,77.795,498572.0,0.007837802824200102,12.25
2014-09-03,78.35,78.5182,78.09,78.2,368879.0,0.005205990102191693,12.36
2014-09-04,77.345,77.43,76.7,76.845,432297.0,-0.017327365728900257,12.64
2014-09-05,76.71,77.0,76.62,76.95,249613.0,0.001366386882686088,12.09
2014-09-08,76.71,77.0,76.62,76.95,0.0,0.0,12.66
2014-09-11,76.168,76.39,76.05,76.27,179627.0,-0.008836907082521162,12.8
2014-09-12,75.819,76.09,75.67,75.86,164306.0,-0.005375639176609326,13.31
2014-09-17,75.59,75.62,74.66,74.776,584985.0,-0.014289480622198814,12.65
2014-09-18,74.819,75.31,74.78,75.165,253618.0,0.005202203915694925,12.03
2014-09-19,75.035,75.08,74.64,74.7,313144.0,-0.0061863899421273905,12.11
2014-09-22,75.035,75.08,74.64,74.7,0.0,0.0,13.69
2014-09-23,75.035,75.08,74.64,74.7,0.0,0.0,14.93
2014-09-24,75.035,75.08,74.64,74.7,0.0,0.0,13.27
2014-09-25,73.275,73.31,73.05,73.2,358083.0,-0.02008032128514059,15.64
2014-09-26,73.275,73.31,73.05,73.2,0.0,0.0,14.85
2014-09-29,73.01,73.34,73.0,73.16,226405.0,-0.0005464480874317612,15.98
2014-09-30,73.035,73.73,73.02,73.63,1404766.0,0.006424275560415582,16.31
2014-10-01,72.995,73.3365,72.72,72.82,1507527.0,-0.01100095069944318,16.71
2014-10-02,72.674,72.73,72.2,72.48,601619.0,-0.004669046965119272,16.16
2014-10-03,72.674,72.73,72.2,72.48,0.0,0.0,14.55
2014-10-06,71.65,72.4099,71.62,72.22,463250.0,-0.003587196467991216,15.46
2014-10-07,71.725,71.78,71.36,71.4,332057.0,-0.011354195513707976,17.2
2014-10-08,71.725,71.78,71.36,71.4,0.0,0.0,15.11
2014-10-09,71.725,71.78,71.36,71.4,0.0,0.0,18.76
2014-10-10,71.648,71.954,71.4,71.48,841764.0,0.0011204481792717047,21.24
2014-10-13,71.665,71.73,71.24,71.24,331506.0,-0.003357582540570947,24.64
2014-10-14,70.99,71.3,70.774,71.01,781769.0,-0.0032285233015159065,22.79
2014-10-15,71.2,71.5188,70.19,70.75,1526519.0,-0.0036614561329391115,26.25
2014-10-16,68.51,69.19,68.28,68.88,1044412.0,-0.02643109540636046,25.2
2014-10-17,68.51,69.19,68.28,68.88,0.0,0.0,21.99
2014-10-20,70.195,71.02,70.19,70.96,960665.0,0.030197444831591147,18.57
2014-10-21,70.865,71.16,70.685,71.15,1308537.0,0.002677564825253942,16.08
2014-10-22,71.058,71.45,71.02,71.05,602303.0,-0.0014054813773718422,17.87
2014-10-23,71.058,71.45,71.02,71.05,0.0,0.0,16.53
2014-10-24,71.058,71.45,71.02,71.05,0.0,0.0,16.11
2014-10-27,71.058,71.45,71.02,71.05,0.0,0.0,16.04
2014-10-28,71.058,71.45,71.02,71.05,0.0,0.0,14.39
2014-10-29,73.08,73.37,72.15,72.29,502437.0,0.01745249824067563,15.15
2014-10-30,72.14,72.85,72.09,72.74,322814.0,0.0062249273758472334,14.52
2014-10-31,72.65,73.42,72.56,73.33,1885071.0,0.008111080560901929,14.03
2014-11-03,72.73,72.79,72.4,72.64,501742.0,-0.00940951861448247,14.73
2014-11-04,72.865,73.2,72.816,72.935,367556.0,0.00406112334801767,14.89
2014-11-05,73.26,73.29,73.02,73.25,336578.0,0.004318914101597349,14.17
2014-11-06,72.922,73.08,72.7,72.748,225476.0,-0.006853242320819075,13.67
2014-11-07,72.404,72.92,72.28,72.795,1249183.0,0.0006460658712266198,13.12
2014-11-10,73.164,73.2,72.86,72.96,394414.0,0.002266639192252118,12.67
2014-11-11,73.314,73.7,73.17,73.595,303990.0,0.008703399122807154,12.92
2014-11-12,73.43,73.69,73.36,73.57,537166.0,-0.00033969699028468803,13.02
2014-11-13,73.84,74.34,73.7122,74.29,379365.0,0.009786597798015606,13.79
2014-11-14,74.0,74.7,73.9,74.5,490929.0,0.0028267599946156796,13.31
2014-11-17,74.02,74.21,73.85,74.17,210934.0,-0.004429530201342291,13.99
2014-11-18,74.68,75.0,74.56,74.75,363897.0,0.007819873264123034,13.86
2014-11-19,75.0,75.17,74.65,74.83,444676.0,0.0010702341137123206,13.96
2014-11-20,74.91,75.1,74.74,74.945,251173.0,0.0015368167847118475,13.58
2014-11-21,74.55,74.61,74.2,74.305,349794.0,-0.008539595703515701,12.9
2014-11-24,74.37,74.44,74.13,74.3,752258.0,-6.72902227307759e-05,12.62
2014-11-25,74.15,74.4307,74.09,74.25,1443078.0,-0.0006729475100941684,12.25
2014-11-26,74.71,74.89,74.58,74.809,197068.0,0.007528619528619496,12.07
2014-11-28,75.015,75.37,74.98,75.05,122781.0,0.003221537515539552,13.33
2014-12-01,75.62,76.01,75.15,75.65,561518.0,0.00799467021985345,14.29
2014-12-02,75.415,75.47,74.92,75.08,379446.0,-0.007534699272967682,12.85
2014-12-03,74.045,74.09,73.84,74.0,675325.0,-0.014384656366542292,12.47
2014-12-04,74.41,74.7,74.1,74.33,1254038.0,0.004459459459459358,12.38
2014-12-05,74.01,74.24,73.83,74.055,492314.0,-0.003699717476119857,11.82
2014-12-08,73.975,74.12,73.86,73.86,304322.0,-0.002633178043346285,14.21
2014-12-09,74.03,74.23,73.77,73.875,305827.0,0.00020308692120218907,14.89
2014-12-10,73.91,74.03,73.59,73.755,351995.0,-0.0016243654822335474,18.53
2014-12-11,73.71,74.13,73.61,73.67,611264.0,-0.0011524642397124918,20.08
2014-12-12,73.57,73.67,72.72,72.8,453371.0,-0.01180942038821775,21.08
2014-12-15,72.48,72.515,71.35,71.37,604334.0,-0.019642857142857073,20.42
2014-12-16,71.554,72.97,71.53,72.55,516022.0,0.0165335575171639,23.57
2014-12-17,72.54,72.72,71.83,72.19,662004.0,-0.004962095106822884,19.44
2014-12-18,72.36,73.155,72.2,73.155,663398.0,0.013367502424158628,16.81
2014-12-19,73.57,73.74,73.38,73.48,721681.0,0.0044426218303601495,16.49
2014-12-22,73.99,74.13,73.83,73.88,817092.0,0.005443658138268859,15.25
2014-12-23,74.07,74.13,73.75,73.92,805770.0,0.0005414185165133478,14.8
2014-12-24,73.84,74.12,73.84,74.015,233234.0,0.0012851731601730698,14.37
2014-12-26,73.91,74.08,73.71,73.71,300693.0,-0.004120786327096004,14.5
2014-12-29,74.19,74.2,73.83,73.88,327665.0,0.002306335639669088,15.06
2014-12-30,73.92,73.96,73.635,73.635,350188.0,-0.0033161884136435615,15.92
2014-12-31,73.55,73.62,72.9,72.95,253362.0,-0.009302641406939705,19.2
2015-01-02,72.91,72.95,72.42,72.65,394358.0,-0.004112405757368043,17.79
2015-01-05,71.49,71.54,70.74,70.96,790084.0,-0.023262216104611322,19.92
2015-01-06,70.92,71.069,70.55,70.61,405703.0,-0.004932356257046133,21.12
2015-01-07,70.43,70.91,70.34,70.745,462838.0,0.0019119104942644238,19.31
2015-01-08,71.11,71.7,70.99,71.46,779801.0,0.010106721323061452,17.01
2015-01-09,71.81,71.944,71.5,71.81,373275.0,0.004897844948222874,17.55
2015-01-12,72.115,72.15,71.89,72.06,427149.0,0.0034814092744743785,19.6
2015-01-13,72.57,73.0,72.25,72.52,436676.0,0.006383569247848886,20.56
2015-01-14,72.91,73.04,72.66,72.99,354038.0,0.006480970766685079,21.48
2015-01-15,77.33,78.16,75.4,77.67,5384335.0,0.06411837237977824,22.39
2015-01-16,76.83,77.38,75.25,75.88,2359377.0,-0.023046221192223548,20.95
2015-01-20,77.73,77.73,76.09,76.355,2854156.0,0.006259884027411733,19.89
2015-01-21,77.08,77.6,76.28,76.99,639940.0,0.00831641673760708,18.85
2015-01-22,75.42,76.4,75.32,76.095,348396.0,-0.011624886348876373,16.4
2015-01-23,78.05,78.27,77.37,77.61,656563.0,0.01990932387147648,16.66
2015-01-26,77.443,77.56,76.71,76.9,336529.0,-0.009148305630717557,15.52
2015-01-27,77.56,78.25,77.33,78.09,278861.0,0.015474642392717675,17.22
2015-01-28,77.22,77.55,76.24,76.33,364489.0,-0.02253809706748633,20.44
2015-01-29,76.88,77.06,76.49,77.0,367870.0,0.008777675881042946,18.76
2015-01-30,76.54,77.02,76.45,76.51,511527.0,-0.006363636363636349,20.97
2015-02-02,76.27,77.15,76.07,76.98,438000.0,0.006142987844726111,19.43
2015-02-03,76.74,77.3,76.45,77.14,883309.0,0.002078461938165743,17.33
2015-02-04,77.54,77.69,76.94,77.17,621849.0,0.0003889032927144598,18.33
2015-02-05,77.12,77.34,76.635,77.24,268151.0,0.0009070882467279162,16.85
2015-02-06,76.535,76.99,76.34,76.565,306748.0,-0.008738995339202416,17.29
2015-02-09,76.73,77.3,76.72,77.03,448014.0,0.006073271076862952,18.55
2015-02-10,77.06,77.36,76.8,77.31,307552.0,0.0036349474230819023,17.23
2015-02-11,76.27,76.56,76.128,76.55,344908.0,-0.009830552321821284,16.96
2015-02-12,75.08,76.24,75.0,75.89,449475.0,-0.008621815806662214,15.34
2015-02-13,75.715,75.75,75.2,75.6,356681.0,-0.003821320332059619,14.69
2015-02-17,76.42,76.5,76.01,76.26,315484.0,0.008730158730158921,15.8
2015-02-18,75.57,75.636,75.15,75.49,255957.0,-0.010097036454235653,15.45
2015-02-19,75.88,76.16,75.78,75.795,1848541.0,0.00404027023446818,15.29
2015-02-20,76.2,76.73,75.96,76.62,436572.0,0.010884622996239823,14.3
2015-02-23,76.9,77.26,76.71,76.89,389201.0,0.0035238841033671253,14.56
2015-02-24,76.95,77.48,76.77,77.31,527040.0,0.005462348809988304,13.69
2015-02-25,77.5,77.7,77.22,77.67,692352.0,0.00465657741559955,13.84
2015-02-26,77.54,78.38,77.47,78.22,324921.0,0.007081241148448436,13.91
2015-02-27,78.25,78.65,78.02,78.145,400918.0,-0.0009588340577857402,13.34
2015-03-02,77.68,78.39,77.53,78.15,547293.0,6.398362019344184e-05,13.04
2015-03-03,78.165,78.61,77.42,77.475,670542.0,-0.008637236084453104,13.86
2015-03-04,77.88,78.33,77.65,78.215,536059.0,0.009551468215553527,14.23
2015-03-05,78.33,78.42,77.69,77.74,462635.0,-0.006073003899507823,14.04
2015-03-06,77.18,77.64,77.05,77.08,279187.0,-0.008489837921276,15.2
2015-03-09,77.17,77.29,76.8,77.06,331946.0,-0.0002594706798131341,15.06
2015-03-10,76.1,76.11,75.27,75.46,455429.0,-0.020763041785621716,16.69
2015-03-11,74.86,75.08,74.34,74.42,473738.0,-0.013782136231115683,16.87
2015-03-12,75.125,75.305,74.5,75.08,701899.0,0.008868583714055411,15.42
2015-03-13,74.44,75.23,74.28,75.08,399977.0,0.0,16.0
2015-03-16,75.27,75.759,75.25,75.4,1041221.0,0.004262120404901593,15.61
2015-03-17,75.64,75.73,75.2,75.35,344373.0,-0.0006631299734749518,15.66
2015-03-18,76.33,78.08,76.06,77.975,417183.0,0.03483742534837431,13.97
2015-03-19,76.54,77.2,76.5,77.17,361953.0,-0.010323821737736383,14.07
2015-03-20,77.79,78.58,77.4,78.07,367151.0,0.011662563172217144,13.02
2015-03-23,78.64,78.72,78.18,78.33,2202819.0,0.003330344562572085,13.41
2015-03-24,78.69,78.87,77.95,78.101,934101.0,-0.002923528660794039,13.62
2015-03-25,77.76,77.76,76.75,76.775,1032701.0,-0.01697801564640644,15.44
2015-03-26,76.735,76.83,75.7,75.88,668507.0,-0.011657440573103361,15.8
2015-03-27,76.21,76.67,76.02,76.265,358052.0,0.005073800738007339,15.07
2015-03-30,76.315,77.09,76.21,76.75,466391.0,0.006359404707270588,14.51
2015-03-31,75.27,75.93,75.15,75.22055,565211.0,-0.01992768729641692,15.29
2015-04-01,75.49,75.82,75.25,75.79,401411.0,0.007570404630117711,15.11
2015-04-02,76.176,76.43,76.02,76.4,335732.0,0.008048555218366449,14.67
2015-04-06,77.25,77.25,76.41,76.43,324502.0,0.0003926701570680091,14.74
2015-04-07,77.01,77.3,76.51,76.66,273886.0,0.0030092895459896685,14.78
2015-04-08,77.375,77.42,76.75,77.01,483985.0,0.004565614401252471,13.98
2015-04-09,77.2,79.0,76.87,77.1,565710.0,0.0011686793922864869,13.09
2015-04-10,77.34,77.66,77.19,77.47,214177.0,0.004798962386511008,12.58
2015-04-13,77.225,77.4,77.0,77.15,288900.0,-0.004130631212082014,13.94
2015-04-14,75.2,77.9,75.2,77.627,420922.0,0.00618276085547631,13.67
2015-04-15,78.565,78.8,78.08,78.7,382712.0,0.013822510209076766,12.84
2015-04-16,79.35,79.99,78.8,79.94,1057368.0,0.015756035578144756,12.6
2015-04-17,77.55,78.861,77.51,78.11,857626.0,-0.022892169126845108,13.89
2015-04-20,77.31,77.642,77.11,77.24,374487.0,-0.011138138522596375,13.3
2015-04-21,77.72,78.16,77.5,77.91,499248.0,0.008674262040393677,13.25
2015-04-22,76.95,77.0,76.56,76.66,316814.0,-0.016044153510460735,12.71
2015-04-23,76.98,78.037,76.82,77.99,422221.0,0.017349334724758636,12.48
2015-04-24,78.165,78.33,77.76,78.14,348596.0,0.0019233235030133855,12.29
2015-04-27,78.26,78.94,78.12,78.16,636071.0,0.00025595085743534973,13.12
2015-04-28,77.975,78.5482,77.9,78.17,937058.0,0.00012794268167870548,12.41
2015-04-29,78.0,78.5,77.56,77.94,368940.0,-0.002942305232186304,13.39
2015-04-30,77.265,77.89,77.11,77.62,504307.0,-0.0041057223505259755,14.55
2015-05-01,77.895,78.16,77.65,78.14,257973.0,0.006699304303014575,12.7
2015-05-04,78.174,78.38,77.92,78.28,1815102.0,0.0017916560020476702,12.85
2015-05-05,78.402,78.42,77.59,77.66,1610784.0,-0.007920286152273914,14.31
2015-05-06,78.03,78.223,77.15,77.59,848181.0,-0.0009013649240277033,15.15
2015-05-07,77.76,77.94,77.11,77.23,274096.0,-0.004639773166645211,15.13
2015-05-08,78.14,78.52,77.86,78.03,430479.0,0.010358668911044866,12.86
2015-05-11,77.5,78.1,77.41,77.6,305909.0,-0.0055107010124312295,13.85
2015-05-12,77.53,77.651,77.22,77.37,239150.0,-0.0029639175257730743,13.86
2015-05-13,77.77,78.26,77.73,78.24,221139.0,0.011244668476153352,13.76
2015-05-14,78.98,79.1,78.44,78.995,281650.0,0.009649795501022629,12.74
2015-05-15,77.85,78.65,77.66,78.61,317642.0,-0.0048737261852016545,12.38
2015-05-18,78.365,78.48,78.05,78.23,284006.0,-0.004833990586439296,12.73
2015-05-19,78.315,78.45,78.0,78.0,316453.0,-0.002940048574715637,12.85
2015-05-20,78.015,78.25,77.77,78.1,517308.0,0.0012820512820512775,12.88
2015-05-21,78.4,78.63,78.17,78.23,336945.0,0.0016645326504483027,12.11
2015-05-22,78.07,78.21,77.66,77.7,692471.0,-0.006774894541735965,12.13
2015-05-26,77.35,77.44,76.25,76.48,627268.0,-0.0157014157014157,14.06
2015-05-27,77.1,77.52,77.02,77.46,530725.0,0.012813807531380617,13.27
2015-05-28,77.775,78.14,77.59,78.1,204613.0,0.008262328943971164,13.31
2015-05-29,78.1,78.49,76.95,77.44,415690.0,-0.008450704225352101,13.84
2015-06-01,77.38,77.46,76.72,77.12,379005.0,-0.004132231404958553,13.97
2015-06-02,77.2,77.58,76.96,77.35,572880.0,0.002982365145228094,14.24
2015-06-03,76.62,76.98,76.27,76.29,477721.0,-0.013703943115707662,13.66
2015-06-04,76.25,76.64,75.72,76.02,461255.0,-0.0035391270153363186,14.71
2015-06-05,74.69,74.69,74.01,74.52,540377.0,-0.019731649565903675,14.21
2015-06-08,74.55,75.08,74.34,74.96,238935.0,0.005904455179817525,15.29
2015-06-09,74.56,74.67,74.07,74.26,307626.0,-0.009338313767342399,14.47
2015-06-10,74.915,75.3,74.66,74.67,390546.0,0.005521141933746199,13.22
2015-06-11,75.015,75.15,74.61,75.03,1011265.0,0.004821213338690233,12.85
2015-06-12,75.37,75.44,74.71,74.78,427979.0,-0.0033320005331201052,13.78
2015-06-15,73.46,74.53,73.46,74.46,355084.0,-0.004279219042524818,15.39
2015-06-16,74.36,74.67,74.23,74.34,331677.0,-0.0016116035455276956,14.81
2015-06-17,74.415,74.7,74.06,74.575,351391.0,0.0031611514662361895,14.5
2015-06-18,74.96,75.33,74.64,74.9,934551.0,0.004358028830036886,13.19
2015-06-19,75.09,75.2,74.71,74.99,459409.0,0.0012016021361813678,13.96
2015-06-22,75.94,76.23,75.53,75.53,1059896.0,0.0072009601280171864,12.74
2015-06-23,75.41,75.625,74.35,75.37,898369.0,-0.0021183635641466303,12.11
2015-06-24,75.23,75.32,74.55,74.7,839000.0,-0.00888947857237632,13.26
2015-06-25,74.49,74.84,74.03,74.03,501620.0,-0.008969210174029518,14.01
2015-06-26,74.76,74.87,74.4,74.61,373366.0,0.007834661623665973,14.02
2015-06-29,74.47,74.72,73.75,73.88,586158.0,-0.009784211231738449,18.85
2015-07-01,72.71,73.02,72.17,72.49,403612.0,-0.018814293448836006,16.09
2015-07-02,73.19,73.38,72.86,73.16,355556.0,0.009242654159194341,16.79
2015-07-06,72.33,73.06,72.29,72.75,250159.0,-0.005604155276107137,17.01
2015-07-07,72.95,73.38,72.25,73.08,2225644.0,0.004536082474226877,16.09
2015-07-08,72.82,73.0039,72.59,72.9,484992.0,-0.0024630541871920597,19.66
2015-07-09,73.85,74.1,73.57,73.57,468636.0,0.009190672153635004,19.97
2015-07-10,75.47,75.5,75.1,75.305,1494120.0,0.02358298219382915,16.83
2015-07-13,74.95,75.02,74.76,74.975,286379.0,-0.004382179138171627,13.9
2015-07-14,75.82,76.0,75.6964,75.882,728437.0,0.012097365788596326,13.37
2015-07-15,75.22,75.38,74.85,74.985,448329.0,-0.01182098521388475,13.23
2015-07-16,75.7,76.01,75.63,75.85,640823.0,0.011535640461425523,12.11
2015-07-17,75.99,76.06,75.74,75.8905,694361.0,0.000533948582729149,11.95
2015-07-20,75.92,76.14,75.75,75.92,440603.0,0.0003887179554753484,12.25
2015-07-21,76.0,76.07,75.78,75.9,584202.0,-0.00026343519494198553,12.22
2015-07-22,75.3,75.42,75.08,75.3,254393.0,-0.007905138339921014,12.12
2015-07-23,75.67,75.8,75.28,75.31,601627.0,0.00013280212483413045,12.64
2015-07-24,75.2,75.5059,74.47,74.59,1737656.0,-0.009560483335546377,13.74
2015-07-27,74.61,75.3656,73.71,73.75,336698.0,-0.011261563212226933,15.6
2015-07-28,74.29,74.95,74.08,74.9,1416538.0,0.015593220338983027,13.44
2015-07-29,75.48,75.71,75.24,75.35,523643.0,0.006008010680907727,12.5
2015-07-30,75.239,75.37,74.93,75.25,217281.0,-0.0013271400132712774,12.13
2015-07-31,76.12,76.29,75.56,75.6,503571.0,0.0046511627906975495,12.12
2015-08-03,76.325,76.37,75.57,75.7,381480.0,0.001322751322751392,12.56
2015-08-04,75.945,76.0,75.35,75.43,202734.0,-0.0035667107001320364,13.0
2015-08-05,74.88,75.32,74.88,75.185,264239.0,-0.0032480445446109174,12.51
2015-08-06,75.025,75.14,74.68,74.79,283194.0,-0.0052537075214470486,13.77
2015-08-07,74.33,74.73,74.21,74.52,204771.0,-0.00361010830324926,13.39
2015-08-10,74.54,75.13,74.54,75.05,308552.0,0.007112184648416564,12.23
2015-08-11,74.61,74.68,74.06,74.249,275656.0,-0.010672884743504363,13.71
2015-08-12,74.245,74.69,74.18,74.5,460051.0,0.0033805169093186205,13.61
2015-08-13,76.69,76.81,75.93,76.005,404362.0,0.020201342281879198,13.49
2015-08-14,76.65,76.836,76.545,76.77,334015.0,0.010065127294256904,12.83
2015-08-17,76.66,76.9,76.59,76.85,309548.0,0.001042073726716053,13.02
2015-08-18,76.925,76.95,76.42,76.57,275322.0,-0.0036434612882237927,13.79
2015-08-19,76.645,77.25,76.482,77.1,303788.0,0.006921770928562054,15.25
2015-08-20,76.52,76.57,75.91,75.995,2115012.0,-0.014332036316471952,19.14
2015-08-21,75.4,75.52,73.87,74.135,469640.0,-0.024475294427264926,28.03
2015-08-24,71.82,74.0,71.0,72.71,744687.0,-0.019221690159843652,40.74
2015-08-25,75.66,75.68,73.28,73.35,678555.0,0.008802090496492943,36.02
2015-08-26,74.16,74.16,72.7,73.66,1051876.0,0.004226312201772275,30.32
2015-08-27,73.93,74.25,73.18,73.61,1016457.0,-0.0006787944610371355,26.1
2015-08-28,73.65,74.12,73.38,73.69,2276736.0,0.0010868088574922385,26.05
2015-08-31,73.79,73.9,73.31,73.648,2873215.0,-0.000569955217804341,28.43
2015-09-01,72.37,72.89,72.25,72.5,430573.0,-0.015587660221594524,31.4
2015-09-02,73.13,73.13,72.25,72.65,518961.0,0.00206896551724145,26.09
2015-09-03,72.965,73.17,72.55,72.765,553787.0,0.001582931865106607,25.61
2015-09-04,72.17,73.2,72.1,72.6,387000.0,-0.0022675736961451642,27.8
2015-09-08,73.1,73.22,72.75,73.15,438964.0,0.007575757575757791,24.9
2015-09-09,74.41,74.45,73.5,73.5,321739.0,0.004784688995215225,26.23
2015-09-10,73.73,74.376,73.64,74.095,547408.0,0.008095238095238155,24.37
2015-09-11,73.69,74.05,73.62,73.98,642979.0,-0.0015520615426141138,23.2
2015-09-14,73.91,74.1,73.55,74.015,503031.0,0.0004731008380642887,24.25
2015-09-15,74.95,75.09,74.67,74.85,734323.0,0.011281496993852613,22.54
2015-09-16,75.53,75.81,75.44,75.49,695594.0,0.008550434201736845,21.35
2015-09-17,76.08,76.84,75.9,76.4,1029546.0,0.01205457676513455,21.14
2015-09-18,76.67,76.9,75.7,75.79,513447.0,-0.007984293193717296,22.28
2015-09-21,76.175,76.24,75.75,75.91,359867.0,0.0015833223380392614,20.14
2015-09-22,74.29,74.35,73.66,74.04,406863.0,-0.02463443551574218,22.44
2015-09-23,73.97,74.06,72.95,72.96,246758.0,-0.014586709886547977,22.13
2015-09-24,72.73,72.74,72.25,72.5,576877.0,-0.006304824561403466,23.47
2015-09-25,73.8,74.341,73.12,73.5,517330.0,0.01379310344827589,23.62
2015-09-28,74.22,74.3,73.26,73.4,317551.0,-0.0013605442176869431,27.63
2015-09-29,73.14,73.5,72.88,73.08,341375.0,-0.004359673024523225,26.83
2015-09-30,75.09,75.24,74.65,75.24,563121.0,0.029556650246305383,24.5
2015-10-01,75.54,75.73,74.62,75.235,520990.0,-6.645401382232574e-05,22.55
2015-10-02,75.38,76.1,75.21,76.1,541338.0,0.011497308433574771,20.94
2015-10-05,76.3,76.86,76.26,76.86,335144.0,0.009986859395532344,19.54
2015-10-06,76.82,77.25,76.75,77.16,223691.0,0.0039032006245121043,19.4
2015-10-07,76.32,76.49,75.81,76.36,457488.0,-0.010368066355624594,18.4
2015-10-08,76.24,77.26,76.19,77.26,306084.0,0.011786275536930457,17.42
2015-10-09,77.33,77.479,77.01,77.27,187168.0,0.00012943308309587565,17.08
2015-10-12,77.52,77.99,77.52,77.62,116844.0,0.00452957163194001,16.17
2015-10-13,78.02,78.42,77.93,78.0621,260243.0,0.005695696985313026,17.67
2015-10-14,78.07,78.25,77.86,78.01,269373.0,-0.0006674173510575754,18.03
2015-10-15,78.61,79.19,78.61,79.16,325338.0,0.014741699782079065,16.05
2015-10-16,76.95,77.55,76.92,77.5,1024642.0,-0.02097018696311259,15.05
2015-10-19,77.29,77.36,76.6,76.79,344507.0,-0.009161290322580617,14.98
2015-10-20,77.125,77.14,76.85,76.96,264360.0,0.00221382992577146,15.75
2015-10-21,76.87,76.93,76.02,76.03,353672.0,-0.012084199584199484,16.7
2015-10-22,76.67,77.52,76.61,77.45,803722.0,0.018676838090227577,14.45
2015-10-23,77.385,77.51,77.1,77.13,503223.0,-0.0041316978695933315,14.46
2015-10-26,76.705,76.945,76.57,76.745,327479.0,-0.0049915726695188845,15.29
2015-10-27,76.36,76.67,76.0,76.355,240587.0,-0.005081764284318169,15.43
2015-10-28,76.94,77.06,76.0,76.39,363658.0,0.0004583851745136869,14.33
2015-10-29,76.32,76.83,76.32,76.69,361386.0,0.003927215604136558,14.61
2015-10-30,76.31,79.39,76.17,76.22,493038.0,-0.006128569565784336,15.07
2015-11-02,76.12,76.46,75.9,76.355,504803.0,0.00177118866439252,14.15
2015-11-03,75.82,76.4,75.8,76.35,314508.0,-6.548359635927259e-05,14.54
2015-11-04,76.655,76.67,76.1,76.45,414019.0,0.0013097576948266632,15.51
2015-11-05,76.405,76.74,76.0287,76.7,364070.0,0.0032701111837802888,15.05
2015-11-06,75.475,75.6,74.88,75.03,370727.0,-0.02177314211212522,14.33
2015-11-09,74.5,74.75,74.34,74.75,261604.0,-0.0037318405970945268,16.52
2015-11-10,74.09,74.32,73.89,74.24,297574.0,-0.006822742474916432,15.29
2015-11-11,74.68,74.91,74.37,74.38,184375.0,0.0018857758620689502,16.06
2015-11-12,74.08,74.65,73.94,74.02,246631.0,-0.0048400107555794936,18.37
2015-11-13,73.02,73.18,72.63,72.66,258510.0,-0.018373412591191518,20.08
2015-11-16,72.94,73.78,72.88,73.76,328483.0,0.015139003578310106,18.16
2015-11-17,73.82,74.22,73.48,73.55,626183.0,-0.0028470715835141602,18.84
2015-11-18,74.151,74.57,74.051,74.475,261729.0,0.012576478585995865,16.85
2015-11-19,74.99,75.08,74.78,74.87,389717.0,0.005303793219201269,16.99
2015-11-20,74.705,74.875,74.41,74.6,304139.0,-0.003606250834780389,15.47
2015-11-23,74.315,74.5,73.83,74.28,287665.0,-0.004289544235924869,15.62
2015-11-24,73.58,73.89,73.44,73.89,479778.0,-0.00525040387722131,15.93
2015-11-25,74.38,74.41,73.83,73.93,280927.0,0.0005413452429288146,15.19
2015-11-27,74.47,74.5,74.11,74.2,113583.0,0.0036521033409981918,15.12
2015-11-30,73.94,74.22,73.85,73.94,497647.0,-0.0035040431266847305,16.13
2015-12-01,74.07,74.34,73.872,74.27,522583.0,0.004463078171490276,14.67
2015-12-02,74.53,74.95,74.5,74.8,291806.0,0.007136124949508549,15.91
2015-12-03,75.155,75.6,74.78,75.6,387275.0,0.010695187165775444,18.11
2015-12-04,74.68,75.7,74.59,75.55,394381.0,-0.000661375661375585,14.81
2015-12-07,75.42,75.47,75.12,75.42,286667.0,-0.0017207147584380467,15.84
2015-12-08,74.89,75.07,74.7,75.06,285347.0,-0.004773269689737458,17.6
2015-12-09,74.62,74.87,74.0,74.38,475812.0,-0.009059419131361657,19.61
2015-12-10,74.7,74.7,74.13,74.16,388726.0,-0.0029577843506318757,19.34
2015-12-11,73.77,73.97,73.39,73.455,375734.0,-0.00950647249190939,24.39
2015-12-14,73.51,73.75,73.0,73.1,670819.0,-0.004832890885576258,22.73
2015-12-15,73.895,74.1,73.49,73.6,507314.0,0.0068399452804377425,20.95
2015-12-16,74.31,74.95,74.06,74.71,435022.0,0.015081521739130466,17.86
2015-12-17,74.275,74.28,73.59,73.86,442680.0,-0.011377325659215565,18.94
2015-12-18,73.735,73.88,73.0,73.08,430157.0,-0.010560519902518273,20.7
2015-12-21,73.655,73.71,72.64,73.0,473741.0,-0.0010946907498631253,18.7
2015-12-22,72.955,72.99,72.17,72.6,448104.0,-0.005479452054794609,16.6
2015-12-23,73.72,74.32,73.55,73.96,667955.0,0.018732782369146106,15.57
2015-12-24,73.99,74.2,73.78,74.0,242705.0,0.0005408328826392861,15.74
2015-12-28,74.602,74.68,74.376,74.62,415907.0,0.008378378378378404,16.91
2015-12-29,75.43,75.78,75.38,75.6,458155.0,0.013133208255159401,16.08
2015-12-30,76.01,76.09,75.36,75.69,252838.0,0.0011904761904761862,17.29
2015-12-31,74.85,74.85,74.38,74.42,198532.0,-0.01677896683841984,18.21
2016-01-04,73.5,73.57,72.52,73.45,698495.0,-0.013034130610051098,20.7
2016-01-05,73.32,73.46,72.87,73.21,503581.0,-0.0032675289312458222,19.34
2016-01-06,71.89,72.35,71.82,72.26,449798.0,-0.012976369348449479,20.59
2016-01-07,71.15,71.55,70.9,70.965,770606.0,-0.017921394962635007,24.99
2016-01-08,71.115,71.17,70.05,70.09,593351.0,-0.012330021841753025,27.01
2016-01-11,70.48,70.6,69.82,70.11,605478.0,0.00028534741047225864,24.3
2016-01-12,71.765,72.0,71.3,71.98,526642.0,0.026672371986877774,22.47
2016-01-13,72.22,72.26,71.06,71.2,485934.0,-0.010836343428730189,25.22
2016-01-14,70.885,71.5,70.48,71.29,510960.0,0.001264044943820375,23.95
2016-01-15,69.785,70.535,69.6,69.65,538118.0,-0.023004628980221598,27.02
2016-01-19,70.84,71.14,70.455,70.86,802612.0,0.017372577171572035,26.05
2016-01-20,70.15,70.2,68.8,69.83,710902.0,-0.014535704205475564,27.59
2016-01-21,69.855,70.26,69.285,70.26,1162691.0,0.0061578118287271,26.69
2016-01-22,70.86,71.205,70.65,71.03,729365.0,0.010959294050668866,22.34
2016-01-25,71.09,71.62,71.0,71.28,1083143.0,0.0035196395889061094,24.15
2016-01-26,71.21,72.23,71.19,72.09,513808.0,0.011363636363636465,22.5
2016-01-27,72.33,72.85,71.89,72.1,967466.0,0.00013871549452071363,23.11
2016-01-28,72.8,72.825,71.82,71.82,1047844.0,-0.003883495145631133,22.42
2016-01-29,72.92,73.74,72.87,73.74,760566.0,0.026733500417710943,20.2
2016-02-01,73.63,74.42,73.59,74.3,614993.0,0.007594250067805897,19.98
2016-02-02,74.07,74.12,73.5,73.64,339103.0,-0.008882907133243578,21.98
2016-02-03,74.75,75.59,74.23,75.54,1035768.0,0.025801195002715938,21.65
2016-02-04,74.25,74.86,74.01,74.8,1538004.0,-0.009796134498279208,21.84
2016-02-05,74.23,74.42,73.74,73.94,628413.0,-0.011497326203208535,23.38
2016-02-08,73.16,74.27,73.04,74.05,349729.0,0.0014876927238300919,26.0
2016-02-09,73.465,74.09,73.21,73.68,414801.0,-0.004996623902768227,26.54
2016-02-10,74.465,74.68,74.18,74.275,355988.0,0.008075461454940314,26.29
2016-02-11,73.3,73.33,72.62,73.23,1162376.0,-0.0140693369235948,28.14
2016-02-12,73.08,73.73,72.82,73.55,723271.0,0.004369793800354849,25.4
2016-02-16,74.15,74.35,73.51,74.26,356916.0,0.009653297076818612,24.11
2016-02-17,74.2,74.79,74.03,74.58,535310.0,0.004309183948289608,22.31
2016-02-18,71.515,71.8,68.0,71.69,807786.0,-0.03875033521051219,21.64
2016-02-19,71.37,71.89,71.22,71.7,661512.0,0.00013948946854513977,20.53
2016-02-22,71.35,71.67,71.15,71.355,1228949.0,-0.004811715481171541,19.38
2016-02-23,71.09,71.45,70.62,70.66,450906.0,-0.009740032233200302,20.98
2016-02-24,69.845,71.2,69.74,71.0,554547.0,0.004811774695726134,20.72
2016-02-25,70.7,71.17,70.47,71.02,711081.0,0.00028169014084511446,19.11
2016-02-26,70.83,71.02,70.65,70.835,383909.0,-0.002604900028161161,19.81
2016-02-29,69.945,70.55,69.86,69.86,446258.0,-0.013764382014540777,20.55
2016-03-01,70.985,71.83,70.93,71.83,1491775.0,0.028199255654165478,17.7
2016-03-02,70.81,71.5,70.64,71.5,1065731.0,-0.004594180704441064,17.09
2016-03-03,71.49,71.83,71.24,71.6,474384.0,0.0013986013986013734,16.7
2016-03-04,72.11,72.23,71.64,71.935,277332.0,0.00467877094972069,16.86
2016-03-07,71.19,72.11,71.09,71.64,272533.0,-0.00410092444568011,17.35
2016-03-08,71.75,71.92,71.36,71.46,500539.0,-0.002512562814070418,18.67
2016-03-09,71.48,71.81,71.34,71.47,483288.0,0.00013993842709214555,18.34
2016-03-10,72.15,72.79,71.66,72.08,333621.0,0.008535049671190675,18.05
2016-03-11,72.77,73.16,72.55,73.02,344378.0,0.013041065482796821,16.5
2016-03-14,72.39,72.77,72.16,72.59,319193.0,-0.0058887975897014,16.92
2016-03-15,72.41,72.58,72.26,72.52,247805.0,-0.000964320154291376,16.84
2016-03-16,72.35,73.89,72.25,73.72,401974.0,0.016547159404302292,14.99
2016-03-17,73.35,74.23,73.23,73.99,631809.0,0.003662506782419861,14.44
2016-03-18,73.88,74.16,73.6,73.9,222573.0,-0.0012163805919717108,14.02
2016-03-21,73.33,73.85,73.33,73.65,323643.0,-0.003382949932341006,13.79
2016-03-22,72.615,73.0,72.51,72.52,271300.0,-0.015342837746096571,14.17
2016-03-23,73.59,73.59,73.15,73.15,633686.0,0.008687258687258836,14.94
2016-03-24,72.74,72.83,72.3,72.82,572826.0,-0.00451127819548891,14.74
2016-03-28,72.705,73.25,72.5,72.55,433668.0,-0.003707772589947811,15.24
2016-03-29,73.44,74.65,73.35,74.53,1226305.0,0.027291523087525915,13.82
2016-03-30,75.04,75.5,74.76,74.97,1517474.0,0.005903662954514832,13.56
2016-03-31,74.835,75.11,74.61,74.61,361984.0,-0.004801920768307322,13.95
2016-04-01,73.894,74.432,73.8,74.04,1163013.0,-0.0076397265782065515,13.1
2016-04-04,74.13,74.22,73.82,73.87,757315.0,-0.0022960561858454964,14.12
2016-04-05,73.78,74.03,73.59,74.0,516173.0,0.0017598483822931499,15.42
2016-04-06,74.79,75.35,74.63,75.15,1107071.0,0.01554054054054066,14.09
2016-04-07,74.81,75.41,74.79,75.29,556497.0,0.001862940785096523,16.16
2016-04-08,73.92,74.5,73.77,74.25,299524.0,-0.013813255412405412,15.36
2016-04-11,73.64,73.91,73.11,73.11,227519.0,-0.015353535353535341,16.26
2016-04-12,72.99,73.58,72.68,73.53,410950.0,0.0057447681575708565,14.85
2016-04-13,73.85,73.89,73.41,73.81,299287.0,0.0038079695362436272,13.84
2016-04-14,75.23,75.31,74.83,74.92,508303.0,0.015038612654111994,13.72
2016-04-15,74.52,75.25,74.43,75.04,267044.0,0.0016017084890549427,13.62
2016-04-18,74.8,75.46,74.75,75.46,617567.0,0.005597014925373012,13.35
2016-04-19,76.4,77.05,76.32,76.89,691368.0,0.018950437317784452,13.24
2016-04-20,76.3,76.47,75.96,76.16,365585.0,-0.00949408245545591,13.28
2016-04-21,74.74,75.43,74.64,75.14,1015360.0,-0.013392857142857095,13.95
2016-04-22,74.26,74.32,73.74,73.96,1432020.0,-0.015704019164226812,13.22
2016-04-25,74.27,74.41,73.91,73.91,1081536.0,-0.0006760411032989966,14.08
2016-04-26,74.715,74.75,74.1,74.12,710964.0,0.002841293465025041,13.96
2016-04-27,74.6,74.81,74.29,74.56,564119.0,0.005936319481921082,13.77
2016-04-28,74.415,74.87,74.26,74.35,304612.0,-0.0028165236051502784,15.22
2016-04-29,74.52,74.89,74.28,74.57,320879.0,0.0029589778076664075,15.7
2016-05-02,74.72,75.29,74.72,75.08,1430889.0,0.006839211479147123,14.68
2016-05-03,75.0,75.0,74.45,74.73,1073694.0,-0.004661694192860888,15.6
2016-05-04,74.07,74.12,73.39,73.5,352499.0,-0.016459253311922994,16.05
2016-05-05,73.38,73.38,72.64,72.67,579677.0,-0.011292517006802671,15.91
2016-05-06,72.86,73.35,72.81,73.19,283064.0,0.007155635062611854,14.72
2016-05-09,73.57,73.67,73.42,73.47,227483.0,0.003825659243066104,14.57
2016-05-10,73.94,74.3,73.87,74.3,426491.0,0.011297128079488239,13.63
2016-05-11,74.79,74.99,74.57,74.82,189907.0,0.006998654104979796,14.69
2016-05-12,75.145,75.31,74.77,74.9,301143.0,0.0010692328254480188,14.41
2016-05-13,74.66,74.95,74.21,74.32,302601.0,-0.0077436582109481344,15.04
2016-05-16,74.23,74.64,74.18,74.52,506984.0,0.002691065662002279,14.68
2016-05-17,74.31,74.64,73.8,73.88,311007.0,-0.008588298443370945,15.57
2016-05-18,73.705,74.35,73.34,73.73,379398.0,-0.0020303194369246658,15.95
2016-05-19,72.96,73.32,72.8,73.035,340071.0,-0.00942628509426291,16.33
2016-05-20,73.59,73.63,73.19,73.28,494855.0,0.003354556034777856,15.2
2016-05-23,73.31,73.69,73.2,73.55,204533.0,0.003684497816593746,15.82
2016-05-24,73.6,74.16,73.6,73.98,301253.0,0.00584636301835495,14.42
2016-05-25,74.06,76.5,73.87,73.98,295391.0,0.0,13.9
2016-05-26,74.73,75.12,74.68,74.92,1014883.0,0.012706136793728007,13.43
2016-05-27,74.73,75.0,74.68,74.94,278026.0,0.0002669514148423424,13.12
2016-05-31,74.42,74.77,73.44,73.9,971326.0,-0.013877768881771946,14.19
2016-06-01,74.31,74.442,74.1,74.26,288570.0,0.004871447902571102,14.2
2016-06-02,74.27,74.49,74.14,74.49,539112.0,0.003097225962833239,13.63
2016-06-03,74.7,75.33,74.66,75.28,245321.0,0.01060545039602645,13.47
2016-06-06,75.91,75.91,75.41,75.61,308911.0,0.004383634431455841,13.65
2016-06-07,76.3,76.44,76.2,76.29,400845.0,0.008993519375743997,14.05
2016-06-08,76.49,76.63,76.3,76.4,267128.0,0.001441866561803673,14.08
2016-06-09,75.69,75.83,75.41,75.7,185385.0,-0.009162303664921545,14.64
2016-06-10,75.16,75.29,74.28,74.435,197063.0,-0.01671070013210041,17.03
2016-06-13,73.625,73.84,73.11,73.47,455170.0,-0.012964331295761466,20.97
2016-06-14,72.865,72.983,72.48,72.68,509699.0,-0.01075268817204289,20.5
2016-06-15,73.325,73.38,72.61,72.685,545162.0,6.87947165656233e-05,20.14
2016-06-16,72.16,73.01,71.82,73.01,615099.0,0.004471348971589739,19.37
2016-06-17,73.025,73.24,72.6,73.2,382189.0,0.0026023832351731446,19.41
2016-06-20,74.055,74.1,73.46,73.52,761577.0,0.0043715846994534235,18.37
2016-06-21,74.32,75.25,74.29,74.86,588679.0,0.018226332970620263,18.48
2016-06-22,74.715,75.07,74.27,74.34,624487.0,-0.006946299759551078,21.17
2016-06-23,75.57,76.18,75.02,76.07,329384.0,0.023271455474845215,17.25
2016-06-24,73.8882,74.77,72.31,72.59,768606.0,-0.04574733797817787,25.76
2016-06-27,73.955,73.98,72.47,73.11,1903504.0,0.007163521146163365,23.85
2016-06-28,75.325,75.4,74.55,75.37,462805.0,0.030912323895500027,18.75
2016-06-29,76.04,76.35,75.87,76.06,567505.0,0.009154836141700873,16.64
2016-06-30,76.76,77.5,76.69,77.31,855976.0,0.016434393899553035,15.63
2016-07-01,78.0325,78.13,77.5,78.09,266270.0,0.010089251067132432,14.77
2016-07-05,77.515,77.66,76.87,77.0,298924.0,-0.013958253297477352,15.58
2016-07-06,77.16,78.11,77.11,78.04,544766.0,0.013506493506493689,14.96
2016-07-07,78.05,78.37,77.79,77.99,224373.0,-0.0006406970784215149,14.76
2016-07-08,78.36,78.55,78.11,78.39,1664723.0,0.005128862674701917,13.2
2016-07-11,79.06,79.38,79.0,79.05,307077.0,0.008419441255262061,13.54
2016-07-12,79.24,79.24,78.59,78.59,428989.0,-0.0058191018342820255,13.55
2016-07-13,78.8,79.15,78.74,78.75,516680.0,0.002035882427789737,13.04
2016-07-14,79.58,79.76,79.16,79.21,716212.0,0.005841269841269758,12.82
2016-07-15,79.12,79.3582,78.77,78.82,2009726.0,-0.004923620754955227,12.67
2016-07-18,79.32,79.65,78.9,79.1,265320.0,0.003552397868561208,12.44
2016-07-19,78.9,79.11,78.63,78.68,237524.0,-0.005309734513274211,11.97
2016-07-20,78.78,79.15,78.66,78.86,317548.0,0.0022877478393492634,11.77
2016-07-21,78.72,78.91,78.53,78.65,498663.0,-0.0026629469946740647,12.74
2016-07-22,78.96,79.02,78.72,78.97,319779.0,0.0040686586141129855,12.02
2016-07-25,79.485,79.55,79.0,79.15,181049.0,0.002279346587311659,12.87
2016-07-26,79.39,79.47,78.83,78.95,361476.0,-0.0025268477574226234,13.05
2016-07-27,78.665,78.98,78.3,78.9,258453.0,-0.0006333122229258414,12.83
2016-07-28,78.98,79.15,78.41,78.65,422426.0,-0.003168567807351086,12.72
2016-07-29,79.78,80.55,79.69,80.23,451592.0,0.020089001907183768,11.87
2016-08-01,80.26,80.37,79.51,79.67,470785.0,-0.006979932693506163,12.44
2016-08-02,80.175,80.21,79.67,79.84,192274.0,0.0021338019329735225,13.37
2016-08-03,79.1,79.25,78.8,79.095,410609.0,-0.009331162324649367,12.86
2016-08-04,79.375,79.7,79.3,79.64,411072.0,0.006890448195208343,12.42
2016-08-05,79.25,79.715,79.25,79.57,287039.0,-0.0008789552988448524,11.39
2016-08-08,78.85,79.01,78.57,78.77,174114.0,-0.010054040467512793,11.5
2016-08-09,79.15,79.48,79.05,79.37,173807.0,0.007617113114129825,11.66
2016-08-10,79.825,79.92,79.3,79.45,335439.0,0.0010079375078744235,12.05
2016-08-11,81.47,81.95,81.35,81.63,299328.0,0.027438640654499524,11.68
2016-08-12,81.955,82.09,81.75,81.85,516257.0,0.0026950875903466454,11.55
2016-08-15,82.02,82.17,81.8,81.96,394153.0,0.0013439218081856552,11.81
2016-08-16,82.175,82.46,81.65,81.67,420669.0,-0.003538311371400593,12.64
2016-08-17,81.64,81.75,81.12,81.54,214365.0,-0.0015917717644177154,12.19
2016-08-18,82.869,83.25,82.72,82.98,370863.0,0.017660044150110243,11.43
2016-08-19,82.21,82.22,81.73,81.9,687626.0,-0.013015184381778733,11.34
2016-08-22,81.02,81.2,80.86,81.02,557153.0,-0.010744810744810818,12.27
2016-08-23,81.17,81.4,80.79,80.79,270451.0,-0.002838805233275621,12.38
2016-08-24,80.55,80.62,80.06,80.1,273841.0,-0.008540660972892855,13.45
2016-08-25,80.31,80.38,79.88,79.99,239821.0,-0.0013732833957552648,13.63
2016-08-26,80.05,80.8,79.05,79.37,561493.0,-0.007750968871108821,13.65
2016-08-29,79.445,79.73,79.25,79.57,294909.0,0.0025198437696860587,12.94
2016-08-30,79.74,79.87,79.28,79.48,294242.0,-0.00113107955259506,13.12
2016-08-31,79.32,79.65,79.27,79.5,325363.0,0.0002516356316053514,13.42
2016-09-01,79.051,79.54,78.9,79.39,510140.0,-0.0013836477987421159,13.48
2016-09-02,80.395,80.71,80.2,80.56,331778.0,0.014737372465045917,11.98
2016-09-06,80.79,81.55,80.69,81.45,228415.0,0.011047666335650463,12.02
2016-09-07,81.66,81.88,81.32,81.39,454546.0,-0.0007366482504603811,11.94
2016-09-08,81.31,81.43,80.76,80.89,311368.0,-0.006143260842855436,12.51
2016-09-09,80.19,80.22,79.72,79.72,1400063.0,-0.0144640870317716,17.5
2016-09-12,79.685,80.33,79.65,80.33,436228.0,0.0076517812343201985,15.16
2016-09-13,79.615,79.75,78.85,79.0,350832.0,-0.016556703597659594,17.85
2016-09-14,79.66,79.91,79.35,79.45,790424.0,0.0056962025316456,18.14
2016-09-15,79.515,79.65,79.17,79.57,417572.0,0.0015103838892382981,16.3
2016-09-16,78.765,78.82,78.17,78.38,272155.0,-0.014955385195425386,15.37
2016-09-19,78.58,78.77,78.44,78.54,511312.0,0.0020413370757847993,15.53
2016-09-20,79.49,79.49,79.02,79.25,282300.0,0.00903997962821479,15.92
2016-09-21,79.155,79.382,78.76,79.38,947925.0,0.001640378548895871,13.3
2016-09-22,80.52,80.94,80.52,80.605,600527.0,0.015432098765432167,12.02
2016-09-23,78.93,79.23,78.9,79.09,443281.0,-0.018795360089324475,12.29
2016-09-26,78.625,78.95,78.51,78.735,1105957.0,-0.0044885573397396294,14.5
2016-09-27,78.92,79.46,78.89,79.46,399226.0,0.00920810313075493,13.1
2016-09-28,79.54,79.698,79.14,79.5,248807.0,0.0005033979360684615,12.39
2016-09-29,79.59,79.87,79.4,79.6,440806.0,0.0012578616352201255,14.02
2016-09-30,78.77,79.12,78.65,79.02,534727.0,-0.007286432160804046,13.29
2016-10-03,78.94,79.14,78.69,78.92,239763.0,-0.0012655024044544438,13.57
2016-10-04,78.31,78.85,78.17,78.55,349731.0,-0.004688291941206346,13.63
2016-10-05,78.42,78.51,77.89,78.14,334037.0,-0.005219605346912792,12.99
2016-10-06,77.815,77.91,77.64,77.85,284471.0,-0.003711287432813015,12.84
2016-10-07,77.3,77.38,76.39,76.825,292596.0,-0.013166345536287594,13.48
2016-10-10,76.845,77.24,76.8,76.86,173576.0,0.0004555808656037108,13.38
2016-10-11,76.76,76.85,75.71,75.9,762757.0,-0.012490241998438623,15.36
2016-10-12,75.835,75.95,75.5,75.69,359206.0,-0.002766798418972427,15.91
2016-10-13,75.3,75.68,75.05,75.42,282682.0,-0.00356718192627814,16.69
2016-10-14,76.285,76.62,75.92,76.06,270684.0,0.00848581278175553,16.12
2016-10-17,75.33,75.54,75.17,75.41,294772.0,-0.008545884827767636,16.21
2016-10-18,75.615,75.74,75.43,75.63,460577.0,0.002917384962206615,15.28
2016-10-19,75.31,75.45,75.11,75.31,395226.0,-0.004231125214861686,14.41
2016-10-20,74.565,75.09,74.44,74.51,653849.0,-0.010622759261718184,13.75
2016-10-21,73.415,73.62,73.21,73.29,1550192.0,-0.016373641121997018,13.34
2016-10-24,73.28,73.37,72.62,72.68,3678579.0,-0.008323100013644447,13.02
2016-10-25,72.395,72.6748,72.25,72.27,993080.0,-0.005641166758393101,13.46
2016-10-26,72.68,72.73,72.42,72.475,406531.0,0.0028365850283658123,14.24
2016-10-27,73.39,73.84,73.3,73.66,369488.0,0.016350465677819948,15.36
2016-10-28,73.14,73.47,73.07,73.4,205706.0,-0.0035297311973933043,16.19
2016-10-31,73.0,73.05,72.45,72.645,1221666.0,-0.01028610354223447,17.06
2016-11-01,73.41,73.6,73.09,73.18,1396084.0,0.007364581182462748,18.56
2016-11-02,74.01,74.08,73.39,73.44,324586.0,0.0035528833014484285,19.32
2016-11-03,72.98,73.03,72.295,72.4,2327146.0,-0.014161220043572897,22.08
2016-11-04,72.65,73.4,72.41,72.52,4009067.0,0.0016574585635358297,22.51
2016-11-07,72.83,73.02,72.38,73.02,325707.0,0.006894649751792548,18.71
2016-11-08,72.81,73.05,72.585,72.98,392017.0,-0.0005477951246233292,18.74
2016-11-09,71.75,72.0,71.268,71.765,914859.0,-0.016648396821046907,14.38
2016-11-10,70.225,70.36,69.36,69.99,1066662.0,-0.024733505190552618,14.74
2016-11-11,70.01,70.35,69.33,69.59,1563737.0,-0.005715102157450969,14.17
2016-11-14,68.14,68.26,67.73,68.09,1281336.0,-0.021554821094984855,14.48
2016-11-15,68.43,68.85,68.38,68.75,706950.0,0.009693053311793154,13.37
2016-11-16,68.36,69.05,68.31,69.01,2277804.0,0.0037818181818183305,13.72
2016-11-17,68.795,69.0791,68.5,68.576,2385189.0,-0.006288943631357902,13.35
2016-11-18,68.045,68.1899,67.74,67.84,2037954.0,-0.010732617825478186,12.85
2016-11-21,67.775,67.94,67.45,67.69,2559106.0,-0.0022110849056604653,12.42
2016-11-22,66.96,67.098,66.7,66.99,1349972.0,-0.010341261633919352,12.41
2016-11-23,66.45,66.8,66.4,66.62,1535852.0,-0.005523212419763945,12.43
2016-11-25,68.455,68.5495,68.12,68.22,425255.0,0.024016811768237778,12.34
2016-11-28,67.79,67.98,67.52,67.6,796488.0,-0.009088243916740013,13.15
2016-11-29,67.2,67.72,67.17,67.615,744861.0,0.0002218934911242254,12.9
2016-11-30,67.6,67.66,67.08,67.3,1129808.0,-0.0046587295718405475,13.33
2016-12-01,66.305,66.67,66.082,66.6,919861.0,-0.010401188707280906,14.07
2016-12-02,66.98,67.5,66.93,67.45,738218.0,0.012762762762762891,14.12
2016-12-05,68.035,68.08,67.31,67.7,1052782.0,0.003706449221645647,12.14
2016-12-06,67.715,68.0,67.55,67.79,872980.0,0.0013293943870016367,11.79
2016-12-07,67.42,67.95,67.36,67.69,1110435.0,-0.0014751438265232508,12.22
2016-12-08,67.45,67.73,67.21,67.515,998449.0,-0.002585315408479838,12.64
2016-12-09,69.13,69.96,68.8768,69.865,1899451.0,0.03480707990816856,11.75
2016-12-12,69.48,69.84,69.44,69.58,1443461.0,-0.0040792957847276545,12.64
2016-12-13,70.785,71.58,70.74,71.52,1245972.0,0.02788157516527745,12.72
2016-12-14,71.3,71.81,70.42,70.5,1673032.0,-0.014261744966442946,13.19
2016-12-15,70.3,70.5,70.0,70.26,847346.0,-0.0034042553191488967,12.79
2016-12-16,69.875,70.66,69.826,70.57,853915.0,0.004412183319100205,12.2
2016-12-19,70.85,71.34,70.78,71.159,663664.0,0.008346322800056871,11.71
2016-12-20,70.775,71.25,70.65,70.9,828018.0,-0.003639736365041668,11.45
2016-12-21,71.36,71.37,70.8,70.95,602516.0,0.000705218617771397,11.27
2016-12-22,71.345,71.47,71.07,71.36,595255.0,0.00577871740662439,11.43
2016-12-23,71.13,71.27,70.99,71.205,573704.0,-0.002172085201793683,11.44
2016-12-27,71.215,71.39,70.91,71.14,479189.0,-0.000912857243171139,11.99
2016-12-28,70.94,71.06,70.77,70.83,345318.0,-0.004357604723081332,12.95
2016-12-29,71.5,71.67,71.35,71.395,504130.0,0.00797684596922199,13.37
2016-12-30,72.125,72.35,71.62,71.74,862951.0,0.004832271167448665,14.04
2017-01-03,70.435,72.3,70.06,71.35,1527811.0,-0.005436297741845508,12.85
2017-01-04,71.13,72.01,71.05,71.9,687132.0,0.007708479327260154,11.85
2017-01-05,72.585,73.6,72.57,73.58,677672.0,0.023365785813630024,11.67
2017-01-06,72.92,73.73,72.89,73.52,450743.0,-0.0008154389779831961,11.32
2017-01-09,73.53,73.79,73.46,73.59,681654.0,0.0009521218715997648,11.56
2017-01-10,72.835,73.91,72.75,73.76,650232.0,0.002310096480500068,11.49
2017-01-11,73.144,73.64,72.79,73.35,563908.0,-0.005558568329718128,11.26
2017-01-12,73.895,74.11,73.817,74.001,560241.0,0.008875255623721934,11.54
2017-01-13,73.675,74.0,73.32,73.99,985612.0,-0.00014864663991043248,11.23
2017-01-17,73.13,73.46,73.09,73.352,705725.0,-0.008622786863089482,11.87
2017-01-18,73.63,73.72,73.2,73.24,452482.0,-0.0015268840658743121,12.48
2017-01-19,72.71,72.87,72.39,72.69,401483.0,-0.007509557618787466,12.78
2017-01-20,72.72,73.14,72.65,73.07,294672.0,0.005227679185582534,11.54
2017-01-23,73.11,73.47,72.89,73.39,540068.0,0.0043793622553716105,11.77
2017-01-24,73.26,73.55,73.22,73.38,392021.0,-0.00013625834582375873,11.07
2017-01-25,73.355,73.83,73.2,73.82,785467.0,0.005996184246388703,10.81
2017-01-26,73.04,73.18,72.7,72.87,1010160.0,-0.012869141154158603,10.63
2017-01-27,73.16,73.42,72.92,73.4,365707.0,0.007273226293399215,10.58
2017-01-30,72.025,72.97,72.0,72.87,483754.0,-0.007220708446866508,11.88
2017-01-31,72.815,73.36,72.71,73.22,385056.0,0.004803073967339033,11.99
2017-02-01,73.65,73.68,72.6,72.96,430773.0,-0.0035509423654739303,11.81
2017-02-02,73.47,73.57,72.73,72.79,35940000.0,-0.002330043859648967,11.93
2017-02-03,73.44,73.78,73.29,73.69,60790000.0,0.01236433576040663,10.97
2017-02-06,73.01,73.47,72.99,73.44,25610000.0,-0.0033925905821685642,11.37
2017-02-07,73.1,73.4,73.02,73.12,126630000.0,-0.004357298474945481,11.29
2017-02-08,74.26,74.88,74.17,74.57,148110000.0,0.01983041575492317,11.45
2017-02-09,74.02,74.16,73.63,73.95,58380000.0,-0.008314335523668892,10.88
2017-02-10,73.09,73.8,73.04,73.48,75160000.0,-0.006355645706558444,10.85
2017-02-13,73.41,73.56,73.22,73.31,37820000.0,-0.002313554708764265,11.07
2017-02-14,73.06,73.14,72.42,72.66,75180000.0,-0.00886645750920756,10.74
2017-02-15,72.18,72.81,72.05,72.67,85960000.0,0.00013762730525734845,11.97
2017-02-16,72.17,72.75,72.05,72.62,55570000.0,-0.0006880418329433535,11.76
2017-02-17,73.86,73.9,73.41,73.74,100400000.0,0.015422748554117183,11.49
2017-02-21,72.68,72.98,72.36,72.92,67730000.0,-0.011120151885001262,11.57
2017-02-22,73.25,73.82,73.1,73.8,39630000.0,0.012068019747668579,11.74
2017-02-23,73.56,74.4,73.52,74.2,172100000.0,0.005420054200542035,11.71
2017-02-24,73.81,74.2,73.76,74.02,197700000.0,-0.0024258760107818134,11.47
2017-02-27,73.77,74.02,73.69,73.79,57940000.0,-0.0031072683058631645,12.09
2017-02-28,73.79,74.2,73.6,73.69,87220000.0,-0.0013551971811899266,12.92
2017-03-01,73.19,74.18,73.15,74.09,83030000.0,0.005428144931469703,12.54
2017-03-02,73.35,73.86,73.31,73.77,67830000.0,-0.004319071399649155,11.81
2017-03-03,73.7,74.08,73.51,74.03,86030000.0,0.0035244679408974466,10.96
2017-03-06,74.13,74.38,74.03,74.33,31920000.0,0.004052411184654936,11.24
2017-03-07,74.18,74.67,74.15,74.55,63520000.0,0.0029597739808959744,11.45
2017-03-08,74.2,74.31,73.93,74.05,48710000.0,-0.0067069081153587895,11.86
2017-03-09,73.97,74.56,73.95,74.54,35990000.0,0.0066171505739367475,12.3
2017-03-10,74.55,74.86,74.45,74.72,70320000.0,0.0024148108398174273,11.66
2017-03-13,75.39,75.64,75.28,75.61,54600000.0,0.011911134903640264,11.35
2017-03-14,75.46,75.69,75.46,75.58,38070000.0,-0.00039677291363582334,12.3
2017-03-15,75.53,76.88,75.51,76.88,40150000.0,0.01720031754432383,11.63
2017-03-16,76.98,77.3,76.87,77.14,34460000.0,0.0033818938605620907,11.21
2017-03-17,77.2,77.64,77.1,77.47,44680000.0,0.004277936219859946,11.28
2017-03-20,77.5,77.7,77.4,77.53,25870000.0,0.0007744933522653152,11.34
2017-03-21,77.82,77.88,77.33,77.39,67380000.0,-0.0018057526118921974,12.47
2017-03-22,77.36,77.89,77.34,77.77,77510000.0,0.004910195115648053,12.81
2017-03-23,77.15,78.18,77.1,77.85,113520000.0,0.0010286742960010642,13.12
2017-03-24,77.76,78.2,77.73,77.89,111240000.0,0.0005138086062941305,12.96
2017-03-27,78.66,78.9,78.49,78.65,83610000.0,0.009757350109128371,12.5
2017-03-28,78.17,78.48,77.9,77.95,48300000.0,-0.008900190718372558,11.53
2017-03-29,77.53,78.06,77.47,78.03,33020000.0,0.0010262989095572994,11.42
2017-03-30,77.7,77.84,77.05,77.15,48320000.0,-0.011277713699858971,11.54
2017-03-31,76.9,76.99,76.72,76.9,29300000.0,-0.003240440699935232,12.37
2017-04-03,76.86,77.13,76.52,76.89,53130000.0,-0.00013003901170360876,12.38
2017-04-04,76.42,76.83,76.37,76.81,411152.0,-0.0010404473923787405,11.79
2017-04-05,76.43,76.61,76.02,76.04,599924.0,-0.010024736362452713,12.89
2017-04-06,76.56,76.6,76.26,76.26,493267.0,0.0028932140978432663,12.39
2017-04-07,74.47,75.11,74.29,74.7,308836.0,-0.020456333595594067,12.87
2017-04-10,74.5,74.99,74.49,74.77,368598.0,0.0009370816599731935,14.05
2017-04-11,74.88,75.46,74.78,75.44,502773.0,0.00896081316035846,15.07
2017-04-12,75.57,76.37,75.46,76.3,285527.0,0.011399787910922665,15.77
2017-04-13,75.89,76.07,75.66,76.07,336187.0,-0.003014416775884765,15.96
2017-04-17,76.04,76.45,75.77,76.37,449988.0,0.003943736032601786,14.66
2017-04-18,76.26,76.42,75.98,76.35,669286.0,-0.0002618829383267407,14.42
2017-04-19,75.4,75.58,75.11,75.14,423353.0,-0.015848068107400026,14.93
2017-04-20,75.71,76.06,75.62,75.79,318372.0,0.00865051903114189,14.15
2017-04-21,75.59,75.79,75.45,75.75,952824.0,-0.0005277741126799018,14.63
2017-04-24,77.1,77.55,77.0,77.41,499478.0,0.02191419141914186,10.84
2017-04-25,77.13,77.9,77.07,77.86,562666.0,0.005813202428626818,10.76
2017-04-26,77.58,77.9,77.52,77.67,343553.0,-0.0024402774210120493,10.85
2017-04-27,77.73,77.95,77.55,77.87,269880.0,0.0025749967812540575,10.36
2017-04-28,77.56,77.56,76.84,77.0,753133.0,-0.011172466932066305,10.82
2017-05-01,77.06,77.22,76.89,77.19,323795.0,0.002467532467532507,10.11
2017-05-02,77.36,79.32,77.33,77.8,405993.0,0.007902578054152176,10.59
2017-05-03,78.15,78.28,77.92,78.07,323558.0,0.0034704370179947652,10.68
2017-05-04,78.67,79.98,78.56,79.85,1111827.0,0.022800051236070207,10.46
2017-05-05,80.11,81.23,79.98,81.06,518489.0,0.015153412648716502,10.57
2017-05-08,80.82,80.94,80.4,80.4,521730.0,-0.008142116950407119,9.77
2017-05-09,80.08,80.43,79.85,80.25,483611.0,-0.001865671641791078,9.96
2017-05-10,80.24,80.29,79.91,80.05,2551870.0,-0.0024922118380062974,10.21
2017-05-11,80.25,80.53,79.98,80.09,418120.0,0.0004996876951905982,10.6
2017-05-12,80.68,81.24,80.64,81.11,517056.0,0.012735672368585194,10.4
2017-05-15,81.8,81.89,81.39,81.61,382386.0,0.006164468006411017,10.42
2017-05-16,82.98,83.44,82.91,83.27,932885.0,0.020340644528856755,10.65
2017-05-17,83.41,83.63,82.76,82.81,506979.0,-0.005524198390776891,15.59
2017-05-18,83.09,83.23,82.54,82.81,600965.0,0.0,14.66
2017-05-19,84.0,84.8,83.94,84.8,2815237.0,0.02403091414080416,12.04
2017-05-22,85.81,85.9,85.26,85.28,2330162.0,0.005660377358490676,10.93
2017-05-23,85.34,85.34,84.6,84.75,1762105.0,-0.0062148217636022185,10.72
2017-05-24,84.03,84.33,83.87,84.16,763574.0,-0.006961651917404166,10.02
2017-05-25,84.34,84.48,84.13,84.28,401103.0,0.001425855513307983,9.99
2017-05-26,84.14,85.19,84.09,84.83,567483.0,0.006525866160417726,9.81
2017-05-30,84.15,84.62,84.14,84.48,211574.0,-0.004125898856536581,10.38
2017-05-31,85.5,85.65,84.88,85.16,1480908.0,0.008049242424242431,10.41
2017-06-01,85.56,85.56,85.2,85.51,560988.0,0.004109910756223689,9.89
2017-06-02,85.65,86.45,85.52,86.45,769869.0,0.010992866331423157,9.75
2017-06-05,85.95,86.04,85.61,85.84,244963.0,-0.007056101792943914,10.07
2017-06-06,86.46,86.85,86.4,86.85,1712167.0,0.011766076421248828,10.45
2017-06-07,86.31,86.46,85.65,85.79,720987.0,-0.012204951065054592,10.39
2017-06-08,84.47,84.5,83.31,83.87,601074.0,-0.02238023079613005,10.16
2017-06-09,83.45,83.55,82.9,83.18,315641.0,-0.008227018004053899,10.7
2017-06-12,83.17,83.24,82.85,83.09,805582.0,-0.0010819908631882758,11.46
2017-06-13,83.17,83.59,83.14,83.29,834719.0,0.0024070285232880018,10.42
2017-06-14,83.8,84.07,82.91,83.16,298284.0,-0.0015608116220435786,10.64
2017-06-15,82.55,84.28,82.35,83.93,468400.0,0.0092592592592593,10.9
2017-06-16,85.24,85.81,85.1,85.7,252900.0,0.021089002740378948,10.38
2017-06-19,85.63,85.68,85.31,85.49,246300.0,-0.002450408401400317,10.37
2017-06-20,86.15,86.4,85.64,86.1,740700.0,0.007135337466370295,10.86
2017-06-21,85.14,85.26,84.37,84.92,1504000.0,-0.013704994192799025,10.75
2017-06-22,84.32,84.52,84.12,84.43,829500.0,-0.005770136599152043,10.48
2017-06-23,84.0,84.91,83.88,84.83,311800.0,0.00473765249318947,10.02
2017-06-26,88.3,88.46,87.75,88.17,1385300.0,0.03937286337380641,9.9
2017-06-27,87.52,89.4,87.12,89.23,3526200.0,0.012022229783372973,11.06
2017-06-28,88.88,89.16,88.6,89.05,2726532.0,-0.00201725876947223,10.03
2017-06-29,88.2,88.21,87.18,87.7,634513.0,-0.015160022459292488,11.44
2017-06-30,87.6,87.83,87.02,87.2,887400.0,-0.005701254275940704,11.18
2017-07-03,86.98,87.28,86.76,86.9,475230.0,-0.0034403669724770714,11.22
2017-07-05,85.38,85.48,85.17,85.48,690403.0,-0.01634062140391257,11.07
2017-07-06,84.42,85.54,84.42,85.15,664181.0,-0.003860552175947607,12.54
2017-07-07,84.8,85.16,84.55,85.08,365933.0,-0.0008220786846742101,11.19
2017-07-10,85.74,85.99,85.51,85.91,415973.0,0.009755524212505806,11.11
2017-07-11,84.72,85.6,84.7,85.6,330888.0,-0.0036084274240484326,10.89
2017-07-12,86.58,87.07,86.5,87.04,278701.0,0.016822429906542258,10.3
2017-07-13,86.64,87.0009,86.45,86.92,497326.0,-0.0013786764705883137,9.9
2017-07-14,86.68,87.37,86.57,87.13,301715.0,0.002416014726184912,9.51
2017-07-17,86.96,87.02,86.66,86.83,505389.0,-0.0034431309537472643,9.82
2017-07-18,87.44,87.51,86.66,86.81,668371.0,-0.00023033513762515945,9.89
2017-07-19,87.57,87.66,87.22,87.26,499271.0,0.00518373459278898,9.79
2017-07-20,87.18,87.7,87.1,87.69,604501.0,0.004927801971120749,9.58
2017-07-21,87.47,87.72,87.1,87.6,319968.0,-0.0010263427984947837,9.36
2017-07-24,86.75,86.81,86.48,86.58,251117.0,-0.011643835616438336,9.43
2017-07-25,86.88,86.97,86.4,86.54,268300.0,-0.00046200046200040035,9.43
2017-07-26,86.3,86.75,86.0,86.35,371346.0,-0.0021955165241508423,9.6
2017-07-27,85.31,85.49,84.02,84.4,541588.0,-0.022582513028372775,10.11
2017-07-28,84.02,84.61,83.9,84.3,540919.0,-0.0011848341232228998,10.29
2017-07-31,84.95,84.95,84.2,84.29,240298.0,-0.00011862396204020964,10.26
2017-08-01,84.72,85.0,84.55,84.89,363224.0,0.0071182821212480984,10.09
2017-08-02,84.9,85.05,84.63,84.95,536927.0,0.0007067970314524885,10.28
2017-08-03,85.16,85.55,84.97,85.14,468493.0,0.0022366097704531462,10.44
2017-08-04,85.09,85.63,84.99,85.36,1520639.0,0.0025839793281654533,10.03
2017-08-07,85.45,85.62,85.35,85.56,299841.0,0.0023430178069354657,9.93
2017-08-08,85.49,85.74,85.03,85.07,627284.0,-0.005726975222066444,10.96
2017-08-09,85.35,85.51,85.05,85.43,1438942.0,0.004231809098389716,11.11
2017-08-10,84.91,85.0,84.39,84.56,197930.0,-0.010183776191033611,16.04
2017-08-11,84.23,84.33,83.93,84.13,201800.0,-0.00508514664143811,15.51
2017-08-14,84.45,84.97,84.42,84.79,216804.0,0.007845001782954997,12.33
2017-08-15,84.02,84.22,83.63,84.22,237682.0,-0.00672249085977128,12.04
2017-08-16,83.99,84.56,83.89,84.49,247514.0,0.0032058893374495856,11.74
2017-08-17,84.44,84.63,83.86,83.86,260914.0,-0.007456503728251795,15.55
2017-08-18,84.37,84.54,83.76,83.76,225683.0,-0.0011924636298592528,14.26
2017-08-21,84.34,84.6,84.21,84.49,185380.0,0.008715377268385671,13.19
2017-08-22,84.39,85.08,84.37,84.99,2009526.0,0.005917860101787298,11.35
2017-08-23,84.86,85.02,84.75,84.76,685944.0,-0.0027062007294974544,12.25
2017-08-24,84.89,84.96,84.06,84.08,353491.0,-0.008022652194431434,12.23
2017-08-25,83.95,84.35,83.86,84.08,481826.0,0.0,11.28
2017-08-28,84.65,84.66,83.95,84.0,484931.0,-0.0009514747859181716,11.32
2017-08-29,84.63,85.2,84.63,84.7,234869.0,0.008333333333333304,11.7
2017-08-30,84.07,84.52,84.0,84.12,205679.0,-0.006847697756788618,11.22
2017-08-31,84.49,84.78,84.26,84.76,560549.0,0.007608178792201548,10.59
2017-09-01,84.71,84.78,84.08,84.17,158917.0,-0.006960830580462485,10.13
2017-09-05,84.11,84.79,84.08,84.37,206228.0,0.002376143519068563,12.23
2017-09-06,84.34,84.63,84.26,84.26,355901.0,-0.0013037809647978849,11.63
2017-09-07,84.77,85.19,84.46,85.03,432887.0,0.009138381201044377,11.55
2017-09-08,85.16,85.3,84.98,85.13,347729.0,0.0011760555098199177,12.12
2017-09-11,85.14,85.48,85.11,85.17,483719.0,0.0004698696111828937,10.73
2017-09-12,84.51,84.87,84.39,84.69,140623.0,-0.005635787249031354,10.58
2017-09-13,84.61,84.65,84.04,84.12,626000.0,-0.006730428622033213,10.5
2017-09-14,83.78,84.05,83.5,83.94,449358.0,-0.0021398002853068032,10.44
2017-09-15,84.08,84.37,83.73,84.35,346312.0,0.004884441267571926,10.17
2017-09-18,84.9,85.04,84.22,84.43,196701.0,0.0009484291641970177,10.15
2017-09-19,84.68,84.78,84.31,84.6,199456.0,0.0020135023096055082,10.18
2017-09-20,84.63,84.63,83.15,83.45,600029.0,-0.013593380614657091,9.78
2017-09-21,82.71,83.61,82.59,83.41,418930.0,-0.00047932893948476885,9.67
2017-09-22,83.48,83.52,82.87,82.87,392167.0,-0.0064740438796306865,9.59
2017-09-25,83.53,83.85,83.4,83.75,273705.0,0.010619041872812707,10.21
2017-09-26,85.0,85.32,84.96,85.3,318937.0,0.01850746268656711,10.17
2017-09-27,83.95,84.08,83.66,83.91,200210.0,-0.01629542790152405,9.87
2017-09-28,83.26,83.62,83.21,83.6,210919.0,-0.003694434513168865,9.55
2017-09-29,83.54,84.1,83.37,84.01,396714.0,0.004904306220095744,9.51
2017-10-02,84.39,84.79,84.15,84.7,722127.0,0.008213307939531012,9.45
2017-10-03,84.95,85.65,84.93,85.62,377874.0,0.010861865407320037,9.51
2017-10-04,85.66,85.84,85.33,85.37,536226.0,-0.0029198785330529775,9.63
2017-10-05,85.33,85.37,84.82,85.04,519033.0,-0.003865526531568464,9.19
2017-10-06,84.73,84.95,84.64,84.82,198347.0,-0.002587017873941777,9.65
2017-10-09,84.97,85.18,84.9,85.07,133331.0,0.0029474180617778956,10.33
2017-10-10,85.85,86.0,85.74,85.86,334156.0,0.009286469965910538,10.08
2017-10-11,85.89,86.14,85.89,86.14,199144.0,0.0032611227579781854,9.85
2017-10-12,86.36,86.6,86.23,86.57,1336794.0,0.004991873693986459,9.91
2017-10-13,87.1,87.18,86.87,87.09,1968196.0,0.006006699780524594,9.61
2017-10-16,86.5,86.71,86.26,86.37,206099.0,-0.008267309679641732,9.91
2017-10-17,86.07,86.28,85.54,85.77,261461.0,-0.006946856547412339,10.31
2017-10-18,86.22,86.61,86.14,86.3,232794.0,0.006179316777428001,10.07
2017-10-19,86.39,86.44,86.0,86.04,186708.0,-0.0030127462340671096,10.05
2017-10-20,85.03,85.06,84.58,84.8,691366.0,-0.0144119014411902,9.97
2017-10-23,84.29,84.43,83.75,83.81,482171.0,-0.011674528301886755,11.07
2017-10-24,83.87,84.0,83.62,83.63,471670.0,-0.0021477150698008263,11.16
2017-10-25,83.17,83.66,82.24,82.63,512776.0,-0.011957431543704433,11.23
2017-10-26,83.18,83.32,82.8,83.21,516574.0,0.007019242405905901,11.3
2017-10-27,82.64,82.73,82.14,82.65,701635.0,-0.006729960341305019,9.8
2017-10-30,82.74,83.21,82.69,83.15,1138793.0,0.006049606775559546,10.5
2017-10-31,83.62,84.28,83.6,84.23,287244.0,0.012988574864702285,10.18
2017-11-01,83.84,84.09,83.4,83.61,766710.0,-0.007360797815505249,10.2
2017-11-02,83.86,84.23,83.62,84.2,298401.0,0.007056572180361265,9.93
2017-11-03,84.45,84.89,84.23,84.76,202132.0,0.0066508313539193065,9.14
2017-11-06,84.47,84.71,84.23,84.71,635396.0,-0.0005899008966494534,9.4
2017-11-07,83.9,84.09,83.51,83.73,415897.0,-0.0115688820682327,9.89
2017-11-08,83.71,84.42,83.7,84.36,280470.0,0.007524184879971196,9.78
2017-11-09,84.13,84.35,83.76,84.33,297606.0,-0.00035561877667145136,10.5
2017-11-10,84.13,84.24,83.75,84.06,144598.0,-0.0032017075773745907,11.29
2017-11-13,84.6,85.08,84.54,84.84,287147.0,0.009279086366880795,11.5
2017-11-14,84.61,84.96,84.56,84.77,189024.0,-0.0008250825082508628,11.59
2017-11-15,85.01,85.03,84.4,84.42,264480.0,-0.004128819157720787,13.13
2017-11-16,84.66,84.85,84.37,84.41,268311.0,-0.00011845534233601018,11.76
2017-11-17,84.61,85.29,84.48,85.11,549496.0,0.008292856296647333,11.43
2017-11-20,85.22,85.69,85.13,85.14,388543.0,0.00035248501938678345,10.65
2017-11-21,85.83,86.2,85.57,85.6,231164.0,0.0054028658679821095,9.73
2017-11-22,86.05,86.12,85.51,85.79,618327.0,0.0022196261682243534,9.88
2017-11-24,87.18,87.31,86.81,87.1,173969.0,0.01526984497027617,9.67
2017-11-27,87.0,87.12,86.48,86.5,322914.0,-0.006888633754305373,9.87
2017-11-28,87.74,87.78,87.32,87.6,230299.0,0.012716763005780285,10.03
2017-11-29,87.02,87.14,86.12,86.17,222641.0,-0.016324200913241937,10.7
2017-11-30,86.29,86.31,85.32,85.41,449745.0,-0.008819774863641716,11.28
2017-12-01,85.83,86.18,85.65,86.09,221000.0,0.007961597002692944,11.43
2017-12-04,86.13,86.14,85.44,85.51,451111.0,-0.006737135555813678,11.68
2017-12-05,86.26,86.42,85.47,85.48,573007.0,-0.000350836159513479,11.33
2017-12-06,86.73,87.24,86.46,86.64,1038058.0,0.013570425830603527,11.02
2017-12-07,86.64,86.7,86.14,86.16,272799.0,-0.005540166204986208,10.16
2017-12-08,85.86,86.17,85.74,86.05,223220.0,-0.0012766945218198877,9.58
2017-12-11,86.0,86.03,85.69,85.71,374185.0,-0.003951191167925638,9.34
2017-12-12,85.76,86.19,85.66,86.06,335184.0,0.004083537510208846,9.92
2017-12-13,86.4,86.89,86.27,86.67,233388.0,0.007088078085056848,10.18
2017-12-14,86.26,86.3,85.81,85.96,199183.0,-0.00819199261566872,10.49
2017-12-15,85.48,85.59,84.65,85.23,435041.0,-0.008492322010237197,9.42
2017-12-18,85.23,85.52,85.11,85.12,253173.0,-0.0012906253666549183,9.53
2017-12-19,85.07,85.22,84.54,84.66,478176.0,-0.005404135338345939,10.03
2017-12-20,84.31,84.55,83.69,83.87,329471.0,-0.009331443420741659,9.72
2017-12-21,83.99,84.6,83.91,84.41,380004.0,0.006438535829259573,9.62
2017-12-22,84.62,84.79,84.39,84.42,447864.0,0.00011846937566639681,9.9
2017-12-26,84.42,84.72,84.42,84.56,166674.0,0.0016583747927032544,10.25
2017-12-27,85.15,85.38,84.97,85.19,226437.0,0.007450331125827825,10.47
2017-12-28,85.8,85.87,85.49,85.61,193317.0,0.004930156121610629,10.18
2017-12-29,85.74,86.17,85.57,85.97,211794.0,0.004205116224740069,11.04
2018-01-02,86.05,86.26,85.35,85.63,1197012.0,-0.003954867977201348,9.77
2018-01-03,84.85,85.49,84.81,85.28,884778.0,-0.004087352563353908,9.15
2018-01-04,85.52,85.68,85.22,85.33,438104.0,0.000586303939962507,9.22
2018-01-05,85.6,85.79,85.33,85.72,231268.0,0.004570491034806112,9.22
2018-01-08,85.79,85.8,85.37,85.48,382339.0,-0.002799813345776836,9.52
2018-01-09,85.9,86.0,85.51,85.89,765201.0,0.004796443612540946,10.08
2018-01-10,85.24,85.27,84.76,85.07,521971.0,-0.009547095121667293,9.82
2018-01-11,84.73,84.86,84.29,84.52,627359.0,-0.00646526390031732,9.88
2018-01-12,84.85,85.24,84.63,85.1,339560.0,0.006862281116895463,10.16
2018-01-16,86.08,86.27,85.7,86.2,603170.0,0.01292596944770863,11.66
2018-01-17,86.04,86.48,85.99,86.28,332204.0,0.0009280742459396585,11.91
2018-01-18,86.22,86.43,85.96,86.25,341409.0,-0.0003477051460362146,12.22
2018-01-19,85.72,85.81,85.38,85.6,596560.0,-0.007536231884058053,11.27
2018-01-22,85.79,85.91,85.59,85.8,324776.0,0.00233644859813098,11.03
2018-01-23,86.68,87.11,86.38,87.07,1099322.0,0.01480186480186485,11.1
2018-01-24,87.55,87.85,86.87,86.97,519960.0,-0.0011485012059262445,11.47
2018-01-25,86.94,87.51,85.65,86.05,567611.0,-0.010578360354145167,11.58
2018-01-26,86.58,86.86,86.43,86.76,617847.0,0.008251016850668202,11.08
2018-01-29,86.11,86.22,85.62,85.68,257096.0,-0.012448132780082943,13.84
2018-01-30,86.28,86.38,85.81,85.97,430108.0,0.003384687208216608,14.79
2018-01-31,86.83,87.0,86.02,86.4,383482.0,0.00500174479469595,13.54
2018-02-01,86.54,86.95,86.29,86.76,365418.0,0.004166666666666652,13.47
2018-02-02,85.69,85.69,85.07,85.28,526202.0,-0.017058552328261922,17.31
2018-02-05,84.04,84.52,79.89,82.69,671895.0,-0.03037054409005635,37.32
2018-02-06,82.31,83.12,81.59,82.9,725907.0,0.0025396057564397445,29.98
2018-02-07,82.83,83.18,82.21,82.29,777397.0,-0.007358262967430584,27.73
2018-02-08,82.27,82.28,80.5,81.38,543515.0,-0.011058451816745807,33.46
2018-02-09,81.59,81.77,80.0,81.48,743786.0,0.001228803145736146,29.06
2018-02-12,81.67,82.46,81.64,82.28,333195.0,0.009818360333824216,25.61
2018-02-13,81.82,81.96,81.48,81.66,259943.0,-0.007535245503159982,24.97
2018-02-14,81.97,83.4,81.84,83.25,321524.0,0.01947097722263047,19.26
2018-02-15,81.51,82.25,81.28,82.03,718047.0,-0.014654654654654653,19.13
2018-02-16,81.95,82.0,81.31,81.34,596535.0,-0.008411556747531357,19.46
2018-02-20,80.1,80.39,79.84,79.86,755358.0,-0.018195229899188647,20.6
2018-02-21,79.98,80.47,79.4,79.41,1028553.0,-0.005634861006761915,20.02
2018-02-22,80.31,80.97,80.2,80.58,692606.0,0.01473366074801663,18.72
2018-02-23,80.9,81.27,80.82,80.98,321933.0,0.004964010920823991,16.49
2018-02-26,81.56,81.81,81.2,81.73,349374.0,0.009261546060755688,15.8
2018-02-27,81.21,81.25,80.57,80.76,402487.0,-0.01186834699620698,18.59
2018-02-28,80.68,80.68,79.52,79.53,409294.0,-0.015230312035661275,19.85
2018-03-01,78.91,79.32,78.0,78.58,471635.0,-0.011945177920281713,22.47
2018-03-02,79.14,79.23,78.18,78.94,468304.0,0.004581318401629009,19.59
2018-03-05,79.15,80.0,79.11,79.99,437658.0,0.013301241449201973,18.73
2018-03-06,79.78,79.91,79.52,79.65,334807.0,-0.0042505313164143965,18.36
2018-03-07,79.03,79.13,78.53,79.03,853575.0,-0.007784055241682464,17.76
2018-03-08,79.47,79.89,79.43,79.73,718415.0,0.008857395925597977,16.54
2018-03-09,80.22,80.51,80.01,80.5,338857.0,0.009657594381035972,14.64
2018-03-12,80.53,80.75,80.51,80.69,311144.0,0.002360248447204949,15.78
2018-03-13,80.98,81.03,80.23,80.3,771306.0,-0.004833312678150903,16.35
2018-03-14,80.94,81.02,80.6,80.72,246951.0,0.00523038605230397,17.23
2018-03-15,80.36,80.83,80.31,80.51,391374.0,-0.0026015857284439337,16.59
2018-03-16,80.58,80.76,80.36,80.6,479288.0,0.0011178735560799513,15.8
2018-03-19,79.71,80.11,79.52,80.0,552051.0,-0.007444168734491274,19.02
2018-03-20,78.99,79.54,78.88,79.5,442543.0,-0.006249999999999978,18.2
2018-03-21,78.96,79.12,78.28,78.55,377629.0,-0.011949685534591192,17.86
2018-03-22,78.29,78.5,77.52,77.61,652047.0,-0.01196690006365364,23.34
2018-03-23,78.33,78.39,77.07,77.11,646771.0,-0.006442468754026542,24.87
2018-03-26,78.22,78.41,77.47,78.17,327916.0,0.013746595772273329,21.03
2018-03-27,77.91,78.14,77.07,77.33,574232.0,-0.010745810413201995,22.5
2018-03-28,78.49,79.62,78.21,78.93,368963.0,0.020690547006336546,22.87
2018-03-29,79.19,79.6,78.92,79.05,368374.0,0.0015203344735841284,19.97
2018-04-02,79.14,79.25,77.7,78.18,501990.0,-0.011005692599620365,23.62
2018-04-03,78.31,78.31,77.33,77.97,351353.0,-0.0026861089792786785,21.1
2018-04-04,77.18,78.25,77.09,78.17,379796.0,0.002565089136847609,20.06
2018-04-05,78.09,78.72,77.94,78.51,294678.0,0.004349494691058053,18.94
2018-04-06,79.2,79.44,78.75,79.05,724444.0,0.006878104700038135,21.49
2018-04-09,79.6,80.0,79.32,79.51,570793.0,0.0058191018342821366,21.77
2018-04-10,79.72,80.33,79.7,80.3,511207.0,0.009935857124889758,20.47
2018-04-11,80.0,80.3,79.7,79.8,253907.0,-0.0062266500622665255,20.24
2018-04-12,79.12,79.34,78.85,78.89,327089.0,-0.011403508771929749,18.49
2018-04-13,79.49,79.73,79.16,79.61,378431.0,0.009126632019267333,17.41
2018-04-16,77.87,77.9,77.49,77.5,677846.0,-0.02650420801406861,16.56
2018-04-17,77.71,78.09,77.57,77.83,764944.0,0.004258064516128979,15.25
2018-04-18,77.64,77.8,77.45,77.51,652716.0,-0.004111525118848713,15.6
2018-04-19,77.62,77.87,77.19,77.32,1214928.0,-0.002451296606889586,15.96
2018-04-20,76.76,77.23,76.69,76.83,648057.0,-0.00633729953440243,16.88
2018-04-23,76.52,76.71,76.4,76.62,453440.0,-0.002733307301835186,16.34
2018-04-24,77.34,77.39,76.41,76.56,723619.0,-0.000783085356303892,18.02
2018-04-25,76.27,76.5,76.02,76.44,301786.0,-0.0015673981191223207,17.84
2018-04-26,77.35,77.38,77.01,77.2,337303.0,0.009942438513867113,16.24
2018-04-27,77.24,77.6,76.85,77.52,228022.0,0.004145077720207224,15.41
2018-04-30,77.71,77.8,77.28,77.36,205778.0,-0.0020639834881320818,15.93
2018-05-01,77.26,77.49,76.51,76.77,449511.0,-0.0076266804550155776,15.49
2018-05-02,76.43,76.72,76.02,76.1,417633.0,-0.008727367461247915,15.97
2018-05-03,76.23,76.29,75.85,76.05,409905.0,-0.0006570302233902536,15.9
2018-05-04,75.84,76.38,75.8,76.3,277366.0,0.0032873109796187627,14.77
2018-05-07,77.34,77.44,77.08,77.35,478689.0,0.013761467889908285,14.75
2018-05-08,76.66,76.97,76.29,76.67,448491.0,-0.008791208791208649,14.71
2018-05-09,76.87,77.26,76.74,77.09,291160.0,0.005478022694665574,13.42
2018-05-10,77.13,77.36,77.02,77.31,480042.0,0.0028538072382928714,13.23
2018-05-11,77.69,77.85,77.33,77.41,553871.0,0.0012934937265554058,12.65
2018-05-14,77.75,77.76,77.09,77.14,222136.0,-0.003487921457176024,12.93
2018-05-15,76.42,76.99,76.29,76.55,306931.0,-0.007648431423386115,14.63
2018-05-16,76.89,77.08,76.68,76.73,437668.0,0.0023514043109080784,13.42
2018-05-17,76.79,77.0,76.7,76.95,283131.0,0.0028671966636257817,13.43
2018-05-18,77.3,77.42,77.0,77.16,266859.0,0.0027290448343078033,13.42
2018-05-21,77.17,77.72,77.17,77.72,321843.0,0.007257646448937338,13.08
2018-05-22,76.85,77.1,76.34,76.4,353025.0,-0.016984045290787342,13.22
2018-05-23,76.25,76.29,75.63,75.96,327047.0,-0.005759162303665022,12.58
2018-05-24,76.545,76.77,76.29,76.7,425985.0,0.0097419694576093,12.53
2018-05-25,76.71,77.08,76.6,76.82,407471.0,0.0015645371577572842,13.22
2018-05-29,76.65,76.92,76.35,76.55,433387.0,-0.0035147097110127534,17.02
2018-05-30,76.74,76.75,76.005,76.23,385464.0,-0.004180274330502831,14.94
2018-05-31,76.26,76.35,75.37,75.67,850451.0,-0.00734618916437102,15.43
2018-06-01,75.74,76.13,75.6,76.02,404303.0,0.0046253469010175685,13.46
2018-06-04,76.43,76.5,76.0,76.07,249769.0,0.0006577216521967966,12.74
2018-06-05,76.19,76.19,75.47,75.73,314193.0,-0.004469567503614935,12.4
2018-06-06,74.71,75.37,74.4,75.37,588428.0,-0.0047537303578502055,11.64
2018-06-07,74.76,75.02,74.65,74.78,366622.0,-0.007828048295077661,12.13
2018-06-08,74.42,74.78,74.31,74.73,580433.0,-0.0006686279753944646,12.18
2018-06-11,75.56,75.58,75.32,75.36,418014.0,0.00843034925732633,12.35
2018-06-12,75.67,75.76,75.43,75.45,462598.0,0.0011942675159235527,12.34
2018-06-13,75.78,76.0,75.52,75.79,542966.0,0.0045062955599735055,12.94
2018-06-14,74.58,75.17,74.39,74.73,610084.0,-0.013986013986014068,12.12
2018-06-15,74.96,74.99,74.63,74.76,631918.0,0.0004014452027298887,11.98
2018-06-18,73.87,74.02,73.59,73.86,475657.0,-0.012038523274478408,12.31
2018-06-19,74.01,74.41,73.92,74.35,449110.0,0.006634172759274248,13.35
2018-06-20,74.97,75.05,74.64,74.69,1122077.0,0.004572965702757337,12.79
2018-06-21,74.9,75.01,74.04,74.07,400941.0,-0.008300977373142393,14.64
2018-06-22,75.04,76.08,74.95,75.83,725592.0,0.023761306871878052,13.77
2018-06-25,75.94,76.03,75.61,75.66,851741.0,-0.0022418567849136206,17.33
2018-06-26,75.74,76.12,75.57,75.8,435388.0,0.0018503832936822562,15.92
2018-06-27,76.24,76.54,75.56,75.59,970904.0,-0.0027704485488125874,17.91
2018-06-28,76.39,76.67,76.31,76.5,586110.0,0.012038629448339666,16.85
2018-06-29,77.02,77.44,76.68,77.43,1279285.0,0.012156862745098085,16.09
2018-07-02,77.48,78.05,77.48,77.91,367166.0,0.006199147617202527,15.6
2018-07-03,79.49,79.77,79.13,79.43,1519903.0,0.019509690668720436,16.14
2018-07-05,79.7425,80.02,79.535,79.99,490317.0,0.007050232909479925,14.97
2018-07-06,80.41,80.8,80.36,80.56,261392.0,0.0071258907363420665,13.37
2018-07-09,80.58,80.66,80.04,80.07,1125923.0,-0.006082423038728968,12.69
2018-07-10,80.06,80.25,79.95,80.13,445508.0,0.0007493443237167607,12.64
2018-07-11,79.85,80.25,79.59,79.75,275558.0,-0.004742293772619477,13.63
2018-07-12,79.53,79.81,79.28,79.39,386605.0,-0.004514106583072053,12.58
2018-07-13,79.25,79.7,79.22,79.7,325625.0,0.0039047739009951954,12.18
2018-07-16,79.83,80.12,79.77,79.91,254971.0,0.002634880803011219,12.83
2018-07-17,79.07,79.37,79.04,79.14,491814.0,-0.009635840320360356,12.06
2018-07-18,79.6,79.73,79.22,79.61,383270.0,0.005938842557493107,12.1
2018-07-19,80.17,80.41,79.74,80.19,278731.0,0.007285516894862454,12.87
2018-07-20,80.87,81.5,80.8,81.43,481123.0,0.01546327472253406,12.86
2018-07-23,81.58,81.64,81.06,81.11,317350.0,-0.003929755618322539,12.62
2018-07-24,80.47,80.85,80.33,80.4,493150.0,-0.0087535445691036,12.41
2018-07-25,80.33,80.89,80.03,80.86,1238012.0,0.0057213930348258835,12.29
2018-07-26,82.1,82.19,81.66,81.66,659490.0,0.009893643334157876,12.14
2018-07-27,81.66,81.85,81.52,81.56,286017.0,-0.001224589762429562,13.03
2018-07-30,81.96,82.17,81.81,82.0,203162.0,0.0053948013732221245,14.26
2018-07-31,81.81,81.85,81.35,81.51,256376.0,-0.005975609756097455,12.83
2018-08-01,81.35,81.59,80.86,81.03,299251.0,-0.005888847994111157,13.15
2018-08-02,81.59,81.74,81.09,81.43,471702.0,0.004936443292607784,12.19
2018-08-03,81.32,82.03,81.3,81.96,280671.0,0.006508657742846369,11.64
2018-08-06,81.67,82.0,81.58,81.82,133843.0,-0.00170815031722793,11.27
2018-08-07,82.25,82.42,82.2,82.35,268626.0,0.006477633830359375,10.93
2018-08-08,82.29,82.46,82.05,82.43,262718.0,0.0009714632665454026,10.85
2018-08-09,82.36,82.53,82.28,82.3,176644.0,-0.0015770957175786915,11.27
2018-08-10,81.41,81.56,80.76,81.01,249220.0,-0.015674362089914795,13.16
2018-08-13,81.11,81.26,80.96,81.06,169401.0,0.0006172077521293673,14.78
2018-08-14,81.5,81.74,81.37,81.63,512849.0,0.007031828275351426,13.31
2018-08-15,81.04,81.79,80.96,81.75,253229.0,0.0014700477765527964,14.64
2018-08-16,81.48,81.69,81.42,81.48,216507.0,-0.003302752293577904,13.45
2018-08-17,81.28,82.12,81.26,82.05,897926.0,0.006995581737849754,12.64
2018-08-20,82.16,82.54,82.08,82.49,598364.0,0.005362583790371689,12.49
2018-08-21,83.06,83.2,82.81,83.02,868349.0,0.006425021214692794,12.86
2018-08-22,83.15,83.16,82.58,82.71,304627.0,-0.0037340399903638133,12.25
2018-08-23,82.87,82.96,82.45,82.64,262700.0,-0.0008463305525329146,12.41
2018-08-24,82.72,83.08,82.66,82.78,185468.0,0.0016940948693127122,11.99
2018-08-27,82.97,83.4,82.95,83.38,294315.0,0.007248127567045071,12.16
2018-08-28,83.34,83.56,83.06,83.09,403684.0,-0.0034780522907170708,12.5
2018-08-29,83.77,83.95,83.57,83.95,239202.0,0.010350222650138408,12.25
2018-08-30,83.65,83.81,83.35,83.43,450802.0,-0.006194163192376312,13.53
2018-08-31,83.85,84.15,83.55,83.75,259091.0,0.003835550761116968,12.86
2018-09-04,82.33,82.65,82.28,82.61,289429.0,-0.01361194029850743,13.16
2018-09-05,82.12,82.5,82.08,82.31,303343.0,-0.003631521607553534,13.91
2018-09-06,82.28,82.97,82.25,82.93,251570.0,0.007532499088810596,14.65
2018-09-07,82.88,83.44,82.66,82.94,276582.0,0.00012058362474354212,14.88
2018-09-10,83.41,83.75,83.28,83.35,269370.0,0.004943332529539379,14.16
2018-09-11,83.205,83.218,82.62,82.955,411526.0,-0.004739052189562054,13.22
2018-09-12,83.43,83.87,83.4,83.79,254233.0,0.010065698270146584,13.14
2018-09-13,84.16,84.18,83.82,84.03,206213.0,0.0028643036161832836,12.37
2018-09-14,84.22,84.22,83.87,84.01,185454.0,-0.00023801023444003366,12.07
2018-09-17,83.86,84.07,83.71,83.71,578800.0,-0.003571003451970145,13.68
2018-09-18,83.71,83.94,83.2,83.24,231800.0,-0.00561462190897144,12.79
2018-09-19,82.66,82.88,82.53,82.75,315259.0,-0.0058865929841421805,11.75
2018-09-20,84.02,84.46,83.88,84.37,388487.0,0.0195770392749246,11.8
2018-09-21,84.31,84.59,83.97,83.98,487281.0,-0.0046224961479198745,11.68
2018-09-24,84.31,84.59,82.67,82.67,282451.0,-0.015598952131459898,12.2
2018-09-25,82.71,82.97,82.6,82.81,447811.0,0.0016934801016088574,12.42
2018-09-26,82.98,83.77,82.94,83.69,671306.0,0.010626735901461126,12.89
2018-09-27,83.25,83.6,83.02,83.03,840324.0,-0.00788624686342454,12.41
2018-09-28,83.44,83.94,83.17,83.2,431751.0,0.0020474527279297217,12.12
2018-10-01,83.55,83.6,83.31,83.54,523511.0,0.0040865384615385025,12.0
2018-10-02,83.27,83.59,83.16,83.47,688249.0,-0.000837921953555254,12.05
2018-10-03,83.8,84.0,83.59,83.59,1205655.0,0.0014376422666826372,11.61
2018-10-04,82.26,82.49,82.04,82.49,805037.0,-0.013159468835985288,14.22
2018-10-05,81.48,81.74,81.1,81.44,425987.0,-0.012728815614013733,14.82
2018-10-08,81.26,81.68,81.25,81.66,192061.0,0.0027013752455795625,15.69
2018-10-09,80.94,81.63,80.91,81.51,306084.0,-0.0018368846436442876,15.95
2018-10-10,82.25,82.37,80.95,81.04,344789.0,-0.005766163660900436,22.96
2018-10-11,80.44,80.48,78.96,79.17,998547.0,-0.023075024679170886,24.98
2018-10-12,80.22,80.22,78.98,79.45,741974.0,0.0035366931918656697,21.31
2018-10-15,79.91,80.08,79.66,79.78,250658.0,0.004153555695405986,21.3
2018-10-16,80.68,81.0,80.6,80.94,418896.0,0.014539984958636287,17.62
2018-10-17,80.11,80.18,79.39,79.6,605134.0,-0.016555473190017378,17.4
2018-10-18,79.65,80.06,79.29,79.51,343682.0,-0.0011306532663315494,20.06
2018-10-19,81.77,82.98,81.7,82.86,518700.0,0.04213306502326741,19.89
2018-10-22,83.38,83.59,83.01,83.49,407178.0,0.007603186097031145,19.64
2018-10-23,83.93,84.03,82.79,83.85,380048.0,0.004311893639956876,20.71
2018-10-24,83.96,84.07,83.01,83.24,590427.0,-0.007274895646988688,25.23
2018-10-25,83.94,84.17,83.61,83.94,375207.0,0.008409418548774639,24.22
2018-10-26,84.13,84.3,83.29,83.84,802966.0,-0.0011913271384321744,24.16
2018-10-29,83.42,83.69,82.65,82.89,404973.0,-0.01133110687022909,24.7
2018-10-30,83.38,84.23,83.25,84.16,420705.0,0.015321510435516883,23.35
2018-10-31,84.16,84.62,83.92,84.28,374166.0,0.001425855513307983,21.23
2018-11-01,84.7,84.88,84.33,84.8,287561.0,0.006169909824394804,19.34
2018-11-02,84.2,84.33,83.29,83.75,923552.0,-0.012382075471698117,19.51
2018-11-05,84.23,84.28,83.81,83.95,765718.0,0.002388059701492473,19.96
2018-11-06,84.01,84.19,83.8,84.18,485225.0,0.00273972602739736,19.91
2018-11-07,84.47,84.67,84.29,84.67,480492.0,0.005820860061772404,16.36
2018-11-08,84.68,84.88,84.23,84.37,793051.0,-0.0035431675918270455,16.72
2018-11-09,84.78,84.94,84.58,84.87,499890.0,0.005926277112717759,17.36
2018-11-12,84.46,84.59,84.12,84.12,546563.0,-0.008837044892188062,20.45
2018-11-13,83.71,84.33,83.59,84.27,578017.0,0.001783166904422151,20.02
2018-11-14,84.07,84.07,83.19,83.39,249882.0,-0.010442624896166985,21.25
2018-11-15,83.99,84.0,83.13,83.65,450989.0,0.003117879841707749,19.98
2018-11-16,83.62,84.5,83.62,84.27,296756.0,0.007411835026897684,18.14
2018-11-19,84.09,84.26,83.4,83.53,822645.0,-0.008781298208140442,20.1
2018-11-20,83.53,84.13,83.45,83.77,1025101.0,0.002873219202681687,22.48
2018-11-21,83.86,84.7,83.75,84.39,831786.0,0.0074012176196729396,20.8
2018-11-23,84.24,84.9,84.14,84.6,115845.0,0.0024884464984002985,21.52
2018-11-26,84.64,84.83,84.48,84.66,227352.0,0.0007092198581559739,18.9
2018-11-27,84.89,84.92,84.41,84.8,1054927.0,0.0016536735175998185,19.02
2018-11-28,84.66,85.08,84.07,85.05,796132.0,0.002948113207547065,18.49
2018-11-29,85.45,85.59,85.24,85.39,1926454.0,0.003997648442092938,18.79
2018-11-30,85.41,85.51,85.03,85.22,369666.0,-0.001990865440918199,18.07
2018-12-03,85.37,85.57,84.97,85.45,318350.0,0.0026988969725416645,16.44
2018-12-04,86.32,86.5,85.32,85.4,394592.0,-0.0005851375073141485,20.74
2018-12-06,84.325,84.75,83.61,84.73,724474.0,-0.007845433255269318,21.19
2018-12-07,85.49,85.69,85.0,85.21,1481787.0,0.005665053699988043,23.23
2018-12-10,85.38,85.39,83.92,84.47,607076.0,-0.008684426710479975,22.64
2018-12-11,85.55,85.59,84.91,85.19,2410388.0,0.008523736237717516,21.76
2018-12-12,85.89,86.41,85.71,86.1,2416456.0,0.010682004930156141,21.46
2018-12-13,86.01,86.1,84.9,85.14,1408055.0,-0.011149825783972056,20.65
2018-12-14,84.46,84.61,83.43,83.5,1078695.0,-0.019262391355414632,21.63
2018-12-17,84.045,84.07,82.51,82.78,526439.0,-0.008622754491017903,24.52
2018-12-18,82.8,82.9,81.85,81.97,644952.0,-0.009784972215511,25.58
2018-12-19,82.51,82.72,81.29,81.5,812259.0,-0.00573380505062826,25.58
2018-12-20,81.95,81.95,81.05,81.26,947287.0,-0.0029447852760735582,28.38
2018-12-21,81.71,82.29,80.78,80.78,677489.0,-0.00590696529657897,30.11
2018-12-24,81.08,81.29,79.93,80.04,297582.0,-0.009160683337459674,36.07
2018-12-26,80.66,80.95,79.66,80.9,544499.0,0.010744627686156916,30.41
2018-12-27,79.36,80.59,78.62,79.53,1385300.0,-0.016934487021013633,29.96
2018-12-28,81.53,81.58,80.61,80.72,722831.0,0.014962907079089538,28.34
2018-12-31,80.975,81.25,80.7,80.96,379951.0,0.0029732408325073845,25.42
2019-01-02,80.6,80.84,80.04,80.17,686233.0,-0.00975790513833985,23.22
2019-01-03,81.95,82.38,81.89,82.21,1113462.0,0.025445927404265767,25.45
2019-01-04,82.48,83.6,82.23,83.59,673172.0,0.016786279041479224,21.38
2019-01-07,82.77,82.9,82.39,82.71,665910.0,-0.010527575068788209,21.4
2019-01-08,83.17,83.36,82.76,82.97,457651.0,0.003143513480836635,20.47
2019-01-09,83.39,83.9,83.37,83.74,458075.0,0.00928046281788597,19.98
2019-01-10,84.37,84.82,84.28,84.39,688993.0,0.007762120850250742,19.5
2019-01-11,84.43,84.8,84.31,84.51,407899.0,0.0014219694276573769,18.19
2019-01-14,84.36,84.79,84.35,84.43,310124.0,-0.0009466335344929799,19.07
2019-01-15,84.58,85.09,84.49,84.69,221762.0,0.003079474120573078,18.6
2019-01-16,83.94,84.14,83.7,84.01,329960.0,-0.008029283268390475,19.04
2019-01-17,84.03,84.61,84.03,84.52,291803.0,0.006070705868348902,18.06
2019-01-18,84.84,85.01,84.51,84.63,299135.0,0.0013014671083766416,17.8
2019-01-22,84.66,84.72,84.09,84.17,499663.0,-0.005435424790263377,20.8
2019-01-23,84.9,85.04,84.5,84.65,290917.0,0.005702744445764463,19.52
2019-01-24,85.22,85.25,84.72,85.13,447275.0,0.005670407560543378,18.89
2019-01-25,84.68,85.05,84.3,84.54,351362.0,-0.006930576764947571,17.42
2019-01-28,84.66,85.37,84.62,85.3,1062198.0,0.008989827300685871,18.87
2019-01-29,86.18,86.82,86.16,86.75,535594.0,0.016998827667057403,19.13
2019-01-30,86.79,87.21,86.59,87.06,930955.0,0.003573487031700351,17.66
2019-01-31,86.79,87.25,86.56,87.24,399300.0,0.002067539627842674,16.57
2019-02-01,86.85,87.01,86.44,86.66,407685.0,-0.006648326455754194,16.14
2019-02-04,86.2,86.24,85.79,86.23,376591.0,-0.00496192014770358,15.73
2019-02-05,86.91,87.46,86.84,87.26,289995.0,0.011944798793923184,15.57
2019-02-06,87.26,87.29,86.57,86.62,357410.0,-0.007334402933761197,15.38
2019-02-07,86.76,86.78,85.95,86.15,181442.0,-0.005425998614638661,16.37
2019-02-08,86.19,86.79,86.06,86.74,545787.0,0.006848520023215121,15.72
2019-02-11,86.15,86.34,86.0,86.11,357286.0,-0.007263085081853804,15.97
2019-02-12,85.37,85.97,85.32,85.79,195997.0,-0.0037161769829286984,15.43
2019-02-13,85.7,86.04,85.61,85.8,221269.0,0.00011656370206303279,15.65
2019-02-14,88.02,88.08,87.25,87.55,436781.0,0.020396270396270344,16.22
2019-02-15,88.38,88.9,88.33,88.82,405949.0,0.014505996573386692,14.91
2019-02-19,89.23,89.54,89.13,89.26,768407.0,0.004953839225399825,14.88
2019-02-20,90.47,90.72,90.3,90.54,759365.0,0.014340129957427727,14.02
2019-02-21,91.42,91.77,91.27,91.63,516872.0,0.01203887784404678,14.46
2019-02-22,90.54,91.21,90.476,91.04,307857.0,-0.0064389392120483,13.51
2019-02-25,91.29,91.35,90.72,91.0,920867.0,-0.0004393673110720808,14.85
2019-02-26,91.31,91.58,91.1,91.1,656189.0,0.001098901098901095,15.17
2019-02-27,90.36,90.67,89.95,89.98,494697.0,-0.012294182217343463,14.7
2019-02-28,90.77,90.89,90.33,90.33,393456.0,0.0038897532785062694,14.78
2019-03-01,90.7,90.94,90.55,90.76,625365.0,0.00476032325916087,13.57
2019-03-04,91.25,91.27,90.61,90.95,398835.0,0.002093433230498043,14.63
2019-03-05,90.81,91.72,90.78,91.63,637914.0,0.007476635514018559,14.74
2019-03-06,90.99,91.39,90.83,91.22,292034.0,-0.004474517079559037,15.74
2019-03-07,92.15,92.25,91.46,91.51,316079.0,0.003179127384345559,16.59
2019-03-08,91.82,92.32,91.72,91.94,420264.0,0.004698940006556684,16.05
2019-03-11,91.68,92.22,91.64,92.16,389381.0,0.002392864911899162,14.33
2019-03-12,91.89,92.34,91.8,92.25,282393.0,0.0009765625,13.77
2019-03-13,92.85,93.14,92.38,93.05,461414.0,0.008672086720867167,13.41
2019-03-14,93.9,94.38,93.85,94.1,372520.0,0.011284255776464303,13.5
2019-03-15,94.15,94.25,93.47,93.5,531881.0,-0.006376195536663021,12.88
2019-03-18,94.0,94.36,93.84,94.32,488486.0,0.008770053475935846,13.1
2019-03-19,94.975,95.07,94.31,94.46,249219.0,0.001484308736217077,13.56
2019-03-20,94.52,95.64,94.3,95.1,1074706.0,0.006775354647469811,13.91
2019-03-21,95.92,96.2,95.76,96.2,429915.0,0.0115667718191379,13.63
2019-03-22,94.88,95.29,94.15,94.17,300108.0,-0.021101871101871117,16.48
2019-03-25,94.58,94.9,94.32,94.57,415064.0,0.004247637251778569,16.33
2019-03-26,95.52,96.12,95.38,95.74,334556.0,0.012371788093475722,14.68
2019-03-27,95.48,96.14,95.17,95.6,288275.0,-0.0014622937121370194,15.15
2019-03-28,95.87,96.04,95.36,95.53,407663.0,-0.0007322175732217273,14.43
2019-03-29,95.29,95.4,95.07,95.32,431720.0,-0.002198262325970979,13.71
2019-04-01,95.11,95.17,94.56,94.71,367165.0,-0.006399496433067586,13.4
2019-04-02,94.66,94.99,94.44,94.91,322951.0,0.002111709428782582,13.36
2019-04-03,95.09,95.8,95.04,95.69,416551.0,0.00821831208513335,13.74
2019-04-04,95.13,95.55,95.1,95.54,347540.0,-0.0015675619186956702,13.58
2019-04-05,95.5,95.88,95.46,95.6,276737.0,0.0006280092108015278,12.82
2019-04-08,96.02,96.04,95.49,95.63,250219.0,0.000313807531380661,13.18
2019-04-09,96.25,96.8,96.06,96.69,296014.0,0.011084387744431767,14.28
2019-04-10,96.53,96.99,96.49,96.66,262165.0,-0.000310269934843288,13.3
2019-04-11,96.13,96.27,95.81,96.05,232137.0,-0.006310780053796816,13.02
2019-04-12,95.23,95.71,95.05,95.55,412812.0,-0.005205622071837612,12.01
2019-04-15,93.72,94.14,93.51,94.08,704685.0,-0.01538461538461533,12.32
2019-04-16,94.25,94.48,93.98,94.11,978534.0,0.00031887755102033566,12.18
2019-04-17,93.54,94.36,93.46,94.34,404379.0,0.0024439485708214193,12.6
2019-04-18,94.54,94.77,94.23,94.71,421394.0,0.0039219843120625875,12.09
2019-04-22,94.85,94.85,94.38,94.78,478453.0,0.0007390983000739038,12.42
2019-04-23,94.72,95.31,94.65,95.09,1001537.0,0.0032707322219878154,12.28
2019-04-24,95.38,95.7,95.06,95.28,1512873.0,0.001998107056472742,13.14
2019-04-25,94.72,95.57,94.67,95.35,1119020.0,0.0007346767422333755,13.25
2019-04-26,95.4,95.85,95.25,95.8,445460.0,0.004719454640797149,12.73
2019-04-29,95.46,95.86,95.38,95.79,222481.0,-0.00010438413361157917,13.11
2019-04-30,95.83,96.63,95.77,96.53,550680.0,0.007725232278943395,13.12
2019-05-01,96.56,96.98,96.0,96.12,1017660.0,-0.0042473842328809575,14.8
2019-05-02,95.72,95.79,95.4,95.65,294518.0,-0.004889721181856044,14.42
2019-05-03,95.85,95.88,95.5,95.76,273508.0,0.0011500261369576936,12.87
2019-05-06,95.48,96.24,95.47,96.15,267148.0,0.004072681704260672,15.44
2019-05-07,95.84,95.84,95.12,95.31,226496.0,-0.008736349453978165,19.32
2019-05-08,96.49,96.89,96.36,96.64,417295.0,0.013954464379393627,19.4
2019-05-09,96.29,96.37,95.54,96.01,308475.0,-0.0065190397350992635,19.1
2019-05-10,96.18,97.0,96.16,97.0,468597.0,0.01031142589313605,16.04
2019-05-13,96.39,97.0,96.19,96.81,930423.0,-0.001958762886597909,20.55
2019-05-14,96.7,96.85,96.5,96.62,258415.0,-0.0019626071686809077,18.06
2019-05-15,96.88,97.99,96.87,97.9,438027.0,0.01324777478782857,16.44
2019-05-16,98.55,99.46,98.53,99.34,251745.0,0.01470888661899905,15.29
2019-05-17,98.92,99.13,98.67,98.8,363699.0,-0.005435876786792915,15.96
2019-05-20,98.5,98.9,98.25,98.66,325737.0,-0.001417004048583026,16.31
2019-05-21,98.42,98.5,97.84,98.01,310410.0,-0.006588282992094019,14.95
2019-05-22,98.25,99.08,98.14,98.91,357532.0,0.009182736455463747,14.75
2019-05-23,98.56,99.02,98.41,98.83,740667.0,-0.0008088160954402568,16.92
2019-05-24,98.98,99.15,98.7,99.08,360872.0,0.0025295962764342317,15.85
2019-05-28,98.31,98.42,97.5,97.69,342302.0,-0.014029067420266439,17.5
2019-05-29,97.46,97.84,97.3,97.75,290379.0,0.0006141877367182857,17.9
2019-05-30,97.47,98.01,97.47,97.99,299755.0,0.002455242966751925,17.3
2019-05-31,99.19,99.33,98.86,99.16,461328.0,0.011939993876926236,18.71
2019-06-03,100.67,102.0,100.37,101.97,474042.0,0.02833803953206937,18.86
2019-06-04,101.16,101.19,99.91,100.4,318376.0,-0.015396685299597812,16.97
2019-06-05,101.0,101.34,100.83,100.95,203301.0,0.0054780876494022746,16.09
2019-06-06,101.2,101.73,101.17,101.42,224736.0,0.004655770183259023,15.93
2019-06-07,102.22,103.12,102.175,102.46,353633.0,0.010254387694734746,16.3
2019-06-10,101.95,102.43,101.84,102.18,374316.0,-0.002732773765371732,15.94
2019-06-11,102.01,102.06,101.68,101.81,467787.0,-0.0036210608729693172,15.99
2019-06-12,102.34,102.63,101.91,101.94,189182.0,0.0012768883213829518,15.91
2019-06-13,101.86,101.92,101.28,101.39,432944.0,-0.005395330586619562,15.82
2019-06-14,101.87,101.98,101.39,101.71,428580.0,0.003156129795837792,15.28
2019-06-17,101.38,101.95,101.36,101.75,280220.0,0.000393274997542159,15.35
2019-06-18,102.53,102.55,101.99,102.22,661454.0,0.004619164619164673,15.15
2019-06-19,101.449,102.05,101.08,101.95,843351.0,-0.002641361768734085,14.33
2019-06-20,103.88,104.1,103.7,103.83,484872.0,0.01844041196665036,14.75
2019-06-21,103.14,103.9,103.09,103.41,256781.0,-0.004045073678127675,15.4
2019-06-24,104.08,104.38,103.7,103.7,577178.0,0.0028043709505851666,15.26
2019-06-25,103.7,103.99,103.09,103.14,615591.0,-0.005400192864030928,16.28
2019-06-26,103.33,103.43,102.65,102.69,375684.0,-0.0043630017452007674,16.21
2019-06-27,102.54,102.76,102.35,102.76,251000.0,0.0006816632583503957,15.82
2019-06-28,103.54,103.78,103.28,103.4,215733.0,0.006228104320747274,15.08
2019-07-01,102.66,102.79,101.76,102.14,267300.0,-0.012185686653771843,14.06
2019-07-02,103.5,103.93,103.5,103.82,568978.0,0.016448012531818934,12.93
2019-07-03,103.65,104.11,103.61,103.84,209444.0,0.00019264110961292324,12.57
2019-07-05,103.06,103.28,102.63,103.28,255380.0,-0.005392912172573205,13.28
2019-07-08,103.88,104.21,103.7,103.87,148879.0,0.00571262587141752,13.96
2019-07-09,103.29,103.89,103.29,103.72,226214.0,-0.0014441128333494424,14.09
2019-07-10,103.94,104.2,103.42,103.82,264655.0,0.0009641342074815373,13.03
2019-07-11,103.8,103.82,102.87,102.94,306693.0,-0.008476208822962739,12.93
2019-07-12,103.11,103.37,102.72,102.83,548822.0,-0.0010685836409558558,12.39
2019-07-15,103.94,104.16,103.53,103.7,344141.0,0.00846056598268996,12.68
2019-07-16,103.33,103.59,103.01,103.24,321270.0,-0.004435872709739663,12.86
2019-07-17,104.91,105.23,104.41,104.6,505873.0,0.013173188686555592,13.97
2019-07-18,104.79,105.62,104.61,105.57,262170.0,0.009273422562141587,13.53
2019-07-19,105.02,105.2,104.09,104.42,200591.0,-0.010893246187363759,14.45
2019-07-22,104.57,104.88,104.47,104.59,190030.0,0.0016280406052480156,13.53
2019-07-23,105.06,105.19,104.59,104.63,263504.0,0.00038244574051038427,12.61
2019-07-24,104.01,104.55,103.81,104.26,309217.0,-0.0035362706680683864,12.07
2019-07-25,104.03,104.08,102.51,103.24,317536.0,-0.009783234222137116,12.74
2019-07-26,105.42,105.5,104.63,104.8,344361.0,0.015110422316931382,12.16
2019-07-29,106.53,106.59,105.86,106.21,373042.0,0.01345419847328233,12.83
2019-07-30,106.13,106.33,105.81,106.32,498840.0,0.0010356840222200958,13.94
2019-07-31,106.29,107.1,105.37,106.08,300914.0,-0.0022573363431150906,16.12
2019-08-01,105.82,107.6,105.82,107.12,588792.0,0.009803921568627416,17.87
2019-08-02,107.5,107.5,106.29,107.14,998564.0,0.00018670649738616873,17.61
2019-08-05,106.08,106.16,104.78,105.04,374330.0,-0.01960052268060475,24.59
2019-08-06,105.71,105.93,104.74,105.49,343009.0,0.004284082254379262,20.17
2019-08-07,106.1,107.51,106.0,107.29,225209.0,0.0170632287420609,19.49
2019-08-08,107.62,108.8,107.41,108.6,292753.0,0.01220989840618869,16.91
2019-08-09,109.45,110.0,109.05,109.79,392704.0,0.010957642725598626,17.97
2019-08-12,110.22,110.6,109.35,109.63,202697.0,-0.0014573276254669087,21.09
2019-08-13,109.39,109.7,109.11,109.35,300816.0,-0.002554045425522178,17.52
2019-08-14,108.99,109.32,108.44,108.61,310327.0,-0.006767261088248655,22.1
2019-08-15,108.89,109.43,108.35,108.85,641277.0,0.0022097412761254986,21.18
2019-08-16,109.5525,110.49,109.55,110.04,282180.0,0.010932475884244397,18.47
2019-08-19,110.72,111.42,110.7,110.95,253246.0,0.008269720101781175,16.88
2019-08-20,111.14,111.15,110.02,110.18,181276.0,-0.006940063091482651,17.5
2019-08-21,111.1,111.19,110.51,110.52,573103.0,0.00308585950263196,15.8
2019-08-22,109.86,110.4,109.73,110.38,273274.0,-0.001266739051755339,16.68
2019-08-23,110.51,110.98,109.79,109.99,256980.0,-0.00353324877695238,19.87
2019-08-26,110.45,110.71,110.15,110.42,312183.0,0.003909446313301368,19.32
2019-08-27,110.45,111.15,110.24,110.79,375083.0,0.0033508422387249492,20.31
2019-08-28,111.02,111.44,110.68,111.16,447169.0,0.0033396515931038984,19.35
2019-08-29,112.11,112.2,111.6,111.76,293505.0,0.005397625044980314,17.88
2019-08-30,112.48,112.86,111.9,112.39,206835.0,0.005637079455977023,18.98
2019-09-03,112.28,112.76,112.13,112.37,554212.0,-0.00017795177506896298,19.66
2019-09-04,113.2,114.5,113.11,114.35,253818.0,0.017620361306398324,17.33
2019-09-05,114.37,114.39,113.2,113.22,207020.0,-0.00988194140795795,16.27
2019-09-06,113.48,114.87,113.45,114.65,228900.0,0.012630277336159734,15.0
2019-09-09,112.83,112.9,111.69,111.71,338929.0,-0.025643262102049813,15.27
2019-09-10,109.46,110.3,108.89,109.5,1187398.0,-0.019783367648375183,15.2
2019-09-11,108.33,110.38,108.33,109.75,443685.0,0.0022831050228311334,14.61
2019-09-12,110.3,111.19,110.09,110.91,551780.0,0.010569476082004536,14.22
2019-09-13,108.13,108.6,107.13,107.15,689254.0,-0.03390136146425016,13.74
2019-09-16,106.59,106.67,105.85,105.89,231820.0,-0.011759216052263266,14.67
2019-09-17,106.92,107.96,106.87,107.5,226049.0,0.015204457455850307,14.44
2019-09-18,107.63,107.81,106.77,107.02,293704.0,-0.0044651162790697585,13.95
2019-09-19,107.53,108.18,107.52,107.75,270909.0,0.006821154924313344,14.05
2019-09-20,107.99,108.22,107.04,107.65,545023.0,-0.0009280742459396585,15.32
2019-09-23,108.65,108.78,108.15,108.22,423587.0,0.005294937296795199,14.91
2019-09-24,108.87,109.74,108.82,109.42,422002.0,0.011088523378303572,17.05
2019-09-25,108.64,108.69,107.53,107.6,502212.0,-0.01663315664412368,15.96
2019-09-26,108.93,109.27,108.36,108.58,375575.0,0.009107806691449838,16.07
2019-09-27,109.01,109.1,108.08,108.55,418116.0,-0.0002762939767912975,17.22
2019-09-30,107.97,108.73,107.96,108.4,224540.0,-0.0013818516812528214,16.24
2019-10-01,107.21,107.3,106.35,107.16,600172.0,-0.011439114391143979,18.56
2019-10-02,106.65,106.9,105.26,105.56,637473.0,-0.014930944382232081,20.56
2019-10-03,105.59,106.71,105.57,106.54,384065.0,0.009283819628647327,19.12
2019-10-04,107.19,107.85,107.18,107.8,281522.0,0.011826544021024787,17.04
2019-10-07,108.28,108.88,108.27,108.46,277592.0,0.00612244897959191,17.86
2019-10-08,108.51,108.59,107.46,107.58,656178.0,-0.008113590263691628,20.28
2019-10-09,107.96,108.36,107.8,108.32,351478.0,0.006878601970626397,18.64
2019-10-10,107.2,108.02,107.08,107.64,268187.0,-0.006277695716395804,17.57
2019-10-11,106.76,107.07,106.58,107.0,356716.0,-0.0059457450761798425,15.58
2019-10-14,106.97,107.09,106.04,106.04,154768.0,-0.008971962616822426,14.57
2019-10-15,106.3,106.57,105.95,106.18,286397.0,0.0013202565069785344,13.54
2019-10-16,106.23,106.48,106.0,106.29,227667.0,0.0010359766434355766,13.68
2019-10-17,105.32,105.87,104.85,105.11,1556042.0,-0.01110170288832446,13.79
2019-10-18,105.0,105.07,104.5,104.59,3273549.0,-0.0049471981733422155,14.25
2019-10-21,103.65,103.9,103.25,103.29,909823.0,-0.012429486566593373,14.0
2019-10-22,103.38,103.82,103.24,103.27,541465.0,-0.00019362958660096297,14.46
2019-10-23,103.47,103.72,103.27,103.65,199111.0,0.003679674639295083,14.01
2019-10-24,104.76,105.07,104.6,104.96,525030.0,0.012638687891944,13.71
2019-10-25,105.07,105.46,104.97,105.39,409504.0,0.004096798780487854,12.65
2019-10-28,105.15,105.6,104.93,105.19,838758.0,-0.0018977132555271226,13.11
2019-10-29,104.65,106.92,104.51,105.64,399298.0,0.004277973191368023,13.2
2019-10-30,106.95,107.1,106.2,107.03,361919.0,0.013157894736842035,12.33
2019-10-31,107.43,107.71,106.7,107.16,238162.0,0.0012146127254040184,13.22
2019-11-01,107.2,107.22,106.22,106.66,229335.0,-0.004665920119447553,12.3
2019-11-04,106.23,106.4,105.51,105.55,290586.0,-0.0104069004312769,12.83
2019-11-05,104.74,104.79,104.18,104.73,217123.0,-0.007768829938417765,13.1
2019-11-06,105.79,105.89,105.43,105.58,233866.0,0.008116108087462992,12.62
2019-11-07,104.71,105.0,104.4,104.43,225912.0,-0.010892214434551906,12.73
2019-11-08,104.5,104.86,104.36,104.48,195483.0,0.00047878961984104684,12.07
2019-11-11,104.7,105.12,104.64,105.08,155452.0,0.005742725880551136,12.69
2019-11-12,104.6,104.73,104.3,104.49,232294.0,-0.005614769699276767,12.68
2019-11-13,105.6,106.05,105.53,106.01,393916.0,0.014546846588190387,13.0
2019-11-14,104.83,105.14,104.69,104.76,198331.0,-0.011791340439581188,13.05
2019-11-15,105.1,105.44,104.91,105.28,226299.0,0.004963726613211206,12.05
2019-11-18,105.46,105.8,105.26,105.3,240192.0,0.00018996960486328263,12.46
2019-11-19,104.9,105.18,104.63,104.72,379666.0,-0.0055080721747388095,12.86
2019-11-20,105.06,105.16,104.67,105.12,429274.0,0.0038197097020626902,12.78
2019-11-21,104.37,104.67,103.78,103.87,538021.0,-0.011891171993911764,13.13
2019-11-22,104.42,104.47,103.42,103.65,444289.0,-0.0021180321555790416,12.34
2019-11-25,104.28,104.65,104.22,104.5,249910.0,0.008200675349734565,11.87
2019-11-26,104.35,104.97,104.17,104.36,399632.0,-0.0013397129186603074,11.54
2019-11-27,104.15,104.54,104.02,104.38,226329.0,0.00019164430816398514,11.75
2019-11-29,103.88,104.29,103.69,103.94,166494.0,-0.004215366928530306,12.62
2019-12-02,103.76,103.82,103.02,103.67,377216.0,-0.0025976524918222,14.91
2019-12-03,103.42,103.66,103.0,103.26,213242.0,-0.003954856757017455,15.96
2019-12-04,103.46,103.8,103.1,103.69,306387.0,0.004164245593647031,14.8
2019-12-05,103.63,103.88,103.51,103.84,228311.0,0.001446619731893195,14.52
2019-12-06,104.81,104.87,104.56,104.79,194047.0,0.009148690292758221,13.62
2019-12-09,104.98,105.28,104.75,104.97,186476.0,0.0017177211565988504,15.86
2019-12-10,104.23,104.65,104.06,104.3,379289.0,-0.006382776031247039,15.68
2019-12-11,104.34,105.06,104.34,104.73,204465.0,0.004122722914669197,14.99
2019-12-12,104.61,104.99,104.14,104.49,863617.0,-0.0022916069894014512,13.94
2019-12-13,104.53,104.9,104.23,104.69,510867.0,0.0019140587616039983,12.63
2019-12-16,106.15,106.42,105.59,105.91,413213.0,0.01165345305186749,12.14
2019-12-17,104.92,105.56,104.92,105.37,327920.0,-0.005098668680955432,12.29
2019-12-18,106.91,107.1,105.77,106.05,346107.0,0.006453449748505147,12.58
2019-12-19,105.96,106.72,105.83,106.54,217319.0,0.004620462046204699,12.5
2019-12-20,107.73,108.23,107.62,108.09,381484.0,0.014548526375070425,12.51
2019-12-23,108.53,108.84,108.33,108.8,294136.0,0.00656860024054029,12.61
2019-12-24,108.16,108.85,108.16,108.59,175083.0,-0.0019301470588234393,12.67
2019-12-26,108.6,108.92,108.15,108.71,166772.0,0.001105074132056183,12.65
2019-12-27,109.08,109.41,108.86,108.98,346839.0,0.0024836721552756735,13.43
2019-12-30,108.86,108.91,107.82,107.85,306234.0,-0.010368875022940038,14.82
2019-12-31,108.07,108.8,107.43,108.26,364839.0,0.0038015762633287764,13.78
2020-01-02,108.09,108.44,107.68,108.1,570525.0,-0.001477923517458124,12.47
2020-01-03,108.57,109.79,108.53,109.11,470391.0,0.009343200740055568,14.02
2020-01-06,109.42,110.0,109.28,109.99,260712.0,0.008065255246998415,13.85
2020-01-07,108.58,108.6,107.7,107.94,561336.0,-0.018638058005273184,13.79
2020-01-08,106.95,107.05,106.26,106.37,815372.0,-0.014545117657958073,13.45
2020-01-09,106.04,106.37,105.7,105.91,847831.0,-0.004324527592366345,12.54
2020-01-10,105.8,106.02,105.32,105.49,404299.0,-0.00396563119629878,12.56
2020-01-13,106.45,106.68,106.13,106.68,381065.0,0.011280690112807079,12.32
2020-01-14,106.55,106.91,106.41,106.59,2402540.0,-0.0008436445444319762,12.39
2020-01-15,107.69,107.94,107.2,107.44,2430937.0,0.00797448165869219,12.42
2020-01-16,108.57,108.93,108.44,108.77,324062.0,0.012379002233804837,12.32
2020-01-17,110.1,110.25,109.15,110.13,245008.0,0.012503447641813104,12.1
2020-01-21,111.63,112.21,111.5,112.0,255395.0,0.016979932806683085,12.85
2020-01-22,112.3,112.65,112.16,112.4,263493.0,0.0035714285714285587,12.91
2020-01-23,111.75,111.99,111.25,111.7,534272.0,-0.006227758007117501,12.98
2020-01-24,112.28,112.57,111.76,111.86,583921.0,0.0014324082363472712,14.56
2020-01-27,110.86,111.43,110.8,111.05,497476.0,-0.0072411943500805265,18.23
2020-01-28,111.48,111.74,111.32,111.72,421745.0,0.006033318325078918,16.28
2020-01-29,111.6,111.75,111.39,111.44,262236.0,-0.0025062656641604564,16.39
2020-01-30,111.12,111.74,110.86,111.67,193839.0,0.002063890882986419,15.49
2020-01-31,110.97,110.99,109.72,110.26,216638.0,-0.012626488761529497,18.84
2020-02-03,110.98,111.16,110.48,110.49,265722.0,0.0020859785960456456,17.97
2020-02-04,111.55,111.69,111.22,111.28,501054.0,0.007149968322925249,16.05
2020-02-05,111.48,112.21,111.33,112.07,204973.0,0.007099209202012791,15.15
2020-02-06,112.23,112.36,111.77,111.94,253271.0,-0.0011599892924064603,14.96
2020-02-07,111.4,111.7,111.37,111.54,331774.0,-0.0035733428622475305,15.47
2020-02-10,111.43,111.87,111.39,111.83,346087.0,0.002599964138425559,15.04
2020-02-11,111.3,111.54,110.48,110.65,771753.0,-0.010551730304927065,15.18
2020-02-12,110.23,110.32,109.27,109.27,1154764.0,-0.012471757794848659,13.74
2020-02-13,106.44,107.44,106.17,107.24,736173.0,-0.018577834721332454,14.15
2020-02-14,108.98,109.73,108.83,109.48,632549.0,0.02088772845953013,13.68
2020-02-18,109.84,110.05,109.64,109.97,295187.0,0.004475703324808178,14.83
2020-02-19,110.62,111.42,110.58,111.2,659148.0,0.011184868600527365,14.38
2020-02-20,111.72,111.94,111.05,111.56,300286.0,0.003237410071942337,15.56
2020-02-21,111.59,111.68,110.89,111.09,490633.0,-0.004212979562567165,17.08
2020-02-24,107.58,108.6,107.55,107.57,563936.0,-0.03168602034386547,25.03
2020-02-25,107.98,108.22,106.17,106.43,651241.0,-0.010597750302128728,27.85
2020-02-26,106.92,107.65,105.55,106.14,383851.0,-0.0027247956403270157,27.56
2020-02-27,105.27,105.39,103.03,103.32,564512.0,-0.026568682871679017,39.16
2020-02-28,102.36,103.0,101.18,102.91,899520.0,-0.003968253968253954,40.11
2020-03-02,104.9,105.75,104.08,105.73,646443.0,0.027402584782820094,33.42
2020-03-03,108.79,109.86,106.9,107.85,1041399.0,0.020051073489075755,36.82
2020-03-04,110.45,112.11,109.34,112.03,494623.0,0.038757533611497585,31.99
2020-03-05,109.89,110.95,109.28,110.32,517488.0,-0.015263768633401842,39.62
2020-03-06,108.51,108.73,107.18,107.89,471843.0,-0.02202683103698322,41.94
2020-03-09,105.5,106.71,102.75,103.45,495116.0,-0.04115302623041983,54.46
2020-03-10,106.22,106.26,102.57,106.12,858047.0,0.025809569840502755,47.3
2020-03-11,105.6,105.81,100.38,101.43,1708995.0,-0.04419525065963059,53.9
2020-03-12,96.79,96.91,93.0,93.13,2701307.0,-0.0818298333826285,75.47
2020-03-13,97.99,98.03,92.67,97.42,7207585.0,0.04606464082465367,57.83
2020-03-16,89.2,95.85,88.0,92.42,4645863.0,-0.051324163416136326,82.69
2020-03-17,94.53,99.27,92.94,97.85,1350584.0,0.058753516554858276,75.91
2020-03-18,96.73,101.07,95.01,96.38,2580598.0,-0.015022994379151777,76.45
2020-03-19,100.09,101.35,98.77,99.43,2378396.0,0.03164556962025333,72.0
2020-03-20,98.52,100.73,96.17,96.26,2203500.0,-0.031881725837272445,66.04
2020-03-23,96.13,97.46,92.47,92.95,1249239.0,-0.03438603781425309,61.59
2020-03-24,97.71,97.76,94.48,95.01,1048169.0,0.02216245293168373,61.67
2020-03-25,96.4,99.99,95.74,98.23,614983.0,0.03389116935059455,63.95
2020-03-26,98.58,103.19,98.18,102.5,944799.0,0.043469408530998566,61.0
2020-03-27,99.98,103.83,99.82,102.44,790794.0,-0.0005853658536585371,65.54
2020-03-30,102.29,104.66,101.7,104.54,999927.0,0.02049980476376434,57.08
2020-03-31,103.75,104.43,102.0,102.99,706582.0,-0.014826860531853892,53.54
2020-04-01,101.76,103.72,101.62,102.16,639492.0,-0.008059034857753167,57.06
2020-04-02,102.99,104.71,102.73,104.54,491511.0,0.023296789350039315,50.91
2020-04-03,105.02,105.06,103.81,104.76,537757.0,0.0021044576238760104,46.8
2020-04-06,105.91,107.0,105.68,106.61,652949.0,0.01765941198930876,45.24
2020-04-07,107.4,107.45,105.2,105.2,864259.0,-0.013225776193602767,46.7
2020-04-08,106.48,107.74,105.75,107.05,695462.0,0.017585551330798532,43.35
2020-04-09,105.48,106.73,105.18,106.27,291258.0,-0.007286314806165373,41.67
2020-04-13,105.2,106.23,104.79,105.76,282217.0,-0.004799096640632272,41.17
2020-04-14,107.33,108.35,107.15,107.61,330679.0,0.01749243570347958,37.76
2020-04-15,106.95,107.86,106.66,107.25,431489.0,-0.003345413994981894,40.84
2020-04-16,108.78,108.85,107.52,108.47,350435.0,0.011375291375291363,40.11
2020-04-17,109.36,110.54,108.97,109.96,382012.0,0.013736517009311333,38.15
2020-04-20,110.68,112.25,110.29,110.81,718199.0,0.007730083666787957,43.83
2020-04-21,109.27,109.71,107.4,107.96,707337.0,-0.025719700388051714,45.41
2020-04-22,109.71,110.06,109.01,109.19,375686.0,0.011393108558725551,41.98
2020-04-23,107.8,108.18,105.62,106.0,474030.0,-0.02921512959062178,41.38
2020-04-24,110.14,110.17,108.59,109.22,390112.0,0.030377358490565998,35.93
2020-04-27,106.61,107.05,105.95,107.04,1679282.0,-0.01995971433803323,33.29
2020-04-28,107.6,107.65,106.0,106.46,1387561.0,-0.005418535127055368,33.57
2020-04-29,105.89,106.04,105.47,105.51,1012969.0,-0.008923539357505006,31.23
2020-04-30,106.35,106.84,104.7,105.1,1533744.0,-0.003885887593593096,34.15
2020-05-01,104.0,106.07,104.0,104.38,314689.0,-0.006850618458610791,37.19
2020-05-04,104.36,104.45,103.18,103.95,406754.0,-0.004119563134700077,35.97
2020-05-05,104.34,104.96,103.92,103.97,257151.0,0.00019240019240007733,33.61
2020-05-06,105.76,105.84,105.01,105.25,372771.0,0.012311243627969537,34.12
2020-05-07,106.69,106.8,105.66,106.31,253529.0,0.01007125890736349,31.44
2020-05-08,107.66,108.35,107.54,108.0,291433.0,0.015896905277019924,27.98
2020-05-11,108.15,109.17,108.13,108.75,795614.0,0.00694444444444442,27.57
2020-05-12,109.32,109.74,108.4,108.4,648433.0,-0.003218390804597626,33.04
2020-05-13,108.63,108.84,107.28,107.65,973431.0,-0.006918819188191927,35.28
2020-05-14,106.15,106.8,105.67,106.46,490135.0,-0.011054342777519821,32.61
2020-05-15,106.93,107.33,106.39,106.72,272105.0,0.0024422318241592578,31.89
2020-05-18,108.04,108.6,107.89,108.14,273681.0,0.013305847076461763,29.3
2020-05-19,108.23,108.67,107.32,107.32,371629.0,-0.007582763084890032,30.53
2020-05-20,108.53,108.79,107.72,108.6,307245.0,0.011926947446887715,27.99
2020-05-21,108.53,108.77,106.3,106.63,657642.0,-0.01813996316758748,29.53
2020-05-22,104.93,106.26,104.64,105.78,318913.0,-0.00797149019975607,28.16
2020-05-26,106.33,106.57,105.45,105.5,370307.0,-0.00264700321421818,28.01
2020-05-27,104.81,105.08,104.0,104.33,435362.0,-0.011090047393364943,27.62
2020-05-28,105.59,106.96,105.58,105.96,525645.0,0.015623502348317775,28.59
2020-05-29,107.35,108.25,106.64,108.03,1000505.0,0.019535673839184753,27.51
2020-06-01,108.35,108.88,107.0,108.65,410610.0,0.005739146533370487,28.23
2020-06-02,107.74,108.05,107.0,107.62,357361.0,-0.009479981592268816,26.84
2020-06-03,106.87,108.41,106.84,108.35,336156.0,0.006783125813045743,25.66
2020-06-04,107.23,107.96,107.01,107.15,269230.0,-0.01107521919704646,25.81
2020-06-05,106.65,106.65,105.86,106.35,303031.0,-0.00746616892207197,24.52
2020-06-08,107.7,108.78,107.41,108.78,359300.0,0.02284908321579704,25.81
2020-06-09,110.48,111.0,110.2,110.42,476400.0,0.015076300790586528,27.57
2020-06-10,111.57,112.24,110.94,111.45,327498.0,0.009328020286180072,27.57
2020-06-11,110.87,110.88,108.49,108.71,244066.0,-0.024585015702108692,40.79
2020-06-12,109.67,109.68,107.51,108.64,572644.0,-0.0006439150032194751,36.09
2020-06-15,108.44,110.06,108.16,110.02,343023.0,0.01270250368188508,34.4
2020-06-16,110.29,110.68,109.69,110.19,476411.0,0.0015451736047991105,33.67
2020-06-17,112.54,113.76,112.43,113.39,179584.0,0.029040747799255806,33.47
2020-06-18,112.56,112.71,112.01,112.2,166303.0,-0.010494752623688153,32.94
2020-06-19,113.95,113.99,111.73,112.24,872933.0,0.00035650623885907784,35.12
2020-06-22,112.7,112.88,112.1,112.47,586982.0,0.002049180327868827,31.77
2020-06-23,112.42,112.8,111.94,111.94,280669.0,-0.00471236774250916,31.37
2020-06-24,111.55,111.76,110.05,110.29,356804.0,-0.014740039306771369,33.84
2020-06-25,110.23,111.28,109.8,111.07,525398.0,0.007072264031190434,32.22
2020-06-26,111.42,111.61,110.24,110.42,463923.0,-0.005852165301161394,34.73
2020-06-29,110.79,110.81,109.71,109.9,690073.0,-0.0047092917949645985,31.78
2020-06-30,110.6,110.97,110.04,110.44,363113.0,0.004913557779799849,30.43
2020-07-01,111.15,111.79,110.8,111.54,359001.0,0.009960159362549792,28.62
2020-07-02,111.44,111.98,111.39,111.68,315420.0,0.0012551551013089135,27.68
2020-07-06,112.35,112.86,111.98,112.72,330162.0,0.009312320916905481,27.94
2020-07-07,111.62,112.02,111.3,111.35,398721.0,-0.012154009936124921,29.43
2020-07-08,112.4,113.13,112.39,112.69,421785.0,0.012034126627750386,28.08
2020-07-09,113.09,113.3,111.77,112.38,456928.0,-0.0027509095749401746,29.26
2020-07-10,113.52,114.35,113.37,113.5,693476.0,0.009966186154120038,27.29
2020-07-13,113.64,114.33,112.86,113.05,321084.0,-0.003964757709251088,32.19
2020-07-14,113.06,114.21,113.06,114.02,258743.0,0.008580274214949224,29.52
2020-07-15,115.49,115.98,114.51,114.79,188009.0,0.006753201192773339,27.76
2020-07-16,113.85,115.25,113.85,114.63,206801.0,-0.0013938496384703347,28.0
2020-07-17,115.76,115.94,115.52,115.89,123771.0,0.01099188694059161,25.68
2020-07-20,115.28,115.88,114.95,115.88,391771.0,-8.628872206406513e-05,24.46
2020-07-21,115.55,116.18,115.37,115.52,371430.0,-0.003106662064204291,24.84
2020-07-22,117.23,118.2,117.04,118.01,163877.0,0.02155470914127422,24.32
2020-07-23,120.5175,120.95,119.31,119.38,156759.0,0.011609185662232013,26.08
2020-07-24,118.5,118.99,118.14,118.33,159004.0,-0.008795443122801117,25.84
2020-07-27,120.23,120.35,119.707,119.95,518759.0,0.01369052649370417,24.74
2020-07-28,120.227,120.85,120.0,120.49,198034.0,0.0045018757815755706,25.44
2020-07-29,120.97,121.75,120.5535,121.7,161205.0,0.010042327164080156,24.1
2020-07-30,120.7255,121.61,119.6,121.1,175111.0,-0.004930156121610629,24.76
2020-07-31,119.59,119.66,117.4,117.85,286011.0,-0.026837324525185835,24.46
2020-08-03,118.66,119.23,118.46,119.0,144888.0,0.009758167161646236,24.28
2020-08-04,118.065,119.33,117.92,119.33,369792.0,0.002773109243697558,23.76
2020-08-05,119.515,119.68,118.08,118.25,263562.0,-0.009050532137769185,22.99
2020-08-06,118.153,118.46,117.65,118.35,327879.0,0.0008456659619449081,22.65
2020-08-07,118.01,118.47,117.77,118.47,167037.0,0.0010139416983523386,22.21
2020-08-10,118.11,118.46,117.69,118.3,119239.0,-0.0014349624377479886,22.13
2020-08-11,118.57,118.73,117.0,117.17,143027.0,-0.00955198647506339,24.03
2020-08-12,118.89,120.0,118.89,119.31,238780.0,0.01826406076640774,22.28
2020-08-13,119.7575,120.17,119.43,119.64,120431.0,0.0027659039476992664,22.13
2020-08-14,119.274,119.88,118.4029,119.26,228125.0,-0.0031761952524238524,22.05
2020-08-17,119.66,120.66,119.66,120.55,224995.0,0.010816703001844674,21.35
2020-08-18,121.188,121.305,120.34,120.74,253477.0,0.0015761094981334711,21.51
2020-08-19,122.24,122.35,120.91,120.92,214643.0,0.0014908066920655827,22.54
2020-08-20,120.39,121.45,120.29,120.97,497087.0,0.0004134965266291424,22.72
2020-08-21,120.19,121.15,120.0,120.905,122270.0,-0.0005373233032983649,22.54
2020-08-24,121.8,121.85,120.93,121.05,283481.0,0.001199288697737888,22.37
2020-08-25,122.12,122.17,120.37,120.81,194690.0,-0.0019826517967781454,22.03
2020-08-26,121.37,121.95,121.2,121.7485,187964.0,0.007768396655906118,23.27
2020-08-27,122.6,122.63,120.69,120.88,324169.0,-0.007133558113652461,24.47
2020-08-28,120.47,120.5,119.8,120.45,326817.0,-0.0035572468563864756,22.96
2020-08-31,120.98,121.61,120.02,120.405,252070.0,-0.00037359900373601374,26.41
2020-09-01,120.14,120.2,119.0,119.15,381320.0,-0.010423155184585364,26.12
2020-09-02,120.74,121.6,120.74,121.59,197661.0,0.020478388585816187,26.57
2020-09-03,121.94,122.124,119.2,119.93,256526.0,-0.013652438522904764,33.6
2020-09-04,119.98,120.01,117.665,119.52,213798.0,-0.003418660885516678,30.75
2020-09-08,117.48,118.51,117.14,117.63,173210.0,-0.015813253012048167,31.46
2020-09-09,120.28,121.0,119.97,120.15,277504.0,0.021423106350420884,28.81
2020-09-10,121.6,121.74,119.57,119.75,161582.0,-0.0033291718684977933,29.71
2020-09-11,121.23,121.56,120.09,120.43,167941.0,0.005678496868475991,26.87
2020-09-14,120.69,121.12,120.16,120.49,131721.0,0.000498214730548785,25.85
2020-09-15,121.2,121.448,120.21,120.66,305361.0,0.0014109054693336454,25.59
2020-09-16,121.0,121.65,120.12,120.37,351765.0,-0.002403447704293016,26.04
2020-09-17,119.99,120.665,119.81,120.31,122963.0,-0.0004984630721940331,26.46
2020-09-18,119.94,120.21,118.35,119.07,219879.0,-0.010306707671847826,25.83
2020-09-21,118.01,119.19,117.57,119.17,204695.0,0.000839842109683353,27.78
2020-09-22,118.8,119.0,118.3,119.0,216524.0,-0.0014265335235378318,26.86
2020-09-23,119.0125,119.106,117.07,117.21,278370.0,-0.015042016806722791,28.58
2020-09-24,117.355,117.8,114.0,117.03,215147.0,-0.0015357051446122094,28.51
2020-09-25,118.06,118.92,117.45,118.77,133383.0,0.014867982568572025,26.38
2020-09-28,118.26,118.75,118.06,118.55,252241.0,-0.0018523196093289673,26.19
2020-09-29,119.05,119.62,118.7201,119.06,209550.0,0.0043019822859553525,26.27
2020-09-30,119.48,120.31,117.03,119.255,241162.0,0.0016378296657146851,26.37
2020-10-01,119.89,120.09,119.03,119.85,167703.0,0.0049893086243764095,26.7
2020-10-02,119.49,120.15,119.16,119.78,282490.0,-0.0005840634125989785,27.63
2020-10-05,119.69,120.32,119.69,120.29,178030.0,0.004257805977625706,27.96
2020-10-06,119.06,119.12,117.06,117.62,408688.0,-0.022196358799567717,29.48
2020-10-07,117.91,118.0625,117.11,117.7,319631.0,0.0006801564359801837,28.06
2020-10-08,117.64,118.295,117.51,117.93,319031.0,0.001954120645709434,26.36
2020-10-09,118.61,119.49,118.53,119.3,161431.0,0.011617060968371007,25.0
2020-10-12,120.1,121.14,120.01,120.95,150587.0,0.013830678960603526,25.07
2020-10-13,119.84,120.09,119.46,119.95,285135.0,-0.008267879288962332,26.07
2020-10-14,118.64,118.95,118.35,118.46,266616.0,-0.01242184243434774,26.4
2020-10-15,116.87,118.14,116.72,117.56,367765.0,-0.0075975012662501396,26.97
2020-10-16,117.85,118.42,117.49,117.66,221731.0,0.0008506294658046087,27.41
2020-10-19,118.3,118.358,116.85,117.05,286261.0,-0.005184429712731586,29.18
2020-10-20,118.51,118.64,117.43,117.46,408094.0,0.0035027765912003517,29.35
2020-10-21,118.48,118.725,117.58,117.76,186110.0,0.0025540609569216777,28.65
2020-10-22,117.61,117.62,116.7,116.79,680269.0,-0.008237092391304324,28.11
2020-10-23,117.51,118.24,117.08,118.24,379284.0,0.012415446527956009,27.55
2020-10-26,117.35,117.86,116.91,117.61,166172.0,-0.005328146143437018,32.46
2020-10-27,116.8,117.0,116.3,116.56,180091.0,-0.008927812260862145,33.35
2020-10-28,114.05,114.23,113.078,113.691,388140.0,-0.024613932738503763,40.28
2020-10-29,113.01,113.64,112.29,112.95,359423.0,-0.006517666306040004,37.59
2020-10-30,111.85,112.7099,111.585,112.27,273879.0,-0.006020362992474659,38.02
2020-11-02,113.82,113.93,112.83,113.84,320687.0,0.01398414536385495,37.13
2020-11-03,115.6,117.07,115.4,116.66,193615.0,0.024771609276176942,35.55
2020-11-04,117.44,119.33,117.24,118.48,354223.0,0.015600891479513157,29.57
2020-11-05,118.39,118.44,117.62,118.33,233466.0,-0.0012660364618501951,27.58
2020-11-06,118.22,118.62,117.86,118.21,135930.0,-0.0010141130736077697,24.86
2020-11-09,116.74,116.74,114.47,114.48,265184.0,-0.03155401404280511,25.75
2020-11-10,113.67,114.36,113.008,113.85,597978.0,-0.005503144654088188,24.8
2020-11-11,115.76,116.419,115.515,115.64,206666.0,0.015722441809398413,23.45
2020-11-12,116.6,116.85,115.53,115.78,449490.0,0.001210653753026536,25.35
2020-11-13,115.95,116.69,115.8001,116.69,163478.0,0.007859733978234473,23.1
2020-11-16,115.62,115.89,114.81,115.15,235813.0,-0.01319736052789433,22.45
2020-11-17,116.21,116.5,115.61,115.72,350225.0,0.004950065132435899,22.71
2020-11-18,115.3,115.555,114.51,114.55,368245.0,-0.010110611821638416,23.84
2020-11-19,114.51,114.82,114.07,114.82,465749.0,0.0023570493234394974,23.11
2020-11-20,114.06,114.16,113.7,114.05,208637.0,-0.006706148754572316,23.7
2020-11-23,112.36,112.43,110.79,111.05,1001724.0,-0.026304252520824245,22.66
2020-11-24,111.16,111.8,111.1,111.46,608853.0,0.0036920306168393147,21.64
2020-11-25,111.86,112.39,111.85,112.0,748497.0,0.004844787367665582,21.25
2020-11-27,112.83,113.24,112.4325,112.71,347165.0,0.0063392857142856585,20.84
2020-11-30,113.12,113.171,111.0,111.08,400816.0,-0.014461893354626887,20.57
2020-12-01,111.59,111.98,111.43,111.87,262975.0,0.007111991357580116,20.77
2020-12-02,111.63,112.18,111.55,111.74,189939.0,-0.0011620631089658273,21.17
2020-12-03,111.53,111.878,111.08,111.08,228359.0,-0.005906568820476021,21.28
2020-12-04,112.12,112.5,111.09,111.62,252015.0,0.0048613611811307855,20.79
2020-12-07,111.7,111.85,111.38,111.42,310711.0,-0.0017917935853789535,21.3
2020-12-08,110.86,111.97,110.84,111.59,565779.0,0.0015257583916712392,20.68
2020-12-09,112.91,112.92,111.857,112.6,409734.0,0.009050990232099654,22.27
2020-12-10,113.08,113.6,112.16,112.28,1231806.0,-0.002841918294848922,22.52
2020-12-11,113.68,113.89,112.79,113.2,259948.0,0.008193801211257679,23.31
2020-12-14,112.22,112.68,112.01,112.12,225458.0,-0.00954063604240285,24.72
2020-12-15,112.63,112.81,112.25,112.68,896158.0,0.004994648590795681,22.89
2020-12-16,112.9,113.8,112.7,113.17,366148.0,0.004348597799076925,22.5
2020-12-17,115.215,115.32,114.5,114.9,866004.0,0.015286736767694764,21.93
2020-12-18,115.71,116.19,115.52,116.19,770629.0,0.011227154046997256,21.57
2020-12-21,114.1,114.32,113.0,113.82,557055.0,-0.020397624580428597,25.16
2020-12-22,114.89,115.07,114.12,114.21,985972.0,0.003426462836056965,24.23
2020-12-23,114.14,114.5,113.53,113.95,303618.0,-0.002276508186673576,23.31
2020-12-24,113.05,115.96,113.05,113.518,184197.0,-0.0037911364633611555,21.53
2020-12-28,116.09,116.99,116.09,116.28,250707.0,0.024330943110343783,21.7
2020-12-29,117.57,118.53,117.57,117.91,297007.0,0.01401788785689706,23.08
2020-12-30,118.14,118.82,118.0,118.57,308821.0,0.005597489610720041,22.77
2020-12-31,118.39,118.85,117.46,117.8,267672.0,-0.006494054145230632,22.75
2021-01-04,119.19,119.2525,117.8,118.61,886372.0,0.0068760611205433975,26.97
2021-01-05,118.0,118.42,117.55,118.14,469484.0,-0.0039625663940645595,25.34
2021-01-06,115.9,116.3,115.55,115.675,508841.0,-0.020865075334349115,25.07
2021-01-07,115.78,115.87,115.02,115.29,351343.0,-0.0033282904689863058,22.37
2021-01-08,114.7,114.92,114.0,114.84,249933.0,-0.0039032006245121043,21.56
2021-01-11,113.14,113.5,112.91,113.21,342999.0,-0.014193660745384973,24.08
2021-01-12,113.37,113.62,112.39,113.13,462758.0,-0.0007066513558873222,23.33
2021-01-13,113.84,114.24,112.6,113.32,380520.0,0.0016794837797224904,22.21
2021-01-14,113.11,113.36,112.63,112.65,1224178.0,-0.005912460289445698,23.25
2021-01-15,112.85,113.62,112.78,113.22,1773637.0,0.0050599201065246735,24.34
2021-01-19,114.38,114.39,113.03,113.55,923607.0,0.0029146793852676822,23.24
2021-01-20,113.27,113.75,113.2,113.695,248695.0,0.0012769704975781337,21.58
2021-01-21,113.43,113.95,113.006,113.38,358087.0,-0.0027705703856809594,21.32
2021-01-22,114.17,114.57,113.9201,114.31,229767.0,0.00820250485094376,21.91
2021-01-25,114.58,115.325,114.26,115.29,297450.0,0.008573178199632547,23.19
2021-01-26,116.33,116.7199,116.01,116.67,445283.0,0.011969815248503712,23.02
2021-01-27,116.72,117.19,116.3,116.87,1622451.0,0.0017142367360933886,37.21
2021-01-28,115.86,116.275,115.44,115.53,308868.0,-0.011465731154273962,30.21
2021-01-29,113.11,113.223,111.79,112.3,442950.0,-0.027958106119622683,33.09
2021-02-01,114.02,114.6,113.89,114.39,245140.0,0.01861086375779175,30.24
2021-02-02,114.17,114.53,113.82,114.26,488767.0,-0.0011364629775330037,25.56
2021-02-03,114.46,114.53,113.3701,113.56,365521.0,-0.006126378435147961,22.91
2021-02-04,112.53,112.89,112.27,112.63,444153.0,-0.008189503346248794,21.77
2021-02-05,111.25,111.48,111.0,111.035,1425658.0,-0.01416141347775901,20.87
2021-02-08,111.264,111.33,110.1,110.4,462926.0,-0.005718917458458983,21.24
2021-02-09,111.4,111.54,110.78,111.23,478539.0,0.007518115942029002,21.63
2021-02-10,113.63,113.63,112.23,112.55,467628.0,0.011867301986874024,21.99
2021-02-11,113.126,113.36,112.77,113.255,254813.0,0.006263882718791525,21.25
2021-02-12,112.52,113.24,112.43,113.23,371102.0,-0.00022074080614531422,19.97
2021-02-16,112.8225,112.85,112.1,112.12,1678152.0,-0.009803055727280796,21.46
2021-02-17,111.45,112.06,111.33,111.8,521860.0,-0.0028540849090260556,21.5
2021-02-18,111.05,111.38,110.67,111.29,586093.0,-0.004561717352414951,22.49
2021-02-19,110.605,110.6753,109.53,109.63,501401.0,-0.014915985263725506,22.05
2021-02-22,109.67,110.31,109.33,109.33,764642.0,-0.0027364772416309524,23.45
2021-02-23,107.585,107.6,107.0,107.34,409261.0,-0.01820177444434279,23.11
2021-02-24,106.57,106.98,106.24,106.52,801798.0,-0.007639277063536509,21.34
2021-02-25,106.137,106.64,105.11,106.52,801798.0,0.0,28.89
2021-02-26,106.05,106.064,104.5,105.15,599709.0,-0.012861434472399513,27.95
2021-03-01,105.75,106.24,105.635,105.99,769328.0,0.007988587731811547,23.35
2021-03-02,106.38,107.49,106.25,107.18,356705.0,0.011227474290027573,24.1
2021-03-03,105.61,105.94,105.2,105.51,554103.0,-0.015581265161410673,26.67
2021-03-04,106.66,107.29,105.01,105.42,1047017.0,-0.000852999715666769,28.57
2021-03-05,106.095,107.17,105.56,106.9,253362.0,0.014039081768165484,24.66
2021-03-08,105.74,106.38,105.69,105.79,283649.0,-0.01038353601496722,25.47
2021-03-09,107.82,108.46,107.645,108.2,500978.0,0.022780981189148175,24.03
2021-03-10,108.385,108.5,107.7,107.94,1709270.0,-0.0024029574861368364,22.56
2021-03-11,108.565,109.016,108.2501,108.75,359791.0,0.007504168982768178,21.91
2021-03-12,107.34,107.95,107.21,107.95,249951.0,-0.007356321839080415,20.69
2021-03-15,107.76,108.28,107.69,107.97,400520.0,0.0001852709587770729,20.03
2021-03-16,108.91,109.49,108.76,108.99,521129.0,0.009447068630175082,19.79
2021-03-17,109.13,110.2,108.76,109.9,311758.0,0.008349389852280176,19.23
2021-03-18,109.25,110.0,108.7,108.7701,492905.0,-0.01028116469517748,21.58
2021-03-19,109.67,111.015,109.51,110.41,316748.0,0.015076753629903683,20.95
2021-03-22,110.42,111.55,110.25,111.35,271882.0,0.00851372158318986,18.88
2021-03-23,111.41,112.16,111.35,111.69,240847.0,0.003053435114503955,20.3
2021-03-24,110.9925,111.76,110.8205,111.33,193449.0,-0.003223207091055613,21.2
2021-03-25,112.44,112.44,111.02,111.67,344092.0,0.0030539836522052166,19.81
2021-03-26,110.45,111.59,110.13,111.5,409334.0,-0.0015223426166383058,18.86
2021-03-29,112.13,112.57,112.08,112.26,227754.0,0.006816143497757832,20.74
2021-03-30,112.22,112.63,112.17,112.48,319305.0,0.001959736326385242,19.61
2021-03-31,112.0775,112.255,111.4,111.51,223885.0,-0.008623755334281613,19.4
2021-04-01,111.0725,112.59,111.0,112.45,288853.0,0.008429737243296653,17.33
2021-04-05,112.715,114.29,112.19,113.96,289120.0,0.013428190306802978,17.91
2021-04-06,113.92,114.39,113.89,114.27,229270.0,0.0027202527202527804,18.12
2021-04-07,115.5,115.764,115.32,115.47,276776.0,0.01050144394854291,17.16
2021-04-08,116.78,117.39,116.7,117.25,276505.0,0.015415259374729429,16.95
2021-04-09,117.4275,117.84,117.2,117.77,192178.0,0.00443496801705745,16.69
2021-04-12,117.04,117.81,117.0,117.56,1172007.0,-0.0017831366222297307,16.91
2021-04-13,116.81,117.3,116.43,117.11,258602.0,-0.0038278325961211834,16.65
2021-04-14,116.76,116.89,115.92,116.23,231193.0,-0.007514302792246519,16.99
2021-04-15,116.47,117.2325,116.47,116.99,193618.0,0.00653875935644832,16.57
2021-04-16,117.35,118.97,116.95,118.75,270880.0,0.015044020856483487,16.25
2021-04-19,116.07,116.32,115.6,116.12,522224.0,-0.022147368421052582,17.29
2021-04-20,116.12,116.36,115.75,115.88,409633.0,-0.0020668274199104886,18.68
2021-04-21,116.3,117.14,116.26,116.93,215337.0,0.00906109768726271,17.5
2021-04-22,119.92,120.1,119.25,119.71,259274.0,0.023774908064653877,18.71
2021-04-23,119.33,120.36,118.97,120.11,655731.0,0.0033414084036422764,17.33
2021-04-26,119.11,119.59,118.4257,118.9,199619.0,-0.01007409874281906,17.64
2021-04-27,118.07,118.65,118.06,118.64,263628.0,-0.0021867115222876654,17.56
2021-04-28,118.24,119.2,118.24,118.97,437455.0,0.0027815239379636036,17.28
2021-04-29,119.61,120.25,118.97,120.21,292437.0,0.010422795662772044,17.61
2021-04-30,120.35,120.41,119.03,119.53,361781.0,-0.005656767323849898,18.61
2021-05-03,119.35,120.1,119.31,119.71,183301.0,0.0015058981008950756,18.31
2021-05-04,118.55,118.81,117.99,118.1,884198.0,-0.01344916882465963,19.48
2021-05-05,119.116,119.32,118.38,119.16,651871.0,0.008975444538526611,19.15
2021-05-06,119.74,120.35,119.7,120.33,217551.0,0.00981873111782483,18.39
2021-05-07,120.08,121.35,119.895,120.99,154514.0,0.005484916479680857,16.69
2021-05-10,120.49,121.31,120.45,120.7,179065.0,-0.0023968923051491675,19.66
2021-05-11,120.12,120.34,119.69,120.19,370656.0,-0.004225352112676051,21.84
2021-05-12,119.82,120.25,119.084,119.35,219840.0,-0.006988934187536433,27.59
2021-05-13,120.0,120.37,118.0,120.05,249112.0,0.0058651026392961825,23.13
2021-05-14,120.85,121.095,120.27,120.8925,181432.0,0.007017909204498185,18.81
2021-05-17,121.66,121.9265,121.2301,121.31,180654.0,0.003453481398763447,19.72
2021-05-18,122.0,122.14,121.5,121.57,196336.0,0.0021432693100320588,21.34
2021-05-19,121.73,122.03,120.67,121.07,281745.0,-0.00411285679032658,22.18
2021-05-20,122.3,123.0,122.3,122.7801,642287.0,0.014124886429338401,20.67
2021-05-21,123.41,123.58,122.67,123.07,155163.0,0.0023611318120768665,20.15
2021-05-24,123.45,123.96,122.55,123.8,173460.0,0.00593158365158053,18.4
2021-05-25,124.95,125.2399,124.2101,124.83,217723.0,0.008319870759289083,18.84
2021-05-26,124.55,125.03,124.36,124.63,288104.0,-0.0016021789633902106,17.36
2021-05-27,123.69,123.914,123.0,123.48,281493.0,-0.009227312846024183,16.74
2021-05-28,123.17,123.8725,123.17,123.67,342380.0,0.0015387107223840957,16.76
2021-06-01,124.0,124.09,123.17,123.46,186974.0,-0.001698067437535422,17.9
2021-06-02,123.8325,124.27,123.614,123.95,243571.0,0.0039688968086830645,17.48
2021-06-03,123.85,123.98,123.4,123.79,179453.0,-0.0012908430818878713,18.04
2021-06-04,125.025,125.72,124.7875,125.64,266116.0,0.014944664350916792,16.42
2021-06-07,125.78,125.88,125.55,125.67,159163.0,0.00023877745940792394,16.42
2021-06-08,126.67,126.87,126.01,126.52,197706.0,0.006763746319726316,17.07
2021-06-09,126.96,127.45,126.61,126.63,189206.0,0.0008694277584571086,17.89
2021-06-10,126.7,127.22,126.68,126.82,177235.0,0.0015004343362552408,16.1
2021-06-11,127.09,127.27,126.32,126.66,322698.0,-0.001261630657624968,15.65
2021-06-14,126.33,126.88,126.15,126.72,158170.0,0.000473709142586376,16.39
2021-06-15,128.08,128.17,127.37,127.77,193893.0,0.008285984848484862,17.02
2021-06-16,127.78,127.92,125.99,126.16,541422.0,-0.01260076700320889,18.15
2021-06-17,125.315,126.01,125.09,125.96,239239.0,-0.0015852885225111635,17.75
2021-06-18,125.6,125.88,125.01,125.31,170574.0,-0.0051603683709113835,20.7
2021-06-21,125.747,126.82,125.65,126.7,185901.0,0.011092490623254347,17.89
2021-06-22,126.09,126.67,126.07,126.54,234701.0,-0.0012628255722177961,16.66
2021-06-23,126.88,126.9,125.8201,125.9,214894.0,-0.005057689268215593,16.32
2021-06-24,126.15,126.54,126.1,126.365,238651.0,0.003693407466242915,15.97
2021-06-25,126.65,126.76,126.22,126.68,360859.0,0.0024927788549045093,15.62
2021-06-28,126.15,126.66,126.125,126.63,290103.0,-0.0003946952952321725,15.76
2021-06-29,126.58,126.68,126.35,126.68,336279.0,0.0003948511411198119,16.02
2021-06-30,125.35,125.93,124.39,124.74,354185.0,-0.015314177455004852,15.83
2021-07-01,124.711,125.135,124.68,124.79,276681.0,0.00040083373416721635,15.48
2021-07-02,124.78,125.95,124.75,125.51,156250.0,0.0057696930843817995,15.07
2021-07-06,124.92,125.05,124.3,124.75,146833.0,-0.006055294398852773,16.44
2021-07-07,124.7,126.0,124.6201,125.78,243927.0,0.008256513026052126,16.2
2021-07-08,125.96,126.4,125.7,126.29,176505.0,0.004054698680235447,19.0
2021-07-09,125.64,126.2,125.62,126.0,280630.0,-0.0022963021616914103,16.18
2021-07-12,126.75,126.81,126.2,126.2,204650.0,0.0015873015873015817,16.17
2021-07-13,125.85,126.39,125.81,125.93,330568.0,-0.0021394611727416635,17.12
2021-07-14,125.51,126.37,125.3,126.13,173134.0,0.0015881839116969054,16.33
2021-07-15,125.86,125.91,125.04,125.29,211653.0,-0.006659795449139638,17.01
2021-07-16,125.785,126.03,125.458,125.67,162687.0,0.0030329635246229003,18.45
2021-07-19,126.2,126.36,125.51,125.66,265967.0,-7.957348611442594e-05,22.5
2021-07-20,126.42,126.6,126.02,126.235,152298.0,0.004575839567085849,19.73
2021-07-21,125.701,126.46,125.69,126.375,190617.0,0.001109042658533621,17.91
2021-07-22,124.93,125.08,123.75,123.91,329660.0,-0.01950544015825917,17.69
2021-07-23,125.121,125.88,124.95,125.52,133570.0,0.01299330158986356,17.2
2021-07-26,124.65,125.11,124.59,124.98,135647.0,-0.004302103250477973,17.58
2021-07-27,125.17,125.63,124.92,125.63,201185.0,0.005200832133141153,19.36
2021-07-28,124.17,124.92,124.01,124.85,180998.0,-0.006208708111119954,18.31
2021-07-29,124.96,125.63,124.94,125.59,253985.0,0.005927112535042189,17.7
2021-07-30,126.67,127.08,126.38,126.6605,121579.0,0.008523767815908911,18.24
2021-08-02,126.66,127.05,126.275,126.47,122386.0,-0.0015040205904761628,19.46
2021-08-03,126.53,126.584,126.14,126.31,153402.0,-0.0012651221633588339,18.04
2021-08-04,126.35,126.42,125.076,125.52,127912.0,-0.006254453329111009,17.97
2021-08-05,124.48,124.6,124.25,124.6,118665.0,-0.007329509241555177,17.28
2021-08-06,124.15,124.26,123.15,123.45,110068.0,-0.00922953451043329,16.15
2021-08-09,124.23,124.23,123.45,123.5,131451.0,0.00040502227622507547,16.72
2021-08-10,123.47,123.76,123.32,123.595,128383.0,0.0007692307692308553,16.79
2021-08-11,123.75,123.795,123.43,123.45,164918.0,-0.0011731866175815897,16.06
2021-08-12,123.13,123.29,122.86,123.08,180991.0,-0.0029971648440664245,15.59
2021-08-13,124.37,125.42,124.37,125.26,151384.0,0.017712057198570053,15.45
2021-08-16,125.56,126.29,125.45,126.2,384329.0,0.007504390866996724,16.12
2021-08-17,127.02,127.45,126.76,126.98,166215.0,0.006180665610142633,17.91
2021-08-18,127.1593,127.16,126.23,126.44,149724.0,-0.004252638210741844,21.57
2021-08-19,126.12,126.97,126.04,126.26,199373.0,-0.0014236001265421905,21.67
2021-08-20,126.88,127.2,126.73,127.2,171181.0,0.007444954855061026,18.56
2021-08-23,127.0,127.4999,126.77,127.01,162217.0,-0.001493710691823913,17.15
2021-08-24,127.02,127.14,126.76,126.76,272923.0,-0.0019683489489016326,17.22
2021-08-25,125.57,126.05,125.2,125.71,260452.0,-0.00828337014831182,16.79
2021-08-26,125.52,126.14,125.45,125.97,163927.0,0.0020682523267838704,18.84
2021-08-27,126.56,127.8599,126.42,127.7,144247.0,0.013733428594109753,16.39
2021-08-30,127.33,127.87,127.1,127.73,132629.0,0.0002349256068912009,16.19
2021-08-31,126.97,126.97,126.11,126.29,306401.0,-0.011273780631018582,16.48
2021-09-01,126.62,127.1599,126.46,126.5299,264219.0,0.0018995961675507544,16.11
2021-09-02,126.69,126.79,125.77,125.86,1994678.0,-0.005294400770094687,16.41
2021-09-03,125.85,126.319,125.5,125.85,246943.0,-7.94533608772241e-05,16.41
2021-09-07,126.46,126.46,125.5615,125.68,119219.0,-0.0013508144616606321,18.14
2021-09-08,124.25,124.74,124.24,124.5,186616.0,-0.009388924252068831,17.96
2021-09-09,125.74,125.81,124.86,125.01,137919.0,0.0040963855421687345,18.8
2021-09-10,125.365,125.56,124.96,124.96,201418.0,-0.00039996800255992504,20.95
2021-09-13,125.21,125.42,124.19,124.6,242583.0,-0.0028809218950064386,19.37
2021-09-14,124.89,125.06,124.42,124.42,125001.0,-0.0014446227929373334,19.46
2021-09-15,124.19,124.4,123.28,123.67,148959.0,-0.006027969779778153,18.18
2021-09-16,123.68,123.85,123.22,123.76,180817.0,0.0007277431875152285,18.69
2021-09-17,123.53,123.71,122.58,122.66,171013.0,-0.008888170652876615,20.81
2021-09-20,121.8696,122.95,121.78,122.58,197178.0,-0.0006522093592042921,25.71
2021-09-21,123.95,124.45,123.73,124.35,190382.0,0.014439549681840358,24.36
2021-09-22,124.7295,124.9175,123.73,123.76,165823.0,-0.004744672295938779,20.87
2021-09-23,124.83,125.38,124.31,124.37,174156.0,0.00492889463477697,18.63
2021-09-24,122.66,123.18,122.26,122.36,223419.0,-0.016161453726783015,17.75
2021-09-27,120.9,121.145,120.295,120.4401,177132.0,-0.015690585158548487,18.76
2021-09-28,118.55,118.92,118.02,118.58,206923.0,-0.015444191760053405,23.25
2021-09-29,120.205,120.74,120.1301,120.31,170544.0,0.014589306797099022,22.56
2021-09-30,120.99,120.99,120.1,120.21,188138.0,-0.000831186102568382,23.14
2021-10-01,120.8,120.85,119.89,120.49,222809.0,0.002329257133349971,21.15
2021-10-04,121.3005,121.6299,120.68,121.27,164849.0,0.006473566271059772,22.96
2021-10-05,121.22,121.34,120.78,121.05,467953.0,-0.0018141337511338174,21.3
2021-10-06,120.0706,121.58,120.04,121.47,556553.0,0.0034696406443619487,21.0
2021-10-07,121.84,122.21,121.08,121.23,173264.0,-0.0019757964929612015,19.54
2021-10-08,121.23,121.6099,120.78,121.4999,166574.0,0.0022263466138743304,18.77
2021-10-11,120.85,121.27,120.73,120.82,104905.0,-0.0055958893793328635,20.0
2021-10-12,121.24,121.455,120.84,120.84,99147.0,0.00016553550736642109,19.85
2021-10-13,122.28,123.0,122.06,122.92,124836.0,0.01721284342932794,18.64
2021-10-14,124.23,124.5,123.67,124.195,143784.0,0.010372600065083004,16.86
2021-10-15,124.05,124.72,124.05,124.72,126424.0,0.004227223318169049,16.3
2021-10-18,124.3,124.75,124.15,124.74,136993.0,0.00016035920461821007,16.31
2021-10-19,122.0475,122.75,121.88,122.54,173896.0,-0.017636684303350858,15.7
2021-10-20,126.32,126.59,125.8392,126.0,291213.0,0.028235678145911436,15.49
2021-10-21,127.08,127.7901,127.08,127.665,221069.0,0.013214285714285845,15.01
2021-10-22,127.6594,128.22,127.37,128.05,114500.0,0.0030157051658639134,15.43
2021-10-25,127.12,127.26,126.79,126.85,141920.0,-0.009371339320577987,15.24
2021-10-26,127.11,127.61,127.02,127.53,127569.0,0.005360662199448196,15.98
2021-10-27,129.11,129.21,128.14,128.2,196551.0,0.005253665804124452,16.98
2021-10-28,130.26,131.68,130.225,131.19,181737.0,0.023322932917316797,16.53
2021-10-29,130.99,132.0,130.85,131.82,146698.0,0.0048021952892751685,16.26
2021-11-01,131.55,132.51,130.98,132.51,119722.0,0.005234410559854297,16.41
2021-11-02,131.99,132.06,131.4,131.9,259746.0,-0.0046034261565164325,16.03
2021-11-03,133.02,134.46,132.92,134.325,353135.0,0.018385140257770827,15.1
2021-11-04,134.58,135.48,134.4701,135.48,269419.0,0.008598548297040765,15.44
2021-11-05,134.9,135.33,134.62,135.19,158145.0,-0.0021405373486861334,16.48
2021-11-08,134.29,134.4,133.5301,133.6,162593.0,-0.011761224942673287,17.22
2021-11-09,134.72,135.27,134.29,135.25,203057.0,0.012350299401197695,17.78
2021-11-10,135.42,135.43,134.26,134.3,185485.0,-0.007024029574861257,18.73
2021-11-11,134.31,134.58,133.84,133.94,144900.0,-0.0026805658972450797,17.66
2021-11-12,133.52,134.52,133.37,134.17,135696.0,0.0017171868000596113,16.29
2021-11-15,133.65,133.9,132.96,133.01,186920.0,-0.008645747931728343,16.49
2021-11-16,133.25,133.59,132.72,132.72,143066.0,-0.002180287196451358,16.37
2021-11-17,132.58,133.09,132.54,133.07,129185.0,0.0026371308016877038,17.11
2021-11-18,133.37,133.64,132.83,133.28,113614.0,0.0015781167806419027,17.59
2021-11-19,132.91,133.32,131.8,132.02,159935.0,-0.009453781512605008,17.91
2021-11-22,131.81,132.01,131.01,131.1,183405.0,-0.006968641114982743,19.17
2021-11-23,131.07,131.61,130.5988,131.15,182716.0,0.00038138825324196546,19.38
2021-11-24,129.44,130.2975,129.35,130.01,160502.0,-0.008692337018680996,18.58
2021-11-26,130.73,131.32,130.13,130.4099,100806.0,0.003075917237135517,28.62
2021-11-29,130.36,130.985,129.91,130.32,147170.0,-0.0006893648411662179,22.96
2021-11-30,129.9,130.6399,127.82,128.5,482067.0,-0.013965623081645173,27.19
2021-12-01,128.48,128.76,126.9,126.9,174371.0,-0.012451361867704236,31.12
2021-12-02,127.76,128.365,127.53,127.61,536381.0,0.0055949566587862876,27.95
2021-12-03,129.18,129.64,128.87,129.64,207023.0,0.015907844212835975,30.67
2021-12-06,131.4,131.7899,131.16,131.5,292850.0,0.014347423634680778,27.18
2021-12-07,131.09,131.88,131.02,131.75,252653.0,0.0019011406844107182,21.89
2021-12-08,134.47,134.87,133.94,134.61,172984.0,0.021707779886148026,19.9
2021-12-09,134.16,134.81,133.97,134.63,138207.0,0.00014857737166606988,21.58
2021-12-10,135.15,135.99,135.141,135.75,204148.0,0.008319096783777846,18.69
2021-12-13,135.4,135.68,134.825,135.1,158716.0,-0.0047882136279926435,20.31
2021-12-14,135.29,135.68,133.9,134.38,204609.0,-0.005329385640266415,21.89
2021-12-15,135.13,136.44,134.74,136.33,171379.0,0.014511087959517832,19.29
2021-12-16,137.4406,138.1,137.34,137.83,274882.0,0.011002714002787295,20.57
2021-12-17,137.5693,138.45,137.16,137.29,315376.0,-0.003917869839657695,21.57
2021-12-20,137.47,138.55,137.42,138.39,220762.0,0.008012236870857281,22.87
2021-12-21,136.85,137.9,136.81,137.57,356430.0,-0.005925283618758548,21.01
2021-12-22,136.47,138.31,136.33,138.21,193917.0,0.0046521770734899714,18.63
2021-12-23,137.3,138.66,137.3,138.5,306238.0,0.002098256276680255,17.96
2021-12-27,138.07,139.3,137.99,139.26,179152.0,0.005487364620938573,17.68
2021-12-28,139.81,140.64,139.81,140.548,162406.0,0.009248886974005499,17.54
2021-12-29,139.88,140.79,139.88,140.74,177350.0,0.001366081338759706,16.95
2021-12-30,140.0,140.25,139.255,139.47,249711.0,-0.009023731703851179,17.33
2021-12-31,140.0,140.4,138.97,140.37,222301.0,0.006453000645300078,17.22
2022-01-03,140.9,140.948,139.9,140.74,455347.0,0.002635890859870482,16.6
2022-01-04,140.54,141.95,140.54,141.12,339824.0,0.002700014210601065,16.91
2022-01-05,138.2908,138.41,136.25,136.3,1299944.0,-0.03415532879818595,19.73
2022-01-06,136.81,137.01,136.03,136.1,347599.0,-0.0014673514306677848,19.61
2022-01-07,134.91,135.68,134.61,135.31,266447.0,-0.005804555473916229,18.76
2022-01-10,132.29,132.4571,131.36,132.0,337797.0,-0.02446234572463235,19.4
2022-01-11,131.37,132.48,131.26,132.27,384551.0,0.0020454545454546835,18.41
2022-01-12,132.36,133.53,132.3,133.11,298154.0,0.006350646405080651,17.62
2022-01-13,133.76,133.76,132.24,132.24,640248.0,-0.0065359477124183885,20.31
2022-01-14,132.36,132.93,132.17,132.53,244280.0,0.002192982456140191,19.19
2022-01-18,133.67,133.87,133.08,133.27,336086.0,0.0055836414396741585,22.79
2022-01-19,131.03,131.6,130.91,131.35,291679.0,-0.014406843250544088,23.85
2022-01-20,132.37,132.7,131.18,131.41,230704.0,0.0004567948229921015,25.59
2022-01-21,132.39,132.81,131.88,132.01,180165.0,0.00456586256753666,28.85
2022-01-24,130.59,130.69,128.16,129.91,330596.0,-0.015907885766229812,29.9
2022-01-25,129.08,129.125,127.71,128.5599,315750.0,-0.010392579478100239,31.16
2022-01-26,128.73,128.84,126.79,127.13,332202.0,-0.011122441756721946,31.96
2022-01-27,126.79,127.45,126.2,126.74,304142.0,-0.003067725949815192,30.49
2022-01-28,125.89,127.68,125.44,127.63,203934.0,0.007022250276155884,27.66
2022-01-31,127.64,129.22,127.5,129.14,230386.0,0.011831074198856095,24.83
2022-02-01,129.99,129.99,128.44,129.74,251265.0,0.004646120489391503,21.96
2022-02-02,130.49,131.5199,130.45,131.235,201173.0,0.011523046092184464,22.09
2022-02-03,129.93,130.3365,129.23,129.23,201214.0,-0.015277936526079339,24.35
2022-02-04,129.11,129.9,128.145,129.0,177794.0,-0.001779772498645693,23.22
2022-02-07,129.17,129.61,128.62,128.77,179324.0,-0.0017829457364340051,22.86
2022-02-08,127.43,127.91,127.105,127.85,185521.0,-0.0071445212394192215,21.44
2022-02-09,129.63,129.72,128.63,129.0,358352.0,0.00899491591709034,19.96
2022-02-10,126.71,128.02,126.53,126.864,210831.0,-0.01655813953488372,23.91
2022-02-11,129.1,129.5,128.0,128.28,414298.0,0.011161558834657637,27.36
2022-02-14,127.27,127.42,126.53,127.0,258964.0,-0.009978172747115654,28.33
2022-02-15,127.81,127.93,126.9601,127.68,241959.0,0.005354330708661426,25.7
2022-02-16,126.9889,127.99,126.715,127.9,188158.0,0.001723057644110293,24.29
2022-02-17,127.54,128.0,127.18,127.71,190270.0,-0.0014855355746677956,28.11
2022-02-18,128.71,128.9099,127.93,128.21,198895.0,0.003915120194190047,27.75
2022-02-22,127.82,129.21,127.79,128.51,282250.0,0.0023399110833786096,28.81
2022-02-23,130.78,130.8065,128.9,129.04,226094.0,0.004124192669831217,31.02
2022-02-24,125.64,126.005,124.1201,125.88,340443.0,-0.024488530688158705,30.32
2022-02-25,127.01,128.69,126.93,128.37,383532.0,0.01978074356530035,27.59
2022-02-28,130.04,130.71,129.39,130.03,241708.0,0.012931370257848407,30.15
2022-03-01,131.05,131.645,130.0,130.41,265654.0,0.0029224025224947603,33.32
2022-03-02,129.39,130.76,129.16,130.02,358890.0,-0.0029905682079593987,30.74
2022-03-03,128.88,129.069,127.87,128.63,279858.0,-0.010690662974927045,30.48
2022-03-04,126.66,127.3,125.9,126.97,302598.0,-0.012905232060949956,31.98
2022-03-07,122.33,122.46,120.78,121.39,322241.0,-0.04394738914704255,36.45
2022-03-08,119.73,121.0,118.04,119.16,529468.0,-0.018370541230743886,35.13
2022-03-09,122.99,125.71,122.54,124.88,354339.0,0.048002685464921147,32.45
2022-03-10,122.7,123.425,121.6,122.66,311605.0,-0.017777065983344054,30.23
2022-03-11,122.24,122.24,120.0,120.0,383403.0,-0.021685961193543046,30.75
2022-03-14,121.4,122.77,121.305,121.67,379761.0,0.013916666666666577,31.77
2022-03-15,124.05,124.16,122.54,123.45,346232.0,0.014629736171611674,29.83
2022-03-16,124.94,125.51,121.84,123.65,337394.0,0.001620089104900746,26.67
2022-03-17,125.12,127.33,125.03,126.75,360702.0,0.0250707642539425,25.67
2022-03-18,127.79,130.48,127.79,130.27,278657.0,0.027771203155818602,23.87
2022-03-21,130.2,130.5,128.5801,130.27,278657.0,0.0,23.53
2022-03-22,128.7,129.89,128.63,128.76,246134.0,-0.01159131035541583,22.94
2022-03-23,127.22,127.745,126.895,127.25,223955.0,-0.011727244485865151,23.57
2022-03-24,128.54,129.239,128.28,128.6,217832.0,0.010609037328094262,21.67
2022-03-25,128.52,128.7,127.61,128.0,297964.0,-0.004665629860031051,20.81
2022-03-28,128.83,129.15,128.375,129.1,201207.0,0.008593749999999956,19.63
2022-03-29,130.52,130.71,129.14,129.95,344990.0,0.006584043377226845,18.9
2022-03-30,130.44,131.1,130.23,130.95,202790.0,0.0076952674105426055,19.33
2022-03-31,130.56,131.2825,130.1,130.1,254069.0,-0.0064910271095837135,20.56
2022-04-01,130.83,131.51,130.3,131.42,163995.0,0.01014604150653331,19.63
2022-04-04,130.98,132.0,130.78,131.64,201224.0,0.0016740222188402765,18.57
2022-04-05,132.64,133.35,132.39,132.65,254462.0,0.007672439987845836,21.03
2022-04-06,130.33,131.795,130.3,131.34,275769.0,-0.009875612514134935,22.1
2022-04-07,131.89,132.92,131.68,132.45,263991.0,0.008451347647327356,21.55
2022-04-08,132.5,133.86,132.0,132.09,258951.0,-0.0027180067950168807,21.16
2022-04-11,132.44,133.4,132.12,132.38,224927.0,0.002195472783707908,24.37
2022-04-12,132.24,132.37,131.0,131.08,363148.0,-0.009820214533917349,24.26
2022-04-13,132.58,133.0075,132.04,132.26,380002.0,0.009002136100091374,21.82
2022-04-14,132.09,132.095,130.95,131.085,299964.0,-0.00888401633146818,22.7
2022-04-18,128.95,131.25,128.95,130.4,242116.0,-0.005225616966090696,22.17
2022-04-19,128.91,129.09,127.91,128.48,223515.0,-0.014723926380368235,21.37
2022-04-20,128.35,129.16,128.29,128.58,221654.0,0.0007783312577835932,20.32
2022-04-21,129.18,129.73,127.51,127.62,249621.0,-0.00746616892207197,22.68
2022-04-22,130.25,130.56,129.66,129.84,250931.0,0.0173953925716972,28.21
2022-04-25,132.49,132.54,131.02,132.28,313895.0,0.018792359827479954,27.02
2022-04-26,130.47,130.49,127.81,127.88,345145.0,-0.033262775929845834,33.52
2022-04-27,128.3,129.7299,127.75,129.18,246983.0,0.010165780419143067,31.6
2022-04-28,128.98,130.17,128.735,129.806,318926.0,0.00484595138566335,29.99
2022-04-29,130.41,130.65,128.53,128.64,184144.0,-0.00898263562547208,33.4
2022-05-02,128.9,129.03,127.6201,128.2,254135.0,-0.0034203980099501985,32.34
2022-05-03,128.56,128.67,127.29,127.55,272730.0,-0.005070202808112212,29.25
2022-05-04,126.55,128.33,125.57,128.0,253236.0,0.003528028224225821,25.42
2022-05-05,127.01,127.26,125.75,126.46,226804.0,-0.012031250000000049,31.2
2022-05-06,124.64,125.65,124.16,124.8,348759.0,-0.013126680373240496,30.19
2022-05-09,122.49,122.49,120.37,121.13,573919.0,-0.029407051282051344,34.75
2022-05-10,121.5,121.78,120.2,120.78,374825.0,-0.0028894576075290113,32.99
2022-05-11,121.83,123.18,121.23,121.23,239508.0,0.0037257824143070994,32.56
2022-05-12,120.69,122.33,120.33,121.16,1150585.0,-0.0005774148313124616,31.77
2022-05-13,121.27,122.75,121.14,122.52,238535.0,0.011224826675470423,28.87
2022-05-16,122.04,123.66,122.02,123.02,256715.0,0.004080966372837169,27.47
2022-05-17,123.29,123.8,122.71,123.19,244957.0,0.0013818891237198372,26.1
2022-05-18,121.04,121.16,119.4,119.61,361702.0,-0.029060800389641983,30.96
2022-05-19,115.64,117.53,115.55,116.88,350509.0,-0.022824178580386323,29.35
2022-05-20,116.85,116.8799,115.56,116.5001,272209.0,-0.0032503422313483465,29.43
2022-05-23,117.37,118.8,117.37,118.03,1062566.0,0.013132177568946357,28.48
2022-05-24,119.18,120.37,119.12,119.99,1074326.0,0.01660594764043033,29.45
2022-05-25,119.1299,119.36,118.1185,118.64,472872.0,-0.011250937578131448,28.37
2022-05-26,119.55,120.25,118.75,119.7,280396.0,0.008934592043155831,27.5
2022-05-27,121.2,122.07,121.16,121.58,230782.0,0.015705931495405112,25.72
2022-05-31,121.96,122.89,121.62,121.96,333447.0,0.0031255140648132063,26.19
2022-06-01,121.6396,121.6396,118.9038,119.31,278423.0,-0.021728435552640146,25.69
2022-06-02,120.07,120.49,119.305,120.49,269725.0,0.009890201994803283,24.72
2022-06-03,119.7,119.72,119.02,119.1,281087.0,-0.01153622707278612,24.79
2022-06-06,119.2,120.6799,118.32,118.72,214796.0,-0.003190596137699342,25.07
2022-06-07,116.85,117.385,116.75,117.1,488576.0,-0.013645552560646923,24.02
2022-06-08,115.3,115.74,114.202,114.31,311162.0,-0.02382578992314255,23.96
2022-06-09,114.17,115.06,111.64,111.64,418234.0,-0.02335753652348882,26.09
2022-06-10,109.99,111.56,109.68,111.05,483295.0,-0.0052848441418846814,27.75
2022-06-13,111.52,111.96,110.21,110.34,467350.0,-0.006393516434038626,34.02
2022-06-14,110.16,110.19,107.53,108.065,575655.0,-0.020618089541417528,32.69
2022-06-15,108.14,108.8,106.67,108.14,470157.0,0.000694026743163878,29.62
2022-06-16,109.74,110.352,109.2,109.25,1707366.0,0.010264471980765633,32.95
2022-06-17,110.53,110.97,109.17,109.26,1565153.0,9.153318077803618e-05,31.13
2022-06-21,111.34,111.68,110.9,111.05,355710.0,0.016382939776679484,30.19
2022-06-22,112.27,114.3,112.27,113.71,380891.0,0.023953174245835207,28.95
2022-06-23,112.95,113.5539,112.57,113.37,317997.0,-0.002990062439539032,29.05
2022-06-24,115.32,117.05,115.3,116.87,296988.0,0.03087236482314548,27.23
2022-06-27,116.49,118.1499,116.17,117.52,343631.0,0.005561735261401468,26.95
2022-06-28,116.28,116.46,114.53,114.654,582387.0,-0.024387338325391417,28.36
2022-06-29,116.41,117.97,116.34,117.3616,348349.0,0.02361539937551238,28.16
2022-06-30,115.94,117.145,115.83,116.39,207393.0,-0.008278687407124563,28.71
2022-07-01,116.33,118.0,116.23,118.0,258183.0,0.013832803505455793,26.7
2022-07-05,117.0,117.52,116.175,117.48,273230.0,-0.00440677966101688,27.54
2022-07-06,118.51,118.7999,118.0601,118.41,315167.0,0.007916241062308371,26.73
2022-07-07,117.6,117.81,117.09,117.64,681085.0,-0.00650282915294309,26.08
2022-07-08,116.29,117.53,116.29,117.12,210992.0,-0.0044202652159128775,24.64
2022-07-11,116.6,117.97,116.55,117.3,269506.0,0.0015368852459016757,26.17
2022-07-12,116.67,118.07,116.41,117.25,212584.0,-0.0004262574595055302,27.29
2022-07-13,115.22,116.94,115.14,116.57,257935.0,-0.005799573560767657,26.82
2022-07-14,114.49,115.5,114.21,115.29,291960.0,-0.010980526722141115,26.4
2022-07-15,116.65,117.9999,116.6,117.56,370752.0,0.01968947870587212,24.23
2022-07-18,118.51,118.73,116.63,116.95,634875.0,-0.005188839741408602,25.3
2022-07-19,119.58,119.685,118.67,118.95,305964.0,0.017101325352714802,24.5
2022-07-20,118.41,118.41,116.1,116.75,344223.0,-0.018495166036149646,23.88
2022-07-21,116.8,119.2,116.8,119.13,212042.0,0.020385438972162717,23.11
2022-07-22,120.17,121.18,120.17,120.43,279132.0,0.010912448585578938,23.03
2022-07-25,120.87,121.34,120.78,121.265,207487.0,0.006933488333471738,23.36
2022-07-26,121.77,122.4,121.49,121.98,236594.0,0.0058961777924380065,24.69
2022-07-27,122.55,123.365,121.33,123.35,220451.0,0.011231349401541246,23.24
2022-07-28,121.17,123.49,121.12,123.24,302759.0,-0.0008917713822456097,22.33
2022-07-29,122.36,122.86,121.62,122.86,404436.0,-0.0030834144758195015,21.33
2022-08-01,123.56,123.9,120.53,123.7,293496.0,0.006837050301155889,22.84
2022-08-02,123.0001,123.19,122.0,122.08,227555.0,-0.013096200485044451,23.93
2022-08-03,121.04,121.76,120.3675,121.65,213366.0,-0.0035222804718216816,21.95
2022-08-04,121.48,122.45,121.37,122.26,166039.0,0.005014385532264631,21.44
2022-08-05,120.88,120.95,119.73,120.55,210509.0,-0.013986585964338327,21.15
2022-08-08,121.89,122.39,120.45,120.67,194176.0,0.0009954375777685431,21.29
2022-08-09,121.54,121.72,120.71,120.78,200391.0,0.0009115770282588365,21.77
2022-08-10,121.97,122.24,121.18,121.34,343292.0,0.00463652922669322,19.74
2022-08-11,122.38,122.759,121.79,121.98,186615.0,0.005274435470578487,20.2
2022-08-12,122.01,122.29,121.39,121.99,569309.0,8.198065256581621e-05,19.53
2022-08-15,122.1,122.64,122.04,122.58,200629.0,0.004836462005082476,19.95
2022-08-16,121.12,121.7,120.775,121.7,236001.0,-0.007178985152553441,19.69
2022-08-17,122.58,123.29,122.225,122.64,189746.0,0.007723911257189853,19.9
2022-08-18,122.72,122.83,121.57,122.1675,172930.0,-0.0038527397260273988,19.56
2022-08-19,122.1395,122.53,121.54,122.48,803594.0,0.002557963451818246,20.6
2022-08-22,121.76,122.45,120.93,121.14,381761.0,-0.010940561724363196,23.8
2022-08-23,119.1,120.115,118.97,119.61,408714.0,-0.012630014858840966,24.11
2022-08-24,119.57,120.61,119.56,120.13,204098.0,0.004347462586740125,22.82
2022-08-25,120.59,121.58,120.145,121.57,178032.0,0.011987014068092883,21.78
2022-08-26,120.71,121.32,118.74,119.0,283534.0,-0.021140083902278506,25.56
2022-08-29,119.37,119.96,119.01,119.35,316977.0,0.002941176470588225,26.21
2022-08-30,118.71,118.88,117.59,117.7,187890.0,-0.013824884792626668,26.21
2022-08-31,117.29,118.21,116.81,117.06,371253.0,-0.0054375531011044975,25.87
2022-09-01,115.6998,116.3425,114.52,115.74,427267.0,-0.011276268580215354,25.56
2022-09-02,115.72,116.09,113.69,113.95,208123.0,-0.015465698980473452,25.47
2022-09-06,114.96,115.0,113.41,113.44,304479.0,-0.004475647213690315,26.91
2022-09-07,113.03,114.3,113.03,114.15,239542.0,0.0062588152327223145,24.64
2022-09-08,112.02,113.6,111.84,113.48,403294.0,-0.005869469995619769,23.61
2022-09-09,116.26,116.83,115.73,116.615,382507.0,0.027626013394430604,22.79
2022-09-12,117.34,117.89,116.92,117.03,250221.0,0.003558718861210064,23.87
2022-09-13,117.14,117.42,115.33,115.37,306497.0,-0.014184397163120588,27.27
2022-09-14,114.21,114.55,113.14,113.485,408369.0,-0.016338736239923768,26.16
2022-09-15,113.1,113.6475,112.32,112.61,355874.0,-0.007710270079746229,26.27
2022-09-16,111.88,111.99,110.35,110.95,226490.0,-0.014741141994494278,26.3
2022-09-19,111.36,112.26,111.3,111.92,348645.0,0.008742676881478229,25.76
2022-09-20,110.56,110.74,109.66,109.97,311554.0,-0.017423159399571175,27.16
2022-09-21,110.58,110.7912,108.89,108.91,272660.0,-0.009638992452487116,27.99
2022-09-22,110.22,110.3,108.8,109.56,468251.0,0.005968230649159967,27.35
2022-09-23,110.45,110.45,108.2,108.86,307743.0,-0.006389193136181137,29.92
2022-09-26,107.32,108.01,106.7,107.15,448078.0,-0.015708249127319385,32.26
2022-09-27,108.21,108.38,106.32,106.51,400927.0,-0.005972935137657509,32.6
2022-09-28,106.87,108.8,106.455,108.675,402762.0,0.02032672988451778,30.18
2022-09-29,108.6,109.0,107.92,108.79,544901.0,0.0010582010582012025,31.84
2022-09-30,108.68,109.31,107.59,107.61,820213.0,-0.01084658516407766,31.62
2022-10-03,107.6,107.62,106.8,107.5,613211.0,-0.001022209831800014,30.1
2022-10-04,109.17,109.75,108.5125,109.67,569532.0,0.02018604651162792,29.07
2022-10-05,109.2,109.36,108.3,108.89,386313.0,-0.007112245828394315,28.55
2022-10-06,108.07,108.31,106.76,106.81,286524.0,-0.019101845899531567,30.52
2022-10-07,107.75,108.0299,106.0,106.145,370110.0,-0.006226008800674143,31.36
2022-10-10,105.59,106.15,105.36,105.8,609393.0,-0.00325027085590468,32.45
2022-10-11,105.58,106.75,105.1,105.4,448532.0,-0.003780718336483857,33.63
2022-10-12,106.0,106.81,105.81,106.21,450169.0,0.007685009487665928,33.57
2022-10-13,103.02,105.98,102.775,105.4,518042.0,-0.00762640052725716,31.94
2022-10-14,106.33,106.5,104.32,104.32,324956.0,-0.010246679316888163,32.02
2022-10-17,107.65,108.2699,107.31,107.31,337644.0,0.02866180981595101,31.37
2022-10-18,108.71,108.99,107.81,108.55,283910.0,0.011555307054328612,30.5
2022-10-19,106.95,107.12,105.28,106.08,229071.0,-0.022754491017964007,30.76
2022-10-20,105.49,106.04,104.86,105.2,318570.0,-0.008295625942684737,29.98
2022-10-21,104.53,106.04,104.27,105.84,236305.0,0.006083650190114032,29.69
2022-10-24,107.02,107.64,106.4,107.13,342823.0,0.012188208616779939,29.85
2022-10-25,108.16,109.02,108.15,108.72,720228.0,0.014841781013721578,28.46
2022-10-26,108.29,110.0,108.29,109.5,406605.0,0.007174392935982432,27.28
2022-10-27,108.36,109.01,106.63,106.69,361463.0,-0.025662100456620984,27.39
2022-10-28,107.21,108.75,107.19,108.69,232132.0,0.018745899334520644,25.75
2022-10-31,108.51,109.08,108.06,108.71,402099.0,0.00018400956849751182,25.88
2022-11-01,109.83,109.83,108.11,108.47,403522.0,-0.002207708582467105,25.81
2022-11-02,109.07,110.28,107.835,108.07,316408.0,-0.0036876555729695726,25.86
2022-11-03,106.44,107.145,106.38,106.55,382615.0,-0.014064957897658936,25.3
2022-11-04,108.85,110.15,108.46,109.06,289178.0,0.02355701548568745,24.55
2022-11-07,108.73,109.12,108.25,108.71,395903.0,-0.003209242618742003,24.35
2022-11-08,108.99,109.8699,108.7185,109.135,291915.0,0.003909483948118853,25.54
2022-11-09,110.47,111.1899,110.01,110.01,235153.0,0.008017592889540515,26.09
2022-11-10,113.6,114.21,112.069,113.7,339477.0,0.033542405235887696,23.53
2022-11-11,114.33,115.2,113.36,114.8,302064.0,0.009674582233949014,22.52
2022-11-14,114.63,115.25,114.06,114.29,331189.0,-0.004442508710801318,23.73
2022-11-15,115.04,115.19,112.97,113.7,309355.0,-0.005162306413509565,24.54
2022-11-16,115.03,115.35,114.37,114.5,255998.0,0.0070360598065082325,24.11
2022-11-17,114.68,115.56,114.65,115.33,342711.0,0.007248908296943135,23.93
2022-11-18,116.7193,116.9,116.0,116.23,206904.0,0.007803693748374307,23.12
2022-11-21,116.66,117.44,116.36,117.43,268568.0,0.010324356878602892,22.36
2022-11-22,117.85,118.26,117.59,118.07,230604.0,0.0054500553521246164,21.29
2022-11-23,118.8193,119.74,118.75,119.28,256155.0,0.010248157872448704,20.35
2022-11-25,118.97,119.66,118.97,119.27,168852.0,-8.383635144204593e-05,20.5
2022-11-28,120.11,120.58,119.28,119.4,431262.0,0.0010899639473465061,22.21
2022-11-29,117.88,118.8,116.721,117.13,1276927.0,-0.019011725293132442,21.89
2022-11-30,119.0117,119.5099,117.66,118.99,397467.0,0.015879791684453082,20.58
2022-12-01,121.54,122.075,120.47,120.62,1154455.0,0.013698630136986356,19.84
2022-12-02,120.0701,120.84,120.0,120.32,2133789.0,-0.0024871497264136178,19.06
2022-12-05,119.09,119.48,117.29,117.465,2040347.0,-0.02372839095744672,20.75
2022-12-06,118.78,119.09,117.34,117.49,4035845.0,0.0002128293534242598,22.17
2022-12-07,116.71,117.41,115.94,116.2,1488900.0,-0.010979657843220636,22.68
2022-12-08,115.54,117.19,115.404,116.88,320239.0,0.005851979345955272,22.29
2022-12-09,117.21,117.54,116.55,116.58,258777.0,-0.002566735112936369,22.83
2022-12-12,116.95,117.31,116.4401,117.04,307144.0,0.003945788299879904,25.0
2022-12-13,119.2,119.542,117.33,117.47,298059.0,0.0036739576213260516,22.55
2022-12-14,119.44,121.4,119.35,120.18,556747.0,0.023069719928492383,21.14
2022-12-15,117.93,118.02,115.32,115.93,340188.0,-0.0353636212348144,22.83
2022-12-16,115.53,116.08,114.42,114.795,270976.0,-0.009790390753040668,22.62
2022-12-19,116.1,116.3,115.55,115.73,267010.0,0.008144954048521225,22.42
2022-12-20,116.13,116.39,115.2,115.21,466254.0,-0.004493216970534952,21.48
2022-12-21,115.81,117.37,115.81,116.59,288681.0,0.011978126898706698,20.07
2022-12-22,116.46,116.5,115.4,116.15,262044.0,-0.003773908568487805,21.97
2022-12-23,115.56,116.06,115.14,115.64,186642.0,-0.004390873869995704,20.87
2022-12-27,116.16,116.55,115.99,116.0,181864.0,0.0031131096506398226,21.65
2022-12-28,116.8,117.28,115.72,115.72,295795.0,-0.0024137931034482474,22.14
2022-12-29,116.89,117.31,116.63,116.95,325005.0,0.010629104735568662,21.44
2022-12-30,116.95,117.2399,115.3,115.34,143409.0,-0.013766566908935407,21.67
2023-01-03,116.64,117.13,115.78,116.72,224656.0,0.011964626322177763,22.9
2023-01-04,118.74,119.6699,118.28,119.0,202331.0,0.01953392734749837,22.01
2023-01-05,118.26,118.6,117.6875,117.95,244611.0,-0.008823529411764675,22.46
2023-01-06,117.81,119.91,117.45,119.69,247285.0,0.014752013565069833,21.13
2023-01-09,120.62,121.7,120.47,120.47,271469.0,0.006516835157490242,21.97
2023-01-10,120.21,121.08,120.15,120.97,270579.0,0.004150410890678247,20.58
2023-01-11,122.21,122.67,121.04,121.65,135662.0,0.005621228403736467,21.09
2023-01-12,122.1094,122.615,121.345,122.22,194596.0,0.004685573366214557,18.83
2023-01-13,121.71,123.245,121.71,123.19,171985.0,0.007936507936507908,18.35
2023-01-17,124.37,125.0,123.97,124.05,221697.0,0.0069810861271206726,19.36
2023-01-18,124.3,124.4,122.01,122.25,795061.0,-0.014510278113663788,20.34
2023-01-19,123.0092,123.02,122.33,122.62,352922.0,0.0030265848670756323,20.52
2023-01-20,121.7,122.33,121.27,122.17,216514.0,-0.003669874408742446,19.85
2023-01-23,122.21,122.8,121.78,122.46,313195.0,0.00237374150773495,19.81
2023-01-24,121.53,122.19,121.28,121.94,250250.0,-0.00424628450106157,19.2
2023-01-25,121.75,123.03,121.67,122.9,251134.0,0.007872724290634903,19.08
2023-01-26,120.84,121.0,118.7101,119.455,239109.0,-0.02803091944670466,18.73
2023-01-27,118.55,119.35,118.44,118.71,160739.0,-0.006236658155790886,18.51
2023-01-30,119.8,120.65,119.72,119.72,239675.0,0.008508129053997227,19.94
2023-01-31,121.33,122.215,121.0112,122.215,178187.0,0.02084029401937859,19.4
2023-02-01,121.59,123.05,120.7601,122.67,191110.0,0.0037229472650657236,17.87
2023-02-02,120.73,120.93,119.88,120.01,228670.0,-0.02168419336431071,18.73
2023-02-03,120.62,121.17,120.146,120.73,192349.0,0.005999500041663275,18.33
2023-02-06,119.87,120.46,119.67,120.24,202776.0,-0.004058643253540994,19.43
2023-02-07,118.84,120.05,118.33,119.72,189654.0,-0.0043246839654025315,18.66
2023-02-08,119.87,120.3899,119.44,119.97,301839.0,0.0020882058135649473,19.63
2023-02-09,119.9792,120.01,117.78,117.84,245078.0,-0.017754438609652423,20.71
2023-02-10,118.11,118.84,117.865,118.7,167093.0,0.007298031228784696,20.53
2023-02-13,119.8,120.87,119.6101,120.71,124576.0,0.016933445661331037,20.34
2023-02-14,120.99,121.355,120.25,120.98,151167.0,0.002236765802336338,18.91
2023-02-15,119.62,120.18,119.1,120.18,201271.0,-0.006612663250123996,18.23
2023-02-16,116.72,117.375,116.3501,116.6,177832.0,-0.029788650357796764,20.17
2023-02-17,116.8,118.8,116.71,118.6,172981.0,0.0171526586620927,20.02
2023-02-21,117.96,118.4,117.3,118.33,156698.0,-0.0022765598650926755,22.87
2023-02-22,118.88,119.02,118.2,118.51,194932.0,0.001521169610411599,22.29
2023-02-23,117.27,117.5,116.09,116.785,179148.0,-0.014555733693359274,21.14
2023-02-24,115.11,115.528,114.7,115.295,131604.0,-0.012758487819497288,21.67
2023-02-27,116.2094,116.21,115.6,115.755,243000.0,0.003989765384448507,20.95
2023-02-28,114.63,114.72,112.44,112.515,331237.0,-0.02799015161332119,20.7
2023-03-01,113.05,113.28,112.3,112.4,387083.0,-0.0010220859440962515,20.58
2023-03-02,113.45,114.74,113.44,114.49,840652.0,0.01859430604982193,19.59
2023-03-03,114.21,114.92,113.99,114.92,191167.0,0.003755786531574934,18.49
2023-03-06,112.87,113.37,112.44,112.57,205266.0,-0.020449008005569147,18.61
2023-03-07,112.32,112.62,111.43,111.48,189496.0,-0.009682863995735924,19.59
2023-03-08,111.69,112.21,111.145,111.905,196820.0,0.0038123430211696174,19.11
2023-03-09,112.93,113.19,112.0101,112.13,218683.0,0.0020106340199275152,22.61
2023-03-10,114.68,115.0,113.5,113.67,218375.0,0.013734058681887262,24.8
2023-03-13,116.61,117.59,116.42,116.6,235471.0,0.02577637019442247,26.52
2023-03-14,117.1,117.19,116.32,117.19,266072.0,0.005060034305317318,23.73
2023-03-15,115.7,116.5675,115.24,115.85,190477.0,-0.011434422732315097,26.14
2023-03-16,117.52,118.45,117.36,118.205,216872.0,0.02032801035822196,22.99
2023-03-17,117.41,118.09,117.091,117.71,146626.0,-0.004187640116746327,25.51
2023-03-20,117.06,117.925,116.84,117.56,150766.0,-0.0012743182397416675,24.15
2023-03-21,117.41,117.62,116.57,117.14,273763.0,-0.0035726437563797786,21.38
2023-03-22,118.63,119.7,118.37,118.53,202530.0,0.011866143076660451,22.26
2023-03-23,119.3807,119.9,118.57,119.06,167688.0,0.004471441829072775,22.61
2023-03-24,119.79,120.06,119.16,119.6,213559.0,0.004535528305056102,21.74
2023-03-27,119.52,119.89,119.09,119.845,185660.0,0.0020484949832775268,20.6
2023-03-28,120.73,120.82,119.665,119.81,204316.0,-0.00029204389002457365,19.97
2023-03-29,121.5,121.95,121.14,121.77,191656.0,0.01635923545613882,19.12
2023-03-30,121.08,121.44,120.71,120.9,274430.0,-0.007144616900714329,19.02
2023-03-31,121.28,122.14,121.22,121.69,208790.0,0.006534325889164583,18.7
2023-04-03,122.02,123.05,121.72,123.0,192271.0,0.010765058755854984,18.55
2023-04-04,122.0912,123.02,122.0801,122.51,149153.0,-0.0039837398373983035,19.0
2023-04-05,124.09,124.8,124.01,124.4,259174.0,0.01542731205615877,19.08
2023-04-06,125.39,126.15,125.29,125.75,288433.0,0.01085209003215426,18.4
2023-04-10,122.12,125.2599,122.12,125.22,214967.0,-0.004214711729622289,18.97
2023-04-11,124.89,125.71,124.76,125.34,256010.0,0.0009583133684716305,19.1
2023-04-12,125.85,126.24,125.53,125.57,462836.0,0.0018350087761287437,19.09
2023-04-13,125.85,126.2225,125.52,125.97,159428.0,0.0031854742374770595,17.8
2023-04-14,126.44,126.97,125.86,126.1,171631.0,0.0010319917440659854,17.07
2023-04-17,126.53,126.95,126.07,126.3,152301.0,0.0015860428231562196,16.95
2023-04-18,126.32,127.09,126.24,126.9,131551.0,0.004750593824228044,16.83
2023-04-19,126.94,127.36,126.78,126.96,115015.0,0.00047281323877057524,16.46
2023-04-20,128.26,128.6,127.765,128.0,120485.0,0.008191556395715338,17.17
2023-04-21,129.5,130.1,128.91,129.45,188225.0,0.011328124999999911,16.77
2023-04-24,128.44,129.37,128.23,129.37,315702.0,-0.0006179992275008317,16.89
2023-04-25,129.07,129.71,128.8,128.81,257266.0,-0.004328669707041821,18.76
2023-04-26,129.49,129.66,128.64,128.71,148168.0,-0.000776337240897429,18.84
2023-04-27,127.34,127.63,126.73,127.52,153191.0,-0.009245590863180886,17.03
2023-04-28,128.35,128.79,127.684,128.26,135836.0,0.005803011292346172,15.78
2023-05-01,126.37,128.5,126.37,127.8,153714.0,-0.003586464992982985,16.08
2023-05-02,127.64,128.83,127.5,128.83,164070.0,0.008059467918622998,17.78
2023-05-03,130.38,131.64,130.0,130.6025,192371.0,0.013758441356826578,18.34
2023-05-04,130.11,130.8599,129.83,130.39,163721.0,-0.0016270745200130943,20.09
2023-05-05,129.85,130.72,129.5,130.7,166296.0,0.002377482935808084,17.19
2023-05-08,130.77,130.98,130.565,130.81,133397.0,0.0008416220351952219,16.98
2023-05-09,130.19,130.75,130.1,130.61,140483.0,-0.001528935096705042,17.71
2023-05-10,129.38,129.45,128.1,128.595,265085.0,-0.015427608912028323,16.94
2023-05-11,128.15,128.92,127.67,128.92,207532.0,0.0025273144367976563,16.93
2023-05-12,128.24,128.555,127.7,128.26,125095.0,-0.005119453924914641,17.03
2023-05-15,128.65,128.68,127.92,128.28,114129.0,0.0001559332605645114,17.12
2023-05-16,127.8,128.06,127.28,127.55,127699.0,-0.005690676644839465,17.99
2023-05-17,126.37,126.52,125.64,126.24,177675.0,-0.010270482163857286,16.87
2023-05-18,125.75,127.22,125.3,126.15,188766.0,-0.0007129277566538805,16.05
2023-05-19,126.04,126.8813,125.99,126.62,161103.0,0.003725723345223919,16.81
2023-05-22,126.01,126.17,125.34,125.36,128713.0,-0.009951034591691665,17.21
2023-05-23,125.36,125.36,124.46,124.55,178904.0,-0.006461391193363086,18.53
2023-05-24,124.0,124.39,123.64,123.67,161215.0,-0.007065435568044953,20.03
2023-05-25,122.52,123.29,122.03,123.23,179891.0,-0.0035578555834074876,19.14
2023-05-26,123.38,124.13,123.33,123.96,174309.0,0.005923882171549044,17.95
2023-05-30,120.47,120.655,119.38,119.7525,753974.0,-0.033942400774443326,17.46
2023-05-31,119.58,119.92,118.0,118.73,342660.0,-0.008538443873823076,17.94
2023-06-01,119.37,120.21,119.2725,120.12,322634.0,0.01170723490272052,15.65
2023-06-02,120.36,120.99,120.3,120.67,212708.0,0.0045787545787545625,14.6
2023-06-05,119.44,120.16,119.3701,119.59,191256.0,-0.008950029004723636,14.73
2023-06-06,120.32,120.5,119.88,119.9622,202034.0,0.0031123003595616705,13.96
2023-06-07,119.66,119.83,118.09,118.11,158628.0,-0.015439863557020428,13.94
2023-06-08,118.7,119.25,118.7,119.2,241850.0,0.00922868512403685,13.65
2023-06-09,118.88,119.0299,118.625,118.74,208992.0,-0.0038590604026845776,13.83
2023-06-12,119.04,119.13,117.76,118.07,244892.0,-0.005642580427825505,15.01
2023-06-13,117.66,118.25,117.4529,117.74,210057.0,-0.0027949521470314043,14.61
2023-06-14,118.91,119.052,117.85,118.01,455214.0,0.002293188381178979,13.88
2023-06-15,120.43,121.3,120.36,121.12,183747.0,0.02635369883908134,14.5
2023-06-16,122.0,122.235,120.7,120.86,198013.0,-0.002146631439894353,13.54
2023-06-20,120.35,120.6,119.31,119.36,229316.0,-0.012411054112195896,13.88
2023-06-21,120.08,121.31,119.83,120.88,464143.0,0.012734584450402098,13.2
2023-06-22,120.61,121.18,120.41,121.18,205572.0,0.002481800132362766,12.91
2023-06-23,121.66,121.93,120.8,121.0,220800.0,-0.0014853936293117709,13.44
2023-06-26,121.16,121.24,120.55,120.9,160223.0,-0.0008264462809917106,14.25
2023-06-27,120.82,121.345,120.18,120.9,246384.0,0.0,13.74
2023-06-28,119.0,119.552,118.95,119.25,324943.0,-0.013647642679900818,13.43
2023-06-29,118.92,119.48,118.84,119.07,140814.0,-0.0015094339622642172,13.54
2023-06-30,120.04,120.61,119.96,120.35,239727.0,0.010749979003947363,13.59
2023-07-03,120.31,120.67,120.0,120.43,118764.0,0.0006647278770255394,13.57
2023-07-05,119.12,119.15,118.66,119.05,241804.0,-0.011458938802624052,14.18
2023-07-06,117.96,118.45,117.79,118.3,148324.0,-0.006299874002519967,15.44
2023-07-07,117.92,118.19,117.36,117.4525,177060.0,-0.007163989856297515,14.83
2023-07-10,119.0,119.41,118.79,118.82,182596.0,0.011643004618888453,15.07
2023-07-11,119.22,119.49,119.04,119.32,286468.0,0.004208045783538061,14.84
2023-07-12,119.92,120.7925,119.42,120.51,184209.0,0.009973181361045969,13.54
2023-07-13,122.12,122.66,122.02,122.57,152525.0,0.017094017094017033,13.61
2023-07-14,122.13,122.3,121.75,122.21,145273.0,-0.0029370971689646197,13.34
2023-07-17,121.66,122.02,121.45,121.53,189571.0,-0.005564192782914645,13.48
2023-07-18,121.45,121.91,121.06,121.53,689886.0,0.0,13.3
2023-07-19,122.51,122.82,121.74,122.22,416032.0,0.005677610466551464,13.76
2023-07-20,120.59,120.7,119.99,120.3,275810.0,-0.015709376534118857,13.99
2023-07-21,120.98,121.15,120.66,120.7,229876.0,0.0033250207813799726,13.6
2023-07-24,120.59,120.75,120.2215,120.47,229688.0,-0.0019055509527755587,13.91
2023-07-25,120.54,121.23,120.54,120.97,143417.0,0.004150410890678247,13.86
2023-07-26,120.5,122.34,120.25,121.97,127962.0,0.008266512358436007,13.19
2023-07-27,125.41,125.41,123.48,123.52,243356.0,0.012708042961383947,14.41
2023-07-28,124.2,124.355,123.045,123.2,157000.0,-0.002590673575129432,13.33
2023-07-31,123.02,123.68,122.5625,122.9,194965.0,-0.0024350649350649567,13.63
2023-08-01,122.2086,122.41,121.16,121.89,262729.0,-0.008218063466232772,13.93
2023-08-02,122.18,122.6,122.01,122.18,225216.0,0.0023791943555664385,16.09
2023-08-03,120.41,120.82,120.08,120.52,168027.0,-0.013586511704043347,15.92
2023-08-04,119.12,119.8,118.88,118.95,149146.0,-0.013026883504812403,17.1
2023-08-07,119.12,119.63,118.9,119.47,152453.0,0.0043715846994534235,15.77
2023-08-08,119.11,119.2497,118.67,118.83,284310.0,-0.005356993387461317,15.99
2023-08-09,118.92,119.21,118.68,118.83,282567.0,0.0,15.96
2023-08-10,119.94,120.68,119.66,119.755,424456.0,0.007784229571657031,15.85
2023-08-11,118.95,119.33,118.58,119.14,207722.0,-0.0051354849484362974,14.84
2023-08-14,118.18,119.26,118.15,118.5,285164.0,-0.005371831458787946,14.82
2023-08-15,118.08,118.099,117.0,117.05,370987.0,-0.012236286919831252,16.46
2023-08-16,118.05,118.75,117.7,117.81,485897.0,0.006492951730029839,16.78
2023-08-17,118.33,118.33,116.96,117.33,343286.0,-0.004074357015533492,17.89
2023-08-18,117.16,117.92,117.14,117.63,298306.0,0.0025568908207618257,17.3
2023-08-21,118.67,118.79,118.09,118.68,487904.0,0.008926294312675331,17.13
2023-08-22,119.01,119.12,118.087,118.215,415490.0,-0.003918099089989968,16.97
2023-08-23,119.31,119.51,118.92,119.42,254355.0,0.010193291883432654,15.98
2023-08-24,119.5,120.06,119.1,119.2,651465.0,-0.0018422374811589703,17.2
2023-08-25,119.97,120.4,119.73,120.31,136718.0,0.009312080536912681,15.68
2023-08-28,120.59,120.9899,120.23,120.8,345519.0,0.004072811902585016,15.08
2023-08-29,120.56,122.22,120.51,122.04,673354.0,0.01026490066225172,14.45
2023-08-30,121.4,121.799,121.02,121.06,204523.0,-0.008030154047853233,13.88
2023-08-31,120.75,120.98,120.13,120.13,176279.0,-0.007682141087064331,13.57
2023-09-01,120.31,120.43,118.78,118.89,155790.0,-0.010322151003079982,13.09
2023-09-05,117.12,117.34,116.45,116.48,171992.0,-0.02027083859029355,14.01
2023-09-06,116.65,117.03,116.385,116.68,309136.0,0.001717032967033072,14.45
2023-09-07,117.46,117.99,117.46,117.55,277985.0,0.007456290709633162,14.4
2023-09-08,117.97,118.11,117.675,117.9,178451.0,0.002977456401531242,13.84
2023-09-11,118.68,119.94,118.31,119.24,216198.0,0.011365564037319587,13.8
2023-09-12,118.77,118.9,117.57,117.57,251854.0,-0.014005367326400564,14.23
2023-09-13,116.9799,117.225,116.46,116.56,1137901.0,-0.008590626860593642,13.48
2023-09-14,116.3,117.37,116.3,117.2,204370.0,0.005490734385724005,12.82
2023-09-15,117.52,117.8,117.14,117.39,308377.0,0.0016211604095563992,13.79
2023-09-18,118.0699,118.07,117.51,117.72,218267.0,0.0028111423460259743,14.0
2023-09-19,117.27,117.77,116.9675,117.7,231937.0,-0.00016989466530747954,14.11
2023-09-20,119.0,119.47,118.59,118.77,346204.0,0.009090909090909038,15.14
2023-09-21,119.2,119.515,118.65,118.77,165087.0,0.0,17.54
2023-09-22,117.58,118.19,117.58,117.78,179752.0,-0.008335438241980242,17.2
2023-09-25,117.82,117.82,117.175,117.25,144209.0,-0.004499915095941609,16.9
2023-09-26,115.95,116.08,115.2,115.25,278945.0,-0.017057569296375252,18.94
2023-09-27,114.3699,114.37,112.03,112.15,550904.0,-0.02689804772234272,18.22
2023-09-28,112.35,112.52,112.0,112.25,352132.0,0.000891662951404415,17.34
2023-09-29,114.26,114.3,112.75,113.17,200335.0,0.008195991091314081,17.52
2023-10-02,113.07,113.09,111.58,111.78,330564.0,-0.01228240699832106,17.61
2023-10-03,111.52,111.81,110.85,111.13,313501.0,-0.0058149937376991145,19.78
2023-10-04,113.3899,113.42,111.65,112.4,280368.0,0.01142805723027096,18.58
2023-10-05,112.96,113.55,112.26,112.32,285040.0,-0.000711743772242146,18.49
2023-10-06,109.05,111.1,107.4,110.89,773072.0,-0.0127314814814814,17.45
2023-10-09,111.9901,112.63,111.52,112.61,300532.0,0.015510866624582897,17.7
2023-10-10,113.45,114.33,113.35,113.875,378815.0,0.011233460616286273,17.03
2023-10-11,116.23,116.6999,115.78,116.45,185413.0,0.022612513721185445,16.09
2023-10-12,115.4799,115.48,113.66,113.68,211767.0,-0.02378703306139973,16.69
2023-10-13,113.98,114.49,113.46,114.26,283547.0,0.005102040816326481,19.32
2023-10-16,113.5,114.3999,113.24,113.96,256318.0,-0.0026255907579206816,17.21
2023-10-17,113.9,114.5,113.66,114.0,261123.0,0.0003510003510003301,17.88
2023-10-18,113.98,114.64,112.98,113.06,362171.0,-0.008245614035087723,19.22
2023-10-19,110.21,110.81,109.612,109.86,541079.0,-0.028303555634176525,21.4
2023-10-20,110.55,110.9875,109.78,109.81,270225.0,-0.0004551247041688633,21.71
2023-10-23,109.4,109.75,108.8,108.8,531163.0,-0.009197705127037659,20.37
2023-10-24,109.13,109.76,109.04,109.66,680684.0,0.007904411764705799,18.97
2023-10-25,109.42,110.1,108.6,109.75,283024.0,0.00082071858471644,20.19
2023-10-26,110.75,110.91,109.4001,109.67,366671.0,-0.0007289293849658263,20.68
2023-10-27,108.46,108.654,106.81,107.15,503573.0,-0.022978024984043,21.27
2023-10-30,108.38,108.52,108.0,108.46,563431.0,0.012225851609892535,19.75
2023-10-31,108.03,108.29,107.4,107.76,498746.0,-0.006453992255209151,18.14
2023-11-01,109.19,109.72,108.811,109.33,304658.0,0.01456941351150709,16.87
2023-11-02,110.69,111.18,110.0701,110.97,323375.0,0.015000457331016293,15.66
2023-11-03,111.41,111.53,110.61,110.65,203396.0,-0.0028836622510587384,14.91
2023-11-06,110.66,111.32,110.66,110.88,317456.0,0.0020786262991412396,14.89
2023-11-07,110.76,110.87,110.36,110.36,270950.0,-0.004689754689754633,14.81
2023-11-08,109.98,110.5075,109.67,109.805,327562.0,-0.0050289960130481814,14.45
2023-11-09,110.98,111.35,110.25,110.27,273425.0,0.004234779836983726,15.29
2023-11-10,110.9599,110.96,109.7,110.23,187675.0,-0.0003627459871224925,14.17
2023-11-13,109.22,109.8,109.21,109.45,358935.0,-0.007076113580694932,14.76
2023-11-14,110.6701,111.6699,110.56,111.54,305686.0,0.019095477386934734,14.16
2023-11-15,112.26,112.6,111.74,111.74,262790.0,0.0017930787161555273,14.18
2023-11-16,110.81,111.67,110.81,110.87,404164.0,-0.007785931626991149,14.32
2023-11-17,111.3,111.82,111.06,111.35,573455.0,0.004329394786686924,13.8
2023-11-20,111.2599,111.37,110.63,110.64,394243.0,-0.006376290974404952,13.41
2023-11-21,112.03,112.99,112.03,112.65,357636.0,0.018167028199566282,13.35
2023-11-22,113.3,113.37,112.85,113.24,289335.0,0.005237461162893808,12.85
2023-11-24,113.24,113.99,113.24,113.944,159632.0,0.006216884493112085,12.46
2023-11-27,114.16,114.26,113.53,113.82,430551.0,-0.0010882538790986107,12.69
2023-11-28,112.69,113.6,112.62,113.17,238601.0,-0.005710771393428127,12.69
2023-11-29,113.16,113.64,112.7501,113.45,298611.0,0.0024741539277193247,12.98
2023-11-30,112.82,114.2,112.34,113.92,352907.0,0.00414279418245922,12.92
2023-12-01,112.39,113.99,112.39,113.9,281329.0,-0.000175561797752799,12.63
2023-12-04,114.1899,114.83,113.85,114.75,574361.0,0.00746268656716409,13.08
2023-12-05,114.05,114.13,113.38,113.48,366198.0,-0.011067538126361631,12.85
2023-12-06,113.67,113.99,113.42,113.62,412816.0,0.001233697567853298,12.97
2023-12-07,112.87,113.0,112.454,112.63,298887.0,-0.00871325470867812,13.06
2023-12-08,112.7,113.26,112.54,113.05,398092.0,0.003729024238657619,12.35
2023-12-11,112.14,112.9,112.1,112.55,481008.0,-0.00442282176028308,12.63
2023-12-12,112.95,113.23,112.5975,112.88,288543.0,0.002932030208796066,12.07
2023-12-13,113.1,113.37,111.89,113.08,326412.0,0.0017717930545713134,12.19
2023-12-14,112.78,113.26,112.49,112.49,422181.0,-0.005217545100813625,12.48
2023-12-15,112.68,113.674,112.27,112.39,370762.0,-0.0008889679082584312,12.28
2023-12-18,113.03,113.33,112.68,113.065,348450.0,0.006005872408577195,12.56
2023-12-19,112.47,112.78,112.06,112.19,349857.0,-0.007738911245743552,12.53
2023-12-20,111.85,112.25,111.14,111.14,334261.0,-0.009359122916481,13.67
2023-12-21,113.07,113.28,112.54,113.28,400068.0,0.019254993701637524,13.65
2023-12-22,113.96,114.02,113.04,113.44,261029.0,0.0014124293785311437,13.03
2023-12-26,113.05,113.97,113.05,113.89,268042.0,0.003966854724964719,12.99
2023-12-27,113.73,114.98,113.69,114.7,193937.0,0.0071121257353587986,12.43
2023-12-28,115.7,116.21,114.69,114.73,220035.0,0.00026155187445509043,12.47
2023-12-29,115.53,116.3799,115.53,115.63,186285.0,0.007844504488799808,12.45
2024-01-02,112.78,115.61,112.75,115.5,403421.0,-0.0011242757069964693,13.2
2024-01-03,117.07,117.55,116.16,116.58,388104.0,0.009350649350649443,14.04
2024-01-04,115.22,116.34,115.19,116.16,426413.0,-0.0036026762738033957,14.13
2024-01-05,115.87,116.71,115.42,115.8,529760.0,-0.0030991735537190257,13.35
2024-01-08,116.09,117.13,116.05,116.75,630263.0,0.00820379965457696,13.08
2024-01-09,115.45,116.03,115.36,115.69,271306.0,-0.00907922912205572,12.76
2024-01-10,115.61,115.91,114.9,114.97,361561.0,-0.006223528394848299,12.69
2024-01-11,114.32,114.36,112.84,113.92,896065.0,-0.009132817256675585,12.44
2024-01-12,114.38,114.82,114.38,114.4875,296966.0,0.004981566011236005,12.7
2024-01-16,114.28,114.58,113.86,114.0,355252.0,-0.004258106780216209,13.84
2024-01-17,112.96,113.39,112.49,113.21,313467.0,-0.006929824561403564,14.79
2024-01-18,112.27,112.82,112.145,112.771,293057.0,-0.003877749315431389,14.13
2024-01-19,112.24,112.49,111.8701,112.25,261606.0,-0.0046199820875933995,13.3
2024-01-22,112.09,112.5,111.79,111.98,616314.0,-0.002405345211581311,13.19
2024-01-23,110.4299,110.625,109.79,110.22,1188265.0,-0.015717092337917515,12.55
2024-01-24,110.96,111.11,109.9,109.9,455053.0,-0.002903284340409984,13.14
2024-01-25,110.15,111.33,109.95,111.26,1257295.0,0.01237488626023664,13.45
2024-01-26,113.67,114.13,113.54,114.0,3483063.0,0.024626999820240858,13.26
2024-01-29,114.66,115.76,114.32,115.53,938590.0,0.013421052631579,13.6
2024-01-30,114.8999,115.2,114.4,115.145,911310.0,-0.0033324677572925676,13.31
2024-01-31,115.17,115.91,113.78,113.9,293827.0,-0.010812453862521054,14.35
2024-02-01,113.85,115.14,113.41,115.03,204283.0,0.009920983318700616,13.88
2024-02-02,114.93,114.93,113.57,114.25,220217.0,-0.006780839780926695,13.85
2024-02-05,114.71,115.23,114.49,114.86,276598.0,0.0053391684901531455,13.67
2024-02-06,113.6199,114.69,113.55,114.35,544672.0,-0.004440188055023553,13.06
2024-02-07,114.45,114.47,112.75,112.8,207070.0,-0.013554875382597253,12.83
2024-02-08,113.25,113.32,111.45,111.86,225032.0,-0.008333333333333304,12.79
2024-02-09,109.84,109.872,108.9955,109.27,460296.0,-0.023153942428035035,12.93
2024-02-12,110.24,110.77,110.15,110.6,1014640.0,0.0121716848174247,13.93
2024-02-13,108.65,108.9,108.15,108.64,1837982.0,-0.017721518987341756,15.85
2024-02-14,108.71,109.62,108.34,109.45,2742727.0,0.007455817378497764,14.38
2024-02-15,111.38,111.72,110.99,111.02,2405669.0,0.014344449520328872,14.01
2024-02-16,110.41,110.56,110.1175,110.23,445018.0,-0.007115834984687375,14.24
2024-02-20,112.54,113.23,112.49,112.79,467438.0,0.023224167649460226,15.42
2024-02-21,113.32,113.67,112.01,112.39,304665.0,-0.0035464136891568687,15.34
2024-02-22,106.9,107.5025,106.78,107.05,577801.0,-0.04751312394341134,14.54
2024-02-23,108.3199,108.4725,107.49,107.86,521812.0,0.007566557683325481,13.75
2024-02-26,107.66,107.7,106.67,106.81,387197.0,-0.009734841461153332,13.74
2024-02-27,106.75,106.82,106.24,106.6,358349.0,-0.0019661080423182264,13.43
2024-02-28,105.15,105.535,104.6,104.94,370634.0,-0.015572232645403306,13.84
2024-02-29,105.23,105.59,103.75,103.97,678601.0,-0.009243377167905464,13.4
2024-03-01,104.61,104.825,103.75,104.62,615508.0,0.006251803404828449,13.11
2024-03-04,103.6,104.14,103.3001,103.65,667230.0,-0.00927164978015671,13.49
2024-03-05,103.3,104.72,103.1,104.52,2993626.0,0.008393632416787256,14.46
2024-03-06,105.18,105.56,104.93,105.32,1698994.0,0.007654037504783773,14.5
2024-03-07,106.12,106.41,105.63,106.27,618110.0,0.009020129130269616,14.44
2024-03-08,107.4,107.4,106.9425,107.11,1649502.0,0.007904394466923925,14.74
2024-03-11,107.25,107.5,106.94,107.27,405120.0,0.0014937914293715604,15.22
2024-03-12,107.19,107.55,106.88,107.27,405177.0,0.0,13.84
2024-03-13,108.38,108.94,108.25,108.75,297733.0,0.013796960939684855,13.75
2024-03-14,108.33,108.38,107.38,107.57,685989.0,-0.010850574712643724,14.4
2024-03-15,108.0301,108.21,107.57,107.88,253676.0,0.0028818443804035088,14.41
2024-03-18,107.38,107.44,106.29,106.39,388462.0,-0.013811642565813798,14.33
2024-03-19,106.19,106.26,105.26,105.26,517085.0,-0.010621298994266337,13.82
2024-03-20,105.93,106.62,105.81,106.42,521229.0,0.01102033060991836,13.04
2024-03-21,106.08,106.41,105.38,105.66,324462.0,-0.007141514752866063,12.92
2024-03-22,105.92,105.98,104.78,104.82,549565.0,-0.007950028392958552,13.06
2024-03-25,105.33,105.71,105.04,105.04,479605.0,0.0020988360999809608,13.19
2024-03-26,105.77,105.82,105.295,105.32,538907.0,0.0026656511805025485,13.24
2024-03-27,105.78,106.13,105.615,106.02,369240.0,0.006646410938093483,12.78
2024-03-28,105.4899,106.43,105.44,106.2,1079990.0,0.0016977928692700761,13.01
2024-04-01,106.5,107.9,105.51,105.95,361486.0,-0.002354048964218425,13.65
2024-04-02,105.28,105.35,104.5,104.59,568780.0,-0.01283624351109014,14.61
2024-04-03,104.38,104.53,103.91,104.11,758261.0,-0.004589348886126832,14.33
2024-04-04,104.36,105.21,104.11,104.11,758420.0,0.0,16.35
2024-04-05,103.5,103.54,102.87,103.03,702836.0,-0.010373643261934462,16.03
2024-04-08,103.21,103.31,102.86,103.03,703091.0,0.0,15.19
2024-04-09,103.73,104.0,103.19,103.63,1136179.0,0.005823546539842628,14.98
2024-04-10,102.32,103.01,101.59,102.65,623737.0,-0.009456721026729564,15.8
2024-04-11,103.82,103.96,102.68,103.4,680150.0,0.007306380905991228,14.91
2024-04-12,102.37,102.64,101.6,101.693,351168.0,-0.01650870406189564,17.31
2024-04-15,101.85,102.0,100.92,100.95,710286.0,-0.007306304268730357,19.23
2024-04-16,101.18,101.29,100.64,100.83,696776.0,-0.0011887072808320909,18.4
2024-04-17,102.36,102.96,102.045,102.73,455163.0,0.018843598135475537,18.21
2024-04-18,102.06,102.45,101.58,101.95,1177562.0,-0.0075927187773775495,18.0
2024-04-19,103.25,104.3,102.21,104.14,1381738.0,0.021481118195193716,18.71
2024-04-22,102.56,103.08,102.24,102.9,807442.0,-0.011907048204340298,16.94
2024-04-23,103.32,103.92,102.78,103.01,606766.0,0.0010689990281826933,15.69
2024-04-24,103.67,103.7,102.31,103.03,603389.0,0.00019415590719340514,15.97
2024-04-25,99.08,101.65,99.04,101.43,2821046.0,-0.015529457439580674,15.37
2024-04-26,101.6401,101.89,101.09,101.34,723240.0,-0.0008873114463177068,15.03
2024-04-29,101.54,101.61,101.01,101.61,644793.0,0.002664298401420906,14.67
2024-04-30,101.09,101.42,100.15,100.6,499803.0,-0.00993996653872653,15.65
2024-05-01,100.29,100.6399,99.42,99.65,385001.0,-0.009443339960238495,15.39
2024-05-02,100.09,101.26,100.09,101.14,581140.0,0.014952333166081244,14.68
2024-05-03,102.12,102.17,101.12,101.2,594323.0,0.0005932370970931355,13.49
2024-05-06,101.9,101.93,100.47,100.6,568812.0,-0.005928853754940788,13.49
2024-05-07,101.13,101.55,100.97,101.2,490460.0,0.0059642147117298094,13.23
2024-05-08,102.81,103.75,102.7001,103.54,446048.0,0.023122529644268752,13.0
2024-05-09,101.28,104.465,101.28,104.44,360468.0,0.008692292833687443,12.69
2024-05-10,104.5,105.14,104.3225,105.05,279078.0,0.0058406740712371175,12.55
2024-05-13,104.86,105.02,104.3,104.39,439802.0,-0.006282722513088923,13.6
2024-05-14,104.69,104.78,103.96,104.28,510326.0,-0.0010537407797681642,13.42
2024-05-15,104.98,105.74,104.8201,105.49,401646.0,0.011603375527426074,12.45
2024-05-16,105.55,105.629,105.2,105.47,318562.0,-0.0001895914304672619,12.42
2024-05-17,105.52,106.39,105.311,105.8,552185.0,0.0031288518062007054,11.99
2024-05-20,105.93,106.31,105.86,105.87,384252.0,0.0006616257088847277,12.15
2024-05-21,105.25,105.32,104.57,104.67,814196.0,-0.01133465570983283,11.86
2024-05-22,103.51,104.07,103.37,103.94,702621.0,-0.006974300181522897,12.29
2024-05-23,102.61,102.64,101.39,101.49,1018978.0,-0.02357129112949785,12.77
2024-05-24,101.53,101.93,101.01,101.15,387296.0,-0.003350083752093669,11.93
2024-05-28,100.85,100.93,100.32,100.51,527429.0,-0.006327236777063816,12.92
2024-05-29,99.9,100.0,99.5,99.69,502298.0,-0.008158392199781206,14.28
2024-05-30,103.02,104.53,102.6,103.84,484116.0,0.041629050055171035,14.47
2024-05-31,105.41,106.37,105.38,106.3,1711957.0,0.023690292758089315,12.92
2024-06-03,106.89,107.72,106.68,107.5,442882.0,0.011288805268109048,13.11
2024-06-04,109.34,109.99,109.22,109.9,1105823.0,0.022325581395348904,13.16
2024-06-05,109.98,109.99,108.9,109.41,353881.0,-0.00445859872611476,12.63
2024-06-06,109.81,110.46,109.68,110.31,677813.0,0.008225939128050586,12.58
2024-06-07,109.48,109.68,108.94,109.01,360613.0,-0.01178496963103981,12.22
2024-06-10,107.21,107.21,105.88,106.8,291900.0,-0.020273369415650055,12.74
2024-06-11,105.47,105.58,105.09,105.22,367901.0,-0.01479400749063664,12.85
2024-06-12,106.92,106.96,105.62,105.83,399475.0,0.005797376924538966,12.04
2024-06-13,106.02,106.68,105.6,106.63,352649.0,0.0075592932060852824,11.94
2024-06-14,107.44,107.56,106.58,106.75,363141.0,0.0011253868517302479,12.66
2024-06-17,106.27,107.09,106.14,106.96,313093.0,0.0019672131147541183,12.75
2024-06-18,107.08,107.37,106.808,107.22,513514.0,0.002430815258040342,12.3
2024-06-20,105.26,106.54,105.18,106.2,445254.0,-0.009513150531617165,13.28
2024-06-21,105.11,105.58,104.52,104.92,544351.0,-0.012052730696798464,13.2
2024-06-24,106.17,106.38,105.45,105.88,340527.0,0.009149828440716767,13.33
2024-06-25,105.2,105.47,104.91,105.26,1641411.0,-0.005855685681903977,12.84
2024-06-26,103.59,103.82,103.47,103.56,786821.0,-0.01615048451453549,12.55
2024-06-27,102.95,103.2075,102.36,102.48,563447.0,-0.010428736964078755,12.24
2024-06-28,102.04,102.45,101.9,102.45,490909.0,-0.0002927400468384356,12.44
2024-07-01,102.04,102.72,101.4,101.46,649852.0,-0.009663250366032328,12.22
2024-07-02,101.79,102.61,101.71,102.39,367132.0,0.009166173861620441,12.03
2024-07-03,102.6,103.17,102.57,102.74,136942.0,0.0034183025686100876,12.09
2024-07-05,103.49,103.57,102.78,103.57,217983.0,0.008078645123613004,12.48
2024-07-08,104.16,104.28,103.12,103.19,329861.0,-0.0036690161243603248,12.37
2024-07-09,103.71,103.88,102.84,102.94,344960.0,-0.0024227153793972,12.51
2024-07-10,103.18,103.8,103.02,103.54,278769.0,0.005828638041577738,12.85
2024-07-11,104.53,104.92,104.17,104.17,283366.0,0.00608460498358121,12.92
2024-07-12,105.27,105.98,105.2201,105.61,268756.0,0.013823557646155393,12.46
2024-07-15,104.86,104.95,103.75,103.75,482177.0,-0.017611968563582936,13.12
2024-07-16,103.32,103.73,103.22,103.655,497337.0,-0.000915662650602389,13.19
2024-07-17,104.36,106.04,104.33,105.92,413644.0,0.021851333751386814,14.48
2024-07-18,106.5,106.9,105.73,105.83,393178.0,-0.0008496978851963988,15.93
2024-07-19,105.95,106.0,104.9,104.97,976699.0,-0.008126240196541623,16.52
2024-07-22,106.79,106.86,105.96,106.6,769597.0,0.015528246165571025,14.91
2024-07-23,105.65,105.84,105.1,105.1,514771.0,-0.01407129455909939,14.72
2024-07-24,106.04,106.51,104.64,104.76,490917.0,-0.0032350142721216946,18.04
2024-07-25,100.71,101.58,99.85,100.01,1292079.0,-0.04534173348606341,18.46
2024-07-26,99.28,99.74,99.02,99.635,1880437.0,-0.003749625037496207,16.39
2024-07-29,100.12,100.15,99.1,99.21,848827.0,-0.004265569328047447,16.6
2024-07-30,100.13,100.24,99.6201,100.13,653318.0,0.00927325874407825,17.69
2024-07-31,101.77,102.03,100.85,100.99,517001.0,0.008588834515130372,16.36
2024-08-01,100.8,102.9,100.61,100.88,1105219.0,-0.0010892167541340925,18.59
2024-08-02,104.32,105.1625,103.61,104.35,366376.0,0.034397303727200734,23.39
2024-08-05,103.78,104.01,101.45,102.255,393514.0,-0.020076665069477695,38.57
2024-08-06,102.59,103.22,102.29,102.65,561074.0,0.003862891790132661,27.71
2024-08-07,102.92,103.35,102.69,102.88,432834.0,0.002240623477837156,27.85
2024-08-08,102.6,103.102,102.51,102.89,448514.0,9.720062208407043e-05,23.79
2024-08-09,103.34,103.38,102.74,102.81,507169.0,-0.000777529400330379,20.37
2024-08-12,102.16,102.3337,101.71,102.01,521478.0,-0.0077813442272152145,20.71
2024-08-13,102.52,102.85,102.258,102.55,407337.0,0.005293598666797239,18.12
2024-08-14,102.45,103.47,102.38,103.2,329253.0,0.006338371526084963,16.19
2024-08-15,102.99,103.042,102.14,102.34,278396.0,-0.008333333333333304,15.23
2024-08-16,103.12,103.46,102.8,103.24,283235.0,0.008794215360562685,14.8
2024-08-19,103.76,104.6,103.73,103.97,890135.0,0.007070902750871744,14.65
2024-08-20,104.01,104.45,103.86,104.35,509289.0,0.003654900452053411,15.88
2024-08-21,104.81,105.105,104.45,104.79,372628.0,0.004216578821274686,16.27
2024-08-22,105.51,105.76,99.26,99.53,1734684.0,-0.05019562935394606,17.55
2024-08-23,103.51,105.89,103.37,105.17,4028441.0,0.05666633175926861,15.86
2024-08-26,105.69,105.895,105.36,105.52,1836963.0,0.003327945231529794,16.15
2024-08-27,106.59,106.77,106.1,106.6,1354353.0,0.010235026535253988,15.43
2024-08-28,107.0,107.43,106.48,106.7,1503254.0,0.0009380863039401,17.11
2024-08-29,107.47,107.69,107.09,107.44,1257494.0,0.006935332708528641,15.65
2024-08-30,107.24,107.705,106.73,106.92,543327.0,-0.004839910647803425,15.0
2024-09-03,107.28,107.93,107.09,107.25,1179108.0,0.0030864197530864335,20.72
2024-09-04,105.51,105.93,105.14,105.28,956243.0,-0.01836829836829834,21.32
2024-09-05,105.06,105.11,104.07,104.6,1865534.0,-0.006458966565349611,19.9
2024-09-06,104.66,105.03,103.32,104.02,1020804.0,-0.005544933078393877,22.38
2024-09-09,103.5,104.285,103.34,103.56,1176859.0,-0.004422226494904757,19.45
2024-09-10,104.21,104.64,103.62,104.62,638682.0,0.010235612205484745,19.08
2024-09-11,104.27,104.32,102.9,103.43,842453.0,-0.01137449818390368,17.69
2024-09-12,102.78,103.49,102.63,103.49,928841.0,0.0005801024847722491,17.07
2024-09-13,103.95,104.08,103.02,103.13,837915.0,-0.003478596965890368,16.56
2024-09-16,103.0975,103.23,102.54,102.79,1173699.0,-0.0032968098516434896,17.14
2024-09-17,102.68,102.68,101.51,101.86,646843.0,-0.00904757272108192,17.61
2024-09-18,101.63,102.15,101.0,101.22,722394.0,-0.006283133712939315,18.23
2024-09-19,100.94,100.96,100.42,100.79,638511.0,-0.004248172297964703,16.33
2024-09-20,98.23,98.23,96.3601,97.1,2168974.0,-0.03661077487846032,16.15
2024-09-23,97.41,98.01,97.3,97.77,866802.0,0.006900102986611811,15.89
2024-09-24,98.65,99.53,98.49,99.37,583875.0,0.016364938120077888,15.39
2024-09-25,99.54,99.54,98.87,98.9,652786.0,-0.004729797725671725,15.41
2024-09-26,99.41,100.7,99.38,100.64,768736.0,0.017593528816986836,15.37
2024-09-27,100.86,101.5799,100.63,100.935,413059.0,0.0029312400635930214,16.96
2024-09-30,101.2,101.235,100.19,100.67,394626.0,-0.0026254520235795553,16.73
2024-10-01,100.3,100.7699,100.0,100.47,907022.0,-0.0019866891824774635,19.26
2024-10-02,99.77,100.15,99.315,100.06,2695810.0,-0.004080820145316966,18.9
2024-10-03,98.86,98.916,97.88,98.75,1132470.0,-0.013092144713172105,20.49
2024-10-04,96.92,98.34,96.89,98.1,2064172.0,-0.006582278481012671,19.21
2024-10-07,98.23,98.34,97.44,97.48,838270.0,-0.006320081549439305,22.64
2024-10-08,97.71,97.71,96.81,97.0,936912.0,-0.004924086992203591,21.42
2024-10-09,96.89,97.87,96.85,97.47,1523520.0,0.004845360824742295,20.86
2024-10-10,97.59,97.86,97.35,97.59,817018.0,0.001231148045552466,20.93
2024-10-11,97.97,98.23,97.76,98.01,619884.0,0.004303719643406145,20.46
2024-10-14,97.68,98.01,97.43,97.67,734845.0,-0.0034690337720640896,19.7
2024-10-15,97.1999,97.7,97.11,97.32,847530.0,-0.0035834954438416222,20.64
2024-10-16,97.41,97.9,96.7,96.76,1260076.0,-0.005754212905877409,19.58
2024-10-17,100.08,100.23,98.58,98.82,1107717.0,0.021289789169077977,19.11
2024-10-18,99.0299,99.66,98.71,99.18,523645.0,0.0036429872495447047,18.03
2024-10-21,99.39,99.94,99.36,99.65,1861266.0,0.004738858640854993,18.37
2024-10-22,99.27,99.36,98.06,98.47,542207.0,-0.011841445057702016,18.2
2024-10-23,98.3599,98.67,98.1001,98.34,530318.0,-0.0013201990453944878,19.24
2024-10-24,98.11,98.25,97.47,97.73,1005872.0,-0.006202969290217575,19.08
2024-10-25,97.4,97.7099,97.2,97.36,381222.0,-0.0037859408574645315,20.33
2024-10-28,97.48,97.8399,97.425,97.55,401160.0,0.0019515201314708186,19.8
2024-10-29,96.26,96.6825,95.51,95.61,479455.0,-0.019887237314197836,19.34
2024-10-30,94.9,95.3299,94.79,94.94,1843288.0,-0.007007635184604122,20.35
2024-10-31,94.16,94.57,93.7,94.52,800366.0,-0.004423846639983187,23.16
2024-11-01,95.14,95.23,94.8,94.86,515889.0,0.003597122302158251,21.88
2024-11-04,95.3,95.5455,94.47,94.57,1223768.0,-0.003057136833227947,21.98
2024-11-05,94.26,94.3,93.39,93.45,2195048.0,-0.011843079200592022,20.49
2024-11-06,91.4,93.0,90.2,90.98,1992267.0,-0.026431246655965746,16.27
2024-11-07,91.45,91.7,90.62,90.87,1705774.0,-0.001209056935590258,15.2
2024-11-08,90.62,90.8455,90.0,90.46,762005.0,-0.004511940134257819,14.94
2024-11-11,90.16,90.26,89.54,89.54,1006188.0,-0.010170240990492907,14.97
2024-11-12,88.58,88.638,87.89,88.5,2273297.0,-0.011614920705829812,14.71
2024-11-13,87.94,88.02,87.22,87.65,888634.0,-0.009604519774011222,14.02
2024-11-14,89.18,89.475,87.87,87.91,1124716.0,0.0029663434112947584,14.31
2024-11-15,87.5499,87.61,87.07,87.16,875184.0,-0.008531452621999724,16.14
2024-11-18,88.22,88.65,88.15,88.59,1243583.0,0.016406608536025713,15.58
2024-11-19,86.78,87.33,86.647,87.12,2298026.0,-0.016593294954283744,16.35
2024-11-20,86.21,86.91,86.05,86.87,1568955.0,-0.0028696051423323654,17.16
2024-11-21,85.85,86.1,85.56,85.68,1488146.0,-0.013698630136986245,16.87
2024-11-22,85.14,85.44,85.01,85.08,1504718.0,-0.007002801120448265,15.24
2024-11-25,85.66,85.83,85.26,85.34,1413450.0,0.003055947343676646,14.6
2024-11-26,86.01,86.09,85.17,85.31,1022562.0,-0.00035153503632534555,14.1
2024-11-27,85.98,86.76,85.7,86.36,764718.0,0.01230805298323756,14.1
2024-11-29,86.1,86.87,85.96,86.78,439587.0,0.004863362667901772,13.51
2024-12-02,86.6,86.97,85.94,86.62,2201391.0,-0.0018437427978796883,13.34
2024-12-03,86.48,86.515,85.99,86.03,941414.0,-0.00681135996305704,13.3
2024-12-04,86.35,86.44,85.83,86.16,849341.0,0.0015111007787980135,13.45
2024-12-05,86.14,86.34,85.86,86.07,879906.0,-0.0010445682451253324,13.54
2024-12-06,86.72,86.7699,85.5,85.8,956610.0,-0.0031369815266643064,12.77
2024-12-09,85.83,86.3675,85.65,85.65,1227926.0,-0.0017482517482516613,14.19
2024-12-10,85.21,85.24,84.0,84.04,972027.0,-0.0187974314068885,14.18
2024-12-11,84.75,84.82,84.2,84.28,955692.0,0.0028557829604949347,13.58
2024-12-12,84.1,84.5,83.66,83.68,982531.0,-0.00711912672045556,13.92
2024-12-13,84.1299,84.22,83.75,83.81,981083.0,0.0015535372848947127,13.81
2024-12-16,82.84,83.57,82.67,82.75,2651219.0,-0.012647655411048842,14.69
2024-12-17,83.33,84.07,83.32,83.75,2116363.0,0.012084592145015005,15.87
2024-12-18,82.43,83.87,81.33,81.48,2562598.0,-0.027104477611940236,27.62
2024-12-19,82.49,82.76,82.03,82.08,1993896.0,0.007363770250368162,24.09
2024-12-20,81.72,82.984,81.7,82.34,1361689.0,0.0031676413255361524,18.36
2024-12-23,82.32,82.62,82.01,82.3,1393752.0,-0.0004857906242410337,16.78
2024-12-24,81.75,83.0,81.18,82.35,683076.0,0.0006075334143378353,14.27
2024-12-26,82.35,82.75,82.32,82.48,887378.0,0.0015786278081362237,14.73
2024-12-27,82.39,82.88,82.17,82.48,1825217.0,0.0,15.95
2024-12-30,82.58,82.77,82.08,82.275,1411476.0,-0.002485451018428675,17.4
2024-12-31,82.04,82.78,81.67,81.7,633111.0,-0.006988757216651487,17.35
2025-01-02,81.8,82.12,81.56,81.89,800132.0,0.0023255813953488857,17.93
2025-01-03,81.92,82.26,81.65,82.02,775544.0,0.001587495420686258,16.13
2025-01-06,81.0,82.21,80.84,81.86,1570981.0,-0.0019507437210436462,16.04
2025-01-07,82.4199,82.9,82.27,82.51,1135535.0,0.007940386024920754,17.82
2025-01-08,82.04,82.73,81.67,82.65,840463.0,0.0016967640286025265,17.7
2025-01-10,81.37,81.44,80.5345,80.65,1133733.0,-0.024198427102238407,19.54
2025-01-13,80.36,81.31,80.296,81.22,1344648.0,0.007067575945443272,19.19
2025-01-14,81.26,81.54,80.74,81.42,1175293.0,0.0024624476729870892,18.71
2025-01-15,81.03,81.136,80.4,80.4,1113582.0,-0.012527634487840777,16.12
2025-01-16,80.51,81.62,80.11,81.4,1477485.0,0.01243781094527363,16.6
2025-01-17,81.26,81.47,80.94,81.19,834525.0,-0.002579852579852715,15.97
2025-01-21,81.68,82.82,81.61,82.73,1469714.0,0.018967853183889716,15.06
2025-01-22,81.845,81.99,81.59,81.86,946613.0,-0.010516136830654,15.1
2025-01-23,81.84,82.61,81.5,82.56,924512.0,0.00855118494991447,15.02
2025-01-24,82.66,82.72,82.23,82.45,1812945.0,-0.0013323643410853014,14.85
2025-01-27,85.12,86.63,85.09,86.47,2987363.0,0.04875682231655554,17.9
2025-01-28,86.19,86.695,85.95,86.31,1131338.0,-0.0018503527234878803,16.41
2025-01-29,86.1,86.41,85.73,85.83,822525.0,-0.005561348627042051,16.56
2025-01-30,86.28,86.95,86.04,86.57,629537.0,0.008621694046370587,15.84
2025-01-31,85.83,85.87,84.8,84.98,505950.0,-0.018366639713526478,16.43
2025-02-03,84.47,85.665,84.329,85.1,697729.0,0.0014120969639914716,18.62
2025-02-04,85.11,85.82,84.82,85.62,729634.0,0.006110458284371401,17.21
2025-02-05,85.42,86.0,85.06,85.66,1004514.0,0.00046718056528849417,15.77
2025-02-06,86.0,86.115,85.15,85.31,561912.0,-0.004085921083352706,15.5
2025-02-07,85.72,85.81,84.97,85.0,589100.0,-0.0036338061188606607,16.54
2025-02-10,85.06,85.27,84.72,85.07,490941.0,0.0008235294117646674,15.81
2025-02-11,85.64,85.8899,85.39,85.69,783789.0,0.007288115669448647,16.02
2025-02-12,85.79,86.86,85.5,86.56,429037.0,0.010152876648383824,15.89
2025-02-13,91.84,92.58,91.74,92.3,886880.0,0.06631238447319765,15.1
2025-02-14,92.72,92.93,91.64,91.82,468541.0,-0.005200433369447532,14.77
2025-02-18,91.05,91.69,90.61,91.33,659954.0,-0.005336527989544759,15.35
2025-02-19,90.78,91.73,90.74,91.15,687778.0,-0.001970874849447024,15.27
2025-02-20,90.6,91.9,90.56,91.845,842135.0,0.007624794295117754,15.66
2025-02-21,93.88,95.12,93.73,95.08,586443.0,0.03522238554085688,18.21
2025-02-24,96.85,98.0,96.74,97.78,1573903.0,0.028397139251157055,18.98
2025-02-25,99.33,100.11,99.03,99.3,599344.0,0.015545101247698812,19.43
2025-02-26,98.8001,98.82,97.47,97.63,469784.0,-0.016817724068479367,19.1
2025-02-27,96.7499,97.14,96.51,96.56,355230.0,-0.010959745979719271,21.13
2025-02-28,96.73,97.04,96.155,96.5,450128.0,-0.0006213753106877329,19.63
2025-03-03,98.32,98.83,98.24,98.8,629641.0,0.023834196891191706,22.78
2025-03-04,100.6501,101.21,100.35,100.35,598164.0,0.01568825910931171,23.51
2025-03-05,99.64,100.0,98.39,98.5,553150.0,-0.01843547583457894,21.93
2025-03-06,98.91,99.65,98.6,99.44,540448.0,0.009543147208121772,24.87
2025-03-07,101.3199,102.22,101.04,101.92,414604.0,0.02493966210780374,23.37
2025-03-10,102.8,103.64,101.85,102.44,596416.0,0.005102040816326481,27.86
2025-03-11,101.85,101.8999,100.2101,100.94,634807.0,-0.014642717688402973,26.92
2025-03-12,101.04,101.2,100.65,100.86,355397.0,-0.0007925500297205623,24.23
2025-03-13,100.18,101.15,100.02,101.15,538132.0,0.0028752726551657393,24.66
2025-03-14,99.23,101.13,99.05,101.07,758540.0,-0.0007909045971330464,21.77
2025-03-17,101.61,102.72,101.61,102.7,1735252.0,0.016127436430197095,20.51
2025-03-18,102.94,103.55,102.68,103.46,2221938.0,0.007400194741966848,21.7
2025-03-19,101.8301,102.6,101.5225,102.42,1180865.0,-0.010052194084670285,19.9
2025-03-20,102.725,103.59,102.2026,103.51,2308085.0,0.010642452645967637,19.8
2025-03-21,103.07,103.8725,103.04,103.55,3217523.0,0.0003864360931309374,19.28
2025-03-24,102.54,102.67,101.18,101.47,354195.0,-0.020086914534041544,17.48
2025-03-25,101.47,101.7,100.35,100.7,322361.0,-0.007588449788114682,17.15
2025-03-26,100.24,100.97,99.93,100.37,451049.0,-0.003277060575968216,18.33
2025-03-27,101.04,101.86,101.04,101.81,614354.0,0.014346916409285537,18.69
2025-03-28,102.66,103.11,101.93,102.34,404523.0,0.005205775464099727,21.65
2025-03-31,102.2,102.25,100.7,101.17,302993.0,-0.011432479968731646,22.28
2025-04-01,102.46,102.51,101.62,101.9,456338.0,0.007215577740437018,21.77
2025-04-02,102.08,102.17,101.18,101.73,373348.0,-0.0016683022571147843,21.51
2025-04-03,105.29,106.08,105.02,105.08,675536.0,0.03293030571119626,30.02
2025-04-04,104.67,104.87,100.61,100.61,660479.0,-0.04253901789113057,45.31
2025-04-07,97.9,99.39,96.04,97.38,805921.0,-0.03210416459596466,46.98
2025-04-08,99.84,100.11,97.28,97.93,511645.0,0.005647976997330106,52.33
2025-04-09,98.03,102.79,97.67,100.71,579533.0,0.028387623812927476,33.62
2025-04-10,100.31,102.88,100.02,102.8,623203.0,0.02075265614139621,40.72
2025-04-11,103.82,105.71,103.54,105.7,547051.0,0.02821011673151763,37.56
2025-04-14,103.45,105.75,103.44,104.8,830492.0,-0.008514664143803308,30.89
2025-04-15,104.61,105.425,104.28,104.31,865189.0,-0.004675572519083904,30.12
2025-04-16,105.66,106.38,103.81,104.41,1188994.0,0.000958680855143168,32.64
2025-04-17,106.6999,107.99,106.31,107.74,855608.0,0.031893496791495,29.65
2025-04-21,109.0,109.0,106.89,107.95,401705.0,0.001949136810841079,33.82
2025-04-22,108.6,109.31,107.69,108.84,382639.0,0.00824455766558585,30.57
2025-04-23,105.06,105.96,103.74,105.75,746857.0,-0.028390297684674826,28.45
2025-04-24,106.01,106.06,105.24,105.43,517280.0,-0.0030260047281323033,26.47
2025-04-25,104.49,104.675,103.17,103.42,289679.0,-0.019064782320022844,24.84
2025-04-28,103.52,105.44,103.43,105.2,371191.0,0.017211371108103002,25.15
2025-04-29,105.17,105.69,104.99,105.0,619637.0,-0.0019011406844107182,24.17
2025-04-30,105.89,106.82,105.17,106.59,287827.0,0.015142857142857125,24.7
2025-05-01,108.08,108.1,105.4,105.51,287309.0,-0.010132282578102947,24.6
2025-05-02,106.28,106.49,105.68,105.81,240564.0,0.0028433323855558967,22.68
2025-05-05,106.1401,106.7775,106.0,106.16,289204.0,0.0033078158964181537,23.64
2025-05-06,106.3,107.2,106.3,106.89,332101.0,0.006876412961567491,24.76
2025-05-07,107.44,107.83,106.91,106.91,285169.0,0.00018710824211809474,23.55
2025-05-08,105.65,106.72,104.89,104.92,218787.0,-0.018613787297727002,22.48
2025-05-09,104.83,105.8,104.83,105.59,462081.0,0.006385817765916846,21.9
2025-05-12,102.59,102.59,101.41,102.19,361886.0,-0.032200018941187625,18.39
2025-05-13,101.9799,101.98,100.83,101.11,325523.0,-0.01056854878168112,18.22
2025-05-14,101.51,101.752,101.03,101.171,234006.0,0.0006033033330037352,18.62
2025-05-15,102.31,103.83,102.31,103.81,324186.0,0.026084549920431632,17.83
2025-05-16,102.86,103.27,102.565,103.27,311950.0,-0.005201811000867029,17.24
2025-05-19,104.07,105.0,103.93,104.849,459772.0,0.015290016461702471,18.14
2025-05-20,105.84,106.16,105.58,106.12,333183.0,0.012122194775343598,18.09
2025-05-21,106.83,107.49,106.7001,106.82,357840.0,0.0065963060686013986,20.87
2025-05-22,106.13,106.81,105.73,106.5,342822.0,-0.002995693690320156,20.28
2025-05-23,107.08,108.23,106.76,108.23,453038.0,0.016244131455399158,22.29
2025-05-27,108.3,108.38,107.01,107.31,320765.0,-0.00850041578120675,18.96
2025-05-28,105.78,106.36,105.5,105.71,551832.0,-0.014910073618488617,19.31
2025-05-29,106.05,106.79,105.03,106.43,253565.0,0.006811086935957,19.18
2025-05-30,106.72,107.16,106.08,106.51,246125.0,0.00075166776284874,18.57
2025-06-02,106.09,106.64,105.88,106.63,313275.0,0.001126654774199487,18.36
2025-06-03,106.05,106.05,105.23,105.43,265748.0,-0.011253868517302701,17.69
2025-06-04,106.04,106.59,105.52,106.21,744681.0,0.007398273736128003,17.61
2025-06-05,106.46,106.72,105.74,105.997,929508.0,-0.0020054608793897977,18.48
2025-06-06,105.22,105.615,105.01,105.48,368500.0,-0.004877496532920689,16.77
2025-06-09,104.65,106.29,104.31,105.42,309037.0,-0.0005688282138793799,17.16
2025-06-10,104.92,105.01,104.28,104.375,176535.0,-0.009912730032252015,16.95
2025-06-11,104.43,104.62,103.41,103.67,537006.0,-0.006754491017964104,17.26
2025-06-12,104.52,105.38,104.52,105.24,174728.0,0.015144207581749614,18.02
2025-06-13,104.07,104.3,103.05,103.19,311108.0,-0.019479285442797423,20.82
2025-06-16,102.8,103.3,101.45,101.5,264207.0,-0.016377555964725232,19.11
2025-06-17,101.1599,101.93,100.82,101.25,3916638.0,-0.0024630541871921707,21.6
2025-06-18,101.79,102.28,101.51,101.58,2140503.0,0.003259259259259295,20.14
2025-06-20,100.84,101.01,99.43,99.43,386887.0,-0.02116558377633382,20.62
2025-06-23,99.33,100.8,99.3,100.57,272954.0,0.011465352509302917,19.83
2025-06-24,101.63,102.68,101.24,101.825,252553.0,0.0124788704385006,17.48
2025-06-25,99.05,100.6,98.71,98.92,246986.0,-0.028529339553154953,16.76
2025-06-26,98.76,100.2799,98.45,99.08,355137.0,0.0016174686615446632,16.59
2025-06-27,98.48,99.94,98.48,99.28,253464.0,0.002018570851836987,16.32
2025-06-30,98.9,99.57,98.685,99.32,225761.0,0.00040290088638195165,16.73
2025-07-01,99.18,99.98,98.69,99.84,812845.0,0.00523560209424101,16.83
2025-07-02,99.81,100.2,99.38,99.99,284344.0,0.0015024038461537437,16.64
2025-07-03,100.0,100.28,99.47,100.09,134095.0,0.0010001000100010593,16.38
2025-07-07,98.63,98.71,97.97,98.19,302189.0,-0.01898291537616148,17.79
2025-07-08,97.4,98.5,97.36,98.13,531005.0,-0.0006110601894286916,16.81
2025-07-09,98.45,98.58,97.85,98.21,317338.0,0.0008152450830529734,15.94
2025-07-10,97.29,97.73,97.24,97.57,279550.0,-0.006516647999185388,15.78
2025-07-11,96.9,96.92,96.325,96.52,278954.0,-0.010761504560828139,16.4
2025-07-14,96.72,97.18,96.6,96.78,340453.0,0.002693742229589846,17.2
2025-07-15,96.54,96.55,95.42,95.6,363006.0,-0.012192601777226808,17.38
2025-07-16,95.66,96.64,95.57,96.36,251114.0,0.00794979079497904,17.16
2025-07-17,95.46,95.72,95.02,95.65,281426.0,-0.007368202573681981,16.52
2025-07-18,97.14,97.54,96.36,96.48,307356.0,0.008677469942498739,16.41
2025-07-21,96.16,96.78,96.01,96.23,404428.0,-0.0025912106135986823,16.65
2025-07-22,96.85,98.19,96.85,98.1,751528.0,0.019432609373376097,16.5
2025-07-23,97.61,99.97,97.51,99.8425,480981.0,0.017762487257900084,15.37
2025-07-24,92.59,94.1099,92.46,93.35,1563617.0,-0.06502741818363933,15.39
2025-07-25,91.24,92.55,90.8695,92.33,913279.0,-0.010926620246384577,14.93
2025-07-28,90.54,90.69,89.815,89.87,1084306.0,-0.02664356113939126,15.03
2025-07-29,89.51,90.24,89.5,89.775,368206.0,-0.0010570824524313016,15.98
2025-07-30,88.78,88.915,87.63,87.7,954072.0,-0.02311333890281264,15.48
2025-07-31,87.2,87.7625,86.98,86.98,1355983.0,-0.00820980615735456,16.72
2025-08-01,87.5001,88.98,87.0,87.32,670152.0,0.0039089445849618265,20.38
2025-08-04,88.33,88.49,87.94,88.1,593762.0,0.008932661475034465,17.52
2025-08-05,88.99,89.43,88.65,89.21,483249.0,0.012599318955732075,17.85
2025-08-06,88.47,88.605,87.36,87.9275,1174502.0,-0.014376191009976447,16.77
2025-08-07,89.34,89.65,88.92,89.39,1258958.0,0.016633021523414282,16.57
2025-08-08,89.25,89.58,89.09,89.09,351672.0,-0.0033560800984450134,15.15
2025-08-11,88.82,88.995,88.47,88.73,289552.0,-0.004040857559771016,16.25
2025-08-12,88.27,89.13,88.08,89.11,381086.0,0.004282655246252709,14.73
2025-08-13,89.2001,90.04,89.1,89.58,262374.0,0.005274379979800292,14.49
2025-08-14,88.99,89.4,88.84,89.24,339764.0,-0.003795490064746665,14.83
2025-08-15,89.6801,89.99,89.6,89.84,429827.0,0.006723442402510216,15.09
2025-08-18,89.23,89.6,89.1,89.383,360778.0,-0.005086821015138132,14.99
2025-08-19,90.56,91.19,90.56,90.91,317744.0,0.017083785507311156,15.57
2025-08-20,93.5,94.9,93.5,94.58,1278427.0,0.040369596304036914,15.69
2025-08-21,94.04,94.16,93.61,93.61,229144.0,-0.010255868048213101,16.6
2025-08-22,93.86,94.59,93.79,94.24,1702425.0,0.006730050208310967,14.22
2025-08-25,94.09,94.09,92.56,92.65,721834.0,-0.016871816638370007,14.79
2025-08-26,93.3,93.35,92.36,92.9,231058.0,0.002698327037236936,14.62
2025-08-27,92.44,92.78,92.12,92.25,270860.0,-0.006996770721205636,14.85
2025-08-28,93.37,93.5,92.97,93.28,268031.0,0.011165311653116516,14.43
2025-08-29,93.94,94.53,93.94,94.12,459323.0,0.00900514579759859,15.36
2025-09-02,92.99,93.925,92.96,93.34,351063.0,-0.008287292817679592,17.17
2025-09-03,93.06,93.31,92.86,92.98,345913.0,-0.003856867366616612,16.35
2025-09-04,94.48,94.57,93.72,94.31,300388.0,0.01430415143041519,15.3
2025-09-05,94.08,94.86,94.08,94.38,288890.0,0.0007422330611810413,15.18
2025-09-08,94.18,94.35,93.83,94.0,399526.0,-0.004026276753549385,15.11
2025-09-09,92.9399,93.05,92.19,92.285,443334.0,-0.0182446808510639,15.04
2025-09-10,92.33,92.44,91.8415,92.3,295460.0,0.00016253995773962693,15.35
2025-09-11,92.01,92.62,92.01,92.43,350557.0,0.0014084507042253502,14.71
2025-09-12,92.065,92.12,91.38,91.56,329393.0,-0.009412528399870168,14.76
2025-09-15,91.07,91.245,90.51,90.64,606136.0,-0.01004805591961555,15.69
2025-09-16,91.13,91.3,90.85,91.02,490038.0,0.004192409532215224,16.36
2025-09-17,90.84,91.38,90.4,90.43,458803.0,-0.006482091847945348,15.72
2025-09-18,90.6799,90.83,90.27,90.58,682021.0,0.0016587415680635598,15.7
2025-09-19,91.44,91.52,90.91,91.23,646632.0,0.00717597703687356,15.45
2025-09-22,90.7,90.72,90.25,90.68,1630502.0,-0.006028718623259821,16.1
2025-09-23,90.75,90.8199,90.23,90.32,1396514.0,-0.003970004411116168,16.64
2025-09-24,89.55,89.9,89.26,89.26,1945321.0,-0.011736049601417053,16.18
2025-09-25,89.88,90.014,88.47,88.65,2163457.0,-0.006833968182836658,16.74
2025-09-26,88.888,89.23,88.8025,89.13,1032358.0,0.005414551607444862,15.29
2025-09-29,89.57,90.82,89.37,90.28,473649.0,0.012902501963424351,16.12
2025-09-30,91.36,92.035,91.32,91.77,443484.0,0.016504209127159886,16.28
2025-10-01,92.82,93.08,92.23,92.57,429532.0,0.00871744578838407,16.29
2025-10-02,93.495,93.632,92.87,93.35,541238.0,0.008426055957653666,16.63
2025-10-03,93.01,93.485,92.91,93.01,479803.0,-0.003642206748794785,16.65
2025-10-06,92.88,93.81,92.77,93.225,451412.0,0.002311579400064323,16.37
2025-10-07,93.27,93.4369,92.84,93.06,247210.0,-0.001769911504424737,17.24
2025-10-08,94.05,94.0999,93.1,93.41,392451.0,0.0037610143993123124,16.3
2025-10-09,93.4,93.42,92.58,92.58,616270.0,-0.008885558291403473,16.43
2025-10-10,94.04,94.77,94.02,94.31,386146.0,0.01868654136962622,21.66
2025-10-13,93.5,93.8,93.28,93.54,285387.0,-0.00816456367299323,19.03
2025-10-14,93.57,93.8,93.11,93.6,467548.0,0.0006414368184732844,20.81
2025-10-15,93.9,95.4,93.8925,95.35,448425.0,0.01869658119658113,20.64
2025-10-16,103.37,104.67,102.93,103.94,1177582.0,0.09008914525432621,25.31
2025-10-17,105.93,107.9,105.85,107.4,893884.0,0.03328843563594397,20.78
2025-10-20,106.06,106.21,105.6401,106.04,1115790.0,-0.012662942271880806,18.23
2025-10-21,104.72,104.72,103.03,103.26,793791.0,-0.026216522067144532,17.87
2025-10-22,101.88,102.93,101.66,102.43,384600.0,-0.008037962424946699,18.6
2025-10-23,101.5901,101.74,100.96,101.335,309177.0,-0.010690227472420322,17.3
2025-10-24,100.82,100.87,100.32,100.41,357962.0,-0.00912813933981349,16.37
2025-10-27,99.99,100.4,99.82,100.259,335136.0,-0.0015038342794542192,15.79
2025-10-28,99.55,100.18,99.2325,99.63,237350.0,-0.006273750984948978,16.42
2025-10-29,99.15,99.21,97.5688,97.8,469241.0,-0.01836796145739239,16.92
2025-10-30,97.05,97.29,96.12,96.28,689513.0,-0.015541922290388532,16.91
2025-10-31,95.19,95.68,94.875,95.52,296634.0,-0.007893643539676032,17.44
2025-11-03,95.93,96.33,95.7801,96.07,274859.0,0.0057579564489111945,17.17
2025-11-04,97.1199,97.61,96.84,97.53,362155.0,0.01519725200374733,19.0
2025-11-05,97.24,97.7,97.02,97.54,395895.0,0.00010253255408598783,18.01
2025-11-06,97.56,98.03,97.35,97.43,504609.0,-0.0011277424646298773,19.5
2025-11-07,97.59,98.55,97.59,98.55,286059.0,0.011495432618289891,19.08
2025-11-10,98.5599,98.912,97.84,98.66,248384.0,0.00111618467782848,17.6
2025-11-11,101.5,101.935,101.43,101.78,218011.0,0.03162375836205156,17.28
2025-11-12,102.04,102.53,101.87,101.9,363684.0,0.0011790135586560169,17.51
2025-11-13,101.78,102.56,101.63,101.665,690314.0,-0.0023061825318939633,20.0
2025-11-14,101.66,101.81,100.67,101.18,292605.0,-0.004770570009344444,19.83
2025-11-17,100.39,100.77,99.69,99.69,291503.0,-0.01472623048033217,22.38
2025-11-18,99.19,99.49,98.61,98.99,282951.0,-0.007021767479185481,24.69
2025-11-19,98.96,99.235,98.23,98.39,386277.0,-0.006061218304879268,23.66
2025-11-20,98.03,98.56,97.75,98.09,420215.0,-0.003049090354710793,26.42
2025-11-21,99.2701,100.58,99.16,100.07,368816.0,0.020185543888265878,23.43
2025-11-24,100.3,100.49,99.28,99.51,268502.0,-0.005596082742080455,20.52
2025-11-25,98.46,99.24,98.32,98.91,363738.0,-0.00602954476937001,18.56
2025-11-26,98.08,98.9,98.08,98.64,252869.0,-0.0027297543221109777,17.19
2025-11-28,98.67,99.58,98.64,99.58,142585.0,0.009529602595296005,16.35
2025-12-01,99.34,99.75,98.98,99.41,313224.0,-0.0017071701144808493,17.24
2025-12-02,98.59,98.91,97.38,98.18,322618.0,-0.012373000704154369,16.59
2025-12-03,98.3,98.67,97.9,98.01,253868.0,-0.0017315135465472142,16.08
2025-12-04,98.8,99.24,98.21,98.65,205598.0,0.0065299459238852275,15.78
2025-12-05,98.13,98.465,97.58,97.68,322710.0,-0.00983274201723261,15.41
2025-12-08,97.01,97.05,96.5,96.6,243339.0,-0.011056511056511176,16.66
2025-12-09,96.49,96.955,96.24,96.64,387723.0,0.00041407867494824835,16.93
2025-12-10,96.5599,97.3425,96.5,97.22,259165.0,0.006001655629139124,15.77
2025-12-11,97.78,98.48,97.61,97.61,458509.0,0.004011520263320412,
