timestamp,Open,High,Low,Close,Volume,Return,VIX
2014-11-21,17.47,17.47,17.39,17.39,7000.0,,12.899999618530273
2014-11-24,17.55,17.99,17.38,17.58,6832.0,0.010925819436457651,12.619999885559082
2014-11-25,17.56,17.56,17.4835,17.4835,4426.0,-0.005489192263936182,12.25
2014-11-26,17.55,23.2,17.52,23.2,2817.0,0.3269654245431406,12.069999694824219
2014-11-28,18.09,18.13,17.96,17.99,111605.0,-0.22456896551724137,13.329999923706055
2014-12-01,18.1,18.13,17.82,17.9,450011.0,-0.005002779321845452,14.15999984741211
2014-12-02,17.96,18.02,17.88,18.0,567380.0,0.005586592178770999,12.850000381469727
2014-12-03,18.17,18.19,18.02,18.11,798088.0,0.006111111111111178,12.5
2014-12-04,18.14,18.22,18.09,18.16,804024.0,0.002760905577029238,12.380000114440918
2014-12-05,18.1,18.22,18.06,18.19,837178.0,0.0016519823788547772,11.890000343322754
2014-12-08,18.06,18.12,17.98,18.03,828344.0,-0.008796041781198416,14.210000038146973
2014-12-09,17.93,18.04,17.88,17.96,732309.0,-0.0038824181919023815,15.350000381469727
2014-12-10,17.94,17.9699,17.7,17.71,890986.0,-0.013919821826280598,18.530000686645508
2014-12-11,17.78,17.8456,17.7,17.75,813202.0,0.0022586109542630517,20.079999923706055
2014-12-12,17.73,17.81,17.33,17.4,1257783.0,-0.019718309859155014,21.079999923706055
2014-12-15,17.51,17.55,17.16,17.18,993134.0,-0.012643678160919491,20.420000076293945
2014-12-16,17.17,17.52,17.14,17.22,1063121.0,0.002328288707799775,23.56999969482422
2014-12-17,17.29,17.46,17.18,17.37,688919.0,0.008710801393728262,19.440000534057617
2014-12-18,17.46,17.61,17.4,17.6,759915.0,0.013241220495106454,16.809999465942383
2014-12-19,17.33,17.4466,17.27,17.38,1021196.0,-0.012500000000000178,16.489999771118164
2014-12-22,17.45,17.54,17.445,17.53,701889.0,0.008630609896432828,15.25
2014-12-23,17.5,17.61,17.47,17.5,1097125.0,-0.0017113519680548306,14.800000190734863
2014-12-24,17.47,17.63,17.46,17.61,450226.0,0.006285714285714228,14.369999885559082
2014-12-26,17.52,17.72,17.51,17.67,531820.0,0.0034071550255538874,14.5
2014-12-29,17.36,17.395,17.27,17.31,813893.0,-0.02037351443123958,15.0600004196167
2014-12-30,17.26,17.35,17.23,17.27,601205.0,-0.0023108030040438488,15.920000076293945
2014-12-31,17.23,17.251,17.03,17.05,561290.0,-0.0127388535031846,19.200000762939453
2015-01-02,17.05,17.3,17.0,17.09,1438216.0,0.0023460410557183398,17.790000915527344
2015-01-05,16.81,16.82,16.5,16.6,1406023.0,-0.028671737858396606,19.920000076293945
2015-01-06,16.62,16.66,16.35,16.41,744680.0,-0.011445783132530196,21.1200008392334
2015-01-07,16.61,16.75,16.49,16.69,809760.0,0.017062766605728363,19.309999465942383
2015-01-08,16.6,16.74,16.59,16.65,1103924.0,-0.002396644697423733,17.010000228881836
2015-01-09,16.59,16.61,16.43,16.54,758989.0,-0.006606606606606613,17.549999237060547
2015-01-12,16.42,16.49,16.31,16.38,1159481.0,-0.0096735187424426,19.600000381469727
2015-01-13,16.65,16.825,16.46,16.59,1722594.0,0.012820512820512775,20.559999465942383
2015-01-14,16.54,16.58,16.26,16.48,2195439.0,-0.006630500301386344,21.479999542236328
2015-01-15,16.9,16.98,16.17,16.53,9113910.0,0.0030339805825243538,22.389999389648438
2015-01-16,16.02,16.38,16.01,16.23,2733547.0,-0.01814882032667886,20.950000762939453
2015-01-20,16.79,16.79,16.4,16.56,1583356.0,0.020332717190387983,19.889999389648438
2015-01-21,16.58,16.87,16.54,16.79,2005939.0,0.01388888888888884,18.850000381469727
2015-01-22,17.03,17.26,16.99,17.24,1395508.0,0.026801667659321016,16.399999618530273
2015-01-23,17.32,17.47,17.19,17.34,1653786.0,0.0058004640371229765,16.65999984741211
2015-01-26,17.34,17.4,17.215,17.25,776580.0,-0.00519031141868509,15.520000457763672
2015-01-27,17.07,17.23,17.0,17.16,852584.0,-0.00521739130434784,17.219999313354492
2015-01-28,16.93,16.93,16.545,16.6,1328402.0,-0.03263403263403253,20.440000534057617
2015-01-29,16.73,16.86,16.66,16.85,1393144.0,0.015060240963855387,18.760000228881836
2015-01-30,16.68,16.84,16.64,16.68,1389421.0,-0.010089020771513413,20.969999313354492
2015-02-02,16.58,16.895,16.57,16.88,1420520.0,0.011990407673860837,19.43000030517578
2015-02-03,16.98,17.28,16.98,17.18,946476.0,0.017772511848341166,17.329999923706055
2015-02-04,17.35,17.61,17.34,17.44,1001968.0,0.015133876600698537,18.329999923706055
2015-02-05,17.26,17.47,17.25,17.44,690787.0,0.0,16.850000381469727
2015-02-06,17.46,17.565,17.3,17.37,896339.0,-0.004013761467889898,17.290000915527344
2015-02-09,17.21,17.42,17.2,17.34,721045.0,-0.0017271157167531026,18.549999237060547
2015-02-10,16.62,16.94,16.58,16.93,2091170.0,-0.023644752018454396,17.229999542236328
2015-02-11,16.57,16.57,16.36,16.54,2036236.0,-0.02303603071470761,16.959999084472656
2015-02-12,16.92,17.13,16.885,16.98,1473084.0,0.026602176541717037,15.34000015258789
2015-02-13,17.16,17.24,17.1,17.19,1204643.0,0.012367491166077826,14.6899995803833
2015-02-17,17.41,17.46,17.28,17.38,998332.0,0.01105293775450833,15.800000190734863
2015-02-18,17.46,17.5,17.34,17.4,624740.0,0.0011507479861909697,15.449999809265137
2015-02-19,17.38,17.43,17.32,17.34,1468593.0,-0.0034482758620688614,15.289999961853027
2015-02-20,17.28,17.685,17.2399,17.64,1049526.0,0.01730103806228378,14.300000190734863
2015-02-23,17.42,17.52,17.33,17.37,825745.0,-0.015306122448979553,14.5600004196167
2015-02-24,17.33,17.425,17.32,17.36,835136.0,-0.0005757052389178119,13.6899995803833
2015-02-25,17.39,17.66,17.36,17.48,1864574.0,0.00691244239631339,13.84000015258789
2015-02-26,17.4,17.53,17.39,17.45,1104710.0,-0.0017162471395881784,13.90999984741211
2015-02-27,17.57,17.67,17.49,17.49,1218474.0,0.002292263610315093,13.34000015258789
2015-03-02,17.38,17.51,17.35,17.48,4052165.0,-0.0005717552887363198,13.039999961853027
2015-03-03,17.55,17.61,17.41,17.49,2215555.0,0.0005720823798625041,13.859999656677246
2015-03-04,17.57,17.65,17.43,17.62,1620235.0,0.007432818753573711,14.229999542236328
2015-03-05,17.61,17.66,17.51,17.58,1419519.0,-0.00227014755959154,14.039999961853027
2015-03-06,17.68,17.78,17.49,17.54,2909704.0,-0.0022753128555176305,15.199999809265137
2015-03-09,17.56,17.59,17.43,17.48,1850879.0,-0.0034207525655644,15.0600004196167
2015-03-10,17.32,17.375,17.215,17.26,1911639.0,-0.012585812356979309,16.690000534057617
2015-03-11,17.19,17.28,17.13,17.18,1168684.0,-0.004634994206257348,16.8700008392334
2015-03-12,17.3,17.37,17.24,17.36,1019907.0,0.010477299185098987,15.420000076293945
2015-03-13,17.41,17.62,17.35,17.6,1311742.0,0.01382488479262678,16.0
2015-03-16,17.9,17.98,17.86,17.91,1542476.0,0.01761363636363633,15.609999656677246
2015-03-17,17.72,17.83,17.66,17.78,1415377.0,-0.007258514796203208,15.65999984741211
2015-03-18,17.91,18.33,17.89,18.27,2022231.0,0.027559055118110187,13.970000267028809
2015-03-19,18.18,18.2601,18.11,18.14,1171222.0,-0.007115489874110481,14.069999694824219
2015-03-20,18.69,18.84,18.58,18.7,1617912.0,0.030871003307607392,13.020000457763672
2015-03-23,18.93,19.1,18.9,19.04,2021653.0,0.018181818181818077,13.40999984741211
2015-03-24,19.22,19.2983,19.11,19.14,1873740.0,0.005252100840336116,13.619999885559082
2015-03-25,19.18,19.26,18.9878,19.02,1397231.0,-0.006269592476489061,15.4399995803833
2015-03-26,18.99,19.08,18.82,19.04,1570143.0,0.001051524710830698,15.800000190734863
2015-03-27,18.94,19.07,18.92,19.0,1248539.0,-0.0021008403361344463,15.069999694824219
2015-03-30,19.13,19.18,19.09,19.16,869532.0,0.008421052631578885,14.510000228881836
2015-03-31,18.78,18.92,18.715,18.77,1713186.0,-0.02035490605427981,15.289999961853027
2015-04-01,19.15,19.19,19.01,19.14,950114.0,0.019712306872669227,15.109999656677246
2015-04-02,19.32,19.37,19.265,19.32,996015.0,0.00940438871473348,14.670000076293945
2015-04-06,19.32,19.45,19.2799,19.43,1552678.0,0.005693581780538359,14.739999771118164
2015-04-07,19.47,19.57,19.44,19.45,2780412.0,0.0010293360782294148,14.779999732971191
2015-04-08,19.43,19.43,19.21,19.28,1574313.0,-0.008740359897172145,13.979999542236328
2015-04-09,19.45,19.46,19.25,19.36,1276216.0,0.004149377593360981,13.09000015258789
2015-04-10,19.41,19.47,19.28,19.37,1328460.0,0.0005165289256199301,12.579999923706055
2015-04-13,19.39,19.45,19.295,19.3,1530429.0,-0.0036138358286009753,13.9399995803833
2015-04-14,19.42,19.55,19.41,19.47,1332303.0,0.008808290155440268,13.670000076293945
2015-04-15,19.62,19.79,19.6,19.72,1743892.0,0.012840267077555145,12.84000015258789
2015-04-16,19.82,19.98,19.75,19.89,1856773.0,0.008620689655172598,12.600000381469727
2015-04-17,19.77,19.86,19.67,19.83,1928158.0,-0.00301659125188547,13.890000343322754
2015-04-20,19.96,20.02,19.8,19.84,1110689.0,0.0005042864346949116,13.300000190734863
2015-04-21,20.02,20.07,19.929,19.95,1122789.0,0.005544354838709742,13.25
2015-04-22,19.81,19.82,19.705,19.78,1021088.0,-0.008521303258145263,12.710000038146973
2015-04-23,19.87,20.19,19.86,20.19,1463943.0,0.020728008088978678,12.479999542236328
2015-04-24,20.29,20.31,20.17,20.22,961712.0,0.0014858841010398915,12.289999961853027
2015-04-27,20.09,20.32,20.03,20.11,872916.0,-0.005440158259149341,13.119999885559082
2015-04-28,19.83,20.06,19.8,20.0,914112.0,-0.005469915464942798,12.40999984741211
2015-04-29,20.08,20.26,20.03,20.1,3870180.0,0.0050000000000001155,13.390000343322754
2015-04-30,20.0,20.12,19.93,20.07,1402607.0,-0.0014925373134329067,14.550000190734863
2015-05-01,20.12,20.19,20.06,20.12,960519.0,0.0024912805181864783,12.699999809265137
2015-05-04,20.39,20.44,20.2999,20.36,898676.0,0.011928429423459175,12.850000381469727
2015-05-05,21.54,21.6,21.285,21.37,2741123.0,0.04960707269155207,14.3100004196167
2015-05-06,20.94,21.11,20.889,21.01,1821357.0,-0.016846045858680325,15.149999618530273
2015-05-07,21.23,21.43,21.14,21.3,2663611.0,0.013802950975725814,15.130000114440918
2015-05-08,21.46,21.5,21.28,21.39,1290543.0,0.004225352112676051,12.859999656677246
2015-05-11,21.17,21.33,21.14,21.19,1167127.0,-0.00935016362786345,13.850000381469727
2015-05-12,21.25,21.32,21.125,21.22,1309140.0,0.0014157621519583774,13.859999656677246
2015-05-13,21.02,21.255,20.97,21.07,3345378.0,-0.007068803016022529,13.760000228881836
2015-05-14,21.24,21.34,21.055,21.24,3030403.0,0.008068343616516316,12.739999771118164
2015-05-15,21.11,21.25,21.09,21.23,1161128.0,-0.00047080979284364055,12.380000114440918
2015-05-18,21.17,21.22,21.07,21.19,1710147.0,-0.0018841262364578393,12.729999542236328
2015-05-19,21.03,21.18,21.023,21.13,1946112.0,-0.002831524303917088,12.850000381469727
2015-05-20,21.8,22.0,21.71,21.96,2866831.0,0.039280643634642676,12.880000114440918
2015-05-21,21.78,21.94,21.73,21.89,1962809.0,-0.0031876138433515333,12.109999656677246
2015-05-22,21.62,21.71,21.52,21.62,1301967.0,-0.012334399269072649,12.130000114440918
2015-05-26,21.45,21.45,21.22,21.33,1218290.0,-0.013413506012951104,14.0600004196167
2015-05-27,21.5,21.85,21.42,21.77,1464066.0,0.020628223159868897,13.270000457763672
2015-05-28,21.86,21.94,21.68,21.9,1313837.0,0.005971520440973821,13.3100004196167
2015-05-29,21.81,21.89,21.39,21.58,1902598.0,-0.014611872146118698,13.84000015258789
2015-06-01,21.77,21.77,21.44,21.53,945319.0,-0.0023169601482853075,13.970000267028809
2015-06-02,21.96,22.04,21.85,21.92,1379475.0,0.018114259173246605,14.239999771118164
2015-06-03,21.95,22.1,21.95,22.03,1571205.0,0.0050182481751823715,13.65999984741211
2015-06-04,21.85,22.16,21.803,21.95,1342947.0,-0.0036314117113028788,14.710000038146973
2015-06-05,21.42,21.63,21.31,21.59,1285119.0,-0.016400911161731146,14.210000038146973
2015-06-08,21.63,21.65,21.5149,21.58,802796.0,-0.0004631773969431263,15.289999961853027
2015-06-09,21.56,21.61,21.43,21.48,1030954.0,-0.004633920296570837,14.470000267028809
2015-06-10,22.02,22.17,21.9399,22.03,1205302.0,0.025605214152700118,13.220000267028809
2015-06-11,21.87,21.9,21.74,21.82,1558569.0,-0.009532455742169765,12.850000381469727
2015-06-12,21.68,21.83,21.58,21.75,927582.0,-0.0032080659945005197,13.779999732971191
2015-06-15,21.28,21.6,21.28,21.6,972605.0,-0.006896551724137834,15.390000343322754
2015-06-16,21.51,21.55,21.34,21.44,867870.0,-0.007407407407407418,14.8100004196167
2015-06-17,21.38,21.38,21.1,21.24,1722680.0,-0.00932835820895539,14.5
2015-06-18,21.21,21.38,21.13,21.25,2021102.0,0.0004708097928438626,13.1899995803833
2015-06-19,21.31,21.48,21.23,21.42,1068920.0,0.008000000000000007,13.960000038146973
2015-06-22,21.71,21.89,21.64,21.78,1531337.0,0.01680672268907557,12.739999771118164
2015-06-23,21.77,21.94,21.76,21.88,846793.0,0.0045913682277318735,12.109999656677246
2015-06-24,21.82,21.91,21.68,21.69,1258240.0,-0.008683729433272336,13.260000228881836
2015-06-25,21.81,21.85,21.74,21.77,1764309.0,0.0036883356385430943,14.010000228881836
2015-06-26,21.92,22.07,21.8199,21.93,1195925.0,0.007349563619660104,14.020000457763672
2015-06-29,21.54,21.63,21.24,21.3,2767104.0,-0.028727770177838563,18.850000381469727
2015-06-30,21.6,21.63,21.06,21.2,2461330.0,-0.0046948356807512415,18.229999542236328
2015-07-01,21.44,21.65,21.44,21.53,1252825.0,0.015566037735849081,16.09000015258789
2015-07-02,21.72,21.88,21.71,21.87,1303198.0,0.015791918253599713,16.790000915527344
2015-07-06,21.07,21.255,20.9115,21.02,1597471.0,-0.03886602652034754,17.010000228881836
2015-07-07,21.16,21.26,20.7,21.17,3458456.0,0.007136060894386453,16.09000015258789
2015-07-08,20.65,20.71,20.51,20.61,1381199.0,-0.026452527161077155,19.65999984741211
2015-07-09,21.1,21.295,20.1197,21.19,1870092.0,0.02814167879670082,19.969999313354492
2015-07-10,21.9,21.93,21.71,21.86,1702808.0,0.031618688060405686,16.829999923706055
2015-07-13,22.01,22.07,21.91,22.05,1345844.0,0.00869167429094242,13.899999618530273
2015-07-14,22.07,22.25,22.055,22.2,1723536.0,0.006802721088435382,13.369999885559082
2015-07-15,22.41,22.6,22.34,22.49,2794638.0,0.01306306306306304,13.229999542236328
2015-07-16,22.58,22.68,22.58,22.64,1981901.0,0.0066696309470877235,12.109999656677246
2015-07-17,22.35,22.59,22.31,22.58,1407760.0,-0.0026501766784453595,11.949999809265137
2015-07-20,22.5,22.59,22.36,22.52,1592386.0,-0.0026572187776793266,12.25
2015-07-21,22.45,22.52,22.38,22.48,1466003.0,-0.001776198934280604,12.220000267028809
2015-07-22,22.05,22.3,22.04,22.22,1745177.0,-0.011565836298932486,12.119999885559082
2015-07-23,22.63,22.69,22.5,22.54,2120185.0,0.014401440144014455,12.640000343322754
2015-07-24,22.54,22.58,22.25,22.32,1385128.0,-0.00976042590949422,13.739999771118164
2015-07-27,22.24,22.29,21.94,21.98,1563685.0,-0.015232974910394215,15.600000381469727
2015-07-28,22.33,22.57,22.3,22.52,2521206.0,0.02456778889899902,13.4399995803833
2015-07-29,22.75,22.96,22.71,22.82,1567422.0,0.013321492007104752,12.5
2015-07-30,22.83,22.99,22.71,22.99,1004260.0,0.007449605609114673,12.130000114440918
2015-07-31,23.12,23.19,23.01,23.06,399058.0,0.0030448020878643955,12.119999885559082
2015-08-03,23.09,23.18,22.98,23.12,467717.0,0.002601908065915204,12.5600004196167
2015-08-04,22.83,22.894,22.69,22.76,1133202.0,-0.01557093425605538,13.0
2015-08-05,22.84,22.91,22.74,22.78,1608072.0,0.0008787346221441616,12.510000228881836
2015-08-06,22.91,22.98,22.8,22.88,1320914.0,0.004389815627743543,13.770000457763672
2015-08-07,22.6,22.62,22.34,22.44,1163541.0,-0.019230769230769162,13.390000343322754
2015-08-10,22.5,22.74,22.49,22.71,609063.0,0.012032085561497263,12.229999542236328
2015-08-11,22.61,22.67,22.3,22.38,1967388.0,-0.014531043593130843,13.710000038146973
2015-08-12,22.1,22.14,21.8099,22.11,1930623.0,-0.012064343163538882,13.609999656677246
2015-08-13,22.13,22.24,22.04,22.13,1462358.0,0.0009045680687471691,13.489999771118164
2015-08-14,22.08,22.17,21.97,22.09,1361747.0,-0.0018075011296881938,12.829999923706055
2015-08-17,22.04,22.3,21.98,22.3,1264915.0,0.009506564056134037,13.020000457763672
2015-08-18,22.28,22.31,22.115,22.2,989926.0,-0.004484304932735439,13.789999961853027
2015-08-19,22.02,22.17,21.88,22.05,1624706.0,-0.006756756756756688,15.25
2015-08-20,21.83,21.83,21.44,21.44,3090566.0,-0.02766439909297047,19.139999389648438
2015-08-21,21.37,21.47,20.79,20.81,3150034.0,-0.029384328358209033,28.030000686645508
2015-08-24,20.41,20.95,19.96,20.4,4725928.0,-0.01970206631427196,40.7400016784668
2015-08-25,21.48,21.48,20.7,20.73,3330543.0,0.01617647058823546,36.02000045776367
2015-08-26,20.96,20.98,20.46,20.93,2665278.0,0.009647853352628966,30.31999969482422
2015-08-27,20.79,20.84,20.5,20.8,3068895.0,-0.006211180124223503,26.100000381469727
2015-08-28,20.65,20.92,20.64,20.88,2170266.0,0.0038461538461538325,26.049999237060547
2015-08-31,20.67,20.84,20.56,20.69,1594506.0,-0.009099616858237458,28.43000030517578
2015-09-01,20.37,20.42,20.17,20.25,2149600.0,-0.02126631222812958,31.399999618530273
2015-09-02,20.5,20.53,20.12,20.42,1424115.0,0.008395061728395214,26.09000015258789
2015-09-03,20.45,20.62,20.33,20.41,1973720.0,-0.0004897159647405669,25.610000610351562
2015-09-04,20.0,20.1,19.915,20.06,1239794.0,-0.01714845663890252,27.799999237060547
2015-09-08,20.41,20.5,20.295,20.47,1135645.0,0.020438683948155623,24.899999618530273
2015-09-09,20.88,20.92,20.46,20.48,1902640.0,0.0004885197850512668,26.229999542236328
2015-09-10,20.48,20.73,20.43,20.64,1471435.0,0.0078125,24.3700008392334
2015-09-11,20.49,20.76,20.48,20.76,827488.0,0.005813953488372103,23.200000762939453
2015-09-14,20.34,20.375,20.24,20.36,1327967.0,-0.019267822736030893,24.25
2015-09-15,19.89,20.175,19.87,20.13,1423116.0,-0.011296660117878221,22.540000915527344
2015-09-16,19.98,20.155,19.87,20.1,1602761.0,-0.0014903129657226621,21.350000381469727
2015-09-17,19.71,20.1,19.69,19.82,1921823.0,-0.013930348258706537,21.139999389648438
2015-09-18,19.32,19.54,19.21,19.24,1938955.0,-0.029263370332997085,22.280000686645508
2015-09-21,19.33,19.37,19.19,19.27,1281073.0,0.0015592515592515177,20.139999389648438
2015-09-22,18.9,18.96,18.71,18.79,1952008.0,-0.024909185262065425,22.440000534057617
2015-09-23,18.65,18.68,18.29,18.35,2076837.0,-0.023416711016498004,22.1299991607666
2015-09-24,18.21,18.25,17.97,18.13,1928642.0,-0.011989100817438869,23.469999313354492
2015-09-25,18.54,18.62,18.33,18.39,1687430.0,0.014340871483728757,23.6200008392334
2015-09-28,18.35,18.36,17.99,18.03,2624681.0,-0.019575856443719397,27.6299991607666
2015-09-29,18.24,18.33,18.175,18.28,2369739.0,0.01386577925679422,26.829999923706055
2015-09-30,18.49,18.53,18.31,18.52,1510878.0,0.013129102844638973,24.5
2015-10-01,18.74,18.81,18.55,18.7,1500093.0,0.009719222462202914,22.549999237060547
2015-10-02,18.82,19.23,18.706,19.23,2469843.0,0.028342245989304793,20.940000534057617
2015-10-05,19.37,19.62,19.35,19.61,1866341.0,0.01976079043161727,19.540000915527344
2015-10-06,19.7,19.86,19.67,19.77,1455316.0,0.00815910249872509,19.399999618530273
2015-10-07,20.1,20.18,19.83,19.97,1473432.0,0.010116337885685445,18.399999618530273
2015-10-08,19.78,19.9,19.685,19.89,1287412.0,-0.0040060090135202175,17.420000076293945
2015-10-09,19.86,19.915,19.7326,19.79,985606.0,-0.005027652086475709,17.079999923706055
2015-10-12,19.75,19.805,19.68,19.75,717520.0,-0.002021222839818093,16.170000076293945
2015-10-13,19.53,19.735,19.5,19.53,1028374.0,-0.011139240506329084,17.670000076293945
2015-10-14,19.8,19.9,19.62,19.67,1209885.0,0.007168458781362075,18.030000686645508
2015-10-15,19.62,20.055,19.58,20.04,824589.0,0.01881037112353834,16.049999237060547
2015-10-16,20.45,20.54,20.32,20.51,1049671.0,0.02345309381237537,15.050000190734863
2015-10-19,20.3,20.32,20.17,20.2,1347551.0,-0.015114578254510125,14.979999542236328
2015-10-20,20.14,20.17,20.01,20.04,2481080.0,-0.007920792079207928,15.75
2015-10-21,19.98,20.0,19.75,19.76,2616436.0,-0.013972055888223478,16.700000762939453
2015-10-22,19.9,20.235,19.87,20.19,1721895.0,0.021761133603238836,14.449999809265137
2015-10-23,20.52,20.6999,20.51,20.55,2386379.0,0.017830609212481363,14.460000038146973
2015-10-26,20.58,20.63,20.45,20.54,968549.0,-0.00048661800486626827,15.289999961853027
2015-10-27,20.37,20.41,20.25,20.3,910565.0,-0.011684518013631906,15.430000305175781
2015-10-28,20.07,20.42,20.06,20.32,1435922.0,0.0009852216748769127,14.329999923706055
2015-10-29,19.99,20.1,19.83,19.97,1193306.0,-0.017224409448818978,14.609999656677246
2015-10-30,20.05,20.13,19.95,20.03,1766815.0,0.003004506760140302,15.069999694824219
2015-11-02,20.38,20.44,20.26,20.41,937887.0,0.0189715426859709,14.149999618530273
2015-11-03,19.2,19.33,19.11,19.22,4505618.0,-0.058304752572268526,14.539999961853027
2015-11-04,19.45,19.47,19.2,19.27,1903914.0,0.002601456815816805,15.510000228881836
2015-11-05,19.37,19.42,19.25,19.3,2326532.0,0.0015568240788792487,15.050000190734863
2015-11-06,19.66,19.805,19.575,19.74,1984049.0,0.022797927461139844,14.329999923706055
2015-11-09,19.74,19.78,19.51,19.58,1517139.0,-0.008105369807497431,16.520000457763672
2015-11-10,19.45,19.49,19.35,19.4,3238378.0,-0.009193054136874323,15.289999961853027
2015-11-11,19.59,19.61,19.395,19.48,1536759.0,0.004123711340206171,16.059999465942383
2015-11-12,19.15,19.305,19.06,19.06,1681016.0,-0.021560574948665368,18.3700008392334
2015-11-13,19.18,19.23,18.96,18.97,1508256.0,-0.004721930745015701,20.079999923706055
2015-11-16,18.76,18.88,18.6919,18.88,1521051.0,-0.004744333157617242,18.15999984741211
2015-11-17,19.22,19.313,19.11,19.16,1423828.0,0.014830508474576343,18.84000015258789
2015-11-18,19.39,19.5,19.3136,19.49,1217969.0,0.01722338204592888,16.850000381469727
2015-11-19,19.65,19.74,19.61,19.71,973297.0,0.011287839917906828,16.989999771118164
2015-11-20,19.71,19.74,19.445,19.48,1041669.0,-0.011669203450025423,15.470000267028809
2015-11-23,19.27,19.3065,19.12,19.19,1202396.0,-0.014887063655030786,15.619999885559082
2015-11-24,19.1,19.25,19.07,19.2,1105403.0,0.0005211047420530246,15.930000305175781
2015-11-25,19.27,19.325,19.2,19.23,1420711.0,0.0015625000000001332,15.1899995803833
2015-11-27,19.21,19.26,19.155,19.18,804562.0,-0.0026001040041602197,15.119999885559082
2015-11-30,19.19,19.3,19.15,19.16,1407466.0,-0.0010427528675703845,16.1299991607666
2015-12-01,19.32,19.38,19.19,19.36,1588347.0,0.010438413361169019,14.670000076293945
2015-12-02,19.38,19.43,19.27,19.33,1779063.0,-0.0015495867768595684,15.90999984741211
2015-12-03,19.64,19.64,19.2618,19.34,2373532.0,0.0005173305742369738,18.110000610351562
2015-12-04,19.36,19.65,19.355,19.64,2116271.0,0.015511892450879028,14.8100004196167
2015-12-07,19.49,19.5,19.265,19.36,1456509.0,-0.014256619144602856,15.84000015258789
2015-12-08,19.02,19.125,18.96,19.03,1831355.0,-0.017045454545454475,17.600000381469727
2015-12-09,18.99,19.12,18.81,19.01,2621721.0,-0.0010509721492379942,19.610000610351562
2015-12-10,19.0,19.06,18.84,18.86,1369017.0,-0.007890583903208959,19.34000015258789
2015-12-11,18.6,18.62,18.34,18.35,1898674.0,-0.027041357370095387,24.389999389648438
2015-12-14,18.6,18.63,18.1849,18.31,3381464.0,-0.0021798365122617236,22.729999542236328
2015-12-15,18.6,18.78,18.6,18.69,2581512.0,0.020753686510103897,20.950000762939453
2015-12-16,18.89,19.19,18.76,19.16,2031039.0,0.025147137506688066,17.860000610351562
2015-12-17,19.34,19.37,19.16,19.21,2262992.0,0.0026096033402922547,18.940000534057617
2015-12-18,19.36,19.39,19.13,19.13,2867121.0,-0.004164497657470179,20.700000762939453
2015-12-21,19.22,19.35,19.04,19.16,1750155.0,0.001568217459487764,18.700000762939453
2015-12-22,19.32,19.42,19.22,19.39,1634821.0,0.012004175365344594,16.600000381469727
2015-12-23,19.33,19.67,19.32,19.67,1631228.0,0.014440433212996373,15.569999694824219
2015-12-24,19.59,19.78,19.55,19.68,761276.0,0.0005083884087442314,15.739999771118164
2015-12-28,19.7,19.8,19.65,19.75,1085733.0,0.0035569105691057867,16.90999984741211
2015-12-29,19.78,19.94,19.78,19.91,1016065.0,0.008101265822784809,16.079999923706055
2015-12-30,19.79,19.83,19.7,19.7,890078.0,-0.010547463586137673,17.290000915527344
2015-12-31,19.5,19.58,19.36,19.37,1100535.0,-0.016751269035532923,18.209999084472656
2016-01-04,18.92,19.14,18.8349,19.13,1936781.0,-0.01239029426948901,20.700000762939453
2016-01-05,19.1,19.13,18.92,19.02,1966638.0,-0.005750130684788246,19.34000015258789
2016-01-06,18.74,18.875,18.7,18.78,1808007.0,-0.012618296529968376,20.59000015258789
2016-01-07,18.28,18.47,18.24,18.3,2339959.0,-0.025559105431309903,24.989999771118164
2016-01-08,18.03,18.04,17.35,17.37,2856929.0,-0.050819672131147575,27.010000228881836
2016-01-11,17.7,17.73,17.4233,17.58,2492076.0,0.012089810017271052,24.299999237060547
2016-01-12,17.66,17.76,17.47,17.67,2064277.0,0.005119453924914863,22.469999313354492
2016-01-13,17.7,17.75,17.15,17.28,2929729.0,-0.022071307300509324,25.219999313354492
2016-01-14,17.21,17.52,17.02,17.42,2424718.0,0.00810185185185186,23.950000762939453
2016-01-15,16.7,16.94,16.5289,16.62,2312675.0,-0.04592422502870264,27.020000457763672
2016-01-19,17.1,17.13,16.74,16.87,2574334.0,0.01504211793020449,26.049999237060547
2016-01-20,16.48,16.5984,16.1,16.43,2954908.0,-0.026081802015412103,27.59000015258789
2016-01-21,16.29,16.3999,16.08,16.31,3918848.0,-0.0073037127206330155,26.690000534057617
2016-01-22,16.63,16.74,16.48,16.66,2130180.0,0.02145922746781115,22.34000015258789
2016-01-25,16.3,16.36,16.135,16.15,2494940.0,-0.03061224489795933,24.149999618530273
2016-01-26,16.08,16.44,16.07,16.39,3111747.0,0.0148606811145513,22.5
2016-01-27,16.25,16.52,16.16,16.21,2644495.0,-0.010982306284319732,23.110000610351562
2016-01-28,16.52,16.5599,16.22,16.34,2779988.0,0.008019740900678585,22.420000076293945
2016-01-29,16.36,16.64,16.33,16.64,2895771.0,0.01835985312117505,20.200000762939453
2016-02-01,16.28,16.55,16.2,16.52,2523853.0,-0.007211538461538547,19.979999542236328
2016-02-02,15.25,15.28,14.97,15.23,8282150.0,-0.0780871670702179,21.979999542236328
2016-02-03,15.5,15.5107,15.03,15.45,4137927.0,0.014445173998686833,21.649999618530273
2016-02-04,15.08,15.475,15.06,15.41,3509160.0,-0.0025889967637540146,21.84000015258789
2016-02-05,15.46,15.46,15.2,15.25,2823775.0,-0.010382868267358902,23.3799991607666
2016-02-08,14.86,14.86,14.6,14.76,3324485.0,-0.03213114754098367,26.0
2016-02-09,14.12,14.38,14.01,14.18,5657883.0,-0.03929539295392959,26.540000915527344
2016-02-10,14.87,15.07,14.655,14.68,7339280.0,0.035260930888575404,26.290000915527344
2016-02-11,14.35,14.569,14.14,14.27,4527325.0,-0.027929155313351495,28.139999389648438
2016-02-12,14.73,15.07,14.545,15.06,3952996.0,0.05536089698668545,25.399999618530273
2016-02-16,14.84,14.98,14.6499,14.91,3858705.0,-0.009960159362549792,24.110000610351562
2016-02-17,15.07,15.31,15.07,15.24,1928937.0,0.02213279678068414,22.309999465942383
2016-02-18,15.21,15.21,14.9,15.01,2438092.0,-0.015091863517060378,21.639999389648438
2016-02-19,14.85,14.96,14.725,14.88,1513300.0,-0.008660892738174497,20.530000686645508
2016-02-22,15.12,15.32,15.12,15.22,1554985.0,0.02284946236559149,19.3799991607666
2016-02-23,15.23,15.26,14.85,14.85,2543181.0,-0.024310118265440273,20.979999542236328
2016-02-24,14.65,15.01,14.565,14.98,3015588.0,0.008754208754208737,20.719999313354492
2016-02-25,15.16,15.27,15.0601,15.26,2436416.0,0.01869158878504673,19.110000610351562
2016-02-26,15.3,15.42,15.27,15.3,1877013.0,0.002621231979030192,19.809999465942383
2016-02-29,15.25,15.47,15.18,15.22,2120806.0,-0.005228758169934622,20.549999237060547
2016-03-01,15.54,15.86,15.49,15.82,2692615.0,0.03942181340341655,17.700000762939453
2016-03-02,16.06,16.27,16.04,16.26,2542407.0,0.027812895069532217,17.09000015258789
2016-03-03,16.35,16.53,16.34,16.52,3669690.0,0.0159901599015988,16.700000762939453
2016-03-04,16.5,16.65,16.45,16.51,2052404.0,-0.000605326876513157,16.860000610351562
2016-03-07,16.38,16.645,16.36,16.57,2666276.0,0.003634161114475898,17.350000381469727
2016-03-08,16.51,16.52,16.25,16.25,3203783.0,-0.01931200965600488,18.670000076293945
2016-03-09,16.53,16.535,16.26,16.31,3151596.0,0.0036923076923076614,18.34000015258789
2016-03-10,16.43,16.66,16.155,16.32,3015492.0,0.0006131207847948072,18.049999237060547
2016-03-11,16.79,16.98,16.72,16.97,2274366.0,0.03982843137254899,16.5
2016-03-14,16.83,16.96,16.755,16.9,2356839.0,-0.004124926340601132,16.920000076293945
2016-03-15,16.68,16.86,16.65,16.83,1887956.0,-0.004142011834319503,16.84000015258789
2016-03-16,15.86,16.11,15.81,16.05,5312588.0,-0.04634581105169322,14.989999771118164
2016-03-17,16.32,16.645,16.23,16.57,2720491.0,0.03239875389408087,14.4399995803833
2016-03-18,16.69,16.78,16.64,16.72,2382293.0,0.00905250452625217,14.020000457763672
2016-03-21,16.85,16.99,16.8101,16.9,2199272.0,0.010765550239234534,13.789999961853027
2016-03-22,16.67,16.9,16.63,16.79,1809032.0,-0.0065088757396449815,14.170000076293945
2016-03-23,16.56,16.57,16.34,16.35,3412373.0,-0.02620607504466932,14.9399995803833
2016-03-24,16.09,16.26,16.055,16.24,1671077.0,-0.0067278287461775,14.739999771118164
2016-03-28,16.27,16.38,16.2101,16.3,1194575.0,0.003694581280788256,15.239999771118164
2016-03-29,16.08,16.33,15.98,16.32,1419307.0,0.0012269938650306678,13.819999694824219
2016-03-30,16.36,16.45,16.31,16.34,1349138.0,0.001225490196078427,13.5600004196167
2016-03-31,16.06,16.19,16.01,16.02,3000255.0,-0.019583843329253336,13.949999809265137
2016-04-01,15.71,15.83,15.68,15.81,3286089.0,-0.013108614232209659,13.100000381469727
2016-04-04,15.58,15.66,15.51,15.54,2721045.0,-0.017077798861480198,14.119999885559082
2016-04-05,15.14,15.2,14.97,14.99,2749855.0,-0.035392535392535285,15.420000076293945
2016-04-06,14.99,15.27,14.99,15.25,2748081.0,0.017344896597731863,14.09000015258789
2016-04-07,15.14,15.2,14.88,14.95,3339224.0,-0.019672131147541072,16.15999984741211
2016-04-08,15.33,15.34,15.14,15.17,7234752.0,0.014715719063545185,15.359999656677246
2016-04-11,15.41,15.46,15.21,15.22,3331295.0,0.003295978905734964,16.260000228881836
2016-04-12,15.29,15.48,15.07,15.44,2640165.0,0.014454664914586024,14.850000381469727
2016-04-13,15.89,15.985,15.7999,15.97,3707499.0,0.03432642487046644,13.84000015258789
2016-04-14,16.03,16.13,15.9,16.1,3660934.0,0.008140262993112213,13.720000267028809
2016-04-15,15.99,16.06,15.95,15.97,1903954.0,-0.008074534161490732,13.619999885559082
2016-04-18,16.01,16.22,16.0,16.18,2195275.0,0.013149655604257848,13.350000381469727
2016-04-19,16.4,16.55,16.39,16.52,2840012.0,0.021013597033374465,13.239999771118164
2016-04-20,16.65,16.8,16.61,16.75,2313369.0,0.013922518159806385,13.279999732971191
2016-04-21,16.7,16.7003,16.41,16.47,2516412.0,-0.016716417910447867,13.949999809265137
2016-04-22,16.48,16.65,16.47,16.61,1544658.0,0.00850030358227083,13.220000267028809
2016-04-25,16.61,16.67,16.54,16.64,2031340.0,0.0018061408789886713,14.079999923706055
2016-04-26,17.07,17.09,16.965,17.02,2507363.0,0.022836538461538325,13.960000038146973
2016-04-27,16.97,17.16,16.97,17.12,1960444.0,0.005875440658049458,13.770000457763672
2016-04-28,17.08,17.38,17.07,17.16,2907902.0,0.002336448598130758,15.220000267028809
2016-04-29,17.29,17.34,17.16,17.27,4477639.0,0.0064102564102563875,15.699999809265137
2016-05-02,17.25,17.36,17.175,17.23,2657199.0,-0.0023161551823971394,14.680000305175781
2016-05-03,16.16,16.16,15.88,15.91,4774765.0,-0.07661056297156121,15.600000381469727
2016-05-04,15.72,15.86,15.63,15.69,3999746.0,-0.013827781269641792,16.049999237060547
2016-05-05,15.7,15.715,15.55,15.6,2991569.0,-0.005736137667303964,15.90999984741211
2016-05-06,15.46,15.65,15.44,15.6,1636924.0,0.0,14.720000267028809
2016-05-09,15.65,15.75,15.62,15.68,2335254.0,0.00512820512820511,14.569999694824219
2016-05-10,15.9,16.02,15.88,15.99,2202335.0,0.019770408163265252,13.630000114440918
2016-05-11,15.75,15.98,15.74,15.82,2305932.0,-0.010631644777986282,14.6899995803833
2016-05-12,15.18,15.23,14.95,15.01,2548720.0,-0.05120101137800259,14.40999984741211
2016-05-13,14.94,15.07,14.71,14.72,2076217.0,-0.019320453031312357,15.039999961853027
2016-05-16,14.64,14.73,14.56,14.64,3843793.0,-0.005434782608695676,14.680000305175781
2016-05-17,14.41,14.61,14.34,14.43,5185375.0,-0.014344262295082011,15.569999694824219
2016-05-18,14.44,14.7485,14.42,14.7,3635355.0,0.018711018711018657,15.949999809265137
2016-05-19,14.8,14.9,14.66,14.76,2858919.0,0.004081632653061273,16.329999923706055
2016-05-20,14.82,14.89,14.8,14.83,1433148.0,0.004742547425474308,15.199999809265137
2016-05-23,14.82,14.92,14.79,14.85,1888560.0,0.0013486176668913163,15.819999694824219
2016-05-24,14.97,15.12,14.94,15.06,2301265.0,0.014141414141414232,14.420000076293945
2016-05-25,15.31,15.4411,15.31,15.41,1478307.0,0.023240371845949515,13.899999618530273
2016-05-26,15.58,15.6,15.48,15.49,1559960.0,0.005191434133679396,13.430000305175781
2016-05-27,15.47,15.53,15.41,15.44,1216984.0,-0.0032278889606197625,13.119999885559082
2016-05-31,15.41,15.52,15.32,15.39,2130743.0,-0.0032383419689118176,14.1899995803833
2016-06-01,15.29,15.36,15.19,15.34,1948808.0,-0.0032488628979857603,14.199999809265137
2016-06-02,15.09,15.16,15.045,15.13,1858671.0,-0.013689700130378069,13.630000114440918
2016-06-03,14.84,14.85,14.63,14.8,2336030.0,-0.021810971579643068,13.470000267028809
2016-06-06,14.76,14.96,14.76,14.91,1586670.0,0.007432432432432412,13.649999618530273
2016-06-07,15.06,15.175,15.06,15.08,1432390.0,0.011401743796110031,14.050000190734863
2016-06-08,15.21,15.27,15.09,15.12,1214062.0,0.0026525198938991412,14.079999923706055
2016-06-09,14.81,14.82,14.705,14.75,1859454.0,-0.02447089947089942,14.640000343322754
2016-06-10,14.47,14.48,14.28,14.33,2490147.0,-0.028474576271186436,17.030000686645508
2016-06-13,13.99,14.22,13.93,13.97,2137599.0,-0.02512212142358683,20.969999313354492
2016-06-14,13.96,14.05,13.68,13.79,2990772.0,-0.012884753042233466,20.5
2016-06-15,13.98,14.15,13.89,13.95,2692945.0,0.0116026105873821,20.139999389648438
2016-06-16,13.83,14.16,13.71,14.11,2572405.0,0.011469534050179142,19.3700008392334
2016-06-17,14.45,14.74,14.43,14.71,3192302.0,0.042523033309709524,19.40999984741211
2016-06-20,15.21,15.26,15.05,15.06,1842653.0,0.023793337865397612,18.3700008392334
2016-06-21,15.44,15.5,15.36,15.44,2684333.0,0.025232403718459473,18.479999542236328
2016-06-22,15.64,15.78,15.47,15.49,4712940.0,0.0032383419689119286,21.170000076293945
2016-06-23,15.92,16.1,15.85,16.1,2185891.0,0.03938024531956108,17.25
2016-06-24,14.08,14.285,13.9201,13.95,6932757.0,-0.13354037267080754,25.760000228881836
2016-06-27,13.07,13.07,12.61,12.81,7991948.0,-0.08172043010752683,23.850000381469727
2016-06-28,12.73,12.8,12.45,12.68,7186098.0,-0.010148321623731471,18.75
2016-06-29,12.82,13.06,12.765,13.04,4623272.0,0.028391167192429068,16.639999389648438
2016-06-30,12.95,12.98,12.79,12.96,7936723.0,-0.006134969325153228,15.630000114440918
2016-07-01,13.17,13.25,13.11,13.17,2409317.0,0.01620370370370372,14.770000457763672
2016-07-05,12.57,12.6,12.3,12.36,3159545.0,-0.06150341685649208,15.579999923706055
2016-07-06,12.01,12.41,11.93,12.4,4439514.0,0.003236245954692629,14.960000038146973
2016-07-07,12.3,12.45,12.14,12.23,2944767.0,-0.013709677419354804,14.760000228881836
2016-07-08,12.34,12.36,12.15,12.25,4588699.0,0.0016353229762877675,13.199999809265137
2016-07-11,12.4,12.61,12.37,12.51,3841968.0,0.0212244897959184,13.539999961853027
2016-07-12,12.89,12.93,12.66,12.82,6251593.0,0.024780175859312692,13.550000190734863
2016-07-13,12.84,12.935,12.789,12.92,3942331.0,0.007800312012480548,13.039999961853027
2016-07-14,13.17,13.29,13.12,13.22,2708731.0,0.023219814241486114,12.819999694824219
2016-07-15,13.28,13.3,13.11,13.17,2008560.0,-0.0037821482602118373,12.670000076293945
2016-07-18,13.13,13.23,13.05,13.22,2510487.0,0.0037965072133636646,12.4399995803833
2016-07-19,13.04,13.15,13.01,13.03,1619904.0,-0.014372163388804982,11.970000267028809
2016-07-20,13.24,13.31,13.15,13.29,1732247.0,0.01995395241749809,11.770000457763672
2016-07-21,13.33,13.41,13.17,13.21,1996056.0,-0.0060195635816402415,12.739999771118164
2016-07-22,13.39,13.4001,13.28,13.29,1465083.0,0.006056018168054456,12.020000457763672
2016-07-25,13.56,13.61,13.41,13.47,1709545.0,0.013544018058690765,12.869999885559082
2016-07-26,13.49,13.6,13.4,13.5,1662178.0,0.00222717149220486,13.050000190734863
2016-07-27,13.73,13.75,13.5801,13.66,2164250.0,0.01185185185185178,12.829999923706055
2016-07-28,13.65,13.665,13.5,13.56,2988193.0,-0.007320644216691097,12.720000267028809
2016-07-29,14.03,14.04,13.74,13.78,2254698.0,0.016224188790560312,11.869999885559082
2016-08-01,13.7,13.74,13.49,13.49,2961014.0,-0.021044992743105895,12.4399995803833
2016-08-02,13.04,13.05,12.93,12.97,3314577.0,-0.03854707190511486,13.369999885559082
2016-08-03,13.02,13.12,12.95,13.12,2703437.0,0.01156515034695449,12.859999656677246
2016-08-04,13.17,13.26,13.12,13.23,1316955.0,0.00838414634146356,12.420000076293945
2016-08-05,13.32,13.52,13.31,13.46,2405760.0,0.017384731670446074,11.390000343322754
2016-08-08,13.63,13.65,13.52,13.55,2245736.0,0.006686478454680511,11.5
2016-08-09,13.54,13.67,13.52,13.66,1233588.0,0.008118081180811698,11.65999984741211
2016-08-10,13.75,13.765,13.67,13.69,1511513.0,0.002196193265007196,12.050000190734863
2016-08-11,13.74,13.85,13.72,13.78,1180771.0,0.006574141709276837,11.680000305175781
2016-08-12,13.89,13.905,13.8,13.86,1210035.0,0.005805515239477588,11.550000190734863
2016-08-15,13.86,13.87,13.76,13.81,1354418.0,-0.003607503607503504,11.8100004196167
2016-08-16,13.82,13.87,13.72,13.72,1588258.0,-0.00651701665459814,12.640000343322754
2016-08-17,13.61,13.78,13.5403,13.71,1264209.0,-0.0007288629737609575,12.1899995803833
2016-08-18,13.56,13.665,13.541,13.66,1375751.0,-0.003646973012399801,11.430000305175781
2016-08-19,13.45,13.47,13.38,13.46,1325172.0,-0.014641288433382083,11.34000015258789
2016-08-22,13.4,13.52,13.34,13.49,1552014.0,0.0022288261515601704,12.270000457763672
2016-08-23,13.75,13.94,13.75,13.84,1900927.0,0.025945144551519528,12.380000114440918
2016-08-24,14.18,14.25,14.08,14.09,2235084.0,0.018063583815028927,13.449999809265137
2016-08-25,14.05,14.14,14.03,14.05,1234429.0,-0.002838892831795503,13.630000114440918
2016-08-26,14.1,14.265,13.91,14.03,1715097.0,-0.00142348754448407,13.649999618530273
2016-08-29,14.03,14.15,14.03,14.1,1027758.0,0.0049893086243764095,12.9399995803833
2016-08-30,14.18,14.3,14.18,14.28,1592944.0,0.012765957446808418,13.119999885559082
2016-08-31,14.48,14.55,14.34,14.45,2177145.0,0.011904761904761862,13.420000076293945
2016-09-01,14.54,14.6,14.301,14.46,1911308.0,0.0006920415224913601,13.479999542236328
2016-09-02,14.58,14.75,14.52,14.71,1690634.0,0.017289073305670755,11.979999542236328
2016-09-06,14.66,14.68,14.47,14.54,1969594.0,-0.011556764106050443,12.020000457763672
2016-09-07,14.6,14.67,14.54,14.58,1707141.0,0.0027510316368639653,11.9399995803833
2016-09-08,14.56,14.71,14.5,14.68,1425170.0,0.006858710562414272,12.510000228881836
2016-09-09,14.79,14.88,14.66,14.68,1763664.0,0.0,17.5
2016-09-12,14.44,14.7188,14.3602,14.67,1964704.0,-0.0006811989100817817,15.15999984741211
2016-09-13,14.49,14.53,14.3,14.35,1864202.0,-0.021813224267211995,17.850000381469727
2016-09-14,14.16,14.24,14.095,14.17,1792229.0,-0.012543554006968605,18.139999389648438
2016-09-15,14.1,14.31,14.06,14.26,1756003.0,0.00635144671841914,16.299999237060547
2016-09-16,13.8,13.83,13.72,13.77,1700195.0,-0.03436185133239833,15.369999885559082
2016-09-19,13.76,13.8,13.565,13.63,2140933.0,-0.010167029774872827,15.529999732971191
2016-09-20,13.59,13.61,13.51,13.51,1219600.0,-0.008804108584005932,15.920000076293945
2016-09-21,13.71,13.85,13.655,13.83,1977396.0,0.023686158401184265,13.300000190734863
2016-09-22,14.01,14.06,13.89,13.97,1656541.0,0.010122921185828027,12.020000457763672
2016-09-23,13.81,13.89,13.78,13.81,1147236.0,-0.01145311381531855,12.289999961853027
2016-09-26,13.48,13.5653,13.405,13.45,2160001.0,-0.02606806661839256,14.5
2016-09-27,13.21,13.435,13.18,13.43,2339435.0,-0.0014869888475835813,13.100000381469727
2016-09-28,13.5,13.59,13.39,13.57,1338228.0,0.01042442293373047,12.390000343322754
2016-09-29,13.4,13.57,12.861,13.06,4730948.0,-0.037582903463522443,14.020000457763672
2016-09-30,13.37,13.71,13.355,13.62,3364603.0,0.04287901990811638,13.289999961853027
2016-10-03,13.65,13.66,13.44,13.52,2196045.0,-0.007342143906020504,13.569999694824219
2016-10-04,13.71,13.86,13.665,13.83,3131132.0,0.022928994082840326,13.630000114440918
2016-10-05,14.02,14.14,13.9801,14.1,1927587.0,0.019522776572667988,12.989999771118164
2016-10-06,14.12,14.12,13.92,13.93,2060724.0,-0.012056737588652444,12.84000015258789
2016-10-07,13.96,13.96,13.775,13.91,1506028.0,-0.001435750179468731,13.479999542236328
2016-10-10,13.78,13.995,13.77,13.93,2192977.0,0.0014378145219267058,13.380000114440918
2016-10-11,13.93,13.94,13.7,13.77,1336867.0,-0.011486001435750182,15.359999656677246
2016-10-12,13.73,13.8,13.66,13.68,1049153.0,-0.006535947712418277,15.90999984741211
2016-10-13,13.28,13.42,13.21,13.35,1429417.0,-0.02412280701754388,16.690000534057617
2016-10-14,13.49,13.58,13.355,13.42,1735861.0,0.005243445692883819,16.1200008392334
2016-10-17,13.38,13.395,13.28,13.35,2266869.0,-0.005216095380029873,16.209999084472656
2016-10-18,13.44,13.5476,13.37,13.51,1488996.0,0.011985018726591745,15.279999732971191
2016-10-19,13.58,13.75,13.55,13.71,2049286.0,0.014803849000740277,14.40999984741211
2016-10-20,13.59,13.72,13.53,13.64,2153857.0,-0.0051057622173595885,13.75
2016-10-21,13.56,13.69,13.54,13.67,1125606.0,0.0021994134897360684,13.34000015258789
2016-10-24,13.87,13.92,13.8,13.85,1240715.0,0.013167520117044695,13.020000457763672
2016-10-25,13.77,13.82,13.74,13.8,1202843.0,-0.0036101083032490378,13.460000038146973
2016-10-26,13.72,13.82,13.71,13.77,1048326.0,-0.0021739130434783593,14.239999771118164
2016-10-27,13.91,14.1,13.9,13.98,1638422.0,0.015250544662309462,15.359999656677246
2016-10-28,14.29,14.47,14.23,14.36,3516944.0,0.027181688125894166,16.190000534057617
2016-10-31,14.22,14.235,14.055,14.07,1961530.0,-0.020194986072423315,17.059999465942383
2016-11-01,14.27,14.29,13.92,13.99,2687214.0,-0.005685856432125047,18.559999465942383
2016-11-02,13.83,13.9,13.73,13.77,2191832.0,-0.01572551822730528,19.31999969482422
2016-11-03,13.8,13.83,13.54,13.58,1562992.0,-0.013798111837327487,22.079999923706055
2016-11-04,13.46,13.6,13.38,13.51,2789273.0,-0.005154639175257714,22.510000228881836
2016-11-07,14.09,14.17,13.991,14.15,3280934.0,0.04737231680236875,18.709999084472656
2016-11-08,14.07,14.24,13.99,14.15,1913842.0,0.0,18.739999771118164
2016-11-09,14.06,14.515,14.03,14.44,3403241.0,0.020494699646643078,14.380000114440918
2016-11-10,15.57,15.73,15.24,15.7,6454718.0,0.0872576177285318,14.739999771118164
2016-11-11,15.62,15.83,15.565,15.81,2947416.0,0.007006369426751702,14.170000076293945
2016-11-14,15.93,16.37,15.93,16.35,5074085.0,0.034155597722960174,14.479999542236328
2016-11-15,15.98,16.335,15.91,16.33,2199589.0,-0.0012232415902142524,13.369999885559082
2016-11-16,16.0,16.025,15.85,15.9,1963099.0,-0.026331904470299983,13.720000267028809
2016-11-17,15.97,16.05,15.925,15.99,1802253.0,0.005660377358490454,13.350000381469727
2016-11-18,15.95,15.965,15.85,15.89,1768128.0,-0.0062539086929330745,12.850000381469727
2016-11-21,15.75,15.77,15.635,15.75,1527957.0,-0.008810572687224738,12.420000076293945
2016-11-22,15.73,15.8,15.6502,15.78,1201222.0,0.0019047619047618536,12.40999984741211
2016-11-23,15.49,15.665,15.43,15.62,1699909.0,-0.010139416983523497,12.430000305175781
2016-11-25,15.74,15.8,15.7,15.77,660612.0,0.009603072983354721,12.34000015258789
2016-11-28,15.6,15.64,15.35,15.35,1588467.0,-0.02663284717818648,13.149999618530273
2016-11-29,15.5,15.62,15.45,15.51,1680045.0,0.01042345276872969,12.899999618530273
2016-11-30,15.63,15.95,15.62,15.85,2097458.0,0.02192134107027721,13.329999923706055
2016-12-01,15.84,16.09,15.78,15.96,2312509.0,0.006940063091482651,14.069999694824219
2016-12-02,15.72,15.805,15.61,15.66,2019718.0,-0.018796992481203034,14.119999885559082
2016-12-05,15.75,16.14,15.75,16.13,4785402.0,0.030012771392081694,12.140000343322754
2016-12-06,16.47,17.03,16.45,17.03,5977386.0,0.05579665220086816,11.789999961853027
2016-12-07,16.93,17.4411,16.93,17.37,4221130.0,0.01996476805637104,12.220000267028809
2016-12-08,17.27,17.38,17.16,17.3,3761598.0,-0.004029936672423684,12.640000343322754
2016-12-09,16.78,16.81,16.68,16.78,2761325.0,-0.030057803468208077,11.75
2016-12-12,16.73,16.78,16.47,16.54,1942630.0,-0.014302741358760529,12.640000343322754
2016-12-13,16.62,16.905,16.56,16.77,2834624.0,0.013905683192261264,12.720000267028809
2016-12-14,16.39,16.62,16.31,16.36,3382388.0,-0.02444841979725698,13.1899995803833
2016-12-15,16.14,16.335,16.11,16.21,3182758.0,-0.00916870415647908,12.789999961853027
2016-12-16,16.11,16.16,16.01,16.03,2300463.0,-0.011104256631708775,12.199999809265137
2016-12-19,16.04,16.14,15.99,16.07,1940268.0,0.0024953212726137597,11.710000038146973
2016-12-20,16.02,16.18,15.98,16.17,3229000.0,0.0062227753578096845,11.449999809265137
2016-12-21,16.09,16.11,16.0,16.03,1860501.0,-0.008658008658008698,11.270000457763672
2016-12-22,15.96,15.97,15.86,15.89,1456204.0,-0.008733624454148492,11.430000305175781
2016-12-23,15.65,15.77,15.63,15.73,2231542.0,-0.010069225928256764,11.4399995803833
2016-12-27,15.75,15.82,15.73,15.8,1141116.0,0.00445009535918639,11.989999771118164
2016-12-28,15.66,15.74,15.56,15.56,1651366.0,-0.015189873417721489,12.949999809265137
2016-12-29,15.68,15.7,15.48,15.48,1914380.0,-0.005141388174807249,13.369999885559082
2016-12-30,15.6,15.8,15.57,15.67,1580123.0,0.012273901808785403,14.039999961853027
2017-01-03,16.22,16.36,16.155,16.34,2867174.0,0.04275686024250169,12.850000381469727
2017-01-04,16.73,16.88,16.58,16.87,2805567.0,0.03243574051407605,11.850000381469727
2017-01-05,16.82,16.895,16.67,16.8,1674052.0,-0.004149377593360981,11.670000076293945
2017-01-06,16.63,16.87,16.575,16.78,2109779.0,-0.0011904761904761862,11.319999694824219
2017-01-09,16.48,16.555,16.385,16.46,1884429.0,-0.019070321811680557,11.5600004196167
2017-01-10,16.37,16.58,16.36,16.47,2243180.0,0.0006075334143376132,11.489999771118164
2017-01-11,16.35,16.775,16.325,16.77,2536814.0,0.01821493624772308,11.260000228881836
2017-01-12,16.66,16.72,16.52,16.67,2993216.0,-0.005963029218843063,11.539999961853027
2017-01-13,17.09,17.195,17.0,17.06,3311903.0,0.023395320935812647,11.229999542236328
2017-01-17,17.03,17.055,16.71,16.74,2568000.0,-0.01875732708089095,11.869999885559082
2017-01-18,16.51,16.53,16.3815,16.5,1957228.0,-0.014336917562723928,12.479999542236328
2017-01-19,16.7,16.72,16.5531,16.67,2103723.0,0.01030303030303048,12.779999732971191
2017-01-20,16.49,16.64,16.485,16.63,1526053.0,-0.0023995200959809893,11.539999961853027
2017-01-23,16.44,16.6,16.3838,16.58,1496674.0,-0.0030066145520144527,11.770000457763672
2017-01-24,16.73,16.94,16.73,16.85,1611095.0,0.01628468033775654,11.069999694824219
2017-01-25,17.06,17.26,17.04,17.25,2709888.0,0.023738872403560762,10.8100004196167
2017-01-26,17.12,17.235,16.875,16.91,2242238.0,-0.0197101449275362,10.630000114440918
2017-01-27,16.49,16.49,16.13,16.3,4198929.0,-0.036073329390892916,10.579999923706055
2017-01-30,16.34,16.35,16.16,16.28,2638158.0,-0.0012269938650306678,11.880000114440918
2017-01-31,16.31,16.33,16.04,16.11,1957451.0,-0.010442260442260598,11.989999771118164
2017-02-01,16.01,16.1,15.94,16.05,2817429.0,-0.003724394785847185,11.8100004196167
2017-02-02,15.96,15.97,15.8,15.85,1891712.0,-0.012461059190031265,11.930000305175781
2017-02-03,16.07,16.21,16.05,16.16,2635819.0,0.019558359621451027,10.970000267028809
2017-02-06,15.91,15.98,15.87,15.91,1928901.0,-0.015470297029702929,11.369999885559082
2017-02-07,15.96,16.05,15.81,15.87,1683903.0,-0.0025141420490257804,11.289999961853027
2017-02-08,15.75,15.925,15.62,15.88,2152469.0,0.000630119722747402,11.449999809265137
2017-02-09,15.9,16.015,15.86,15.98,1419415.0,0.006297229219143663,10.880000114440918
2017-02-10,15.83,15.94,15.8,15.9,1633079.0,-0.005006257822277815,10.850000381469727
2017-02-13,15.77,15.89,15.76,15.84,2438419.0,-0.0037735849056603765,11.069999694824219
2017-02-14,15.74,15.91,15.71,15.88,3374250.0,0.002525252525252597,10.739999771118164
2017-02-15,15.97,16.07,15.97,16.04,1860473.0,0.010075566750629594,11.970000267028809
2017-02-16,15.97,16.0,15.8801,15.98,1936972.0,-0.0037406483790523026,11.760000228881836
2017-02-17,15.69,15.86,15.69,15.85,1909766.0,-0.008135168961201589,11.489999771118164
2017-02-21,15.85,15.91,15.77,15.84,1390967.0,-0.0006309148264984632,11.569999694824219
2017-02-22,15.47,15.58,15.445,15.55,2231318.0,-0.018308080808080773,11.739999771118164
2017-02-23,15.64,15.65,15.46,15.51,2090702.0,-0.0025723472668810476,11.710000038146973
2017-02-24,15.27,15.36,15.24,15.32,1758750.0,-0.012250161186331376,11.470000267028809
2017-02-27,15.31,15.41,15.31,15.38,1409568.0,0.003916449086161844,12.09000015258789
2017-02-28,15.3,15.43,15.3,15.37,1343591.0,-0.0006501950585177108,12.920000076293945
2017-03-01,15.9,16.11,15.9,16.05,2198829.0,0.04424202992843207,12.539999961853027
2017-03-02,15.99,15.9999,15.8,15.81,1928028.0,-0.01495327102803734,11.8100004196167
2017-03-03,16.11,16.18,15.99,16.0,4969025.0,0.012017710309930374,10.960000038146973
2017-03-06,15.91,15.91,15.76,15.8,2803445.0,-0.012499999999999956,11.239999771118164
2017-03-07,15.62,15.73,15.58,15.67,2637479.0,-0.008227848101265867,11.449999809265137
2017-03-08,15.88,15.9,15.55,15.57,3199485.0,-0.0063816209317166805,11.859999656677246
2017-03-09,15.92,16.0,15.8,15.88,2909637.0,0.019910083493898556,12.300000190734863
2017-03-10,15.92,16.06,15.88,16.02,2799044.0,0.00881612090680095,11.65999984741211
2017-03-13,16.01,16.07,15.92,15.93,2131911.0,-0.005617977528089901,11.350000381469727
2017-03-14,15.85,15.9,15.7999,15.84,1536374.0,-0.005649717514124242,12.300000190734863
2017-03-15,16.1,16.13,15.9,15.94,3300474.0,0.0063131313131312705,11.630000114440918
2017-03-16,16.15,16.28,16.13,16.26,2137301.0,0.020075282308657627,11.210000038146973
2017-03-17,16.22,16.23,16.04,16.04,2134505.0,-0.013530135301353163,11.279999732971191
2017-03-20,15.84,15.945,15.79,15.79,1531780.0,-0.01558603491271826,11.34000015258789
2017-03-21,16.21,16.23,15.68,15.69,3173697.0,-0.0063331222292589695,12.470000267028809
2017-03-22,15.54,15.78,15.52,15.66,2406546.0,-0.0019120458891013214,12.8100004196167
2017-03-23,15.6,15.74,15.555,15.6,1719501.0,-0.003831417624521105,13.119999885559082
2017-03-24,15.6,15.7271,15.53,15.63,1400394.0,0.0019230769230769162,12.960000038146973
2017-03-27,15.51,15.81,15.48,15.79,2172218.0,0.010236724248240403,12.5
2017-03-28,15.74,15.94,15.7233,15.89,2626900.0,0.0063331222292590805,11.529999732971191
2017-03-29,15.84,15.92,15.775,15.85,1626612.0,-0.0025173064820642743,11.420000076293945
2017-03-30,15.93,16.065,15.89,15.96,2066709.0,0.006940063091482651,11.539999961853027
2017-03-31,16.0,16.07,15.95,15.95,1529842.0,-0.0006265664160401974,12.369999885559082
2017-04-03,15.89,15.95,15.67,15.8,1934579.0,-0.00940438871473348,12.380000114440918
2017-04-04,15.68,15.77,15.63,15.71,1196473.0,-0.0056962025316456,11.789999961853027
2017-04-05,15.68,15.73,15.47,15.49,2661285.0,-0.01400381922342464,12.890000343322754
2017-04-06,15.55,15.66,15.4601,15.58,1714782.0,0.005810200129115595,12.390000343322754
2017-04-07,15.5,15.65,15.5,15.55,1445928.0,-0.0019255455712451353,12.869999885559082
2017-04-10,15.66,15.7,15.59,15.65,1393342.0,0.006430868167202508,14.050000190734863
2017-04-11,15.6,15.685,15.48,15.65,1681946.0,0.0,15.069999694824219
2017-04-12,15.48,15.5,15.38,15.39,2010248.0,-0.016613418530351476,15.770000457763672
2017-04-13,15.29,15.4,15.19,15.19,2221380.0,-0.01299545159194293,15.960000038146973
2017-04-17,15.23,15.45,15.21,15.44,1477674.0,0.016458196181698526,14.65999984741211
2017-04-18,15.25,15.27,15.1,15.2,2512324.0,-0.015544041450777257,14.420000076293945
2017-04-19,15.46,15.505,15.31,15.33,2041101.0,0.008552631578947478,14.930000305175781
2017-04-20,15.49,15.61,15.49,15.57,1752600.0,0.015655577299412915,14.149999618530273
2017-04-21,15.64,15.705,15.53,15.56,1902462.0,-0.0006422607578676631,14.630000114440918
2017-04-24,16.35,16.51,16.28,16.47,4261983.0,0.058483290488431816,10.84000015258789
2017-04-25,16.56,16.76,16.54,16.62,2627304.0,0.00910746812386165,10.760000228881836
2017-04-26,16.69,16.86,16.68,16.74,2350788.0,0.0072202166064980755,10.850000381469727
2017-04-27,16.84,16.85,16.67,16.73,2330515.0,-0.0005973715651134137,10.359999656677246
2017-04-28,17.22,17.24,16.985,17.01,3442246.0,0.01673640167364021,10.819999694824219
2017-05-01,17.0,17.26,16.89,17.13,3756778.0,0.007054673721340166,10.109999656677246
2017-05-02,17.19,17.3,17.16,17.29,1932786.0,0.0093403385872739,10.59000015258789
2017-05-03,17.34,17.485,17.325,17.4,2302269.0,0.0063620589936379535,10.680000305175781
2017-05-04,17.47,17.64,17.45,17.61,3245056.0,0.012068965517241459,10.460000038146973
2017-05-05,17.62,17.71,17.52,17.65,4193712.0,0.0022714366837024436,10.569999694824219
2017-05-08,16.87,17.06,16.83,17.05,2773234.0,-0.03399433427762033,9.770000457763672
2017-05-09,16.92,16.98,16.75,16.79,3569033.0,-0.015249266862170208,9.960000038146973
2017-05-10,16.88,16.97,16.87,16.93,3028963.0,0.008338296605122197,10.210000038146973
2017-05-11,16.79,16.81,16.661,16.7,2137799.0,-0.013585351447135241,10.600000381469727
2017-05-12,16.78,16.81,16.701,16.77,1532399.0,0.004191616766467066,10.399999618530273
2017-05-15,16.77,16.9369,16.24,16.28,8470684.0,-0.029218843172331477,10.420000076293945
2017-05-16,16.44,16.51,16.4,16.5,3435578.0,0.013513513513513375,10.649999618530273
2017-05-17,16.22,16.265,16.06,16.1,2940643.0,-0.024242424242424176,15.59000015258789
2017-05-18,15.96,16.15,15.925,16.07,4799906.0,-0.0018633540372671176,14.65999984741211
2017-05-19,16.31,16.48,16.28,16.37,2197103.0,0.01866832607342883,12.039999961853027
2017-05-22,16.48,16.525,16.345,16.46,2417779.0,0.005497861942577842,10.930000305175781
2017-05-23,16.41,16.57,16.3,16.48,2220266.0,0.0012150668286754485,10.720000267028809
2017-05-24,16.27,16.33,16.19,16.24,1871952.0,-0.01456310679611661,10.020000457763672
2017-05-25,16.28,16.345,16.165,16.22,1097742.0,-0.0012315270935960854,9.989999771118164
2017-05-26,16.16,16.28,16.15,16.22,1764010.0,0.0,9.8100004196167
2017-05-30,16.03,16.105,16.0,16.0,1619633.0,-0.013563501849568338,10.380000114440918
2017-05-31,16.07,16.07,15.86,15.89,2148984.0,-0.0068749999999999645,10.40999984741211
2017-06-01,16.01,16.12,15.97,16.1,2170724.0,0.013215859030837107,9.890000343322754
2017-06-02,15.99,16.13,15.9201,16.07,2222676.0,-0.0018633540372671176,9.75
2017-06-05,16.0,16.06,15.925,15.95,1391612.0,-0.007467330429371533,10.069999694824219
2017-06-06,15.97,16.04,15.9127,15.98,1661994.0,0.0018808777429468737,10.449999809265137
2017-06-07,16.1,16.18,16.02,16.07,1737050.0,0.005632040050062459,10.390000343322754
2017-06-08,15.79,15.9,15.77,15.86,2580486.0,-0.013067828251400182,10.15999984741211
2017-06-09,15.83,16.06,15.79,16.04,3280690.0,0.01134930643127352,10.699999809265137
2017-06-12,15.97,16.03,15.85,15.96,2337679.0,-0.004987531172069737,11.460000038146973
2017-06-13,16.23,16.35,16.22,16.32,2930517.0,0.022556390977443552,10.420000076293945
2017-06-14,16.26,16.26,16.02,16.18,3118940.0,-0.0085784313725491,10.640000343322754
2017-06-15,15.93,16.05,15.92,16.0,2567393.0,-0.011124845488257096,10.899999618530273
2017-06-16,16.13,16.24,16.051,16.23,2726467.0,0.014375000000000027,10.380000114440918
2017-06-19,16.26,16.34,16.23,16.29,1472655.0,0.003696857670979492,10.369999885559082
2017-06-20,16.23,16.245,15.99,16.02,1440540.0,-0.016574585635359074,10.859999656677246
2017-06-21,16.06,16.17,15.985,16.13,2491492.0,0.006866416978776435,10.75
2017-06-22,16.1,16.21,16.055,16.14,2928032.0,0.000619962802231866,10.479999542236328
2017-06-23,16.09,16.155,16.01,16.06,1554280.0,-0.004956629491945641,10.020000457763672
2017-06-26,16.23,16.3,16.17,16.24,1988044.0,0.011207970112079746,9.899999618530273
2017-06-27,16.53,16.675,16.51,16.59,2983102.0,0.02155172413793105,11.0600004196167
2017-06-28,16.8,17.08,16.78,17.05,2879852.0,0.02772754671488853,10.029999732971191
2017-06-29,17.28,17.3,16.99,17.11,3085106.0,0.0035190615835776207,11.4399995803833
2017-06-30,17.18,17.18,16.905,16.98,1800834.0,-0.007597895967270563,11.180000305175781
2017-07-03,17.4,17.48,17.32,17.32,1546878.0,0.020023557126030544,11.220000267028809
2017-07-05,17.24,17.39,17.1401,17.36,2089649.0,0.002309468822170757,11.069999694824219
2017-07-06,17.25,17.42,17.19,17.31,1950999.0,-0.002880184331797264,12.539999961853027
2017-07-07,17.41,17.57,17.37,17.55,2123721.0,0.013864818024263537,11.1899995803833
2017-07-10,17.46,17.61,17.44,17.56,1278099.0,0.0005698005698004938,11.109999656677246
2017-07-11,17.54,17.57,17.39,17.51,1349341.0,-0.0028473804100226374,10.890000343322754
2017-07-12,17.46,17.49,17.35,17.46,1395962.0,-0.002855511136493516,10.300000190734863
2017-07-13,17.5,17.54,17.425,17.51,1298278.0,0.00286368843069873,9.899999618530273
2017-07-14,17.39,17.6,17.35,17.56,1320196.0,0.002855511136493183,9.510000228881836
2017-07-17,17.47,17.545,17.46,17.49,1098489.0,-0.003986332574031914,9.819999694824219
2017-07-18,17.6,17.65,17.5233,17.65,1438508.0,0.00914808461978267,9.890000343322754
2017-07-19,17.72,17.84,17.7,17.77,1484669.0,0.0067988668555241105,9.789999961853027
2017-07-20,17.81,17.89,17.7816,17.8,1629095.0,0.0016882386043894915,9.579999923706055
2017-07-21,17.68,17.695,17.555,17.66,1147889.0,-0.00786516853932584,9.359999656677246
2017-07-24,17.97,18.08,17.8818,18.06,1838559.0,0.022650056625141524,9.430000305175781
2017-07-25,18.27,18.31,18.15,18.18,2111369.0,0.006644518272425293,9.430000305175781
2017-07-26,18.13,18.21,18.0208,18.11,1971026.0,-0.0038503850385038785,9.600000381469727
2017-07-27,18.04,18.07,17.92,17.98,1672231.0,-0.007178354500276041,10.109999656677246
2017-07-28,17.37,17.57,17.29,17.52,2344487.0,-0.025583982202447175,10.289999961853027
2017-07-31,17.4,17.46,17.28,17.43,1912737.0,-0.005136986301369828,10.260000228881836
2017-08-01,17.53,17.66,17.53,17.58,964786.0,0.008605851979345935,10.09000015258789
2017-08-02,17.43,17.53,17.405,17.49,918000.0,-0.005119453924914641,10.279999732971191
2017-08-03,17.43,17.53,17.4,17.46,1009342.0,-0.0017152658662090703,10.4399995803833
2017-08-04,17.5,17.605,17.46,17.53,1425503.0,0.004009163802978222,10.029999732971191
2017-08-07,17.35,17.509,17.315,17.48,1315794.0,-0.0028522532800913103,9.930000305175781
2017-08-08,17.38,17.41,17.19,17.23,1728181.0,-0.014302059496567487,10.960000038146973
2017-08-09,17.17,17.32,17.13,17.31,1269017.0,0.004643064422518828,11.109999656677246
2017-08-10,17.28,17.3,17.04,17.05,1510467.0,-0.015020219526285294,16.040000915527344
2017-08-11,17.06,17.12,16.99,17.05,1157410.0,0.0,15.510000228881836
2017-08-14,17.11,17.185,17.109,17.12,1361792.0,0.004105571847507372,12.329999923706055
2017-08-15,17.16,17.18,17.06,17.1,910165.0,-0.001168224299065379,12.039999961853027
2017-08-16,17.14,17.16,17.03,17.08,1018915.0,-0.0011695906432750425,11.739999771118164
2017-08-17,16.92,16.9799,16.74,16.75,1202298.0,-0.01932084309133475,15.550000190734863
2017-08-18,16.8,16.9,16.78,16.83,1612844.0,0.004776119402984946,14.260000228881836
2017-08-21,16.69,16.78,16.66,16.76,1095576.0,-0.004159239453356944,13.1899995803833
2017-08-22,16.62,16.75,16.62,16.75,1244670.0,-0.0005966587112172794,11.350000381469727
2017-08-23,16.55,16.7,16.52,16.65,1618038.0,-0.005970149253731405,12.25
2017-08-24,16.71,16.7565,16.675,16.69,1078936.0,0.002402402402402526,12.229999542236328
2017-08-25,16.75,16.8599,16.74,16.81,1057038.0,0.0071899340922707555,11.279999732971191
2017-08-28,16.81,16.81,16.69,16.7,1068504.0,-0.006543723973825077,11.319999694824219
2017-08-29,16.49,16.63,16.47,16.55,1353420.0,-0.008982035928143617,11.699999809265137
2017-08-30,16.56,16.57,16.47,16.51,1733447.0,-0.0024169184290029344,11.220000267028809
2017-08-31,16.38,16.48,16.35,16.44,3857878.0,-0.004239854633555473,10.59000015258789
2017-09-01,16.45,16.5,16.4,16.42,2773007.0,-0.0012165450121653931,10.130000114440918
2017-09-05,16.3,16.335,16.07,16.16,3019929.0,-0.015834348355663885,12.229999542236328
2017-09-06,16.23,16.36,16.23,16.31,1728288.0,0.009282178217821624,11.630000114440918
2017-09-07,16.38,16.41,16.21,16.25,3025109.0,-0.0036787247087675112,11.550000190734863
2017-09-08,16.48,16.52,16.38,16.4,1755921.0,0.009230769230769154,12.119999885559082
2017-09-11,16.54,16.61,16.46,16.48,2412223.0,0.004878048780487809,10.729999542236328
2017-09-12,16.74,16.811,16.69,16.71,3622483.0,0.013956310679611672,10.579999923706055
2017-09-13,16.73,16.79,16.61,16.66,2069814.0,-0.0029922202274087484,10.5
2017-09-14,16.68,16.7057,16.6,16.63,1880144.0,-0.0018007202881152873,10.4399995803833
2017-09-15,16.7,16.725,16.65,16.7,1227680.0,0.004209260372820323,10.170000076293945
2017-09-18,16.77,16.85,16.77,16.81,1100830.0,0.006586826347305452,10.149999618530273
2017-09-19,16.91,17.0,16.91,16.94,983808.0,0.007733491969066142,10.180000305175781
2017-09-20,16.91,16.92,16.81,16.89,1361638.0,-0.002951593860684776,9.779999732971191
2017-09-21,16.95,17.015,16.93,16.96,1132815.0,0.00414446417998815,9.670000076293945
2017-09-22,16.89,16.98,16.88,16.98,974571.0,0.001179245283018826,9.59000015258789
2017-09-25,16.83,16.89,16.72,16.78,1437192.0,-0.011778563015312105,10.210000038146973
2017-09-26,16.76,16.78,16.655,16.68,998016.0,-0.005959475566150285,10.170000076293945
2017-09-27,16.94,16.97,16.82,16.93,1356170.0,0.014988009592326046,9.869999885559082
2017-09-28,16.89,17.0,16.88,16.98,915362.0,0.002953337271116352,9.550000190734863
2017-09-29,16.92,17.15,16.91,17.15,1155805.0,0.010011778563015161,9.510000228881836
2017-10-02,17.08,17.16,17.01,17.12,1555583.0,-0.0017492711370260539,9.449999809265137
2017-10-03,17.12,17.21,17.115,17.19,1391330.0,0.004088785046729049,9.510000228881836
2017-10-04,17.07,17.13,16.94,16.95,2186020.0,-0.013961605584642323,9.630000114440918
2017-10-05,17.06,17.23,17.04,17.17,1249672.0,0.012979351032448516,9.1899995803833
2017-10-06,17.13,17.14,17.05,17.11,1425795.0,-0.0034944670937683275,9.649999618530273
2017-10-09,17.1,17.115,16.9942,17.03,897049.0,-0.004675628287551081,10.329999923706055
2017-10-10,17.1,17.25,17.085,17.21,1126896.0,0.010569583088666956,10.079999923706055
2017-10-11,17.15,17.175,17.11,17.16,865725.0,-0.0029052876234747504,9.850000381469727
2017-10-12,17.15,17.26,17.115,17.18,1568364.0,0.0011655011655011815,9.90999984741211
2017-10-13,17.32,17.4,17.26,17.28,2551633.0,0.005820721769499437,9.609999656677246
2017-10-16,17.22,17.31,17.18,17.28,1303973.0,0.0,9.90999984741211
2017-10-17,17.33,17.33,17.2,17.24,1445130.0,-0.0023148148148149916,10.3100004196167
2017-10-18,17.21,17.355,17.2,17.26,1519555.0,0.0011600928074246841,10.069999694824219
2017-10-19,17.19,17.36,17.19,17.31,1306411.0,0.0028968713789105927,10.050000190734863
2017-10-20,17.38,17.45,17.34,17.43,1009959.0,0.006932409012131879,9.970000267028809
2017-10-23,17.38,17.4,17.29,17.33,1414916.0,-0.005737234652897438,11.069999694824219
2017-10-24,17.35,17.475,17.33,17.41,3099829.0,0.00461627236006934,11.15999984741211
2017-10-25,17.42,17.43,17.17,17.285,1784080.0,-0.007179781734635293,11.229999542236328
2017-10-26,17.33,17.36,17.11,17.12,1713732.0,-0.00954584900202482,11.300000190734863
2017-10-27,17.06,17.085,16.95,17.01,2000780.0,-0.006425233644859807,9.800000190734863
2017-10-30,16.96,17.04,16.89,16.92,1828278.0,-0.005291005291005235,10.5
2017-10-31,17.01,17.05,16.99,17.01,1386951.0,0.005319148936170137,10.180000305175781
2017-11-01,16.92,16.9664,16.86,16.9,1313998.0,-0.0064667842445621515,10.199999809265137
2017-11-02,17.09,17.27,17.09,17.26,2031570.0,0.02130177514792919,9.930000305175781
2017-11-03,17.09,17.09,17.01,17.08,1173247.0,-0.010428736964078977,9.140000343322754
2017-11-06,16.86,17.06,16.86,17.05,945907.0,-0.0017564402810302804,9.399999618530273
2017-11-07,17.0,17.08,16.855,16.9,1412128.0,-0.008797653958944385,9.890000343322754
2017-11-08,16.86,16.99,16.79,16.95,1486275.0,0.002958579881656931,9.779999732971191
2017-11-09,16.92,16.96,16.81,16.93,2325901.0,-0.0011799410029498247,10.5
2017-11-10,17.13,17.17,17.09,17.11,2681267.0,0.010632014176018778,11.289999961853027
2017-11-13,16.92,17.05,16.89,17.01,1294070.0,-0.005844535359438852,11.5
2017-11-14,17.02,17.045,16.97,17.01,1183896.0,0.0,11.59000015258789
2017-11-15,16.84,17.015,16.805,16.98,1164677.0,-0.0017636684303351524,13.130000114440918
2017-11-16,17.13,17.15,17.04,17.05,1098728.0,0.0041224970553592755,11.760000228881836
2017-11-17,17.02,17.2,16.99,17.15,1548610.0,0.00586510263929596,11.430000305175781
2017-11-20,17.17,17.17,17.035,17.1,1581999.0,-0.002915451895043608,10.649999618530273
2017-11-21,17.13,17.174,17.07,17.11,1215109.0,0.0005847953216373547,9.729999542236328
2017-11-22,17.21,17.3,17.15,17.2,1196065.0,0.005260081823495133,9.880000114440918
2017-11-24,17.3,17.34,17.26,17.26,691774.0,0.0034883720930234396,9.670000076293945
2017-11-27,17.15,17.21,17.1136,17.14,1613868.0,-0.006952491309385911,9.869999885559082
2017-11-28,17.05,17.33,17.01,17.31,1874943.0,0.009918319719953272,10.029999732971191
2017-11-29,17.26,17.36,17.16,17.28,3889586.0,-0.0017331022530328033,10.699999809265137
2017-11-30,17.38,17.39,17.155,17.18,2873743.0,-0.0057870370370370905,11.279999732971191
2017-12-01,17.26,17.545,17.24,17.52,3456288.0,0.019790454016298087,11.430000305175781
2017-12-04,17.47,17.49,17.36,17.36,1912893.0,-0.0091324200913242,11.680000305175781
2017-12-05,17.29,17.3,17.1,17.1,1223663.0,-0.01497695852534553,11.329999923706055
2017-12-06,17.03,17.085,16.96,16.97,1588561.0,-0.007602339181286721,11.020000457763672
2017-12-07,17.08,17.14,17.03,17.04,2668041.0,0.004124926340601132,10.15999984741211
2017-12-08,17.4,17.52,17.395,17.48,3498929.0,0.025821596244131495,9.579999923706055
2017-12-11,17.7,17.825,17.67,17.8,2392351.0,0.01830663615560635,9.34000015258789
2017-12-12,17.78,17.885,17.75,17.86,2425819.0,0.003370786516853963,9.920000076293945
2017-12-13,18.0,18.07,17.89,17.89,2664990.0,0.0016797312430012479,10.180000305175781
2017-12-14,18.19,18.195,18.02,18.04,2326562.0,0.00838457238680812,10.489999771118164
2017-12-15,18.11,18.18,18.055,18.11,2050850.0,0.0038802660753880502,9.420000076293945
2017-12-18,18.29,18.47,18.29,18.37,2904737.0,0.014356709000552303,9.529999732971191
2017-12-19,18.44,18.47,18.365,18.38,1898537.0,0.0005443658138268859,10.029999732971191
2017-12-20,18.31,18.36,18.17,18.21,2072359.0,-0.009249183895538526,9.720000267028809
2017-12-21,18.31,18.47,18.3,18.4,1347002.0,0.010433827567270626,9.619999885559082
2017-12-22,18.3,18.33,18.235,18.31,1095095.0,-0.004891304347826031,9.899999618530273
2017-12-26,18.37,18.389,18.22,18.25,1337399.0,-0.003276897870016282,10.25
2017-12-27,18.22,18.24,18.14,18.15,972788.0,-0.005479452054794609,10.470000267028809
2017-12-28,18.36,18.405,18.34,18.37,1010957.0,0.0121212121212122,10.180000305175781
2017-12-29,18.41,18.45,18.36,18.39,1159657.0,0.0010887316276537717,11.039999961853027
2018-01-02,18.5,18.66,18.44,18.5,1312360.0,0.005981511691136365,9.770000457763672
2018-01-03,18.54,18.84,18.52,18.79,2617675.0,0.015675675675675738,9.149999618530273
2018-01-04,18.95,19.02,18.915,18.95,2433112.0,0.00851516764236293,9.220000267028809
2018-01-05,18.9,18.93,18.68,18.79,2137660.0,-0.008443271767810012,9.220000267028809
2018-01-08,18.86,18.94,18.84,18.88,2035419.0,0.0047897817988291624,9.520000457763672
2018-01-09,18.84,18.97,18.795,18.93,1842011.0,0.0026483050847458944,10.079999923706055
2018-01-10,19.04,19.06,18.965,19.02,1727805.0,0.004754358161648264,9.819999694824219
2018-01-11,19.14,19.305,19.115,19.3,2869305.0,0.014721345951629994,9.880000114440918
2018-01-12,19.3,19.61,19.3,19.59,3399300.0,0.015025906735751215,10.15999984741211
2018-01-16,19.55,19.63,19.345,19.42,2846548.0,-0.00867789688616627,11.65999984741211
2018-01-17,19.38,19.57,19.29,19.48,1868511.0,0.003089598352214118,11.90999984741211
2018-01-18,19.72,19.9,19.71,19.85,2947085.0,0.018993839835729,12.220000267028809
2018-01-19,19.98,20.17,19.95,20.16,3869088.0,0.015617128463476071,11.270000457763672
2018-01-22,19.92,20.29,19.9,20.27,4079490.0,0.005456349206349076,11.029999732971191
2018-01-23,20.39,20.48,20.305,20.44,2361396.0,0.008386778490379942,11.100000381469727
2018-01-24,20.74,20.78,20.42,20.64,3523763.0,0.009784735812133016,11.470000267028809
2018-01-25,20.7,20.76,20.56,20.62,3493726.0,-0.0009689922480620172,11.579999923706055
2018-01-26,20.64,20.89,20.61,20.89,3268719.0,0.013094083414161073,11.079999923706055
2018-01-29,20.71,20.74,20.46,20.53,3012508.0,-0.017233125897558654,13.84000015258789
2018-01-30,20.48,20.52,20.34,20.36,2225066.0,-0.008280565026790199,14.789999961853027
2018-01-31,20.38,20.44,20.3,20.32,2837977.0,-0.0019646365422396617,13.539999961853027
2018-02-01,20.46,20.7,20.43,20.67,3012253.0,0.017224409448818978,13.470000267028809
2018-02-02,20.48,20.525,20.1,20.14,3553838.0,-0.02564102564102566,17.309999465942383
2018-02-05,19.75,19.845,19.065,19.15,5697558.0,-0.04915590863952346,37.31999969482422
2018-02-06,19.18,19.38,18.85,19.21,4230117.0,0.003133159268929653,29.979999542236328
2018-02-07,19.04,19.3,19.01,19.15,3122423.0,-0.003123373243102634,27.729999542236328
2018-02-08,19.24,19.24,18.49,18.5,4459750.0,-0.03394255874673624,33.459999084472656
2018-02-09,18.46,18.7,18.15,18.6,3588443.0,0.005405405405405572,29.059999465942383
2018-02-12,18.6,18.86,18.5,18.71,1900759.0,0.005913978494623606,25.610000610351562
2018-02-13,18.53,18.67,18.5,18.62,2511919.0,-0.0048102618920363716,24.969999313354492
2018-02-14,18.48,19.11,18.46,19.1,2130685.0,0.025778732545649774,19.260000228881836
2018-02-15,19.21,19.22,19.0,19.19,1914412.0,0.0047120418848167755,19.1299991607666
2018-02-16,19.07,19.33,19.07,19.21,1831744.0,0.0010422094841062712,19.459999084472656
2018-02-20,19.12,19.28,19.11,19.18,2120293.0,-0.001561686621551317,20.600000381469727
2018-02-21,19.25,19.44,19.225,19.24,2184129.0,0.0031282586027110426,20.020000457763672
2018-02-22,19.35,19.41,19.17,19.22,1940737.0,-0.0010395010395010118,18.719999313354492
2018-02-23,19.27,19.445,19.245,19.42,1395944.0,0.010405827263267664,16.489999771118164
2018-02-26,19.36,19.53,19.29,19.49,2033999.0,0.003604531410916323,15.800000190734863
2018-02-27,19.36,19.49,19.31,19.32,1335570.0,-0.008722421754745913,18.59000015258789
2018-02-28,19.32,19.32,18.97,18.97,1743480.0,-0.018115942028985588,19.850000381469727
2018-03-01,18.79,18.86,18.54,18.69,3274163.0,-0.014760147601475926,22.469999313354492
2018-03-02,18.49,18.54,18.19,18.52,3564316.0,-0.009095773140717078,19.59000015258789
2018-03-05,18.17,18.465,18.14,18.38,3945685.0,-0.0075593952483801186,18.729999542236328
2018-03-06,18.59,18.665,18.52,18.58,2529442.0,0.01088139281828071,18.360000610351562
2018-03-07,18.3,18.49,18.28,18.45,2334982.0,-0.006996770721205525,17.760000228881836
2018-03-08,18.44,18.48,18.32,18.41,2709548.0,-0.0021680216802167918,16.540000915527344
2018-03-09,18.29,18.425,18.25,18.39,2983940.0,-0.0010863661053774898,14.640000343322754
2018-03-12,18.57,18.62,18.48,18.55,1815285.0,0.008700380641653016,15.779999732971191
2018-03-13,18.52,18.54,18.2,18.23,1697320.0,-0.01725067385444745,16.350000381469727
2018-03-14,18.41,18.43,18.17,18.2,1585188.0,-0.001645639056500392,17.229999542236328
2018-03-15,18.26,18.46,18.245,18.39,1845567.0,0.010439560439560402,16.59000015258789
2018-03-16,18.45,18.54,18.42,18.45,1653309.0,0.0032626427406199365,15.800000190734863
2018-03-19,18.51,18.56,18.135,18.27,1727749.0,-0.009756097560975618,19.020000457763672
2018-03-20,18.33,18.44,18.26,18.35,1432441.0,0.004378762999452723,18.200000762939453
2018-03-21,18.1,18.25,17.99,18.12,2367570.0,-0.012534059945504161,17.860000610351562
2018-03-22,17.84,17.865,17.34,17.34,4249412.0,-0.04304635761589415,23.34000015258789
2018-03-23,17.54,17.61,17.24,17.24,4516429.0,-0.005767012687427964,24.8700008392334
2018-03-26,17.71,17.75,17.42,17.62,2574813.0,0.022041763341067444,21.030000686645508
2018-03-27,17.72,17.77,17.37,17.47,2408968.0,-0.008513053348467747,22.5
2018-03-28,17.57,17.785,17.46,17.59,2872861.0,0.006868918145392255,22.8700008392334
2018-03-29,17.6,17.69,17.47,17.66,1743201.0,0.003979533826037551,19.969999313354492
2018-04-02,17.53,17.715,17.23,17.37,3506058.0,-0.016421291053227538,23.6200008392334
2018-04-03,17.29,17.315,17.15,17.28,2287002.0,-0.005181347150259086,21.100000381469727
2018-04-04,16.88,17.1,16.83,17.08,4219579.0,-0.011574074074074292,20.059999465942383
2018-04-05,17.19,17.36,17.16,17.31,2728447.0,0.013466042154566704,18.940000534057617
2018-04-06,17.27,17.35,17.015,17.09,2379418.0,-0.012709416522241446,21.489999771118164
2018-04-09,17.28,17.475,17.21,17.23,1952821.0,0.008191925102399189,21.770000457763672
2018-04-10,17.46,17.535,17.41,17.44,2630471.0,0.012188044109112006,20.469999313354492
2018-04-11,17.43,17.435,17.29,17.32,1402815.0,-0.006880733944954143,20.239999771118164
2018-04-12,17.43,17.59,17.4,17.53,1488591.0,0.012124711316397363,18.489999771118164
2018-04-13,17.74,17.75,17.391,17.45,1513126.0,-0.004563605248146141,17.40999984741211
2018-04-16,17.57,17.6,17.495,17.52,1769367.0,0.0040114613180515235,16.559999465942383
2018-04-17,17.53,17.615,17.48,17.51,1472142.0,-0.0005707762557076723,15.25
2018-04-18,17.6,17.62,17.42,17.44,2104388.0,-0.003997715591090856,15.600000381469727
2018-04-19,17.53,17.71,17.52,17.65,1506872.0,0.012041284403669472,15.960000038146973
2018-04-20,17.68,17.717,17.6,17.65,1712133.0,0.0,16.8799991607666
2018-04-23,17.11,17.25,17.02,17.13,3728474.0,-0.029461756373937664,16.34000015258789
2018-04-24,17.065,17.09,16.83,16.88,2076495.0,-0.014594279042615343,18.020000457763672
2018-04-25,16.75,16.825,16.67,16.77,2626531.0,-0.006516587677725116,17.84000015258789
2018-04-26,16.94,16.97,16.88,16.91,2070254.0,0.008348240906380422,16.239999771118164
2018-04-27,16.75,16.86,16.675,16.82,1296494.0,-0.0053222945002956434,15.40999984741211
2018-04-30,16.83,16.94,16.8,16.8,1487093.0,-0.0011890606420926764,15.930000305175781
2018-05-01,16.78,16.78,16.6,16.68,2191448.0,-0.0071428571428572285,15.489999771118164
2018-05-02,16.67,16.685,16.49,16.52,1667988.0,-0.00959232613908878,15.970000267028809
2018-05-03,16.53,16.58,16.32,16.52,2124105.0,0.0,15.899999618530273
2018-05-04,16.44,16.64,16.425,16.6,2113396.0,0.004842615012106588,14.770000457763672
2018-05-07,15.95,16.03,15.93,15.98,1677049.0,-0.03734939759036149,14.75
2018-05-08,16.035,16.07,15.955,15.98,2231454.0,0.0,14.710000038146973
2018-05-09,16.06,16.28,16.05,16.22,2976509.0,0.015018773466833446,13.420000076293945
2018-05-10,16.21,16.32,16.19,16.26,1510128.0,0.002466091245376223,13.229999542236328
2018-05-11,16.38,16.425,16.34,16.34,1144776.0,0.004920049200491938,12.649999618530273
2018-05-14,16.32,16.355,16.26,16.27,1331978.0,-0.004283965728274164,12.930000305175781
2018-05-15,16.16,16.3,16.13,16.2,1026288.0,-0.004302397049784856,14.630000114440918
2018-05-16,16.05,16.12,16.03,16.08,1924680.0,-0.007407407407407418,13.420000076293945
2018-05-17,16.04,16.16,16.025,16.07,1607738.0,-0.0006218905472635816,13.430000305175781
2018-05-18,16.06,16.07,15.95,15.97,1362407.0,-0.0062227753578095735,13.420000076293945
2018-05-21,16.02,16.085,15.98,16.03,1255967.0,0.0037570444583594487,13.079999923706055
2018-05-22,16.42,16.45,16.33,16.34,1897336.0,0.01933873986275736,13.220000267028809
2018-05-23,16.23,16.27,16.045,16.15,1855510.0,-0.011627906976744318,12.579999923706055
2018-05-24,16.04,16.04,15.9,15.97,1816415.0,-0.011145510835913197,12.529999732971191
2018-05-25,15.92,15.95,15.83,15.88,1444950.0,-0.005635566687539173,13.220000267028809
2018-05-29,15.49,15.605,15.14,15.21,4146964.0,-0.04219143576826201,17.020000457763672
2018-05-30,15.33,15.4567,15.305,15.39,2248943.0,0.01183431952662728,14.9399995803833
2018-05-31,15.22,15.27,15.03,15.22,5168650.0,-0.011046133853151341,15.430000305175781
2018-06-01,15.47,15.69,15.47,15.62,3687371.0,0.026281208935611033,13.460000038146973
2018-06-04,15.73,15.744,15.61,15.64,1571018.0,0.001280409731114096,12.739999771118164
2018-06-05,15.43,15.44,15.23,15.28,2604242.0,-0.023017902813299296,12.399999618530273
2018-06-06,15.3,15.51,15.255,15.48,1797803.0,0.01308900523560208,11.640000343322754
2018-06-07,15.55,15.61,15.435,15.55,1770524.0,0.004521963824289488,12.130000114440918
2018-06-08,15.46,15.465,15.37,15.45,1514994.0,-0.006430868167202619,12.180000305175781
2018-06-11,15.84,16.01,15.81,15.91,2422400.0,0.02977346278317161,12.350000381469727
2018-06-12,15.98,16.01,15.85,15.88,1924526.0,-0.0018856065367692798,12.34000015258789
2018-06-13,15.87,15.931,15.815,15.83,1279582.0,-0.0031486146095718315,12.9399995803833
2018-06-14,15.81,15.905,15.8,15.8,1719963.0,-0.0018951358180668842,12.119999885559082
2018-06-15,15.39,15.6,15.38,15.55,2088109.0,-0.015822784810126556,11.979999542236328
2018-06-18,15.27,15.29,15.18,15.28,1860706.0,-0.017363344051447016,12.3100004196167
2018-06-19,15.06,15.19,15.025,15.16,2380796.0,-0.007853403141361182,13.350000381469727
2018-06-20,15.42,15.43,15.28,15.31,1995547.0,0.009894459102902431,12.789999961853027
2018-06-21,15.24,15.26,15.14,15.19,1216235.0,-0.007838014369693114,14.640000343322754
2018-06-22,15.53,15.645,15.5,15.59,1839728.0,0.026333113890717685,13.770000457763672
2018-06-25,15.31,15.35,15.17,15.24,1963485.0,-0.022450288646568284,17.329999923706055
2018-06-26,15.3,15.35,15.15,15.33,2299104.0,0.0059055118110236116,15.920000076293945
2018-06-27,15.25,15.4,15.14,15.15,1981767.0,-0.011741682974559686,17.90999984741211
2018-06-28,15.2,15.265,15.09,15.21,1389153.0,0.003960396039603964,16.850000381469727
2018-06-29,15.36,15.49,15.33,15.34,2403915.0,0.008547008547008517,16.09000015258789
2018-07-02,15.1,15.26,15.08,15.18,3513164.0,-0.010430247718383301,15.600000381469727
2018-07-03,15.2,15.25,15.13,15.14,1283739.0,-0.0026350461133068936,16.139999389648438
2018-07-05,15.32,15.32,15.19,15.21,2165283.0,0.004623513870541718,14.970000267028809
2018-07-06,15.22,15.4,15.185,15.37,1427257.0,0.01051939513477973,13.369999885559082
2018-07-09,15.26,15.4,15.25,15.39,2242635.0,0.0013012361743658385,12.6899995803833
2018-07-10,15.21,15.3,15.18,15.29,1664646.0,-0.006497725795971521,12.640000343322754
2018-07-11,15.02,15.1,14.97,14.98,1686740.0,-0.020274689339437435,13.630000114440918
2018-07-12,14.95,15.02,14.89,15.0,1236265.0,0.001335113484646211,12.579999923706055
2018-07-13,15.02,15.06,14.945,15.0,1531479.0,0.0,12.180000305175781
2018-07-16,15.14,15.24,15.12,15.22,2416430.0,0.014666666666666606,12.829999923706055
2018-07-17,15.14,15.26,15.117,15.19,4167206.0,-0.001971090670170872,12.0600004196167
2018-07-18,15.27,15.42,15.246,15.4,4079654.0,0.01382488479262678,12.100000381469727
2018-07-19,15.42,15.45,15.293,15.33,2294369.0,-0.004545454545454519,12.869999885559082
2018-07-20,15.27,15.41,15.24,15.38,2165056.0,0.003261578604044413,12.859999656677246
2018-07-23,15.36,15.53,15.35,15.52,2413158.0,0.00910273081924573,12.619999885559082
2018-07-24,15.96,16.1,15.92,16.05,3326415.0,0.034149484536082575,12.40999984741211
2018-07-25,16.11,16.14,15.94,16.06,3229916.0,0.0006230529595014911,12.289999961853027
2018-07-26,16.14,16.16,16.02,16.07,2975399.0,0.0006226650062266526,12.140000343322754
2018-07-27,16.2,16.3,16.09,16.14,3280688.0,0.00435594275046669,13.029999732971191
2018-07-30,16.34,16.415,16.29,16.31,1724577.0,0.010532837670383932,14.260000228881836
2018-07-31,16.52,16.54,16.41,16.42,2212448.0,0.006744328632740881,12.829999923706055
2018-08-01,16.38,16.47,16.32,16.38,1314229.0,-0.0024360535931792215,13.149999618530273
2018-08-02,16.1,16.16,16.02,16.13,2070566.0,-0.015262515262515208,12.1899995803833
2018-08-03,16.11,16.195,16.1,16.17,1784750.0,0.002479851208927686,11.640000343322754
2018-08-06,15.94,15.985,15.87,15.93,3499619.0,-0.014842300556586419,11.270000457763672
2018-08-07,16.1,16.165,15.96,15.98,2018647.0,0.003138731952291307,10.930000305175781
2018-08-08,16.06,16.16,16.03,16.12,1969481.0,0.008760951188986343,10.850000381469727
2018-08-09,16.1,16.123,16.0,16.02,1244145.0,-0.006203473945409543,11.270000457763672
2018-08-10,15.63,15.715,15.55,15.61,2468754.0,-0.025593008739076217,13.15999984741211
2018-08-13,15.49,15.59,15.44,15.45,1808982.0,-0.010249839846252384,14.779999732971191
2018-08-14,15.56,15.595,15.47,15.55,2071822.0,0.006472491909385258,13.3100004196167
2018-08-15,15.32,15.52,15.29,15.48,1950216.0,-0.004501607717041778,14.640000343322754
2018-08-16,15.54,15.6,15.46,15.46,1332266.0,-0.0012919896640826156,13.449999809265137
2018-08-17,15.36,15.49,15.34,15.47,958119.0,0.0006468305304010435,12.640000343322754
2018-08-20,15.48,15.56,15.46,15.54,999843.0,0.004524886877828038,12.489999771118164
2018-08-21,15.8,15.86,15.73,15.73,2422305.0,0.012226512226512387,12.859999656677246
2018-08-22,15.74,15.765,15.63,15.72,2443059.0,-0.0006357279084551193,12.25
2018-08-23,15.5,15.58,15.48,15.51,1961385.0,-0.013358778625954248,12.40999984741211
2018-08-24,15.71,15.71,15.58,15.59,984540.0,0.0051579626047710825,11.989999771118164
2018-08-27,15.69,15.84,15.675,15.81,1378549.0,0.014111610006414477,12.15999984741211
2018-08-28,15.84,15.91,15.78,15.78,775975.0,-0.00189753320683117,12.5
2018-08-29,15.84,15.91,15.76,15.9,1450192.0,0.0076045627376426506,12.25
2018-08-30,15.83,15.85,15.73,15.76,939309.0,-0.008805031446540879,13.529999732971191
2018-08-31,15.58,15.7,15.54,15.66,1745879.0,-0.006345177664974555,12.859999656677246
2018-09-04,15.56,15.67,15.49,15.65,1200624.0,-0.0006385696040868138,13.15999984741211
2018-09-05,16.0,16.11,15.86,15.87,1762426.0,0.014057507987220275,13.90999984741211
2018-09-06,15.86,15.94,15.74,15.8,1451001.0,-0.004410838059231148,14.649999618530273
2018-09-07,15.58,15.68,15.57,15.66,1245508.0,-0.008860759493670933,14.880000114440918
2018-09-10,15.64,15.66,15.51,15.54,1071729.0,-0.00766283524904221,14.15999984741211
2018-09-11,15.44,15.51,15.4,15.48,991737.0,-0.0038610038610037423,13.220000267028809
2018-09-12,15.38,15.51,15.38,15.47,903454.0,-0.0006459948320413078,13.140000343322754
2018-09-13,15.65,15.7,15.535,15.58,894913.0,0.007110536522301203,12.369999885559082
2018-09-14,15.56,15.63,15.55,15.62,909122.0,0.0025673940949935137,12.069999694824219
2018-09-17,15.67,15.72,15.64,15.66,879664.0,0.00256081946222797,13.680000305175781
2018-09-18,15.66,15.75,15.65,15.71,871301.0,0.0031928480204341803,12.789999961853027
2018-09-19,15.8,16.05,15.8,15.97,1855777.0,0.01654996817313803,11.75
2018-09-20,16.51,16.68,16.445,16.65,3691200.0,0.0425798371947399,11.800000190734863
2018-09-21,16.63,16.63,16.49,16.51,1316515.0,-0.008408408408408174,11.680000305175781
2018-09-24,16.62,16.63,16.38,16.4,1064486.0,-0.0066626287098729975,12.199999809265137
2018-09-25,16.57,16.6,16.24,16.33,2433479.0,-0.004268292682926833,12.420000076293945
2018-09-26,16.34,16.47,16.3,16.32,1358861.0,-0.0006123698714022296,12.890000343322754
2018-09-27,16.17,16.29,16.09,16.12,1809394.0,-0.01225490196078427,12.40999984741211
2018-09-28,15.76,15.925,15.72,15.73,2472055.0,-0.024193548387096753,12.119999885559082
2018-10-01,15.61,15.665,15.505,15.57,1689317.0,-0.010171646535282908,12.0
2018-10-02,15.45,15.48,15.35,15.39,1700088.0,-0.011560693641618491,12.050000190734863
2018-10-03,15.48,15.5,15.35,15.43,1130588.0,0.002599090318388564,11.609999656677246
2018-10-04,15.51,15.58,15.32,15.47,1747251.0,0.0025923525599482744,14.220000267028809
2018-10-05,15.22,15.24,15.05,15.12,2013252.0,-0.022624434389140413,14.819999694824219
2018-10-08,14.75,14.95,14.73,14.92,2029857.0,-0.013227513227513144,15.6899995803833
2018-10-09,14.85,14.915,14.765,14.84,1434743.0,-0.00536193029490617,15.949999809265137
2018-10-10,14.92,14.92,14.55,14.55,1690040.0,-0.019541778975741164,22.959999084472656
2018-10-11,14.34,14.39,14.1,14.11,3028085.0,-0.03024054982817881,24.979999542236328
2018-10-12,14.49,14.5,14.09,14.27,2401645.0,0.011339475549255962,21.309999465942383
2018-10-15,14.28,14.355,14.19,14.22,1548506.0,-0.003503854239663595,21.299999237060547
2018-10-16,14.28,14.33,14.2,14.32,1393458.0,0.007032348804500765,17.6200008392334
2018-10-17,14.28,14.446,14.19,14.29,1737309.0,-0.0020949720670392358,17.399999618530273
2018-10-18,14.13,14.155,13.81,13.85,2770338.0,-0.030790762771168656,20.059999465942383
2018-10-19,13.8,13.98,13.785,13.84,1761154.0,-0.0007220216606498298,19.889999389648438
2018-10-22,13.91,13.928,13.74,13.77,1904544.0,-0.005057803468208166,19.639999389648438
2018-10-23,13.51,13.67,13.44,13.62,3009899.0,-0.01089324618736387,20.709999084472656
2018-10-24,13.5,13.52,13.21,13.21,4040424.0,-0.03010279001468419,25.229999542236328
2018-10-25,13.42,13.49,13.27,13.33,3179733.0,0.009084027252081794,24.219999313354492
2018-10-26,13.15,13.3,13.01,13.2,2671803.0,-0.009752438109527417,24.15999984741211
2018-10-29,13.5,13.515,13.14,13.25,3395377.0,0.0037878787878788955,24.700000762939453
2018-10-30,13.63,13.68,13.533,13.66,3898222.0,0.030943396226415176,23.350000381469727
2018-10-31,13.77,14.06,13.77,13.9,3041891.0,0.017569546120058677,21.229999542236328
2018-11-01,14.15,14.22,14.07,14.19,3422819.0,0.0208633093525179,19.34000015258789
2018-11-02,14.49,14.49,14.15,14.24,1963509.0,0.0035236081747709314,19.510000228881836
2018-11-05,14.27,14.3,14.09,14.11,1309822.0,-0.009129213483146104,19.959999084472656
2018-11-06,14.05,14.13,14.01,14.09,1229955.0,-0.0014174344436569397,19.90999984741211
2018-11-07,14.32,14.46,14.24,14.44,1997445.0,0.024840312278211485,16.360000610351562
2018-11-08,14.49,14.59,14.12,14.15,2954600.0,-0.020083102493074767,16.719999313354492
2018-11-09,14.0,14.07,13.925,14.0,1691417.0,-0.010600706713780994,17.360000610351562
2018-11-12,13.8,13.81,13.61,13.63,1518977.0,-0.026428571428571357,20.450000762939453
2018-11-13,13.57,13.8,13.57,13.64,2108828.0,0.0007336757153337814,20.020000457763672
2018-11-14,13.78,13.81,13.56,13.7,2299340.0,0.004398826979472137,21.25
2018-11-15,13.54,13.778,13.47,13.73,3162385.0,0.0021897810218978186,19.979999542236328
2018-11-16,13.68,13.74,13.58,13.7,1915205.0,-0.002184996358339464,18.139999389648438
2018-11-19,13.71,13.74,13.54,13.65,2498774.0,-0.0036496350364962904,20.100000381469727
2018-11-20,13.37,13.42,13.237,13.3,2722693.0,-0.02564102564102566,22.479999542236328
2018-11-21,13.58,13.715,13.56,13.6,1493548.0,0.022556390977443552,20.799999237060547
2018-11-23,13.43,13.575,13.43,13.46,1159284.0,-0.010294117647058787,21.520000457763672
2018-11-26,13.79,13.86,13.75,13.8,1690591.0,0.02526002971768193,18.899999618530273
2018-11-27,13.67,13.83,13.61,13.77,1806337.0,-0.0021739130434783593,19.020000457763672
2018-11-28,13.65,13.84,13.48,13.83,3107745.0,0.004357298474945592,18.489999771118164
2018-11-29,13.71,13.75,13.61,13.66,1950261.0,-0.012292118582791,18.790000915527344
2018-11-30,13.51,13.61,13.5,13.53,2181870.0,-0.009516837481698404,18.06999969482422
2018-12-03,13.8,13.82,13.7,13.73,2154622.0,0.014781966001478297,16.440000534057617
2018-12-04,13.6,13.62,13.17,13.21,3387208.0,-0.03787327021121634,20.739999771118164
2018-12-06,12.77,12.85,12.57,12.85,5335263.0,-0.027252081756245383,21.190000534057617
2018-12-07,12.76,12.88,12.53,12.57,3348545.0,-0.021789883268482413,23.229999542236328
2018-12-10,12.49,12.535,12.27,12.38,3190795.0,-0.01511535401750197,22.639999389648438
2018-12-11,12.62,12.64,12.21,12.24,6149662.0,-0.011308562197092087,21.760000228881836
2018-12-12,12.65,12.842,12.59,12.64,3726687.0,0.03267973856209161,21.459999084472656
2018-12-13,12.74,12.795,12.46,12.55,4328717.0,-0.007120253164557,20.649999618530273
2018-12-14,12.5,12.61,12.35,12.37,3090591.0,-0.014342629482071878,21.6299991607666
2018-12-17,12.4,12.4762,12.23,12.25,3403192.0,-0.009700889248181022,24.520000457763672
2018-12-18,12.5,12.55,12.21,12.29,3838331.0,0.0032653061224490187,25.579999923706055
2018-12-19,12.52,12.5854,12.1232,12.22,3911837.0,-0.005695687550854256,25.579999923706055
2018-12-20,11.99,12.09,11.92,12.07,7261206.0,-0.01227495908346976,28.3799991607666
2018-12-21,12.09,12.24,11.845,11.87,3460505.0,-0.016570008285004212,30.110000610351562
2018-12-24,11.84,12.08,11.74,11.81,2475595.0,-0.005054759898904693,36.06999969482422
2018-12-26,11.81,12.2,11.605,12.2,4068940.0,0.03302286198137172,30.40999984741211
2018-12-27,11.96,12.11,11.79,12.11,5324673.0,-0.007377049180327888,29.959999084472656
2018-12-28,12.49,12.545,12.29,12.4,3940039.0,0.023947151114781295,28.34000015258789
2018-12-31,12.42,12.54,12.29,12.38,3983914.0,-0.001612903225806428,25.420000076293945
2019-01-02,12.25,12.63,12.1372,12.55,3210083.0,0.013731825525040486,23.219999313354492
2019-01-03,12.42,12.52,12.353,12.39,2534732.0,-0.012749003984063756,25.450000762939453
2019-01-04,12.67,12.91,12.615,12.84,2743466.0,0.036319612590798966,21.3799991607666
2019-01-07,12.84,13.05,12.775,12.97,3163269.0,0.010124610591900396,21.399999618530273
2019-01-08,13.04,13.09,12.92,13.0,2384501.0,0.0023130300693907646,20.469999313354492
2019-01-09,13.08,13.14,12.93,12.96,3655206.0,-0.003076923076922977,19.979999542236328
2019-01-10,13.02,13.17,13.01,13.1,2622343.0,0.010802469135802406,19.5
2019-01-11,13.05,13.26,13.02,13.18,2160263.0,0.006106870229007688,18.190000534057617
2019-01-14,13.03,13.33,13.03,13.26,2759276.0,0.006069802731411222,19.06999969482422
2019-01-15,13.1,13.23,13.05,13.22,2680386.0,-0.003016591251885359,18.600000381469727
2019-01-16,13.36,13.57,13.34,13.54,2680334.0,0.024205748865355314,19.040000915527344
2019-01-17,13.32,13.545,13.29,13.49,2586401.0,-0.0036927621861151394,18.059999465942383
2019-01-18,13.57,13.62,13.495,13.61,2938011.0,0.008895478131949464,17.799999237060547
2019-01-22,12.91,13.06,12.85,12.94,5007383.0,-0.049228508449669306,20.799999237060547
2019-01-23,13.18,13.185,13.01,13.05,2790602.0,0.008500772797527034,19.520000457763672
2019-01-24,13.01,13.13,12.941,13.07,2265648.0,0.0015325670498083088,18.889999389648438
2019-01-25,13.07,13.175,13.06,13.1,2884431.0,0.002295332823259333,17.420000076293945
2019-01-28,12.97,13.09,12.95,13.04,4429437.0,-0.004580152671755711,18.8700008392334
2019-01-29,13.09,13.15,12.99,13.01,2517199.0,-0.0023006134969324465,19.1299991607666
2019-01-30,13.1,13.26,13.045,13.2,2176458.0,0.01460415065334364,17.65999984741211
2019-01-31,12.91,12.998,12.86,12.96,2367000.0,-0.018181818181818077,16.56999969482422
2019-02-01,12.84,12.94,12.785,12.87,3238302.0,-0.006944444444444531,16.139999389648438
2019-02-04,12.77,12.85,12.71,12.83,2622818.0,-0.0031080031080030768,15.729999542236328
2019-02-05,12.96,13.07,12.95,13.02,1796123.0,0.014809041309431059,15.569999694824219
2019-02-06,13.04,13.1,12.98,12.99,2195913.0,-0.0023041474654377225,15.380000114440918
2019-02-07,12.92,12.94,12.73,12.77,2844007.0,-0.016936104695919996,16.3700008392334
2019-02-08,12.65,12.71,12.525,12.68,2054310.0,-0.007047768206734473,15.720000267028809
2019-02-11,12.78,12.81,12.67,12.69,1454625.0,0.0007886435331230235,15.970000267028809
2019-02-12,12.74,12.855,12.73,12.82,1801642.0,0.010244286840031647,15.430000305175781
2019-02-13,12.97,13.0,12.9,12.91,1305251.0,0.0070202808112325155,15.649999618530273
2019-02-14,12.72,12.77,12.64,12.68,1834179.0,-0.017815646785437678,16.219999313354492
2019-02-15,12.88,12.96,12.86,12.95,2485555.0,0.021293375394321634,14.90999984741211
2019-02-19,12.7,12.945,12.68,12.92,3522558.0,-0.0023166023166022454,14.880000114440918
2019-02-20,12.49,12.555,12.34,12.46,6228354.0,-0.035603715170278605,14.020000457763672
2019-02-21,12.29,12.36,12.27,12.33,3247853.0,-0.010433386837881309,14.460000038146973
2019-02-22,12.42,12.44,12.33,12.34,1892265.0,0.0008110300081103361,13.510000228881836
2019-02-25,12.5,12.58,12.43,12.46,3588470.0,0.009724473257698651,14.850000381469727
2019-02-26,12.55,12.65,12.55,12.61,2287852.0,0.012038523274478186,15.170000076293945
2019-02-27,12.63,12.695,12.6,12.65,1462985.0,0.003172085646312439,14.699999809265137
2019-02-28,12.79,12.81,12.665,12.67,1996968.0,0.0015810276679841806,14.779999732971191
2019-03-01,12.76,12.84,12.71,12.71,2432519.0,0.0031570639305447123,13.569999694824219
2019-03-04,12.74,12.78,12.55,12.63,4738224.0,-0.006294256490952055,14.630000114440918
2019-03-05,12.51,12.52,12.4,12.49,3173007.0,-0.011084718923198733,14.739999771118164
2019-03-06,12.55,12.56,12.32,12.36,3256425.0,-0.01040832666132907,15.739999771118164
2019-03-07,12.15,12.16,11.98,12.01,4996477.0,-0.028317152103559895,16.59000015258789
2019-03-08,11.79,11.96,11.79,11.93,3308749.0,-0.006661115736885881,16.049999237060547
2019-03-11,12.1,12.17,12.06,12.1,3956816.0,0.014249790444258226,14.329999923706055
2019-03-12,12.12,12.17,12.07,12.11,2161641.0,0.0008264462809917106,13.770000457763672
2019-03-13,12.19,12.27,12.19,12.25,1691883.0,0.011560693641618602,13.40999984741211
2019-03-14,12.31,12.35,12.26,12.28,1757139.0,0.002448979591836764,13.5
2019-03-15,12.13,12.24,12.12,12.23,3960273.0,-0.004071661237784907,12.880000114440918
2019-03-18,12.48,12.53,12.47,12.51,2751946.0,0.02289452166802941,13.100000381469727
2019-03-19,12.71,12.765,12.54,12.57,4399813.0,0.004796163069544335,13.5600004196167
2019-03-20,12.35,12.44,12.28,12.32,3751140.0,-0.019888623707239428,13.90999984741211
2019-03-21,12.2,12.3,12.199,12.24,3091239.0,-0.006493506493506551,13.630000114440918
2019-03-22,12.05,12.07,11.88,11.88,7156626.0,-0.02941176470588236,16.479999542236328
2019-03-25,11.88,11.95,11.8,11.85,4109214.0,-0.002525252525252597,16.329999923706055
2019-03-26,11.97,12.02,11.84,11.92,5382971.0,0.005907172995780696,14.680000305175781
2019-03-27,12.14,12.19,12.01,12.02,3957435.0,0.008389261744966348,15.149999618530273
2019-03-28,11.99,12.03,11.92,11.99,3629194.0,-0.0024958402662229595,14.430000305175781
2019-03-29,12.14,12.2,12.061,12.11,2927654.0,0.010008340283569561,13.710000038146973
2019-04-01,12.28,12.44,12.28,12.4,5598487.0,0.023947151114781295,13.399999618530273
2019-04-02,12.38,12.42,12.28,12.41,2959043.0,0.0008064516129031585,13.359999656677246
2019-04-03,12.54,12.6,12.49,12.53,3708730.0,0.00966962127316684,13.739999771118164
2019-04-04,12.55,12.655,12.55,12.59,2332938.0,0.004788507581803714,13.579999923706055
2019-04-05,12.6,12.64,12.53,12.56,2062780.0,-0.002382843526608336,12.819999694824219
2019-04-08,12.53,12.555,12.48,12.53,1684977.0,-0.0023885350318472165,13.180000305175781
2019-04-09,12.56,12.56,12.475,12.52,2382940.0,-0.0007980845969672856,14.279999732971191
2019-04-10,12.49,12.51,12.41,12.47,1604800.0,-0.003993610223642086,13.300000190734863
2019-04-11,12.63,12.75,12.605,12.72,3841529.0,0.020048115477145245,13.020000457763672
2019-04-12,12.92,12.99,12.821,12.85,3926504.0,0.010220125786163381,12.010000228881836
2019-04-15,12.95,12.98,12.88,12.92,3880968.0,0.005447470817120603,12.319999694824219
2019-04-16,13.02,13.15,13.02,13.12,3669920.0,0.015479876160990669,12.180000305175781
2019-04-17,13.28,13.34,13.215,13.33,2352295.0,0.016006097560975707,12.600000381469727
2019-04-18,13.28,13.32,13.21,13.26,2737381.0,-0.005251312828207122,12.09000015258789
2019-04-22,13.23,13.28,13.17,13.26,2559749.0,0.0,12.420000076293945
2019-04-23,13.11,13.205,13.053,13.09,3318376.0,-0.012820512820512775,12.279999732971191
2019-04-24,13.21,13.211,13.09,13.17,3043677.0,0.006111535523300127,13.140000343322754
2019-04-25,13.25,13.39,13.25,13.3,5785120.0,0.009870918754745661,13.25
2019-04-26,13.27,13.34,13.22,13.29,2894602.0,-0.0007518796992482812,12.729999542236328
2019-04-29,13.42,13.55,13.41,13.53,2705384.0,0.018058690744920947,13.109999656677246
2019-04-30,13.52,13.54,13.36,13.44,2194796.0,-0.006651884700665134,13.119999885559082
2019-05-01,13.4,13.52,13.27,13.28,3053001.0,-0.011904761904761862,14.800000190734863
2019-05-02,13.39,13.44,13.31,13.38,2934845.0,0.0075301204819278045,14.420000076293945
2019-05-03,13.36,13.39,13.23,13.33,5274947.0,-0.0037369207772796065,12.869999885559082
2019-05-06,12.47,12.59,12.43,12.56,3436467.0,-0.057764441110277565,15.4399995803833
2019-05-07,12.3,12.32,12.18,12.22,3835431.0,-0.027070063694267454,19.31999969482422
2019-05-08,12.26,12.36,12.224,12.27,3839275.0,0.004091653027823217,19.399999618530273
2019-05-09,11.98,12.16,11.895,12.12,4409147.0,-0.012224938875305624,19.100000381469727
2019-05-10,12.03,12.16,11.96,12.13,3012063.0,0.0008250825082509738,16.040000915527344
2019-05-13,11.8,11.88,11.76,11.79,4202950.0,-0.028029678483099896,20.549999237060547
2019-05-14,11.73,11.89,11.7,11.81,3149078.0,0.0016963528413911355,18.059999465942383
2019-05-15,11.71,11.86,11.67,11.79,3025240.0,-0.0016934801016089684,16.440000534057617
2019-05-16,11.96,12.095,11.95,11.99,6006874.0,0.016963528413910245,15.289999961853027
2019-05-17,11.9,12.07,11.9,11.96,2335350.0,-0.002502085070892335,15.960000038146973
2019-05-20,11.9,12.025,11.88,12.0,3034410.0,0.0033444816053511683,16.309999465942383
2019-05-21,12.0,12.06,11.945,12.04,2062060.0,0.0033333333333331883,14.949999809265137
2019-05-22,11.93,11.98,11.9,11.91,1655847.0,-0.010797342192690906,14.75
2019-05-23,11.68,11.79,11.65,11.77,2555929.0,-0.011754827875734675,16.920000076293945
2019-05-24,11.86,11.93,11.805,11.91,2477295.0,0.011894647408666081,15.850000381469727
2019-05-28,11.78,11.79,11.66,11.66,2364324.0,-0.02099076406381195,17.5
2019-05-29,11.56,11.66,11.5,11.62,2199436.0,-0.0034305317324185847,17.899999618530273
2019-05-30,11.66,11.72,11.54,11.57,1863373.0,-0.004302925989672857,17.299999237060547
2019-05-31,11.46,11.52,11.37,11.43,3454429.0,-0.012100259291270565,18.709999084472656
2019-06-03,11.33,11.495,11.32,11.47,3540393.0,0.0034995625546807574,18.860000610351562
2019-06-04,11.68,11.77,11.63,11.77,4045555.0,0.02615518744550993,16.969999313354492
2019-06-05,11.85,11.85,11.69,11.75,2696637.0,-0.001699235344095107,16.09000015258789
2019-06-06,11.79,11.82,11.664,11.77,2267074.0,0.0017021276595743373,15.930000305175781
2019-06-07,11.84,11.88,11.77,11.8,1743519.0,0.002548853016142827,16.299999237060547
2019-06-10,11.88,11.97,11.85,11.86,2078167.0,0.005084745762711673,15.9399995803833
2019-06-11,11.97,11.99,11.895,11.92,2380555.0,0.005059021922428464,15.989999771118164
2019-06-12,11.79,11.83,11.715,11.74,1711639.0,-0.015100671140939603,15.90999984741211
2019-06-13,11.71,11.76,11.65,11.69,1870579.0,-0.004258943781942137,15.819999694824219
2019-06-14,11.55,11.57,11.49,11.54,2635181.0,-0.01283147989734823,15.279999732971191
2019-06-17,11.56,11.6,11.47,11.48,2342462.0,-0.005199306759098632,15.350000381469727
2019-06-18,11.51,11.73,11.51,11.67,3054661.0,0.016550522648083543,15.149999618530273
2019-06-19,11.78,11.91,11.755,11.76,2605270.0,0.007712082262210762,14.329999923706055
2019-06-20,11.8,11.8162,11.67,11.76,2447779.0,0.0,14.75
2019-06-21,11.7,11.74,11.64,11.64,1860669.0,-0.010204081632652962,15.399999618530273
2019-06-24,11.68,11.71,11.64,11.66,2583296.0,0.0017182130584192379,15.260000228881836
2019-06-25,11.57,11.63,11.55,11.58,2390222.0,-0.006861063464837058,16.280000686645508
2019-06-26,11.65,11.71,11.615,11.68,1638417.0,0.008635578583765069,16.209999084472656
2019-06-27,11.91,11.99,11.835,11.84,2311096.0,0.013698630136986356,15.819999694824219
2019-06-28,11.88,11.935,11.82,11.85,2522568.0,0.0008445945945945166,15.079999923706055
2019-07-01,12.05,12.08,11.84,11.9,3715853.0,0.0042194092827005925,14.0600004196167
2019-07-02,11.9,11.95,11.885,11.93,1776970.0,0.0025210084033613356,12.930000305175781
2019-07-03,12.01,12.04,11.98,11.99,1048658.0,0.005029337803855949,12.569999694824219
2019-07-05,12.18,12.25,12.08,12.14,1890462.0,0.012510425354462118,13.279999732971191
2019-07-08,12.02,12.08,11.95,11.96,2353110.0,-0.014827018121911006,13.960000038146973
2019-07-09,11.84,11.93,11.84,11.88,1884748.0,-0.006688963210702337,14.09000015258789
2019-07-10,12.13,12.15,12.01,12.02,2539700.0,0.011784511784511675,13.029999732971191
2019-07-11,12.04,12.17,12.04,12.16,4070995.0,0.011647254575707144,12.930000305175781
2019-07-12,12.2,12.24,12.175,12.22,3853842.0,0.00493421052631593,12.390000343322754
2019-07-15,12.11,12.2,12.07,12.15,3081309.0,-0.005728314238952592,12.680000305175781
2019-07-16,12.19,12.24,12.1,12.11,2255845.0,-0.003292181069958877,12.859999656677246
2019-07-17,12.17,12.19,12.04,12.04,3345540.0,-0.005780346820809301,13.970000267028809
2019-07-18,12.05,12.13,12.04,12.13,1817409.0,0.007475083056478482,13.529999732971191
2019-07-19,11.98,12.05,11.95,11.97,2498116.0,-0.013190436933223415,14.449999809265137
2019-07-22,12.09,12.12,12.0,12.11,3310363.0,0.011695906432748426,13.529999732971191
2019-07-23,12.26,12.345,12.22,12.29,4478162.0,0.014863748967795187,12.609999656677246
2019-07-24,11.75,11.86,11.715,11.84,5593809.0,-0.03661513425549223,12.069999694824219
2019-07-25,11.69,11.7,11.41,11.46,5360979.0,-0.03209459459459452,12.739999771118164
2019-07-26,11.46,11.47,11.37,11.38,3564082.0,-0.006980802792321161,12.15999984741211
2019-07-29,11.52,11.54,11.36,11.36,5345096.0,-0.0017574692442883233,12.829999923706055
2019-07-30,11.22,11.29,11.185,11.25,3877728.0,-0.009683098591549255,13.9399995803833
2019-07-31,11.26,11.29,11.13,11.17,2965724.0,-0.007111111111111068,16.1200008392334
2019-08-01,11.15,11.24,10.84,10.86,5961181.0,-0.027752909579230156,17.8700008392334
2019-08-02,11.04,11.15,10.945,11.12,6820198.0,0.023941068139963217,17.610000610351562
2019-08-05,11.08,11.09,10.83,10.89,8022834.0,-0.020683453237409943,24.59000015258789
2019-08-06,10.95,10.99,10.77,10.99,5881605.0,0.009182736455463747,20.170000076293945
2019-08-07,10.68,10.825,10.63,10.81,3846751.0,-0.016378525932666088,19.489999771118164
2019-08-08,10.81,10.92,10.78,10.87,2325668.0,0.005550416281220993,16.90999984741211
2019-08-09,10.9,10.94,10.81,10.88,2518041.0,0.0009199632014720294,17.969999313354492
2019-08-12,10.73,10.768,10.62,10.64,3271762.0,-0.022058823529411797,21.09000015258789
2019-08-13,10.52,10.68,10.48,10.63,5790597.0,-0.0009398496240601295,17.520000457763672
2019-08-14,10.23,10.25,10.13,10.16,4338995.0,-0.04421448730009414,22.100000381469727
2019-08-15,10.22,10.29,10.12,10.16,5377831.0,0.0,21.18000030517578
2019-08-16,10.25,10.42,10.25,10.4,3607345.0,0.023622047244094446,18.469999313354492
2019-08-19,10.52,10.559,10.47,10.48,1895780.0,0.007692307692307665,16.8799991607666
2019-08-20,10.47,10.48,10.4,10.41,2414123.0,-0.00667938931297718,17.5
2019-08-21,10.55,10.56,10.47,10.47,2176991.0,0.0057636887608070175,15.800000190734863
2019-08-22,10.63,10.68,10.56,10.63,1657210.0,0.01528175740210136,16.68000030517578
2019-08-23,10.63,10.705,10.46,10.48,2157046.0,-0.01411100658513642,19.8700008392334
2019-08-26,10.57,10.6,10.505,10.59,1992366.0,0.01049618320610679,19.31999969482422
2019-08-27,10.61,10.62,10.46,10.48,1704835.0,-0.010387157695939564,20.309999465942383
2019-08-28,10.38,10.55,10.375,10.51,2487042.0,0.002862595419847347,19.350000381469727
2019-08-29,10.57,10.61,10.53,10.58,1956433.0,0.006660323501427312,17.8799991607666
2019-08-30,10.6,10.67,10.57,10.6,2583880.0,0.001890359168241984,18.979999542236328
2019-09-03,10.54,10.54,10.41,10.48,2922470.0,-0.011320754716981019,19.65999984741211
2019-09-04,10.54,10.59,10.47,10.59,3372949.0,0.01049618320610679,17.329999923706055
2019-09-05,10.76,10.85,10.75,10.81,3479152.0,0.020774315391879128,16.270000457763672
2019-09-06,10.85,10.9,10.81,10.88,1357981.0,0.00647548566142464,15.0
2019-09-09,11.05,11.16,11.03,11.14,4377288.0,0.023897058823529438,15.270000457763672
2019-09-10,11.57,11.61,11.405,11.49,4995211.0,0.0314183123877918,15.199999809265137
2019-09-11,11.52,11.58,11.44,11.58,2382949.0,0.007832898172323688,14.609999656677246
2019-09-12,11.45,11.59,11.4,11.53,2943737.0,-0.0043177892918826455,14.220000267028809
2019-09-13,11.77,11.8,11.7,11.73,3759242.0,0.017346053772766767,13.739999771118164
2019-09-16,11.58,11.625,11.54,11.58,2430153.0,-0.012787723785166238,14.670000076293945
2019-09-17,11.39,11.445,11.322,11.44,2238201.0,-0.012089810017271163,14.4399995803833
2019-09-18,11.43,11.47,11.355,11.44,1753800.0,0.0,13.949999809265137
2019-09-19,11.56,11.62,11.51,11.52,1780540.0,0.006993006993007089,14.050000190734863
2019-09-20,11.54,11.575,11.45,11.45,2617373.0,-0.006076388888888951,15.319999694824219
2019-09-23,11.27,11.37,11.225,11.35,1807766.0,-0.008733624454148492,14.90999984741211
2019-09-24,11.35,11.36,11.21,11.23,2837364.0,-0.01057268722466953,17.049999237060547
2019-09-25,11.13,11.23,11.12,11.23,2328830.0,0.0,15.960000038146973
2019-09-26,11.2,11.27,11.19,11.21,1889022.0,-0.0017809439002670624,16.06999969482422
2019-09-27,11.31,11.37,11.25,11.32,1893522.0,0.009812667261373642,17.219999313354492
2019-09-30,11.39,11.4,11.31,11.31,1829123.0,-0.0008833922261484162,16.239999771118164
2019-10-01,11.3,11.34,11.12,11.14,3684982.0,-0.015030946065428763,18.559999465942383
2019-10-02,10.88,10.92,10.71,10.73,7199632.0,-0.03680430879712748,20.559999465942383
2019-10-03,10.61,10.69,10.52,10.63,3699745.0,-0.009319664492078217,19.1200008392334
2019-10-04,10.63,10.745,10.615,10.73,1961447.0,0.00940733772342428,17.040000915527344
2019-10-07,10.74,10.76,10.67,10.68,1955720.0,-0.004659832246039164,17.860000610351562
2019-10-08,10.59,10.66,10.535,10.59,2480382.0,-0.008426966292134797,20.280000686645508
2019-10-09,10.6,10.64,10.53,10.58,2326390.0,-0.0009442870632672129,18.639999389648438
2019-10-10,10.72,10.795,10.69,10.78,3091303.0,0.018903591682419618,17.56999969482422
2019-10-11,11.1,11.16,11.07,11.1,2790223.0,0.029684601113172615,15.579999923706055
2019-10-14,11.1,11.15,11.05,11.05,1739676.0,-0.0045045045045044585,14.569999694824219
2019-10-15,11.13,11.305,11.07,11.26,2532220.0,0.01900452488687776,13.539999961853027
2019-10-16,11.34,11.39,11.17,11.18,4754787.0,-0.007104795737122527,13.680000305175781
2019-10-17,11.36,11.4,11.25,11.26,3757001.0,0.007155635062611854,13.789999961853027
2019-10-18,11.3,11.37,11.295,11.35,2274299.0,0.00799289520426294,14.25
2019-10-21,11.6,11.66,11.53,11.54,3980625.0,0.016740088105726914,14.0
2019-10-22,11.54,11.63,11.45,11.5,3031298.0,-0.0034662045060658286,14.460000038146973
2019-10-23,11.61,11.67,11.585,11.64,3252948.0,0.012173913043478368,14.010000228881836
2019-10-24,11.78,11.85,11.635,11.69,2869054.0,0.004295532646048095,13.710000038146973
2019-10-25,11.74,11.82,11.71,11.77,2552706.0,0.006843455945252375,12.649999618530273
2019-10-28,11.91,12.01,11.91,11.95,2742912.0,0.015293118096856295,13.109999656677246
2019-10-29,12.04,12.095,12.02,12.08,4088508.0,0.01087866108786617,13.199999809265137
2019-10-30,11.89,11.89,11.78,11.84,2511199.0,-0.019867549668874163,12.329999923706055
2019-10-31,11.79,11.81,11.673,11.77,3331003.0,-0.005912162162162171,13.220000267028809
2019-11-01,11.83,11.99,11.83,11.96,2261390.0,0.016142735768904126,12.300000190734863
2019-11-04,12.25,12.34,12.22,12.33,4021315.0,0.030936454849498363,12.829999923706055
2019-11-05,12.34,12.38,12.32,12.37,2392807.0,0.0032441200324411223,13.100000381469727
2019-11-06,12.39,12.46,12.32,12.37,2505076.0,0.0,12.619999885559082
2019-11-07,12.52,12.58,12.495,12.52,2463571.0,0.012126111560226471,12.729999542236328
2019-11-08,12.44,12.44,12.36,12.41,1763595.0,-0.0087859424920127,12.069999694824219
2019-11-11,12.31,12.415,12.29,12.4,1542229.0,-0.0008058017727639033,12.6899995803833
2019-11-12,12.34,12.4,12.295,12.33,1485579.0,-0.005645161290322553,12.680000305175781
2019-11-13,12.14,12.19,12.12,12.15,1443359.0,-0.014598540145985384,13.0
2019-11-14,12.16,12.17,12.1,12.15,1414064.0,0.0,13.050000190734863
2019-11-15,12.19,12.23,12.17,12.21,1489760.0,0.004938271604938205,12.050000190734863
2019-11-18,12.12,12.21,12.1,12.21,1781315.0,0.0,12.460000038146973
2019-11-19,12.2,12.22,12.11,12.14,2530080.0,-0.005733005733005725,12.859999656677246
2019-11-20,12.04,12.11,11.99,12.05,2443223.0,-0.007413509060955503,12.779999732971191
2019-11-21,12.08,12.1,11.985,12.07,3015129.0,0.0016597510373443924,13.130000114440918
2019-11-22,12.17,12.245,12.16,12.22,1830994.0,0.012427506213753103,12.34000015258789
2019-11-25,12.26,12.37,12.24,12.36,1825485.0,0.011456628477904962,11.869999885559082
2019-11-26,12.31,12.31,12.16,12.2,1895151.0,-0.012944983818770184,11.539999961853027
2019-11-27,12.22,12.29,12.2,12.26,2045170.0,0.004918032786885185,11.75
2019-11-29,12.18,12.18,12.12,12.15,1752514.0,-0.008972267536704659,12.619999885559082
2019-12-02,12.16,12.205,12.05,12.06,2438329.0,-0.007407407407407418,14.90999984741211
2019-12-03,11.91,11.91,11.81,11.87,2134482.0,-0.01575456053068003,15.960000038146973
2019-12-04,11.87,11.97,11.855,11.95,2162568.0,0.006739679865206405,14.800000190734863
2019-12-05,11.98,12.01,11.925,11.99,1757339.0,0.0033472803347280866,14.520000457763672
2019-12-06,12.06,12.08,12.0,12.03,2230222.0,0.0033361134278564464,13.619999885559082
2019-12-09,12.06,12.12,12.015,12.02,1516778.0,-0.0008312551953449931,15.859999656677246
2019-12-10,11.99,12.025,11.94,11.94,1649536.0,-0.006655574043261225,15.680000305175781
2019-12-11,11.95,11.99,11.89,11.91,1607738.0,-0.002512562814070307,14.989999771118164
2019-12-12,12.0,12.2,12.0,12.16,3187551.0,0.02099076406381184,13.9399995803833
2019-12-13,12.26,12.37,12.215,12.27,2995914.0,0.009046052631578982,12.630000114440918
2019-12-16,12.47,12.52,12.44,12.45,2141387.0,0.014669926650366705,12.140000343322754
2019-12-17,12.48,12.57,12.48,12.56,1821059.0,0.008835341365462046,12.289999961853027
2019-12-18,12.53,12.555,12.43,12.44,2617393.0,-0.009554140127388644,12.579999923706055
2019-12-19,12.45,12.515,12.43,12.45,1830402.0,0.000803858520900258,12.5
2019-12-20,12.43,12.47,12.35,12.39,2433820.0,-0.004819277108433662,12.510000228881836
2019-12-23,12.46,12.5,12.41,12.43,2586186.0,0.0032284100080710587,12.609999656677246
2019-12-24,12.4,12.45,12.38,12.42,800345.0,-0.0008045052292839916,12.670000076293945
2019-12-26,12.39,12.48,12.39,12.48,1527548.0,0.004830917874396157,12.649999618530273
2019-12-27,12.53,12.55,12.48,12.5,1761203.0,0.0016025641025640969,13.430000305175781
2019-12-30,12.61,12.63,12.58,12.58,2540641.0,0.006399999999999961,14.819999694824219
2019-12-31,12.54,12.59,12.5,12.58,2062993.0,0.0,13.779999732971191
2020-01-02,12.7,12.92,12.67,12.92,3352185.0,0.027027027027026973,12.470000267028809
2020-01-03,12.68,12.77,12.65,12.71,2627427.0,-0.016253869969040213,14.020000457763672
2020-01-06,12.6,12.7,12.58,12.68,2318490.0,-0.002360346184107076,13.850000381469727
2020-01-07,12.92,12.985,12.863,12.94,4237634.0,0.020504731861198833,13.789999961853027
2020-01-08,13.07,13.15,13.05,13.11,3363213.0,0.013137557959814528,13.449999809265137
2020-01-09,13.09,13.17,13.02,13.14,4590058.0,0.0022883295194509046,12.539999961853027
2020-01-10,13.06,13.07,12.96,12.98,3200202.0,-0.0121765601217656,12.5600004196167
2020-01-13,12.98,13.09,12.94,13.09,2277449.0,0.008474576271186418,12.319999694824219
2020-01-14,13.05,13.24,13.04,13.14,3257213.0,0.0038197097020626902,12.390000343322754
2020-01-15,13.14,13.15,13.03,13.08,2011695.0,-0.004566210045662156,12.420000076293945
2020-01-16,13.12,13.2,13.095,13.2,1481744.0,0.00917431192660545,12.319999694824219
2020-01-17,13.2,13.2,13.1,13.14,1960286.0,-0.004545454545454408,12.100000381469727
2020-01-21,12.65,12.72,12.48,12.51,7408789.0,-0.047945205479452135,12.850000381469727
2020-01-22,12.82,12.84,12.75,12.83,4365649.0,0.025579536370903266,12.90999984741211
2020-01-23,12.68,12.83,12.61,12.81,3241776.0,-0.001558846453624252,12.979999542236328
2020-01-24,12.86,12.86,12.62,12.65,3110665.0,-0.012490241998438734,14.5600004196167
2020-01-27,12.48,12.57,12.42,12.46,3896571.0,-0.015019762845849716,18.229999542236328
2020-01-28,12.43,12.49,12.375,12.45,7774643.0,-0.0008025682182987159,16.280000686645508
2020-01-29,12.58,12.62,12.505,12.52,2251036.0,0.005622489959839383,16.389999389648438
2020-01-30,12.45,12.57,12.4046,12.57,4185814.0,0.003993610223642197,15.489999771118164
2020-01-31,12.52,12.54,12.295,12.37,3392427.0,-0.015910898965791676,18.84000015258789
2020-02-03,12.36,12.48,12.31,12.33,2036168.0,-0.003233629749393674,17.969999313354492
2020-02-04,12.53,12.58,12.46,12.46,2920435.0,0.010543390105433925,16.049999237060547
2020-02-05,12.73,12.82,12.68,12.76,3432570.0,0.024077046548956593,15.149999618530273
2020-02-06,12.92,12.94,12.84,12.87,2053164.0,0.008620689655172376,14.960000038146973
2020-02-07,12.9,12.98,12.89,12.95,2376631.0,0.0062160062160061536,15.470000267028809
2020-02-10,12.98,13.075,12.975,13.06,1808470.0,0.008494208494208566,15.039999961853027
2020-02-11,13.12,13.22,13.12,13.17,1915438.0,0.008422664624808451,15.180000305175781
2020-02-12,13.33,13.4,13.28,13.4,3478963.0,0.01746393318147299,13.739999771118164
2020-02-13,13.27,13.3,13.21,13.21,2435115.0,-0.014179104477611948,14.149999618530273
2020-02-14,13.28,13.31,13.09,13.12,4500058.0,-0.006813020439061401,13.680000305175781
2020-02-18,13.21,13.26,13.13,13.14,3460451.0,0.001524390243902607,14.829999923706055
2020-02-19,13.16,13.205,13.13,13.15,2223593.0,0.0007610350076103778,14.380000114440918
2020-02-20,13.45,13.49,13.195,13.27,5805748.0,0.009125475285171047,15.5600004196167
2020-02-21,13.11,13.11,12.89,12.94,3809625.0,-0.024868123587038493,17.079999923706055
2020-02-24,12.29,12.36,12.2,12.25,5277997.0,-0.05332302936630595,25.030000686645508
2020-02-25,12.2,12.24,11.75,11.82,3833513.0,-0.03510204081632651,27.850000381469727
2020-02-26,11.91,12.0,11.765,11.78,5183427.0,-0.0033840947546531774,27.559999465942383
2020-02-27,11.36,11.585,11.26,11.28,4551120.0,-0.04244482173174868,39.15999984741211
2020-02-28,10.91,11.11,10.79,11.0,6419679.0,-0.024822695035460973,40.11000061035156
2020-03-02,10.99,11.26,10.79,11.26,6911521.0,0.023636363636363678,33.41999816894531
2020-03-03,11.31,11.44,10.82,10.9,7479844.0,-0.031971580817051426,36.81999969482422
2020-03-04,11.0,11.12,10.86,11.12,5974842.0,0.020183486238531945,31.989999771118164
2020-03-05,10.65,10.74,10.45,10.57,6384723.0,-0.049460431654676174,39.619998931884766
2020-03-06,10.47,10.66,10.35,10.46,5791726.0,-0.010406811731314969,41.939998626708984
2020-03-09,9.61,9.87,9.0,9.27,4766607.0,-0.11376673040152974,54.459999084472656
2020-03-10,10.14,10.18,9.63,10.02,4842193.0,0.08090614886731395,47.29999923706055
2020-03-11,9.9,9.96,9.41,9.48,8754946.0,-0.053892215568862145,53.900001525878906
2020-03-12,8.82,8.83,8.17,8.29,6017199.0,-0.12552742616033763,75.47000122070312
2020-03-13,9.11,9.11,8.31,9.07,5756761.0,0.09408926417370345,57.83000183105469
2020-03-16,7.49,8.165,7.48,7.65,5920993.0,-0.1565600882028666,82.69000244140625
2020-03-17,7.79,8.37,7.62,8.37,7021501.0,0.09411764705882342,75.91000366210938
2020-03-18,7.74,8.09,7.67,8.09,9761935.0,-0.03345280764635594,76.44999694824219
2020-03-19,8.09,8.65,7.92,8.5,9066759.0,0.050679851668726794,72.0
2020-03-20,8.5,8.71,8.14,8.16,7508362.0,-0.040000000000000036,66.04000091552734
2020-03-23,8.38,8.46,7.875,7.9,7667056.0,-0.031862745098039214,61.59000015258789
2020-03-24,8.68,9.0,8.535,8.96,5627252.0,0.13417721518987347,61.66999816894531
2020-03-25,9.08,9.48,8.82,9.21,8281283.0,0.02790178571428581,63.95000076293945
2020-03-26,9.5,9.94,9.5,9.87,7391534.0,0.0716612377850161,61.0
2020-03-27,9.4,9.655,9.255,9.36,5363853.0,-0.05167173252279633,65.54000091552734
2020-03-30,9.29,9.55,9.16,9.52,3872721.0,0.017094017094017033,57.08000183105469
2020-03-31,9.35,9.46,9.16,9.26,3804807.0,-0.027310924369747913,53.540000915527344
2020-04-01,8.96,9.05,8.85,8.9,3335121.0,-0.03887688984881199,57.060001373291016
2020-04-02,8.93,9.24,8.875,9.0,7994362.0,0.011235955056179803,50.90999984741211
2020-04-03,8.93,8.98,8.674,8.84,3748022.0,-0.01777777777777778,46.79999923706055
2020-04-06,9.44,9.6,9.36,9.56,4418457.0,0.08144796380090513,45.2400016784668
2020-04-07,9.95,9.98,9.53,9.59,4908060.0,0.003138075313807498,46.70000076293945
2020-04-08,9.51,9.66,9.425,9.59,2865043.0,0.0,43.349998474121094
2020-04-09,9.83,10.14,9.82,10.05,4482065.0,0.04796663190823791,41.66999816894531
2020-04-13,10.08,10.08,9.61,9.71,2867492.0,-0.03383084577114426,41.16999816894531
2020-04-14,9.94,10.0,9.79,9.9,5164935.0,0.019567456230690006,37.7599983215332
2020-04-15,9.5,9.515,9.34,9.4,3027550.0,-0.0505050505050505,40.84000015258789
2020-04-16,9.23,9.23,9.03,9.19,4501017.0,-0.022340425531914954,40.11000061035156
2020-04-17,9.56,9.67,9.45,9.64,4993115.0,0.04896626768226353,38.150001525878906
2020-04-20,9.6,9.82,9.54,9.67,4227949.0,0.003112033195020736,43.83000183105469
2020-04-21,9.34,9.48,9.18,9.25,3171968.0,-0.04343329886246117,45.40999984741211
2020-04-22,9.35,9.35,9.195,9.23,2651987.0,-0.00216216216216214,41.97999954223633
2020-04-23,9.31,9.605,9.301,9.33,3060997.0,0.010834236186348933,41.380001068115234
2020-04-24,9.41,9.46,9.285,9.41,2574065.0,0.008574490889603492,35.93000030517578
2020-04-27,9.56,9.8,9.52,9.78,2254709.0,0.03931987247608926,33.290000915527344
2020-04-28,10.4,10.46,10.285,10.33,4793497.0,0.056237218813905976,33.56999969482422
2020-04-29,11.1,11.135,10.92,10.99,6894542.0,0.06389157792836397,31.229999542236328
2020-04-30,10.86,10.89,10.615,10.76,4158717.0,-0.020928116469517755,34.150001525878906
2020-05-01,10.38,10.534,10.32,10.39,2727468.0,-0.03438661710037172,37.189998626708984
2020-05-04,10.17,10.25,10.05,10.16,4734255.0,-0.022136669874879722,35.970001220703125
2020-05-05,9.82,9.85,9.65,9.66,3061302.0,-0.049212598425196874,33.61000061035156
2020-05-06,9.74,9.745,9.56,9.6,3248526.0,-0.006211180124223614,34.119998931884766
2020-05-07,9.71,9.91,9.683,9.79,5585007.0,0.019791666666666652,31.440000534057617
2020-05-08,9.88,9.95,9.82,9.95,2641398.0,0.01634320735444339,27.979999542236328
2020-05-11,9.71,9.82,9.65,9.75,2230549.0,-0.02010050251256279,27.56999969482422
2020-05-12,9.84,9.87,9.57,9.59,2912066.0,-0.016410256410256396,33.040000915527344
2020-05-13,9.58,9.595,9.37,9.44,3915603.0,-0.01564129301355588,35.279998779296875
2020-05-14,9.12,9.39,8.99,9.36,4211547.0,-0.008474576271186418,32.61000061035156
2020-05-15,9.29,9.32,9.2,9.26,2547600.0,-0.010683760683760646,31.889999389648438
2020-05-18,9.79,10.01,9.7,9.96,5006829.0,0.07559395248380141,29.299999237060547
2020-05-19,9.93,10.01,9.83,9.84,4434371.0,-0.012048192771084487,30.530000686645508
2020-05-20,10.01,10.125,9.98,10.09,3641457.0,0.025406504065040636,27.989999771118164
2020-05-21,10.01,10.145,9.95,10.02,3328668.0,-0.0069375619425173785,29.530000686645508
2020-05-22,9.94,9.95,9.75,9.82,2569514.0,-0.019960079840319334,28.15999984741211
2020-05-26,10.26,10.485,10.26,10.39,5811578.0,0.05804480651731159,28.010000228881836
2020-05-27,10.77,10.85,10.63,10.84,5268745.0,0.04331087584215587,27.6200008392334
2020-05-28,10.86,10.895,10.724,10.75,3061700.0,-0.008302583025830201,28.59000015258789
2020-05-29,10.72,10.82,10.65,10.7,4787956.0,-0.0046511627906977715,27.510000228881836
2020-06-01,10.8,10.92,10.725,10.86,2276897.0,0.01495327102803734,28.229999542236328
2020-06-02,11.06,11.165,11.03,11.12,4835397.0,0.023941068139963217,26.84000015258789
2020-06-03,11.37,11.65,11.37,11.6,4611227.0,0.043165467625899234,25.65999984741211
2020-06-04,11.41,11.62,11.32,11.61,5253948.0,0.0008620689655172153,25.809999465942383
2020-06-05,11.79,11.84,11.635,11.66,4241396.0,0.004306632213608941,24.520000457763672
2020-06-08,11.95,12.0,11.715,11.95,3771965.0,0.024871355060034128,25.809999465942383
2020-06-09,11.64,11.76,11.59,11.71,3512978.0,-0.020083682008368076,27.56999969482422
2020-06-10,11.73,11.76,11.49,11.49,4377575.0,-0.018787361229718247,27.56999969482422
2020-06-11,11.06,11.175,10.67,10.69,3935577.0,-0.0696257615317668,40.790000915527344
2020-06-12,11.02,11.078,10.71,10.88,3986041.0,0.017773620205799867,36.09000015258789
2020-06-15,10.66,11.0,10.61,10.94,4818378.0,0.0055147058823528106,34.400001525878906
2020-06-16,11.3,11.3,10.925,11.1,3470515.0,0.014625228519195677,33.66999816894531
2020-06-17,11.24,11.26,11.04,11.06,3030254.0,-0.003603603603603567,33.470001220703125
2020-06-18,11.03,11.16,11.005,11.08,2571119.0,0.001808318264014508,32.939998626708984
2020-06-19,11.07,11.07,10.76,10.82,2741502.0,-0.023465703971119134,35.119998931884766
2020-06-22,11.03,11.145,10.99,11.06,2812035.0,0.022181146025878062,31.770000457763672
2020-06-23,11.4,11.44,11.24,11.26,2756030.0,0.018083182640144635,31.3700008392334
2020-06-24,11.24,11.25,10.95,10.96,4034962.0,-0.026642984014209503,33.84000015258789
2020-06-25,11.1,11.4,11.06,11.4,2984622.0,0.04014598540145986,32.220001220703125
2020-06-26,11.48,11.495,11.175,11.22,5266294.0,-0.015789473684210464,34.72999954223633
2020-06-29,11.41,11.5,11.3,11.38,2961625.0,0.01426024955436711,31.780000686645508
2020-06-30,11.35,11.54,11.34,11.54,3419346.0,0.014059753954305698,30.43000030517578
2020-07-01,11.51,11.59,11.39,11.41,3293455.0,-0.011265164644713943,28.6200008392334
2020-07-02,11.73,11.79,11.62,11.65,2853005.0,0.021034180543382908,27.68000030517578
2020-07-06,11.85,12.0,11.81,11.93,2915649.0,0.02403433476394845,27.940000534057617
2020-07-07,11.96,11.96,11.69,11.71,4808135.0,-0.018440905280804554,29.43000030517578
2020-07-08,11.7,11.88,11.692,11.87,3359362.0,0.013663535439794927,28.079999923706055
2020-07-09,11.93,11.94,11.64,11.67,2613824.0,-0.0168491996630159,29.260000228881836
2020-07-10,11.73,11.98,11.725,11.93,2984759.0,0.02227934875749793,27.290000915527344
2020-07-13,11.87,11.925,11.775,11.8,3248211.0,-0.010896898575020852,32.189998626708984
2020-07-14,11.99,12.18,11.965,12.16,3980602.0,0.03050847457627115,29.520000457763672
2020-07-15,12.13,12.175,11.98,12.07,2323430.0,-0.0074013157894736725,27.760000228881836
2020-07-16,11.98,12.12,11.95,12.07,3500897.0,0.0,28.0
2020-07-17,12.1,12.12,12.03,12.07,2420515.0,0.0,25.68000030517578
2020-07-20,11.98,12.06,11.925,12.02,3003166.0,-0.0041425020712511085,24.459999084472656
2020-07-21,12.33,12.42,12.28,12.31,3491007.0,0.024126455906821942,24.84000015258789
2020-07-22,12.48,12.49,12.29,12.36,4208159.0,0.004061738424045336,24.31999969482422
2020-07-23,12.18,12.21,12.0705,12.16,3500504.0,-0.016181229773462702,26.079999923706055
2020-07-24,12.21,12.29,12.14,12.17,2302551.0,0.000822368421052655,25.84000015258789
2020-07-27,12.24,12.34,12.17,12.3,1988082.0,0.010682004930156141,24.739999771118164
2020-07-28,12.23,12.245,12.03,12.08,2214415.0,-0.01788617886178867,25.440000534057617
2020-07-29,11.82,11.995,11.76,11.98,2137793.0,-0.008278145695364225,24.100000381469727
2020-07-30,11.64,11.76,11.54,11.74,2220046.0,-0.02003338898163609,24.760000228881836
2020-07-31,11.9,11.92,11.61,11.68,2782638.0,-0.005110732538330498,24.459999084472656
2020-08-03,11.73,11.855,11.69,11.84,1476883.0,0.013698630136986356,24.280000686645508
2020-08-04,11.99,12.035,11.96,12.0,1987023.0,0.013513513513513598,23.760000228881836
2020-08-05,12.13,12.24,12.13,12.21,1829976.0,0.01750000000000007,22.989999771118164
2020-08-06,12.1,12.24,12.08,12.24,2075632.0,0.002457002457002311,22.649999618530273
2020-08-07,12.05,12.2,12.005,12.19,1889664.0,-0.004084967320261534,22.209999084472656
2020-08-10,12.23,12.29,12.19,12.28,1518358.0,0.007383100902379036,22.1299991607666
2020-08-11,12.39,12.48,12.31,12.32,3351354.0,0.0032573289902280145,24.030000686645508
2020-08-12,12.66,12.67,12.495,12.52,2166973.0,0.016233766233766156,22.280000686645508
2020-08-13,12.47,12.5441,12.39,12.41,1875174.0,-0.0087859424920127,22.1299991607666
2020-08-14,12.24,12.38,12.23,12.33,1645609.0,-0.006446414182111226,22.049999237060547
2020-08-17,12.31,12.345,12.21,12.29,1648154.0,-0.0032441200324412334,21.350000381469727
2020-08-18,12.22,12.25,12.115,12.14,1511539.0,-0.012205044751830596,21.510000228881836
2020-08-19,12.18,12.25,12.125,12.15,2091365.0,0.0008237232289949326,22.540000915527344
2020-08-20,11.96,12.045,11.955,12.03,1910799.0,-0.009876543209876631,22.719999313354492
2020-08-21,11.93,12.06,11.915,12.03,1424696.0,0.0,22.540000915527344
2020-08-24,12.18,12.29,12.13,12.27,1986561.0,0.01995012468827939,22.3700008392334
2020-08-25,12.38,12.42,12.2,12.23,1753973.0,-0.0032599837000814036,22.030000686645508
2020-08-26,12.34,12.43,12.3101,12.38,1421984.0,0.0122649223221587,23.270000457763672
2020-08-27,12.38,12.39,12.255,12.29,2974535.0,-0.0072697899838450875,24.469999313354492
2020-08-28,12.39,12.4,12.315,12.36,1614337.0,0.005695687550854478,22.959999084472656
2020-08-31,12.31,12.3225,12.15,12.15,1589072.0,-0.016990291262135804,26.40999984741211
2020-09-01,12.12,12.22,12.06,12.19,1598930.0,0.003292181069958877,26.1200008392334
2020-09-02,12.29,12.45,12.26,12.43,2001360.0,0.01968826907301069,26.56999969482422
2020-09-03,12.5,12.55,12.17,12.23,3398973.0,-0.01609010458567972,33.599998474121094
2020-09-04,12.38,12.405,12.14,12.29,2848076.0,0.004905968928863302,30.75
2020-09-08,12.08,12.12,11.98,12.02,3379387.0,-0.021969080553295384,31.459999084472656
2020-09-09,12.3,12.38,12.23,12.32,2130114.0,0.024958402662229595,28.809999465942383
2020-09-10,12.49,12.51,12.16,12.21,2783612.0,-0.008928571428571397,29.709999084472656
2020-09-11,12.31,12.3155,12.19,12.25,1730720.0,0.003276003276003303,26.8700008392334
2020-09-14,12.51,12.63,12.445,12.52,1583154.0,0.022040816326530654,25.850000381469727
2020-09-15,12.43,12.46,12.26,12.29,1951620.0,-0.018370607028754038,25.59000015258789
2020-09-16,12.25,12.43,12.195,12.35,1884938.0,0.004882017900732283,26.040000915527344
2020-09-17,12.18,12.31,12.175,12.27,1694937.0,-0.006477732793522262,26.459999084472656
2020-09-18,12.06,12.115,11.98,12.03,1935654.0,-0.019559902200488977,25.829999923706055
2020-09-21,11.4,11.45,11.2,11.37,3508290.0,-0.054862842892768104,27.780000686645508
2020-09-22,11.33,11.38,11.13,11.23,2327894.0,-0.012313104661389462,26.860000610351562
2020-09-23,11.17,11.225,10.9,10.91,3696366.0,-0.02849510240427433,28.579999923706055
2020-09-24,10.83,10.9,10.72,10.78,3978156.0,-0.01191567369385893,28.510000228881836
2020-09-25,10.44,10.53,10.3916,10.51,2671854.0,-0.02504638218923927,26.3799991607666
2020-09-28,10.94,11.12,10.91,11.07,3090654.0,0.05328258801141783,26.190000534057617
2020-09-29,11.0,11.05,10.915,11.01,2638117.0,-0.005420054200542035,26.270000457763672
2020-09-30,11.13,11.28,11.09,11.15,3294013.0,0.012715712988192518,26.3700008392334
2020-10-01,11.23,11.255,11.1015,11.22,4539371.0,0.00627802690582957,26.700000762939453
2020-10-02,11.1,11.38,11.07,11.34,3330322.0,0.010695187165775222,27.6299991607666
2020-10-05,11.53,11.6,11.49,11.57,2400188.0,0.020282186948853642,27.959999084472656
2020-10-06,11.8,11.82,11.57,11.58,3395355.0,0.0008643042350906516,29.479999542236328
2020-10-07,11.69,11.79,11.6601,11.75,2502697.0,0.014680483592400595,28.059999465942383
2020-10-08,11.81,11.82,11.7,11.78,2430114.0,0.002553191489361728,26.360000610351562
2020-10-09,11.8,11.8,11.5964,11.67,2024814.0,-0.009337860780984641,25.0
2020-10-12,11.71,11.835,11.69,11.81,2175853.0,0.011996572407883432,25.06999969482422
2020-10-13,11.71,11.74,11.59,11.64,1713286.0,-0.014394580863674844,26.06999969482422
2020-10-14,11.66,11.685,11.5,11.51,3387535.0,-0.011168384879725157,26.399999618530273
2020-10-15,11.21,11.45,11.2,11.44,3963089.0,-0.006081668114682914,26.969999313354492
2020-10-16,11.58,11.69,11.545,11.62,2484277.0,0.015734265734265618,27.40999984741211
2020-10-19,11.9,12.04,11.75,11.75,4260710.0,0.01118760757314985,29.18000030517578
2020-10-20,12.39,12.54,12.36,12.37,6823164.0,0.052765957446808454,29.350000381469727
2020-10-21,12.37,12.45,12.22,12.22,3942902.0,-0.01212611156022625,28.649999618530273
2020-10-22,12.2,12.48,12.18,12.44,2885091.0,0.018003273322422242,28.110000610351562
2020-10-23,12.53,12.55,12.3615,12.44,2119920.0,0.0,27.549999237060547
2020-10-26,12.4,12.44,12.285,12.39,3258640.0,-0.004019292604501512,32.459999084472656
2020-10-27,12.28,12.32,12.09,12.09,2368487.0,-0.02421307506053272,33.349998474121094
2020-10-28,11.7,11.75,11.545,11.59,3360343.0,-0.04135649296939614,40.279998779296875
2020-10-29,11.54,11.775,11.47,11.59,2797241.0,0.0,37.59000015258789
2020-10-30,11.68,11.72,11.5316,11.69,3221524.0,0.008628127696289845,38.02000045776367
2020-11-02,11.95,11.98,11.845,11.94,2710261.0,0.021385799828913532,37.130001068115234
2020-11-03,12.5,12.8,12.475,12.73,4317126.0,0.06616415410385268,35.54999923706055
2020-11-04,12.65,12.75,12.5301,12.57,3879652.0,-0.01256873527101332,29.56999969482422
2020-11-05,12.85,13.06,12.83,12.99,2806395.0,0.03341288782816232,27.579999923706055
2020-11-06,13.1,13.133,13.03,13.06,2857775.0,0.005388760585065544,24.860000610351562
2020-11-09,13.53,13.74,13.325,13.53,6521437.0,0.03598774885145484,25.75
2020-11-10,13.69,13.76,13.585,13.68,3746896.0,0.011086474501108778,24.799999237060547
2020-11-11,13.61,13.74,13.565,13.65,3752717.0,-0.002192982456140302,23.450000762939453
2020-11-12,13.53,13.59,13.385,13.47,1979183.0,-0.01318681318681314,25.350000381469727
2020-11-13,13.6,13.69,13.595,13.67,2284609.0,0.014847809948032697,23.100000381469727
2020-11-16,14.05,14.335,14.04,14.26,5037599.0,0.0431602048280908,22.450000762939453
2020-11-17,14.38,14.54,14.335,14.5,3429453.0,0.016830294530154388,22.709999084472656
2020-11-18,14.43,14.5,14.25,14.25,2560509.0,-0.017241379310344862,23.84000015258789
2020-11-19,14.4,14.48,14.335,14.47,2117799.0,0.01543859649122803,23.110000610351562
2020-11-20,14.33,14.435,14.28,14.42,2830896.0,-0.003455425017277136,23.700000762939453
2020-11-23,14.54,14.615,14.51,14.56,3347310.0,0.009708737864077666,22.65999984741211
2020-11-24,14.51,14.78,14.4801,14.76,2435071.0,0.013736263736263687,21.639999389648438
2020-11-25,14.53,14.64,14.45,14.62,1949432.0,-0.009485094850948506,21.25
2020-11-27,14.45,14.61,14.45,14.55,1806097.0,-0.004787961696306353,20.84000015258789
2020-11-30,14.4,14.465,14.13,14.14,4671086.0,-0.028178694158075612,20.56999969482422
2020-12-01,14.15,14.555,14.14,14.5,6372416.0,0.02545968882602545,20.770000457763672
2020-12-02,14.28,14.56,14.25,14.54,7683816.0,0.0027586206896550447,21.170000076293945
2020-12-03,14.49,14.6,14.425,14.5,3652710.0,-0.0027510316368637433,21.280000686645508
2020-12-04,14.51,14.56,14.39,14.44,4146368.0,-0.004137931034482789,20.790000915527344
2020-12-07,14.56,14.61,14.415,14.47,2926989.0,0.0020775623268698418,21.299999237060547
2020-12-08,14.4,14.485,14.39,14.43,1602486.0,-0.0027643400138217533,20.68000030517578
2020-12-09,14.51,14.585,14.3605,14.44,2225830.0,0.0006930006930006005,22.270000457763672
2020-12-10,14.11,14.196,14.09,14.16,2024504.0,-0.01939058171745145,22.520000457763672
2020-12-11,13.97,14.01,13.88,13.96,1533005.0,-0.01412429378531066,23.309999465942383
2020-12-14,14.11,14.13,13.92,13.94,1564523.0,-0.0014326647564470996,24.719999313354492
2020-12-15,14.19,14.31,14.08,14.3,2896385.0,0.02582496413199431,22.889999389648438
2020-12-16,14.31,14.31,14.14,14.21,1716626.0,-0.0062937062937062915,22.5
2020-12-17,14.23,14.25,14.1,14.11,1490758.0,-0.0070372976776919005,21.93000030517578
2020-12-18,14.06,14.07,13.97,14.06,1962072.0,-0.003543586109142405,21.56999969482422
2020-12-21,13.62,13.82,13.53,13.8,2880537.0,-0.01849217638691325,25.15999984741211
2020-12-22,13.77,13.81,13.64,13.68,1900569.0,-0.008695652173913104,24.229999542236328
2020-12-23,13.88,14.185,13.85,14.12,2181801.0,0.032163742690058506,23.309999465942383
2020-12-24,14.12,14.12,14.005,14.07,618469.0,-0.003541076487252104,21.530000686645508
2020-12-28,14.08,14.16,14.04,14.08,1380115.0,0.000710732054015617,21.700000762939453
2020-12-29,14.15,14.19,14.085,14.11,1803723.0,0.0021306818181818787,23.079999923706055
2020-12-30,14.13,14.22,14.02,14.06,2088033.0,-0.003543586109142405,22.770000457763672
2020-12-31,14.09,14.16,13.99,14.13,1658728.0,0.004978662873399653,22.75
2021-01-04,14.44,14.4561,14.17,14.29,4974064.0,0.011323425336164039,26.969999313354492
2021-01-05,14.47,14.69,14.45,14.61,3584364.0,0.022393282015395366,25.34000015258789
2021-01-06,14.94,15.25,14.88,15.1,5241251.0,0.033538672142368275,25.06999969482422
2021-01-07,15.4,15.61,15.36,15.54,4618084.0,0.029139072847682135,22.3700008392334
2021-01-08,15.39,15.4,15.14,15.29,2134158.0,-0.01608751608751613,21.559999465942383
2021-01-11,15.0,15.25,14.95,15.23,2451404.0,-0.003924133420536213,24.079999923706055
2021-01-12,15.23,15.37,15.1727,15.36,4097399.0,0.008535784635587573,23.329999923706055
2021-01-13,15.1,15.14,15.02,15.11,2796111.0,-0.01627604166666663,22.209999084472656
2021-01-14,15.18,15.31,15.165,15.24,2441751.0,0.008603573792190566,23.25
2021-01-15,15.23,15.25,15.02,15.13,1786134.0,-0.0072178477690287846,24.34000015258789
2021-01-19,14.96,14.98,14.84,14.9,3521228.0,-0.015201586252478583,23.239999771118164
2021-01-20,15.03,15.03,14.9146,14.95,1547114.0,0.003355704697986406,21.579999923706055
2021-01-21,15.05,15.07,14.88,14.93,2223614.0,-0.0013377926421404007,21.31999969482422
2021-01-22,14.85,14.95,14.8,14.88,2942200.0,-0.0033489618218351946,21.90999984741211
2021-01-25,14.74,14.765,14.3955,14.53,5256681.0,-0.02352150537634423,23.190000534057617
2021-01-26,14.95,15.05,14.87,14.94,3954491.0,0.02821748107364086,23.020000457763672
2021-01-27,14.78,14.795,14.55,14.56,5011140.0,-0.025435073627844695,37.209999084472656
2021-01-28,14.78,15.17,14.75,15.11,5087837.0,0.03777472527472514,30.209999084472656
2021-01-29,14.57,14.63,14.325,14.39,4469436.0,-0.04765056254136324,33.09000015258789
2021-02-01,14.54,14.67,14.47,14.64,2134761.0,0.017373175816539188,30.239999771118164
2021-02-02,14.74,14.8467,14.71,14.84,2134364.0,0.013661202185792254,25.559999465942383
2021-02-03,14.8,14.97,14.8,14.93,2018684.0,0.006064690026954089,22.90999984741211
2021-02-04,14.83,15.02,14.8299,14.97,2551864.0,0.0026791694574681557,21.770000457763672
2021-02-05,15.03,15.03,14.87,14.93,2800379.0,-0.002672010688042792,20.8700008392334
2021-02-08,15.09,15.49,15.08,15.34,7191114.0,0.027461486939048818,21.239999771118164
2021-02-09,15.31,15.37,15.2301,15.34,3135647.0,0.0,21.6299991607666
2021-02-10,15.51,15.53,15.315,15.43,3226476.0,0.005867014341590648,21.989999771118164
2021-02-11,15.34,15.36,15.19,15.3,1709298.0,-0.008425145819831448,21.25
2021-02-12,15.29,15.42,15.28,15.4,1279534.0,0.006535947712418277,19.969999313354492
2021-02-16,15.68,15.91,15.68,15.86,2377509.0,0.029870129870129825,21.459999084472656
2021-02-17,15.68,15.695,15.485,15.62,2395231.0,-0.015132408575031508,21.5
2021-02-18,15.48,15.515,15.26,15.37,1759129.0,-0.016005121638924424,22.489999771118164
2021-02-19,15.57,15.63,15.5,15.52,1788550.0,0.009759271307742345,22.049999237060547
2021-02-22,15.53,15.845,15.5,15.73,2057294.0,0.013530927835051498,23.450000762939453
2021-02-23,15.6,15.69,15.4,15.61,2423933.0,-0.0076287349014622086,23.110000610351562
2021-02-24,15.76,16.01,15.74,15.96,1917446.0,0.022421524663677195,21.34000015258789
2021-02-25,16.09,16.2,15.75,15.8,3023699.0,-0.010025062656641603,28.889999389648438
2021-02-26,15.73,15.735,15.5,15.52,3068189.0,-0.017721518987341867,27.950000762939453
2021-03-01,15.71,15.86,15.71,15.81,2231821.0,0.018685567010309434,23.350000381469727
2021-03-02,15.93,16.03,15.89,15.98,3143903.0,0.010752688172043001,24.100000381469727
2021-03-03,15.71,15.97,15.69,15.79,4043935.0,-0.011889862327910006,26.670000076293945
2021-03-04,15.64,15.72,15.2015,15.4,4839044.0,-0.024699176694110148,28.56999969482422
2021-03-05,15.63,15.67,15.345,15.63,3885807.0,0.014935064935065023,24.65999984741211
2021-03-08,15.77,15.8392,15.67,15.68,4143875.0,0.0031989763275750427,25.469999313354492
2021-03-09,15.55,15.72,15.43,15.59,5048297.0,-0.005739795918367374,24.030000686645508
2021-03-10,15.69,15.73,15.491,15.66,2277582.0,0.004490057729313657,22.559999465942383
2021-03-11,15.4,15.495,15.33,15.43,3931887.0,-0.014687100893997496,21.90999984741211
2021-03-12,15.49,15.6261,15.42,15.45,2527029.0,0.0012961762799741372,20.690000534057617
2021-03-15,15.37,15.415,15.18,15.4,2870456.0,-0.003236245954692518,20.030000686645508
2021-03-16,15.59,15.595,15.38,15.51,2278108.0,0.0071428571428571175,19.790000915527344
2021-03-17,15.51,15.765,15.48,15.75,2920303.0,0.01547388781431347,19.229999542236328
2021-03-18,16.03,16.305,15.97,16.02,4567999.0,0.017142857142857126,21.579999923706055
2021-03-19,15.9,16.05,15.75,16.03,4903224.0,0.0006242197253434334,20.950000762939453
2021-03-22,15.96,16.13,15.875,16.1,4627999.0,0.004366812227074357,18.8799991607666
2021-03-23,15.93,15.98,15.68,15.71,3362258.0,-0.024223602484472084,20.299999237060547
2021-03-24,15.75,15.98,15.745,15.78,2277219.0,0.004455760661998598,21.200000762939453
2021-03-25,15.83,16.11,15.715,16.06,2977158.0,0.017743979721166037,19.809999465942383
2021-03-26,16.08,16.19,15.985,16.04,3628996.0,-0.001245330012453305,18.860000610351562
2021-03-29,15.51,15.665,15.435,15.59,3544452.0,-0.028054862842892714,20.739999771118164
2021-03-30,15.53,15.64,15.51,15.6,2480857.0,0.0006414368184732844,19.610000610351562
2021-03-31,15.58,15.6399,15.5,15.53,2795947.0,-0.004487179487179471,19.399999618530273
2021-04-01,15.73,15.895,15.69,15.85,3430563.0,0.020605280103026313,17.329999923706055
2021-04-05,15.99,16.1,15.96,16.01,1741509.0,0.010094637223974967,17.90999984741211
2021-04-06,16.11,16.24,16.095,16.23,3241534.0,0.013741411617738786,18.1200008392334
2021-04-07,16.11,16.22,16.05,16.22,2583486.0,-0.0006161429451633227,17.15999984741211
2021-04-08,16.04,16.23,15.96,16.19,1756598.0,-0.0018495684340319452,16.950000762939453
2021-04-09,16.08,16.2,16.07,16.2,1298945.0,0.0006176652254477055,16.690000534057617
2021-04-12,16.09,16.2,16.06,16.17,2213272.0,-0.0018518518518516602,16.90999984741211
2021-04-13,15.67,15.67,15.525,15.64,2138463.0,-0.032776747062461364,16.649999618530273
2021-04-14,15.7,15.91,15.68,15.79,1447615.0,0.00959079283887454,16.989999771118164
2021-04-15,15.91,15.91,15.75,15.86,2417938.0,0.004433185560481334,16.56999969482422
2021-04-16,15.96,16.16,15.935,16.11,2182738.0,0.015762925598991284,16.25
2021-04-19,16.03,16.09,15.92,15.94,3051743.0,-0.01055245189323406,17.290000915527344
2021-04-20,15.79,15.79,15.475,15.57,2350792.0,-0.02321204516938513,18.68000030517578
2021-04-21,15.2,15.46,15.15,15.46,4031348.0,-0.007064868336544627,17.5
2021-04-22,15.24,15.3,15.11,15.19,4225450.0,-0.017464424320828065,18.709999084472656
2021-04-23,15.13,15.4,15.075,15.33,2317266.0,0.009216589861751112,17.329999923706055
2021-04-26,15.41,15.525,15.365,15.38,3065641.0,0.003261578604044413,17.639999389648438
2021-04-27,15.1,15.26,15.01,15.22,4106804.0,-0.01040312093628093,17.559999465942383
2021-04-28,15.38,15.55,15.345,15.55,2947348.0,0.021681997371879147,17.280000686645508
2021-04-29,15.56,15.6357,15.445,15.59,2537931.0,0.0025723472668810476,17.610000610351562
2021-04-30,15.47,15.475,15.24,15.29,2560840.0,-0.019243104554201418,18.610000610351562
2021-05-03,15.41,15.475,15.35,15.36,2381472.0,0.00457815565729236,18.309999465942383
2021-05-04,15.15,15.26,14.91,15.0,2969453.0,-0.0234375,19.479999542236328
2021-05-05,15.2,15.39,15.14,15.36,2835800.0,0.02400000000000002,19.149999618530273
2021-05-06,15.5,15.67,15.38,15.66,3649211.0,0.01953125,18.389999389648438
2021-05-07,15.54,15.8,15.52,15.8,2934023.0,0.008939974457215838,16.690000534057617
2021-05-10,15.53,15.64,15.415,15.43,3849705.0,-0.023417721518987356,19.65999984741211
2021-05-11,15.14,15.245,14.995,15.11,3675049.0,-0.020738820479585196,21.84000015258789
2021-05-12,15.2,15.28,14.94,14.96,2391151.0,-0.00992720052945062,27.59000015258789
2021-05-13,14.96,15.34,14.94,15.27,2219746.0,0.020721925133689645,23.1299991607666
2021-05-14,15.38,15.5199,15.37,15.49,1782830.0,0.014407334643091074,18.809999465942383
2021-05-17,15.53,15.6,15.47,15.58,1901360.0,0.005810200129115595,19.719999313354492
2021-05-18,15.65,15.7,15.53,15.53,1433016.0,-0.003209242618742003,21.34000015258789
2021-05-19,15.4,15.58,15.28,15.52,2948007.0,-0.0006439150032195862,22.18000030517578
2021-05-20,15.67,15.795,15.57,15.75,2845502.0,0.014819587628865927,20.670000076293945
2021-05-21,15.84,15.91,15.8,15.87,1888331.0,0.007619047619047636,20.149999618530273
2021-05-24,15.9,16.01,15.83,15.98,1629269.0,0.006931316950220534,18.399999618530273
2021-05-25,16.17,16.2399,15.975,15.99,2366058.0,0.0006257822277846437,18.84000015258789
2021-05-26,15.79,15.955,15.72,15.93,2016722.0,-0.0037523452157598447,17.360000610351562
2021-05-27,16.12,16.24,16.1,16.23,3139981.0,0.01883239171374762,16.739999771118164
2021-05-28,16.36,16.42,16.275,16.37,2996208.0,0.008626001232285851,16.760000228881836
2021-06-01,16.5,16.575,16.45,16.49,2525286.0,0.007330482590103715,17.899999618530273
2021-06-02,16.43,16.46,16.35,16.43,1851449.0,-0.003638568829593569,17.479999542236328
2021-06-03,16.48,16.58,16.45,16.52,2041033.0,0.005477784540474762,18.040000915527344
2021-06-04,16.45,16.48,16.35,16.47,1422914.0,-0.003026634382566673,16.420000076293945
2021-06-07,16.51,16.53,16.425,16.47,1332419.0,0.0,16.420000076293945
2021-06-08,16.39,16.5259,16.33,16.45,2075022.0,-0.0012143290831815312,17.06999969482422
2021-06-09,16.36,16.366,16.25,16.27,1572446.0,-0.010942249240121549,17.889999389648438
2021-06-10,16.33,16.38,16.17,16.18,1954480.0,-0.005531653349723387,16.100000381469727
2021-06-11,16.21,16.275,16.18,16.24,2041387.0,0.003708281829418958,15.649999618530273
2021-06-14,16.24,16.32,16.2,16.26,1421663.0,0.0012315270935963074,16.389999389648438
2021-06-15,16.26,16.43,16.26,16.37,1625790.0,0.006765067650676526,17.020000457763672
2021-06-16,16.25,16.28,16.11,16.18,1952534.0,-0.011606597434331123,18.149999618530273
2021-06-17,16.19,16.245,15.78,15.88,3035986.0,-0.018541409147095123,17.75
2021-06-18,15.58,15.68,15.485,15.52,2733672.0,-0.02267002518891692,20.700000762939453
2021-06-21,15.51,15.6,15.475,15.59,2038437.0,0.0045103092783504994,17.889999389648438
2021-06-22,15.43,15.48,15.365,15.42,2283348.0,-0.0109044259140475,16.65999984741211
2021-06-23,15.55,15.565,15.46,15.49,1878567.0,0.004539559014267169,16.31999969482422
2021-06-24,15.59,15.71,15.53,15.66,2013597.0,0.010974822466107259,15.970000267028809
2021-06-25,15.64,15.71,15.585,15.68,2016765.0,0.0012771392081736277,15.619999885559082
2021-06-28,15.64,15.64,15.47,15.55,1649716.0,-0.008290816326530503,15.760000228881836
2021-06-29,15.56,15.62,15.45,15.48,2066208.0,-0.004501607717041778,16.020000457763672
2021-06-30,15.25,15.37,15.23,15.34,2240877.0,-0.009043927648578864,15.829999923706055
2021-07-01,15.45,15.47,15.365,15.47,1955880.0,0.008474576271186418,15.479999542236328
2021-07-02,15.45,15.46,15.325,15.41,1396309.0,-0.003878474466709747,15.069999694824219
2021-07-06,15.31,15.32,15.075,15.19,1936029.0,-0.014276443867618505,16.440000534057617
2021-07-07,15.09,15.155,14.98,15.08,1566995.0,-0.007241606319947302,16.200000762939453
2021-07-08,14.75,14.8,14.61,14.68,2777917.0,-0.02652519893899208,19.0
2021-07-09,14.92,15.02,14.84,14.98,2988795.0,0.02043596730245234,16.18000030517578
2021-07-12,14.9,15.13,14.87,15.1,2860130.0,0.008010680907877044,16.170000076293945
2021-07-13,15.12,15.16,14.98,15.05,2273952.0,-0.0033112582781456013,17.1200008392334
2021-07-14,15.1,15.18,14.99,15.09,2574424.0,0.0026578073089700283,16.329999923706055
2021-07-15,14.99,15.14,14.95,15.03,1614938.0,-0.003976143141153132,17.010000228881836
2021-07-16,15.02,15.04,14.84,14.87,2192194.0,-0.010645375914837052,18.450000762939453
2021-07-19,14.59,14.67,14.42,14.54,3501005.0,-0.02219233355749828,22.5
2021-07-20,14.9,15.35,14.88,15.27,3973631.0,0.05020632737276487,19.729999542236328
2021-07-21,15.59,15.89,15.57,15.8,2823084.0,0.034708578912901134,17.90999984741211
2021-07-22,15.85,15.855,15.64,15.69,2506158.0,-0.006962025316455733,17.690000534057617
2021-07-23,15.92,15.96,15.815,15.93,2845626.0,0.015296367112810794,17.200000762939453
2021-07-26,16.08,16.245,16.07,16.21,2500760.0,0.017576898932831098,17.579999923706055
2021-07-27,16.13,16.27,16.06,16.21,2609684.0,0.0,19.360000610351562
2021-07-28,16.19,16.2458,16.04,16.18,1784483.0,-0.0018507094386182033,18.309999465942383
2021-07-29,16.51,16.57,16.44,16.52,1811070.0,0.021013597033374465,17.700000762939453
2021-07-30,16.55,16.65,16.43,16.48,2049901.0,-0.002421307506053183,18.239999771118164
2021-08-02,16.66,16.8,16.53,16.54,2316432.0,0.003640776699028958,19.459999084472656
2021-08-03,16.69,16.74,16.5,16.7,2075373.0,0.0096735187424426,18.040000915527344
2021-08-04,16.64,16.7,16.58,16.6,1889350.0,-0.0059880239520956335,17.969999313354492
2021-08-05,16.68,16.775,16.6636,16.74,1882246.0,0.008433734939758963,17.280000686645508
2021-08-06,16.83,16.91,16.81,16.89,1958177.0,0.008960573476702649,16.149999618530273
2021-08-09,16.9,16.93,16.8108,16.86,1650860.0,-0.001776198934280715,16.719999313354492
2021-08-10,16.84,16.955,16.815,16.93,1539233.0,0.004151838671411667,16.790000915527344
2021-08-11,17.04,17.09,17.0,17.07,1465155.0,0.008269344359125741,16.170000076293945
2021-08-12,17.05,17.1,16.962,17.06,1106311.0,-0.0005858230814295151,15.59000015258789
2021-08-13,17.08,17.2,17.01,17.12,1649268.0,0.003516998827667095,15.449999809265137
2021-08-16,16.99,17.075,16.885,17.07,1277040.0,-0.0029205607476635587,16.1200008392334
2021-08-17,16.9,17.02,16.74,16.87,1788570.0,-0.011716461628588082,17.90999984741211
2021-08-18,16.83,16.975,16.77,16.78,1698164.0,-0.005334914048606976,21.56999969482422
2021-08-19,16.55,16.629,16.48,16.58,1917931.0,-0.01191895113230057,21.670000076293945
2021-08-20,16.54,16.66,16.52,16.62,1647532.0,0.0024125452352232735,18.559999465942383
2021-08-23,16.72,16.8,16.695,16.73,1561863.0,0.006618531889289958,17.149999618530273
2021-08-24,16.73,16.88,16.73,16.83,1311817.0,0.005977286312014218,17.219999313354492
2021-08-25,16.92,17.075,16.86,17.0,1623008.0,0.010101010101010166,16.790000915527344
2021-08-26,16.88,16.925,16.7,16.73,1216393.0,-0.01588235294117646,18.84000015258789
2021-08-27,16.67,16.91,16.66,16.9,955836.0,0.010161386730424216,16.389999389648438
2021-08-30,16.74,16.775,16.66,16.67,1304937.0,-0.013609467455621083,16.190000534057617
2021-08-31,16.73,16.735,16.63,16.66,1394196.0,-0.0005998800239952473,16.479999542236328
2021-09-01,16.7,16.84,16.67,16.75,1511555.0,0.005402160864345751,16.110000610351562
2021-09-02,16.73,16.82,16.6637,16.74,1123839.0,-0.0005970149253732293,16.40999984741211
2021-09-03,16.72,16.775,16.67,16.73,1206707.0,-0.0005973715651134137,16.40999984741211
2021-09-07,16.8,16.9016,16.71,16.72,1192662.0,-0.0005977286312015551,18.139999389648438
2021-09-08,16.68,16.756,16.53,16.59,1577602.0,-0.007775119617224768,17.959999084472656
2021-09-09,16.51,16.665,16.49,16.51,1421299.0,-0.004822182037371836,18.799999237060547
2021-09-10,16.65,16.6681,16.53,16.54,1365114.0,0.001817080557237949,20.950000762939453
2021-09-13,16.68,16.79,16.6301,16.73,1784045.0,0.011487303506650726,19.3700008392334
2021-09-14,16.82,16.855,16.545,16.57,1546326.0,-0.009563658099222994,19.459999084472656
2021-09-15,16.68,16.76,16.635,16.71,1469439.0,0.008449004224502232,18.18000030517578
2021-09-16,16.8,16.83,16.67,16.74,1770034.0,0.0017953321364450048,18.690000534057617
2021-09-17,16.67,16.71,16.37,16.39,1698590.0,-0.020908004778972367,20.809999465942383
2021-09-20,15.58,15.595,15.22,15.39,4181388.0,-0.06101281269066505,25.709999084472656
2021-09-21,15.41,15.47,15.255,15.27,2868924.0,-0.007797270955165803,24.360000610351562
2021-09-22,15.59,15.74,15.56,15.61,1788378.0,0.02226588081204972,20.8700008392334
2021-09-23,15.75,15.91,15.725,15.79,2253401.0,0.01153106982703389,18.6299991607666
2021-09-24,15.81,15.92,15.81,15.87,1987487.0,0.005066497783407176,17.75
2021-09-27,16.03,16.19,16.03,16.14,1914628.0,0.017013232514177856,18.760000228881836
2021-09-28,16.16,16.2,15.91,15.96,2490927.0,-0.01115241635687736,23.25
2021-09-29,16.1,16.1869,16.028,16.14,2744465.0,0.011278195488721776,22.559999465942383
2021-09-30,16.08,16.11,15.86,15.94,2708085.0,-0.01239157372986377,23.139999389648438
2021-10-01,15.87,16.0,15.7429,15.93,2753310.0,-0.0006273525721455231,21.100000381469727
2021-10-04,16.03,16.1455,15.9,15.96,2259464.0,0.0018832391713747842,22.959999084472656
2021-10-05,15.99,16.24,15.94,16.17,2088375.0,0.013157894736842257,21.299999237060547
2021-10-06,15.95,16.13,15.85,16.12,2242454.0,-0.0030921459492888603,21.0
2021-10-07,16.43,16.595,16.43,16.44,1788099.0,0.01985111662531014,19.540000915527344
2021-10-08,16.6,16.8,16.56,16.71,2163162.0,0.01642335766423364,18.770000457763672
2021-10-11,16.87,16.95,16.66,16.66,1590089.0,-0.0029922202274087484,20.0
2021-10-12,16.74,16.775,16.62,16.71,1725195.0,0.0030012004801920344,19.850000381469727
2021-10-13,16.73,16.78,16.54,16.75,1214954.0,0.002393776181927043,18.639999389648438
2021-10-14,17.11,17.1657,17.025,17.15,2481277.0,0.023880597014925398,16.860000610351562
2021-10-15,17.25,17.35,17.1501,17.28,2413026.0,0.007580174927113825,16.299999237060547
2021-10-18,17.21,17.28,17.19,17.21,1355814.0,-0.00405092592592593,16.309999465942383
2021-10-19,17.26,17.325,17.23,17.28,1736593.0,0.004067402672864651,15.699999809265137
2021-10-20,17.29,17.48,17.25,17.43,1742084.0,0.00868055555555558,15.489999771118164
2021-10-21,17.34,17.42,17.31,17.42,1699222.0,-0.0005737234652896106,15.010000228881836
2021-10-22,17.55,17.67,17.485,17.67,1614829.0,0.014351320321469574,15.430000305175781
2021-10-25,17.67,17.83,17.61,17.77,2456228.0,0.005659309564232995,15.239999771118164
2021-10-26,17.9,18.035,17.87,17.96,2995673.0,0.010692177827799743,15.979999542236328
2021-10-27,18.04,18.2,17.98,18.04,2775025.0,0.00445434298440972,16.979999542236328
2021-10-28,18.02,18.2,17.97,18.18,1811729.0,0.0077605321507761005,16.530000686645508
2021-10-29,18.21,18.3,18.09,18.15,1633601.0,-0.0016501650165017256,16.260000228881836
2021-11-01,18.4,18.55,18.39,18.52,2225235.0,0.020385674931129527,16.40999984741211
2021-11-02,18.46,18.615,18.42,18.57,1745675.0,0.0026997840172786614,16.030000686645508
2021-11-03,18.61,18.6719,18.51,18.59,2091874.0,0.001077005923532548,15.100000381469727
2021-11-04,18.45,18.455,18.125,18.22,2382062.0,-0.019903173749327596,15.4399995803833
2021-11-05,18.38,18.39,18.275,18.35,1862265.0,0.007135016465422694,16.479999542236328
2021-11-08,18.3,18.41,18.28,18.29,1803802.0,-0.00326975476839253,17.219999313354492
2021-11-09,18.37,18.415,18.275,18.35,2355131.0,0.0032804811372335596,17.780000686645508
2021-11-10,18.27,18.31,18.08,18.09,1545639.0,-0.01416893732970037,18.729999542236328
2021-11-11,18.02,18.17,17.975,18.14,1842777.0,0.0027639579878386833,17.65999984741211
2021-11-12,18.0,18.17,17.985,18.1,1314373.0,-0.0022050716648290836,16.290000915527344
2021-11-15,18.13,18.163,17.995,18.01,865253.0,-0.004972375690607711,16.489999771118164
2021-11-16,18.08,18.1,18.0,18.01,804922.0,0.0,16.3700008392334
2021-11-17,18.1,18.2899,18.095,18.25,1445130.0,0.013325930038867284,17.110000610351562
2021-11-18,18.05,18.08,17.93,17.97,1535611.0,-0.015342465753424683,17.59000015258789
2021-11-19,17.57,17.61,17.42,17.49,1663782.0,-0.026711185308848084,17.90999984741211
2021-11-22,17.51,17.7,17.46,17.47,1749754.0,-0.0011435105774728616,19.170000076293945
2021-11-23,17.44,17.595,17.435,17.57,2103284.0,0.005724098454493509,19.3799991607666
2021-11-24,17.52,17.735,17.52,17.67,1613869.0,0.00569151963574277,18.579999923706055
2021-11-26,17.06,17.075,16.89,17.06,1317927.0,-0.03452178834182251,28.6200008392334
2021-11-29,17.14,17.23,17.005,17.15,1629730.0,0.005275498241500642,22.959999084472656
2021-11-30,17.28,17.335,17.055,17.28,3503945.0,0.007580174927113825,27.190000534057617
2021-12-01,17.57,17.63,17.18,17.19,2857094.0,-0.00520833333333337,31.1200008392334
2021-12-02,17.39,17.8099,17.375,17.73,2574217.0,0.03141361256544495,27.950000762939453
2021-12-03,17.75,17.75,17.415,17.51,1902896.0,-0.012408347433728095,30.670000076293945
2021-12-06,17.75,17.85,17.69,17.73,2729999.0,0.01256424900057107,27.18000030517578
2021-12-07,17.96,18.1204,17.93,18.02,1750649.0,0.016356457980823524,21.889999389648438
2021-12-08,18.03,18.115,17.995,18.03,1543869.0,0.0005549389567147678,19.899999618530273
2021-12-09,17.92,17.96,17.8537,17.92,1400171.0,-0.006100942872989457,21.579999923706055
2021-12-10,17.85,17.96,17.795,17.9,2218727.0,-0.001116071428571619,18.690000534057617
2021-12-13,18.03,18.0499,17.77,17.77,2910106.0,-0.007262569832402144,20.309999465942383
2021-12-14,17.74,17.895,17.64,17.76,2196752.0,-0.0005627462014630158,21.889999389648438
2021-12-15,17.63,17.635,17.445,17.59,2295989.0,-0.009572072072072113,19.290000915527344
2021-12-16,17.94,17.99,17.805,17.86,2064413.0,0.015349630471859,20.56999969482422
2021-12-17,17.7,17.7,17.39,17.41,2471813.0,-0.02519596864501672,21.56999969482422
2021-12-20,17.24,17.28,17.09,17.25,2575113.0,-0.009190120620333198,22.8700008392334
2021-12-21,17.45,17.54,17.405,17.46,1905286.0,0.012173913043478368,21.010000228881836
2021-12-22,17.43,17.61,17.3803,17.59,1606686.0,0.0074455899198166975,18.6299991607666
2021-12-23,17.72,17.885,17.69,17.82,1422136.0,0.013075611142694843,17.959999084472656
2021-12-27,17.92,18.085,17.875,18.07,1052318.0,0.014029180695847465,17.68000030517578
2021-12-28,18.04,18.145,18.03,18.11,1084329.0,0.0022136137244050946,17.540000915527344
2021-12-29,17.98,18.115,17.945,18.04,1325339.0,-0.003865267807841022,16.950000762939453
2021-12-30,18.04,18.08,17.92,17.92,1798589.0,-0.006651884700665023,17.329999923706055
2021-12-31,17.92,17.95,17.835,17.87,1082661.0,-0.002790178571428603,17.219999313354492
2022-01-03,17.98,18.165,17.97,18.12,1887189.0,0.013989927252378243,16.600000381469727
2022-01-04,18.5,18.6991,18.4397,18.62,2363322.0,0.02759381898454749,16.90999984741211
2022-01-05,18.66,18.74,18.34,18.39,2868162.0,-0.01235230934479059,19.729999542236328
2022-01-06,18.92,19.05,18.77,19.02,4109385.0,0.034257748776509,19.610000610351562
2022-01-07,19.3,19.39,19.23,19.35,3074658.0,0.01735015772870674,18.760000228881836
2022-01-10,19.23,19.26,19.0539,19.24,3539881.0,-0.005684754521963931,19.399999618530273
2022-01-11,19.25,19.39,19.175,19.36,2544980.0,0.006237006237006293,18.40999984741211
2022-01-12,19.45,19.5999,19.435,19.57,2275233.0,0.010847107438016534,17.6200008392334
2022-01-13,19.71,19.785,19.545,19.57,2379123.0,0.0,20.309999465942383
2022-01-14,19.51,19.635,19.4444,19.62,2186404.0,0.0025549310168626604,19.190000534057617
2022-01-18,19.51,19.535,19.16,19.39,5681318.0,-0.011722731906218198,22.790000915527344
2022-01-19,19.42,19.43,19.16,19.17,2711178.0,-0.011346054667354277,23.850000381469727
2022-01-20,19.21,19.38,19.13,19.16,6415691.0,-0.0005216484089723972,25.59000015258789
2022-01-21,19.22,19.23,18.965,19.03,7836943.0,-0.006784968684759862,28.850000381469727
2022-01-24,18.35,18.5,18.015,18.47,11875762.0,-0.029427220178665392,29.899999618530273
2022-01-25,18.35,18.68,18.145,18.61,6053138.0,0.007579859231185759,31.15999984741211
2022-01-26,18.98,19.02,18.62,18.8,6186521.0,0.010209564750134348,31.959999084472656
2022-01-27,18.63,18.78,18.23,18.42,7977161.0,-0.02021276595744681,30.489999771118164
2022-01-28,18.13,18.44,18.055,18.43,9245726.0,0.0005428881650380024,27.65999984741211
2022-01-31,18.36,18.68,18.315,18.67,6229735.0,0.013022246337493382,24.829999923706055
2022-02-01,19.77,20.4,19.74,20.4,9568145.0,0.0926620246384573,21.959999084472656
2022-02-02,20.48,20.63,20.26,20.53,5507654.0,0.0063725490196080425,22.09000015258789
2022-02-03,20.6,20.685,20.34,20.37,4193246.0,-0.007793472966390658,24.350000381469727
2022-02-04,20.13,20.49,20.1201,20.41,4220422.0,0.0019636720667648433,23.219999313354492
2022-02-07,20.5,20.7,20.375,20.61,3481513.0,0.009799118079372837,22.860000610351562
2022-02-08,20.83,21.06,20.745,21.04,3933611.0,0.020863658418243558,21.440000534057617
2022-02-09,21.39,21.45,21.26,21.3,3769803.0,0.012357414448669335,19.959999084472656
2022-02-10,21.3,21.485,21.11,21.18,4029349.0,-0.005633802816901401,23.90999984741211
2022-02-11,21.0,21.28,20.58,20.71,7004946.0,-0.022190745986779947,27.360000610351562
2022-02-14,20.59,20.695,20.44,20.59,5958271.0,-0.005794302269435114,28.329999923706055
2022-02-15,20.64,20.8,20.57,20.72,3517293.0,0.006313744536182497,25.700000762939453
2022-02-16,20.29,20.58,20.26,20.5,3857230.0,-0.010617760617760541,24.290000915527344
2022-02-17,20.31,20.4,20.115,20.19,3458976.0,-0.015121951219512098,28.110000610351562
2022-02-18,20.25,20.425,20.0639,20.16,2920753.0,-0.0014858841010402246,27.75
2022-02-22,19.49,19.75,19.23,19.45,5900924.0,-0.035218253968254065,28.809999465942383
2022-02-23,19.61,19.68,19.12,19.19,3599482.0,-0.013367609254498647,31.020000457763672
2022-02-24,17.46,17.96,17.37,17.95,12574878.0,-0.06461698801459104,30.31999969482422
2022-02-25,18.68,18.925,18.65,18.85,6322510.0,0.050139275766016844,27.59000015258789
2022-02-28,18.14,18.43,17.99,18.14,7206699.0,-0.037665782493368716,30.149999618530273
2022-03-01,17.92,17.94,17.145,17.38,9217464.0,-0.04189636163175314,33.31999969482422
2022-03-02,17.43,17.62,17.365,17.51,6084276.0,0.007479861910241858,30.739999771118164
2022-03-03,17.5,17.52,16.94,17.03,8141160.0,-0.02741290691033693,30.479999542236328
2022-03-04,16.16,16.18,15.71,15.89,9456416.0,-0.06694069289489135,31.979999542236328
2022-03-07,15.59,15.72,15.04,15.12,12411042.0,-0.048458149779735726,36.45000076293945
2022-03-08,16.11,16.645,15.795,16.17,16882945.0,0.06944444444444464,35.130001068115234
2022-03-09,16.97,17.145,16.84,16.9,11455645.0,0.04514533085961636,32.45000076293945
2022-03-10,16.7,16.89,16.54,16.64,9364090.0,-0.015384615384615219,30.229999542236328
2022-03-11,17.07,17.14,16.6,16.61,7860909.0,-0.0018028846153846922,30.75
2022-03-14,17.25,17.35,16.84,17.0,9394031.0,0.023479831426851394,31.770000457763672
2022-03-15,17.1,17.17,16.85,17.11,6389872.0,0.006470588235294006,29.829999923706055
2022-03-16,17.66,18.15,17.6,18.08,7328752.0,0.05669199298655747,26.670000076293945
2022-03-17,18.03,18.35,17.945,18.32,6168031.0,0.013274336283185972,25.670000076293945
2022-03-18,18.24,18.635,18.18,18.61,5364970.0,0.01582969432314396,23.8700008392334
2022-03-21,18.77,18.82,18.62,18.75,6098110.0,0.007522837184309461,23.530000686645508
2022-03-22,19.12,19.295,19.09,19.2,4647280.0,0.02400000000000002,22.940000534057617
2022-03-23,18.93,19.095,18.85,18.91,4024063.0,-0.015104166666666585,23.56999969482422
2022-03-24,19.03,19.12,18.94,19.1,2722715.0,0.01004759386567966,21.670000076293945
2022-03-25,19.15,19.35,19.12,19.34,3241396.0,0.012565445026177846,20.809999465942383
2022-03-28,19.37,19.39,18.9529,19.2,3579574.0,-0.007238883143743546,19.6299991607666
2022-03-29,19.66,19.7965,19.46,19.67,3280748.0,0.02447916666666683,18.899999618530273
2022-03-30,19.67,19.675,19.355,19.46,2744026.0,-0.01067615658362997,19.329999923706055
2022-03-31,19.84,19.88,19.54,19.54,4392307.0,0.004110996916752319,20.559999465942383
2022-04-01,19.71,19.76,19.4511,19.69,3454523.0,0.007676560900716556,19.6299991607666
2022-04-04,19.81,19.97,19.75,19.96,3916859.0,0.013712544438801322,18.56999969482422
2022-04-05,19.27,19.27,18.89,18.94,4486515.0,-0.05110220440881763,21.030000686645508
2022-04-06,18.44,18.67,18.36,18.59,4693477.0,-0.018479408658922947,22.100000381469727
2022-04-07,18.53,18.67,18.24,18.59,4257773.0,0.0,21.549999237060547
2022-04-08,18.38,18.715,18.38,18.53,3022864.0,-0.0032275416890801267,21.15999984741211
2022-04-11,18.62,18.77,18.39,18.4,3518292.0,-0.007015650296816167,24.3700008392334
2022-04-12,18.1,18.18,17.75,17.82,2991868.0,-0.031521739130434656,24.260000228881836
2022-04-13,17.71,17.88,17.67,17.86,3411440.0,0.002244668911335568,21.81999969482422
2022-04-14,17.76,17.81,17.59,17.61,4189689.0,-0.013997760358342659,22.700000762939453
2022-04-18,17.52,17.715,17.455,17.61,2428756.0,0.0,22.170000076293945
2022-04-19,17.76,17.89,17.71,17.87,3060021.0,0.014764338444065883,21.3700008392334
2022-04-20,18.05,18.135,17.825,17.91,2725999.0,0.0022383883603804833,20.31999969482422
2022-04-21,18.07,18.1,17.445,17.49,3053158.0,-0.02345058626465668,22.68000030517578
2022-04-22,17.59,17.61,17.21,17.28,4940722.0,-0.012006861063464713,28.209999084472656
2022-04-25,17.24,17.41,16.86,17.34,5558513.0,0.003472222222222099,27.020000457763672
2022-04-26,17.35,17.49,16.825,16.84,4718993.0,-0.028835063437139596,33.52000045776367
2022-04-27,17.06,17.36,17.03,17.26,4790217.0,0.024940617577197344,31.600000381469727
2022-04-28,17.19,17.35,16.91,17.28,3738263.0,0.0011587485515642815,29.989999771118164
2022-04-29,17.28,17.44,16.82,16.84,4145986.0,-0.02546296296296302,33.400001525878906
2022-05-02,16.79,16.9,16.565,16.89,3321837.0,0.002969121140142583,32.34000015258789
2022-05-03,17.29,17.415,17.215,17.34,3525115.0,0.026642984014209503,29.25
2022-05-04,17.28,17.87,17.195,17.87,5851512.0,0.030565167243367997,25.420000076293945
2022-05-05,17.6,17.645,16.96,17.19,5263590.0,-0.03805260212646888,31.200000762939453
2022-05-06,17.12,17.29,16.95,17.14,4991728.0,-0.002908667830133882,30.190000534057617
2022-05-09,16.9,16.92,16.38,16.46,6572619.0,-0.03967327887981331,34.75
2022-05-10,17.03,17.06,16.595,16.9,4930291.0,0.02673147023086253,32.9900016784668
2022-05-11,16.9,17.22,16.66,16.67,4309402.0,-0.013609467455621083,32.560001373291016
2022-05-12,16.63,16.925,16.4234,16.7,4907092.0,0.00179964007198552,31.770000457763672
2022-05-13,17.09,17.39,17.06,17.31,3798150.0,0.0365269461077844,28.8700008392334
2022-05-16,17.19,17.235,16.945,17.12,4081453.0,-0.01097631426920842,27.469999313354492
2022-05-17,17.53,17.6418,17.46,17.58,2702461.0,0.026869158878504606,26.100000381469727
2022-05-18,17.42,17.56,17.25,17.34,2929587.0,-0.013651877133105672,30.959999084472656
2022-05-19,17.42,17.79,17.4,17.69,4195705.0,0.020184544405997817,29.350000381469727
2022-05-20,17.88,17.91,17.41,17.82,3427926.0,0.007348784624081395,29.43000030517578
2022-05-23,18.21,18.53,18.19,18.43,2872377.0,0.034231200897867575,28.479999542236328
2022-05-24,18.61,18.84,18.46,18.78,3722512.0,0.01899077590884435,29.450000762939453
2022-05-25,18.41,18.6661,18.355,18.54,3209410.0,-0.012779552715655007,28.3700008392334
2022-05-26,18.64,19.0,18.64,18.91,2440498.0,0.019956850053937547,27.5
2022-05-27,18.73,18.9875,18.705,18.97,4940777.0,0.0031729243786355887,25.719999313354492
2022-05-31,18.85,18.97,18.8,18.87,3200689.0,-0.005271481286241331,26.190000534057617
2022-06-01,18.87,18.9,18.62,18.76,6122426.0,-0.005829358770535253,25.690000534057617
2022-06-02,18.92,19.11,18.75,19.09,2980882.0,0.0175906183368868,24.719999313354492
2022-06-03,18.96,18.99,18.71,18.79,1879971.0,-0.01571503404924046,24.790000915527344
2022-06-06,18.99,19.205,18.905,18.94,2048235.0,0.007982969664715345,25.06999969482422
2022-06-07,18.68,18.875,18.625,18.86,2533518.0,-0.004223864836325308,24.020000457763672
2022-06-08,18.08,18.29,17.87,17.89,5777000.0,-0.05143160127253443,23.959999084472656
2022-06-09,17.88,17.9,17.31,17.31,4686582.0,-0.0324203465623254,26.09000015258789
2022-06-10,16.95,16.98,16.72,16.86,5168966.0,-0.025996533795493937,27.75
2022-06-13,16.23,16.33,15.99,16.05,6943984.0,-0.04804270462633442,34.02000045776367
2022-06-14,16.16,16.27,15.84,15.96,5553104.0,-0.005607476635513975,32.689998626708984
2022-06-15,16.29,16.425,15.9646,16.24,7107219.0,0.01754385964912264,29.6200008392334
2022-06-16,15.85,15.9,15.52,15.58,7758493.0,-0.04064039408866982,32.95000076293945
2022-06-17,15.79,15.895,15.51,15.71,4113494.0,0.008344030808729253,31.1299991607666
2022-06-21,16.03,16.1,15.875,15.92,3195702.0,0.013367281985996016,30.190000534057617
2022-06-22,15.91,16.255,15.88,16.11,3203124.0,0.011934673366834181,28.950000762939453
2022-06-23,16.0,16.01,15.52,15.78,2764344.0,-0.020484171322160183,29.049999237060547
2022-06-24,16.52,16.86,16.47,16.82,4532476.0,0.06590621039290245,27.229999542236328
2022-06-27,16.89,16.94,16.665,16.83,2834946.0,0.0005945303210461717,26.950000762939453
2022-06-28,16.88,16.995,16.5246,16.55,2236561.0,-0.01663695781342822,28.360000610351562
2022-06-29,16.56,16.56,16.34,16.37,2138148.0,-0.010876132930513593,28.15999984741211
2022-06-30,15.98,16.3,15.85,16.22,3600932.0,-0.009163103237629922,28.709999084472656
2022-07-01,15.91,16.14,15.765,16.13,3613754.0,-0.0055487053020961685,26.700000762939453
2022-07-05,15.43,15.76,15.28,15.75,3689617.0,-0.023558586484810906,27.540000915527344
2022-07-06,15.37,15.6187,15.34,15.53,4849828.0,-0.013968253968253963,26.729999542236328
2022-07-07,15.67,15.82,15.66,15.75,3014359.0,0.014166130070830674,26.079999923706055
2022-07-08,15.99,16.025,15.78,15.95,3173875.0,0.012698412698412653,24.639999389648438
2022-07-11,15.8,15.865,15.68,15.72,2735207.0,-0.014420062695924662,26.170000076293945
2022-07-12,15.69,16.16,15.66,15.92,2654109.0,0.012722646310432628,27.290000915527344
2022-07-13,15.72,15.78,15.425,15.7,2616618.0,-0.013819095477387022,26.81999969482422
2022-07-14,15.25,15.315,15.08,15.25,3257089.0,-0.0286624203821656,26.399999618530273
2022-07-15,15.38,15.7299,15.31,15.7,2862495.0,0.02950819672131133,24.229999542236328
2022-07-18,16.11,16.2152,15.83,15.9,4218563.0,0.01273885350318471,25.299999237060547
2022-07-19,16.22,16.46,16.15,16.4,2982520.0,0.03144654088050314,24.5
2022-07-20,16.25,16.365,16.11,16.19,2688369.0,-0.012804878048780277,23.8799991607666
2022-07-21,16.35,16.665,16.32,16.65,2263270.0,0.028412600370598895,23.110000610351562
2022-07-22,16.64,16.68,16.37,16.52,1754358.0,-0.007807807807807765,23.030000686645508
2022-07-25,16.72,16.875,16.64,16.78,2560105.0,0.0157384987893463,23.360000610351562
2022-07-26,15.45,15.46,14.78,14.89,9509402.0,-0.11263408820023846,24.690000534057617
2022-07-27,15.21,15.36,15.06,15.33,3545520.0,0.029550033579583523,23.239999771118164
2022-07-28,15.58,15.88,15.48,15.83,4215133.0,0.032615786040443684,22.329999923706055
2022-07-29,16.01,16.325,15.95,16.24,3205163.0,0.02590018951358175,21.329999923706055
2022-08-01,16.15,16.24,15.9858,16.14,2467236.0,-0.006157635467980205,22.84000015258789
2022-08-02,16.11,16.17,15.93,15.93,2346191.0,-0.013011152416356975,23.93000030517578
2022-08-03,16.04,16.17,15.97,16.1,2152292.0,0.010671688637790444,21.950000762939453
2022-08-04,16.4,16.54,16.38,16.48,2564490.0,0.023602484472049712,21.440000534057617
2022-08-05,16.19,16.38,16.09,16.22,3628939.0,-0.015776699029126262,21.149999618530273
2022-08-08,16.52,16.655,16.47,16.51,3606311.0,0.01787916152897684,21.290000915527344
2022-08-09,16.44,16.46,16.228,16.31,1423048.0,-0.012113870381587066,21.770000457763672
2022-08-10,16.59,16.845,16.58,16.78,2814815.0,0.028816676885346615,19.739999771118164
2022-08-11,16.99,17.13,16.885,16.95,2031870.0,0.01013110846245513,20.200000762939453
2022-08-12,17.07,17.21,16.9945,17.21,1696371.0,0.015339233038348166,19.530000686645508
2022-08-15,16.97,17.045,16.895,17.01,1283941.0,-0.01162115049389889,19.950000762939453
2022-08-16,16.9,17.075,16.88,17.04,1644758.0,0.0017636684303350414,19.690000534057617
2022-08-17,16.7,16.87,16.625,16.79,1678890.0,-0.01467136150234738,19.899999618530273
2022-08-18,16.84,16.885,16.77,16.84,1395092.0,0.0029779630732580387,19.559999465942383
2022-08-19,16.43,16.455,16.215,16.28,2158045.0,-0.03325415676959609,20.600000381469727
2022-08-22,15.92,15.95,15.76,15.86,2639836.0,-0.02579852579852593,23.799999237060547
2022-08-23,15.87,16.065,15.825,15.86,2110691.0,0.0,24.110000610351562
2022-08-24,15.7,15.8601,15.635,15.74,1645550.0,-0.007566204287515754,22.81999969482422
2022-08-25,15.8,16.08,15.79,16.06,1692337.0,0.020330368487928796,21.780000686645508
2022-08-26,16.15,16.18,15.65,15.65,2104360.0,-0.025529265255292533,25.559999465942383
2022-08-29,15.94,16.055,15.84,15.96,2969610.0,0.019808306709265144,26.209999084472656
2022-08-30,16.12,16.14,15.924,15.95,2260779.0,-0.0006265664160401974,26.209999084472656
2022-08-31,15.95,16.01,15.83,15.85,2862594.0,-0.006269592476489061,25.8700008392334
2022-09-01,15.53,15.53,15.165,15.41,3595085.0,-0.027760252365930604,25.559999465942383
2022-09-02,15.69,15.975,15.485,15.52,2834182.0,0.007138221933809197,25.469999313354492
2022-09-06,15.85,15.89,15.55,15.62,2779366.0,0.006443298969072142,26.90999984741211
2022-09-07,15.39,15.76,15.37,15.7,1698745.0,0.00512163892445594,24.639999389648438
2022-09-08,15.64,16.115,15.6,16.11,2516990.0,0.026114649681528768,23.610000610351562
2022-09-09,16.53,16.63,16.465,16.56,1682555.0,0.027932960893854775,22.790000915527344
2022-09-12,16.86,17.05,16.835,16.88,2001723.0,0.019323671497584627,23.8700008392334
2022-09-13,16.85,17.15,16.79,16.84,2686265.0,-0.0023696682464454666,27.270000457763672
2022-09-14,16.6,16.81,16.51,16.68,2293009.0,-0.009501187648456089,26.15999984741211
2022-09-15,16.71,16.995,16.7,16.83,1414658.0,0.008992805755395628,26.270000457763672
2022-09-16,16.55,16.555,16.25,16.43,1845729.0,-0.023767082590611888,26.299999237060547
2022-09-19,16.08,16.46,16.07,16.44,1658474.0,0.000608642726719566,25.760000228881836
2022-09-20,16.25,16.265,15.985,16.14,2321223.0,-0.018248175182481785,27.15999984741211
2022-09-21,16.11,16.29,15.88,15.9,2524537.0,-0.014869888475836479,27.989999771118164
2022-09-22,15.9,15.92,15.48,15.5,2156540.0,-0.02515723270440251,27.350000381469727
2022-09-23,15.19,15.2,14.725,14.91,3227424.0,-0.03806451612903228,29.920000076293945
2022-09-26,14.73,14.935,14.56,14.62,3564869.0,-0.019450033534540667,32.2599983215332
2022-09-27,14.8,14.9,14.4821,14.61,3371227.0,-0.0006839945280437965,32.599998474121094
2022-09-28,14.6,15.075,14.57,15.03,2618037.0,0.028747433264887157,30.18000030517578
2022-09-29,14.62,14.695,14.3942,14.67,3249523.0,-0.0239520958083832,31.84000015258789
2022-09-30,14.62,14.835,14.465,14.51,3179988.0,-0.010906612133605997,31.6200008392334
2022-10-03,14.63,14.89,14.435,14.79,2262112.0,0.019297036526533473,30.100000381469727
2022-10-04,15.23,15.805,15.225,15.77,4148090.0,0.06626098715348205,29.06999969482422
2022-10-05,15.38,15.435,15.15,15.35,2278692.0,-0.02663284717818648,28.549999237060547
2022-10-06,14.87,15.05,14.72,14.76,4587239.0,-0.038436482084690526,30.520000457763672
2022-10-07,14.83,14.875,14.595,14.66,3154248.0,-0.006775067750677488,31.360000610351562
2022-10-10,14.7,14.73,14.328,14.41,3233400.0,-0.017053206002728527,32.45000076293945
2022-10-11,14.36,14.435,14.075,14.15,3524850.0,-0.018043025676613422,33.630001068115234
2022-10-12,14.0,14.14,13.91,13.99,1917874.0,-0.011307420494699683,33.56999969482422
2022-10-13,13.88,14.74,13.8,14.67,4240480.0,0.04860614724803436,31.940000534057617
2022-10-14,14.72,14.81,14.165,14.18,6528656.0,-0.03340149965916839,32.02000045776367
2022-10-17,14.61,14.82,14.57,14.59,2681622.0,0.028913963328631942,31.3700008392334
2022-10-18,15.13,15.18,14.8,14.95,2446791.0,0.024674434544208257,30.5
2022-10-19,14.85,14.93,14.63,14.75,2167944.0,-0.013377926421404673,30.760000228881836
2022-10-20,14.77,14.97,14.68,14.73,2620642.0,-0.0013559322033898091,29.979999542236328
2022-10-21,14.44,14.94,14.405,14.93,2718916.0,0.013577732518669228,29.690000534057617
2022-10-24,15.09,15.28,15.055,15.18,3616569.0,0.016744809109176195,29.850000381469727
2022-10-25,16.1,16.43,16.1,16.42,3940477.0,0.08168642951251659,28.459999084472656
2022-10-26,16.2,16.3699,16.05,16.16,3975322.0,-0.015834348355663885,27.280000686645508
2022-10-27,16.17,16.25,15.94,15.94,2869554.0,-0.013613861386138626,27.389999389648438
2022-10-28,16.0,16.205,15.91,16.15,2649478.0,0.013174404015056318,25.75
2022-10-31,15.9,15.99,15.83,15.86,2250585.0,-0.017956656346749145,25.8799991607666
2022-11-01,16.16,16.21,15.92,15.95,1970338.0,0.005674653215636871,25.809999465942383
2022-11-02,15.92,16.23,15.72,15.72,2317381.0,-0.014420062695924662,25.860000610351562
2022-11-03,15.6,15.8,15.58,15.69,2427641.0,-0.001908396946564972,25.299999237060547
2022-11-04,16.08,16.43,16.08,16.43,3712483.0,0.04716379859783304,24.549999237060547
2022-11-07,16.4,16.56,16.35,16.52,2740371.0,0.005477784540474762,24.350000381469727
2022-11-08,16.54,16.67,16.4,16.53,1712758.0,0.000605326876513379,25.540000915527344
2022-11-09,16.49,16.68,16.41,16.42,2211360.0,-0.006654567453115545,26.09000015258789
2022-11-10,17.1,17.56,17.0,17.54,4309677.0,0.06820950060901332,23.530000686645508
2022-11-11,18.27,18.68,18.21,18.6,4186801.0,0.06043329532497155,22.520000457763672
2022-11-14,18.37,18.4791,18.235,18.27,2996684.0,-0.01774193548387104,23.729999542236328
2022-11-15,18.65,18.71,18.29,18.43,3189747.0,0.008757525998905225,24.540000915527344
2022-11-16,18.39,18.42,18.245,18.32,1609989.0,-0.005968529571351078,24.110000610351562
2022-11-17,17.98,18.28,17.96,18.27,2083662.0,-0.0027292576419214454,23.93000030517578
2022-11-18,18.35,18.43,18.238,18.31,1255635.0,0.0021893814997262506,23.1200008392334
2022-11-21,18.24,18.38,18.175,18.33,1908239.0,0.0010922992900055384,22.360000610351562
2022-11-22,18.32,18.395,18.235,18.35,1830234.0,0.0010911074740864724,21.290000915527344
2022-11-23,18.34,18.51,18.32,18.46,1264394.0,0.0059945504087193235,20.350000381469727
2022-11-25,18.42,18.56,18.37,18.55,1195926.0,0.0048754062838569645,20.5
2022-11-28,18.38,18.44,18.05,18.06,1568521.0,-0.026415094339622747,22.209999084472656
2022-11-29,18.17,18.335,18.13,18.26,1362243.0,0.011074197120708895,21.889999389648438
2022-11-30,18.3,18.45,18.0,18.44,3324540.0,0.009857612267250904,20.579999923706055
2022-12-01,18.63,18.705,18.4,18.49,1958136.0,0.0027114967462038564,19.84000015258789
2022-12-02,18.38,18.5,18.3701,18.46,1379444.0,-0.0016224986479176362,19.059999465942383
2022-12-05,18.77,18.86,18.44,18.48,2741044.0,0.0010834236186347823,20.75
2022-12-06,18.54,18.59,18.19,18.29,2203523.0,-0.010281385281385336,22.170000076293945
2022-12-07,18.23,18.35,18.16,18.23,1665827.0,-0.0032804811372333376,22.68000030517578
2022-12-08,18.15,18.24,18.08,18.19,1586285.0,-0.0021941854086670043,22.290000915527344
2022-12-09,18.22,18.4,18.22,18.24,1686361.0,0.0027487630566243038,22.829999923706055
2022-12-12,18.13,18.26,18.04,18.26,2021453.0,0.0010964912280704286,25.0
2022-12-13,18.9,18.945,18.64,18.76,3502582.0,0.027382256297918905,22.549999237060547
2022-12-14,18.53,18.625,18.33,18.42,1776907.0,-0.018123667377398678,21.139999389648438
2022-12-15,18.11,18.14,17.87,17.92,1898125.0,-0.02714440825190012,22.829999923706055
2022-12-16,17.78,17.835,17.605,17.75,2505728.0,-0.009486607142857206,22.6200008392334
2022-12-19,17.96,18.065,17.8,17.87,2440482.0,0.006760563380281637,22.420000076293945
2022-12-20,17.92,18.11,17.92,18.03,2114994.0,0.008953553441522155,21.479999542236328
2022-12-21,18.38,18.705,18.36,18.52,2391490.0,0.02717692734331667,20.06999969482422
2022-12-22,18.56,18.6,18.1706,18.39,1633173.0,-0.007019438444924364,21.969999313354492
2022-12-23,18.52,18.665,18.5,18.62,1607966.0,0.012506797172376238,20.8700008392334
2022-12-27,18.63,18.74,18.585,18.64,1001465.0,0.0010741138560688146,21.649999618530273
2022-12-28,18.71,18.7699,18.54,18.54,1226361.0,-0.005364806866952843,22.139999389648438
2022-12-29,18.78,18.83,18.74,18.8,1217531.0,0.014023732470334505,21.440000534057617
2022-12-30,18.71,18.8,18.55,18.67,1592404.0,-0.006914893617021245,21.670000076293945
2023-01-03,19.02,19.175,18.85,18.96,2005985.0,0.01553294054633092,22.899999618530273
2023-01-04,19.52,19.71,19.48,19.69,2567779.0,0.03850210970464141,22.010000228881836
2023-01-05,19.51,19.57,19.4133,19.56,1910017.0,-0.006602336211274928,22.459999084472656
2023-01-06,19.41,19.93,19.36,19.89,2614207.0,0.016871165644171793,21.1299991607666
2023-01-09,20.15,20.2671,19.98,19.99,2929763.0,0.005027652086475598,21.969999313354492
2023-01-10,20.07,20.25,20.0,20.24,1786922.0,0.012506253126563394,20.579999923706055
2023-01-11,20.3,20.44,20.27,20.42,1649250.0,0.008893280632411127,21.09000015258789
2023-01-12,20.56,20.69,20.46,20.65,1840222.0,0.011263467189030152,18.829999923706055
2023-01-13,20.35,20.79,20.32,20.78,1489726.0,0.006295399515738653,18.350000381469727
2023-01-17,21.16,21.275,21.105,21.21,2427597.0,0.020692974013474474,19.360000610351562
2023-01-18,21.7,21.71,21.29,21.3,3053253.0,0.004243281471004279,20.34000015258789
2023-01-19,21.07,21.135,20.825,21.02,3337764.0,-0.013145539906103343,20.520000457763672
2023-01-20,20.97,21.19,20.91,21.17,3232628.0,0.007136060894386453,19.850000381469727
2023-01-23,21.04,21.27,21.0,21.25,2108623.0,0.0037789324515824507,19.809999465942383
2023-01-24,21.08,21.33,21.04,21.23,1540852.0,-0.0009411764705882231,19.200000762939453
2023-01-25,21.03,21.38,21.03,21.36,2348010.0,0.00612341026848795,19.079999923706055
2023-01-26,21.53,21.68,21.3649,21.68,1517351.0,0.014981273408239737,18.729999542236328
2023-01-27,21.36,21.52,21.315,21.44,1704303.0,-0.011070110701106972,18.510000228881836
2023-01-30,21.35,21.5,21.28,21.28,1790647.0,-0.007462686567164201,19.940000534057617
2023-01-31,21.05,21.46,20.99,21.46,3042803.0,0.008458646616541277,19.399999618530273
2023-02-01,21.29,21.8,21.24,21.7,3056950.0,0.011183597390493905,17.8700008392334
2023-02-02,21.8,21.85,21.545,21.69,2721791.0,-0.0004608294930874557,18.729999542236328
2023-02-03,21.5,21.84,21.49,21.7,2021377.0,0.0004610419548178868,18.329999923706055
2023-02-06,21.35,21.44,21.214,21.41,1942787.0,-0.013364055299539102,19.43000030517578
2023-02-07,21.41,21.7368,21.36,21.69,1572281.0,0.013078000934142908,18.65999984741211
2023-02-08,21.66,21.75,21.585,21.63,1366507.0,-0.0027662517289074318,19.6299991607666
2023-02-09,22.0,22.01,21.61,21.68,1619149.0,0.002311604253351751,20.709999084472656
2023-02-10,21.58,21.62,21.47,21.58,1392838.0,-0.004612546125461359,20.530000686645508
2023-02-13,21.63,21.88,21.61,21.87,1435620.0,0.013438368860055672,20.34000015258789
2023-02-14,21.87,22.215,21.85,22.1,2110021.0,0.010516689529035173,18.90999984741211
2023-02-15,21.83,22.07,21.8,22.07,1295293.0,-0.0013574660633485225,18.229999542236328
2023-02-16,21.84,22.16,21.84,21.93,1815192.0,-0.0063434526506570554,20.170000076293945
2023-02-17,21.8,21.965,21.765,21.94,1007953.0,0.00045599635202919764,20.020000457763672
2023-02-21,21.7,21.8839,21.655,21.71,1058843.0,-0.010483135824977174,22.8700008392334
2023-02-22,21.53,21.61,21.385,21.46,1014177.0,-0.011515430677107363,22.290000915527344
2023-02-23,21.6,21.7,21.47,21.63,952515.0,0.007921714818266423,21.139999389648438
2023-02-24,21.32,21.44,21.28,21.41,1063316.0,-0.010171058714747994,21.670000076293945
2023-02-27,21.77,21.85,21.6533,21.73,1069536.0,0.014946286781877705,20.950000762939453
2023-02-28,21.92,21.95,21.765,21.78,1533941.0,0.0023009664058906143,20.700000762939453
2023-03-01,21.71,21.795,21.56,21.61,1757879.0,-0.007805325987144229,20.579999923706055
2023-03-02,21.28,21.47,21.225,21.46,2898754.0,-0.006941230911614915,19.59000015258789
2023-03-03,21.75,22.16,21.66,22.12,4655208.0,0.03075489282385835,18.489999771118164
2023-03-06,22.2,22.2975,22.1193,22.16,1718966.0,0.001808318264014508,18.610000610351562
2023-03-07,22.0,22.04,21.47,21.56,3464297.0,-0.027075812274368283,19.59000015258789
2023-03-08,21.49,21.57,21.3,21.39,4103897.0,-0.0078849721706864,19.110000610351562
2023-03-09,21.37,21.5315,20.87,20.93,4715159.0,-0.021505376344086113,22.610000610351562
2023-03-10,20.92,20.95,20.16,20.34,6549334.0,-0.028189202102245625,24.799999237060547
2023-03-13,19.49,19.68,19.285,19.36,6403446.0,-0.048180924287118954,26.520000457763672
2023-03-14,19.97,20.125,19.755,19.99,5447787.0,0.0325413223140496,23.729999542236328
2023-03-15,18.15,18.73,17.99,18.73,13524181.0,-0.0630315157578788,26.139999389648438
2023-03-16,18.37,19.26,18.22,19.26,8152653.0,0.02829684997330495,22.989999771118164
2023-03-17,18.4,18.54,18.13,18.2,6349524.0,-0.05503634475597108,25.510000228881836
2023-03-20,19.07,19.76,18.61,18.8,40634544.0,0.03296703296703307,24.149999618530273
2023-03-21,20.12,21.27,19.97,21.05,18615286.0,0.11968085106382986,21.3799991607666
2023-03-22,20.44,20.73,20.12,20.4,14634419.0,-0.030878859857482288,22.260000228881836
2023-03-23,19.85,19.95,18.96,19.17,11781045.0,-0.06029411764705872,22.610000610351562
2023-03-24,18.63,19.13,18.27,18.99,9746550.0,-0.009389671361502483,21.739999771118164
2023-03-27,19.11,19.51,18.99,19.4,7225734.0,0.021590310689836745,20.600000381469727
2023-03-28,19.21,19.43,19.145,19.27,4933049.0,-0.006701030927835028,19.969999313354492
2023-03-29,20.2,20.2582,19.945,20.1,4545582.0,0.043072132848988254,19.1200008392334
2023-03-30,20.76,20.905,20.385,20.51,6084798.0,0.020398009950248763,19.020000457763672
2023-03-31,20.9,21.34,20.8,21.34,6855786.0,0.04046806435884931,18.700000762939453
2023-04-03,20.63,20.98,20.62,20.7,6845885.0,-0.029990627928772273,18.549999237060547
2023-04-04,20.89,21.03,20.74,21.0,4973022.0,0.01449275362318847,19.0
2023-04-05,20.97,21.0,20.62,20.79,3355580.0,-0.010000000000000009,19.079999923706055
2023-04-06,20.85,20.98,20.71,20.76,3651570.0,-0.0014430014430013571,18.399999618530273
2023-04-10,20.43,20.755,20.342,20.7,2134815.0,-0.0028901734104047616,18.969999313354492
2023-04-11,21.19,21.585,21.01,21.5,7116093.0,0.03864734299516903,19.100000381469727
2023-04-12,21.28,21.44,21.095,21.27,7059865.0,-0.010697674418604697,19.09000015258789
2023-04-13,21.41,21.63,21.34,21.63,4694605.0,0.016925246826516194,17.799999237060547
2023-04-14,21.97,22.15,21.75,21.91,4674371.0,0.012944983818770295,17.06999969482422
2023-04-17,20.8,21.14,20.64,21.08,6427457.0,-0.03788224554997721,16.950000762939453
2023-04-18,21.08,21.17,20.94,21.01,6270607.0,-0.0033206831119543256,16.829999923706055
2023-04-19,20.69,20.86,20.65,20.82,5773460.0,-0.009043312708234219,16.459999084472656
2023-04-20,20.39,20.57,20.18,20.36,5788952.0,-0.022094140249759864,17.170000076293945
2023-04-21,20.22,20.35,20.14,20.29,3207103.0,-0.0034381139489194634,16.770000457763672
2023-04-24,20.62,20.725,20.385,20.56,3642441.0,0.013307047806801364,16.889999389648438
2023-04-25,20.43,20.4799,19.59,19.6,4753085.0,-0.046692607003890885,18.760000228881836
2023-04-26,20.25,20.305,19.905,19.96,4312626.0,0.01836734693877551,18.84000015258789
2023-04-27,20.06,20.33,19.975,20.31,3792187.0,0.01753507014028055,17.030000686645508
2023-04-28,20.13,20.34,20.08,20.25,2688823.0,-0.002954209748892156,15.779999732971191
2023-05-01,20.28,20.41,20.02,20.04,2582072.0,-0.010370370370370363,16.079999923706055
2023-05-02,20.17,20.17,19.745,19.91,4026374.0,-0.006487025948103797,17.780000686645508
2023-05-03,19.53,19.72,19.34,19.35,3753611.0,-0.02812656956303361,18.34000015258789
2023-05-04,19.07,19.135,18.71,18.96,5909255.0,-0.020155038759689936,20.09000015258789
2023-05-05,19.32,19.76,19.29,19.72,5541095.0,0.04008438818565385,17.190000534057617
2023-05-08,19.58,19.7,19.575,19.66,2300655.0,-0.0030425963488842633,16.979999542236328
2023-05-09,19.39,19.69,19.36,19.6,2357645.0,-0.003051881993896166,17.709999084472656
2023-05-10,19.64,19.68,19.23,19.39,2288605.0,-0.010714285714285787,16.940000534057617
2023-05-11,19.05,19.25,18.99,19.19,1927495.0,-0.010314595152140282,16.93000030517578
2023-05-12,19.35,19.36,19.0725,19.16,1717907.0,-0.0015633142261595179,17.030000686645508
2023-05-15,19.18,19.41,19.15,19.38,1920397.0,0.01148225469728592,17.1200008392334
2023-05-16,19.23,19.29,19.05,19.1,1667292.0,-0.014447884416924572,17.989999771118164
2023-05-17,19.14,19.56,19.13,19.54,1897371.0,0.023036649214659644,16.8700008392334
2023-05-18,19.61,19.71,19.51,19.68,2101257.0,0.007164790174002178,16.049999237060547
2023-05-19,20.13,20.165,19.95,20.09,4261111.0,0.02083333333333326,16.809999465942383
2023-05-22,20.14,20.21,20.05,20.19,2112725.0,0.004977600796416182,17.209999084472656
2023-05-23,20.04,20.18,19.87,19.87,2031877.0,-0.015849430411094656,18.530000686645508
2023-05-24,19.84,19.85,19.605,19.67,2459066.0,-0.010065425264217387,20.030000686645508
2023-05-25,19.66,19.715,19.43,19.6,2029631.0,-0.003558718861209953,19.139999389648438
2023-05-26,19.58,19.91,19.57,19.85,1348732.0,0.012755102040816313,17.950000762939453
2023-05-30,19.75,19.8193,19.4,19.47,2273797.0,-0.019143576826196607,17.459999084472656
2023-05-31,19.06,19.08,18.765,18.91,3336697.0,-0.028762198253723614,17.940000534057617
2023-06-01,19.29,19.63,19.24,19.52,2428712.0,0.032258064516129004,15.649999618530273
2023-06-02,19.88,20.04,19.82,19.97,2359880.0,0.02305327868852447,14.600000381469727
2023-06-05,20.04,20.09,19.925,20.0,2212964.0,0.001502253380070151,14.729999542236328
2023-06-06,19.98,20.3,19.95,20.3,2715648.0,0.015000000000000124,13.960000038146973
2023-06-07,20.18,20.32,20.115,20.26,4003122.0,-0.0019704433497536034,13.9399995803833
2023-06-08,20.32,20.33,20.17,20.25,2993562.0,-0.000493583415597354,13.649999618530273
2023-06-09,20.15,20.325,20.14,20.19,3108651.0,-0.002962962962962945,13.829999923706055
2023-06-12,20.24,20.345,20.141,20.29,2260196.0,0.004952947003467045,15.010000228881836
2023-06-13,20.32,20.465,20.25,20.28,2983834.0,-0.0004928536224739766,14.609999656677246
2023-06-14,20.5,20.685,20.39,20.49,3186254.0,0.010355029585798592,13.880000114440918
2023-06-15,20.29,20.46,20.24,20.42,4504957.0,-0.003416300634455638,14.5
2023-06-16,20.57,20.58,20.3901,20.41,2525691.0,-0.0004897159647405669,13.539999961853027
2023-06-20,20.34,20.35,20.06,20.09,2603212.0,-0.015678588926996584,13.880000114440918
2023-06-21,20.09,20.17,20.03,20.05,1793808.0,-0.0019910403185664505,13.199999809265137
2023-06-22,19.94,19.99,19.84,19.9,2710338.0,-0.007481296758104827,12.90999984741211
2023-06-23,19.75,19.835,19.69,19.76,2532568.0,-0.007035175879396838,13.4399995803833
2023-06-26,19.63,19.77,19.56,19.56,2374550.0,-0.010121457489878694,14.25
2023-06-27,19.55,19.98,19.48,19.88,4054145.0,0.01635991820040905,13.739999771118164
2023-06-28,19.78,19.88,19.75,19.83,2251517.0,-0.0025150905432596016,13.430000305175781
2023-06-29,19.82,20.04,19.81,20.01,2347455.0,0.00907715582450841,13.539999961853027
2023-06-30,20.21,20.32,20.18,20.27,2348169.0,0.01299350324837567,13.59000015258789
2023-07-03,20.34,20.475,20.2721,20.47,1366068.0,0.009866798223976181,13.569999694824219
2023-07-05,20.12,20.14,19.87,19.89,1965134.0,-0.02833414753297503,14.180000305175781
2023-07-06,19.6,19.61,19.255,19.39,2375785.0,-0.0251382604323781,15.4399995803833
2023-07-07,19.67,19.93,19.65,19.85,2994272.0,0.02372356884992266,14.829999923706055
2023-07-10,19.92,20.07,19.905,20.04,2221529.0,0.009571788413098137,15.069999694824219
2023-07-11,20.24,20.35,20.172,20.31,2015871.0,0.013473053892215647,14.84000015258789
2023-07-12,20.65,20.8899,20.64,20.69,2007617.0,0.01870999507631721,13.539999961853027
2023-07-13,21.01,21.14,20.975,21.14,1899266.0,0.02174963750604153,13.609999656677246
2023-07-14,21.17,21.18,20.85,20.91,2390133.0,-0.010879848628193023,13.34000015258789
2023-07-17,21.07,21.14,21.025,21.06,1934168.0,0.007173601147776099,13.479999542236328
2023-07-18,21.08,21.37,21.06,21.33,1865432.0,0.012820512820512775,13.300000190734863
2023-07-19,21.42,21.46,21.265,21.33,1919480.0,0.0,13.760000228881836
2023-07-20,21.36,21.45,21.19,21.24,3309787.0,-0.00421940928270037,13.989999771118164
2023-07-21,21.43,21.4401,21.27,21.29,1567413.0,0.002354048964218425,13.600000381469727
2023-07-24,21.47,21.54,21.37,21.42,2787848.0,0.006106153123532243,13.90999984741211
2023-07-25,21.68,21.78,21.62,21.71,2218819.0,0.013538748832866432,13.859999656677246
2023-07-26,21.63,21.94,21.59,21.9,1875726.0,0.008751727314601387,13.1899995803833
2023-07-27,22.08,22.09,21.64,21.72,2136275.0,-0.008219178082191747,14.40999984741211
2023-07-28,22.11,22.27,22.05,22.26,2957206.0,0.024861878453038777,13.329999923706055
2023-07-31,22.06,22.21,22.055,22.17,1654199.0,-0.0040431266846361336,13.630000114440918
2023-08-01,22.0,22.06,21.75,21.86,2237154.0,-0.013982859720342855,13.930000305175781
2023-08-02,21.5,21.545,21.34,21.41,3702419.0,-0.020585544373284526,16.09000015258789
2023-08-03,21.43,21.6979,21.34,21.66,2009160.0,0.011676786548341811,15.920000076293945
2023-08-04,21.85,22.13,21.805,21.88,2168853.0,0.010156971375807844,17.100000381469727
2023-08-07,22.02,22.2,22.0,22.17,1602307.0,0.013254113345521068,15.770000457763672
2023-08-08,21.81,22.03,21.695,22.03,2223453.0,-0.006314839873703182,15.989999771118164
2023-08-09,22.11,22.175,21.93,21.96,1380399.0,-0.0031774852473899218,15.960000038146973
2023-08-10,22.27,22.4,22.04,22.12,2084984.0,0.007285974499089187,15.850000381469727
2023-08-11,23.0,23.37,22.9,23.36,5948471.0,0.05605786618444841,14.84000015258789
2023-08-14,23.25,23.63,23.21,23.59,3531942.0,0.009845890410958846,14.819999694824219
2023-08-15,23.48,23.55,23.19,23.41,4225471.0,-0.007630351844001737,16.459999084472656
2023-08-16,23.47,23.6472,23.38,23.4,2354665.0,-0.00042716787697572034,16.780000686645508
2023-08-17,23.56,23.735,23.39,23.5,3319386.0,0.004273504273504258,17.889999389648438
2023-08-18,23.17,23.505,23.14,23.43,2159018.0,-0.0029787234042553123,17.299999237060547
2023-08-21,23.45,23.55,23.2895,23.49,2089767.0,0.002560819462227748,17.1299991607666
2023-08-22,23.85,23.94,23.69,23.73,2688505.0,0.010217113665389688,16.969999313354492
2023-08-23,24.06,24.345,24.06,24.32,2128580.0,0.024863042562157656,15.979999542236328
2023-08-24,24.82,25.0195,24.6,24.65,4329692.0,0.013569078947368363,17.200000762939453
2023-08-25,24.5,24.66,24.2,24.58,4430272.0,-0.0028397565922920753,15.680000305175781
2023-08-28,24.58,25.03,24.545,24.93,4333335.0,0.014239218877135862,15.079999923706055
2023-08-29,24.71,25.19,24.71,25.14,4486512.0,0.008423586040914532,14.449999809265137
2023-08-30,25.3,25.405,25.16,25.29,4901145.0,0.005966587112171684,13.880000114440918
2023-08-31,26.6,26.97,26.38,26.71,9977199.0,0.056148675365757184,13.569999694824219
2023-09-01,26.33,26.64,26.32,26.34,4696160.0,-0.013852489704230697,13.09000015258789
2023-09-05,26.69,26.74,26.395,26.4,4005416.0,0.00227790432801811,14.010000228881836
2023-09-06,25.96,26.1,25.695,25.81,4104297.0,-0.02234848484848484,14.449999809265137
2023-09-07,25.62,25.77,25.53,25.74,3332772.0,-0.0027121270825262167,14.399999618530273
2023-09-08,25.37,25.59,25.22,25.5,3050200.0,-0.00932400932400923,13.84000015258789
2023-09-11,25.71,25.86,25.5509,25.62,3446568.0,0.004705882352941115,13.800000190734863
2023-09-12,25.62,25.95,25.56,25.79,3087519.0,0.006635441061670466,14.229999542236328
2023-09-13,26.09,26.245,25.9,25.99,3077399.0,0.00775494377665753,13.479999542236328
2023-09-14,26.22,26.325,26.14,26.19,2677388.0,0.0076952674105426055,12.819999694824219
2023-09-15,26.04,26.345,25.94,26.02,4416786.0,-0.0064910271095838246,13.789999961853027
2023-09-18,26.01,26.1106,25.8891,25.97,2390050.0,-0.0019215987701768356,14.0
2023-09-19,25.99,26.11,25.96,26.06,2638014.0,0.0034655371582594796,14.109999656677246
2023-09-20,26.35,26.575,26.16,26.18,2922850.0,0.004604758250191798,15.140000343322754
2023-09-21,25.8,25.8799,25.64,25.66,2703904.0,-0.019862490450725745,17.540000915527344
2023-09-22,25.57,25.615,25.32,25.35,2207351.0,-0.012081060015588396,17.200000762939453
2023-09-25,25.24,25.395,25.1106,25.37,1984451.0,0.0007889546351085297,16.899999618530273
2023-09-26,25.04,25.27,25.0,25.07,3063728.0,-0.011824990145841596,18.940000534057617
2023-09-27,24.23,24.365,24.03,24.34,6756297.0,-0.029118468288791388,18.219999313354492
2023-09-28,24.44,24.84,24.38,24.7,2828058.0,0.014790468364831444,17.34000015258789
2023-09-29,24.92,24.94,24.575,24.65,2676734.0,-0.002024291497975783,17.520000457763672
2023-10-02,24.59,24.68,24.275,24.36,3140751.0,-0.0117647058823529,17.610000610351562
2023-10-03,23.98,24.06,23.715,23.85,4418911.0,-0.020935960591132896,19.780000686645508
2023-10-04,24.0,24.02,23.75,23.95,2689062.0,0.00419287211740027,18.579999923706055
2023-10-05,23.87,24.12,23.87,24.08,2427244.0,0.00542797494780789,18.489999771118164
2023-10-06,24.28,24.68,24.11,24.59,4454527.0,0.02117940199335555,17.450000762939453
2023-10-09,24.37,24.63,24.275,24.62,2761669.0,0.001220008133387518,17.700000762939453
2023-10-10,24.72,24.87,24.671,24.71,2611454.0,0.0036555645816409577,17.030000686645508
2023-10-11,25.13,25.295,25.0516,25.23,2906443.0,0.021044111695669665,16.09000015258789
2023-10-12,25.01,25.03,24.63,24.79,2666223.0,-0.01743955608402703,16.690000534057617
2023-10-13,24.48,24.605,24.22,24.31,3270338.0,-0.019362646228317848,19.31999969482422
2023-10-16,24.76,25.0,24.71,24.92,2462405.0,0.025092554504319242,17.209999084472656
2023-10-17,24.72,25.21,24.72,25.07,2900585.0,0.006019261637239204,17.8799991607666
2023-10-18,24.76,24.79,24.32,24.39,3945993.0,-0.027124052652572783,19.219999313354492
2023-10-19,24.16,24.395,24.01,24.05,3293516.0,-0.013940139401394047,21.399999618530273
2023-10-20,23.87,23.965,23.6,23.72,2992562.0,-0.013721413721413778,21.709999084472656
2023-10-23,23.63,23.9075,23.555,23.64,2003555.0,-0.003372681281618828,20.3700008392334
2023-10-24,23.62,23.84,23.555,23.83,2630094.0,0.008037225042301088,18.969999313354492
2023-10-25,23.86,23.995,23.665,23.79,1870292.0,-0.0016785564414603105,20.190000534057617
2023-10-26,23.71,23.855,23.545,23.6,2632822.0,-0.007986548970155383,20.68000030517578
2023-10-27,23.66,23.693,23.28,23.36,2178216.0,-0.01016949152542379,21.270000457763672
2023-10-30,23.55,23.74,23.52,23.71,1913712.0,0.014982876712328785,19.75
2023-10-31,23.35,23.48,23.23,23.46,3011826.0,-0.010544074230282585,18.139999389648438
2023-11-01,23.78,24.115,23.735,24.03,3127270.0,0.024296675191815886,16.8700008392334
2023-11-02,24.13,24.33,24.0925,24.3,3221326.0,0.011235955056179803,15.65999984741211
2023-11-03,24.28,24.57,24.28,24.47,3344191.0,0.00699588477366242,14.90999984741211
2023-11-06,24.47,24.5,24.29,24.35,2417358.0,-0.004903964037596964,14.890000343322754
2023-11-07,24.98,25.2765,24.645,24.92,3768200.0,0.02340862422997958,14.8100004196167
2023-11-08,24.76,25.025,24.745,24.78,2634702.0,-0.005617977528089901,14.449999809265137
2023-11-09,24.78,24.885,24.5,24.51,2270865.0,-0.010895883777239712,15.289999961853027
2023-11-10,24.44,24.545,24.23,24.54,1335351.0,0.001223990208078174,14.170000076293945
2023-11-13,24.12,24.3,24.07,24.11,1968256.0,-0.017522412387938058,14.760000228881836
2023-11-14,24.4,24.96,24.38,24.89,3016584.0,0.03235172127747821,14.15999984741211
2023-11-15,25.33,25.57,25.24,25.46,3994054.0,0.022900763358778553,14.180000305175781
2023-11-16,25.35,25.45,25.265,25.44,2111282.0,-0.0007855459544383603,14.319999694824219
2023-11-17,25.89,26.245,25.86,26.19,2803658.0,0.02948113207547176,13.800000190734863
2023-11-20,26.18,26.34,26.14,26.21,1768198.0,0.0007636502481862539,13.40999984741211
2023-11-21,26.09,26.17,25.94,25.94,1532475.0,-0.010301411674933258,13.350000381469727
2023-11-22,26.09,26.1399,25.98,26.09,1574143.0,0.005782575173477245,12.850000381469727
2023-11-24,26.42,26.485,26.32,26.33,1307746.0,0.009198926791874174,12.460000038146973
2023-11-27,26.15,26.23,26.0499,26.18,1315411.0,-0.005696923661222875,12.6899995803833
2023-11-28,26.31,26.445,26.235,26.3,2041432.0,0.004583651642475317,12.6899995803833
2023-11-29,26.88,27.495,26.855,27.35,3678705.0,0.03992395437262353,12.979999542236328
2023-11-30,28.08,28.455,27.9,28.25,6111156.0,0.03290676416819016,12.920000076293945
2023-12-01,28.33,28.735,28.28,28.68,3289664.0,0.01522123893805305,12.630000114440918
2023-12-04,28.12,28.495,28.12,28.42,2597438.0,-0.009065550906555031,13.079999923706055
2023-12-05,27.78,27.85,27.46,27.72,3299060.0,-0.024630541871921263,12.850000381469727
2023-12-06,28.52,28.565,27.79,27.83,3598334.0,0.003968253968253954,12.970000267028809
2023-12-07,27.91,28.18,27.885,28.17,1764853.0,0.012217031979878001,13.0600004196167
2023-12-08,28.3,28.54,28.205,28.51,2540580.0,0.012069577564785217,12.350000381469727
2023-12-11,28.48,28.585,28.385,28.48,2073216.0,-0.0010522623640828455,12.630000114440918
2023-12-12,28.46,28.59,28.415,28.55,2755267.0,0.002457865168539408,12.069999694824219
2023-12-13,28.69,29.065,28.44,28.96,2389328.0,0.01436077057793339,12.1899995803833
2023-12-14,29.75,30.2,29.64,29.75,5712859.0,0.027279005524861955,12.479999542236328
2023-12-15,29.58,29.735,29.22,29.28,6873979.0,-0.015798319327731014,12.279999732971191
2023-12-18,29.35,29.37,29.1,29.2,3511591.0,-0.002732240437158584,12.5600004196167
2023-12-19,30.14,30.93,30.0,30.71,12475123.0,0.05171232876712328,12.529999732971191
2023-12-20,30.5,30.85,30.28,30.33,7621101.0,-0.012373819602735314,13.670000076293945
2023-12-21,30.74,30.825,30.455,30.67,4531272.0,0.011210023079459397,13.649999618530273
2023-12-22,30.76,31.13,30.725,30.89,4259050.0,0.007173133355069972,13.029999732971191
2023-12-26,30.79,31.15,30.79,31.04,4223625.0,0.004855940433797334,12.989999771118164
2023-12-27,30.94,31.395,30.915,31.19,4925225.0,0.0048324742268042176,12.430000305175781
2023-12-28,31.09,31.2392,30.79,30.91,5505014.0,-0.008977236293683855,12.470000267028809
2023-12-29,30.98,31.2684,30.8,30.9,5933243.0,-0.0003235198964737229,12.449999809265137
2024-01-02,30.6,30.62,30.38,30.4,3973929.0,-0.016181229773462813,13.199999809265137
2024-01-03,29.49,29.54,29.07,29.3,6129317.0,-0.03618421052631571,14.039999961853027
2024-01-04,29.51,29.945,29.4899,29.57,3917860.0,0.009215017064846398,14.130000114440918
2024-01-05,29.84,30.2,29.8,29.92,3281894.0,0.011836320595197902,13.350000381469727
2024-01-08,30.17,30.355,30.065,30.35,3189015.0,0.014371657754010725,13.079999923706055
2024-01-09,29.97,30.07,29.71,29.72,2571804.0,-0.020757825370675498,12.760000228881836
2024-01-10,30.02,30.03,29.795,29.92,2910163.0,0.006729475100942128,12.6899995803833
2024-01-11,29.86,29.92,29.145,29.49,3264171.0,-0.014371657754010836,12.4399995803833
2024-01-12,29.81,29.92,29.59,29.8,1913717.0,0.010512037978976041,12.699999809265137
2024-01-16,29.3,29.53,29.18,29.47,1744223.0,-0.011073825503355783,13.84000015258789
2024-01-17,28.89,29.23,28.86,29.14,2131227.0,-0.011197828299965962,14.789999961853027
2024-01-18,29.41,29.47,29.15,29.36,2312203.0,0.007549759780370646,14.130000114440918
2024-01-19,28.85,29.035,28.52,29.02,3659963.0,-0.011580381471389622,13.300000190734863
2024-01-22,29.19,29.275,29.07,29.11,2383584.0,0.003101309441764233,13.1899995803833
2024-01-23,28.98,29.041,28.76,28.93,2707346.0,-0.006183442116111326,12.550000190734863
2024-01-24,29.56,29.665,29.44,29.5,2800421.0,0.019702730729346696,13.140000343322754
2024-01-25,29.77,29.775,29.53,29.69,2402751.0,0.006440677966101704,13.449999809265137
2024-01-26,29.86,29.925,29.74,29.87,2364344.0,0.006062647356012141,13.260000228881836
2024-01-29,29.73,29.97,29.63,29.97,2555985.0,0.0033478406427853713,13.600000381469727
2024-01-30,30.07,30.26,29.9,30.23,2373657.0,0.008675342008675369,13.3100004196167
2024-01-31,30.33,30.49,29.895,29.91,2031638.0,-0.010585511081706911,14.350000381469727
2024-02-01,29.45,29.575,29.06,29.51,3032818.0,-0.01337345369441656,13.880000114440918
2024-02-02,29.47,29.905,29.47,29.84,1995814.0,0.01118264994916962,13.850000381469727
2024-02-05,29.54,29.875,29.295,29.79,2567917.0,-0.0016756032171582058,13.670000076293945
2024-02-06,28.37,28.4461,28.01,28.15,6387247.0,-0.0550520308828466,13.0600004196167
2024-02-07,27.82,27.93,27.335,27.76,6342595.0,-0.01385435168738891,12.829999923706055
2024-02-08,27.99,28.08,27.565,27.79,3369961.0,0.0010806916426511215,12.789999961853027
2024-02-09,27.71,27.9,27.575,27.9,2593792.0,0.00395825836631869,12.930000305175781
2024-02-12,27.83,28.125,27.83,27.92,2169774.0,0.0007168458781363629,13.930000305175781
2024-02-13,27.25,27.27,26.89,27.05,3737587.0,-0.031160458452722084,15.850000381469727
2024-02-14,27.41,27.51,27.29,27.47,2270677.0,0.015526802218114533,14.380000114440918
2024-02-15,27.66,27.915,27.66,27.87,3213229.0,0.01456133964324735,14.010000228881836
2024-02-16,27.75,27.88,27.64,27.66,1801249.0,-0.00753498385360607,14.239999771118164
2024-02-20,27.71,27.855,27.67,27.79,2005023.0,0.004699927693420092,15.420000076293945
2024-02-21,27.68,27.9,27.61,27.82,1643117.0,0.0010795250089961073,15.34000015258789
2024-02-22,27.98,28.17,27.9,28.06,3390574.0,0.008626887131560013,14.539999961853027
2024-02-23,28.14,28.18,27.985,28.05,1818814.0,-0.0003563791874553468,13.75
2024-02-26,28.43,28.55,28.2,28.35,1707831.0,0.010695187165775444,13.739999771118164
2024-02-27,28.5,28.69,28.44,28.57,1953575.0,0.007760141093474449,13.430000305175781
2024-02-28,28.55,28.66,28.495,28.5,1272217.0,-0.0024501225061253074,13.84000015258789
2024-02-29,28.86,28.95,28.38,28.45,5955858.0,-0.0017543859649122862,13.399999618530273
2024-03-01,28.79,29.005,28.57,28.95,2373853.0,0.017574692442882345,13.109999656677246
2024-03-04,28.65,28.945,28.6476,28.7,2640236.0,-0.008635578583765069,13.489999771118164
2024-03-05,28.74,29.04,28.72,28.82,2468662.0,0.004181184668989646,14.460000038146973
2024-03-06,29.45,29.45,29.015,29.14,5675633.0,0.011103400416377474,14.5
2024-03-07,29.7,29.88,29.59,29.81,4522707.0,0.022992450240219675,14.4399995803833
2024-03-08,30.91,31.19,30.69,30.85,5569837.0,0.034887621603488794,14.739999771118164
2024-03-11,30.75,31.05,30.625,31.04,3349525.0,0.006158833063208968,15.220000267028809
2024-03-12,31.27,31.66,31.135,31.65,3218080.0,0.019652061855670144,13.84000015258789
2024-03-13,31.59,31.89,31.58,31.73,2207551.0,0.0025276461295418162,13.75
2024-03-14,31.59,31.675,31.225,31.31,3061242.0,-0.013236684525685494,14.399999618530273
2024-03-15,31.66,32.13,31.57,31.93,3577015.0,0.01980198019801982,14.40999984741211
2024-03-18,31.68,31.71,31.52,31.55,2039158.0,-0.011901033510804848,14.329999923706055
2024-03-19,31.44,31.5,31.135,31.15,3234342.0,-0.01267828843106189,13.819999694824219
2024-03-20,30.7,31.25,30.61,31.22,3248163.0,0.0022471910112360494,13.039999961853027
2024-03-21,31.21,31.33,31.04,31.25,4223802.0,0.0009609224855862131,12.920000076293945
2024-03-22,31.25,31.29,31.045,31.24,2210237.0,-0.000320000000000098,13.0600004196167
2024-03-25,31.25,31.59,31.22,31.5,2798934.0,0.008322663252240847,13.1899995803833
2024-03-26,31.42,31.47,31.14,31.15,1553770.0,-0.011111111111111183,13.239999771118164
2024-03-27,31.24,31.4,31.15,31.4,3203846.0,0.008025682182985605,12.779999732971191
2024-03-28,30.49,30.81,30.49,30.72,2956635.0,-0.021656050955414008,13.010000228881836
2024-04-01,30.79,30.82,30.405,30.48,1691314.0,-0.0078125,13.649999618530273
2024-04-02,30.45,30.64,30.355,30.5,2189126.0,0.0006561679790026975,14.609999656677246
2024-04-03,30.57,31.17,30.54,31.13,2160014.0,0.02065573770491791,14.329999923706055
2024-04-04,31.42,31.69,30.995,31.05,2493427.0,-0.0025698682942498774,16.350000381469727
2024-04-05,30.9,31.42,30.89,31.27,2397380.0,0.007085346215780941,16.030000686645508
2024-04-08,31.25,31.325,31.04,31.15,2949466.0,-0.003837543971858093,15.1899995803833
2024-04-09,31.24,31.3095,30.65,30.8,2339736.0,-0.011235955056179692,14.979999542236328
2024-04-10,29.83,29.9,29.38,29.45,3518517.0,-0.04383116883116889,15.800000190734863
2024-04-11,29.14,29.235,28.73,29.12,3602291.0,-0.01120543293718157,14.90999984741211
2024-04-12,29.14,29.18,28.68,28.73,2178481.0,-0.013392857142857206,17.309999465942383
2024-04-15,29.09,29.15,28.365,28.42,2021738.0,-0.010790114862513023,19.229999542236328
2024-04-16,28.19,28.21,27.87,27.99,2418829.0,-0.015130190007037414,18.399999618530273
2024-04-17,28.32,28.375,27.9101,28.11,2356588.0,0.004287245444801746,18.209999084472656
2024-04-18,28.0,28.36,27.96,28.12,2292123.0,0.0003557452863749422,18.0
2024-04-19,28.12,28.295,28.005,28.06,1949007.0,-0.002133712660028486,18.709999084472656
2024-04-22,27.83,28.08,27.69,27.97,3376741.0,-0.0032074126870991204,16.940000534057617
2024-04-23,28.19,28.4375,28.15,28.39,3168603.0,0.01501608866642834,15.6899995803833
2024-04-24,27.65,27.8,27.24,27.36,3248991.0,-0.0362803804156393,15.970000267028809
2024-04-25,27.3,27.53,27.1,27.49,2514776.0,0.004751461988304007,15.369999885559082
2024-04-26,27.25,27.49,27.155,27.38,1800506.0,-0.004001455074572502,15.029999732971191
2024-04-29,27.58,27.595,27.29,27.39,2501616.0,0.000365230094959923,14.670000076293945
2024-04-30,27.24,27.295,26.8,26.85,2869866.0,-0.019715224534501585,15.649999618530273
2024-05-01,26.29,26.57,26.005,26.19,1789015.0,-0.024581005586592153,15.390000343322754
2024-05-02,26.71,26.87,26.48,26.82,3959486.0,0.02405498281786933,14.680000305175781
2024-05-03,27.13,27.24,26.975,27.17,2124016.0,0.013049962714392294,13.489999771118164
2024-05-06,27.41,27.6,27.35,27.6,2687040.0,0.01582627898417366,13.489999771118164
2024-05-07,30.09,30.09,29.285,29.54,5554796.0,0.07028985507246377,13.229999542236328
2024-05-08,28.95,29.1,28.825,28.83,3135280.0,-0.02403520649966151,13.0
2024-05-09,28.88,28.98,28.75,28.97,2408264.0,0.004856052722858051,12.6899995803833
2024-05-10,29.54,29.85,29.52,29.7,2608076.0,0.025198481187435284,12.550000190734863
2024-05-13,29.95,29.995,29.665,29.68,1873175.0,-0.0006734006734006037,13.600000381469727
2024-05-14,29.92,30.195,29.89,30.16,2188268.0,0.016172506738544534,13.420000076293945
2024-05-15,30.52,30.66,30.495,30.66,2060403.0,0.01657824933687002,12.449999809265137
2024-05-16,30.31,30.385,30.01,30.02,1803422.0,-0.020874103065883887,12.420000076293945
2024-05-17,30.29,30.39,30.21,30.34,1084205.0,0.01065956029313786,11.989999771118164
2024-05-20,30.22,30.36,30.1,30.1,1275103.0,-0.007910349373764003,12.149999618530273
2024-05-21,30.07,30.425,30.045,30.4,1250166.0,0.009966777408637828,11.859999656677246
2024-05-22,30.2,30.309,29.97,30.05,989778.0,-0.011513157894736725,12.289999961853027
2024-05-23,30.5,30.5762,30.095,30.19,2277735.0,0.004658901830282947,12.770000457763672
2024-05-24,30.53,30.88,30.51,30.87,1619344.0,0.022524014574362372,11.930000305175781
2024-05-28,30.94,31.085,30.815,30.87,1619943.0,0.0,12.920000076293945
2024-05-29,30.57,30.65,30.45,30.51,1641083.0,-0.011661807580174877,14.279999732971191
2024-05-30,30.96,31.26,30.93,31.23,1321750.0,0.02359882005899694,14.470000267028809
2024-05-31,31.41,31.945,31.355,31.88,2885035.0,0.02081332052513596,12.920000076293945
2024-06-03,31.77,31.9,31.565,31.69,2121623.0,-0.005959849435382636,13.109999656677246
2024-06-04,31.37,31.44,31.1,31.22,1035246.0,-0.014831177027453513,13.15999984741211
2024-06-05,31.32,31.38,31.13,31.29,1137713.0,0.0022421524663678305,12.630000114440918
2024-06-06,31.69,31.83,31.59,31.69,1538806.0,0.012783636944710741,12.579999923706055
2024-06-07,31.68,31.9,31.6,31.62,1637938.0,-0.0022088987062164334,12.220000267028809
2024-06-10,31.17,31.35,31.03,31.26,1131863.0,-0.011385199240986688,12.739999771118164
2024-06-11,31.05,31.05,30.73,30.86,1833026.0,-0.012795905310300726,12.850000381469727
2024-06-12,31.37,31.49,31.07,31.14,1740640.0,0.009073233959818516,12.039999961853027
2024-06-13,30.81,30.82,30.295,30.42,3235802.0,-0.023121387283236983,11.9399995803833
2024-06-14,30.2,30.42,30.0,30.4,1583768.0,-0.0006574621959238858,12.65999984741211
2024-06-17,30.8,31.085,30.605,30.99,2082407.0,0.019407894736842124,12.75
2024-06-18,31.12,31.325,31.11,31.18,1696845.0,0.0061310100032268,12.300000190734863
2024-06-20,30.98,31.315,30.92,31.2,2487336.0,0.0006414368184732844,13.279999732971191
2024-06-21,30.64,30.67,30.03,30.24,3257638.0,-0.03076923076923077,13.199999809265137
2024-06-24,30.54,30.7,30.505,30.6,1155131.0,0.011904761904762085,13.329999923706055
2024-06-25,29.65,29.85,29.51,29.8,2551342.0,-0.02614379084967322,12.84000015258789
2024-06-26,29.22,29.45,29.12,29.21,4455860.0,-0.019798657718120838,12.550000190734863
2024-06-27,29.4,29.52,29.31,29.46,1555472.0,0.008558712769599408,12.239999771118164
2024-06-28,29.39,29.59,29.38,29.54,1435640.0,0.0027155465037338455,12.4399995803833
2024-07-01,29.83,30.02,29.73,29.94,1076972.0,0.01354096140826,12.220000267028809
2024-07-02,29.62,30.03,29.585,30.02,1346519.0,0.002672010688042681,12.029999732971191
2024-07-03,30.2,30.4,30.1,30.34,1003101.0,0.01065956029313786,12.09000015258789
2024-07-05,30.5,30.52,30.08,30.44,1097465.0,0.003295978905734964,12.479999542236328
2024-07-08,30.63,30.69,30.34,30.39,823577.0,-0.0016425755584756896,12.369999885559082
2024-07-09,30.15,30.42,30.134,30.27,954473.0,-0.003948667324777944,12.510000228881836
2024-07-10,30.43,30.75,30.35,30.74,886097.0,0.015526924347538884,12.850000381469727
2024-07-11,31.01,31.17,30.91,31.03,1197916.0,0.009433962264151052,12.920000076293945
2024-07-12,31.24,31.37,31.2,31.24,1169075.0,0.006767644215275537,12.460000038146973
2024-07-15,31.36,31.37,31.055,31.07,846543.0,-0.005441741357234298,13.119999885559082
2024-07-16,31.0,31.455,30.89,31.42,1094368.0,0.011264885741873343,13.1899995803833
2024-07-17,31.21,31.34,30.94,31.01,1540446.0,-0.013049013367282036,14.479999542236328
2024-07-18,31.24,31.24,30.56,30.59,1303014.0,-0.013544018058690765,15.930000305175781
2024-07-19,30.44,30.635,30.354,30.42,890736.0,-0.005557371690094737,16.520000457763672
2024-07-22,30.8,30.87,30.62,30.68,1502567.0,0.008547008547008517,14.90999984741211
2024-07-23,30.55,30.76,30.45,30.54,1966558.0,-0.0045632333767927635,14.720000267028809
2024-07-24,30.53,30.555,29.985,30.0,1790623.0,-0.017681728880157177,18.040000915527344
2024-07-25,29.95,30.435,29.69,30.17,1254106.0,0.005666666666666709,18.459999084472656
2024-07-26,30.36,30.63,30.33,30.55,775445.0,0.012595293337752667,16.389999389648438
2024-07-29,30.39,30.43,29.97,29.97,1770597.0,-0.01898527004909989,16.600000381469727
2024-07-30,30.1,30.25,29.98,30.01,1380375.0,0.00133466800133486,17.690000534057617
2024-07-31,30.31,30.395,30.09,30.18,1786366.0,0.005664778407197479,16.360000610351562
2024-08-01,30.17,30.17,28.87,29.16,2418802.0,-0.03379721669980118,18.59000015258789
2024-08-02,28.45,28.5,27.95,28.03,3024712.0,-0.0387517146776406,23.389999389648438
2024-08-05,27.57,28.125,27.37,27.97,4242125.0,-0.002140563681769625,38.56999969482422
2024-08-06,27.7,28.3897,27.555,28.18,2007575.0,0.007508044333214281,27.709999084472656
2024-08-07,28.74,28.79,28.16,28.16,1549951.0,-0.0007097232079489313,27.850000381469727
2024-08-08,28.52,28.7099,28.3,28.64,1154668.0,0.017045454545454586,23.790000915527344
2024-08-09,28.58,28.78,28.475,28.69,1211738.0,0.0017458100558660483,20.3700008392334
2024-08-12,28.71,28.805,28.57,28.63,1481894.0,-0.0020913210177763153,20.709999084472656
2024-08-13,28.88,29.26,28.825,29.25,2059287.0,0.021655606007684236,18.1200008392334
2024-08-14,30.55,31.03,30.45,30.89,6163617.0,0.056068376068376,16.190000534057617
2024-08-15,30.13,30.335,30.01,30.15,3718106.0,-0.023955972806733672,15.229999542236328
2024-08-16,30.26,30.42,30.2,30.38,2397400.0,0.007628524046434437,14.800000190734863
2024-08-19,30.26,30.54,30.21,30.46,1286081.0,0.0026333113890717463,14.649999618530273
2024-08-20,30.42,30.58,30.395,30.46,1580571.0,0.0,15.880000114440918
2024-08-21,30.53,30.7,30.385,30.68,1897033.0,0.007222586999343417,16.270000457763672
2024-08-22,30.82,30.855,30.63,30.73,1079104.0,0.0016297262059974393,17.549999237060547
2024-08-23,30.7,31.22,30.7,31.05,1075505.0,0.01041327692808336,15.859999656677246
2024-08-26,31.2,31.225,31.09,31.12,1135453.0,0.0022544283413847843,16.149999618530273
2024-08-27,31.26,31.455,31.22,31.26,1567919.0,0.004498714652956259,15.430000305175781
2024-08-28,31.15,31.26,30.94,31.08,1195772.0,-0.0057581573896353655,17.110000610351562
2024-08-29,30.88,30.96,30.69,30.79,1648153.0,-0.00933075933075933,15.649999618530273
2024-08-30,30.66,30.77,30.545,30.76,1318443.0,-0.0009743423189346734,15.0
2024-09-03,30.18,30.26,29.56,29.67,2355285.0,-0.03543563068920674,20.719999313354492
2024-09-04,29.57,29.7099,29.4,29.44,2324902.0,-0.007751937984496138,21.31999969482422
2024-09-05,29.61,29.69,29.255,29.36,1602328.0,-0.0027173913043478937,19.899999618530273
2024-09-06,29.28,29.4,28.53,28.53,2617787.0,-0.02826975476839233,22.3799991607666
2024-09-09,28.82,29.175,28.79,29.02,2041363.0,0.017174903610234882,19.450000762939453
2024-09-10,28.9,28.9,28.33,28.63,2268046.0,-0.013439007580978601,19.079999923706055
2024-09-11,28.81,29.07,28.42,29.0,1980026.0,0.012923506811037377,17.690000534057617
2024-09-12,28.86,29.095,28.68,28.98,1403368.0,-0.0006896551724138167,17.06999969482422
2024-09-13,29.38,29.665,29.38,29.59,1252106.0,0.02104899930986881,16.559999465942383
2024-09-16,29.65,29.83,29.6,29.79,1396216.0,0.006759040216289369,17.139999389648438
2024-09-17,30.0,30.05,29.665,29.76,1003584.0,-0.001007049345417843,17.610000610351562
2024-09-18,29.91,30.32,29.74,29.91,1321264.0,0.005040322580645018,18.229999542236328
2024-09-19,30.33,30.455,30.1,30.4,1121915.0,0.01638248077566029,16.329999923706055
2024-09-20,29.96,30.02,29.705,29.9,1397232.0,-0.016447368421052655,16.149999618530273
2024-09-23,30.11,30.29,30.1,30.22,950498.0,0.01070234113712365,15.890000343322754
2024-09-24,30.73,30.8,30.2913,30.64,1374732.0,0.013898080741231,15.390000343322754
2024-09-25,30.49,30.515,29.98,30.0,1165142.0,-0.02088772845953002,15.40999984741211
2024-09-26,30.97,31.11,30.8,31.01,2491452.0,0.033666666666666734,15.369999885559082
2024-09-27,31.34,31.35,31.005,31.03,1272117.0,0.0006449532408900893,16.959999084472656
2024-09-30,30.79,30.955,30.67,30.91,1181137.0,-0.0038672252658717987,16.729999542236328
2024-10-01,31.2,31.23,30.28,30.81,2429180.0,-0.003235198964736341,19.260000228881836
2024-10-02,30.84,31.045,30.69,30.98,1700422.0,0.005517689061993014,18.899999618530273
2024-10-03,30.67,30.775,30.5,30.66,855410.0,-0.010329244673983218,20.489999771118164
2024-10-04,30.71,30.93,30.69,30.89,870178.0,0.007501630789302105,19.209999084472656
2024-10-07,31.41,31.52,31.17,31.31,1412439.0,0.013596633214632448,22.639999389648438
2024-10-08,31.17,31.26,31.055,31.2,865794.0,-0.003513254551261613,21.420000076293945
2024-10-09,31.21,31.59,31.21,31.58,658733.0,0.012179487179487136,20.860000610351562
2024-10-10,31.6,31.645,31.45,31.61,801243.0,0.0009499683343889842,20.93000030517578
2024-10-11,31.61,32.13,31.6,32.02,2082356.0,0.01297057893071818,20.459999084472656
2024-10-14,31.99,32.34,31.98,32.19,1274691.0,0.005309181761399051,19.700000762939453
2024-10-15,32.34,32.4299,31.91,31.94,1021085.0,-0.007766387076731829,20.639999389648438
2024-10-16,32.32,32.52,32.23,32.5,1060072.0,0.017532874139010612,19.579999923706055
2024-10-17,32.7,32.8,32.45,32.56,1234442.0,0.0018461538461538307,19.110000610351562
2024-10-18,32.65,32.885,32.5,32.83,1016999.0,0.008292383292383132,18.030000686645508
2024-10-21,32.59,32.61,32.3,32.33,845026.0,-0.0152299725860493,18.3700008392334
2024-10-22,32.29,32.53,32.25,32.5,863010.0,0.005258274048871137,18.200000762939453
2024-10-23,32.13,32.19,31.765,31.95,959933.0,-0.01692307692307693,19.239999771118164
2024-10-24,32.24,32.445,32.15,32.38,924929.0,0.013458528951486803,19.079999923706055
2024-10-25,32.34,32.365,32.01,32.1,937612.0,-0.00864731315626932,20.329999923706055
2024-10-28,32.1,32.48,32.07,32.39,1363849.0,0.00903426791277262,19.799999237060547
2024-10-29,32.79,32.895,32.595,32.82,2122603.0,0.013275702377276932,19.34000015258789
2024-10-30,31.565,31.91,31.28,31.35,2864477.0,-0.04478976234003651,20.350000381469727
2024-10-31,31.03,31.17,30.57,30.68,1888816.0,-0.021371610845295153,23.15999984741211
2024-11-01,31.25,31.29,31.03,31.11,1365050.0,0.014015645371577623,21.8799991607666
2024-11-04,31.19,31.26,30.97,31.01,1023880.0,-0.0032144005143039944,21.979999542236328
2024-11-05,31.36,31.85,31.26,31.73,1421333.0,0.023218316672041217,20.489999771118164
2024-11-06,32.54,33.08,32.38,33.02,2473821.0,0.040655531043176873,16.270000457763672
2024-11-07,33.13,33.34,32.95,33.08,1621910.0,0.001817080557237949,15.199999809265137
2024-11-08,32.375,32.47,32.1,32.34,1739990.0,-0.02237001209189826,14.9399995803833
2024-11-11,32.47,32.795,32.46,32.65,1518409.0,0.009585652442795078,14.970000267028809
2024-11-12,32.24,32.29,31.88,32.06,1221652.0,-0.01807044410413461,14.710000038146973
2024-11-13,31.73,31.81,31.35,31.62,1645721.0,-0.013724266999376233,14.020000457763672
2024-11-14,31.83,31.91,31.655,31.68,1241593.0,0.00189753320683117,14.3100004196167
2024-11-15,31.51,31.65,31.465,31.63,1215187.0,-0.0015782828282828731,16.139999389648438
2024-11-18,31.75,31.98,31.655,31.87,982411.0,0.00758773316471717,15.579999923706055
2024-11-19,31.53,31.889,31.46,31.85,1200985.0,-0.0006275494195168152,16.350000381469727
2024-11-20,31.86,31.91,31.61,31.83,1548858.0,-0.0006279434850864352,17.15999984741211
2024-11-21,31.83,31.9012,31.605,31.74,1249597.0,-0.002827521206409056,16.8700008392334
2024-11-22,31.64,31.81,31.59,31.8,1268623.0,0.001890359168241984,15.239999771118164
2024-11-25,32.06,32.18,31.91,32.04,1662309.0,0.007547169811320753,14.600000381469727
2024-11-26,31.4,31.46,31.07,31.19,1446928.0,-0.026529338327091034,14.100000381469727
2024-11-27,31.24,31.42,31.19,31.34,962780.0,0.004809233728759077,14.100000381469727
2024-11-29,31.99,32.42,31.99,32.34,1022297.0,0.0319081046585834,13.510000228881836
2024-12-02,32.29,32.415,32.085,32.28,1237931.0,-0.0018552875695733162,13.34000015258789
2024-12-03,32.54,32.65,32.45,32.55,910008.0,0.00836431226765777,13.300000190734863
2024-12-04,32.6,32.63,32.435,32.44,965061.0,-0.003379416282642045,13.449999809265137
2024-12-05,32.72,32.9262,32.72,32.74,1452221.0,0.009247842170160503,13.539999961853027
2024-12-06,33.09,33.1,32.725,32.79,1121899.0,0.0015271838729382647,12.770000457763672
2024-12-09,33.04,33.06,32.59,32.59,1119257.0,-0.006099420555047086,14.1899995803833
2024-12-10,32.13,32.18,31.66,31.69,1481850.0,-0.02761583307763127,14.180000305175781
2024-12-11,32.18,32.265,31.97,32.18,1168237.0,0.015462290943515145,13.579999923706055
2024-12-12,32.06,32.33,32.02,32.02,979703.0,-0.0049720323182099735,13.920000076293945
2024-12-13,32.08,32.08,31.765,31.86,771651.0,-0.004996876951905205,13.8100004196167
2024-12-16,31.86,31.89,31.705,31.82,1296313.0,-0.0012554927809165228,14.6899995803833
2024-12-17,31.46,31.605,31.35,31.4,1418301.0,-0.013199245757385292,15.869999885559082
2024-12-18,31.19,31.3,29.99,30.02,1669739.0,-0.04394904458598725,27.6200008392334
2024-12-19,29.92,29.985,29.73,29.81,2434644.0,-0.0069953364423718245,24.09000015258789
2024-12-20,29.64,30.045,29.58,29.78,2302343.0,-0.0010063737001005935,18.360000610351562
2024-12-23,30.07,30.34,29.96,30.29,1801483.0,0.017125587642713214,16.780000686645508
2024-12-24,30.34,30.65,30.26,30.55,583932.0,0.008583690987124415,14.270000457763672
2024-12-26,30.43,30.735,30.43,30.64,862615.0,0.0029459901800328314,14.729999542236328
2024-12-27,30.66,30.79,30.455,30.69,1095173.0,0.0016318537859008053,15.949999809265137
2024-12-30,30.46,30.69,30.355,30.6,1341147.0,-0.0029325513196480912,17.399999618530273
2024-12-31,30.53,30.69,30.145,30.32,1094937.0,-0.0091503267973857,17.350000381469727
2025-01-02,30.35,30.5,30.18,30.28,975550.0,-0.0013192612137202797,17.93000030517578
2025-01-03,31.59,31.605,31.245,31.42,1805332.0,0.03764861294583888,16.1299991607666
2025-01-06,32.12,32.355,31.965,32.05,1861455.0,0.020050922978994024,16.040000915527344
2025-01-07,32.62,32.62,32.045,32.46,2641434.0,0.012792511700468134,17.81999969482422
2025-01-08,32.245,32.475,32.19,32.47,1232994.0,0.00030807147258160583,17.700000762939453
2025-01-10,32.69,32.725,32.28,32.31,2060531.0,-0.004927625500461885,19.540000915527344
2025-01-13,31.92,32.01,31.74,31.98,2473761.0,-0.010213556174558991,19.190000534057617
2025-01-14,32.07,32.3,31.88,32.21,1346804.0,0.007191994996873063,18.709999084472656
2025-01-15,32.87,32.99,32.68,32.93,1902669.0,0.022353306426575514,16.1200008392334
2025-01-16,33.02,33.22,32.995,33.15,2162949.0,0.006680838141512213,16.600000381469727
2025-01-17,33.82,34.11,33.74,34.04,1859877.0,0.026847662141779916,15.970000267028809
2025-01-21,34.75,35.105,34.55,35.1,2114132.0,0.03113983548766175,15.0600004196167
2025-01-22,34.87,34.91,34.63,34.67,2237339.0,-0.012250712250712281,15.100000381469727
2025-01-23,34.83,35.08,34.75,35.0,1203997.0,0.009518315546582112,15.020000457763672
2025-01-24,35.05,35.42,34.97,35.37,2098226.0,0.010571428571428454,14.850000381469727
2025-01-27,35.33,35.8,35.22,35.78,2706443.0,0.011591744416171945,17.899999618530273
2025-01-28,35.36,35.76,35.265,35.72,3117319.0,-0.001676914477361735,16.40999984741211
2025-01-29,35.62,35.84,35.525,35.65,2071186.0,-0.0019596864501679745,16.559999465942383
2025-01-30,35.68,35.83,35.37,35.61,1877404.0,-0.0011220196353436407,15.84000015258789
2025-01-31,35.67,35.755,35.335,35.42,1462168.0,-0.005335579893288367,16.43000030517578
2025-02-03,34.33,35.04,34.29,34.94,2618534.0,-0.013551665725578865,18.6200008392334
2025-02-04,32.935,33.06,32.27,32.41,6858295.0,-0.07240984544934181,17.209999084472656
2025-02-05,32.56,32.68,32.2,32.61,3454146.0,0.006170934896637004,15.770000457763672
2025-02-06,33.06,33.42,33.01,33.39,1770114.0,0.023919043238270543,15.5
2025-02-07,33.61,33.71,33.3636,33.42,1994936.0,0.0008984725965859308,16.540000915527344
2025-02-10,33.39,33.68,33.19,33.61,1815339.0,0.005685218432076589,15.8100004196167
2025-02-11,33.24,33.31,33.06,33.16,1778857.0,-0.013388872359416881,16.020000457763672
2025-02-12,32.9,33.07,32.76,33.03,1238410.0,-0.003920386007237542,15.890000343322754
2025-02-13,33.25,33.56,33.2,33.49,1577916.0,0.013926733272782377,15.100000381469727
2025-02-14,33.63,33.81,33.5,33.55,1296327.0,0.00179157957599263,14.770000457763672
2025-02-18,34.15,34.35,34.06,34.33,1470974.0,0.02324888226527566,15.350000381469727
2025-02-19,33.71,33.87,33.64,33.79,1856227.0,-0.015729682493445973,15.270000457763672
2025-02-20,33.67,33.7,33.25,33.52,1889685.0,-0.00799052974252723,15.65999984741211
2025-02-21,33.77,33.825,33.41,33.47,1960406.0,-0.001491646778043032,18.209999084472656
2025-02-24,33.74,33.76,33.29,33.47,1563231.0,0.0,18.979999542236328
2025-02-25,33.93,34.065,33.275,33.96,13531313.0,0.014639976097998275,19.43000030517578
2025-02-26,34.07,34.43,34.01,34.23,7615360.0,0.007950530035335523,19.100000381469727
2025-02-27,33.24,33.91,33.12,33.85,17136764.0,-0.011101373064563158,21.1299991607666
2025-02-28,33.66,34.36,33.2515,34.29,15640838.0,0.012998522895125486,19.6299991607666
2025-03-03,34.72,35.045,34.205,34.38,3192587.0,0.002624671916010568,22.780000686645508
2025-03-04,33.33,34.08,32.41,33.32,8209402.0,-0.030831878999418305,23.510000228881836
2025-03-05,33.455,34.38,33.455,34.24,5090430.0,0.027611044417767072,21.93000030517578
2025-03-06,32.97,33.525,32.805,33.1,7138185.0,-0.033294392523364524,24.8700008392334
2025-03-07,33.69,34.18,33.29,34.15,6734230.0,0.031722054380664666,23.3700008392334
2025-03-10,32.735,32.86,31.645,31.88,7365886.0,-0.0664714494875549,27.860000610351562
2025-03-11,31.68,31.805,31.02,31.38,6007527.0,-0.015683814303638632,26.920000076293945
2025-03-12,31.96,32.035,31.64,31.94,3057219.0,0.017845761631612556,24.229999542236328
2025-03-13,31.85,31.9,31.56,31.71,1876709.0,-0.00720100187852224,24.65999984741211
2025-03-14,32.25,32.845,32.19,32.73,7312515.0,0.032166508987701015,21.770000457763672
2025-03-17,33.0,33.565,32.98,33.42,2317040.0,0.02108157653528897,20.510000228881836
2025-03-18,33.64,34.195,33.47,33.85,4182671.0,0.012866546977857496,21.700000762939453
2025-03-19,32.87,33.275,32.815,33.07,2862820.0,-0.023042836041358927,19.899999618530273
2025-03-20,32.37,33.09,32.36,32.99,3961770.0,-0.002419110976715988,19.799999237060547
2025-03-21,32.52,32.9,32.495,32.74,4153093.0,-0.0075780539557441795,19.280000686645508
2025-03-24,32.95,33.1,32.815,32.96,2763256.0,0.006719609040928498,17.479999542236328
2025-03-25,33.61,33.8,33.48,33.67,2730316.0,0.021541262135922334,17.149999618530273
2025-03-26,33.64,33.785,33.11,33.21,2028260.0,-0.013662013662013694,18.329999923706055
2025-03-27,32.01,32.13,31.73,31.91,4000271.0,-0.039144835892803376,18.690000534057617
2025-03-28,31.82,31.84,31.44,31.56,3489722.0,-0.01096834848010031,21.649999618530273
2025-03-31,30.435,30.755,30.1393,30.63,2974431.0,-0.02946768060836502,22.280000686645508
2025-04-01,30.81,30.81,30.16,30.35,3085063.0,-0.009141364675155028,21.770000457763672
2025-04-02,29.97,30.575,29.965,30.45,2842598.0,0.0032948929159801743,21.510000228881836
2025-04-03,28.83,28.98,28.175,28.22,4070940.0,-0.07323481116584563,30.020000457763672
2025-04-04,27.51,27.62,26.08,26.76,6537461.0,-0.05173635719347969,45.310001373291016
2025-04-07,26.04,27.89,25.7825,26.65,6952982.0,-0.004110612855007578,46.97999954223633
2025-04-08,27.67,27.76,25.745,26.12,4750081.0,-0.019887429643527077,52.33000183105469
2025-04-09,26.0,28.585,25.83,28.42,6301930.0,0.08805513016845334,33.619998931884766
2025-04-10,27.68,27.9,26.925,27.53,3993488.0,-0.03131597466572833,40.720001220703125
2025-04-11,27.74,28.63,27.68,28.44,3697772.0,0.03305484925535773,37.560001373291016
2025-04-14,28.55,28.915,28.41,28.66,3232797.0,0.007735583684950642,30.889999389648438
2025-04-15,28.99,29.11,28.85,28.9,2655913.0,0.008374040474528943,30.1200008392334
2025-04-16,28.0,28.14,27.605,27.81,2206467.0,-0.03771626297577857,32.63999938964844
2025-04-17,28.0,28.23,27.93,27.94,3102303.0,0.0046745774901115755,29.649999618530273
2025-04-21,27.91,28.04,27.4,27.61,2287458.0,-0.011811023622047334,33.81999969482422
2025-04-22,28.1,28.61,28.08,28.54,2416860.0,0.03368344802607748,30.56999969482422
2025-04-23,29.48,29.795,29.045,29.08,3202037.0,0.01892081289418357,28.450000762939453
2025-04-24,29.42,29.85,29.33,29.81,2756147.0,0.025103163686382324,26.469999313354492
2025-04-25,29.78,30.1,29.75,30.02,2349251.0,0.007044615900704487,24.84000015258789
2025-04-28,30.07,30.385,30.05,30.28,2463820.0,0.008660892738174608,25.149999618530273
2025-04-29,30.37,30.55,30.275,30.51,2280298.0,0.007595772787318378,24.170000076293945
2025-04-30,30.06,30.3,29.73,30.23,3889929.0,-0.009177318911832266,24.700000762939453
2025-05-01,30.22,30.52,30.1,30.14,3937559.0,-0.002977174991730114,24.600000381469727
2025-05-02,30.53,30.81,30.52,30.71,2956342.0,0.018911745189117424,22.68000030517578
2025-05-05,30.89,31.06,30.75,30.77,2099219.0,0.0019537609899056285,23.639999389648438
2025-05-06,30.73,30.91,30.68,30.68,1542334.0,-0.0029249268768281045,24.760000228881836
2025-05-07,30.87,31.035,30.78,30.88,2017895.0,0.006518904823989535,23.549999237060547
2025-05-08,31.25,31.405,31.03,31.08,3629333.0,0.006476683937823857,22.479999542236328
2025-05-09,31.365,31.53,31.285,31.51,4355943.0,0.0138352638352639,21.899999618530273
2025-05-12,32.11,32.225,31.835,32.16,5194395.0,0.020628371945413893,18.389999389648438
2025-05-13,32.31,32.7,32.255,32.49,3912873.0,0.010261194029850929,18.219999313354492
2025-05-14,32.76,32.85,32.595,32.73,2238430.0,0.007386888273314796,18.6200008392334
2025-05-15,33.04,33.325,32.94,33.28,2821187.0,0.01680415520928835,17.829999923706055
2025-05-16,32.97,33.18,32.9401,33.04,2660253.0,-0.007211538461538547,17.239999771118164
2025-05-19,33.36,33.86,33.29,33.75,5738081.0,0.021489104116222846,18.139999389648438
2025-05-20,32.48,32.635,32.18,32.28,4336415.0,-0.04355555555555557,18.09000015258789
2025-05-21,32.58,32.6,31.95,31.97,3650046.0,-0.009603469640644402,20.8700008392334
2025-05-22,31.96,32.285,31.915,32.12,2652289.0,0.004691898654989091,20.280000686645508
2025-05-23,31.52,31.87,31.5,31.74,2216484.0,-0.011830635118306287,22.290000915527344
2025-05-27,31.91,32.095,31.83,32.04,1913006.0,0.00945179584120992,18.959999084472656
2025-05-28,31.79,31.82,31.59,31.59,2012030.0,-0.014044943820224698,19.309999465942383
2025-05-29,31.83,31.83,31.51,31.64,2209202.0,0.0015827793605571738,19.18000030517578
2025-05-30,31.73,31.975,31.49,31.89,3932145.0,0.00790139064475337,18.56999969482422
2025-06-02,31.81,32.045,31.69,31.93,4053497.0,0.0012543116964565115,18.360000610351562
2025-06-03,33.04,33.5,32.9,33.45,4443689.0,0.047604134043219615,17.690000534057617
2025-06-04,32.89,33.06,32.815,32.84,2424230.0,-0.018236173393124,17.610000610351562
2025-06-05,32.57,32.89,32.53,32.85,2394079.0,0.0003045066991473888,18.479999542236328
2025-06-06,34.09,34.56,33.505,33.62,7079230.0,0.023439878234398748,16.770000457763672
2025-06-09,33.4,33.42,32.57,32.93,4389711.0,-0.020523497917905975,17.15999984741211
2025-06-10,32.0,32.49,31.96,32.24,3100687.0,-0.020953537807470335,16.950000762939453
2025-06-11,32.84,32.875,32.59,32.71,1775364.0,0.014578163771712171,17.260000228881836
2025-06-12,32.59,32.84,32.55,32.67,1442916.0,-0.001222867624579571,18.020000457763672
2025-06-13,32.1,32.245,31.87,31.98,1846342.0,-0.02112029384756664,20.81999969482422
2025-06-16,32.05,32.305,31.98,32.03,1617178.0,0.0015634771732333519,19.110000610351562
2025-06-17,31.77,31.85,31.54,31.58,1357201.0,-0.014049328754292989,21.600000381469727
2025-06-18,30.84,31.01,30.71,30.77,2468213.0,-0.02564914502849902,20.139999389648438
2025-06-20,30.76,30.84,30.36,30.42,4216306.0,-0.011374715632109123,20.6200008392334
2025-06-23,30.455,31.075,30.39,31.06,2959268.0,0.02103879026955946,19.829999923706055
2025-06-24,31.69,32.175,31.62,32.05,2324597.0,0.03187379265936885,17.479999542236328
2025-06-25,32.17,32.27,32.03,32.25,2034664.0,0.006240249609984483,16.760000228881836
2025-06-26,32.79,33.13,32.69,33.07,2143514.0,0.02542635658914727,16.59000015258789
2025-06-27,33.45,33.62,33.255,33.44,2446197.0,0.01118838826731161,16.31999969482422
2025-06-30,33.65,33.85,33.61,33.82,2511568.0,0.011363636363636465,16.729999542236328
2025-07-01,33.48,33.87,33.48,33.77,2058364.0,-0.0014784151389709566,16.829999923706055
2025-07-02,34.53,34.83,34.43,34.77,3782337.0,0.029612081729345485,16.639999389648438
2025-07-03,35.005,35.1,34.73,34.88,2181041.0,0.0031636468219728986,16.3799991607666
2025-07-07,34.5,34.61,34.07,34.17,2598023.0,-0.02035550458715596,17.790000915527344
2025-07-08,34.9,35.215,34.745,35.17,2685890.0,0.029265437518290804,16.809999465942383
2025-07-09,35.81,36.0,35.585,35.8,3284114.0,0.017912994029001927,15.9399995803833
2025-07-10,36.0,36.235,35.99,36.11,2226492.0,0.008659217877095005,15.779999732971191
2025-07-11,35.75,35.81,35.575,35.69,1497487.0,-0.011631127111603523,16.399999618530273
2025-07-14,35.43,35.775,35.39,35.67,1466644.0,-0.0005603810591200409,17.200000762939453
2025-07-15,35.89,35.9,35.395,35.41,1749918.0,-0.007289038407625625,17.3799991607666
2025-07-16,35.57,35.9875,35.42,35.97,2357514.0,0.01581474159841867,17.15999984741211
2025-07-17,35.76,36.075,35.75,36.04,2763511.0,0.0019460661662495937,16.520000457763672
2025-07-18,36.28,36.28,35.935,36.02,1430815.0,-0.0005549389567146568,16.40999984741211
2025-07-21,36.11,36.585,36.07,36.3,1294514.0,0.007773459189339027,16.649999618530273
2025-07-22,36.72,37.055,36.57,37.0,2095146.0,0.019283746556473913,16.5
2025-07-23,37.56,38.13,37.53,38.13,2427820.0,0.03054054054054056,15.369999885559082
2025-07-24,38.25,38.41,38.18,38.21,2184342.0,0.0020980854969838703,15.390000343322754
2025-07-25,38.24,38.42,38.095,38.41,1500751.0,0.005234231876471984,14.930000305175781
2025-07-28,37.95,37.97,37.745,37.78,1236298.0,-0.0164019786513927,15.029999732971191
2025-07-29,37.95,38.145,37.725,38.0,2268167.0,0.0058231868713605195,15.979999542236328
2025-07-30,38.025,38.295,37.76,37.93,2560858.0,-0.0018421052631578672,15.479999542236328
2025-07-31,37.49,37.56,37.2,37.33,2500164.0,-0.01581861323490641,16.719999313354492
2025-08-01,36.71,36.795,35.94,36.67,3697644.0,-0.017680150013393958,20.3799991607666
2025-08-04,37.56,37.56,37.255,37.35,1483581.0,0.018543768748295664,17.520000457763672
2025-08-05,37.58,37.675,37.26,37.54,1757198.0,0.005087014725568828,17.850000381469727
2025-08-06,37.9,38.16,37.785,38.04,1850682.0,0.01331912626531695,16.770000457763672
2025-08-07,39.06,39.2,38.72,38.94,2573804.0,0.023659305993690705,16.56999969482422
2025-08-08,39.35,39.71,39.24,39.54,1744711.0,0.015408320493066396,15.149999618530273
2025-08-11,39.29,39.32,38.63,38.8,3700592.0,-0.018715225088517973,16.25
2025-08-12,39.22,39.57,39.13,39.55,2209141.0,0.019329896907216426,14.729999542236328
2025-08-13,39.51,39.695,39.47,39.65,1342825.0,0.0025284450063212116,14.489999771118164
2025-08-14,39.56,39.87,39.51,39.86,1128296.0,0.005296343001261139,14.829999923706055
2025-08-15,40.2,40.21,39.87,39.92,1957856.0,0.0015052684395384652,15.09000015258789
2025-08-18,39.64,39.83,39.455,39.69,2070028.0,-0.005761523046092232,14.989999771118164
2025-08-19,40.0,40.0,39.53,39.56,1699004.0,-0.003275384227765077,15.569999694824219
2025-08-20,39.45,39.84,39.195,39.74,1691046.0,0.0045500505561173465,15.6899995803833
2025-08-21,39.34,39.525,39.275,39.49,1621991.0,-0.006290890790135895,16.600000381469727
2025-08-22,39.84,40.415,39.81,40.38,1333278.0,0.02253735122815903,14.220000267028809
2025-08-25,40.34,40.44,40.17,40.19,1028792.0,-0.004705299653293804,14.789999961853027
2025-08-26,39.9,40.575,39.86,40.55,2201747.0,0.008957452102513086,14.619999885559082
2025-08-27,40.3,40.395,40.05,40.16,1618629.0,-0.00961775585696667,14.850000381469727
2025-08-28,40.37,40.71,40.335,40.6,1525698.0,0.010956175298804993,14.430000305175781
2025-08-29,40.44,40.6,40.34,40.52,1241116.0,-0.0019704433497536034,15.359999656677246
2025-09-02,39.3,39.66,39.185,39.66,1903862.0,-0.021224086870681336,17.170000076293945
2025-09-03,39.6,39.77,39.485,39.76,1356044.0,0.002521432173474558,16.350000381469727
2025-09-04,40.07,40.46,40.03,40.43,1304174.0,0.01685110663983913,15.300000190734863
2025-09-05,40.81,40.8999,40.085,40.36,2085561.0,-0.0017313875834775727,15.180000305175781
2025-09-08,40.67,40.71,40.35,40.54,1603333.0,0.004459861248761188,15.109999656677246
2025-09-09,39.83,40.1956,39.72,40.01,1789362.0,-0.013073507646768623,15.039999961853027
2025-09-10,40.01,40.24,39.95,40.11,1231062.0,0.0024993751562110145,15.350000381469727
2025-09-11,40.4,40.925,40.4,40.9,1900685.0,0.019695836449763027,14.710000038146973
2025-09-12,40.64,40.78,40.46,40.73,1272413.0,-0.004156479217603981,14.760000228881836
2025-09-15,41.36,41.7,41.36,41.59,1745956.0,0.02111465750061403,15.6899995803833
2025-09-16,41.36,41.4,41.145,41.32,1336322.0,-0.0064919451791296545,16.360000610351562
2025-09-17,41.43,41.705,41.135,41.43,1480022.0,0.0026621490803484527,15.720000267028809
2025-09-18,41.19,41.57,41.089,41.53,1248322.0,0.002413709872073344,15.699999809265137
2025-09-19,42.29,42.38,41.97,42.29,1765442.0,0.018300024078979016,15.449999809265137
2025-09-22,42.0,42.44,41.9,42.38,1196883.0,0.0021281626862144076,16.100000381469727
2025-09-23,42.29,42.565,42.015,42.08,1314065.0,-0.007078810759792442,16.639999389648438
2025-09-24,41.8,41.84,41.47,41.53,1218599.0,-0.013070342205323104,16.18000030517578
2025-09-25,40.37,40.58,40.265,40.48,1905895.0,-0.02528292800385279,16.739999771118164
2025-09-26,40.59,40.825,40.58,40.77,1403100.0,0.007164031620553457,15.289999961853027
2025-09-29,41.06,41.385,40.67,41.33,3145118.0,0.013735589894530165,16.1200008392334
2025-09-30,41.05,41.18,40.63,41.0,1857544.0,-0.007984514880232219,16.280000686645508
2025-10-01,40.81,40.86,40.355,40.42,1541282.0,-0.014146341463414647,16.290000915527344
2025-10-02,40.27,40.405,39.92,40.34,1739574.0,-0.0019792182088075316,16.6299991607666
2025-10-03,41.0,41.2159,40.91,41.1,1142358.0,0.018839861179970274,16.649999618530273
2025-10-06,41.11,41.135,40.755,41.04,820404.0,-0.0014598540145985828,16.3700008392334
2025-10-07,40.99,41.08,40.6877,40.91,2388412.0,-0.0031676413255361524,17.239999771118164
2025-10-08,41.13,41.17,40.64,40.67,1540159.0,-0.0058665362991932035,16.299999237060547
2025-10-09,40.37,40.38,39.81,40.13,1827050.0,-0.013277600196705208,16.43000030517578
2025-10-10,40.54,40.65,39.65,39.74,1875984.0,-0.009718415150759996,21.65999984741211
2025-10-13,40.16,40.475,40.13,40.39,1022123.0,0.01635631605435317,19.030000686645508
2025-10-14,39.51,40.225,39.34,39.99,2456792.0,-0.009903441445902383,20.809999465942383
2025-10-15,39.16,39.37,38.93,39.08,2098911.0,-0.022755688922230677,20.639999389648438
2025-10-16,39.32,39.43,38.8,38.87,1792907.0,-0.0053735926305015225,25.309999465942383
2025-10-17,38.36,38.575,38.04,38.49,2160426.0,-0.009776177000257125,20.780000686645508
2025-10-20,38.13,38.36,38.07,38.36,2845823.0,-0.0033775006495194715,18.229999542236328
2025-10-21,37.73,37.83,37.54,37.56,3122093.0,-0.02085505735140769,17.8700008392334
2025-10-22,37.95,38.085,37.775,38.06,1867692.0,0.013312034078807322,18.600000381469727
2025-10-23,38.36,38.37,38.11,38.22,1148520.0,0.004203888596952199,17.299999237060547
2025-10-24,38.03,38.235,37.91,38.02,1542966.0,-0.005232862375719405,16.3700008392334
2025-10-27,38.49,38.8,38.42,38.6,1503766.0,0.015255128879537061,15.789999961853027
2025-10-28,38.99,39.205,38.89,39.09,2203489.0,0.012694300518134805,16.420000076293945
2025-10-29,38.575,38.865,38.12,38.28,2942468.0,-0.020721412125863425,16.920000076293945
2025-10-30,38.16,38.42,38.015,38.03,1661620.0,-0.0065308254963427625,16.90999984741211
2025-10-31,38.14,38.425,37.99,38.36,1782937.0,0.008677359978964017,17.440000534057617
2025-11-03,37.97,38.07,37.675,37.97,1345559.0,-0.010166840458811222,17.170000076293945
2025-11-04,37.32,37.94,37.23,37.87,3138003.0,-0.0026336581511720025,19.0
2025-11-05,38.65,38.69,38.35,38.37,1949905.0,0.013203063110641677,18.010000228881836
2025-11-06,38.37,38.47,37.955,38.04,1224032.0,-0.008600469116497256,19.5
2025-11-07,37.61,38.31,37.49,38.31,1501139.0,0.0070977917981074334,19.079999923706055
2025-11-10,38.36,38.51,38.175,38.43,2133234.0,0.003132341425215346,17.600000381469727
2025-11-11,38.94,39.135,38.91,38.98,1332076.0,0.014311735623210975,17.280000686645508
2025-11-12,39.5,39.8,39.49,39.6,1334386.0,0.015905592611595853,17.510000228881836
2025-11-13,39.69,39.84,39.06,39.07,1668756.0,-0.013383838383838387,20.0
2025-11-14,38.63,39.04,38.49,38.92,1545463.0,-0.003839262861530579,19.829999923706055
2025-11-17,38.79,38.8851,38.11,38.25,2165469.0,-0.017214799588900376,22.3799991607666
2025-11-18,37.81,38.21,37.73,38.03,1979153.0,-0.0057516339869281286,24.690000534057617
2025-11-19,38.11,38.265,37.91,38.2,1307518.0,0.0044701551406785,23.65999984741211
2025-11-20,37.71,38.14,36.78,36.79,2701233.0,-0.036910994764397964,26.420000076293945
2025-11-21,37.04,37.2,36.655,37.07,1989950.0,0.007610763794509312,23.43000030517578
2025-11-24,36.61,36.895,36.4435,36.79,1973760.0,-0.007553277582951212,20.520000457763672
2025-11-25,37.29,37.64,37.095,37.59,1350342.0,0.02174503941288397,18.559999465942383
2025-11-26,38.05,38.195,37.985,38.05,1192606.0,0.012237297153498083,17.190000534057617
2025-11-28,38.31,38.68,38.3,38.6,1039768.0,0.014454664914586246,16.350000381469727
2025-12-01,38.47,38.68,38.39,38.48,1233374.0,-0.0031088082901555847,17.239999771118164
2025-12-02,38.6,38.77,38.55,38.74,898923.0,0.006756756756756799,16.59000015258789
2025-12-03,38.33,38.85,38.33,38.84,1169142.0,0.0025813113061434745,16.079999923706055
2025-12-04,38.9,39.115,38.795,38.81,1148714.0,-0.0007723995880535295,15.779999732971191
2025-12-05,39.25,40.78,39.22,40.64,6308551.0,0.04715279567121877,15.40999984741211
2025-12-08,40.9,41.22,40.7948,41.01,2380748.0,0.009104330708661346,16.65999984741211
2025-12-09,40.96,41.445,40.96,41.29,1957913.0,0.006827603023652706,16.93000030517578
2025-12-10,41.28,41.74,41.04,41.61,1580993.0,0.007750060547347948,15.770000457763672
2025-12-11,42.18,42.77,42.08,42.68,2376877.0,0.025714972362412825,14.850000381469727
2025-12-12,43.455,43.76,43.04,43.21,2518276.0,0.01241799437675728,15.739999771118164
