date,open,high,low,close,volume
2006-03-24,425.9913,430.0105,425.9913,430.0105,210
2006-04-05,423.5180,425.0704,423.5180,425.0704,19
2006-06-02,400.1713,400.6263,400.1713,400.6263,3
2006-09-05,412.6779,412.7947,412.6779,412.7947,29
2006-09-18,411.3908,411.3908,410.3096,410.3096,22
2006-12-06,443.3904,443.3904,441.8167,441.8167,21
2007-01-03,467.0433,468.1662,467.0433,468.1662,10
2007-01-15,474.0964,477.5555,474.0964,477.5555,18
2007-01-30,468.3437,468.3437,468.3192,468.3192,68
2007-02-19,479.3658,479.3658,475.7379,475.7379,34
2007-02-20,472.8052,473.4339,472.8052,473.4339,21
2007-03-13,431.2648,436.9772,431.2648,436.9772,82
2007-04-05,439.8557,439.8557,437.8224,437.8224,50
2007-04-30,430.5182,430.5183,427.5018,427.5018,55
2007-05-10,424.1859,424.1859,421.6693,421.6693,6
2007-06-11,415.2956,418.0759,415.2955,418.0759,102
2007-10-29,427.6022,427.6023,417.4180,417.4180,140
2007-11-08,409.6395,413.2867,409.6394,413.2867,4499
2007-11-16,410.9822,410.9822,410.9822,410.9822,3673
2007-11-19,415.0701,415.0701,415.0701,415.0701,20
2007-11-28,422.8594,422.8594,422.8594,422.8594,1184
2007-11-29,424.9394,424.9396,423.2902,423.2902,8483
2007-11-30,427.6736,427.6736,427.6736,427.6736,200
2007-12-03,431.9006,431.9006,431.9006,431.9006,3
2007-12-04,429.5805,429.5805,428.9825,428.9825,1456
2007-12-05,433.2240,435.1852,433.2240,433.2240,4464
2007-12-07,439.9643,439.9643,439.9643,439.9643,4
2007-12-10,440.8181,440.8181,440.8181,440.8181,4
2007-12-17,437.4997,437.5000,436.7499,436.7499,67
2007-12-19,437.2499,437.2499,437.2499,437.2499,165
2007-12-20,436.2500,436.2500,436.2500,436.2500,34
2007-12-21,441.0000,441.0000,441.0000,441.0000,6
2008-01-08,432.7008,432.7008,429.2500,429.2500,604
2008-01-14,420.6406,420.6406,420.6406,420.6406,873
2008-01-17,415.4149,416.0785,415.4149,415.4149,3698
2008-01-21,410.3125,410.3125,403.2500,403.2500,268
2008-01-23,405.2500,405.3304,404.8769,404.8769,6661
2008-01-24,405.0438,411.2500,403.0000,403.0000,14918
2008-01-25,416.5000,416.5000,416.5000,416.5000,100
2008-01-28,408.2500,408.2500,407.3979,407.3979,1132
2008-01-29,413.3321,413.3321,413.3321,413.3321,2700
2008-01-30,420.1250,425.7500,420.1250,420.1250,4352
2008-01-31,425.4198,428.5000,425.4198,425.4198,1714
2008-02-05,424.2500,424.6875,417.6250,417.6250,5711
2008-02-07,414.0000,414.0000,410.0000,410.0000,277
2008-02-12,406.2500,406.2500,406.2500,406.2500,262
2008-02-13,408.5000,408.5000,408.5000,408.5000,48
2008-02-14,412.7000,412.7000,412.7000,412.7000,165
2008-02-15,406.5000,406.5000,406.5000,406.5000,138
2008-02-19,410.3461,412.0000,410.3461,410.3461,542
2008-02-20,416.0000,416.0000,416.0000,416.0000,2667
2008-02-21,413.3472,413.3472,413.3472,413.3472,4773
2008-02-22,411.5000,411.5000,411.5000,411.5000,14
2008-02-25,410.3750,412.2500,410.3750,410.3750,5715
2008-02-26,414.0000,414.0000,413.7500,413.7500,236
2008-02-28,405.7310,405.7310,405.0598,405.0598,3989
2008-02-29,402.5229,402.5229,402.5229,402.5229,11623
2008-03-03,391.1122,391.1122,391.1122,391.1122,3500
2008-03-04,390.3125,390.3125,385.7500,385.7500,488
2008-03-05,374.5000,374.5000,374.5000,374.5000,310
2008-03-06,374.4466,374.4466,374.4466,374.4466,1400
2008-03-07,357.5000,357.5000,356.5000,356.5000,4205
2008-03-10,352.8008,352.8008,349.5541,349.5541,1365
2008-03-11,345.5000,352.5389,345.5000,345.5000,11900
2008-03-12,356.7903,356.7903,356.0000,356.0000,942
2008-03-13,350.5703,351.5465,350.5703,350.5703,4303
2008-03-18,339.0000,339.0000,333.4793,333.4793,5374
2008-03-19,328.2334,328.2334,328.2334,328.2334,4403
2008-03-20,331.0000,331.0000,331.0000,331.0000,300
2008-03-25,337.5000,340.7500,337.5000,337.5000,325
2008-03-26,344.2669,344.2669,344.2669,344.2669,4805
2008-03-31,339.0000,339.0000,337.7219,337.7219,20642
2008-04-03,348.5000,348.5000,348.5000,348.5000,120
2008-04-04,356.0000,356.0000,356.0000,356.0000,319
2008-04-07,357.9668,359.3281,357.9668,357.9668,404
2008-04-09,370.2500,370.2500,369.7500,369.7500,29
2008-04-11,364.0000,364.0000,364.0000,364.0000,83
2008-04-14,361.6969,361.7104,361.6969,361.6969,1430
2008-04-15,365.4008,365.4008,365.4008,365.4008,7754
2008-04-16,370.2580,370.2580,370.2580,370.2580,3150
2008-04-17,371.8466,371.8466,368.5625,368.5625,2272
2008-04-18,371.9688,376.2500,371.5471,371.5471,5184
2008-04-21,372.6250,377.0000,372.1250,372.1250,6448
2008-04-22,374.7188,378.8750,374.7188,374.7188,231
2008-04-23,375.2500,376.0000,370.0312,370.0312,3221
2008-04-24,372.0000,376.0000,371.7500,371.7500,420
2008-04-25,362.5000,362.5000,362.5000,362.5000,389
2008-04-29,363.4589,365.0321,363.4589,363.4589,8791
2008-04-30,370.0000,370.0000,370.0000,370.0000,1318
2008-05-02,373.5000,373.5000,372.4135,372.4135,203
2008-05-06,374.0000,374.0000,374.0000,374.0000,1
2008-05-07,357.8239,357.8239,357.8239,357.8239,34
2008-05-08,359.3750,359.5000,358.9688,358.9688,1286
2008-05-09,356.2500,359.0000,356.2500,356.2500,393
2008-05-13,361.2082,361.2082,359.6659,359.6659,15287
2008-05-15,365.5829,365.5829,365.5829,365.5829,2590
2008-05-16,366.9543,366.9543,366.9543,366.9543,2395
2008-05-21,362.1019,362.1019,362.1019,362.1019,477
2008-05-22,361.7500,361.8882,361.7500,361.7500,1423
2008-05-23,363.9556,363.9556,363.9556,363.9556,45
2008-05-27,359.7357,359.7357,359.7357,359.7357,401
2008-05-29,365.5312,365.7500,365.5312,365.5312,227
2008-06-02,363.0000,363.0000,363.0000,363.0000,7
2008-06-03,361.7500,361.7500,361.7500,361.7500,16
2008-06-05,364.0336,364.0336,364.0336,364.0336,1240
2008-06-09,358.7500,358.7500,358.7500,358.7500,15
2008-06-10,355.0000,356.2500,355.0000,355.0000,173
2008-06-12,351.2603,357.0000,351.2603,351.2603,466
2008-06-13,358.7500,358.7500,358.7500,358.7500,10000
2008-06-18,354.5000,354.5000,354.5000,354.5000,107
2008-06-19,348.7500,348.7500,348.7500,348.7500,66
2008-06-20,351.6250,351.6250,351.6250,351.6250,2945
2008-06-26,342.2188,342.2188,342.2188,342.2188,130
2008-06-30,340.7281,340.7281,340.7281,340.7281,451
2008-07-02,333.2500,335.6784,333.2500,333.2500,176
2008-07-03,332.2500,334.5000,332.2500,332.2500,349
2008-07-04,333.3682,333.3682,333.3682,333.3682,3540
2008-07-07,330.6404,330.6404,330.6404,330.6404,5614
2008-07-08,331.2500,331.2500,331.2500,331.2500,150
2008-07-09,329.4885,329.4885,329.4885,329.4885,1134
2008-07-16,311.0679,311.0679,311.0679,311.0679,394
2008-07-17,317.0000,317.0000,315.0000,315.0000,12733
2008-07-22,327.5000,327.5000,319.5665,319.5665,710
2008-07-28,328.9033,328.9033,328.9033,328.9033,300
2008-07-30,334.5000,336.0000,334.5000,334.5000,5379
2008-08-04,336.7828,336.8764,336.7828,336.7828,12830
2008-08-05,336.5000,338.7500,336.5000,336.5000,207
2008-08-06,344.5000,344.5000,344.5000,344.5000,66
2008-08-07,345.0000,345.0000,345.0000,345.0000,2777
2008-08-13,354.9811,354.9811,354.5715,354.5715,2067
2008-08-18,351.7500,352.7500,351.7500,351.7500,91
2008-08-19,349.5800,349.5800,349.5800,349.5800,2612
2008-08-20,340.7500,341.8055,340.7500,340.7500,5532
2008-08-22,346.2018,346.2018,346.2018,346.2018,311
2008-08-26,343.8188,343.8188,343.8188,343.8188,182
2008-08-28,348.5000,349.2500,347.7500,347.7500,525
2008-08-29,350.3750,353.7500,349.3750,349.3750,1838
2008-09-03,358.1250,359.7500,358.1250,358.1250,39382
2008-09-04,357.1250,357.1250,353.0000,353.0000,270
2008-09-05,352.9688,352.9688,352.9688,352.9688,48
2008-09-10,361.9463,361.9463,361.9463,361.9463,228
2008-09-15,351.5000,351.5000,351.5000,351.5000,111
2008-09-18,344.0000,344.0000,344.0000,344.0000,286
2008-09-19,364.0000,364.0000,364.0000,364.0000,46
2008-09-22,352.5000,352.5000,352.5000,352.5000,45
2008-09-24,349.1604,349.1604,349.1604,349.1604,1170
2008-09-29,340.0000,340.0000,340.0000,340.0000,890
2008-09-30,329.7500,329.7500,329.7500,329.7500,39
2008-10-01,335.5000,339.8792,335.5000,335.5000,1168
2008-10-02,340.0000,346.6552,340.0000,340.0000,1948
2008-10-03,345.0000,358.0000,345.0000,345.0000,5769
2008-10-06,354.5884,354.5884,354.5884,354.5884,622
2008-10-07,352.1413,352.1413,345.5000,345.5000,463
2008-10-08,341.3268,341.3268,335.5857,335.5857,15296
2008-10-09,330.0659,330.0659,329.1435,329.1435,6000
2008-10-10,305.0000,305.0000,296.4273,296.4273,7965
2008-10-13,309.0000,309.0000,308.0344,308.0344,2608
2008-10-16,318.0000,321.3438,314.2500,314.2500,1000
2008-10-21,360.3750,362.5000,357.7500,357.7500,210
2008-10-22,356.0000,356.0000,356.0000,356.0000,500
2008-10-23,348.0000,348.0000,348.0000,348.0000,56
2008-10-24,357.1075,362.0000,357.1075,357.1075,2569
2008-10-27,343.7460,343.7460,343.7460,343.7460,6843
2008-10-28,352.5000,352.5000,352.5000,352.5000,293
2008-10-29,359.7500,359.7500,356.1875,356.1875,1554
2008-10-30,359.9973,359.9973,359.9973,359.9973,1136
2008-10-31,355.5000,355.5000,355.5000,355.5000,73
2008-11-03,353.5152,353.5152,353.5152,353.5152,370
2008-11-04,356.5312,363.2500,356.5312,356.5312,4425
2008-11-05,354.4228,354.4228,354.0240,354.0240,5559
2008-11-06,356.8847,356.8847,356.1571,356.1571,2000
2008-11-07,345.7500,345.7500,345.7500,345.7500,7
2008-11-11,330.6324,341.1200,330.6324,330.6324,16918
2008-11-12,334.7500,335.9979,334.7500,334.7500,3400
2008-11-13,328.0000,328.0000,328.0000,328.0000,41
2008-11-14,352.0000,352.0000,352.0000,352.0000,58
2008-11-21,338.4171,338.4171,328.9451,328.9451,1046
2008-11-24,339.5000,345.7500,339.5000,339.5000,569
2008-11-25,345.2225,345.2225,345.2225,345.2225,1019
2008-11-26,346.1290,351.2500,346.1290,346.1290,205
2008-12-01,343.3852,343.3852,343.3852,343.3852,30342
2008-12-02,339.9965,339.9965,339.9965,339.9965,1000
2008-12-03,338.1806,338.1806,338.1806,338.1806,2500
2008-12-04,350.7500,350.7500,350.7500,350.7500,11253
2008-12-05,347.9375,351.5000,347.9375,347.9375,452
2008-12-08,361.8539,361.8539,361.8539,361.8539,3000
2008-12-09,351.5801,356.0840,348.7500,348.7500,3733
2008-12-10,354.9501,354.9501,354.9501,354.9501,2400
2008-12-11,357.0000,357.0000,346.8688,346.8688,10078
2008-12-12,335.8686,335.8686,335.8686,335.8686,3280
2008-12-15,341.2500,341.2500,334.6340,334.6340,6297
2008-12-17,335.7500,335.7500,335.7500,335.7500,37
2008-12-19,335.0000,345.0000,335.0000,335.0000,5429
2008-12-22,340.3399,344.3037,340.3399,340.3399,14023
2008-12-29,337.0000,337.0000,337.0000,337.0000,13
2008-12-30,336.5000,336.5000,336.5000,336.5000,24
2009-01-05,356.8750,356.8750,355.8750,355.8750,286
2009-01-07,356.6250,356.9164,355.0000,355.0000,4624
2009-01-12,350.1149,350.1149,348.3142,348.3142,203
2009-01-14,340.4673,340.4673,340.4673,340.4673,101
2009-01-15,337.2955,337.2955,337.2955,337.2955,3295
2009-01-19,356.1250,356.1250,355.5741,355.5741,506
2009-01-20,356.9961,358.4824,354.5000,354.5000,5092
2009-01-22,348.4317,348.4317,348.4317,348.4317,835
2009-01-23,352.7500,352.7500,352.7500,352.7500,20
2009-01-27,363.9572,363.9572,363.9572,363.9572,2199
2009-01-28,371.1625,371.1625,371.1625,371.1625,800
2009-01-30,366.7635,367.0000,365.7500,365.7500,8842
2009-02-04,365.5052,365.5052,365.5052,365.5052,1200
2009-02-09,359.5090,359.5090,359.5090,359.5090,639
2009-02-12,357.0107,357.0107,357.0107,357.0107,700
2009-02-23,354.2500,354.2500,354.2500,354.2500,32
2009-02-25,348.2300,348.2300,348.1967,348.1967,2300
2009-02-26,354.3750,354.3750,354.3750,354.3750,303
2009-02-27,351.5625,352.0000,351.5625,351.5625,187
2009-03-02,345.0000,345.0000,345.0000,345.0000,354
2009-03-03,339.7500,339.7500,333.7188,333.7188,753
2009-03-04,326.6250,326.6250,316.2500,316.2500,8718
2009-03-05,314.2514,319.7565,314.2514,314.2514,2352
2009-03-06,327.0000,327.0000,327.0000,327.0000,182
2009-03-09,322.0000,322.0000,322.0000,322.0000,24
2009-03-10,318.0000,318.0000,318.0000,318.0000,206
2009-03-12,325.2750,328.2500,325.2750,325.2750,5072
2009-03-16,332.7500,332.7500,332.7500,332.7500,1030
2009-03-17,329.2500,329.2500,329.2500,329.2500,611
2009-03-26,320.2500,320.2500,320.2500,320.2500,951
2009-03-30,318.0000,318.0000,318.0000,318.0000,45
2009-04-01,322.5577,322.5577,321.6250,321.6250,3708
2009-04-03,320.6250,321.2188,318.5000,318.5000,183
2009-04-06,319.8992,319.8992,319.8992,319.8992,437
2009-04-07,317.5000,318.6250,316.7812,316.7812,410
2009-04-08,312.7500,315.7500,312.7500,312.7500,662
2009-04-14,313.7500,313.7500,313.7500,313.7500,193
2009-04-15,311.0625,314.0000,311.0625,311.0625,66628
2009-04-16,316.1921,316.1921,315.0000,315.0000,1139
2009-04-17,311.1250,312.5000,311.1250,311.1250,215
2009-04-20,314.2600,314.3750,313.4768,313.4768,6012
2009-04-21,313.0000,313.0000,312.7500,312.7500,147
2009-04-22,316.0000,317.3750,315.6250,315.6250,375
2009-04-23,319.2500,319.2500,318.8750,318.8750,233
2009-04-24,301.3750,302.3750,300.0077,300.0077,28377
2009-04-27,295.9943,295.9943,295.9943,295.9943,2100
2009-04-28,295.7500,295.7500,295.7500,295.7500,136644
2009-04-29,297.0000,300.0036,295.3998,295.3998,85118
2009-04-30,304.0000,304.2812,299.0000,299.0000,622
2009-05-05,304.2650,304.2650,304.2650,304.2650,349
2009-05-06,298.3401,298.3401,298.3401,298.3401,1847
2009-05-08,300.5000,300.5000,296.2500,296.2500,395
2009-05-11,294.2935,294.2935,293.5000,293.5000,5400
2009-05-12,301.2944,301.2944,301.2944,301.2944,1590
2009-05-13,304.4789,304.4789,304.4789,304.4789,1055
2009-05-14,306.0000,306.0000,305.1807,305.1807,674
2009-05-19,310.0000,310.0000,310.0000,310.0000,100
2009-05-20,313.0312,313.0312,312.0000,312.0000,237
2009-05-22,313.2500,313.2500,312.0000,312.0000,203
2014-03-06,523.4750,523.4750,523.4750,523.4750,40
2014-03-24,524.5000,524.5000,524.5000,524.5000,21
2014-03-25,527.9050,527.9050,527.9050,527.9050,544
2014-03-28,542.4750,542.4750,541.0000,541.0000,102
2014-04-03,532.4500,532.4500,532.4500,532.4500,70
2014-04-08,529.0000,529.0000,529.0000,529.0000,13
2014-04-11,516.7500,516.7500,516.7500,516.7500,3
2014-04-15,518.0000,518.0000,518.0000,518.0000,30
2014-04-23,523.9750,523.9750,523.9750,523.9750,25
2014-04-25,524.0000,524.0000,524.0000,524.0000,7
2014-05-02,538.4750,538.4750,538.4750,538.4750,90
2014-05-06,534.4500,534.4500,534.4500,534.4500,20
2014-05-14,532.5000,532.5000,532.5000,532.5000,40
2014-05-16,540.0000,540.0000,538.7000,539.0000,3300
2014-06-02,533.9750,533.9750,533.9750,533.9750,30
2014-06-04,529.9500,529.9500,529.9500,529.9500,25
2014-06-20,533.3901,533.3901,533.3901,533.3901,109
2014-06-23,531.1733,531.1733,531.1733,531.1733,117
2014-06-25,529.4750,529.4750,529.4750,529.4750,20
2014-07-04,522.0000,522.0000,522.0000,522.0000,7
2014-07-28,509.4000,509.4000,509.4000,509.4000,88
2014-08-06,502.1213,502.1213,502.1213,502.1213,200
2014-08-08,500.2500,500.2500,500.2500,500.2500,18
2014-09-24,538.7500,538.7500,538.7500,538.7500,25
2014-09-25,542.5000,542.5000,542.5000,542.5000,12
2014-09-26,541.5000,541.5000,541.5000,541.5000,3
2014-10-07,534.5000,534.5000,534.5000,534.5000,22
2014-10-15,523.0250,523.0250,519.0250,519.4750,250
2014-10-21,521.5000,521.5000,519.5000,519.5000,9556
2014-10-28,550.0000,550.0000,550.0000,550.0000,36
2014-11-20,572.5000,572.5000,572.5000,572.5000,20
2014-11-21,579.2500,579.2500,579.2500,579.2500,39
2014-11-24,579.7741,579.7741,579.7741,579.7741,10
2014-11-25,580.5000,580.9120,580.5000,580.9120,181
2014-11-26,580.0000,580.0000,580.0000,580.0000,15
2014-12-05,581.5000,581.5000,581.5000,581.5000,33
2014-12-16,558.5000,558.5000,558.5000,558.5000,90
2014-12-18,554.7747,554.7747,533.9750,533.9750,2595
2014-12-19,523.5000,523.5000,523.5000,523.5000,20
2015-01-05,518.0500,519.5250,518.0500,519.5250,150
2015-01-06,508.4750,508.4750,504.0000,504.0000,2908
2015-01-08,515.4750,515.4750,515.4750,515.4750,20
2015-01-09,515.0000,515.0000,514.5000,515.0000,95
2015-01-13,521.4750,521.4750,521.4750,521.4750,100
2015-01-15,511.0000,521.5500,511.0000,521.5500,2606
2015-01-20,517.5000,517.5000,517.5000,517.5000,3
2015-01-23,526.0000,526.0000,526.0000,526.0000,53
2015-01-26,530.2500,531.5000,529.5250,531.5000,3191
2015-01-27,541.7500,542.5000,541.7500,542.5000,220423
2015-01-28,536.7500,536.7500,536.7500,536.7500,395
2015-02-03,537.0000,537.0000,537.0000,537.0000,5141
2015-02-05,542.6900,542.6900,539.5400,542.6900,1570
2015-02-11,536.2500,536.2500,536.2500,536.2500,62
2015-03-02,547.6150,547.6150,547.6150,547.6150,4300
2015-03-11,554.0000,554.0000,552.0000,552.0000,9559
2015-03-18,566.7500,566.7500,566.7500,566.7500,2500
2015-03-20,569.0000,569.0000,569.0000,569.0000,21592
2015-03-24,578.2500,578.2500,578.2500,578.2500,3086
2015-04-01,562.8000,562.8000,562.8000,562.8000,15000
2015-04-02,568.4750,568.4750,568.4750,568.4750,8
2015-04-07,571.0000,571.0000,571.0000,571.0000,1095
2015-04-08,569.5000,571.5000,569.5000,570.0000,53066
2015-04-09,573.0000,573.0000,573.0000,573.0000,5000
2015-04-15,552.1069,552.1069,552.1069,552.1069,10000
2015-04-16,548.5000,548.5000,548.5000,548.5000,70
2015-04-22,551.5000,551.5000,547.2500,547.2500,5900
2015-04-27,554.5000,554.5000,554.5000,554.5000,54
2015-05-12,542.5000,542.5000,542.5000,542.5000,317
2015-05-20,551.9475,551.9475,551.9475,551.9475,328
2015-05-28,552.5000,552.5000,552.5000,552.5000,2780
2015-05-29,551.9750,551.9750,551.9750,551.9750,95
2015-06-04,539.0000,539.0000,539.0000,539.0000,4635
2015-06-05,535.5000,535.5000,532.5000,532.5000,1515
2015-06-09,530.8164,530.8164,523.7000,523.7000,1179
2015-06-11,529.5000,529.5000,529.5000,529.5000,1211
2015-06-23,540.3600,540.3600,540.3600,540.3600,2300
2015-06-26,531.5000,531.5000,531.5000,531.5000,8000
2015-07-02,532.0000,532.0000,532.0000,532.0000,11212
2015-07-06,526.5500,526.5500,526.5500,526.5500,50
2015-07-16,554.0250,554.0250,554.0250,554.0250,14
2015-07-23,552.5048,552.5048,552.5048,552.5048,72878
2015-08-06,567.5000,567.5000,567.5000,567.5000,2500
2015-08-11,566.9500,566.9500,566.9500,566.9500,35
2015-08-13,561.5000,561.5000,561.5000,561.5000,8
2015-08-17,558.9725,558.9725,558.9725,558.9725,363
2015-08-20,541.5000,541.5000,541.5000,541.5000,4000
2015-08-21,534.5000,534.5000,534.5000,534.5000,2000
2015-08-26,517.5000,517.5000,517.5000,517.5000,38
2015-08-27,520.0000,520.0000,520.0000,520.0000,4726
2015-09-02,506.5250,506.5250,506.5250,506.5250,26
2015-09-07,513.2500,513.2500,513.2500,513.2500,17
2015-09-10,515.0000,515.0000,510.9214,510.9214,5450
2015-09-11,503.9750,503.9750,503.9750,503.9750,115
2015-09-15,490.2500,490.2500,490.2500,490.2500,4
2015-09-16,493.0000,493.0000,493.0000,493.0000,250
2015-09-17,485.6000,487.4100,485.6000,485.6000,451793
2015-09-25,486.2500,486.2500,486.2500,486.2500,35
2015-10-05,493.9980,493.9980,493.9980,493.9980,3680
2015-10-07,486.5000,486.5000,486.5000,486.5000,90
2015-10-09,493.4100,493.4100,493.4100,493.4100,20
2015-10-13,490.2500,490.2500,490.2500,490.2500,21
2015-10-22,503.5250,503.5250,503.5250,503.5250,9
2015-11-04,514.8442,514.8442,514.8442,514.8442,2212
2015-11-06,513.5000,513.5000,513.5000,513.5000,2500
2015-11-11,515.1775,515.1775,515.1775,515.1775,2500
2015-11-20,522.7500,522.9750,522.7500,522.9750,95
2015-11-25,508.9750,508.9750,508.9750,508.9750,15
2015-12-02,510.0000,510.0000,510.0000,510.0000,150
2015-12-03,500.2245,500.2245,500.2245,500.2245,510
2015-12-09,490.0000,490.0000,490.0000,490.0000,2500
2015-12-21,488.6100,488.6100,488.6100,488.6100,38
2016-01-06,495.0000,495.3149,495.0000,495.3149,213
2016-01-13,500.2171,500.2171,500.2171,500.2171,181
2016-01-18,479.2150,479.2150,475.6981,475.6981,604
2016-01-19,481.9240,481.9240,481.9240,481.9240,154
2016-01-20,471.0000,471.0000,467.6500,468.3515,3341
2016-01-22,483.0000,487.0331,483.0000,487.0331,27433
2016-01-25,490.0000,490.0000,490.0000,490.0000,1360
2016-01-26,484.9000,484.9000,484.9000,484.9000,15900
2016-01-28,499.1071,499.1071,499.1071,499.1071,2696
2016-01-29,502.0000,502.0000,502.0000,502.0000,21
2016-02-02,500.8387,500.8387,500.8387,500.8387,3039
2016-02-08,477.3150,477.3150,477.3150,477.3150,75
2016-02-11,462.9993,462.9993,462.9993,462.9993,2014
2016-02-12,464.5150,464.5150,464.5150,464.5150,44
2016-03-09,511.2500,511.9872,511.2500,511.9872,3701
2016-03-11,516.3621,516.3621,516.3621,516.3621,58
2016-03-14,516.0000,517.3085,516.0000,517.3085,10235
2016-03-15,517.0000,517.0000,517.0000,517.0000,20000
2016-03-17,514.1915,514.1915,514.1915,514.1915,188
2016-03-18,527.5000,527.5000,527.5000,527.5000,35175
2016-03-23,524.0000,524.0000,524.0000,524.0000,750
2016-04-01,516.5250,516.5250,515.0065,515.0065,40045
2016-04-05,514.0000,514.0000,514.0000,514.0000,15725
2016-04-06,516.0065,516.0065,516.0065,516.0065,10470
2016-04-11,503.0000,503.0000,503.0000,503.0000,15800
2016-04-15,497.0850,497.0850,497.0062,497.0062,40050
2016-04-27,493.0000,493.0000,493.0000,493.0000,120
2016-05-06,477.1000,477.1000,474.0392,474.0392,646
2016-05-11,480.2500,480.2500,480.2500,480.2500,1
2016-05-13,484.0900,484.0900,484.0900,484.0900,15
2016-05-17,485.2184,485.2184,485.2184,485.2184,177
2016-05-19,477.0000,477.0000,477.0000,477.0000,53
2016-05-20,470.7354,470.7354,470.7354,470.7354,480
2016-05-23,462.5741,462.5741,462.5741,462.5741,145
2016-05-24,463.6927,463.6927,463.6927,463.6927,454
2016-05-25,474.0000,474.0000,473.4934,473.4934,702
2016-05-27,478.7950,478.7950,478.7950,478.7950,50
2016-05-31,473.7563,473.7563,473.7563,473.7563,120
2016-06-01,468.8618,468.8618,468.8618,468.8618,26
2016-06-02,472.3167,472.3167,472.0140,472.0140,697
2016-06-07,477.2724,477.2724,477.2724,477.2724,4050
2016-06-13,461.9973,461.9973,453.7900,453.7900,2116
2016-06-14,449.6430,450.8902,449.6430,450.8902,2041
2016-06-15,453.1270,453.1270,452.9034,452.9034,277
2016-06-23,461.0857,461.0857,461.0857,461.0857,112
2016-06-24,454.0948,454.0948,454.0948,454.0948,2133
2016-06-27,450.2500,451.4639,450.2500,451.4639,1970
2016-06-29,470.7431,470.7431,470.7431,470.7431,44
2016-06-30,481.5320,481.5320,481.5320,481.5320,241
2016-07-01,481.4900,481.4900,481.4900,481.4900,19
2016-07-06,466.5000,466.5000,466.5000,466.5000,11
2016-07-07,471.6850,471.6850,470.6092,470.6092,199
2016-07-27,481.2607,481.2607,481.2607,481.2607,2702
2016-08-04,475.0167,475.0167,475.0167,475.0167,180
2016-08-09,482.2500,482.2500,482.2500,482.2500,5
2016-08-11,484.7340,484.7340,484.7340,484.7340,163
2016-08-12,486.2000,487.4000,486.2000,486.5068,8947
2016-08-16,482.4650,482.4650,482.4650,482.4650,555
2016-08-17,480.3232,480.3232,480.3232,480.3232,646
2016-08-18,465.7775,465.7775,465.7775,465.7775,342
2016-08-19,464.8524,464.8524,464.8524,464.8524,1117
2016-08-22,468.5356,468.5356,467.3890,467.4368,1548
2016-08-23,469.4499,469.4499,469.4499,469.4499,34
2016-08-26,468.7500,468.7500,468.7500,468.7500,15
2016-08-30,471.8309,471.8309,471.8309,471.8309,625
2016-09-05,477.4170,477.4170,476.5583,476.5583,584
2016-09-16,466.7500,466.7500,466.7500,466.7500,3
2016-10-03,461.2909,461.2909,461.2909,461.2909,2307
2016-10-04,462.8067,462.8067,460.7500,460.7500,9068
2016-10-05,456.7500,456.7500,456.7500,456.7500,15
2016-10-10,448.0000,448.0000,448.0000,448.0000,79
2016-10-25,459.5741,459.5741,459.5741,459.5741,797
2016-10-26,455.8235,456.6840,455.8235,456.6840,1710
2016-10-31,452.7163,452.7163,452.7163,452.7163,442
2016-11-09,446.2500,446.2500,446.2500,446.2500,13
2016-11-21,433.5066,433.5066,433.5066,433.5066,47
2016-11-24,431.9341,431.9341,431.9341,431.9341,1094
2016-11-25,435.0050,435.0050,434.2643,434.2643,4100
2016-11-29,433.0000,433.7500,433.0000,433.7500,35
2016-12-06,435.7500,435.7500,435.7500,435.7500,8
2016-12-08,437.8853,437.8853,437.8853,437.8853,1784
2016-12-09,445.5050,445.5050,445.5050,445.5050,15
2016-12-16,446.9408,446.9408,446.7854,446.7854,3126
2016-12-19,452.0000,452.0000,449.2002,449.2002,3501
2017-01-03,452.7500,453.6409,452.7500,453.6409,3070
2017-01-10,461.1046,461.1046,461.1046,461.1046,11265
2017-01-16,454.4514,454.4514,454.4513,454.4514,1728
2017-01-17,452.2500,452.2500,452.2500,452.2500,13
2017-01-19,446.7145,446.7145,446.7145,446.7145,42
2017-01-23,438.1885,438.1885,438.1885,438.1885,164
2017-01-24,438.7050,438.7050,438.7050,438.7050,9
2017-01-26,439.1000,439.1000,439.1000,439.1000,135
2017-01-30,433.1548,433.1548,433.1548,433.1548,497
2017-01-31,435.0000,435.9457,435.0000,435.9457,23831
2017-02-07,432.4202,432.4202,432.4202,432.4202,4244
2017-02-15,445.0000,445.0000,445.0000,445.0000,50
2017-02-16,444.5000,444.5000,444.5000,444.5000,115
2017-02-20,451.5100,451.5100,451.5100,451.5100,18
2017-02-21,453.8000,453.8000,452.6000,452.6000,10055
2017-02-22,455.5000,455.5000,454.2561,455.1022,5708
2017-02-23,451.5555,453.1685,451.5555,453.1685,5790
2017-02-27,449.0950,449.0950,448.7472,448.7472,50
2017-03-02,445.0000,445.0000,445.0000,445.0000,13
2017-03-03,447.8100,447.8100,447.0306,447.0306,89
2017-03-06,446.5950,446.5950,446.5203,446.5203,32
2017-03-09,443.7000,443.7000,443.7000,443.7000,54
2017-03-10,445.7000,445.7000,445.7000,445.7000,11265
2017-03-14,445.7500,445.7500,445.7500,445.7500,25
2017-03-16,451.0000,451.0000,451.0000,451.0000,22
2017-03-17,453.0906,453.0906,453.0906,453.0906,8
2017-03-22,454.6000,454.6000,454.6000,454.6000,6
2017-03-27,455.5000,455.5000,455.5000,455.5000,75
2017-03-30,456.0000,456.0000,456.0000,456.0000,5
2017-04-03,462.3900,462.5058,462.3900,462.4058,45017
2017-04-04,458.4583,458.4583,458.4583,458.4583,3
2017-04-05,437.3378,437.3378,437.3378,437.3378,3676
2017-04-07,438.0000,438.0000,438.0000,438.0000,50
2017-04-10,437.8000,437.8000,437.8000,437.8000,30000
2017-04-12,435.2500,436.7872,435.2500,436.7872,976
2017-04-13,435.3000,435.3000,435.3000,435.3000,641
2017-04-19,433.0000,435.6950,433.0000,435.6950,84
2017-04-21,435.3233,435.3233,435.3233,435.3233,950
2017-04-24,437.5746,437.5746,437.5746,437.5746,1225
2017-04-25,440.2213,440.2213,440.2213,440.2213,2295
2017-04-28,433.8950,433.8950,433.8950,433.8950,22
2017-05-02,435.5100,435.5100,435.3207,435.3207,1594
2017-05-03,444.9942,444.9942,444.9942,444.9942,121
2017-05-04,443.2050,443.2050,443.2050,443.2050,2
2017-05-08,450.9996,450.9996,450.9996,450.9996,297
2017-05-09,455.0950,455.0950,454.6950,454.6950,119
2017-05-12,457.7000,457.7000,457.7000,457.7000,56
2017-05-16,459.0000,459.0000,459.0000,459.0000,1
2017-05-17,455.6000,455.6000,455.6000,455.6000,83
2017-05-23,462.0000,462.0000,462.0000,462.0000,2
2017-05-31,464.2076,464.2076,464.2076,464.2076,26
2017-06-01,468.5000,468.5000,466.8101,466.8101,2920
2017-06-02,466.1134,466.1134,463.0000,463.0000,977
2017-06-06,468.0000,468.0000,460.5000,460.5000,38
2017-06-08,460.4977,460.4977,460.4977,460.4977,36
2017-06-09,459.0000,459.0000,459.0000,459.0000,10
2017-06-12,456.7950,456.7950,456.7950,456.7950,10
2017-06-13,458.0000,458.0000,458.0000,458.0000,20
2017-06-15,457.5000,457.5000,455.7500,455.7500,11
2017-06-16,465.2000,465.2000,465.2000,465.2000,29
2017-08-29,475.4000,475.9000,471.0000,474.7019,5235
2017-08-30,475.8000,480.8000,473.3227,479.7047,14632
2017-08-31,482.7000,484.3000,480.7000,483.6000,18209
2017-09-01,480.8000,483.4400,480.8000,482.3907,3189
2017-09-04,478.3000,479.3000,476.9000,477.5117,10879
2017-09-05,478.4000,478.5000,475.0000,476.0356,11734
2017-09-06,474.9750,476.3000,473.1961,475.1000,2358
2017-09-07,475.5000,478.3000,474.9210,476.6891,12895
2017-09-08,475.5000,476.5000,474.9000,475.6800,3655
2017-09-11,479.4000,482.1000,476.5524,481.4000,7062
2017-09-12,482.6000,483.2000,478.3000,480.1329,11844
2017-09-13,480.3000,481.8000,479.2000,480.4000,18890
2017-09-14,479.5000,483.6000,479.5000,482.4791,33246
2017-09-15,482.3036,484.5000,481.1000,482.4578,25604
2017-09-18,484.7000,485.0488,482.3000,483.0531,13616
2017-09-19,483.4000,490.7000,481.9000,489.5145,4559
2017-09-20,491.4000,493.3000,488.9000,491.1460,12683
2017-09-21,490.8000,491.4000,487.2000,489.3462,6397
2017-09-22,489.2000,490.0000,487.9000,489.0210,2819
2017-09-25,489.3000,494.1500,488.9000,494.1500,6709
2017-09-26,494.7000,494.7000,492.0000,493.8697,5417
2017-09-27,493.5000,494.9000,491.4096,491.9124,9949
2017-09-28,491.6000,493.0000,491.4096,492.1053,6387
2017-09-29,492.8000,496.2000,491.4000,493.8774,7585
2017-10-02,495.5000,497.1028,495.2000,496.0546,5360
2017-10-03,495.5000,496.3000,493.0000,495.4000,8620
2017-10-04,495.5000,495.8000,494.3842,494.7456,5742
2017-10-05,495.2000,498.8000,491.7000,498.7451,10635
2017-10-06,496.8000,497.8000,495.3000,496.1454,2871
2017-10-09,495.7248,498.0000,495.7248,497.6145,2096
2017-10-10,498.0000,499.2000,497.4000,498.9000,3661
2017-10-11,500.7500,501.8310,500.0000,500.5371,6176
2017-10-12,501.3297,502.2008,500.8750,501.7621,3680
2017-10-13,501.0000,502.7500,501.0000,501.9320,10294
2017-10-16,501.2500,501.2700,499.9125,500.5551,3364
2017-10-17,500.5625,501.0400,498.6000,499.3549,12045
2017-10-18,499.1000,500.9375,497.4990,500.2300,2888
2017-10-19,499.2000,499.2000,495.5000,496.4984,14362
2017-10-20,498.5000,498.5000,494.6500,495.7455,10933
2017-10-23,497.8000,501.5000,497.2000,499.2000,14439
2017-10-24,496.1000,497.8000,496.1000,497.2917,6467
2017-10-25,497.5000,498.1000,493.0000,493.1000,4138
2017-10-26,495.2875,498.9000,495.1000,497.2973,13520
2017-10-27,500.0250,500.2000,498.6500,498.9626,2868
2017-10-30,499.2125,501.5000,497.5000,500.5551,29249
2017-10-31,500.4250,506.2500,499.8925,504.0554,28365
2017-11-01,504.5000,505.7500,501.5000,503.0000,14093
2017-11-02,506.4375,507.5000,500.5000,502.5553,6308
2017-11-03,501.0000,502.0000,500.0000,501.9448,14752
2017-11-06,501.0000,506.0000,501.0000,504.5998,4747
2017-11-07,505.0000,505.5000,503.0000,503.0000,4192
2017-11-08,504.5000,506.5000,503.5000,506.5000,4147
2017-11-09,507.7500,507.9375,504.5000,504.9393,15576
2017-11-10,506.5000,507.5000,503.0625,504.0000,5993
2017-11-13,506.0000,506.5000,500.9047,503.4446,12939
2017-11-14,504.5000,508.7074,504.5000,505.0556,9598
2017-11-15,504.5000,507.5000,504.0000,504.9445,8163
2017-11-16,505.0000,509.0000,503.8282,507.5558,6029
2017-11-17,508.2500,508.7500,503.0000,504.9512,9878
2017-11-20,505.2500,508.5000,505.0000,508.0526,285
2017-11-21,507.0000,510.5000,507.0000,509.0000,562
2017-11-22,508.0000,513.5000,508.0000,510.1783,531
2017-11-23,507.5625,511.0000,507.5625,510.5000,73
2017-11-24,510.0625,511.5000,508.0000,510.6487,953
2017-11-27,512.0842,514.0000,511.0767,512.0842,1373
2017-11-28,510.5000,513.5000,510.5000,512.2350,731
2017-11-29,513.0000,516.7500,512.7500,513.7650,733
2017-11-30,515.0000,520.2500,515.0000,517.5087,1994
2017-12-01,519.7500,523.0000,518.2500,518.6826,801
2017-12-04,521.0000,524.5000,521.0000,523.1467,321
2017-12-05,524.5000,524.7500,520.0000,520.0000,2467
2017-12-06,518.0000,523.0000,518.0000,520.5000,1095
2017-12-07,521.5000,527.0000,521.5000,523.9282,1931
2017-12-08,524.2500,524.5000,522.0000,523.7657,461
2017-12-11,520.5000,522.0000,516.0000,517.5400,2858
2017-12-12,515.5000,518.0000,514.6250,515.0872,697
2017-12-13,518.7500,519.0000,517.2500,517.9760,430
2017-12-14,518.2500,520.7500,517.5000,519.5000,1306
2017-12-15,521.5000,524.0000,519.5000,523.0000,905
2017-12-18,523.2500,524.2500,522.2500,522.8922,634
2017-12-19,523.7500,526.0000,521.5000,522.7338,1348
2017-12-20,521.5000,521.5000,515.5000,515.5000,2622
2017-12-21,513.0000,520.5400,512.0000,520.5400,2052
2017-12-22,520.7500,520.7500,520.0000,520.0000,53
2017-12-27,520.5000,522.5000,520.5000,521.0000,511
2017-12-28,520.9750,522.5000,519.5000,519.5000,1162
2017-12-29,520.5000,520.5000,518.5000,519.0000,737
2018-01-02,514.7669,518.8929,514.7669,518.8929,14619
2018-01-03,522.0000,522.0000,518.5000,520.0000,205
2018-01-04,521.7900,521.7900,520.4000,521.3308,1453
2018-01-05,523.5000,524.9750,523.2000,524.8000,336
2018-01-08,524.8000,527.5000,524.8000,526.4943,282
2018-01-09,529.4000,529.4000,529.4000,529.4000,2
2018-01-12,519.3900,519.3900,518.8000,519.2000,170
2018-01-15,519.6000,519.6000,519.6000,519.6000,54
2018-01-16,519.0000,522.0000,519.0000,519.0000,4428
2018-01-17,518.7500,518.8000,517.3900,518.0000,2665
2018-01-22,520.6000,524.7900,520.6000,521.5900,512
2018-01-23,523.6000,526.8000,523.6000,523.8000,480
2018-01-24,521.0000,524.4000,519.7900,520.1900,1269
2018-01-25,516.7500,522.4000,516.1900,516.1900,685
2018-01-26,517.3900,520.2000,517.3900,520.2000,247
2018-01-29,515.4000,515.4000,513.3900,514.3900,1703
2018-01-30,509.6000,514.6000,509.6000,509.7900,1355
2018-01-31,512.4000,512.4000,508.7900,509.0100,616
2018-02-01,510.7500,512.6000,508.8000,508.8000,709
2018-02-02,506.4000,508.0000,505.4000,508.0000,12568
2018-02-05,502.0500,504.0000,500.4100,502.0000,6872
2018-02-06,489.9000,496.5100,489.4000,494.2100,2344
2018-02-07,500.5950,508.3000,500.5950,501.0000,5749
2018-02-08,506.0000,506.0000,499.0500,499.0500,1047
2018-02-09,491.8000,491.8000,489.3900,489.3900,445
2018-02-12,494.5950,501.4000,494.5950,501.4000,4040
2018-02-13,501.4000,503.2000,501.4000,502.0000,120
2018-02-14,505.5000,511.4000,504.3900,508.8000,6323
2018-02-15,510.4000,510.4000,509.2000,509.4000,19058
2018-02-16,511.3000,513.5900,511.3000,511.3000,10286
2018-02-19,513.1800,513.1800,510.4100,510.4100,1548
2018-02-20,509.4000,511.0000,507.4559,508.7900,1881
2018-02-21,511.9900,511.9900,507.2000,509.7900,8540
2018-02-22,506.8000,508.4000,506.8000,507.2000,359
2018-02-23,513.6000,513.6000,510.9000,513.5600,1409
2018-02-26,514.7500,515.0000,512.8000,515.0000,23896
2018-02-27,516.9200,516.9200,512.5000,513.8000,2480
2018-02-28,512.8000,513.4500,512.8000,512.8000,4534
2018-03-01,510.4000,513.2000,505.3000,506.0000,15534
2018-03-02,501.1900,506.0000,501.1900,506.0000,13923
2018-03-05,499.3200,506.9600,499.3200,506.9600,3443
2018-03-06,506.4000,506.4000,505.6000,505.6000,1801
2018-03-07,501.6000,506.0000,501.6000,504.0000,14884
2018-03-08,506.0500,506.8050,502.2050,506.8050,2962
2018-03-09,507.8250,507.8250,507.4000,507.8250,3039
2018-03-12,513.0000,513.0000,508.2000,509.8000,11670
2018-03-13,509.3000,509.3000,505.1900,505.3900,3845
2018-03-14,507.8500,509.9400,506.5900,506.5900,3625
2018-03-15,508.7200,508.7200,506.0000,507.1900,2078
2018-03-16,507.4500,507.8100,506.2100,507.4000,14101
2018-03-19,504.2000,504.2000,503.3900,503.4000,11535
2018-03-20,500.1500,503.7000,475.5900,477.0900,30965
2018-03-21,478.6000,478.6000,471.0100,472.7000,65689
2018-03-22,469.1900,469.1900,465.3200,466.5700,160817
2018-03-23,462.8000,468.9000,462.8000,467.0000,11983
2018-03-26,467.2000,468.0256,460.9000,460.9000,28194
2018-03-27,469.1000,469.1000,466.0000,467.9000,2405
2018-03-28,468.3000,474.0500,464.8000,471.8050,115941
2018-03-29,473.6000,473.6000,471.1050,473.6000,7196
2018-04-03,468.0000,468.0000,464.8050,464.8050,12658
2018-04-04,465.3100,465.3100,463.2050,463.5000,34031
2018-04-05,468.3000,473.3527,466.4050,473.3527,21160
2018-04-06,454.3500,454.3500,451.5000,451.8000,3194
2018-04-09,452.1000,452.7950,450.2000,450.8000,11014
2018-04-10,451.7000,451.7000,449.9000,451.2950,1948
2018-04-11,451.8000,456.8000,451.1250,451.5050,13795
2018-04-12,448.5250,451.1250,448.5250,451.0250,8931
2018-04-13,451.0000,453.2000,450.1950,452.4000,2692
2018-04-16,454.0182,454.0182,452.4000,454.0182,8006
2018-04-17,454.5000,456.2000,451.6227,455.8000,5873
2018-04-18,458.0000,458.3000,455.5100,455.7950,4669
2018-04-19,454.5250,456.1000,454.5250,455.3000,1186
2018-04-20,460.1150,463.3750,460.1150,462.6100,11737
2018-04-23,463.1000,464.5000,458.6200,464.5000,6250
2018-04-24,465.6000,465.6000,464.6000,465.6000,3435
2018-04-25,464.3000,465.7000,464.3000,464.6950,441
2018-04-26,469.9000,473.0400,469.7000,472.5100,14207
2018-04-27,473.5000,473.5000,471.9000,473.1000,4959
2018-04-30,474.0000,478.3050,473.8400,478.0050,2321
2018-05-02,463.3950,463.3950,456.0050,459.1950,6232
2018-05-03,460.5000,462.8000,456.0000,456.0000,6450
2018-05-04,456.0000,457.4000,454.1000,454.1200,4952
2018-05-08,460.7000,462.2400,457.4300,458.4000,6166
2018-05-09,457.9000,457.9000,456.2600,457.5950,3976
2018-05-11,461.3700,461.3700,459.3300,460.5000,2457
2018-05-14,461.9000,462.4250,458.2000,458.6000,8611
2018-05-15,455.8900,455.8900,454.6900,455.7000,6921
2018-05-16,454.5000,455.0000,451.2000,451.2000,5278
2018-05-17,450.9950,453.6500,450.9950,452.9500,2227
2018-05-18,455.0000,455.0000,451.8900,452.2700,3804
2018-05-22,452.9000,455.1200,451.5487,454.9950,8354
2018-05-23,452.7000,452.7000,450.9900,451.6000,6481
2018-05-24,452.0000,452.0000,449.3200,452.0000,49740
2018-05-25,451.5000,451.5000,446.4000,446.8900,8779
2018-05-29,444.1500,444.1500,441.2000,441.7000,5534
2018-05-30,444.7000,444.7000,442.4500,443.7000,15961
2018-05-31,445.1000,445.3000,438.9500,439.6000,51199
2018-06-01,441.8000,443.7000,439.6000,443.7000,4470
2018-06-04,445.5000,448.7000,443.3000,447.8977,10174
2018-06-06,442.0393,443.0500,442.0393,442.6950,32116
2018-06-07,443.1950,443.1950,441.5200,442.7000,8995
2018-06-08,441.6000,442.7000,440.1500,441.0000,26299
2018-06-11,446.5000,448.5100,446.5000,447.7000,5074
2018-06-12,447.1911,449.7000,447.1911,449.7000,6779
2018-06-13,447.5500,447.5500,445.1800,445.3500,6688
2018-06-14,442.2500,446.1500,442.2500,445.1800,1550
2018-06-15,445.0000,445.0000,440.6100,443.1000,17938
2018-06-18,440.0000,443.9500,438.4000,438.4000,1517
2018-06-19,436.1000,436.1000,434.5100,434.8100,17607
2018-06-20,435.0000,440.0000,435.0000,440.0000,11734
2018-06-21,440.0000,440.3000,434.8000,434.8000,11986
2018-06-22,438.3000,447.3100,437.7250,447.3100,15404
2018-06-25,446.5000,447.7000,442.7000,442.7500,4567
2018-06-26,444.5000,444.5000,442.7000,442.7500,4395
2018-06-27,445.2000,445.2000,442.2000,444.9000,8448
2018-06-28,445.6600,445.6600,441.9750,441.9750,2089
2018-06-29,442.7000,445.4750,442.7000,444.7000,2536
2018-07-02,440.0000,442.3500,438.4000,441.3500,4585
2018-07-03,442.1250,449.0000,442.1250,447.5500,3781
2018-07-04,453.0000,455.7750,453.0000,455.1000,9779
2018-07-05,452.4600,455.7000,452.4600,454.5500,3236
2018-07-06,456.8750,458.0000,456.8750,457.6000,424
2018-07-09,458.3000,458.3000,456.0000,457.1900,3507
2018-07-10,456.2700,458.3800,456.2700,457.9000,12462
2018-07-11,454.9100,454.9100,454.9100,454.9100,2575
2018-07-12,453.9000,453.9000,452.7000,453.9000,12661
2018-07-13,451.5800,451.5800,450.9000,451.5800,2187
2018-07-16,451.0000,451.4000,447.9000,450.0000,2429
2018-07-17,448.1000,448.1000,443.5000,445.0000,5249
2018-07-18,447.2500,447.2500,446.5500,447.2500,24586
2018-07-19,444.8000,445.9000,444.8000,445.2000,4849
2018-07-20,447.0000,449.5000,447.0000,449.5000,11207
2018-07-23,451.2000,452.6500,451.2000,451.2000,4281
2018-07-24,451.1000,451.1000,449.2000,450.6000,5414
2018-07-25,446.9950,450.3900,446.9950,446.9950,2489
2018-07-26,451.4000,457.8000,451.4000,456.3000,3165
2018-07-27,455.7200,462.2000,455.7200,460.7900,9681
2018-07-30,465.2000,468.6000,465.2000,468.5300,14932
2018-07-31,468.5000,468.6000,465.3000,465.3000,7305
2018-08-02,469.3000,469.3000,465.5700,466.0000,4427
2018-08-03,461.4000,468.6000,461.4000,468.6000,15192
2018-08-06,469.9000,470.1000,468.9100,469.3000,2016
2018-08-07,469.9000,471.9900,467.2500,471.2303,13014
2018-08-08,468.6700,468.6700,466.6270,467.0000,1007
2018-08-09,467.1000,467.1000,464.2200,467.1000,940
2018-08-10,465.8000,466.1000,461.1600,461.1600,4303
2018-08-13,460.9000,461.0600,458.2200,459.7000,4008
2018-08-14,461.9000,462.8900,461.3000,461.6900,7851
2018-08-15,462.6000,462.6000,457.6500,459.3000,12636
2018-08-16,457.0950,457.0950,454.8000,454.8000,9225
2018-08-17,450.0000,451.6000,448.4000,449.1900,3388
2018-08-20,448.3000,449.8000,448.3000,448.3700,2666
2018-08-21,446.3000,448.2500,445.5300,446.7000,1760
2018-08-22,448.0000,450.3000,447.7000,448.8000,5429
2018-08-23,447.4000,447.9000,447.4000,447.9000,3425
2018-08-24,446.8000,446.8000,444.0000,444.2900,4428
2018-08-28,442.6000,442.6000,440.7000,442.2000,10598
2018-08-29,442.9800,442.9800,438.3950,439.6000,25764
2018-08-30,434.9000,434.9000,433.8700,434.4900,11995
2018-08-31,434.2750,434.2750,432.3000,432.9000,542
2018-09-03,434.6000,435.8000,431.5150,435.2900,2607
2018-09-04,433.4000,433.4000,430.5000,430.5000,1299
2018-09-05,430.1000,432.7000,429.9300,431.8000,29393
2018-09-06,431.1000,434.0000,431.1000,431.1000,19271
2018-09-07,430.5000,434.3750,430.4000,430.4000,11192
2018-09-10,434.6000,438.5950,432.9000,436.2000,1353
2018-09-11,436.1000,437.7500,435.5277,435.5277,10857
2018-09-12,437.3000,439.4000,434.8000,439.4000,18509
2018-09-13,438.3000,438.8500,438.3000,438.8500,4915
2018-09-14,440.0000,440.4000,438.5000,438.6000,1280
2018-09-17,439.6600,444.5000,439.6600,443.7900,1174
2018-09-18,445.5500,446.9000,445.5500,446.9000,1449
2018-09-19,444.9200,444.9200,442.3000,443.5000,41837
2018-09-20,443.3000,445.7000,443.3000,445.7000,33288
2018-09-21,445.3000,448.4700,445.3000,445.3000,70887
2018-09-24,447.4000,447.4000,444.8000,444.8000,4573
2018-09-25,444.1000,445.6000,442.8400,444.6050,2382
2018-09-26,444.3944,448.0000,444.3944,447.8000,6783
2018-09-27,449.2000,451.8900,446.5500,450.5000,11128
2018-09-28,450.0000,450.6000,446.6000,446.6000,7984
2018-10-01,445.6000,445.6000,444.2000,444.2000,15308
2018-10-02,442.2400,442.2400,436.6600,438.1000,85195
2018-10-03,433.1000,433.1000,428.7200,432.1000,43155
2018-10-04,435.8077,435.8077,431.8000,433.0000,12037
2018-10-05,434.4000,436.1500,433.1000,433.7000,1672
2018-10-08,431.5000,431.5000,428.7000,428.8750,1774
2018-10-09,428.3000,431.2000,428.3000,431.2000,33484
2018-10-10,431.9200,439.5000,431.9200,438.0000,36395
2018-10-11,435.5500,435.5500,429.5750,433.1578,11857
2018-10-12,435.6000,435.6000,430.7000,430.7000,9213
2018-10-15,429.9000,437.6000,429.6000,437.0000,15311
2018-10-16,435.3000,444.7000,435.3000,444.0100,19140
2018-10-17,444.9000,450.6000,444.7600,445.0000,39708
2018-10-18,448.2000,452.1100,448.2000,449.4000,3254
2018-10-19,449.0000,451.6950,448.1750,451.4000,2667
2018-10-22,451.8000,452.7000,445.6800,446.8000,46319
2018-10-23,443.0000,444.2000,441.4600,442.3100,4584
2018-10-24,447.5000,449.9750,445.9000,445.9000,3631
2018-10-25,444.1000,446.5000,441.3200,444.6000,26733
2018-10-26,443.8000,443.8000,438.8000,440.7000,4531
2018-10-29,444.3000,455.4600,444.3000,454.2100,7710
2018-10-30,454.4600,458.4000,454.4600,458.2000,12501
2018-10-31,457.2600,461.4000,457.2600,461.4000,24529
2018-11-01,461.7000,463.4000,454.2000,456.1000,19280
2018-11-02,458.0000,458.0000,453.5000,458.0000,4811
2018-11-05,459.0000,460.7000,458.6000,458.9900,5443
2018-11-06,459.4000,459.4000,454.4000,455.9050,3522
2018-11-07,460.3000,460.9700,458.8000,459.9000,6758
2018-11-08,462.5000,464.7000,460.0000,462.7000,6941
2018-11-09,462.0000,466.1000,462.0000,462.8000,6182
2018-11-12,462.5000,462.5000,460.4000,461.2500,589
2018-11-13,460.6000,462.9000,460.6000,461.4000,2030
2018-11-14,460.9000,465.1600,460.9000,462.9000,4186
2018-11-15,463.4000,463.4000,455.0000,458.4000,8069
2018-11-16,459.8000,461.8050,458.0000,461.2000,8296
2018-11-19,465.0000,465.3000,462.5000,462.7000,14993
2018-11-20,462.2600,462.2600,457.8800,458.0000,1464
2018-11-21,461.1000,464.1000,459.5000,464.0000,2159
2018-11-22,463.0000,463.0000,460.4000,460.4000,5663
2018-11-23,463.3000,463.3000,458.7800,463.3000,2022
2018-11-26,465.2000,477.8000,463.6000,474.2000,2814
2018-11-27,476.4500,476.4500,473.5000,475.2000,4639
2018-11-28,476.7000,478.6400,472.0800,475.7000,12891
2018-11-29,478.9000,478.9750,474.6600,476.6000,1037
2018-11-30,477.9000,483.1000,474.9300,479.3000,5620
2018-12-03,482.9000,482.9000,473.4400,475.4000,4105
2018-12-04,479.3000,481.8000,477.9600,479.4000,4820
2018-12-05,480.3000,480.3000,474.7600,476.6000,11873
2018-12-06,474.0000,474.3750,469.8000,469.8000,3034
2018-12-07,473.6900,480.1000,473.6900,476.0000,7238
2018-12-10,469.9000,476.1000,467.7000,467.7000,3293
2018-12-11,470.9000,478.8000,470.9000,477.3300,1524
2018-12-12,479.2500,481.6750,479.2500,480.9050,2525
2018-12-13,481.1000,481.1000,476.6000,479.1687,2326
2018-12-14,473.2000,478.9400,473.2000,476.3814,2490
2018-12-17,479.1000,479.8000,476.9000,477.7000,2560
2018-12-18,477.1000,477.9000,474.3000,474.5800,19189
2018-12-19,475.2200,481.2000,475.2200,478.3000,3591
2018-12-20,473.2300,478.7000,473.2300,475.0000,8997
2018-12-21,470.7000,475.6000,467.2000,473.0000,20456
2018-12-27,473.2800,473.2800,455.7000,455.7000,3742
2018-12-28,459.2000,469.7000,459.2000,468.3000,884
2019-01-03,471.5200,482.5400,471.5200,481.1100,8619
2019-01-04,478.9000,481.5000,477.6000,480.6000,8053
2019-01-07,482.8000,484.9600,480.1000,480.1000,2386
2019-01-08,477.9000,481.7000,474.5400,476.4000,4998
2019-01-09,477.9400,477.9400,473.8000,477.5000,2614
2019-01-10,480.0000,482.0000,479.5050,481.8000,2948
2019-01-11,481.0000,484.3000,480.5000,481.2950,6257
2019-01-14,484.1000,484.5000,481.1000,481.9000,8094
2019-01-15,484.0100,484.0100,476.0050,476.7000,5222
2019-01-16,483.7200,483.7200,479.9400,483.5000,34626
2019-01-17,483.9750,489.1000,483.9750,488.3000,20870
2019-01-18,487.8700,487.8700,484.3000,487.5000,2967
2019-01-21,486.9750,486.9750,483.6000,486.5000,3861
2019-01-22,484.0600,488.7000,484.0600,485.0000,11296
2019-01-23,488.5200,488.5200,486.0000,486.0000,1052
2019-01-24,489.4000,489.4000,483.9000,483.9000,3033
2019-01-25,484.6220,484.6220,482.1000,482.3000,2067
2019-01-28,482.5000,487.1000,482.5000,485.2900,1045
2019-01-29,487.9000,489.7000,487.0600,489.2000,1276
2019-01-30,487.4000,487.4000,484.3500,487.4000,8532
2019-01-31,489.9000,490.2400,475.9524,475.9524,8877
2019-02-01,475.8000,477.7000,465.1750,468.2000,19852
2019-02-04,469.5000,469.5000,458.3000,458.5000,23718
2019-02-05,461.7000,464.7000,459.1000,464.5000,8758
2019-02-06,468.0000,468.0000,463.0000,465.0000,11196
2019-02-07,461.1000,461.1000,442.7900,444.9000,67635
2019-02-08,446.9000,452.1400,441.7000,444.4000,7088
2019-02-11,449.5000,449.5000,447.3500,449.1000,17079
2019-02-12,452.5600,452.5600,442.5500,447.0000,8648
2019-02-13,450.7000,450.7000,447.1000,449.1000,42596
2019-02-14,449.8000,450.4000,446.5000,447.4000,25609
2019-02-15,448.4000,448.4000,445.4000,447.5000,6921
2019-02-18,450.4000,453.7000,448.9100,451.3000,5146
2019-02-19,453.5000,453.5000,451.5000,452.2000,40309
2019-02-20,456.2000,457.5000,452.3000,454.4000,70114
2019-02-21,459.0000,459.4000,453.6000,457.7000,5352
2019-02-22,459.8000,460.4000,457.0000,459.5000,2829
2019-02-25,459.8000,459.8000,457.0000,457.5000,45647
2019-02-26,457.7800,464.1000,457.7800,462.9000,14480
2019-02-27,465.0000,467.0900,461.9800,463.5000,34456
2019-02-28,460.9000,463.1000,457.4000,462.1000,12982
2019-03-01,463.1900,463.1900,458.8500,460.6000,2807
2019-03-04,461.8000,465.0000,461.8000,462.2000,10191
2019-03-05,466.6800,466.6800,461.5200,463.3000,8865
2019-03-06,465.0000,466.1600,462.8000,463.1000,5327
2019-03-07,466.2000,470.2000,465.0800,468.7000,7509
2019-03-08,469.4000,473.6800,469.4000,471.8500,7297
2019-03-11,473.0000,473.4000,470.7000,473.4000,2811
2019-03-12,474.8000,477.5900,474.4000,477.1000,3922
2019-03-13,477.5000,480.3000,475.6000,480.3000,20633
2019-03-14,481.9000,485.1750,481.9000,483.0000,11582
2019-03-15,481.8000,487.1000,481.8000,484.3983,13657
2019-03-18,485.9000,485.9000,481.9000,483.5000,8239
2019-03-19,483.6600,488.1000,483.6600,486.0000,6379
2019-03-20,484.9000,486.5000,480.9000,481.1000,37286
2019-03-21,480.5000,484.1000,480.5000,484.1000,6307
2019-03-22,484.5000,485.2000,482.3000,483.2000,75851
2019-03-25,481.2000,486.7000,481.2000,481.2000,43984
2019-03-26,482.4000,485.5000,481.9000,485.2000,7384
2019-03-27,484.1000,488.2600,480.9900,483.6000,5843
2019-03-28,487.1000,487.4900,483.9400,484.9000,25480
2019-03-29,483.4000,487.2000,480.1600,486.7000,17099
2019-04-01,485.8000,489.8500,485.6200,489.5000,25395
2019-04-02,489.0000,491.6000,489.0000,491.5000,18546
2019-04-03,490.4000,492.6000,487.2000,491.2500,9473
2019-04-04,468.8000,468.8000,463.3000,464.8000,13602
2019-04-05,466.0000,466.0000,459.7000,459.7900,24062
2019-04-08,460.9500,463.3000,459.1000,459.1000,91446
2019-04-09,460.5600,462.9000,459.9300,461.3000,5728
2019-04-10,462.2250,466.8000,462.2250,466.8000,4477
2019-04-11,467.1600,470.0000,466.4000,468.0000,11832
2019-04-12,467.3750,468.3750,463.5400,464.3000,4157
2019-04-15,466.4500,469.2000,465.9500,469.2000,39600
2019-04-16,468.4800,471.8900,468.4800,471.0900,57119
2019-04-17,467.8600,469.5000,464.5200,468.0000,120615
2019-04-18,468.5300,471.6000,468.5300,471.2000,9811
2019-04-23,472.4250,475.3000,470.9500,474.8000,30296
2019-04-24,472.5500,473.5500,470.4500,471.3000,11787
2019-04-25,470.6500,472.5000,469.0000,472.5000,37069
2019-04-26,473.3750,477.3000,472.6000,477.3000,1588
2019-04-29,476.2300,479.0800,475.9300,479.0600,3555
2019-04-30,479.1600,479.5300,474.7000,474.7000,13559
2019-05-02,470.5700,478.1400,468.5500,473.6000,25208
2019-05-03,471.9250,473.2000,470.9800,471.0600,10812
2019-05-07,469.8500,478.4000,469.8500,473.5000,10476
2019-05-08,474.6750,477.4500,473.7750,476.3750,36175
2019-05-09,474.7100,475.4900,470.6750,473.3000,12112
2019-05-10,472.2500,473.4000,469.3750,470.1000,4965
2019-05-13,469.2000,470.0500,463.5200,465.7000,2980
2019-05-14,467.5200,470.6250,467.4500,468.5000,5471
2019-05-15,467.8000,472.6000,467.8000,471.7000,6759
2019-05-16,476.0000,480.9700,475.1000,480.9700,7531
2019-05-17,482.0000,482.6000,480.5000,482.5000,13314
2019-05-20,484.7500,488.5000,483.8500,488.0000,6344
2019-05-21,489.2000,490.9000,486.8200,490.0000,9998
2019-05-22,488.7000,488.8700,484.0200,488.2750,3296
2019-05-23,487.5000,487.5000,484.2100,486.1000,1125
2019-05-24,488.7000,488.7000,485.5000,485.5000,5243
2019-05-28,486.8800,488.2976,484.3100,488.2000,4298
2019-05-29,484.4800,484.8000,480.1000,480.1000,13614
2019-05-31,479.5700,481.5000,478.7000,479.9058,44846
2019-06-03,478.7000,482.7000,478.1800,482.7000,3068
2019-06-04,482.6750,485.4000,480.6900,483.1000,3616
2019-06-05,483.7750,487.9500,483.7750,487.1000,3771
2019-06-06,489.9000,491.5000,489.5000,490.3000,5442
2019-06-07,491.5000,493.0000,490.1000,492.0000,4675
2019-06-11,492.8700,494.2000,492.2000,494.1000,4925
2019-06-12,492.4000,497.7000,492.4000,496.9000,11405
2019-06-13,497.4000,498.9000,496.0000,496.5000,12251
2019-06-14,494.9700,496.5900,493.7100,496.0000,4100
2019-06-17,496.5700,499.4000,495.1100,495.8900,4464
2019-06-18,495.1000,498.4000,492.4000,496.5000,9152
2019-06-19,494.6000,494.9500,492.5500,494.4000,3517
2019-06-20,496.4750,496.4750,494.6000,494.7000,10101
2019-06-21,495.2000,497.2000,492.0000,492.6000,26505
2019-06-24,495.4000,496.4000,490.9000,491.0000,65885
2019-06-25,489.7000,491.5300,488.4100,490.0000,20515
2019-06-26,488.3700,489.5000,485.4000,488.1000,3401
2019-06-27,488.6000,489.7000,487.4500,488.3000,3608
2019-06-28,488.8700,490.1000,486.7000,489.9000,7890
2019-07-01,488.9000,489.7000,486.6500,488.5000,4986
2019-07-02,489.1200,490.6000,487.4200,490.3000,3578
2019-07-03,491.6500,495.2000,491.6500,494.1000,4570
2019-07-04,495.2500,495.2500,493.6400,493.9000,3647
2019-07-05,495.7000,495.8000,489.2000,489.6100,6369
2019-07-08,489.5400,492.2000,486.7900,487.8000,6517
2019-07-09,488.3200,489.3500,485.6200,487.2000,5334
2019-07-10,484.1250,485.1500,482.7200,483.8000,4143
2019-07-11,485.2000,487.5000,482.4000,482.7000,6321
2019-07-12,485.2700,485.2700,481.8000,481.9000,17521
2019-07-15,481.9000,482.7000,481.9000,482.7000,11427
2019-07-16,482.8300,482.8300,479.0250,480.1000,13894
2019-07-17,479.7000,485.0000,479.2000,479.2000,11577
2019-07-18,481.8000,484.7000,481.8000,484.0000,6275
2019-07-19,484.7500,484.7500,480.6250,481.6976,6983
2019-07-22,480.0000,481.9000,479.2000,481.9000,6581
2019-07-23,484.1200,485.2400,480.6000,480.9400,5384
2019-07-24,482.9750,482.9750,477.7800,478.6000,60187
2019-07-25,481.8750,483.2750,479.6500,480.5900,8484
2019-07-26,481.1200,484.5000,479.8000,484.3000,13249
2019-07-29,489.9000,491.9000,488.0000,488.3000,7834
2019-07-30,487.0000,488.2500,480.7000,484.8000,5058
2019-07-31,479.8000,484.2000,479.8000,484.2000,3893
2019-08-02,483.1000,488.1400,478.6800,479.1000,4024
2019-08-05,477.6250,477.9000,475.5200,476.7000,6826
2019-08-06,474.6900,479.1700,473.8200,478.9000,12222
2019-08-07,477.4800,481.4800,475.2000,479.1000,3663
2019-08-08,481.8000,485.0000,480.5000,484.8000,91929
2019-08-09,482.6000,482.9000,478.2500,480.1000,7446
2019-08-12,485.4100,485.4100,481.0000,481.1300,16524
2019-08-13,480.8800,486.7000,480.8800,486.7000,14762
2019-08-14,485.5600,487.4500,479.9000,479.9000,90530
2019-08-15,476.8000,476.8000,468.2400,471.3200,32299
2019-08-16,475.3000,486.9500,475.3000,486.1800,10375
2019-08-19,488.6400,490.2700,487.2000,487.2000,15977
2019-08-20,487.7000,488.3000,486.2200,488.0000,116835
2019-08-21,487.3100,488.6800,486.5000,486.9902,9237
2019-08-22,489.4600,489.4600,482.6000,482.6000,2543
2019-08-23,483.7500,484.9000,478.7000,479.0700,3165
2019-08-27,479.0000,484.7000,478.3750,480.5000,10466
2019-08-28,485.5000,488.1000,483.6000,488.1000,35840
2019-08-29,486.7750,491.7000,486.7750,491.0000,10327
2019-08-30,491.5000,495.5000,491.3250,494.1000,6168
2019-09-02,494.6200,496.8000,494.6200,496.0000,9591
2019-09-03,495.5000,496.2400,493.3000,494.6000,9281
2019-09-04,495.2300,496.8000,490.1100,491.8900,7800
2019-09-05,492.9700,492.9700,489.3200,491.2091,11416
2019-09-06,491.3000,491.3000,488.3000,490.1000,2228
2019-09-09,491.9000,491.9000,485.8000,486.5406,6793
2019-09-10,483.1000,484.2000,481.0000,481.2000,19369
2019-09-11,484.0500,487.9000,482.2600,487.9000,6767
2019-09-12,487.1000,492.5000,487.1000,491.6000,37020
2019-09-13,492.4800,493.0000,488.5000,490.3000,11952
2019-09-16,490.2500,490.6000,488.5000,489.0000,4856
2019-09-17,487.0500,488.8000,486.1000,486.3000,8051
2019-09-18,488.9000,490.0000,486.1000,487.6750,1598
2019-09-19,487.7000,489.7000,487.4000,489.7000,597
2019-09-20,491.0000,494.4500,491.0000,494.2000,30547
2019-09-23,492.8000,492.8800,490.6000,491.1020,15735
2019-09-24,492.4750,494.1000,489.7000,492.1000,12995
2019-09-25,491.2300,491.2300,485.2000,490.6000,97890
2019-09-26,486.4000,492.2000,485.6000,490.1000,12114
2019-09-27,494.1000,494.1000,491.5000,492.5000,6748
2019-11-25,514.7600,519.2000,514.7600,518.4000,11499
2019-11-26,516.6000,518.2000,515.8400,516.4000,6772
2019-11-27,518.2000,522.3800,515.0000,520.0000,3115
2019-11-28,521.2000,521.2000,517.4000,520.6000,91470
2019-11-29,517.7500,519.6000,516.5000,517.6000,11392
2019-12-02,517.3600,519.4000,507.5600,508.4000,3228
2019-12-03,509.8000,511.6000,507.8500,508.2000,24426
2019-12-04,509.6000,518.2000,509.0000,514.0000,14093
2019-12-05,518.0000,520.0000,516.8000,516.8000,104097
2019-12-06,516.5400,520.8000,516.5400,519.6000,946
2019-12-09,520.0000,521.4000,518.4500,521.2000,5269
2019-12-10,517.0000,518.3800,516.0800,517.4000,24061
2019-12-11,515.2000,519.1400,512.7200,518.0000,3073
2019-12-12,518.4500,520.3500,516.4000,518.6000,6000
2019-12-13,519.2000,520.5000,517.8000,517.9800,1521
2019-12-16,520.0000,521.4000,519.8000,520.6000,4051
2019-12-17,521.5500,522.0500,517.0500,518.5500,54113
2019-12-18,519.9000,523.1800,519.0000,521.2000,22972
2019-12-19,521.8000,521.9500,517.2800,521.2000,14509
2019-12-20,517.2000,517.2000,514.8000,515.0957,30866
2019-12-23,516.4000,516.4000,513.3500,515.6000,5060
2019-12-27,515.8000,517.1200,513.3500,516.6000,6709
2019-12-30,516.1000,516.6000,513.0000,516.6000,1100
2020-01-03,515.7000,515.7000,511.0000,511.0000,17775
2020-01-06,514.1600,518.6000,512.0000,518.6000,9182
2020-01-07,518.6000,521.6800,517.8000,518.6000,2265
2020-01-08,517.1000,518.8000,516.2000,518.4000,9245
2020-01-09,520.8000,523.4000,520.0000,520.0000,2691
2020-01-10,520.2500,521.6000,519.4000,520.2000,3946
2020-01-13,519.2000,519.9600,517.8000,519.2000,2790
2020-01-14,519.4000,522.6000,517.8000,522.6000,2674
2020-01-15,523.0000,523.6000,518.2000,518.2000,13144
2020-01-16,518.6000,523.0000,518.4000,523.0000,4239
2020-01-17,521.4000,523.8000,521.4000,523.0000,6742
2020-01-20,523.8000,527.0000,523.7500,526.0000,10141
2020-01-21,526.0000,530.0000,524.5500,529.8000,3750
2020-01-22,532.8000,533.6000,529.4000,531.2000,6640
2020-01-23,529.4000,531.4000,527.2000,527.2000,2643
2020-01-24,530.0000,535.0000,529.1400,535.0000,4825
2020-01-27,530.8000,531.4200,527.4000,529.8000,7751
2020-01-28,530.0000,537.4000,530.0000,536.8000,4979
2020-01-29,536.2500,538.8000,535.1000,537.8000,11441
2020-01-30,532.4000,536.8000,531.0000,535.2000,3324
2020-01-31,538.2000,538.2000,529.6000,529.6000,16338
2020-02-03,531.6000,532.8000,530.0000,531.0000,11213
2020-02-04,532.4000,534.4000,530.1000,533.4000,65154
2020-02-05,529.2000,534.0000,529.2000,531.6000,24725
2020-02-06,534.6000,547.6000,534.6000,544.6000,18951
2020-02-07,547.6000,561.8000,547.6000,561.4000,44539
2020-02-10,561.8000,563.6000,558.2000,560.8000,66690
2020-02-11,565.3500,568.6000,563.2000,568.4000,7333
2020-02-12,566.8000,573.2000,566.8000,573.0000,29407
2020-02-13,569.8000,570.8000,566.8000,569.6000,18135
2020-02-14,569.8500,570.4000,567.6000,570.4000,6041
2020-02-17,571.6000,573.6000,570.8000,571.3000,3825
2020-02-18,568.4000,576.6000,568.3000,575.8000,16087
2020-02-19,577.7500,577.7500,572.9000,575.6000,5176
2020-02-20,572.4000,576.1500,571.8000,574.4000,6755
2020-02-21,572.0000,574.8000,570.2000,572.5560,14419
2020-02-24,563.0500,569.8500,562.6000,568.8000,7626
2020-02-25,570.6800,570.6800,556.2000,568.6000,6394
2020-02-26,552.1000,554.0000,547.0000,551.8000,7596
2020-02-27,545.0500,546.4000,533.9800,540.6000,20914
2020-02-28,518.7000,524.8000,512.6000,513.6000,25351
2020-03-02,519.8000,530.0000,517.2000,523.1600,18563
2020-03-03,531.9800,543.4000,531.9800,540.4000,47910
2020-03-04,541.8000,555.8000,538.8000,555.8000,65696
2020-03-05,555.8200,558.0000,547.6000,557.2000,28195
2020-03-06,549.6000,553.2000,540.0000,544.3558,69387
2020-03-09,521.4000,533.8000,518.6000,524.0000,11746
2020-03-10,521.8000,532.6000,509.2000,510.0000,180626
2020-03-11,513.4000,520.0000,504.2000,504.2000,77912
2020-03-12,490.3750,496.1000,463.7000,465.9000,5823
2020-03-13,478.0000,501.2000,468.0800,474.5000,84867
2020-03-16,459.1800,481.9000,447.3000,480.5000,22607
2020-03-17,499.2500,532.6000,484.9000,527.2000,50865
2020-03-18,512.0000,539.8000,501.6000,520.8000,72705
2020-03-19,532.6000,533.2000,513.0000,527.0000,18631
2020-03-20,531.8000,534.2000,504.8000,518.2000,35720
2020-03-23,507.8000,509.0000,487.6400,509.0000,55493
2020-03-24,504.2000,518.8000,485.0000,517.6000,79652
2020-03-25,517.0000,528.5400,493.3000,494.5000,47297
2020-03-26,498.1000,513.6000,498.1000,513.6000,15303
2020-03-27,507.8000,518.4000,500.2000,508.9520,25067
2020-03-30,523.8000,536.2000,520.4000,536.0000,45953
2020-03-31,532.0000,538.4000,514.8000,520.2000,14345
2020-04-01,514.2000,526.4500,512.4000,522.8000,72548
2020-04-02,529.4000,531.8000,519.4000,530.6000,23632
2020-04-03,529.8000,531.2000,523.0000,530.8000,8996
2020-04-06,541.4000,546.2000,530.2000,532.0000,40818
2020-04-07,533.7600,547.8000,533.7600,546.6000,24833
2020-04-08,526.4000,527.8500,513.4000,517.2000,3918
2020-04-09,518.8500,521.2000,507.6000,517.4000,33064
2020-04-14,520.2000,526.4000,519.6000,522.0000,196597
2020-04-15,523.9500,525.2000,514.6000,515.0000,63463
2020-04-16,517.6000,521.0000,515.8000,518.0600,28646
2020-04-17,521.3500,523.5000,513.8000,516.8000,118283
2020-04-20,517.6500,521.2000,517.2000,519.0000,14924
2020-04-21,517.2000,517.7500,512.6000,514.0000,3384
2020-04-22,517.4000,521.4000,517.4000,518.8000,3261
2020-04-23,513.6000,517.2000,512.6000,513.4000,2275
2020-04-24,508.6000,517.0000,508.6000,514.4000,15807
2020-04-27,515.0000,516.7000,511.6000,513.9800,5034
2020-04-28,516.0000,519.0000,515.8000,516.6000,12672
2020-04-29,516.0000,520.4000,514.8000,519.0000,257073
2020-04-30,517.2000,517.2000,501.8000,501.8000,26497
2020-05-04,495.0550,501.0000,494.0000,494.0000,6070
2020-05-05,495.1000,497.2000,492.9000,493.4000,30060
2020-05-06,495.5000,497.3000,492.6000,492.6000,12588
2020-05-07,492.0000,493.7800,487.3000,487.9000,16339
2020-05-11,500.8000,500.8000,493.6400,495.9000,7637
2020-05-12,497.4000,503.0000,495.0000,496.3000,16157
2020-05-13,499.6750,510.2000,498.8000,505.6000,17692
2020-05-14,506.0000,506.4000,493.9000,505.4000,21764
2020-05-15,497.1000,498.0000,490.3000,490.3000,36988
2020-05-18,494.4300,501.6000,493.4000,501.6000,12040
2020-05-19,496.1000,498.6000,484.9000,486.1000,2898
2020-05-20,482.8000,490.5000,482.8000,490.5000,7691
2020-05-22,485.5000,492.9000,484.8250,492.9000,96877
2020-05-26,491.5000,494.8000,487.0000,494.5000,9550
2020-05-27,493.1000,493.1000,483.8000,487.1000,12689
2020-05-28,490.8750,494.1000,490.1000,492.8000,9376
2020-05-29,493.1000,502.6000,491.6000,496.2000,6965
2020-06-02,505.0000,505.0000,492.9000,497.0143,15991
2020-06-03,497.4000,504.0000,496.4000,504.0000,6228
2020-06-04,502.6000,507.8000,502.6000,505.6000,6041
2020-06-05,506.3500,508.4000,496.4000,501.2000,83614
2020-06-08,497.9000,505.8000,495.4000,505.4000,18648
2020-06-09,504.2000,509.2000,498.4000,504.8000,21804
2020-06-10,508.6000,511.0000,506.5600,508.4600,3730
2020-06-11,504.7800,504.7800,487.8000,488.3000,19271
2020-06-12,481.7000,490.5100,481.6000,487.2000,19952
2020-06-15,484.6000,489.0000,480.5000,485.0000,34657
2020-06-16,490.9900,497.1000,489.9000,497.1000,20354
2020-06-17,496.6000,500.0000,492.1000,493.6000,237903
2020-06-18,495.6200,502.8800,495.6200,499.9000,15602
2020-06-19,501.4000,505.1800,500.0000,504.0000,15403
2020-06-22,502.4000,505.0000,497.0000,501.2000,21326
2020-06-23,502.2000,502.2000,496.8000,498.5000,23881
2020-06-24,497.6000,498.2000,492.5000,492.5000,8442
2020-06-25,491.6900,496.8000,488.5000,496.8000,4731
2020-06-26,499.7000,500.0000,491.4000,491.4000,5981
2020-06-29,489.9000,493.9000,489.5000,493.9000,6634
2020-06-30,493.3000,497.7000,493.3000,495.9000,6877
2020-07-01,490.8000,495.5000,490.8000,491.9000,26664
2020-07-02,494.8000,499.5000,494.4000,495.9000,19358
2020-07-03,496.8000,497.6000,491.0000,493.3000,170373
2020-07-06,494.2000,499.4000,493.7000,495.8000,11621
2020-07-07,494.4000,495.0000,486.3000,489.6822,5917
2020-07-08,488.0000,493.2000,487.6000,490.7000,7746
2020-07-09,494.9000,494.9000,487.2000,487.2000,40713
2020-07-10,488.1000,492.3000,488.0000,491.4000,7506
2020-07-13,495.8000,496.5000,492.6000,495.7000,2479
2020-07-14,491.4000,500.4000,491.4000,496.1000,8964
2020-07-15,502.8000,502.8000,493.4000,497.0000,33194
2020-07-16,493.8000,500.0000,493.8000,496.5000,7159
2020-07-17,499.9000,503.2000,498.6000,500.6000,3684
2020-07-20,498.8000,503.4000,496.5000,502.4000,6085
2020-07-21,501.2000,502.8000,496.8000,499.3000,4332
2020-07-22,500.0000,503.4000,498.4000,498.7000,1729
2020-07-23,500.6000,500.8000,494.1000,495.7000,6448
2020-07-24,492.6000,496.6000,491.4000,494.2000,2074
2020-07-27,494.0000,494.5000,491.2000,492.8000,7585
2020-07-28,493.0000,493.0000,487.4000,490.3000,28696
2020-07-29,490.2000,494.3000,488.2100,494.1000,7484
2020-07-30,489.5000,493.9000,486.3000,487.8000,64467
2020-07-31,491.0000,492.2000,484.5000,485.7500,8708
2020-08-03,485.8000,494.0000,485.8000,492.3000,4277
2020-08-04,491.0000,493.7000,487.8000,488.8000,35455
2020-08-05,494.0000,495.2000,486.9000,488.0000,3045
2020-08-06,485.7000,487.1000,479.8000,479.8000,78154
2020-08-07,480.6000,488.3000,480.5000,482.8000,13159
2020-08-10,481.8000,486.0000,479.9000,485.7000,3859
2020-08-11,488.6000,495.7000,488.6000,493.0000,9857
2020-08-12,490.4000,506.8000,490.4000,505.6000,15480
2020-08-13,504.4000,509.0000,503.2000,509.0000,26576
2020-08-14,507.4000,511.6000,504.6000,505.4000,14174
2020-08-17,504.0000,511.4000,503.6000,508.0000,8908
2020-08-18,508.4000,514.6000,505.6000,511.6000,55763
2020-08-19,514.2000,523.0000,514.2000,521.6000,6749
2020-08-20,522.4000,522.4000,517.0000,518.0000,7321
2020-08-21,516.6000,519.4000,515.4000,515.6000,8388
2020-08-24,519.4000,522.2000,518.2000,519.4000,1816
2020-08-25,518.6000,519.2000,509.8000,514.2000,31170
2020-08-26,507.2000,512.6000,507.2000,510.2000,2709
2020-08-27,508.0000,512.6000,506.4000,511.2000,28971
2020-08-28,512.2000,512.2000,504.2000,504.2000,25630
2020-09-01,501.8000,503.2000,496.7000,501.2000,11108
2020-09-02,499.2000,506.0000,499.2000,504.6000,7927
2020-09-03,509.0000,509.6000,501.6000,503.0000,2621
2020-09-04,501.8000,506.0000,501.2000,502.0000,2968
2020-09-07,505.2000,507.4000,501.6000,505.0000,32146
2020-09-08,503.6000,504.6000,499.1000,500.0000,6454
2020-09-09,501.2000,509.2000,501.0000,508.0000,23684
2020-09-10,506.6000,508.0000,500.4000,502.5000,10546
2020-09-11,500.2000,501.0000,499.4000,500.4000,18837
2020-09-14,501.8000,501.8000,494.9000,500.0000,27517
2020-09-15,493.6000,497.0000,493.3000,496.6000,12462
2020-09-16,498.3000,507.6000,498.3000,500.6000,13252
2020-09-17,498.0000,501.2000,497.5000,501.2000,5296
2020-09-18,500.6000,502.4000,497.9000,499.5000,24013
2020-09-21,497.1000,501.2000,497.1000,499.5000,11661
2020-09-22,501.4000,507.8000,499.8000,503.0000,7927
2020-09-23,504.8000,505.4000,501.0000,501.0000,28031
2020-09-24,500.0000,503.4000,497.3000,497.5000,4595
2020-09-25,499.7000,499.7000,492.6000,494.0000,10640
2020-09-28,498.1000,498.5000,494.2000,495.2846,5860
2020-09-29,494.9000,495.3000,492.2000,492.2000,102463
2020-09-30,492.9000,494.4000,489.0000,491.8000,19100
2020-10-01,491.2000,493.7000,491.0000,492.4000,9242
2020-10-02,489.1000,496.6000,489.1000,494.9000,4768
2020-10-05,498.0000,498.9000,494.9000,495.6000,82058
2020-10-06,497.4000,497.4000,493.3000,494.2000,16466
2020-10-07,492.0000,494.2000,485.7000,488.2000,347001
2020-10-08,491.1000,494.5000,490.7000,494.0000,5871
2020-10-09,493.7000,496.8000,493.2000,495.8000,50949
2020-10-12,497.5000,498.2900,495.6000,498.0000,4954
2020-10-13,496.3000,504.6000,496.3000,500.4000,5511
2020-10-14,502.2000,502.2000,499.2000,500.0000,2842
2020-10-15,495.1000,495.1000,487.2000,487.3000,20863
2020-10-16,486.9000,488.4000,483.0000,486.9889,133279
2020-10-19,487.8000,489.0000,482.5000,486.3000,7807
2020-10-20,481.8000,482.3000,476.7000,476.7000,4716
2020-10-21,475.8000,477.3000,468.9000,470.7500,177709
2020-10-22,466.0000,468.5000,463.2000,465.9000,11862
2020-10-23,472.2000,473.0000,469.7000,469.7000,5371
2020-10-26,469.6000,473.8000,469.4000,471.0819,55796
2020-10-27,469.4000,471.0000,466.9000,469.2500,7704
2020-10-28,465.4000,465.7000,460.3000,462.9000,13419
2020-10-29,466.3000,479.8000,466.3000,471.0000,10661
2020-10-30,466.5000,469.7000,461.1000,464.5000,34313
2020-11-02,466.3000,471.0000,461.4000,471.0000,20772
2020-11-03,472.8000,473.5000,470.1000,471.0500,7929
2020-11-04,472.4000,479.6000,472.4000,474.4000,8729
2020-11-05,480.0000,480.5000,476.8000,480.0000,18492
2020-11-06,477.8000,477.8000,472.4000,472.7000,2090
2020-11-09,476.7000,482.8000,472.2000,475.6000,16408
2020-11-10,475.4000,478.5000,469.5000,471.1000,5394
2020-11-11,476.9000,480.3000,476.9000,479.0000,6741
2020-11-12,479.1000,485.4000,478.3000,479.7000,6723
2020-11-13,481.1000,481.1000,477.0000,477.1000,50599
2020-11-16,477.8000,484.5000,477.6000,484.5000,9863
2020-11-17,484.6000,486.8000,482.9000,485.6200,6580
2020-11-18,485.7000,487.3000,482.8000,485.3000,6525
2020-11-19,483.2000,483.5000,479.2000,482.5000,45392
2020-11-20,479.1000,479.7000,476.7000,478.2000,4890
2020-11-23,478.9000,480.3000,473.7000,477.1000,10643
2020-11-24,480.1000,480.1000,472.6000,473.5000,34616
2020-11-25,475.7000,483.0000,475.7000,480.5000,11084
2020-11-26,482.2000,482.8000,478.0000,478.9000,8661
2020-11-27,479.4000,482.3000,479.4000,481.1000,3076
2020-11-30,479.1000,482.7000,475.4000,480.0000,4753
2020-12-01,479.5000,480.6000,477.9000,480.0000,3025
2020-12-02,480.1000,482.5000,477.7000,479.0000,5384
2020-12-03,477.1000,478.8000,472.1000,473.6000,115302
2020-12-04,476.9000,478.0000,472.9000,476.1000,5932
2020-12-07,476.8000,478.6000,473.2000,473.2000,6140
2020-12-08,472.3000,474.3000,470.8000,473.3000,3558
2020-12-09,473.8000,480.2000,473.8000,478.7000,6747
2020-12-10,480.4000,482.4000,476.9000,481.1000,19715
2020-12-11,477.1000,477.5000,473.4000,475.2000,4069
2020-12-14,476.6000,478.2000,475.9000,475.9000,5484
2020-12-15,474.4000,475.8000,470.5000,470.5000,3085
2020-12-16,473.2000,474.5000,471.8000,473.7000,70520
2020-12-17,473.1000,473.1000,468.1000,470.5000,22931
2020-12-18,471.2000,475.8000,471.2000,474.0000,21659
2020-12-21,470.9000,472.7000,465.2000,468.7000,28530
2020-12-22,469.6000,470.1000,466.8000,468.0312,21000
2020-12-23,468.6000,470.1000,468.4000,470.1000,13809
2020-12-29,477.3000,479.2000,476.5000,477.4000,7715
2020-12-30,479.6000,480.2000,477.0000,477.1000,2536
2021-01-04,480.2000,481.6000,478.9000,480.7000,1025
2021-01-05,479.7000,481.2000,477.6000,478.1000,5487
2021-01-06,476.8000,484.6000,476.5000,483.2000,7708
2021-01-07,483.6000,483.6000,478.9000,480.0000,3923
2021-01-08,481.0000,483.1000,472.5000,473.6000,7064
2021-01-11,475.5000,478.2000,474.5000,477.5000,98934
2021-01-12,476.4000,477.4000,473.9000,475.0000,27150
2021-01-13,475.7000,479.4000,474.7000,476.5000,3010
2021-01-14,473.1000,473.4000,467.4000,472.7000,10378
2021-01-15,471.9000,477.5000,471.6000,477.5000,12178
2021-01-18,475.9000,479.7000,475.9000,478.1000,5456
2021-01-19,479.1000,482.1000,474.9000,475.0000,6388
2021-01-20,473.6000,477.1000,473.1000,473.2000,7885
2021-01-21,475.6000,475.6000,470.6000,470.6000,5759
2021-01-22,470.0000,471.0000,467.3000,469.4000,15980
2021-01-25,469.8000,477.6000,469.6000,477.4000,5041
2021-01-26,481.3000,488.3000,481.3000,483.8000,6552
2021-01-27,482.8000,505.8000,482.8000,505.8000,87783
2021-01-28,505.2000,506.0000,490.0000,493.0000,27296
2021-01-29,487.4000,491.3000,482.7000,485.4000,17824
2021-02-01,485.5000,487.7000,484.1000,485.6000,6212
2021-02-02,484.9000,486.3000,482.4000,485.7000,6119
2021-02-03,485.2000,488.5000,481.2000,484.8000,15494
2021-02-04,487.2000,490.5000,484.3000,488.1000,40096
2021-02-05,482.3000,484.2000,475.8000,477.3000,6253
2021-02-08,477.4000,480.0000,470.5000,476.7000,18648
2021-02-09,470.7000,470.7000,467.3000,470.7000,23452
2021-02-10,471.5500,475.0000,468.7000,469.4000,69516
2021-02-11,469.7000,469.7000,465.5000,465.5000,10497
2021-02-12,465.2000,467.1000,460.9000,465.6000,34332
2021-02-15,466.0500,468.6000,462.4000,468.3000,56230
2021-02-16,467.8000,467.8000,465.2000,467.4000,31454
2021-02-17,469.5000,469.5000,465.4000,468.0000,12016
2021-02-18,466.9500,470.9000,465.3000,467.0000,19854
2021-02-19,465.6000,467.7000,464.7000,466.1000,39846
2021-02-22,468.4000,470.2000,464.8000,469.1000,29348
2021-02-23,467.9000,467.9000,465.1000,466.6000,6504
2021-02-24,468.3000,470.7000,467.0000,468.5000,2130
2021-02-25,468.6000,468.6000,464.3000,466.5000,7309
2021-02-26,465.9000,465.9000,456.4000,456.5000,128489
2021-03-01,458.5000,464.5000,458.5000,462.8000,8170
2021-03-02,465.0000,466.7000,462.2000,465.1000,15061
2021-03-03,466.3500,466.5000,460.0000,461.7000,154148
2021-03-04,466.9500,468.1000,463.9000,467.0000,18427
2021-03-05,466.3500,468.7000,464.4000,468.1000,8428
2021-03-08,471.4000,476.7000,471.4000,472.2000,14327
2021-03-09,476.0000,477.6000,471.8000,473.2000,12229
2021-03-10,476.5000,479.6000,472.6000,478.8000,35388
2021-03-11,475.8000,479.9000,475.8000,477.7000,10712
2021-03-12,478.1500,480.8000,477.9000,479.2000,5261
2021-03-15,479.2000,484.1000,479.2000,482.9000,43451
2021-03-16,483.3000,486.7000,483.3000,484.1000,92002
2021-03-17,482.9500,485.8000,482.3000,485.6000,12440
2021-03-18,486.2000,490.7000,486.2000,487.5000,18943
2021-03-19,486.1000,492.1000,486.1000,486.8000,115774
2021-03-22,486.7500,490.8000,483.3000,490.8000,67261
2021-03-23,490.8000,502.0000,490.8000,502.0000,116290
2021-03-24,499.4000,504.0000,499.4000,500.2000,43444
2021-03-25,503.5000,506.2000,501.4000,502.8000,147933
2021-03-26,502.7000,506.6000,502.2000,503.8000,12227
2021-03-29,506.0000,512.4000,505.8000,508.2000,95632
2021-03-30,508.9500,511.4000,507.6000,507.6000,342605
2021-03-31,510.1000,514.2072,507.0000,507.0000,108681
2021-04-01,505.2000,511.0000,505.2000,510.8000,66332
2021-04-06,494.5000,510.8000,482.9000,484.2000,44854
2021-04-07,486.0000,490.0000,486.0000,486.4000,17274
2021-04-08,486.0000,489.3000,485.9000,486.8000,122247
2021-04-09,486.0000,487.2000,483.2000,485.0000,105390
2021-04-12,484.0000,485.2000,481.6000,482.8000,150522
2021-04-13,482.9000,482.9000,473.4000,478.8333,167112
2021-04-14,475.6000,475.6000,471.7000,472.8000,39005
2021-04-15,473.4000,476.9000,473.4000,475.5000,68246
2021-04-16,475.4000,479.3000,475.4000,479.3000,63509
2021-04-19,480.0000,483.2000,478.9000,482.9000,82046
2021-04-20,484.0000,485.2000,480.0000,481.5000,18925
2021-04-21,482.0000,484.3000,481.0000,482.2947,74416
2021-04-22,483.8000,483.8000,480.3000,480.3000,57881
2021-04-23,479.9000,479.9000,475.1000,477.5715,22143
2021-04-26,477.0000,477.0679,474.6000,475.6713,96408
2021-04-27,477.0000,528.4405,475.5000,476.9715,10392
2021-04-28,477.0000,478.6000,474.5000,475.3000,12504
2021-04-29,485.4000,504.2000,485.4000,497.7721,38835
2021-04-30,495.2257,502.0000,495.2257,495.3000,179957
2021-05-04,495.7000,502.4000,495.7000,495.9256,43977
2021-05-05,498.0000,499.8000,496.0000,498.2110,30039
2021-05-06,498.0000,501.0000,494.0000,497.4000,48446
2021-05-07,494.5000,497.6000,494.3000,494.8742,61901
2021-05-10,493.5000,498.3805,493.4000,494.8000,45799
2021-05-11,493.5000,496.3000,492.7358,495.8744,56583
2021-05-12,495.6000,503.2000,495.6000,501.8000,35908
2021-05-14,503.0000,508.8000,503.0000,503.8000,40741
2021-05-17,503.5000,507.6000,503.4000,505.8000,44235
2021-05-18,504.5000,508.2000,503.6000,508.0762,11825
2021-05-19,508.0000,509.2000,505.8000,508.0000,128410
2021-05-20,509.0000,511.0000,507.8000,509.8000,42527
2021-05-21,508.6000,511.6000,508.6000,510.6784,32485
2021-05-25,508.0000,513.2000,506.6000,507.4000,20465
2021-05-26,509.2000,511.8000,509.2000,509.8000,119946
2021-05-27,509.0000,509.8000,506.4000,507.8508,25256
2021-05-28,509.8000,509.8000,507.6000,508.8763,20224
2021-06-01,508.0000,509.4000,506.6000,508.4568,12912
2021-06-02,509.0000,513.4000,509.0000,512.0000,8060
2021-06-03,511.6000,517.2000,511.6000,517.0000,20424
2021-06-04,517.5000,518.6000,514.4000,517.2000,9133
2021-06-07,514.6000,517.6000,514.6000,515.2000,8342
2021-06-08,517.5000,521.2000,515.8000,518.9481,9210
2021-06-09,522.5000,522.6000,519.2000,522.5582,7811
2021-06-10,522.8000,527.2000,522.8000,525.2825,15022
2021-06-11,522.5000,526.0000,522.2000,523.2017,54981
2021-06-14,523.2000,525.4000,523.2000,525.0000,62063
2021-06-15,525.0000,527.2000,525.0000,526.0000,21643
2021-06-16,527.5000,531.6000,526.4000,530.0000,7656
2021-06-17,527.5000,531.2000,527.0000,528.4420,69726
2021-06-18,533.0000,533.0000,526.8000,528.3197,50413
2021-06-21,528.0000,533.6000,528.0000,528.0000,11429
2021-06-22,532.5000,533.2000,531.2000,533.2000,9491
2021-06-23,532.5000,533.2000,526.3720,526.4000,11212
2021-06-24,525.7767,530.0000,525.7767,527.4528,7706
2021-06-25,525.6000,527.8000,525.6000,527.7472,5995
2021-06-28,527.8000,530.2000,527.8000,528.0000,10015
2021-06-29,527.5000,530.0000,527.0000,528.0792,17412
2021-06-30,527.5000,529.6000,526.0000,528.1989,44020
2021-07-01,527.5000,530.0000,525.6000,527.1755,21012
2021-07-02,527.5000,530.0000,526.0000,527.6000,6280
2021-07-05,523.2000,529.0000,523.2000,528.8000,6604
2021-07-06,527.5000,531.8000,526.4000,531.4047,17715
2021-07-07,532.5000,537.0000,531.2000,534.9000,16418
2021-07-08,532.5000,536.0000,531.2000,531.4000,70034
2021-07-09,533.4000,537.2000,533.4000,535.7109,9836
2021-07-12,537.5000,542.0000,536.6000,540.2194,10001
2021-07-13,540.8000,543.4000,540.8000,543.0000,11230
2021-07-14,542.5000,542.8000,534.4000,537.6000,11496
2021-07-15,537.5000,539.8000,536.2000,537.6000,5488
2021-07-16,542.5000,544.8000,538.4000,541.4000,49751
2021-07-19,542.5000,544.8000,538.6000,539.6902,19020
2021-07-20,542.5000,547.4000,541.4000,546.1944,32534
2021-07-21,544.0000,548.0000,544.0000,546.6000,19491
2021-07-22,547.5000,547.8000,544.6000,546.0300,14923
2021-07-23,543.0000,547.8000,543.0000,544.7711,4901
2021-07-26,542.5000,545.8000,542.2000,543.4047,13249
2021-07-27,543.0000,548.6000,543.0000,546.0223,7070
2021-07-28,545.2000,548.0000,545.2000,546.0704,6924
2021-07-29,542.5000,547.0000,542.0000,542.9900,9764
2021-07-30,542.2000,546.6000,542.2000,542.6000,6450
2021-08-02,543.6000,547.0000,543.6000,545.4399,91636
2021-08-03,545.4000,549.6000,545.4000,549.0000,6321
2021-08-04,547.2000,550.4000,547.2000,547.6479,9757
2021-08-05,552.5000,562.4000,550.0000,554.4910,18713
2021-08-06,547.5000,550.6000,539.6000,543.9456,36031
2021-08-09,543.8000,550.2000,543.8000,549.9450,2602
2021-08-10,547.2000,550.4000,547.2000,547.4000,18405
2021-08-11,547.5000,549.6000,547.4000,549.0000,9137
2021-08-12,547.2000,552.2000,547.2000,547.2000,9639
2021-08-13,547.5000,548.6000,542.8000,547.6000,10390
2021-08-16,546.0000,548.2000,546.0000,546.3066,12310
2021-08-17,544.4000,547.2000,544.4000,546.8680,8164
2021-08-18,546.0000,549.8000,546.0000,548.0000,21890
2021-08-19,547.0000,547.0000,543.0000,545.3385,17447
2021-08-20,544.4000,548.2000,544.4000,545.1841,7089
2021-08-23,547.5000,550.2000,545.1806,548.0600,21944
2021-08-24,547.5000,551.4000,540.6000,541.6000,16335
2021-08-25,538.3937,542.2000,538.3937,538.8600,11411
2021-08-26,536.5959,539.8000,536.5959,537.9626,14875
2021-08-27,540.8000,540.8000,538.4000,539.1333,6856
2021-08-31,537.5000,541.6000,536.0000,537.1216,3341
2021-09-01,537.5000,543.0000,535.6000,537.7610,11007
2021-09-02,533.8000,538.8000,533.8000,538.6000,19529
2021-09-03,533.6000,538.6000,533.6000,535.2000,7209
2021-09-06,533.0000,538.4000,533.0000,537.4000,5305
2021-09-07,537.5000,539.8000,535.0000,537.2000,6116
2021-09-08,537.4000,537.4000,532.4000,536.5231,38691
2021-09-09,537.5000,538.8000,534.8000,534.8000,39770
2021-09-10,532.5000,534.2000,526.2000,532.6094,12595
2021-09-13,527.5000,531.2000,526.4000,530.2000,42445
2021-09-14,528.6000,532.6000,528.6000,532.6000,40707
2021-09-15,532.5000,534.0000,530.4000,532.5716,6118
2021-09-16,532.5000,535.2000,530.7576,534.1556,20352
2021-09-17,533.4000,537.6000,533.4000,535.8000,62368
2021-09-20,532.5000,533.2000,527.6000,530.3578,10375
2021-09-21,530.2276,533.2000,530.2276,532.3474,5697
2021-09-22,532.5000,533.8000,530.4000,532.0000,8897
2021-09-23,534.0000,538.2000,534.0000,535.3408,43845
2021-09-24,532.7772,535.2000,532.7772,532.9214,14214
2021-09-27,527.5000,535.0000,527.2000,528.0000,5367
2021-09-28,527.5000,529.0000,526.0000,526.2712,13731
2021-09-29,537.5000,539.6000,533.8000,537.2349,36532
2021-09-30,537.5000,541.6000,536.6000,537.4000,31622
2021-10-01,530.6000,537.4000,530.6000,534.2327,15222
2021-10-04,533.0000,544.2000,533.0000,541.8222,22569
2021-10-05,542.5000,547.4000,541.2000,543.2543,132959
2021-10-06,532.5000,539.0000,530.8000,536.1097,150729
2021-10-07,537.5000,539.0100,534.1199,534.1200,14972
2021-10-08,533.6000,537.0000,533.6000,535.3266,15851
2021-10-11,537.5000,538.4000,533.6000,537.1370,46746
2021-10-12,534.9230,542.6000,534.9230,539.8293,24218
2021-10-13,542.5000,544.0000,535.6000,542.2589,16337
2021-10-14,542.5000,546.4000,541.2000,542.2846,15276
2021-10-15,542.5000,546.2000,540.4000,544.8000,8201
2021-10-18,540.8000,544.8000,540.8000,542.3111,15828
2021-10-19,542.5000,543.8000,537.6000,539.1555,34376
2021-10-20,537.8000,544.6545,537.8000,544.6000,13322
2021-10-21,543.0000,546.0000,543.0000,544.0190,12626
2021-10-22,547.4000,547.4000,542.2000,545.6000,18574
2021-10-25,547.5000,550.6000,545.8000,550.3959,41190
2021-10-26,548.4000,555.2000,548.4000,551.8989,57785
2021-10-27,552.5000,554.6000,544.8000,547.8000,12034
2021-10-28,525.0000,525.0000,498.7000,504.0000,35620
2021-10-29,508.4000,508.4000,498.3252,507.8000,56852
2021-11-01,502.0000,502.0000,496.1000,498.7289,34235
2021-11-02,499.0000,500.2000,493.6000,497.0821,13761
2021-11-03,498.0000,500.6000,492.1000,493.5500,17322
2021-11-04,503.5000,504.0000,498.2000,500.6773,20727
2021-11-05,502.5000,502.6000,497.1000,500.4109,4211
2021-11-08,498.0000,501.8000,497.1000,499.5556,19343
2021-11-09,499.0000,507.2000,498.0000,505.8353,21306
2021-11-10,503.8000,509.2000,503.8000,507.9750,5313
2021-11-11,503.8000,508.2000,503.8000,506.0506,3484
2021-11-12,509.0000,510.0000,506.0000,508.0467,19600
2021-11-15,509.0000,511.6000,508.4000,509.2000,17819
2021-11-16,509.8000,515.0000,509.8000,512.8599,5788
2021-11-17,508.8000,523.8000,508.8000,521.9000,40890
2021-11-18,522.5000,524.8000,520.2000,522.4000,33675
2021-11-19,522.5000,523.6000,516.9483,517.0553,20945
2021-11-22,519.6000,526.0000,519.6000,522.4513,11060
2021-11-23,522.5000,525.6000,521.0000,523.0895,27124
2021-11-24,523.8000,529.8000,523.8000,528.0428,27395
2021-11-25,527.5000,529.0000,527.2000,528.2218,16874
2021-11-26,518.0000,524.4000,518.0000,522.3724,18736
2021-11-29,517.5000,518.8000,513.4000,516.9362,66419
2021-11-30,510.3174,515.6000,510.3174,511.0980,11396
2021-12-01,512.5000,514.2000,509.0000,512.0000,13547
2021-12-02,508.0000,509.4000,502.4000,507.2000,14205
2021-12-03,506.2000,510.2000,506.2000,509.6000,11283
2021-12-06,509.0000,512.6000,508.8000,511.5953,4205
2021-12-07,509.0000,512.4000,508.2000,509.9981,8844
2021-12-08,509.0000,512.2000,506.4000,508.2778,7311
2021-12-09,508.0000,510.8000,507.4000,508.6000,22450
2021-12-10,508.0000,509.8000,506.6000,509.8000,7870
2021-12-13,509.2000,511.8000,509.2000,510.4000,17467
2021-12-14,511.0000,516.6000,511.0000,514.1170,17533
2021-12-15,516.4000,516.4000,512.0000,514.1460,35045
2021-12-16,517.5000,520.6000,509.2000,515.5531,24274
2021-12-17,522.5000,524.4000,517.9482,520.4617,73482
2021-12-20,517.5000,520.4000,511.6000,514.4000,25683
2021-12-21,517.5000,522.4000,517.4000,518.9969,16104
2021-12-22,517.5000,519.0000,511.8542,515.0000,6743
2021-12-23,514.2000,518.0000,514.2000,516.4760,30685
2021-12-29,517.5000,518.8000,512.8000,514.0514,6868
2021-12-30,512.5000,516.0000,512.2000,514.3000,10353
2022-01-04,517.5000,519.4000,512.6000,514.5143,41671
2022-01-05,515.4000,515.4000,511.4000,513.4251,14816
2022-01-06,512.5000,515.2000,512.0000,514.1817,18028
2022-01-07,515.6000,515.6000,510.0000,512.8656,10649
2022-01-10,517.5000,519.6000,513.0000,519.6000,11564
2022-01-11,519.7584,524.8000,519.7584,519.8000,24246
2022-01-12,517.5000,521.8000,513.6000,514.9333,7325
2022-01-13,512.5000,516.8000,512.0000,513.9493,92445
2022-01-14,517.5000,518.0000,514.4000,516.9192,25969
2022-01-17,517.5000,518.4000,515.6000,516.8987,10552
2022-01-18,517.5000,521.2000,515.2000,519.6815,34538
2022-01-19,520.8000,520.8000,516.7959,518.0833,19452
2022-01-20,518.4000,522.2000,518.4000,519.9437,35346
2022-01-21,517.5000,520.4000,515.0000,518.3788,34548
2022-01-24,517.5000,527.3958,515.4000,522.2424,37891
2022-01-25,517.5000,529.8000,516.4000,522.5472,36191
2022-01-26,527.5000,530.4000,524.8000,526.7592,35273
2022-01-27,522.5000,531.6000,521.0000,525.9700,24303
2022-01-28,532.5000,532.6000,528.0000,529.6681,14171
2022-01-31,532.5000,535.0000,528.1888,529.0035,19540
2022-02-01,530.2000,530.2000,522.4000,526.2816,17185
2022-02-02,527.5000,528.0000,521.6000,526.0450,9858
2022-02-03,524.0000,537.8000,524.0000,535.2368,50567
2022-02-04,537.5000,544.0000,534.8000,539.8561,91438
2022-02-07,537.5000,540.4000,533.4000,537.1143,48153
2022-02-08,543.0000,547.0000,543.0000,544.2823,53210
2022-02-09,547.5000,549.8000,542.4000,547.2290,75802
2022-02-10,547.5000,549.6000,543.6000,545.4000,16590
2022-02-11,547.5000,552.0000,545.6000,550.0830,13755
2022-02-14,542.5000,548.4000,542.4000,548.0000,15542
2022-02-15,547.5000,549.4000,543.8000,547.4000,38313
2022-02-16,547.5000,548.4000,544.8000,546.5060,10712
2022-02-17,542.5000,547.4000,541.0000,543.1578,23235
2022-02-18,545.0000,550.6000,545.0000,547.6744,23214
2022-02-21,552.5000,553.0000,541.6000,545.0000,21143
2022-02-22,538.4000,548.0000,538.4000,546.5010,39491
2022-02-23,547.5000,553.4000,546.2000,548.0000,10330
2022-02-24,535.2000,544.6000,535.2000,537.2098,27230
2022-02-25,537.5000,549.4000,535.8000,549.2000,27025
2022-02-28,547.5000,553.6000,545.0000,550.6000,28556
2022-03-01,552.5000,561.0000,549.2000,559.2250,45696
2022-03-02,557.5000,562.8000,543.0000,557.6995,39728
2022-03-03,552.8000,561.6000,552.8000,559.1397,44588
2022-03-04,557.5000,561.4000,547.0000,552.3094,10734
2022-03-07,547.5000,558.6000,541.2000,552.2400,24832
2022-03-08,549.6000,561.0000,549.6000,558.8000,54079
2022-03-09,552.5000,563.6000,549.0000,553.5223,16567
2022-03-10,545.6000,557.8000,545.6000,557.0000,15266
2022-03-11,547.5000,555.4000,547.2000,551.3853,125171
2022-03-14,547.5000,552.2000,539.8000,545.5516,207181
2022-03-15,543.5706,555.8000,543.5706,550.0364,52742
2022-03-16,557.5000,558.8000,547.6000,550.0000,61379
2022-03-17,551.2000,556.4000,551.2000,556.4000,57090
2022-03-18,548.2000,554.8000,548.2000,550.9174,202979
2022-03-21,550.8000,560.6000,550.8000,558.2697,14603
2022-03-22,557.5000,558.4000,553.4000,555.0333,75119
2022-03-23,557.5000,560.6000,553.6000,556.1392,185492
2022-03-24,561.2000,561.2000,555.0000,560.2676,47546
2022-03-25,558.6000,564.4000,558.6000,562.7545,18385
2022-03-28,564.0000,571.0000,564.0000,567.8375,319475
2022-03-29,567.5000,570.6000,563.4000,566.5020,58958
2022-03-30,563.0000,567.6000,563.0000,565.3654,8267
2022-03-31,567.5000,567.5500,554.9722,558.7242,15363
2022-04-01,542.0000,555.0000,532.6000,538.0000,29933
2022-04-04,540.0000,543.2000,533.2000,535.5951,50601
2022-04-05,538.0000,538.0000,529.0000,536.6084,26852
2022-04-06,537.7500,544.6817,536.2000,544.6000,74349
2022-04-07,544.3906,552.6000,544.3906,551.5909,85341
2022-04-08,553.7500,559.2448,553.5908,559.2000,22407
2022-04-11,560.6000,568.2000,560.6000,568.2000,125433
2022-04-12,566.0000,567.8000,564.0000,566.8303,57221
2022-04-13,570.2500,572.2000,565.2000,571.6000,85647
2022-04-14,573.7500,576.2000,569.8000,576.2000,26941
2022-04-19,574.2500,577.6000,568.5140,575.8000,17459
2022-04-20,563.6000,569.2000,563.6000,566.3381,38545
2022-04-21,563.5000,566.6000,558.8000,560.6073,73698
2022-04-22,555.4000,562.7900,555.4000,559.6623,57546
2022-04-25,560.0000,563.2000,555.0000,560.9719,38410
2022-04-26,566.4000,566.4000,561.8000,564.9866,23230
2022-04-27,554.6000,561.6000,554.6000,561.0000,41008
2022-04-28,565.0000,575.2000,560.8000,571.3480,76126
2022-04-29,572.2500,578.0000,565.8000,576.7136,39334
2022-05-03,576.7500,583.8000,573.8000,578.8857,25623
2022-05-04,580.4000,586.6700,580.4000,586.1267,24744
2022-05-05,587.0000,589.8000,582.2000,585.0004,13727
2022-05-06,581.8000,587.4000,581.8000,584.4772,25768
2022-05-09,580.0000,583.8000,572.6000,575.1136,10273
2022-05-10,571.4000,580.6724,571.4000,574.0674,24339
2022-05-11,580.5000,581.8000,575.6000,579.1539,13680
2022-05-12,580.0000,587.0000,574.4000,584.8000,15073
2022-05-13,582.5000,586.4000,573.2000,579.1905,48651
2022-05-16,580.0000,584.0000,578.0000,580.3848,110909
2022-05-17,579.2500,581.0000,575.4000,579.6787,27963
2022-05-18,576.7500,582.2000,572.2000,573.0000,24288
2022-05-19,562.0000,582.1228,562.0000,563.2350,41506
2022-05-20,558.7500,567.6000,558.4000,566.2534,161473
2022-05-23,567.0000,572.6000,563.2000,566.4432,30721
2022-05-24,565.5000,575.2000,562.0000,575.1754,24129
2022-05-25,573.7500,579.4000,569.4000,572.0881,82912
2022-05-27,573.7500,575.0000,570.0000,573.1067,20596
2022-05-30,575.6000,575.6000,563.0000,567.4865,18251
2022-05-31,567.0000,569.6000,565.0000,567.0179,52174
2022-06-01,566.4000,572.2000,566.4000,568.2000,16683
2022-06-07,568.0000,572.4000,561.8000,565.8979,18094
2022-06-08,562.0000,562.8000,554.8000,557.4471,18278
2022-06-09,553.4000,559.8000,553.4000,553.8000,50202
2022-06-10,545.6000,545.6000,528.8000,539.6910,36958
2022-06-13,532.6000,539.5957,532.6000,534.3893,7739
2022-06-14,533.7500,537.6000,530.0000,533.2091,22628
2022-06-15,530.1957,535.8000,530.1957,532.8878,9753
2022-06-16,530.2500,532.8000,516.8000,520.2780,78208
2022-06-17,520.0000,523.0000,516.2000,518.1979,68848
2022-06-20,523.5000,526.8000,518.0000,526.7742,55222
2022-06-21,526.6000,526.6000,519.6000,523.2000,17659
2022-06-22,524.0000,524.6000,517.8000,522.8649,46267
2022-06-23,521.4000,521.4000,512.4000,516.2181,51759
2022-06-24,514.0000,522.4000,514.0000,522.4000,29291
2022-06-27,522.2798,522.2798,517.0000,519.7052,74695
2022-06-28,521.8000,527.0000,521.8000,524.9678,13739
2022-06-29,517.7500,524.0000,514.4000,521.2559,18264
2022-06-30,521.0000,527.4000,517.4000,523.4420,71721
2022-07-01,526.0000,529.0000,520.2000,525.4000,34317
2022-07-04,527.4000,533.6000,527.4000,530.2000,7691
2022-07-05,526.0000,531.8000,523.6000,531.7960,20949
2022-07-06,520.0000,529.4000,519.9350,520.7303,30710
2022-07-07,520.6000,528.8000,520.6000,527.2252,82423
2022-07-08,527.2000,534.4000,527.2000,533.4000,19697
2022-07-11,534.2500,534.5402,529.0000,531.3290,15971
2022-07-12,528.5000,532.0000,526.8000,529.8522,10344
2022-07-13,528.0000,533.0000,528.0000,531.8000,21672
2022-07-14,530.8531,530.8531,519.8000,530.8531,19781
2022-07-15,529.0000,530.0000,523.2000,525.5188,108857
2022-07-18,526.6000,532.8000,524.4000,529.1155,41028
2022-07-19,530.0000,530.0000,525.2000,527.2609,13723
2022-07-20,526.0000,526.6526,521.8000,523.8759,92499
2022-07-21,524.2000,524.2000,512.6000,520.1857,32926
2022-07-22,516.7500,517.8000,510.6000,513.6840,11187
2022-07-25,515.7500,520.0000,512.4000,517.4595,13716
2022-07-26,520.8000,520.8000,514.8000,520.2990,14805
2022-07-27,520.6000,520.6000,513.6000,515.7000,7074
2022-07-28,516.2500,517.2000,506.0000,510.6000,12243
2022-07-29,509.5000,514.4000,506.8000,512.6329,32268
2022-08-02,516.7500,522.6000,511.8000,518.7971,44306
2022-08-03,516.4000,516.4000,504.3496,506.0987,56747
2022-08-04,504.9500,508.8000,494.0000,504.5630,59490
2022-08-05,504.6000,514.2000,501.4000,513.5629,33328
2022-08-08,514.2500,517.0000,507.8000,507.8000,32271
2022-08-09,508.3000,514.2000,507.2000,513.8000,158766
2022-08-10,514.7500,517.2000,506.8000,506.8000,38393
2022-08-11,506.9500,511.2000,505.8000,510.2000,8749
2022-08-12,508.9500,511.4000,503.6000,507.4218,119444
2022-08-15,505.6000,508.2000,504.2000,506.7222,11555
2022-08-16,506.9500,511.2000,504.8000,507.3059,12552
2022-08-17,511.0000,511.0000,505.8000,507.8428,22016
2022-08-18,507.8500,513.6000,507.6000,511.8459,19265
2022-08-19,513.2500,515.0000,511.2000,512.4299,9664
2022-08-22,514.4000,514.4000,509.4000,513.6000,11477
2022-08-23,513.2500,513.8000,510.0000,510.6000,4935
2022-08-24,510.6000,510.6000,507.2000,509.0717,26215
2022-08-25,508.8000,511.0000,508.8000,509.8591,8519
2022-08-26,509.4000,511.6000,505.0000,506.6854,11683
2022-08-30,512.2000,516.4000,509.9490,511.6173,18029
2022-08-31,510.7500,512.2000,506.1747,508.1548,11010
2022-09-01,505.9500,508.6000,501.2000,506.3959,16391
2022-09-02,506.0500,508.8000,502.2000,508.1330,74522
2022-09-05,502.9497,505.4000,502.9497,504.1159,22156
2022-09-06,502.5000,505.4000,501.4000,503.5756,99730
2022-09-07,502.2000,502.2000,495.8000,500.3500,13083
2022-09-08,499.1000,499.1000,488.6000,491.8000,26843
2022-09-09,491.9000,496.2000,490.6000,494.2589,29435
2022-09-12,495.3500,498.9000,494.1000,496.9787,27413
2022-09-13,501.6000,501.8000,496.4000,498.0000,17227
2022-09-14,498.5000,498.5000,492.0000,495.1010,105478
2022-09-15,499.7000,501.4000,495.1000,498.5739,36751
2022-09-16,496.3000,503.8000,496.3000,498.4579,71473
2022-09-20,498.4000,498.4000,482.6000,483.6029,52123
2022-09-21,480.4000,485.3000,478.7000,484.0114,52747
2022-09-22,477.9000,486.1000,477.8000,484.7000,14345
2022-09-23,481.0000,487.2000,477.7000,480.7265,29956
2022-09-26,479.0000,479.0000,469.3000,472.0615,14144
2022-09-27,473.0000,479.1000,473.0000,474.8287,21891
2022-09-28,474.2000,478.0000,468.2000,474.4525,27952
2022-09-29,472.8000,472.8000,463.9000,466.9000,30718
2022-09-30,466.8000,470.4000,461.9000,463.5000,27593
2022-10-03,463.5000,475.4000,462.2000,463.5463,156868
2022-10-04,475.2000,475.6000,468.4000,471.9000,19681
2022-10-05,469.9000,470.4000,459.8000,462.5925,27809
2022-10-06,462.7000,462.7000,454.1000,460.1814,5512
2022-10-07,452.7000,456.5000,451.5097,451.5323,22414
2022-10-10,451.2000,455.0000,449.5000,452.0484,23302
2022-10-11,452.9000,453.0000,448.8000,451.5000,85405
2022-10-12,449.2000,449.2000,443.5000,446.6447,52249
2022-10-13,449.0000,453.2000,443.8000,447.3671,13595
2022-10-14,448.9000,454.4000,448.9000,451.8903,43531
2022-10-17,452.0000,458.2000,452.0000,457.0815,20075
2022-10-18,461.3000,461.3000,456.0000,459.6867,7235
2022-10-19,461.0000,461.0000,456.3000,456.4456,38414
2022-10-20,459.0000,459.6000,453.7000,457.7632,11974
2022-10-21,451.0000,454.8000,449.7100,449.7100,66640
2022-10-24,454.9000,456.1000,448.7000,454.3000,12003
2022-10-25,456.4840,456.4840,452.9000,456.3687,12225
2022-10-26,457.2000,458.8000,454.0000,456.3000,14663
2022-10-27,460.1000,479.5000,452.4000,453.0453,27570
2022-10-28,480.0000,490.3000,480.0000,486.0429,26686
2022-10-31,486.7000,496.9000,486.7000,493.2811,27361
2022-11-01,494.3500,495.9000,488.3000,491.4853,19592
2022-11-02,489.4500,495.2950,488.2000,494.8568,4994
2022-11-03,491.9000,494.9000,486.3000,487.9000,7913
2022-11-04,487.3000,492.1000,486.2000,490.1806,11401
2022-11-07,493.8000,496.4000,489.5000,493.3740,16479
2022-11-08,492.8000,494.4000,490.8000,490.8000,5188
2022-11-09,490.1000,500.2000,490.1000,499.0000,73378
2022-11-10,499.2500,505.2000,496.4000,497.7000,11725
2022-11-11,500.4000,500.4000,485.6000,489.4727,22888
2022-11-14,495.8000,497.7000,489.2000,491.0000,40732
2022-11-15,496.8000,497.6000,489.8000,495.2036,9232
2022-11-16,493.8000,493.8000,485.5000,492.2828,9062
2022-11-17,495.3000,495.3000,491.6000,494.4000,14165
2022-11-18,500.0500,500.4000,495.5000,499.7000,6528
2022-11-21,500.7000,508.4000,498.7000,500.7499,22267
2022-11-22,505.6000,511.2000,501.8000,502.0000,7555
2022-11-23,502.6000,503.8000,499.6000,501.6613,20876
2022-11-24,504.6000,508.4000,500.8000,506.0946,8490
2022-11-25,507.9500,508.0000,504.6000,505.8867,15104
2022-11-28,507.9500,509.6000,504.2000,508.4000,52334
2022-11-29,509.4000,509.4000,504.0000,504.8000,11516
2022-11-30,512.2000,512.2000,504.0000,504.8505,23182
2022-12-01,510.0000,516.8000,510.0000,514.8256,6375
2022-12-02,516.7500,517.4000,511.7488,513.7308,6800
2022-12-05,510.2000,510.2000,503.8000,507.6984,7803
2022-12-06,509.4000,514.4412,509.4000,509.6000,91379
2022-12-07,513.4000,513.4000,507.0000,508.8000,42963
2022-12-08,509.3000,510.5333,503.8000,509.4000,53720
2022-12-09,509.9500,512.7025,507.4000,512.6000,4111
2022-12-12,512.7500,514.6000,508.6000,508.9308,7794
2022-12-13,509.4000,513.2000,504.0000,509.8980,7682
2022-12-14,510.4000,511.8000,507.8000,509.9236,5226
2022-12-15,510.8500,513.3959,508.4000,511.1793,17068
2022-12-16,509.8000,509.8000,498.9000,500.4000,24240
2022-12-19,505.0000,505.0000,498.3000,498.3498,65437
2022-12-20,499.0500,506.0000,495.0000,501.2501,12629
2022-12-21,504.4000,504.4000,500.8000,503.6000,9905
2022-12-22,503.8000,507.6000,503.8000,507.5492,4339
2022-12-23,511.6000,511.6000,506.4000,508.1492,4282
2022-12-28,508.8500,510.6000,505.0990,505.0990,3553
2022-12-29,507.0500,510.4000,503.2000,510.4000,5194
2022-12-30,510.8000,510.8000,506.5800,507.3710,8360
2023-01-03,507.9500,518.0000,506.6000,515.7031,39261
2023-01-04,518.7500,523.0000,515.2000,521.0649,9919
2023-01-05,522.0000,525.0000,519.8000,521.7188,5883
2023-01-06,525.0000,528.8000,525.0000,525.2049,49186
2023-01-09,531.7500,532.2000,525.8111,530.4000,20777
2023-01-10,530.0000,530.0000,525.0000,528.5057,8522
2023-01-11,534.4000,545.0000,534.4000,541.8039,11307
2023-01-12,541.8000,548.6000,541.8000,544.0000,91193
2023-01-13,542.0000,546.4000,533.8000,537.6000,7938
2023-01-16,540.8000,540.8000,535.2000,539.5405,9452
2023-01-17,540.0000,542.8000,538.4000,538.6000,6968
2023-01-18,532.7500,538.0000,532.6000,534.2654,10354
2023-01-19,533.7500,535.3319,529.4000,533.8000,39646
2023-01-20,537.7500,538.8000,532.4000,536.1524,5223
2023-01-23,538.6539,538.6539,530.0000,536.0303,7584
2023-01-24,540.5000,543.0891,537.0000,541.2542,4294
2023-01-25,537.7500,542.2000,535.4000,539.0000,8584
2023-01-26,540.0000,542.8000,534.4000,535.7643,6401
2023-01-27,534.2500,536.4000,532.2000,534.2000,8375
2023-01-30,534.6000,542.0000,534.6000,541.6918,56777
2023-01-31,543.4000,543.4000,536.8000,540.0540,100260
2023-02-01,543.8000,543.8000,539.4000,543.8000,3588
2023-02-02,545.0000,545.0000,539.0000,541.8317,15599
2023-02-03,539.2000,545.4000,539.2000,542.0000,13407
2023-02-06,540.0000,543.2000,536.4000,537.2000,8241
2023-02-07,536.2000,541.8000,536.2000,536.4000,8686
2023-02-08,541.5000,548.6000,541.2000,541.2000,31858
2023-02-09,551.8000,574.6000,551.8000,566.4474,46631
2023-02-10,567.5000,572.8000,565.8000,571.3000,8086
2023-02-13,570.2500,572.0000,565.4000,567.5889,6825
2023-02-14,568.0000,574.2000,568.0000,572.2621,79709
2023-02-15,570.7500,573.4000,569.4000,570.8571,3822
2023-02-16,570.2500,573.2000,566.4000,568.6569,20740
2023-02-17,568.0000,575.6000,567.2000,573.5211,5193
2023-02-20,575.7500,576.8000,572.2000,574.4000,14182
2023-02-21,573.7500,576.2000,571.8000,573.7608,17184
2023-02-22,575.2000,586.2000,575.2000,575.4000,9322
2023-02-23,585.5000,586.6000,577.4000,579.6871,5126
2023-02-24,579.3420,584.8000,579.3420,583.2706,10631
2023-02-27,580.5000,586.1172,578.6000,585.8830,32848
2023-02-28,584.0000,585.0000,579.6000,580.2839,61935
2023-03-01,581.0000,582.0000,578.2000,580.7226,8026
2023-03-02,578.0000,588.2000,578.0000,586.9587,92192
2023-03-03,583.6000,589.6000,583.6000,584.8830,6635
2023-03-06,586.5000,587.6000,581.6000,585.6829,9171
2023-03-07,584.5000,586.2000,580.8000,584.0000,59038
2023-03-08,580.2000,586.0000,580.2000,585.2000,5760
2023-03-09,585.5000,587.4000,582.0000,585.9758,47912
2023-03-10,580.0000,585.0000,579.9853,581.3419,3252
2023-03-13,574.7500,582.8000,573.6000,577.5142,68928
2023-03-14,578.6000,583.4000,578.6000,582.2435,6197
2023-03-15,580.0000,583.6000,574.8000,579.8696,69135
2023-03-16,583.2000,587.8000,583.2000,585.4605,5378
2023-03-17,586.5000,588.0000,579.0000,581.7418,60444
2023-03-20,577.6000,590.0000,577.6000,588.9500,16903
2023-03-21,590.2500,592.4000,587.8000,589.2656,125410
2023-03-22,590.2500,592.8000,585.8000,590.0737,242804
2023-03-23,591.7500,593.2000,588.2000,592.0000,12409
2023-03-24,592.2500,592.8000,585.4000,590.2292,112793
2023-03-27,590.2500,591.8000,588.2000,590.3262,289095
2023-03-28,589.0000,592.0000,587.8000,591.9183,147452
2023-03-29,590.2500,594.8000,590.2000,594.7405,14905
2023-03-30,577.2000,577.2000,571.6000,573.1146,10315
2023-03-31,574.8000,583.3166,574.8000,583.3166,34325
2023-04-03,584.0000,588.4000,581.8000,584.0000,42798
2023-04-04,588.1000,590.8000,585.8000,590.1177,51762
2023-04-05,590.0000,596.4000,590.0000,593.2000,102517
2023-04-06,596.4000,604.0000,596.4000,603.2727,41569
2023-04-11,602.0000,604.4000,601.0000,602.6071,71360
2023-04-12,604.1000,606.0000,600.0000,603.1397,11599
2023-04-13,600.2000,602.3453,598.0000,599.5800,15234
2023-04-14,598.9000,602.8000,598.2000,598.9102,18910
2023-04-17,598.0000,602.4000,598.0000,601.9745,20687
2023-04-18,602.2000,608.3763,599.0000,602.4160,82853
2023-04-19,600.8000,604.4000,600.6000,602.9249,56409
2023-04-20,601.0000,604.4000,600.2000,603.5094,21758
2023-04-21,602.8000,605.6000,601.2000,604.3846,81802
2023-04-24,605.5000,607.4000,604.2000,606.7393,17022
2023-04-25,604.1000,606.6000,602.0000,603.0000,9881
2023-04-26,606.9000,610.4000,603.0000,608.8000,15240
2023-04-27,607.7000,615.0000,607.4000,614.4000,9352
2023-04-28,613.9000,616.6000,610.6000,611.7812,5166
2023-05-02,611.4000,614.8000,611.0000,613.1445,13326
2023-05-03,614.1000,619.4933,614.0000,619.4929,26350
2023-05-04,614.9000,617.0000,596.8000,602.8102,28953
2023-05-05,604.9000,607.8000,601.6000,606.3906,15084
2023-05-09,602.0000,606.0000,600.8000,602.0000,9947
2023-05-10,605.9000,606.0000,591.6000,594.6421,67016
2023-05-11,594.0000,594.9796,587.4000,591.3009,141723
2023-05-12,594.2000,594.2000,588.0000,590.2833,14143
2023-05-15,589.9000,594.6000,589.6000,594.6000,20214
2023-05-16,596.8000,596.8000,591.4000,596.3000,15795
2023-05-17,594.0000,594.6000,585.0000,590.2642,6888
2023-05-19,582.7000,585.8000,577.4000,584.6000,11477
2023-05-22,585.0000,587.0000,582.4000,583.0043,46763
2023-05-23,582.3000,584.0000,581.2000,582.5224,8544
2023-05-24,585.0000,585.6000,579.6000,583.5125,6710
2023-05-25,583.7000,583.8000,571.3943,575.5424,12229
2023-05-26,574.9000,577.0000,569.6000,571.6698,8883
2023-05-30,574.9000,576.8000,572.2000,574.8092,2816
2023-05-31,573.0000,579.8000,573.0000,577.6000,53270
2023-06-01,577.0000,577.0000,573.2000,574.9606,5357
2023-06-02,576.0000,578.8000,564.4000,570.5360,27223
2023-06-05,568.4000,574.8000,568.4000,572.0524,5896
2023-06-06,568.4000,568.8000,565.2000,567.4129,12553
2023-06-07,567.6000,567.6000,561.6000,562.8923,8150
2023-06-08,562.0000,563.2000,553.0000,554.3167,14029
2023-06-09,554.6000,557.2000,554.4000,555.8000,9836
2023-06-12,557.3000,557.8000,547.8000,549.6331,14944
2023-06-13,549.8000,549.8000,547.2000,547.2000,37064
2023-06-14,548.1000,555.6000,546.8000,554.1765,40815
2023-06-15,552.2000,558.8000,551.8000,556.2543,31152
2023-06-16,560.8000,561.2000,555.8000,560.3036,19559
2023-06-19,560.8000,561.4000,555.8000,558.0558,7650
2023-06-20,556.9000,560.2000,555.8000,557.8558,5008
2023-06-21,558.1000,558.6000,552.8000,552.9170,17004
2023-06-22,554.2000,554.6000,549.6000,551.0000,73629
2023-06-23,551.6000,559.0000,551.6000,556.2000,31741
2023-06-26,555.8000,555.8000,553.2000,554.8378,7234
2023-06-27,554.8000,556.0000,550.8000,555.6556,20434
2023-06-28,558.9000,559.2000,555.4888,555.6556,4481
2023-06-29,558.4000,558.4000,554.1446,557.8887,9249
2023-06-30,557.0000,561.8000,557.0000,558.1735,6679
2023-07-03,558.6000,562.8000,558.6000,560.7382,66779
2023-07-04,559.1000,560.8000,558.2000,558.9434,10846
2023-07-05,560.2560,560.2560,556.6000,560.2560,10388
2023-07-06,560.2000,562.4000,555.2000,560.1132,34678
2023-07-07,555.6000,555.6000,551.0000,552.1333,8863
2023-07-10,549.9000,552.4000,545.2000,545.2545,67315
2023-07-11,545.0000,545.2000,541.8000,543.9611,6724
2023-07-12,544.4000,550.6000,543.8000,543.8885,6606
2023-07-13,550.9000,553.6000,550.0000,550.4000,6726
2023-07-14,551.3000,555.4000,550.2000,553.9221,3712
2023-07-17,555.7871,558.6000,555.7871,555.7871,13972
2023-07-18,554.6000,554.6000,543.6000,547.4000,10529
2023-07-19,552.2000,556.7945,551.2000,554.0552,5342
2023-07-20,556.3000,560.2000,554.6000,558.1442,2198
2023-07-21,560.0000,560.0000,555.6000,558.3442,5692
2023-07-24,559.3000,565.6000,559.2000,560.0560,4539
2023-07-25,560.4000,561.2000,557.3442,559.2062,7521
2023-07-26,559.1000,560.8000,555.6000,560.5160,11714
2023-07-27,560.0000,564.2000,557.4000,561.4000,14243
2023-07-28,560.0000,564.2000,560.0000,561.3603,40593
2023-07-31,562.4000,563.0000,559.0000,561.4561,12244
2023-08-02,559.1000,560.2000,554.4000,559.2625,14546
2023-08-03,548.3000,549.0000,532.6000,539.0846,83898
2023-08-04,532.7000,533.4000,527.8000,531.4000,10366
2023-08-07,529.6000,530.2000,523.8000,525.5474,17684
2023-08-08,526.7000,529.8000,525.6000,527.8000,14324
2023-08-09,528.4000,533.2000,528.0000,529.7150,11378
2023-08-10,532.0000,536.0000,532.0000,533.9466,6780
2023-08-11,534.7000,540.4000,533.4000,534.3466,10161
2023-08-14,534.9000,537.2000,534.4000,534.4000,5717
2023-08-15,533.5000,535.0000,530.4000,531.6868,7405
2023-08-16,531.6000,533.4000,531.0000,532.8831,6545
2023-08-17,531.2000,532.0000,526.8000,527.1209,6099
2023-08-18,527.3000,530.6000,526.2000,528.4000,1960
2023-08-21,527.5000,532.8533,527.0000,530.6268,5441
2023-08-22,532.1000,532.2000,525.2000,527.4000,7072
2023-08-23,527.4000,530.0000,527.4000,529.6946,9688
2023-08-24,531.0000,531.0000,528.6000,530.0000,1670
2023-08-25,530.0000,534.4000,529.4000,530.4000,4140
2023-08-29,532.7000,536.4000,532.0000,533.6933,4664
2023-08-30,535.1000,538.0000,533.2000,537.0537,10534
2023-08-31,535.5000,540.4000,534.8000,538.0000,27504
2023-09-01,537.4000,539.0000,534.6000,535.6000,10944
2023-09-04,533.9000,536.6000,533.0000,534.2000,13379
2023-09-05,532.7000,533.2000,529.0000,529.2791,22118
2023-09-06,530.4000,534.0000,529.8000,533.1309,10140
2023-09-07,533.2000,541.4000,533.2000,538.2057,15591
2023-09-08,539.8000,543.2000,539.2000,541.8192,3827
2023-09-11,543.1000,545.6000,541.0000,542.9742,4282
2023-09-12,544.4000,548.8000,542.2000,545.6718,6270
2023-09-13,541.4000,546.0000,541.4000,543.3956,8676
2023-09-14,544.8000,546.8000,543.2000,545.2819,9553
2023-09-15,547.2000,549.8000,545.2000,548.6548,56812
2023-09-18,546.0000,548.2000,544.8000,548.2000,4315
2023-09-19,546.6000,548.2000,545.6000,548.2000,14239
2023-09-20,549.7000,552.0000,548.2000,550.8897,29359
2023-09-21,550.7000,556.2000,550.6000,551.8000,6409
2023-09-22,552.2000,553.0000,550.4000,552.0000,8843
2023-09-25,550.5000,550.6000,544.4000,548.2657,2490
2023-09-26,545.2000,549.8000,545.2000,547.3724,16569
2023-09-27,548.9000,549.8000,542.4000,546.0000,5404
2023-09-28,543.5000,544.8000,540.4000,542.7457,9207
2023-09-29,543.0000,547.0000,543.0000,544.8209,5508
2023-10-02,544.2000,546.0000,541.4000,543.9279,7518
2023-10-03,542.7000,544.2000,537.6000,539.4539,8377
2023-10-04,537.6000,541.6000,536.0000,537.7845,8835
2023-10-05,536.8000,539.2000,535.0000,537.2578,3961
2023-10-06,538.4000,540.8541,534.4000,538.0948,6786
2023-10-09,539.8000,543.8000,538.8000,541.6959,15732
2023-10-10,545.0000,548.4000,543.4000,544.8720,2433
2023-10-11,546.4000,550.4308,546.4000,548.0000,10928
2023-10-12,546.2000,550.4751,544.8000,547.8543,7259
2023-10-13,546.4000,549.4000,546.0000,546.0908,8582
2023-10-16,546.4000,547.4000,543.2000,544.3558,59404
2023-10-17,544.6000,547.4000,542.8000,544.6668,20053
2023-10-18,543.3000,548.2000,539.4000,545.6260,9683
2023-10-19,542.7000,543.2000,537.6000,539.3192,9594
2023-10-20,537.0000,539.4000,535.4000,536.0926,14747
2023-10-23,536.4000,536.8000,531.4000,536.2000,20970
2023-10-24,532.9000,535.6000,531.6000,532.6533,29887
2023-10-25,536.0000,536.4000,531.4000,534.0050,8987
2023-10-26,532.9000,534.4000,530.6000,533.5466,6971
2023-10-27,534.2000,539.0000,534.2000,536.8342,10567
2023-10-30,535.5000,540.4000,534.4000,538.0740,10716
2023-10-31,539.2000,544.8000,539.2000,543.7282,13831
2023-11-01,544.6000,551.8000,544.6000,549.7134,22985
2023-11-02,547.0000,552.4000,514.5228,514.5228,33217
2023-11-03,516.9000,521.8000,512.6000,513.8336,20146
2023-11-06,513.0000,520.6000,509.8000,515.6000,29224
2023-11-07,515.8000,520.0000,510.8978,514.3081,13666
2023-11-08,510.7000,521.9182,507.8000,511.1685,20773
2023-11-09,512.0000,518.8000,511.0000,515.1943,21691
2023-11-10,517.9000,521.4000,510.8000,512.2000,49245
2023-11-13,514.0000,517.4000,511.0977,511.1232,12508
2023-11-14,512.8000,512.8000,506.8000,507.8395,16896
2023-11-15,509.3500,511.4000,504.6000,505.0000,22201
2023-11-16,508.3000,513.4000,507.8000,509.1660,50376
2023-11-17,510.3000,512.2000,506.6000,509.4039,4128
2023-11-20,509.3000,513.4000,506.2784,510.4000,8322
2023-11-21,510.1000,511.0000,507.4000,511.0000,10393
2023-11-22,511.7000,514.0000,507.0000,512.2000,25439
2023-11-23,511.0000,517.0000,511.0000,516.2000,8598
2023-11-24,516.7000,517.4000,513.4000,516.2230,6401
2023-11-27,516.7000,519.2000,512.2000,517.2517,2443
2023-11-28,513.6000,518.4000,510.6000,512.8974,61622
2023-11-29,514.2000,517.4000,511.4000,512.9879,8422
2023-11-30,512.4000,513.6000,510.3490,510.4000,22173
2023-12-01,512.2000,515.6000,508.0000,510.2000,54628
2023-12-04,506.0000,513.4000,503.2000,503.2000,396669
2023-12-05,507.0000,508.6000,505.2000,507.2000,31811
2023-12-06,508.3000,510.8000,505.2000,506.0988,13593
2023-12-07,506.7500,510.6000,504.9594,504.9594,6708
2023-12-08,508.9500,512.8000,506.2000,508.6000,6131
2023-12-11,510.0500,513.8000,505.4000,510.2000,4395
2023-12-12,508.1500,513.4000,508.0000,510.6511,10435
2023-12-13,510.8500,512.6000,507.2000,509.8055,37772
2023-12-14,509.5500,513.6000,506.6000,510.2259,13605
2023-12-15,507.7500,510.0000,504.8000,507.2507,411562
2023-12-18,508.5500,517.8000,502.6000,511.3892,389383
2023-12-19,511.3000,514.6000,507.2000,508.4508,6489
2023-12-20,509.5500,511.6000,507.0000,508.4763,9675
2023-12-21,503.5000,507.6000,501.6000,506.9366,13216
2023-12-22,508.3000,510.8000,507.2000,508.2000,15724
2023-12-27,509.3500,512.6000,504.6000,506.3494,7400
2023-12-28,506.4000,507.0000,502.5962,502.8503,3121
2023-12-29,505.8500,506.8000,503.4176,504.7495,1924
2024-01-03,516.3000,520.0000,506.0000,516.2000,39698
2024-01-04,517.5000,519.2000,515.0000,517.4517,99748
2024-01-05,515.8000,516.8000,512.8000,513.8214,7044
2024-01-08,517.7000,518.0000,512.8000,514.6515,42292
2024-01-09,510.8500,511.0000,507.4920,508.0000,12214
2024-01-10,506.3500,511.2000,506.0000,509.7089,26375
2024-01-11,510.4500,512.4000,508.2000,508.6000,8633
2024-01-12,509.4000,511.6000,509.4000,509.5173,5191
2024-01-15,512.0000,515.6000,508.2000,512.6849,28603
2024-01-16,514.0000,517.2000,511.9179,512.8880,14827
2024-01-17,511.6500,513.2000,507.2000,509.0764,40303
2024-01-18,507.5500,509.0000,505.6000,506.4000,11705
2024-01-19,509.1000,512.0000,503.2000,511.0000,7612
2024-01-22,512.6500,516.8000,507.8000,516.3380,5942
2024-01-23,518.1000,518.2000,513.2000,515.8516,55460
2024-01-24,514.0000,518.0000,513.4000,515.0515,34255
2024-01-25,514.4000,516.6000,514.0000,515.7580,15748
2024-01-26,515.6000,522.0783,512.0000,520.3370,10374
2024-01-29,521.6000,525.2000,517.3483,517.7224,60095
2024-01-30,518.1000,519.6000,514.6000,515.8506,47111
2024-01-31,518.5000,519.4000,512.4000,518.3388,21118
2024-02-01,516.9000,519.4000,508.7237,511.4511,19379
2024-02-02,509.5000,514.8000,508.8000,510.1853,12328
2024-02-05,511.4500,512.4000,505.9962,512.0000,23920
2024-02-06,504.8000,509.2000,501.8000,505.8506,38189
2024-02-07,504.0000,504.0000,497.9000,503.2000,55896
2024-02-08,501.5000,506.0000,498.8000,500.8114,11399
2024-02-09,498.3500,499.4000,493.9000,494.5941,13919
2024-02-12,499.5500,502.8000,495.2000,498.0031,30986
2024-02-13,501.3500,504.4000,499.9000,502.6009,25906
2024-02-14,501.1500,506.0000,500.6000,503.6330,12589
2024-02-15,503.5000,508.8000,500.0000,506.8195,44137
2024-02-16,509.7000,512.2000,505.4000,510.1824,15495
2024-02-19,511.8000,516.4516,511.8000,516.4516,6586
2024-02-20,517.7000,521.0636,515.2000,518.0789,19555
2024-02-21,518.1000,523.8000,514.8000,517.4000,75132
2024-02-22,517.1000,520.6000,514.4000,514.8644,5822
2024-02-23,515.0000,516.3033,508.6000,516.3033,9996
2024-02-26,517.4000,517.4000,512.5488,513.0283,46237
2024-02-27,511.3000,515.8000,504.0000,510.1530,19412
2024-02-28,505.0500,510.4000,500.6000,506.9741,98112
2024-02-29,502.9000,506.3048,498.9000,505.4000,20488
2024-03-01,506.8000,509.2000,501.8000,505.1223,7870
2024-03-04,504.6000,507.0000,503.2000,506.4000,27617
2024-03-05,504.4000,509.6000,501.8000,507.2000,4237
2024-03-06,507.5500,511.2000,507.4000,508.8300,10859
2024-03-07,509.5500,513.0000,505.6000,509.4000,9955
2024-03-08,506.8000,510.0000,502.0000,506.6000,5715
2024-03-11,508.9000,513.8000,507.2000,511.7512,326433
2024-03-12,509.5000,513.2000,505.6000,508.2108,5931
2024-03-13,505.4000,509.4000,502.8000,505.5011,3555
2024-03-14,506.8000,510.2000,503.0000,506.5368,103612
2024-03-15,513.2000,531.4000,500.6000,517.7739,60255
2024-03-18,527.7000,531.6000,522.2000,526.6000,75412
2024-03-19,526.9000,531.0000,526.4000,529.0000,120916
2024-03-20,529.0000,531.4000,526.7579,531.1451,4439
2024-03-21,530.0000,538.0000,530.0000,535.1823,131949
2024-03-22,534.5000,538.4000,534.0000,536.9178,58825
2024-03-25,535.5000,538.4000,532.2000,536.2000,30775
2024-03-26,539.2000,549.0000,534.6000,548.6823,11549
2024-03-27,548.1000,557.0000,547.0000,555.1205,162613
2024-03-28,558.7000,559.0000,550.8000,551.8000,107597
2024-04-02,532.2500,552.5230,520.0000,523.6293,110058
2024-04-03,523.0000,527.0000,522.0000,524.0524,337988
2024-04-04,526.0000,530.5000,525.9474,527.0000,64275
2024-04-05,524.0000,528.0000,521.5000,523.5000,22621
2024-04-08,522.5000,523.5000,517.5000,518.0000,251761
2024-04-09,516.7500,521.5000,514.0000,519.5140,11521
2024-04-10,520.5000,524.0000,515.5000,519.3454,6773
2024-04-11,518.7500,522.5000,516.5000,517.5000,5848
2024-04-12,518.2500,521.5000,514.0000,517.3018,10617
2024-04-15,517.7500,521.5000,513.0000,518.5000,12648
2024-04-16,514.7500,520.5000,509.8980,511.7012,180664
2024-04-17,508.4000,516.5000,507.0000,514.0000,8112
2024-04-18,514.2500,516.0000,510.3010,511.0000,17606
2024-04-19,509.8500,519.0000,506.5000,518.5000,9409
2024-04-22,524.5000,527.5000,514.0000,520.3289,58569
2024-04-23,518.7500,521.5000,515.0000,520.0000,13947
2024-04-24,513.7500,515.0000,509.5000,510.5000,12907
2024-04-25,513.7500,514.5000,503.5000,508.0000,41866
2024-04-26,506.9500,510.5000,502.5000,502.5075,16034
2024-04-29,504.4000,509.5000,504.0000,508.0000,2341
2024-04-30,508.3000,511.5000,502.0000,504.2143,5185
2024-05-01,503.5000,503.5000,503.5000,503.5000,92
2024-05-02,494.3500,507.0000,490.4000,495.8000,66783
2024-05-03,495.7000,499.6000,492.4000,495.2581,46234
2024-05-07,495.3500,497.8000,495.0000,497.2000,228
2024-05-08,497.1500,499.0000,495.8000,497.0000,7265
2024-05-10,500.5000,505.0000,500.2500,503.8163,6884
2024-05-13,502.5000,507.0000,502.0000,505.0000,6155
2024-05-14,503.9500,508.5000,501.0000,502.5000,1959
2024-05-15,502.0500,506.0000,498.8000,503.3741,3081
2024-05-16,501.7000,503.0000,500.5000,501.9394,4701
2024-05-17,502.5000,504.0000,500.0000,502.0000,67738
2024-05-21,503.5000,506.5000,498.8000,499.2000,7001
2024-05-22,500.7000,504.0000,496.4000,500.5000,1704
2024-05-23,496.8000,497.6000,493.4000,494.0000,8616
2024-05-24,493.2500,493.8000,490.8000,492.0000,5202
2024-05-28,492.7000,495.8000,488.8000,489.1167,11322
2024-05-29,491.2500,494.6000,488.2000,492.6000,20696
2024-05-30,489.8000,493.0000,486.8000,488.6000,9366
2024-05-31,493.2500,499.0000,487.2000,495.0433,36266
2024-06-03,496.1500,503.0000,487.2000,500.0000,19466
2024-06-04,500.5000,503.0000,498.2000,502.5000,40057
2024-06-05,503.9500,511.0000,499.8000,507.0000,106050
2024-06-06,504.9500,510.5000,502.5000,507.5000,22135
2024-06-07,508.3000,509.0000,502.5000,504.5206,20378
2024-06-10,501.1500,508.0000,499.4000,500.5000,12472
2024-06-11,501.5000,505.0000,495.8000,499.0000,21287
2024-06-12,498.1500,502.0000,492.6000,492.6000,1121
2024-06-13,492.7000,495.8000,492.2000,493.8000,15508
2024-06-14,495.1500,497.4000,493.8000,496.0000,23853
2024-06-17,495.8000,497.2000,493.6000,495.8727,10164
2024-06-18,496.2500,498.4000,495.2000,496.4000,21840
2024-06-19,497.6000,499.4000,497.6000,497.9077,229
2024-06-20,498.1500,501.5000,497.4000,499.9000,352471
2024-06-21,499.7000,501.5000,496.8000,499.2000,22039
2024-06-24,500.0500,507.0000,496.8000,499.2000,91648
2024-06-25,507.9500,510.5000,503.5000,505.5000,11605
2024-06-26,505.4000,506.5000,499.6000,502.5000,5985
2024-06-27,502.0500,506.0000,498.5500,498.5500,11922
2024-06-28,500.1500,505.5000,500.0000,504.5000,11937
2024-07-01,508.4000,512.0000,500.5000,508.5000,4905
2024-07-02,508.3000,510.5000,505.5000,506.0000,5684
2024-07-03,505.6000,510.5000,503.5000,509.0000,16986
2024-07-04,509.4000,513.5000,508.5000,512.0000,40002
2024-07-05,512.3000,514.0000,511.0000,511.5000,1280
2024-07-08,510.8500,516.5000,509.0000,512.0000,10444
2024-07-09,512.3000,519.0000,508.5000,515.5000,21786
2024-07-10,518.0000,526.0000,518.0000,526.0000,10314
2024-07-11,528.0000,529.0000,522.0000,526.4489,3237
2024-07-12,525.5000,529.0000,525.0000,528.3094,1571
2024-07-15,526.5000,529.5000,525.0000,527.2643,1854
2024-07-16,524.0000,526.5000,521.0000,524.7249,5585
2024-07-17,527.5000,528.5000,522.0000,528.5000,3210
2024-07-18,529.5000,533.5000,524.5000,530.5000,6295
2024-07-19,531.7500,533.0000,530.0000,531.5000,15458
2024-07-22,532.2500,537.0000,531.5000,533.0000,22854
2024-07-23,534.2500,534.5000,531.0000,532.7891,707
2024-07-24,529.0000,533.0000,528.0000,531.9412,9424
2024-07-25,529.5000,535.0000,529.5000,534.5000,9976
2024-07-26,533.7500,535.0000,532.5000,535.0000,159653
2024-07-29,536.7500,539.2500,535.5000,537.5000,34041
2024-07-30,537.7500,540.5000,536.5000,538.5000,24999
2024-07-31,535.2500,541.0000,532.0000,538.5000,15430
2024-08-02,535.2500,536.0000,527.5000,529.5000,15005
2024-08-05,523.0000,526.5000,517.7500,518.0000,48208
2024-08-06,518.7500,521.5000,513.0000,515.6542,3461
2024-08-07,518.7500,523.7500,514.5000,521.5000,31040
2024-08-08,522.0000,523.1496,517.5000,521.0000,17036
2024-08-09,521.0000,526.5000,520.5000,525.0363,17246
2024-08-12,523.0000,527.0000,522.5000,526.0000,3495
2024-08-13,523.0000,526.5000,522.0000,522.0000,65144
2024-08-14,527.0000,532.5000,527.0000,530.2524,2643
2024-08-15,532.2500,532.5000,528.0000,530.0867,4500
2024-08-16,528.0000,530.5000,527.5000,530.5000,4330
2024-08-19,531.2500,534.0000,531.0000,532.0000,9107
2024-08-20,531.2500,532.5000,529.0000,529.4615,2624
2024-08-21,529.5000,531.5000,528.0000,529.9545,6196
2024-08-22,530.7500,532.0000,530.5000,530.5000,4861
2024-08-23,530.7500,534.0000,530.5000,534.0000,3424
2024-08-27,536.2500,538.5000,535.5000,535.5000,3193
2024-08-28,537.0000,539.5000,537.0000,537.5000,43392
2024-08-29,537.2500,539.0000,534.0000,537.1689,4439
2024-08-30,535.5000,539.0000,535.5000,537.3710,17888
2024-09-02,537.5000,543.0000,537.5000,541.5000,22944
2024-09-03,543.0000,545.0000,541.0000,541.6667,9944
2024-09-04,544.0000,545.0000,539.5000,541.5000,10574
2024-09-05,542.5000,550.0000,541.0000,546.9445,10467
2024-09-06,548.0000,550.5000,546.5000,550.0000,5397
2024-09-09,548.5000,551.5000,547.5000,550.5000,11149
2024-09-10,549.0000,551.0000,547.0000,547.0000,4676
2024-09-11,546.5000,549.5000,542.5000,547.0000,13537
2024-09-12,547.5000,549.5000,545.0000,549.1077,7131
2024-09-13,550.7500,554.5000,550.0000,552.1739,14256
2024-09-16,551.2500,554.0000,550.0000,552.7762,34453
2024-09-17,552.7500,555.5000,550.0000,552.7895,13740
2024-09-18,549.5000,551.0000,547.0000,548.5000,55986
2024-09-19,549.0000,550.5000,541.5000,547.0000,5340
2024-09-20,541.5000,549.0000,541.0000,546.5000,11976
2024-09-23,546.5000,551.0000,546.0000,549.3571,5064
2024-09-24,548.5000,551.0000,545.5000,548.3333,2373
2024-09-25,550.7500,556.5000,540.0000,555.3833,3464
2024-09-26,558.7500,559.0000,551.5000,554.0000,7471
2024-09-27,554.2500,555.0000,552.0000,553.2000,56736
2024-09-30,553.2500,556.0000,552.5000,553.0000,3952
2024-10-01,552.7500,555.5000,550.5000,554.9623,5052
2024-10-02,555.2500,556.0000,549.5000,551.6569,5105
2024-10-03,550.7500,551.0000,544.5000,547.0000,40050
2024-10-04,546.5000,549.5000,541.5000,545.5000,4906
2024-10-07,547.0000,550.0000,543.0000,545.5000,1389
2024-10-08,548.0000,552.0000,546.0000,551.3778,5175
2024-10-09,551.7500,555.0000,550.5000,553.0000,110393
2024-10-10,554.2500,557.5000,553.0000,554.8950,8411
2024-10-11,552.7500,554.0000,551.0000,552.0000,4637
2024-10-14,554.0000,559.0000,554.0000,557.0000,3854
2024-10-15,559.5000,564.5000,559.5000,563.3750,3546
2024-10-16,561.5000,567.5000,560.5000,564.7408,15345
2024-10-17,566.5000,571.0000,562.5000,565.5101,35705
2024-10-18,564.5000,565.5000,561.5000,561.7778,29276
2024-10-21,564.5000,565.5000,562.5000,563.5399,1219
2024-10-22,560.5000,560.5000,555.0000,556.8333,9444
2024-10-23,558.7500,560.5000,555.0000,559.0000,33434
2024-10-24,561.0000,564.5000,559.0000,561.8333,16597
2024-10-25,558.7500,559.5000,556.0000,557.7468,11925
2024-10-28,560.5000,561.5000,558.0000,560.0000,72325
2024-10-29,564.5000,565.5000,557.0000,558.0000,7037
2024-10-30,557.2500,558.0000,553.0000,554.0000,20627
2024-10-31,552.7500,554.5000,522.5000,525.9537,23242
2024-11-01,525.5000,539.5000,525.0000,533.1802,44428
2024-11-04,530.7500,536.0000,530.7500,534.5000,63774
2024-11-05,533.7500,535.5000,528.0000,532.2614,18731
2024-11-06,535.7500,537.5000,522.5000,522.7556,14679
2024-11-07,527.0000,527.5000,522.0000,523.5000,5378
2024-11-08,524.0000,524.5000,516.5000,519.0000,3654
2024-11-11,519.2500,523.5000,518.0000,521.0000,19241
2024-11-12,518.2500,519.5000,512.5000,513.0000,7905
2024-11-13,513.7500,516.5000,511.5000,511.5000,4901
2024-11-14,516.2500,517.0000,512.5000,516.5000,7323
2024-11-15,514.2500,516.5000,512.5000,512.5000,47582
2024-11-18,513.2500,514.5000,511.5000,512.5000,51595
2024-11-19,510.8500,514.0000,506.5000,508.5000,4770
2024-11-20,510.4000,512.5000,507.5000,508.0000,3067
2024-11-21,508.5000,509.0000,504.0000,505.5000,2221
2024-11-22,507.0500,510.5000,505.0000,507.5000,11480
2024-11-25,509.9500,510.5000,506.0000,509.0000,6124
2024-11-26,507.0500,508.5000,503.2500,504.0000,80656
2024-11-27,504.4000,506.5000,502.0000,506.5000,1877
2024-11-28,507.5000,510.0000,507.5000,509.0000,20357
2024-11-29,509.3000,510.0000,506.5000,508.5000,6470
2024-12-02,507.5000,510.5000,506.0000,507.0000,3205
2024-12-03,505.9500,508.5000,505.5000,508.5000,12052
2024-12-04,507.5000,508.5000,505.0000,507.0000,57459
2024-12-05,507.5000,510.5000,505.5000,510.5000,86591
2024-12-06,507.9500,515.0000,507.0000,511.0000,2978
2024-12-09,511.8500,513.0000,507.0000,508.0000,92823
2024-12-10,509.5000,510.5000,502.5000,504.0000,11149
2024-12-11,504.6000,506.0000,501.5000,505.5625,43165
2024-12-12,502.0500,505.5000,501.0000,504.5000,11032
2024-12-13,504.4000,506.5000,503.0000,505.5000,23215
2024-12-16,506.4000,507.0000,503.0000,505.5000,18863
2024-12-17,503.5000,508.0000,502.5000,507.0000,4840
2024-12-18,504.9500,507.0000,501.5000,503.5000,107204
2024-12-19,501.1500,501.5000,497.3000,501.5000,10405
2024-12-20,498.1500,499.2000,494.6000,497.8000,21503
2024-12-23,501.6000,502.5000,498.0000,500.7747,13119
2024-12-27,502.5000,503.5000,498.8000,500.3620,2231
2024-12-30,503.9500,505.0000,502.5000,504.5000,8712
2025-01-03,505.6000,508.5000,502.5000,506.5739,3126
2025-01-06,504.6000,506.5000,501.5000,503.8750,18253
2025-01-07,502.6000,509.5000,501.0000,508.5000,4934
2025-01-08,508.3000,512.0000,504.5000,508.0000,14758
2025-01-09,507.0500,511.5000,506.5000,509.5000,16868
2025-01-10,508.5000,510.0000,505.0000,506.5000,18466
2025-01-13,506.4000,511.0000,506.0000,507.5000,3038
2025-01-14,509.4000,511.0000,507.0000,507.6836,18070
2025-01-15,509.0000,513.0000,509.0000,511.3800,3828
2025-01-16,509.9500,513.0000,507.0000,510.0000,19646
2025-01-17,511.4000,516.0000,510.5000,514.4135,59087
2025-01-20,510.8500,514.5000,510.0000,514.0000,2999
2025-01-21,512.7500,516.0000,512.5000,515.0000,56527
2025-01-22,514.7500,515.5000,506.0000,511.1324,3068
2025-01-23,507.4000,508.5000,504.5000,506.2500,9467
2025-01-24,507.4000,508.0000,504.5000,505.8500,3636
2025-01-27,507.0500,514.0000,507.0000,513.0000,26042
2025-01-28,513.7500,521.0000,511.5000,517.0000,50744
2025-01-29,516.2500,519.0000,512.0000,517.5978,5095
2025-01-30,517.2500,518.0000,514.0000,515.5000,8781
2025-01-31,515.2500,516.0000,513.5000,513.5000,70439
2025-02-03,513.2500,516.0000,509.0000,510.5000,8160
2025-02-04,509.5000,510.0000,504.0000,506.0000,7229
2025-02-05,505.4000,509.0000,505.0000,509.0000,7573
2025-02-06,509.5000,517.0000,508.0000,514.5000,11983
2025-02-07,515.5000,532.0000,515.5000,527.4737,26687
2025-02-10,527.5000,529.0000,525.5000,527.3575,13202
2025-02-11,526.0000,529.0000,523.0000,526.0000,6185
2025-02-12,528.5000,529.0000,525.0000,527.8646,25922
2025-02-13,515.2500,516.5000,499.0000,503.3754,50256
2025-02-14,509.8500,511.5000,499.4000,499.8000,20021
2025-02-17,499.7000,499.8000,495.6000,497.5529,4019
2025-02-18,497.6000,500.5000,494.4000,499.0000,6915
2025-02-19,499.1500,501.5000,496.0000,497.4000,30966
2025-02-20,498.2500,498.8000,494.7000,495.4325,22505
2025-02-21,496.2500,500.5000,496.2000,497.7082,5754
2025-02-24,500.5000,505.5000,500.5000,501.0000,19593
2025-02-25,502.0500,508.0000,502.0000,506.5000,13194
2025-02-26,504.0500,509.0000,504.0000,507.2934,31869
2025-02-27,507.0000,510.5000,507.0000,509.5000,9273
2025-02-28,509.4000,515.0000,509.0000,514.2500,25395
2025-03-03,513.7500,515.0000,509.0000,510.0000,9515
2025-03-04,513.2500,517.0000,513.0000,514.0000,24645
2025-03-05,510.8500,512.5000,507.5000,510.9624,11216
2025-03-06,511.7500,513.0000,505.0000,510.0000,6699
2025-03-07,513.7500,519.5000,512.5000,519.5000,13346
2025-03-10,520.5000,530.5000,519.0000,530.0000,17285
2025-03-11,529.0000,539.5000,529.0000,529.0000,38729
2025-03-12,530.2500,536.0000,529.0000,530.2500,22677
2025-03-13,532.2500,533.7500,528.0000,530.7500,48977
2025-03-14,531.2500,532.0000,526.0000,528.2222,153646
2025-03-17,527.5000,533.0000,527.5000,531.8199,46308
2025-03-18,531.2500,533.0000,529.0000,530.0000,171018
2025-03-19,529.5000,532.0000,522.0000,526.5000,177627
2025-03-20,522.5000,526.0000,522.5000,524.3571,13439
2025-03-21,522.5000,529.5212,520.5000,528.8052,105968
2025-03-24,530.2500,530.5000,525.5000,527.0000,293833
2025-03-25,528.0000,533.0000,528.0000,531.8750,39858
2025-03-26,530.2500,533.5000,528.0000,533.5000,10696
2025-03-27,532.7500,535.5000,532.0000,534.0000,24310
2025-03-28,512.2000,519.0000,511.0000,514.0455,3396
2025-03-31,512.7500,516.0000,508.0000,511.0000,10044
2025-04-01,510.4000,513.5000,510.0000,512.5000,6801
2025-04-02,511.0000,514.2500,511.0000,513.5000,10963
2025-04-03,513.7500,532.5000,513.5000,532.5000,60589
2025-04-04,530.2500,538.0000,517.5000,525.4972,56290
2025-04-07,501.7000,512.7500,492.2000,502.0050,72756
2025-04-08,503.6000,510.0000,498.6000,509.0000,243318
2025-04-09,503.5000,508.0000,497.0000,506.5000,46395
2025-04-10,496.6000,513.5000,496.0000,496.0000,35825
2025-04-11,513.7500,517.5000,508.0000,515.0000,17029
2025-04-14,516.7500,524.0000,515.5000,522.0000,46921
2025-04-15,523.5000,528.0000,521.0000,527.5000,4127
2025-04-16,529.0000,531.5000,526.0000,531.5000,4770
2025-04-17,529.0000,536.0000,527.5000,535.0000,12216
2025-04-22,534.7500,538.5000,534.0000,537.5000,15858
2025-04-23,536.7500,540.2500,532.5000,537.0000,3706
2025-04-24,536.7500,540.5000,536.0000,538.0085,2091
2025-04-25,538.2500,540.5000,534.0000,536.5000,14427
2025-04-28,540.5000,542.5000,538.2500,539.5000,5910
2025-04-29,543.0000,547.5000,542.5000,545.0000,273013
2025-04-30,547.0000,551.0000,546.5000,550.0000,48427
2025-05-01,548.0000,548.0000,548.0000,548.0000,0
2025-05-02,549.5000,551.0000,547.0000,547.0000,17876
2025-05-06,548.0000,551.0000,547.0000,548.0000,13659
2025-05-07,550.7500,553.0000,545.5000,545.5000,20874
2025-05-08,525.5000,545.0000,525.0000,529.6271,12639
2025-05-09,538.7500,544.0000,534.0000,539.2500,11067
2025-05-12,544.0000,544.5000,528.0000,528.0000,7816
2025-05-13,532.2500,534.7500,529.5000,532.2500,21404
2025-05-14,530.7500,538.5000,530.0000,537.7500,9609
2025-05-15,535.7500,545.5000,534.5000,543.5000,37348
2025-05-16,548.0000,552.0000,548.0000,549.5000,51910
2025-05-19,552.7500,559.0000,548.2500,559.0000,16349
2025-05-20,559.2500,567.0000,558.5000,566.5000,93658
2025-05-21,565.5000,568.5000,564.0000,565.5000,57343
2025-05-22,566.0000,568.5117,562.5000,566.5000,15646
2025-05-23,569.0000,569.5000,562.5000,565.5000,18074
2025-05-27,571.2500,572.5000,567.0000,571.2500,8234
2025-05-28,568.0000,570.0000,564.2500,568.0000,7116
2025-05-29,568.0000,568.0000,568.0000,568.0000,0
2025-05-30,567.5000,571.0000,565.4774,567.5000,32656
2025-06-02,568.5000,569.2500,561.5000,563.7500,16699
2025-06-03,568.5000,570.5000,566.0000,568.3214,3349
2025-06-04,565.5000,569.0000,565.0000,565.5000,20509
2025-06-05,565.5000,570.0000,565.2500,565.5000,4669
2025-06-06,570.2500,571.0000,564.5000,570.2500,9692
2025-06-09,570.2500,570.2500,570.2500,570.2500,0
2025-06-10,566.5000,568.0000,560.0000,566.5000,19031
2025-06-11,561.0000,565.0000,560.0000,561.0000,4201
2025-06-12,561.0000,565.5000,560.0000,561.5000,28108
2025-06-13,563.5000,564.5000,556.5000,564.0000,278329
2025-06-16,557.2500,559.5000,555.2500,557.0000,28327
2025-06-17,552.2500,556.0278,551.5000,555.2500,131973
2025-06-18,558.2500,563.5000,558.0000,558.2500,10283
2025-06-19,561.5000,564.0000,559.5000,561.5000,2940
2025-06-20,559.5000,563.7500,559.5000,562.0000,14229
2025-06-23,559.2500,568.0000,558.5000,568.0000,2415
2025-06-24,569.5000,570.5000,565.0000,568.5000,2665
2025-06-25,566.0000,567.0000,559.0000,566.0000,2495
2025-06-26,558.7500,564.0000,558.0000,559.2500,3065
2025-06-27,562.5000,566.2500,560.7500,561.5000,2997
2025-06-30,566.5000,567.5000,558.9819,561.6250,4842
2025-07-01,562.5000,566.0000,560.0000,563.8750,6320
2025-07-02,567.0000,568.0000,560.7500,567.0000,2748
2025-07-03,563.0000,563.5000,559.0000,563.5000,3489
2025-07-04,564.0000,567.5069,564.0000,564.0000,10956
2025-07-07,567.0000,569.5000,564.5000,567.0000,10577
2025-07-08,563.5000,566.0000,559.5000,561.3750,16767
2025-07-09,564.0000,565.5000,559.0000,561.5000,2979
2025-07-10,562.5000,564.4810,559.5000,563.0000,2252
2025-07-11,562.0000,563.0000,557.5000,562.0000,1354
2025-07-14,557.7500,564.0000,557.0000,562.5000,1989
2025-07-15,564.0000,565.0000,557.0000,558.0000,4982
2025-07-16,555.7500,561.5000,555.0000,557.7500,5611
2025-07-17,557.7500,559.7500,556.0000,557.2500,3670
2025-07-18,558.2500,560.0000,556.5000,557.7500,2540
2025-07-21,558.7500,559.5000,555.0000,557.0000,342
2025-07-22,560.0000,562.0000,558.0000,559.5000,2039
2025-07-23,564.5000,564.5000,559.5000,563.5000,660
2025-07-24,567.0000,570.0000,566.0000,566.5000,7822
2025-07-25,568.5000,572.0000,567.0000,568.5000,4386
2025-07-28,570.7500,571.5000,563.5000,568.5000,1165
2025-07-29,563.0000,567.2500,561.0000,562.0000,1544
2025-07-30,565.5000,570.0000,563.0000,564.5000,3776
2025-07-31,570.0000,570.0000,564.5000,569.0000,3022
2025-08-01,569.0000,569.0000,569.0000,569.0000,0
2025-08-04,566.5000,583.0000,566.0000,578.4500,9427
2025-08-05,580.5000,582.0000,575.7500,577.7500,6442
2025-08-06,582.0000,583.7500,577.5000,579.2500,7910
2025-08-07,573.2500,589.5000,564.5000,582.0000,6459
2025-08-08,587.5000,588.5000,577.0000,582.5000,13636
2025-08-11,579.2500,585.0000,578.0000,584.5000,22552
2025-08-12,586.0000,586.5000,580.7500,581.0000,9642
2025-08-13,581.5000,584.5000,581.0000,581.5000,6155
2025-08-14,582.0000,585.0000,580.7500,582.5000,22176
2025-08-15,582.5000,583.0000,576.0000,582.0000,6997
2025-08-18,578.7500,583.0000,578.0000,581.2500,4409
2025-08-19,582.0000,587.0000,581.0000,584.0000,9162
2025-08-20,587.0000,592.5000,586.5000,590.3750,4074
2025-08-21,591.7500,594.0424,590.1025,590.2500,9869
2025-08-22,593.7500,595.2500,591.5000,592.7500,1288
2025-08-26,591.2500,598.0000,590.0000,592.0000,111730
2025-08-27,592.7500,593.5000,590.0000,592.2500,1663
2025-08-28,592.7500,593.5000,571.5000,574.2500,21623
2025-08-29,576.2500,581.5000,574.0000,575.7500,12247
2025-09-01,580.0000,583.0000,578.5000,580.8630,4253
2025-09-02,580.0000,583.7500,576.0000,581.2734,11316
2025-09-03,580.5000,582.0000,573.0000,580.0000,14839
2025-09-04,578.2500,586.5000,578.0000,578.7500,19162
2025-09-05,586.0000,588.2500,580.5000,585.5000,13919
2025-09-08,586.0000,587.5000,579.5000,582.8923,3762
2025-09-09,584.5000,589.0000,583.5000,585.9475,32024
2025-09-10,588.0000,589.5000,584.5000,586.5000,6277
2025-09-11,588.0000,593.0000,586.5000,590.2500,5896
2025-09-12,588.0000,593.0089,584.5000,587.5000,6741
2025-09-15,591.7500,593.0000,584.4123,584.4123,50647
2025-09-16,586.0000,587.0000,581.5000,583.8833,51711
2025-09-17,584.5000,587.2500,583.0000,584.0000,6726
2025-09-18,584.5000,585.0000,575.2500,575.2500,16577
2025-09-19,573.7500,580.5000,573.0000,576.2500,20110
2025-09-22,576.7500,579.5000,571.3857,578.5000,14064
2025-09-23,569.0000,571.5000,567.0000,569.1569,14639
2025-09-24,570.7500,573.5086,568.5000,570.7500,24724
2025-09-25,569.5000,579.0000,569.0000,577.7500,98892
2025-09-26,578.2500,582.2500,576.5000,578.2500,6410
2025-09-29,582.5000,583.0000,577.9290,582.0000,4808
2025-09-30,577.2500,578.5058,570.0000,577.3845,12837
2025-10-01,575.7500,582.5000,575.5000,579.2500,6066
2025-10-02,584.0000,590.5000,576.5000,585.5000,24160
2025-10-03,586.5000,590.2500,585.0000,587.0000,6703
2025-10-06,587.5000,591.5000,586.5000,588.0407,7097
2025-10-07,588.0000,594.0000,587.0000,592.5890,12589
2025-10-08,593.7500,596.5000,591.9704,592.4146,14885
2025-10-09,593.2500,598.0000,592.0000,594.1547,5382
2025-10-10,588.5000,592.5000,582.0000,587.5000,10032
2025-10-13,588.5000,589.0000,575.8847,578.0000,15773
2025-10-14,577.7500,586.7500,576.0000,583.5504,87997
2025-10-15,582.0000,589.0000,579.5000,585.5000,21278
2025-10-16,585.5000,590.5000,584.5000,586.0000,5883
2025-10-17,590.2500,594.5000,587.5000,590.7500,15840
2025-10-20,592.7500,595.2500,591.5000,592.5889,10990
2025-10-21,591.7500,596.2500,591.0000,593.0089,11759
2025-10-22,596.7500,598.0000,588.0000,588.0000,7611
2025-10-23,594.2500,595.0000,587.2500,594.2500,3740
2025-10-24,585.0000,589.0000,582.0000,583.5000,70528
2025-10-27,589.0000,591.0000,583.5000,584.8833,23822
2025-10-28,588.5000,590.0000,577.5000,585.5040,8533
2025-10-29,584.0000,586.5000,575.0000,582.0000,6839
2025-10-30,578.2500,592.0000,571.0000,588.5000,17615
2025-10-31,590.2500,593.5000,586.0000,589.5000,21183
2025-11-03,588.0000,590.0000,583.5000,585.5878,10922
2025-11-04,584.0000,584.0000,574.0000,577.0000,13248
2025-11-05,577.7500,580.0000,572.7500,579.2500,21692
2025-11-06,578.7500,591.5889,575.0000,585.5000,34896
2025-11-07,590.5000,604.0000,590.5000,602.5000,21416
2025-11-10,596.7500,602.5000,593.0000,601.2917,5922
2025-11-11,600.5000,602.5000,590.5000,591.9245,8823
2025-11-12,599.2500,602.5000,593.0000,598.2500,7218
2025-11-13,594.2500,595.0000,584.7500,585.5000,11959
2025-11-14,589.5000,592.0000,579.0000,580.5000,23085
2025-11-17,583.0000,585.5000,577.5000,583.3833,4583
2025-11-18,581.0000,581.5000,578.5000,580.0000,8014
2025-11-19,580.5000,582.0000,577.4133,578.1335,3629
2025-11-20,578.2500,584.0000,575.7500,575.7500,2
