date,open,high,low,close,volume
2014-03-25,284.0000,286.6950,284.0000,286.6950,262
2014-03-31,289.0000,289.0000,289.0000,289.0000,70
2014-05-08,295.7850,296.0986,295.7850,296.0986,334
2014-05-13,304.2500,304.2500,304.2500,304.2500,4
2014-06-02,299.2500,299.2500,299.2500,299.2500,12
2014-06-03,296.2500,296.2500,296.2500,296.2500,35
2014-06-16,307.2500,307.2500,307.2500,307.2500,7
2014-06-17,307.5000,307.5000,307.5000,307.5000,100
2014-06-19,311.0000,311.0000,311.0000,311.0000,1
2014-07-15,308.0000,308.0000,308.0000,308.0000,298
2014-07-16,311.5000,311.5000,311.5000,311.5000,60
2014-08-07,298.6900,298.6900,298.6900,298.6900,13
2014-08-11,302.6818,302.6818,302.6818,302.6818,211
2014-08-29,312.1100,312.1100,312.1100,312.1100,25
2014-09-18,314.9000,314.9000,314.9000,314.9000,60
2014-09-26,309.7000,309.7000,309.7000,309.7000,70
2014-10-06,303.5050,303.5050,303.5050,303.5050,20
2014-10-09,295.4900,295.4900,292.6100,292.6100,90
2014-10-17,295.9900,295.9900,293.6584,293.6584,395
2014-10-30,321.3253,322.8150,321.3253,322.8150,19141
2014-11-03,326.4603,326.4603,326.4603,326.4603,1042
2014-11-06,330.7500,330.7500,330.7500,330.7500,9
2014-11-13,326.8000,326.8000,326.8000,326.8000,120
2014-11-21,329.3900,329.3900,329.3900,329.3900,40
2014-12-02,343.0000,343.0000,343.0000,343.0000,100000
2014-12-05,338.6981,338.6981,338.6981,338.6981,1425
2014-12-08,340.4850,340.4850,340.4850,340.4850,65
2014-12-10,334.0850,334.0850,334.0850,334.0850,90
2015-01-09,358.7272,358.7272,358.7272,358.7272,180
2015-01-13,355.2834,355.2834,355.2834,355.2834,75
2015-01-16,301.5200,301.5200,301.5200,301.5200,173
2015-01-19,306.0000,306.0000,306.0000,306.0000,150
2015-01-21,301.3800,301.3800,301.3800,301.3800,30
2015-01-23,306.0850,307.1100,306.0850,307.1100,81
2015-01-28,310.0000,310.0000,310.0000,310.0000,1
2015-02-17,317.8760,317.8760,317.8760,317.8760,65
2015-03-05,340.0000,340.0000,340.0000,340.0000,201
2015-03-10,353.1068,353.1068,352.9966,352.9966,1115
2015-03-17,363.4050,363.4050,363.4050,363.4050,30
2015-04-01,366.0353,368.5310,366.0353,368.5310,3273
2015-04-02,365.4000,365.4000,365.4000,365.4000,10000
2015-04-13,370.5000,370.5000,370.5000,370.5000,4
2015-04-21,365.9800,365.9800,365.9800,365.9800,40
2015-04-23,364.9150,364.9150,364.9150,364.9150,13
2015-05-05,335.9150,335.9150,335.9150,335.9150,25
2015-05-19,341.1900,341.1900,339.5900,339.5900,230
2015-06-16,327.7900,327.7900,327.7900,327.7900,32
2015-06-17,325.2900,325.2900,325.2900,325.2900,79
2015-06-18,313.0900,313.0900,313.0900,313.0900,20
2015-06-23,325.0900,325.0900,325.0900,325.0900,135
2015-06-29,317.4000,317.4000,315.7526,315.7526,92
2015-07-06,312.2850,312.2850,312.2850,312.2850,150
2015-07-08,308.5850,308.5850,308.5850,308.5850,75
2015-07-10,313.8950,313.8950,313.8950,313.8950,40
2015-07-21,325.9150,325.9150,325.9150,325.9150,200
2015-07-23,320.6028,320.6028,320.6028,320.6028,6500
2015-08-11,334.1123,334.5734,334.1123,334.5733,1723
2015-08-12,335.2334,335.2334,335.2334,335.2334,725
2015-08-13,320.4000,320.4000,320.4000,320.4000,45
2015-08-17,324.3688,324.3688,324.3688,324.3688,154
2015-08-24,301.0000,301.6900,301.0000,301.0000,370
2015-09-01,301.0850,301.0850,301.0850,301.0850,45
2015-09-02,301.5150,301.5150,301.5150,301.5150,100
2015-09-15,308.5000,308.5000,308.5000,308.5000,36
2015-09-22,299.5000,299.5000,299.5000,299.5000,50
2015-09-28,296.9499,296.9499,296.9499,296.9499,150
2015-10-02,301.3022,301.3022,301.3022,301.3022,582
2015-10-12,317.2500,317.2500,317.2500,317.2500,245
2015-10-14,311.8950,311.8950,311.8950,311.8950,40
2015-10-20,314.2500,314.2500,314.2500,314.2500,60
2015-10-27,322.2500,322.2500,322.2500,322.2500,150
2015-11-10,326.8000,326.9000,326.8000,326.8000,1500
2015-12-03,341.0000,341.0000,341.0000,341.0000,7
2015-12-04,336.5900,336.5900,336.5900,336.5900,55
2015-12-15,333.5000,333.5000,332.8900,333.5000,401
2015-12-16,334.9100,336.5000,334.9100,336.5000,165
2015-12-21,330.8050,330.8050,330.8050,330.8050,149
2016-01-07,321.2219,321.2219,321.2219,321.2219,526
2016-01-12,327.5100,327.5100,327.5100,327.5100,20
2016-01-20,329.2500,329.2500,328.5900,329.2500,63
2016-01-22,342.8894,342.8894,342.8894,342.8894,235
2016-01-25,346.3000,346.3000,346.3000,346.3000,75
2016-01-28,358.2500,358.2500,358.2500,358.2500,7
2016-02-08,347.6100,347.6100,347.6100,347.6100,50
2016-02-09,338.4059,338.4059,338.4059,338.4059,203
2016-02-12,340.4279,340.4279,340.4279,340.4279,86
2016-02-17,360.2000,360.2000,360.2000,360.2000,109
2016-02-18,360.1100,360.1100,360.1100,360.1100,50
2016-03-07,362.1900,362.1900,362.1900,362.1900,7
2016-03-30,361.7050,361.7050,361.7050,361.7050,20
2016-03-31,360.9900,360.9900,360.9900,360.9900,15
2016-04-01,356.4424,357.1000,356.4424,357.1000,25474
2016-04-07,356.7500,356.7500,356.7500,356.7500,1
2016-04-13,354.8950,354.8950,354.8950,354.8950,60
2016-04-14,357.6000,357.6000,357.6000,357.6000,9000
2016-04-25,351.7277,353.8927,351.7277,353.8927,2319
2016-04-26,351.9000,351.9000,351.9000,351.9000,1521
2016-04-27,354.4532,354.4532,352.9925,352.9925,5224
2016-04-28,368.7431,368.7431,368.7431,368.7431,4255
2016-05-03,370.5000,370.5000,367.3100,367.3100,36
2016-05-05,367.1552,367.1552,365.7684,365.7684,1835
2016-05-11,368.5000,368.5000,367.5000,367.5000,5
2016-05-24,378.6439,378.6439,378.6439,378.6439,70
2016-06-01,380.7900,381.9688,380.7900,381.9688,1322
2016-06-14,360.4100,360.4100,360.4100,360.4100,140
2016-06-15,364.5000,364.5000,362.4000,362.4000,24
2016-06-16,360.0000,360.0000,360.0000,360.0000,50
2016-06-23,379.1100,379.1100,379.1100,379.1100,40
2016-06-28,359.7500,359.7500,359.7500,359.7500,74
2016-07-01,371.3900,371.3900,369.3122,369.3122,524
2016-07-05,361.7100,361.7100,360.0900,360.0900,275
2016-07-13,370.8244,370.8244,370.8244,370.8244,90
2016-07-18,372.2036,372.2036,372.2036,372.2036,750
2016-07-19,373.2500,373.2500,373.2500,373.2500,6
2016-07-22,374.0000,374.0000,374.0000,374.0000,13
2016-07-25,374.2100,374.2100,374.2100,374.2100,32
2016-07-26,376.7742,376.7742,376.7742,376.7742,20
2016-07-27,379.5109,379.5109,379.5109,379.5109,2350
2016-07-29,372.7500,372.8655,372.7500,372.8655,806
2016-08-04,375.1900,378.9456,375.1900,378.9456,255
2016-08-08,388.3900,388.3900,387.8146,387.9000,546
2016-08-09,390.1523,390.1523,390.1523,390.1523,172
2016-08-10,393.2816,393.2816,393.2816,393.2816,2342
2016-08-15,401.3246,401.3893,401.3246,401.3893,557
2016-08-16,418.7413,418.7413,418.7413,418.7413,500
2016-08-18,425.4771,426.4087,425.4771,426.4087,1976
2016-08-19,424.5000,424.5000,420.9100,423.6593,678
2016-08-22,425.4044,425.4044,425.4044,425.4044,3371
2016-08-23,429.3774,429.3774,429.3774,429.3774,979
2016-08-24,429.0000,429.0000,429.0000,429.0000,97
2016-08-25,428.7544,428.7545,428.7543,428.7544,668
2016-08-31,429.5565,429.5565,429.5565,429.5565,17
2016-09-06,429.2523,429.2523,429.2523,429.2523,2744
2016-09-07,429.8000,429.8000,429.0009,429.0009,292
2016-09-12,417.9115,417.9115,417.9115,417.9115,503
2016-09-15,420.0100,420.7500,420.0100,420.7500,12
2016-09-21,423.1076,423.1076,423.1076,423.1076,209
2016-09-22,429.3900,429.3900,429.3900,429.3900,40
2016-09-28,426.0127,426.0127,426.0127,426.0127,106
2016-09-29,425.8850,425.8850,425.8850,425.8850,5
2016-10-03,427.2000,427.2000,427.2000,427.2000,4
2016-10-04,431.0000,431.0000,431.0000,431.0000,33
2016-10-05,428.0000,428.0000,428.0000,428.0000,59
2016-10-06,428.7000,428.7000,428.7000,428.7000,2500
2016-10-10,424.7500,424.7500,424.7500,424.7500,2
2016-10-11,425.5900,425.5900,425.2500,425.2500,14
2016-10-13,421.9172,422.1329,421.9172,422.1329,4066
2016-10-14,425.7225,425.7225,421.4150,421.4150,1616
2016-10-25,424.3422,424.3422,424.3422,424.3422,178
2016-10-26,419.5000,420.0000,419.5000,419.9419,1222
2016-10-28,414.0000,414.0000,414.0000,414.0000,23
2016-11-02,411.1900,411.1900,410.6950,410.6950,40
2016-11-08,409.4100,409.4100,409.4100,409.4100,20
2016-11-09,407.3001,407.3001,407.3001,407.3001,1753
2016-11-10,414.5100,414.7979,414.5100,414.7979,946
2016-11-11,403.0000,403.0000,401.5212,401.5212,6863
2016-11-18,406.0825,406.0825,406.0825,406.0825,1393
2016-12-01,401.4914,401.4914,401.4914,401.4914,400
2016-12-02,396.6942,396.6942,396.6942,396.6942,3083
2016-12-06,401.2500,401.2500,400.2500,400.2500,36
2016-12-07,397.8900,397.8900,397.8900,397.8900,30
2016-12-08,396.7254,396.7254,396.7254,396.7254,3305
2016-12-12,400.2050,400.2050,400.2050,400.2050,10
2016-12-15,401.7500,401.7500,401.7500,401.7500,2
2016-12-19,399.4150,399.4150,399.4150,399.4150,35
2016-12-21,400.9929,400.9929,400.9928,400.9928,641
2017-01-04,407.0195,407.0196,407.0194,407.0195,505
2017-01-05,405.9527,405.9527,405.9527,405.9527,450
2017-01-11,414.0096,414.0096,414.0096,414.0096,674
2017-01-16,415.6827,415.6827,415.6827,415.6827,846
2017-01-17,424.9500,425.2000,424.9500,425.2000,4390
2017-01-19,422.3143,422.3143,422.3143,422.3143,431
2017-01-20,421.2500,421.2500,421.2500,421.2500,10
2017-01-23,421.2500,421.2500,421.2500,421.2500,10
2017-01-27,426.0000,426.0000,426.0000,426.0000,2
2017-01-30,421.0000,421.0000,421.0000,421.0000,30
2017-02-01,422.5251,422.5251,422.5251,422.5251,17
2017-02-02,421.3507,421.3507,421.3507,421.3507,2
2017-02-03,423.2500,423.2500,423.2500,423.2500,6
2017-02-07,421.7500,422.7050,421.7500,422.7050,542
2017-02-08,425.0000,425.0000,425.0000,425.0000,1
2017-02-09,425.1050,425.1900,425.1050,425.1900,28
2017-02-10,427.0050,428.2741,427.0050,428.2741,2140
2017-02-15,427.4960,427.4960,427.4960,427.4960,248
2017-02-16,426.8154,426.8154,426.8154,426.8154,26
2017-02-22,430.7500,430.7500,430.7500,430.7500,33
2017-02-28,432.6900,432.6900,432.6900,432.6900,20
2017-03-01,436.5000,436.5000,436.5000,436.5000,1
2017-03-16,431.5000,431.5000,431.5000,431.5000,7
2017-03-17,435.6950,435.6950,435.6950,435.6950,10
2017-03-21,435.8050,435.8050,435.8050,435.8050,15
2017-03-22,431.0000,431.0000,430.3343,430.3343,4937
2017-03-24,435.8050,435.8050,435.8050,435.8050,20
2017-03-28,438.2500,438.2500,438.2500,438.2500,12
2017-03-29,437.9100,437.9100,437.9100,437.9100,70
2017-03-30,437.5000,437.5000,437.1950,437.1950,199
2017-04-04,430.8850,430.8850,430.8850,430.8850,100
2017-04-05,428.0900,428.0900,428.0900,428.0900,30
2017-04-07,421.2500,421.2500,421.2500,421.2500,8
2017-04-13,428.4900,429.3089,428.4900,429.3089,2709
2017-04-19,427.5950,427.5950,427.5950,427.5950,75
2017-04-20,428.5000,428.5000,428.5000,428.5000,22
2017-04-21,428.2500,428.2500,428.2500,428.2500,2
2017-04-24,437.8100,437.8100,437.8100,437.8100,27
2017-04-25,441.0000,441.0000,441.0000,441.0000,1
2017-05-02,441.7950,447.8950,441.7950,447.8000,457
2017-05-03,456.2500,457.7844,456.2500,457.7844,2151
2017-05-05,456.2000,457.4815,456.2000,456.8460,1604
2017-05-11,457.0000,457.0000,456.0533,456.0533,3382
2017-05-12,455.8050,455.8050,455.8050,455.8050,45
2017-05-15,455.0000,455.0000,455.0000,455.0000,40
2017-05-16,453.6574,453.6574,453.6574,453.6574,6
2017-05-17,450.2050,450.2050,450.2050,450.2050,8
2017-05-19,448.5000,448.5000,448.5000,448.5000,79
2017-05-22,448.9158,448.9158,448.9158,448.9158,1764
2017-05-24,449.1950,449.4673,449.1950,449.4673,414
2017-05-26,449.3950,449.9900,449.3950,449.9900,18
2017-05-31,452.9413,452.9413,452.9413,452.9413,150
2017-06-01,453.7950,453.7950,453.7950,453.7950,30
2017-06-02,455.0950,455.0950,455.0950,455.0950,6
2017-06-06,453.1407,453.1407,453.1407,453.1407,3034
2017-06-07,452.3050,452.3050,451.7050,452.0050,391
2017-06-08,452.5000,452.7500,452.5000,452.7500,29
2017-06-09,449.0950,449.0950,449.0950,449.0950,15
2017-08-29,438.1000,439.5000,435.7000,435.7878,3628
2017-08-30,442.0000,442.0000,439.3600,440.7921,2621
2017-08-31,440.2000,441.1559,438.0000,439.7338,5414
2017-09-01,438.0000,439.5000,438.0000,438.8694,2215
2017-09-04,436.5000,438.4568,436.5000,438.3144,2086
2017-09-05,441.5000,441.6000,437.9450,438.8584,2668
2017-09-06,436.6000,439.6824,436.4000,438.3580,6556
2017-09-07,439.3000,442.5000,439.0000,440.6704,15052
2017-09-08,438.0250,442.6000,438.0000,440.6755,1910
2017-09-11,444.3000,447.7500,442.4513,447.4883,6450
2017-09-12,446.7000,449.4000,446.7000,448.4493,6650
2017-09-13,449.2000,452.5000,448.2000,451.9000,35216
2017-09-14,450.5000,455.0000,450.0000,450.5359,7525
2017-09-15,454.6000,455.1000,447.0106,450.1488,21666
2017-09-18,453.6000,453.6000,452.3983,453.4499,9379
2017-09-19,453.5000,455.4000,453.4000,454.9028,8754
2017-09-20,450.0000,455.3501,450.0000,455.3501,7348
2017-09-21,455.9000,456.7000,453.6000,456.6498,7194
2017-09-22,455.3000,458.5000,454.6000,456.5724,5311
2017-09-25,457.4000,459.1528,456.3631,457.4052,15751
2017-09-26,455.4493,455.9915,452.9000,454.6311,3387
2017-09-27,452.4000,453.7000,450.8000,451.0470,1314
2017-09-28,453.4000,457.2000,452.5572,456.5313,2311
2017-09-29,456.6000,458.9000,455.2000,456.7890,3361
2017-10-02,460.4000,460.5000,457.9000,458.9505,4215
2017-10-03,459.2000,460.6000,458.0000,459.8000,10923
2017-10-04,459.5000,460.7507,458.6235,460.7507,4576
2017-10-05,460.8000,464.3000,460.4265,463.5490,4469
2017-10-06,462.3000,462.4000,460.6000,461.5508,8909
2017-10-09,460.8000,463.5000,460.6949,460.9461,3520
2017-10-10,465.3000,466.7000,464.3000,465.9883,1714
2017-10-11,467.8000,467.8000,465.6000,466.5307,6013
2017-10-12,468.7500,468.7500,466.8000,467.5600,1153
2017-10-13,467.6000,469.9000,467.0000,468.2925,5342
2017-10-16,467.6000,467.6000,463.3000,463.8510,8173
2017-10-17,464.1000,464.1000,462.3000,462.9213,7010
2017-10-18,463.5000,467.2000,463.5000,466.0231,3221
2017-10-19,465.0000,465.0000,462.9000,463.4157,2626
2017-10-20,464.7000,464.7000,461.3000,463.5270,11363
2017-10-23,463.0000,467.6962,463.0000,467.6962,4104
2017-10-24,467.6000,467.6000,466.2000,466.5000,3280
2017-10-25,465.5000,466.9000,463.7000,463.7000,3396
2017-10-26,466.8000,471.7886,466.8000,468.8144,11093
2017-10-27,473.5000,474.9000,472.4000,473.6275,14896
2017-10-30,474.4000,475.3379,472.8000,474.6237,17232
2017-10-31,454.5000,473.5913,446.0000,451.6497,11061
2017-11-01,450.3000,450.6000,441.3514,441.3514,32897
2017-11-02,444.5000,445.5000,441.8785,444.3511,12358
2017-11-03,443.9000,445.0000,443.1500,444.4489,2523
2017-11-06,441.9000,441.9000,440.0560,440.1000,9768
2017-11-07,439.3393,439.8000,437.1000,437.4000,6641
2017-11-08,437.9000,441.0000,437.8000,441.0000,7259
2017-11-09,438.4000,438.4000,433.9000,434.5837,11726
2017-11-10,432.0000,432.0000,428.3000,428.7000,9727
2017-11-13,429.6100,430.5000,426.7000,428.8000,12068
2017-11-14,429.2625,429.2625,426.8000,427.0470,2821
2017-11-15,426.6000,426.7000,424.7500,426.4000,6416
2017-11-16,426.1500,428.3000,426.1500,427.5000,8819
2017-11-17,426.4000,426.4000,423.0000,423.8000,12020
2017-11-20,424.3000,427.1000,424.0000,426.9191,96
2017-11-21,426.8000,429.7000,426.8000,428.0000,7436
2017-11-22,427.6000,428.2000,426.3471,427.3333,233
2017-11-23,425.8000,427.9000,425.8000,427.5874,92
2017-11-24,427.7000,428.3000,426.5500,427.0000,323
2017-11-27,428.5000,429.1500,426.6000,427.6088,7445
2017-11-28,426.9000,429.2000,426.9000,429.0000,452
2017-11-29,430.2557,430.2557,427.4000,427.4000,121
2017-11-30,425.6500,428.8500,425.6000,427.8000,1032
2017-12-01,426.8000,427.4000,423.6000,425.8525,190
2017-12-04,427.3000,428.8000,426.7000,428.1000,577
2017-12-05,427.9000,428.2000,426.3000,427.2426,807
2017-12-06,425.6000,426.0000,424.2000,425.3000,581
2017-12-07,426.2000,427.5000,426.2000,426.4288,508
2017-12-08,428.8000,428.8000,426.0500,426.9754,318
2017-12-11,426.6000,426.6417,425.0000,425.0000,332
2017-12-12,424.9000,427.7000,424.0000,424.6127,212
2017-12-13,427.5000,429.9000,427.5000,428.9472,90
2017-12-14,427.2000,428.4000,426.1000,428.3128,170
2017-12-15,425.9000,427.2000,422.7000,427.0900,656
2017-12-18,426.6000,426.6000,424.3980,426.1000,582
2017-12-19,425.5000,428.5000,425.5000,427.5371,926
2017-12-20,425.0000,427.4000,425.0000,427.1650,231
2017-12-21,426.4000,430.6000,426.4000,430.6000,146
2017-12-22,430.3500,431.2500,430.3500,431.2500,17
2017-12-27,431.3000,431.9000,430.2000,431.7000,620
2017-12-28,431.1000,431.2000,430.2000,430.4375,498
2017-12-29,430.6000,430.8500,430.0000,430.6500,192
2018-01-02,429.1000,429.1000,429.1000,429.1000,7
2018-01-03,433.4050,433.4050,428.6000,429.3000,1326
2018-01-04,432.0000,433.9000,430.1000,432.6192,1260
2018-01-05,433.8900,436.7000,433.8000,436.7000,286
2018-01-08,436.7000,436.7000,433.5000,434.8697,948
2018-01-09,433.7000,433.7000,431.4000,433.7000,1844
2018-01-10,430.6100,430.6100,430.6100,430.6100,403
2018-01-11,431.1000,431.1000,430.9000,431.0000,29
2018-01-12,431.1000,431.1000,430.6500,430.6500,527
2018-01-15,430.0000,430.0000,428.0000,428.8000,438
2018-01-17,424.6000,424.6000,424.1000,424.6000,6319
2018-01-18,440.8000,454.6050,440.8000,453.9050,668
2018-01-19,460.6000,465.1000,460.6000,462.5000,1856
2018-01-22,464.0000,468.3000,463.1000,465.8000,16436
2018-01-23,466.6500,466.6500,464.4000,464.8000,170
2018-01-24,461.1100,461.1100,458.1000,458.1000,1717
2018-01-25,457.0000,457.0000,449.6000,449.6500,17192
2018-01-26,450.1950,454.7950,450.1950,450.4000,1492
2018-01-29,447.6500,447.6500,446.5950,446.9500,243
2018-01-30,444.9000,446.4000,441.6000,443.9000,502
2018-01-31,444.9000,446.7500,441.8000,442.2500,5651
2018-02-01,441.4000,442.8500,441.4000,441.4000,165
2018-02-02,435.9500,435.9500,435.8000,435.8000,156
2018-02-05,431.4000,431.4000,428.4000,431.4000,848
2018-02-06,420.9000,426.3500,419.5000,424.4900,695
2018-02-07,423.5000,425.2000,421.0500,425.2000,241
2018-02-08,420.0000,420.0000,414.1000,414.1000,543
2018-02-09,412.9000,415.0000,408.8500,409.1500,503
2018-02-12,411.0000,413.1000,410.9000,412.2000,1150
2018-02-13,412.1000,412.9500,411.4950,412.9500,960
2018-02-14,414.2950,414.2950,414.2950,414.2950,31
2018-02-15,421.1050,421.7700,421.1050,421.1050,250
2018-02-19,424.6600,424.6600,422.3500,422.3500,47
2018-02-20,427.5100,427.5100,424.5000,424.5000,10063
2018-02-21,428.3000,428.7000,425.9000,428.7000,88
2018-02-22,423.1600,423.1600,423.1600,423.1600,46
2018-02-23,427.6050,427.6050,425.6000,427.3050,1921
2018-02-26,427.6000,430.4000,427.5050,430.4000,8082
2018-02-27,430.9000,431.7000,430.5000,430.5000,4936
2018-02-28,427.2950,431.3700,427.2950,428.4000,7006
2018-03-01,425.5500,425.5500,421.8000,421.8000,5095
2018-03-02,417.0000,419.0500,415.2050,416.7000,10879
2018-03-05,418.0000,422.1000,416.4000,422.1000,11232
2018-03-06,426.4000,428.0000,422.3700,422.3700,7836
2018-03-07,422.6000,425.0000,422.6000,424.6000,12608
2018-03-08,425.8000,430.3500,425.6600,430.3500,5495
2018-03-12,436.4000,436.4000,434.3000,434.9000,12145
2018-03-13,434.8000,441.1050,433.8050,433.8050,2355
2018-03-14,434.4000,439.5950,434.3300,438.0050,37933
2018-03-15,441.1000,441.1000,437.0500,440.1000,1849
2018-03-16,437.7000,438.1000,430.5050,430.6950,33200
2018-03-19,431.7000,433.1000,429.8500,430.1000,50641
2018-03-20,429.9050,429.9050,429.9050,429.9050,4182
2018-03-21,430.9000,432.3000,428.8000,432.3000,8043
2018-03-22,430.7000,432.3000,423.2000,423.7000,27719
2018-03-23,421.2400,421.2400,417.7000,419.4500,4541
2018-03-26,421.5000,422.2000,421.5000,422.0000,12871
2018-03-27,420.9832,421.9500,420.9832,420.9832,6810
2018-03-28,421.3000,424.8000,415.8636,424.8000,11551
2018-03-29,424.0000,424.2950,421.4700,423.3000,5071
2018-04-03,418.4600,419.9500,418.4600,418.4600,4865
2018-04-04,415.7637,415.7637,415.0000,415.0000,1933
2018-04-05,419.0000,424.2576,419.0000,424.2576,70138
2018-04-06,416.0000,416.0000,412.8000,414.0000,10201
2018-04-09,415.4500,415.4500,412.9500,413.1000,5225
2018-04-10,414.6000,414.6000,412.7950,414.4950,7747
2018-04-11,411.6950,411.6950,411.6950,411.6950,2548
2018-04-12,410.2000,413.2000,409.1500,413.2000,2641
2018-04-13,415.5000,417.8950,414.4000,416.1000,6467
2018-04-16,418.1000,418.1000,416.4000,417.2500,5954
2018-04-17,417.7000,424.6000,417.7000,424.3000,304423
2018-04-18,425.9000,429.3950,425.9000,428.5000,2716
2018-04-19,428.9000,429.2000,428.0000,429.1000,3875
2018-04-20,429.9000,430.2500,428.0400,429.6000,12311
2018-04-23,430.0000,430.0000,429.2700,430.0000,1576
2018-04-24,427.6000,428.9500,425.7000,426.8000,1914
2018-04-25,423.7400,423.7400,420.8000,422.4000,12539
2018-04-26,423.5000,425.6000,423.2800,425.5750,9102
2018-04-27,426.7000,426.7000,424.9000,424.9000,4224
2018-04-30,426.6000,427.2900,424.3000,425.0000,4200
2018-05-02,427.4000,430.2950,427.1050,430.2950,9373
2018-05-03,441.9000,449.2050,441.9000,441.9000,12510
2018-05-04,444.3000,444.4000,439.1900,442.9200,23338
2018-05-08,446.1000,446.5000,445.1100,445.3000,6885
2018-05-09,447.5500,447.5500,444.4300,445.7950,6091
2018-05-11,448.0000,449.2183,447.2950,447.2950,4675
2018-05-14,446.5000,446.5000,444.6000,444.8000,4444
2018-05-15,443.6000,445.7000,441.2950,441.5950,10501
2018-05-16,441.3000,441.3000,441.3000,441.3000,6382
2018-05-17,444.7000,445.9000,441.9800,445.9000,459
2018-05-18,443.6000,445.3000,441.7000,442.5000,1389
2018-05-22,445.3000,445.8300,444.5000,445.1900,8141
2018-05-23,441.5950,441.5950,437.8800,437.8800,22901
2018-05-24,437.1950,437.1950,436.9950,437.1950,2160
2018-05-25,437.9000,439.1050,435.5400,435.5400,11098
2018-05-29,430.8500,430.8500,430.0500,430.3500,349
2018-05-30,428.5200,428.5200,426.6400,426.7500,2982
2018-05-31,429.5000,434.0000,425.8000,425.8000,2762
2018-06-01,429.9000,435.8800,425.8000,435.8800,814
2018-06-04,437.7000,437.7000,433.7750,434.9050,4572
2018-06-05,434.4000,437.2500,432.9400,434.5500,1108
2018-06-06,436.0500,440.0500,436.0500,438.8100,9582
2018-06-07,440.4950,440.4950,437.7800,439.2000,3206
2018-06-08,437.9424,437.9424,436.4000,437.9424,1800
2018-06-11,442.0000,442.4000,440.2950,442.4000,3738
2018-06-12,442.0000,442.0000,440.5000,440.5000,2657
2018-06-13,439.5000,440.3000,437.9000,438.8750,22920
2018-06-14,436.1000,442.6000,435.9400,442.1000,13597
2018-06-15,438.7750,438.7750,438.3500,438.7750,9957
2018-06-18,436.2000,436.2000,432.6000,435.9000,2361
2018-06-19,429.9000,430.2000,426.6000,427.6700,1964
2018-06-20,429.7000,431.5000,427.9000,430.3000,245
2018-06-22,430.3000,432.1750,430.3000,431.7000,1622
2018-06-25,427.8000,428.7400,424.3500,424.3500,1033
2018-06-26,427.8000,427.8100,426.5000,427.6000,1251
2018-06-27,427.4000,430.4700,423.0000,428.5000,8719
2018-06-28,421.9000,429.9000,421.4100,422.3361,9150
2018-06-29,427.0000,427.7000,424.4000,427.7000,7541
2018-07-02,422.5750,422.5750,421.4000,422.3500,2095
2018-07-03,423.0200,425.4000,423.0200,424.4000,838
2018-07-04,420.7000,420.7000,418.3000,420.5000,4008
2018-07-05,419.1000,420.1000,419.1000,419.3000,2085
2018-07-06,421.0500,422.5000,421.0500,421.6000,258
2018-07-09,428.0000,429.0000,428.0000,429.0000,4285
2018-07-10,433.6700,433.6700,430.8200,433.6700,1011
2018-07-11,429.9750,431.6750,429.9750,429.9750,2245
2018-07-12,431.2750,431.2750,429.9900,431.2750,4478
2018-07-13,434.4000,434.5500,432.8000,434.5500,654
2018-07-16,435.5000,436.5000,435.5000,436.0000,4076
2018-07-17,435.4750,435.4750,435.2435,435.4750,995
2018-07-18,434.9000,434.9000,433.3000,433.3000,2159
2018-07-19,434.6000,434.6000,432.3000,432.9000,1004
2018-07-20,436.5000,436.5000,436.5000,436.5000,501
2018-07-23,437.3800,437.3800,435.2750,435.9050,3015
2018-07-24,438.5000,440.2300,438.5000,438.5000,2773
2018-07-25,434.8000,436.2000,434.6250,434.8000,4412
2018-07-26,438.8000,439.2000,438.8000,438.9000,2804
2018-07-27,439.7000,440.8000,439.1000,440.5000,542
2018-07-30,440.0000,440.5750,439.6750,440.3000,1201
2018-07-31,439.9000,442.1000,439.9000,441.7000,1542
2018-08-02,438.2000,442.2000,438.2000,440.4100,2870
2018-08-03,440.0000,443.5000,440.0000,440.0000,3768
2018-08-06,440.2000,440.2000,440.2000,440.2000,179
2018-08-07,441.3000,444.7507,441.3000,444.7507,5526
2018-08-08,442.5000,443.9000,442.5000,442.7000,8363
2018-08-09,441.9000,441.9000,441.9000,441.9000,551
2018-08-10,437.9950,437.9950,435.8000,436.1000,2352
2018-08-13,437.4000,437.4000,435.1750,437.2000,1927
2018-08-14,429.9000,429.9000,427.9000,429.9000,12742
2018-08-15,427.0000,430.1950,421.9500,422.4000,5610
2018-08-16,427.0000,428.0750,425.7000,428.0750,2199
2018-08-17,428.7500,428.7500,425.8950,428.7500,5350
2018-08-20,430.0750,435.2600,430.0750,433.7000,1897
2018-08-21,434.0000,435.0950,431.2000,434.5750,1547
2018-08-22,433.3000,433.3000,432.5500,433.3000,9611
2018-08-23,436.2000,436.2000,434.2000,434.8800,7436
2018-08-24,436.0500,436.0500,434.9000,434.9000,1981
2018-08-28,442.4000,443.0000,441.9000,441.9000,3485
2018-08-29,443.3000,443.3000,443.3000,443.3000,4319
2018-08-30,444.2500,444.2500,443.6000,443.6000,2976
2018-08-31,442.2000,442.2000,439.7500,440.8000,6097
2018-09-03,440.9000,440.9000,440.9000,440.9000,4110
2018-09-04,441.2900,441.2900,440.8600,440.8600,1347
2018-09-05,440.2000,441.3500,435.8050,435.8050,20792
2018-09-06,435.5500,435.5500,431.6500,431.6500,1997
2018-09-07,433.3000,438.2200,433.3000,435.3000,4565
2018-09-10,436.5000,440.6000,433.8800,439.4000,1946
2018-09-11,439.6750,441.5000,439.6750,441.5000,2222
2018-09-12,443.0000,445.4050,442.1000,444.1000,2648
2018-09-13,443.2000,445.9900,443.2000,445.2500,15496
2018-09-14,446.5000,448.4900,444.4000,448.4900,7937
2018-09-17,448.6000,449.0950,447.3800,449.0950,363
2018-09-18,449.4000,450.2300,447.9700,450.2300,549
2018-09-19,452.1000,455.9700,452.1000,452.8000,6183
2018-09-20,452.9000,454.9750,452.5950,454.9750,5485
2018-09-21,453.9000,456.5000,451.7050,452.2000,103244
2018-09-24,449.5000,453.1000,449.5000,450.0000,12081
2018-09-25,450.4500,452.0500,450.4500,450.4500,9467
2018-09-26,452.1000,452.1000,449.9900,452.0500,2166
2018-09-27,452.1000,454.8000,450.0000,453.0231,1692
2018-09-28,454.1000,455.7800,454.0000,455.4000,2048
2018-10-01,454.3000,458.2000,454.3000,457.2000,22330
2018-10-02,453.9000,453.9000,451.6000,452.8000,42433
2018-10-03,455.7000,455.7000,455.0300,455.7000,3425
2018-10-04,452.9000,454.6000,450.5000,450.6000,7057
2018-10-05,450.2000,453.2500,450.0000,453.2000,11796
2018-10-08,452.5000,453.0800,443.2000,445.2500,5452
2018-10-09,442.1950,446.2000,442.1950,444.8402,5743
2018-10-10,442.7000,442.7000,432.0000,432.6600,26025
2018-10-11,429.7000,429.7000,425.2200,426.8100,10073
2018-10-12,430.5750,430.5750,427.1000,427.2500,6114
2018-10-15,425.2000,425.2000,421.6000,424.8000,4055
2018-10-16,423.8000,431.0000,423.8000,431.0000,22537
2018-10-17,434.2000,435.3000,432.5500,433.6000,6906
2018-10-18,432.4000,435.0500,430.9000,430.9000,7077
2018-10-19,430.3000,432.2000,427.1000,429.6000,56444
2018-10-22,432.4000,432.8750,426.3950,427.0000,27739
2018-10-23,420.6500,420.6500,415.1000,418.4000,17015
2018-10-24,419.6000,424.4000,417.7000,417.7000,5881
2018-10-25,417.8000,419.8000,412.5000,418.5000,25676
2018-10-26,415.5000,420.3000,413.5750,420.3000,2957
2018-10-29,420.9000,424.1000,420.3000,420.7500,7285
2018-10-30,395.0000,402.5000,374.6950,380.2000,19031
2018-10-31,389.9000,396.9000,389.0700,394.3000,58947
2018-11-01,397.5000,399.4000,390.2600,391.6950,10500
2018-11-02,397.5000,400.8000,392.6000,393.0000,8662
2018-11-05,391.6000,391.6000,382.8000,384.1950,24836
2018-11-06,385.6000,387.1000,384.4000,384.6000,13131
2018-11-07,385.8000,388.3000,385.1900,385.1900,17327
2018-11-08,389.9000,390.6000,385.2000,386.2000,10556
2018-11-09,386.2000,386.2000,384.3900,385.5000,25022
2018-11-12,386.7000,386.7000,384.2600,384.3600,13904
2018-11-13,387.5000,387.5000,382.2000,385.7000,3370
2018-11-14,386.3800,386.3800,381.1000,385.6000,3818
2018-11-15,385.3000,385.3000,380.5000,380.6000,7549
2018-11-16,385.0000,385.8000,380.6000,381.2600,5558
2018-11-19,383.6050,383.6050,377.9000,378.2000,6215
2018-11-20,377.0000,378.7000,372.8950,377.9000,1904
2018-11-21,377.6000,381.6000,377.1000,381.6000,6205
2018-11-22,384.1000,384.1000,379.8000,383.1000,29453
2018-11-23,384.0000,384.0000,380.6050,383.3000,2755
2018-11-26,385.8000,390.5000,385.8000,388.8000,6229
2018-11-27,385.0000,385.9400,383.7000,384.8000,4483
2018-11-28,385.0000,386.9300,384.5000,385.0615,5066
2018-11-29,388.0600,392.5000,388.0600,391.2000,9564
2018-11-30,392.0000,396.1000,388.1000,390.4000,14268
2018-12-03,397.2200,397.2200,394.2050,396.7000,15500
2018-12-04,391.5000,391.5000,384.5000,387.7000,7333
2018-12-05,382.3000,385.6600,381.8000,384.4000,15807
2018-12-06,381.8000,381.8000,375.2500,376.0000,18770
2018-12-07,378.4000,383.8000,378.4000,378.4000,3112
2018-12-10,377.0600,377.0600,373.6400,373.9000,7909
2018-12-11,378.0000,382.2000,377.6300,380.0000,5124
2018-12-12,380.1000,386.3500,380.0800,386.3500,6905
2018-12-13,387.5000,387.5000,385.2000,385.2900,4965
2018-12-14,381.1700,381.1700,378.8600,379.7000,10596
2018-12-17,377.4000,378.8750,373.2400,374.4000,12252
2018-12-18,377.2000,380.0000,374.3000,375.9000,4386
2018-12-19,374.9000,380.4600,374.6000,376.8000,7592
2018-12-20,372.1000,377.6000,372.0000,375.2000,10391
2018-12-21,374.7000,379.3600,374.3800,376.8000,11234
2018-12-27,380.1000,383.7000,367.8000,368.1000,11084
2018-12-28,377.2746,382.4000,377.2746,381.8000,9840
2019-01-03,377.6000,378.3000,373.3000,374.4000,18822
2019-01-04,376.6000,382.8000,375.0000,382.8000,18689
2019-01-07,385.3000,385.3000,380.9000,381.8600,13501
2019-01-08,370.4000,370.4000,362.2000,368.7050,10941
2019-01-09,372.5000,374.2000,369.8000,371.9000,26240
2019-01-10,371.2750,371.2750,368.2600,371.0000,7514
2019-01-11,372.4000,374.4400,372.4000,372.7000,13957
2019-01-14,366.7600,366.7600,354.3000,364.8950,11592
2019-01-15,360.0000,363.5000,359.4600,361.3000,37636
2019-01-16,361.3000,366.4000,361.3000,365.7000,52567
2019-01-17,372.8000,379.2000,372.8000,377.1050,41872
2019-01-18,380.1000,386.3000,379.2000,386.1000,23215
2019-01-21,385.7800,394.6000,385.7800,394.6000,19171
2019-01-22,393.2300,393.2300,387.4000,388.1000,15493
2019-01-23,381.9000,385.4750,379.7000,384.9000,21206
2019-01-24,386.2000,386.2000,383.8000,385.2000,10960
2019-01-25,388.9000,390.6000,388.3000,388.3000,14218
2019-01-28,384.8000,388.1000,384.8000,387.8000,1331
2019-01-29,386.6000,387.8000,384.5000,386.0000,43494
2019-01-30,387.7000,387.7000,384.6000,386.6004,29312
2019-01-31,386.5000,388.8000,386.5000,387.3080,10457
2019-02-01,387.8000,390.2000,387.8000,388.3000,4243
2019-02-04,387.2000,390.9000,387.2000,389.1000,6978
2019-02-05,391.7000,397.3000,390.0000,397.3000,15076
2019-02-06,397.3000,397.3000,395.9000,396.1000,4483
2019-02-07,395.8000,395.8000,389.7250,390.0000,17523
2019-02-08,388.7000,389.4400,384.1000,384.1000,12439
2019-02-11,389.9000,391.4000,388.4000,390.9000,19523
2019-02-12,392.4000,393.1600,391.6400,392.5000,5146
2019-02-13,392.0000,393.7000,391.0000,392.2000,15737
2019-02-14,393.2500,393.2500,390.9500,391.8000,3911
2019-02-15,391.5000,395.8000,390.7000,395.0000,1012
2019-02-18,396.3000,396.3000,393.4000,394.5000,37601
2019-02-19,394.6000,397.1500,393.9000,393.9000,18937
2019-02-20,397.9000,399.1000,395.4000,397.6000,19866
2019-02-21,400.0000,403.5000,398.8000,401.5000,11543
2019-02-22,402.2000,406.6000,402.2000,403.7000,5089
2019-02-25,406.3000,406.3000,403.7600,404.6000,2668
2019-02-26,405.3000,409.2000,405.3000,408.2000,10227
2019-02-27,403.6000,403.6000,399.0000,400.1000,25195
2019-02-28,400.6000,400.6000,398.4000,398.4000,15335
2019-03-01,402.4000,406.1000,400.4000,404.2000,14377
2019-03-04,407.8700,407.8700,405.7000,405.9000,18750
2019-03-05,402.8000,406.4000,401.8000,402.2000,14544
2019-03-06,402.3000,405.7000,402.3000,403.7000,9432
2019-03-07,405.9000,407.2500,403.1000,403.8000,16570
2019-03-08,403.8000,404.1000,399.8500,403.0000,15251
2019-03-11,403.2000,407.9000,400.8000,407.9000,29212
2019-03-12,409.8000,410.9600,397.5200,401.0000,33335
2019-03-13,397.9000,403.0000,396.9000,402.6000,34235
2019-03-14,404.9000,414.9000,404.6000,414.1000,52544
2019-03-15,412.8000,415.4000,412.8000,415.4000,106246
2019-03-18,415.5500,415.5500,413.4000,413.6000,24679
2019-03-19,418.6000,418.6000,415.1800,418.1000,14394
2019-03-20,418.3800,418.3800,415.4000,416.1000,45580
2019-03-21,412.4000,415.6000,412.4000,415.0000,4630
2019-03-22,415.5100,415.5100,405.9000,406.0000,14370
2019-03-25,402.4000,405.6000,401.7000,405.3000,13145
2019-03-26,404.9000,406.6700,402.0000,404.4000,35254
2019-03-27,405.9000,405.9000,401.6000,402.3000,47426
2019-03-28,407.0000,407.0000,403.9000,405.6000,17982
2019-03-29,408.7000,408.7000,405.9000,406.9000,19331
2019-04-01,409.0750,411.2000,407.9000,410.7000,29405
2019-04-02,410.3400,411.3800,408.7000,409.9000,73217
2019-04-03,413.0000,413.8000,409.7000,412.0000,4581
2019-04-04,411.2000,413.9600,411.2000,412.7000,17917
2019-04-05,406.0500,407.8500,404.7500,406.0000,15112
2019-04-08,405.3200,406.8000,404.0600,406.5750,6834
2019-04-09,405.6750,409.3800,405.6750,407.9000,13556
2019-04-10,407.0500,410.6000,407.0500,409.5500,17083
2019-04-11,409.2700,411.3000,408.3000,411.0200,22224
2019-04-12,410.3700,412.7000,410.1000,411.0000,9917
2019-04-15,411.8800,412.6000,411.5400,412.0285,18555
2019-04-16,413.3500,415.8000,413.3500,415.8000,37604
2019-04-17,417.7800,420.4000,417.7750,420.1000,30179
2019-04-18,420.1500,421.3000,417.9000,421.1200,38882
2019-04-23,421.6800,423.8400,419.8000,419.9000,46761
2019-04-24,423.5500,425.8700,422.9400,425.5900,6386
2019-04-25,424.3250,424.9000,422.1900,423.1000,21489
2019-04-26,423.2250,425.7000,423.2250,425.7000,17472
2019-04-29,426.4250,426.6250,422.3000,426.3000,8175
2019-04-30,425.6750,428.4000,425.6750,427.3000,20485
2019-05-02,449.7500,462.8000,449.7500,457.2000,82315
2019-05-03,454.5000,461.4000,454.5000,459.8000,20279
2019-05-07,460.3000,462.2800,457.2000,458.6000,24608
2019-05-08,457.8500,460.9750,457.3000,460.0000,12111
2019-05-09,456.7000,456.7000,450.7000,451.0000,21531
2019-05-10,457.2923,457.5400,451.1000,452.0000,17065
2019-05-13,453.2600,453.3600,444.8400,445.5000,7763
2019-05-14,450.2000,450.3200,445.8800,446.6000,8131
2019-05-15,449.9000,450.0000,445.1000,450.0000,5058
2019-05-16,450.8750,456.3000,449.8750,456.3000,23661
2019-05-17,454.0000,454.6000,453.0000,454.4000,16258
2019-05-20,453.2250,456.2000,451.5000,454.1000,47787
2019-05-21,453.8000,456.0000,453.2400,456.0000,34453
2019-05-22,458.2000,460.5900,456.5000,458.4000,19748
2019-05-23,453.9000,455.4000,449.7000,449.7000,40138
2019-05-24,451.2000,451.2000,445.9900,449.5000,12736
2019-05-28,449.6000,449.6000,445.9000,448.4000,6878
2019-05-29,446.5700,446.5700,441.4000,442.6000,21132
2019-05-31,441.4500,444.8900,439.4750,439.7302,18085
2019-06-03,439.0200,443.2000,438.3000,443.2000,12069
2019-06-04,441.6500,444.3000,441.6500,443.3000,11233
2019-06-05,443.4400,451.0000,443.4400,449.3200,42119
2019-06-06,450.5000,451.9000,446.3000,446.3000,13606
2019-06-07,449.2750,454.8000,449.2750,453.4000,7971
2019-06-11,454.5800,460.9000,453.1400,458.1000,10672
2019-06-12,457.0000,462.9000,456.7000,460.5000,15478
2019-06-13,461.8800,464.0750,460.6200,462.8000,10736
2019-06-14,461.7400,464.1000,460.2000,464.1000,8536
2019-06-17,463.7000,464.1000,459.5000,459.5000,24746
2019-06-18,457.5250,466.9000,457.5250,466.9000,3823
2019-06-19,463.7750,464.7000,461.8000,462.6000,14603
2019-06-20,465.0000,465.0000,461.0000,463.0000,14200
2019-06-21,460.6750,462.5250,457.6000,459.2000,42293
2019-06-24,461.9600,462.8000,457.2000,458.7000,9325
2019-06-25,455.2000,458.3900,455.2000,458.3000,6531
2019-06-26,456.8700,459.5000,456.3000,458.9000,6641
2019-06-27,458.1000,459.5000,452.0000,453.7000,6161
2019-06-28,453.4000,456.4000,453.2000,455.1000,12118
2019-07-01,461.0000,465.0600,459.8000,460.5000,13520
2019-07-02,460.4000,460.4000,455.8100,460.0000,8856
2019-07-03,460.3000,462.4000,458.8750,460.7000,4984
2019-07-04,460.8000,461.1000,459.3250,460.0000,5136
2019-07-05,457.7750,458.9600,457.1250,457.8761,32714
2019-07-08,458.2750,459.6000,457.2000,458.4000,2989
2019-07-09,458.0000,458.3000,454.0800,457.8000,11692
2019-07-10,456.7000,458.2000,454.5750,456.0000,10326
2019-07-11,457.0000,457.0000,453.8900,455.2000,35440
2019-07-12,457.6600,458.1750,456.3750,457.2800,14781
2019-07-15,459.8800,460.2000,456.9000,460.1000,17588
2019-07-16,459.7000,463.0000,458.1000,459.7000,26115
2019-07-17,463.4000,466.2000,461.6000,461.6000,12174
2019-07-18,459.9750,462.0750,459.7200,461.8000,6505
2019-07-19,462.9000,463.2250,460.3000,461.7800,4384
2019-07-22,458.4000,459.7000,457.3000,458.4900,5450
2019-07-23,459.6000,461.5000,459.5000,459.6000,23232
2019-07-24,460.2000,460.7300,457.5000,458.7000,7136
2019-07-25,460.5000,462.3750,457.7000,458.9000,1870
2019-07-26,460.4000,464.2000,460.4000,463.5800,5604
2019-07-29,461.9250,464.7100,461.9250,464.6900,3934
2019-07-30,463.0000,463.0000,458.4600,460.3000,7904
2019-07-31,461.6200,461.6200,459.3000,459.5000,63005
2019-08-02,454.7400,456.2600,451.7000,453.9800,13877
2019-08-05,446.7000,448.0000,443.0600,445.2000,4228
2019-08-06,443.1000,445.8000,441.9000,442.3000,13516
2019-08-07,441.2300,447.4000,440.5750,443.1989,2464
2019-08-08,443.0800,443.0800,437.0000,442.2000,23165
2019-08-09,441.2500,441.3750,435.7000,437.1750,3646
2019-08-12,442.1000,442.1250,434.7800,436.4800,14043
2019-08-13,431.7000,441.0750,431.7000,438.5500,9874
2019-08-14,435.7000,436.1750,429.1000,429.1000,21391
2019-08-15,432.8000,436.3400,424.7680,432.8000,24902
2019-08-16,431.1000,435.0000,430.6000,434.6000,12166
2019-08-19,437.2600,438.2000,433.3800,435.2000,26232
2019-08-20,435.5000,438.0800,434.8000,435.9000,6987
2019-08-21,436.2600,442.2800,436.2000,441.5000,9402
2019-08-22,442.0000,442.0000,439.4000,439.4000,69746
2019-08-23,443.8000,444.6000,439.3600,440.0600,10707
2019-08-27,438.2750,441.3500,435.6500,439.9000,8960
2019-08-28,439.8250,440.3100,437.1500,439.6000,7480
2019-08-29,439.1100,446.2000,439.1100,446.2000,5178
2019-08-30,448.4000,453.5000,448.4000,450.1000,3811
2019-09-02,451.6000,451.6000,448.7600,449.7000,3197
2019-09-03,448.2000,449.9000,445.6000,449.3000,5799
2019-09-04,450.3400,452.5250,450.0600,450.7600,3201
2019-09-05,454.7300,457.3000,454.7300,456.7900,3977
2019-09-06,458.8000,462.2000,458.8000,462.0209,6588
2019-09-09,464.0400,465.9000,463.0250,463.9600,4409
2019-09-10,463.0000,465.2000,462.8000,463.0000,22246
2019-09-11,468.7500,479.3000,468.7500,477.8000,22582
2019-09-12,481.4600,483.3000,477.2000,478.5000,12644
2019-09-13,478.6000,478.7000,477.2000,477.7000,20028
2019-09-16,476.9000,478.8250,474.9000,475.2000,7368
2019-09-17,475.0000,475.8000,473.0000,474.9000,21238
2019-09-18,476.8250,481.2900,476.8250,481.2900,6333
2019-09-19,481.4000,481.8000,478.3000,479.2000,12810
2019-09-20,479.3800,479.8750,476.5000,479.3000,32122
2019-09-23,477.4000,477.4000,471.0000,472.9000,24030
2019-09-24,473.6200,473.6200,471.9000,471.9000,7140
2019-09-25,470.5600,470.5800,467.6000,470.4800,11259
2019-09-26,472.3000,475.4000,472.3000,474.2000,9933
2019-09-27,475.7250,476.4750,473.9250,475.0000,3526
2019-11-25,530.3500,534.4000,529.5400,533.4000,125545
2019-11-26,534.7000,541.8000,534.0800,538.8240,8829
2019-11-27,543.2500,543.4000,539.1000,542.4000,15554
2019-11-28,541.7500,542.0000,533.4000,540.0000,2173
2019-11-29,538.6400,540.6000,536.7500,538.6000,12728
2019-12-02,537.5500,538.6000,530.8000,531.2000,6906
2019-12-03,534.4000,535.6000,529.8500,531.6000,17778
2019-12-04,532.4000,538.8000,532.4000,537.8000,13622
2019-12-05,539.4000,542.2000,537.8000,539.8000,7798
2019-12-06,541.3000,547.4000,539.2000,547.0000,31616
2019-12-09,546.0000,548.4000,544.2000,544.2000,6247
2019-12-10,541.8000,545.2000,539.3600,544.0000,9663
2019-12-11,539.3000,545.0000,539.3000,544.4000,5303
2019-12-12,543.6500,546.5500,541.2500,545.2000,6672
2019-12-13,547.0000,547.2000,540.4000,541.6000,10942
2019-12-16,543.6000,547.6000,539.8000,539.8000,5185
2019-12-17,546.1500,546.6304,541.5600,543.6000,3463
2019-12-18,544.7600,545.9600,540.8000,541.2000,11233
2019-12-19,542.0000,545.3800,539.9500,541.2000,18908
2019-12-20,541.9500,542.1250,537.1250,541.0000,6895
2019-12-23,541.6000,545.2500,541.0000,541.0000,5467
2019-12-27,548.2000,550.4000,544.7000,548.6000,7543
2019-12-30,551.0000,551.0000,543.2000,543.2000,1280
2020-01-03,539.5500,547.5000,539.5500,546.0000,10179
2020-01-06,540.9500,543.6000,538.2000,541.2000,13919
2020-01-07,547.5000,547.5000,542.8500,543.8000,7838
2020-01-08,540.1500,542.0000,540.0500,541.5500,6859
2020-01-09,546.3750,546.6000,542.3000,546.5600,5573
2020-01-10,548.8000,548.8800,544.8000,545.1600,2810
2020-01-13,543.2000,543.2000,534.1800,537.2000,5262
2020-01-14,538.4000,543.4000,534.6000,543.4000,5819
2020-01-15,544.6000,545.0000,540.2000,543.8000,14214
2020-01-16,515.4600,519.6000,511.0000,514.8000,13939
2020-01-17,517.6000,524.8000,515.2000,519.6000,14148
2020-01-20,515.6000,516.2000,512.0000,514.2000,15298
2020-01-21,512.4000,518.8000,512.2000,518.8000,12967
2020-01-22,520.8000,522.2000,519.4000,519.6000,9158
2020-01-23,519.0400,520.2000,514.8000,515.2000,6906
2020-01-24,521.0000,524.7000,519.8000,523.8000,8441
2020-01-27,521.6000,522.0000,516.3000,518.0000,23126
2020-01-28,521.3000,521.4000,514.8000,519.4000,11483
2020-01-29,519.0000,521.6000,519.0000,521.4000,5352
2020-01-30,519.4000,519.4000,513.2000,515.4000,7928
2020-01-31,521.8800,521.8800,509.2000,509.2000,12683
2020-02-03,510.5800,513.2000,509.8000,513.2000,4535
2020-02-04,515.2000,519.8000,515.2000,518.6000,16696
2020-02-05,519.8000,526.4500,519.8000,526.2000,6790
2020-02-06,531.0000,531.0000,524.0000,525.8000,6537
2020-02-07,526.2000,526.2000,521.0000,522.4000,4832
2020-02-10,519.8000,526.6000,519.8000,522.8000,4086
2020-02-11,530.0000,530.0000,528.3032,528.8000,7169
2020-02-12,529.1200,530.3800,526.9600,527.4000,14169
2020-02-13,529.2500,529.2500,523.0000,526.8000,6223
2020-02-14,528.2000,528.4000,522.9000,524.6000,16063
2020-02-17,525.8000,526.5600,523.0000,524.2000,4408
2020-02-18,523.9200,524.2000,519.3600,519.6000,7097
2020-02-19,523.2000,535.8000,523.2000,535.8000,9663
2020-02-20,534.6000,539.8400,534.3000,535.0000,7948
2020-02-21,532.0000,542.0000,531.9500,538.4000,14739
2020-02-24,527.0000,528.2000,513.4000,515.0000,21197
2020-02-25,519.4000,519.4000,507.6000,515.0000,8503
2020-02-26,505.6000,510.9000,493.8000,510.8000,8974
2020-02-27,503.0000,507.6000,493.7000,495.9000,3661
2020-02-28,484.3000,494.9000,473.4000,479.0000,16110
2020-03-02,485.2750,493.3000,478.6000,486.2599,24572
2020-03-03,498.6000,508.2000,496.9600,500.2000,24922
2020-03-04,499.9000,505.6000,498.1000,498.8000,23791
2020-03-05,507.0000,508.0000,491.5000,497.2000,24476
2020-03-06,488.8500,489.8000,478.3300,479.3000,29189
2020-03-09,459.6000,463.5000,451.3000,459.1000,8114
2020-03-10,454.4900,467.6000,452.5000,458.0000,31534
2020-03-11,453.9000,453.9000,440.2000,443.6000,16243
2020-03-12,420.0000,420.4000,395.7000,396.3000,4426
2020-03-13,404.3000,427.4000,394.7000,400.1000,59971
2020-03-16,381.5500,389.5000,365.7000,386.9000,24742
2020-03-17,392.1000,398.0000,379.0000,398.0000,20936
2020-03-18,382.7000,407.6500,379.7000,400.1891,23007
2020-03-19,401.6500,410.9000,387.7000,401.7511,19229
2020-03-20,441.3000,441.3000,411.7000,411.7000,47603
2020-03-23,400.8250,407.3000,392.8000,393.6000,25920
2020-03-24,398.4000,430.7000,388.2000,430.7000,83076
2020-03-25,440.6000,448.4000,418.4000,430.8000,8580
2020-03-26,430.6000,445.4000,420.6000,445.4000,116702
2020-03-27,438.7000,442.8000,425.5000,425.5000,27900
2020-03-30,429.4000,429.5000,411.8000,414.9000,87806
2020-03-31,428.8000,431.1000,425.0000,426.0000,13826
2020-04-01,417.5000,417.5000,405.4000,410.0000,87649
2020-04-02,414.4250,419.6000,408.8000,412.7000,38518
2020-04-03,403.4200,406.2000,400.0900,403.5000,9071
2020-04-06,414.3700,414.3700,398.1000,404.0000,7913
2020-04-07,408.1000,412.0000,404.8000,408.4000,20768
2020-04-08,404.9500,410.3000,403.2000,410.0000,69233
2020-04-09,415.3000,417.8000,405.8000,406.3000,7163
2020-04-14,412.6000,415.5000,409.2000,411.8000,24989
2020-04-15,410.9000,410.9750,400.8000,400.8000,208469
2020-04-16,404.0800,404.0800,398.7000,403.8500,58256
2020-04-17,403.9000,412.7000,403.6000,404.0002,57527
2020-04-20,413.6000,413.6000,406.9000,408.5000,6248
2020-04-21,403.1000,404.2000,399.1000,403.5000,10639
2020-04-22,399.6000,413.5000,399.3000,406.8000,19838
2020-04-23,407.2500,409.9000,405.7000,406.9000,18216
2020-04-24,402.5000,403.0000,399.8000,403.0000,11468
2020-04-27,410.5000,414.0000,406.6000,414.0000,25499
2020-04-28,414.5000,423.6000,413.8000,423.0000,20682
2020-04-29,424.2650,428.8000,420.3000,422.7000,38467
2020-04-30,435.1000,447.6000,433.1000,433.1000,45265
2020-05-04,420.0000,421.1000,403.9000,409.3578,26874
2020-05-05,407.7000,412.8000,406.9000,412.7946,25296
2020-05-06,414.5000,423.3000,414.5000,421.1000,29421
2020-05-07,421.0000,423.1000,421.0000,422.9000,21800
2020-05-11,434.6000,436.3000,430.0000,434.0000,23951
2020-05-12,432.9500,441.0000,432.5000,439.1000,25942
2020-05-13,435.5000,435.8000,430.9000,431.1000,36991
2020-05-14,429.4000,430.1000,419.5000,427.8000,22752
2020-05-15,430.5000,432.9500,427.0000,429.6000,47305
2020-05-18,436.5000,449.0000,436.5000,448.9000,30734
2020-05-19,454.6000,459.7000,454.6000,457.0000,14749
2020-05-20,453.7000,462.6000,453.4000,461.2000,3548
2020-05-22,456.6000,460.4100,456.4000,459.6000,70307
2020-05-26,469.6300,471.2000,465.0750,470.1000,13215
2020-05-27,469.6750,470.5000,462.5000,465.6622,13465
2020-05-28,467.7000,472.6250,466.5000,470.9000,19904
2020-05-29,469.1400,471.0000,465.1000,467.3000,7736
2020-06-02,472.5000,473.2000,467.2000,468.9000,14998
2020-06-03,475.2000,485.8000,475.0000,477.6000,11623
2020-06-04,482.4000,484.0300,475.8000,479.5000,10046
2020-06-05,478.5000,480.0000,472.5000,479.7000,3911
2020-06-08,476.8000,482.9000,476.3800,480.3000,5772
2020-06-09,478.0000,478.3500,468.5000,472.0000,7429
2020-06-10,475.7000,475.7000,467.3100,469.9000,11066
2020-06-11,460.6200,461.2000,451.5000,451.5000,10465
2020-06-12,445.2500,458.3800,445.2500,453.5300,3423
2020-06-15,445.2000,455.4000,443.7000,451.1000,7832
2020-06-16,463.0000,473.2000,463.0000,471.3200,5096
2020-06-17,467.7400,476.8000,453.1082,474.4000,344602
2020-06-18,473.6000,475.8500,471.5000,473.2000,13749
2020-06-19,472.9000,476.7100,468.7000,472.4000,12335
2020-06-22,475.4000,475.4000,469.2700,471.0000,15668
2020-06-23,474.4000,474.4000,468.5000,473.9000,16310
2020-06-24,471.5000,475.0800,465.5000,466.3000,4683
2020-06-25,458.2000,464.1600,457.2000,460.8000,12743
2020-06-26,468.7000,470.9000,465.5000,466.2000,1542
2020-06-29,469.7000,472.2000,467.3000,471.5000,3101
2020-06-30,474.1000,474.4000,466.9000,474.2000,10081
2020-07-01,475.6000,483.6000,475.3000,479.5000,13368
2020-07-02,479.6000,485.0000,479.6000,485.0000,2136
2020-07-03,486.4000,487.9000,479.8000,480.3000,115911
2020-07-06,490.7000,497.3000,478.7000,483.4000,12210
2020-07-07,487.4000,494.8000,483.4000,485.5000,11242
2020-07-08,482.6000,485.5000,480.8000,481.4000,3803
2020-07-09,485.9000,488.3000,481.2000,482.4000,24829
2020-07-10,480.4000,484.9000,480.4000,484.3000,3325
2020-07-13,485.9000,487.9000,482.4000,485.5000,17541
2020-07-14,481.9000,485.6000,477.7000,485.6000,7577
2020-07-15,491.2000,491.2000,482.4000,487.5000,48820
2020-07-16,486.6000,502.0000,486.4000,501.0000,8706
2020-07-17,503.6000,503.6000,498.7000,500.8000,10474
2020-07-20,497.5000,508.4000,497.1000,508.0000,12635
2020-07-21,510.8000,510.8000,507.0000,509.0000,5321
2020-07-22,508.0000,510.2000,507.4000,508.0000,1998
2020-07-23,508.6000,510.8000,507.2000,509.4000,4968
2020-07-24,504.4000,506.4000,503.2000,504.8000,3172
2020-07-27,505.8000,516.4000,505.0000,516.4000,7243
2020-07-28,516.6000,517.2000,509.6000,512.8000,14780
2020-07-29,512.8000,517.6000,512.0000,517.6000,3558
2020-07-30,516.2000,516.2000,505.0000,508.8000,23568
2020-07-31,508.8000,511.2000,502.6000,503.2000,4239
2020-08-03,503.0000,517.4000,502.4000,516.0000,4873
2020-08-04,518.6000,518.8000,509.4000,511.8000,30080
2020-08-05,513.0000,516.6000,513.0000,513.8000,4361
2020-08-06,514.2000,518.8000,513.2000,515.4000,30048
2020-08-07,514.8000,517.8000,512.8000,515.6000,1996
2020-08-10,517.8000,517.8000,512.8000,513.2000,2871
2020-08-11,517.0000,519.0000,515.0000,515.6000,9124
2020-08-12,515.8000,520.0000,515.8000,519.6000,2859
2020-08-13,522.4000,523.2000,520.2000,523.2000,2190
2020-08-14,520.0000,520.0000,514.0000,514.8000,4289
2020-08-17,515.0000,519.4000,514.6000,519.4000,8267
2020-08-18,521.8000,533.2000,520.4000,520.8000,7247
2020-08-19,520.6000,525.0000,518.2000,524.6000,6421
2020-08-20,520.4000,523.0000,515.8000,519.8000,6839
2020-08-21,520.2000,521.4000,516.0000,520.6000,2015
2020-08-24,527.2000,531.0000,526.8000,527.4000,2297
2020-08-25,526.8000,527.4000,522.0000,522.4000,3664
2020-08-26,517.6000,529.4000,517.0000,528.0000,3611
2020-08-27,528.6000,531.8000,526.6000,526.6000,7867
2020-08-28,523.8000,523.8000,520.2000,522.4000,5618
2020-09-01,522.4000,524.6000,516.8000,520.4000,2447
2020-09-02,529.0000,532.8000,527.8000,528.2000,1608
2020-09-03,530.4000,530.8000,512.4000,512.4000,3359
2020-09-04,510.4000,519.4000,507.2000,509.4000,8584
2020-09-07,517.8000,520.0000,517.6000,517.6000,3340
2020-09-08,517.2000,519.8000,512.0000,519.6000,7999
2020-09-09,522.2000,527.4000,521.8000,525.8000,1202
2020-09-10,523.2000,524.0000,518.0000,519.8000,7017
2020-09-11,518.4000,524.0000,518.4000,523.6000,1707
2020-09-14,525.8000,526.0000,523.8000,523.8000,11632
2020-09-15,524.2000,531.0000,524.2000,527.4000,2395
2020-09-16,531.8000,534.2000,530.6000,530.6000,1641
2020-09-17,526.2000,531.4000,526.0000,530.4000,2155
2020-09-18,529.4000,531.6000,524.8000,528.4000,20696
2020-09-21,526.4000,528.4000,518.8000,520.6000,41125
2020-09-22,524.0000,526.0000,520.6000,524.6000,11065
2020-09-23,530.4000,537.4000,524.2000,532.0000,8175
2020-09-24,527.6000,532.6000,527.4000,530.0000,9317
2020-09-25,532.0000,533.8000,527.4000,533.2000,4283
2020-09-28,537.8000,540.0000,536.2000,539.4737,1425
2020-09-29,539.8000,545.6000,538.6000,542.7954,10616
2020-09-30,542.0000,549.4000,540.0000,545.8000,6041
2020-10-01,546.8000,549.8000,543.0000,548.2000,8476
2020-10-02,539.8000,544.0000,538.2000,543.8000,2832
2020-10-05,545.2000,548.0000,544.6000,546.4000,77058
2020-10-06,546.4000,546.4000,541.0000,544.3409,9605
2020-10-07,541.2000,543.8000,539.4000,539.6000,35719
2020-10-08,542.6000,545.2000,541.0000,543.6000,22579
2020-10-09,543.6000,543.8000,540.6000,543.0000,17650
2020-10-12,545.4000,552.2000,545.4000,552.2000,5595
2020-10-13,552.6000,557.8000,552.6000,553.0000,3420
2020-10-14,555.0000,562.0000,552.2000,560.6000,17059
2020-10-15,546.2000,547.0000,539.0000,540.4000,60413
2020-10-16,547.0000,550.8000,544.0000,548.8000,58740
2020-10-19,550.0000,552.0000,546.4000,548.8000,5389
2020-10-20,543.4000,549.2000,541.8000,547.6000,3874
2020-10-21,548.2000,548.2000,537.6000,540.8000,3412
2020-10-22,537.4000,546.6000,537.4000,543.4000,7221
2020-10-23,541.4000,545.6000,540.2000,542.2000,10749
2020-10-26,540.6000,541.4000,533.6000,534.6000,10924
2020-10-27,533.8000,536.0000,531.0000,533.0000,18114
2020-10-28,531.6000,531.6000,521.4000,524.4000,12700
2020-10-29,534.2000,534.2000,520.0000,520.0000,10020
2020-10-30,517.2000,525.8000,517.2000,522.0000,53023
2020-11-02,521.8000,527.8000,520.6000,526.0000,32212
2020-11-03,529.8000,540.6000,529.8000,540.2000,40353
2020-11-04,538.6000,550.4000,535.2000,548.4000,7043
2020-11-05,559.6000,565.8000,559.6000,562.1035,29442
2020-11-06,562.2000,565.2000,558.4000,562.6000,31480
2020-11-09,570.0000,575.6000,552.6000,571.4285,9541
2020-11-10,550.6000,550.6000,536.6000,548.8000,40329
2020-11-11,547.8000,557.8000,546.8000,553.3344,6415
2020-11-12,553.0000,566.2000,553.0000,561.2000,4276
2020-11-13,560.4000,560.8000,557.6000,559.4000,76160
2020-11-16,557.8000,562.6000,556.0000,561.0000,5610
2020-11-17,560.0000,565.4000,560.0000,562.0000,7439
2020-11-18,561.2000,562.6000,558.0000,560.2000,4240
2020-11-19,555.2000,559.2000,554.0000,555.6000,11756
2020-11-20,555.6000,559.8000,555.0000,559.2000,3631
2020-11-23,561.6000,561.6000,555.8000,555.8000,2402
2020-11-24,558.0000,558.0000,544.2000,546.8000,14653
2020-11-25,546.2000,548.4000,541.4000,546.2000,3285
2020-11-26,547.4000,547.6000,542.4000,542.8000,5089
2020-11-27,541.4000,543.2000,540.6000,541.8000,2323
2020-11-30,539.4000,549.8000,539.4000,548.8000,3356
2020-12-01,541.8000,546.0000,540.2000,543.3760,4261
2020-12-02,537.4000,541.4000,527.0000,527.0000,5481
2020-12-03,528.4000,531.2000,524.6000,525.6000,36097
2020-12-04,527.2000,527.6000,522.2000,525.0000,4396
2020-12-07,523.4000,525.0000,522.2000,522.6000,5862
2020-12-08,523.0000,527.6000,522.4000,526.2000,2687
2020-12-09,527.6000,531.4000,526.0000,527.2000,5376
2020-12-10,529.4000,530.8000,525.8000,526.6000,3501
2020-12-11,523.8000,529.0000,523.2000,527.4000,7543
2020-12-14,529.6000,529.8000,524.8000,528.0000,6396
2020-12-15,525.6000,532.0000,525.4000,527.4000,3419
2020-12-16,528.8000,528.8000,522.2000,526.0000,44423
2020-12-17,526.2000,538.6000,526.2000,535.4000,28986
2020-12-18,536.4000,539.6000,535.0000,536.8000,31914
2020-12-21,536.8000,539.2000,531.4000,537.4000,10574
2020-12-22,540.4000,543.2000,538.4000,539.6000,2246
2020-12-23,543.0000,543.4000,537.4000,539.6000,2976
2020-12-29,551.0000,556.0000,550.0000,556.0000,7650
2020-12-30,558.0000,558.4000,553.8000,556.6000,9244
2021-01-04,559.4000,565.4000,556.2000,562.2000,2584
2021-01-05,563.8000,566.8000,559.6000,560.4000,11572
2021-01-06,562.4000,569.4000,559.6000,568.2000,29416
2021-01-07,570.0000,579.6000,570.0000,577.0000,25880
2021-01-08,579.6000,584.8000,578.4000,582.0000,55229
2021-01-11,587.2000,587.6000,581.0000,585.2000,23670
2021-01-12,587.6000,596.0000,587.6000,593.4000,16072
2021-01-13,594.8000,599.2000,586.8000,598.4000,12114
2021-01-14,599.2000,599.6000,565.4000,565.4000,7135
2021-01-15,568.2000,568.2000,555.4000,559.2000,12607
2021-01-18,558.2000,561.4000,557.0000,560.8000,33965
2021-01-19,560.4000,560.4000,557.0000,559.8000,8623
2021-01-20,557.8000,561.8000,552.0000,558.0000,46938
2021-01-21,557.8000,559.8000,555.6000,558.4000,4931
2021-01-22,559.6000,560.6000,555.4000,555.6000,7296
2021-01-25,558.2000,560.0000,550.2000,550.2000,119159
2021-01-26,553.0000,556.6000,550.8000,551.4000,19467
2021-01-27,552.0000,552.0000,544.0000,548.8000,9230
2021-01-28,548.2000,555.0000,544.0000,553.1830,8230
2021-01-29,547.0000,551.8000,546.2000,546.2000,4816
2021-02-01,548.0000,554.4000,548.0000,551.0000,70732
2021-02-02,556.8000,557.0000,554.6000,555.6000,15406
2021-02-03,555.6000,558.2000,553.2000,554.4000,9157
2021-02-04,558.8000,558.8000,553.2000,554.6000,8017
2021-02-05,555.8000,557.8000,548.6000,550.0000,1816
2021-02-08,552.8000,556.2000,552.2000,555.2000,6875
2021-02-09,554.8000,554.8000,551.0000,553.2000,5537
2021-02-10,553.2000,555.6000,548.0000,550.4000,9776
2021-02-11,551.0000,555.4000,551.0000,553.2000,4873
2021-02-12,554.0000,558.2000,553.0000,557.6000,5968
2021-02-15,557.9000,563.2000,557.6000,560.6714,7625
2021-02-16,561.6000,561.6000,556.8000,558.8000,15043
2021-02-17,556.6000,556.6000,550.2000,556.6000,17920
2021-02-18,549.9000,555.4000,547.8000,548.6000,25215
2021-02-19,551.2000,556.0000,551.2000,555.6000,7276
2021-02-22,554.8000,555.6000,550.0000,550.6000,1744
2021-02-23,549.3000,550.4000,529.2000,547.4000,9134
2021-02-24,546.2000,553.0000,546.2000,549.6000,43992
2021-02-25,553.2000,553.2000,546.4000,547.2000,9652
2021-02-26,542.4000,542.4000,536.2000,536.2000,14530
2021-03-01,546.0000,550.6000,542.2000,550.0000,21095
2021-03-02,549.7000,559.8000,548.2000,557.2000,7283
2021-03-03,557.5000,559.6000,554.4000,555.2000,2223
2021-03-04,554.6000,559.0000,553.2000,556.2000,7286
2021-03-05,554.6000,557.4000,551.2000,556.0000,6630
2021-03-08,556.1000,569.6000,554.0000,569.6000,4521
2021-03-09,568.2000,575.0000,564.4000,575.0000,15784
2021-03-10,571.0000,572.4000,557.0000,568.6000,13695
2021-03-11,569.0000,583.6000,569.0000,578.4000,15304
2021-03-12,577.2000,581.8000,573.0000,579.0000,7419
2021-03-15,580.1000,584.0000,576.0000,577.6000,5260
2021-03-16,579.6000,584.6000,579.6000,582.4000,4201
2021-03-17,583.5000,583.8000,578.0000,580.9000,11288
2021-03-18,577.8000,581.3079,577.8000,578.8000,7763
2021-03-19,572.0000,576.6000,572.0000,574.8000,8320
2021-03-22,571.2000,579.6000,571.2000,579.6000,11260
2021-03-23,581.2000,586.6000,581.2000,585.4000,6062
2021-03-24,585.6000,590.0000,584.0000,590.0000,9249
2021-03-25,588.3000,591.0000,584.4000,589.6000,6651
2021-03-26,592.6000,597.2000,592.2000,595.4000,4249
2021-03-29,594.8000,601.6000,594.8000,600.0000,83238
2021-03-30,600.4000,605.0000,599.4000,605.0000,2349
2021-03-31,604.3000,610.2000,600.8000,601.6000,4598
2021-04-01,609.2000,609.2000,603.8000,608.0000,3222
2021-04-06,610.4000,616.2000,610.4000,615.6000,57536
2021-04-07,615.0000,615.8000,613.2000,614.4000,28207
2021-04-08,615.0000,617.4000,614.8000,617.4000,12822
2021-04-09,620.0000,624.4000,616.2000,621.4200,2824
2021-04-12,620.0000,624.2000,618.5722,618.6000,60150
2021-04-13,615.2000,623.0000,615.2000,617.7607,47073
2021-04-14,618.2000,618.2000,612.3500,612.3500,33672
2021-04-15,612.2000,615.8000,612.2000,614.5093,2927
2021-04-16,605.0000,613.6000,604.7758,613.6000,66019
2021-04-19,620.0000,622.6000,612.8000,613.6000,9625
2021-04-20,615.0000,615.4000,606.8000,612.2000,2715
2021-04-21,610.0000,615.4000,607.6000,610.8333,4338
2021-04-22,615.0000,619.6000,615.0000,616.2000,6156
2021-04-23,620.0000,621.8000,615.8000,616.8173,20226
2021-04-26,620.0000,623.4000,620.0000,620.9498,42097
2021-04-27,620.0000,627.6000,617.4000,621.7067,15741
2021-04-28,620.0000,623.4000,619.1691,620.4591,46750
2021-04-29,615.0000,620.0000,610.2000,611.3083,16299
2021-04-30,615.0000,615.3950,600.3099,600.3099,37855
2021-05-04,600.0000,619.4000,600.0000,611.2667,18443
2021-05-05,616.6000,630.0945,616.6000,627.9160,12092
2021-05-06,630.0000,633.0000,627.2000,632.5494,38299
2021-05-07,630.2000,637.0000,630.2000,632.3768,10121
2021-05-10,630.0000,632.0729,621.6000,622.8934,54907
2021-05-11,617.6000,617.6000,607.4000,610.2916,22838
2021-05-12,611.2000,617.6000,611.2000,614.2922,17986
2021-05-14,620.0000,621.8000,617.6000,621.0931,3426
2021-05-17,620.0000,624.0000,618.6000,622.2867,7557
2021-05-18,622.0000,626.8000,622.0000,625.0000,5552
2021-05-19,620.0000,620.4000,614.4000,619.4000,6504
2021-05-20,620.5486,631.2000,620.5486,631.2000,7190
2021-05-21,630.0000,632.8000,629.4000,631.9052,6237
2021-05-25,640.0000,645.0000,638.2000,640.7823,22347
2021-05-26,642.0000,645.8000,642.0000,643.0000,2186
2021-05-27,645.0000,649.6000,640.8000,647.2000,10672
2021-05-28,650.0000,653.8000,646.4000,653.7019,4026
2021-06-01,652.2000,659.4000,652.2000,652.8000,3527
2021-06-02,655.2000,660.0000,655.2000,657.7122,22511
2021-06-03,655.8000,659.2000,655.8000,658.6333,40951
2021-06-04,660.0000,660.6000,657.8000,659.4000,12214
2021-06-07,660.0000,666.8000,656.6000,656.6000,8378
2021-06-08,657.2000,668.0000,657.2000,666.4999,12395
2021-06-09,665.0000,667.4000,663.2000,664.2857,3467
2021-06-10,668.4000,668.4000,662.4000,663.3337,8335
2021-06-11,662.8000,667.0000,662.8000,666.2000,9427
2021-06-14,665.6000,669.6000,665.6000,669.6000,20371
2021-06-15,670.0000,675.4000,670.0000,673.0022,9996
2021-06-16,675.0000,678.0000,673.8000,675.8000,5030
2021-06-17,675.0000,675.2000,667.2000,673.8000,24481
2021-06-18,685.0000,688.8000,675.4000,676.4000,15602
2021-06-21,672.8000,683.6000,672.8000,681.6000,7494
2021-06-22,681.6000,690.6000,681.6000,690.6000,8225
2021-06-23,690.0000,693.2000,688.0000,688.2000,51700
2021-06-24,690.0000,699.6000,688.0000,699.6000,7672
2021-06-25,702.4000,702.4000,697.4000,699.4000,5159
2021-06-28,702.5000,702.8000,698.4000,698.4000,12274
2021-06-29,702.5000,707.4000,699.2000,705.2705,5248
2021-06-30,702.5000,708.6000,694.0000,700.4875,14534
2021-07-01,695.0000,700.4000,688.4000,692.6464,11902
2021-07-02,690.0000,696.4000,689.6000,692.7233,4724
2021-07-05,690.0000,694.6000,689.0000,691.5010,7571
2021-07-06,687.8000,695.6000,687.8000,693.9916,10397
2021-07-07,697.7048,710.8000,697.7048,710.8000,6339
2021-07-08,702.5000,709.8000,702.2000,703.0500,2253
2021-07-09,704.4000,712.2000,704.4000,710.3024,4177
2021-07-12,707.4000,719.0000,707.4000,718.2000,11291
2021-07-13,717.5000,723.8000,715.2000,720.4286,10558
2021-07-14,722.5000,723.4000,716.8000,719.1992,25626
2021-07-15,722.4000,722.4000,716.4000,718.5718,14319
2021-07-16,722.5000,725.2000,718.2000,721.7169,7864
2021-07-19,721.4000,721.4000,710.8000,715.8672,17181
2021-07-20,722.5000,726.0000,716.6000,722.2000,13170
2021-07-21,722.5000,729.2000,721.2000,727.6000,8967
2021-07-22,727.5000,737.2000,727.0000,735.2000,14445
2021-07-23,737.5000,744.6000,736.0000,740.0158,21570
2021-07-26,742.4000,742.4000,732.2000,740.8452,8846
2021-07-27,732.5000,735.6000,728.2000,729.6114,5078
2021-07-28,732.0000,739.8000,732.0000,735.3188,49553
2021-07-29,737.5000,746.4000,734.8000,744.5049,24862
2021-07-30,742.5000,750.0000,738.6000,743.8000,19467
2021-08-02,747.5000,749.8000,740.0000,747.0025,4329
2021-08-03,747.5000,748.2000,743.2000,747.8738,12340
2021-08-04,748.0000,760.6000,748.0000,759.5038,11746
2021-08-05,760.0000,769.4000,760.0000,761.0000,6022
2021-08-06,757.5000,759.4000,751.4000,751.4000,10053
2021-08-09,750.4000,759.6000,750.4000,755.7340,13712
2021-08-10,758.4000,764.8000,758.4000,763.3240,17510
2021-08-11,762.5000,767.4000,760.4000,767.0000,21298
2021-08-12,767.5000,775.0000,767.2000,775.0000,5930
2021-08-13,775.2000,775.2000,770.2000,771.2000,5561
2021-08-16,767.5000,771.4000,763.8000,767.5612,7470
2021-08-17,767.5000,769.8000,764.6000,766.8000,10488
2021-08-18,767.5000,768.0000,763.2000,766.1736,20680
2021-08-19,747.5000,769.6000,736.8000,746.1633,34219
2021-08-20,752.5000,764.8000,744.2000,756.0042,24464
2021-08-23,762.5000,768.8000,759.8000,766.0976,10785
2021-08-24,767.5000,770.0000,757.0000,760.9079,22218
2021-08-25,762.2000,762.2000,751.6000,758.6743,11963
2021-08-26,757.5000,766.6000,754.6000,759.7878,15914
2021-08-27,767.5000,773.6000,766.0000,766.4000,6006
2021-08-31,772.5000,779.8000,765.1617,769.7440,20331
2021-09-01,762.5000,769.6000,760.2000,764.7829,8067
2021-09-02,767.0000,772.4000,767.0000,770.6347,28565
2021-09-03,762.5000,769.4000,754.6000,763.0000,8949
2021-09-06,767.5000,768.4000,764.0000,767.8000,9755
2021-09-07,767.5000,768.6000,762.4000,766.9736,17632
2021-09-08,763.4000,763.4000,756.1223,759.1172,15753
2021-09-09,757.5000,767.6000,755.6000,762.6000,27319
2021-09-10,762.5000,767.2000,758.4000,760.4634,36876
2021-09-13,760.0000,771.6000,760.0000,767.5469,13658
2021-09-14,762.5000,766.4000,759.6000,760.6000,9083
2021-09-15,765.2239,765.2239,751.2000,751.8000,13302
2021-09-16,750.0000,756.6000,750.0000,755.4612,6521
2021-09-17,752.5000,760.6000,745.0000,748.8619,27356
2021-09-20,737.5000,742.6000,735.2000,738.4329,18699
2021-09-21,741.6000,750.0000,741.6000,745.8857,9093
2021-09-22,747.5000,750.2000,737.8000,742.8141,16108
2021-09-23,742.5000,749.2562,739.9000,740.8455,7162
2021-09-24,732.5000,733.0000,717.4000,722.8000,19109
2021-09-27,717.5000,723.0000,696.8000,705.1048,62146
2021-09-28,690.0000,694.4000,676.8000,682.9610,61174
2021-09-29,690.0000,699.6000,688.0000,692.7872,11245
2021-09-30,690.0000,699.2000,687.4000,688.8966,28056
2021-10-01,685.0000,692.0000,680.2000,683.0980,19709
2021-10-04,675.0000,681.2000,672.9350,675.7986,13518
2021-10-05,675.0000,682.8000,672.8000,676.6800,87926
2021-10-06,680.0000,683.6000,668.2000,682.0000,20216
2021-10-07,687.6000,693.6000,687.6000,691.0583,21232
2021-10-08,690.0000,695.2000,683.2000,686.8307,11057
2021-10-11,680.0000,686.3029,679.0377,683.3329,8895
2021-10-12,685.0000,692.6000,675.2000,690.5891,56261
2021-10-13,690.0000,698.0000,686.6000,694.3894,7636
2021-10-14,695.6000,701.4000,695.6000,700.6000,28285
2021-10-15,702.5000,709.0000,699.4000,705.6632,30936
2021-10-18,707.5000,709.6000,702.2000,706.0900,23055
2021-10-19,712.5000,715.6000,707.0000,712.4758,16439
2021-10-20,712.5000,724.4000,712.0000,716.0000,24098
2021-10-21,712.5000,718.6000,709.6000,714.8294,23217
2021-10-22,712.5000,720.6000,711.0000,719.8000,11487
2021-10-25,717.5000,717.6000,710.4000,714.2151,29692
2021-10-26,717.5000,724.2000,712.0000,718.3633,17115
2021-10-27,714.2000,719.4719,714.2000,716.8000,37003
2021-10-28,717.5000,723.0000,712.6000,721.6000,91328
2021-10-29,717.5000,720.8000,710.4000,715.4501,35851
2021-11-01,717.5000,723.4000,717.0000,720.2417,4132
2021-11-02,722.5000,726.0000,717.8000,723.6500,12902
2021-11-03,727.5000,740.8000,708.6000,713.7645,20685
2021-11-04,722.5000,729.8000,715.4000,720.8000,75924
2021-11-05,727.5000,729.8000,715.6000,716.0000,13679
2021-11-08,717.5000,723.8000,716.8000,722.1333,41764
2021-11-09,722.6000,726.4000,722.6000,724.0000,6518
2021-11-10,722.5000,726.2000,716.2000,726.2000,15803
2021-11-11,727.5000,737.6000,723.4000,733.8445,19627
2021-11-12,737.5000,744.4000,732.4000,740.8043,14248
2021-11-15,737.5000,742.1930,734.0000,734.8000,94504
2021-11-16,727.5000,734.0000,715.2000,719.6719,22752
2021-11-17,722.5000,725.0000,717.0000,724.8625,24010
2021-11-18,725.6000,731.6000,725.6000,729.4927,6636
2021-11-19,732.5000,740.4000,730.2000,737.4076,29491
2021-11-22,730.0000,730.0000,718.8000,723.1008,36641
2021-11-23,717.5000,719.4000,695.2000,701.6572,11715
2021-11-24,695.0000,701.4000,689.2000,696.7301,22904
2021-11-25,696.8000,705.6000,696.8000,699.8943,18634
2021-11-26,690.0000,704.6943,685.0000,693.4867,34202
2021-11-29,695.8000,705.4000,695.8000,699.5148,18854
2021-11-30,691.6865,712.0000,691.6865,704.3606,38288
2021-12-01,712.5000,712.8000,700.4000,711.3066,32477
2021-12-02,705.6000,705.6000,696.4000,700.9568,17990
2021-12-03,702.5000,712.8000,701.4000,705.7706,19609
2021-12-06,707.5000,718.6000,707.0000,713.2726,68617
2021-12-07,720.0000,738.2000,720.0000,728.6189,53406
2021-12-08,737.5000,747.4000,736.2000,739.4366,22527
2021-12-09,742.5000,743.0000,734.2000,738.4588,48343
2021-12-10,732.5000,737.8000,725.7063,733.5264,28493
2021-12-13,737.5000,740.6000,733.6000,736.3665,61693
2021-12-14,737.5000,739.0000,717.8000,737.4000,15558
2021-12-15,721.6000,729.4000,721.6000,721.6289,16907
2021-12-16,730.0000,737.2000,730.0000,734.9684,14534
2021-12-17,733.2000,733.2000,716.6000,717.0000,48211
2021-12-20,712.5000,724.6000,705.2000,719.8869,96822
2021-12-21,727.5000,729.8000,715.4000,719.9534,33538
2021-12-22,717.5000,726.0000,716.2000,719.9543,15965
2021-12-23,727.5000,736.9930,723.2000,733.7606,7118
2021-12-29,747.5000,755.4000,746.2000,753.3339,9589
2021-12-30,747.5000,756.4000,745.2000,746.9336,14241
2022-01-04,742.5000,752.0000,731.0000,733.7060,14016
2022-01-05,727.5000,740.9111,727.2000,740.2911,41671
2022-01-06,730.0000,730.0000,713.4000,716.3354,13346
2022-01-07,717.5000,717.8000,702.4000,712.8045,17078
2022-01-10,707.5000,710.0000,679.0000,685.0000,25679
2022-01-11,695.0000,697.8000,687.5140,687.6000,17280
2022-01-12,690.2000,703.6000,690.2000,696.0955,170842
2022-01-13,685.0000,691.6000,664.6000,671.7625,33556
2022-01-14,665.0000,675.7894,649.6000,660.4563,39407
2022-01-17,660.0000,660.8000,649.2000,655.2563,50036
2022-01-18,645.0000,649.2000,638.6000,645.1835,36830
2022-01-19,640.0000,654.2000,638.2000,647.5768,19929
2022-01-20,645.0000,652.2000,633.2000,638.0936,21767
2022-01-21,640.0000,646.2000,635.4000,641.1524,28090
2022-01-24,640.0000,641.0000,614.2000,618.9828,32376
2022-01-25,625.0000,626.4000,613.4000,617.2000,24921
2022-01-26,610.0000,627.6000,609.8000,622.8000,48975
2022-01-27,615.0000,619.0000,603.2000,608.5600,15358
2022-01-28,615.0000,616.4124,607.2000,613.0150,12892
2022-01-31,625.0000,633.0000,624.6000,626.6346,54383
2022-02-01,635.0000,637.4000,619.8000,623.0681,25711
2022-02-02,626.6000,632.8000,626.6000,629.7951,13491
2022-02-03,625.0000,626.2000,614.2000,614.2000,14082
2022-02-04,615.0000,619.4000,605.8000,609.7371,35636
2022-02-07,610.0000,612.0000,604.2000,606.8446,18342
2022-02-08,605.0000,606.0000,591.0000,604.2567,33135
2022-02-09,599.6000,614.2000,599.6000,612.4837,103727
2022-02-10,610.0000,613.8000,603.0000,609.6930,28026
2022-02-11,605.0000,607.2000,600.3100,602.9756,10421
2022-02-14,596.6000,596.6000,589.2000,593.9146,34160
2022-02-15,605.0000,612.4000,594.2000,595.8000,26985
2022-02-16,610.0000,613.6000,605.0000,605.0000,12180
2022-02-17,615.0000,616.0000,606.0000,611.3839,11867
2022-02-18,610.0000,613.6000,598.8000,600.8000,19172
2022-02-21,605.0000,606.0000,590.2000,594.4486,20836
2022-02-22,585.0000,603.8000,585.0000,599.0000,148902
2022-02-23,605.0000,611.8000,602.0000,606.7164,12423
2022-02-24,587.5000,597.0000,578.4000,589.6428,62975
2022-02-25,592.5000,607.0000,592.4000,603.6135,21396
2022-02-28,605.0000,607.4000,598.0000,601.4000,37590
2022-03-01,600.0000,613.8000,590.6000,603.2981,77955
2022-03-02,598.8000,609.0000,598.8000,604.4034,153662
2022-03-03,605.0000,610.8000,602.6000,604.7748,48740
2022-03-04,592.5000,604.4000,580.6000,582.8000,45240
2022-03-07,577.5000,587.6000,565.0000,576.7310,34073
2022-03-08,577.5000,589.0000,560.6000,560.6000,34282
2022-03-09,563.0563,563.0563,537.4000,556.6349,82026
2022-03-10,552.5000,565.3969,548.4000,563.3170,179370
2022-03-11,557.5000,571.0000,548.2000,558.4114,9755
2022-03-14,567.5000,573.8000,559.6000,568.5689,27939
2022-03-15,567.4000,567.4000,558.4000,562.9930,48533
2022-03-16,570.2000,584.0000,570.2000,581.8000,18090
2022-03-17,581.2000,589.8118,581.2000,586.9563,39854
2022-03-18,590.8738,590.8738,582.4000,589.5632,81246
2022-03-21,587.5000,594.2000,585.4000,591.0280,30588
2022-03-22,588.4000,588.4000,578.6000,582.7053,11341
2022-03-23,582.5000,586.6000,572.8000,576.6000,91739
2022-03-24,572.5000,579.4000,567.8000,572.6206,58495
2022-03-25,572.5000,573.6000,557.4000,561.4924,90930
2022-03-28,562.5000,570.6000,562.2000,567.0547,161725
2022-03-29,569.8000,587.8000,569.8000,582.2725,33823
2022-03-30,582.5000,584.0000,574.8000,578.2000,24986
2022-03-31,577.5000,580.4000,571.0000,577.1274,34612
2022-04-01,573.7500,576.0000,569.0000,574.1709,30526
2022-04-04,578.6000,578.6000,570.6000,572.6000,17925
2022-04-05,577.2000,577.2000,565.8000,576.0000,70121
2022-04-06,568.5000,571.6000,550.8000,569.8000,40430
2022-04-07,555.7500,560.4000,551.2000,554.9650,132933
2022-04-08,554.6000,559.2000,554.6000,558.8008,105098
2022-04-11,560.4000,560.4000,551.0000,552.0444,30010
2022-04-12,550.2500,554.4000,547.0000,550.7876,17941
2022-04-13,551.4000,551.4000,543.1185,548.4000,43926
2022-04-14,553.7500,568.4000,552.6000,559.9879,21659
2022-04-19,550.2000,550.2000,542.0000,546.0000,9299
2022-04-20,545.5000,551.6000,545.0000,547.9286,37870
2022-04-21,547.4000,559.0000,547.4000,554.3557,42106
2022-04-22,553.2500,560.0000,549.4000,556.9955,68034
2022-04-25,549.5000,556.6000,545.0000,554.1723,29872
2022-04-26,554.2500,558.6000,541.5729,551.6727,82112
2022-04-27,541.0000,549.6000,536.0000,544.5308,32613
2022-04-28,546.8000,553.6000,546.8000,552.8203,42868
2022-04-29,556.0000,566.8000,556.0000,559.9160,27852
2022-05-03,557.2000,557.2000,539.0000,545.8146,12384
2022-05-04,544.0000,544.2000,524.0000,527.3139,39177
2022-05-05,540.0000,550.6000,533.4000,533.5054,22127
2022-05-06,535.0000,535.0000,511.8000,516.6939,20890
2022-05-09,508.9500,511.0000,497.5000,501.8799,54587
2022-05-10,509.5000,529.4000,504.6000,518.0511,202200
2022-05-11,514.7500,517.6000,504.4000,509.9931,13932
2022-05-12,505.9500,517.0000,495.9000,513.3777,95815
2022-05-13,522.5000,532.2000,517.0000,529.6989,45785
2022-05-16,532.2000,532.2000,523.4000,526.5247,56181
2022-05-17,527.0000,534.8000,522.8000,529.4000,12055
2022-05-18,532.7500,537.0000,522.3582,528.4341,22516
2022-05-19,514.6000,514.6000,499.5000,512.0000,16453
2022-05-20,514.2500,526.4000,513.0000,518.2976,135014
2022-05-23,524.4000,524.4000,515.8000,519.7150,7866
2022-05-24,518.7500,522.0000,513.5743,516.3569,13319
2022-05-25,514.7500,524.4000,512.6000,516.8682,30973
2022-05-27,528.5000,531.8000,522.4000,530.8036,20665
2022-05-30,533.0000,539.2000,533.0000,535.6857,10533
2022-05-31,532.6000,532.6000,524.2000,526.4216,20854
2022-06-01,528.5000,529.8000,520.6000,521.4000,10606
2022-06-07,528.0000,531.0000,523.2000,523.8720,8789
2022-06-08,528.5000,531.2000,522.4000,526.0000,30025
2022-06-09,524.0000,524.0000,516.6000,520.6429,24428
2022-06-10,514.7500,515.0000,502.4000,504.8706,23670
2022-06-13,503.0000,503.0000,484.4000,491.4884,35004
2022-06-14,490.3500,493.1000,471.9764,492.1112,35917
2022-06-15,481.4000,483.2000,475.8000,479.4998,8978
2022-06-16,469.9000,475.5000,454.2000,459.5341,34170
2022-06-17,463.5000,476.7000,460.0000,467.5075,37142
2022-06-20,461.6000,461.6000,452.1000,454.6943,19387
2022-06-21,455.6000,463.1533,455.6000,459.0000,13235
2022-06-22,452.9000,458.5000,447.6000,455.9302,19255
2022-06-23,456.2000,456.2000,449.8000,455.4000,26401
2022-06-24,459.2000,477.2961,457.6000,474.5847,4060
2022-06-27,479.3000,482.7000,470.8000,474.3537,92442
2022-06-28,472.6000,476.8000,469.5000,470.5924,11752
2022-06-29,468.7000,468.7000,458.6000,463.0093,19477
2022-06-30,460.9000,460.9000,446.6000,456.5125,44673
2022-07-01,459.2000,461.5000,451.0000,458.1235,19921
2022-07-04,467.8000,474.9000,467.2000,470.7007,16103
2022-07-05,469.1000,475.0000,457.1000,463.2286,25332
2022-07-06,473.0000,480.3000,472.5000,477.3062,19789
2022-07-07,476.7000,481.6000,474.2000,480.3867,15119
2022-07-08,479.4000,479.4000,471.4000,476.9576,15585
2022-07-11,470.6000,475.2000,470.6000,474.2000,13393
2022-07-12,469.9000,475.9000,464.8000,473.3189,15960
2022-07-13,476.9000,477.8000,465.2533,465.2533,10327
2022-07-14,464.2000,471.2000,462.9000,465.3000,10049
2022-07-15,473.4000,476.4000,471.5048,474.0580,12116
2022-07-18,477.0000,482.7000,476.6000,481.5391,13734
2022-07-19,475.0000,486.9000,474.6000,482.1046,8900
2022-07-20,486.9000,494.8000,483.3000,488.9165,17714
2022-07-21,490.4000,502.8000,490.4000,499.5242,18639
2022-07-22,501.8000,501.8000,492.9000,494.4081,19314
2022-07-25,494.2000,494.2000,487.3000,489.4000,11364
2022-07-26,489.2000,489.2000,479.0000,479.0000,8915
2022-07-27,479.3000,480.8000,473.4000,474.3016,17880
2022-07-28,477.9000,487.0000,477.3000,480.7566,6662
2022-07-29,487.3000,502.8000,485.8000,498.7298,10280
2022-08-02,497.0000,497.0000,484.0000,492.6838,31741
2022-08-03,491.2500,498.3498,488.0000,493.5000,9253
2022-08-04,498.5000,506.6000,498.5000,503.4000,21024
2022-08-05,506.9500,512.6000,487.8000,512.5529,34862
2022-08-08,498.1500,504.2000,492.5000,501.3424,27508
2022-08-09,501.7000,502.0000,484.8000,489.8989,39364
2022-08-10,484.1000,501.2000,478.5000,501.2000,14983
2022-08-11,503.5000,512.4000,499.4000,510.4000,49359
2022-08-12,510.4000,514.0000,505.5747,509.4690,14618
2022-08-15,505.9500,512.0000,504.4000,509.7000,8750
2022-08-16,509.2000,509.2000,495.3000,498.4696,16492
2022-08-17,504.2000,504.2000,495.2604,496.7730,19645
2022-08-18,475.0000,494.4000,469.0000,476.2759,77745
2022-08-19,487.7000,496.3000,478.6000,482.5956,18353
2022-08-22,479.5000,480.2315,471.4000,474.3415,19060
2022-08-23,469.9000,475.8000,465.8000,465.8000,17062
2022-08-24,464.1000,464.1000,455.7000,460.2065,35896
2022-08-25,461.9000,463.2000,453.4000,459.4618,60550
2022-08-26,464.8000,466.3000,456.1000,458.1698,35021
2022-08-30,452.9000,464.9000,452.9000,457.7068,17349
2022-08-31,459.5000,459.5000,450.6000,455.4840,34176
2022-09-01,447.6000,447.6000,438.0343,447.2000,13719
2022-09-02,443.2000,454.3450,442.0000,454.3450,118673
2022-09-05,445.6000,445.6000,437.7000,442.4571,14897
2022-09-06,441.5000,452.0000,441.5000,446.5232,37974
2022-09-07,445.9000,451.1000,439.4000,444.4563,8344
2022-09-08,448.8000,452.0000,440.3000,449.2000,17803
2022-09-09,449.0000,455.6000,448.4000,453.7000,8191
2022-09-12,458.0000,465.1000,455.7000,462.7000,6381
2022-09-13,465.3000,465.3000,446.1000,446.5669,24015
2022-09-14,444.9000,447.3000,436.5000,439.0900,174088
2022-09-15,437.5000,442.3000,433.7000,437.6690,20461
2022-09-16,434.6000,434.6000,429.5000,430.9780,86124
2022-09-20,432.6000,434.9000,420.6000,421.9155,141974
2022-09-21,422.1000,430.4600,417.2000,425.0979,92512
2022-09-22,417.7000,428.2000,417.7000,421.3096,24992
2022-09-23,415.7000,419.8000,409.3000,412.6227,18067
2022-09-26,412.5000,419.5000,411.0000,416.3706,56224
2022-09-27,417.2000,422.5000,413.5000,414.1621,15292
2022-09-28,415.1000,422.3000,407.0000,422.1000,19197
2022-09-29,421.4283,421.4283,409.6000,411.4987,114005
2022-09-30,414.9000,427.8000,414.9000,427.5000,23441
2022-10-03,423.5000,430.0000,416.3000,425.4843,339914
2022-10-04,430.3000,445.6000,430.3000,444.6000,16321
2022-10-05,444.9000,445.9000,436.1000,437.5125,23679
2022-10-06,444.4000,444.4000,436.0000,438.0373,6698
2022-10-07,436.5000,437.0087,420.4000,423.4410,35614
2022-10-10,419.0000,431.0000,418.8000,427.0000,14217
2022-10-11,427.1000,427.1000,419.7000,422.4721,86612
2022-10-12,423.3000,426.4000,419.4000,422.2000,21695
2022-10-13,424.2000,424.6000,408.7000,424.0364,9504
2022-10-14,428.3000,438.8000,428.1000,431.3037,10279
2022-10-17,431.3000,441.9000,423.3000,439.3451,26244
2022-10-18,446.7000,451.1000,442.9000,447.3035,85234
2022-10-19,444.9000,449.9000,436.3000,441.3047,10122
2022-10-20,435.0000,439.7000,431.8000,438.6342,8714
2022-10-21,432.8000,434.0000,420.3000,426.7737,10683
2022-10-24,435.0000,444.1000,432.1000,438.4420,15626
2022-10-25,450.0000,452.5000,441.7000,443.4448,16885
2022-10-26,453.1000,459.4000,451.7000,455.9568,11444
2022-10-27,456.3000,456.3000,448.9000,453.8000,23656
2022-10-28,450.6000,451.8000,442.0000,447.5371,15278
2022-10-31,449.4000,449.4000,444.4000,445.3000,44670
2022-11-01,445.1000,453.4000,439.4000,440.6524,22160
2022-11-02,440.2000,447.1000,438.9000,443.5722,34340
2022-11-03,410.0000,420.9000,407.1000,410.5000,63561
2022-11-04,409.5000,423.3000,409.5000,419.2838,43782
2022-11-07,419.2000,423.2000,415.3000,419.4371,54560
2022-11-08,421.5000,438.7000,419.1000,431.7655,20424
2022-11-09,435.0000,443.1000,433.9000,441.5000,22548
2022-11-10,444.9000,477.5478,435.7000,470.8123,50666
2022-11-11,478.9000,490.4490,477.2000,484.6812,35800
2022-11-14,490.4500,491.9000,479.1000,481.5000,27734
2022-11-15,482.2000,484.8000,475.5000,477.5784,11805
2022-11-16,481.2000,482.7000,460.2000,462.4000,11600
2022-11-17,463.1000,470.3000,455.7000,457.5085,6559
2022-11-18,461.9000,466.2000,453.7000,465.1000,11382
2022-11-21,463.9000,463.9000,455.0000,457.4000,8225
2022-11-22,457.4000,460.3000,452.9000,459.2918,6580
2022-11-23,463.1000,465.9000,454.7000,464.8000,39764
2022-11-24,464.6000,473.9000,464.0000,467.5000,4480
2022-11-25,466.2000,469.2000,463.7000,465.4000,2027
2022-11-28,461.3000,463.6000,454.1000,454.1000,9345
2022-11-29,455.7000,455.8000,445.4000,448.2562,14347
2022-11-30,445.9000,454.9000,445.9000,446.7106,58058
2022-12-01,457.4000,463.6000,454.8000,460.6885,8857
2022-12-02,461.7000,469.7000,457.4000,464.3000,14342
2022-12-05,460.3000,463.6000,457.1000,457.7000,87801
2022-12-06,459.4000,459.4000,450.5000,452.9000,5934
2022-12-07,450.0000,454.7000,444.8000,448.0275,18489
2022-12-08,451.4000,452.6000,442.1000,449.9000,23518
2022-12-09,448.4000,457.1000,448.4000,454.1092,16889
2022-12-12,453.7000,453.9000,447.7000,450.9257,49340
2022-12-13,450.5000,472.7000,450.5000,464.1434,46620
2022-12-14,461.8462,461.8462,457.2000,458.2083,64387
2022-12-15,454.5000,454.5000,441.5000,448.1349,23576
2022-12-16,440.0000,443.4000,433.9000,436.2000,87009
2022-12-19,437.3000,441.5000,432.5965,434.4550,6645
2022-12-20,431.1000,431.1000,427.3000,428.4693,10194
2022-12-21,435.8000,437.4000,428.9000,436.8000,31143
2022-12-22,436.7000,439.6000,430.6000,436.3000,8787
2022-12-23,432.9000,437.6000,432.9000,435.5469,4975
2022-12-28,440.2000,441.7000,436.8000,439.0000,6143
2022-12-29,437.9000,441.7000,435.0000,439.3605,3242
2022-12-30,440.0000,442.5000,435.5000,435.5000,2888
2023-01-03,442.6000,451.0000,442.6000,449.1000,67106
2023-01-04,453.1000,466.1000,453.1000,463.3103,12651
2023-01-05,466.0000,468.9469,462.4000,467.6346,36174
2023-01-06,466.1000,478.4000,466.1000,468.7926,30157
2023-01-09,485.1000,498.9000,485.1000,497.3000,10863
2023-01-10,496.9000,496.9000,487.7000,495.7256,11272
2023-01-11,497.2500,507.2000,491.4000,495.1000,13453
2023-01-12,509.2000,509.2000,500.4000,504.0738,14714
2023-01-13,501.7000,506.2000,493.7000,496.3481,13706
2023-01-16,488.0000,497.2000,488.0000,496.2067,7645
2023-01-17,497.2500,497.4000,488.1000,490.6400,15015
2023-01-18,492.1000,500.2000,492.1000,496.4000,31349
2023-01-19,480.8000,507.2000,479.5000,501.9543,33996
2023-01-20,484.7000,489.9000,478.5000,486.8004,21296
2023-01-23,493.2500,499.2000,491.7508,494.7870,8315
2023-01-24,499.2000,505.0000,499.2000,504.7495,7843
2023-01-25,506.2000,506.2000,499.2000,505.4000,46316
2023-01-26,506.0000,511.4000,506.0000,508.2048,11087
2023-01-27,516.2000,524.0000,516.2000,522.1478,17513
2023-01-30,523.0000,524.4000,518.8000,522.3216,99132
2023-01-31,522.8000,522.8000,513.6000,517.6541,18289
2023-02-01,507.4000,519.8000,507.4000,514.8000,11251
2023-02-02,516.2500,542.1084,514.8000,514.8000,49547
2023-02-03,539.2500,541.8000,528.0000,532.5419,41891
2023-02-06,539.8000,539.8000,525.0000,527.1342,8173
2023-02-07,526.0000,529.4000,520.6000,522.2115,18626
2023-02-08,527.0000,528.8000,510.2000,518.2867,8306
2023-02-09,512.8000,520.6000,512.8000,515.0767,16895
2023-02-10,513.7500,515.0000,505.0000,511.2639,31701
2023-02-13,513.2500,515.6000,510.4000,514.0000,21430
2023-02-14,517.7500,520.2000,513.4000,518.5000,15899
2023-02-15,517.2500,525.2000,515.8000,520.2520,9463
2023-02-16,521.5000,527.0000,513.6000,516.8517,123529
2023-02-17,518.2500,520.6000,507.8000,517.1483,29613
2023-02-20,516.7500,520.8000,513.2000,514.1229,10404
2023-02-21,516.0000,516.0000,508.4000,513.6240,129077
2023-02-22,507.8500,515.8000,504.6000,514.0874,38244
2023-02-23,516.7500,517.8000,512.4000,514.1486,17097
2023-02-24,514.7500,519.2000,507.6000,511.8767,7611
2023-02-27,515.7500,517.8000,513.4000,514.6970,9247
2023-02-28,512.3000,513.2000,507.8000,510.4000,103098
2023-03-01,504.9500,512.4000,502.6000,506.4706,44423
2023-03-02,504.4000,510.4000,499.8000,501.5316,28284
2023-03-03,513.4000,518.8000,513.4000,514.7105,11072
2023-03-06,514.2500,515.6000,509.6000,515.2000,20905
2023-03-07,506.5000,513.0000,502.0000,504.7172,63372
2023-03-08,491.9000,507.8000,484.9000,490.9035,21520
2023-03-09,496.1500,505.8000,493.0000,505.7516,20832
2023-03-10,498.0500,499.2000,488.5000,492.5493,13939
2023-03-13,493.8000,496.2000,484.1000,493.7000,12330
2023-03-14,488.8000,499.3000,484.9394,494.9500,15010
2023-03-15,497.6000,497.6000,483.3000,489.6951,37997
2023-03-16,491.0000,507.0000,491.0000,503.2950,27713
2023-03-17,504.9500,512.8000,497.0000,510.6000,47429
2023-03-20,499.6000,508.8000,494.3000,498.9639,34278
2023-03-21,504.6000,511.6000,504.6000,509.5955,12650
2023-03-22,504.9500,506.4633,498.2000,500.6729,19423
2023-03-23,499.1500,501.8000,494.1000,495.7250,5681
2023-03-24,498.5000,498.5000,488.1000,489.9432,57190
2023-03-27,492.8000,496.5000,489.4000,490.9822,31568
2023-03-28,493.2500,493.8000,490.5000,491.3733,26870
2023-03-29,495.7000,499.9000,494.5000,497.1883,19508
2023-03-30,502.6000,508.0000,502.6000,506.8000,21840
2023-03-31,509.8500,511.2000,504.2000,505.7231,12829
2023-04-03,509.4000,509.4000,503.5849,507.5000,11643
2023-04-04,511.8000,511.8000,503.4000,504.2756,52021
2023-04-05,503.0000,503.0000,482.8000,497.3641,35896
2023-04-06,482.0500,485.4000,476.8000,484.6000,18309
2023-04-11,487.4500,492.5000,487.2000,490.1237,14087
2023-04-12,489.2000,494.5000,483.6000,486.1431,148545
2023-04-13,489.1000,489.1000,483.4000,486.6281,9034
2023-04-14,489.3000,493.3000,489.3000,492.9986,8539
2023-04-17,494.9000,499.3000,492.6000,496.8497,17980
2023-04-18,496.9000,508.0000,496.9000,507.2000,37040
2023-04-19,499.7500,503.8000,498.1000,502.8000,15783
2023-04-20,504.4000,504.4000,499.5000,502.1247,63306
2023-04-21,492.1000,494.4000,487.0000,490.9231,57940
2023-04-24,496.0000,501.4000,495.7708,496.7646,18339
2023-04-25,498.0000,498.6000,488.4000,489.3000,66406
2023-04-26,487.3500,490.4061,479.0000,480.6000,255609
2023-04-27,490.0000,495.9000,481.3000,493.5493,19948
2023-04-28,497.0000,509.2000,497.0000,505.8401,27848
2023-05-02,522.0000,527.0000,493.1500,497.1067,38881
2023-05-03,501.0000,508.8000,501.0000,503.5007,70146
2023-05-04,507.9500,510.2510,499.1000,507.6000,20540
2023-05-05,510.9000,515.6000,508.2000,513.4000,31345
2023-05-09,510.7000,513.2000,508.0000,510.6416,31463
2023-05-10,500.3500,508.6000,496.7000,500.2768,27842
2023-05-11,500.8000,505.8000,500.8000,502.8629,86304
2023-05-12,502.9000,503.6000,495.0000,501.2370,26202
2023-05-15,504.4000,506.0000,501.2000,502.8000,21401
2023-05-16,499.9500,502.6000,494.1000,496.3160,48929
2023-05-17,495.3000,495.3000,490.0000,494.9000,88202
2023-05-19,502.3000,508.4000,499.2000,506.8000,43642
2023-05-22,504.6000,505.2000,498.2000,500.2000,75272
2023-05-23,499.9000,499.9000,491.6000,491.6000,18443
2023-05-24,488.2000,488.2000,481.4000,484.3529,13475
2023-05-25,485.0000,503.0520,481.8000,486.1767,102560
2023-05-26,485.6000,491.6000,485.3000,486.3000,24201
2023-05-30,492.1000,492.8000,487.8000,489.0800,7477
2023-05-31,486.0500,489.7000,481.7000,482.4725,180737
2023-06-01,486.8500,489.4000,483.6000,488.0000,3599
2023-06-02,492.6000,498.4000,492.6000,496.6840,51307
2023-06-05,498.3500,501.0000,493.9014,494.0000,7490
2023-06-06,492.9901,502.2000,492.9901,495.3761,76194
2023-06-07,500.5500,503.0000,495.5000,500.0000,2224
2023-06-08,497.8500,500.2000,496.2000,496.9497,10022
2023-06-09,497.0000,497.7000,486.6000,486.6487,23483
2023-06-12,489.0000,496.3000,489.0000,491.5000,13074
2023-06-13,493.3500,498.3950,493.0000,494.2279,6304
2023-06-14,493.7500,504.3200,489.9000,490.5309,118299
2023-06-15,491.7500,492.0000,481.8000,487.0265,21355
2023-06-16,488.4000,489.2000,482.7000,488.2512,50215
2023-06-19,483.3500,485.1000,470.7000,474.7840,94266
2023-06-20,468.0000,468.0000,459.0312,462.2000,112087
2023-06-21,459.6000,459.6000,450.6098,450.6098,85364
2023-06-22,450.0500,452.0000,447.8000,450.0000,109107
2023-06-23,448.1000,454.7455,445.5000,452.1286,8095
2023-06-26,453.6000,455.9000,450.0000,455.9000,6515
2023-06-27,456.0000,459.4000,455.1000,457.8000,25710
2023-06-28,461.8000,467.6000,461.8000,463.0286,12000
2023-06-29,460.5000,466.6000,458.2427,460.1714,13145
2023-06-30,462.3000,470.3000,462.3000,468.1000,12902
2023-07-03,467.3500,470.6000,462.8000,466.8800,30524
2023-07-04,462.1500,463.4000,460.7000,463.2000,89150
2023-07-05,459.7500,461.0000,454.0000,457.9857,14516
2023-07-06,434.9500,448.6000,434.4000,445.8388,44286
2023-07-07,440.8000,447.6000,440.8000,443.6875,16308
2023-07-10,444.6000,447.4000,441.4000,443.8000,3850
2023-07-11,447.3000,455.1000,447.3000,453.6000,10533
2023-07-12,456.2000,472.5000,454.2000,468.1450,57821
2023-07-13,467.4500,468.7000,464.5000,466.6250,46884
2023-07-14,462.4000,471.4000,462.4000,469.1569,7829
2023-07-17,470.9000,470.9000,464.5000,466.9000,4699
2023-07-18,465.0000,469.0375,464.2000,464.2000,22924
2023-07-19,469.5000,477.0000,469.5000,475.8438,21121
2023-07-20,482.0500,484.6000,473.1000,475.0475,35734
2023-07-21,475.3500,477.8000,472.6000,473.1429,11485
2023-07-24,475.7500,477.6478,470.2000,474.7304,28550
2023-07-25,476.5000,485.4000,475.4000,480.9481,39449
2023-07-26,485.0000,485.0000,479.9000,481.3481,5253
2023-07-27,487.4000,500.6000,487.4000,490.3547,45336
2023-07-28,494.2500,495.8000,489.2000,495.2000,14352
2023-07-31,493.5500,495.9000,491.9131,495.1495,13256
2023-08-02,482.5500,489.7000,481.7000,485.7486,72184
2023-08-03,484.0000,486.6000,480.4000,484.1484,38038
2023-08-04,483.0500,492.1000,479.7706,479.7706,7269
2023-08-07,490.0000,492.8000,487.0000,490.6000,7051
2023-08-08,488.8000,491.1614,482.5000,488.7500,5141
2023-08-09,487.0500,487.7000,481.8000,482.4993,36187
2023-08-10,483.1500,485.3164,477.9522,482.9432,18457
2023-08-11,481.4000,481.4000,472.3000,474.2055,16128
2023-08-14,473.4000,479.3000,472.3000,472.3000,11024
2023-08-15,474.6500,477.4000,469.4000,471.5000,20081
2023-08-16,471.0500,472.1000,466.4000,467.7000,100120
2023-08-17,453.5000,460.0000,441.4116,445.0906,39679
2023-08-18,437.9000,444.2000,433.3000,438.3500,17530
2023-08-21,440.1000,443.6000,440.1000,441.4000,71559
2023-08-22,442.6500,445.3000,441.3000,442.9000,20434
2023-08-23,444.0000,446.6000,443.4000,444.4273,14125
2023-08-24,448.3000,450.4000,443.0000,443.5000,3721
2023-08-25,441.7000,445.3000,440.2560,444.9400,6529
2023-08-29,449.4000,453.0066,445.5000,451.7676,30797
2023-08-30,452.9000,453.8000,448.8000,449.8000,14388
2023-08-31,455.7500,459.4000,454.9000,458.6000,27684
2023-09-01,455.3000,458.6000,455.3000,456.1333,13615
2023-09-04,458.3500,460.0000,455.2000,457.0000,18442
2023-09-05,452.4000,452.7000,448.4439,449.6000,22430
2023-09-06,445.8000,452.3000,445.3000,450.7451,6449
2023-09-07,448.0000,450.8000,447.4000,448.1000,30871
2023-09-08,450.3000,450.3000,445.8000,449.2000,59480
2023-09-11,449.1000,451.1000,447.4000,448.9000,8793
2023-09-12,449.9000,450.1000,444.7000,447.7515,77455
2023-09-13,441.3000,446.4000,441.3000,445.7000,41693
2023-09-14,446.7500,452.5000,445.3000,450.9320,34216
2023-09-15,456.4000,459.1000,455.4544,457.3542,18447
2023-09-18,454.9500,456.7000,450.7682,453.6669,17006
2023-09-19,449.9000,451.5000,444.5000,450.1392,43031
2023-09-20,453.4000,458.4000,452.9000,454.2333,13521
2023-09-21,452.0000,458.2000,451.5000,456.5800,8897
2023-09-22,449.7000,453.1000,447.8000,450.3168,10463
2023-09-25,449.7000,453.0000,446.6000,452.8181,32351
2023-09-26,446.3500,451.4000,444.0000,449.3647,6151
2023-09-27,449.7000,452.0000,447.7552,448.0000,7742
2023-09-28,451.6500,453.7000,447.6848,452.7000,15762
2023-09-29,455.6000,464.6000,455.6000,460.8500,8651
2023-10-02,457.4000,462.7000,449.1000,458.1807,35993
2023-10-03,448.8000,462.0577,448.3000,459.3541,41101
2023-10-04,454.1500,457.1000,446.7000,449.7474,25759
2023-10-05,455.2500,455.8000,450.5000,452.1900,24417
2023-10-06,452.0000,459.2000,447.9000,449.6667,6014
2023-10-09,453.6000,458.5000,446.4000,451.3376,23475
2023-10-10,455.0500,462.6000,454.8000,458.7880,22385
2023-10-11,458.7500,462.6578,454.3000,460.6314,10247
2023-10-12,461.9000,468.9000,457.3000,463.5911,19952
2023-10-13,456.5000,459.3000,449.4000,449.7676,16625
2023-10-16,449.4000,456.5000,446.5000,453.0000,12682
2023-10-17,448.4000,455.0000,434.9000,441.9001,18522
2023-10-18,440.3000,440.8000,426.1000,428.0000,96317
2023-10-19,429.0000,432.5958,423.5000,427.7641,48994
2023-10-20,421.1000,421.5000,414.9000,416.9624,32131
2023-10-23,417.7000,420.1000,414.8000,419.5000,25426
2023-10-24,419.5500,421.7000,417.0000,417.9626,26725
2023-10-25,416.3000,420.7000,410.8000,414.9092,12836
2023-10-26,412.1000,419.7000,409.9000,410.8000,12188
2023-10-27,419.5500,423.0000,416.4000,421.5000,5027
2023-10-30,424.5000,427.1000,417.2000,419.6000,7546
2023-10-31,418.8500,422.7000,415.4000,420.6859,34257
2023-11-01,418.1500,424.8000,414.4000,422.3000,22103
2023-11-02,446.2500,473.8000,422.3000,454.6454,48374
2023-11-03,468.3000,478.5000,457.5000,473.8834,70613
2023-11-06,473.0000,477.1000,460.1000,465.1000,70166
2023-11-07,461.2000,465.1000,457.8000,463.6000,17942
2023-11-08,457.7000,462.3000,454.2000,455.8456,29802
2023-11-09,454.4500,467.3000,454.2000,457.1000,9583
2023-11-10,463.6500,467.5000,457.5000,459.7425,75780
2023-11-13,461.6000,463.8000,452.1000,456.7714,28278
2023-11-14,460.0000,471.8000,450.0000,458.6163,43056
2023-11-15,470.8500,485.6000,467.2000,474.2270,104375
2023-11-16,473.4000,477.6000,470.6000,472.2526,36938
2023-11-17,474.0500,480.5000,473.1000,477.3803,14421
2023-11-20,477.9000,481.7000,475.1000,478.6000,10712
2023-11-21,478.6500,483.4000,478.4000,481.9482,17340
2023-11-22,479.5500,485.7000,479.5000,482.4000,21065
2023-11-23,483.5500,485.8000,480.3000,481.5303,8698
2023-11-24,481.3000,484.0000,481.3000,483.2225,7374
2023-11-27,480.4000,486.6000,477.7000,479.0000,7267
2023-11-28,476.5000,481.9000,473.1000,478.2478,13681
2023-11-29,481.0000,487.0000,479.6000,486.2042,24277
2023-11-30,485.6000,490.8000,485.4000,489.4000,189126
2023-12-01,481.9000,492.3000,480.1000,486.3513,37615
2023-12-04,488.8500,489.3000,482.4831,486.6000,161388
2023-12-05,484.1000,494.8000,483.3000,494.2494,18910
2023-12-06,494.7000,503.2000,494.2000,502.6754,28727
2023-12-07,500.7500,505.8000,497.0000,503.7200,12575
2023-12-08,504.8500,510.0000,502.0000,506.3173,23901
2023-12-11,506.8000,511.2000,505.9962,508.6000,4541
2023-12-12,510.0500,513.8000,509.2000,510.5857,100056
2023-12-13,514.6000,519.0000,510.0000,514.8000,15846
2023-12-14,524.3000,547.0000,511.6000,542.1855,90055
2023-12-15,548.7000,553.4000,541.6000,547.6635,122194
2023-12-18,539.6000,546.4000,535.6000,537.2000,39075
2023-12-19,536.4000,539.6000,533.6000,538.8000,68187
2023-12-20,537.8000,543.2000,534.8000,541.4917,5502
2023-12-21,537.6000,545.0000,533.6000,538.2775,6525
2023-12-22,537.6000,542.0000,537.6000,541.1948,17315
2023-12-27,540.5000,544.6000,537.4755,539.6885,10000
2023-12-28,540.9000,541.4000,534.4000,535.4536,8725
2023-12-29,539.0000,539.6000,535.2000,539.0000,9451
2024-01-03,534.5000,539.0000,512.8000,521.6000,16102
2024-01-04,516.3000,520.6000,512.0000,516.8000,11091
2024-01-05,515.2000,519.6000,510.2000,519.5040,9413
2024-01-08,516.3000,521.8000,509.6000,521.0000,9821
2024-01-09,522.6000,524.0000,516.8000,522.7409,13447
2024-01-10,518.9000,525.8000,512.6000,516.2000,12118
2024-01-11,520.0000,523.8000,509.2000,512.7571,22024
2024-01-12,514.6000,521.6000,507.4000,518.8000,16478
2024-01-15,519.1000,522.6000,515.4000,517.4517,26271
2024-01-16,516.1000,517.2000,510.6000,512.9000,37797
2024-01-17,511.8500,522.8000,486.2000,490.8967,44380
2024-01-18,493.1000,493.8000,483.3000,487.1382,67784
2024-01-19,493.3500,498.0000,487.0000,489.0365,53411
2024-01-22,494.3000,499.1000,485.3000,496.2901,48343
2024-01-23,494.3000,500.0000,488.3000,493.1000,21104
2024-01-24,498.9500,501.8000,497.3870,499.4000,28951
2024-01-25,495.2500,501.2627,492.7000,499.7000,10474
2024-01-26,500.3000,509.0000,500.0875,505.6476,25070
2024-01-29,505.6000,509.4000,499.0000,502.9245,5078
2024-01-30,504.6000,508.4000,499.9000,506.6052,21489
2024-01-31,510.0000,510.0000,500.2000,507.6000,8676
2024-02-01,497.4500,503.2000,497.2000,499.5624,15980
2024-02-02,503.8500,505.4000,494.9000,502.0794,8865
2024-02-05,492.7500,495.4000,490.6000,494.8000,16262
2024-02-06,495.8500,497.0000,488.8000,493.6538,17308
2024-02-07,494.9000,496.9000,491.5000,491.5525,4556
2024-02-08,496.8500,499.5000,491.8000,496.0000,10523
2024-02-09,493.5500,497.1000,491.1000,494.5620,13353
2024-02-12,498.6000,509.6000,497.8000,508.8000,25303
2024-02-13,506.9500,510.8000,486.1000,507.8000,13714
2024-02-14,498.3500,508.0000,496.9000,503.5500,12432
2024-02-15,509.1500,510.0000,502.8000,505.8000,10267
2024-02-16,505.0000,517.0000,500.2000,514.4856,19936
2024-02-19,510.6500,512.4000,505.4000,509.1036,7724
2024-02-20,511.5000,513.1513,505.6000,511.8000,14351
2024-02-21,511.8500,515.6000,511.2000,512.0000,12816
2024-02-22,513.2000,518.0000,510.6000,515.7047,21962
2024-02-23,516.7000,524.6000,515.7394,523.8790,12205
2024-02-26,522.2000,527.0000,516.0000,519.4359,5029
2024-02-27,517.7000,521.4000,516.4000,518.6000,6169
2024-02-28,517.4000,517.4000,509.8000,511.4639,6299
2024-02-29,512.8000,517.8000,512.8000,513.2000,33561
2024-03-01,516.5000,520.2000,511.6000,514.8232,10536
2024-03-04,517.5000,518.0000,514.6000,517.6000,14687
2024-03-05,515.6000,520.8000,513.4000,514.8632,8722
2024-03-06,512.6000,521.8000,510.0000,520.6000,9762
2024-03-07,520.6000,524.8000,517.8000,517.8000,15026
2024-03-08,523.0000,528.0000,521.8000,523.6000,9076
2024-03-11,520.6000,529.8000,520.2000,525.2015,154776
2024-03-12,528.0000,538.0000,523.4000,537.6000,22960
2024-03-13,516.3000,541.0000,514.8000,526.0950,38209
2024-03-14,525.5000,532.6000,521.2000,526.5193,130126
2024-03-15,524.7000,535.0000,521.2000,528.8000,96995
2024-03-18,530.8000,532.2000,524.8000,527.0000,111921
2024-03-19,527.1000,531.4000,525.7895,528.8000,38602
2024-03-20,531.6000,543.0000,531.0000,532.7934,36990
2024-03-21,546.8000,556.5917,537.4000,549.2000,17530
2024-03-22,543.7000,545.6000,535.2000,541.2000,3031
2024-03-25,536.0000,536.6000,528.4000,529.9409,19251
2024-03-26,529.2000,535.6000,526.8000,533.1200,13808
2024-03-27,531.6000,536.4000,526.8000,528.5484,25772
2024-03-28,533.5000,535.2000,530.4000,532.8721,10980
2024-04-02,533.9000,536.8000,521.6000,522.2522,22864
2024-04-03,521.6000,530.0000,520.0000,528.2661,151141
2024-04-04,528.8000,532.0000,521.4000,523.4000,39237
2024-04-05,515.8000,526.6000,515.4052,518.7018,6638
2024-04-08,521.8000,523.4000,519.0000,521.6712,233943
2024-04-09,519.3000,523.6000,517.5947,517.5947,19739
2024-04-10,520.8000,521.2000,502.4000,511.5056,438158
2024-04-11,507.3500,510.4000,503.6000,508.5839,30554
2024-04-12,515.0000,515.4000,499.5000,502.8754,94776
2024-04-15,508.7500,512.0000,503.4000,507.4634,14472
2024-04-16,499.4000,509.6000,499.0000,500.3500,47826
2024-04-17,499.1500,504.0000,497.2000,500.5762,69095
2024-04-18,501.8000,501.8000,492.7000,499.1747,226853
2024-04-19,479.7500,486.5000,479.5000,485.1052,21427
2024-04-22,488.2000,489.5000,485.0000,486.3487,92303
2024-04-23,484.7000,493.5000,484.3000,486.5050,332059
2024-04-24,493.3500,496.3000,489.6000,489.6611,19707
2024-04-25,490.7500,491.5000,478.7759,487.2000,5313
2024-04-26,487.7500,496.2000,487.3513,488.5573,51674
2024-04-29,495.6500,499.9000,493.6000,499.0000,1090
2024-04-30,499.2000,502.0000,493.4000,493.6000,43498
2024-05-02,490.3500,493.4000,489.1000,493.1271,75144
2024-05-03,494.8000,510.4000,494.8000,494.8000,4186
2024-05-07,532.9000,548.2000,531.2000,540.8000,5907
2024-05-08,550.9000,556.2000,545.2000,549.6000,45357
2024-05-10,553.4000,556.6000,547.4000,553.4000,2772
2024-05-13,552.2000,554.2000,547.6000,554.0000,40884
2024-05-14,547.4000,554.8000,530.2000,552.0728,1006
2024-05-15,556.1000,566.0000,551.0000,566.0000,12735
2024-05-16,567.7000,569.6000,562.2000,565.6000,18950
2024-05-17,567.0000,567.0000,559.2000,567.0000,122697
2024-05-21,561.2000,564.6000,556.8000,558.2064,9475
2024-05-22,556.7000,561.4000,553.6000,561.4000,6990
2024-05-23,562.2000,568.0000,561.8000,564.8000,2604
2024-05-24,560.6000,568.8000,557.2000,568.8000,2261
2024-05-28,569.2000,572.0000,560.2000,560.6000,3005
2024-05-29,555.8000,558.4000,554.0000,554.2000,13455
2024-05-30,551.7000,557.8000,549.4000,556.4000,2266
2024-05-31,555.2000,555.2000,550.3945,550.4000,3816
2024-06-03,557.1000,560.8000,549.6000,552.2000,14836
2024-06-04,550.5000,552.2000,546.6000,549.2000,1328
2024-06-05,548.7000,553.0000,548.4000,552.8000,82653
2024-06-06,556.3000,562.6000,549.4000,557.5000,2522
2024-06-07,557.8000,557.8000,548.8000,550.8000,3841
2024-06-10,547.4000,552.6000,543.4000,551.8000,3751
2024-06-11,553.8000,554.6000,546.8000,547.6000,7568
2024-06-12,548.7000,560.4000,540.0000,554.0000,52095
2024-06-13,551.3000,552.0000,545.2000,550.6551,8807
2024-06-14,549.6000,549.6000,538.2000,538.2000,4446
2024-06-17,544.4000,546.0000,540.4000,541.2000,5802
2024-06-18,543.3000,545.6000,541.8000,544.0000,5862
2024-06-19,544.0000,544.2000,537.6000,538.2813,12976
2024-06-20,538.8000,547.6000,534.4000,543.6067,62975
2024-06-21,542.6000,542.6000,537.6000,537.6000,4305
2024-06-24,536.0000,548.2000,535.8000,547.4000,2939
2024-06-25,540.9000,545.0000,538.4000,538.6100,2042
2024-06-26,545.2000,547.4000,537.4000,541.3375,6359
2024-06-27,542.5000,543.0000,537.2000,540.0000,1856
2024-06-28,538.6000,539.2000,529.6000,530.8000,4588
2024-07-01,537.2000,537.2000,527.2000,530.5593,10953
2024-07-02,525.2000,532.2000,525.2000,531.0000,2060
2024-07-03,534.7000,541.4000,534.0000,537.2840,3988
2024-07-04,540.1000,544.6000,538.8000,543.0000,2621
2024-07-05,545.4000,548.4000,540.2000,540.2000,1264
2024-07-08,538.0000,545.6000,537.6000,539.4000,10887
2024-07-09,539.0000,543.8000,534.8000,537.6000,7760
2024-07-10,538.0000,540.4000,536.8000,538.8715,5693
2024-07-11,544.0000,553.4000,536.4000,544.0000,4783
2024-07-12,553.6000,558.8000,548.4000,556.4000,3566
2024-07-15,555.0000,561.2000,550.4000,550.8000,872
2024-07-16,548.0000,558.8000,548.0000,558.8000,6891
2024-07-17,558.3000,558.8000,552.6000,552.6909,8179
2024-07-18,558.5000,565.8000,550.0000,563.4410,14667
2024-07-19,559.5000,564.6000,550.4000,557.1114,8555
2024-07-22,563.0000,567.6000,563.0000,564.0000,8896
2024-07-23,564.7000,569.2000,563.0000,568.2000,808
2024-07-24,564.1000,567.4000,551.8000,553.4000,2811
2024-07-25,545.8000,548.2000,538.8000,543.2000,2764
2024-07-26,548.5000,555.6000,545.6000,553.4000,1909
2024-07-29,556.5000,557.0000,550.0000,551.4000,5172
2024-07-30,553.4000,562.2000,552.0000,559.6000,3494
2024-07-31,563.6000,577.8000,560.2000,560.4000,2895
2024-08-02,548.1000,548.8000,524.4000,526.8193,12093
2024-08-05,506.0000,521.2000,504.4000,514.4000,5253
2024-08-06,522.0000,524.8000,511.4000,517.1016,10668
2024-08-07,520.4000,529.8000,520.4000,528.3400,6484
2024-08-08,521.4000,525.2000,516.6000,524.6000,5858
2024-08-09,527.5000,530.8000,524.4000,529.6167,5681
2024-08-12,529.0000,529.8000,522.8000,525.6000,552
2024-08-13,524.3000,525.8000,515.0000,519.6000,4975
2024-08-14,525.0000,529.0000,525.0000,526.9694,17993
2024-08-15,510.5000,519.4000,505.0000,510.1347,20996
2024-08-16,518.1000,520.4000,513.4000,520.4000,8740
2024-08-19,521.2000,527.8000,520.8000,524.3030,3579
2024-08-20,528.4000,530.6000,526.2000,529.2218,1152
2024-08-21,526.3000,528.4000,525.2000,525.6718,15222
2024-08-22,526.5000,531.2000,526.2000,526.2000,14660
2024-08-23,528.4000,534.0000,527.4000,530.9623,5749
2024-08-27,536.4000,537.4000,529.4000,531.6273,1779
2024-08-28,531.6000,535.4000,529.6000,531.6000,32376
2024-08-29,529.0000,537.4000,529.0000,533.2000,1726
2024-08-30,536.4000,544.6000,535.8000,542.5537,4030
2024-09-02,541.5000,543.6000,535.6000,542.2133,478
2024-09-03,539.2000,547.2000,537.4000,541.0541,5592
2024-09-04,534.7000,537.2000,528.2000,530.8000,3872
2024-09-05,528.6000,530.2000,524.8000,529.9730,4049
2024-09-06,524.9000,527.4000,519.6000,522.6000,1826
2024-09-09,523.2000,526.6000,523.2000,524.6500,1109
2024-09-10,523.8000,530.8000,523.4000,527.7067,1619
2024-09-11,528.8000,534.8000,525.4000,527.0000,4733
2024-09-12,534.7000,540.6000,532.8000,535.1363,4690
2024-09-13,537.0000,543.8000,537.0000,539.3863,15229
2024-09-16,539.8000,542.6000,538.6000,540.2000,4038
2024-09-17,543.4000,553.6000,543.4000,550.6000,3796
2024-09-18,550.9000,551.2000,543.4000,544.2000,3382
2024-09-19,552.8000,561.4000,551.0000,557.2000,12028
2024-09-20,556.1000,557.6000,547.4000,550.7745,10368
2024-09-23,546.0000,552.2000,545.2000,551.6000,39358
2024-09-24,555.6000,556.8000,547.4000,548.2452,1508
2024-09-25,551.2000,563.0000,551.2000,551.2000,29571
2024-09-26,564.9000,568.2000,557.8000,561.4496,5137
2024-09-27,561.2000,562.8000,549.2000,561.4167,3978
2024-09-30,555.4000,559.6000,550.4000,553.2000,2854
2024-10-01,554.8000,558.4000,545.2000,557.0000,14812
2024-10-02,548.3000,549.2000,545.0000,547.4547,6012
2024-10-03,548.0000,548.0000,535.2000,539.3715,4643
2024-10-04,536.0000,536.6000,529.0000,532.2000,7553
2024-10-07,530.8000,531.6000,525.8000,528.8000,2874
2024-10-08,526.9000,532.8000,525.4000,530.8000,28974
2024-10-09,530.6000,530.6000,527.0000,528.9172,3789
2024-10-10,526.3000,527.4000,521.6000,522.8076,1759
2024-10-11,522.0000,524.0000,520.8000,522.4000,29649
2024-10-14,523.0000,527.2000,522.6000,525.0000,1298
2024-10-15,529.8000,530.0000,522.6000,526.2000,7007
2024-10-16,518.7000,523.6000,516.2000,517.9746,2395
2024-10-17,520.6000,528.2000,520.6000,525.2789,15107
2024-10-18,534.3000,535.0000,528.8000,530.5394,37437
2024-10-21,531.0000,534.6000,525.4000,527.0852,3313
2024-10-22,524.3000,525.6000,513.4000,518.5659,3813
2024-10-23,513.8000,517.2000,512.8000,513.7000,9280
2024-10-24,513.0000,516.1000,510.4000,512.3145,2214
2024-10-25,512.8000,519.6000,512.4000,517.2000,4703
2024-10-28,516.9000,522.6000,512.2000,521.7142,4950
2024-10-29,524.9000,525.0000,514.4000,518.0000,3882
2024-10-30,518.7000,522.8000,515.6000,519.9434,8511
2024-10-31,540.7000,550.0000,535.8000,549.0000,9843
2024-11-01,540.3000,540.8000,534.0000,537.3000,16354
2024-11-04,536.0000,536.8000,532.8000,536.2000,31990
2024-11-05,534.1000,534.8000,527.2000,529.1000,11696
2024-11-06,536.0000,539.4000,514.6000,531.4469,5787
2024-11-07,516.1000,525.0000,514.6000,522.2769,48244
2024-11-08,519.5000,522.0000,517.2000,519.8000,4895
2024-11-11,524.1000,529.2000,522.8000,523.8978,31746
2024-11-12,524.1000,530.8000,521.3000,522.2854,14620
2024-11-13,521.2000,521.2000,514.2000,517.8000,5670
2024-11-14,519.3000,527.6000,517.6000,521.2141,7142
2024-11-15,523.8000,528.2000,523.8000,526.1864,4996
2024-11-18,524.5000,525.0000,518.4000,521.6000,6945
2024-11-19,522.8000,525.4000,513.2000,518.2000,4353
2024-11-20,523.4000,525.0000,514.0000,516.8000,27568
2024-11-21,517.3000,519.0000,512.6000,516.6000,1079
2024-11-22,519.1000,526.8000,519.0000,526.8000,3388
2024-11-25,530.0000,530.0000,522.0000,526.2000,3016
2024-11-26,523.4000,524.4000,519.9000,521.8000,37166
2024-11-27,521.4000,523.8000,518.7000,521.7000,2554
2024-11-28,526.7000,528.6000,524.0000,525.2000,1122
2024-11-29,529.4000,530.4000,526.0000,529.1479,1987
2024-12-02,527.6000,537.2000,527.6000,533.3037,3190
2024-12-03,532.6000,545.6000,532.6000,545.6000,2079
2024-12-04,544.2000,552.8000,543.8000,546.3199,77666
2024-12-05,550.1000,550.8000,543.0000,547.1231,3083
2024-12-06,543.0000,548.2000,543.0000,547.0000,1933
2024-12-09,549.1000,549.6000,542.2000,545.6000,643
2024-12-10,543.7000,546.0000,539.0000,539.2000,7150
2024-12-11,537.2000,548.8000,537.2000,547.8574,5789
2024-12-12,545.6000,552.2000,544.7960,547.0000,57493
2024-12-13,546.6000,547.4000,537.4000,543.8000,4944
2024-12-16,538.0000,539.4000,533.6000,535.2000,1447
2024-12-17,537.6000,537.6000,532.2000,533.8000,5349
2024-12-18,529.0000,533.6000,528.6000,528.6000,1829
2024-12-19,521.6000,522.2000,516.4000,520.8000,10402
2024-12-20,510.7000,514.2000,508.0000,510.3484,20450
2024-12-23,514.4000,515.0000,509.4000,512.2000,19667
2024-12-27,513.0000,517.6000,510.6000,514.7653,2120
2024-12-30,516.1000,517.2000,511.8000,514.6000,3459
2025-01-03,516.3000,517.8000,505.0000,510.3870,2862
2025-01-06,514.6000,517.8000,510.4000,514.5085,905
2025-01-07,515.0000,520.2000,511.6000,518.5176,1471
2025-01-08,513.8000,513.9000,502.8000,511.0302,23771
2025-01-09,505.4000,505.4000,501.4000,502.6760,15462
2025-01-10,501.1000,504.2000,496.2524,498.1658,28420
2025-01-13,494.1000,495.8000,489.0000,489.0000,5744
2025-01-14,500.6245,500.6245,494.0000,496.3667,62395
2025-01-15,495.1000,514.4000,495.1000,503.3500,11000
2025-01-16,512.6000,514.0000,486.8500,512.4000,32552
2025-01-17,498.4000,506.4000,498.1000,504.7662,52992
2025-01-20,504.2000,507.4000,501.8000,505.4019,1628
2025-01-21,505.4500,506.2000,502.2000,505.6000,4564
2025-01-22,498.3500,506.4000,498.0000,501.0514,21021
2025-01-23,502.1000,503.0000,495.3000,498.5000,5826
2025-01-24,496.2000,502.6000,495.4000,497.2313,6222
2025-01-27,494.6500,501.4000,490.7000,499.8000,3810
2025-01-28,501.2000,509.4000,501.2000,503.6719,7144
2025-01-29,503.7000,507.8000,502.8000,505.4037,25870
2025-01-30,508.1500,514.2000,507.2000,508.6000,4518
2025-01-31,515.2000,515.6000,510.0000,510.8000,4422
2025-02-03,498.8000,504.8000,497.8000,504.2000,3194
2025-02-04,503.0500,504.8000,501.4000,503.2000,40739
2025-02-05,504.2500,507.0000,498.2000,498.5000,8776
2025-02-06,509.7000,517.0000,507.4000,511.5818,3937
2025-02-07,519.7000,521.6000,507.4000,510.6214,3334
2025-02-10,508.5000,510.8000,505.2000,510.2000,3670
2025-02-11,509.5000,513.8000,507.6000,512.0928,7323
2025-02-12,512.6500,517.0000,508.8000,514.8581,5070
2025-02-13,524.5000,534.8000,523.4000,526.1202,5368
2025-02-14,534.7000,537.8000,531.8000,533.1902,6400
2025-02-17,535.1000,536.0000,532.2000,536.0000,4370
2025-02-18,534.7000,537.2000,531.0000,534.4000,29144
2025-02-19,534.5000,534.8000,521.4000,528.5714,8486
2025-02-20,522.6000,527.2000,522.4000,525.0000,9587
2025-02-21,528.4000,531.0000,524.3000,524.5996,12882
2025-02-24,525.8000,525.8000,518.8000,525.8000,50322
2025-02-25,516.9000,524.2000,516.4000,521.6100,12047
2025-02-26,523.4000,539.2000,523.2000,534.2000,18167
2025-02-27,530.8000,535.6000,525.4000,532.8000,7884
2025-02-28,528.4000,533.2000,527.4000,530.3600,6942
2025-03-03,532.1000,534.6000,526.3000,529.4719,17631
2025-03-04,526.1000,528.6000,517.8000,519.4000,16901
2025-03-05,532.0000,562.6000,532.0000,555.0538,94519
2025-03-06,546.8000,595.1000,536.8000,566.7888,101172
2025-03-07,584.0000,585.0000,568.4000,578.0000,25643
2025-03-10,579.0000,590.0000,571.4000,588.7458,17430
2025-03-11,586.2000,586.6000,575.2000,576.1728,20514
2025-03-12,578.8000,583.4000,573.6000,573.6000,42819
2025-03-13,574.1000,592.1000,573.8000,573.8000,57606
2025-03-14,585.0000,597.0000,581.2000,584.6721,14614
2025-03-17,585.4000,585.8000,579.6000,581.2000,4595
2025-03-18,582.0000,582.0000,573.0000,580.1971,15370
2025-03-19,575.3000,578.3000,573.6000,577.6000,85161
2025-03-20,576.0000,579.2000,568.9000,575.8000,61006
2025-03-21,568.0000,568.2000,562.6000,564.3657,196718
2025-03-24,570.2000,570.4000,562.0000,566.7225,15687
2025-03-25,566.8000,566.8000,559.4000,563.2676,58447
2025-03-26,564.9000,566.4000,559.4000,565.6117,21799
2025-03-27,561.4000,570.6000,558.8000,568.4937,5734
2025-03-28,566.9000,570.3000,555.0000,566.1815,7732
2025-03-31,555.4000,556.0000,547.0000,550.0000,4594
2025-04-01,551.7000,554.2000,547.8000,550.4707,4529
2025-04-02,550.9000,554.1000,546.0000,552.8000,28840
2025-04-03,545.0000,554.0000,540.0000,546.0000,11535
2025-04-04,542.3000,550.2000,526.4000,531.5583,7110
2025-04-07,505.4000,534.8000,496.8000,519.2000,7058
2025-04-08,521.6000,531.2000,512.2000,521.3600,9519
2025-04-09,515.2000,528.0000,509.4000,515.6000,13523
2025-04-10,544.8000,546.4000,527.8000,536.2000,13794
2025-04-11,537.6000,541.2000,529.0000,533.3400,8511
2025-04-14,547.6000,549.6000,542.6000,547.4000,27769
2025-04-15,547.8000,560.6000,547.8000,555.4000,30184
2025-04-16,553.8000,558.4000,552.0000,554.8000,5633
2025-04-17,556.1000,557.6000,544.6000,550.4000,75890
2025-04-22,537.0000,539.9080,531.2000,533.9692,4040
2025-04-23,544.2000,554.4000,542.4000,546.9391,10928
2025-04-24,545.0000,554.6000,544.2000,547.4178,8623
2025-04-25,554.4000,561.0000,554.4000,558.8000,2897
2025-04-28,557.1000,564.6000,556.6000,563.8000,3078
2025-04-29,561.6000,567.0000,560.8000,563.7105,57951
2025-04-30,562.2000,570.2000,560.6000,567.6525,24173
2025-05-02,573.1000,584.8000,566.0000,581.3000,9509
2025-05-06,586.6000,595.0000,574.8000,584.4000,53256
2025-05-07,588.7000,589.2000,578.8000,582.3000,10806
2025-05-08,581.1000,588.4000,580.0000,586.6095,2478
2025-05-09,589.5000,593.6000,586.4000,592.0000,3902
2025-05-12,594.4000,595.0000,571.6000,576.2000,9769
2025-05-13,583.7000,590.1000,582.8000,586.0000,9721
2025-05-14,597.5000,601.2000,591.8000,594.2000,6684
2025-05-15,597.5000,604.0000,595.6000,597.9000,13495
2025-05-16,604.7000,605.4000,601.6000,603.0000,11454
2025-05-19,604.9000,608.8000,601.7000,605.0000,12325
2025-05-20,609.8000,614.8000,608.0000,611.5200,11609
2025-05-21,605.7000,608.2000,597.4000,602.1778,53381
2025-05-22,602.2000,602.4000,595.6000,602.0000,5592
2025-05-23,599.7000,600.4000,589.8000,591.5000,8059
2025-05-27,600.2000,609.2000,588.8000,609.2000,4140
2025-05-28,605.5000,617.0000,605.0000,615.5000,19351
2025-05-29,615.5000,615.5000,615.5000,615.5000,0
2025-05-30,610.8000,618.8000,610.0000,611.0000,7189
2025-06-02,611.4000,622.0000,609.6000,617.1500,10055
2025-06-03,621.3000,622.2000,617.4000,620.0353,6010
2025-06-04,623.5000,631.8000,621.8000,623.5000,5121
2025-06-05,631.7000,639.2000,630.8000,631.1000,26995
2025-06-06,636.7000,639.2000,635.8000,636.5000,488
2025-06-09,636.5000,636.5000,636.5000,636.5000,0
2025-06-10,636.5000,640.0000,632.0000,636.3000,84589
2025-06-11,638.4000,645.0000,638.4000,640.4000,38035
2025-06-12,641.2000,647.8000,637.6000,640.0000,29994
2025-06-13,638.9000,644.0000,633.8000,638.5000,51983
2025-06-16,637.5000,640.8000,634.2000,636.8333,5164
2025-06-17,630.1000,639.0000,625.7000,629.4800,21533
2025-06-18,627.8000,639.0000,619.2000,626.8000,32147
2025-06-19,619.4000,620.6000,615.0000,619.0000,4875
2025-06-20,620.9000,622.2000,617.3000,617.8000,13831
2025-06-23,616.6000,625.3393,615.0000,620.4000,2915
2025-06-24,633.8000,635.0000,622.6000,626.3636,28291
2025-06-25,623.7000,625.4000,618.7000,621.9000,1675
2025-06-26,619.4000,621.8000,615.6000,621.1000,1965
2025-06-27,619.8000,628.4000,619.6000,621.9000,97209
2025-06-30,632.6000,633.8000,621.4352,624.0000,7220
2025-07-01,622.7000,624.9000,615.0000,623.8000,28642
2025-07-02,624.8000,626.8000,618.2000,622.3000,1970
2025-07-03,619.0000,619.6000,614.4000,619.4000,7625
2025-07-04,612.3000,614.6000,609.2000,612.3000,2265
2025-07-07,612.1000,612.8000,609.2000,610.0000,1913
2025-07-08,611.2000,612.8000,605.0000,606.8500,5702
2025-07-09,609.8000,613.6000,601.8000,613.1000,1679
2025-07-10,614.7000,628.4000,614.6000,625.2000,3629
2025-07-11,624.0000,627.4000,619.4000,626.4000,2032
2025-07-14,617.8000,618.4000,614.0000,616.5500,214330
2025-07-15,618.2000,620.0000,613.8000,614.8000,2251
2025-07-16,610.6000,614.7000,608.9000,614.7000,1545
2025-07-17,615.3000,621.4000,613.4000,614.9000,3512
2025-07-18,620.3000,622.0000,610.8000,620.7000,4658
2025-07-21,622.3000,624.9000,616.2000,617.6000,4788
2025-07-22,615.3000,616.2000,610.0000,613.3204,10442
2025-07-23,615.1000,622.1000,614.0000,616.4000,3502
2025-07-24,627.6000,631.4000,624.8000,625.2000,14242
2025-07-25,627.6000,628.2000,621.4000,625.0000,4311
2025-07-28,632.6000,633.8000,622.4000,630.9000,7051
2025-07-29,626.4000,626.4000,621.6000,624.2000,5328
2025-07-30,624.0000,631.6000,623.8000,626.8000,7494
2025-07-31,625.8000,633.4000,624.0000,629.7000,4132
2025-08-01,629.7000,629.7000,629.7000,629.7000,0
2025-08-04,609.8000,629.4000,608.8000,625.2534,4883
2025-08-05,633.6000,633.6000,628.4000,631.4750,2376
2025-08-06,632.8000,635.6000,623.8000,631.7000,5195
2025-08-07,627.6000,653.4000,626.8000,651.8000,15270
2025-08-08,647.5000,653.0000,642.4000,647.1000,2498
2025-08-11,644.7000,646.8000,637.2000,640.6429,2817
2025-08-12,640.0000,641.4000,636.0000,638.5637,9976
2025-08-13,643.8000,645.0000,633.6000,641.6000,1750
2025-08-14,641.0000,644.9000,638.0000,642.8000,2380
2025-08-15,641.0000,641.8000,635.4000,637.1000,1948
2025-08-18,634.6000,635.0000,621.1000,626.6500,8761
2025-08-19,628.5000,635.0000,625.2000,630.9200,13470
2025-08-20,617.0000,624.9000,588.0000,618.0526,7479
2025-08-21,606.9000,608.7347,601.8000,608.6000,9752
2025-08-22,598.9000,607.2000,596.6000,604.7000,5826
2025-08-26,599.5000,604.8000,598.8000,602.8000,23698
2025-08-27,599.3000,600.0000,593.4000,598.5000,3038
2025-08-28,596.7000,596.8000,591.4000,596.7000,2194
2025-08-29,591.7000,592.2000,585.4000,591.5000,14875
2025-09-01,586.8000,587.4000,584.8567,587.1133,9935
2025-09-02,586.6000,587.2000,576.4000,580.0087,15647
2025-09-03,580.3000,581.4581,575.9957,578.8000,9739
2025-09-04,580.6000,592.8000,580.6000,590.3000,86586
2025-09-05,590.0000,600.2000,590.0000,599.1000,9523
2025-09-08,599.7000,603.8000,597.4000,602.4000,10695
2025-09-09,604.5000,605.2000,597.8000,603.2090,10951
2025-09-10,599.7000,599.8000,596.6000,596.9000,7754
2025-09-11,599.7000,603.2000,596.8000,598.5000,13171
2025-09-12,600.6000,603.6000,597.4000,601.4000,5948
2025-09-15,600.8000,601.4000,592.6000,594.1108,5877
2025-09-16,594.0000,595.9000,587.4000,588.1119,12613
2025-09-17,588.1000,589.4000,584.3000,588.5000,6832
2025-09-18,585.4000,589.6000,584.8829,586.2000,66422
2025-09-19,586.4000,587.9000,582.2000,583.7000,21544
2025-09-22,584.2000,588.2000,582.4000,584.9562,66800
2025-09-23,586.0000,593.0000,584.0000,586.8000,4654
2025-09-24,584.2000,589.4000,583.0000,583.7000,5515
2025-09-25,582.3000,584.4000,577.8000,583.5000,12103
2025-09-26,582.5000,587.0000,580.0000,584.8000,7285
2025-09-29,588.1000,591.6000,586.0000,589.3409,3023
2025-09-30,589.7000,597.4000,587.4000,596.1096,8801
2025-10-01,595.4000,602.5000,592.8000,602.2000,24826
2025-10-02,600.6000,605.2000,596.6000,601.6000,8910
2025-10-03,602.6000,603.8000,595.8000,603.0000,2675
2025-10-06,601.4000,606.4000,599.0000,604.7455,35333
2025-10-07,600.8000,607.0000,600.2000,604.7415,8450
2025-10-08,602.6000,607.5000,601.2000,606.5000,28059
2025-10-09,608.6000,610.6000,603.2794,606.1200,6360
2025-10-10,603.6000,605.2000,598.0804,601.5367,10963
2025-10-13,600.6000,602.2000,596.5000,599.3100,3737
2025-10-14,596.1000,604.6000,593.4000,604.0000,11995
2025-10-15,604.3000,607.4000,598.0000,606.5000,13701
2025-10-16,595.4000,608.6000,594.2000,604.5000,14811
2025-10-17,603.6000,605.0000,598.0000,602.2000,7420
2025-10-20,602.4000,606.2000,602.0000,602.3137,12890
2025-10-21,603.0000,608.0000,600.8000,606.1505,17441
2025-10-22,610.2000,616.2000,605.8000,608.2000,7115
2025-10-23,610.8000,615.6000,610.0000,611.4000,12672
2025-10-24,613.7000,615.0000,606.4000,612.3000,10829
2025-10-27,611.2000,612.0000,606.0000,607.3091,4375
2025-10-28,605.3000,606.4000,599.7000,602.8904,17061
2025-10-29,599.5000,602.0000,591.7111,597.3000,15019
2025-10-30,591.5000,593.6000,588.2000,590.7000,25387
2025-10-31,587.6000,593.0000,586.2586,588.9000,15220
2025-11-03,588.7000,596.9000,586.2000,592.5068,16960
2025-11-04,607.5000,615.3216,591.0000,615.3216,75272
2025-11-05,619.0000,627.0000,610.8000,620.9000,43132
2025-11-06,614.3000,626.3000,614.2000,623.3000,11727
2025-11-07,622.3000,625.3953,613.6000,614.7000,27880
2025-11-10,624.4000,633.6000,623.6000,629.3780,9028
2025-11-11,632.2000,639.4000,627.2000,636.6317,19891
2025-11-12,635.6000,647.8000,635.6000,644.5000,19240
2025-11-13,638.3000,648.4000,636.8000,643.2000,8185
2025-11-14,635.4000,636.0000,626.0000,633.8000,8189
2025-11-17,628.3000,628.4000,616.7074,616.7074,4088
2025-11-18,612.9000,615.4000,601.6000,601.6300,25829
2025-11-19,601.2000,614.8000,599.0000,607.4800,16728
2025-11-20,614.1000,614.1000,600.8000,614.1000,365
