date,open,high,low,close,volume
2006-02-28,104.4227,104.4227,103.2282,103.2282,63
2006-03-01,106.4877,106.5336,105.2468,105.2468,828
2006-03-06,103.4893,103.9215,103.4893,103.9215,175
2006-03-08,99.8469,101.4600,99.8469,101.4600,82
2006-03-09,101.6340,102.3868,101.6340,102.3868,12
2006-03-16,105.0326,105.0326,103.1951,103.1951,77
2006-04-25,105.8594,105.8594,104.8156,104.8156,1249
2006-05-04,102.0872,103.5878,102.0871,103.5878,15
2006-05-09,107.5890,108.5682,107.5890,108.5682,19
2006-05-16,99.8541,99.8541,98.1678,98.1678,52
2006-06-21,88.6291,88.9480,88.6291,88.9480,15
2006-07-06,94.1830,94.1830,92.6913,92.6913,688
2006-07-14,90.9495,90.9495,89.7018,89.7018,9
2006-08-22,101.2618,101.2618,99.1658,99.1658,28
2006-08-30,99.1162,99.1162,98.6010,98.6010,31
2006-09-11,98.2380,99.3280,98.2380,99.3280,80
2006-09-18,100.9790,101.0732,99.6627,101.0732,40
2006-10-02,102.8918,102.8918,101.7445,101.7445,23
2006-10-25,107.1740,107.8154,107.1740,107.8154,23
2006-10-26,108.4489,108.4489,106.7877,106.7877,14
2006-11-29,106.9776,107.5198,106.9776,107.5198,11
2006-12-05,107.5143,108.5252,107.5143,108.5252,98
2006-12-15,111.1258,111.8885,111.1258,111.8885,109
2006-12-19,112.5073,112.5073,111.9819,111.9819,48
2007-01-09,118.9772,119.2661,117.1467,117.1467,836
2007-01-12,118.6651,118.6651,117.4430,117.4430,9
2007-01-15,117.3403,117.7820,117.3403,117.7820,69
2007-01-24,121.1839,121.3065,121.1839,121.3065,11
2007-01-25,121.8728,121.8728,121.2839,121.2839,22
2007-01-30,122.6638,122.6638,121.5335,122.5410,130
2007-01-31,124.0030,124.0030,123.6610,123.6610,11
2007-02-06,126.8218,126.8218,126.1359,126.1359,10
2007-02-07,125.9326,126.8119,125.9326,126.8119,349
2007-02-14,125.8029,125.8029,125.4866,125.4866,11
2007-02-16,124.1972,124.9201,124.1972,124.9201,1714
2007-02-20,127.6258,127.6258,125.9815,125.9815,22
2007-02-26,127.7349,127.7349,126.7923,126.7923,22
2007-03-01,118.5196,121.0811,118.2802,121.0811,1129
2007-03-12,121.8208,122.6007,121.8208,122.6007,69
2007-03-16,118.3238,118.3238,118.1597,118.1597,34
2007-03-20,121.5097,121.5097,118.8718,118.8718,69
2007-03-21,121.1985,121.7700,121.1985,121.7700,189
2007-04-17,126.9426,129.2957,126.9426,129.2957,57
2007-04-18,126.2961,127.5528,126.2961,127.5528,57
2007-04-24,128.4323,128.4323,127.7579,127.7579,279
2007-04-25,129.6106,129.6106,128.8631,128.8631,230
2007-05-04,133.8963,134.4271,133.8963,134.4271,114
2007-05-11,131.2053,131.4709,131.2053,131.4709,39
2007-05-14,133.5186,133.5186,132.4316,132.4316,9
2007-05-15,133.5856,133.5856,133.4652,133.4652,29
2007-05-18,135.1792,135.1792,134.1618,134.1618,102
2007-05-22,134.7341,134.7341,133.3983,133.3983,40
2007-05-23,134.1999,134.1999,133.0540,133.0540,413
2007-06-04,138.5649,138.5649,137.3463,137.3463,22
2007-06-06,135.4866,135.4866,132.1643,132.1643,23
2007-06-07,130.5777,130.5777,129.8505,129.8505,34
2007-06-13,127.7620,128.2773,127.7620,128.2773,23
2007-07-03,133.3587,134.3637,133.3587,134.3637,23
2007-07-11,136.3893,136.3893,136.2182,136.2182,402
2007-07-19,132.7791,133.9974,132.7791,133.9974,230
2007-07-24,133.1361,133.1361,131.0132,131.0132,8
2007-07-25,128.7260,129.9334,128.7260,129.9334,44
2007-08-28,127.1792,127.1792,126.0340,126.0340,217
2007-08-30,128.6110,128.6110,126.2329,126.2329,143
2007-08-31,129.1229,129.7444,129.1229,129.7444,130
2007-09-03,132.0188,132.0188,128.9690,128.9690,863
2007-09-04,130.6530,130.6530,129.3121,129.3121,227
2007-09-05,130.8343,130.8343,128.6914,128.6914,60
2007-09-07,127.6838,127.6838,124.6127,124.6127,443
2007-09-12,122.4043,122.8854,122.4043,122.8854,200
2007-10-05,133.5549,133.8423,133.5549,133.8423,253
2007-10-10,135.0396,135.0396,133.8218,133.8218,201
2007-10-11,136.3412,136.3412,136.2692,136.2692,202
2007-10-12,132.7809,134.8051,132.7809,133.4195,1097
2007-10-16,128.7692,129.4184,128.7692,129.4184,279
2007-11-01,128.4453,128.4453,126.8657,126.8657,4591
2007-11-02,127.8916,127.8916,126.3090,126.3090,11478
2007-11-06,128.4900,128.4900,125.6367,125.6367,21809
2007-11-07,130.1215,130.1215,125.3937,125.3937,4936
2007-11-16,120.5297,120.5297,120.5297,120.5297,1886
2007-11-19,116.7197,116.7197,116.7197,116.7197,230
2007-11-21,115.4954,115.4954,115.4954,115.4954,3145
2007-11-28,115.4932,115.4932,115.4932,115.4932,12496
2007-11-29,117.6368,117.6369,117.2214,117.2214,54617
2007-12-03,122.3023,122.3023,122.3023,122.3023,160
2007-12-04,117.3052,117.6021,117.3052,117.3052,8075
2007-12-05,117.7251,119.3240,117.7251,117.7251,3392
2007-12-07,121.8363,122.3297,121.8363,121.8363,9941
2007-12-10,125.1322,125.1322,125.1322,125.1322,220
2007-12-17,120.7000,121.4001,120.7000,120.7000,365
2007-12-18,121.6999,121.7000,121.2000,121.2000,26
2007-12-19,120.8000,120.8000,118.8000,118.8000,2065
2007-12-20,118.9610,119.2001,118.8795,118.8795,4169
2007-12-21,121.7000,121.7000,121.7000,121.7000,3451
2007-12-27,123.3001,123.3001,121.9072,121.9072,3990
2008-01-03,121.2250,121.2250,119.3000,119.3000,274
2008-01-04,119.0001,119.0001,115.6931,115.6931,1483
2008-01-07,115.6001,115.6001,114.2001,114.2001,2537
2008-01-08,113.7001,114.3000,113.6500,113.6500,1040
2008-01-09,115.1001,115.1001,112.9236,112.9236,47343
2008-01-10,111.0000,111.1741,111.0000,111.0000,3541
2008-01-11,111.1001,111.1001,110.6999,110.6999,696
2008-01-15,113.5000,113.5000,109.8000,109.8000,58022
2008-01-17,107.7000,107.7000,107.7000,107.7000,4743
2008-01-18,108.1674,108.1674,108.1674,108.1674,574
2008-01-22,104.8013,104.8013,104.8013,104.8013,57391
2008-01-23,106.1001,106.2115,100.0000,100.0000,82480
2008-01-24,108.3000,108.8573,106.0000,106.0000,419
2008-01-25,107.6000,108.6408,107.6000,107.6000,114955
2008-01-28,106.1001,106.1001,104.0251,104.0251,3616
2008-01-29,103.5000,105.5500,103.5000,103.5000,2629
2008-01-30,104.3001,104.7717,104.3001,104.3001,7471
2008-01-31,102.8000,104.6001,102.6000,102.6000,1407
2008-02-01,106.9001,109.0000,106.9001,106.9001,3107
2008-02-05,108.2000,109.1000,108.2000,108.2000,149
2008-02-06,105.2000,105.3682,105.2000,105.2000,748
2008-02-07,104.1501,104.1501,104.1501,104.1501,148
2008-02-11,99.9500,100.1001,99.9500,99.9500,181
2008-02-12,103.0001,103.0001,103.0001,103.0001,186
2008-02-14,106.4499,106.7000,105.2500,105.2500,7698
2008-02-15,105.4001,106.3501,103.7000,103.7000,13334
2008-02-18,105.4001,107.8000,105.4001,105.4001,601
2008-02-19,107.5500,108.4001,107.1501,107.1501,1832
2008-02-20,105.5150,105.5150,105.5150,105.5150,123964
2008-02-21,107.8000,107.8000,106.5500,106.5500,16180
2008-02-22,104.6001,104.6001,104.6001,104.6001,1
2008-02-26,110.8000,111.2756,109.7250,109.7250,46317
2008-02-27,108.0000,110.0000,107.1501,107.1501,8655
2008-02-28,108.4500,109.1194,108.4500,108.4500,109956
2008-02-29,107.2000,107.2000,107.2000,107.2000,5
2008-03-03,106.6001,106.6001,105.7500,105.7500,176
2008-03-04,106.4001,106.4001,104.3001,104.3001,310
2008-03-05,105.4001,106.7000,105.4001,105.4001,4689
2008-03-06,106.1001,106.6001,104.9849,104.9849,36202
2008-03-07,104.6001,104.9500,104.6001,104.6001,304
2008-03-10,104.3001,104.3001,102.7000,102.7000,12430
2008-03-11,102.5001,104.9455,102.5001,102.5001,2019
2008-03-12,105.2000,105.6001,104.2000,104.2000,1597
2008-03-13,103.1000,103.5501,101.4000,101.4000,29497
2008-03-14,102.7714,103.7000,101.1498,101.1498,68852
2008-03-17,100.1499,100.1499,99.1500,99.1500,14728
2008-03-18,99.5001,100.4495,98.1376,98.1376,21551
2008-03-19,99.3501,100.6001,99.3501,99.3501,67851
2008-03-20,99.8372,99.9500,99.8372,99.8372,711
2008-03-25,102.2000,102.5001,102.2000,102.2000,89078
2008-03-26,102.5500,102.5500,102.1521,102.1521,3421
2008-03-27,103.9944,103.9944,103.9944,103.9944,2984
2008-03-28,103.9500,103.9500,103.8500,103.8500,557
2008-03-31,102.5001,104.1844,102.1001,102.1001,6855
2008-04-01,106.4001,106.4651,106.4001,106.4001,20214
2008-04-02,107.7442,108.7291,107.7442,107.7442,54295
2008-04-03,109.1000,109.1000,107.7784,107.7784,11852
2008-04-04,106.8750,107.9001,106.8750,106.8750,3996
2008-04-07,109.1000,109.4554,109.1000,109.1000,1160
2008-04-08,107.1501,107.1501,107.1501,107.1501,176
2008-04-10,104.0000,104.0899,103.6000,103.6000,68572
2008-04-11,106.1501,106.1501,103.1728,103.1728,115885
2008-04-15,103.9001,103.9001,103.9001,103.9001,39
2008-04-16,104.4000,105.1178,104.4000,104.4000,4681
2008-04-17,105.0000,105.0000,105.0000,105.0000,1
2008-04-21,106.3000,106.3000,106.3000,106.3000,3489
2008-04-23,105.2000,105.2000,105.2000,105.2000,10330
2008-04-24,105.8093,107.0000,105.8093,105.8093,9699
2008-04-28,107.0875,107.0875,106.6137,106.6137,3399
2008-04-29,106.3501,106.3501,106.3501,106.3501,146
2008-04-30,103.8500,103.8500,101.4159,101.4159,10893
2008-05-02,101.7799,101.8000,100.9000,100.9000,6975
2008-05-06,101.3000,101.9874,99.2000,99.2000,86337
2008-05-07,101.0203,103.0164,101.0203,101.0203,3675830
2008-05-08,102.5001,103.1125,102.4251,102.4251,4371
2008-05-09,101.5000,101.5000,101.5000,101.5000,68309
2008-05-13,101.0275,101.0275,101.0275,101.0275,21162
2008-05-14,99.3501,100.2977,99.3501,99.3501,26425
2008-05-15,101.2655,101.3000,101.2655,101.2655,1700
2008-05-16,103.9001,103.9001,103.1167,103.1167,46372
2008-05-19,103.7764,103.7764,103.7764,103.7764,22956
2008-05-20,103.0001,103.0001,101.3501,101.3501,2011
2008-05-21,101.5845,101.5845,101.5845,101.5845,3060
2008-05-23,99.3177,99.3177,99.3177,99.3177,531
2008-05-27,97.7087,97.7087,97.7087,97.7087,550
2008-05-29,98.3250,98.3250,97.6274,97.6274,15799
2008-06-02,97.4000,97.4000,97.1500,97.1500,165
2008-06-04,96.0480,96.7500,96.0480,96.0480,17562
2008-06-05,97.4500,97.4500,96.8000,96.8000,267
2008-06-06,97.0500,97.0500,96.1792,96.1792,395
2008-06-09,93.0001,93.0001,92.5001,92.5001,117223
2008-06-10,91.7541,92.3806,91.7541,91.7541,25250
2008-06-11,91.6500,91.6500,91.6500,91.6500,467
2008-06-12,91.3076,91.3076,91.3076,91.3076,459
2008-06-13,91.0605,91.1000,90.3185,90.3185,9756
2008-06-16,90.1000,90.6000,90.1000,90.1000,230
2008-06-17,90.1492,90.1492,90.1000,90.1000,77462
2008-06-18,87.6438,87.6438,87.6438,87.6438,200
2008-06-19,87.2501,87.2501,87.2501,87.2501,638
2008-06-23,85.9789,85.9789,85.3383,85.3383,45339
2008-06-24,85.2500,85.2960,84.4761,84.4761,105881
2008-06-25,83.2751,84.5376,83.2751,83.2751,133181
2008-06-26,83.8251,83.8251,83.1500,83.1500,16408
2008-06-27,82.8000,83.8063,82.6000,82.6000,1783
2008-06-30,81.9000,81.9113,81.3643,81.3643,93470
2008-07-01,83.0000,83.0000,79.6501,79.6501,36528
2008-07-02,79.7062,80.4999,78.8790,78.8790,81726
2008-07-03,77.7221,78.0500,76.1501,76.1501,35256
2008-07-04,77.8001,77.8001,77.8001,77.8001,1
2008-07-07,77.8986,77.8986,77.8986,77.8986,4385
2008-07-08,77.0000,77.1000,76.5500,76.5500,2690
2008-07-09,78.0501,78.5125,77.5501,77.5501,301610
2008-07-11,75.3000,75.8375,75.3000,75.3000,61331
2008-07-16,71.5251,71.5251,71.5251,71.5251,119
2008-07-17,73.5000,74.9507,73.5000,73.5000,5063
2008-07-18,74.1001,75.9169,74.1001,74.1001,17093
2008-07-21,75.8000,75.8000,75.8000,75.8000,9
2008-07-22,75.8500,75.9001,74.3062,74.3062,4499
2008-07-23,76.7000,78.3739,76.7000,76.7000,468
2008-07-24,79.1001,79.1001,78.2001,78.2001,238
2008-07-25,76.0500,76.0500,76.0500,76.0500,2
2008-07-28,76.1607,76.1607,75.3500,75.3500,4132
2008-07-29,74.5142,74.5142,74.0000,74.0000,12632
2008-07-30,75.3296,75.3296,75.1000,75.1000,11503
2008-07-31,74.6001,74.7500,74.6001,74.6001,281
2008-08-04,72.6182,72.7751,72.6182,72.6182,20686
2008-08-05,72.2500,73.7701,72.2500,72.2500,58716
2008-08-06,76.0320,76.2000,76.0320,76.0320,73035
2008-08-07,77.6862,78.1001,75.9500,75.9500,33232
2008-08-08,77.9496,77.9496,77.9496,77.9496,9
2008-08-11,79.3055,79.4500,78.0000,78.0000,8203
2008-08-12,80.5922,80.5922,80.5922,80.5922,6
2008-08-13,79.0141,79.0141,78.5500,78.5500,339
2008-08-14,78.3397,78.3397,78.3397,78.3397,5
2008-08-15,79.0217,79.0217,79.0217,79.0217,25
2008-08-18,78.5000,79.4500,78.5000,78.5000,642
2008-08-19,78.2938,78.2938,78.2500,78.2500,6
2008-08-20,77.9000,77.9000,77.5511,77.5511,27066
2008-08-21,74.5500,75.4250,74.5500,74.5500,482
2008-08-22,77.8000,77.8000,77.8000,77.8000,8
2008-08-26,76.0001,76.6648,76.0001,76.0001,4021
2008-08-27,76.5000,76.5000,76.5000,76.5000,31
2008-08-28,77.0501,77.0501,77.0501,77.0501,6
2008-08-29,78.7624,79.3052,78.7624,78.7624,8504
2008-09-01,78.1001,79.3938,78.1001,78.1001,8
2008-09-02,82.4751,82.4751,82.4751,82.4751,5414
2008-09-03,81.7682,81.7682,81.5285,81.5285,8874
2008-09-04,81.4000,81.4000,80.3980,80.3980,153259
2008-09-05,78.4645,78.4645,77.9375,77.9375,164884
2008-09-09,81.3974,81.3974,81.3974,81.3974,5
2008-09-10,81.7562,81.7562,81.7562,81.7562,2378
2008-09-11,82.1703,82.1703,80.8000,80.8000,1729
2008-09-12,80.0569,80.4999,80.0450,80.0450,91659
2008-09-15,81.1000,85.5500,81.1000,81.1000,43718
2008-09-16,80.9999,89.5500,80.9999,80.9999,9884
2008-09-18,87.2001,88.9000,87.2001,87.2001,35881
2008-09-19,93.0501,110.0000,93.0501,93.0501,2369
2008-09-22,94.7500,94.7500,90.0000,90.0000,4510
2008-09-23,86.0250,86.0250,85.7001,85.7001,29650
2008-09-24,86.2500,86.2500,84.3500,84.3500,2945
2008-09-29,82.2999,82.2999,78.6300,78.6300,105999
2008-09-30,79.4500,79.4500,79.4500,79.4500,410
2008-10-01,81.3199,81.3199,79.7499,79.7499,16527
2008-10-02,78.9139,78.9139,78.9139,78.9139,48495
2008-10-03,78.0500,78.8000,76.4500,76.4500,202829
2008-10-06,76.0250,76.0250,75.9044,75.9044,7038
2008-10-07,76.3688,76.3997,74.5000,74.5000,34289
2008-10-08,72.7301,73.9395,72.6530,72.6530,46355
2008-10-13,71.7501,71.7501,71.7501,71.7501,84
2008-10-14,76.4751,78.3547,76.4751,76.4751,31588
2008-10-15,77.2500,77.2500,77.2500,77.2500,846
2008-10-16,67.5990,67.6390,67.5990,67.5990,5739
2008-10-17,64.7250,64.8751,63.8501,63.8501,2374
2008-10-20,65.7501,66.2126,65.7501,65.7501,11484
2008-10-21,69.6999,69.6999,69.6999,69.6999,34
2008-10-22,69.4000,69.4000,61.7250,61.7250,21163
2008-10-23,61.5384,61.5384,60.9000,60.9000,4537
2008-10-24,57.5000,59.2001,57.5000,57.5000,1015
2008-10-27,56.2501,56.5500,55.3149,55.3149,205735
2008-10-28,58.6203,58.6203,57.0000,57.0000,40037
2008-10-29,60.4501,60.4501,60.4501,60.4501,6
2008-10-30,66.8001,67.0000,65.0000,65.0000,11118
2008-10-31,63.6500,65.2500,63.1251,63.1251,118359
2008-11-03,64.5500,64.5500,63.2000,63.2000,18293
2008-11-04,64.5750,65.4751,64.2750,64.2750,19389
2008-11-05,64.5500,65.2749,63.7500,63.7500,58535
2008-11-06,61.3001,61.3001,58.4000,58.4000,28985
2008-11-07,59.6000,59.7600,56.2000,56.2000,13816
2008-11-10,63.2000,63.2000,63.2000,63.2000,21
2008-11-11,58.6500,59.4000,57.6500,57.6500,184201
2008-11-13,52.8500,52.9001,51.2501,51.2501,1165
2008-11-14,53.1831,53.5000,53.1831,53.1831,5606
2008-11-17,52.5001,52.5001,52.5001,52.5001,5
2008-11-18,49.4679,49.4679,49.4679,49.4679,918
2008-11-19,50.0000,50.0000,47.9912,47.9912,1390
2008-11-20,45.1000,45.1000,43.3939,43.3939,11926
2008-11-25,49.4403,49.4403,49.4403,49.4403,12728
2008-11-26,51.0001,51.0001,51.0001,51.0001,817
2008-12-02,50.1093,50.1093,50.1093,50.1093,1752
2008-12-03,50.2800,50.2800,50.2800,50.2800,55095
2008-12-04,53.6542,53.6542,53.6542,53.6542,2755
2008-12-08,57.4982,57.4982,57.4982,57.4982,2296
2008-12-09,62.1499,62.1499,62.1499,62.1499,545
2008-12-15,62.5001,62.5001,61.9500,61.9500,11863
2008-12-16,59.1000,60.1228,59.0400,59.0400,28695
2008-12-17,61.3499,61.3499,61.3499,61.3499,1618
2008-12-19,59.4000,59.4000,59.4000,59.4000,363
2008-12-22,58.2500,59.0827,58.2500,58.2500,9681
2008-12-23,58.9539,58.9539,58.9539,58.9539,4476
2008-12-29,58.9412,59.0721,58.9412,58.9412,3123
2008-12-30,60.4501,60.4501,60.4501,60.4501,228
2009-01-09,62.5438,62.5438,62.5438,62.5438,302
2009-01-12,61.6022,61.6022,61.2702,61.2702,8899
2009-01-13,57.0000,57.0000,56.3063,56.3063,126545
2009-01-14,53.7265,53.7265,53.7265,53.7265,683
2009-01-15,51.7385,51.7385,51.7385,51.7385,114782
2009-01-16,53.5647,53.5750,53.5647,53.5647,26400
2009-01-20,52.5000,52.5000,50.1500,50.1500,9075
2009-01-21,49.3301,50.1000,49.3301,49.3301,85742
2009-01-22,50.6750,50.6750,50.6750,50.6750,15427
2009-01-23,46.6900,46.6900,45.8600,45.8600,9181
2009-01-26,47.4600,47.4801,47.4000,47.4000,1763
2009-01-27,45.9395,45.9395,45.9395,45.9395,11657
2009-01-28,48.8669,48.8669,48.8669,48.8669,86086
2009-01-29,47.4600,47.4600,47.4600,47.4600,3788
2009-01-30,46.3976,46.9400,46.3976,46.3976,21128
2009-02-06,49.4784,49.4784,49.4784,49.4784,22956
2009-02-09,51.8527,51.8527,51.8527,51.8527,3939
2009-02-11,50.7923,50.7923,50.7923,50.7923,5739
2009-02-13,51.1202,51.1202,51.1202,51.1202,257
2009-02-17,45.3200,45.3200,45.3200,45.3200,11478
2009-02-20,42.4350,42.4350,41.4687,41.4687,14700
2009-02-23,39.8801,39.8801,39.8801,39.8801,301
2009-02-24,39.2925,39.2925,39.2925,39.2925,60
2009-02-25,40.0200,40.0200,40.0200,40.0200,180
2009-02-27,39.5166,39.5166,38.9999,38.9999,29342
2009-03-02,36.9972,36.9972,36.8599,36.8599,40272
2009-03-03,36.1600,36.2964,35.9252,35.9252,273204
2009-03-04,33.3101,36.5408,33.3101,33.3101,17107
2009-03-09,33.1200,33.1200,33.1200,33.1200,259
2009-03-10,33.1900,33.2400,33.1599,33.1599,2337
2009-03-12,37.4050,39.0000,37.4050,37.4050,5662
2009-03-13,39.7001,39.7812,37.4200,37.4200,43617
2009-03-16,37.4687,38.5000,37.2080,37.2080,35437
2009-03-17,37.1001,37.1001,37.1001,37.1001,6069
2009-03-19,37.5662,37.5662,37.5662,37.5662,14348
2009-03-26,42.9801,42.9801,42.9801,42.9801,80
2009-03-27,44.0656,44.0656,43.9600,43.9600,16825
2009-03-30,41.7200,41.7200,40.2494,40.2494,17757
2009-03-31,40.1157,40.2000,40.1157,40.1157,2828
2009-04-02,45.0809,45.0809,45.0809,45.0809,525
2009-04-03,46.5628,48.2000,46.5628,46.5628,20220
2009-04-06,50.1164,50.1164,48.5346,48.5346,7444
2009-04-07,45.6032,45.6900,45.6032,45.6032,13774
2009-04-08,44.7300,44.7300,44.7300,44.7300,8953
2009-04-09,47.3634,47.3634,47.2500,47.2500,13726
2009-04-14,48.4001,48.4001,48.4001,48.4001,1271
2009-04-15,52.0001,52.0001,51.0500,51.0500,44260
2009-04-16,54.1500,54.1500,53.3500,53.3500,26285
2009-04-17,54.0851,54.5000,54.0558,54.0558,40448
2009-04-20,54.4386,54.5750,51.3283,51.3283,77019
2009-04-21,51.9060,51.9060,48.7600,48.7600,61649
2009-04-22,53.7836,53.7836,53.7836,53.7836,8609
2009-04-24,55.0704,55.2999,55.0704,55.0704,12126
2009-04-27,55.8750,56.2250,55.8750,55.8750,950
2009-04-28,55.3351,55.3351,55.1783,55.1783,39313
2009-04-29,55.0829,55.0829,55.0829,55.0829,16801
2009-04-30,57.4000,59.0715,57.4000,57.4000,73804
2009-05-05,60.5001,60.5249,60.5001,60.5001,42699
2009-05-06,60.2616,60.2616,59.5212,59.5212,118799
2009-05-07,58.1000,58.1000,58.1000,58.1000,1253
2009-05-08,58.0501,58.0501,56.8946,56.8946,36777
2009-05-11,56.6826,56.6826,56.6826,56.6826,16643
2009-05-12,54.4967,55.0536,54.3500,54.3500,13025
2009-05-14,51.9050,51.9050,51.9050,51.9050,130
2009-05-15,53.0000,53.0000,52.1001,52.1001,22297
2009-05-18,53.3969,55.1587,53.3969,53.3969,26687
2009-05-19,58.1062,58.1062,58.1062,58.1062,49192
2009-05-20,59.4000,59.4000,59.4000,59.4000,1083
2009-05-22,58.7000,58.7000,58.3812,58.3812,6510
2009-07-13,51.1471,51.1471,51.1471,51.1471,122850
2014-03-11,73.0500,73.0500,73.0500,73.0500,129
2014-03-14,69.2500,69.2500,69.2500,69.2500,210
2014-03-19,70.4500,70.4500,70.4500,70.4500,116
2014-03-24,70.0000,70.0000,69.5550,69.5550,17842
2014-03-26,70.8000,70.8000,70.8000,70.8000,19688
2014-04-01,73.5000,73.5000,73.5000,73.5000,210
2014-04-04,75.4525,78.5050,75.4525,78.5050,630
2014-04-07,85.2500,85.2500,81.2525,81.2525,516
2014-04-09,81.0000,81.2500,81.0000,81.2500,21001
2014-04-10,82.3250,82.3250,82.3250,82.3250,105000
2014-04-14,78.0525,78.0525,78.0525,78.0525,368
2014-04-15,78.6550,78.6550,77.9975,78.3550,683
2014-04-16,78.3050,78.3050,78.3050,78.3050,284
2014-04-17,79.3525,79.3525,79.3525,79.3525,368
2014-04-22,79.0000,79.7525,79.0000,79.7525,298
2014-04-23,80.0000,80.0525,80.0000,80.0525,620
2014-04-25,78.4736,78.5270,78.4736,78.5270,25926
2014-04-29,80.0000,81.2500,80.0000,80.8500,168000
2014-04-30,80.2901,80.2901,80.2901,80.2901,1288
2014-05-02,79.5000,79.5000,78.7750,78.7750,52810
2014-05-06,76.7000,76.7750,76.7000,76.7750,157500
2014-05-08,76.2700,76.2700,76.2700,76.2700,247
2014-05-09,77.1842,77.1842,77.1630,77.1630,25211
2014-05-12,77.3975,79.1000,77.3975,79.0500,84017
2014-05-13,78.6000,78.6000,78.6000,78.6000,52500
2014-05-14,78.7000,78.7000,78.7000,78.7000,67
2014-05-15,77.8820,77.8820,77.7000,77.8820,105619
2014-05-19,77.0450,77.0450,77.0450,77.0450,105
2014-05-21,78.0000,78.0000,78.0000,78.0000,9
2014-06-03,78.5500,78.5500,78.0000,78.0000,207
2014-06-06,82.3000,82.5250,82.3000,82.5250,97860
2014-06-12,82.6500,82.6500,82.6500,82.6500,21000
2014-06-13,82.4975,82.4975,82.4975,82.4975,210
2014-06-16,81.5000,81.5000,81.5000,81.5000,22
2014-06-17,80.6450,80.8500,80.6450,80.8500,415
2014-06-20,79.7500,79.7500,79.7500,79.7500,525
2014-06-24,78.6000,78.6000,78.6000,78.6000,352
2014-06-26,77.3860,77.4500,77.3860,77.4500,6999
2014-06-27,77.3000,78.0500,77.3000,78.0500,15849
2014-06-30,78.4500,78.4500,77.6420,77.8000,36120
2014-07-04,81.4000,81.4000,81.3500,81.3500,13241
2014-07-07,81.3000,81.3000,81.3000,81.3000,473
2014-07-09,79.7500,79.7500,79.1950,79.1950,896
2014-07-10,78.7500,78.7500,77.7500,77.7500,368
2014-07-17,78.0000,78.0000,78.0000,78.0000,751
2014-07-18,76.6450,76.6450,76.6450,76.6450,845
2014-07-22,76.1500,76.1500,76.1500,76.1500,121
2014-07-29,76.8500,76.8500,76.8500,76.8500,105
2014-08-04,72.9500,72.9500,72.9500,72.9500,58800
2014-08-06,70.4000,70.8053,70.4000,70.8053,109662
2014-08-07,70.7425,70.7425,70.4500,70.4500,70942
2014-08-12,70.2250,70.2250,70.2250,70.2250,157500
2014-08-13,70.6000,70.6000,70.6000,70.6000,179
2014-08-19,71.8950,71.9450,71.0000,71.0000,1407
2014-08-20,71.7500,71.7500,71.7500,71.7500,1
2014-08-22,73.1500,73.3050,73.1500,73.3050,341
2014-08-27,74.4500,74.4500,74.4500,74.4500,36750
2014-08-28,73.5000,73.7605,73.5000,73.7605,4222
2014-08-29,73.7925,73.7925,72.8000,72.8000,3717
2014-09-01,72.9425,72.9425,72.7500,72.7500,247
2014-09-02,72.1700,72.1700,72.1500,72.1500,27088
2014-09-03,73.0000,73.3100,73.0000,73.3100,15841
2014-09-11,72.6600,72.6600,72.6600,72.6600,21000
2014-09-12,71.9975,71.9975,71.9975,71.9975,110
2014-09-16,70.3000,70.3000,70.3000,70.3000,2888
2014-09-17,70.5900,70.5900,70.5900,70.5900,67
2014-09-22,70.3000,70.3000,70.3000,70.3000,50400
2014-09-23,69.3500,69.3500,69.3500,69.3500,116
2014-09-24,69.4500,69.4500,69.4500,69.4500,221
2014-09-26,69.2324,69.2324,69.2324,69.2324,5513
2014-10-01,69.6500,69.6500,68.6000,68.6471,46450
2014-10-02,67.6500,67.6500,67.6500,67.6500,47040
2014-10-03,66.9736,66.9736,66.9736,66.9736,29400
2014-10-07,66.9975,66.9975,66.9975,66.9975,1050
2014-10-14,62.9000,62.9000,62.9000,62.9000,326
2014-10-15,64.2450,64.2450,64.2450,64.2450,180
2014-10-17,63.0000,63.0000,62.7481,62.7481,2405
2014-10-21,64.5000,64.5000,64.5000,64.5000,84
2014-10-23,65.4000,65.4000,65.4000,65.4000,326
2014-10-31,68.2500,68.2500,68.2500,68.2500,126
2014-11-05,67.1750,67.3000,67.1750,67.3000,77524
2014-11-07,68.5000,68.5550,68.4475,68.4475,53844
2014-11-14,68.3475,68.3475,68.3475,68.3475,105
2014-11-19,69.9475,69.9475,69.9475,69.9475,630
2014-11-20,69.5530,69.5530,69.5530,69.5530,26250
2014-11-21,71.1000,72.4604,71.1000,72.4604,63000
2014-11-24,72.1500,72.1500,72.1500,72.1500,10500
2014-11-25,72.2340,72.2340,72.0000,72.0000,52878
2014-11-26,71.4950,71.5130,71.4950,71.5130,52826
2014-11-27,71.2120,71.3829,71.2120,71.3829,31582
2014-11-28,71.2600,71.2600,71.2600,71.2600,26250
2014-12-01,70.7430,70.7430,70.7430,70.7430,2100
2014-12-03,73.1500,73.1500,73.1500,73.1500,36750
2014-12-04,73.5000,73.5000,72.4500,72.4500,89355
2014-12-11,68.9300,68.9300,68.9300,68.9300,84000
2014-12-12,68.7500,68.7500,68.7500,68.7500,210
2014-12-15,67.0670,67.0670,67.0670,67.0670,120027
2014-12-17,67.6000,67.6000,67.6000,67.6000,595
2014-12-18,69.9196,69.9196,69.9196,69.9196,31500
2014-12-19,71.8450,71.8450,70.9500,70.9500,5460
2014-12-22,71.0000,71.0000,70.9411,71.0000,35766
2014-12-23,71.6590,71.6590,71.6590,71.6590,52500
2014-12-29,71.6541,71.6541,71.6541,71.6541,24255
2014-12-30,71.6950,71.6950,71.6950,71.6950,26
2015-01-05,70.5718,70.5718,70.5718,70.5718,360
2015-01-06,68.9975,68.9975,68.9975,68.9975,105
2015-01-07,69.6527,69.6527,69.6527,69.6527,9690
2015-01-12,71.4000,71.5000,70.6000,71.1000,123210
2015-01-13,71.9500,72.1000,71.9500,72.1000,13137
2015-01-15,57.0000,67.0565,57.0000,67.0565,44125
2015-01-16,61.4291,61.4291,61.4291,61.4291,7350
2015-01-19,61.7500,61.7500,61.7500,61.7500,47
2015-01-26,63.0715,63.0715,63.0715,63.0715,36750
2015-01-30,64.3500,64.4466,64.3500,64.4466,26479
2015-02-02,65.5000,66.0000,65.5000,66.0000,254
2015-02-03,68.2500,68.2500,67.9000,67.9500,158416
2015-02-06,67.9500,67.9500,67.9500,67.9500,1050
2015-02-09,67.2500,67.2500,67.2500,67.2500,47
2015-02-13,70.0500,70.2975,70.0500,70.2975,26441
2015-02-16,69.8525,69.8525,69.8025,69.8025,1050
2015-02-17,70.2500,70.2500,70.2500,70.2500,105
2015-02-19,72.4950,72.4950,72.4950,72.4950,69
2015-02-20,72.3450,72.3450,71.9475,71.9475,118
2015-02-23,73.0905,73.2525,73.0905,73.2525,52648
2015-02-24,73.0000,73.5235,73.0000,73.5235,102006
2015-02-25,73.8000,73.8000,73.6964,73.6964,5395
2015-02-26,73.6145,73.6145,73.6145,73.6145,78750
2015-02-27,73.0380,74.1772,73.0380,73.5853,311052
2015-03-02,74.2818,74.2818,73.3000,73.3000,32005
2015-03-03,73.8106,73.8106,73.8106,73.8106,31500
2015-03-04,73.3348,73.3348,73.3348,73.3348,10500
2015-03-06,74.4975,74.4975,74.4975,74.4975,239
2015-03-09,75.2975,75.2975,75.2975,75.2975,128
2015-03-11,73.9475,73.9475,73.9475,73.9475,68
2015-03-12,74.0975,74.0975,74.0975,74.0975,105
2015-03-13,75.3975,76.2525,75.3000,75.3000,4500
2015-03-16,74.6357,74.6357,74.6357,74.6357,23167
2015-03-17,73.5000,73.5000,73.0000,73.0000,583
2015-03-18,74.0000,75.3147,74.0000,75.3147,85575
2015-03-19,76.0500,76.0500,75.7000,75.7000,25036
2015-03-23,75.9975,76.5500,75.9975,76.5500,39418
2015-03-26,74.0300,74.0300,74.0300,74.0300,168
2015-03-27,73.2500,73.2500,73.2500,73.2500,2
2015-04-08,73.3682,73.3682,73.3390,73.3390,108675
2015-04-09,75.6025,75.6025,75.6025,75.6025,16
2015-04-14,75.1450,75.1450,74.9950,74.9950,337
2015-04-17,74.9475,74.9975,74.5950,74.6475,209
2015-04-22,75.3025,75.3025,75.3025,75.3025,201
2015-04-23,75.5475,75.5475,75.5475,75.5475,117
2015-04-24,76.0000,76.0000,76.0000,76.0000,699
2015-04-27,76.0450,76.0450,75.8975,76.0450,307
2015-04-29,75.8158,75.8158,75.8158,75.8158,3969
2015-05-05,75.8475,75.8475,75.5475,75.5475,131
2015-05-07,71.7500,71.7500,71.7500,71.7500,315
2015-05-11,75.5475,75.5475,75.5475,75.5475,131
2015-05-12,74.7500,74.7500,74.7500,74.7500,1
2015-05-13,74.5975,74.5975,74.5975,74.5975,42
2015-05-15,74.5500,74.5975,73.7500,74.5975,36282
2015-05-18,74.0050,74.0050,74.0050,74.0050,101
2015-05-19,75.3010,75.3010,75.3010,75.3010,33075
2015-05-20,75.0050,75.0050,74.6544,74.6544,21176
2015-05-21,75.3550,75.3550,75.3550,75.3550,54
2015-05-22,75.5478,75.5478,75.4812,75.4812,24334
2015-05-28,75.4475,75.7475,75.4475,75.6450,378
2015-05-29,75.5450,75.5450,74.4975,74.4975,488
2015-06-01,74.2475,74.2475,74.0000,74.0000,47292
2015-06-02,73.8975,73.8975,73.1500,73.4766,90170
2015-06-03,73.8450,73.8450,73.8450,73.8450,47
2015-06-04,72.7975,72.7975,72.7975,72.7975,105
2015-06-05,72.4450,72.4450,72.4450,72.4450,17
2015-06-08,71.1975,71.1975,71.1975,71.1975,53
2015-06-09,71.2983,71.2983,70.3500,70.5000,49069
2015-06-10,70.6500,71.0000,70.6500,71.0000,46936
2015-06-11,72.5975,72.5975,72.5975,72.5975,63
2015-06-15,69.6975,69.6975,69.6975,69.6975,166
2015-06-17,69.6500,69.6500,69.4500,69.5290,50230
2015-06-18,69.1025,69.1025,69.1025,69.1025,99
2015-06-19,69.8525,69.8525,69.7975,69.8525,260
2015-06-22,70.6975,70.6975,70.6975,70.6975,105
2015-06-23,71.7000,72.7975,71.7000,72.7975,40778
2015-06-24,72.5500,72.5500,72.5140,72.5140,25988
2015-06-25,71.8975,71.8975,71.8975,71.8975,142
2015-06-26,71.6475,71.7975,71.6475,71.6475,631
2015-06-29,69.5950,69.9000,69.5950,69.9000,97109
2015-06-30,69.6500,69.6500,69.6500,69.6500,4
2015-07-01,69.6950,69.6950,69.6475,69.6475,210
2015-07-02,71.1025,71.1025,71.1025,71.1025,47
2015-07-06,69.5500,69.5500,69.5500,69.5500,3570
2015-07-07,70.8845,70.8845,70.4975,70.4975,21095
2015-07-13,74.2305,74.2305,74.2305,74.2305,121800
2015-07-14,73.5950,73.7975,73.5950,73.7975,34583
2015-07-15,75.1000,75.1000,75.1000,75.1000,52500
2015-07-17,75.1996,75.1996,75.1996,75.1996,7875
2015-07-23,72.0450,72.0450,72.0450,72.0450,100
2015-07-24,71.8950,72.0000,71.0500,71.0500,157673
2015-07-28,68.6975,68.6975,68.6975,68.6975,47
2015-07-29,65.4000,65.4000,65.4000,65.4000,74207
2015-07-31,66.9950,67.2475,66.9950,67.0450,610
2015-08-03,67.1450,67.1450,67.0500,67.0500,48405
2015-08-05,69.1000,69.1000,69.1000,69.1000,11739
2015-08-07,68.6475,69.0000,68.5450,69.0000,232
2015-08-10,68.8794,69.3450,68.8794,69.3450,1645
2015-08-11,69.4049,69.5000,69.4000,69.5000,12895
2015-08-17,65.6975,66.4350,65.6975,66.4350,1932
2015-08-19,65.5050,65.5050,64.9024,64.9024,369
2015-08-24,59.2500,60.0975,59.2500,60.0475,830
2015-08-27,61.3975,61.3975,61.3975,61.3975,11
2015-09-01,60.0000,60.0000,60.0000,60.0000,105
2015-09-03,61.0525,61.0525,61.0525,61.0525,60
2015-09-08,57.0273,57.0273,56.9122,56.9122,715
2015-09-09,58.5770,58.8336,58.4952,58.5115,1841
2015-09-11,58.7063,58.7339,57.4729,57.5389,2072
2015-09-14,57.4890,57.4890,56.8554,57.0752,28304
2015-09-15,57.3069,57.9110,56.2496,57.9110,31293
2015-09-16,58.1163,58.2163,57.8432,58.2163,894
2015-09-18,57.7634,57.7961,55.9928,55.9928,18370
2015-09-21,56.5687,56.5687,55.1105,55.1105,1475
2015-09-22,55.5748,55.5748,52.9501,53.3094,10814
2015-09-23,52.5713,52.7710,52.0090,52.7710,13523
2015-09-24,51.8448,51.8448,50.3453,50.3453,11349
2015-09-25,51.0248,51.5559,51.0248,51.4172,9755
2015-09-28,50.6495,50.7287,49.2067,49.3843,10891
2015-09-29,49.8993,50.6480,49.4118,50.2175,1263
2015-09-30,50.2698,50.2698,50.2698,50.2698,24362
2015-10-01,51.8448,52.2877,51.2088,51.3077,9800
2015-10-02,52.3448,52.3448,51.6343,51.6343,9598
2015-10-05,52.9181,54.0247,52.9181,54.0247,6566
2015-10-06,53.1475,54.1183,53.1475,54.1183,1845
2015-10-07,54.9327,55.7404,54.6162,55.1949,175742
2015-10-08,55.2233,55.5300,55.2233,55.4066,3782
2015-10-09,56.3062,56.4678,56.3062,56.4678,175
2015-10-12,56.3310,56.3310,54.5109,54.5109,607
2015-10-13,52.8731,53.8886,52.8731,53.7330,2498
2015-10-14,52.9499,52.9499,52.9499,52.9499,16
2015-10-15,52.9643,53.9411,52.8832,53.8626,1258
2015-10-16,54.6422,54.9560,54.5556,54.5556,842
2015-10-19,54.4191,54.8089,54.3017,54.6411,2561
2015-10-20,54.2666,54.2666,53.2979,53.2979,1633
2015-10-21,54.0680,54.6836,53.6462,53.7793,5816
2015-10-22,53.7295,54.9980,53.7295,54.8137,3345
2015-10-23,55.6904,56.4783,55.6904,56.2346,2617
2015-10-26,56.6602,57.4465,56.3065,56.5235,7932
2015-10-27,56.1606,56.1606,55.5673,55.5673,212
2015-10-28,55.2934,55.8548,54.6230,55.6586,7496
2015-10-29,55.5843,55.6387,54.5879,55.5005,314296
2015-10-30,56.1602,56.1602,55.2780,55.2780,9013
2015-11-03,56.1339,57.0239,55.9928,56.7255,4147
2015-11-04,57.5894,57.9130,57.4290,57.4290,261
2015-11-06,56.8956,57.8134,56.7340,57.8080,2916
2015-11-09,58.8223,58.8223,57.9746,57.9854,387
2015-11-10,57.1268,60.9368,56.0916,56.4028,43972
2015-11-11,56.5668,57.7520,56.4838,57.0301,1975
2015-11-12,56.0840,56.3861,56.0840,56.3861,124
2015-11-13,56.1825,56.1825,54.7233,54.9235,3000
2015-11-16,55.0422,55.0422,54.5456,54.5456,1367
2015-11-17,55.9728,55.9728,55.6431,55.6431,465
2015-11-18,55.2160,55.2663,55.2160,55.2663,17525
2015-11-19,56.2225,56.3858,54.8402,55.5637,1226
2015-11-20,55.1495,55.7027,55.0595,55.3636,52583
2015-11-23,54.3115,55.0046,54.3115,55.0046,4785
2015-11-24,54.5580,54.6767,53.7851,54.6767,30401
2015-11-25,56.0651,56.4830,55.0302,55.0302,74174
2015-11-26,56.2152,56.3094,56.0684,56.3094,15366
2015-11-27,55.9444,55.9444,54.8860,54.9902,16418
2015-11-30,54.9349,55.2606,54.9077,55.2120,5473
2015-12-02,55.9730,55.9730,55.6411,55.6411,1185
2015-12-04,52.1720,52.1720,52.1720,52.1720,19
2015-12-07,52.3839,52.8482,52.3839,52.8482,2968
2015-12-08,51.4033,51.4033,50.0639,50.0639,50367
2015-12-09,50.3178,50.3178,50.3178,50.3178,5000
2015-12-10,50.3985,50.3985,50.3985,50.3985,78
2015-12-11,49.9925,53.9292,49.6625,49.6625,16682
2015-12-14,50.1237,50.1237,48.9963,48.9963,1712
2015-12-15,48.9805,49.5336,48.9805,48.9975,15405
2015-12-16,49.3264,50.0078,49.3264,49.7690,3975
2015-12-17,51.1849,51.1849,49.5923,49.5923,191
2015-12-18,48.4262,48.4262,48.4262,48.4262,771
2015-12-21,48.8600,48.9111,48.8442,48.9111,10877
2015-12-22,48.6017,48.6017,48.6017,48.6017,1394
2015-12-23,50.4262,50.4262,50.2856,50.2856,17443
2015-12-29,50.0122,50.0122,50.0122,50.0122,51
2016-01-05,48.1063,48.5137,48.1063,48.5137,841
2016-01-06,47.7064,47.7064,47.5637,47.5637,162
2016-01-07,46.5730,46.6875,46.5730,46.6875,1268
2016-01-08,46.1596,46.5235,46.1596,46.4083,20782
2016-01-12,45.0331,45.5949,45.0331,45.5949,29680
2016-01-13,45.8844,45.9482,45.8844,45.9482,25068
2016-01-14,44.1674,44.1674,43.8150,43.8150,1312
2016-01-15,42.3392,42.8146,42.2820,42.2820,26891
2016-01-18,42.0785,42.3898,42.0785,42.3898,4081
2016-01-19,46.9206,46.9206,43.1252,43.1252,50736
2016-01-20,41.1763,44.9434,40.7060,40.7767,234630
2016-01-21,41.7573,41.7573,41.2894,41.2894,12401
2016-01-22,43.9759,43.9759,43.2983,43.3962,8237
2016-01-26,41.3902,42.0638,41.3902,42.0638,20090
2016-01-27,43.0564,43.0564,43.0564,43.0564,85
2016-01-28,43.1808,43.1808,43.1808,43.1808,576
2016-01-29,43.2993,43.2993,43.2993,43.2993,9
2016-02-01,42.1863,42.9087,42.1863,42.9087,387
2016-02-03,40.0188,40.0188,40.0188,40.0188,4503
2016-02-04,37.1887,37.7684,37.1887,37.6703,192253
2016-02-05,38.4616,39.2110,38.4616,38.7020,52242
2016-02-08,37.4723,37.4723,37.3032,37.3032,1514
2016-02-09,36.7816,36.7816,33.7280,34.0163,25241
2016-02-10,35.0847,35.4183,35.0792,35.4183,50185
2016-02-11,34.2900,34.2900,33.4651,33.4651,34194
2016-02-12,34.3592,35.0515,34.3592,35.0515,36818
2016-02-16,36.1749,36.2354,36.1749,36.2354,313517
2016-02-17,37.7012,37.8713,37.4224,37.4224,11455
2016-02-18,38.5610,38.5610,38.4530,38.4530,5200
2016-02-19,37.4903,37.6638,37.4903,37.6638,1119
2016-02-22,38.5890,38.5890,38.5890,38.5890,325
2016-02-24,35.5205,36.1841,35.5205,36.1841,1160
2016-02-26,38.7381,38.9549,38.7381,38.9549,11773
2016-02-29,39.0917,39.0917,38.6364,38.6834,529
2016-03-01,40.0436,40.0436,39.9243,39.9622,142338
2016-03-02,41.6568,41.6568,40.7334,40.7662,944
2016-03-03,41.8227,42.7845,41.8227,42.7845,77
2016-03-04,42.7389,42.7389,42.7383,42.7383,19711
2016-03-07,42.4815,42.8744,42.4815,42.7740,1770
2016-03-10,42.8156,42.8156,42.8156,42.8156,4400
2016-03-16,42.1399,42.1399,35.4513,35.4513,100877
2016-03-17,41.9895,41.9895,41.9895,41.9895,490
2016-03-18,41.3983,41.3983,41.3983,41.3983,25000
2016-03-24,42.6965,42.6965,42.6965,42.6965,9
2016-03-29,42.0939,42.2524,42.0939,42.2524,4796
2016-03-31,38.0064,38.0064,38.0064,38.0064,16000
2016-04-01,45.1133,45.1133,45.0816,45.0816,88
2016-04-04,39.4200,39.4200,39.4200,39.4200,11000
2016-04-05,46.3214,46.3214,46.3214,46.3214,6
2016-04-08,45.0876,45.2929,45.0578,45.2929,30812
2016-04-11,45.4722,45.4722,45.4722,45.4722,119
2016-04-12,45.1517,45.1517,45.1517,45.1517,813
2016-04-13,48.3453,48.3856,47.5253,47.5253,35952
2016-04-15,48.8984,48.8984,47.6307,48.8984,330
2016-04-18,49.6278,49.8959,49.6278,49.8959,2657
2016-04-19,49.9232,49.9646,49.6877,49.6877,12797
2016-04-20,50.1288,50.1288,50.1288,50.1288,77
2016-04-22,48.8960,48.8960,48.5435,48.5435,480
2016-04-25,47.4874,47.4874,47.4874,47.4874,341
2016-04-26,48.1033,48.3178,47.7088,47.7088,20979
2016-04-27,48.1698,48.8209,48.1698,48.1698,125580
2016-04-28,48.4560,48.8098,47.8255,48.8098,26602
2016-04-29,48.7306,48.7306,48.7306,48.7306,8252
2016-05-04,44.5524,44.5524,44.5524,44.5524,4641
2016-05-05,44.9421,44.9802,44.3076,44.3076,23609
2016-05-06,43.6440,43.6440,43.0906,43.6440,20377
2016-05-09,43.7792,44.3275,43.1044,43.3092,115931
2016-05-10,43.4507,43.5646,43.4507,43.5646,201495
2016-05-11,43.9719,43.9719,43.7973,43.9719,50259
2016-05-12,42.6424,42.6424,42.5330,42.6424,124176
2016-05-13,43.0004,43.0004,42.8954,43.0004,21121
2016-05-17,42.0829,43.2996,42.0829,43.2996,8984
2016-05-18,43.6671,43.6671,43.6671,43.6671,1340
2016-05-19,44.0590,44.1193,43.9073,43.9073,35000
2016-05-23,44.2763,44.2763,43.7633,43.8656,15295
2016-05-24,43.9149,44.9884,43.9149,43.9149,1893
2016-05-25,45.0670,45.0670,44.8643,44.8914,20042
2016-05-26,45.1093,45.1093,45.1093,45.1093,268
2016-06-01,44.3770,44.3770,43.9248,43.9248,328
2016-06-02,44.0868,44.0868,44.0868,44.0868,3664
2016-06-03,45.0337,45.0337,45.0337,45.0337,160
2016-06-06,43.7739,44.5408,43.6825,43.9351,10303
2016-06-07,44.4665,44.6524,44.4665,44.4665,6257
2016-06-08,44.9003,44.9005,44.9003,44.9003,44749
2016-06-10,41.9703,41.9703,41.8672,41.8672,23975
2016-06-13,41.6172,44.2483,40.8803,40.9363,1497
2016-06-14,39.4454,39.5655,39.3050,39.5655,5348
2016-06-15,39.8943,39.8943,39.8943,39.8943,90
2016-06-16,39.7338,39.9804,39.2003,39.7422,310930
2016-06-17,40.1884,40.1884,40.1884,40.1884,85324
2016-06-20,42.0481,42.0481,42.0481,42.0481,3513
2016-06-22,42.7229,43.2452,42.7229,42.7246,82357
2016-06-23,43.4029,43.4029,43.4029,43.4029,3405
2016-06-24,39.2267,39.6097,39.1107,39.4562,3462
2016-06-28,38.0491,38.2407,37.2289,37.2289,184666
2016-06-29,39.0398,39.6694,39.0398,39.2266,82198
2016-07-01,40.8206,41.3231,40.8206,40.8206,10023
2016-07-06,38.7219,38.7219,38.3167,38.3167,32507
2016-07-07,39.4127,39.5210,39.4127,39.4127,2356
2016-07-08,39.5472,40.0761,39.5472,40.0761,43282
2016-07-11,41.7675,41.8630,41.7675,41.8630,19780
2016-07-12,43.5179,43.6690,43.5179,43.6690,69971
2016-07-13,43.9299,43.9299,43.9299,43.9299,62320
2016-07-14,44.6169,44.6483,44.6169,44.6169,75
2016-07-15,43.9419,43.9419,43.9419,43.9419,2671
2016-07-18,44.1508,44.1959,44.1340,44.1340,40390
2016-07-19,43.5663,43.5663,43.5663,43.5663,82
2016-07-20,43.1668,43.1668,43.1668,43.1668,41191
2016-07-22,44.1104,44.1528,43.8391,43.9723,2943
2016-07-25,44.3549,44.4743,44.3549,44.4743,22119
2016-07-26,44.2572,44.4112,43.9674,44.4112,1295
2016-07-27,45.9333,46.3117,45.9333,46.3117,188818
2016-07-29,45.7679,45.7679,45.7679,45.7679,11500
2016-08-01,46.2674,46.2674,45.6326,46.2077,27600
2016-08-02,44.3470,44.3470,44.3470,44.3470,265
2016-08-03,44.0872,44.0872,44.0872,44.0872,3906
2016-08-04,45.4289,45.4809,45.4289,45.4334,31318
2016-08-05,47.9126,49.0054,47.7094,47.9155,184261
2016-08-08,48.9028,50.4019,48.9028,49.7663,62498
2016-08-09,49.8070,50.1071,49.2995,49.9182,1377
2016-08-10,50.5521,50.8604,50.5521,50.7295,120859
2016-08-11,50.9360,51.6914,50.5542,51.6501,3628
2016-08-12,51.7478,51.8818,50.8886,50.8886,56097
2016-08-15,51.7178,52.1859,50.5674,52.1859,4098
2016-08-16,51.2471,51.2471,51.2471,51.2471,9554
2016-08-18,51.2606,51.3656,50.8070,51.3656,26234
2016-08-19,51.2693,51.2693,51.2693,51.2693,1000
2016-08-22,50.6481,50.6481,50.6481,50.6481,84128
2016-08-24,51.5165,51.5539,51.5165,51.5165,20241
2016-08-25,50.9906,51.4885,50.9622,50.9622,20151
2016-08-26,51.7479,51.7479,51.7479,51.7479,7505
2016-08-30,52.6543,53.4067,52.6543,52.8785,85095
2016-08-31,52.7733,52.8105,51.9445,52.4956,4149
2016-09-01,52.1124,52.1124,51.7136,51.8819,11433
2016-09-02,51.6874,52.0185,51.1004,51.1004,5597
2016-09-05,52.2739,52.4423,52.2739,52.4423,18463
2016-09-06,52.4145,52.5767,52.0258,52.2966,64601
2016-09-07,52.2411,52.7959,52.2411,52.7959,3824
2016-09-08,52.3513,52.3513,52.3513,52.3513,25906
2016-09-09,51.6614,51.6614,50.6614,50.7271,10847
2016-09-12,49.7255,49.7255,49.6811,49.7255,26715
2016-09-13,50.1268,50.6055,49.5632,50.6054,10165
2016-09-14,49.8010,54.3114,49.4858,49.4858,41395
2016-09-15,49.9743,50.2609,49.9743,50.2609,297
2016-09-16,49.1988,49.1988,49.0134,49.1180,8104
2016-09-19,50.0797,50.2251,50.0797,50.0798,3817
2016-09-20,50.0162,50.2674,49.9697,50.2674,381
2016-09-21,50.7899,51.1242,50.7899,51.1242,2486
2016-09-22,51.6408,53.2360,51.6111,52.5083,34934
2016-09-23,53.1552,53.1596,52.7401,52.8502,10543
2016-09-26,51.9823,51.9823,51.5960,51.9823,3697
2016-09-27,51.8431,51.8431,51.0567,51.7025,8014
2016-09-28,52.2821,52.9171,52.2821,52.7512,69633
2016-09-29,53.2471,53.7006,52.7064,53.1138,1844
2016-09-30,52.1665,52.3546,51.6629,51.9017,8900
2016-10-03,52.2513,52.4640,52.2513,52.3114,2284
2016-10-04,52.8097,53.0422,52.8097,52.9900,3904
2016-10-05,52.3629,52.7048,52.3629,52.6237,20767
2016-10-06,52.3552,52.3552,52.3452,52.3452,1078
2016-10-07,52.3011,52.3011,51.4560,52.3007,696
2016-10-10,52.0826,52.7004,52.0826,52.0826,334
2016-10-11,52.4437,52.6322,52.2309,52.2309,2298
2016-10-12,51.6213,51.6213,51.3738,51.3763,3052
2016-10-13,51.0575,54.1692,49.3409,54.1692,77922
2016-10-14,49.9825,51.7236,49.5083,49.5083,3529
2016-10-17,50.9522,51.0991,50.9223,50.9223,131
2016-10-18,52.0091,52.7367,52.0091,52.6862,37964
2016-10-19,52.6106,52.9189,52.6106,52.6106,34906
2016-10-20,52.9250,53.2960,52.6758,53.2960,6342
2016-10-21,53.3014,53.7451,52.9767,53.2502,21141
2016-10-24,53.3903,54.4431,52.9730,53.3422,9185
2016-10-25,53.6222,53.6222,53.5689,53.5689,826
2016-10-26,53.4600,53.5697,53.4035,53.4035,149
2016-10-27,53.2941,54.0654,53.1492,53.6115,38652
2016-10-28,52.8919,53.6250,52.6302,52.6302,41978
2016-10-31,52.7465,52.9809,52.7465,52.9809,3805
2016-11-01,53.0633,53.0791,52.0928,52.5439,16075
2016-11-02,50.8105,50.8105,50.6622,50.6622,15
2016-11-03,50.7739,51.0975,50.2348,50.6976,53733
2016-11-04,51.1216,52.3718,51.0580,52.3718,97310
2016-11-07,53.2326,53.7369,53.1786,53.2556,6800
2016-11-08,53.7059,54.2305,53.7059,53.7887,20644
2016-11-09,53.0656,56.3240,53.0656,53.3325,209223
2016-11-10,56.7589,58.8897,56.7589,58.1227,190277
2016-11-11,57.5049,57.5049,54.9296,57.5049,33478
2016-11-14,55.8286,56.5119,55.0953,56.5016,32813
2016-11-15,56.1876,56.1876,55.7846,55.9997,43848
2016-11-16,55.7061,55.7061,54.3128,54.4724,244467
2016-11-17,54.8376,54.8376,54.8376,54.8376,1995
2016-11-18,53.9669,53.9669,53.2570,53.9111,109387
2016-11-21,54.3220,54.3220,53.4672,54.0313,5400
2016-11-22,54.6439,54.9310,54.4260,54.4260,24657
2016-11-23,54.1260,54.1260,53.6926,53.8416,15861
2016-11-24,53.8286,54.0947,53.5129,54.0947,22807
2016-11-25,53.0856,53.0856,52.3811,52.7604,6769
2016-11-28,52.5428,52.5428,51.9591,52.5428,2541
2016-11-29,52.6125,52.7934,52.6125,52.6125,7656
2016-11-30,53.9157,58.1895,53.9157,53.9781,4569
2016-12-01,53.1476,53.1476,52.9689,53.1476,10805
2016-12-02,52.7715,52.7715,52.7295,52.7295,19634
2016-12-05,53.4502,53.8059,53.4502,53.4502,3599
2016-12-06,53.2753,53.2753,53.0373,53.0373,12633
2016-12-07,54.1068,54.3995,54.1068,54.1908,52000
2016-12-08,54.2140,54.2140,53.9048,53.9048,68851
2016-12-09,54.1362,54.1875,54.0502,54.1875,2915
2016-12-12,54.0905,54.0905,53.4305,53.8622,11225
2016-12-13,53.5912,53.9543,53.5912,53.6876,3359
2016-12-14,52.7996,52.7996,52.7996,52.7996,1443
2016-12-15,52.4505,53.2110,52.4505,52.7741,227532
2016-12-16,53.0883,53.0883,52.3302,53.0883,16087
2016-12-19,53.1173,53.1173,53.1173,53.1173,563
2016-12-20,53.2209,54.0433,52.9509,52.9509,36184
2016-12-21,53.3456,53.3656,53.3456,53.3656,51769
2016-12-22,53.1610,53.1610,53.0078,53.1610,3960
2016-12-23,53.2072,53.2877,53.1160,53.1750,904
2016-12-28,54.0587,54.1557,53.8630,54.1557,7670
2016-12-29,54.0150,54.1496,54.0150,54.1020,3935
2017-01-03,53.9255,53.9255,53.2225,53.2225,6803
2017-01-04,53.6724,54.0880,53.6724,53.6888,18892
2017-01-05,53.3879,53.8561,52.8053,53.7677,91957
2017-01-06,53.9552,54.1184,53.6219,54.1184,131450
2017-01-09,53.6160,53.7754,45.0196,53.6185,12447
2017-01-10,53.7768,54.4404,53.6957,53.7744,865
2017-01-11,53.4782,53.4782,52.9231,53.4782,3740
2017-01-12,53.2371,53.4836,52.9232,52.9232,126153
2017-01-13,53.5303,54.2355,53.3532,54.2355,1326
2017-01-16,53.7235,53.8841,52.5413,53.4430,9062
2017-01-17,52.4217,52.4860,44.0399,51.9914,21206
2017-01-18,51.2692,51.2692,50.8200,51.0409,15839
2017-01-19,51.3436,51.4383,50.8449,51.0834,60884
2017-01-20,51.0319,51.0319,51.0319,51.0319,2066
2017-01-23,50.8078,51.3269,50.6146,51.0897,33235
2017-01-24,52.7839,53.1775,52.7839,52.9503,66012
2017-01-25,54.2021,54.9519,54.2021,54.6098,121534
2017-01-26,54.5356,55.0350,54.1222,54.2658,172812
2017-01-27,54.1658,54.2598,54.0298,54.0298,27247
2017-01-30,53.3027,53.3027,53.2600,53.2949,8892
2017-01-31,53.2150,53.3461,52.7541,53.1991,17982
2017-02-01,53.8532,54.1699,53.7470,53.7470,26491
2017-02-02,53.9284,54.1008,53.9284,54.0722,51869
2017-02-03,54.4248,55.1047,54.4248,55.0407,18163
2017-02-06,54.7473,55.1465,54.5204,54.8180,17670
2017-02-07,54.6438,54.6438,54.1597,54.4620,82695
2017-02-08,54.1951,55.0260,54.1951,54.1951,9297
2017-02-09,55.1469,55.7455,55.1469,55.1469,12717
2017-02-10,55.9026,56.6339,55.6045,56.4841,12744
2017-02-13,56.4776,56.5918,56.4776,56.4776,2513
2017-02-14,56.2297,56.2297,56.1263,56.1333,4609
2017-02-15,56.4698,56.7875,56.4698,56.6365,64366
2017-02-16,56.5818,56.5818,56.2167,56.5254,109355
2017-02-17,56.0600,56.0600,55.4958,55.6971,20608
2017-02-20,56.2846,56.8700,56.2846,56.7561,31722
2017-02-21,56.9965,60.8208,56.5565,57.3401,16330
2017-02-22,57.7586,58.6260,57.6924,57.6924,1259
2017-02-23,57.5018,57.8800,56.8497,57.6408,94524
2017-02-24,55.6510,55.6510,55.0216,55.5560,25002
2017-02-27,56.1504,56.5430,55.5541,56.4065,5295
2017-02-28,56.6549,57.1369,56.4636,56.4636,5345
2017-03-01,58.0127,58.4608,58.0127,58.0422,29048
2017-03-02,59.4231,60.7074,58.9782,59.9417,80163
2017-03-03,58.8163,58.8163,58.5826,58.5826,130956
2017-03-06,58.7840,58.7840,58.3114,58.3414,14382
2017-03-07,58.4983,58.7256,58.4837,58.6995,14875
2017-03-08,58.1334,58.1334,57.6176,58.1334,72113
2017-03-09,57.9405,57.9405,57.7454,57.9405,3513
2017-03-10,58.0460,58.8930,57.3520,57.4821,188129
2017-03-13,57.4648,57.9675,48.7829,57.5424,28770
2017-03-14,57.6818,57.7485,57.1454,57.3808,17605
2017-03-15,57.5482,57.9415,57.5482,57.9415,22544
2017-03-16,58.2037,58.2037,57.9103,58.0416,90712
2017-03-17,58.2827,58.7642,58.2827,58.2827,874
2017-03-20,58.3728,58.5207,58.3352,58.4468,16727
2017-03-21,57.4945,57.4945,57.4945,57.4945,711
2017-03-22,57.0917,57.1313,57.0917,57.1313,1893
2017-03-23,57.2480,57.9631,57.2061,57.2061,1435
2017-03-24,57.7666,57.7666,57.5144,57.5144,6640
2017-03-27,57.0988,57.0988,55.8455,56.6143,50081
2017-03-28,57.2763,57.2846,57.2763,57.2763,2150
2017-03-29,57.4897,57.4897,57.3750,57.4897,203
2017-03-30,57.6321,58.9863,57.6321,58.8868,16765
2017-03-31,59.0264,59.4132,59.0264,59.4132,151
2017-04-03,59.4297,59.4297,59.0880,59.1661,13047
2017-04-04,59.4529,59.4562,59.4529,59.4562,4106
2017-04-05,59.3575,59.8420,59.3233,59.4623,153560
2017-04-06,58.9713,59.0184,58.8034,58.8034,1491
2017-04-07,58.3202,58.8336,58.3202,58.3202,17437
2017-04-10,58.8097,58.8097,58.6806,58.8097,3049
2017-04-11,58.8784,58.9840,58.8784,58.8784,1042
2017-04-12,58.9737,59.1868,58.5714,58.7766,18909
2017-04-13,58.0086,58.0086,57.6104,57.8574,76963
2017-04-18,57.0315,57.0315,56.7177,56.7177,7621
2017-04-19,56.9969,57.1498,56.9969,57.1441,67830
2017-04-20,57.0579,58.5938,57.0579,58.5864,19582
2017-04-21,58.1981,58.3042,57.8886,58.2599,4277
2017-04-24,58.2331,58.2331,56.8598,57.9176,41233
2017-04-25,57.7406,57.7406,57.5860,57.7184,11366
2017-04-26,57.4907,57.4907,57.1608,57.3691,25789
2017-04-27,57.1438,57.2722,56.6466,56.9185,42353
2017-04-28,56.9856,56.9856,56.5009,56.5009,2497
2017-05-02,56.9325,57.5912,56.0012,56.9884,26451
2017-05-03,57.5859,57.5859,56.1181,56.1181,291355
2017-05-04,56.7643,56.7643,56.5908,56.6807,131472
2017-05-05,56.5231,57.3483,56.1540,56.5991,26646
2017-05-08,55.5846,55.5846,54.8123,55.0259,39223
2017-05-09,55.9661,57.2487,55.9661,56.6035,181898
2017-05-10,56.4675,56.4675,56.4158,56.4675,302694
2017-05-11,56.6189,56.6189,56.4170,56.6189,30604
2017-05-12,56.5203,56.7010,56.3506,56.4741,2522
2017-05-15,56.4483,56.4483,56.1420,56.2107,4238
2017-05-16,56.1306,56.1306,55.7288,56.0893,10317
2017-05-17,54.0576,54.0576,54.0576,54.0576,5358
2017-05-18,53.8106,53.8106,53.7063,53.8106,298
2017-05-19,54.0949,54.4075,54.0543,54.2828,42018
2017-05-22,56.8771,58.4381,56.8771,57.8739,16197
2017-05-23,58.0988,58.6880,58.0988,58.4182,70789
2017-05-24,58.2687,58.2687,58.0793,58.2395,41017
2017-05-25,58.2837,58.3219,57.4638,57.5118,69723
2017-05-26,57.9207,58.4742,57.4291,58.1824,58034
2017-05-30,58.3803,58.3803,58.2046,58.3283,21976
2017-05-31,58.5948,59.2530,58.0377,58.1029,17863
2017-06-01,58.1945,58.4339,57.9496,58.3169,41931
2017-06-02,57.9978,57.9978,57.0865,57.7314,44228
2017-06-05,57.2417,57.2417,57.1497,57.2128,18799
2017-06-06,57.0942,57.4144,56.3438,56.5274,39251
2017-06-07,56.4311,56.4311,55.9879,56.2072,2066
2017-06-08,56.0576,56.1909,55.9468,56.1909,27032
2017-06-09,56.6719,57.0886,56.6719,56.8623,14136
2017-06-12,56.8659,56.9086,56.8647,56.9086,9885
2017-06-13,56.9064,57.7365,56.7460,56.9976,11058
2017-06-14,56.9061,56.9061,56.5577,56.9061,18299
2017-06-15,55.7151,55.7151,55.5776,55.7151,38040
2017-06-16,56.4371,56.4371,56.4371,56.4371,2875
2017-06-19,56.8253,56.8253,56.6829,56.6829,398
2017-06-20,55.7576,55.7576,55.6243,55.7359,5702
2017-06-21,55.6496,55.7715,55.6442,55.6442,10369
2017-06-22,55.5140,55.5140,55.3944,55.5140,2748
2017-06-23,55.4355,56.5038,55.4355,55.9184,2982
2017-06-26,56.1403,56.4284,56.0665,56.1512,34262
2017-06-27,56.1753,56.4227,56.1753,56.3332,3860
2017-06-28,56.1358,56.8369,55.3200,56.3158,71485
2017-06-29,55.7715,55.7715,54.9625,55.0827,14206
2017-06-30,55.0056,55.3030,54.8472,54.8472,69230
2017-07-03,55.6294,56.5546,55.6294,56.5546,966
2017-07-04,56.3568,56.5868,55.9075,56.5868,29714
2017-07-05,56.0807,56.2238,56.0807,56.2238,2253
2017-07-06,56.2271,56.8282,55.5767,55.6725,101947
2017-07-07,55.5892,55.5892,55.4385,55.4385,22794
2017-07-10,56.1938,56.3567,56.1938,56.3567,1718
2017-07-11,56.1444,56.1444,55.7743,55.8548,13646
2017-07-12,56.8971,56.9883,56.8971,56.9883,450
2017-07-13,56.9581,57.3378,56.9581,57.0874,7409
2017-07-14,56.8359,56.8359,56.6055,56.8068,4690
2017-07-17,56.6192,57.6079,56.5584,57.6079,857
2017-07-18,57.2829,57.3413,57.2829,57.2829,3876
2017-07-19,56.9672,56.9672,56.5878,56.7552,12651
2017-07-20,56.8951,56.8951,56.7758,56.8951,1502
2017-07-21,56.3620,56.3620,56.1946,56.3431,13334
2017-07-24,56.6158,57.4851,56.6158,57.1941,19535
2017-07-25,57.5737,57.7206,57.5737,57.5737,3639
2017-07-26,57.8982,57.9930,57.3158,57.7619,8168
2017-07-27,57.7959,58.1980,57.1242,58.1980,26293
2017-07-28,57.6786,58.9367,57.6786,58.9367,3798
2017-07-31,57.7456,58.9174,57.7456,58.9174,1434
2017-08-01,58.2417,58.2508,58.2417,58.2417,22464
2017-08-02,58.2497,58.2497,57.6795,57.6795,26470
2017-08-03,58.2396,58.6134,58.2306,58.2306,3515
2017-08-04,58.3801,59.1086,58.3801,58.3801,2787
2017-08-07,59.3856,59.6699,58.6791,58.6791,2909
2017-08-08,59.3604,59.6486,59.3604,59.3604,57899
2017-08-09,58.5000,58.7608,58.3979,58.3979,11536
2017-08-10,58.2719,58.2719,57.8836,57.8836,5879
2017-08-11,57.6555,57.6555,57.0910,57.0910,3771
2017-08-14,58.2039,58.2366,58.2039,58.2039,1862
2017-08-15,57.7510,57.7510,57.7510,57.7510,54
2017-08-16,58.4818,58.6179,58.4818,58.4818,676
2017-08-17,57.8474,58.1927,57.7285,57.7285,15759
2017-08-18,57.3923,57.3923,57.2450,57.2450,6130
2017-08-21,57.4792,57.4792,57.4792,57.4792,1795
2017-08-22,58.4292,58.4292,58.4292,58.4292,3151
2017-08-23,58.1847,58.1847,58.0813,58.0813,1849
2017-08-24,58.0285,58.0285,57.5044,57.5044,49851
2017-08-25,57.7239,57.8687,57.1803,57.1803,32597
2017-08-29,56.6411,56.6474,55.7397,55.7548,290953
2017-08-30,56.6958,56.6958,55.8779,56.2221,112434
2017-08-31,56.5988,56.8988,56.3040,56.5216,157639
2017-09-01,56.6757,57.2759,56.4256,56.9476,36219
2017-09-04,56.5144,56.7429,56.3899,56.6820,36698
2017-09-05,56.9010,57.0510,56.2830,56.7575,110070
2017-09-06,55.9115,56.1551,55.5118,55.8146,156428
2017-09-07,55.9357,56.7391,55.8855,56.2192,141739
2017-09-08,56.3348,56.5838,56.0264,56.3759,118000
2017-09-11,56.9943,58.1238,56.6876,57.3253,338532
2017-09-12,57.8285,58.4319,57.4685,58.0524,83028
2017-09-13,57.8538,58.1544,57.3121,57.9127,250002
2017-09-14,57.7254,58.3194,57.3896,57.8688,252460
2017-09-15,58.2125,58.5436,58.1933,58.3727,592447
2017-09-18,58.4020,58.6890,58.3037,58.3334,235760
2017-09-19,58.5146,59.1676,58.5144,59.0513,108249
2017-09-20,58.9662,59.5664,58.5802,59.4099,537132
2017-09-21,59.9337,60.2354,58.9974,59.4375,108869
2017-09-22,58.8937,59.6379,58.8140,59.2267,73455
2017-09-25,58.6673,58.6883,55.9102,56.5528,472300
2017-09-26,56.1036,56.1570,55.4544,55.8866,252648
2017-09-27,56.1162,56.5356,56.1043,56.3421,71860
2017-09-28,56.1366,56.5812,55.8083,56.0214,149850
2017-09-29,56.0984,56.7588,55.9360,56.0700,127844
2017-10-02,56.7224,56.8364,55.4503,55.6310,39366
2017-10-03,56.2227,56.5731,55.9506,56.1070,109926
2017-10-04,56.4695,56.7214,56.2130,56.4758,28064
2017-10-05,56.1236,56.3735,56.0464,56.2798,33527
2017-10-06,56.2225,56.3727,55.8975,56.1662,80507
2017-10-09,56.5043,57.2563,56.3779,57.1742,112486
2017-10-10,57.0517,57.5274,56.8765,57.3999,44998
2017-10-11,57.3099,57.4100,56.7025,56.8083,71206
2017-10-12,57.0935,57.4447,56.7423,56.9836,29163
2017-10-13,57.1562,57.4556,56.9502,57.2823,107432
2017-10-16,56.5481,56.5481,55.9247,56.2052,121670
2017-10-17,56.3323,56.5241,55.8344,56.0933,53369
2017-10-18,56.3800,56.6939,55.6994,56.5215,111268
2017-10-19,55.8618,56.4540,55.8244,56.3464,36854
2017-10-20,56.9830,57.5356,56.9830,57.4858,44071
2017-10-23,57.3995,57.5251,56.5454,57.4251,51069
2017-10-24,57.4544,66.8450,57.2766,57.3859,18854
2017-10-25,57.2978,57.2978,56.5617,57.2978,106030
2017-10-26,56.7123,57.5418,56.7123,57.2774,241610
2017-10-27,55.3080,57.3282,55.2666,56.5288,548205
2017-10-30,56.0417,56.4840,55.8648,56.0558,300346
2017-10-31,55.9395,56.6240,55.9395,56.1186,161707
2017-11-01,56.1457,56.6784,55.5498,56.3318,122934
2017-11-02,55.8575,56.4425,55.6183,55.7457,112324
2017-11-03,56.2079,57.0128,55.9872,56.8356,68228
2017-11-06,56.5360,56.7614,56.2319,56.4465,71226
2017-11-07,56.3714,56.3714,55.5732,55.7510,41877
2017-11-08,56.1212,57.1981,56.1212,56.9377,174730
2017-11-09,57.1472,57.7760,56.9496,57.4250,335607
2017-11-10,57.4988,57.7131,56.5239,57.3716,337778
2017-11-13,56.7189,56.7671,55.7418,56.2608,516254
2017-11-14,56.4283,56.8558,55.0270,55.6700,485957
2017-11-15,55.0219,55.1377,53.9380,54.4414,147645
2017-11-16,54.7994,55.3036,54.5404,55.1477,201663
2017-11-17,55.0377,55.3700,54.9849,55.2094,316961
2017-11-20,55.0614,64.7341,54.9343,55.0809,39213
2017-11-21,55.6017,56.1350,55.1867,55.4845,84896
2017-11-22,55.1726,55.3652,54.6129,55.0368,177083
2017-11-23,54.8530,55.6197,54.7644,55.4195,223929
2017-11-24,55.4927,55.7673,55.0779,55.7100,83311
2017-11-27,55.1516,55.2744,54.6357,54.7717,115261
2017-11-28,54.4463,54.6977,53.8731,54.4081,124859
2017-11-29,53.9834,54.4149,53.9046,54.3127,104415
2017-11-30,54.0103,54.4889,53.5771,54.1028,188509
2017-12-01,53.5631,53.6861,52.6809,53.3618,191635
2017-12-04,53.4130,53.6228,52.9975,53.1506,151637
2017-12-05,53.2310,53.7388,53.1446,53.3849,197158
2017-12-06,52.9411,53.1454,52.7206,53.0791,236666
2017-12-07,52.9907,53.0623,52.4609,52.9586,59220
2017-12-08,52.5506,52.9395,52.3636,52.8862,209457
2017-12-11,52.7067,52.8733,52.4730,52.7470,200267
2017-12-12,52.5043,52.5043,52.0978,52.0978,68080
2017-12-13,52.3056,53.2768,52.2224,52.3956,259752
2017-12-14,53.0481,53.2874,52.6196,52.6225,39935
2017-12-15,52.5949,54.2112,52.5565,53.8538,115668
2017-12-18,54.1693,54.3643,53.7153,54.0249,202761
2017-12-19,54.1655,54.8222,54.1130,54.2209,192981
2017-12-20,54.4172,54.5316,53.8731,54.1040,149738
2017-12-21,53.8468,55.0487,53.6071,54.5822,95793
2017-12-22,54.4220,54.4220,54.1207,54.1207,11357
2017-12-27,54.6225,64.0906,54.4935,55.1454,79832
2017-12-28,54.7258,54.9946,54.5947,54.7190,46308
2017-12-29,54.9692,55.0686,54.7548,55.0511,925
2018-01-02,54.3761,55.0846,53.7475,53.7475,559260
2018-01-04,57.2616,57.2686,57.2616,57.2686,46941
2018-01-08,58.0921,58.0921,58.0921,58.0921,31294
2018-01-09,58.7208,58.7208,58.7208,58.7208,143
2018-01-10,59.1115,59.1115,58.7639,58.7639,41724
2018-01-16,58.9750,59.0664,58.9750,58.9750,124777
2018-01-22,59.7179,59.7179,59.7179,59.7179,190000
2018-01-23,59.7418,59.8595,59.5907,59.5907,72009
2018-01-24,59.3040,59.3040,59.0698,59.0698,1091
2018-01-25,58.8394,58.8394,58.8394,58.8394,282
2018-01-30,58.5821,58.5821,58.5821,58.5821,317
2018-01-31,58.2730,58.2730,58.2730,58.2730,20000
2018-02-01,57.4437,57.4437,57.4437,57.4437,48000
2018-02-05,55.6640,55.6640,55.4848,55.4848,24154
2018-02-06,53.4428,54.2668,53.0997,54.2668,6799
2018-02-12,53.9658,53.9658,53.3880,53.3880,55366
2018-02-13,53.7501,53.7501,53.7501,53.7501,15000
2018-02-14,53.3205,53.3205,53.3205,53.3205,81000
2018-02-15,54.4829,54.4829,54.4829,54.4829,62587
2018-02-19,54.5732,54.5732,54.5732,54.5732,36
2018-02-20,55.0744,55.0744,55.0744,55.0744,203
2018-02-22,55.0647,55.1189,54.8896,55.0601,1146
2018-02-27,55.5231,55.5231,55.4656,55.4932,23205
2018-03-01,55.1702,55.1702,54.9403,54.9865,170215
2018-03-02,51.6481,51.6481,51.6481,51.6481,417822
2018-03-06,52.7733,52.7733,52.7709,52.7709,191814
2018-03-08,53.0270,53.0270,53.0270,53.0270,150281
2018-03-09,53.0922,53.0922,53.0922,53.0922,201553
2018-03-19,53.2988,53.2988,53.2988,53.2988,80677
2018-03-20,53.0926,53.0926,52.8769,52.8769,110783
2018-03-21,52.9157,52.9157,52.8537,52.8537,251795
2018-03-26,51.9900,52.7417,51.9900,51.9900,12756
2018-03-27,51.7118,51.7118,51.7118,51.7118,29894
2018-03-29,52.3749,52.7140,52.3749,52.7140,52430
2018-04-03,51.5661,51.5661,51.5661,51.5661,46852
2018-04-04,51.3657,51.3657,51.3657,51.3657,67556
2018-04-06,52.9161,52.9161,52.9161,52.9161,34476
2018-04-10,53.0547,53.0547,52.5267,52.5267,106451
2018-04-11,52.4532,52.4532,52.2374,52.2374,103276
2018-04-13,52.8346,53.3209,52.8346,52.8346,216849
2018-04-17,53.1827,53.1827,53.1827,53.1827,61703
2018-04-19,54.8946,54.8946,54.8946,54.8946,58617
2018-04-20,55.3799,55.3799,55.3799,55.3799,32878
2018-04-23,55.0366,55.0366,54.9841,55.0366,29331
2018-04-24,54.6850,54.6850,54.6850,54.6850,65870
2018-04-25,54.3854,54.3854,54.3854,54.3854,67855
2018-04-30,54.6929,54.6929,54.6929,54.6929,194838
2018-05-03,55.5788,66.7591,55.5788,55.6863,373960
2018-05-04,55.9527,56.0920,55.9527,56.0920,454602
2018-05-09,54.8889,54.8889,54.4769,54.8889,1257379
2018-05-10,54.5634,54.6349,54.4048,54.4048,71170
2018-05-11,53.2616,53.4945,52.6943,52.6943,191214
2018-05-14,52.7651,52.7878,52.5322,52.5441,361459
2018-05-15,52.8400,53.0812,52.8400,52.9101,121607
2018-05-16,52.8732,53.1681,52.8732,52.8732,186140
2018-05-17,53.3843,53.3843,53.3843,53.3843,89421
2018-05-18,53.1665,53.1783,53.1161,53.1783,129148
2018-05-21,53.0609,53.0609,53.0609,53.0609,7010
2018-05-22,53.1355,53.6616,53.1062,53.6616,127610
2018-05-23,52.5253,52.5253,52.3587,52.5253,311627
2018-05-24,52.2134,52.2134,52.2134,52.2134,664191
2018-05-25,52.2510,52.2562,52.2510,52.2510,157316
2018-05-29,51.3145,51.3145,51.2086,51.3145,85365
2018-05-30,51.2898,51.2898,50.9940,50.9940,92489
2018-05-31,51.1760,51.4916,51.1129,51.4916,188214
2018-06-01,51.1790,51.6054,51.1790,51.4153,109483
2018-06-04,51.6917,51.6917,51.6917,51.6917,63523
2018-06-05,51.3590,51.7544,51.3590,51.4558,212330
2018-06-06,51.4076,51.4076,51.3716,51.3960,55830
2018-06-07,52.1174,52.2786,52.1174,52.1174,220750
2018-06-08,51.7591,52.1173,51.7591,51.9435,131229
2018-06-11,52.1922,52.3735,52.1922,52.2590,126326
2018-06-12,52.4175,52.4490,52.3328,52.4490,36208
2018-06-13,52.2614,52.2614,51.6258,51.7094,182389
2018-06-14,51.2083,52.2593,51.2083,52.1841,1138115
2018-06-15,51.5207,51.5207,51.4629,51.5207,1910366
2018-06-18,50.6964,50.6964,50.2459,50.6964,562380
2018-06-19,50.2555,50.2958,50.0310,50.0310,336267
2018-06-20,50.2511,50.2799,50.1624,50.2453,121425
2018-06-21,49.5147,49.5147,49.4793,49.4793,201257
2018-06-22,49.6417,49.7166,49.5725,49.5967,108101
2018-06-25,49.2750,49.2750,49.1572,49.1572,132845
2018-06-26,48.2517,48.2517,48.0149,48.2517,292353
2018-06-27,48.1451,49.1836,48.0542,49.1836,308370
2018-06-28,48.6059,48.6059,48.0542,48.2044,171252
2018-06-29,48.8345,48.8345,44.0934,44.0934,110403
2018-07-02,47.5253,47.5253,47.3983,47.5253,171640
2018-07-03,47.5786,47.5873,47.5786,47.5786,251616
2018-07-04,47.2213,47.2213,47.1888,47.1888,296632
2018-07-05,42.8849,42.8849,42.8849,42.8849,303524
2018-07-06,47.2873,47.2873,47.1041,47.1074,296478
2018-07-09,47.9306,48.1403,47.8549,47.8549,73944
2018-07-10,48.0440,48.0440,47.7879,48.0324,96960
2018-07-11,47.1470,47.1470,47.1354,47.1354,117521
2018-07-12,47.2615,47.2615,46.9730,47.2381,155786
2018-07-13,47.4125,47.4125,47.4125,47.4125,327767
2018-07-17,47.4096,47.7795,47.4038,47.7795,47345
2018-07-18,47.6983,47.6983,47.6983,47.6983,35926
2018-07-19,47.5246,47.5246,47.5246,47.5246,142913
2018-07-20,47.1685,47.1685,47.1685,47.1685,63456
2018-07-23,47.5127,47.6521,47.5127,47.5650,174559
2018-07-24,47.9839,56.4900,47.5595,48.4433,373596
2018-07-27,50.1961,50.1961,50.1961,50.1961,493308
2018-07-30,49.9448,50.1512,49.9448,49.9448,209435
2018-07-31,50.7068,50.7068,50.7068,50.7068,122901
2018-08-01,50.2765,50.5025,50.2001,50.2001,5176
2018-08-09,50.0332,50.0963,49.9145,50.0963,71384
2018-08-10,49.1671,49.1671,49.1217,49.1671,245324
2018-08-13,48.7958,48.7958,48.6823,48.7277,272225
2018-08-14,48.8658,48.8658,48.8658,48.8658,409561
2018-08-21,48.6469,48.6469,48.6469,48.6469,79319
2018-08-23,48.3132,48.3132,48.3132,48.3132,87619
2018-08-24,48.5116,48.5116,48.5116,48.5116,33600
2018-08-28,48.4971,48.4971,48.4857,48.4857,74707
2018-08-31,47.3696,47.3696,47.1157,47.3696,100752
2018-09-03,46.9078,46.9078,41.3725,41.3725,216442
2018-09-04,46.6904,46.7546,46.1439,46.1664,59098
2018-09-05,45.7278,45.7278,45.2139,45.2139,272563
2018-09-06,44.9898,44.9898,44.9560,44.9898,204727
2018-09-07,44.7464,44.7464,44.7464,44.7464,76769
2018-09-10,45.0788,45.0788,45.0788,45.0788,133371
2018-09-12,44.8321,44.8321,44.7475,44.8265,167636
2018-09-13,45.2290,45.3074,45.2290,45.2955,136458
2018-09-14,45.1268,45.1268,45.1268,45.1268,266359
2018-09-18,44.5436,44.5436,44.5436,44.5436,392915
2018-09-19,45.0304,45.0304,44.9389,44.9524,240786
2018-09-20,44.9931,45.5328,44.9422,44.9422,612446
2018-09-21,46.0472,46.2444,45.6401,45.6401,1205367
2018-09-24,45.7494,45.7494,45.5344,45.6136,388680
2018-09-25,45.7234,45.8585,45.7234,45.8585,408113
2018-09-26,45.8806,46.8301,45.8294,46.8301,527017
2018-09-28,48.1901,48.5955,48.1901,48.4624,623003
2018-10-01,48.5008,55.3375,48.3982,48.4985,938391
2018-10-02,48.7872,48.7872,48.7872,48.7872,1152931
2018-10-04,48.5864,48.6377,48.5607,48.5607,638988
2018-10-05,47.4642,47.4642,47.0520,47.4642,805205
2018-10-09,46.3402,46.4769,46.3402,46.3402,206244
2018-10-10,46.1381,46.1552,46.0638,46.0638,354793
2018-10-11,44.6916,44.6916,44.6916,44.6916,243394
2018-10-12,45.1982,45.1982,44.6648,44.6648,219618
2018-10-15,44.3890,44.3890,44.3318,44.3890,115537
2018-10-16,44.8787,45.1480,44.8787,45.1480,346275
2018-10-17,45.3510,45.3510,45.3510,45.3510,105118
2018-10-18,44.1039,44.1039,43.6921,43.6921,420292
2018-10-19,43.7095,43.7209,43.2283,43.2283,357645
2018-10-22,43.1196,43.4626,42.9366,43.0796,383358
2018-10-23,42.3355,42.3355,42.1587,42.1587,214905
2018-10-24,41.1917,41.1917,41.1434,41.1434,349453
2018-10-26,43.0031,43.0031,43.0031,43.0031,307425
2018-10-29,44.7322,44.7807,44.7322,44.7693,362250
2018-10-31,46.6722,46.7861,46.6722,46.6722,1005194
2018-11-01,46.4588,46.4588,46.1844,46.1844,185210
2018-11-07,46.6751,46.6751,46.6751,46.6751,377588
2018-11-13,46.5342,46.5342,46.5342,46.5342,52406
2018-11-14,46.6636,46.6636,46.6172,46.6172,101552
2018-11-15,45.9143,45.9143,45.9143,45.9143,210230
2018-11-16,46.3705,46.3705,45.9707,45.9707,65709
2018-11-20,45.0296,45.0296,45.0296,45.0296,146522
2018-11-21,45.1645,45.1645,45.1645,45.1645,37724
2018-11-23,44.8100,44.8100,44.8100,44.8100,195817
2018-11-26,46.0647,46.0647,46.0647,46.0647,49758
2018-11-27,45.5934,45.5934,45.4467,45.5558,170877
2018-11-28,45.8330,46.0247,44.8064,45.0422,212129
2018-11-29,45.5079,45.7517,45.1960,45.4147,101631
2018-11-30,44.7668,44.7668,44.7668,44.7668,101838
2018-12-03,46.4557,46.4985,45.8610,45.8610,111559
2018-12-04,45.0502,45.0502,44.5635,44.5861,34405
2018-12-06,42.3972,42.3972,41.8778,41.8778,117165
2018-12-10,41.2100,41.2100,40.7710,40.7710,121183
2018-12-11,42.1047,42.5540,42.1047,42.1047,175652
2018-12-12,42.3760,43.2330,42.1054,43.1428,112122
2018-12-13,43.0102,43.5796,42.9594,42.9594,49526
2018-12-14,42.0168,42.0168,41.9830,42.0168,143954
2018-12-17,41.4897,41.4897,41.4672,41.4672,269725
2018-12-18,41.7556,41.7556,41.7556,41.7556,124610
2018-12-20,40.5428,40.5428,40.0506,40.0506,249975
2018-12-21,40.3220,40.5482,40.3220,40.3560,256674
2018-12-24,39.7622,39.7622,39.7622,39.7622,23835
2018-12-27,39.7214,39.7214,39.7214,39.7214,253913
2018-12-28,40.3286,40.3624,40.3286,40.3286,167001
2018-12-31,40.4676,41.1663,40.3155,40.3155,4866
2019-01-02,40.4337,40.7479,40.4337,40.4337,5961
2019-01-03,39.9791,39.9791,39.9002,39.9002,315083
2019-01-04,41.6526,41.6526,41.6526,41.6526,324570
2019-01-07,42.1863,46.3099,41.3931,41.3931,333851
2019-01-09,43.2817,43.2817,43.2817,43.2817,889889
2019-01-10,43.7920,43.7920,43.7920,43.7920,218173
2019-01-11,44.8519,44.8519,44.2653,44.2879,316261
2019-01-15,45.0416,45.1149,44.8781,44.8781,613705
2019-01-16,45.8740,51.3134,45.8740,45.8740,402263
2019-01-17,45.8574,46.4063,45.5461,46.3837,282462
2019-01-21,46.7792,46.7792,46.7792,46.7792,204901
2019-01-22,46.7218,46.9597,46.7218,46.7218,502753
2019-01-23,46.4138,46.4138,46.0364,46.0364,360109
2019-01-24,44.8842,45.3405,44.8842,45.2502,472764
2019-01-25,46.2059,46.2965,46.2059,46.2965,349877
2019-01-28,46.0945,46.0945,46.0945,46.0945,146999
2019-01-29,46.5311,46.5651,46.5311,46.5311,169907
2019-01-30,46.4318,46.4318,46.2151,46.4318,142403
2019-01-31,46.1444,46.6738,46.0818,46.6510,408351
2019-02-01,47.2040,47.2040,47.2040,47.2040,226971
2019-02-04,47.1049,47.1049,47.1049,47.1049,217638
2019-02-05,47.4325,47.4428,47.4325,47.4325,348709
2019-02-07,47.6131,47.6131,47.6131,47.6131,192987
2019-02-08,47.0347,47.0347,46.6834,46.6834,295289
2019-02-11,47.3043,47.3269,46.9533,46.9646,774657
2019-02-12,47.4857,47.4857,47.3605,47.3605,236957
2019-02-14,47.4097,47.4097,47.3984,47.4097,97033
2019-02-15,47.8737,47.8737,47.8737,47.8737,112269
2019-02-18,47.9405,47.9745,47.9405,47.9745,338941
2019-02-19,48.3646,48.3646,48.3646,48.3646,115647
2019-02-25,49.0512,49.2328,48.9264,48.9264,52600
2019-02-26,49.4695,49.8014,49.4695,49.7787,245644
2019-02-27,49.7060,49.7060,49.7060,49.7060,228611
2019-03-04,49.7637,49.7637,49.7637,49.7637,178448
2019-03-05,49.9422,49.9422,49.5627,49.5627,323536
2019-03-06,49.4453,49.4453,49.4453,49.4453,543698
2019-03-07,48.9236,49.6313,48.7141,48.7141,112120
2019-03-08,48.3431,48.3431,48.0261,48.2186,265518
2019-03-11,48.9351,49.5479,48.9351,49.5479,626405
2019-03-12,49.7327,50.0103,49.6588,49.6588,988327
2019-03-13,49.9445,50.2059,49.9445,50.2059,235253
2019-03-14,50.2201,50.9059,50.2201,50.4699,167225
2019-03-15,50.7531,51.3459,50.7531,51.0643,328818
2019-03-18,50.8994,50.8994,50.6397,50.7701,261480
2019-03-19,51.1997,51.4901,51.1997,51.2451,341303
2019-03-21,50.5285,50.5285,50.5285,50.5285,186407
2019-03-22,49.9591,49.9591,48.9050,48.9050,1443391
2019-03-25,48.4520,49.1484,48.4520,48.9339,458824
2019-03-26,48.9237,48.9237,48.9237,48.9237,68115
2019-03-29,49.0686,49.2476,49.0351,49.2140,105926
2019-04-01,50.1668,50.2116,49.8198,50.2116,174875
2019-04-02,49.9494,50.2110,49.9494,50.0658,59704
2019-04-03,50.6982,50.8885,50.6870,50.8885,101018
2019-04-04,50.6411,50.7532,50.6411,50.6859,108316
2019-04-05,50.5567,50.5567,50.5567,50.5567,92525
2019-04-09,50.6422,50.6422,50.4956,50.6084,77151
2019-04-10,51.1257,51.1257,51.1257,51.1257,91470
2019-04-11,51.8744,51.8744,51.8744,51.8744,289428
2019-04-12,51.9227,51.9227,51.6712,51.7109,142046
2019-04-16,52.3637,52.3637,52.3637,52.3637,144336
2019-04-17,52.3314,52.3314,52.3162,52.3162,78812
2019-04-18,52.6568,53.4181,52.6568,53.4181,100126
2019-04-23,52.7101,52.7101,52.7101,52.7101,2722740
2019-04-25,51.8397,52.1072,51.8397,52.0864,387278
2019-04-26,51.7303,51.7303,51.7303,51.7303,224543
2019-05-03,52.6808,52.7776,52.6808,52.7776,77926
2019-05-07,51.6327,51.6327,51.6327,51.6327,177912
2019-05-08,51.0844,51.1118,51.0491,51.0844,89821
2019-05-10,51.8344,51.8344,51.6525,51.6752,227271
2019-05-15,53.1740,53.1740,52.7626,52.7626,173967
2019-05-16,53.4182,53.4182,53.4182,53.4182,882148
2019-05-17,53.3665,53.4340,53.3665,53.4340,120631
2019-05-20,51.1112,51.1225,51.1112,51.1225,162096
2019-05-22,51.9109,51.9189,51.6341,51.6341,92527
2019-05-23,50.4577,50.4577,50.4520,50.4520,923774
2019-05-28,50.0295,50.0295,50.0295,50.0295,182562
2019-05-29,49.0765,49.0765,42.8018,42.8018,331655
2019-05-30,48.9768,48.9768,48.9768,48.9768,740
2019-05-31,47.8163,47.9620,47.6481,47.8051,371539
2019-06-03,48.0660,48.0660,41.8466,41.8466,224388
2019-06-04,47.7391,48.7065,42.4277,42.4277,159382
2019-06-05,49.2690,49.2690,43.0195,43.0195,933147
2019-06-06,49.2991,49.2991,42.9372,42.9372,290121
2019-06-07,49.4790,49.4790,43.3163,43.3163,80639
2019-06-10,49.7673,49.7673,49.7673,49.7673,168
2019-06-11,50.4747,50.4747,50.4410,50.4747,225054
2019-06-12,48.2888,48.4013,48.2888,48.3900,893752
2019-06-13,48.8852,48.9188,48.8852,48.9188,205226
2019-06-17,48.0345,48.0794,48.0345,48.0794,337118
2019-06-18,49.0541,49.0989,48.9533,48.9533,391128
2019-06-19,49.2189,49.3135,49.1237,49.1237,524530
2019-06-20,49.3456,49.3567,49.1238,49.1238,86992
2019-06-21,49.0504,49.0504,48.6282,48.6282,506746
2019-06-24,48.0796,48.1593,48.0796,48.1593,289858
2019-06-25,47.8657,47.9653,47.8657,47.9432,45710
2019-06-26,47.9683,47.9683,47.7741,47.7741,68497
2019-06-27,48.0711,48.1911,47.7711,47.7711,68883
2019-06-28,47.6998,47.6998,47.6554,47.6554,120301
2019-07-02,47.6862,47.7729,47.6379,47.7729,263623
2019-07-03,48.2008,48.2671,47.9348,48.2559,600686
2019-07-04,48.7803,48.7803,48.7803,48.7803,266693
2019-07-05,48.1966,48.1988,48.0141,48.1988,209261
2019-07-17,49.2393,49.2393,49.0308,49.0308,225942
2019-07-18,49.4580,49.4580,49.4248,49.4248,112279
2019-07-19,49.4343,49.4839,49.2668,49.4839,209631
2019-07-31,48.5493,48.5493,48.5493,48.5493,2473720
2019-08-02,47.3140,47.3140,47.2060,47.2060,366040
2019-08-13,46.2768,46.2768,46.2768,46.2768,115473
2019-08-29,46.6812,46.6812,46.6812,46.6812,20877
2019-09-02,47.0364,47.0364,46.8777,46.8777,143023
2019-09-10,48.5859,48.5859,48.5859,48.5859,254741
2019-09-19,49.8355,49.8355,49.6861,49.6904,581719
2019-09-25,48.2161,48.2844,48.2161,48.2844,188981
2019-10-02,46.8687,46.8687,46.3025,46.3025,687477
2019-10-03,46.0160,46.0160,46.0160,46.0160,147578
2019-10-08,45.7585,45.7585,45.4931,45.4931,215968
2019-10-10,46.3152,46.3152,46.3152,46.3152,1133959
2019-10-11,47.3082,47.3082,47.3082,47.3082,354636
2019-10-16,47.9255,47.9255,47.9255,47.9255,320391
2019-10-17,48.2708,48.4354,48.2708,48.4354,826807
2019-10-18,48.3078,48.3078,48.3078,48.3078,164971
2019-10-21,48.7885,48.7885,48.7885,48.7885,92645
2019-10-23,48.7323,48.7323,48.5529,48.5529,110246
2019-10-24,49.2136,49.2136,49.2136,49.2136,40615
2019-10-25,49.8944,49.8944,49.8944,49.8944,59826
2019-10-28,50.0840,50.0840,50.0730,50.0730,175430
2019-10-31,50.8601,50.8601,50.8601,50.8601,175723
2019-11-04,51.7918,51.7918,51.7918,51.7918,256677
2019-11-14,51.5744,51.5744,51.5744,51.5744,546610
2019-11-15,52.0549,52.0549,51.9598,51.9598,354791
2019-11-19,51.6140,51.6140,51.6140,51.6140,322145
2019-11-21,51.3847,51.3847,51.3847,51.3847,222809
2019-11-25,51.9446,51.9446,51.9446,51.9446,447126
2019-12-02,51.6549,51.6549,51.6549,51.6549,218192
2019-12-11,51.7609,51.7609,51.7609,51.7609,148833
2019-12-17,52.8351,52.8351,52.8351,52.8351,509584
2019-12-20,53.5141,53.5141,53.5141,53.5141,192966
2019-12-23,53.6737,53.6737,53.6737,53.6737,473038
2019-12-27,53.9126,53.9126,53.9126,53.9126,93438
2020-01-03,53.4333,53.4333,53.4333,53.4333,333350
2020-01-10,52.9994,52.9994,52.7615,52.7615,103926
2020-01-15,52.1471,52.1471,52.1471,52.1471,114774
2020-01-16,52.0583,52.0583,52.0583,52.0583,205938
2020-01-21,52.5195,52.5195,52.5195,52.5195,64100
2020-01-22,52.0671,52.0671,52.0671,52.0671,435311
2020-01-27,50.3319,50.3319,49.9528,50.0371,373913
2020-01-28,50.0557,50.2405,50.0557,50.1468,554247
2020-01-31,49.7234,49.7234,49.4717,49.4717,1043764
2020-02-03,49.0232,49.0232,48.9164,48.9164,462261
2020-02-04,49.1927,49.1927,49.1927,49.1927,237671
2020-02-05,49.7318,49.7318,49.7318,49.7318,527321
2020-02-07,49.2607,49.2607,49.1055,49.1349,38017
2020-02-11,49.6186,49.6186,49.6186,49.6186,201667
2020-02-12,49.8371,49.8371,49.8371,49.8371,231598
2020-02-20,49.2672,49.2672,49.2672,49.2672,180302
2020-02-27,46.6549,46.6549,46.3219,46.3219,339689
2020-02-28,45.1826,45.1826,45.1826,45.1826,1299987
2020-03-04,46.5104,46.5104,46.5104,46.5104,334988
2020-03-05,45.4506,45.5702,45.4495,45.5702,287175
2020-03-10,40.5545,40.5545,40.5545,40.5545,1372733
2020-03-13,36.8022,36.8022,36.8022,36.8022,1780857
2020-03-17,28.5984,28.5984,28.5984,28.5984,338446
2020-03-18,30.5214,30.5214,30.5119,30.5119,391409
2020-03-20,33.5203,33.9187,33.5203,33.9187,947241
2020-03-23,30.5856,31.8226,30.5750,31.8226,1263735
2020-03-25,35.6180,35.6180,35.6180,35.6180,195812
2020-03-27,34.9954,35.1033,34.9845,34.9845,299689
2020-03-30,33.9091,33.9091,33.9091,33.9091,633811
2020-04-03,34.8368,34.8368,34.8368,34.8368,81459
2020-04-06,36.1220,36.3119,35.8265,36.0903,1366428
2020-04-14,37.7804,37.7804,37.7804,37.7804,110371
2020-04-16,37.4565,37.4565,37.4565,37.4565,162842
2020-04-23,36.6636,36.6636,36.6636,36.6636,77191
2020-05-04,38.4147,38.4147,38.2652,38.2652,147381
2020-05-15,36.9066,36.9066,36.6540,36.6540,54253
2020-05-18,36.5302,36.5302,36.5302,36.5302,107411
2020-06-03,42.1171,42.1171,42.1171,42.1171,535698
2020-07-21,45.0441,45.0441,45.0441,45.0441,248356
2020-08-18,43.6205,43.6205,43.6205,43.6205,180031
2020-08-25,43.8395,43.8395,43.7965,43.7965,42148
2020-08-26,43.2884,43.3098,43.2884,43.3098,62503
2020-08-28,43.2538,43.2538,43.1140,43.1140,25766
2020-09-04,42.3962,42.3962,42.3962,42.3962,178652
2020-09-07,42.7679,42.7679,42.7679,42.7679,65474
2020-09-09,43.4677,43.4785,43.4677,43.4785,339639
2020-09-11,44.2390,44.2390,44.2390,44.2390,156615
2020-09-29,42.0258,42.0258,42.0258,42.0258,89255
2020-10-02,41.7157,41.7157,41.7157,41.7157,161489
2020-10-09,43.5160,43.5160,43.5160,43.5160,515114
2020-10-12,43.6410,43.6410,43.6410,43.6410,100778
2020-10-13,43.6242,43.6242,43.6242,43.6242,77022
2020-10-14,42.8950,42.8950,42.8950,42.8950,388279
2020-10-16,43.4422,43.4422,43.4422,43.4422,1719129
2020-10-21,42.2922,42.2922,42.2922,42.2922,141701
2020-10-22,41.5799,41.6872,41.5799,41.6872,79745
2020-10-23,42.4365,42.4365,42.4365,42.4365,117729
2020-10-26,41.1404,41.1404,41.1404,41.1404,303767
2020-10-27,40.1027,40.1027,40.1027,40.1027,310537
2020-10-28,38.8166,38.9022,38.8166,38.9022,134022
2020-10-29,38.7168,38.7168,38.7168,38.7168,234206
2020-10-30,39.3747,39.3747,39.3747,39.3747,189745
2020-11-02,41.1811,41.4272,41.1811,41.4272,97905
2020-11-03,42.5203,42.8093,42.5203,42.8093,150615
2020-11-04,42.0056,42.0056,42.0056,42.0056,186335
2020-11-05,42.5579,42.5579,42.5579,42.5579,83620
2020-11-09,44.5148,44.5148,44.5148,44.5148,163800
2020-11-10,46.3058,46.3058,46.3058,46.3058,514819
2020-11-12,45.8754,45.8754,45.8754,45.8754,125583
2020-11-13,45.5890,45.5890,45.5890,45.5890,2395726
2020-11-16,46.7002,46.7002,46.7002,46.7002,1563264
2020-11-18,46.8829,46.8829,46.8829,46.8829,50953
2020-11-19,46.7608,46.7608,46.7608,46.7608,743851
2020-11-20,46.6989,46.6989,46.6989,46.6989,133233
2020-11-23,46.8822,46.8822,46.8822,46.8822,163564
2020-11-24,48.3431,48.3431,48.3431,48.3431,387945
2020-11-25,48.0886,48.0886,48.0886,48.0886,352558
2020-11-27,48.1414,48.1414,48.1414,48.1414,152266
2020-11-30,48.1250,48.1250,48.1250,48.1250,411269
2020-12-03,48.1001,48.1001,48.1001,48.1001,250347
2020-12-04,48.5083,48.5083,48.5083,48.5083,59698
2020-12-07,47.8875,47.8875,47.8875,47.8875,257848
2020-12-15,46.6724,46.6724,46.6724,46.6724,86856
2020-12-16,46.9850,46.9850,46.9850,46.9850,253082
2020-12-18,48.0374,48.0374,47.8902,47.8902,1030295
2020-12-21,46.3458,46.3458,46.3458,46.3458,194755
2021-01-04,48.5750,49.1255,48.5750,48.9205,48532
2021-01-06,51.3218,51.3218,51.3218,51.3218,287637
2021-01-07,52.5163,52.5163,52.5163,52.5163,550453
2021-01-08,52.8993,52.8993,52.8993,52.8993,307732
2021-02-16,50.9550,50.9800,50.5800,50.7200,271431
2021-02-17,50.7000,50.7000,49.3900,49.4100,256614
2021-02-18,49.7200,49.7200,49.1200,49.2900,232925
2021-02-19,49.2400,50.0600,49.2400,49.8200,55307
2021-02-22,50.2400,50.2400,49.5500,50.1800,113254
2021-02-23,50.2550,50.5000,49.5600,50.3600,60451
2021-02-24,51.2400,51.5400,50.6000,51.4600,150469
2021-02-25,51.7750,52.2000,51.4400,51.4400,456459
2021-02-26,50.9950,51.0600,50.0600,50.1600,1363250
2021-03-01,51.6000,52.0800,51.0200,51.5978,323736
2021-03-02,51.8200,52.9200,51.8200,52.6800,495115
2021-03-03,52.9400,53.2400,52.3580,52.7293,304153
2021-03-04,53.1100,53.4200,52.8600,53.3800,555197
2021-03-05,53.2200,53.2400,52.4800,53.1400,336673
2021-03-08,53.4900,53.9000,53.0000,53.9000,428211
2021-03-09,53.8900,54.0600,53.4400,53.6800,147539
2021-03-10,53.7200,53.7200,53.0400,53.4587,274545
2021-03-11,53.7600,54.0200,53.7600,54.0200,437811
2021-03-12,54.0000,54.3600,53.7000,54.1016,287991
2021-03-15,54.5000,54.7000,53.4200,54.2480,267059
2021-03-16,53.9000,53.9000,53.0000,53.2818,238926
2021-03-17,52.7400,53.2800,52.7400,52.9380,250013
2021-03-18,52.8200,53.6200,52.8200,53.2765,356974
2021-03-19,52.9800,53.5400,52.9000,53.1665,620130
2021-03-22,52.8800,52.8800,52.4400,52.7600,95835
2021-03-23,53.0600,53.0600,52.4800,52.9200,261148
2021-03-24,53.2400,53.9400,52.3800,52.5000,891496
2021-03-25,53.7600,54.3800,53.5400,54.3600,112747
2021-03-26,54.8000,55.2000,54.8000,54.9000,729379
2021-03-29,55.4300,55.5200,54.9800,55.1200,302236
2021-03-30,55.6800,56.1600,55.5200,55.5200,989559
2021-03-31,56.0600,56.0600,55.5400,55.5400,114338
2021-04-01,55.7500,55.8400,55.2400,55.3921,83654
2021-04-06,56.2500,57.0600,56.0200,56.3200,336652
2021-04-07,56.9800,56.9800,56.6000,56.8345,220746
2021-04-08,56.7500,57.0800,56.2400,56.4600,280199
2021-04-09,57.2000,57.2000,56.6800,57.0800,101139
2021-04-12,57.2500,57.6000,56.9400,57.0400,399195
2021-04-13,56.9400,57.6800,56.9400,57.1117,74525
2021-04-14,57.5600,57.5600,56.9400,57.4824,212265
2021-04-15,57.7400,57.7400,57.0800,57.2969,133326
2021-04-16,57.8800,58.4400,57.8800,58.4400,485292
2021-04-19,58.2500,58.4400,57.6800,57.8222,298306
2021-04-20,57.7500,58.1800,56.6000,57.0729,306984
2021-04-21,56.7500,57.2200,56.4800,57.2154,86433
2021-04-22,57.1000,57.1000,56.4000,56.7571,209416
2021-04-23,57.7000,57.7000,56.2800,56.6302,479214
2021-04-26,57.5000,57.5000,56.8200,57.3886,456086
2021-04-27,57.2500,57.5000,56.1800,56.3871,464794
2021-04-28,57.0600,57.0600,56.7400,56.9589,70735
2021-04-29,57.1600,57.1600,56.4400,56.6370,165964
2021-04-30,56.7500,56.7600,56.2800,56.4822,88685
2021-05-04,57.2500,57.2600,56.4800,56.6000,128016
2021-05-05,57.1600,57.8200,57.1600,57.7913,248211
2021-05-06,57.7500,57.8000,57.2000,57.4200,188420
2021-05-07,56.2500,56.7000,55.2000,55.3750,211491
2021-05-10,55.7000,55.7000,55.3000,55.3329,46330
2021-05-11,54.5000,54.9000,53.6557,53.9881,196931
2021-05-12,54.0000,54.0400,53.2800,53.9681,114167
2021-05-14,54.1400,54.1400,53.8424,54.0681,138982
2021-05-17,54.4411,54.4411,53.8738,54.1222,29899
2021-05-18,54.5800,54.5800,54.2600,54.5518,64653
2021-05-19,54.4000,54.4000,52.9193,54.1249,36882
2021-05-20,53.0000,53.3800,52.6800,53.1280,32629
2021-05-21,52.9575,53.3000,52.9575,52.9575,18277
2021-05-25,53.4400,53.7800,53.4400,53.5634,747602
2021-05-26,53.7200,53.7200,53.0600,53.2789,484556
2021-05-27,53.5000,54.1600,53.4395,53.9004,243629
2021-05-28,54.3191,54.3191,53.9000,53.9281,146942
2021-06-01,53.8200,54.9500,53.8200,54.8248,87456
2021-06-02,54.6600,54.9800,54.6600,54.8573,90544
2021-06-03,55.0200,55.0200,54.4800,55.0200,60273
2021-06-04,54.9757,54.9757,54.5000,54.8601,77956
2021-06-07,54.9600,54.9600,54.5200,54.7109,232354
2021-06-08,54.9600,54.9600,54.4800,54.7400,187332
2021-06-09,55.2500,55.5600,54.4800,55.1881,490281
2021-06-10,55.7500,57.0600,55.4200,55.9991,519235
2021-06-11,56.2500,56.9800,51.6000,56.9543,921383
2021-06-14,56.7500,57.0000,56.5000,56.6330,1046059
2021-06-15,56.2500,56.7238,56.2400,56.4186,135242
2021-06-16,56.9000,56.9000,56.2400,56.5743,161727
2021-06-17,56.7500,56.9000,56.2200,56.4432,988404
2021-06-18,56.2500,56.6200,55.0400,55.6778,105081
2021-06-21,54.5000,55.9400,54.4600,55.8200,72303
2021-06-22,55.7500,56.0800,55.6000,55.9346,122324
2021-06-23,55.7500,56.3000,55.4600,55.4600,209761
2021-06-24,55.7500,56.3200,55.5000,56.2600,203221
2021-06-25,56.5000,57.2800,56.5000,57.0257,136096
2021-06-28,56.9600,56.9600,55.8600,55.8682,85494
2021-06-29,55.9200,56.2000,55.9200,55.9316,4337054
2021-06-30,56.0400,56.0400,55.4600,55.5283,96560
2021-07-01,55.2500,56.0200,55.1200,55.9450,221238
2021-07-02,55.7500,55.7800,55.0600,55.2945,118467
2021-07-05,55.2500,55.2800,54.8000,54.8814,214536
2021-07-06,54.5000,54.9600,53.7800,54.3051,192360
2021-07-07,54.0000,54.8000,53.9092,54.5351,142330
2021-07-08,53.8000,53.8000,52.4200,53.1620,285351
2021-07-09,53.0000,53.9600,52.8000,53.6152,93492
2021-07-12,53.5000,53.8800,53.1400,53.6824,165557
2021-07-13,53.5400,53.9800,53.5400,53.7621,181288
2021-07-14,53.3800,54.0200,53.3800,53.5624,122517
2021-07-15,53.5000,53.8200,53.1000,53.3984,244900
2021-07-16,53.5000,53.5600,52.4200,52.7775,322496
2021-07-19,51.9500,52.1600,50.5200,50.8701,285931
2021-07-20,51.2600,52.1400,51.2600,51.6786,285895
2021-07-21,51.7400,53.0000,51.7400,52.6738,189446
2021-07-22,53.0000,53.6200,52.7686,53.5365,246356
2021-07-23,53.5000,53.5600,53.2400,53.3123,138806
2021-07-26,53.0000,53.7800,53.0000,53.5621,145106
2021-07-27,53.0000,53.4200,52.8400,53.0615,270663
2021-07-28,53.2000,53.6600,53.2000,53.5606,109179
2021-07-29,53.5000,54.0000,53.2600,53.7740,231188
2021-07-30,54.0000,54.0400,53.1000,53.1366,1320983
2021-08-02,54.0000,54.1500,53.3200,53.4200,165941
2021-08-03,53.5000,53.8200,52.9000,53.2845,132538
2021-08-04,53.0000,53.3600,52.6400,52.8535,212700
2021-08-05,52.6400,53.1200,52.6400,52.6400,666157
2021-08-06,53.0000,53.0600,52.4200,52.8600,103902
2021-08-09,52.9600,52.9600,52.6800,52.9068,131125
2021-08-10,53.0000,53.2600,52.6800,53.0771,128490
2021-08-11,53.5000,53.7000,53.2200,53.5800,178644
2021-08-12,53.7600,54.2200,53.7600,54.0667,211596
2021-08-13,54.0000,54.3600,53.8600,54.0000,188753
2021-08-16,53.5000,53.7800,52.9400,53.1200,389753
2021-08-17,53.0000,53.0000,52.6600,52.8957,128555
2021-08-18,52.4000,52.6600,52.2800,52.4882,585405
2021-08-19,52.2400,52.2400,51.2400,51.5986,972674
2021-08-20,51.4800,51.4800,50.7800,51.3918,188003
2021-08-23,52.0500,52.1200,51.5200,51.8629,148130
2021-08-24,52.0500,52.3200,51.9200,52.1540,116521
2021-08-25,52.3000,52.3000,52.0000,52.0708,236042
2021-08-26,52.4000,52.4800,51.7200,52.2861,79979
2021-08-27,52.0500,52.6800,52.0400,52.5310,99192
2021-08-31,52.8800,52.8800,52.1600,52.6714,2452092
2021-09-01,52.1400,52.7400,52.1400,52.3376,229250
2021-09-02,52.6000,52.6000,52.2200,52.4311,252971
2021-09-03,52.0500,52.4200,51.8400,52.3393,159600
2021-09-06,51.5000,51.5800,49.9100,50.0168,401028
2021-09-07,49.2500,49.6400,47.7000,49.4268,968849
2021-09-08,47.0500,48.0200,47.0500,47.2892,649908
2021-09-09,47.3100,48.0200,47.3100,47.4863,438280
2021-09-10,48.4500,48.4500,47.3840,47.7528,402631
2021-09-13,48.2500,48.9000,47.7870,48.5785,1305368
2021-09-14,48.2661,48.7800,48.2661,48.4302,620146
2021-09-15,48.5400,48.5400,47.6800,47.8896,1086458
2021-09-16,48.2100,48.2100,47.7900,47.7900,168339
2021-09-17,48.3200,48.3200,46.9100,46.9100,634122
2021-09-20,45.8200,45.8200,44.8700,45.2083,587072
2021-09-21,46.3300,46.3300,44.5700,44.6600,538283
2021-09-22,44.5000,45.5200,44.5000,44.8836,435246
2021-09-23,46.2700,46.2700,45.7300,45.9924,183321
2021-09-24,46.0900,46.0900,45.4000,45.6000,651138
2021-09-27,45.8300,46.3700,45.8300,46.1900,188533
2021-09-28,46.1000,46.2800,45.6400,45.9736,1128427
2021-09-29,45.6000,45.8500,45.0700,45.4122,1529874
2021-09-30,45.9400,45.9400,44.8600,45.1468,1960112
2021-10-01,45.0000,45.1400,44.1100,44.8333,337703
2021-10-04,44.8000,45.1600,44.5300,44.9243,281373
2021-10-05,44.8000,44.9500,44.3800,44.6428,249565
2021-10-06,44.4000,44.4100,43.1900,43.9061,549942
2021-10-07,45.2900,45.2900,44.5200,44.9567,181347
2021-10-08,45.1200,45.1200,44.6200,44.9590,250156
2021-10-11,44.5900,44.5900,44.2100,44.3974,211575
2021-10-12,44.3800,44.3800,43.8000,44.0066,653467
2021-10-13,43.7000,44.3800,43.2500,44.0944,255790
2021-10-14,44.0000,44.5100,44.0000,44.3200,259956
2021-10-15,44.6700,44.6700,44.3100,44.5000,1045966
2021-10-18,44.5800,44.5800,44.0000,44.1244,344070
2021-10-19,44.8000,45.4500,44.3000,45.2252,340334
2021-10-20,45.4000,45.4400,44.6600,45.2300,757861
2021-10-21,45.0800,45.0800,44.5600,44.9200,261885
2021-10-22,45.3700,45.3700,44.7200,45.1553,181121
2021-10-25,45.4800,45.4800,44.8600,45.3417,137742
2021-10-26,45.4700,46.3000,45.4700,45.9399,339808
2021-10-27,45.4000,45.5600,45.1200,45.3900,2215315
2021-10-28,45.4000,45.6000,44.8700,45.6000,470227
2021-10-29,46.7500,46.7500,45.5500,46.4320,522184
2021-11-01,46.7000,46.7800,46.0584,46.6300,182276
2021-11-02,46.7700,46.7700,46.2800,46.5591,234834
2021-11-03,46.9000,47.0700,46.4400,46.8985,498008
2021-11-04,47.3700,47.3700,46.5500,46.6831,377339
2021-11-05,47.5900,47.5900,46.5600,47.2000,357612
2021-11-08,47.5900,47.5900,46.9800,47.2800,3769932
2021-11-09,47.3000,47.6500,47.2300,47.5500,717945
2021-11-10,47.3000,47.6700,47.1900,47.2781,234556
2021-11-11,47.5000,48.0000,47.5000,47.7548,105841
2021-11-12,47.8200,48.4200,47.8200,48.2171,235577
2021-11-15,48.1500,48.3600,47.8400,48.0200,124483
2021-11-16,48.1500,48.5300,48.1400,48.2848,208357
2021-11-17,48.1700,48.5000,48.1700,48.3666,129577
2021-11-18,48.7000,48.7000,47.1200,47.6234,600692
2021-11-19,47.6500,47.6500,46.0700,46.4747,593409
2021-11-22,46.7300,46.7300,46.0200,46.4215,178958
2021-11-23,46.5000,47.1500,45.8700,46.4577,932205
2021-11-24,46.7300,47.8400,46.7300,47.5987,490462
2021-11-25,47.7000,47.7800,47.3400,47.3803,225048
2021-11-26,46.9400,46.9400,45.3700,46.2698,1920731
2021-11-29,45.6000,46.5000,45.3600,45.4944,715267
2021-11-30,45.0200,45.0200,44.1400,44.4723,827446
2021-12-01,44.6000,45.6200,44.4200,44.6700,551294
2021-12-02,44.6000,44.6000,44.0200,44.2644,452541
2021-12-03,44.4000,44.8700,44.2200,44.4785,2566089
2021-12-06,44.4000,45.7300,44.2400,45.6121,2754815
2021-12-07,46.0100,46.5700,46.0100,46.3847,613184
2021-12-08,46.2200,46.2200,45.4400,46.2000,762325
2021-12-09,45.7200,45.7200,44.9700,45.1658,503728
2021-12-10,45.4000,45.5000,45.0700,45.1345,209818
2021-12-13,45.5700,45.5700,44.9591,45.0645,725732
2021-12-14,45.0000,45.6100,44.8800,45.2800,648424
2021-12-15,45.0000,45.2000,44.7100,44.7745,1179503
2021-12-16,45.8400,45.8400,44.9700,45.2200,544519
2021-12-17,45.0000,45.3200,44.6700,45.0989,730971
2021-12-20,44.9900,44.9900,43.5900,44.2297,693830
2021-12-21,44.6000,45.4000,44.6000,45.0757,322236
2021-12-22,45.1900,45.1900,44.7800,45.1100,233122
2021-12-23,45.8200,46.3200,45.8200,46.0433,525997
2021-12-29,46.5000,46.7800,46.5000,46.6700,255813
2021-12-30,46.5000,46.7600,46.4800,46.5100,584678
2022-01-04,47.1000,48.1900,47.1000,48.1100,774676
2022-01-05,48.6000,48.6000,48.0000,48.3122,872472
2022-01-06,48.2500,48.6700,47.8200,48.2000,239585
2022-01-07,48.1500,48.6600,48.1400,48.3600,118442
2022-01-10,48.7000,49.1400,48.3400,48.7044,233518
2022-01-11,49.0000,50.6600,49.0000,50.3115,780060
2022-01-12,50.8800,51.8400,50.8800,51.4894,543962
2022-01-13,51.6000,52.4200,51.5400,52.2049,186944
2022-01-14,51.9500,52.4200,51.8400,52.2142,229959
2022-01-17,52.5000,52.8200,52.0687,52.3587,616736
2022-01-18,51.9500,52.1400,51.4000,51.6205,275302
2022-01-19,51.1500,51.7600,50.8000,51.0545,178154
2022-01-20,51.1500,51.3000,50.7200,51.1152,159767
2022-01-21,50.6000,50.8800,49.9600,50.2693,289955
2022-01-24,49.9500,49.9500,47.6700,48.5393,363926
2022-01-25,48.7000,49.0600,48.1100,48.9000,1156460
2022-01-26,48.7500,49.7700,48.7500,48.8900,188280
2022-01-27,49.1500,50.2200,48.6100,49.5550,694580
2022-01-28,49.9200,49.9200,48.8300,49.3157,357947
2022-01-31,49.6700,50.2800,49.6700,49.6800,1045127
2022-02-01,50.5000,51.1800,50.5000,50.8556,517142
2022-02-02,50.8000,51.5200,50.8000,50.8400,421770
2022-02-03,50.7200,51.2200,50.7200,50.7200,255611
2022-02-04,50.6000,50.7000,49.4100,49.9067,388189
2022-02-07,50.0800,50.6000,50.0800,50.3239,171528
2022-02-08,50.5000,51.0000,50.4800,50.7324,306493
2022-02-09,50.9400,52.1000,50.9400,51.7852,1534722
2022-02-10,51.5000,51.9600,51.3200,51.6270,1210435
2022-02-11,51.5000,51.5000,50.8800,51.4123,146146
2022-02-14,49.6400,50.7000,49.6400,50.7000,225833
2022-02-15,50.6000,51.4200,50.4600,51.3600,189622
2022-02-16,51.5000,52.0400,51.4600,51.4600,102527
2022-02-17,51.0500,51.8000,50.3600,50.7000,211680
2022-02-18,50.1500,50.7800,49.8100,50.5843,218328
2022-02-21,50.0500,50.4600,49.0900,49.4900,289590
2022-02-22,48.2500,49.2500,47.6200,48.9100,758978
2022-02-23,48.7000,49.6300,47.6700,48.1633,277134
2022-02-24,46.2200,46.2200,44.6900,45.6500,900770
2022-02-25,47.1000,47.1500,45.7200,45.9853,568534
2022-02-28,45.8000,46.1800,44.4000,46.0900,1144273
2022-03-01,46.1000,46.2100,44.3700,44.9200,817214
2022-03-02,44.8000,46.0900,44.6000,44.6000,626027
2022-03-03,45.0000,46.0200,44.8100,45.2239,526060
2022-03-04,44.2700,44.2700,41.7200,41.8800,765119
2022-03-07,41.0000,42.0300,38.8500,41.9545,331882
2022-03-08,40.4000,41.7600,40.4000,40.4000,340130
2022-03-09,42.5000,43.6600,42.0500,43.3438,281141
2022-03-10,44.1900,44.1900,43.1900,43.6383,438383
2022-03-11,43.5100,45.2900,43.5100,44.3566,360808
2022-03-14,45.6000,45.7200,45.1300,45.4481,408504
2022-03-15,45.2600,45.2600,44.2400,44.9600,327077
2022-03-16,46.1000,46.4200,45.5900,46.0637,725037
2022-03-17,46.9000,46.9200,45.8100,46.5000,478278
2022-03-18,46.1000,46.6700,45.8100,46.5382,698149
2022-03-21,46.8800,46.8800,46.2400,46.2897,452132
2022-03-22,46.3000,46.7900,46.1800,46.3946,116675
2022-03-23,46.2900,46.2900,45.0200,45.8951,720044
2022-03-24,45.2000,45.2200,44.4000,44.8000,900934
2022-03-25,44.9500,44.9500,44.3900,44.6633,445905
2022-03-28,44.8000,45.2900,44.7700,44.9351,166900
2022-03-29,45.0400,47.0000,45.0400,46.5600,460983
2022-03-30,46.4600,46.4600,45.4900,45.6200,343087
2022-03-31,46.2300,46.2300,44.9600,45.2900,535633
2022-04-01,45.7600,45.7600,45.2000,45.4033,374074
2022-04-04,45.5900,45.5900,45.0000,45.2000,384933
2022-04-05,44.9300,44.9300,43.7500,44.0385,562638
2022-04-06,44.2400,44.2400,42.5000,43.0109,377276
2022-04-07,43.1900,43.1900,42.4600,42.6257,579961
2022-04-08,43.4200,43.4200,42.7300,43.1714,286508
2022-04-11,43.0900,43.3300,42.7000,42.9713,117583
2022-04-12,42.8800,42.8800,42.3000,42.6025,994493
2022-04-13,42.5700,42.5700,42.0200,42.3626,538775
2022-04-14,43.7600,44.3945,43.3300,43.9582,375335
2022-04-19,44.1200,44.1200,43.4100,43.7376,280284
2022-04-20,44.1400,45.1300,44.1400,44.8798,210810
2022-04-21,45.1500,46.1400,45.0800,45.9219,534874
2022-04-22,47.2064,48.6700,47.2064,47.9167,1305544
2022-04-25,48.2900,48.7400,47.0800,48.1342,1424643
2022-04-26,48.9700,50.1800,48.2400,49.5795,899043
2022-04-27,48.0000,48.2300,47.0400,47.8552,694651
2022-04-28,48.3000,48.3000,47.3200,47.9903,582522
2022-04-29,48.2100,48.5200,47.9700,48.0742,178829
2022-05-03,47.6800,48.7500,47.6800,47.9486,247687
2022-05-04,48.7800,48.9700,47.6700,48.6510,1959262
2022-05-05,49.0050,49.4900,48.1100,48.6000,385503
2022-05-06,48.2000,48.5000,47.2900,47.9016,201384
2022-05-09,45.7600,45.7600,44.8800,44.9133,407032
2022-05-10,46.7200,46.7200,45.6300,46.3402,486120
2022-05-11,45.9300,46.6900,45.9300,46.3698,467465
2022-05-12,46.2900,46.3100,44.5700,45.8017,449229
2022-05-13,46.5700,47.4300,46.5700,46.9667,350258
2022-05-16,46.5400,47.7000,46.3700,46.9065,487736
2022-05-17,47.3800,48.0900,47.2700,47.8500,267237
2022-05-18,47.8100,48.2600,46.5500,47.3677,321728
2022-05-19,46.9200,46.9200,46.2268,46.4138,269530
2022-05-20,47.5500,53.4614,46.4600,47.2613,219844
2022-05-23,46.7200,47.4100,46.7200,47.1706,194907
2022-05-24,47.3000,47.4800,46.7200,47.1091,284860
2022-05-25,47.2000,47.7800,47.1800,47.5505,200337
2022-05-27,47.8650,48.2400,47.5900,47.9920,806470
2022-05-30,48.1700,48.7900,48.1700,48.3517,735802
2022-05-31,47.9500,47.9500,47.2800,47.4800,1151513
2022-06-01,47.9000,47.9000,47.3000,47.6645,875147
2022-06-07,48.3450,48.6500,48.1000,48.5721,328787
2022-06-08,48.3450,48.6900,48.3300,48.4663,274434
2022-06-09,48.7350,49.2300,48.2000,48.8000,449212
2022-06-10,48.4800,48.4800,46.4000,46.6628,315368
2022-06-13,45.6600,45.9600,45.1200,45.6991,744991
2022-06-14,46.3700,46.3700,45.6300,46.2696,635721
2022-06-15,46.2800,47.1600,46.2800,46.9399,251633
2022-06-16,46.3200,46.3200,44.4100,44.7499,452648
2022-06-17,44.7600,44.7600,44.0700,44.2872,503579
2022-06-20,44.0400,44.1800,42.9400,43.9947,151530
2022-06-21,44.2000,44.8700,44.2000,44.6293,271033
2022-06-22,43.1200,44.3100,43.1200,43.5560,804608
2022-06-23,43.9800,43.9800,42.6400,42.8720,203735
2022-06-24,42.5900,43.8900,42.5900,43.6496,541948
2022-06-27,43.5400,43.5400,42.6200,42.9284,1190023
2022-06-28,43.0100,43.7500,42.1600,42.2902,111785
2022-06-29,42.0300,42.0300,41.2700,41.6267,695857
2022-06-30,41.0400,41.0400,39.9500,40.6875,412269
2022-07-01,41.0900,41.2200,40.4000,40.7000,471540
2022-07-04,40.7700,41.2700,40.7700,41.1336,441471
2022-07-05,41.2200,41.3000,39.2100,39.4295,539359
2022-07-06,39.4900,40.0300,39.4200,39.4253,146360
2022-07-07,39.6200,40.6100,39.6200,40.0610,147201
2022-07-08,40.1600,41.8700,39.7500,41.5861,425437
2022-07-11,41.5100,41.5100,40.5600,41.1896,304345
2022-07-12,40.4800,41.5600,40.4800,41.5597,78026
2022-07-13,41.1500,41.3600,40.6400,41.1149,206532
2022-07-14,41.0341,41.0341,40.2000,40.3760,49854
2022-07-15,40.6800,41.1200,40.6800,40.9194,119826
2022-07-18,41.5000,41.7700,41.2400,41.5742,118553
2022-07-19,41.0200,42.4300,41.0200,41.7194,155891
2022-07-20,42.2900,42.4300,41.4500,41.8610,251939
2022-07-21,42.0200,42.2600,41.1900,41.8989,199360
2022-07-22,41.8300,41.8700,41.3600,41.6244,101818
2022-07-25,42.2700,42.3700,41.6800,41.9362,59431
2022-07-26,41.9600,41.9600,41.0200,41.1939,199711
2022-07-27,42.9200,43.7500,42.5000,43.2065,316330
2022-07-28,43.4800,44.3800,43.4800,43.9539,332680
2022-07-29,44.6100,44.6100,43.9100,44.3956,361588
2022-08-02,44.0756,44.0756,43.5100,43.6200,282283
2022-08-03,44.0000,44.3200,43.4610,43.9901,99306
2022-08-04,44.0100,44.7000,44.0100,44.5542,95507
2022-08-05,44.5000,44.9100,44.4900,44.7162,119675
2022-08-08,45.0100,45.4400,44.6600,44.8803,84531
2022-08-09,45.2300,45.2300,44.6800,44.8200,200226
2022-08-10,45.2600,45.5600,44.4500,45.3398,210580
2022-08-11,45.4900,46.1800,45.2800,45.4582,133246
2022-08-12,45.4900,45.8600,45.3100,45.6687,107929
2022-08-15,45.6300,45.9500,45.6300,45.8321,52975
2022-08-16,45.9100,46.3300,45.9100,46.1839,55328
2022-08-17,46.3300,46.4700,45.6400,45.7867,223086
2022-08-18,45.8700,46.0600,45.6400,45.6400,41287
2022-08-19,45.3500,45.7300,45.3500,45.5200,188092
2022-08-22,45.5000,45.5000,44.4300,44.9433,125835
2022-08-23,44.3100,44.9600,44.2400,44.4200,129262
2022-08-24,44.1000,44.4000,43.3900,43.5400,57796
2022-08-25,43.5700,44.4900,43.4900,44.1532,48245
2022-08-26,44.0000,44.5300,43.5000,43.8906,249591
2022-08-30,43.8500,44.6100,43.5200,43.8764,93010
2022-08-31,43.8100,43.9500,43.4200,43.5785,193829
2022-09-01,43.0100,43.0300,42.5900,42.8158,193218
2022-09-02,43.5700,45.0500,43.5700,44.4102,346720
2022-09-05,43.2300,43.8900,43.2300,43.5729,149749
2022-09-06,43.4800,44.7200,43.4800,44.4462,255201
2022-09-07,44.6100,45.1954,44.3600,44.7593,96414
2022-09-08,45.1100,45.6900,44.6700,45.1306,168574
2022-09-09,45.5500,45.5500,44.8100,44.9855,184999
2022-09-12,46.0000,46.7900,45.8200,45.9785,292876
2022-09-13,46.5000,46.6800,45.7400,46.1910,135245
2022-09-14,45.8200,45.8200,44.9500,45.1490,117428
2022-09-15,45.0500,45.5500,45.0500,45.3401,130354
2022-09-16,44.2400,44.9600,44.2400,44.5300,318960
2022-09-20,44.4400,44.8300,43.2700,43.7482,182453
2022-09-21,43.2000,43.4600,42.7500,43.1871,401748
2022-09-22,43.1700,43.3300,42.3100,42.4300,533805
2022-09-23,42.2900,42.2900,40.4700,40.7119,339238
2022-09-26,41.3200,41.3200,40.5300,40.9318,246630
2022-09-27,40.8600,41.4000,40.8600,40.9480,319959
2022-09-28,40.9673,40.9673,39.7000,40.3924,710108
2022-09-29,40.6900,40.7000,39.3000,40.0100,425875
2022-09-30,40.3000,41.0100,40.3000,40.8609,200838
2022-10-03,40.9800,41.4200,40.1100,41.0148,438442
2022-10-04,41.6400,42.8500,41.6400,42.6227,91452
2022-10-05,42.4000,42.6800,41.9800,42.3800,164936
2022-10-06,42.4000,42.7800,41.6300,41.7642,52163
2022-10-07,41.2400,41.6600,40.9400,41.2843,130246
2022-10-10,41.0100,41.6900,40.6000,41.4486,269816
2022-10-11,41.1600,41.1600,40.3600,40.9582,149160
2022-10-12,40.0000,40.5500,39.4800,40.3520,247265
2022-10-13,40.5000,41.2762,39.9600,40.9882,80202
2022-10-14,40.6000,41.6500,40.6000,41.1300,336992
2022-10-17,41.6000,42.0800,40.8100,41.7563,237778
2022-10-18,42.2500,42.9400,42.0100,42.1642,134579
2022-10-19,42.8200,43.1400,42.3936,42.5751,155269
2022-10-20,42.0500,42.5900,42.0500,42.0900,74412
2022-10-21,41.7200,42.2000,41.6300,42.1516,84007
2022-10-24,42.1800,42.7600,42.0500,42.6550,56186
2022-10-25,43.0400,43.0400,42.0000,42.7315,66192
2022-10-26,42.5600,43.1300,42.4100,43.0914,76230
2022-10-27,43.2000,43.3200,42.5900,43.2398,133391
2022-10-28,43.7000,45.2100,43.1100,45.0145,376567
2022-10-31,45.2400,45.7800,44.4300,45.2300,210145
2022-11-01,45.7400,46.0400,45.4200,45.7977,114163
2022-11-02,45.1700,45.7700,45.0400,45.5131,41874
2022-11-03,44.5300,45.9846,44.5300,45.6090,153849
2022-11-04,46.5000,46.9500,45.8900,46.6854,333413
2022-11-07,46.6200,47.1600,46.6200,47.0929,75102
2022-11-08,47.2000,47.4600,46.9500,47.2967,82559
2022-11-09,47.4500,47.4500,47.1200,47.1545,161625
2022-11-10,47.3700,48.5000,47.3700,48.0086,148090
2022-11-11,48.4500,49.4300,48.4500,48.8564,98381
2022-11-14,48.8700,49.4400,48.6500,49.0093,394572
2022-11-15,48.6900,49.2000,48.6900,48.9599,114712
2022-11-16,48.9000,48.9000,48.2100,48.3843,128552
2022-11-17,48.3350,48.4400,47.2200,47.7682,120423
2022-11-18,47.6000,48.4700,47.6000,48.1966,92442
2022-11-21,48.0200,48.3800,47.7400,48.2241,164006
2022-11-22,48.2450,48.5600,47.9400,48.4127,90214
2022-11-23,48.3550,48.7100,48.3400,48.4713,48553
2022-11-24,48.4600,49.0200,48.4600,48.8928,47529
2022-11-25,49.0500,49.3700,48.9100,49.2216,37920
2022-11-28,48.8896,49.3300,48.8896,49.0017,152313
2022-11-29,48.8600,49.2600,48.8600,48.9340,88221
2022-11-30,48.9150,49.3300,48.6300,48.8488,161885
2022-12-01,49.2200,49.2200,48.6800,48.8784,89890
2022-12-02,48.7000,49.2200,48.7000,49.0381,93745
2022-12-05,48.5450,49.0300,48.4000,48.5327,148584
2022-12-06,48.3350,48.5600,48.2400,48.3376,165592
2022-12-07,48.3550,48.6100,48.1900,48.3567,317575
2022-12-08,48.5800,48.5900,48.0500,48.2849,556862
2022-12-09,48.4900,48.9400,48.3200,48.6227,171611
2022-12-12,48.2100,48.4000,47.9700,48.2776,258009
2022-12-13,48.3350,48.9400,48.3296,48.5382,82104
2022-12-14,48.6800,48.8300,48.4700,48.7027,255429
2022-12-15,48.5300,48.5300,46.9700,47.6535,211417
2022-12-16,46.5200,47.3700,46.5200,46.8095,414999
2022-12-19,47.0500,47.4900,47.0500,47.1895,59625
2022-12-20,46.6700,47.0600,46.6700,46.9939,109704
2022-12-21,47.7650,47.8248,46.8400,47.8248,97993
2022-12-22,47.7750,48.0400,47.6000,47.7958,64963
2022-12-23,47.6000,48.1100,47.6000,47.7857,45008
2022-12-28,48.4350,48.5600,48.1200,48.5600,32600
2022-12-29,47.9500,48.1900,47.9500,48.1200,22296
2022-12-30,48.0700,48.0700,47.7800,47.8800,52304
2023-01-03,48.0300,49.1700,48.0300,48.9250,167105
2023-01-04,49.2000,49.8000,49.2000,49.5299,151663
2023-01-05,49.7900,49.7900,49.2400,49.6455,71190
2023-01-06,49.6850,50.0800,49.5100,49.9700,165888
2023-01-09,50.2900,51.0600,49.5254,50.1200,219168
2023-01-10,50.1400,50.9000,50.1400,50.6475,194235
2023-01-11,50.6800,50.9400,50.4800,50.5928,73728
2023-01-12,50.7400,51.2800,50.7400,50.9800,123891
2023-01-13,50.3248,51.1000,50.3248,50.5584,405176
2023-01-16,50.6600,51.5600,50.6600,51.3266,97032
2023-01-17,51.1800,51.6200,51.1800,51.5000,109290
2023-01-18,51.6850,51.9400,51.2600,51.7600,119209
2023-01-19,51.3400,52.1400,51.3400,51.8397,388273
2023-01-20,52.2550,52.4000,52.0420,52.2052,201737
2023-01-23,52.2000,52.7053,52.1600,52.7053,60068
2023-01-24,52.6750,53.2400,52.6600,52.9000,155276
2023-01-25,52.9200,53.2200,52.9200,53.0580,173049
2023-01-26,53.0000,53.2000,52.8000,53.1321,304867
2023-01-27,53.2800,54.4200,53.2800,54.1545,120413
2023-01-30,54.4000,54.7200,53.6600,54.6000,682146
2023-01-31,54.4000,54.6800,54.0800,54.4655,1069100
2023-02-01,54.5400,55.1268,54.5400,54.9233,283842
2023-02-02,54.8400,55.4600,54.8400,54.8400,744546
2023-02-03,55.2500,55.3800,54.5800,55.3800,116152
2023-02-06,54.9600,54.9600,54.4200,54.7327,298442
2023-02-07,54.5600,55.2200,54.5600,54.6029,276966
2023-02-08,55.2000,55.7600,54.8800,55.6589,284394
2023-02-09,55.6750,55.6800,55.2400,55.4000,189960
2023-02-10,54.7250,55.4200,54.5686,54.9000,268016
2023-02-13,54.7200,55.3200,54.7200,55.0200,281204
2023-02-14,55.2600,55.8600,55.2600,55.7905,129770
2023-02-15,55.7250,56.8200,55.5800,56.3579,479929
2023-02-16,56.7250,57.2200,56.3200,56.7712,239138
2023-02-17,56.9400,56.9400,56.5200,56.8400,109305
2023-02-20,57.0000,57.6800,57.0000,57.5125,246202
2023-02-21,57.3000,57.5200,56.6600,57.3703,273089
2023-02-22,57.1600,57.1600,56.2800,56.9274,308207
2023-02-23,57.0000,57.4800,56.8800,57.3000,317528
2023-02-24,57.0000,57.6200,56.5400,56.7600,569360
2023-02-27,57.5250,58.3400,57.1400,57.9487,291650
2023-02-28,57.6200,58.4000,57.6200,58.1400,485002
2023-03-01,58.1500,58.4800,57.9000,58.2759,109332
2023-03-02,57.8250,58.9800,57.6600,58.8736,339418
2023-03-03,59.0000,59.3400,58.8800,59.2600,225745
2023-03-06,59.5000,59.5000,59.0800,59.3119,104729
2023-03-07,59.1000,59.3000,58.9800,59.0844,296937
2023-03-08,59.0000,59.4459,58.8400,58.8632,272985
2023-03-09,59.4500,59.4800,58.4200,58.8738,176088
2023-03-10,58.0000,58.2600,57.4200,57.6630,196437
2023-03-13,57.8250,57.8600,55.6400,56.0233,310053
2023-03-14,56.7750,57.5000,56.2200,56.4374,882246
2023-03-15,57.5600,57.5600,55.5000,55.9680,325453
2023-03-16,57.0400,57.0400,55.8400,56.8471,508873
2023-03-17,57.4600,57.4600,55.6000,55.9800,572059
2023-03-20,55.1500,57.2600,55.0000,55.4831,419927
2023-03-21,57.1000,58.5817,57.1000,58.2800,415407
2023-03-22,58.1600,58.8600,58.1600,58.4435,91888
2023-03-23,58.4200,58.4200,57.2400,57.6010,101053
2023-03-24,57.2400,57.2400,55.7400,56.4068,246907
2023-03-27,56.2400,57.0200,56.2400,56.6735,94009
2023-03-28,56.7250,57.5600,55.1358,57.5115,246858
2023-03-29,57.9600,57.9600,57.6000,57.8600,165341
2023-03-30,58.2600,58.7600,58.2600,58.5791,98279
2023-03-31,58.7250,59.0000,58.4200,58.7394,178888
2023-04-03,58.5800,58.9400,58.5800,58.7000,87001
2023-04-04,58.7100,58.9600,58.3000,58.3287,160575
2023-04-05,58.0000,58.2000,55.0000,55.3400,323080
2023-04-06,55.0900,55.4800,54.9800,55.2600,171052
2023-04-11,56.5600,56.8400,55.9200,56.1600,285422
2023-04-12,56.5200,57.1000,56.0200,56.3814,262601
2023-04-13,56.6300,56.9600,56.4600,56.6517,140922
2023-04-14,57.2200,58.1800,57.2200,57.8913,149449
2023-04-17,58.1400,58.6200,58.1400,58.2600,119673
2023-04-18,58.0400,59.0400,58.0400,58.7200,142496
2023-04-19,58.9600,58.9600,58.4200,58.5446,328096
2023-04-20,58.5000,58.9400,58.5000,58.9112,99643
2023-04-21,59.4900,60.0000,57.3400,57.7400,289579
2023-04-24,59.1700,59.7600,58.6200,59.6295,389938
2023-04-25,59.4200,59.4200,58.7000,59.3741,143061
2023-04-26,59.3400,59.3400,57.8800,58.6916,412214
2023-04-27,58.6700,58.7200,58.0600,58.5600,136812
2023-04-28,58.7300,59.1000,57.8000,58.8127,1178384
2023-05-02,59.0100,59.4000,58.4000,58.7844,492531
2023-05-03,59.0100,59.1600,58.4200,58.9718,588363
2023-05-04,59.0300,59.1400,58.2400,58.9200,120087
2023-05-05,59.6800,60.0600,58.9800,59.8875,188799
2023-05-09,58.2200,58.2200,57.6000,58.2200,252143
2023-05-10,58.2900,58.4600,57.4400,57.6340,151726
2023-05-11,57.4300,57.9000,57.3200,57.7200,247868
2023-05-12,57.8400,58.5200,57.8400,58.3317,370513
2023-05-15,58.5800,58.5800,58.1800,58.3180,267301
2023-05-16,58.4600,58.7400,58.0800,58.5332,113407
2023-05-17,58.2800,58.8200,58.2800,58.5844,255201
2023-05-19,59.0100,59.7000,58.8400,59.1800,212138
2023-05-22,58.7000,59.1200,58.7000,58.9063,206424
2023-05-23,58.5000,58.6400,57.4600,57.4995,495692
2023-05-24,57.0100,57.0600,55.9600,56.8000,932472
2023-05-25,56.6600,56.6600,56.1000,56.3190,155943
2023-05-26,56.0000,56.5200,55.9400,55.9828,143618
2023-05-30,56.8000,56.8800,56.0000,56.7200,170539
2023-05-31,56.2200,56.2200,55.4000,56.1512,938583
2023-06-01,56.3600,56.3600,55.7600,56.1845,409881
2023-06-02,56.5600,57.2400,56.5600,57.2400,400862
2023-06-05,57.4900,57.7800,57.1600,57.4800,161827
2023-06-06,57.5400,57.5400,57.0400,57.3800,78293
2023-06-07,57.4500,57.8000,57.0400,57.5465,140900
2023-06-08,57.0100,59.0200,55.6283,58.4712,506232
2023-06-09,58.5000,58.5800,58.0400,58.1058,52306
2023-06-12,58.3200,58.9000,58.3200,58.7800,213279
2023-06-13,58.9800,59.2851,58.7459,58.9298,437124
2023-06-14,59.3800,60.0000,59.3800,59.8510,213428
2023-06-15,59.7600,59.9800,58.8200,59.8400,226285
2023-06-16,59.0100,59.5400,58.6800,59.4600,578483
2023-06-19,58.9400,59.6600,58.9400,59.1000,421733
2023-06-20,59.1700,59.4200,58.5800,59.0404,156553
2023-06-21,59.0800,59.8720,59.0800,59.8511,248045
2023-06-22,59.7000,59.7000,58.8000,59.6000,483724
2023-06-23,59.4900,59.9400,59.0600,59.3434,93830
2023-06-26,59.1100,59.6800,58.9800,59.3200,112509
2023-06-27,59.3400,59.6400,58.7000,58.8057,213111
2023-06-28,59.6600,60.1000,59.6600,59.8660,712935
2023-06-29,59.8100,60.2000,59.7200,59.7880,142670
2023-06-30,60.0800,60.6400,60.0800,60.1940,184785
2023-07-03,60.0994,60.8600,60.0994,60.4381,101834
2023-07-04,60.0200,60.1600,58.8000,58.9623,225343
2023-07-05,58.7500,58.7600,58.1200,58.6341,121524
2023-07-06,57.9200,57.9200,56.2200,57.0827,330644
2023-07-07,56.3300,56.6400,55.4400,56.3930,217670
2023-07-10,56.6900,57.4000,56.2200,57.1857,159892
2023-07-11,57.3000,58.0800,56.9000,58.0800,260289
2023-07-12,58.2700,58.9800,58.1200,58.9059,249176
2023-07-13,59.2000,59.2400,58.3800,59.0000,166844
2023-07-14,58.8400,59.2000,58.7600,59.0471,93739
2023-07-17,59.0500,59.1400,58.2200,58.6512,118306
2023-07-18,58.4400,59.0200,58.4400,58.9359,93849
2023-07-19,58.9400,59.1200,58.7600,58.7770,100111
2023-07-20,59.3000,59.9000,58.8400,59.6477,202441
2023-07-21,59.8300,60.3400,59.5400,59.8060,170439
2023-07-24,59.3600,59.7200,59.0400,59.3848,178561
2023-07-25,59.3800,59.8075,59.1400,59.5884,133478
2023-07-26,59.5300,59.9800,58.9800,59.3686,189196
2023-07-27,59.9675,62.7600,59.9675,62.0502,688588
2023-07-28,61.4100,62.2000,60.7800,61.6400,444769
2023-07-31,61.8100,61.8800,60.6000,60.6000,157723
2023-08-02,59.8500,60.6800,59.7400,60.5627,159108
2023-08-03,60.1600,60.5600,59.7200,60.4105,244306
2023-08-04,60.4000,60.8600,60.1800,60.7000,101626
2023-08-07,60.4200,60.8200,60.2400,60.7427,55777
2023-08-08,60.2900,60.6000,59.5600,60.5268,79916
2023-08-09,60.6700,60.8200,60.0600,60.0600,88410
2023-08-10,60.3700,60.9000,59.9000,60.3717,232034
2023-08-11,59.9500,60.1460,59.5400,59.8310,277977
2023-08-14,59.8500,60.1800,59.7400,59.9200,97001
2023-08-15,59.9100,60.0400,59.3800,60.0072,153303
2023-08-16,59.8500,60.4200,59.8000,60.0200,300372
2023-08-17,59.6600,60.0200,59.3800,59.5689,129796
2023-08-18,59.4100,59.5400,58.8000,59.3400,113250
2023-08-21,58.7700,59.0400,58.2000,58.4778,224498
2023-08-22,58.6500,59.4000,58.5200,58.8800,203089
2023-08-23,58.9200,59.0000,57.5000,58.2265,332551
2023-08-24,58.3000,58.3000,57.2800,57.5800,48457
2023-08-25,57.3800,57.9600,57.3400,57.9034,129104
2023-08-29,58.2100,58.4400,57.9000,58.3688,492346
2023-08-30,58.2700,58.4200,57.8200,58.2400,565088
2023-08-31,58.4200,58.6600,58.3600,58.4374,491517
2023-09-01,58.4400,58.9600,58.1200,58.3032,172823
2023-09-04,58.3100,58.3200,57.5800,57.8289,74973
2023-09-05,57.4200,57.4200,56.6800,56.9285,163397
2023-09-06,56.6100,57.2800,56.5600,57.0163,384621
2023-09-07,57.1600,57.5600,57.1600,57.3502,222095
2023-09-08,57.3000,57.3000,56.2800,56.6689,147342
2023-09-11,56.8600,57.1600,56.7800,57.1371,229495
2023-09-12,57.0700,57.3600,56.9400,57.2260,123309
2023-09-13,56.9400,57.3600,56.8000,56.9924,288729
2023-09-14,57.2400,58.1316,57.0200,58.1113,248318
2023-09-15,58.4800,58.9000,58.1200,58.7400,780907
2023-09-18,58.4600,58.5200,57.5600,58.2730,145716
2023-09-19,58.0200,58.8400,58.0200,58.3310,171580
2023-09-20,58.8400,59.6600,58.8000,59.5920,567345
2023-09-21,59.1100,59.7200,59.0000,59.4409,504143
2023-09-22,58.8000,59.1200,58.0400,58.4400,132348
2023-09-25,57.8900,58.9200,57.8600,58.7018,220348
2023-09-26,58.6100,59.1800,58.3600,58.7655,178728
2023-09-27,58.6100,59.1400,58.5400,58.9200,124527
2023-09-28,58.8600,58.9800,57.8544,58.4408,129451
2023-09-29,58.6900,59.2000,58.6400,58.9248,111098
2023-10-02,58.8600,59.4200,58.2000,58.3757,1099376
2023-10-03,58.1200,58.2000,56.4800,56.8355,113519
2023-10-04,56.2700,57.0075,55.6400,56.4991,250357
2023-10-05,56.9400,56.9400,56.0200,56.0200,162369
2023-10-06,56.0600,57.5200,56.0200,56.6513,463472
2023-10-09,56.6700,57.4000,56.1000,56.3223,215200
2023-10-10,56.8800,58.1000,56.8000,57.8766,216029
2023-10-11,57.8100,58.1600,57.6600,57.9724,118893
2023-10-12,58.2500,58.7400,58.0800,58.3878,100246
2023-10-13,58.6100,59.1000,58.0000,58.3295,109121
2023-10-16,58.2100,58.2800,57.7200,58.1116,43922
2023-10-17,57.6000,58.0800,57.4800,57.7000,48008
2023-10-18,57.6800,57.7800,56.5400,57.4770,94075
2023-10-19,56.0000,57.2000,55.8000,56.2684,259172
2023-10-20,55.9500,56.8000,54.4800,54.9000,232243
2023-10-23,55.2000,55.7200,55.1000,55.5200,139006
2023-10-24,55.4100,55.5600,54.9200,55.2115,103418
2023-10-25,55.0700,55.9000,54.7800,55.8148,147069
2023-10-26,55.1300,56.3200,54.9600,55.0800,177368
2023-10-27,55.8500,56.3800,54.2600,55.7276,178973
2023-10-30,55.9700,56.3400,55.6800,55.8070,149213
2023-10-31,55.9500,56.3800,55.6600,55.9442,110226
2023-11-01,56.1800,57.3800,56.1000,57.1658,150146
2023-11-02,57.7800,59.3200,57.7800,58.6204,171810
2023-11-03,58.8000,59.2600,58.8000,59.1000,249437
2023-11-06,59.0100,59.4200,58.6200,58.8059,162177
2023-11-07,59.0300,59.7800,58.6000,58.9600,194256
2023-11-08,58.6300,59.4600,58.4800,58.9259,108504
2023-11-09,59.3000,59.8200,58.9400,59.6281,235047
2023-11-10,59.4500,59.9800,59.1000,59.6200,44980
2023-11-13,59.9700,60.9000,59.9400,60.4206,92044
2023-11-14,60.9000,62.2600,60.5000,62.1453,227928
2023-11-15,62.0000,62.2400,61.6400,61.7400,280824
2023-11-16,61.6400,61.8200,61.4600,61.7293,479105
2023-11-17,61.7200,62.0400,61.6000,61.8133,371684
2023-11-20,61.9700,62.0600,61.4800,61.6647,154074
2023-11-21,61.8300,63.1400,61.8000,62.0000,498868
2023-11-22,62.7100,63.2400,62.1600,63.0200,51532
2023-11-23,62.9000,63.2800,62.7800,62.9400,500455
2023-11-24,62.8800,63.3000,62.7400,63.0600,97374
2023-11-27,62.8000,63.5000,62.4400,62.8779,235499
2023-11-28,62.6700,63.3000,62.6200,63.1927,210100
2023-11-29,63.2200,64.0600,62.7600,63.8364,186936
2023-11-30,63.9500,64.7400,63.9200,64.3000,151280
2023-12-01,64.4800,65.0800,64.3000,65.0665,145324
2023-12-04,64.8400,65.4600,64.1200,64.7236,1423083
2023-12-05,64.1600,64.7800,64.0400,64.6859,57322
2023-12-06,65.0300,65.6000,64.6800,65.1670,193860
2023-12-07,64.7500,65.1800,64.4600,64.9800,140174
2023-12-08,65.0100,65.4200,64.8600,65.2959,310030
2023-12-11,65.4700,65.7000,65.2400,65.4778,66933
2023-12-12,65.7000,66.1800,65.1400,65.9648,190280
2023-12-13,66.0400,66.7600,65.5600,66.6089,658676
2023-12-14,67.0500,67.3400,65.9200,66.5879,506891
2023-12-15,66.9600,67.6600,66.5800,66.9061,232182
2023-12-18,66.9000,67.8200,65.9200,66.7660,104230
2023-12-19,66.0200,67.1200,66.0200,67.0096,136398
2023-12-20,67.2000,67.2600,66.6000,66.7083,1112616
2023-12-21,66.6500,67.2600,66.4600,66.4947,76240
2023-12-22,66.5000,66.9400,66.2800,66.4490,153716
2023-12-27,66.5800,66.9000,66.0400,66.4400,75097
2023-12-28,66.3300,66.5400,65.7600,65.9152,74670
2023-12-29,66.1000,66.1600,65.4800,65.9835,87698
2024-01-03,66.2500,66.4800,64.4200,64.6701,110671
2024-01-04,64.8000,65.0800,64.6600,64.9080,55928
2024-01-05,64.5600,64.7600,63.9000,64.7000,545315
2024-01-08,64.3700,64.9530,64.1200,64.4064,61402
2024-01-09,64.9600,65.1400,64.5400,64.9221,274163
2024-01-10,63.9500,65.1000,63.8200,64.5953,472577
2024-01-11,64.8200,64.9800,64.2400,64.2664,441637
2024-01-12,64.6700,65.3000,63.8600,65.0800,122947
2024-01-15,65.2200,65.6600,64.6400,64.8210,135058
2024-01-16,64.2500,65.1200,63.7760,63.7760,798033
2024-01-17,63.7200,63.7858,63.0200,63.7858,223156
2024-01-18,63.7000,64.2000,63.3600,64.0302,429340
2024-01-19,64.1400,64.8400,63.5200,63.7200,76797
2024-01-22,64.5200,64.7600,63.3200,64.2518,521957
2024-01-23,64.5000,64.5000,63.1000,63.5464,328817
2024-01-24,63.6000,64.0400,62.8800,63.8076,369588
2024-01-25,63.6600,64.3000,63.3600,64.0558,56753
2024-01-26,64.2300,64.7000,64.1000,64.1464,71205
2024-01-29,68.2900,68.6200,65.5400,67.2066,582805
2024-01-30,67.1100,67.9400,66.6800,67.4800,961052
2024-01-31,67.9500,68.4200,66.1468,66.6948,441641
2024-02-01,66.7700,67.2600,64.9000,65.3412,729208
2024-02-02,65.7800,66.1200,65.2400,65.6097,152037
2024-02-05,65.6400,65.9600,65.3000,65.7800,98595
2024-02-06,66.1400,66.2200,65.5000,65.8356,156002
2024-02-07,66.0000,66.6000,65.8400,66.4273,108069
2024-02-08,66.4200,66.8800,65.6195,65.6305,89710
2024-02-09,65.4500,65.8400,64.5600,64.8135,89223
2024-02-12,65.7000,66.2200,64.4200,66.0800,125304
2024-02-13,65.9100,66.0000,65.0000,65.0949,28980
2024-02-14,65.5700,66.7614,65.0400,66.6963,101607
2024-02-15,66.8800,66.9600,66.4400,66.6133,100322
2024-02-16,66.7700,67.8400,66.2200,67.7400,610945
2024-02-19,67.6800,68.4200,67.4400,68.4000,112533
2024-02-20,67.4300,68.5486,67.0400,68.5486,103268
2024-02-21,68.0400,69.0338,67.6000,69.0131,121685
2024-02-22,69.4300,69.8400,68.9200,69.7090,368106
2024-02-23,69.0300,69.4400,68.3200,69.3062,121520
2024-02-26,69.5100,70.7600,68.9000,70.4400,112461
2024-02-27,70.3500,71.0200,70.2000,71.0200,216334
2024-02-28,70.6700,71.6600,69.8000,70.2719,1395172
2024-02-29,71.3200,72.8200,71.2200,72.0720,166044
2024-03-01,72.7500,73.8600,72.1000,73.4639,441885
2024-03-04,73.5300,74.2200,73.4000,74.2126,220096
2024-03-05,74.1600,74.6800,73.2000,73.5692,326469
2024-03-06,73.3600,74.0200,73.2200,73.6767,129485
2024-03-07,73.3800,74.8600,73.3800,74.5939,40355
2024-03-08,74.6500,75.7600,74.6400,75.5325,45064
2024-03-11,74.9200,76.0000,74.6800,75.2046,50276
2024-03-12,75.6600,76.9600,75.2800,76.1475,612767
2024-03-13,76.7500,77.6600,76.2600,77.5876,247225
2024-03-14,77.5500,78.0800,77.2800,77.4805,48764
2024-03-15,77.7200,78.1600,77.1000,77.6325,465011
2024-03-18,77.4100,77.6000,77.0800,77.4195,590162
2024-03-19,77.4500,77.9478,77.3000,77.9322,308762
2024-03-20,77.7800,79.1000,77.7600,78.8264,760512
2024-03-21,79.6400,80.4000,78.4800,80.3920,128415
2024-03-22,80.2300,80.8000,80.1600,80.5320,89802
2024-03-25,80.6100,81.0400,80.3600,80.7842,108591
2024-03-26,80.8200,81.3000,80.1200,80.9362,61077
2024-03-27,80.8400,81.9600,80.7600,81.2286,87770
2024-03-28,81.4100,82.0000,81.1600,81.6763,215425
2024-04-02,81.6600,82.1600,80.1400,80.4320,120200
2024-04-03,80.6900,81.4000,80.4400,80.8662,1491223
2024-04-04,80.6500,81.8000,80.1200,80.4867,107092
2024-04-05,79.4500,80.9800,78.9400,79.8080,70813
2024-04-08,80.3500,80.7200,79.6200,80.4800,96483
2024-04-09,80.2500,80.9800,78.7400,79.1688,487915
2024-04-10,79.5100,80.0000,77.5200,78.2686,297843
2024-04-11,78.9400,79.3800,77.9977,78.0808,509784
2024-04-12,79.4300,79.4800,78.5600,78.8300,204906
2024-04-15,79.5300,79.8800,79.1400,79.1600,90238
2024-04-16,78.3300,79.6400,77.9000,77.9922,172540
2024-04-17,77.7800,78.8800,77.3600,78.0800,166630
2024-04-18,78.6100,78.7498,77.0600,77.8356,232275
2024-04-19,76.9200,78.4000,76.3000,77.0597,506495
2024-04-22,78.0800,78.6000,76.5000,77.0938,146612
2024-04-23,77.8700,78.9200,77.7600,78.6407,191860
2024-04-24,78.8800,79.7200,78.7000,79.1600,58789
2024-04-25,79.3000,79.4400,76.5200,77.7678,241708
2024-04-26,78.6700,79.4000,78.0000,79.0090,50554
2024-04-29,79.7400,79.8600,78.8000,79.3604,9223
2024-04-30,79.1700,79.2200,77.0600,78.5000,128953
2024-05-01,77.1800,77.1802,77.1800,77.1800,2306
2024-05-02,76.7200,77.8000,76.7200,77.3738,21297
2024-05-03,78.0200,78.6400,76.9800,77.8400,19815
2024-05-07,79.4700,79.5200,78.6600,79.2407,36166
2024-05-08,79.7200,80.1400,79.5000,79.5800,541873
2024-05-10,80.5600,81.6400,80.1600,81.4000,29539
2024-05-13,78.9400,81.9800,78.0600,78.5494,65314
2024-05-14,77.5700,78.6000,77.1600,77.7267,13618
2024-05-15,78.4400,79.4600,78.0400,78.8125,23353
2024-05-16,79.5500,79.6400,78.4400,79.1926,15650
2024-05-17,78.5000,78.6400,77.5000,78.5400,235413
2024-05-21,78.7500,79.2000,77.9400,78.6230,45081
2024-05-22,78.2300,78.9200,78.0800,78.4698,29945
2024-05-23,78.9800,79.5000,78.3000,79.1900,11484
2024-05-24,79.2400,80.2400,78.7000,79.4827,16800
2024-05-28,80.5400,80.7200,79.5000,80.1776,69570
2024-05-29,79.4300,80.2000,78.8600,79.1944,21546
2024-05-30,78.9000,79.6200,78.8400,79.2383,38404
2024-05-31,79.7400,80.2600,78.3000,79.3475,210946
2024-06-03,79.6800,80.2600,78.5400,79.5260,29543
2024-06-04,78.5200,78.5800,77.3000,77.9237,45508
2024-06-05,78.2500,79.0800,77.8400,78.4997,17816
2024-06-06,79.5100,79.8800,79.1600,79.6550,20353
2024-06-07,79.7600,80.4000,79.2800,79.7977,41133
2024-06-10,79.6400,80.8600,79.1200,80.4132,38374
2024-06-11,80.6700,80.7000,79.8800,79.9400,90086
2024-06-12,80.4000,81.8800,80.1800,81.6000,297563
2024-06-13,81.7200,82.2600,81.1200,81.3200,193025
2024-06-14,81.1600,81.1600,79.8600,80.5284,45187
2024-06-17,80.2100,81.0200,79.9800,80.3520,49141
2024-06-18,80.9200,81.3000,80.6800,80.9026,43520
2024-06-19,81.2000,81.5800,80.9000,81.2200,52931
2024-06-20,81.7800,82.7000,81.4600,82.2273,50714
2024-06-21,81.2600,81.9600,77.9600,78.6547,490505
2024-06-24,78.4800,79.4200,78.4600,78.9200,79073
2024-06-25,78.4000,78.8600,78.0200,78.5000,25661
2024-06-26,78.8000,78.8000,77.7400,78.5400,38239
2024-06-27,78.5600,79.7800,78.1200,78.8600,31118
2024-06-28,79.6400,79.9800,79.2200,79.5850,42281
2024-07-01,80.1200,80.7400,79.7800,80.2400,28956
2024-07-02,78.7600,78.7600,77.4800,78.4400,18008
2024-07-03,79.0300,79.9600,78.7200,79.7200,406039
2024-07-04,79.8500,81.3200,79.7400,80.5467,22781
2024-07-05,81.1500,81.7600,79.9800,80.8912,4696
2024-07-08,80.3000,82.2000,80.3000,80.8486,52483
2024-07-09,81.4100,82.2000,81.0800,81.1800,38786
2024-07-10,81.4500,81.5000,80.5400,81.0600,42534
2024-07-11,81.8100,82.6000,80.6800,81.7421,68392
2024-07-12,82.5400,83.5000,82.0600,82.5800,38932
2024-07-15,83.0900,84.1800,82.6400,83.8571,32444
2024-07-16,83.2800,84.3600,83.1600,83.7184,142993
2024-07-17,83.7000,84.4800,83.3800,83.7400,45810
2024-07-18,83.2800,84.3400,82.6800,83.4500,21859
2024-07-19,82.9000,84.3400,82.2800,83.0350,44178
2024-07-22,83.5500,84.2600,83.3200,83.6900,95066
2024-07-23,84.4000,85.5600,84.3800,85.1860,12374
2024-07-24,84.8200,84.8200,83.7000,84.6400,41510
2024-07-25,82.3700,83.3400,81.5200,83.1600,33768
2024-07-26,80.4000,84.0000,80.2000,83.4560,321080
2024-07-29,83.8100,83.9600,81.2200,82.0480,88779
2024-07-30,81.3400,82.4800,80.9800,81.9750,59966
2024-07-31,81.9400,82.5000,81.9400,82.1600,31290
2024-08-02,78.9800,81.4429,76.6000,77.5933,113424
2024-08-05,70.6300,75.1800,69.0000,73.9400,108396
2024-08-06,75.8300,75.9000,72.9600,74.5712,104779
2024-08-07,74.8000,77.1000,74.4600,75.3901,173181
2024-08-08,75.2800,76.3200,75.0600,75.7090,54155
2024-08-09,76.3500,77.0800,76.1800,76.5385,27703
2024-08-12,77.1300,77.2400,76.2800,76.7017,17967
2024-08-13,76.6700,76.8922,75.6400,75.8488,102962
2024-08-14,77.0900,77.1800,76.6000,76.9300,14627
2024-08-15,77.2200,78.0400,76.9800,77.9000,30787
2024-08-16,78.1400,78.4800,77.5800,77.9600,31834
2024-08-19,78.8000,79.8200,78.5400,79.4400,44713
2024-08-20,79.6400,80.1200,79.3600,79.4400,5269
2024-08-21,79.2200,80.1800,79.2000,80.0200,46793
2024-08-22,80.2000,80.8400,80.2000,80.8000,28660
2024-08-23,80.8600,81.5000,80.6400,81.4200,37134
2024-08-27,81.1500,81.3000,80.6400,81.0084,13896
2024-08-28,80.9600,81.0400,80.2200,80.6947,48659
2024-08-29,80.4800,81.5200,80.4200,81.2082,26466
2024-08-30,81.7400,81.9600,81.5000,81.7269,17736
2024-09-02,81.8500,82.1800,81.0400,81.3833,29959
2024-09-03,82.1000,82.8800,80.8200,82.1653,80903
2024-09-04,80.1000,80.6600,79.4000,80.2803,57276
2024-09-05,79.7600,80.5200,79.5600,80.0668,46400
2024-09-06,79.1300,80.0200,78.1800,78.7907,100625
2024-09-09,79.2800,79.7400,79.1800,79.5000,15514
2024-09-10,79.2400,80.2800,79.1600,79.4064,65724
2024-09-11,79.7400,80.3400,78.3200,79.3891,28798
2024-09-12,79.6800,80.5600,79.5800,80.0747,34115
2024-09-13,80.3200,81.6000,80.3200,81.1149,30925
2024-09-16,80.9000,81.4600,80.8200,81.1421,41470
2024-09-17,81.6400,82.9000,81.6400,82.0200,28337
2024-09-18,82.5800,82.9600,82.3200,82.6800,8032
2024-09-19,83.2400,84.9400,82.9400,83.6600,410136
2024-09-20,84.0800,84.2000,82.8800,83.5701,82172
2024-09-23,82.7500,83.6400,82.1600,83.1250,32691
2024-09-24,83.7200,83.9000,82.5600,83.1677,12440
2024-09-25,82.4000,84.4000,82.2000,82.9800,31696
2024-09-26,84.9800,85.2600,84.5600,85.1000,95105
2024-09-27,84.9800,85.1200,83.1800,84.9400,134154
2024-09-30,82.8200,83.0600,82.4400,82.7157,39537
2024-10-01,82.7500,83.6200,82.1000,82.8600,63088
2024-10-02,82.4600,82.7200,81.6400,81.9733,33763
2024-10-03,81.9700,82.2400,81.2200,81.6453,22128
2024-10-04,81.4900,82.7000,81.1000,81.9177,21419
2024-10-07,82.6500,82.9800,82.0000,82.5314,31677
2024-10-08,82.4400,83.4200,81.7800,82.9200,20780
2024-10-09,82.8800,83.8400,82.5400,83.1479,60229
2024-10-10,83.6800,83.9200,83.1400,83.4243,29558
2024-10-11,83.2000,83.6800,83.0600,83.2928,13724
2024-10-14,83.6800,84.4800,83.6200,83.9474,11759
2024-10-15,84.8000,85.1200,83.8600,84.1600,22194
2024-10-16,83.3000,84.1800,82.5000,82.9317,37157
2024-10-17,83.2800,84.9600,83.1600,83.6676,189352
2024-10-18,84.3700,84.9600,84.1400,84.3017,17092
2024-10-21,84.3500,84.6200,84.0400,84.1482,4323
2024-10-22,83.8100,83.8600,82.7600,83.0742,14489
2024-10-23,83.2800,83.6200,82.4000,82.8503,89957
2024-10-24,82.6900,83.1800,82.2755,82.5800,23452
2024-10-25,82.5400,84.2400,82.5000,83.0400,86880
2024-10-28,83.6800,85.9000,83.5800,85.9000,65684
2024-10-29,86.0000,87.0600,85.4600,86.0396,64670
2024-10-30,85.6200,86.2400,84.7600,85.3800,21302
2024-10-31,85.4100,85.6400,84.4000,85.3500,26997
2024-11-01,85.7600,86.5800,85.7200,85.9877,24369
2024-11-04,86.2100,86.6000,85.9400,86.3585,19533
2024-11-05,86.7100,87.7600,86.2600,86.6400,14725
2024-11-06,89.7600,91.3800,88.8600,89.3700,57347
2024-11-07,89.5300,91.5800,89.4400,90.8200,56783
2024-11-08,91.0100,91.1800,90.0000,90.7200,23569
2024-11-11,91.4100,92.7800,91.3000,92.1400,70535
2024-11-12,91.4500,91.9400,89.6200,89.6200,33788
2024-11-13,89.7600,90.5800,89.4000,90.0534,140317
2024-11-14,89.2800,89.7200,89.0000,89.2400,300508
2024-11-15,88.6700,89.1600,88.2300,88.9314,112511
2024-11-18,88.3700,88.8400,87.8200,88.3600,136702
2024-11-19,88.4400,88.5200,87.1200,88.1900,24386
2024-11-20,90.9800,91.5400,89.9800,90.6525,30891
2024-11-21,90.1600,90.2300,89.1000,89.8154,40757
2024-11-22,90.5200,91.0600,89.4600,90.4986,38070
2024-11-25,91.0500,91.1000,89.7800,90.7382,136234
2024-11-26,89.4900,89.5000,88.0400,88.2800,32513
2024-11-27,88.2300,88.7800,87.7000,88.7000,17030
2024-11-28,89.1500,89.4000,88.6200,88.8000,22544
2024-11-29,89.2200,89.7400,88.8200,89.4400,38153
2024-12-02,89.8700,91.1400,89.8400,90.5392,39667
2024-12-03,90.8400,91.8600,90.8200,91.8600,17221
2024-12-04,91.9500,92.3600,90.3800,90.6600,15582
2024-12-05,90.6900,91.5000,90.6200,91.2009,48429
2024-12-06,90.8800,91.0000,89.8800,90.6200,124877
2024-12-09,90.6300,90.8000,88.5000,89.7800,26055
2024-12-10,88.5000,89.4400,88.3400,88.9000,18131
2024-12-11,88.6100,89.4000,88.0200,88.6600,254378
2024-12-12,89.6000,90.6800,89.2500,90.1800,65215
2024-12-13,90.2300,90.5600,89.8200,90.4000,36160
2024-12-16,90.1800,90.2400,88.9200,89.1000,14915
2024-12-17,89.2200,89.4000,88.7000,88.8600,132656
2024-12-18,88.7500,89.2800,88.5200,89.0800,64607
2024-12-19,87.2600,87.8800,86.9400,86.9800,246124
2024-12-20,85.8900,86.4600,85.2600,85.4200,337547
2024-12-23,86.4800,87.3800,86.0800,86.9901,13982
2024-12-27,87.6200,87.6600,86.9000,87.4000,14692
2024-12-30,87.3000,87.9000,87.1200,87.3600,55789
2025-01-03,87.6400,88.1200,87.1800,87.5797,21240
2025-01-06,88.2900,88.4800,87.1800,87.5460,76786
2025-01-07,88.6100,88.9800,87.3200,88.1000,13123
2025-01-08,88.2500,89.6200,88.0800,89.0600,693097
2025-01-09,88.8200,89.4400,88.4400,88.9865,8561
2025-01-10,88.9600,89.0400,87.5000,88.4536,20106
2025-01-13,86.8400,86.9600,84.3200,85.2904,83770
2025-01-14,85.1300,85.1462,84.3000,84.7400,185635
2025-01-15,84.8600,85.8400,84.6200,85.5760,37056
2025-01-16,85.6200,85.7000,84.6400,85.4600,12045
2025-01-17,85.4300,87.2600,85.3600,85.9963,16109
2025-01-20,87.2000,87.6200,87.0200,87.4200,8832
2025-01-21,86.9400,88.2200,86.7000,88.2200,77162
2025-01-22,88.6500,89.0000,88.4000,88.6885,31201
2025-01-23,89.1500,89.8200,88.8000,89.8200,64355
2025-01-24,90.1600,91.2800,90.1200,90.8300,360452
2025-01-27,90.0200,90.7200,89.2800,90.0795,38602
2025-01-28,90.9000,91.3600,89.9400,90.1980,20006
2025-01-29,91.5500,91.9800,90.9200,91.1200,352449
2025-01-30,91.9500,92.7000,91.3400,91.9400,128544
2025-01-31,92.3500,92.4200,91.5200,91.9400,29086
2025-02-03,90.2500,91.0600,89.7800,90.3600,37753
2025-02-04,90.6100,90.8029,89.9600,90.3952,174239
2025-02-05,90.2300,90.8800,89.8600,90.7798,47932
2025-02-06,91.6000,94.1000,91.2500,92.9842,90453
2025-02-07,96.1650,96.2200,94.3600,95.2196,70461
2025-02-10,94.9600,95.8600,94.7600,95.3941,53114
2025-02-11,95.6200,96.3200,95.3200,95.8094,105241
2025-02-12,96.3350,96.8600,94.8200,95.4041,82259
2025-02-13,97.4300,98.2400,95.7200,97.1413,73076
2025-02-14,98.3550,99.3200,97.8800,98.7800,46780
2025-02-17,99.1950,99.4200,98.5200,98.9563,15599
2025-02-18,99.2950,100.5000,98.9200,99.0802,156615
2025-02-19,98.3900,98.4400,95.3600,95.8861,175894
2025-02-20,95.8650,96.1400,94.4400,94.8200,110512
2025-02-21,94.9800,95.6000,94.0800,95.1154,118081
2025-02-24,94.4600,94.5000,92.9600,93.1400,29583
2025-02-25,92.0000,94.8400,91.8000,94.2400,289697
2025-02-26,94.8800,96.2400,94.6800,95.5263,41942
2025-02-27,95.6400,96.3600,95.0000,95.1562,43548
2025-02-28,96.4000,98.9800,92.0052,98.3800,211025
2025-03-03,98.5900,98.7000,96.3800,98.0861,59558
2025-03-04,97.6400,97.7400,93.7600,95.4668,116038
2025-03-05,96.8150,100.1000,96.7000,99.6180,102609
2025-03-06,100.7800,101.9000,99.8000,100.8122,189401
2025-03-07,100.5350,101.6000,100.1000,101.0149,94232
2025-03-10,100.6250,100.7000,97.5400,98.6652,146631
2025-03-11,99.2600,99.5000,96.8400,97.2492,77075
2025-03-12,98.3550,99.4200,98.0600,98.4885,53301
2025-03-13,98.0550,98.8000,97.7000,98.0482,111463
2025-03-14,97.9100,100.3000,97.5000,99.9821,37499
2025-03-17,100.0100,100.5250,99.5600,100.4530,143854
2025-03-18,101.0050,101.4500,99.8800,100.0572,66591
2025-03-19,100.0550,101.1000,99.9000,100.8500,691652
2025-03-20,101.0600,101.3000,99.7300,101.0000,275643
2025-03-21,100.6800,100.9000,98.8600,99.1391,3639694
2025-03-24,100.3550,100.8000,99.5000,100.2865,46363
2025-03-25,100.7350,101.2000,98.8600,100.8125,26521
2025-03-26,101.5400,101.7000,100.3500,100.8870,17572
2025-03-27,99.6300,99.6800,97.0800,97.5800,43345
2025-03-28,97.6300,98.5700,96.1800,97.9600,71848
2025-03-31,95.4300,95.4600,94.2100,94.8278,63590
2025-04-01,94.9400,96.0400,94.6200,95.9600,28973
2025-04-02,96.1650,96.3400,94.4600,95.1743,127084
2025-04-03,91.0300,93.0000,90.3200,91.4160,87319
2025-04-04,89.5700,89.6800,83.8000,85.2800,63439
2025-04-07,76.6100,85.0000,74.3800,80.6631,152974
2025-04-08,83.6400,85.9000,82.3400,84.0144,73931
2025-04-09,81.6600,82.5400,78.6800,80.4347,422855
2025-04-10,90.2700,90.3800,84.3200,85.4392,60258
2025-04-11,85.8100,85.9800,82.4800,84.0207,84004
2025-04-14,85.9500,86.9800,85.6200,86.1357,55824
2025-04-15,86.7300,89.1000,86.6600,88.4960,62086
2025-04-16,87.6000,88.4000,87.0400,87.5130,216713
2025-04-17,88.2100,88.4000,86.5100,87.0480,205746
2025-04-22,87.3200,87.5000,86.2600,86.9435,65399
2025-04-23,88.6300,89.7300,88.5200,89.2327,296032
2025-04-24,88.7700,90.4000,88.4600,90.1045,188454
2025-04-25,91.0500,92.3800,90.9800,91.7600,103190
2025-04-28,91.4300,92.6400,91.1400,92.1400,227759
2025-04-29,92.1800,93.0400,91.1000,92.2508,83829
2025-04-30,91.6600,92.4000,90.6200,91.5752,255699
2025-05-02,92.7500,94.2800,92.5000,93.8300,94782
2025-05-06,93.8300,93.9000,92.5000,93.6800,36876
2025-05-07,93.0100,93.4600,92.6600,93.1200,59026
2025-05-08,93.3600,94.3200,93.2400,93.9809,396944
2025-05-09,94.6900,95.1000,94.2600,94.5800,95833
2025-05-12,95.8200,96.5500,94.8400,95.6633,145175
2025-05-13,96.6250,97.1200,96.1100,96.6931,23526
2025-05-14,96.8700,98.4400,96.2200,98.1800,328363
2025-05-15,97.6750,98.1600,97.1400,98.0600,309531
2025-05-16,98.1450,98.4600,97.7200,98.1044,30016
2025-05-19,94.8800,95.7800,94.5800,95.1400,45307
2025-05-20,96.1550,97.5200,95.7600,96.1342,127528
2025-05-21,96.3000,96.3000,95.2100,96.1000,50463
2025-05-22,95.3400,95.5200,93.8400,95.3400,129845
2025-05-23,94.5400,94.9400,92.3200,94.7100,23902
2025-05-27,95.1500,95.4000,94.5400,95.1500,737172
2025-05-28,94.1400,95.1000,93.3600,94.2900,28565
2025-05-29,94.2900,94.2900,94.2900,94.2900,0
2025-05-30,93.4900,93.5200,90.7000,93.3600,60712
2025-06-02,91.0300,91.5600,90.4300,90.9036,45520
2025-06-03,91.2600,91.6400,90.2500,90.9500,77269
2025-06-04,92.1200,92.2000,91.1200,91.7200,70934
2025-06-05,92.6500,94.9500,92.3200,92.5800,174137
2025-06-06,94.5600,94.9000,94.2200,94.4800,36065
2025-06-09,94.4800,94.4800,94.4800,94.4800,0
2025-06-10,96.4000,97.0400,95.4200,96.2900,120619
2025-06-11,96.2900,96.5700,95.6500,96.4000,90794
2025-06-12,95.0900,95.9000,94.2700,94.9200,206245
2025-06-13,93.4500,93.9400,92.8100,93.3400,156365
2025-06-16,50.2860,51.1482,50.2213,50.6889,178867
2025-06-17,50.3668,50.8464,50.0812,50.6069,105248
2025-06-18,94.1600,94.6000,92.8000,94.3700,132958
2025-06-19,92.8200,93.2000,91.8000,92.6700,183506
2025-06-20,93.0100,94.5400,91.9600,92.9600,297180
2025-06-23,50.6600,54.9600,50.6600,54.2000,304069
2025-06-24,56.3100,58.3600,56.2800,57.8824,335151
2025-06-25,58.9200,59.1200,58.2100,58.3700,249414
2025-06-26,58.5800,58.7100,57.1600,58.6300,152503
2025-06-27,58.2500,59.5000,58.0800,58.2900,120117
2025-06-30,59.7400,59.8200,58.8000,59.0216,132086
2025-07-01,59.1300,59.3000,58.0600,58.3405,166064
2025-07-02,58.8000,59.9159,58.6000,58.9200,733225
2025-07-03,59.8700,60.0000,58.9000,59.9100,264139
2025-07-04,59.4300,59.6600,58.9000,59.4500,96090
2025-07-07,59.5500,61.0400,59.4000,60.3269,305499
2025-07-08,60.9600,61.6071,60.7000,61.3013,135831
2025-07-09,61.5500,63.0400,61.2000,61.3400,83925
2025-07-10,63.1300,63.5600,62.8600,63.0900,387613
2025-07-11,62.9800,63.4200,62.6600,63.2400,186813
2025-07-14,62.9000,63.2000,62.6000,62.9899,372096
2025-07-15,62.9400,63.8200,62.9000,63.5400,151940
2025-07-16,62.6700,63.1200,62.1400,62.6700,77980
2025-07-17,63.2400,63.2800,62.6800,63.1100,113597
2025-07-18,63.4700,63.9600,63.1200,63.3800,55456
2025-07-21,64.2500,64.5800,63.9000,64.3200,62286
2025-07-22,63.9300,64.2400,63.3400,63.8430,59355
2025-07-23,64.5600,65.2000,64.2800,64.5200,39997
2025-07-24,66.0200,66.0600,64.7200,65.7400,126071
2025-07-25,64.7100,65.1800,64.6800,64.8200,50541
2025-07-28,66.1600,66.2000,64.4400,65.6600,74122
2025-07-29,64.5200,65.1600,64.2000,64.3100,163037
2025-07-30,64.8000,65.4000,64.5000,64.5000,87392
2025-07-31,64.4600,66.0200,63.4600,66.0200,229731
2025-08-01,66.0200,66.0200,66.0200,66.0200,0
2025-08-04,63.4700,65.2000,63.0200,64.7305,165356
2025-08-05,65.5500,65.8200,64.9000,65.4290,126374
2025-08-06,65.9100,67.2400,65.6400,65.6400,166922
2025-08-07,67.1700,68.3000,67.0400,67.3600,113098
2025-08-08,67.7000,68.1400,67.4200,67.5700,21289
2025-08-11,68.3100,68.5200,67.2200,67.8430,32334
2025-08-12,67.4900,68.0200,67.3200,67.6786,75809
2025-08-13,68.4600,68.6000,67.6000,68.2500,79641
2025-08-14,68.2400,68.2400,67.1200,68.0000,42565
2025-08-15,67.7600,68.0000,67.5600,67.8100,36542
2025-08-18,67.4100,67.6000,66.8800,67.1800,77125
2025-08-19,67.4100,67.7400,67.1800,67.6000,38097
2025-08-20,67.3400,67.8000,66.8300,67.0273,79277
2025-08-21,67.0500,67.4400,66.6200,66.9000,247675
2025-08-22,66.9000,67.2000,66.8399,66.9600,53119
2025-08-26,65.8500,66.6800,65.8400,66.3910,120615
2025-08-27,66.3500,66.6200,66.1000,66.3100,36679
2025-08-28,66.5400,67.1200,66.4713,66.6100,42277
2025-08-29,66.9000,67.1800,66.6900,66.6900,32465
2025-09-01,66.8000,67.3049,66.5400,66.8656,23344
2025-09-02,66.7700,66.8600,65.2800,65.7377,324325
2025-09-03,65.4700,65.9800,65.0800,65.7800,347649
2025-09-04,65.8100,66.5600,65.3200,65.8300,335885
2025-09-05,66.6500,67.2800,66.5600,66.6900,371321
2025-09-08,67.0300,67.9600,66.9400,67.5766,85046
2025-09-09,67.8100,67.8800,66.9600,67.1571,132923
2025-09-10,67.2000,67.7200,66.8000,67.2000,209196
2025-09-11,67.8300,69.9100,67.7900,69.9100,195827
2025-09-12,70.2900,70.4200,69.3000,70.1800,305452
2025-09-15,69.7400,69.8600,68.4600,68.8297,75146
2025-09-16,69.1700,69.2200,67.9000,68.4742,1639052
2025-09-17,68.1400,68.3800,67.9200,68.0800,164939
2025-09-18,68.4400,69.1200,68.2800,68.5800,2179024
2025-09-19,68.5600,69.5200,68.3400,68.5000,418366
2025-09-22,68.8600,69.5000,68.5800,68.8359,251771
2025-09-23,69.2000,69.4400,67.8600,68.4816,399143
2025-09-24,68.2100,68.3800,67.4800,68.2100,708892
2025-09-25,66.9400,67.2000,65.1900,66.6100,551259
2025-09-26,66.7100,67.3400,66.5800,66.9400,166855
2025-09-29,68.1000,68.1200,65.7500,67.7823,169541
2025-09-30,66.5200,67.5200,66.2800,67.1413,222478
2025-10-01,67.0500,67.4400,66.5600,66.8800,245648
2025-10-02,67.4100,67.6600,66.3400,67.5700,482906
2025-10-03,66.7300,66.8200,65.0200,66.7100,771943
2025-10-06,65.2000,65.6800,64.7600,65.0768,598263
2025-10-07,64.9200,65.4600,64.3600,65.0235,550643
2025-10-08,64.8000,65.4200,64.6841,64.9940,672830
2025-10-09,65.7400,67.1800,65.6800,66.6600,315532
2025-10-10,66.3100,66.7000,65.6901,66.0193,397181
2025-10-13,65.9700,66.6000,65.8000,66.3940,285617
2025-10-14,66.9800,67.8900,66.4800,66.7210,249199
2025-10-15,68.1200,68.1800,66.9120,68.1000,388991
2025-10-16,66.5800,67.2000,66.2200,66.2900,100671
2025-10-17,66.3500,66.5600,65.4400,66.3100,239616
2025-10-20,66.8600,67.5600,66.1348,66.9800,324278
2025-10-21,67.3200,67.6000,66.6000,67.3844,369025
2025-10-22,67.9300,68.4210,67.3000,67.8100,290393
2025-10-23,68.2100,68.3000,67.4200,68.1200,251456
2025-10-24,69.4100,70.0800,67.2200,68.6700,541102
2025-10-27,70.1600,70.9800,69.8200,70.1128,268028
2025-10-28,70.6100,71.2307,70.2400,71.2200,206542
2025-10-29,70.8200,71.9400,70.7600,71.1300,406295
2025-10-30,71.6400,71.9800,71.2800,71.7000,197513
2025-10-31,71.2400,71.4400,70.8400,70.9400,243057
2025-11-03,71.3200,71.6000,70.1600,70.4394,354791
2025-11-04,69.8700,70.5400,68.9200,69.7686,170866
2025-11-05,70.2100,71.3500,70.1600,70.1600,96389
2025-11-06,70.8000,71.0200,69.6521,70.6900,467184
2025-11-07,70.4800,70.6000,69.8000,70.5200,250805
2025-11-10,70.9000,71.9200,70.7800,71.4136,46942
2025-11-11,71.7000,72.7000,71.5200,72.5243,144527
2025-11-12,72.6100,73.9200,72.5400,72.6700,127090
2025-11-13,73.6400,74.2600,73.0000,73.5700,184530
2025-11-14,72.6700,72.8000,70.4000,72.4800,183288
2025-11-17,71.6200,72.1000,70.8800,71.2151,904245
2025-11-18,70.1800,70.5400,69.0600,69.6000,358413
2025-11-19,69.7000,71.6452,68.9000,71.1964,611637
2025-11-20,71.9700,72.1600,69.0600,72.1600,146
