date,open,high,low,close,volume
2006-03-08,58.6256,60.3387,58.6256,59.9961,515
2006-03-13,61.7665,61.7665,61.4880,61.6331,317
2006-03-14,60.3840,60.9936,60.3840,60.9936,1040
2006-03-15,61.1207,61.1207,60.7736,60.7736,210
2006-03-16,60.9475,60.9475,60.1558,60.5170,189
2006-03-17,60.6639,61.4044,60.6639,61.4044,100
2006-03-22,60.2759,61.2991,60.2759,61.2991,277
2006-03-23,61.2758,61.2758,60.8740,61.0271,522
2006-03-24,60.9395,61.4370,60.9395,61.4370,100
2006-03-27,61.6285,61.6285,60.6771,60.7920,3148
2006-03-28,60.6541,60.9210,60.6541,60.9210,236
2006-03-29,60.9799,60.9799,60.5490,60.5490,93
2006-03-30,61.1308,61.1687,61.1308,61.1687,120
2006-04-03,61.0778,61.0778,61.0208,61.0208,32
2006-04-05,60.6708,61.0565,60.6708,60.8868,187
2006-04-06,62.0149,62.0149,61.2469,61.9203,62
2006-04-10,61.6782,62.0777,61.6782,62.0777,675
2006-04-11,61.2187,61.2187,61.1729,61.1729,32
2006-04-12,61.5821,61.5821,60.4764,60.4764,5318
2006-04-13,60.8771,60.8771,60.1328,60.4573,370
2006-04-18,60.1074,60.3437,59.6668,59.8946,2232
2006-04-19,59.7167,60.5932,59.7167,60.2121,699
2006-04-21,61.1077,61.1077,60.7154,61.0774,149
2006-04-24,61.0735,61.0735,60.0484,60.6938,1667
2006-04-25,60.2506,60.2506,60.0795,60.0795,33
2006-04-27,59.5532,59.8768,59.5532,59.8768,126
2006-05-03,59.7736,59.7736,58.8074,58.8074,482
2006-05-04,58.1083,58.5965,57.6059,58.5965,2646
2006-05-05,58.9035,58.9035,58.1481,58.5411,224
2006-05-08,58.6192,58.8217,58.4077,58.8217,288
2006-05-09,58.7415,58.7719,58.7415,58.7719,225
2006-05-12,57.6463,57.8749,57.6463,57.8749,278
2006-05-15,57.0324,57.1276,57.0324,57.1276,102
2006-05-16,56.8634,58.3951,56.8634,58.0973,384
2006-05-17,58.6141,59.0472,58.1736,58.1736,911
2006-05-19,56.9103,57.6698,56.9103,57.0828,283
2006-05-22,56.3986,57.0401,56.3986,57.0401,64
2006-05-23,56.3253,57.3355,56.3253,57.3355,1151
2006-05-24,57.3661,57.3661,56.4396,56.4396,82
2006-05-26,57.3620,57.3620,56.9230,57.2666,8594
2006-05-30,57.6273,57.6273,56.7360,56.7360,293
2006-05-31,56.1194,56.6086,55.9099,56.2718,244
2006-06-01,55.6997,56.6340,55.6997,56.6340,120
2006-06-02,56.8839,57.1126,56.8839,57.1126,103
2006-06-05,56.9280,56.9280,56.3280,56.6250,219
2006-06-06,57.2014,57.2014,56.2606,56.3666,271
2006-06-07,56.4965,56.4965,56.0478,56.0478,135
2006-06-08,56.5050,56.5050,55.7313,55.7313,163
2006-06-12,55.1736,55.1736,55.0592,55.0592,137
2006-06-14,53.8197,54.0122,53.7079,54.0122,1516
2006-06-15,53.6423,53.9401,53.6423,53.9401,96
2006-06-16,54.8434,54.8434,53.8000,53.8000,229
2006-06-22,54.0146,54.3953,54.0146,54.3953,147
2006-06-23,54.6188,55.4366,54.6188,55.2274,1070
2006-06-26,54.7770,54.8340,54.7770,54.8340,62
2006-06-27,54.1932,54.3262,54.1932,54.3262,192
2006-06-28,53.9069,54.1919,53.9069,54.1919,150
2006-06-29,53.8606,55.3962,53.8606,55.3962,155
2006-06-30,54.7847,55.4111,54.7847,55.2782,532
2006-07-03,55.4622,55.8593,55.4622,55.8593,297
2006-07-05,55.6756,55.7515,55.6756,55.7515,26
2006-07-06,55.9965,56.1669,55.9965,56.1669,200
2006-07-10,55.9659,56.5924,55.9659,56.5924,1715
2006-07-11,56.7803,57.7288,56.7803,57.1976,356
2006-07-12,57.6364,58.3765,57.6364,57.6553,8897
2006-07-14,56.8704,56.8704,56.3382,56.3382,56
2006-07-17,55.8498,56.6300,55.8498,56.6300,67
2006-07-18,56.6195,56.9263,56.6195,56.9263,77
2006-07-19,55.9528,56.7805,55.9143,56.7805,1541
2006-07-21,57.3296,57.3296,56.8864,57.1947,99
2006-07-24,56.8002,58.0793,56.8002,58.0793,356
2006-07-26,57.9349,58.3795,57.9349,58.3795,18
2006-07-27,57.6509,57.7667,57.6509,57.7667,180
2006-07-28,57.3151,58.1622,57.3151,58.1622,571
2006-07-31,58.5560,58.6716,58.1130,58.6716,682
2006-08-02,57.4584,57.4584,57.3231,57.3231,400
2006-08-03,57.9914,57.9914,57.0821,57.0821,454
2006-08-04,57.1036,57.7294,57.0254,57.7294,464
2006-08-07,56.8294,57.5140,56.8294,57.0641,307
2006-08-09,57.6717,57.6717,57.3394,57.6522,2740
2006-08-10,57.4758,57.4759,57.1624,57.1624,5556
2006-08-11,57.3689,57.7030,57.3689,57.7030,510
2006-08-14,57.7306,57.8357,57.6391,57.8357,2362
2006-08-17,58.3991,58.9055,58.3991,58.9055,25
2006-08-18,58.5982,58.7084,58.5982,58.7084,116
2006-08-21,59.0403,59.0403,58.3606,58.5937,30
2006-08-22,58.3624,58.7722,58.3624,58.7722,35
2006-08-23,58.2423,58.8494,58.2423,58.8494,236
2006-08-24,58.6077,59.0382,58.6077,59.0382,3049
2006-08-25,58.5862,58.7822,58.5862,58.7822,34
2006-08-29,58.8678,59.1425,58.8678,59.1425,290
2006-08-30,60.0584,60.0584,59.4373,59.4373,66
2006-08-31,58.9164,59.0663,58.9164,59.0663,100
2006-09-05,58.2432,58.5761,58.2432,58.5761,390
2006-09-06,58.4147,58.4147,57.9466,58.2001,373
2006-09-07,58.2677,58.8140,57.8384,58.1701,540
2006-09-11,58.3110,58.8356,58.3110,58.8356,355
2006-09-12,59.1348,59.8213,59.1348,59.7036,6221
2006-09-13,60.0188,60.0188,59.9205,59.9205,150
2006-09-15,59.4758,60.0105,59.4758,60.0105,240
2006-09-18,59.8689,59.8689,59.7704,59.7704,50
2006-09-22,60.3708,60.5872,59.8788,60.1346,588
2006-09-25,60.7864,60.7864,60.1361,60.1361,166
2006-09-26,60.8831,60.8831,60.2903,60.5669,599
2006-09-27,61.2947,61.2947,60.8419,60.8419,457
2006-09-29,62.0734,62.0734,60.9744,61.1511,600
2006-10-02,61.2512,61.2512,61.1531,61.1531,432
2006-10-03,61.3559,61.3559,60.7256,60.9817,398
2006-10-05,60.5888,61.1208,60.5888,61.1208,1252
2006-10-06,60.6590,60.9159,60.6590,60.9159,253
2006-10-10,61.7381,61.7381,61.3634,61.3634,130
2006-10-11,61.4443,61.7407,61.4443,61.5036,5433
2006-10-12,61.3641,61.3641,60.9689,61.0677,192
2006-10-13,60.8877,61.0464,60.8877,61.0464,147
2006-10-16,61.3568,61.7923,60.9597,61.4553,1857
2006-10-17,61.6506,61.7499,60.9758,61.2338,1137
2006-10-18,61.6803,61.8478,61.3901,61.3901,454
2006-10-19,62.6460,63.1219,61.7337,63.1219,1142
2006-10-20,64.1410,64.1410,63.7043,63.7043,361
2006-10-23,64.2252,64.3644,64.0861,64.0861,691
2006-10-24,64.3846,64.3846,63.5888,63.9469,611
2006-10-25,64.1817,64.7389,63.7438,64.3409,1241
2006-10-26,64.1208,64.1208,63.6039,63.6039,657
2006-10-27,63.6455,63.6455,62.8311,63.4270,875
2006-10-30,63.1487,63.4473,63.1487,63.4473,254
2006-10-31,63.2266,63.5447,63.2266,63.5447,599
2006-11-01,63.6696,63.6696,62.7995,63.4946,161
2006-11-02,63.7935,63.7935,63.5819,63.5819,50
2006-11-03,64.1948,64.5745,63.8950,64.1348,419
2006-11-07,64.2680,64.3079,63.5701,64.0886,257
2006-11-09,62.5067,62.7646,62.5067,62.7646,124
2006-11-10,61.9550,61.9550,61.8756,61.8756,5442
2006-11-13,60.5746,61.2091,60.4953,60.8919,491
2006-11-14,60.1287,60.1287,60.1287,60.1287,116
2006-11-15,60.6060,60.8033,60.6060,60.8033,50
2006-11-16,60.4671,61.0201,60.4671,60.6646,2418
2006-11-17,60.7391,60.7391,60.6996,60.6996,48
2006-11-21,60.1782,60.5140,60.1782,60.5140,96
2006-11-22,59.9980,60.8647,59.9980,60.4117,279
2006-11-23,60.1283,60.4620,60.1283,60.4620,97
2006-11-24,59.9451,59.9451,59.7297,59.7297,170
2006-11-27,59.8891,59.9675,59.5753,59.5753,173
2006-11-29,59.1147,59.2467,58.9370,58.9370,353
2006-11-30,59.5303,59.5303,58.7011,58.7011,114
2006-12-01,59.2080,59.2278,57.7837,57.7837,1649
2006-12-04,57.0748,57.7286,57.0748,57.3126,266
2006-12-05,57.3682,57.8606,57.3682,57.8606,262
2006-12-07,58.0397,58.7082,58.0397,58.1774,102
2006-12-08,58.5041,58.5041,57.6192,57.8945,300
2006-12-11,58.3881,58.8413,58.3881,58.5260,410
2006-12-12,59.1334,59.2127,58.6778,58.6778,5640
2006-12-13,58.5917,58.8301,58.5917,58.8301,400
2006-12-14,59.3554,59.5151,59.3554,59.4951,158
2006-12-15,59.7736,60.3328,59.7736,60.1930,550
2006-12-19,59.4598,60.0802,59.4598,60.0802,7
2006-12-20,59.9258,59.9258,59.3245,59.3245,1634
2006-12-28,59.1586,59.1586,58.8776,59.1184,1161
2006-12-29,58.6291,58.6291,58.6091,58.6091,3
2007-01-03,58.8522,59.7530,58.8522,59.7530,313
2007-01-04,61.0629,61.0629,60.3610,60.6417,694
2007-01-05,60.9987,61.5587,60.9987,61.5587,200
2007-01-08,60.5536,60.8142,60.2929,60.2929,124
2007-01-09,61.1824,61.1824,60.0120,60.0120,124
2007-01-10,59.9135,60.2367,59.9135,60.2367,800
2007-01-11,61.0030,61.0030,60.6981,60.6981,6037
2007-01-12,60.9058,60.9775,60.2882,60.4725,801
2007-01-15,61.8075,61.9514,60.8620,61.9514,1175
2007-01-16,61.1737,61.5018,61.1737,61.5018,214
2007-01-17,61.3061,61.3473,61.2650,61.3473,292
2007-01-18,61.5056,61.5056,60.4946,60.8247,1051
2007-01-19,61.3243,61.4898,61.2210,61.2210,275
2007-01-22,60.5878,61.0632,59.9056,60.4224,282
2007-01-23,60.5732,60.5732,59.8511,60.2431,1402
2007-01-24,60.7551,60.8579,60.7551,60.8579,75
2007-01-25,60.8794,60.8794,60.7355,60.8589,360
2007-01-26,61.2488,61.2488,60.3021,60.4050,2403
2007-01-29,60.2383,60.6705,60.2383,60.6705,100
2007-02-01,61.0480,61.0480,60.3914,60.6992,533
2007-02-02,61.1457,61.1457,60.4264,60.8580,721
2007-02-06,61.1430,61.9230,61.1430,61.7382,277
2007-02-07,62.1365,62.1365,61.6250,61.6250,489
2007-02-08,60.8436,61.6202,60.8436,61.1910,1127
2007-02-09,61.9356,61.9356,60.9156,61.1604,2284
2007-02-12,61.7156,62.0293,61.3549,61.4979,7894
2007-02-13,61.5607,62.0286,61.2555,61.4996,5010
2007-02-14,62.0267,62.1082,61.5986,61.5986,1089
2007-02-15,61.0250,62.1173,61.0250,61.8948,594
2007-02-16,62.0224,62.4666,62.0224,62.2647,1296
2007-02-19,61.9725,62.0131,61.0942,61.3760,1186
2007-02-20,61.1230,61.1433,60.6368,60.6368,411
2007-02-22,60.1449,60.4090,59.8604,60.0839,959
2007-02-26,59.4678,59.7578,58.3605,59.7578,974
2007-02-27,58.4246,58.4246,57.5598,57.5598,208
2007-02-28,56.4652,57.4477,56.4652,57.2071,929
2007-03-01,56.9007,56.9007,56.2789,56.4995,194
2007-03-02,56.0163,56.5925,56.0163,56.2945,492
2007-03-05,57.0075,57.0075,55.8949,55.8949,133
2007-03-06,58.2773,59.4807,58.2773,58.9875,317
2007-03-07,58.2986,58.9108,58.2986,58.9108,100
2007-03-08,59.1707,59.9654,59.1111,59.3097,1895
2007-03-12,57.0224,58.1114,57.0224,57.7352,6498
2007-03-13,57.9474,58.0265,57.4134,57.9276,2886
2007-03-14,57.0788,58.0426,57.0788,57.4919,332
2007-03-15,56.7654,57.7308,56.7654,57.4353,650
2007-03-16,57.8934,57.8934,57.5985,57.5985,300
2007-03-19,58.2414,58.2414,57.3583,57.7076,950
2007-03-20,57.4834,57.8817,57.0454,57.8617,4514
2007-03-21,57.6153,57.8746,57.4956,57.8746,135
2007-03-22,57.3293,58.0282,57.3293,58.0282,64
2007-03-23,58.6697,58.6697,57.8355,58.1759,588
2007-03-26,57.9981,58.2384,57.8179,58.0382,192
2007-03-28,57.1373,57.3364,56.9582,57.2568,204
2007-03-30,58.0175,58.2381,58.0175,58.2381,300
2007-04-02,55.9474,56.6512,55.7262,56.1083,1013
2007-04-03,56.8534,56.9341,56.3083,56.3083,1792
2007-04-04,56.8234,56.8234,56.1776,56.4198,642
2007-04-05,56.3405,56.8617,55.7392,56.4808,409
2007-04-10,56.8486,57.0495,56.8486,56.8486,68
2007-04-11,56.9182,56.9182,56.2516,56.2516,499
2007-04-12,55.8461,56.3638,55.8461,56.2429,354
2007-04-13,57.3977,57.7208,57.2563,57.2563,6594
2007-04-16,58.0251,58.0251,57.5599,57.5599,40
2007-04-17,57.5384,57.7010,57.2741,57.7010,187
2007-04-20,58.6251,58.7265,58.3208,58.3208,16620
2007-04-23,59.6481,59.6481,58.6337,58.6337,414
2007-04-24,59.0297,59.0297,58.3234,58.5655,282
2007-04-25,59.1443,59.1443,58.1343,58.5585,1523
2007-04-26,58.5897,59.3959,58.5897,59.2951,2119
2007-04-27,59.5369,59.5369,59.4359,59.4359,100
2007-04-30,60.0501,60.0501,59.2414,59.2414,37600
2007-05-02,58.2360,59.4302,58.2360,59.4302,398
2007-05-03,59.9477,59.9477,59.1496,59.1496,195
2007-05-04,59.8609,59.8609,59.6992,59.6992,1000
2007-05-08,58.9825,59.5044,58.9825,59.2060,252
2007-05-09,59.9195,59.9195,59.2888,59.2888,588
2007-05-11,58.8891,58.8891,58.1001,58.5047,6548
2007-05-14,58.3928,58.7166,58.3928,58.7166,380
2007-05-15,58.7284,59.3343,58.7284,58.7284,304
2007-05-16,58.3352,58.5173,58.3352,58.5173,115
2007-05-18,59.1461,59.2678,58.2124,58.5371,977
2007-05-22,57.4705,57.4705,56.7914,57.0431,367
2007-05-23,57.3525,57.7610,57.1483,57.5567,336
2007-05-24,57.2510,58.0277,57.2510,57.7006,306
2007-05-25,57.3679,57.7148,57.3679,57.7148,117
2007-05-30,57.5100,57.8344,57.5100,57.8344,105
2007-05-31,57.9437,57.9437,57.3344,57.9234,486
2007-06-01,57.7827,57.9460,57.6398,57.9460,613
2007-06-06,57.8044,57.8044,57.1339,57.2558,337
2007-06-07,56.9360,57.0172,56.9360,57.0172,32
2007-06-08,56.9465,56.9669,56.5194,56.9669,411
2007-06-11,56.7658,57.3175,56.7045,57.0927,546
2007-06-12,57.1828,57.2649,56.7103,56.7103,7398
2007-06-13,56.3282,57.2533,56.3282,56.8010,1026
2007-06-14,56.6088,57.3280,56.6088,57.0814,900
2007-06-15,57.7960,58.6193,57.7960,58.6193,150
2007-06-19,57.5326,57.6772,57.5326,57.6772,160
2007-06-20,58.0660,58.0660,57.7561,57.7561,49
2007-06-21,57.1625,57.7631,56.9761,57.2867,2219
2007-06-22,57.3353,57.3353,57.2735,57.2735,265
2007-06-25,57.3195,57.4636,56.9492,57.2784,292
2007-06-26,56.7848,56.9493,56.7847,56.9493,154
2007-06-27,57.2050,57.7600,57.2050,57.4106,503
2007-06-28,57.0037,57.8902,57.0037,57.4572,2665
2007-06-29,57.0890,57.9955,57.0890,57.6247,1545
2007-07-02,57.5227,57.5227,56.9096,57.3183,731
2007-07-04,56.4866,57.0823,56.4866,57.0823,27
2007-07-06,55.7878,56.6576,55.7878,56.3526,158
2007-07-09,56.9926,56.9926,56.2532,56.2532,134
2007-07-10,55.8067,55.9324,55.6868,55.9324,103
2007-07-11,56.9314,56.9314,55.9996,55.9996,8444
2007-07-12,54.9981,55.7244,54.9981,55.7244,1826
2007-07-13,55.6523,55.8593,54.8614,55.1912,766
2007-07-16,56.0462,56.0462,55.2250,55.6459,364
2007-07-17,55.2781,55.6896,54.7073,54.7073,495
2007-07-18,54.5193,54.5193,53.2408,53.6326,2099
2007-07-19,53.9226,54.7990,53.9226,54.7990,81
2007-07-20,54.5863,55.7235,54.5863,55.3510,2821
2007-07-23,54.8601,55.4112,54.8601,55.4112,1145
2007-07-24,55.0036,56.0022,54.6708,55.5861,278
2007-07-25,54.6454,55.0104,54.6454,55.0104,838
2007-07-26,54.1915,54.7406,54.1915,54.7406,52
2007-07-27,53.5777,54.2459,53.5777,54.2459,299
2007-07-30,54.5231,54.5231,53.6263,54.1053,632
2007-07-31,53.8636,54.4066,53.8636,54.4066,54
2007-08-02,53.9527,54.5174,53.9438,54.5174,730
2007-08-03,54.5017,54.5017,53.9404,53.9404,213
2007-08-06,54.4217,54.5731,54.4217,54.5731,45
2007-08-08,55.0085,55.7731,55.0085,55.7731,453
2007-08-09,55.4290,55.5206,55.4290,55.5206,120
2007-08-10,55.7385,55.7385,54.8786,54.8786,6495
2007-08-13,54.0289,54.4151,54.0289,54.4151,985
2007-08-14,53.7437,53.9361,53.7437,53.9361,637
2007-08-15,53.0763,53.6146,53.0763,53.6146,715
2007-08-16,51.8403,52.4673,51.8403,52.4673,1472
2007-08-17,52.3528,52.6806,52.0398,52.6806,53
2007-08-20,53.5311,53.5311,52.1657,53.0391,113
2007-08-21,52.6448,52.7948,52.6448,52.7948,116
2007-08-22,53.5865,53.5865,52.9116,52.9116,660
2007-08-23,52.8135,53.5236,52.8135,53.2091,6634
2007-08-24,53.5602,53.5602,52.6507,53.0246,2233
2007-08-28,52.6819,53.7525,52.6819,52.9344,1945
2007-08-29,52.1714,53.2241,52.1714,52.7180,995
2007-08-30,52.4342,52.7798,52.4342,52.7798,27
2007-08-31,53.2958,53.5816,53.0303,53.5816,913
2007-09-03,53.1895,53.2918,52.7603,53.2918,735
2007-09-04,52.9866,53.8650,52.9866,53.8650,349
2007-09-05,53.3707,53.9827,53.3707,53.6359,958
2007-09-06,53.6996,53.7504,53.6996,53.7504,190
2007-09-07,53.7011,53.7011,52.6517,53.1865,643
2007-09-10,53.6167,53.6167,52.3464,52.7396,661
2007-09-11,53.0274,53.7331,53.0274,53.7331,513
2007-09-12,54.5724,54.5724,53.6454,54.2097,7190
2007-09-13,53.5671,54.6469,53.5671,54.6469,142
2007-09-17,54.1229,54.1726,53.4657,54.1726,195
2007-09-18,53.8398,54.0985,53.8398,54.0985,512
2007-09-20,54.2538,54.8070,54.2538,54.8070,106
2007-09-21,55.4795,55.4795,53.7730,54.2790,286
2007-09-24,53.5148,54.3000,53.5148,54.3000,170
2007-09-25,53.2945,53.6792,53.2945,53.6792,11
2007-09-27,54.3975,54.3975,53.1246,53.7013,2128
2007-09-28,53.2620,53.9899,53.2620,53.9899,255
2007-10-02,54.4267,54.4267,53.3414,53.8840,253
2007-10-03,53.4136,53.6823,53.0517,53.6146,2470
2007-10-04,54.4782,54.4782,53.7746,53.7746,350
2007-10-05,53.1595,53.5622,52.7568,53.4414,1078
2007-10-08,52.9009,53.6087,52.9009,53.6087,74
2007-10-09,52.8517,53.3960,52.8517,53.3960,44
2007-10-10,53.8634,53.8634,53.4896,53.4896,6905
2007-10-11,54.2275,54.2275,53.6941,53.6941,150
2007-10-12,52.9392,52.9392,52.2931,52.7776,850
2007-10-15,53.5806,53.5806,52.5106,52.8841,263
2007-10-16,51.8990,52.4430,51.8990,52.4430,538
2007-10-17,51.9998,52.5245,51.9998,52.5245,79
2007-10-18,51.8366,52.2781,51.8366,52.2781,90
2007-10-19,51.8538,51.8538,51.6930,51.6930,8
2007-10-29,50.9100,51.2219,50.5477,51.2219,692
2007-11-05,50.5716,51.1736,50.5716,51.1736,29400
2007-11-06,50.1305,50.9794,50.1305,50.9794,23000
2007-11-08,49.0184,50.7149,49.0184,50.7149,350000
2007-11-09,48.0955,50.0886,47.9894,50.0886,175200
2007-11-12,48.2894,49.5018,48.2479,49.5018,18690
2007-11-13,47.1721,50.0173,47.1721,49.7004,42991
2007-11-14,49.7504,49.7504,48.1161,49.3759,61986
2007-11-16,49.3248,49.3248,49.3248,49.3248,760
2007-11-19,49.2313,49.2314,48.8124,48.8124,2877
2007-11-20,50.3517,50.3517,48.8619,48.8619,69260
2007-11-21,48.8263,49.4759,48.8263,48.8263,246885
2007-11-22,51.2294,51.2294,51.1876,51.1876,3871
2007-11-23,52.5993,52.5994,52.2230,52.2230,11999
2007-11-26,52.0917,52.0917,51.6839,51.6839,12013
2007-11-27,53.7052,53.7052,52.5983,52.5983,16962
2007-11-28,52.6524,53.3483,52.4837,52.4837,4947
2007-11-29,52.7127,54.0966,52.7127,52.7127,6762
2007-11-30,53.7778,54.0931,53.7774,53.7774,8657
2007-12-03,53.5352,53.6188,53.4097,53.4097,1746
2007-12-04,53.3616,53.3616,53.1111,53.1111,5773
2007-12-05,53.4829,54.0062,53.1899,53.1899,47049
2007-12-06,53.9723,53.9723,53.6373,53.6373,4005
2007-12-07,54.2322,54.3162,54.1101,54.1101,19276
2007-12-10,54.4664,54.6343,54.0782,54.0782,12619
2007-12-17,52.8676,52.9774,52.4906,52.4906,93630
2007-12-18,52.0717,52.2002,52.0717,52.0717,329180
2007-12-19,52.1136,52.4749,52.0717,52.0717,41226
2007-12-20,52.1897,52.7420,52.1897,52.1897,17880
2007-12-21,52.6397,52.6397,52.1974,52.1974,62588
2007-12-27,52.0717,52.3231,52.0717,52.0717,32276
2007-12-28,52.0717,52.3231,52.0298,52.0298,20924
2008-01-03,51.4643,51.6319,51.1291,51.1291,66727
2008-01-04,51.3910,51.6528,50.7756,50.7756,143062
2008-01-07,50.9825,51.6947,50.8150,50.8150,10392
2008-01-08,52.8258,53.4123,52.8258,52.8258,38683
2008-01-09,54.7528,54.7668,54.7528,54.7528,4475
2008-01-10,54.6481,54.8134,54.5433,54.5433,13623
2008-01-11,54.6432,54.6432,53.6636,53.6636,41212
2008-01-14,53.3494,53.3494,52.9933,52.9933,2262
2008-01-15,52.1136,52.1136,51.7366,51.7366,2298
2008-01-16,51.4852,51.7024,51.4224,51.4224,28588
2008-01-17,50.4414,50.4414,49.5163,49.5163,45681
2008-01-18,50.1971,50.1971,49.7503,49.7503,18379
2008-01-21,47.7984,47.7984,47.6312,47.6312,8267
2008-01-22,46.6467,47.4427,46.4791,46.4791,26839
2008-01-23,47.0237,47.8700,45.8822,45.8822,64064
2008-01-24,47.3798,47.3798,46.6258,46.6258,116369
2008-01-25,47.3379,47.3379,46.5420,46.5420,41163
2008-01-28,46.0812,46.0812,45.1334,45.1334,119032
2008-01-29,45.7879,46.1021,45.7742,45.7742,14307
2008-01-30,46.3535,46.4791,45.8927,45.8927,87064
2008-01-31,45.5889,45.6622,44.8244,44.8244,22070
2008-02-01,45.5950,45.9555,45.5950,45.5950,19099
2008-02-04,45.4737,45.6622,45.4737,45.4737,405425
2008-02-05,45.7460,45.8508,44.8035,44.8035,11545
2008-02-06,44.6883,45.2812,44.5207,44.5207,561833
2008-02-07,45.1595,45.5291,45.1595,45.1595,547138
2008-02-08,45.5785,45.5785,45.1700,45.1700,4798
2008-02-11,45.0755,45.3271,45.0339,45.0339,533946
2008-02-12,44.8663,45.2433,44.8663,44.8663,1566405
2008-02-13,46.5001,46.5001,46.1649,46.1649,16309
2008-02-14,46.6677,47.1704,46.6677,46.6677,1548
2008-02-15,46.4163,46.8215,45.8717,45.8717,235150
2008-02-18,46.1231,46.4582,46.1231,46.1231,3028
2008-02-19,46.1231,46.4163,45.9136,45.9136,1156979
2008-02-20,45.5366,45.7460,45.4947,45.4947,8181
2008-02-21,45.7041,45.8298,45.4947,45.4947,54072
2008-02-22,45.2852,45.8927,45.2852,45.2852,69553
2008-02-25,45.7146,45.9337,45.5052,45.5052,42221
2008-02-26,46.5420,46.5420,46.5420,46.5420,10800280
2008-02-27,45.8298,46.2068,45.7460,45.7460,6177
2008-02-28,46.1649,46.7095,45.7460,45.7460,382730
2008-02-29,44.4474,44.4474,43.1068,43.1068,7854
2008-03-03,42.6460,42.6460,42.5203,42.5203,11005
2008-03-04,42.4785,42.5622,41.6909,41.6909,8330
2008-03-05,41.9758,42.2480,41.9758,41.9758,118893
2008-03-06,42.1433,42.1433,41.5903,41.5903,5321
2008-03-07,40.5036,40.9536,40.5036,40.5036,1125343
2008-03-10,40.8866,40.8866,40.6185,40.6185,64850
2008-03-11,40.4341,41.2217,40.4341,40.4341,98122
2008-03-12,41.3306,41.3390,41.1714,41.1714,47520
2008-03-13,40.6855,40.8949,40.6855,40.6855,80399
2008-03-14,40.9368,40.9368,39.7806,39.7806,11791
2008-03-17,39.1522,39.2947,38.8967,38.8967,41453
2008-03-18,39.2947,39.7808,39.0535,39.0535,136611
2008-03-19,40.2785,40.9703,40.2785,40.2785,22797
2008-03-20,41.0541,41.6071,40.8167,40.8167,1002597
2008-03-25,42.6146,43.4989,42.1852,42.1852,241014
2008-03-26,42.3863,42.5203,41.2552,41.2552,81959
2008-03-27,42.3947,42.5937,42.3109,42.3109,236095
2008-03-28,42.7926,43.2430,42.7926,42.7926,2393
2008-03-31,42.6041,42.6460,41.8868,41.8868,224043
2008-04-01,42.9164,43.2150,42.9164,42.9164,16545
2008-04-02,43.5048,43.9871,43.5048,43.5048,212469
2008-04-03,44.0075,44.0075,43.3582,43.3582,17468
2008-04-04,43.6933,43.9028,43.6933,43.6933,141787
2008-04-07,44.3217,44.3217,42.8764,42.8764,200237
2008-04-08,42.8345,42.8345,42.3528,42.3528,5441
2008-04-09,42.0386,42.1224,41.5903,41.5903,224270
2008-04-10,40.7106,40.7860,40.2163,40.2163,317270
2008-04-11,40.6436,40.6436,39.8812,39.8812,169924
2008-04-14,39.4120,39.4455,39.1831,39.1831,27790
2008-04-15,39.4245,39.8100,39.4013,39.4013,51244
2008-04-16,39.3785,39.5963,39.3617,39.3617,9904
2008-04-17,39.1817,39.2444,39.1817,39.1817,2380
2008-04-18,39.7732,40.5824,39.7732,39.7732,563491
2008-04-21,42.4575,42.4575,41.7579,41.7579,461589
2008-04-22,41.3612,41.4365,41.2552,41.2552,79649
2008-04-23,42.1433,42.1433,42.0822,42.0822,12566
2008-04-24,42.5218,43.5258,42.5218,42.5218,318049
2008-04-25,43.9028,43.9866,43.8190,43.8190,2701
2008-04-28,43.6095,43.8176,43.4839,43.4839,89497
2008-04-29,43.4420,44.0494,43.4171,43.4171,80451
2008-04-30,43.4420,44.3845,43.2116,43.2116,71699
2008-05-02,44.5878,45.4217,44.4893,44.4893,112889
2008-05-06,45.0391,45.1386,44.8663,44.8663,23810
2008-05-07,44.5940,45.0635,44.5940,44.5940,26225
2008-05-08,45.3742,45.3742,45.2433,45.2433,5797
2008-05-09,45.2486,45.2486,44.2798,44.2798,138798
2008-05-13,44.6568,44.9501,44.4474,44.4474,64857
2008-05-14,44.6149,44.6149,44.6149,44.6149,105
2008-05-15,44.1541,45.0341,44.1541,44.1541,14452
2008-05-16,45.2224,45.2433,45.2014,45.2014,32813
2008-05-19,45.7536,46.5001,45.7536,45.7536,88679
2008-05-20,46.6886,46.6886,45.7082,45.7082,4817
2008-05-21,46.0602,46.3397,46.0602,46.0602,26195
2008-05-22,45.3062,45.3619,45.2852,45.2852,81853
2008-05-23,45.5111,45.8717,45.4528,45.4528,79655
2008-05-27,44.6778,45.9156,44.6778,44.6778,351837
2008-05-28,45.1962,45.6584,45.1962,45.1962,16064
2008-05-29,45.9136,46.0393,45.9136,45.9136,21993
2008-05-30,46.3535,46.3535,45.8717,45.8717,222514
2008-06-02,45.8901,46.9609,45.8901,45.8901,86961
2008-06-03,46.7148,46.7514,46.6258,46.6258,1622
2008-06-04,45.8717,46.2294,45.7041,45.7041,414895
2008-06-05,46.3270,46.3744,45.2852,45.2852,81046
2008-06-06,45.8717,45.8717,44.8745,44.8745,12906
2008-06-09,44.5731,44.9082,44.5731,44.5731,44765
2008-06-10,44.3845,44.6202,44.1751,44.1751,37044
2008-06-11,44.2432,44.4055,43.7793,43.7793,71566
2008-06-12,43.7771,44.3636,43.6953,43.6953,44326
2008-06-13,44.0075,44.1541,43.7352,43.7352,7444
2008-06-16,43.9813,44.2013,43.6120,43.6120,5118
2008-06-17,44.1594,44.2798,43.6514,43.6514,7476
2008-06-18,43.5467,44.1122,43.4053,43.4053,88565
2008-06-19,43.8399,44.3542,43.8399,43.8399,9044
2008-06-20,45.1805,45.2014,45.0339,45.0339,40398
2008-06-23,44.7825,45.4318,44.7825,44.7825,129398
2008-06-24,45.4109,46.8352,45.3643,45.3643,16167
2008-06-25,46.3535,46.7043,46.0602,46.0602,338419
2008-06-26,46.4372,47.0866,46.4372,46.4372,255649
2008-06-27,46.0602,46.0602,45.7879,45.7879,1118
2008-06-30,46.4381,47.2594,46.4381,46.4381,420564
2008-07-01,47.1913,47.9872,46.8352,46.8352,67688
2008-07-02,47.6583,48.8041,47.6583,47.6583,62925
2008-07-03,48.2386,48.9298,47.9663,47.9663,272273
2008-07-04,47.9919,48.0908,47.9663,47.9663,37207
2008-07-07,48.5947,48.5947,48.5528,48.5528,42461
2008-07-08,48.4481,49.8096,48.2386,48.2386,79911
2008-07-09,50.2494,50.5636,50.0850,50.0850,199038
2008-07-10,50.4170,50.6893,50.0190,50.0190,54214
2008-07-11,49.6420,49.6420,48.5528,48.5528,47280
2008-07-14,48.8827,48.8827,48.1339,48.1339,7584
2008-07-15,47.7935,48.0710,47.6105,47.6105,1069518
2008-07-16,48.0501,48.2708,47.9663,47.9663,51901
2008-07-17,49.0555,49.2962,48.5109,48.5109,116019
2008-07-18,48.8879,48.8879,48.4062,48.4062,17584
2008-07-21,48.8513,49.7677,48.8513,48.8513,245244
2008-07-22,49.2231,50.5636,49.1445,49.1445,26424
2008-07-23,50.8150,50.8150,50.5217,50.5217,24253
2008-07-24,50.6893,51.9041,50.6893,50.6893,75870
2008-07-25,52.2393,52.2393,51.6109,51.6109,296176
2008-07-28,51.2694,51.2694,50.8359,50.8359,31265
2008-07-29,50.9464,50.9464,50.6223,50.6223,3880
2008-07-30,51.4852,52.4540,51.4852,51.4852,19320
2008-07-31,52.7035,52.7562,52.3231,52.3231,10723
2008-08-04,53.0210,53.2028,52.2812,52.2812,31789
2008-08-05,53.4542,53.7841,53.1609,53.1609,96856
2008-08-06,51.8518,52.6977,51.1532,51.1532,26809
2008-08-07,51.3231,51.5481,51.1082,51.1082,46346
2008-08-08,52.1416,52.1416,51.9460,51.9460,23279
2008-08-11,51.9879,52.3231,51.8832,51.8832,51029
2008-08-12,51.8625,52.1346,51.4433,51.4433,328250
2008-08-13,52.0429,52.2393,51.8511,51.8511,208230
2008-08-14,52.0741,52.1346,51.8979,51.8979,32571
2008-08-15,51.8886,51.8886,51.8886,51.8886,200
2008-08-18,51.6109,51.7785,51.6109,51.6109,23705
2008-08-19,51.4964,51.5966,51.3386,51.3386,55896
2008-08-20,51.2380,51.5690,51.0663,51.0663,599761
2008-08-21,50.7731,51.5690,50.5217,50.5217,328701
2008-08-22,50.6474,50.7521,50.4798,50.4798,57328
2008-08-26,50.4379,50.4379,50.1866,50.1866,26143
2008-08-27,50.4445,50.5632,50.3123,50.3123,85445
2008-08-28,50.6474,50.8150,50.5636,50.5636,2504
2008-08-29,51.7837,51.7837,51.3826,51.3826,99974
2008-09-01,51.3177,51.5638,51.2380,51.2380,982
2008-09-02,51.2625,51.3177,51.1501,51.1501,11251
2008-09-03,51.1920,51.1920,50.8987,50.8987,6968
2008-09-04,51.1427,51.1427,50.0242,50.0242,5756
2008-09-05,49.6420,49.8166,49.4744,49.4744,9580
2008-09-08,50.1447,50.1447,49.5582,49.5582,15151
2008-09-09,49.7908,50.3123,49.4954,49.4954,7066
2008-09-10,51.3596,51.3596,50.7753,50.7753,3582
2008-09-11,51.4168,51.4168,50.6055,50.6055,21003
2008-09-12,50.9825,51.3177,50.7312,50.7312,122635
2008-09-15,50.6474,50.6474,49.7205,49.7205,10387
2008-09-16,50.6068,50.6068,49.5962,49.5962,117678
2008-09-17,49.8177,50.5217,49.8096,49.8096,42144
2008-09-18,49.9981,49.9981,48.5947,48.5947,74837
2008-09-19,49.5582,49.5582,48.3014,48.3014,174894
2008-09-22,48.9187,48.9187,47.7568,47.7568,23151
2008-09-23,48.8921,49.4325,48.8921,48.8921,4181
2008-09-24,49.1812,49.3278,48.9717,48.9717,792
2008-09-25,49.6420,50.6055,49.6420,49.6420,9044
2008-09-26,50.0197,50.3070,49.8881,49.8881,72978
2008-09-29,49.0974,49.4325,48.3433,48.3433,481
2008-09-30,48.5792,49.4744,47.6731,47.6731,16812
2008-10-01,49.4325,49.9771,49.1340,49.1340,136566
2008-10-02,49.9352,50.0400,49.2859,49.2859,98271
2008-10-03,50.0190,51.1199,49.3371,49.3371,38849
2008-10-06,50.1866,50.5217,50.1028,50.1028,94011
2008-10-07,50.2075,51.5183,50.1656,50.1656,20389
2008-10-08,49.4325,49.7920,47.6312,47.6312,258773
2008-10-09,47.2122,47.2122,45.5366,45.5366,171209
2008-10-10,41.9339,41.9443,40.3001,40.3001,58590
2008-10-13,41.8962,44.9920,41.6101,41.6101,94820
2008-10-14,45.8298,47.4217,45.3062,45.3062,173617
2008-10-15,46.3325,47.2839,46.3325,46.3325,31814
2008-10-16,44.8663,45.6204,44.5312,44.5312,1013931
2008-10-17,47.4636,49.5085,47.3798,47.3798,87421
2008-10-20,50.1028,50.1028,48.2595,48.2595,174017
2008-10-21,50.1028,50.7156,48.8460,48.8460,179849
2008-10-22,48.5528,49.2283,47.8825,47.8825,177011
2008-10-23,48.4271,48.4271,46.8771,46.8771,52718
2008-10-24,46.9328,46.9328,44.9920,44.9920,264157
2008-10-27,45.0339,46.2796,44.8977,44.8977,336375
2008-10-28,46.4163,47.5893,46.2487,46.2487,511514
2008-10-29,48.5947,48.5947,47.2122,47.2122,31373
2008-10-30,48.3852,48.3852,45.3690,45.3690,43797
2008-10-31,47.0524,48.9298,46.7197,46.7197,274477
2008-11-03,49.3068,50.2704,48.9162,48.9162,20080
2008-11-04,51.0244,51.0244,50.1447,50.1447,4176
2008-11-05,47.3798,48.3014,47.3798,47.3798,138102
2008-11-06,46.6677,47.6080,46.6677,46.6677,24103
2008-11-07,47.4636,49.0922,47.4636,47.4636,51535
2008-11-10,49.0254,49.5233,48.9717,48.9717,11050
2008-11-11,48.2595,49.1961,48.2177,48.2177,148288
2008-11-12,48.9508,49.0974,47.7987,47.7987,16755
2008-11-13,48.0710,48.0815,47.4587,47.4587,67666
2008-11-14,49.2306,49.4954,49.0321,49.0321,112653
2008-11-17,49.4011,49.4011,47.8406,47.8406,28857
2008-11-18,47.9768,48.7932,47.8825,47.8825,47377
2008-11-19,49.3068,49.3790,48.4690,48.4690,220376
2008-11-20,48.7413,48.8251,47.3327,47.3327,120968
2008-11-21,47.5003,47.5003,45.2014,45.2014,237931
2008-11-24,45.1176,45.6622,44.8872,44.8872,473049
2008-11-25,45.6622,45.6622,44.4474,44.4474,39984
2008-11-26,44.1541,44.7406,44.1541,44.1541,64231
2008-11-27,45.1595,45.3690,45.1595,45.1595,19487
2008-11-28,46.4948,47.3379,46.4948,46.4948,19493
2008-12-01,47.6783,47.6783,46.3325,46.3325,46020
2008-12-02,46.0079,46.0079,45.4109,45.4109,173045
2008-12-03,46.2906,46.2906,46.1650,46.1650,92068
2008-12-04,47.8594,48.3643,47.2122,47.2122,41254
2008-12-05,47.1196,47.1214,46.9609,46.9609,53008
2008-12-08,48.5528,48.7832,48.0134,48.0134,47110
2008-12-09,48.1758,48.6156,47.4636,47.4636,198113
2008-12-10,46.8300,46.8300,46.6729,46.6729,3030
2008-12-11,45.7041,46.2068,45.2014,45.2014,42403
2008-12-12,45.6308,46.2487,45.6308,45.6308,6272
2008-12-15,46.5053,46.6258,44.3313,44.3313,42749
2008-12-16,44.9920,45.2433,44.6568,44.6568,98824
2008-12-17,44.2379,44.5312,44.1959,44.1959,57009
2008-12-18,44.7924,44.8788,44.0704,44.0704,49358
2008-12-19,43.4053,44.3593,43.2796,43.2796,315579
2008-12-22,43.9918,44.5063,43.9028,43.9028,109956
2008-12-23,44.1931,44.1931,43.8242,43.8242,57169
2008-12-29,43.0649,43.6933,43.0649,43.0649,68677
2008-12-30,44.2379,44.3955,44.2379,44.2379,25686
2009-01-05,45.5622,45.6277,45.2014,45.2014,114832
2009-01-06,45.4947,45.9555,45.4947,45.4947,10072
2009-01-07,45.4894,45.4894,45.1176,45.1176,18216
2009-01-08,44.7720,45.2433,44.7301,44.7301,21476
2009-01-09,44.7607,45.2433,44.6202,44.6202,7576
2009-01-12,44.6764,44.9058,44.6471,44.6471,175675
2009-01-13,44.8663,44.8663,44.3636,44.3636,8227
2009-01-14,44.6141,44.6141,44.0704,44.0704,26139
2009-01-15,43.7771,43.7771,43.2692,43.2692,723693
2009-01-16,44.2224,44.2798,44.2180,44.2180,26783
2009-01-19,44.7406,44.8663,44.7406,44.7406,15000
2009-01-20,44.9082,45.1120,44.7765,44.7765,399838
2009-01-21,44.4055,44.4055,43.5886,43.5886,2065390
2009-01-22,43.7412,43.9447,43.5258,43.5258,123494
2009-01-23,43.6514,43.6514,43.2325,43.2325,5785
2009-01-26,43.8609,44.1954,43.7981,43.7981,6634
2009-01-27,44.5312,44.5312,42.9852,42.9852,26148
2009-01-28,41.1568,41.7640,40.7357,40.7357,48085
2009-01-29,40.2688,40.9536,39.6968,39.6968,167421
2009-01-30,39.7136,40.3503,39.7136,39.7136,341373
2009-02-02,40.0131,40.1137,39.7115,39.7115,55969
2009-02-03,40.1660,40.6185,40.1660,40.1660,2959710
2009-02-04,40.8195,41.0876,40.7500,40.7500,13309
2009-02-05,40.6017,41.0876,40.6017,40.6017,90513
2009-02-06,41.1668,41.2217,40.8195,40.8195,379137
2009-02-09,41.2887,41.2887,40.8407,40.8407,146903
2009-02-10,41.3704,41.7579,41.2385,41.2385,2287
2009-02-11,41.0772,41.0772,41.0772,41.0772,261
2009-02-12,40.8022,41.2762,40.8022,40.8022,96799
2009-02-13,41.7265,41.8887,41.5906,41.5906,3088824
2009-02-16,41.3222,41.4524,41.2049,41.2049,134624
2009-02-17,41.3757,41.4395,41.3412,41.3412,43927930
2009-02-18,41.0709,41.2008,40.8614,40.8614,7739888
2009-02-19,40.5503,40.5849,40.1924,40.1924,16084500
2009-02-20,40.2825,40.2825,39.8812,39.8812,9933414
2009-02-23,40.4844,40.4844,40.1493,40.1493,4303626
2009-02-24,39.9314,39.9314,38.8590,38.8590,5452043
2009-02-25,38.9930,38.9930,38.0055,38.0055,136111
2009-02-26,38.3039,38.8298,37.4828,37.4828,73735
2009-02-27,35.6166,35.9098,35.4294,35.4294,1599457
2009-03-02,34.8541,34.8541,34.5357,34.5357,1125735
2009-03-03,34.7582,35.2395,34.0395,34.0395,21174480
2009-03-04,33.1198,33.6309,32.7930,32.7930,7068469
2009-03-05,34.3179,34.5429,34.1692,34.1692,11250920
2009-03-06,34.3200,34.7578,33.8718,33.8718,32051
2009-03-09,33.6979,34.2509,33.3795,33.3795,657418
2009-03-10,33.7147,33.7147,33.2140,33.2140,3058
2009-03-11,33.7168,33.7603,33.2455,33.2455,51023
2009-03-12,34.5148,34.8876,34.4239,34.4239,72165
2009-03-13,35.4406,35.4406,34.9463,34.9463,5771191
2009-03-16,36.5130,36.5298,36.4293,36.4293,79920
2009-03-17,36.4649,36.6974,36.4649,36.4649,57268
2009-03-18,37.0493,37.0493,36.2708,36.2708,1680
2009-03-19,35.6903,35.8093,35.6903,35.6903,6629
2009-03-20,35.5001,35.9936,35.1893,35.1893,21937
2009-03-23,35.7422,35.8677,35.6647,35.6647,129348
2009-03-24,36.0438,36.2242,36.0438,36.0438,56226
2009-03-25,36.1255,36.2952,35.9898,35.9898,2020
2009-03-26,36.4963,36.4963,36.0103,36.0103,74325
2009-03-27,36.7687,36.7687,35.6417,35.6417,174299
2009-03-30,34.6865,35.3515,34.6865,34.6865,22558
2009-03-31,35.6166,35.9516,35.4408,35.4408,150617
2009-04-01,35.9098,36.4460,35.6103,35.6103,144914
2009-04-02,37.2671,37.5520,36.8712,36.8712,75633
2009-04-03,36.6136,36.6136,35.4490,35.4490,137331
2009-04-06,35.0238,35.6668,35.0238,35.0238,91014
2009-04-07,35.9224,36.2282,35.8763,35.8763,14342
2009-04-08,35.4825,35.9266,35.4155,35.4155,53813
2009-04-09,35.9517,35.9517,35.3484,35.3484,1891
2009-04-14,35.8398,35.8401,35.0929,35.0929,85158
2009-04-15,35.2291,35.4574,35.1893,35.1893,107023
2009-04-16,35.6748,35.6920,35.4672,35.4672,116943
2009-04-17,35.9105,36.0690,35.6752,35.6752,273577
2009-04-20,35.6166,35.6166,35.2105,35.2105,12876
2009-04-21,34.6824,34.7703,34.5693,34.5693,754739
2009-04-22,34.5860,34.7544,34.5274,34.5274,5079
2009-04-23,36.1947,36.1947,35.0384,35.0384,293523
2009-04-24,35.3736,35.8511,35.0217,35.0217,414817
2009-04-27,34.9825,35.5747,34.9825,34.9825,109158
2009-04-28,35.0887,35.9517,35.0887,35.0887,177821
2009-04-29,35.6584,35.6668,35.4993,35.4993,60279
2009-04-30,36.5466,36.9320,36.1611,36.1611,34083
2009-05-05,36.0111,36.0111,35.5566,35.5566,59478
2009-05-06,35.7255,36.5411,35.7255,35.7255,12011
2009-05-07,36.6013,36.6013,36.1779,36.1779,98175
2009-05-08,36.5968,36.5968,35.5891,35.5891,113370
2009-05-11,35.3401,35.5559,35.3401,35.3401,176331
2009-05-12,36.1779,36.1841,35.1338,35.1338,238659
2009-05-13,36.5416,37.5520,36.5416,36.5416,2058535
2009-05-14,37.5857,37.5857,37.3341,37.3341,49683
2009-05-15,37.0995,37.5184,36.6970,36.6970,346315
2009-05-18,36.8817,36.8965,36.8817,36.8817,401
2009-05-19,37.0354,37.1163,37.0354,37.0354,224171
2009-05-20,37.2206,37.3174,36.1298,36.1298,19879
2009-05-22,37.2839,37.2839,36.5115,36.5115,66585
2014-03-06,62.4190,62.6285,62.2075,62.2075,2928
2014-03-07,61.8765,62.2096,61.8346,62.0001,2012
2014-03-10,61.1623,61.3717,60.9528,60.9528,1809
2014-03-11,61.0785,61.3717,60.9528,61.2021,3086
2014-03-12,60.9528,60.9528,60.5339,60.7434,2459
2014-03-13,60.7434,60.9528,60.6994,60.7434,923
2014-03-14,59.8636,59.8636,59.6542,59.6961,814
2014-03-17,59.4866,60.1988,59.4866,60.1988,33891
2014-03-18,60.3244,60.8271,60.3244,60.5339,1388
2014-03-19,60.3244,60.3496,60.1150,60.2386,2177
2014-03-20,59.8636,60.1548,59.6961,60.1548,5026
2014-03-21,60.5339,61.1623,60.5339,61.1623,4842
2014-03-24,60.8690,60.8690,59.9851,59.9851,2201
2014-03-25,60.5339,60.7434,60.4061,60.4920,3928
2014-03-26,60.3244,60.9528,60.3244,60.7413,45749
2014-03-27,60.2825,60.3684,60.2825,60.3244,1588
2014-03-28,60.9528,60.9528,60.7434,60.7434,1522
2014-03-31,62.0001,63.0893,62.0001,62.8380,3570
2014-04-01,63.2569,63.2569,62.3332,62.3332,2527
2014-04-02,62.2494,62.7521,62.2494,62.7521,2275
2014-04-03,62.8380,62.8380,62.3792,62.4190,2109
2014-04-04,62.3771,62.4190,61.7907,62.4190,2369
2014-04-07,61.6231,62.0001,61.5791,61.5791,16182
2014-04-08,61.7907,61.8723,61.7048,61.7048,898
2014-04-09,61.9582,61.9582,61.3717,61.3717,2356
2014-04-10,61.7488,62.2515,61.7488,62.2075,2370
2014-04-11,61.4555,61.4555,60.7434,60.9528,1811
2014-04-14,61.3717,61.5812,61.2482,61.5372,1683
2014-04-15,62.2096,62.2117,62.1279,62.2096,3717
2014-04-16,62.2096,62.4588,62.1656,62.2913,2716
2014-04-17,62.1719,62.4211,61.7907,62.4211,1305
2014-04-22,64.0947,64.3042,63.8853,64.0947,5114
2014-04-23,64.0947,64.5576,63.8853,64.0947,3542
2014-04-24,63.2569,63.4663,62.2096,62.5447,82283
2014-04-25,62.2096,62.6306,62.2096,62.5426,1613
2014-04-28,62.6285,63.2569,62.6285,63.2569,2209
2014-04-29,63.0474,63.6967,63.0474,63.6758,203070
2014-04-30,63.8853,64.0947,63.6758,63.7156,2522
2014-05-01,63.2569,63.2569,63.2569,63.2569,320
2014-05-02,64.0947,64.9326,64.0947,64.5136,2899
2014-05-06,64.6854,64.9326,64.5136,64.5136,1016
2014-05-07,64.5136,65.1420,64.4717,64.7231,1958
2014-05-08,64.8467,65.3515,64.8467,65.1420,1534
2014-05-09,64.8907,65.8123,64.8907,65.8123,3483
2014-05-12,65.9798,66.1453,65.7704,65.8961,3050
2014-05-13,65.7704,66.1893,65.7704,65.9359,1224
2014-05-14,66.1893,66.6920,66.1055,66.6334,38081
2014-05-15,66.8596,67.0271,66.6103,66.7779,1746
2014-05-16,66.8177,67.3602,66.7360,67.0137,6466
2014-05-19,66.8177,66.8177,66.1893,66.8177,21423
2014-05-20,66.6920,66.8177,66.5244,66.5684,2756
2014-05-21,66.3988,68.4934,66.3988,68.4934,3284
2014-05-22,66.9894,67.3183,66.9832,67.3183,2983
2014-05-23,67.4880,67.6953,67.4461,67.6555,1165
2014-05-27,67.6555,67.9907,67.6555,67.9907,73936
2014-05-28,67.6555,67.8671,67.6555,67.8210,541
2014-05-30,67.6555,67.6555,67.0271,67.2785,2888
2014-06-02,67.4461,67.4461,66.8177,66.8177,1249
2014-06-03,66.6082,66.8575,66.6082,66.8261,2180
2014-06-04,66.7758,66.8617,66.4407,66.7314,5171
2014-06-05,66.2731,66.4055,66.2731,66.4055,15139
2014-06-06,66.3988,66.6082,66.2291,66.6082,942
2014-06-10,66.8177,68.0744,66.8177,68.0724,2254
2014-06-11,67.9886,68.0744,67.4461,67.6136,3133
2014-06-12,67.6136,67.8650,67.2366,67.4461,1483
2014-06-13,66.8177,67.5299,66.8177,67.5299,2599
2014-06-16,67.3246,67.6576,67.2366,67.6555,1616
2014-06-17,67.8650,68.0744,67.6555,67.7833,1201
2014-06-18,67.6555,68.0744,67.4461,67.6767,6759
2014-06-19,67.8650,68.1057,67.8650,68.0744,1126
2014-06-20,68.2839,68.3279,68.0744,68.2839,8451
2014-06-23,68.1582,68.1582,67.7393,67.8650,1818
2014-06-24,67.6953,68.1142,67.6157,68.0765,1665
2014-06-25,67.4461,67.5738,67.3644,67.4461,1119
2014-06-26,67.4880,67.6555,67.4063,67.4461,2095
2014-06-27,67.3204,67.4461,67.0690,67.2366,120600
2014-06-30,67.4461,67.7393,67.2999,67.2999,6204
2014-07-01,67.8650,67.8650,67.6555,67.8650,2423
2014-07-02,68.0744,68.2839,67.8650,67.8650,4140
2014-07-03,68.1980,68.2839,68.0744,68.2839,1470
2014-07-04,68.2022,68.4934,68.0744,68.4075,2877
2014-07-07,68.2043,68.2839,67.6555,67.6555,738
2014-07-08,67.6576,67.7414,67.2366,67.6378,5840
2014-07-09,67.0271,67.1109,66.7779,66.9832,900
2014-07-10,67.0690,67.2366,66.3988,67.0271,2893
2014-07-11,66.8177,66.8596,66.3988,66.6920,1442
2014-07-14,67.0271,67.5278,67.0271,67.5278,1300
2014-07-15,67.6555,67.7770,67.4461,67.6555,1538
2014-07-16,67.8650,68.0996,67.8650,67.9048,2112
2014-07-17,67.2345,67.4293,66.7737,66.8177,4480
2014-07-18,66.6082,66.8177,66.5265,66.8177,2077
2014-07-21,66.6501,66.8177,66.3988,66.8177,1214
2014-07-22,66.8994,67.2366,66.8177,67.2366,834
2014-07-23,67.2366,67.7372,67.0251,67.0251,600717
2014-07-24,67.4461,67.5278,67.2366,67.2366,2314
2014-07-25,67.1528,67.4461,66.9015,66.9015,27173
2014-07-28,67.0271,67.0271,66.1893,66.3988,1697
2014-07-29,66.3988,67.2366,66.3988,67.2345,1543
2014-07-30,67.0271,67.4461,67.0271,67.4461,30443
2014-07-31,67.2366,67.2366,66.8177,66.8177,1996
2014-08-04,66.2752,66.9036,65.9798,65.9798,3561
2014-08-05,65.7704,66.8177,65.7704,66.3129,6768
2014-08-06,66.0636,66.0636,65.3515,65.3515,22951
2014-08-07,65.0666,65.3515,64.9305,65.1420,1169
2014-08-08,63.8853,64.3859,63.8057,64.3440,2201
2014-08-11,64.7231,65.3536,64.6037,65.2237,3338
2014-08-12,65.0163,65.5609,64.7231,65.3280,668715
2014-08-13,65.5609,65.8563,65.5211,65.8563,835
2014-08-14,65.7704,66.1474,65.7704,66.0615,2961
2014-08-15,66.4030,66.6082,65.3515,65.3515,2728
2014-08-18,66.1893,66.6082,65.9798,66.3988,2516
2014-08-19,66.7339,67.2366,66.7339,67.2366,31222
2014-08-20,67.4440,67.6576,67.4021,67.6576,1833
2014-08-21,67.8650,68.0744,67.6555,68.0744,12775
2014-08-22,68.1205,68.2839,67.9467,68.2022,3105
2014-08-26,68.3677,68.9123,68.2839,68.9123,1647
2014-08-27,68.7028,69.3312,68.7028,68.9123,2540
2014-08-28,68.7028,68.9123,68.2839,68.4515,15843
2014-08-29,68.8704,68.8704,68.7028,68.7887,614
2014-09-01,70.5922,72.3453,70.5922,72.0563,4827
2014-09-02,71.8908,72.0542,71.5955,71.8866,4169
2014-09-03,72.2636,72.7224,72.2636,72.5569,3260
2014-09-04,72.2636,73.1015,72.2636,73.1015,1281
2014-09-05,72.8920,72.8920,72.2636,72.4731,4345
2014-09-08,72.5150,72.8920,72.4731,72.8920,2747
2014-09-09,73.5204,73.7299,73.3109,73.7299,1471
2014-09-10,73.3109,73.7299,73.3109,73.4806,1588
2014-09-11,73.7299,73.9393,73.6482,73.8555,2118
2014-09-12,73.3109,73.7299,73.3109,73.3109,1757
2014-09-15,73.1015,73.5204,72.9402,73.5204,3178
2014-09-16,73.7299,73.9393,73.3109,73.4995,34098
2014-09-17,73.7299,74.3603,73.7299,74.3582,1629
2014-09-18,74.3582,74.3582,74.0252,74.0629,2196
2014-09-19,74.5677,74.5677,73.7299,73.7299,3186
2014-09-22,73.7299,74.3582,73.6880,74.3582,170468
2014-09-23,73.9812,73.9812,73.3109,73.6063,3218
2014-09-24,73.9393,74.1488,73.4785,73.7299,3151
2014-09-25,73.8974,74.3980,73.7299,73.8995,2127
2014-09-26,73.9854,74.1488,73.5204,74.0210,2044
2014-09-29,74.3582,74.6494,74.2347,74.6494,1490
2014-09-30,74.6934,75.6150,74.6515,75.6150,835
2014-10-01,75.3218,75.8684,74.9887,74.9887,70471
2014-10-02,74.8987,75.4055,74.5677,74.5677,10741
2014-10-03,74.1488,74.6305,73.8157,74.5677,873100
2014-10-06,75.0729,75.0746,74.7772,74.8630,26448
2014-10-07,74.2745,74.2745,72.2636,72.2636,2856
2014-10-08,72.1029,72.1029,71.4258,71.6353,10178
2014-10-09,72.4731,72.4731,71.6353,71.7211,78930
2014-10-10,71.2163,71.2163,70.5021,70.7974,71971
2014-10-13,70.0015,70.7974,69.9596,70.2743,19776
2014-10-14,69.8737,70.2067,69.3312,69.6265,1075
2014-10-15,69.7501,69.7501,68.2839,68.2839,40773
2014-10-16,68.4934,68.4934,66.3988,67.1507,3693
2014-10-17,68.1980,68.7028,68.1980,68.7007,101803
2014-10-20,68.7028,69.3333,68.3677,69.3333,1000843
2014-10-21,69.3312,69.8549,68.6630,69.8360,83936
2014-10-22,69.9596,70.7974,69.7501,70.7974,1407
2014-10-23,70.7974,71.2163,70.3387,70.7136,52693
2014-10-24,71.4258,71.8447,71.4258,71.4258,1205
2014-10-27,72.0542,72.0542,71.5955,71.6353,1300
2014-10-28,73.5225,73.6063,73.0994,73.1015,1417
2014-10-29,73.1434,73.1434,72.6826,72.6826,1214
2014-10-30,73.3109,73.3109,72.2636,72.3495,219
2014-10-31,74.1488,74.8191,74.1488,74.6934,35357
2014-11-03,74.6515,74.6515,73.9393,73.9393,212512
2014-11-04,74.1488,74.3603,73.9393,74.3184,1136
2014-11-05,74.6096,74.9866,74.1488,74.8211,41201
2014-11-06,74.5677,74.9866,74.3582,74.7814,1893
2014-11-07,74.9486,74.9486,74.1488,74.3582,183
2014-11-10,74.4399,74.7772,74.4399,74.5677,21102
2014-11-11,74.9866,74.9866,74.6494,74.9866,874
2014-11-12,74.7772,75.1961,74.7772,74.7772,763
2014-11-13,75.6150,76.0339,75.4034,76.0339,1489
2014-11-14,76.6623,76.6623,75.9480,76.1596,17948
2014-11-17,76.0339,76.4089,75.9899,76.4089,15758
2014-11-18,76.4528,77.0812,76.4528,76.4528,1229
2014-11-19,76.8718,77.0812,76.5764,76.6623,1750
2014-11-20,76.8718,76.8718,76.4528,76.4528,1256
2014-11-21,76.4528,77.0812,76.4528,77.0812,2555
2014-11-24,76.8718,77.1671,76.6602,76.8842,4400
2014-11-25,76.8718,76.8739,76.6146,76.6146,7186
2014-11-26,76.8718,76.9116,76.8320,76.8697,951
2014-11-27,76.8718,77.4603,76.8718,77.4603,1306
2014-11-28,77.9191,78.3380,77.7096,78.3380,51146
2014-12-01,77.9191,78.5076,77.9191,78.2102,645
2014-12-02,77.9191,77.9610,77.3347,77.3347,1359
2014-12-03,78.4197,78.7569,77.9191,77.9191,2916
2014-12-04,78.3380,78.7150,77.5860,77.5860,2408
2014-12-05,78.1306,78.3380,77.9191,78.3380,1441
2014-12-08,78.5474,78.7590,78.4658,78.5474,106152
2014-12-09,78.0028,78.3380,76.8299,76.8299,1456
2014-12-10,77.0812,77.3745,76.8718,76.8718,2903
2014-12-11,77.2907,77.2907,76.3670,76.5345,1333
2014-12-12,76.4528,76.4528,76.1156,76.2434,14804
2014-12-15,76.2036,76.2434,74.9866,74.9866,1143
2014-12-16,73.5204,74.1488,72.9779,74.1488,2462
2014-12-17,73.9393,74.5677,73.9393,74.5677,2705
2014-12-18,75.7784,77.2907,75.7784,77.0812,2116
2014-12-19,78.7569,78.7569,77.1671,77.9999,20616
2014-12-22,78.4616,78.5495,78.3380,78.3380,1888
2014-12-23,78.7569,79.0899,77.0812,77.0812,2802
2014-12-29,77.9191,77.9191,77.7096,77.7536,432
2014-12-30,77.9191,77.9191,77.2907,77.2907,1323
2015-01-05,77.4582,79.3853,77.4582,78.3376,147319
2015-01-06,78.3380,78.5474,78.3380,78.5474,255
2015-01-07,77.5001,78.1285,77.5001,78.0426,1381
2015-01-08,79.0878,81.0610,79.0878,81.0610,2794
2015-01-09,81.2704,82.4015,81.2704,82.3177,1321
2015-01-12,81.8988,81.8988,81.0610,81.2704,975
2015-01-13,81.0191,82.9461,81.0191,82.9461,1873
2015-01-14,82.1083,83.0739,82.1083,82.7366,973
2015-01-15,83.1556,83.3650,71.8447,74.8589,298797
2015-01-16,73.7416,73.7416,70.6759,73.1460,451088
2015-01-19,72.6144,75.1123,72.6144,73.9393,54405
2015-01-20,74.5677,74.9866,74.1488,74.1488,59137
2015-01-21,74.5107,74.5107,70.5880,71.2163,289461
2015-01-22,70.9231,70.9231,69.0820,69.9575,3153
2015-01-23,71.6353,71.8468,70.5503,71.6353,9462
2015-01-26,71.6772,73.3507,71.4258,72.8899,4560
2015-01-27,72.8920,74.5677,72.8920,74.5677,28128
2015-01-28,75.1961,75.1961,74.1488,74.3582,12276
2015-01-29,74.1069,76.2434,74.1069,76.2434,2698
2015-01-30,76.4869,76.6623,75.6150,76.0360,51985
2015-02-02,76.2434,76.2434,75.1961,75.1961,1071
2015-02-03,75.7868,75.7868,75.1961,75.1961,1374
2015-02-04,75.7030,76.6623,75.7030,76.5764,2373
2015-02-05,76.0339,76.0339,75.1961,75.4596,4811
2015-02-06,75.4055,77.2907,75.1961,77.0812,1704
2015-02-09,76.8718,79.7183,76.8718,79.5947,5604
2015-02-10,78.9664,79.3853,78.7569,78.7569,4322
2015-02-11,79.1758,79.2638,78.2067,79.1758,17154
2015-02-12,79.4230,79.4230,78.0468,78.8847,24991
2015-02-13,79.4691,79.6366,79.3853,79.6345,1168
2015-02-16,79.3853,80.4326,79.3853,80.2231,2234
2015-02-17,79.9257,79.9257,79.3036,79.3853,2638
2015-02-18,80.2608,80.6420,80.1372,80.3886,3353
2015-02-19,80.0137,81.4799,80.0137,81.4799,7012
2015-02-20,81.4799,81.5720,80.2608,80.4305,3753151
2015-02-23,81.4799,82.0203,81.2704,81.6893,488
2015-02-24,81.6893,81.8988,81.2704,81.7333,1968
2015-02-25,80.7698,81.6893,80.7698,81.6893,890
2015-02-26,81.1426,81.8590,81.1426,81.8590,2705
2015-02-27,81.6893,82.0461,81.6893,81.7752,2286
2015-03-02,81.4799,81.8988,81.4799,81.8988,1440
2015-03-03,80.3237,80.5562,79.9739,79.9739,2906
2015-03-04,80.0116,80.0137,79.2135,79.5947,1614
2015-03-05,80.2231,80.3467,80.0137,80.2231,1109
2015-03-06,80.8515,80.8515,79.5845,80.6420,2624
2015-03-09,80.4326,80.4326,79.8042,80.3886,3186
2015-03-10,80.9730,81.0610,80.0137,80.3185,2902
2015-03-11,80.8515,81.2285,80.8515,81.2285,2700
2015-03-12,81.1824,81.2872,80.7698,81.0574,113475
2015-03-13,81.4359,81.5197,81.1887,81.4380,2523
2015-03-16,81.6412,82.8623,81.4799,82.6947,3769
2015-03-17,82.5272,82.7366,81.6076,82.1501,4165
2015-03-18,82.3177,82.5670,82.1083,82.5670,1557
2015-03-19,82.5272,83.0310,82.4434,82.8204,91394
2015-03-20,83.3650,83.5745,83.1556,83.4907,617597
2015-03-23,83.3650,83.5745,82.9461,83.1556,3249
2015-03-24,83.0760,83.1556,82.1083,82.3177,8068
2015-03-25,82.3177,82.5691,81.0610,81.2264,14606
2015-03-26,80.2231,80.2231,79.5068,79.9739,24566
2015-03-27,80.2231,81.3144,80.2231,80.6001,969534
2015-03-30,81.0610,82.3177,80.7688,81.9826,23395
2015-03-31,82.3177,82.3177,80.4305,80.5583,5821
2015-04-01,80.2231,81.4820,80.2231,81.0212,4286
2015-04-02,80.8515,80.8515,80.4326,80.4326,5478
2015-04-07,81.0610,82.5272,80.8515,82.3177,4261
2015-04-08,82.3177,82.3177,82.1083,82.1083,1540
2015-04-09,82.9461,83.7881,82.9461,83.7839,1828
2015-04-10,84.2029,85.0407,83.9934,85.0407,1658
2015-04-13,84.8312,84.8773,84.2029,84.4123,1035
2015-04-14,83.9934,84.2029,83.7839,83.7839,957
2015-04-15,84.3662,84.3662,83.7839,83.7839,922
2015-04-16,83.3650,83.3650,83.0739,83.1137,969
2015-04-17,83.3650,83.3650,81.8988,82.0266,1334
2015-04-20,81.9470,82.1522,81.8988,82.1522,1168
2015-04-21,82.4832,83.9934,82.4832,83.2812,5695
2015-04-22,83.1556,83.7839,82.6508,83.7839,159029
2015-04-23,85.0407,85.3758,84.2029,84.2825,7155
2015-04-24,84.7014,84.7014,83.3629,83.6143,1001
2015-04-27,83.7839,84.2029,82.9461,84.1191,2996
2015-04-28,83.3650,83.3650,82.7366,82.9461,161371
2015-04-29,83.3650,83.5745,81.7291,81.7291,1652
2015-04-30,80.6860,81.2285,80.4326,80.8955,18793
2015-05-05,80.6923,81.8988,79.5549,79.5549,3059
2015-05-06,78.9664,78.9811,78.0426,78.5474,3451
2015-05-07,77.2907,78.4616,76.6623,78.4616,1310
2015-05-08,78.7569,80.0535,78.3401,80.0137,1605
2015-05-11,80.0137,80.4326,79.2994,80.2231,1741
2015-05-12,79.8042,79.8042,78.7171,79.1297,2589
2015-05-13,80.0556,80.0556,79.1758,79.1758,1001535
2015-05-14,78.9664,79.6534,78.9664,79.6534,10030
2015-05-15,79.3853,80.2231,79.3853,79.5947,1900
2015-05-18,80.0137,80.6420,80.0137,80.4326,1688
2015-05-19,81.4778,81.6076,81.3563,81.6076,2126
2015-05-20,81.5595,81.5595,81.0610,81.0610,1044
2015-05-21,81.4799,82.1083,81.0610,82.1083,23764
2015-05-22,81.9784,82.1522,81.7710,82.1522,835
2015-05-26,82.3177,82.3177,81.2704,81.2704,2542
2015-05-27,81.6893,82.3994,81.5239,82.3994,2628
2015-05-28,82.4350,82.9461,82.4350,82.4434,641308
2015-05-29,82.3177,82.3177,81.2704,81.2704,1870
2015-06-01,81.8988,81.9805,81.4799,81.4799,2221
2015-06-02,81.2704,81.7731,80.6420,80.6420,183796
2015-06-03,80.8515,81.6893,80.8515,81.4799,1822
2015-06-04,80.2231,81.1845,80.2231,81.0610,856
2015-06-05,79.8042,80.2231,79.3455,80.0137,88617
2015-06-08,79.7204,79.8042,79.3434,79.3434,76680
2015-06-09,78.1285,78.8071,78.1285,78.8071,10725
2015-06-10,78.8868,79.6366,78.8868,79.6366,670
2015-06-11,80.5562,80.6420,80.0137,80.0137,1131
2015-06-12,80.2608,80.2608,79.1758,79.1758,27018
2015-06-15,78.5474,78.5474,77.9191,77.9212,1108
2015-06-16,77.7096,79.0062,77.7096,78.9266,51205
2015-06-17,78.6333,78.7569,77.9212,78.5495,1094
2015-06-18,78.1285,78.2521,76.8697,77.8751,101246
2015-06-19,79.0103,79.0103,77.5199,77.5199,50933
2015-06-22,78.1285,78.7129,78.1285,78.5474,1937
2015-06-23,79.3853,80.6420,79.3434,80.4326,2609
2015-06-24,80.6420,80.6420,79.3413,79.3413,1787
2015-06-25,79.5947,79.7623,79.3451,79.7623,1873
2015-06-26,78.7150,78.9266,78.0468,78.1285,29015
2015-06-29,76.8718,77.9212,76.8718,77.7536,1541
2015-06-30,76.4528,77.5441,76.4528,77.4143,1112
2015-07-01,76.8718,78.3401,76.5785,78.3401,17241
2015-07-02,78.8847,79.0103,78.5474,78.7590,985
2015-07-03,78.2961,78.5474,77.5001,77.5001,828
2015-07-06,77.2907,78.1264,77.2907,78.0845,1244
2015-07-07,77.9191,78.3799,77.9191,78.2982,1102
2015-07-08,78.5474,79.0501,78.2542,79.0083,11497
2015-07-09,79.8482,80.4326,79.8482,80.0116,1096
2015-07-10,80.9751,81.6056,80.8054,81.3961,2211
2015-07-13,81.8988,82.9461,81.8988,82.9461,1531
2015-07-14,83.1556,83.3650,83.0718,83.3650,200625
2015-07-15,83.5745,83.7881,83.3650,83.4488,2428
2015-07-16,83.1556,84.7014,83.1556,84.5338,1856
2015-07-17,84.2029,84.8773,84.2029,84.7893,1148
2015-07-20,85.0407,86.3854,85.0407,85.6314,2738
2015-07-21,83.8635,84.4123,83.3650,84.2825,938
2015-07-22,83.2393,83.2393,82.7366,82.7366,5675
2015-07-23,81.5243,83.0697,81.5243,82.9021,80837
2015-07-24,83.0697,83.7839,82.7366,82.7366,1249
2015-07-27,82.5272,82.5272,81.7752,82.0685,2697
2015-07-28,82.7345,82.7366,82.3177,82.5272,1120
2015-07-29,82.9461,83.7441,82.9461,83.7002,189114
2015-07-30,84.1987,84.1987,83.4509,83.4509,1102
2015-07-31,83.9934,84.2029,83.3650,84.0353,125
2015-08-03,84.6176,84.8312,84.2029,84.7014,562
2015-08-04,84.6176,84.8312,84.4123,84.7893,4089
2015-08-05,84.2866,84.6218,84.2866,84.6218,14625
2015-08-06,84.8312,84.8312,84.5380,84.5380,343
2015-08-07,83.9934,84.4961,83.9934,84.1610,1984
2015-08-10,83.9557,85.1203,83.9557,85.1203,31636
2015-08-11,85.1203,85.2502,84.6260,84.7097,1952
2015-08-12,84.9719,84.9719,81.8988,81.8988,2401
2015-08-13,83.4488,83.6164,83.3629,83.6164,272803
2015-08-14,83.7839,84.0353,83.7420,84.0353,10327
2015-08-17,83.9934,84.4964,83.6583,84.4964,16640
2015-08-18,84.6176,84.8689,84.3285,84.6637,760
2015-08-19,84.2029,84.2070,83.3650,83.3650,1273
2015-08-20,82.8623,82.9461,81.6872,81.6872,42620
2015-08-21,80.6818,80.6818,78.3380,78.3380,1711
2015-08-24,77.2907,77.2907,73.5204,75.0704,1256
2015-08-25,75.4055,77.9170,75.2359,77.2509,14974
2015-08-26,76.0800,77.4960,75.6150,76.1575,56495
2015-08-27,77.8751,78.7548,77.8751,78.5872,3479
2015-08-28,78.4197,78.9245,77.8395,78.3380,70636
2015-09-01,78.3380,78.3380,76.7859,76.8257,1903
2015-09-02,77.1189,77.2907,76.4847,76.7859,21959
2015-09-03,78.1285,78.5495,78.1285,78.5035,1368
2015-09-04,77.2467,77.5022,77.0812,77.4970,11752
2015-09-07,78.0049,78.3380,77.9191,77.9191,1963
2015-09-08,79.3853,79.4649,78.5474,78.5474,2189
2015-09-09,79.9697,80.5185,79.3476,79.7419,41281
2015-09-10,80.0535,80.0535,78.7548,78.8847,1111
2015-09-11,77.9191,78.4616,77.6698,78.4616,1280
2015-09-14,78.5474,78.9664,77.4603,77.4603,1784
2015-09-15,77.9861,78.3380,77.5001,78.3380,2511
2015-09-16,78.5474,79.3434,78.5474,79.3434,962
2015-09-17,79.7581,79.7581,78.7569,79.2177,13004
2015-09-18,78.5097,78.5097,77.9191,78.2643,24182
2015-09-21,77.7955,79.5947,77.7955,78.9664,884
2015-09-22,77.5001,77.5001,75.8245,76.0737,1170
2015-09-23,75.6150,76.1575,75.6150,75.9082,796
2015-09-24,75.1961,75.3637,74.7772,74.9866,2013
2015-09-25,75.4055,77.1671,75.4055,76.8299,1490
2015-09-28,75.8245,75.8245,74.5279,74.5677,647
2015-09-29,73.5204,73.5204,73.5204,73.5204,75
2015-09-30,75.1982,75.5312,74.6934,74.6934,823
2015-10-01,76.2434,76.4528,74.8191,75.8245,142355
2015-10-02,75.1961,75.6150,73.9393,75.4055,200781
2015-10-05,76.2434,76.6623,76.1617,76.6623,1702
2015-10-06,76.4528,76.9116,76.4528,76.9116,754
2015-10-07,74.7374,75.0725,74.2305,74.2326,46028
2015-10-08,74.3603,74.7772,74.3582,74.4420,570
2015-10-09,74.8720,74.9866,74.1488,74.1488,10582
2015-10-12,74.3582,74.4019,73.5602,74.4019,2078
2015-10-13,74.5677,74.5677,73.6084,73.9393,80612
2015-10-14,73.3109,73.8157,73.3109,73.5204,1241
2015-10-15,73.7299,73.9414,73.7299,73.9393,111
2015-10-16,75.6150,75.6569,75.0060,75.6151,23326
2015-10-19,75.6150,75.9899,75.5710,75.5710,32583
2015-10-20,74.9468,75.0264,74.4399,74.6376,80668
2015-10-21,74.1467,74.1467,73.4827,73.7739,589
2015-10-22,73.7299,74.9028,73.3528,74.7772,14076
2015-10-23,75.1940,75.8643,74.8630,75.6150,12601
2015-10-26,76.1575,76.2643,75.9941,76.2434,41986
2015-10-27,74.1488,74.9468,74.1048,74.9468,7021
2015-10-28,74.9887,75.4055,74.7772,75.1961,24675
2015-10-29,75.1961,75.6150,74.7353,75.6150,33180
2015-10-30,75.7407,75.8245,75.1563,75.1563,11251
2015-11-02,74.5677,74.9866,74.5677,74.8211,1747
2015-11-03,74.9866,74.9866,74.6117,74.7353,13323
2015-11-04,75.6988,75.8245,74.9845,74.9845,113284
2015-11-05,75.2799,75.9501,75.1961,75.4020,40136
2015-11-06,74.9725,75.6548,74.7772,75.4055,109478
2015-11-09,74.9866,74.9866,74.4399,74.7772,490
2015-11-10,74.6096,74.6096,73.6880,73.8136,7762
2015-11-11,74.3582,74.9468,74.3582,74.6494,1078
2015-11-12,74.1404,74.1404,73.3109,73.3109,1885
2015-11-13,72.8920,72.8920,71.8908,72.8675,24974
2015-11-16,72.8920,73.3109,72.8920,73.0596,40770
2015-11-17,74.3582,74.4818,74.0650,74.3561,61712
2015-11-18,74.5677,75.4055,74.5677,74.9887,99518
2015-11-19,76.1596,76.1617,75.3197,75.4055,101049
2015-11-20,75.6150,75.7386,75.3657,75.7386,758
2015-11-23,74.7772,75.1248,74.3980,74.5677,1385
2015-11-24,73.9435,74.1488,73.1015,73.3101,88258
2015-11-25,73.3507,74.3582,73.3507,74.2326,17732
2015-11-26,73.5204,73.9791,73.5204,73.9039,21702
2015-11-27,74.1488,75.0704,74.1488,74.4860,2257
2015-11-30,74.3582,74.4839,73.8136,74.1488,2270
2015-12-01,74.1886,74.1886,73.6859,73.9245,37004
2015-12-02,74.3582,74.3582,73.4983,73.4983,65773
2015-12-03,73.5983,73.5983,71.8447,72.0542,102420
2015-12-04,71.1745,71.4677,71.0907,71.3654,585748
2015-12-07,72.4731,72.9737,71.8447,71.8447,2864
2015-12-08,71.5934,71.5934,70.7974,71.0278,29957
2015-12-09,70.5440,70.7974,69.9596,70.2088,13930
2015-12-10,69.7941,70.7974,69.7103,70.6522,8391
2015-12-11,70.3743,70.9629,70.0036,70.0036,1262
2015-12-14,70.3576,70.3764,69.2034,69.2034,23548
2015-12-15,69.3312,70.8372,69.3312,70.7534,19898
2015-12-16,70.9629,71.5913,70.7974,70.7974,41094
2015-12-17,72.5988,72.6826,71.3001,71.3001,4399
2015-12-18,70.7974,71.4258,70.7974,71.2163,1239
2015-12-21,71.4258,71.4258,70.5880,70.5880,995
2015-12-22,70.7953,71.0069,69.9596,69.9596,1990
2015-12-23,70.7974,71.6353,70.5859,71.4258,3061
2015-12-29,72.5548,73.3109,72.5548,73.3109,698
2015-12-30,73.6859,73.7299,73.1015,73.1015,1632
2016-01-04,72.0542,72.0542,71.5955,71.6530,6986
2016-01-05,71.8447,72.5569,71.8028,72.5569,10537
2016-01-06,72.6826,72.6826,71.4258,71.8028,1997
2016-01-07,70.7974,70.7974,70.0434,70.5880,114954
2016-01-08,70.5440,70.6697,68.8913,69.1217,371086
2016-01-11,68.7028,68.9616,67.6555,67.6555,22500
2016-01-12,68.0744,69.3312,68.0744,68.9123,1980
2016-01-13,69.0212,70.0832,69.0212,69.3312,66808
2016-01-14,69.1217,69.1217,67.6974,68.9542,43647
2016-01-15,68.7028,68.7028,67.0271,67.3420,103279
2016-01-18,67.4063,68.0765,67.1549,67.6555,3079
2016-01-19,68.3945,68.8264,68.0744,68.4888,66854
2016-01-20,66.1893,67.2366,66.1893,66.9874,1156
2016-01-21,67.2345,68.2839,67.0271,67.5278,101604
2016-01-22,68.4934,69.6642,68.4934,69.6642,728
2016-01-25,68.9123,69.4171,68.8306,68.8704,4592
2016-01-26,69.7522,70.1690,69.1217,69.1217,592364
2016-01-27,67.4461,68.3698,67.1926,67.6974,604699
2016-01-28,66.5663,66.5663,64.3042,65.8123,888191
2016-01-29,65.6866,65.7704,65.1420,65.7704,218920
2016-02-01,66.3967,66.6082,66.1893,66.3988,1695
2016-02-02,65.1860,65.5190,64.7231,64.9326,1649
2016-02-03,64.9326,65.1420,63.5899,63.5899,1465
2016-02-04,64.3440,64.3440,62.2117,62.5168,225165
2016-02-05,62.4190,62.8359,61.9603,62.5866,139693
2016-02-08,62.2096,62.2096,59.9055,59.9055,9531
2016-02-09,60.1150,60.1150,58.7723,58.7723,2056
2016-02-10,59.3609,60.5339,59.0677,60.2846,349666
2016-02-11,59.3986,59.3986,58.2298,58.8582,3006
2016-02-12,58.6488,59.4866,58.6488,59.4028,203421
2016-02-15,60.1150,60.5779,60.1150,60.5339,225976
2016-02-16,60.9109,61.0366,59.9055,60.2804,17102600
2016-02-17,60.7434,60.9507,60.7434,60.7434,1828
2016-02-18,61.4157,62.2494,61.4157,61.8765,437308
2016-02-19,61.3717,61.3717,61.0675,61.2239,9010494
2016-02-22,62.0001,62.5049,62.0001,62.2096,184006
2016-02-23,61.9855,61.9855,61.5812,61.7907,955
2016-02-24,61.3717,61.3717,60.1150,60.4082,230823
2016-02-25,59.4866,60.1988,59.4866,59.9055,50073
2016-02-26,60.9528,61.1623,60.3663,60.5112,6007868
2016-02-29,59.7400,60.1150,59.4908,59.6961,2425
2016-03-01,60.1150,60.7434,60.1150,60.7434,27656
2016-03-02,61.1204,61.1623,60.7475,60.8279,304330
2016-03-03,61.4136,61.4136,60.3663,60.6998,54051
2016-03-04,60.1150,60.4810,59.7798,59.9055,8067113
2016-03-07,60.1150,60.5339,59.7002,60.5339,5048213
2016-03-08,60.1569,60.5339,60.1150,60.2850,203800
2016-03-09,60.4899,60.9528,60.1548,60.8271,1108245
2016-03-10,60.7434,61.7907,60.4920,60.9021,487760
2016-03-11,60.9507,61.1183,60.6617,60.8690,5143
2016-03-14,61.1623,61.5812,61.1623,61.1623,1929
2016-03-15,60.7434,61.1623,60.3244,60.5758,35918
2016-03-16,60.5339,60.5339,60.2386,60.3244,1601
2016-03-17,59.9055,59.9872,58.9839,59.1494,143147
2016-03-18,59.0677,59.0677,58.4393,58.5729,109125
2016-03-21,58.8163,59.9034,58.8163,59.3190,278288
2016-03-22,59.6961,60.5737,59.6961,60.5339,24214
2016-03-23,61.1644,61.3717,60.7434,60.7434,15106
2016-03-24,60.3244,60.3244,59.7819,59.7819,233096
2016-03-29,59.6961,59.6961,58.2298,58.6488,3268
2016-03-30,58.8582,58.8582,58.4393,58.6467,2494
2016-03-31,58.6488,58.6488,58.3576,58.4827,15142
2016-04-01,56.9731,57.1825,56.1352,57.0569,18004
2016-04-04,57.3920,58.4812,57.0569,58.4393,122180
2016-04-05,57.8528,58.2319,57.7690,58.0204,764367
2016-04-06,58.0204,59.3169,58.0204,58.2298,291872
2016-04-07,60.1569,60.5339,60.1150,60.2407,51702
2016-04-08,60.3244,60.3244,59.9055,60.3244,4156
2016-04-11,60.1150,60.7811,59.9495,59.9495,2209
2016-04-12,59.4468,60.1089,59.4468,60.1089,16742
2016-04-13,60.1736,60.7434,60.1736,60.6596,46554
2016-04-14,60.7873,61.4534,60.7873,61.3696,3054
2016-04-15,61.2461,61.5812,60.9507,60.9507,2237
2016-04-18,61.3717,61.7907,61.1623,61.7907,86480
2016-04-19,62.2096,62.2613,61.7907,62.1258,2441
2016-04-20,61.7907,62.0001,61.4995,61.7907,2060
2016-04-21,62.3562,62.4610,61.9373,62.4588,88658
2016-04-22,62.4609,62.6285,62.0001,62.6285,80601
2016-04-25,62.6285,63.0474,62.2096,62.7332,130375
2016-04-26,62.7961,63.1084,62.5566,63.1084,77938
2016-04-27,62.6285,62.7521,62.4190,62.6285,71696
2016-04-28,62.2096,62.5866,61.7907,61.9163,384297
2016-04-29,62.0001,62.0276,61.1602,61.2879,11785
2016-05-03,61.4052,61.4052,60.3244,61.0764,12253
2016-05-04,60.9528,60.9528,59.7840,59.7840,3039
2016-05-06,59.9013,59.9055,59.1954,59.2771,3900
2016-05-09,59.9055,60.6994,59.8196,60.3266,67985
2016-05-10,60.7182,61.6650,60.7182,61.3069,155434
2016-05-11,61.5561,61.5561,61.0785,61.3717,127152
2016-05-12,60.7434,61.6210,60.7036,60.7036,2512
2016-05-13,60.5381,61.5812,60.3244,61.5414,2150
2016-05-17,61.9264,62.2096,61.4995,61.4995,18479
2016-05-18,62.0001,62.3750,61.6231,62.3352,153411
2016-05-19,62.4190,62.4190,61.8954,62.0001,26725
2016-05-20,62.6285,62.8777,62.3813,62.7877,45079
2016-05-23,64.3042,64.7231,63.6758,64.5136,332522
2016-05-24,64.2623,65.4984,64.2623,65.4984,73300
2016-05-25,65.6028,66.2312,65.5609,65.8825,544940
2016-05-26,66.3988,66.4386,65.9798,66.1893,89126
2016-05-27,66.3988,66.8959,66.3988,66.6200,11853
2016-05-31,66.7297,66.7297,66.0615,66.3569,87547
2016-06-01,66.1914,66.1914,65.9778,66.1893,999
2016-06-02,66.1893,66.8177,66.1893,66.8177,87953
2016-06-03,67.0271,67.0271,65.9778,65.9778,43624
2016-06-06,65.7704,66.2291,65.7704,66.1935,109759
2016-06-07,66.8177,66.8177,66.2731,66.5170,1458
2016-06-08,65.7306,65.8521,65.1839,65.1860,1360
2016-06-09,65.3515,65.3515,65.1022,65.1420,1949
2016-06-10,64.7231,64.7231,63.4663,63.8004,146502
2016-06-13,63.8853,63.8853,63.0453,63.1690,22838
2016-06-14,62.1698,62.4190,61.7907,61.8479,14938
2016-06-15,61.7907,62.5007,61.7907,62.3557,64793
2016-06-16,60.9528,61.7907,60.9528,61.4931,2752
2016-06-17,62.8380,63.0474,62.4609,62.8464,780845
2016-06-20,63.6758,64.1345,63.6758,63.6758,1382
2016-06-21,63.7575,64.0947,63.4684,64.0947,52146
2016-06-22,63.6318,63.8015,63.5899,63.6758,56483
2016-06-23,64.3042,64.7231,64.0947,64.0947,1531
2016-06-24,59.6961,63.9556,59.6961,63.9556,4381
2016-06-27,63.2569,63.6758,62.8380,63.1312,277145
2016-06-28,64.3042,64.9326,63.8853,64.9326,170835
2016-06-29,65.5609,66.8177,65.4751,66.3359,184424
2016-06-30,66.6480,67.2366,66.3988,67.2366,2036
2016-07-01,67.0271,67.8650,67.0271,67.4461,1700
2016-07-04,67.6555,67.8650,67.6157,67.6576,1515
2016-07-05,67.2366,67.2366,66.5684,66.6061,74120
2016-07-06,66.3988,66.8596,66.1893,66.8596,2384
2016-07-07,67.2764,67.3623,66.6941,67.2366,3434
2016-07-08,67.0271,67.6555,66.1893,67.3036,168969
2016-07-11,67.6555,68.3258,67.6555,67.9928,124217
2016-07-12,67.6597,67.6597,67.4440,67.5717,4008
2016-07-13,67.6555,68.2001,67.5738,67.7940,15800
2016-07-14,67.6555,67.8210,67.0271,67.3602,1111
2016-07-15,67.2366,67.4880,67.1947,67.4880,1654
2016-07-18,67.4461,67.6555,67.0271,67.3876,52922
2016-07-19,67.4461,67.4461,66.6082,67.3742,8108
2016-07-20,67.8650,68.5337,67.6534,68.5337,121238
2016-07-21,68.6609,68.9123,68.6609,68.9123,34194
2016-07-22,68.5792,69.0799,68.4955,68.9123,843
2016-07-25,68.9123,69.2055,68.7715,68.7715,64538
2016-07-26,68.9123,69.2872,68.9123,69.1083,55595
2016-07-27,69.1217,69.1217,68.4934,68.6936,242686
2016-07-28,68.9123,68.9123,67.3183,67.4695,63702
2016-07-29,67.1780,67.4461,67.0271,67.2366,1310
2016-08-02,68.2839,68.2839,66.8575,66.8575,2266
2016-08-03,67.0690,67.0690,66.3988,66.8609,22568
2016-08-04,67.2366,67.2366,66.8177,67.1088,1280
2016-08-05,67.6555,68.2839,67.6136,68.2839,60705
2016-08-08,68.2839,68.2839,67.6555,67.8032,4423
2016-08-09,67.6555,68.0744,67.4461,67.7514,3873
2016-08-10,67.8231,68.0744,67.1528,67.1528,2529
2016-08-11,67.4461,67.4461,66.9874,67.2994,51308
2016-08-12,67.2366,67.2764,66.8177,66.8177,1316
2016-08-15,67.2366,67.2366,66.9874,67.1318,4776
2016-08-16,66.8177,66.8177,66.3150,66.3653,4647
2016-08-17,66.3988,66.5385,65.7725,65.7835,15479
2016-08-18,65.7704,65.7704,65.4751,65.5720,2427
2016-08-19,65.7704,65.7704,65.1420,65.3075,10804
2016-08-22,65.3515,65.6866,65.1211,65.5630,14258
2016-08-23,65.9798,66.0657,65.8838,65.8838,3295
2016-08-24,65.7704,65.9798,65.7704,65.7704,869
2016-08-25,64.3042,64.8535,64.3042,64.8135,33268
2016-08-26,64.3461,64.8069,64.2644,64.8048,24423
2016-08-30,65.3515,65.4902,64.9326,65.4272,76567
2016-08-31,65.3515,65.5609,64.5136,64.7231,1779
2016-09-01,64.9326,65.1420,64.0947,65.0962,49195
2016-09-02,64.0947,65.0163,64.0947,64.9326,129018
2016-09-05,65.1420,65.5609,65.1420,65.3737,39033
2016-09-06,65.3515,65.5609,65.2470,65.2470,34770
2016-09-07,65.1420,65.2677,64.9326,65.1211,30243
2016-09-08,65.5609,65.5630,65.1420,65.3515,26026
2016-09-09,65.1860,65.3515,64.9326,64.9326,1330
2016-09-12,64.1806,64.5403,64.1806,64.5403,4258
2016-09-13,64.9326,64.9753,64.6812,64.6812,60712
2016-09-14,64.7231,64.8090,64.5974,64.6803,306871
2016-09-15,64.3042,64.5136,64.3042,64.5136,632
2016-09-16,65.1420,65.1420,64.9326,65.1420,917
2016-09-19,65.5609,65.7704,65.5190,65.5609,115407
2016-09-20,66.3988,66.8177,66.3590,66.6875,39755
2016-09-21,66.7360,66.7360,66.1893,66.1893,13235
2016-09-22,66.1893,66.5244,66.1893,66.5244,96901
2016-09-23,65.9819,66.3569,65.7704,66.3569,1112
2016-09-26,65.9798,65.9798,65.4373,65.6336,5766
2016-09-27,65.5169,65.5169,64.7231,65.2506,125350
2016-09-28,65.6405,66.0657,65.6405,66.0657,196925
2016-09-29,65.7704,65.8123,65.1420,65.1420,666
2016-09-30,63.4684,63.8853,63.4642,63.8853,1688
2016-10-03,64.5136,64.5136,64.2602,64.4298,881
2016-10-04,64.7231,64.9744,64.5136,64.9744,3421
2016-10-05,64.7231,64.7629,64.3042,64.7231,2470
2016-10-06,64.7210,64.7210,64.3900,64.5115,1475
2016-10-07,64.1785,64.3461,64.0947,64.0947,1420
2016-10-10,63.6758,63.8853,63.4223,63.8853,2276
2016-10-11,63.6758,63.6779,63.4663,63.6779,19563
2016-10-12,63.3009,63.3009,62.7433,62.7433,125333
2016-10-13,62.5866,62.5866,61.7907,62.2515,2118
2016-10-14,63.3733,63.6758,63.0474,63.4759,115791
2016-10-17,62.8380,62.9710,62.5887,62.5887,1939
2016-10-18,62.7144,62.7245,62.6285,62.6285,246
2016-10-19,63.2611,63.2611,62.6285,62.8380,756
2016-10-20,62.6285,63.0914,62.4190,63.0474,1282
2016-10-21,62.3352,62.7542,62.3352,62.7542,4988
2016-10-24,63.0034,63.0474,62.2117,62.4190,1474
2016-10-25,62.0001,62.0001,60.7434,61.3897,25547
2016-10-26,60.4713,60.4713,59.1515,59.6542,30890
2016-10-27,58.9860,59.9055,58.9860,59.6961,1095
2016-10-28,59.5243,59.8196,59.2771,59.4866,1075
2016-10-31,59.2771,59.6123,59.0677,59.2771,888
2016-11-01,59.0677,59.1473,58.4393,58.6488,1468
2016-11-02,58.5859,58.9420,58.2298,58.2298,252309
2016-11-03,58.4393,58.4393,57.8109,58.3846,96354
2016-11-04,56.7238,57.3061,56.7238,56.9731,3601
2016-11-07,58.0204,58.2298,57.9764,58.0204,43029
2016-11-08,58.0204,58.5392,58.0204,58.0623,40823
2016-11-09,59.4824,61.3717,59.2352,60.4920,71683
2016-11-10,61.3298,61.5812,60.5339,61.4136,318581
2016-11-11,61.5812,61.5812,60.5339,60.5339,1019
2016-11-14,61.1623,61.1623,60.0333,60.5339,1725
2016-11-15,60.3244,60.3244,59.6961,60.0603,7153
2016-11-16,60.3244,60.7355,60.2427,60.7355,8961
2016-11-17,60.5339,60.8617,60.5339,60.7743,24784
2016-11-18,60.4711,60.6596,59.9055,60.6596,129622
2016-11-21,59.6961,59.6961,58.9818,59.1954,1246
2016-11-22,59.0677,59.0677,57.5130,57.5130,743
2016-11-23,57.8109,58.2696,57.1825,58.0183,1682
2016-11-24,58.4393,58.6488,57.9345,58.6488,2043
2016-11-25,58.8582,59.4866,58.7723,59.4866,2009
2016-11-28,59.0677,59.3630,59.0677,59.0677,1994
2016-11-29,58.6488,58.8582,58.6488,58.6488,1427
2016-11-30,59.0656,59.0677,58.6886,58.8582,232752
2016-12-01,58.4393,58.4393,57.3920,57.9499,6617
2016-12-02,56.9731,57.6015,56.9291,57.0683,1889
2016-12-05,57.8109,58.2298,57.8109,58.1461,59416
2016-12-06,58.9906,58.9906,57.9785,58.0824,139004
2016-12-07,58.1858,58.4393,57.3920,57.3920,45460
2016-12-08,56.9731,57.6494,56.9731,57.2436,95221
2016-12-09,58.2830,59.6102,58.1584,58.1584,290720
2016-12-12,59.4866,59.4866,58.8163,58.8582,207882
2016-12-13,59.2771,60.4899,59.2771,59.9660,221345
2016-12-14,60.4149,60.6386,60.0333,60.5290,172128
2016-12-15,60.5967,61.5812,60.5967,61.5812,301327
2016-12-16,61.7907,62.0001,61.5812,61.7292,4555
2016-12-19,61.6189,62.0001,61.5414,61.8250,2365
2016-12-20,61.7907,62.6306,61.7907,61.9272,131440
2016-12-21,61.7907,62.2494,61.5812,61.7886,3619
2016-12-22,61.8723,62.0001,61.6650,61.7907,503
2016-12-23,62.1048,62.1048,61.7907,61.8325,731
2016-12-28,62.4190,62.7248,62.2096,62.7248,52656
2016-12-29,62.1677,62.4537,62.1677,62.4537,51608
2016-12-30,62.2075,62.2075,62.0001,62.0001,125
2017-01-03,62.8380,63.0474,62.5866,63.0474,113006
2017-01-04,62.0001,62.4190,61.8325,62.3896,3530
2017-01-05,62.6788,62.7144,62.4630,62.5447,700
2017-01-06,62.6285,62.8380,62.5866,62.6351,2612
2017-01-09,62.6285,62.8380,62.4169,62.8380,2172
2017-01-10,63.0474,63.3040,62.7982,63.2569,335804
2017-01-11,62.9217,63.0474,62.0834,62.0834,35985
2017-01-12,61.3717,61.3717,60.3244,60.7434,28361
2017-01-13,61.5812,61.5812,61.2440,61.2440,1323
2017-01-16,60.9528,61.1623,60.3244,60.3734,17987
2017-01-17,60.1150,60.1150,59.8615,59.8657,1892
2017-01-18,60.3244,60.4061,60.1150,60.3534,5887
2017-01-19,60.1150,60.1150,59.2771,59.8582,209623
2017-01-20,59.1138,59.6961,59.1138,59.3630,1097
2017-01-23,58.7346,58.8184,58.4393,58.4393,4395
2017-01-24,58.6488,59.0677,58.3995,58.3995,66586
2017-01-25,58.4393,59.9055,58.4393,59.9055,74564
2017-01-26,60.3010,60.7434,59.9055,60.2503,115542
2017-01-27,60.1590,60.2407,59.8238,60.2407,1858
2017-01-30,59.9055,60.5339,59.9055,60.0947,10834
2017-01-31,60.3244,61.2147,59.9055,60.9528,2554
2017-02-01,60.9528,60.9528,60.5737,60.7958,362588
2017-02-02,60.3244,60.5793,60.0333,60.4082,228490
2017-02-03,61.2021,61.4115,61.1204,61.1204,14923
2017-02-06,60.9528,61.5812,60.9528,61.4555,1372
2017-02-07,61.5812,62.2096,61.5435,62.1677,131324
2017-02-08,62.2096,62.2096,61.6210,61.9142,1666
2017-02-09,62.4190,62.8380,62.4190,62.8318,72921
2017-02-10,62.8380,63.2569,62.6285,63.2569,966316
2017-02-13,63.2129,63.5480,63.2129,63.5043,15353
2017-02-14,62.9238,63.2569,62.6285,63.1291,2615
2017-02-15,63.4663,63.4663,63.4244,63.4642,2146
2017-02-16,63.8853,63.9292,63.7617,63.8413,150593
2017-02-17,63.8853,64.3900,63.6758,64.3900,1452
2017-02-20,64.5136,64.5136,64.0947,64.2625,509284
2017-02-21,64.0947,64.9723,64.0947,64.9723,2301926
2017-02-22,64.7671,65.1860,64.7231,65.0446,1106490
2017-02-23,64.9326,65.3515,64.9326,64.9765,2015
2017-02-24,64.9765,65.1420,64.5534,65.0135,2677
2017-02-27,65.1420,65.3515,65.0163,65.2460,1905628
2017-02-28,65.3536,65.5609,65.2698,65.5609,50264
2017-03-01,65.7704,65.9798,65.6468,65.9696,252903
2017-03-02,63.6758,63.8015,63.4663,63.5501,174853
2017-03-03,63.2569,64.0947,63.2569,63.8410,335333
2017-03-06,63.8853,64.0947,63.7181,63.9425,586581
2017-03-07,63.4663,63.6339,62.6285,63.1169,8762855
2017-03-08,62.7144,63.0474,62.4190,62.8380,1236378
2017-03-09,63.0914,63.2569,63.0474,63.2569,15976
2017-03-10,63.4663,63.6758,63.4642,63.6758,42181
2017-03-13,63.8853,63.9669,63.4663,63.6150,750526
2017-03-14,63.6758,63.6758,63.1731,63.3552,608801
2017-03-15,63.4663,63.4663,62.9636,62.9636,407334
2017-03-16,63.3386,63.3407,63.0034,63.0474,315877
2017-03-17,63.1731,63.2590,63.0474,63.2552,3863
2017-03-20,63.2569,63.5082,63.2569,63.4730,43049
2017-03-21,63.4663,63.4663,62.7625,62.7625,44529
2017-03-22,61.1602,61.7927,61.1602,61.5812,501304
2017-03-23,61.7907,62.0022,61.6629,62.0022,230848
2017-03-24,62.1698,62.2096,61.5812,61.7907,44171
2017-03-27,61.3717,61.7907,61.3717,61.7596,46174
2017-03-28,62.0738,62.2096,61.7907,61.7907,161242
2017-03-29,62.2934,62.4630,62.0860,62.4630,203839
2017-03-30,62.6285,62.8380,62.4190,62.8380,23982
2017-03-31,62.6285,62.6285,62.3373,62.5483,17406
2017-04-03,62.4190,63.0474,62.0001,62.2934,2004
2017-04-04,62.4190,62.8380,62.0001,62.8380,3074
2017-04-05,62.3373,62.6725,62.1698,62.6285,148947
2017-04-06,62.1279,62.4190,62.0001,62.1801,6826
2017-04-07,62.0001,62.2096,61.7907,62.2096,3647
2017-04-10,62.4190,62.5007,61.3717,62.2117,3401
2017-04-11,61.7907,62.5447,61.7907,62.4190,3252
2017-04-12,62.8380,62.8380,62.2096,62.2096,2172
2017-04-13,62.0001,62.0286,61.7907,62.0286,6678
2017-04-18,62.0001,62.0001,60.9968,61.1623,2878
2017-04-19,60.9528,61.1623,60.8250,61.1623,2442
2017-04-20,60.8690,61.8744,60.8690,61.4444,79444
2017-04-21,61.4576,61.7907,61.3717,61.6671,1913
2017-04-24,62.3332,62.3332,61.8305,62.0001,2227
2017-04-25,63.2569,63.7326,62.6704,63.7326,173452
2017-04-26,63.2569,63.6967,63.0474,63.6967,13084
2017-04-27,63.6758,64.4298,63.6758,64.3246,551780
2017-04-28,63.8853,64.1366,63.5501,64.1366,10666
2017-05-02,64.3042,64.7231,64.3042,64.5136,132821
2017-05-03,64.5974,64.5974,64.2225,64.2225,1146
2017-05-04,64.5157,64.5157,64.3042,64.4534,6847
2017-05-05,64.0968,64.5136,64.0968,64.3392,7175
2017-05-08,64.5576,65.3515,64.5576,65.3515,2200
2017-05-09,65.5211,66.4009,65.5211,66.4009,141338
2017-05-10,65.9798,66.3150,65.8144,66.3129,11739
2017-05-11,66.4846,66.8177,66.2710,66.2710,2163
2017-05-12,67.0271,67.7812,66.9455,67.7812,4434
2017-05-15,67.6555,67.7914,67.1130,67.2366,2530
2017-05-16,67.0271,67.8650,67.0271,67.2806,44209
2017-05-17,66.6082,67.0271,66.3590,66.7473,26452
2017-05-18,65.7704,66.0427,65.7704,65.8422,17284
2017-05-19,65.9798,66.0657,65.9380,65.9935,4125
2017-05-22,65.7704,66.6480,65.4771,66.4527,122799
2017-05-23,66.1893,66.3590,65.8982,66.1893,2802
2017-05-24,66.3988,66.7888,66.2752,66.3338,51748
2017-05-26,66.4386,66.6116,65.9798,66.0615,4385
2017-05-30,65.5609,65.9798,65.5588,65.8542,4943
2017-05-31,65.9798,66.6082,65.8123,66.5224,39181
2017-06-01,66.6082,66.8177,66.3988,66.6454,52998
2017-06-02,66.8177,67.1507,66.3129,66.6082,127489
2017-06-06,66.1893,66.7758,65.9798,65.9798,63429
2017-06-07,66.2312,66.4386,65.8123,65.8123,16712
2017-06-08,65.8123,66.0615,65.6887,65.7704,43421
2017-06-09,65.9798,66.0217,65.5609,66.0217,2082
2017-06-12,65.7704,65.9798,65.4353,65.4353,3593
2017-06-13,66.1443,66.1893,65.9798,66.0983,3851
2017-06-14,66.1495,66.1893,65.8123,65.8123,59049
2017-06-15,65.7306,65.7704,65.1420,65.7285,1604
2017-06-16,66.1893,66.2291,65.5211,65.6028,2349
2017-06-19,65.8584,66.3988,65.7306,66.3988,904
2017-06-20,67.0271,67.2764,66.8617,67.1529,86133
2017-06-21,66.6082,67.0271,66.4428,66.8222,8139
2017-06-22,70.3785,70.3785,68.4934,70.3785,55142
2017-06-23,70.5880,70.5880,69.5407,69.5826,1553
2017-06-26,69.7501,69.9596,69.5407,69.7920,11767
2017-06-27,69.7522,69.9596,69.3312,69.3312,17865
2017-06-28,68.9123,69.1217,68.6588,68.7996,3037
2017-06-29,68.2399,68.3279,67.4042,67.4042,2959
2017-06-30,67.1549,67.4880,66.8596,66.8596,12105
2017-07-03,67.0271,67.5319,67.0271,67.4461,2825
2017-07-04,67.4461,67.7414,67.2366,67.4461,700
2017-07-05,66.6082,66.6082,66.3988,66.6082,2304
2017-07-06,66.5265,66.5265,65.7704,65.7704,1082
2017-07-07,65.9798,66.1893,65.8542,66.1893,1185
2017-07-10,66.6082,66.6082,66.3234,66.3234,1078
2017-07-11,66.1893,66.3988,65.9798,66.1893,1508
2017-07-12,66.3590,67.3602,66.3590,66.9874,769
2017-07-13,67.4461,67.4461,66.8177,66.8177,1984
2017-07-14,67.2366,67.5280,66.9015,66.9036,1400
2017-07-17,67.0271,67.6555,67.0271,67.2366,8281
2017-07-18,68.4934,68.7845,67.6534,67.6555,4444
2017-07-19,67.9928,68.2839,67.8210,68.2001,9855
2017-07-20,68.0744,68.5644,67.8650,68.4934,862
2017-07-21,68.2839,68.4934,67.2366,67.2366,644
2017-07-24,67.0271,67.0271,66.6082,66.7295,25926
2017-07-25,66.8177,67.3225,66.7779,67.0271,1300
2017-07-26,67.9048,68.1163,67.6953,67.6953,3123
2017-07-27,67.6555,68.6588,67.6555,67.6555,2154
2017-07-28,68.2839,68.6588,68.2839,68.2839,1281
2017-07-31,68.9123,69.3689,68.7679,68.7679,60980
2017-08-02,68.9982,69.4129,68.9123,68.9123,2613
2017-08-03,69.1217,69.5407,69.1217,69.1217,1412
2017-08-04,69.1217,69.2034,68.8306,68.8306,2249
2017-08-07,69.2076,69.5407,68.7007,68.7007,1737
2017-08-08,68.7028,69.2453,68.7007,68.7007,2346
2017-08-09,68.0347,68.4955,67.6555,67.6555,2612
2017-08-10,67.8650,68.5772,67.6555,67.6555,1504
2017-08-11,68.9982,69.4129,68.9123,68.9123,3141
2017-08-14,67.4461,68.1142,67.4461,67.4461,806
2017-08-15,68.4934,68.7028,68.2839,68.2839,1021
2017-08-16,68.4934,68.9144,68.4934,68.4934,3036
2017-08-17,68.2399,68.2399,67.6995,67.6995,1155
2017-08-18,67.0711,67.0711,66.6082,66.6082,560
2017-08-21,66.8177,68.7028,66.8177,66.8177,25787
2017-08-22,67.5278,67.6115,67.2366,67.2366,1932
2017-08-23,67.4461,67.4461,66.9874,66.9874,371
2017-08-24,67.6136,67.8650,67.3623,67.3623,69133
2017-08-25,67.4901,67.7791,67.0690,67.0690,60471
2017-08-29,66.1893,66.4826,65.7076,65.9823,156653
2017-08-30,66.6920,66.8198,66.3341,66.5019,102955
2017-08-31,66.9853,67.8650,66.7758,67.7812,482165
2017-09-01,67.9907,67.9907,67.4880,67.7995,212550
2017-09-04,67.2366,67.5717,66.9853,67.0617,101508
2017-09-05,67.1947,67.6555,66.9905,67.5972,272105
2017-09-06,66.9434,67.1947,66.4826,67.1518,257931
2017-09-07,67.2366,67.9435,67.0406,67.8156,227983
2017-09-08,67.7393,67.9697,67.5481,67.7740,172096
2017-09-11,67.8650,68.2630,67.8650,68.1947,210612
2017-09-12,68.4148,69.1075,68.4096,69.0298,297479
2017-09-13,69.1008,69.3522,68.9123,69.1036,307435
2017-09-14,69.1217,69.6245,68.9123,69.2320,223881
2017-09-15,69.3522,69.4988,68.7447,69.0060,278861
2017-09-18,69.3312,69.3312,68.7447,68.7791,575723
2017-09-19,68.7028,69.3679,68.5353,69.0340,641696
2017-09-20,69.2893,69.6624,68.9761,69.4493,283061
2017-09-21,69.7292,69.8758,69.3940,69.5064,153728
2017-09-22,69.3312,70.0643,69.2557,69.9133,241834
2017-09-25,69.7501,70.3785,69.7501,70.2079,228276
2017-09-26,69.9805,70.1690,69.4569,69.8237,339041
2017-09-27,69.3312,69.6035,68.9123,69.1937,409421
2017-09-28,68.6400,69.4967,68.6400,69.1446,466685
2017-09-29,68.8756,69.7501,68.8187,69.3804,272878
2017-10-02,69.7501,70.5461,69.5407,70.5383,360945
2017-10-03,70.6927,70.8812,70.3623,70.6961,441901
2017-10-04,70.5880,70.7974,70.2528,70.6536,118882
2017-10-05,70.3576,70.5934,69.8779,70.0898,53203
2017-10-06,70.1020,70.4204,70.1020,70.4127,72768
2017-10-09,70.5880,70.5880,70.2528,70.3758,44869
2017-10-10,70.3785,70.3785,69.7501,69.7612,108571
2017-10-11,70.1062,70.3785,69.9457,70.2358,430089
2017-10-12,70.5880,70.6718,70.3234,70.3637,206533
2017-10-13,70.3366,70.3785,70.1062,70.2570,193400
2017-10-16,70.3785,70.9231,70.2960,70.7896,270876
2017-10-17,70.7136,70.7555,70.1062,70.4875,127193
2017-10-18,70.6718,71.0069,70.5880,70.9226,67960
2017-10-19,70.9231,71.1326,70.4204,70.6525,187650
2017-10-20,70.9252,70.9252,70.3785,70.7477,126748
2017-10-23,70.5880,71.5096,70.5880,71.4258,362688
2017-10-24,70.7765,70.7765,68.8233,69.2071,371450
2017-10-25,68.7918,69.1923,67.2366,68.9988,263679
2017-10-26,67.3204,68.1582,67.2366,67.3724,143010
2017-10-27,67.7833,68.6609,67.7833,67.8993,361770
2017-10-30,67.6765,68.5353,67.4251,68.3602,163725
2017-10-31,68.2839,69.2474,68.1582,68.8629,471992
2017-11-01,69.2265,70.1690,69.2265,69.9519,362787
2017-11-02,69.5407,69.7920,69.0380,69.4150,209502
2017-11-03,69.3731,70.0853,69.3731,70.0511,59191
2017-11-06,70.0811,70.5042,69.9596,70.0434,144722
2017-11-07,69.8758,69.9596,68.9123,68.9542,173411
2017-11-08,68.9123,69.3940,68.9123,69.3494,105315
2017-11-09,69.3312,69.5976,68.2839,68.5181,569703
2017-11-10,68.5353,68.6977,68.2211,68.4096,204809
2017-11-13,68.9123,69.1846,68.4166,69.1636,709647
2017-11-14,69.2055,69.7136,68.6891,68.7942,538078
2017-11-15,68.5353,68.7516,68.2630,68.7372,103152
2017-11-16,68.6190,69.2893,68.3245,69.0380,209088
2017-11-17,69.2055,69.7990,69.0380,69.7920,103982
2017-11-20,69.8967,69.8967,69.4098,69.4171,1987
2017-11-21,69.4150,70.1900,69.4150,70.0460,9648
2017-11-22,70.2926,70.4623,69.7682,69.8025,19409
2017-11-23,69.3731,70.0015,69.2946,69.9596,3413
2017-11-24,69.9575,70.0643,69.6663,69.8681,105793
2017-11-27,69.6245,70.1272,69.6245,69.7501,101576
2017-11-28,69.9177,70.3157,69.8967,70.0539,2440
2017-11-29,69.8339,70.4413,69.7082,70.3062,22654
2017-11-30,70.3157,70.8393,70.2243,70.5377,46925
2017-12-01,70.8184,70.9440,70.2528,70.8155,7581
2017-12-04,70.3366,70.9702,70.2738,70.4914,4451
2017-12-05,69.9805,70.0224,69.2055,69.5826,4455
2017-12-06,68.8076,69.2265,68.7028,69.0441,4980
2017-12-07,69.2055,69.2893,68.5562,68.8582,4463
2017-12-08,69.0851,69.7941,69.0170,69.6433,2780
2017-12-11,69.7292,69.8130,69.4778,69.6733,7642
2017-12-12,69.5878,70.0224,69.3103,69.6659,4186
2017-12-13,69.6663,70.5880,69.6454,70.2451,11009
2017-12-14,70.1481,70.4204,69.9177,70.3366,3155
2017-12-15,70.3366,70.4152,70.0015,70.3314,5562
2017-12-18,70.4623,70.6299,70.1481,70.2447,6277
2017-12-19,70.6299,70.7136,70.2109,70.5712,3382
2017-12-20,69.9596,70.0983,68.6190,68.6609,9916
2017-12-21,68.4515,69.6035,68.2749,69.5427,4917
2017-12-22,69.1636,69.4569,68.9751,69.0170,897
2017-12-27,69.2076,69.5826,69.2055,69.4954,1400
2017-12-28,69.4150,69.5729,69.2453,69.2474,1714
2017-12-29,69.1217,69.2822,69.1008,69.2822,525
2018-01-02,69.0380,69.0425,68.9684,69.0380,109339
2018-01-03,69.6915,69.8339,69.0723,69.4369,165596
2018-01-04,69.8339,69.9596,69.4862,69.4862,67585
2018-01-05,69.7920,70.4455,69.7920,70.3299,288461
2018-01-08,70.4455,70.5117,70.4455,70.5117,11667
2018-01-09,70.8301,70.9658,70.7974,70.9658,204101
2018-01-10,70.9977,71.0488,70.3274,70.3274,6451
2018-01-11,70.4288,70.4288,69.7074,69.8750,210985
2018-01-12,69.9085,69.9085,69.8582,69.8766,1280
2018-01-15,70.1942,70.1942,70.0945,70.0945,14930
2018-01-16,70.5637,70.5637,70.0015,70.0015,99456
2018-01-17,70.0090,70.0275,69.7417,69.7417,19070
2018-01-18,69.9596,69.9596,69.2047,69.3899,373901
2018-01-19,69.8415,70.0442,69.6069,69.6069,5673
2018-01-22,69.8599,69.9261,69.3907,69.9261,36425
2018-01-23,69.7593,70.3199,69.7091,70.1774,142666
2018-01-24,71.0815,72.2888,71.0815,72.1723,301431
2018-01-25,72.6063,73.4115,72.5896,73.2448,213574
2018-01-26,73.4442,73.9561,73.4442,73.5464,325490
2018-01-29,73.1099,73.2104,72.6415,72.8912,88784
2018-01-30,72.7588,72.9758,71.7190,72.0709,956228
2018-01-31,71.7517,71.7517,70.5461,70.5461,1035279
2018-02-01,70.6960,71.0312,69.9093,70.3785,944375
2018-02-02,69.5323,69.7920,69.1050,69.2804,571813
2018-02-05,68.4347,68.7690,68.2328,68.3333,304891
2018-02-06,66.7021,68.2336,57.8720,68.2336,1805693
2018-02-07,66.6074,67.3799,66.2228,66.2228,1352279
2018-02-08,66.9593,67.3120,65.8215,67.1947,556015
2018-02-09,65.6355,65.7536,64.6468,65.4688,344319
2018-02-12,65.6866,66.0888,64.8488,64.8488,798650
2018-02-13,65.8140,66.0888,65.5693,66.0888,544693
2018-02-14,65.7955,66.4507,65.4017,65.4017,591074
2018-02-15,66.5999,66.8101,66.4742,66.4742,886826
2018-02-16,67.1788,67.6974,66.7088,66.7088,543343
2018-02-19,67.4461,67.6974,66.7917,67.6974,1055153
2018-02-20,66.9819,67.4126,66.7079,66.7590,127460
2018-02-21,66.9107,67.4126,66.6409,67.4126,472596
2018-02-22,66.8244,67.1947,66.6091,67.1947,528960
2018-02-23,66.4826,67.0104,66.3150,67.0104,77804
2018-02-26,66.6409,67.4461,66.5077,66.5077,1006714
2018-02-27,67.3292,67.6487,66.7414,67.4461,864395
2018-02-28,66.6912,66.9593,66.3234,66.8931,760294
2018-03-01,65.9924,66.3234,65.5609,66.3234,403552
2018-03-02,65.3004,65.7201,64.6309,65.7201,204853
2018-03-05,64.7013,66.0301,64.7013,64.7315,581206
2018-03-06,64.5312,66.0217,64.0612,66.0217,606611
2018-03-07,64.1517,64.7809,64.0118,64.0612,4280350
2018-03-08,64.7382,65.4847,64.5069,64.5136,3912467
2018-03-09,65.4855,65.7210,65.3188,65.4855,556225
2018-03-12,66.0226,66.0226,65.6531,65.6531,350256
2018-03-13,65.9933,65.9933,65.0993,65.9044,3184256
2018-03-14,65.4847,65.6028,65.1001,65.1001,1579186
2018-03-15,65.4436,65.5366,65.0163,65.2174,3169580
2018-03-16,65.4177,65.7000,65.1496,65.3850,1357754
2018-03-19,64.9577,65.3766,64.5522,65.3515,115304
2018-03-20,64.8479,64.9661,64.0930,64.8153,90514
2018-03-21,64.9652,65.1831,64.6477,64.9661,935045
2018-03-22,64.5639,64.9326,63.9942,64.9326,226543
2018-03-23,63.6582,63.9942,62.9561,63.9942,126248
2018-03-26,63.4923,63.9674,62.2171,63.0725,141728
2018-03-27,63.5292,63.8593,62.3352,62.3352,900503
2018-03-28,63.4404,65.2668,63.2150,63.6255,252097
2018-03-29,65.3850,65.3850,64.5304,65.3180,93772
2018-04-03,64.4793,64.7315,63.9950,64.7315,133451
2018-04-04,64.3787,64.5296,64.0788,64.2790,418609
2018-04-05,65.3917,65.6690,64.3125,64.3125,232484
2018-04-06,65.5567,65.8207,65.0658,65.8207,328902
2018-04-09,65.2333,65.4847,64.7474,65.0834,71071
2018-04-10,65.6866,66.0561,64.9996,64.9996,1107549
2018-04-11,65.4185,65.8877,65.0314,65.8877,146999
2018-04-12,65.1462,66.0703,64.9309,65.1839,144636
2018-04-13,65.7536,65.9547,65.1320,65.9547,186279
2018-04-16,65.7184,65.7352,64.8571,65.5023,109751
2018-04-17,65.2501,66.2228,65.1177,65.2007,612014
2018-04-18,66.6350,67.0096,64.8488,66.2228,292468
2018-04-19,65.1881,66.0217,64.3285,66.0217,406191
2018-04-20,64.6142,64.7482,63.6222,64.7482,228008
2018-04-23,63.1278,63.7512,63.1278,63.7428,157840
2018-04-24,63.8090,63.8442,63.2225,63.7093,2915590
2018-04-25,63.0047,63.4747,62.4341,63.4747,872057
2018-04-26,62.9586,63.8920,62.9586,63.0390,1211246
2018-04-27,63.7604,64.0277,63.6750,63.7596,125454
2018-04-30,63.8735,64.3955,63.8702,64.0277,46532
2018-05-02,63.9439,64.3662,63.8601,64.2623,1037395
2018-05-03,63.8098,64.2438,63.6071,64.0109,116355
2018-05-04,64.3075,64.3544,63.6925,63.6925,148239
2018-05-08,64.9820,65.1806,64.9225,65.0163,188414
2018-05-09,64.9309,65.1169,64.4550,65.1169,333885
2018-05-10,65.1001,65.1001,65.1001,65.1001,231
2018-05-11,64.8535,65.1001,64.5469,65.1001,96830
2018-05-14,65.3171,65.6146,64.9828,64.9828,369105
2018-05-15,65.4528,65.6615,65.2174,65.5358,77338
2018-05-16,65.2685,65.3682,65.1177,65.3347,165573
2018-05-17,65.0666,65.1671,64.4365,65.1671,217057
2018-05-18,64.7491,65.0498,64.3779,65.0498,201116
2018-05-21,64.5136,64.5136,64.5136,64.5136,1384898
2018-05-22,64.4625,64.5136,63.9774,64.5136,1365601
2018-05-23,64.0545,64.0780,63.7177,63.8098,369504
2018-05-24,63.6607,64.1274,63.2736,63.3973,165268
2018-05-25,63.8593,64.3209,63.3825,63.8434,234834
2018-05-29,62.9008,62.9008,62.5355,62.5631,269509
2018-05-30,62.7533,62.8539,62.4358,62.5364,157026
2018-05-31,62.6360,62.8380,61.1288,61.9499,289279
2018-06-01,61.6826,62.6050,61.1288,62.4232,268731
2018-06-04,62.5866,62.8539,62.4190,62.5858,106446
2018-06-05,62.6528,62.6528,62.0655,62.1566,1121054
2018-06-06,62.0831,62.3185,61.6306,61.9544,163950
2018-06-07,62.2112,62.4693,62.1007,62.2180,302967
2018-06-08,61.7478,62.0336,61.6650,61.8495,73329
2018-06-11,62.2506,62.4190,61.9825,62.2428,1253410
2018-06-12,62.3822,62.5266,62.0102,62.4182,1496617
2018-06-13,62.8044,62.8044,62.3352,62.6034,556226
2018-06-14,62.2180,63.4864,62.1710,63.0678,66079
2018-06-15,63.4998,63.7889,63.3407,63.4735,811640
2018-06-18,62.8832,62.8865,61.4974,61.7920,537591
2018-06-19,61.3215,61.6305,61.0282,61.3097,110903
2018-06-20,61.6807,62.4274,61.3969,61.8325,361897
2018-06-21,62.4525,62.7374,61.5678,61.8102,104875
2018-06-22,61.7446,62.5321,61.7446,62.3832,1941609
2018-06-25,62.1007,62.1007,61.2796,61.5381,267746
2018-06-26,61.5822,61.6734,60.9612,61.1878,140789
2018-06-27,60.8506,61.3081,60.3831,60.9752,216065
2018-06-28,60.8020,61.0659,60.2933,60.6596,92451
2018-06-29,62.4190,63.2736,62.3363,63.0252,228340
2018-07-02,62.7374,62.7374,61.7605,61.9184,227372
2018-07-03,62.1342,62.8798,62.0588,62.6851,92096
2018-07-04,62.7458,64.1584,62.7458,63.9519,713456
2018-07-05,63.8727,64.3963,63.7093,63.9310,205507
2018-07-06,63.8903,64.0076,63.7663,63.9457,131487
2018-07-09,64.1869,64.3712,64.0780,64.2738,141225
2018-07-10,64.1349,64.6343,64.1349,64.3813,175588
2018-07-11,63.8308,63.8434,63.5585,63.5585,125260
2018-07-12,63.9271,66.2406,63.9271,65.8067,638128
2018-07-13,66.1893,66.4306,65.7017,66.2413,276880
2018-07-16,66.0720,66.2547,65.8140,65.9882,1057444
2018-07-17,65.5609,65.8106,65.1722,65.5190,387056
2018-07-18,67.2953,67.5969,66.6920,67.4457,459630
2018-07-19,67.9320,68.2420,67.7142,67.8315,704961
2018-07-20,68.4180,68.8168,68.2001,68.7179,457279
2018-07-23,68.4473,68.8469,68.2152,68.7028,182363
2018-07-24,68.5353,69.0698,68.4263,68.8369,161374
2018-07-25,68.5311,68.7330,68.3174,68.4599,248526
2018-07-26,68.6693,69.6747,68.5772,69.6747,254236
2018-07-27,69.4317,69.7082,69.1393,69.7082,245432
2018-07-30,69.4401,69.8892,69.4401,69.5909,286143
2018-07-31,69.3781,69.9897,69.2055,69.7417,100966
2018-08-02,69.3899,69.9889,69.3899,69.7669,290197
2018-08-03,69.4066,69.4066,69.0045,69.1708,1018804
2018-08-06,69.4276,69.6781,69.1217,69.5239,506749
2018-08-07,69.5407,69.8934,69.5239,69.6265,235103
2018-08-08,69.3857,69.4937,69.0547,69.4234,201340
2018-08-09,69.2055,69.2055,68.9869,69.1553,36338
2018-08-10,69.0715,69.0715,68.5017,68.5017,1577110
2018-08-13,68.0661,68.6944,67.8134,68.4056,437461
2018-08-14,68.7699,68.9047,68.0326,68.2856,266810
2018-08-15,68.0326,68.4188,67.5583,67.7477,283141
2018-08-16,67.7812,68.5185,67.7812,68.4682,251673
2018-08-17,68.8788,69.1636,68.7322,69.1050,120185
2018-08-20,69.1235,69.4904,69.1235,69.4242,157074
2018-08-21,69.2525,69.8590,69.2525,69.6412,188898
2018-08-22,69.1393,69.3890,69.1393,69.1636,334848
2018-08-23,69.4904,69.7417,69.0380,69.0380,135960
2018-08-24,68.8788,69.1888,68.5101,68.9207,79232
2018-08-28,68.7363,68.9542,68.4180,68.6358,135503
2018-08-29,67.9572,68.2001,67.7812,68.2001,170541
2018-08-30,67.7309,68.1507,67.7309,68.1163,621310
2018-08-31,67.6220,68.0426,67.3455,67.3455,261446
2018-09-03,67.2115,67.8315,67.2115,67.7712,269453
2018-09-04,68.1247,68.1247,67.1277,67.4662,181590
2018-09-05,67.1771,67.1771,66.5613,66.7414,1028285
2018-09-06,66.6761,66.6761,65.9212,65.9212,180208
2018-09-07,65.8542,66.2731,65.8542,66.2731,176042
2018-09-10,66.5831,67.5500,66.4407,67.0607,228438
2018-09-11,68.2588,68.6190,67.9823,68.4012,455032
2018-09-12,68.6777,69.2215,68.6609,68.8201,512957
2018-09-13,68.9846,68.9846,68.6190,68.8034,318347
2018-09-14,68.7196,69.0463,68.7196,68.9709,117508
2018-09-17,68.8369,68.8369,68.3174,68.5688,305989
2018-09-18,68.5688,68.5688,67.6631,68.2504,717995
2018-09-19,68.3090,68.5855,68.1993,68.4850,477015
2018-09-20,68.4180,68.7355,68.1633,68.6526,550962
2018-09-21,68.9899,68.9899,61.0646,68.6023,2547596
2018-09-24,67.0271,68.7196,67.0271,68.5353,268255
2018-09-25,69.1553,69.7920,68.8285,69.6797,214458
2018-09-26,69.3899,70.1849,69.3899,70.0601,463585
2018-09-27,70.0434,70.7167,69.5098,70.7167,71277
2018-09-28,70.5561,71.1820,70.5561,70.7136,739809
2018-10-01,70.8309,71.3839,70.8309,71.2163,371308
2018-10-02,70.7974,71.1828,70.6583,71.1828,253060
2018-10-03,71.5347,72.7077,71.3923,72.3893,491960
2018-10-04,71.9285,72.1673,71.3504,71.4007,492036
2018-10-05,71.0488,71.6185,71.0488,71.0488,332348
2018-10-08,70.6969,70.6969,70.1615,70.4835,318616
2018-10-09,70.4623,70.6114,69.9596,70.5042,1106570
2018-10-10,70.8125,71.6688,70.8125,70.8645,362363
2018-10-11,69.6161,70.3199,68.0426,68.1582,440850
2018-10-12,69.5490,69.6747,68.7028,69.2055,556239
2018-10-15,68.4867,71.1326,68.4867,69.0882,229219
2018-10-16,69.4234,70.5126,69.0698,70.5126,950003
2018-10-17,71.2247,71.7358,70.4790,70.4790,692760
2018-10-18,70.3735,72.2553,70.3735,71.9536,932480
2018-10-19,71.9955,73.1266,71.7861,72.9255,3465697
2018-10-22,72.9423,72.9423,72.2050,72.5066,918843
2018-10-23,71.9034,72.6155,71.9034,72.2435,179110
2018-10-24,72.9004,73.6293,72.2385,72.2385,350249
2018-10-25,71.4509,71.4509,70.1096,71.4333,916443
2018-10-26,71.4677,71.5515,70.5997,71.1158,275708
2018-10-29,71.6554,73.0596,71.6554,72.4899,1051259
2018-10-30,72.4981,73.0428,72.4981,72.9336,275993
2018-10-31,73.0763,73.9309,72.5921,73.8379,791831
2018-11-01,73.9393,74.1991,73.4199,73.7634,71098
2018-11-02,73.9142,73.9142,72.9758,73.4024,487337
2018-11-05,73.4282,74.2326,73.4282,74.0985,1453407
2018-11-06,74.3080,74.5677,73.8639,73.9645,185778
2018-11-07,73.8304,74.5533,73.8304,74.2828,665110
2018-11-08,74.4420,75.1358,74.4420,75.0275,248814
2018-11-09,74.8358,75.1709,74.5518,75.1709,743861
2018-11-12,75.2464,75.2715,74.6347,74.7194,718676
2018-11-13,75.0118,75.3050,74.5836,74.9531,281554
2018-11-14,74.6096,74.8526,73.6126,73.6126,214886
2018-11-15,73.6545,73.8974,72.7496,73.3109,546013
2018-11-16,73.8136,74.0650,72.7680,73.3537,3928881
2018-11-19,73.8136,74.7855,73.1501,73.2112,321333
2018-11-20,73.2272,74.0097,73.2272,73.7290,719908
2018-11-21,73.0261,73.9645,73.0261,73.7747,417792
2018-11-22,73.9311,73.9311,73.3277,73.3277,223634
2018-11-23,72.9758,73.8472,72.9758,73.8145,80062
2018-11-26,73.7797,74.4236,73.7797,74.1488,343781
2018-11-27,73.9728,74.0985,73.3109,73.8639,2317405
2018-11-28,74.2745,74.3666,73.6637,73.8974,399111
2018-11-29,74.3247,75.7072,74.2828,75.7072,187734
2018-11-30,75.6150,76.5785,75.6150,76.2099,437227
2018-12-03,76.2970,77.6811,76.2970,76.5115,761192
2018-12-04,76.2853,76.9639,76.1914,76.9472,150166
2018-12-05,76.5626,76.5626,75.8412,75.8580,1282917
2018-12-06,75.1709,75.1709,73.1936,73.1936,378119
2018-12-07,74.3834,74.3834,72.0542,74.0696,1402361
2018-12-10,71.4677,72.7580,71.1493,71.1493,307038
2018-12-11,71.8950,72.9926,71.8028,72.8250,370732
2018-12-12,72.8585,73.8354,72.8585,73.7634,224107
2018-12-13,73.7299,73.8371,73.2858,73.4184,690011
2018-12-14,72.8585,73.2615,72.5569,72.9088,585523
2018-12-17,72.9674,72.9875,71.7685,71.8699,659169
2018-12-18,71.5180,71.7090,70.8477,70.9315,1906215
2018-12-19,71.2247,71.7542,70.8812,70.8812,726893
2018-12-20,70.3785,70.8058,70.2713,70.5461,2681855
2018-12-21,69.9763,69.9763,69.1900,69.7409,1887471
2018-12-27,69.7920,70.2989,68.0007,68.2169,168477
2018-12-28,69.2491,70.4296,69.2491,70.4120,165733
2019-01-03,69.0547,70.6634,68.7782,70.4056,795048
2019-01-04,69.7585,71.2331,69.7082,71.0655,249307
2019-01-07,70.3785,70.3785,69.0380,69.4728,463750
2019-01-08,69.9261,71.1158,69.9261,70.9482,543307
2019-01-09,70.8896,71.3839,70.8226,70.9650,1221664
2019-01-10,70.9147,72.4228,70.9147,72.3223,435898
2019-01-11,73.0763,73.1434,72.4061,72.7245,363334
2019-01-14,71.4627,72.1212,71.4627,71.6018,1220371
2019-01-15,72.0207,73.0428,72.0207,72.9088,1489778
2019-01-16,72.6323,73.2439,72.6239,73.0702,1200149
2019-01-17,73.1266,73.8555,72.9272,73.8053,1196936
2019-01-18,74.2912,74.4336,73.9142,74.1823,463180
2019-01-21,73.7759,74.2242,73.7759,73.8639,527789
2019-01-22,73.8136,74.3172,73.7307,74.1320,897337
2019-01-23,73.6377,74.2661,73.4785,73.7592,314155
2019-01-24,73.3947,73.5288,72.1882,72.4061,1506142
2019-01-25,72.0542,72.7077,71.6353,71.7358,523025
2019-01-28,71.2247,71.3755,70.6047,70.8561,587253
2019-01-29,72.0542,72.1799,70.8762,71.9955,296986
2019-01-30,70.4288,71.7442,69.8590,71.7020,1955116
2019-01-31,71.8363,72.5736,71.8363,72.4731,1125857
2019-02-01,73.1099,73.2104,72.3013,73.2104,199593
2019-02-04,73.3026,73.9812,72.7915,73.8136,1990273
2019-02-05,73.6628,74.7688,73.6628,74.7688,1675575
2019-02-06,74.5761,74.9866,74.1739,74.8308,676598
2019-02-07,74.6264,75.0687,74.0650,74.0650,1143918
2019-02-08,73.9477,74.3331,73.9477,74.1153,805319
2019-02-11,74.5761,74.6850,73.9971,74.3331,206834
2019-02-12,74.9782,75.1374,74.4487,74.8615,2084632
2019-02-13,74.9782,75.1207,74.4236,75.0537,852490
2019-02-14,75.3218,75.3218,74.5677,74.6515,751452
2019-02-15,74.5174,75.4893,74.5174,75.4726,973382
2019-02-18,75.4893,75.7909,75.1542,75.6664,275868
2019-02-19,75.5396,75.7038,75.2221,75.4391,546337
2019-02-20,75.5564,76.1596,75.4189,75.9753,435855
2019-02-21,76.1428,76.4604,75.6837,76.2937,219126
2019-02-22,75.8245,76.1596,75.2882,76.1261,252963
2019-02-25,76.2518,76.4512,75.5723,76.4110,404388
2019-02-26,76.2434,76.8969,76.2434,76.7126,1524629
2019-02-27,76.4445,76.8634,76.3590,76.5785,2509395
2019-02-28,76.0767,76.7126,76.0767,76.3439,940105
2019-03-01,75.9418,76.3942,75.9418,76.3607,829337
2019-03-04,74.2401,74.8274,74.2401,74.6347,718200
2019-03-05,75.4055,75.5061,74.4839,75.4558,2190562
2019-03-06,75.4055,75.7608,74.7485,75.4558,6404623
2019-03-07,76.2518,76.3272,75.4391,75.7574,835576
2019-03-08,75.5815,76.0255,75.0955,75.3385,2977151
2019-03-11,75.5815,76.2434,75.3720,76.1428,682505
2019-03-12,76.0021,76.2434,76.0021,76.2266,1592320
2019-03-13,76.2518,76.6455,76.0591,76.6288,3489578
2019-03-14,76.8634,77.5504,76.8265,77.5337,5330206
2019-03-15,78.0447,78.5893,77.4499,78.5893,2642420
2019-03-18,78.2710,78.2710,77.8520,77.9861,109626
2019-03-19,78.2626,78.7663,78.0196,78.0196,719371
2019-03-20,77.5169,78.1704,77.5169,77.8185,1293497
2019-03-21,77.5001,78.0531,77.4013,78.0531,220717
2019-03-22,78.3296,78.5826,77.6677,77.8671,1658201
2019-03-25,77.4247,77.9191,77.4247,77.5169,1012358
2019-03-26,77.5504,79.0585,77.5504,79.0250,1101866
2019-03-27,79.1758,79.6132,78.2425,79.1088,2282915
2019-03-28,79.1105,79.8964,79.1105,79.8964,145927
2019-03-29,79.7623,80.3488,79.5947,80.2985,255554
2019-04-01,80.3622,80.5465,80.0019,80.1477,223193
2019-04-02,79.9634,79.9885,79.2764,79.4774,631879
2019-04-03,79.3384,79.3384,78.6329,79.0920,266146
2019-04-04,78.8708,79.0501,78.5474,78.6564,173238
2019-04-05,79.0032,79.1725,78.4603,79.0669,276512
2019-04-08,78.6798,79.8628,78.6798,79.4439,611977
2019-04-09,80.3064,81.3490,80.1169,80.3822,306494
2019-04-10,79.1274,79.4060,77.7474,78.1075,369525
2019-04-11,77.8801,78.7900,77.7000,77.9843,329902
2019-04-12,78.1530,78.1530,75.8992,76.7712,270642
2019-04-15,76.6517,77.3446,76.6309,76.8280,2099284
2019-04-16,77.1977,77.3645,76.7058,76.7617,753815
2019-04-17,75.8328,75.9181,74.6718,74.8187,2299577
2019-04-18,74.1875,74.4225,73.0084,73.8520,566949
2019-04-23,73.1525,74.2586,73.0084,73.8520,541190
2019-04-24,75.6243,76.0129,75.2831,75.6528,1109538
2019-04-25,76.4394,77.7000,76.1930,77.3777,465633
2019-04-26,78.3255,78.4033,77.8753,78.2781,325013
2019-04-29,78.3445,78.5530,78.1606,78.4582,338515
2019-04-30,78.5663,79.2402,78.0318,78.8658,221466
2019-05-02,79.1918,79.4515,78.9700,79.1141,483943
2019-05-03,79.1748,79.8979,78.9700,79.3207,160890
2019-05-07,79.5103,79.9557,78.5814,78.6193,319162
2019-05-08,78.2995,79.1596,77.8820,79.1596,223826
2019-05-09,78.7767,78.9985,77.5616,77.6052,628552
2019-05-10,78.0128,78.7729,77.7948,77.8516,363907
2019-05-13,77.9123,77.9502,76.3257,76.5247,822723
2019-05-14,77.1597,77.4630,76.8375,77.2261,206172
2019-05-15,77.2583,77.9843,76.9626,77.9843,223552
2019-05-16,78.0886,79.4629,77.9749,79.4629,96457
2019-05-17,79.2904,79.9178,79.2259,79.4389,250984
2019-05-20,79.4439,79.6240,78.5208,78.6288,425818
2019-05-21,78.8961,79.5254,78.7805,79.2449,151830
2019-05-22,79.1075,79.7851,78.9653,79.7851,46832
2019-05-23,79.9140,80.7424,79.9140,80.2780,69813
2019-05-24,80.6135,82.6949,80.4600,82.6949,202507
2019-05-28,84.0009,84.1450,83.6758,83.8417,299077
2019-05-29,82.7517,83.1214,82.3821,82.3821,255639
2019-05-31,81.8551,82.1925,81.2068,81.6049,92550
2019-06-03,81.0647,82.9034,81.0495,82.9034,103449
2019-06-04,82.8086,82.9527,82.1641,82.3821,184056
2019-06-05,81.8722,82.6854,81.7945,82.6854,301966
2019-06-06,82.7754,83.6711,82.7754,82.8522,108990
2019-06-07,82.7802,82.9204,82.1380,82.7422,206295
2019-06-11,82.5508,83.6616,82.5091,83.1498,565519
2019-06-12,82.7328,83.9118,82.7328,83.8417,131877
2019-06-13,84.2303,85.0549,84.2303,84.3345,239708
2019-06-14,84.2113,85.1117,83.8739,84.7421,155274
2019-06-17,84.6862,85.1439,84.3061,85.1326,157787
2019-06-18,84.9411,86.9031,84.9411,86.6566,196412
2019-06-19,86.2491,86.4102,85.7297,86.0595,266165
2019-06-20,86.3401,87.0168,86.1543,86.3439,1596762
2019-06-21,86.0861,86.3240,85.4150,85.8700,2001264
2019-06-24,85.7894,86.1235,85.2728,85.3202,148600
2019-06-25,85.3392,86.5524,85.3392,86.4292,472385
2019-06-26,85.1629,85.3127,84.3724,84.3724,273529
2019-06-27,84.3137,84.7990,84.2777,84.5525,148258
2019-06-28,84.1734,84.7250,83.9459,84.4957,123362
2019-07-01,85.3525,85.8700,85.1022,85.5572,192415
2019-07-02,85.5306,86.7230,85.5306,86.1009,220996
2019-07-03,86.3912,86.9694,86.1827,86.6187,1595520
2019-07-04,86.4566,86.4566,85.9932,85.9932,44503
2019-07-05,86.1069,86.1429,85.0857,85.3733,167235
2019-07-08,84.7591,85.4624,84.7591,85.2065,143671
2019-07-09,85.5288,86.1979,85.4036,86.0595,196585
2019-07-10,85.2075,86.2642,85.1875,85.4055,474248
2019-07-11,86.2055,86.6377,84.6663,85.5292,591695
2019-07-12,84.5734,84.5881,82.5906,82.5906,375012
2019-07-15,82.5337,83.4057,82.4769,82.6664,664384
2019-07-16,83.2749,83.6426,83.1754,83.4341,1046725
2019-07-17,83.7640,85.3600,83.4341,84.9885,517307
2019-07-18,86.0121,89.3123,85.8396,87.2916,360346
2019-07-19,88.1200,88.5750,87.5665,87.8603,786736
2019-07-22,87.3864,88.0101,87.0547,87.3656,611034
2019-07-23,87.2480,88.2205,87.2480,87.9835,488386
2019-07-24,86.9770,87.0917,86.4386,86.8178,640256
2019-07-25,87.0642,87.6660,86.3581,87.6234,563883
2019-07-26,86.4386,87.8035,86.4386,87.6689,915902
2019-07-29,86.1638,87.6234,85.9742,86.7514,953828
2019-07-30,86.4765,86.8178,85.7207,86.4765,1714735
2019-07-31,85.7941,86.7822,85.1188,86.6282,102242
2019-08-02,86.1069,86.9542,85.3866,85.6425,472859
2019-08-05,85.2539,85.2539,83.9554,84.3156,250149
2019-08-06,83.6881,84.9146,83.6426,83.6426,727232
2019-08-07,82.4674,83.9744,80.8182,82.5970,969329
2019-08-08,82.5243,84.3535,82.2759,83.2305,469776
2019-08-09,84.1582,84.4691,83.7279,84.0298,480387
2019-08-12,84.4862,84.5620,83.6389,84.3156,217372
2019-08-13,83.6559,84.3724,82.8010,84.1639,161038
2019-08-14,84.3118,84.7800,82.6854,83.0266,454492
2019-08-15,82.9072,83.2048,81.4627,81.8603,108840
2019-08-16,82.6190,83.1214,82.5716,82.9508,442030
2019-08-19,83.3356,83.9232,83.2256,83.5953,245555
2019-08-20,83.6332,84.0028,83.1214,84.0028,289780
2019-08-21,83.1270,84.1829,83.0816,83.7076,349533
2019-08-22,84.2587,84.4293,82.9602,83.2294,149415
2019-08-23,83.2389,84.0398,82.7233,82.7802,204289
2019-08-27,81.9404,83.6047,81.9366,82.4105,475853
2019-08-28,83.3109,83.3251,82.2920,82.8370,610943
2019-08-29,82.8143,83.6730,82.8143,82.8370,189694
2019-08-30,84.1829,85.2160,84.0881,84.3630,229288
2019-09-02,84.3535,84.6175,83.8114,84.1260,137099
2019-09-03,83.5365,83.7706,83.2446,83.4753,261128
2019-09-04,84.3668,84.5241,83.2161,83.2825,218154
2019-09-05,83.3251,83.9270,82.5811,83.4057,211530
2019-09-06,83.9365,84.3326,83.4019,84.1905,414710
2019-09-09,84.5999,84.7137,83.4815,83.9175,978849
2019-09-10,83.8654,83.9175,81.8703,82.6001,714638
2019-09-11,83.0740,83.5289,82.8275,83.2920,409406
2019-09-12,83.3488,84.3867,82.9147,82.9602,541206
2019-09-13,83.7019,83.7019,81.5670,82.4579,917510
2019-09-16,81.5196,83.3394,81.2447,81.3679,933706
2019-09-17,81.3016,82.3257,81.2258,82.0314,765840
2019-09-18,81.5101,81.7054,81.1689,81.3016,909964
2019-09-19,81.5859,81.8646,80.5955,81.3585,423604
2019-09-20,82.1034,82.8749,81.7565,81.7565,2933667
2019-09-23,82.0977,82.1830,80.8632,80.9983,2320170
2019-09-24,81.5101,81.7945,81.1310,81.5765,1424031
2019-09-25,80.8106,81.0836,79.8411,80.4960,781816
2019-09-26,80.5718,82.2172,80.5623,81.9634,870471
2019-09-27,82.1736,82.2683,81.6077,82.2683,438390
2019-11-25,85.1022,86.0026,84.9316,85.9458,550905
2019-11-26,86.1069,87.1210,86.1069,86.7230,502806
2019-11-27,86.9125,87.4149,86.7609,87.1779,634624
2019-11-28,87.1779,87.6044,86.0974,87.5191,167199
2019-11-29,87.2537,87.5570,87.2111,87.5570,793160
2019-12-02,87.4622,87.8414,85.5856,87.7542,380252
2019-12-03,85.9647,86.0974,84.5715,84.7800,795861
2019-12-04,84.9980,85.5288,84.7800,84.9316,346463
2019-12-05,85.8320,86.7268,85.4529,85.7183,574895
2019-12-06,86.0216,86.7410,85.7088,86.3750,387255
2019-12-09,86.4462,86.6282,86.0595,86.4197,83701
2019-12-10,86.5050,86.6614,85.6425,86.3439,1237590
2019-12-11,86.6661,86.7040,85.8510,86.5524,697583
2019-12-12,86.4197,86.9789,86.0500,86.5050,447522
2019-12-13,86.7609,86.7609,86.3249,86.4481,1278809
2019-12-16,86.3818,86.9884,85.7752,86.4481,316755
2019-12-17,86.4386,87.3296,86.2112,87.0737,5177373
2019-12-18,87.1874,88.1248,86.7988,88.0688,4595225
2019-12-19,87.0073,87.6518,86.5855,86.7988,1207041
2019-12-20,87.8603,88.2470,87.5665,87.8319,543800
2019-12-23,87.8935,88.5806,87.7750,87.7750,334362
2019-12-27,88.4574,88.4859,88.0309,88.2489,315408
2019-12-30,87.9930,88.1731,87.1286,87.2253,195699
2020-01-03,86.7704,87.4812,86.2301,87.4622,1773363
2020-01-06,86.8746,87.3106,86.3325,86.4671,1028207
2020-01-07,87.7039,88.0499,87.3485,87.5191,268761
2020-01-08,86.7609,87.3296,86.6945,87.0199,271933
2020-01-09,87.6423,88.3627,87.4243,87.5002,212188
2020-01-10,87.5949,87.9361,86.7704,87.8793,2845171
2020-01-13,86.7798,87.2727,86.1259,86.2965,2246851
2020-01-14,86.3059,86.6092,85.5667,85.5856,2890846
2020-01-15,86.5571,86.9779,86.2870,86.8841,260551
2020-01-16,86.9125,87.0642,86.5050,86.8462,697293
2020-01-17,87.0357,88.0214,87.0357,87.1021,316131
2020-01-20,87.9598,88.2394,87.8793,87.8793,241658
2020-01-21,87.6992,88.1911,87.6802,87.8793,760025
2020-01-22,87.9077,88.5712,87.2443,87.3390,3364902
2020-01-23,87.2158,87.9741,86.8936,86.9828,705049
2020-01-24,87.5096,87.7371,86.7704,87.6234,354865
2020-01-27,86.0500,86.1922,85.3297,85.4150,354635
2020-01-28,86.6945,87.8186,86.2671,86.6187,1184463
2020-01-29,88.0233,89.2867,87.9930,88.9124,590562
2020-01-30,88.1494,88.3816,87.2063,87.4433,552887
2020-01-31,88.0688,88.0688,86.4102,87.2727,913233
2020-02-03,86.7798,86.8272,85.8889,86.6756,4084808
2020-02-04,86.9106,87.3485,86.3439,86.5713,2337887
2020-02-05,86.8746,89.2536,86.8746,88.7228,5326531
2020-02-06,89.0830,89.3578,88.7749,89.2033,199322
2020-02-07,89.4858,89.6280,88.7892,89.4147,514582
2020-02-10,88.8176,89.7275,88.6920,88.8839,314654
2020-02-11,90.0213,90.8506,89.2441,90.6943,373367
2020-02-12,90.7866,91.0639,90.4952,90.6753,2963840
2020-02-13,91.0828,91.1705,90.6279,90.8174,242231
2020-02-14,90.7416,91.2724,90.4194,91.0449,329581
2020-02-17,90.5236,90.8838,90.4696,90.6089,497081
2020-02-18,89.9170,90.7037,89.8223,90.3246,3140403
2020-02-19,90.8506,91.3103,90.6184,90.8174,4968720
2020-02-20,90.6587,90.8080,89.6232,90.6279,9382757
2020-02-21,89.0498,90.5141,89.0261,89.3768,16115880
2020-02-24,87.9835,88.1447,85.9268,88.1447,806559
2020-02-25,84.7857,85.3202,82.0977,82.2494,1592875
2020-02-26,82.1262,82.8181,80.3254,82.1451,2081929
2020-02-27,80.3917,81.3585,79.5387,81.1310,8170506
2020-02-28,78.6099,78.6288,76.2499,77.8403,1085286
2020-03-02,78.2592,78.8753,76.5911,77.8516,2567288
2020-03-03,76.5816,78.4563,76.5816,76.8375,649129
2020-03-04,76.8659,79.0459,76.8185,78.1928,1271664
2020-03-05,79.1975,79.2733,76.7854,77.3065,840960
2020-03-06,76.1740,76.4489,74.3259,75.1315,1484568
2020-03-09,70.9304,74.5533,70.9304,72.8152,521487
2020-03-10,73.4444,76.6636,73.0653,73.2643,1540551
2020-03-11,74.0605,74.9798,73.3022,73.5013,1426250
2020-03-12,70.6295,70.6674,65.5398,65.6346,4408102
2020-03-13,70.0418,73.3667,66.2601,67.2458,5661002
2020-03-16,65.3029,68.2126,62.0614,66.5255,5076044
2020-03-17,70.3451,70.3973,64.1276,70.0797,2596381
2020-03-18,68.0041,69.2267,65.9474,67.0136,2858505
2020-03-19,70.1366,71.7479,67.3406,71.7479,830252
2020-03-20,75.4916,75.5011,69.8381,70.1366,17201529
2020-03-23,67.0184,70.7527,66.3360,67.0184,1497249
2020-03-24,68.8855,68.9708,66.3644,68.7813,3437166
2020-03-25,70.1082,72.2123,68.2221,69.7985,702907
2020-03-26,70.0229,72.9042,69.6911,72.1270,1083744
2020-03-27,72.1933,72.1933,70.1650,71.8047,1421181
2020-03-30,73.3401,74.1079,71.4161,73.7382,348791
2020-03-31,75.2831,75.6812,73.1885,74.7182,247984
2020-04-01,74.4301,75.5295,73.8330,74.5249,562081
2020-04-02,75.6054,76.7143,74.5628,76.5626,1578752
2020-04-03,76.9607,78.1928,76.9607,76.9607,1225852
2020-04-06,79.7757,80.0884,78.5056,78.9511,3060326
2020-04-07,80.3443,80.3728,77.8706,78.4772,836021
2020-04-08,78.0602,78.4298,77.3114,77.9275,431113
2020-04-09,78.4393,78.4961,77.0934,77.6147,184468
2020-04-14,78.0791,79.3965,77.8327,78.4383,1679953
2020-04-15,78.5246,79.2259,77.5010,78.3350,2417645
2020-04-16,79.0648,80.4486,78.8089,79.4250,1231435
2020-04-17,82.0504,82.7612,80.8846,81.4153,6255480
2020-04-20,81.9840,83.1214,81.6618,82.6854,306948
2020-04-21,83.0740,83.1972,81.3395,81.3395,134563
2020-04-22,81.6902,82.3157,81.5859,82.0314,372179
2020-04-23,81.6239,83.1688,80.8656,81.9461,445717
2020-04-24,80.7424,81.7565,80.6855,81.4817,800495
2020-04-27,83.0929,83.5858,82.8370,83.1414,2376245
2020-04-28,84.3535,84.6094,80.9983,81.9877,211264
2020-04-29,81.2732,81.8987,80.0031,80.6192,294504
2020-04-30,79.7851,79.8610,77.9654,79.4155,552556
2020-05-04,76.3636,77.3588,75.9984,76.6479,523902
2020-05-05,77.2451,78.3824,76.8375,78.1360,254439
2020-05-06,78.3350,79.2638,77.9749,79.1406,186462
2020-05-07,79.6619,79.7567,77.8706,78.6667,483676
2020-05-11,78.3729,79.9226,77.9275,79.9226,383745
2020-05-12,79.5198,80.1074,79.0269,79.4439,290321
2020-05-13,78.7994,79.1122,78.2781,78.8089,781764
2020-05-14,78.0602,78.6383,76.3636,76.7712,305396
2020-05-15,77.7758,78.3350,76.9228,77.7758,1084638
2020-05-18,77.8706,78.5056,77.6242,78.2402,577871
2020-05-19,78.4108,78.7615,77.7379,78.4677,198075
2020-05-20,78.7236,79.1122,78.1075,78.6288,171084
2020-05-22,77.8042,78.0507,77.0365,77.8895,343455
2020-05-26,79.0459,79.3112,77.5294,78.2308,391753
2020-05-27,78.2213,78.2213,76.5437,76.9418,363585
2020-05-28,77.1313,79.9178,76.7712,79.0269,496071
2020-05-29,79.5482,79.8799,78.4203,79.1665,603780
2020-06-02,78.8563,79.4534,77.9654,78.8563,234162
2020-06-03,78.4487,78.7141,77.7948,78.1739,436242
2020-06-04,78.1644,79.4345,77.1029,77.1218,251755
2020-06-05,77.3967,79.0079,77.2356,78.6573,124525
2020-06-08,78.2497,78.3587,77.2640,78.1549,121899
2020-06-09,77.8990,80.3822,77.8990,79.7472,358206
2020-06-10,79.3776,79.8610,78.8942,79.5292,651267
2020-06-11,78.7710,78.8847,76.8849,76.8849,286269
2020-06-12,76.5048,76.6290,75.6338,76.0698,764331
2020-06-15,75.6433,77.1237,75.2879,76.9323,3299387
2020-06-16,77.0460,78.6857,76.9323,78.2876,6969342
2020-06-17,78.9795,80.7178,78.3161,80.6571,16948279
2021-03-05,73.4444,73.7667,72.8947,73.3225,128380
2021-03-08,73.8330,74.9798,73.6814,74.2974,493237
2021-03-09,74.0131,74.4301,73.2264,74.0676,3945752
2021-03-10,73.1790,74.3922,72.8663,73.5202,4589229
2021-03-11,74.5059,74.5059,73.8709,74.2690,3912712
2021-03-12,74.1837,74.5249,73.7951,74.4017,446434
2021-03-15,73.8330,74.5249,73.8330,74.2879,9860366
2021-03-16,74.9609,75.5864,74.8092,74.9040,3943255
2021-03-17,74.8850,75.4916,74.6007,74.9431,8531809
2021-03-18,75.1599,75.6433,74.8756,75.5011,4141691
2021-03-19,75.8802,75.8802,75.1125,75.4442,1385432
2021-03-22,75.4537,75.8234,74.7713,75.2642,344227
2021-03-23,76.0224,77.0176,76.0224,76.4584,420977
2021-03-24,76.7143,76.7806,76.1267,76.6764,231484
2021-03-25,76.0414,77.4062,76.0414,77.4062,201183
2021-03-26,77.5294,77.8042,77.0650,77.1503,980742
2021-03-29,77.5199,78.0791,77.5199,78.0791,319745
2021-03-30,77.9559,78.0222,77.2261,77.5863,279280
2021-03-31,77.5673,77.5768,76.3257,76.5532,906785
2021-04-01,77.2356,77.2356,76.5342,77.0081,191124
2021-04-06,77.3588,77.3588,76.7617,77.1383,63250
2021-04-07,76.5342,76.5342,75.8044,76.1077,3613477
2021-04-08,76.2973,76.3541,75.9181,76.3257,213816
2021-04-09,76.3731,77.1029,76.3731,76.6764,308510
2021-04-12,76.7712,76.9797,76.2973,76.4679,255745
2021-04-13,76.2973,76.4394,75.2263,75.7342,373376
2021-04-14,75.8234,75.8613,75.4253,75.7096,851968
2021-04-15,75.8234,76.6574,75.6338,76.3257,1294662
2021-04-16,76.6594,76.6594,75.8708,76.6479,278351
2021-04-19,76.7712,76.9133,76.4015,76.6124,238386
2021-04-20,76.2973,77.0081,75.8234,76.1551,328434
2021-04-21,76.2973,77.3683,76.2793,76.9932,386100
2021-04-22,76.7712,77.2356,76.4679,76.5949,1471839
2021-04-23,76.7712,77.0365,76.0793,76.4394,246149
2021-04-26,76.2973,76.5911,75.9655,76.2309,819026
2021-04-27,75.8234,76.5911,74.8282,74.9781,629203
2021-04-28,75.1125,75.4253,74.6671,75.1446,1514106
2021-04-29,74.6386,75.1694,73.9752,74.1820,386243
2021-04-30,73.6908,74.5438,73.3970,74.2545,196998
2021-05-04,74.6386,75.0462,73.8330,74.7239,441452
2021-05-05,74.3638,74.9040,74.3638,74.7506,115013
2021-05-06,75.1125,75.2736,74.4965,74.9514,409696
2021-05-07,75.1125,75.5580,74.7584,74.7584,277717
2021-05-10,75.1125,75.3779,74.9988,75.2926,251059
2021-05-11,74.6386,75.1030,74.2785,74.7376,502761
2021-05-12,75.1504,76.0887,75.1504,75.3955,171331
2021-05-13,75.8691,75.8691,75.8691,75.8691,12770
2021-05-14,76.6783,76.6783,75.9845,76.2992,318103
2021-05-17,76.2499,76.2499,75.6812,75.8941,1136927
2021-05-18,75.8234,75.9750,75.2168,75.5693,374166
2021-05-19,74.6386,75.2168,74.4870,74.9324,1008654
2021-05-20,74.6386,75.0480,74.4206,75.0479,506238
2021-05-21,74.6386,75.1694,74.6007,74.8850,724193
2021-05-25,75.5106,75.5106,74.9798,75.3082,1878586
2021-05-26,75.2168,75.8139,75.2168,75.6603,2597219
2021-05-27,75.8234,76.1740,75.3932,75.5465,695080
2021-05-28,75.1125,75.5959,74.8471,75.4413,446606
2021-06-01,74.9045,75.8613,74.9045,75.1641,322258
2021-06-02,75.8234,76.1409,75.1599,75.8434,361629
2021-06-03,75.8234,76.5058,75.6907,75.9051,196379
2021-06-04,76.7712,76.8659,76.2783,76.4825,654744
2021-06-07,76.6100,76.6100,75.7486,76.5721,279274
2021-06-08,76.7712,76.9512,76.1835,76.1835,381380
2021-06-09,76.0603,78.0128,76.0603,77.9559,739321
2021-06-10,78.3634,79.2828,78.3634,79.1975,436347
2021-06-11,78.8373,79.6714,78.8373,78.9700,988340
2021-06-14,79.1406,79.7377,79.1406,79.4629,1494014
2021-06-15,79.7093,80.4770,79.7093,79.8894,1449561
2021-06-16,79.7093,80.8372,79.7093,80.7329,484335
2021-06-17,80.5623,81.5954,80.4391,81.3764,2487543
2021-06-18,81.9840,82.1736,81.2366,81.6225,1267101
2021-06-21,80.5623,81.7803,80.5149,81.5670,369809
2021-06-22,81.5101,81.6618,80.9604,81.3111,313615
2021-06-23,81.0362,81.6064,80.3917,81.6064,652261
2021-06-24,80.0979,81.0457,80.0979,80.6381,968139
2021-06-25,80.5623,80.5623,79.9273,80.0490,15974500
2021-06-28,80.5718,80.5718,80.1169,80.4770,577944
2021-06-29,80.0884,80.6476,80.0410,80.1819,383474
2021-06-30,80.0884,80.4202,79.6998,79.9370,432409
2021-07-01,80.0884,80.6666,79.7093,80.1221,337362
2021-07-02,80.5623,80.6571,79.7093,80.0274,377672
2021-07-05,80.0884,80.0884,79.6051,79.7946,706598
2021-07-06,79.6524,80.5055,79.6524,79.8964,592959
2021-07-07,80.0884,80.5339,79.9936,80.5296,300106
2021-07-08,80.0884,80.1453,79.5387,79.7188,207685
2021-07-09,80.5623,80.7898,79.9178,80.4333,539331
2021-07-12,80.5623,81.0647,80.1643,80.8196,275867
2021-07-13,80.6950,80.6950,80.0316,80.4487,431461
2021-07-14,80.0884,80.5813,79.8704,79.9733,610661
2021-07-15,80.1358,80.1358,79.3018,79.5560,382737
2021-07-16,80.0884,80.4581,79.7117,79.9362,372271
2021-07-19,79.6145,79.8704,78.3634,78.9288,1036136
2021-07-20,78.6667,79.6051,78.6478,78.9886,606159
2021-07-21,79.1406,80.7424,77.7474,78.1002,665210
2021-07-22,79.1406,79.7472,78.5625,79.5737,921192
2021-07-23,79.6145,80.3633,79.0743,80.0250,598545
2021-07-26,79.9842,79.9842,78.9511,79.1501,956702
2021-07-27,79.1027,79.1027,78.4147,78.9275,452956
2021-07-28,79.0459,79.7567,79.0459,79.5956,513795
2021-07-29,79.9273,79.9273,79.1027,79.1605,453196
2021-07-30,78.6667,79.8230,78.6004,79.1516,795215
2021-08-02,79.1406,79.6904,79.0553,79.5992,541451
2021-08-03,79.6145,80.0031,78.9700,79.6240,550282
2021-08-04,79.1406,79.5292,78.6288,79.3695,105978
2021-08-05,78.7710,79.2638,78.7710,78.9513,917540
2021-08-06,78.8847,79.4913,78.8847,79.1525,137735
2021-08-09,79.1501,80.2306,79.1501,80.2232,263387
2021-08-10,80.0884,80.6950,80.0884,80.4365,168663
2021-08-11,80.6950,81.2163,80.6950,81.0020,1187621
2021-08-12,81.0362,81.4627,81.0362,81.2177,317636
2021-08-13,81.5101,81.6333,81.1973,81.4393,404830
2021-08-16,81.0362,81.5006,80.8656,81.1785,344669
2021-08-17,81.3111,82.3916,81.3111,82.2115,600925
2021-08-18,81.7945,82.3347,81.7945,82.1494,477768
2021-08-19,81.4817,81.4817,80.4675,81.0191,942925
2021-08-20,81.0362,81.1215,80.0979,80.3260,4389182
2021-08-23,81.5101,81.6523,81.1026,81.4834,468965
2021-08-24,81.0362,81.1879,79.8325,80.1074,247441
2021-08-25,80.0884,80.1548,79.1217,79.6104,573112
2021-08-26,79.1406,79.8989,79.1027,79.8420,1339882
2021-08-27,79.6145,80.0410,79.5577,79.9210,389371
2021-08-31,79.7465,80.9699,79.7465,80.3633,1935232
2021-09-01,80.2211,80.7708,80.2211,80.5545,574498
2021-09-02,80.5623,80.6097,79.9368,80.1371,285940
2021-09-03,80.0884,80.1643,78.7426,79.4198,305120
2021-09-06,79.1406,79.4155,79.0459,79.2825,501752
2021-09-07,79.1406,79.1880,78.0128,78.2876,2404569
2021-09-08,77.7853,77.7853,76.6669,77.1059,297291
2021-09-09,76.2973,76.3920,75.6148,75.8498,959648
2021-09-10,75.7665,75.7665,74.4301,75.6749,1136259
2021-09-13,75.1125,75.8044,74.4491,74.4965,1076323
2021-09-14,74.4491,75.0841,74.4491,74.7127,949647
2021-09-15,74.6386,75.0462,74.0794,74.4589,503536
2021-09-16,74.5912,74.5912,73.8235,74.5477,803764
2021-09-17,73.6908,74.5628,73.3750,73.4519,3402254
2021-09-20,72.2691,73.2062,72.0606,73.1123,2159373
2021-09-21,73.2169,73.4254,72.8852,73.0839,319847
2021-09-22,73.2169,73.3022,72.4777,72.7068,2813954
2021-09-23,72.9800,73.6434,72.9800,73.2738,857787
2021-09-24,73.2169,73.5866,72.9421,73.0997,710106
2021-09-27,72.7430,73.3875,72.4303,72.6577,893101
2021-09-28,72.2691,72.9136,72.1459,72.1791,789715
2021-09-29,73.2169,73.3496,72.3544,72.9710,1447334
2021-09-30,73.2169,73.8804,72.4208,72.8298,1393613
2021-10-01,71.7952,72.2123,71.4730,72.0782,579179
2021-10-04,71.7952,72.7620,71.7763,72.3618,435101
2021-10-05,72.2691,72.4492,71.9539,71.9539,2079550
2021-10-06,71.7952,72.0322,70.9233,71.4390,832328
2021-10-07,72.7430,72.9042,72.1744,72.7525,667952
2021-10-08,72.9136,72.9136,72.4397,72.5712,1490359
2021-10-11,72.3639,72.8189,72.3639,72.6426,257221
2021-10-12,72.2691,73.0463,72.0701,72.5356,601559
2021-10-13,72.2691,72.7051,71.7384,72.5047,2118397
2021-10-14,72.7430,72.7430,71.9279,72.4682,1727515
2021-10-15,72.2691,72.9136,72.2123,72.6434,4650068
2021-10-18,72.2691,72.9610,72.0038,72.1579,355001
2021-10-19,72.7336,72.7336,72.0322,72.6199,633975
2021-10-20,72.8094,73.7572,72.8094,73.6624,2062428
2021-10-21,73.6908,73.8425,73.2264,73.6318,296104
2021-10-22,73.6908,73.7572,73.2454,73.4865,874066
2021-10-25,73.2075,73.2075,72.4397,72.7171,679904
2021-10-26,73.6908,74.2879,73.0653,73.7841,1041983
2021-10-27,73.6908,73.8046,72.0322,72.0631,1709569
2021-10-28,71.8332,72.6577,71.8332,72.5724,158121
2021-10-29,71.7952,71.9374,71.2740,71.6910,730358
2021-11-01,72.2691,72.8473,72.0322,72.4831,335387
2021-11-02,72.2691,72.9547,72.2218,72.7411,325628
2021-11-03,72.2691,72.6388,71.5678,72.4777,1899440
2021-11-04,73.2169,74.0699,72.1459,72.5767,1304823
2021-11-05,71.9753,72.6103,71.9753,72.5345,501062
2021-11-08,72.2691,72.4966,71.9374,72.1928,1634125
2021-11-09,71.8521,72.7620,71.8521,72.1779,732357
2021-11-10,72.2691,73.0369,72.0417,72.6637,514549
2021-11-11,72.2691,72.6862,72.1428,72.4043,550867
2021-11-12,72.2691,72.6009,72.0796,72.4470,1018513
2021-11-15,71.9564,72.6198,71.9564,72.1184,324484
2021-11-16,72.1270,73.0937,72.1270,72.7332,683667
2021-11-17,72.2691,72.6956,72.2028,72.2407,862127
2021-11-18,72.2691,72.4018,71.6531,72.1469,707806
2021-11-19,72.2691,72.5345,72.0038,72.2159,1241916
2021-11-22,72.2691,72.4871,71.7952,72.1717,658630
2021-11-23,72.2691,73.1411,71.8521,72.6487,445118
2021-11-24,73.1695,73.1695,72.3260,72.9413,480623
2021-11-25,72.6862,72.6862,72.2502,72.5447,411062
2021-11-26,71.3214,71.4730,70.6010,71.1622,1337724
2021-11-29,70.8190,70.8190,70.0703,70.3865,460884
2021-11-30,69.8997,70.0513,69.2173,69.4897,567018
2021-12-01,69.6627,70.5347,69.6627,70.3641,900667
2021-12-02,70.3736,70.9422,69.2931,69.6223,855336
2021-12-03,70.3262,70.3262,69.5964,69.9870,612606
2021-12-06,69.8997,71.0844,69.7196,70.3090,427880
2021-12-07,70.8475,71.0465,70.3451,70.7421,1508404
2021-12-08,70.9138,71.8995,70.9138,71.2055,2131162
2021-12-09,71.3214,71.4067,70.7148,71.0221,3031112
2021-12-10,70.3736,70.8285,69.9755,70.2574,411624
2021-12-13,70.8475,70.8948,70.4020,70.7202,539610
2021-12-14,70.8475,71.2834,70.6579,70.9612,855233
2021-12-15,70.3736,71.0844,70.3546,70.6361,1393970
2021-12-16,74.6386,75.3589,73.1411,74.5708,1254141
2021-12-17,75.8044,75.8044,74.8756,75.6338,4754677
2021-12-20,73.6908,75.6338,73.3212,74.5786,3182360
2021-12-21,74.6386,75.4916,74.5059,75.3613,2090486
2021-12-22,75.2073,75.2073,74.4206,75.2073,2401478
2021-12-23,75.1410,75.9655,75.1410,75.7722,970278
2021-12-24,75.8423,75.8423,75.8423,75.8423,422685
2021-12-29,76.5721,76.5721,75.8518,75.9727,233949
2021-12-30,76.2973,76.4963,75.9655,76.2560,653247
2022-01-04,76.6953,76.6953,75.9655,76.5482,562083
2022-01-05,75.9181,77.0365,75.9181,76.7347,4197408
2022-01-06,76.1560,77.3398,76.1560,77.0771,2062576
2022-01-07,76.7712,77.5389,76.4679,77.4630,209704
2022-01-10,77.2735,78.2781,77.2735,77.9931,395380
2022-01-11,78.1928,79.3397,78.0222,78.3824,1050333
2022-01-12,78.1928,78.6193,77.5708,77.6125,377780
2022-01-13,77.7189,78.2592,77.2735,78.1928,1510494
2022-01-14,77.7189,78.4108,77.6716,78.0122,1929125
2022-01-17,78.1928,78.5435,77.5768,77.9552,5633542
2022-01-18,77.7189,78.0317,76.9891,77.7626,4614473
2022-01-19,77.2451,77.7189,76.5437,77.2063,8400086
2022-01-20,77.2356,77.2356,76.4299,77.1408,1868204
2022-01-21,76.6479,76.6479,75.5485,75.9520,1202628
2022-01-24,75.1125,75.3495,72.7430,72.7430,832471
2022-01-25,72.2691,73.2548,71.9753,72.9002,1375770
2022-01-26,73.8332,74.4491,73.8332,74.0227,1226801
2022-01-27,73.3401,75.5485,73.3401,75.4365,913858
2022-01-28,74.6386,75.3495,74.3164,74.7295,662306
2022-01-31,75.1410,76.3446,75.1410,75.3251,2380240
2022-02-01,75.8234,77.1882,75.4946,76.8596,1170679
2022-02-02,75.1125,76.2120,73.5771,74.6112,1948153
2022-02-03,74.6386,75.9655,74.3543,75.3050,2579133
2022-02-04,75.8234,76.3257,75.0557,75.7137,3043891
2022-02-07,75.8234,76.3731,75.7191,75.9693,532733
2022-02-08,76.2973,76.8659,75.8802,76.0433,1000502
2022-02-09,76.7712,77.0081,76.1077,76.6057,2144371
2022-02-10,76.2973,77.3114,75.9640,75.9655,786678
2022-02-11,75.8234,75.9655,75.3495,75.6167,807088
2022-02-14,74.6386,76.3257,74.5059,75.0537,4213843
2022-02-15,74.6386,76.1361,74.5818,75.3979,1047716
2022-02-16,75.8234,76.7522,75.5520,76.5153,782163
2022-02-17,76.2973,76.5342,75.4727,75.8465,1177880
2022-02-18,76.2973,76.6290,75.5485,76.2045,4953074
2022-02-21,76.2973,76.4205,74.6765,74.7463,6757546
2022-02-22,74.1647,75.1599,73.8614,75.1599,2767281
2022-02-23,75.2452,76.3541,75.2452,75.2452,1344457
2022-02-24,73.7477,74.9230,73.7477,74.4669,905125
2022-02-25,75.1125,76.6859,74.3353,76.6479,2792504
2022-02-28,75.8234,76.6953,75.4348,76.3344,3998159
2022-03-01,75.8234,77.1597,75.7855,76.5507,9077872
2022-03-02,75.8234,76.9323,75.0367,76.1789,11288190
2022-03-03,76.7712,76.8754,75.1410,75.5464,1410842
2022-03-04,74.6386,75.1030,72.7051,73.4445,949478
2022-03-07,72.7430,73.4823,71.2740,71.9196,2919691
2022-03-08,70.8475,70.9043,69.0372,70.3768,1566546
2022-03-09,71.7076,71.7076,70.8001,71.0431,11899580
2022-03-10,72.7430,73.7287,71.5057,72.3829,541453
2022-03-11,73.2548,74.4206,73.2548,73.8787,4019742
2022-03-14,74.1647,75.2944,73.3591,74.8671,3339781
2022-03-15,74.6386,75.4802,74.1742,75.4727,15181890
2022-03-16,75.9845,75.9845,75.1220,75.2926,3401966
2022-03-17,75.3116,76.4015,75.3116,75.9881,665303
2022-03-18,76.7143,76.7143,76.0129,76.4679,3929349
2022-03-21,76.0508,76.8280,76.0508,76.5091,934937
2022-03-22,76.2973,76.3920,75.2642,76.3725,825607
2022-03-23,75.8234,76.0508,75.5580,75.8881,229250
2022-03-24,75.8234,76.3920,75.6243,76.1096,251721
2022-03-25,76.2973,76.7996,76.0414,76.4692,1333413
2022-03-28,76.5532,77.4062,76.5532,77.0931,424222
2022-03-29,76.7712,77.6336,76.7617,77.3045,2147917
2022-03-30,77.2451,77.7663,76.9133,77.6201,471009
2022-03-31,76.9986,77.5294,76.9986,77.2929,437985
2022-04-01,76.7901,76.9702,76.3844,76.4847,281355
2022-04-04,76.9702,77.7474,76.9702,77.4926,603880
2022-04-05,77.5673,77.8137,76.7996,77.7948,521205
2022-04-06,77.6336,79.6549,77.6336,79.6430,1531353
2022-04-07,80.4675,81.0836,80.3159,80.9624,1699802
2022-04-08,80.8467,82.3157,80.8467,82.2020,2116144
2022-04-11,81.9840,83.4531,81.9840,83.0496,2197333
2022-04-12,82.0788,82.6285,81.7092,82.1388,871266
2022-04-13,81.7471,82.9981,81.7092,82.2062,1429755
2022-04-14,82.4484,82.9413,81.5385,82.8086,686061
2022-04-19,82.7802,82.8560,81.8418,81.9556,867154
2022-04-20,82.4295,82.4674,81.3964,81.8678,1003920
2022-04-21,81.8892,82.3252,81.6239,82.1272,620329
2022-04-22,81.4153,82.3063,81.1026,81.5385,536878
2022-04-25,80.3064,81.6618,80.3064,81.4343,1803070
2022-04-26,82.1736,82.9223,81.3300,82.4795,1133045
2022-04-27,80.9699,84.6189,80.8467,82.1886,620086
2022-04-28,82.3916,82.8560,81.8703,82.3413,686235
2022-04-29,82.7233,82.8749,81.7376,81.9812,455743
2022-05-03,81.4532,81.6333,80.7519,81.2141,1941370
2022-05-04,80.6950,81.4722,80.6950,80.9186,1873458
2022-05-05,81.2068,81.4817,80.5908,80.7803,327913
2022-05-06,80.5623,81.0362,80.2401,80.4921,230008
2022-05-09,79.8799,80.1832,78.9321,79.0388,278977
2022-05-10,79.0269,79.9652,78.5814,79.4223,396200
2022-05-11,80.0410,80.2875,79.3207,79.9496,768447
2022-05-12,80.2685,81.1215,78.9606,80.4907,1702115
2022-05-13,80.8182,82.2968,80.8182,81.8025,1959646
2022-05-16,81.5196,83.1593,81.3206,83.0134,981242
2022-05-17,82.7612,83.5194,82.5148,82.8341,652977
2022-05-18,82.6854,83.2351,82.3726,82.9568,480555
2022-05-19,82.2778,82.3631,81.1879,81.2163,1104762
2022-05-20,82.1546,82.5716,81.7092,82.1024,2850854
2022-05-23,82.4484,83.3014,82.3537,83.1024,1346569
2022-05-24,82.5906,83.3109,82.5906,83.0353,1095300
2022-05-25,83.1688,83.8038,83.1688,83.2351,1071367
2022-05-27,83.0361,83.5763,82.1357,82.6065,2388930
2022-05-30,82.6475,82.9318,82.2210,82.9034,653918
2022-05-31,82.6475,83.2256,81.9271,82.2946,1998615
2022-06-01,82.2778,83.1403,81.6523,81.9428,433493
2022-06-07,81.5196,81.9366,81.3016,81.4453,1602114
2022-06-08,81.5765,81.5765,80.6666,81.3016,280273
2022-06-09,81.2068,81.4912,80.8751,81.1664,296734
2022-06-10,80.5623,80.6950,79.0648,79.6504,641970
2022-06-13,78.2687,79.4250,77.9749,78.4437,1398589
2022-06-14,78.2876,78.3919,76.5058,77.5657,1836992
2022-06-15,76.7901,77.1503,76.3541,76.8539,1499819
2022-06-16,76.3257,76.7332,74.6955,75.0054,6013985
2022-06-17,73.4444,75.5295,73.2021,75.4434,3795675
2022-06-20,74.8282,75.5769,74.6860,75.2955,1106993
2022-06-21,75.7002,76.1740,74.7165,74.8552,1020863
2022-06-22,74.3638,74.5249,73.7003,74.3630,5367951
2022-06-23,73.9373,74.6197,73.8899,74.1489,3315334
2022-06-24,74.1268,76.3920,73.7366,76.3920,1280055
2022-06-27,77.2356,77.7569,76.5816,77.2516,4761302
2022-06-28,77.4915,77.8990,76.8849,77.1699,1814944
2022-06-29,75.8802,76.9891,75.8044,76.9512,671514
2022-06-30,76.3257,77.0460,75.9276,76.8854,890387
2022-07-01,75.8234,76.2973,74.9988,75.6998,870958
2022-07-04,76.5247,77.8706,76.5247,77.5382,1057408
2022-07-05,76.6574,77.2166,76.3446,76.7544,861032
2022-07-06,76.7143,77.7948,76.7143,76.9797,630828
2022-07-07,76.9702,78.1455,76.8565,77.8170,605225
2022-07-08,77.9180,78.6099,77.6242,78.4393,379215
2022-07-11,78.0128,78.7994,77.8232,78.6548,615792
2022-07-12,78.7520,78.8279,77.9464,78.5909,399533
2022-07-13,78.2213,78.2213,76.6290,77.1618,429651
2022-07-14,76.3162,77.0081,76.3162,76.7175,628787
2022-07-15,77.0176,78.3066,77.0176,77.8597,628256
2022-07-18,78.2781,78.9037,77.7758,78.3924,419301
2022-07-19,77.7663,79.2449,77.6336,78.6453,974454
2022-07-20,78.6573,78.6952,77.9767,78.5234,213325
2022-07-21,77.5863,78.6383,77.5294,78.2467,335291
2022-07-22,78.4867,79.1975,78.3919,78.6811,654059
2022-07-25,78.4203,79.2354,78.2592,78.6663,342289
2022-07-26,78.7520,79.5956,78.5909,79.2855,288929
2022-07-27,79.3207,79.6335,78.4582,78.5697,366028
2022-07-28,79.0838,79.1691,78.3161,78.6889,455828
2022-07-29,78.3445,80.9373,77.4441,78.5482,473723
2022-08-02,77.3398,77.8895,76.8470,77.4724,1504064
2022-08-03,77.4536,78.0317,76.7048,77.6147,384971
2022-08-04,77.3398,77.8422,76.9323,77.2965,1160327
2022-08-05,76.9228,77.9559,76.7617,77.5839,539978
2022-08-08,77.8422,78.2402,77.4725,77.9482,780008
2022-08-09,77.7853,79.0079,77.7379,78.9132,451946
2022-08-10,78.7141,79.1406,77.9306,78.5363,472418
2022-08-11,77.8990,78.1455,76.0224,76.8091,745915
2022-08-12,76.2309,76.4083,75.4916,76.0310,1151706
2022-08-15,75.8234,76.4773,75.8234,76.2180,659977
2022-08-16,76.6195,76.8849,76.3257,76.5342,423735
2022-08-17,76.5058,77.1313,76.5058,76.9171,1321638
2022-08-18,76.8659,77.1597,76.6006,76.8174,352782
2022-08-19,76.9702,79.6135,76.8470,79.6135,265512
2022-08-22,77.2545,77.9275,77.2071,77.5736,230518
2022-08-23,76.9228,77.3209,75.9371,76.8197,768761
2022-08-24,75.7665,76.6479,75.7665,76.5911,420766
2022-08-25,77.2735,77.3872,75.4442,76.0129,816433
2022-08-26,76.0414,77.0176,76.0414,76.1740,575733
2022-08-30,75.4537,75.7688,75.0212,75.5079,873640
2022-08-31,75.1410,75.5580,74.4870,75.0011,1197143
2022-09-01,74.8756,74.8756,74.1173,74.5113,767980
2022-09-02,74.4017,75.4348,74.1647,75.1166,1656656
2022-09-05,75.2926,75.8139,74.3164,75.5071,723148
2022-09-06,75.4537,75.9845,74.9135,75.4660,1295047
2022-09-07,74.5723,75.4253,74.5628,75.0095,781518
2022-09-08,75.1599,75.3400,73.8709,74.7897,1508003
2022-09-09,74.8661,75.6717,74.4680,75.1982,1349272
2022-09-12,75.2357,75.9738,75.0841,75.6942,1058935
2022-09-13,75.9181,76.5911,75.1030,75.2849,2200084
2022-09-14,74.8850,74.9135,73.9278,73.9983,1811346
2022-09-15,73.2643,74.1173,73.2643,73.7073,1293019
2022-09-16,73.5866,74.7618,73.3970,73.4634,1436951
2022-09-20,73.6055,74.0036,72.8378,72.8524,2819505
2022-09-21,72.7904,72.8283,71.7194,71.8332,3208201
2022-09-22,71.0749,71.5583,70.6958,71.1318,2672749
2022-09-23,71.1887,71.4635,70.1935,70.6126,1290689
2022-09-26,70.1461,70.9896,69.5016,70.0856,2874556
2022-09-27,70.4304,71.1507,70.3262,70.5062,1844943
2022-09-28,69.9660,71.3214,69.9660,70.9138,1791561
2022-09-29,69.9850,71.2455,69.9850,71.0086,2928845
2022-09-30,71.2076,71.9374,71.0465,71.5867,933235
2022-10-03,70.7242,72.2881,70.7242,71.8995,8919029
2022-10-04,73.1316,73.1316,72.2976,72.8944,449508
2022-10-05,72.8663,73.1885,72.2123,72.3495,333735
2022-10-06,72.1933,72.1933,71.2834,71.6361,1090519
2022-10-07,71.9469,71.9469,71.2455,71.6662,2397560
2022-10-10,71.3687,71.8047,71.0181,71.5778,1145939
2022-10-11,71.2266,72.0038,71.2266,71.5766,3619300
2022-10-12,72.0038,72.1365,71.3593,71.8047,1281468
2022-10-13,71.0939,71.6341,70.7337,71.6164,482218
2022-10-14,71.6815,72.6767,71.6057,72.0227,1216458
2022-10-17,72.0417,73.2738,72.0417,72.9705,2615019
2022-10-18,73.0558,73.6245,72.6672,73.2548,1090469
2022-10-19,73.1316,73.5108,72.7241,72.7715,666764
2022-10-20,72.4966,72.9800,72.1080,72.2218,1441951
2022-10-21,71.8621,72.8236,71.8621,72.5630,389635
2022-10-24,72.9136,73.9846,72.9136,73.6685,2794068
2022-10-25,74.0131,74.5249,73.1980,73.8803,280057
2022-10-26,73.7761,74.7050,73.5961,74.5493,485503
2022-10-27,74.6671,75.1504,74.4870,74.6007,767837
2022-10-28,74.7713,76.0887,74.7713,75.8020,238881
2022-10-31,76.1835,77.0176,75.7760,76.7506,339473
2022-11-01,77.2356,77.2545,76.2973,76.8418,605045
2022-11-02,76.6764,77.2071,76.5816,76.9950,423500
2022-11-03,76.4110,77.0365,76.4110,76.7715,1495132
2022-11-04,77.1408,77.5578,76.6764,76.9630,557101
2022-11-07,76.8185,76.8185,75.9276,76.4035,571368
2022-11-08,76.4773,76.7806,76.2404,76.6290,522983
2022-11-09,76.7143,77.6242,76.4110,77.5389,314112
2022-11-10,77.4820,78.8942,77.4820,78.2601,1002889
2022-11-11,77.5768,77.5768,74.8850,74.8850,1041683
2022-11-14,75.8234,76.0414,74.4112,75.2498,977399
2022-11-15,74.8661,75.7191,74.7524,75.4860,945769
2022-11-16,74.7050,75.2831,74.7050,74.9135,640424
2022-11-17,74.9609,75.0462,73.9752,74.6218,1964133
2022-11-18,75.6148,77.2545,75.6148,77.2545,1077161
2022-11-21,77.3777,78.6004,77.3777,78.2730,1367470
2022-11-22,78.6004,79.2544,78.6004,79.1477,1985384
2022-11-23,77.7663,79.5956,77.7663,77.7663,590723
2022-11-24,77.8232,78.0602,77.5578,77.8308,745340
2022-11-25,78.4582,78.6952,77.6716,78.2965,310233
2022-11-28,78.5814,79.0553,78.3350,78.9321,1457014
2022-11-29,78.8279,79.4629,78.8279,78.9511,980681
2022-11-30,79.0648,79.8704,79.0648,79.2828,1341321
2022-12-01,79.5671,80.0789,79.2828,79.6399,295664
2022-12-02,79.6145,79.7662,78.9606,79.7472,501817
2022-12-05,79.7472,81.3869,79.7472,81.3043,814223
2022-12-06,80.7329,81.7186,80.7329,80.8115,2281861
2022-12-07,80.9320,81.8418,80.9320,81.3016,558921
2022-12-08,81.6523,81.8703,80.5055,80.8467,592795
2022-12-09,80.9320,81.4912,80.3443,81.0335,4111335
2022-12-12,80.5623,81.0457,80.3254,80.5635,1719904
2022-12-13,80.5055,81.2542,80.0884,80.3728,1175854
2022-12-14,80.3443,81.6496,80.2685,81.6496,877715
2022-12-15,80.1902,81.4343,80.1902,80.2022,443026
2022-12-16,79.5482,80.2685,79.5482,79.8420,9928945
2022-12-19,79.6714,80.1737,79.6051,79.7472,1051093
2022-12-20,78.8942,79.5956,78.8658,79.3515,2858517
2022-12-21,79.1406,80.2875,79.1406,79.9263,790748
2022-12-22,79.8989,80.3822,79.8515,80.0967,446033
2022-12-23,80.4107,80.9035,80.1263,80.2969,7329321
2022-12-28,79.8894,80.4296,79.8894,80.0535,463767
2022-12-29,79.6335,80.4391,79.6335,80.0817,3214506
2022-12-30,80.0031,80.2306,79.2259,79.8911,910285
2023-01-03,80.0789,81.5954,79.7662,81.1816,538790
2023-01-04,81.3395,81.9082,81.1689,81.5238,7886498
2023-01-05,80.6002,80.9414,80.1358,80.4069,640108
2023-01-06,80.4296,81.4343,79.9463,80.5633,1293974
2023-01-09,81.2447,81.4627,80.6287,81.2064,264922
2023-01-10,79.2449,80.8561,78.5340,79.1754,978725
2023-01-11,79.3776,80.1453,78.9132,79.5198,1860837
2023-01-12,79.8799,80.3728,79.2544,79.8942,686957
2023-01-13,79.2449,80.3633,79.1560,80.0621,2838017
2023-01-16,79.9368,81.7186,79.9368,80.4802,667273
2023-01-17,81.1310,81.6696,80.8182,81.5171,6515669
2023-01-18,80.9794,80.9794,79.8989,80.3349,672028
2023-01-19,80.5244,81.0173,80.0126,80.0979,3593888
2023-01-20,80.0575,80.5339,80.0575,80.0695,1422108
2023-01-23,80.0221,80.9699,79.8989,80.2981,554976
2023-01-24,80.5813,80.7329,80.1453,80.6192,1272385
2023-01-25,80.3728,80.8751,80.3728,80.7626,1032458
2023-01-26,79.9368,79.9368,78.3634,78.8012,1926789
2023-01-27,78.3634,78.5909,77.7758,78.2497,561900
2023-01-30,78.4582,79.0932,78.2023,78.8279,4293361
2023-01-31,78.7900,79.1122,78.1549,78.2875,1817833
2023-02-01,78.2876,78.2876,75.8328,77.3359,2376872
2023-02-02,76.2120,76.3636,74.0415,74.6079,1025936
2023-02-03,74.4585,75.8802,74.4585,74.8756,620512
2023-02-06,74.8661,75.5769,74.6576,75.0936,717778
2023-02-07,75.7760,75.7760,75.1410,75.2717,4466827
2023-02-08,75.6812,76.6290,75.6622,75.9617,501516
2023-02-09,76.4773,76.9228,75.8613,76.1432,394597
2023-02-10,75.3874,76.0470,74.8566,75.3812,397507
2023-02-13,76.2214,76.2214,75.7286,76.0602,1763637
2023-02-14,76.7712,76.7712,76.2214,76.5427,344799
2023-02-15,76.7143,76.7143,76.3257,76.5034,463520
2023-02-16,76.4584,76.4868,75.2168,75.5908,2639483
2023-02-17,75.1125,76.3446,75.1125,75.3946,1894170
2023-02-20,75.6907,76.3731,75.6907,75.8124,599864
2023-02-21,75.8423,76.5229,75.7286,76.3028,5316385
2023-02-22,76.2120,77.2735,76.1740,76.8849,3986081
2023-02-23,76.8944,76.8944,75.9466,76.0144,1128877
2023-02-24,76.7712,77.4251,76.3636,76.4773,546391
2023-02-27,76.1683,76.7712,76.1683,76.2404,3563174
2023-02-28,76.1361,76.1361,75.1259,75.8640,339286
2023-03-01,74.9230,75.4253,74.4816,74.4816,3948679
2023-03-02,74.4965,75.6433,74.4744,75.1243,2489668
2023-03-03,75.7191,75.7570,75.0130,75.1923,5420738
2023-03-06,75.2168,75.3779,74.9514,75.1303,3802078
2023-03-07,75.0841,75.3874,74.9040,75.0141,3661376
2023-03-08,74.8661,75.0557,74.4396,74.6650,2281832
2023-03-09,71.7952,72.1459,71.4825,71.5893,2903318
2023-03-10,71.5583,71.6626,70.3546,71.2645,16435221
2023-03-13,70.3356,71.0939,69.9376,70.8190,5336796
2023-03-14,70.4873,71.0844,70.4873,70.8170,2338689
2023-03-15,70.9138,71.8047,70.9138,71.6024,7028880
2023-03-16,72.1838,73.0369,72.0038,72.4795,7324897
2023-03-17,73.3022,73.3022,72.2486,72.9996,11247380
2023-03-20,72.2218,73.1980,72.1744,72.5765,6858910
2023-03-21,72.8663,73.5771,72.8648,72.8757,7349363
2023-03-22,72.9800,73.0084,72.2218,72.5803,4275967
2023-03-23,71.6626,71.9469,71.4446,71.8426,1148019
2023-03-24,71.8521,72.6103,71.7005,72.1758,1922897
2023-03-27,75.2566,78.1455,75.2566,77.4223,2264746
2023-03-28,78.0981,79.1596,77.7758,79.0964,3176225
2023-03-29,78.2497,79.1312,76.8732,79.0283,2880695
2023-03-30,78.5814,79.1122,78.4677,78.9457,1846644
2023-03-31,79.1785,79.8799,79.1406,79.3752,269040
2023-04-03,79.4297,80.3064,79.2828,80.0551,1090535
2023-04-04,80.3585,80.4960,79.9652,80.3848,771592
2023-04-05,80.4581,81.7186,80.1548,81.3381,2964212
2023-04-06,81.6428,82.9413,81.6428,82.5056,787026
2023-04-11,82.4626,82.9697,81.9556,82.5046,238318
2023-04-12,82.4816,82.6569,81.9651,82.1488,774036
2023-04-13,82.0314,82.6285,82.0314,82.5013,199286
2023-04-14,82.3631,83.0076,82.3631,82.8720,333431
2023-04-17,82.8275,83.8322,82.7233,83.5005,309375
2023-04-18,83.4531,83.9554,82.8607,83.6056,357951
2023-04-19,82.9223,83.9649,82.9223,83.5720,909720
2023-04-20,83.1526,83.5763,83.1526,83.5313,1301298
2023-04-21,84.1639,84.6473,83.5668,84.3182,493817
2023-04-24,84.8037,85.2160,84.6568,85.0278,893340
2023-04-25,85.2018,88.9598,84.9601,88.2584,2281469
2023-04-26,86.8462,88.1067,86.8462,87.4426,1083911
2023-04-27,87.1542,87.7466,86.3154,87.3390,776117
2023-04-28,86.4671,87.2063,86.0785,86.3040,937276
2023-05-02,86.4576,87.6234,86.4576,87.3799,837871
2023-05-03,87.6897,88.1541,87.3390,87.6671,587948
2023-05-04,87.3912,88.0214,87.2537,87.7503,345382
2023-05-05,88.1494,88.4100,87.1590,88.0919,475617
2023-05-09,88.0404,88.7133,88.0404,88.4226,474340
2023-05-10,88.3342,88.3342,86.7988,87.1066,912926
2023-05-11,87.2158,87.9361,87.2158,87.7554,2613184
2023-05-12,87.6518,88.1067,87.3769,87.7124,1203146
2023-05-15,87.7892,88.1067,87.5286,87.6454,2984984
2023-05-16,87.5618,88.0025,87.2916,87.3961,1306159
2023-05-17,86.3486,87.5096,86.1069,86.6415,483981
2023-05-18,86.3059,86.3059,86.3059,86.3059,4692
2023-05-19,85.4150,86.1069,84.4198,84.9822,852791
2023-05-22,85.8131,86.7609,85.8131,85.8295,675528
2023-05-23,85.5761,87.0263,85.5761,86.0144,504734
2023-05-24,85.9884,86.5998,85.5003,86.1482,642259
2023-05-25,85.3013,85.7373,83.6900,83.9232,1412460
2023-05-26,83.8417,84.7800,83.7185,84.1242,1115034
2023-05-30,83.1877,84.1639,81.9840,83.3426,2836397
2023-05-31,83.1214,83.5194,82.5992,82.6261,8261104
2023-06-01,83.1593,83.9933,83.1593,83.3642,749405
2023-06-02,83.4247,85.0454,82.4674,84.2061,1913452
2023-06-05,85.3108,86.4671,85.3108,86.2491,1129206
2023-06-06,85.4245,86.3723,85.3108,86.0526,1705144
2023-06-07,84.8416,86.1448,84.7895,85.0300,809777
2023-06-08,85.7752,85.8794,84.9696,85.6691,992975
2023-06-09,85.6567,85.9932,85.4624,85.6616,347628
2023-06-12,86.2538,86.7135,85.9932,86.2719,1145970
2023-06-13,85.8842,86.0500,84.7705,85.2539,171837
2023-06-14,85.8510,85.8510,84.7800,84.9028,1666197
2023-06-15,85.0169,86.1353,84.8843,85.6413,868793
2023-06-16,86.6519,87.1210,85.6520,86.0585,5795818
2023-06-19,85.9458,86.3912,85.9458,86.0973,2571703
2023-06-20,85.8747,86.6661,85.7941,86.4121,396617
2023-06-21,85.8937,86.3628,85.5761,85.8070,638418
2023-06-22,85.0738,85.3961,84.5715,84.7421,770398
2023-06-23,85.3582,86.2017,85.3582,85.7405,563015
2023-06-26,85.7752,85.8913,84.0028,85.3759,703584
2023-06-27,84.4198,84.4198,83.9270,83.9982,300664
2023-06-28,84.1639,84.3345,83.5100,84.0553,486396
2023-06-29,83.8512,84.4851,83.8512,84.0218,404628
2023-06-30,84.4814,85.3961,84.4577,85.2940,273911
2023-07-03,84.4435,85.7183,83.8606,84.2697,567307
2023-07-04,83.8417,84.8369,83.7848,84.5131,526861
2023-07-05,83.9459,84.5241,83.9459,84.1542,266962
2023-07-06,84.0644,84.1924,82.9128,83.3502,256449
2023-07-07,82.7517,83.2161,79.3586,82.1357,240311
2023-07-10,80.5671,81.5528,80.1832,81.2610,253051
2023-07-11,81.1168,81.2258,80.8561,80.9116,464506
2023-07-12,80.9462,81.1784,80.2306,80.9616,260140
2023-07-13,80.5434,81.0457,80.1672,80.5799,163003
2023-07-14,79.9936,80.7614,79.9936,80.5339,235062
2023-07-17,80.9462,81.6712,80.0600,80.4986,629084
2023-07-18,82.2683,84.6663,82.2683,83.5738,791085
2023-07-19,84.1829,85.1022,83.7469,84.8833,1243569
2023-07-20,85.1165,86.5524,84.3061,86.2017,594483
2023-07-21,86.7288,86.7288,85.8889,86.7288,337737
2023-07-24,86.1733,86.6661,85.7420,86.1712,1041692
2023-07-25,86.0263,86.0406,85.0738,85.8374,225918
2023-07-26,86.1353,86.2680,84.7516,85.0718,487469
2023-07-27,84.8890,86.0406,84.8463,85.6357,269401
2023-07-28,85.9790,86.5800,85.4150,85.8195,204235
2023-07-31,86.0406,86.8557,86.0406,86.3154,252022
2023-08-02,85.4055,86.1069,84.7137,85.8135,466428
2023-08-03,85.2776,85.3487,84.0312,84.4104,925278
2023-08-04,84.9696,85.0264,83.9175,84.4198,216443
2023-08-07,84.3772,85.2823,84.1165,85.1591,329804
2023-08-08,85.2112,85.9458,84.8748,85.7613,347555
2023-08-09,85.6567,86.0880,85.3961,85.7458,2017643
2023-08-10,86.0595,86.1922,85.4435,85.6848,437556
2023-08-11,85.6567,86.1353,85.4624,86.0277,733608
2023-08-14,85.8842,86.2017,85.8226,86.1054,106474
2023-08-15,86.0880,86.1733,85.2823,85.6804,90384
2023-08-16,85.5145,85.9742,85.2444,85.4236,561111
2023-08-17,85.0738,85.2728,84.5336,85.1814,235794
2023-08-18,85.0359,85.2918,84.2303,84.7231,392288
2023-08-21,84.9316,85.8320,84.8653,85.3013,441131
2023-08-22,85.6283,86.2396,85.4624,85.9079,1684162
2023-08-23,85.7278,86.3533,85.2918,85.7278,271364
2023-08-24,86.0263,86.2775,84.9601,85.1402,620249
2023-08-25,84.9885,85.3676,84.8274,85.0359,207654
2023-08-29,85.9126,86.1733,85.4055,85.8544,330874
2023-08-30,85.8842,85.9363,85.2255,85.4814,222189
2023-08-31,85.1544,85.1781,84.4672,84.6378,1078740
2023-09-01,84.4909,84.8179,84.2587,84.5916,351546
2023-09-04,84.8890,85.0643,83.9933,84.3220,293293
2023-09-05,84.0739,84.4198,83.1593,83.2232,531635
2023-09-06,82.6664,82.7138,81.6428,81.9297,828655
2023-09-07,82.6854,84.0028,82.4010,83.2795,657051
2023-09-08,83.8322,83.8986,83.0029,83.0029,348768
2023-09-11,83.7043,83.9554,83.1498,83.5579,739471
2023-09-12,84.0834,85.5288,84.0502,85.1240,478334
2023-09-13,84.8795,85.4245,84.4672,85.1072,1289062
2023-09-14,85.2492,86.4955,85.1970,86.4542,886996
2023-09-15,87.2158,88.1067,86.9220,87.0642,2320478
2023-09-18,87.0594,87.7750,86.7230,87.5439,519418
2023-09-19,86.8462,87.4907,86.1164,87.2622,753954
2023-09-20,87.9551,88.4859,87.1969,88.0270,256371
2023-09-21,88.0120,89.0735,87.7371,88.2648,3919137
2023-09-22,87.3769,88.9009,86.9220,87.3567,633380
2023-09-25,87.5855,87.7466,86.9599,87.3007,1348125
2023-09-26,88.1494,88.7986,87.9172,88.4006,759735
2023-09-27,88.3342,88.4290,87.4433,88.1067,860165
2023-09-28,87.8556,88.8176,87.6708,88.5009,711369
2023-09-29,88.3532,89.8223,88.3058,89.1942,1935185
2023-10-02,89.1398,89.3768,87.6518,88.4776,804054
2023-10-03,88.5664,88.6565,86.5903,87.1487,995466
2023-10-04,87.6800,89.0800,87.2600,87.7758,728833
2023-10-05,87.8950,88.1100,86.2600,87.2431,640189
2023-10-06,88.2750,88.9000,87.9900,88.2140,413438
2023-10-09,88.4000,88.8800,87.8100,88.2406,1007908
2023-10-10,88.4100,89.1200,88.3300,88.7100,1172587
2023-10-11,89.6100,90.1500,89.1900,89.6688,1119930
2023-10-12,89.3100,89.7700,88.6100,89.0367,536662
2023-10-13,88.8000,88.9000,87.5000,87.9600,245867
2023-10-16,87.8650,87.9400,86.8800,87.2245,413301
2023-10-17,87.0650,87.8500,86.9600,87.5185,1412983
2023-10-18,86.5600,87.3900,85.9100,87.1545,3022485
2023-10-19,86.4200,87.1000,84.2500,85.5500,1906931
2023-10-20,84.4600,85.5100,84.4600,84.8127,392862
2023-10-23,84.7850,84.8900,83.8800,84.3807,866976
2023-10-24,84.6050,85.2500,83.0500,85.1270,933422
2023-10-25,84.6650,86.0100,84.6200,85.8071,162919
2023-10-26,85.9750,86.1300,85.0894,85.5137,250106
2023-10-27,85.1250,85.7600,83.7000,84.3700,1057855
2023-10-30,84.1500,84.8500,84.0100,84.7688,913412
2023-10-31,84.4500,85.1900,84.3100,84.5921,385055
2023-11-01,85.7300,85.8300,85.1800,85.2604,805881
2023-11-02,85.0050,85.1600,83.9500,84.6473,555696
2023-11-03,84.7450,84.7700,83.0600,83.3400,189907
2023-11-06,83.5350,84.2400,83.2200,84.2400,137991
2023-11-07,84.0600,84.5500,83.6400,84.2035,375025
2023-11-08,84.2050,85.4100,84.1000,85.0543,310623
2023-11-09,85.1450,85.1900,84.0800,84.2944,513117
2023-11-10,84.6050,85.0600,83.4700,83.7369,330602
2023-11-13,84.1900,84.6200,84.0000,84.1287,191998
2023-11-14,85.0250,85.2300,84.4300,84.6579,600512
2023-11-15,84.5500,84.5500,83.1300,83.6799,533213
2023-11-16,83.6800,84.0300,83.2300,83.3983,1617219
2023-11-17,83.6700,84.3900,83.5200,84.2584,1242396
2023-11-20,83.6600,84.4700,83.6000,84.2800,1817651
2023-11-21,84.3750,85.2550,84.1900,84.9423,949192
2023-11-22,85.3500,86.5500,85.0700,86.0000,555487
2023-11-23,85.8050,86.2671,85.6500,86.0707,640508
2023-11-24,86.3250,86.7900,86.3200,86.5719,79940
2023-11-27,86.5400,86.7000,85.9600,86.1829,705994
2023-11-28,86.1400,86.3100,85.1900,85.4173,383664
2023-11-29,85.4050,85.8636,84.4300,84.9232,540249
2023-11-30,84.7750,85.1371,84.5400,84.8882,965682
2023-12-01,85.7000,86.2400,85.1200,85.5993,1344352
2023-12-04,85.9050,86.2300,85.5000,85.9778,5749054
2023-12-05,86.2550,86.4000,84.8000,84.9400,704400
2023-12-06,85.1850,86.2400,84.6300,84.9027,2036946
2023-12-07,85.2200,85.3800,83.9000,84.4237,937515
2023-12-08,84.1800,84.7397,83.6500,83.9650,1197402
2023-12-11,85.1550,85.8600,84.7200,85.3393,1059574
2023-12-12,85.2900,85.9300,85.0900,85.7513,599931
2023-12-13,86.0100,87.0800,86.0000,86.7100,2208553
2023-12-14,86.7150,87.2400,84.7600,85.5800,3366164
2023-12-15,85.7400,85.8000,84.3100,84.7900,4141884
2023-12-18,84.8200,85.7300,84.5700,85.4239,2999111
2023-12-19,85.0250,85.2400,84.2200,84.6200,2656298
2023-12-20,84.7850,84.9000,84.2100,84.6169,2319555
2023-12-21,84.2850,84.6600,83.8000,84.1300,364935
2023-12-22,84.0700,84.8500,83.7900,84.8400,1551213
2023-12-27,84.1500,84.8100,83.9700,84.4100,677406
2023-12-28,84.1600,84.5400,83.9100,84.3500,306212
2023-12-29,84.4100,84.8700,84.0400,84.3500,196222
2024-01-03,86.5600,88.6300,84.8700,88.3146,2816292
2024-01-04,89.1250,89.8700,88.9900,89.5704,554252
2024-01-05,89.7900,90.5200,89.7400,90.3919,636908
2024-01-08,90.6250,91.2300,90.4900,90.8266,1176174
2024-01-09,90.1800,91.4600,90.1500,91.1573,2176325
2024-01-10,90.6650,91.7900,90.3300,91.4480,1064879
2024-01-11,91.6900,91.9200,90.9600,91.3200,868443
2024-01-12,91.6500,91.8300,91.2300,91.5248,453779
2024-01-15,91.6500,92.0138,91.5000,92.0138,1494582
2024-01-16,92.1600,92.8900,91.9400,92.7053,642699
2024-01-17,92.5000,93.8600,92.1500,93.6640,1686221
2024-01-18,92.9600,93.7500,92.7200,93.3357,1942859
2024-01-19,93.3000,93.8000,93.1100,93.6326,394042
2024-01-22,93.8500,94.5000,93.8500,94.2639,219138
2024-01-23,94.1400,94.2100,93.2500,93.5662,1068011
2024-01-24,93.2700,93.5487,92.6200,93.5300,825968
2024-01-25,93.1250,93.1800,92.2300,92.6591,427299
2024-01-26,92.6350,93.0300,92.2000,92.5110,169352
2024-01-29,92.8200,93.9000,92.5800,92.9872,1206763
2024-01-30,92.7350,93.2000,92.1000,92.4972,738238
2024-01-31,88.7550,91.4800,87.9500,89.8294,1355777
2024-02-01,89.4850,90.7700,89.0600,89.9263,466494
2024-02-02,90.1500,90.6600,89.7000,90.0778,610590
2024-02-05,90.0800,90.5974,89.8000,90.2559,1640366
2024-02-06,90.7250,90.9100,89.8700,90.2494,347676
2024-02-07,90.6550,90.8700,89.6700,90.7481,720926
2024-02-08,90.3750,90.4800,87.9524,88.8962,354959
2024-02-09,88.4800,88.9800,88.1000,88.6316,1590282
2024-02-12,88.1300,88.2000,87.0400,87.1300,217629
2024-02-13,88.2050,88.8200,87.9800,88.1236,694528
2024-02-14,88.4200,88.5600,87.7200,88.1228,615441
2024-02-15,87.5750,88.3050,87.3800,87.7002,960653
2024-02-16,87.9850,88.7400,87.5300,88.4065,381950
2024-02-19,88.5700,89.7990,88.5000,89.5942,254022
2024-02-20,89.5350,91.0400,89.4500,90.2760,764304
2024-02-21,89.8250,90.1800,89.3400,90.0400,792364
2024-02-22,90.7550,90.7900,90.0200,90.2612,2052619
2024-02-23,90.8700,91.7200,90.4900,91.6163,4320584
2024-02-26,91.7300,92.1100,91.3400,91.4085,305569
2024-02-27,90.7750,90.9400,90.3800,90.5400,10823380
2024-02-28,90.9500,91.3600,89.9982,90.3832,3642672
2024-02-29,89.8050,90.1800,89.1000,89.4900,2451001
2024-03-01,89.7400,90.6400,89.4900,90.2963,7255945
2024-03-04,90.4100,90.8400,89.7700,90.0069,3299402
2024-03-05,90.6350,90.9200,90.1800,90.7363,2972844
2024-03-06,90.6050,91.0600,90.2300,90.8250,781614
2024-03-07,88.0700,88.8400,87.5900,87.8421,1275504
2024-03-08,87.5850,88.1300,87.2600,87.3900,4357140
2024-03-11,88.5300,88.8950,88.4100,88.8000,2707579
2024-03-12,88.9700,89.3300,87.3600,87.6213,4060144
2024-03-13,87.5150,88.7500,86.3600,87.2607,3083049
2024-03-14,87.2400,87.2700,86.3500,86.7427,2888450
2024-03-15,86.1400,87.1400,85.6400,86.2475,6857061
2024-03-18,85.8250,85.9500,85.1600,85.5300,4956636
2024-03-19,85.3000,85.5300,84.8000,85.5187,9932179
2024-03-20,85.8900,85.8900,84.0000,85.1985,2369499
2024-03-21,85.2500,86.9200,85.0900,86.9100,2100226
2024-03-22,86.5700,86.8600,85.8700,86.5225,506488
2024-03-25,86.3750,86.5000,86.0000,86.1300,57401
2024-03-26,86.3250,86.5000,85.8600,86.0944,168963
2024-03-27,86.4500,86.7800,86.2600,86.6152,3075415
2024-03-28,86.5900,87.3831,86.5100,86.8892,738024
2024-04-02,87.2200,87.9000,85.2200,85.7886,256970
2024-04-03,86.1000,86.4800,85.6600,86.0051,8665870
2024-04-04,85.7800,88.8000,85.5300,86.8481,466949
2024-04-05,87.1450,87.2700,85.9700,86.3971,588268
2024-04-08,86.4000,87.1300,86.3494,86.6877,397674
2024-04-09,86.0500,86.4500,85.8400,86.3036,292382
2024-04-10,86.5000,86.5000,85.5200,85.9019,153229
2024-04-11,86.1300,86.4300,85.5000,86.2390,251577
2024-04-12,85.8950,86.7000,85.6300,86.1200,623823
2024-04-15,86.1500,86.6500,85.7000,86.3800,200702
2024-04-16,85.9750,86.0800,84.5800,85.0000,3007663
2024-04-17,84.8100,85.4000,84.3800,84.8500,910850
2024-04-18,84.6250,84.8000,84.3200,84.6149,445745
2024-04-19,83.8150,85.5300,83.6100,84.9900,272549
2024-04-22,86.2050,87.3600,85.5100,87.0800,669303
2024-04-23,90.0400,92.0000,88.9222,90.0216,906668
2024-04-24,89.9550,90.3000,89.1193,89.3313,480961
2024-04-25,90.1000,90.8100,89.1200,90.2615,363084
2024-04-26,90.1300,90.1300,89.1000,89.4885,472109
2024-04-29,89.2500,89.4600,88.5400,89.0144,126366
2024-04-30,88.8500,89.4900,88.6400,89.0500,337301
2024-05-01,89.0500,89.0500,89.0500,89.0500,5524
2024-05-02,89.0650,89.6700,88.4700,88.7791,134450
2024-05-03,88.8200,88.8400,87.9100,88.7200,57516
2024-05-07,88.3250,89.7900,88.2600,89.7800,334954
2024-05-08,90.0800,90.6900,90.0000,90.5400,409375
2024-05-10,91.4350,92.3500,91.2250,91.4450,1492061
2024-05-13,92.4100,93.0400,92.3800,92.4300,3777312
2024-05-14,92.9900,93.7400,92.3200,93.4900,74904
2024-05-15,93.5450,93.7100,93.0400,93.3000,73512
2024-05-16,92.9200,93.1400,92.4700,92.8900,32729
2024-05-17,93.1550,93.8400,93.0100,93.3700,100905
2024-05-21,93.6600,94.0800,93.0400,93.3900,1087602
2024-05-22,93.4750,93.6000,93.0300,93.3000,170485
2024-05-23,93.4250,93.5400,92.6200,92.7700,557019
2024-05-24,92.3250,92.3900,91.2500,91.7400,55934
2024-05-28,92.2450,92.2500,90.8800,91.1100,113511
2024-05-29,90.7450,91.0100,90.3700,90.8400,518382
2024-05-30,91.7100,91.7600,90.9100,91.1500,171012
2024-05-31,91.1150,93.1793,90.8400,93.1700,217297
2024-06-03,93.7400,93.7900,92.5600,92.7876,216265
2024-06-04,92.3050,92.9500,91.9600,92.4522,58900
2024-06-05,93.5650,94.5000,93.4700,94.3200,334555
2024-06-06,94.1500,94.9900,94.0400,94.4600,584328
2024-06-07,94.9400,95.4000,94.6800,95.0832,178097
2024-06-10,94.3150,94.5000,93.8800,94.3300,85749
2024-06-11,94.7450,95.0100,93.8300,94.1150,393224
2024-06-12,94.0400,94.8400,94.0000,94.5162,329741
2024-06-13,94.7050,94.9300,94.0500,94.5550,291315
2024-06-14,94.4400,95.2100,94.0600,94.7467,379817
2024-06-17,94.3650,94.4400,93.1300,94.2542,1508469
2024-06-18,93.6100,93.6500,92.7600,93.2700,94660
2024-06-19,92.8400,94.0000,92.8200,93.4633,1298332
2024-06-20,93.9450,94.3300,93.2200,93.8318,1381059
2024-06-21,94.1600,94.7500,93.9900,94.2168,1802875
2024-06-24,94.1600,96.2600,94.0400,95.5682,269111
2024-06-25,95.6400,96.0600,95.5200,95.8033,351002
2024-06-26,96.2350,96.9900,95.6600,96.1509,46586
2024-06-27,95.9650,96.1000,95.4400,95.6062,1408236
2024-06-28,95.8850,96.3700,95.7300,96.0300,184070
2024-07-01,96.0400,97.0400,95.6800,96.2190,62278
2024-07-02,95.8850,96.5200,95.5400,96.3594,80079
2024-07-03,96.4500,96.6100,95.9100,96.2800,64043
2024-07-04,96.5000,97.3700,96.1900,97.0508,656718
2024-07-05,97.4750,97.5300,96.5000,97.0881,78751
2024-07-08,96.9100,97.6700,96.3800,96.5000,547721
2024-07-09,96.9300,97.9600,96.9300,97.5071,163247
2024-07-10,97.1050,98.3200,96.9300,97.5248,130936
2024-07-11,99.1450,100.3000,99.0600,99.8416,75029
2024-07-12,99.3600,100.7000,99.2100,100.3550,96486
2024-07-15,100.2150,100.9400,99.1000,99.5757,47534
2024-07-16,98.4850,99.1300,98.4100,98.7412,69775
2024-07-17,98.4850,99.4700,97.5900,97.7400,796941
2024-07-18,96.5800,97.9600,94.8000,95.7622,2120751
2024-07-19,94.7850,96.1600,94.0300,95.0000,222174
2024-07-22,94.7750,96.3800,94.6000,96.3300,1377337
2024-07-23,96.6850,96.9900,95.6400,96.4939,1410015
2024-07-24,95.7300,96.3600,94.8500,95.7655,509899
2024-07-25,97.0800,97.0800,95.8000,96.1693,271732
2024-07-26,97.0350,97.4500,96.2000,96.7698,166823
2024-07-29,97.4050,98.5600,97.2400,98.0587,81269
2024-07-30,98.2650,98.7200,97.6700,98.3080,48791
2024-07-31,98.5050,98.9400,97.9300,98.4557,30615
2024-08-02,97.1350,97.8000,96.2400,97.0129,104626
2024-08-05,95.5450,95.6000,93.4100,94.1607,179987
2024-08-06,92.9700,93.6500,91.9900,92.6800,533442
2024-08-07,93.9850,96.9300,93.8900,96.1426,95567
2024-08-08,96.0300,96.1800,95.0400,95.6527,1018088
2024-08-09,96.3750,115.9756,95.8500,96.4833,129155
2024-08-12,96.9000,97.2600,96.5200,96.8100,169776
2024-08-13,96.6050,97.1700,95.6300,96.5949,1329595
2024-08-14,97.4650,98.3900,97.2500,97.6050,180915
2024-08-15,98.4650,99.2600,98.2800,99.0322,1132600
2024-08-16,98.7150,99.7800,98.6700,99.4700,699437
2024-08-19,99.1700,100.3000,99.1600,99.6600,594316
2024-08-20,100.2200,100.7500,100.0600,100.2200,441131
2024-08-21,100.0400,100.6400,99.8600,100.5857,285731
2024-08-22,100.2600,100.7800,100.2600,100.5322,395385
2024-08-23,100.6700,100.9600,100.3400,100.8130,105350
2024-08-27,100.9650,101.2600,100.7000,100.7600,368778
2024-08-28,101.0000,101.7800,100.9400,101.5000,297052
2024-08-29,101.1950,102.1000,101.1200,101.9200,422216
2024-08-30,101.9000,102.6000,101.8200,102.0800,285602
2024-09-02,102.3300,102.7200,101.9600,102.0822,124259
2024-09-03,101.9400,102.0000,100.9600,101.3192,1424596
2024-09-04,100.3350,101.0400,100.1200,100.9200,1770526
2024-09-05,100.0800,100.1800,98.9100,99.2998,300111
2024-09-06,97.9950,99.6500,97.6400,98.6136,310650
2024-09-09,98.8500,99.7900,98.7300,99.0733,471012
2024-09-10,99.4000,99.5500,98.4400,99.1519,1798018
2024-09-11,97.0450,97.7900,95.8500,96.3469,304952
2024-09-12,98.4400,98.8400,98.0000,98.6536,740200
2024-09-13,98.3450,98.5900,97.6700,98.0690,747328
2024-09-16,97.9550,98.9200,97.9000,98.6500,167135
2024-09-17,99.1100,99.2000,97.9100,98.0300,558719
2024-09-18,98.1550,98.4900,97.5600,98.0000,1181728
2024-09-19,98.5650,99.1526,98.2100,98.8200,866622
2024-09-20,98.3100,99.2700,98.2500,99.0082,499442
2024-09-23,98.4200,99.1200,98.4200,98.5253,1180742
2024-09-24,98.7950,98.9500,97.9300,98.4000,1156242
2024-09-25,98.6400,99.3600,98.5000,99.3600,418615
2024-09-26,99.7350,99.8600,96.8600,97.4524,1418721
2024-09-27,97.6000,98.1400,97.3200,97.8087,1859439
2024-09-30,97.3200,97.6200,97.0300,97.3004,854806
2024-10-01,97.4750,97.7700,96.6900,97.3923,312133
2024-10-02,96.6950,97.4700,96.6400,97.0795,320577
2024-10-03,97.6000,98.0200,97.1500,97.7043,80685
2024-10-04,97.1850,97.7200,96.8800,97.2622,1078199
2024-10-07,97.8550,98.1200,97.2100,97.6775,323593
2024-10-08,97.7050,97.9300,97.2800,97.6422,1349510
2024-10-09,97.7050,99.2700,97.6000,98.6664,262820
2024-10-10,99.4400,100.0000,98.5700,99.4089,397099
2024-10-11,98.4800,99.6100,98.3800,98.8194,866832
2024-10-14,99.7700,100.3600,99.7000,100.0771,70490
2024-10-15,100.3400,100.8400,99.8200,100.6160,316242
2024-10-16,100.2350,100.9600,100.1600,100.5727,1201423
2024-10-17,101.0200,101.1400,99.8900,100.6600,526233
2024-10-18,100.7650,101.1600,100.3000,100.8989,463877
2024-10-21,100.9450,101.1600,100.4400,100.8295,472826
2024-10-22,99.9250,100.0400,98.5500,99.1367,90391
2024-10-23,99.2850,99.4300,98.5900,99.0011,74726
2024-10-24,99.3650,99.4700,98.2400,98.8484,120766
2024-10-25,97.8550,98.8100,97.8000,98.4147,160009
2024-10-28,98.9700,100.0200,98.1600,98.9079,112838
2024-10-29,98.0950,98.2000,95.5700,96.5000,121048
2024-10-30,96.0700,96.5500,95.0500,95.8517,137078
2024-10-31,94.9300,95.0700,93.3800,93.9615,255115
2024-11-01,94.0800,95.6200,94.0800,95.0340,119339
2024-11-04,95.1450,96.2300,95.0000,95.8416,146609
2024-11-05,95.6400,95.8400,93.8300,95.5333,333148
2024-11-06,95.2100,95.7100,93.1600,94.0900,165934
2024-11-07,93.5150,93.8800,92.7500,93.0000,261621
2024-11-08,93.7000,93.8000,92.7700,92.8600,115777
2024-11-11,93.2500,93.6100,93.0300,93.2499,88072
2024-11-12,92.8300,92.9300,92.2750,92.3600,56302
2024-11-13,92.2850,92.4800,91.4200,91.9500,194523
2024-11-14,92.0000,92.8600,91.6100,91.6800,200929
2024-11-15,91.5850,92.0300,91.1100,91.7100,294143
2024-11-18,91.3900,91.5000,90.6500,91.1100,1149417
2024-11-19,91.5050,91.6800,90.0900,91.0600,82060
2024-11-20,91.3800,91.4300,90.7000,90.8913,191897
2024-11-21,91.6500,91.7000,90.7700,91.4900,113077
2024-11-22,92.0900,93.9800,92.0900,93.6800,281969
2024-11-25,92.4800,93.0400,91.9300,92.4206,238036
2024-11-26,92.0200,92.3200,91.6100,91.7500,212894
2024-11-27,92.0600,92.7500,91.7100,92.1344,165513
2024-11-28,92.8200,93.4600,92.7500,93.1941,955178
2024-11-29,93.3000,93.5000,92.4700,93.1618,73159
2024-12-02,93.0750,93.6400,92.8200,93.1821,183665
2024-12-03,92.8500,93.5600,92.7200,93.0200,744372
2024-12-04,91.9050,93.0200,89.6850,90.1000,449681
2024-12-05,90.5600,91.1100,90.2000,90.5721,241214
2024-12-06,90.4500,90.4800,89.8100,90.2008,547069
2024-12-09,89.8050,90.0400,88.9700,89.3567,184207
2024-12-10,89.3600,89.6500,88.7300,89.3200,5811990
2024-12-11,88.2250,88.6000,87.8600,88.2831,1826945
2024-12-12,87.6700,88.4000,87.1000,87.6400,1938019
2024-12-13,88.1300,88.1300,87.5000,87.7400,582214
2024-12-16,87.8650,88.1500,87.4700,87.7605,500964
2024-12-17,87.1150,88.7700,86.7600,88.7200,1036264
2024-12-18,88.6750,88.7500,87.9700,88.2234,2901032
2024-12-19,87.4450,87.9800,86.8400,87.3800,318079
2024-12-20,86.2650,86.9500,85.8100,86.3102,1500686
2024-12-23,86.8700,87.9900,86.6100,87.6800,244791
2024-12-27,88.3250,88.8200,87.8200,87.9933,126809
2024-12-30,88.7550,89.2000,88.3400,88.5570,97030
2025-01-03,88.6550,89.0800,88.4245,88.6752,460082
2025-01-06,89.0750,89.1600,88.3200,88.9600,124376
2025-01-07,88.4400,90.3900,88.1000,90.3900,95898
2025-01-08,90.2150,91.1000,89.8550,90.6351,210356
2025-01-09,91.1450,92.0700,90.8700,91.7497,129726
2025-01-10,91.5650,91.6400,90.9100,91.2842,538899
2025-01-13,90.9500,91.0400,90.2200,90.5439,649255
2025-01-14,90.4200,91.0700,89.9400,90.1100,1318893
2025-01-15,89.9350,90.7400,89.7000,90.2804,461041
2025-01-16,90.3850,90.7200,90.1350,90.4764,115743
2025-01-17,90.4300,90.8400,89.3200,89.8373,420920
2025-01-20,88.9900,89.5600,88.9400,89.3128,955486
2025-01-21,89.1850,89.7300,89.1500,89.3600,1105901
2025-01-22,90.5900,90.7400,89.5300,89.7300,1084113
2025-01-23,89.7100,90.5200,89.3600,90.0569,1160483
2025-01-24,90.8700,90.9700,89.9100,90.2600,1848117
2025-01-27,90.8900,92.4700,90.7700,91.8000,808591
2025-01-28,93.2300,93.3000,92.3600,92.4400,716704
2025-01-29,92.1100,93.7400,92.0100,93.4400,481290
2025-01-30,93.3400,94.0000,93.3400,93.6600,913297
2025-01-31,95.8550,97.9500,95.3300,96.5919,345835
2025-02-03,94.8500,96.1102,94.5200,95.4584,1266403
2025-02-04,96.7250,96.8700,95.1400,95.5900,1219973
2025-02-05,95.7900,98.5800,95.6400,97.1624,644647
2025-02-06,99.1900,99.1900,97.5600,98.3306,941578
2025-02-07,96.9100,97.8600,96.8300,97.3537,444864
2025-02-10,96.6350,97.4600,96.4600,97.0485,572419
2025-02-11,97.2700,98.0400,96.8900,97.3505,260785
2025-02-12,97.8750,97.9000,97.1300,97.5032,168666
2025-02-13,96.0900,97.7800,96.0600,97.1811,195593
2025-02-14,97.1350,97.2300,95.2200,96.4229,495219
2025-02-17,95.4650,95.7400,95.1700,95.5121,2807856
2025-02-18,95.6000,96.1700,95.3800,95.8265,1240769
2025-02-19,96.1600,96.6600,95.8200,96.1918,1152808
2025-02-20,96.4500,96.7350,95.4500,95.9598,256675
2025-02-21,95.8750,98.2900,95.3800,96.2900,345124
2025-02-24,98.1300,98.8950,97.9600,98.2798,1705231
2025-02-25,98.4100,100.7400,98.4100,99.5692,5610294
2025-02-26,97.9950,98.5000,96.7800,97.4992,1613796
2025-02-27,96.4800,97.7500,96.3000,97.2540,390990
2025-02-28,97.4050,98.0600,96.9800,97.5041,3308505
2025-03-03,98.4650,99.0800,97.9200,98.7612,11439100
2025-03-04,99.0050,99.9450,98.9400,99.5104,6404575
2025-03-05,99.0100,100.2200,98.3600,99.2566,1929353
2025-03-06,99.0900,99.8200,98.5400,99.0663,349272
2025-03-07,99.0900,101.0800,98.7500,100.8828,5091368
2025-03-10,101.0800,101.8200,100.4200,101.6660,661467
2025-03-11,98.5000,98.7000,95.4100,98.5200,782052
2025-03-12,95.7300,97.1647,95.7200,96.4079,294331
2025-03-13,95.9750,97.4900,95.8400,96.9300,496764
2025-03-14,96.6450,96.7900,95.3300,96.1548,718274
2025-03-17,96.2850,98.6000,96.2200,97.6523,10789670
2025-03-18,98.5250,98.8000,97.9400,98.3297,1190238
2025-03-19,98.1550,98.7050,97.8800,98.3079,1302483
2025-03-20,97.8350,99.9200,97.7800,99.7800,2065119
2025-03-21,98.8150,99.9500,98.6400,99.4800,3477059
2025-03-24,99.1500,99.2900,98.1200,98.8338,877559
2025-03-25,98.3450,99.3000,97.8800,98.8159,1384591
2025-03-26,97.3400,97.5200,96.0150,96.1100,898171
2025-03-27,97.4050,98.6100,96.7400,98.2900,363049
2025-03-28,98.1750,98.9400,98.0300,98.5900,309744
2025-03-31,98.2100,98.5100,97.4850,97.9762,367362
2025-04-01,99.1650,100.4200,98.0900,100.1107,297097
2025-04-02,96.9200,97.4650,96.7100,97.0251,581828
2025-04-03,98.1100,98.6500,96.9000,97.6707,381680
2025-04-04,95.8250,96.3500,91.5100,92.9245,526748
2025-04-07,86.2950,89.9600,85.8100,87.1147,348697
2025-04-08,88.9800,89.9900,87.0500,88.9000,722713
2025-04-09,84.8200,85.5600,81.2200,83.6700,1067840
2025-04-10,90.1900,90.3000,84.5100,87.8724,350631
2025-04-11,86.2350,87.0000,85.2800,86.1835,1109197
2025-04-14,87.9250,89.3400,87.1700,88.9382,496045
2025-04-15,89.3000,90.3900,88.9100,90.2000,350367
2025-04-16,89.6000,90.8500,89.4500,89.9836,87367
2025-04-17,89.9350,90.6300,89.3400,90.0229,168381
2025-04-22,90.8200,91.3600,89.7150,90.6800,4852569
2025-04-23,91.6800,92.0200,90.5200,91.2328,204849
2025-04-24,91.6400,92.5050,91.0700,92.1412,96928
2025-04-25,92.3450,93.0900,91.7000,92.5548,166130
2025-04-28,93.0150,93.7000,92.3700,93.4321,290763
2025-04-29,94.7050,94.9000,93.0000,94.2550,417349
2025-04-30,94.0200,94.5300,93.2700,93.8650,1039807
2025-05-01,93.8650,93.8650,93.8650,93.8650,0
2025-05-02,92.8500,94.8600,92.8000,94.5100,284115
2025-05-06,92.7450,93.4750,92.4600,92.7450,88368
2025-05-07,90.8100,92.4000,90.5000,92.0000,247902
2025-05-08,91.5350,92.3850,90.7100,91.4894,980114
2025-05-09,91.8250,91.9600,90.5700,91.5850,684628
2025-05-12,88.2950,91.8300,88.0800,91.6500,418896
2025-05-13,91.7600,91.9300,89.9700,90.4700,313597
2025-05-14,89.7800,90.8800,89.1000,89.8450,681671
2025-05-15,87.9900,90.3400,87.9900,89.3600,558637
2025-05-16,90.6250,91.7600,90.4600,90.9700,390237
2025-05-19,91.6000,91.7600,91.0900,91.5300,419124
2025-05-20,92.2150,93.9600,92.0100,93.1600,270944
2025-05-21,92.9600,93.8200,92.8900,93.0073,306748
2025-05-22,93.3700,93.5500,92.2700,93.4950,178770
2025-05-23,93.3800,93.6200,91.7000,92.0800,581886
2025-05-27,93.6400,94.1700,93.4900,93.6400,738095
2025-05-28,93.3100,93.6700,92.5400,93.4050,274257
2025-05-29,93.4050,93.4050,93.4050,93.4050,0
2025-05-30,93.0950,95.0950,93.0300,94.6950,427730
2025-06-02,95.4750,95.6300,94.6400,95.0800,474652
2025-06-03,95.3200,95.7300,94.9450,95.2896,672682
2025-06-04,95.5250,96.4300,94.8500,95.4950,452148
2025-06-05,95.8750,96.8800,95.8000,96.1800,794785
2025-06-06,96.6250,97.4600,96.5000,96.6950,116568
2025-06-09,96.6950,96.6950,96.6950,96.6950,0
2025-06-10,97.2300,97.9600,97.1500,97.2200,375019
2025-06-11,97.6650,97.9000,97.0000,97.8150,1042950
2025-06-12,96.6600,98.3550,96.6600,98.1900,320996
2025-06-13,96.7350,98.0000,96.4800,97.5150,769329
2025-06-16,96.8800,96.8950,96.0200,96.4673,336792
2025-06-17,95.6300,96.4000,95.2200,95.8259,2047875
2025-06-18,95.0650,95.4900,94.4900,95.0250,968947
2025-06-19,94.7450,95.5500,94.4900,94.7550,571768
2025-06-20,95.1750,95.7000,94.7200,95.3700,600391
2025-06-23,94.4300,95.2700,94.3500,94.7800,141685
2025-06-24,95.6600,96.3000,95.0800,95.8161,363531
2025-06-25,95.6900,95.8400,94.9100,95.5650,136903
2025-06-26,95.4650,96.5200,95.3900,95.7800,1098460
2025-06-27,96.3650,97.2200,95.9500,96.4700,148680
2025-06-30,96.0700,96.3800,95.5500,95.8934,178771
2025-07-01,96.7050,97.9000,96.2700,96.7473,305542
2025-07-02,97.9800,98.7600,97.0200,97.8000,116618
2025-07-03,97.9550,98.3150,96.4000,96.6450,689883
2025-07-04,96.5300,99.6000,96.4000,97.9400,121884
2025-07-07,97.7450,97.8700,97.2000,97.6349,462176
2025-07-08,97.6250,97.8450,96.9000,97.6450,159284
2025-07-09,97.2100,97.8900,96.8300,97.4150,193387
2025-07-10,97.9150,99.5000,97.8800,99.5000,93006
2025-07-11,98.5600,98.8800,95.9600,97.1850,573909
2025-07-14,96.5100,96.8000,95.7900,96.2000,285722
2025-07-15,96.6150,97.3200,95.7400,96.8233,346687
2025-07-16,96.1700,96.3000,94.7050,94.8600,170866
2025-07-17,94.0400,95.2300,92.4400,93.5350,534027
2025-07-18,92.3550,92.9400,91.9250,92.4800,171760
2025-07-21,91.8250,92.3050,91.4100,92.1700,232958
2025-07-22,91.4150,92.4200,91.2900,91.7358,567040
2025-07-23,93.6000,93.6400,92.6400,93.6000,356266
2025-07-24,93.8950,94.0000,93.1500,93.4550,911189
2025-07-25,93.5850,93.6600,92.6400,93.2000,89310
2025-07-28,93.9450,94.2600,93.1900,93.7500,146848
2025-07-29,93.6100,94.8950,93.4800,93.9050,176834
2025-07-30,94.4600,95.6900,94.4200,94.6550,49942
2025-07-31,95.4750,95.9100,93.8800,94.1800,518845
2025-08-01,94.1800,94.1800,94.1800,94.1800,0
2025-08-04,92.5500,94.7100,92.5000,93.0764,1481474
2025-08-05,95.4350,95.7000,94.9400,95.4000,381352
2025-08-06,94.5000,94.9100,92.1100,93.4450,444114
2025-08-07,91.6600,93.0500,91.6600,92.0200,439769
2025-08-08,94.3050,94.8500,93.1700,94.5000,1355535
2025-08-11,95.5750,97.0600,95.5000,96.2143,158484
2025-08-12,96.1600,96.9300,95.8700,96.4150,128699
2025-08-13,96.2850,97.5500,96.2300,96.5500,157139
2025-08-14,97.4850,98.5700,97.3100,97.5650,183261
2025-08-15,98.7800,99.4900,98.7000,98.9900,1323573
2025-08-18,99.7100,100.3600,99.3400,99.6600,911432
2025-08-19,99.8700,101.1600,99.8000,100.4403,728163
2025-08-20,101.0750,102.7400,101.0000,102.2400,494673
2025-08-21,102.2050,102.9200,101.8340,102.2050,500531
2025-08-22,102.4250,103.2000,101.8000,102.7000,394400
2025-08-26,100.6250,102.2800,100.5800,101.2800,543184
2025-08-27,101.5450,102.6000,101.5000,101.9200,260988
2025-08-28,101.8150,105.3800,101.0800,101.7600,45482
2025-08-29,101.2500,101.6600,100.9200,101.3550,181690
2025-09-01,101.4100,101.9200,101.0800,101.4692,483443
2025-09-02,101.2550,101.8600,101.0000,101.2631,866528
2025-09-03,102.4200,103.0800,101.5000,101.8200,507325
2025-09-04,102.9900,104.6200,102.8200,104.5300,867213
2025-09-05,103.7900,104.3000,103.6000,104.0000,500979
2025-09-08,103.5400,103.7100,101.5200,102.2559,593030
2025-09-09,102.2300,102.3800,101.5800,102.0600,563644
2025-09-10,101.8000,102.2800,100.5200,100.5350,2382034
2025-09-11,101.3300,102.2200,101.2400,101.3700,1949403
2025-09-12,99.1300,99.9000,98.5800,99.1450,1019138
2025-09-15,98.9350,99.1500,97.2300,97.6795,604387
2025-09-16,97.6250,97.6700,96.7200,97.1770,3442255
2025-09-17,96.4900,96.6800,96.0600,96.4100,309352
2025-09-18,97.1500,97.1500,96.2400,96.8500,574659
2025-09-19,96.8000,98.1850,96.7200,96.8900,1583870
2025-09-22,97.6000,98.5200,97.4350,98.0000,1057192
2025-09-23,97.5650,98.0000,96.9800,97.3585,716748
2025-09-24,97.4350,97.9900,96.8100,97.5700,633535
2025-09-25,97.7450,99.3300,97.6700,99.1700,638736
2025-09-26,98.0150,98.6500,97.2200,97.6200,777815
2025-09-29,98.2900,99.3500,98.0800,98.9487,815913
2025-09-30,98.7400,100.5000,98.4100,99.4686,1140997
2025-10-01,102.3100,104.0200,102.0400,102.6600,1843202
2025-10-02,104.9800,105.1400,103.9000,104.6300,1482931
2025-10-03,104.4000,106.1600,104.4000,105.9400,932143
2025-10-06,105.0800,106.3800,105.0000,105.5463,418872
2025-10-07,105.4100,105.6000,104.8600,105.3005,290923
2025-10-08,105.2100,106.6200,105.2000,106.2562,734199
2025-10-09,106.2500,106.8600,106.1600,106.5564,705317
2025-10-10,106.2700,106.7000,104.9200,105.0836,813600
2025-10-13,104.8000,105.2000,103.7200,104.4843,2885274
2025-10-14,103.7300,104.6800,103.7200,103.7816,219172
2025-10-15,103.3600,104.0400,102.4000,103.6100,524319
2025-10-16,103.0900,104.4200,102.9000,103.2600,900258
2025-10-17,103.6300,104.2200,102.6400,103.5000,637969
2025-10-20,103.6900,104.7500,103.5700,103.8131,604936
2025-10-21,104.5500,104.8600,104.1300,104.6076,1595894
2025-10-22,104.2600,105.3800,104.2200,104.2800,475908
2025-10-23,104.2200,104.9600,104.1000,104.3400,445106
2025-10-24,104.8200,105.0000,103.5000,104.5700,631798
2025-10-27,103.2200,103.2200,101.3600,102.7147,2071988
2025-10-28,99.8050,100.4800,98.2000,99.3714,1008934
2025-10-29,98.1750,98.5000,97.1000,98.3850,1275107
2025-10-30,97.7000,98.8800,97.6000,97.8750,318448
2025-10-31,100.1850,100.3000,98.6500,99.8700,464291
2025-11-03,99.4550,100.0000,99.2400,99.5199,253778
2025-11-04,99.9050,101.4800,99.1600,101.4800,1029334
2025-11-05,101.0000,102.0200,100.6000,100.9000,251740
2025-11-06,101.5500,102.4000,101.2900,101.5500,271502
2025-11-07,101.7850,102.1000,101.2800,101.8150,464216
2025-11-10,100.9050,102.5400,100.8000,102.2198,177794
2025-11-11,102.5800,104.0800,102.2000,104.0800,396318
2025-11-12,104.0600,105.0400,103.9200,103.9500,960883
2025-11-13,105.0200,106.1700,104.7000,105.0800,1091963
2025-11-14,104.4300,105.3200,104.2000,105.0200,1530292
2025-11-17,104.6500,105.9600,104.6000,105.7816,1122363
2025-11-18,104.5300,104.9016,101.1700,102.7060,859592
2025-11-19,102.5050,103.0200,101.9900,102.5206,272866
2025-11-20,102.5898,102.5898,99.9250,99.9250,3977
