date,open,high,low,close,volume
2006-03-07,84.8633,85.5695,84.8633,85.5695,43
2006-04-04,89.6729,89.6729,89.4013,89.4013,28
2006-10-17,88.3895,88.3895,88.1289,88.1289,29
2006-10-24,96.1051,96.1051,95.7488,95.7488,13
2006-10-31,97.1470,97.1470,95.2729,95.2729,26
2006-11-10,103.3162,103.3399,103.3162,103.3399,22
2006-11-23,104.0992,104.0992,103.9821,103.9821,27
2007-03-05,107.6117,107.6117,106.3174,106.3174,48
2007-04-27,117.9593,117.9593,117.9593,117.9593,42
2007-06-06,118.0506,118.0506,117.6384,117.6384,54
2007-06-08,114.5751,114.8422,114.5751,114.8422,27
2007-06-15,118.9992,118.9992,118.0411,118.0411,27
2007-08-07,110.7348,111.9280,110.7348,111.9280,54
2007-11-06,133.5240,134.4930,133.5240,134.4930,160
2007-11-13,131.8370,131.8370,131.1185,131.1185,126
2007-11-14,126.4034,130.2626,126.4034,130.2626,234
2007-11-30,128.1690,128.1690,128.1690,128.1690,648
2007-12-05,124.0106,133.1490,124.0106,124.0106,519
2007-12-07,124.4645,124.4645,124.4645,124.4645,3
2007-12-18,134.2524,134.2524,131.5906,131.5906,34764
2007-12-19,132.5000,135.6000,132.5000,132.5000,4738
2007-12-20,135.4253,135.4253,135.4253,135.4253,4426
2007-12-27,134.2484,134.2484,134.2484,134.2484,4729
2007-12-28,135.6075,136.6970,135.6075,135.6075,3777
2008-01-07,133.0151,133.0151,133.0151,133.0151,2516
2008-01-08,137.0803,137.0803,137.0803,137.0803,7665
2008-01-11,138.6685,138.6685,138.6685,138.6685,1986
2008-01-14,135.0484,135.0484,135.0484,135.0484,13387
2008-01-16,127.5254,127.5254,127.5061,127.5061,3919
2008-01-17,128.1783,128.1783,128.1783,128.1783,27961
2008-01-21,120.9811,120.9811,120.9811,120.9811,6693
2008-01-22,126.7000,126.7000,126.7000,126.7000,106
2008-01-24,128.9000,129.2020,128.9000,128.9000,161
2008-01-28,131.5000,132.3275,131.5000,131.5000,22418
2008-01-29,135.5020,135.5020,135.5020,135.5020,1511
2008-01-30,137.4000,137.4000,137.4000,137.4000,64
2008-01-31,138.5000,138.8500,134.9000,134.9000,112917
2008-02-01,136.9000,136.9000,136.9000,136.9000,307
2008-02-05,135.7000,135.7000,134.5000,134.5000,344
2008-02-06,137.7799,137.7799,137.7799,137.7799,4653
2008-02-08,137.3500,137.3500,137.3500,137.3500,5595
2008-02-11,138.0000,138.0000,137.6200,137.6200,7650
2008-02-12,139.9000,139.9000,139.9000,139.9000,1198
2008-02-13,144.3500,144.6000,144.3500,144.3500,881
2008-02-14,145.6000,145.6000,145.6000,145.6000,275
2008-02-15,139.8000,139.8000,139.8000,139.8000,108
2008-02-18,139.6841,139.6841,139.6841,139.6841,1033
2008-02-19,142.0796,142.0796,142.0796,142.0796,1026
2008-02-21,142.9651,142.9651,141.7000,141.7000,2003
2008-02-25,142.7000,142.7000,142.7000,142.7000,6306
2008-02-27,143.3824,143.7000,143.3824,143.3824,10801
2008-02-28,142.0633,143.6000,142.0633,142.0633,13340
2008-02-29,140.7614,140.9000,140.7614,140.7614,1786
2008-03-03,136.8000,136.8000,136.8000,136.8000,11
2008-03-04,138.5000,138.5000,138.5000,138.5000,11
2008-03-05,142.1000,142.1000,142.1000,142.1000,231
2008-03-06,143.5000,143.5000,143.5000,143.5000,100
2008-03-07,139.9000,139.9000,139.7000,139.7000,45
2008-03-10,136.2000,136.7132,135.9000,135.9000,2676
2008-03-11,135.9000,136.5000,135.6155,135.6155,4219
2008-03-12,139.1000,139.1000,138.1000,138.1000,398
2008-03-13,132.4845,132.4845,132.4845,132.4845,3648
2008-03-14,135.8000,135.8000,135.8000,135.8000,158
2008-03-17,132.6609,132.6609,130.4000,130.4000,1569
2008-03-18,131.8000,133.1402,131.8000,131.8000,3950
2008-03-20,127.7000,131.3000,127.7000,127.7000,81939
2008-03-25,131.0000,131.0000,131.0000,131.0000,285
2008-03-26,133.9500,133.9500,125.0000,125.0000,52493
2008-03-27,125.8428,125.8428,125.8428,125.8428,2416
2008-03-28,131.1000,131.1000,131.1000,131.1000,111
2008-03-31,128.0000,131.5035,128.0000,128.0000,6607
2008-04-01,133.7500,133.7500,132.2500,132.2500,282
2008-04-02,133.2500,133.2500,133.0000,133.0000,276
2008-04-04,131.4500,131.4500,131.1000,131.1000,161
2008-04-07,133.4400,133.4400,132.8664,132.8664,496
2008-04-10,132.0000,132.0000,132.0000,132.0000,149
2008-04-11,129.8500,129.8500,129.2000,129.2000,585
2008-04-16,129.2500,130.4402,129.2500,129.2500,1372
2008-04-17,130.5000,130.5000,130.5000,130.5000,1
2008-04-21,130.5000,130.5000,130.5000,130.5000,1546
2008-04-22,130.4000,130.4000,130.4000,130.4000,9
2008-04-23,136.5000,137.5000,136.5000,136.5000,195
2008-04-24,137.5000,137.7501,137.4000,137.4000,11706
2008-04-25,140.2000,140.6750,140.2000,140.2000,463
2008-04-28,142.4000,142.4000,142.4000,142.4000,8
2008-05-02,137.2000,140.9000,137.2000,137.2000,4812
2008-05-06,137.3500,137.3500,137.3500,137.3500,48
2008-05-07,136.8875,137.1000,136.8875,136.8875,132
2008-05-08,137.0500,137.6000,137.0500,137.0500,261
2008-05-09,137.8862,137.8862,137.2378,137.2378,110808
2008-05-13,138.0125,138.0125,138.0125,138.0125,409
2008-05-14,138.0000,138.0000,138.0000,138.0000,151
2008-05-15,140.1000,140.1329,138.3599,138.3599,8082
2008-05-16,139.7953,139.7993,139.7953,139.7953,9157
2008-05-21,138.5000,138.5000,137.6000,137.6000,29
2008-05-23,137.2930,137.2930,135.5875,135.5875,279
2008-05-27,136.2876,136.2876,136.2876,136.2876,367
2008-05-29,138.4000,142.7000,138.4000,138.4000,59485
2008-05-30,144.4000,144.4000,144.4000,144.4000,83
2008-06-02,143.6000,143.6000,143.6000,143.6000,3
2008-06-05,146.7393,146.7393,145.2230,145.2230,11884
2008-06-06,147.5000,147.5000,147.5000,147.5000,50
2008-06-10,142.4000,143.2000,142.4000,142.4000,6031
2008-06-11,141.8665,141.8665,141.8665,141.8665,399
2008-06-12,141.6594,141.6594,141.4881,141.4881,1224
2008-06-13,140.5000,140.5000,140.5000,140.5000,1198
2008-06-16,140.6000,140.6000,140.6000,140.6000,50
2008-06-18,141.9000,141.9000,141.9000,141.9000,164
2008-06-20,140.1234,140.1234,140.1234,140.1234,13088
2008-06-23,141.2922,141.2922,141.2922,141.2922,11909
2008-06-24,141.2000,141.2000,139.9961,139.9961,11594
2008-06-26,140.5490,140.5490,140.5490,140.5490,53
2008-07-03,133.8000,133.8000,131.9000,131.9000,123
2008-07-08,137.6375,139.9000,137.6375,137.6375,3372
2008-07-09,145.6000,145.6000,145.6000,145.6000,206
2008-07-11,143.5397,143.5397,143.5397,143.5397,3
2008-07-14,143.6314,143.6314,142.6453,142.6453,1043
2008-07-15,140.3500,140.3500,139.1000,139.1000,6954
2008-07-16,141.0000,141.0000,141.0000,141.0000,15308
2008-07-17,141.0000,145.3341,141.0000,141.0000,299
2008-07-21,145.9000,145.9000,145.9000,145.9000,3
2008-07-22,146.0000,152.3000,146.0000,146.0000,81
2008-07-23,144.3163,144.3163,144.3163,144.3163,284
2008-07-24,147.0000,147.0000,146.3903,146.3903,176
2008-07-28,151.4828,151.4828,151.4828,151.4828,648
2008-07-29,152.2455,152.8853,152.2455,152.2455,2445
2008-07-30,153.8000,153.8000,153.4317,153.4317,867
2008-08-04,152.4870,152.4870,152.4870,152.4870,5473
2008-08-05,153.4000,153.4000,153.4000,153.4000,302
2008-08-06,157.2454,157.2454,157.2454,157.2454,982
2008-08-07,154.0500,154.0500,154.0500,154.0500,55506
2008-08-13,152.3125,152.3125,152.3125,152.3125,499
2008-08-14,152.9694,154.0000,152.9694,152.9694,99114
2008-08-18,152.4000,152.4000,151.1000,151.1000,104
2008-08-20,152.0737,152.0737,152.0737,152.0737,561
2008-08-26,149.2670,149.2670,149.2670,149.2670,417
2008-08-27,152.2833,152.2833,152.2833,152.2833,10
2008-08-29,156.3000,156.3000,155.7151,155.7151,32701
2008-09-01,156.3000,156.3000,156.3000,156.3000,32387
2008-09-03,156.9000,157.7000,156.9000,156.9000,19829
2008-09-04,157.6000,157.6000,155.1000,155.1000,25900
2008-09-08,155.3000,155.3000,155.3000,155.3000,78
2008-09-11,153.0000,153.0000,153.0000,153.0000,6477
2008-09-12,150.5603,150.5603,150.5603,150.5603,8216
2008-09-15,156.3000,156.3000,150.6000,150.6000,16324
2008-09-16,150.4798,150.4798,150.2774,150.2774,1490
2008-09-17,148.1918,148.1918,147.4000,147.4000,32063
2008-09-18,148.2000,148.2000,146.0000,146.0000,1864
2008-09-19,149.1573,149.1573,149.1573,149.1573,2575
2008-09-22,146.7331,146.7331,141.2000,141.2000,1639
2008-09-24,141.7500,141.7500,141.7500,141.7500,147
2008-09-26,141.8000,141.8035,139.9000,139.9000,29807
2008-09-30,139.0000,139.0000,139.0000,139.0000,87
2008-10-01,142.3768,142.3768,139.1000,139.1000,3923
2008-10-02,142.5000,142.5000,133.9000,133.9000,2578
2008-10-03,135.3500,135.3500,130.5582,130.5582,2508
2008-10-06,131.3208,131.3208,130.1455,130.1455,2297
2008-10-07,128.3000,128.3000,123.4713,123.4713,8810
2008-10-08,119.5320,121.7000,119.3000,119.3000,24011
2008-10-09,120.0000,120.3000,119.6000,119.6000,1036
2008-10-10,114.8000,115.3125,111.7500,111.7500,3406
2008-10-13,114.3262,119.9000,114.3262,114.3262,5278
2008-10-14,123.9240,123.9240,123.9240,123.9240,3088
2008-10-15,124.3250,124.3250,124.3250,124.3250,432
2008-10-16,118.0393,118.0393,118.0393,118.0393,1746
2008-10-17,117.5000,120.7500,117.4500,117.4500,1437
2008-10-20,121.2000,121.2000,121.2000,121.2000,10796
2008-10-21,127.5000,127.5000,125.3500,125.3500,215
2008-10-24,116.9000,116.9000,114.4000,114.4000,282
2008-10-27,107.3000,107.3000,98.9500,98.9500,23967
2008-10-28,85.5750,85.5750,83.4000,83.4000,11671
2008-10-29,88.0000,91.2022,88.0000,88.0000,8620
2008-10-30,94.0000,95.4994,94.0000,94.0000,28419
2008-10-31,95.3250,95.9000,95.3250,95.3250,342
2008-11-03,97.8280,97.8280,97.8280,97.8280,1687
2008-11-04,96.9064,96.9064,96.9064,96.9064,10796
2008-11-06,90.2426,90.2426,89.1900,89.1900,12034
2008-11-07,90.0500,90.7724,90.0500,90.0500,10747
2008-11-10,93.0000,93.1900,93.0000,93.0000,8637
2008-11-11,92.2466,92.2466,92.2466,92.2466,7270
2008-11-12,93.2949,93.2949,93.2949,93.2949,23933
2008-11-13,86.9917,86.9917,86.9917,86.9917,6847
2008-11-14,90.0000,90.2862,90.0000,90.0000,23832
2008-11-17,90.2007,90.2007,90.2007,90.2007,13846
2008-11-18,89.3930,89.7605,89.3930,89.3930,8998
2008-11-19,88.5236,88.5236,88.5236,88.5236,9969
2008-11-20,85.6500,85.7691,85.3413,85.3413,15028
2008-11-25,95.0500,95.0500,94.8641,94.8641,1230
2008-11-26,95.1500,95.1500,93.8000,93.8000,569
2008-12-01,99.9500,99.9500,93.8000,93.8000,94637
2008-12-02,94.0000,96.7000,93.2277,93.2277,35399
2008-12-03,92.3000,92.3000,92.3000,92.3000,67
2008-12-05,90.2725,90.2725,90.2725,90.2725,801
2008-12-08,91.9000,91.9000,91.9000,91.9000,9539
2008-12-09,93.4000,94.4500,93.3308,93.3308,1494
2008-12-10,93.7001,94.0251,93.7001,93.7001,2542
2008-12-11,94.5000,94.5000,94.5000,94.5000,24731
2008-12-15,92.0000,92.6265,92.0000,92.0000,741
2008-12-16,91.6250,91.6250,91.6250,91.6250,386
2008-12-17,94.5000,94.5000,93.8294,93.8294,1785
2008-12-19,97.0000,97.0000,96.1016,96.1016,11510
2008-12-22,95.8500,96.2106,95.8500,95.8500,2060
2008-12-23,95.9011,95.9011,95.9011,95.9011,19886
2008-12-30,98.5000,98.5000,98.5000,98.5000,52
2009-01-05,100.2000,100.2000,100.2000,100.2000,221
2009-01-07,104.0000,104.0000,104.0000,104.0000,1242
2009-01-12,102.1483,102.4276,102.1483,102.1483,1351
2009-01-14,100.2236,100.2236,100.2236,100.2236,1259
2009-01-16,100.9000,100.9000,100.9000,100.9000,216
2009-01-19,101.7744,101.8922,101.7744,101.7744,947
2009-01-20,102.1250,102.1250,100.0000,100.0000,2440
2009-01-22,101.3000,101.3000,101.3000,101.3000,205
2009-01-23,98.6500,99.3880,98.6500,98.6500,4485
2009-01-27,103.9000,107.5000,103.8000,103.8000,13593
2009-01-28,108.8296,108.8296,108.8296,108.8296,3239
2009-01-30,109.1216,109.1216,106.1000,106.1000,493
2009-02-03,105.7000,105.7000,105.7000,105.7000,5004
2009-02-04,106.2000,106.2000,106.2000,106.2000,206
2009-02-09,112.0500,112.0500,111.5000,111.5000,82186
2009-02-10,111.5000,111.5000,111.4000,111.4000,5157
2009-02-12,113.3680,113.3680,113.3680,113.3680,10796
2009-02-19,113.5000,113.5000,111.2392,111.2392,2229
2009-02-23,116.6000,116.6000,116.6000,116.6000,69
2009-02-25,108.9000,110.0913,108.9000,108.9000,2223
2009-02-27,108.0000,108.0000,108.0000,108.0000,21192
2009-03-02,106.6750,106.6750,105.7000,105.7000,1353
2009-03-03,106.2000,106.2000,106.2000,106.2000,44458
2009-03-04,106.6086,107.3957,106.6086,106.6086,1163
2009-03-05,107.8870,107.8870,107.8870,107.8870,323
2009-03-09,106.0000,106.0000,106.0000,106.0000,52
2009-03-11,111.4500,111.4500,111.4500,111.4500,101091
2009-03-16,112.7130,112.7130,112.6000,112.6000,2268
2009-03-17,113.1000,113.1000,113.1000,113.1000,884
2009-03-20,120.0000,120.0000,119.7125,119.7125,449
2009-03-24,117.6000,117.6000,117.6000,117.6000,378
2009-03-25,118.8000,118.8000,118.8000,118.8000,299
2009-03-30,110.7000,112.5000,110.7000,110.7000,907
2009-04-01,109.3000,109.3000,108.8000,108.8000,43665
2009-04-02,111.7784,112.2000,111.7784,111.7784,2698
2009-04-06,105.0000,105.6368,105.0000,105.0000,1151
2009-04-07,105.5000,105.5000,105.5000,105.5000,215915
2009-04-14,109.0000,109.0000,105.7000,105.7000,791
2009-04-15,105.7000,105.7000,105.7000,105.7000,1932
2009-04-16,101.3000,101.3000,100.2000,100.2000,45864
2009-04-20,100.4810,100.4810,100.4810,100.4810,2222
2009-04-21,101.1032,101.5500,101.1032,101.1032,18243
2009-04-27,106.7492,106.7492,106.1000,106.1000,3476
2009-04-29,106.5085,106.5085,106.5085,106.5085,2428
2009-04-30,106.6000,106.6000,106.6000,106.6000,41
2009-05-08,100.8000,102.6000,100.5429,100.5429,2003
2009-05-12,106.2804,106.2804,106.2804,106.2804,1708
2009-05-14,105.9284,105.9284,105.8278,105.8278,1629
2009-05-15,109.3000,109.3000,109.3000,109.3000,309
2009-05-18,109.1000,109.1000,109.1000,109.1000,1434
2009-05-22,110.0000,110.0000,110.0000,110.0000,123
2014-03-12,90.7500,90.7500,90.7500,90.7500,22
2014-03-21,93.7500,93.7500,93.7500,93.7500,5
2014-04-09,87.2500,87.2500,87.2500,87.2500,2
2014-04-15,81.5000,81.5000,81.5000,81.5000,81
2014-04-17,84.5000,84.5000,84.5000,84.5000,432
2014-04-22,84.2500,85.0000,84.2500,84.2500,96
2014-04-25,87.5000,87.5000,87.5000,87.5000,50
2014-04-30,91.0000,91.0000,91.0000,91.0000,3
2014-05-06,91.5000,91.5000,91.5000,91.5000,12
2014-05-08,90.2500,90.2500,90.2500,90.2500,82
2014-06-06,98.0000,98.0000,98.0000,98.0000,65
2014-06-16,98.5000,98.5000,98.5000,98.5000,22
2014-06-19,99.7500,99.7500,99.7500,99.7500,22
2014-06-30,96.2895,96.2895,96.2895,96.2895,711
2014-07-28,101.9000,101.9000,101.9000,101.9000,432
2014-08-06,97.3965,97.3965,97.3965,97.3965,50
2014-09-10,110.5950,110.5950,110.5950,110.5950,16
2014-09-22,117.2500,117.2500,117.2500,117.2500,97
2014-09-25,115.7500,115.7500,115.7500,115.7500,63
2014-10-03,112.5000,112.5000,112.5000,112.5000,54
2014-10-07,111.5000,111.5000,111.5000,111.5000,108
2014-10-21,107.5000,107.5000,107.5000,107.5000,26989
2014-10-22,108.4457,108.4457,108.4457,108.4457,21592
2014-10-27,109.5000,109.5000,109.5000,109.5000,1
2014-11-14,106.9264,106.9264,106.9264,106.9264,223
2014-12-19,109.5000,109.5000,109.5000,109.5000,22
2014-12-23,111.5050,111.5050,111.5050,111.5050,130
2015-01-05,116.2950,116.2950,116.2950,116.2950,12
2015-01-13,123.2100,123.2100,123.2100,123.2100,80
2015-01-15,113.3000,113.3000,113.3000,113.3000,254
2015-01-19,96.5000,96.5000,96.5000,96.5000,108
2015-01-28,104.7900,104.7900,104.7900,104.7900,32
2015-01-30,109.6000,109.6000,109.3900,109.3900,5438
2015-02-12,109.1050,109.1050,109.1050,109.1050,39
2015-02-17,110.3531,110.3531,110.3531,110.3531,810
2015-02-18,111.2500,111.2500,111.2500,111.2500,27
2015-03-05,123.7100,123.7100,123.7100,123.7100,32
2015-03-10,123.9082,123.9082,123.9082,123.9082,371
2015-03-16,128.2500,128.2500,128.2500,128.2500,119
2015-03-17,126.5000,126.5000,126.5000,126.5000,96
2015-03-26,120.9100,121.8100,120.9100,121.8100,114
2015-04-23,128.2100,128.2100,128.2100,128.2100,38
2015-04-24,130.1500,130.1500,130.1500,130.1500,218
2015-05-08,131.7500,131.7500,131.7500,131.7500,27
2015-05-12,129.5000,129.5000,129.5000,129.5000,1
2015-05-22,134.2540,134.2540,134.2540,134.2540,3532
2015-05-28,135.0000,135.0000,135.0000,135.0000,25
2015-07-07,130.3000,130.9000,130.3000,130.9000,9716
2015-08-11,140.3520,140.6153,140.3520,140.6153,10353
2015-08-12,139.9572,139.9572,139.9572,139.9572,7036
2015-08-17,138.2000,138.2000,138.2000,138.2000,253
2015-10-29,146.6500,146.6500,146.6500,146.6500,6477
2015-11-02,148.2000,148.2000,148.2000,148.2000,6477
2015-11-06,147.3900,147.3900,147.3900,147.3900,5
2015-11-20,158.0000,158.8000,158.0000,158.8000,23542
2015-11-23,159.0500,159.0500,159.0500,159.0500,10796
2015-11-24,158.9000,158.9000,158.7500,158.7500,10847
2015-12-03,162.2500,162.2500,162.2500,162.2500,3
2015-12-15,154.4100,154.4100,154.4100,154.4100,288
2015-12-16,157.2500,157.2500,157.2500,157.2500,16
2015-12-29,162.3732,162.3732,162.3732,162.3732,198
2016-01-13,159.4050,159.4050,159.4050,159.4050,51
2016-01-27,159.5000,159.5000,159.5000,159.5000,5
2016-02-02,156.2500,156.2500,156.2500,156.2500,23
2016-02-04,153.7500,153.7500,153.7500,153.7500,9005
2016-02-10,140.2100,140.2100,140.2100,140.2100,38
2016-02-18,147.7512,147.7512,147.7512,147.7512,540
2016-04-04,164.8100,164.8100,164.8100,164.8100,54
2016-04-12,163.0000,163.0000,163.0000,163.0000,86
2016-04-26,162.3000,162.3000,162.3000,162.3000,216
2016-05-09,160.6000,160.6000,160.6000,160.6000,10796
2016-05-13,167.2500,167.2500,167.2500,167.2500,1
2016-06-09,166.2500,166.2500,166.2500,166.2500,1
2016-06-10,162.9100,162.9100,162.9100,162.9100,49
2016-06-17,155.5000,155.5000,155.5000,155.5000,30
2016-07-04,165.7500,165.7500,165.7500,165.7500,54
2016-07-20,182.2500,182.2500,182.2500,182.2500,39
2016-07-25,181.0000,181.0000,180.8050,180.8050,86
2016-07-28,184.7753,184.7753,184.7753,184.7753,149
2016-07-29,181.9372,181.9372,181.9372,181.9372,325
2016-08-02,181.7419,181.7419,181.7419,181.7419,147
2016-08-05,188.0000,188.0000,188.0000,188.0000,26
2016-08-08,184.7000,184.7000,184.7000,184.7000,274
2016-08-09,185.8000,185.8000,185.8000,185.8000,1080
2016-08-12,188.5163,188.5163,188.1376,188.1376,4193
2016-08-16,189.0000,189.0000,188.0443,188.0443,1558
2016-08-18,185.8201,185.8201,185.8201,185.8201,3096
2016-09-01,185.3235,185.3235,185.3235,185.3235,3163
2016-09-06,187.8959,187.8959,187.8959,187.8959,2029
2016-09-08,186.2500,186.2500,186.2500,186.2500,22
2016-09-15,180.7000,180.7000,180.7000,180.7000,7017
2016-09-20,184.5000,184.5000,184.5000,184.5000,35
2016-09-27,182.8314,182.8314,182.8314,182.8314,3450
2016-09-29,185.2500,185.2500,185.2500,185.2500,58
2016-10-11,186.2026,186.2026,183.8459,183.8459,8461
2016-10-17,181.5900,181.5900,181.5900,181.5900,25
2016-10-19,184.7500,184.7500,184.7500,184.7500,38
2016-10-21,184.8899,184.8899,184.8899,184.8899,815
2016-10-26,175.4100,175.4100,175.4100,175.4100,254
2016-10-31,187.2500,187.2500,187.2500,187.2500,10
2016-11-07,180.7500,180.7500,180.7500,180.7500,36
2016-11-08,181.2500,181.2500,181.2500,181.2500,21
2016-11-17,180.8862,180.8862,180.8862,180.8862,5930
2016-11-18,183.1654,183.1654,183.1654,183.1654,936
2016-11-22,181.1000,181.1000,181.1000,181.1000,2121
2016-12-02,176.5000,176.5000,176.5000,176.5000,56
2016-12-12,170.1000,170.1000,165.4000,165.4000,19972
2016-12-15,161.6050,161.6050,161.6050,161.6050,22
2016-12-19,171.5652,171.6951,171.5652,171.6951,14353
2016-12-20,172.9500,172.9500,172.9500,172.9500,16545
2016-12-28,174.7500,175.7500,174.7500,175.7500,9
2017-01-03,177.2500,177.2500,177.2500,177.2500,76
2017-01-04,182.5950,182.5950,182.1617,182.1617,908
2017-01-05,184.0000,184.0000,184.0000,184.0000,22
2017-01-09,183.5000,184.2500,183.5000,184.2500,85
2017-01-10,184.7500,184.7500,184.2500,184.2500,10
2017-01-13,185.0000,185.0000,185.0000,185.0000,70
2017-01-16,184.9050,184.9050,184.9050,184.9050,38
2017-01-17,183.7500,183.7500,183.7500,183.7500,143
2017-01-20,184.0061,184.0061,184.0061,184.0061,5227
2017-01-23,182.7900,183.0000,182.7900,182.9256,1213
2017-01-24,184.1008,184.1008,184.1008,184.1008,2663
2017-01-25,185.4849,185.4849,185.4849,185.4849,443
2017-01-26,187.2500,187.2500,187.2500,187.2500,32
2017-01-27,185.6371,185.6371,185.6371,185.6371,27
2017-01-30,183.4117,183.4117,183.4117,183.4117,28
2017-01-31,181.2500,181.2500,181.2500,181.2500,6
2017-02-01,175.6000,175.6000,175.0000,175.0000,3946
2017-02-07,174.2157,174.2157,174.2157,174.2157,55
2017-02-08,174.6064,174.6064,174.6064,174.6064,16
2017-02-14,177.2500,177.2500,177.2500,177.2500,37
2017-02-15,178.4357,178.4357,177.7358,177.7358,9210
2017-02-23,180.5000,180.5000,180.5000,180.5000,6
2017-03-01,186.2158,186.2158,186.2158,186.2158,2611
2017-03-02,184.4210,184.4210,184.4210,184.4210,1028
2017-03-03,184.5690,184.5690,184.5690,184.5690,819
2017-03-07,182.3120,182.3120,182.3120,182.3120,9716
2017-03-14,184.4900,184.4900,184.4900,184.4900,2
2017-03-21,184.0000,184.0000,184.0000,184.0000,36
2017-03-22,180.4000,181.6000,180.4000,181.6000,117
2017-03-23,181.5000,182.2500,181.5000,182.2500,60
2017-03-27,180.9568,180.9568,180.9568,180.9568,853
2017-03-29,183.5000,185.5631,183.5000,185.5631,3913
2017-03-30,186.6933,186.6933,186.6933,186.6933,527
2017-04-03,189.0000,189.0000,189.0000,189.0000,14
2017-04-06,190.0284,190.0284,190.0284,190.0284,15
2017-04-10,190.6859,190.6859,190.6859,190.6859,66
2017-04-12,193.5000,194.6358,193.5000,194.6358,8015
2017-04-18,193.7950,193.7950,191.8000,191.8000,96
2017-04-19,191.7500,191.7500,191.5056,191.5056,33
2017-04-21,189.7000,189.7000,189.6000,189.6000,26
2017-04-25,201.9950,203.3971,201.9950,203.3971,15034
2017-04-26,208.1050,208.1050,208.1050,208.1050,25
2017-04-28,203.9950,203.9950,203.9950,203.9950,11
2017-05-02,190.0950,190.3811,190.0950,190.3811,13783
2017-05-03,189.6040,189.6040,186.9000,187.0370,1683
2017-05-04,185.9400,185.9400,185.9400,185.9400,1343
2017-05-05,182.8740,186.1133,182.5930,186.1133,40354
2017-05-08,191.5000,191.5000,187.8252,189.3117,51520
2017-05-09,195.5350,196.0000,195.5350,195.5350,7512
2017-05-10,196.4851,198.0000,196.4851,196.7500,253
2017-05-12,198.2500,198.2500,198.2500,198.2500,1
2017-05-15,140.5300,140.5300,140.5300,140.5300,30
2017-05-16,197.2500,198.2858,197.2500,198.2858,58
2017-05-23,199.3050,200.7603,199.3050,200.7603,173
2017-05-24,201.2365,201.2365,201.2365,201.2365,587
2017-05-26,201.7950,203.2500,201.7000,201.7000,26896
2017-05-31,203.3000,203.3000,201.9500,202.0000,169984
2017-06-01,202.2500,202.2500,200.6000,200.6000,32104
2017-06-02,206.3000,206.3000,205.5700,206.0000,27533
2017-06-06,203.0316,203.0316,203.0316,203.0316,633
2017-06-14,200.7004,200.7004,200.7004,200.7004,7414
2017-06-15,198.6000,198.6000,198.6000,198.6000,7000
2017-08-29,236.6000,238.2000,236.0000,237.5827,41172
2017-08-30,240.1000,242.9000,239.2000,241.1776,26462
2017-08-31,242.8000,243.9000,242.0242,242.8000,27987
2017-09-01,243.7000,245.1990,243.7000,245.1990,5047
2017-09-04,242.5000,243.1267,242.2858,243.1267,7178
2017-09-05,243.9000,244.5000,243.2000,243.8511,11654
2017-09-06,243.1000,243.7000,241.4125,242.5000,25767
2017-09-07,243.8000,246.0000,243.8000,245.9729,12932
2017-09-08,245.7000,248.2000,244.6080,247.0750,54020
2017-09-11,249.6000,252.7500,247.8727,251.6015,16441
2017-09-12,253.3000,253.3000,251.0000,252.0672,30650
2017-09-13,252.4000,254.1500,252.0000,253.8313,63321
2017-09-14,252.8000,253.3593,252.0000,252.2681,42452
2017-09-15,251.5000,252.9380,251.3000,251.7795,33763
2017-09-18,253.3000,254.3000,251.9125,252.1277,44363
2017-09-19,253.1000,256.7000,253.1000,253.2239,16896
2017-09-20,257.5000,257.5000,255.7000,256.3718,11049
2017-09-21,256.2000,258.2284,255.5000,258.2284,53599
2017-09-22,256.2000,257.5000,255.4978,256.4057,22006
2017-09-25,256.7000,257.7000,254.7000,255.6176,8747
2017-09-26,254.2000,254.3000,251.3994,253.8069,9235
2017-09-27,248.8000,248.8000,242.3000,243.6971,105817
2017-09-28,248.1000,251.0500,246.7000,249.4118,29287
2017-09-29,250.7000,254.1000,250.0000,253.0442,6768
2017-10-02,255.5000,258.5000,255.5000,257.8284,7921
2017-10-03,258.1000,258.1000,257.1000,257.5979,11758
2017-10-04,257.9000,262.5500,257.7832,262.0712,18022
2017-10-05,261.2500,262.1882,259.0000,259.2715,21984
2017-10-06,257.7000,260.8057,257.7000,259.3715,56742
2017-10-09,259.9000,262.5319,259.2574,260.3000,58700
2017-10-10,259.9000,262.0500,259.1871,261.0858,23434
2017-10-11,262.8000,265.4500,262.6377,264.1600,21778
2017-10-12,266.0000,269.1000,265.6000,266.7210,35884
2017-10-13,268.5000,268.8000,265.4000,266.2665,137870
2017-10-16,267.5000,268.2000,264.0075,264.6291,52526
2017-10-17,263.4000,263.9030,260.8956,261.5884,26183
2017-10-18,260.9000,262.8000,259.3000,260.1764,117365
2017-10-19,259.4000,259.4000,254.3000,255.2545,124197
2017-10-20,256.7000,256.9000,255.7000,256.4282,62996
2017-10-23,258.7000,259.6000,256.9801,258.5388,70807
2017-10-24,259.2624,259.7772,258.3000,259.0302,16058
2017-10-25,258.5000,259.4500,255.8000,256.9662,41332
2017-10-26,257.1000,264.0000,255.3470,264.0000,99866
2017-10-27,266.5000,269.3500,264.1194,268.6648,106934
2017-10-30,265.7000,267.5192,265.0000,265.2292,87022
2017-10-31,264.5000,266.0000,264.2000,265.0292,24469
2017-11-01,266.2000,266.6000,264.4942,266.1584,29047
2017-11-02,264.2000,266.5000,262.4000,265.8976,25976
2017-11-03,265.9000,268.2740,265.2403,266.2057,26785
2017-11-06,270.6000,270.6000,267.0000,267.1950,22986
2017-11-07,266.2000,268.7856,265.7750,266.3490,18967
2017-11-08,266.2000,267.8000,265.4189,267.1716,26985
2017-11-09,266.9000,268.5279,258.3500,258.6775,37448
2017-11-10,259.5000,259.9500,257.4855,257.6603,54706
2017-11-13,258.0000,259.3839,252.5000,256.6282,46736
2017-11-14,258.0000,258.1361,255.7500,257.1283,25216
2017-11-15,253.9000,256.2146,251.6065,253.0074,47325
2017-11-16,257.3500,261.7000,254.0364,260.3315,54708
2017-11-17,259.3000,260.0000,258.7000,259.2922,15764
2017-11-20,261.6950,262.6000,260.2950,261.7765,206
2017-11-21,261.2000,265.0000,261.2000,264.8600,837
2017-11-22,264.4950,264.9000,261.8000,264.0589,342
2017-11-23,260.8000,263.4950,259.4000,260.3000,185
2017-11-24,258.4500,260.1000,257.7000,258.5000,436
2017-11-27,259.4000,259.9000,257.8716,258.9630,1759
2017-11-28,259.5950,260.0000,256.7500,257.7614,1975
2017-11-29,259.3000,259.3000,254.6000,258.4925,1564
2017-11-30,254.2000,257.3000,253.3500,257.1000,2215
2017-12-01,256.6000,259.1000,255.4000,257.4000,267
2017-12-04,256.7000,257.3881,252.0000,252.5000,1285
2017-12-05,253.2000,253.5000,248.8000,251.8922,1924
2017-12-06,251.4000,253.0500,250.5000,252.7000,2255
2017-12-07,253.6000,254.4000,250.5500,252.1253,1900
2017-12-08,252.4000,257.7500,252.2000,257.1389,1926
2017-12-11,257.8970,258.2000,256.4000,257.0448,702
2017-12-12,258.7500,264.0500,257.9000,259.7880,2571
2017-12-13,263.5000,266.1050,260.3500,265.4400,952
2017-12-14,266.1750,266.6000,263.9950,264.8267,788
2017-12-15,263.9950,265.7000,259.9000,259.9000,378
2017-12-18,261.8000,268.3000,261.8000,267.3095,2707
2017-12-19,266.3000,266.3700,261.9000,263.3454,1841
2017-12-20,262.0000,262.2610,258.0500,260.0576,6312
2017-12-21,258.4000,264.1000,258.4000,262.3648,2603
2017-12-22,262.3000,262.3000,260.9000,261.7000,612
2017-12-27,262.0500,264.0000,261.9500,263.1685,455
2017-12-28,262.4000,264.1000,262.4000,263.8325,837
2017-12-29,265.0000,265.0000,264.1000,264.1000,389
2018-01-02,263.3126,263.4995,261.4043,263.4995,41430
2018-01-03,270.9000,271.4000,270.4000,271.4000,415
2018-01-04,269.1000,269.8000,268.0000,268.1106,4641
2018-01-05,269.6000,270.9000,268.9000,270.6577,1759
2018-01-08,270.9000,272.1662,270.9000,272.1662,1830
2018-01-09,270.7000,271.5000,270.7000,270.8000,621
2018-01-10,269.7950,269.7950,266.0950,266.4950,606
2018-01-11,266.0000,266.0000,265.4950,266.0000,188
2018-01-12,264.2500,267.5000,264.2500,264.2500,68
2018-01-15,265.2000,265.2000,264.5500,264.9500,82541
2018-01-16,266.1000,268.8000,266.1000,268.8000,1141
2018-01-17,270.0500,271.5000,268.1000,269.4950,518
2018-01-18,269.1000,269.1000,264.6950,264.6950,751
2018-01-19,264.4000,270.5000,264.4000,269.9050,686
2018-01-22,271.5500,271.9950,270.6950,270.7000,1217
2018-01-23,272.0000,272.1950,269.7000,269.7000,736
2018-01-24,269.6000,269.6000,268.2950,268.3950,704
2018-01-25,267.0500,268.6000,265.8000,268.1000,895
2018-01-26,269.0000,272.2000,267.6500,270.9050,990
2018-01-29,272.7000,272.7000,271.5000,272.7000,664
2018-01-30,273.0000,275.9000,272.5000,275.1000,3554
2018-01-31,264.0000,267.6050,255.4042,257.9908,24023
2018-02-01,259.9950,259.9950,252.2950,252.2950,4870
2018-02-02,251.0500,252.1000,249.1950,250.9950,7364
2018-02-05,249.0000,249.7000,244.0700,248.6800,3014
2018-02-06,237.1000,242.8950,231.8465,241.8050,3510
2018-02-07,240.5000,242.6000,236.9700,240.0100,1117
2018-02-08,236.4100,236.4100,230.7950,230.8500,8190
2018-02-09,225.0000,227.3000,222.1035,225.7000,2454
2018-02-12,230.6000,230.6000,229.0950,230.4000,2822
2018-02-13,229.3000,229.3000,227.9500,229.0000,3185
2018-02-14,234.8500,236.8950,231.2750,236.8950,2378
2018-02-15,240.7000,242.3950,240.5950,242.3950,1417
2018-02-16,245.5000,248.5749,244.8000,245.4000,1256
2018-02-19,245.6000,245.6000,242.9800,242.9800,1212
2018-02-20,243.8000,247.5574,243.8000,247.3000,1257
2018-02-21,246.0300,246.0300,243.1100,246.0000,5175
2018-02-22,243.4500,244.3500,241.6950,243.8300,17064
2018-02-23,242.5000,242.5000,239.0000,239.0000,25448
2018-02-26,243.8800,243.8800,239.8000,243.8800,69608
2018-02-27,243.3500,246.1000,242.0000,242.7000,16259
2018-02-28,242.4950,242.4950,240.7800,241.9950,42007
2018-03-01,239.0500,240.2300,228.4000,232.5000,85044
2018-03-02,229.2500,231.3800,229.2500,230.1165,21772
2018-03-05,231.1100,233.3000,231.1100,231.3000,13712
2018-03-06,233.4000,236.4000,233.4000,233.7000,24235
2018-03-07,232.9500,232.9500,228.3700,231.3000,21725
2018-03-08,231.5100,235.8000,231.5100,234.7000,14335
2018-03-09,236.0000,236.0000,236.0000,236.0000,3676
2018-03-13,233.0100,233.0100,229.1950,230.1000,24238
2018-03-14,230.9500,232.1700,228.5650,232.1700,12679
2018-03-15,233.2000,236.0500,230.5385,235.5950,8689
2018-03-16,235.4500,238.5050,235.1000,238.1200,14263
2018-03-19,238.5050,238.5050,236.0050,236.0050,11815
2018-03-20,236.5000,236.5000,230.9688,236.3001,10362
2018-03-21,234.3000,234.3000,232.5718,234.1000,1810
2018-03-22,229.1000,229.1000,223.9022,228.1000,18846
2018-03-23,224.7000,227.3900,224.1627,227.1000,12060
2018-03-26,223.4600,223.4600,222.5500,222.5500,50966
2018-03-27,229.0000,229.4500,225.5300,225.8000,4661
2018-03-28,226.5000,226.5000,222.7000,226.5000,10050
2018-03-29,227.2376,227.2376,223.9900,225.6800,15146
2018-04-03,220.1000,220.9950,218.9664,220.9950,34644
2018-04-04,219.8000,219.8000,218.6900,219.8000,30106
2018-04-05,222.3397,233.1503,222.3397,228.7950,11307
2018-04-06,228.4400,228.4400,227.2000,227.7950,11182
2018-04-09,229.4000,229.5000,226.9900,227.3000,10778
2018-04-10,229.7950,235.1671,229.7950,230.1027,8251
2018-04-11,228.3000,229.1000,224.9050,225.5000,4270
2018-04-12,227.4547,234.3000,227.4547,234.0050,6798
2018-04-13,234.3000,234.3000,232.0500,234.3000,17657
2018-04-16,234.8000,235.9000,234.8000,235.4000,13702
2018-04-17,238.3000,242.8950,238.3000,242.3000,16811
2018-04-18,241.5000,241.5000,240.3000,241.1000,15363
2018-04-19,242.1500,245.2000,242.1000,245.2000,14297
2018-04-20,245.2000,245.2000,243.9000,244.5000,13728
2018-04-23,244.7200,244.7200,243.6200,244.7000,7140
2018-04-24,245.7100,245.7100,242.2167,244.3000,6687
2018-04-25,240.4950,240.4950,237.6000,238.9825,199764
2018-04-26,239.5500,244.3000,239.2000,243.0488,9514
2018-04-27,244.0000,248.3606,243.2000,244.3033,8648
2018-04-30,246.0000,246.0000,244.1750,244.7951,9072
2018-05-02,244.5600,247.7000,244.5600,246.7175,23712
2018-05-03,246.0500,246.9100,244.6000,244.7000,93382
2018-05-04,252.8000,257.9750,252.8000,255.9422,160778
2018-05-08,262.9950,262.9950,259.7000,261.7000,32963
2018-05-09,260.0000,262.3000,259.8000,262.3000,17019
2018-05-11,264.4000,266.6500,264.4000,265.6112,95239
2018-05-14,265.9000,267.0900,264.5000,266.1000,37599
2018-05-15,266.4500,267.0900,263.4800,263.7800,48230
2018-05-16,262.2000,264.2000,262.2000,263.1953,31770
2018-05-17,263.5500,264.3300,262.9200,263.7424,10739
2018-05-18,263.7000,267.4000,263.7000,265.6992,14659
2018-05-22,268.0400,272.9950,268.0400,271.5658,64426
2018-05-23,269.2950,269.2950,266.7000,267.4799,8463
2018-05-24,266.5500,272.1000,266.0000,268.3097,8779
2018-05-25,270.0500,271.1489,268.0050,268.9602,11377
2018-05-29,268.9200,268.9200,266.1400,268.5314,6533
2018-05-30,267.8000,268.5950,267.8000,268.3950,6117
2018-05-31,267.1500,269.7600,263.5050,267.0000,17282
2018-06-01,267.8000,267.8000,263.7000,266.9900,43555
2018-06-04,266.5000,268.8200,266.5000,268.2490,24725
2018-06-05,268.0000,268.5950,266.3300,266.9950,5756
2018-06-06,265.8000,268.7911,265.8000,267.1279,12695
2018-06-07,271.2500,271.3900,266.9750,267.5178,22021
2018-06-08,265.6000,269.0000,265.5000,267.5657,88395
2018-06-11,270.5000,272.9000,270.5000,271.8394,35589
2018-06-12,273.1000,273.3100,270.3000,270.3200,12699
2018-06-13,272.0800,272.0800,270.8000,271.8804,10420
2018-06-14,270.7250,274.2000,270.7250,274.2000,6681
2018-06-15,274.6500,275.5000,272.2000,272.8867,17593
2018-06-18,270.8500,270.8500,268.8000,269.8000,8450
2018-06-19,266.7500,267.2000,265.2060,266.2000,5575
2018-06-20,268.7047,270.4940,268.7047,270.2689,11713
2018-06-21,272.4000,272.4000,268.8000,269.8000,17306
2018-06-22,269.3200,272.2000,269.3200,271.9647,8361
2018-06-25,270.9000,270.9000,263.5000,263.5000,44774
2018-06-26,261.2000,264.0000,261.2000,261.2000,10287
2018-06-27,260.7000,264.8000,258.9000,262.9056,9909
2018-06-28,263.8000,263.8000,259.4500,260.0531,5376
2018-06-29,262.8000,265.2000,262.8000,264.7000,11001
2018-07-02,261.3500,261.3500,260.3000,260.7584,11010
2018-07-03,263.2000,266.1000,263.2000,264.8565,8960
2018-07-04,264.0800,265.6000,264.0800,265.2433,16918
2018-07-05,267.2250,268.9000,267.2250,267.7809,3904
2018-07-06,268.2000,269.7000,267.7000,269.4930,6518
2018-07-09,271.0000,276.1700,271.0000,275.2490,8596
2018-07-10,275.6000,282.8593,275.6000,282.6200,21106
2018-07-11,279.7400,282.2000,279.7400,281.5489,31924
2018-07-12,282.9500,284.8200,282.1500,284.4686,18872
2018-07-13,285.9000,289.8800,285.8500,288.8800,7852
2018-07-16,288.9000,290.5000,288.0000,288.0000,5003
2018-07-17,288.2000,288.2000,286.4000,288.0000,6461
2018-07-18,289.3000,289.5500,286.2500,287.8000,5333
2018-07-19,285.4000,286.5000,283.9100,284.8000,14248
2018-07-20,285.8000,286.4500,283.3000,285.3000,12235
2018-07-23,283.9000,285.8000,283.9000,285.5000,1604
2018-07-24,285.0000,285.4900,283.8000,284.1000,4285
2018-07-25,300.0340,304.4000,300.0340,301.6585,41903
2018-07-26,302.9500,307.8900,302.8750,307.3000,16329
2018-07-27,308.1000,308.1900,304.8500,306.8091,23368
2018-07-30,306.1200,308.1900,306.1200,307.2000,4601
2018-07-31,307.7500,307.7500,303.3000,305.3000,9116
2018-08-02,306.9500,308.5950,305.2100,307.2200,14124
2018-08-03,307.2500,309.3000,306.4900,309.3000,20761
2018-08-06,308.4750,311.4500,308.4750,310.6000,3344
2018-08-07,312.0000,314.7000,310.5000,314.1420,16253
2018-08-08,313.1000,316.1000,313.1000,315.3000,1869
2018-08-09,315.2000,318.5000,315.2000,318.5000,8050
2018-08-10,317.0000,320.5000,316.6000,319.2000,19229
2018-08-13,318.0500,320.3500,316.4200,319.0000,1242
2018-08-14,318.2000,318.2000,313.3000,315.6800,57113
2018-08-15,314.9500,315.0000,310.7000,311.3000,6919
2018-08-16,312.1000,312.1000,310.4000,311.9700,8184
2018-08-17,311.8750,311.8750,309.9000,310.3200,8989
2018-08-20,311.8000,314.3800,311.8000,313.0000,2029
2018-08-21,313.9000,313.9000,311.2306,313.4000,19293
2018-08-22,309.6000,314.7000,309.0900,314.2900,2979
2018-08-23,312.9500,316.2000,312.9500,313.8000,9095
2018-08-24,312.4750,313.9000,312.4750,313.9000,5942
2018-08-28,313.4000,316.1000,313.4000,315.2700,3819
2018-08-29,317.2600,317.2600,314.9000,315.2800,4884
2018-08-30,314.4500,314.5000,312.7000,314.3000,7348
2018-08-31,312.6000,313.7400,310.8050,312.1000,3479
2018-09-03,313.0000,314.2000,312.4500,313.5000,1350
2018-09-04,315.4500,315.5500,310.2000,310.8000,4603
2018-09-05,310.0500,311.0800,307.5000,308.8550,28713
2018-09-06,306.5500,308.9000,304.9000,304.9000,45636
2018-09-07,306.1500,309.8800,306.1500,309.8800,16082
2018-09-10,308.0000,310.9000,308.0000,309.7000,12483
2018-09-11,310.8500,312.1500,310.8500,312.0000,13829
2018-09-12,314.0500,315.7000,314.0500,315.3000,2682
2018-09-13,315.2500,316.6000,314.2900,315.3000,1504
2018-09-14,316.6000,316.6000,315.5500,316.6000,2072
2018-09-17,315.0500,316.1000,314.1000,314.9652,9413
2018-09-18,317.0000,317.6000,315.2600,317.4500,3183
2018-09-19,320.7000,327.5000,320.7000,320.9000,12680
2018-09-20,322.4000,322.4000,318.2000,318.3700,2131
2018-09-21,318.9000,318.9000,312.8000,312.8000,153223
2018-09-24,312.2000,312.2000,309.9000,310.6000,14199
2018-09-25,315.8000,327.6000,315.8000,327.2000,7765
2018-09-26,327.0050,336.5000,327.0050,336.3000,29086
2018-09-27,333.4900,339.7000,333.4900,338.8500,6299
2018-09-28,336.1000,338.7000,334.4950,335.0000,35674
2018-10-01,336.7000,340.3800,336.7000,339.1000,38548
2018-10-02,336.5000,337.2000,335.0436,336.5000,87377
2018-10-03,338.0500,338.7000,335.8000,338.0000,20449
2018-10-04,333.6000,336.6500,328.3000,329.2800,19554
2018-10-05,328.0000,329.7000,325.6000,325.6000,11705
2018-10-08,321.5750,321.5750,318.1000,320.8400,9562
2018-10-09,317.1000,320.9000,312.5000,316.1000,15687
2018-10-10,314.0400,314.0400,308.6000,309.3700,20631
2018-10-11,306.0500,309.6500,301.1000,309.0000,25017
2018-10-12,313.0000,315.9800,311.0000,312.8000,11212
2018-10-15,310.0500,311.5000,305.7000,311.4000,11993
2018-10-16,310.3400,322.5000,310.3400,322.0000,32731
2018-10-17,323.4000,329.3828,323.4000,326.3700,20156
2018-10-18,325.9100,330.6000,325.9100,328.7000,56248
2018-10-19,327.1500,333.3000,324.5000,326.4000,42614
2018-10-22,322.0000,322.0000,316.2000,316.5000,65374
2018-10-23,310.4300,310.4300,302.0000,305.1916,34119
2018-10-24,309.0000,316.4000,309.0000,309.2000,27694
2018-10-25,301.5000,305.3700,295.3000,299.0000,46578
2018-10-26,300.0000,305.7600,295.9600,303.0000,7150
2018-10-29,306.0500,309.2000,304.2000,304.5000,24469
2018-10-30,303.8000,307.5000,303.8000,305.8000,17108
2018-10-31,310.8500,319.2000,310.1000,316.7000,89954
2018-11-01,319.7500,321.5000,317.6000,321.3000,6753
2018-11-02,324.0000,328.5500,322.6500,323.1000,31473
2018-11-05,325.0000,326.4500,321.2100,324.5000,16367
2018-11-06,326.5800,326.5800,323.8950,325.8000,19391
2018-11-07,328.0000,330.6000,325.8000,329.1295,67580
2018-11-08,331.4000,331.4000,327.3000,329.7000,21375
2018-11-09,327.3000,329.7000,327.3000,328.0147,13727
2018-11-12,328.6000,330.7000,316.2050,316.2050,18117
2018-11-13,314.9500,319.4000,310.2400,313.7000,18293
2018-11-14,307.0500,312.3100,306.5000,307.4000,14181
2018-11-15,305.1000,307.7000,299.9000,301.9000,18283
2018-11-16,304.3000,306.6000,304.3000,305.5000,10384
2018-11-19,306.0500,307.1000,299.3700,299.3700,13580
2018-11-20,298.7500,299.9000,292.0000,297.0050,20265
2018-11-21,299.3000,299.3000,297.5500,299.1000,8587
2018-11-22,299.5500,302.6500,298.6800,301.3000,11413
2018-11-23,298.9500,303.2600,298.7000,301.4804,10282
2018-11-26,304.4000,305.2000,301.3000,303.8000,3839
2018-11-27,305.0000,306.0000,301.9500,304.1000,2298
2018-11-28,305.0000,305.2050,303.2256,303.8000,11244
2018-11-29,305.9900,319.1000,305.9900,318.2050,14237
2018-11-30,320.1000,324.2000,320.1000,322.5000,16967
2018-12-03,329.4500,329.4500,327.9000,328.3000,12662
2018-12-04,328.5000,332.9000,328.5000,328.6000,7942
2018-12-05,322.3000,325.6000,322.3000,324.6000,27505
2018-12-06,317.4000,317.4000,308.6000,308.8000,19398
2018-12-07,311.2500,311.4000,307.9400,307.9400,9232
2018-12-10,305.0500,305.0500,299.6000,299.6000,20574
2018-12-11,304.0000,307.9000,300.6000,306.6000,3583
2018-12-12,310.0500,313.5000,305.8600,313.5000,6589
2018-12-13,311.8500,311.9000,305.3300,308.4050,27314
2018-12-14,301.6000,304.8000,300.0000,302.3000,17239
2018-12-17,296.9000,296.9000,291.9000,294.4000,15105
2018-12-18,290.0000,290.0000,284.8000,284.9200,23173
2018-12-19,283.0500,286.1000,282.3750,282.5000,23468
2018-12-20,275.0000,275.0000,266.8400,268.7108,63260
2018-12-21,263.8500,265.6500,256.0600,256.4000,56955
2018-12-27,259.2300,259.2300,245.2100,246.3000,64883
2018-12-28,249.2000,255.0000,249.2000,254.2000,44058
2019-01-03,254.7500,258.8000,251.4700,256.0000,51838
2019-01-04,259.8500,261.9000,250.5000,256.8289,35838
2019-01-07,264.6000,265.7000,261.9000,264.9000,65470
2019-01-08,267.8500,274.6950,265.4000,271.7000,15455
2019-01-09,275.8500,280.3000,275.3500,278.6000,25560
2019-01-10,278.1000,286.8000,278.1000,286.1000,12350
2019-01-11,287.7000,287.7000,280.7000,281.5000,14839
2019-01-14,279.8250,279.8250,273.8000,275.4000,19797
2019-01-15,276.7000,276.7000,270.5000,275.3050,20561
2019-01-16,277.3000,277.3000,273.4000,273.5000,26337
2019-01-17,275.6500,277.3000,272.2000,277.2000,11059
2019-01-18,280.0000,280.0000,275.0000,277.5000,16963
2019-01-21,279.7500,280.7400,277.0300,278.9000,7211
2019-01-22,280.1000,280.1000,272.7000,273.0000,21534
2019-01-23,270.4500,281.1000,270.0400,278.9000,7099
2019-01-24,279.5000,279.5000,274.7000,276.6000,19922
2019-01-25,280.1400,284.1500,280.1400,282.7000,36057
2019-01-28,279.0500,285.4500,277.5000,278.2800,30568
2019-01-29,275.6400,284.3000,275.6400,280.1400,17666
2019-01-30,256.0000,265.1000,256.0000,258.6131,35614
2019-01-31,255.7500,263.1000,255.7500,260.5120,79175
2019-02-01,263.3500,271.1000,261.8500,268.8000,46288
2019-02-04,271.8500,273.6000,267.1600,273.6000,15047
2019-02-05,274.8500,281.8500,274.6000,279.4000,50979
2019-02-06,283.2500,283.7900,279.9000,281.3000,22178
2019-02-07,279.8500,282.1000,277.0000,277.0000,23689
2019-02-08,274.9500,276.5000,274.1000,276.1000,7173
2019-02-11,278.9500,280.9000,276.6500,277.9000,16588
2019-02-12,282.5500,284.3000,280.6000,282.6000,9506
2019-02-13,282.7000,285.6000,282.7000,285.2000,5766
2019-02-14,287.1000,287.1000,284.7600,285.3000,6306
2019-02-15,285.4000,291.9000,284.7000,291.8000,13173
2019-02-18,290.1500,291.7000,289.7000,290.3000,20550
2019-02-19,289.5000,289.5000,284.7700,286.8000,19514
2019-02-20,287.0000,290.4000,287.0000,290.3400,5686
2019-02-21,291.1000,291.1000,286.2500,286.4000,5042
2019-02-22,284.9000,288.1000,284.9000,286.5000,5567
2019-02-25,290.8500,299.3000,288.6250,297.9000,40241
2019-02-26,298.0000,298.0000,294.8000,297.8000,11131
2019-02-27,297.1000,297.8600,288.0000,288.4000,15294
2019-02-28,286.5600,286.5600,276.6000,277.5000,66171
2019-03-01,284.8000,288.8000,280.4500,284.6000,11295
2019-03-04,291.5000,291.5000,288.1500,290.3000,22464
2019-03-05,286.7500,295.0000,286.7000,289.3000,20487
2019-03-06,291.1000,296.1000,291.1000,293.5089,12373
2019-03-07,291.6000,291.6000,287.5000,288.8000,8739
2019-03-08,286.4000,286.4000,284.8000,286.2000,13215
2019-03-11,287.6500,292.5000,287.6500,292.5000,13863
2019-03-12,296.0000,296.2000,293.4000,295.1000,36669
2019-03-13,292.5800,296.7000,292.5800,296.2300,18551
2019-03-14,297.6000,299.9000,295.8000,299.7000,23562
2019-03-15,298.5000,301.3000,298.5000,300.7000,29005
2019-03-18,296.9000,300.0500,296.9000,297.1000,20364
2019-03-19,297.1000,300.2000,296.9000,298.8000,9331
2019-03-20,299.6000,299.6000,297.3000,298.6000,11925
2019-03-21,299.7000,299.7000,295.4500,297.2000,7719
2019-03-22,300.1750,300.1750,288.3000,288.3500,24539
2019-03-25,284.1000,287.6500,282.6000,285.8000,17169
2019-03-26,286.7500,292.2000,286.2700,291.3500,27584
2019-03-27,292.0000,297.2000,290.6000,296.6000,35900
2019-03-28,298.8000,304.1600,298.8000,302.9000,36150
2019-03-29,305.3200,309.2500,305.3200,308.8000,21413
2019-04-01,309.7000,312.7800,309.3000,311.4000,16866
2019-04-02,311.2500,315.2000,310.9000,313.4009,23086
2019-04-03,314.0250,314.0250,306.3000,309.3000,21881
2019-04-04,308.1000,309.7000,306.9000,306.9000,19367
2019-04-05,309.0800,310.4000,308.2400,308.7000,17304
2019-04-08,307.8400,313.0000,307.8400,309.6100,4768
2019-04-09,310.5000,311.7000,308.3600,310.7000,8310
2019-04-10,312.9500,318.0500,312.9500,314.6543,36189
2019-04-11,314.9300,315.6000,308.7750,308.8400,23096
2019-04-12,297.7100,299.7000,294.9400,297.2000,53643
2019-04-15,297.2750,300.1000,297.2750,298.2000,13168
2019-04-16,297.5000,300.7200,297.5000,299.9100,9859
2019-04-17,298.7200,298.7200,291.2300,292.4000,52094
2019-04-18,296.2000,301.4400,291.0000,297.6700,20624
2019-04-23,301.0800,312.0500,300.4300,311.3000,33614
2019-04-24,308.6000,309.9000,305.6000,306.9200,68942
2019-04-25,308.6000,308.6000,306.1500,308.6000,6013
2019-04-26,310.9800,315.0750,310.5900,311.4000,42071
2019-04-29,313.0000,313.9000,311.0500,313.1000,24378
2019-04-30,314.2500,315.1000,312.3000,314.7000,7273
2019-05-02,313.8800,314.9000,312.7800,313.5000,23077
2019-05-03,314.4000,321.8000,314.4000,321.3000,10044
2019-05-07,312.2250,317.8000,312.0250,312.3000,18262
2019-05-08,312.7000,317.6000,312.7000,314.8000,42715
2019-05-09,311.8000,312.6000,307.0000,308.5000,27169
2019-05-10,312.2200,316.3000,311.5000,311.9000,25323
2019-05-13,311.9900,311.9900,305.1700,305.3000,13819
2019-05-14,308.3400,310.1000,306.5200,309.8000,15979
2019-05-15,310.6000,313.4000,307.6000,313.4000,18059
2019-05-16,314.6500,319.0400,314.6500,319.0000,13977
2019-05-17,317.8000,319.0200,316.1700,317.2000,13031
2019-05-20,317.0000,317.6000,309.7000,310.3000,25759
2019-05-21,311.3600,316.3750,311.3600,314.7000,17327
2019-05-22,314.7600,318.9500,314.4400,318.8000,194971
2019-05-23,315.3800,317.0000,312.5000,313.4000,14253
2019-05-24,314.4500,318.6500,313.6500,315.9000,22220
2019-05-28,315.9000,318.4000,315.3369,315.4000,17825
2019-05-29,314.9800,314.9800,308.0800,310.0000,9824
2019-05-31,307.7000,308.5900,304.1000,308.4000,8657
2019-06-03,309.6200,322.6400,309.6200,320.3000,59087
2019-06-04,317.0000,320.2200,315.6000,315.8000,20376
2019-06-05,315.6800,316.8000,314.2700,316.8000,6230
2019-06-06,316.7500,318.7700,315.9000,317.9000,20152
2019-06-07,321.5500,324.2000,320.8800,322.3000,17035
2019-06-11,324.0500,332.4000,324.0500,329.4250,19302
2019-06-12,332.9200,339.0000,332.9200,337.1000,59889
2019-06-13,336.8700,336.8700,332.2000,332.4200,26088
2019-06-14,329.4200,329.7750,327.6250,329.1000,14238
2019-06-17,328.5700,329.1000,327.5000,328.9000,14990
2019-06-18,327.9500,336.1500,327.9000,335.7000,12892
2019-06-19,334.0000,336.6000,332.7000,334.7000,22885
2019-06-20,335.9000,337.1000,333.2000,333.2000,20361
2019-06-21,329.7500,331.9800,328.1000,329.3000,86165
2019-06-24,330.6000,330.6000,326.7400,326.8000,55335
2019-06-25,326.4000,329.7000,326.4000,327.6500,10198
2019-06-26,327.1100,327.1100,323.8000,323.8000,20129
2019-06-27,323.6000,325.4750,321.8000,324.6000,19740
2019-06-28,323.3000,329.4000,322.6200,328.2000,21509
2019-07-01,330.5000,336.4250,330.5000,334.9000,10031
2019-07-02,333.3200,333.3200,329.3700,330.0000,12043
2019-07-03,330.7700,336.1000,330.7700,332.5000,7578
2019-07-04,331.1900,331.3200,327.2700,330.6000,5120
2019-07-05,331.1300,332.5000,325.9900,331.5000,30862
2019-07-08,326.5800,328.1000,324.1700,327.4000,15986
2019-07-09,329.1000,332.9700,325.7800,326.8900,9649
2019-07-10,323.6500,333.6600,323.3000,331.2000,33279
2019-07-11,333.6500,334.9000,332.5000,334.7800,21894
2019-07-12,333.3200,333.4900,326.2000,326.7000,35509
2019-07-15,328.1600,330.2750,328.0000,330.1900,122529
2019-07-16,330.7800,337.9700,330.7600,337.6000,23936
2019-07-17,337.2000,337.5750,336.5226,337.0000,15485
2019-07-18,334.6400,336.9000,333.8900,335.3000,106884
2019-07-19,336.4000,341.3800,336.4000,339.3000,6909
2019-07-22,341.3000,342.8000,339.0000,339.0000,54947
2019-07-23,346.2300,347.1500,344.5200,344.6800,14935
2019-07-24,345.2000,351.6800,340.8000,342.4700,20944
2019-07-25,343.6100,349.0800,343.6100,346.3000,22136
2019-07-26,345.7000,345.9000,343.0000,343.0000,12397
2019-07-29,345.9000,346.3000,343.3000,343.4000,22833
2019-07-30,340.6800,343.4600,337.1000,339.4700,15672
2019-07-31,341.6900,342.2750,340.3000,341.4000,26634
2019-08-02,334.7250,343.0000,331.7000,337.0500,16318
2019-08-05,333.0200,333.0200,324.4900,326.6000,23528
2019-08-06,328.2600,335.6000,327.4300,333.1000,42625
2019-08-07,335.4750,341.3000,332.6500,339.2000,27338
2019-08-08,342.1000,344.9000,340.9000,344.9000,24186
2019-08-09,345.2903,348.2750,344.8000,346.0000,29795
2019-08-12,350.9700,350.9700,345.0500,346.2000,10293
2019-08-13,343.8250,347.8000,339.6000,345.5750,23170
2019-08-14,346.0000,346.0000,337.7200,338.7000,11001
2019-08-15,336.3200,337.1700,333.0250,337.1700,15502
2019-08-16,341.5000,342.2500,340.3000,342.2000,22571
2019-08-19,345.2500,350.9400,345.1200,348.7000,37061
2019-08-20,348.7500,351.1000,345.0000,345.0000,6024
2019-08-21,349.8900,355.8500,349.8900,355.5900,23886
2019-08-22,355.7000,356.3000,351.5600,355.8679,39007
2019-08-23,351.3500,353.8600,350.3000,353.3000,46259
2019-08-27,347.2100,354.3000,346.4500,351.2000,25161
2019-08-28,347.3000,347.3000,340.4000,344.4000,20001
2019-08-29,342.2000,351.2000,341.9750,348.5600,19518
2019-08-30,349.4500,351.6000,349.1750,350.3500,9871
2019-09-02,351.8000,351.8000,350.3000,350.4000,4113
2019-09-03,347.2000,352.5600,347.2000,348.9000,28606
2019-09-04,354.3000,363.5800,354.0000,356.1219,13450
2019-09-05,356.7900,357.9000,352.2000,353.3505,36874
2019-09-06,355.9000,359.5000,354.6600,357.2758,36161
2019-09-09,359.6000,361.4500,358.6000,361.4500,38588
2019-09-10,358.6000,361.0000,340.3000,361.0000,88237
2019-09-11,345.4600,345.5750,341.5000,342.7000,164720
2019-09-12,338.4600,343.5000,335.9600,339.5178,36338
2019-09-13,338.7000,338.7000,335.5000,338.2000,39476
2019-09-16,334.4000,342.0000,331.9000,333.2173,57329
2019-09-17,332.0000,338.4000,331.5000,338.0000,28077
2019-09-18,337.8500,342.2750,337.8500,342.2000,47258
2019-09-19,344.1800,346.8500,344.1800,346.8000,11668
2019-09-20,349.3200,349.4000,344.5000,345.8000,59147
2019-09-23,345.3000,345.3000,341.5000,341.6000,46823
2019-09-24,342.7250,347.4000,342.6000,344.3000,11800
2019-09-25,341.2600,342.6000,336.2900,338.6000,34438
2019-09-26,340.3000,342.3000,334.9000,340.0000,114215
2019-09-27,337.4000,339.0000,334.9900,337.2800,19727
2019-11-25,336.7000,340.0000,336.5500,337.4000,41503
2019-11-26,337.5800,343.3000,336.7000,342.5000,39081
2019-11-27,342.5200,343.1400,337.7000,338.0000,14423
2019-11-28,339.3800,340.1000,337.4000,339.3000,5582
2019-11-29,337.9750,342.3900,337.9750,339.6000,25066
2019-12-02,339.4500,344.2000,333.0000,333.9000,14526
2019-12-03,336.8000,336.8000,331.8000,333.2000,54627
2019-12-04,332.8000,336.3000,332.1000,333.9868,33589
2019-12-05,334.4000,339.5800,333.5000,336.8000,15457
2019-12-06,337.3750,341.0000,337.1750,340.3000,9919
2019-12-09,339.4600,340.7000,336.6800,337.0000,9047
2019-12-10,335.9700,335.9700,329.4500,334.9000,31050
2019-12-11,334.4000,335.9000,332.8000,335.5000,39890
2019-12-12,335.0000,338.0000,334.5900,336.4000,23755
2019-12-13,337.3000,338.0000,335.1000,336.4000,15226
2019-12-16,338.3800,342.9800,335.6000,335.6000,6897
2019-12-17,342.0000,348.4000,342.0000,347.7000,111925
2019-12-18,348.3750,353.1900,348.0000,351.1000,28975
2019-12-19,351.5000,351.5500,348.2000,350.6000,28769
2019-12-20,353.2300,353.2750,350.5000,352.6000,12491
2019-12-23,354.3800,356.4000,352.6000,352.6000,5608
2019-12-27,356.3000,357.7700,354.4900,356.4000,17997
2019-12-30,355.4000,356.6000,353.6000,354.3000,16543
2020-01-03,349.7750,354.1000,349.7750,353.9000,24680
2020-01-06,351.2000,351.6000,347.0000,351.2000,23604
2020-01-07,353.2250,355.4000,351.7000,352.3000,16058
2020-01-08,352.2750,355.2250,350.3000,353.7000,13336
2020-01-09,357.0600,358.7750,351.9000,351.9000,25303
2020-01-10,353.4300,356.7000,352.3000,356.1000,15864
2020-01-13,354.9100,361.8000,354.9100,360.7000,27909
2020-01-14,357.6000,359.5000,355.5750,358.1000,21038
2020-01-15,358.4000,361.6000,357.7000,358.7000,42557
2020-01-16,360.7300,366.7000,360.7300,366.7000,16326
2020-01-17,367.6000,368.2000,363.7000,365.5000,32344
2020-01-20,366.0000,367.6000,362.3000,364.7982,32777
2020-01-21,369.7500,394.3000,369.7500,383.2000,54136
2020-01-22,394.1900,401.8000,389.1000,399.1000,64067
2020-01-23,400.1800,400.7000,397.2000,399.3000,96357
2020-01-24,400.7500,403.5000,394.7250,396.0000,36893
2020-01-27,391.3700,396.3000,389.3100,393.8000,16434
2020-01-28,397.9000,398.5000,392.7000,397.3000,16885
2020-01-29,398.5000,404.1500,397.2000,400.5000,10762
2020-01-30,402.0750,404.5200,400.8000,401.8000,14411
2020-01-31,405.2000,405.2000,393.6000,400.0000,34144
2020-02-03,396.7300,398.6600,395.1000,397.5000,18493
2020-02-04,399.2700,406.2000,399.2700,402.8000,13768
2020-02-05,402.7000,406.8000,401.7000,405.7000,23802
2020-02-06,405.5250,406.3000,400.5000,404.3839,12033
2020-02-07,405.8400,406.0000,402.6000,402.6000,8558
2020-02-10,404.5000,409.4800,402.6000,406.5000,48065
2020-02-11,409.6000,418.2000,409.2000,416.8000,35248
2020-02-12,415.4400,420.0000,414.5800,417.0000,77849
2020-02-13,421.8500,422.6000,418.8000,419.4000,19440
2020-02-14,418.6500,419.4000,413.2900,416.9000,13874
2020-02-17,418.9000,418.9000,414.2000,416.9000,9418
2020-02-18,415.2500,420.6000,414.7000,418.1000,24103
2020-02-19,420.3000,428.0000,420.3000,424.5000,41151
2020-02-20,423.4000,425.3000,419.9000,420.4000,10647
2020-02-21,418.4000,423.5000,417.8000,419.6000,15753
2020-02-24,408.8300,412.6900,405.2000,408.5000,17595
2020-02-25,408.8500,415.0800,406.8000,408.5000,10386
2020-02-26,408.5000,411.9000,395.6000,408.9000,44143
2020-02-27,401.4000,404.5000,390.5000,398.3000,183466
2020-02-28,378.8000,383.2000,372.6500,382.4000,61012
2020-03-02,390.9500,399.7000,385.0000,392.1100,71598
2020-03-03,401.7500,411.1750,401.6000,401.6000,29654
2020-03-04,404.0000,411.9000,401.4000,406.4000,13166
2020-03-05,410.3000,412.2000,403.4000,406.3000,41812
2020-03-06,401.8600,402.9000,385.4800,395.8541,31567
2020-03-09,356.7000,372.9000,356.7000,367.5076,38965
2020-03-10,372.7000,379.7000,364.3000,367.0000,42496
2020-03-11,374.0000,374.8000,364.6000,365.1000,26402
2020-03-12,349.7000,351.8750,323.8000,326.8000,16528
2020-03-13,341.4000,361.0000,328.2000,333.0000,19201
2020-03-16,304.9000,332.7000,304.4000,332.7000,34754
2020-03-17,348.1000,348.1000,319.6000,329.8000,59525
2020-03-18,321.6500,327.4000,309.1000,324.7045,26657
2020-03-19,336.4900,346.6000,327.8000,346.6000,67544
2020-03-20,354.2000,364.0300,340.0000,340.0000,26143
2020-03-23,331.1000,342.6000,323.4000,323.8000,29604
2020-03-24,338.2000,356.2000,323.8000,356.2000,92055
2020-03-25,365.8750,386.4000,365.8750,380.9000,19314
2020-03-26,372.9600,392.8000,366.7000,389.5000,22084
2020-03-27,389.4000,397.7000,380.1000,386.7000,42651
2020-03-30,384.4000,397.1000,380.3000,393.8000,39811
2020-03-31,401.5000,404.1000,396.4000,402.2000,15118
2020-04-01,394.8000,399.6000,386.9000,395.4000,22428
2020-04-02,396.8600,398.8750,386.5000,390.4000,21197
2020-04-03,392.5000,406.0000,392.2000,401.7000,15881
2020-04-06,408.2000,411.3000,400.1000,400.6000,47804
2020-04-07,412.2250,412.8250,400.4100,404.8000,47481
2020-04-08,401.4000,407.9000,400.1000,401.7000,16313
2020-04-09,404.8000,408.5000,398.6000,399.3000,14129
2020-04-14,405.6000,414.6000,405.6000,411.6000,8114
2020-04-15,411.6000,411.8000,399.9000,401.4000,22230
2020-04-16,406.1100,411.5000,402.6000,409.5000,57309
2020-04-17,416.1000,418.6000,404.4000,406.4000,163318
2020-04-20,413.9000,424.6000,413.4000,423.5000,84166
2020-04-21,419.5250,423.5000,418.8000,419.4000,6137
2020-04-22,420.4000,424.7000,417.9000,422.8000,10641
2020-04-23,419.8000,420.7000,413.2000,418.2000,23920
2020-04-24,411.6000,425.5900,411.6000,422.4000,121431
2020-04-27,429.8000,431.2000,426.7000,428.6000,21738
2020-04-28,424.5000,431.0000,423.9000,431.0000,16625
2020-04-29,431.5000,435.6000,426.9000,428.3000,31902
2020-04-30,426.1000,426.8000,421.1000,421.4000,11060
2020-05-04,432.0000,435.7250,429.0000,434.6000,38425
2020-05-05,437.4000,440.1000,432.8000,435.1000,51605
2020-05-06,441.1000,442.2250,434.6000,440.1000,108289
2020-05-07,443.9000,444.5000,436.3000,440.3000,12886
2020-05-11,449.2000,449.3000,442.4000,446.1807,8462
2020-05-12,453.2000,455.0000,449.7000,451.1000,43047
2020-05-13,450.2000,461.5000,449.5000,460.4000,11393
2020-05-14,450.8000,454.5000,441.5000,443.1000,13570
2020-05-15,446.6600,449.0800,420.0000,420.0000,65574
2020-05-18,458.5000,465.6000,454.9250,464.8000,8296
2020-05-19,464.0000,467.8000,457.6000,467.8000,59211
2020-05-20,465.4000,480.7000,465.4000,480.0000,15504
2020-05-22,474.9000,483.1000,473.8000,481.0000,13775
2020-05-26,503.8000,503.8000,485.3000,485.8000,29190
2020-05-27,483.6000,484.5000,463.3500,475.4000,27444
2020-05-28,465.8000,478.1000,465.8000,474.4588,40556
2020-05-29,474.6500,483.5000,472.3000,477.5743,19899
2020-06-02,479.0250,479.0250,470.1000,472.0000,14142
2020-06-03,476.4000,478.1000,471.7000,477.9000,42724
2020-06-04,476.8000,481.8000,466.8000,466.8000,26325
2020-06-05,468.1000,468.7000,460.0000,468.5000,16365
2020-06-08,458.7800,463.2000,446.3000,463.2000,47772
2020-06-09,456.7000,469.1250,455.6800,468.9000,41107
2020-06-10,471.9900,476.7900,467.3300,473.7000,51809
2020-06-11,469.8000,471.5750,466.2000,470.1000,21050
2020-06-12,459.6000,469.5000,459.4000,469.0000,11585
2020-06-15,461.5600,480.4000,458.8000,477.6000,26848
2020-06-16,483.6000,491.4000,481.7500,491.4000,31087
2020-06-17,490.5250,497.2000,489.7000,495.0000,700444
2020-06-18,494.0000,494.0500,483.6100,491.6000,14513
2020-06-19,491.0500,493.3000,486.3750,490.8000,26787
2020-06-22,490.4000,496.3500,488.0000,488.0000,36676
2020-06-23,491.6700,495.4000,489.4000,493.6000,36471
2020-06-24,493.6000,495.5100,486.6200,492.7052,12501
2020-06-25,491.2000,500.1400,490.2000,496.7000,21134
2020-06-26,499.3000,503.0000,496.1000,498.9000,7293
2020-06-29,500.6000,505.0000,493.5000,496.1000,11514
2020-06-30,496.6000,500.2000,495.9000,500.2000,8771
2020-07-01,498.5000,506.4000,498.0000,502.8665,13705
2020-07-02,505.0000,507.2000,501.4000,507.2000,11562
2020-07-03,512.0000,515.4000,511.0000,512.6000,11409
2020-07-06,517.6000,519.6000,510.6000,519.6000,35272
2020-07-07,517.4000,525.2000,514.2000,521.7958,101451
2020-07-08,523.4000,527.8000,523.2000,527.2000,24635
2020-07-09,528.0000,536.2000,526.8000,526.8000,28425
2020-07-10,528.6000,544.6000,528.6000,538.4000,21276
2020-07-13,540.8000,542.4000,534.2000,542.4000,14641
2020-07-14,534.4000,538.0000,531.0000,538.0000,31493
2020-07-15,553.8000,562.8000,550.0000,562.4000,64881
2020-07-16,560.6000,575.2000,554.8000,564.6000,14506
2020-07-17,565.2000,566.6000,547.2000,554.9690,60661
2020-07-20,549.6000,566.4000,510.0000,563.8000,32690
2020-07-21,575.0000,580.0000,565.8000,566.4000,14728
2020-07-22,566.4000,570.6000,560.8000,564.4000,14703
2020-07-23,566.2000,569.4000,564.2000,568.0000,5322
2020-07-24,553.2000,572.0000,549.8000,569.2000,10983
2020-07-27,559.6000,569.0000,559.6000,567.0000,18265
2020-07-28,567.6000,574.8000,567.2000,570.4000,61732
2020-07-29,569.4000,570.4000,565.4000,567.4000,40375
2020-07-30,564.2000,568.2000,560.0000,566.0000,84785
2020-07-31,567.6000,579.0000,566.6000,568.4000,20836
2020-08-03,572.2000,584.6000,571.2000,582.4000,15600
2020-08-04,584.0000,584.4000,564.8000,565.4000,57600
2020-08-05,564.6000,570.4000,564.4000,566.6000,14272
2020-08-06,571.6000,573.2000,563.6000,567.8000,16946
2020-08-07,569.0000,577.0000,569.0000,571.0000,12053
2020-08-10,570.6000,573.6000,561.6000,562.6000,6620
2020-08-11,564.4000,567.4000,539.4000,548.1548,88344
2020-08-12,546.0000,558.2000,543.8000,558.2000,92037
2020-08-13,559.6000,564.8000,554.4000,564.8000,10745
2020-08-14,566.2000,566.2000,554.4000,555.6000,6433
2020-08-17,555.4000,566.6000,554.8000,559.4000,9336
2020-08-18,568.0000,569.4000,557.4000,560.4000,7390
2020-08-19,561.8000,564.6000,559.4000,563.8000,14426
2020-08-20,561.4000,562.8000,555.0000,557.2000,15401
2020-08-21,558.6151,558.9493,552.4000,557.2000,6109
2020-08-24,567.8000,572.0000,561.8000,562.2000,9207
2020-08-25,563.8000,564.8000,557.4000,558.0000,39546
2020-08-26,556.6000,565.2000,556.6000,560.0000,12016
2020-08-27,565.0000,569.0000,558.6000,559.2000,7104
2020-08-28,555.4000,557.2000,549.8000,554.0000,5099
2020-09-01,565.4000,567.8000,552.8000,552.8000,6616
2020-09-02,557.0000,572.2000,556.8000,568.4000,63305
2020-09-03,576.4000,576.4000,548.6000,549.2000,7567
2020-09-04,545.0000,560.4000,534.8000,539.2000,17160
2020-09-07,545.4000,557.8000,545.4000,553.8000,7955
2020-09-08,550.6000,550.8000,531.0000,544.0000,28551
2020-09-09,546.2000,548.6000,539.8000,548.4000,6033
2020-09-10,543.4000,547.6000,541.4000,544.4000,11121
2020-09-11,545.6000,550.2000,545.4000,547.4000,4824
2020-09-14,553.0000,553.0000,546.0000,550.6000,4951
2020-09-15,554.8000,561.0000,552.4000,557.4000,3010
2020-09-16,558.4000,562.0000,550.6000,550.6000,4401
2020-09-17,554.6000,563.6000,554.6000,563.0000,9516
2020-09-18,570.0000,574.4000,564.6000,572.2000,84421
2020-09-21,571.8000,577.4000,568.0000,572.0000,19780
2020-09-22,579.6000,581.6000,562.8000,573.8000,9832
2020-09-23,570.2000,577.4000,567.6000,576.4000,5196
2020-09-24,570.2000,570.8000,559.0000,564.0000,6676
2020-09-25,565.2000,568.8000,557.8000,568.8000,7649
2020-09-28,574.0000,580.6000,566.4000,567.9643,6444
2020-09-29,565.6000,571.0000,563.2000,570.4000,11077
2020-09-30,567.6000,570.6000,562.0000,568.6000,11216
2020-10-01,569.8000,577.8000,569.4000,576.3000,11695
2020-10-02,564.2000,568.2000,559.8000,561.2000,29465
2020-10-05,568.6000,573.6000,562.6000,564.2000,28462
2020-10-06,571.8000,572.4000,559.0000,561.0000,8688
2020-10-07,565.2000,565.8000,552.0000,552.6000,76152
2020-10-08,558.0000,558.8000,545.6000,553.0000,8207
2020-10-09,551.4000,557.2000,547.0000,557.2000,35586
2020-10-12,559.0000,561.2000,558.0000,560.0000,17347
2020-10-13,557.6000,562.4000,555.6000,560.0000,22942
2020-10-14,563.6000,568.4000,556.2000,560.0000,9886
2020-10-15,559.2000,575.4000,559.2000,569.0000,18412
2020-10-16,577.4000,600.4000,575.4000,596.6000,20448
2020-10-19,600.0000,602.2000,582.6000,582.6000,8518
2020-10-20,583.8000,593.0000,575.6000,582.4000,23929
2020-10-21,576.8000,580.0000,557.4000,572.2000,16596
2020-10-22,569.0000,573.6000,562.0000,569.0000,16099
2020-10-23,569.0000,575.4000,565.8000,574.8000,48078
2020-10-26,573.2000,577.6000,570.0000,574.4000,38001
2020-10-27,576.0000,583.4000,574.4000,577.8000,18168
2020-10-28,573.2000,573.8000,555.8000,556.0000,20824
2020-10-29,557.8000,559.8000,552.0000,553.2000,12006
2020-10-30,551.0000,557.2000,547.4000,555.2000,10981
2020-11-02,556.0000,565.2000,548.8000,562.8000,16783
2020-11-03,562.8000,578.2000,560.6000,577.6000,17570
2020-11-04,580.2000,614.2000,576.6000,610.8000,47801
2020-11-05,619.0000,627.4000,618.0000,623.8000,12851
2020-11-06,618.0000,618.2000,608.0000,616.6000,7986
2020-11-09,604.6000,623.0000,604.6000,620.0000,21831
2020-11-10,615.6000,615.6000,573.6000,594.3594,20057
2020-11-11,578.6000,596.8000,577.2000,593.6000,24182
2020-11-12,598.6000,612.4000,595.0000,604.8000,17959
2020-11-13,609.0000,610.4000,600.2000,604.4000,14215
2020-11-16,599.8000,621.2000,589.2000,610.5818,25063
2020-11-17,632.6000,632.6000,587.0000,588.0000,61523
2020-11-18,584.2000,591.4000,580.0000,586.2000,30948
2020-11-19,579.8000,584.8000,578.4000,584.4000,31168
2020-11-20,583.2000,583.2000,574.8000,578.7429,26373
2020-11-23,575.0000,577.8000,568.8000,569.0000,15527
2020-11-24,571.4000,571.4000,548.8000,550.6000,32237
2020-11-25,548.8000,556.4000,547.2000,549.8000,10771
2020-11-26,551.2000,551.8000,547.2000,549.2000,8580
2020-11-27,547.2000,551.4000,544.6000,550.0696,16049
2020-11-30,553.0000,580.0000,553.0000,569.6000,25296
2020-12-01,571.0000,571.4000,553.6000,555.4916,12764
2020-12-02,552.2000,563.0000,551.2000,552.2000,15012
2020-12-03,552.6000,554.0000,539.0000,541.4000,73357
2020-12-04,541.2000,548.0000,536.4000,544.0000,16108
2020-12-07,544.0000,544.0000,534.8000,536.0000,110021
2020-12-08,539.6000,552.2000,539.6000,551.8000,17794
2020-12-09,549.6000,549.6000,541.0000,545.0000,16909
2020-12-10,545.2000,547.2000,541.2000,543.4000,16999
2020-12-11,543.2000,551.2000,540.8000,551.0000,15745
2020-12-14,549.6000,555.6000,543.2000,555.2000,58301
2020-12-15,552.4000,552.4000,539.4000,541.2000,15756
2020-12-16,538.0000,549.8000,532.6000,548.6000,33533
2020-12-17,550.6000,559.4000,544.0000,558.4000,34822
2020-12-18,559.0000,560.4000,552.2000,559.8000,25567
2020-12-21,554.0000,561.4000,544.8000,550.8000,23885
2020-12-22,553.2000,561.0000,552.0000,555.0000,20078
2020-12-23,560.0000,561.0000,549.4000,554.0000,13369
2020-12-29,566.0000,572.0000,561.6000,570.2043,12033
2020-12-30,572.6000,573.4000,568.4000,568.8000,5556
2021-01-04,577.8000,577.8000,564.2000,567.9365,5514
2021-01-05,569.2000,585.2000,563.4000,576.8000,13757
2021-01-06,579.8000,579.8000,568.0000,575.0000,20041
2021-01-07,575.8000,584.6000,569.6000,581.8000,25112
2021-01-08,586.8000,594.8000,586.2000,589.0000,34238
2021-01-11,589.7303,597.4000,584.6000,589.4000,7652
2021-01-12,590.2000,593.6000,584.0000,588.4000,19935
2021-01-13,591.8000,594.8000,588.4000,592.3735,23861
2021-01-14,590.4000,591.8000,581.4000,587.8000,5236
2021-01-15,585.4000,589.2000,581.6000,587.4000,33699
2021-01-18,586.8000,589.4000,580.6000,584.4726,14235
2021-01-19,585.8000,586.8000,576.4000,579.4000,21402
2021-01-20,581.2000,595.0000,581.2000,593.2000,11636
2021-01-21,599.8000,599.8000,593.2000,596.0000,5146
2021-01-22,592.6000,598.8000,588.2000,598.4000,18841
2021-01-25,599.8000,610.6000,599.8000,607.4000,17906
2021-01-26,606.2000,612.8000,600.0000,600.0000,8306
2021-01-27,589.4000,594.4000,570.6000,594.4000,22126
2021-01-28,584.0000,584.0000,568.0000,570.0000,60832
2021-01-29,564.0000,577.6000,556.8000,570.0000,40001
2021-02-01,578.8000,578.8000,562.0000,573.0000,30092
2021-02-02,572.2000,582.0000,572.2000,575.0040,14445
2021-02-03,574.0000,578.6602,569.8000,575.0000,15870
2021-02-04,569.0000,576.2000,568.8000,573.3097,7974
2021-02-05,571.2000,575.2000,562.6000,562.6000,9396
2021-02-08,565.2000,573.0000,565.2000,571.0000,17739
2021-02-09,574.8000,588.6000,571.0000,587.8000,32000
2021-02-10,589.8000,598.6000,589.8000,595.8000,29649
2021-02-11,596.6000,602.6000,595.6000,601.8000,13411
2021-02-12,600.4000,611.4000,600.4000,608.6000,28496
2021-02-15,609.6000,611.6000,606.4000,609.0000,11443
2021-02-16,609.2000,617.0000,608.4000,615.0000,6718
2021-02-17,611.2000,612.0000,607.0000,610.0000,39818
2021-02-18,611.8000,614.4000,606.2000,607.8000,24120
2021-02-19,607.2000,607.6000,596.8000,600.8000,16757
2021-02-22,593.4000,600.8000,591.0000,591.2000,17579
2021-02-23,602.0000,608.8000,580.4000,586.6000,27466
2021-02-24,587.0000,598.2000,587.0000,594.4000,24586
2021-02-25,596.8000,596.8000,583.8000,583.8000,22346
2021-02-26,577.0000,591.4000,575.0000,589.4000,170979
2021-03-01,583.6000,583.6000,573.0000,576.0000,18784
2021-03-02,578.4000,586.8000,574.6000,578.6000,8868
2021-03-03,574.0000,577.0000,560.2000,565.4000,9178
2021-03-04,565.2000,568.2000,544.4000,557.6000,17623
2021-03-05,536.8000,548.2000,532.4000,540.4000,27310
2021-03-08,535.8000,544.6000,531.6000,542.0000,24965
2021-03-09,534.0000,546.0000,531.2000,545.0000,124489
2021-03-10,542.4000,547.6000,538.4000,545.0035,34123
2021-03-11,547.0000,553.6000,543.4000,550.4000,23636
2021-03-12,551.4000,555.2000,544.8000,546.0000,28780
2021-03-15,545.6000,548.4000,541.2000,544.0000,13980
2021-03-16,544.8000,555.8000,544.8000,552.0000,24700
2021-03-17,551.8000,551.8000,539.6000,542.4000,22279
2021-03-18,544.8000,547.4000,542.0000,544.4000,26167
2021-03-19,535.6000,542.4000,535.6000,538.6000,35166
2021-03-22,539.8000,552.6000,539.8000,552.2000,16734
2021-03-23,552.8000,563.0000,551.6000,559.8298,11959
2021-03-24,561.6000,569.4000,554.0000,554.2000,84635
2021-03-25,553.4000,556.0000,544.0000,546.4000,9471
2021-03-26,548.0000,554.0000,545.6000,548.1000,7035
2021-03-29,551.2000,551.2000,544.2000,545.6000,21283
2021-03-30,539.8000,540.4000,528.6000,528.6000,35651
2021-03-31,524.4000,535.8000,523.8000,528.4000,22703
2021-04-01,535.2000,541.2000,535.0000,536.0000,7453
2021-04-06,540.2000,543.8000,536.0000,537.8000,35617
2021-04-07,535.8000,538.8000,531.6000,535.4000,21697
2021-04-08,537.6000,542.2000,536.0000,538.2000,65723
2021-04-09,548.4000,554.4000,545.6000,548.4000,68741
2021-04-12,547.0000,548.4000,535.0000,535.1588,12762
2021-04-13,538.4000,549.0000,535.4000,547.8367,42316
2021-04-14,552.2000,561.6000,551.4000,556.4813,49057
2021-04-15,553.4000,565.8000,553.4000,560.6174,11140
2021-04-16,563.2000,563.2000,553.4000,557.1857,18048
2021-04-19,560.6000,563.4000,554.6000,556.4833,7543
2021-04-20,555.6000,557.6000,549.0000,550.9944,17575
2021-04-21,555.8000,560.0000,549.2000,557.2781,8094
2021-04-22,556.0000,565.6000,555.4000,563.7432,8995
2021-04-23,564.0000,564.6000,555.6000,558.0933,10939
2021-04-26,559.2000,559.2000,551.6000,556.5165,8876
2021-04-27,554.6000,564.8000,554.6000,560.3728,13886
2021-04-28,559.4000,559.6000,554.8000,559.0000,13226
2021-04-29,562.4000,574.8000,561.4964,570.7073,29368
2021-04-30,573.4000,588.2000,570.8214,581.2987,34975
2021-05-04,589.2000,590.0000,574.0000,583.4651,97689
2021-05-05,578.6000,587.0000,577.0000,584.8800,25692
2021-05-06,584.4000,585.0000,573.6000,574.8000,23247
2021-05-07,576.6000,577.4866,566.2000,577.4866,10662
2021-05-10,571.2000,572.2000,560.6000,563.5155,12206
2021-05-11,557.6000,557.8000,548.6000,555.2000,28416
2021-05-12,555.0000,565.8000,554.0000,561.2990,77734
2021-05-14,564.4000,564.8000,554.8540,558.1844,11678
2021-05-17,565.0000,569.0000,559.4000,564.7565,41698
2021-05-18,567.0000,568.0000,561.2000,563.2102,33558
2021-05-19,558.4000,562.0000,553.4000,556.7186,21694
2021-05-20,561.8000,568.6000,560.6000,567.8851,8055
2021-05-21,567.8000,574.0000,565.4000,569.9411,44293
2021-05-25,573.4000,577.6000,569.4000,573.7850,18326
2021-05-26,578.8000,581.8000,575.6000,577.3021,19502
2021-05-27,579.0000,579.0000,570.4000,573.8200,20317
2021-05-28,573.0000,583.0000,570.8000,581.0509,22648
2021-06-01,580.8000,593.4000,580.2000,589.0121,16424
2021-06-02,592.2000,594.2000,588.6000,590.7991,35434
2021-06-03,590.6000,592.2000,581.6000,589.2031,49323
2021-06-04,587.6000,589.0000,582.4000,586.7037,8324
2021-06-07,589.0000,610.4000,586.0000,598.7868,39515
2021-06-08,625.0000,642.4000,624.1063,637.5176,48601
2021-06-09,626.8000,645.0000,625.2000,641.0916,36619
2021-06-10,647.0000,653.8000,645.0000,651.4045,21939
2021-06-11,655.0000,665.6000,653.8000,661.5000,34622
2021-06-14,664.4000,667.0000,662.0000,664.6000,56005
2021-06-15,665.0000,667.0000,660.2000,663.6381,10154
2021-06-16,660.0000,667.8000,660.0000,665.6000,4940
2021-06-17,660.0000,664.2000,646.6000,660.4000,45687
2021-06-18,660.0000,661.6000,652.0000,653.2595,49284
2021-06-21,632.2000,644.4000,632.2000,632.2000,58596
2021-06-22,641.0000,649.0000,636.4000,647.9778,17649
2021-06-23,648.0000,649.2000,644.2000,645.2645,11375
2021-06-24,645.0000,667.8000,645.0000,663.7336,36373
2021-06-25,660.0000,661.8000,657.0000,660.5308,26673
2021-06-28,660.8000,667.4000,660.4000,666.6000,19513
2021-06-29,665.6000,667.2200,659.8000,664.7299,355139
2021-06-30,666.0000,666.0000,653.4000,658.5242,18057
2021-07-01,656.4000,661.6000,652.4000,657.2000,19916
2021-07-02,662.2000,663.8000,653.2000,662.5385,12447
2021-07-05,656.8000,658.6000,651.1000,655.4000,14100
2021-07-06,655.2000,665.8000,651.2000,663.1212,21489
2021-07-07,666.0000,682.6000,664.0000,680.6423,43932
2021-07-08,676.0000,679.8000,663.4000,676.8503,13772
2021-07-09,670.0000,675.2000,661.8000,666.7126,33795
2021-07-12,665.6000,676.0000,664.8000,672.0000,14246
2021-07-13,667.0000,669.8000,664.0000,669.0000,18237
2021-07-14,668.4000,669.0000,657.2000,662.0964,25788
2021-07-15,657.2000,663.8000,651.0000,659.0000,68908
2021-07-16,659.0000,659.0000,651.2000,658.4000,20704
2021-07-19,656.6000,659.2000,650.0000,652.9096,34730
2021-07-20,659.8000,660.0000,655.0000,657.6888,20595
2021-07-21,662.0000,663.6000,658.8000,663.2000,24090
2021-07-22,667.8000,677.4000,661.0000,677.0000,28416
2021-07-23,690.0000,707.8000,684.0000,692.4441,45583
2021-07-26,702.4000,702.4000,685.6000,686.0000,75026
2021-07-27,684.2000,684.2000,678.8000,682.6000,25690
2021-07-28,682.6000,690.8000,680.2000,688.6137,14719
2021-07-29,691.8000,692.8000,683.4000,688.4439,207237
2021-07-30,689.0000,706.4000,685.2000,695.2000,38961
2021-08-02,707.0000,714.4000,704.2000,708.1439,36560
2021-08-03,715.0000,722.4000,712.8000,719.4000,49112
2021-08-04,721.0000,722.4000,717.6000,721.1780,8021
2021-08-05,722.4000,722.4000,716.8000,722.4000,16523
2021-08-06,717.2000,718.4000,702.6000,716.8150,12497
2021-08-09,705.4000,716.4000,705.4000,716.2000,43668
2021-08-10,714.4000,726.5000,714.4000,719.6000,24044
2021-08-11,721.6000,723.8000,716.6000,721.5302,26635
2021-08-12,718.0000,722.6000,716.0000,718.0718,11300
2021-08-13,724.0000,724.0000,718.4000,722.1389,2707
2021-08-16,719.4000,726.2000,719.4000,724.0724,4362
2021-08-17,727.2000,738.4000,726.4000,738.4000,20903
2021-08-18,739.4000,756.8000,739.4000,753.7481,65997
2021-08-19,747.0000,749.8000,736.6000,748.3305,22657
2021-08-20,749.8000,762.6000,744.4000,759.3609,21289
2021-08-23,766.6000,767.8000,758.8000,766.1148,9161
2021-08-24,770.6000,775.4000,764.9925,769.8622,11864
2021-08-25,768.0000,774.8000,764.8000,770.8700,26128
2021-08-26,763.0000,768.6000,758.8000,764.0000,8359
2021-08-27,765.8000,778.4000,765.8000,777.8000,14260
2021-08-31,777.8000,784.0000,770.8000,775.0000,14134
2021-09-01,778.2000,778.2000,762.8000,769.4909,10297
2021-09-02,775.8000,780.2000,773.4000,777.6048,10423
2021-09-03,775.8000,775.8000,765.0000,768.8000,20032
2021-09-06,774.4000,784.6000,771.4000,774.2812,7688
2021-09-07,784.2000,785.4000,770.4000,773.4958,43607
2021-09-08,770.0000,772.8000,763.0000,769.9446,12765
2021-09-09,766.2000,775.4000,764.4000,774.5394,10471
2021-09-10,768.2000,772.0000,764.8000,768.3766,24642
2021-09-13,768.0000,776.8000,759.4000,761.8000,3095
2021-09-14,761.2000,779.2000,760.4000,768.6523,87691
2021-09-15,778.8000,778.8000,767.0000,770.1938,8297
2021-09-16,771.6000,777.2000,770.0000,775.7168,14977
2021-09-17,778.6000,782.4000,752.8000,771.2168,62219
2021-09-20,747.0000,751.4000,732.8000,747.8748,66658
2021-09-21,752.0000,758.4000,747.6000,756.3756,43557
2021-09-22,759.6000,762.0000,748.4000,757.4000,52080
2021-09-23,759.4000,768.6000,756.4000,759.8000,44937
2021-09-24,757.4000,762.0000,742.0000,743.0864,16670
2021-09-27,747.2000,749.6000,718.4000,727.8741,19858
2021-09-28,709.2000,716.0000,685.4000,701.8054,109178
2021-09-29,700.2000,714.0000,693.2000,699.4000,34343
2021-09-30,707.2000,711.4000,697.2000,701.7053,52932
2021-10-01,691.2000,701.2000,688.2000,695.3043,24775
2021-10-04,693.0000,707.0000,688.8000,695.5696,27146
2021-10-05,685.0000,706.2000,685.0000,698.6618,31764
2021-10-06,691.8000,703.0000,684.0000,701.4249,91609
2021-10-07,709.8000,709.8000,688.0000,696.6956,16180
2021-10-08,691.6000,694.8000,682.6000,691.6345,15424
2021-10-11,689.2000,696.8000,684.0000,694.7813,34489
2021-10-12,682.6000,706.6000,682.6000,700.5360,119156
2021-10-13,701.0000,722.6000,697.6000,719.2891,48644
2021-10-14,722.0000,725.0000,709.8000,719.8720,22328
2021-10-15,718.0000,724.4000,712.8000,713.6714,10638
2021-10-18,721.6000,727.0000,718.8000,723.4518,47623
2021-10-19,725.6000,727.2000,714.0000,719.9000,16241
2021-10-20,743.8000,745.6000,731.4000,734.8000,18403
2021-10-21,730.0000,751.0000,730.0000,746.8000,51391
2021-10-22,756.4000,757.8000,750.8000,754.9375,14814
2021-10-25,758.0000,758.0000,745.8000,750.4000,16534
2021-10-26,751.8000,757.4000,746.4000,754.3658,28899
2021-10-27,760.4000,770.2000,754.4000,759.1134,124984
2021-10-28,756.0000,763.4000,754.0000,758.8000,59586
2021-10-29,751.2000,756.8000,746.4000,750.7122,27288
2021-11-01,756.2000,763.4000,753.4000,759.7961,26516
2021-11-02,762.6000,779.2000,762.3573,775.6000,13417
2021-11-03,772.8000,775.4000,764.6000,769.3846,46943
2021-11-04,768.6000,771.6000,760.4000,768.9579,43566
2021-11-05,772.2000,775.2000,708.2000,728.8491,64700
2021-11-08,719.0000,723.0000,712.8000,716.7044,127111
2021-11-09,712.8000,727.0000,712.4000,725.0843,42669
2021-11-10,725.6000,733.8000,717.0000,725.6000,39033
2021-11-11,726.2000,726.8000,716.6000,719.8240,9982
2021-11-12,726.4000,737.0000,720.0000,724.5161,45779
2021-11-15,736.2000,740.6000,730.8000,737.2089,150970
2021-11-16,734.0000,738.6000,725.6000,737.8000,12692
2021-11-17,730.8000,742.4000,728.0000,739.1600,17258
2021-11-18,740.0000,747.6000,739.4000,742.2032,17639
2021-11-19,747.8000,768.2000,745.6000,751.5377,20849
2021-11-22,759.6000,761.6000,742.2000,748.8054,24317
2021-11-23,740.6000,742.2000,703.4000,716.3639,27502
2021-11-24,707.4000,711.4000,699.2000,703.9543,40547
2021-11-25,713.0000,722.4000,708.8000,716.1878,14912
2021-11-26,704.2000,754.2000,704.2000,725.3747,57811
2021-11-29,743.6000,744.6000,726.2000,735.9901,11492
2021-11-30,740.2000,754.6000,732.4000,746.7618,69582
2021-12-01,747.2000,748.0000,720.8000,730.0000,38716
2021-12-02,729.8000,729.8000,707.0212,721.8722,26522
2021-12-03,720.0000,736.8000,717.0000,723.6769,17106
2021-12-06,722.0000,724.0000,706.1118,710.5711,30958
2021-12-07,719.6000,731.6000,710.2000,710.2000,38035
2021-12-08,735.0000,753.4000,733.2000,742.4000,132258
2021-12-09,747.6000,756.8000,744.0000,751.7506,27186
2021-12-10,752.0000,755.6000,742.4000,746.6000,102726
2021-12-13,754.2000,754.2000,740.8000,745.8176,66808
2021-12-14,743.6000,746.6000,723.8000,730.2004,34481
2021-12-15,731.6000,754.4000,729.4000,745.5118,42532
2021-12-16,758.8000,767.4000,750.2000,758.1892,17506
2021-12-17,758.2000,758.8000,740.8000,748.1248,111821
2021-12-20,742.2000,757.0000,742.2000,754.4796,167996
2021-12-21,759.6000,761.0000,741.6000,745.0351,27210
2021-12-22,745.0000,749.6937,739.0146,746.8000,15674
2021-12-23,745.0000,751.0000,742.7958,746.6984,30442
2021-12-29,760.4000,765.0000,751.8000,758.2000,6930
2021-12-30,761.6000,767.4000,758.6000,762.8000,22988
2022-01-04,751.0000,751.8000,719.0000,721.0000,22975
2022-01-05,717.4000,719.6000,707.4000,710.6711,65729
2022-01-06,708.6000,714.6000,700.6000,708.7962,35558
2022-01-07,705.0000,716.2000,704.4000,713.8607,19833
2022-01-10,708.0000,708.0000,674.6000,677.4000,23516
2022-01-11,687.6000,688.8000,678.6000,683.8000,19915
2022-01-12,680.6000,685.4000,673.2000,679.3286,26802
2022-01-13,677.2000,685.4000,661.1000,673.2221,23916
2022-01-14,657.2000,665.8000,646.2000,657.3205,27533
2022-01-17,654.0000,666.6000,648.4000,653.0000,42767
2022-01-18,660.8000,664.6000,647.0000,653.6997,44511
2022-01-19,647.0000,659.0000,641.4000,654.6141,17722
2022-01-20,654.8000,659.8000,646.2000,657.2683,49900
2022-01-21,644.6000,648.0000,637.8000,642.3000,35520
2022-01-24,637.4000,646.6690,606.2000,616.6289,71766
2022-01-25,610.8000,616.0000,600.8000,607.0000,101537
2022-01-26,609.0000,627.8000,581.2000,605.2000,87147
2022-01-27,589.2000,616.6000,587.8000,613.4000,100911
2022-01-28,611.0000,629.0629,611.0000,629.0000,83341
2022-01-31,633.4000,634.4000,617.2000,630.7614,71684
2022-02-01,634.4000,643.6000,632.6000,639.2975,71155
2022-02-02,640.6000,649.8000,639.0000,640.2000,46058
2022-02-03,633.4000,639.4000,622.2000,626.4000,50419
2022-02-04,626.4000,633.8000,620.5504,623.5421,33657
2022-02-07,623.4000,626.8000,615.2000,622.2000,13047
2022-02-08,630.2000,630.2000,605.8000,612.0706,12413
2022-02-09,619.8000,631.2000,618.0000,628.1997,48959
2022-02-10,635.2000,637.4000,621.0000,629.1926,33477
2022-02-11,623.2000,623.9807,613.9386,614.0919,31829
2022-02-14,605.0000,608.4000,594.4000,601.8087,17906
2022-02-15,605.6000,615.6000,604.2000,611.4000,18870
2022-02-16,613.8000,616.2000,609.6000,612.8808,41205
2022-02-17,612.0000,628.6000,609.8000,621.6653,25231
2022-02-18,610.6000,613.0000,596.8000,601.4095,37272
2022-02-21,600.8000,602.2000,590.0000,600.5327,22029
2022-02-22,580.2000,610.4000,580.2000,601.0000,129402
2022-02-23,605.0000,615.0000,604.4000,608.7625,32965
2022-02-24,588.0000,611.2000,585.4000,607.6932,50341
2022-02-25,612.2000,630.8000,609.6000,630.8000,51589
2022-02-28,630.8000,645.4000,626.8000,637.4000,376691
2022-03-01,641.8000,646.4000,622.2000,642.9521,170020
2022-03-02,640.4000,648.8000,634.6000,646.2000,36694
2022-03-03,647.4000,648.4000,628.4000,632.9446,20715
2022-03-04,625.0000,631.8000,608.0000,617.8678,238002
2022-03-07,599.4000,622.9434,591.0000,607.9756,41027
2022-03-08,605.2000,617.0000,574.2000,581.4000,167384
2022-03-09,588.2000,614.4000,578.6000,583.0584,24565
2022-03-10,615.0000,620.4000,603.4000,609.9556,19272
2022-03-11,604.2000,613.1509,591.4000,606.9158,15888
2022-03-14,610.6000,627.4000,597.0000,627.2941,41381
2022-03-15,621.2000,630.0000,615.0000,625.3136,87593
2022-03-16,626.0000,654.6000,626.0000,649.7000,53870
2022-03-17,656.0000,667.2000,653.8000,661.8000,26546
2022-03-18,663.2000,665.0000,649.2000,663.2692,85497
2022-03-21,662.8000,670.0000,653.2000,658.1287,90027
2022-03-22,666.0000,666.2000,652.0000,663.2000,25002
2022-03-23,664.0000,671.4000,656.8000,660.6555,49774
2022-03-24,661.8000,663.0948,652.0000,655.7600,18099
2022-03-25,654.6000,668.0000,650.0000,654.6000,54564
2022-03-28,654.4890,663.2000,652.2000,658.0000,161135
2022-03-29,659.2000,679.2000,658.2000,672.2000,20922
2022-03-30,676.0000,676.0000,665.6000,670.0000,8053
2022-03-31,676.8000,682.4000,669.2000,676.3079,34278
2022-04-01,669.8000,675.6000,662.8000,672.2108,32096
2022-04-04,678.4000,679.6000,672.6000,677.0000,99137
2022-04-05,678.4000,682.0000,671.8000,677.6346,12079
2022-04-06,680.6000,684.0000,671.2000,676.5015,30051
2022-04-07,677.8000,681.8000,672.6000,680.9261,6833
2022-04-08,682.6000,683.4000,670.0000,672.0000,27496
2022-04-11,672.2000,673.6000,664.2000,668.6248,17302
2022-04-12,668.0000,671.4000,660.6000,665.4042,20249
2022-04-13,665.8000,668.8000,656.4000,659.5694,35544
2022-04-14,654.0000,665.0000,652.4000,658.0756,14445
2022-04-19,650.0000,651.8000,627.4000,628.8281,80678
2022-04-20,632.0000,638.0000,626.2000,635.7314,104774
2022-04-21,635.8000,641.0000,626.0000,629.2504,46874
2022-04-22,624.8000,628.0000,616.6000,619.8000,25236
2022-04-25,610.4000,613.0000,591.2000,595.0762,62526
2022-04-26,593.8000,595.2845,579.0000,586.7338,31544
2022-04-27,578.6000,579.6000,566.4000,575.8000,64080
2022-04-28,580.2000,584.2000,573.4000,574.7138,90870
2022-04-29,579.0000,588.2000,575.6000,578.4868,24579
2022-05-03,568.6000,572.4000,561.6000,570.6000,20488
2022-05-04,570.8000,571.6000,562.7888,564.4727,61088
2022-05-05,573.6000,580.4000,563.0000,571.0084,102498
2022-05-06,561.0000,562.2000,544.4000,553.6611,7410
2022-05-09,541.2000,543.0000,519.6000,533.2045,36935
2022-05-10,524.4000,533.3300,520.8000,526.8453,216492
2022-05-11,519.4000,531.6000,512.8000,524.1912,39071
2022-05-12,513.2000,535.4000,510.6000,531.8000,45157
2022-05-13,532.6000,554.4000,532.6000,551.4043,58334
2022-05-16,550.8000,556.1870,544.4000,551.1727,40477
2022-05-17,550.0000,553.3800,545.4000,552.8000,28691
2022-05-18,550.4000,556.4000,534.6000,534.6000,104834
2022-05-19,527.2000,538.4000,519.6000,528.2917,100415
2022-05-20,540.8000,556.0000,540.8000,549.9720,601450
2022-05-23,554.0000,557.4000,549.6000,554.8000,50437
2022-05-24,549.8000,563.8000,549.8000,557.3495,81521
2022-05-25,554.6000,556.6000,546.8000,556.6000,17759
2022-05-27,558.0000,576.0000,556.8000,572.2014,108064
2022-05-30,577.6000,591.8000,577.0000,589.2719,41428
2022-05-31,580.6000,584.2000,573.4000,579.0869,122607
2022-06-01,581.0000,581.4000,562.6000,566.0818,47231
2022-06-07,568.0000,570.8235,561.0000,567.8057,23804
2022-06-08,573.0000,575.8000,567.4000,572.2689,28338
2022-06-09,568.6000,570.8000,556.9955,559.2468,18810
2022-06-10,551.2000,554.0000,539.4000,550.6000,48204
2022-06-13,535.4000,538.8000,520.3480,526.8591,14715
2022-06-14,522.0000,525.8000,498.3000,514.3959,70146
2022-06-15,507.8000,514.6000,505.0000,511.2949,30692
2022-06-16,511.2000,511.2000,484.1000,487.6000,44116
2022-06-17,487.9168,504.0000,487.9168,495.6089,98243
2022-06-20,496.7000,497.2000,487.1000,490.4047,29028
2022-06-21,493.9000,496.7000,488.5000,489.7510,12715
2022-06-22,487.9000,492.3394,477.2000,492.3394,18645
2022-06-23,485.7000,489.5208,480.5000,488.0000,10956
2022-06-24,488.0000,514.6000,488.0000,495.5000,18035
2022-06-27,515.0000,518.2000,508.2000,512.1617,15519
2022-06-28,513.6000,515.6000,506.6000,511.7990,58699
2022-06-29,503.2000,506.0620,490.9000,499.1727,94829
2022-06-30,497.0000,509.0000,496.5000,509.0000,47280
2022-07-01,504.0000,522.0000,503.0000,519.2779,33139
2022-07-04,523.2000,529.6000,521.2000,525.5309,24564
2022-07-05,538.4000,544.6000,529.5338,533.1233,48827
2022-07-06,541.8000,550.0000,535.4000,547.7017,24383
2022-07-07,552.4000,553.4000,543.2000,549.9361,54675
2022-07-08,555.0000,570.0215,554.4000,563.8966,51966
2022-07-11,558.8000,569.0000,557.4000,564.0912,32738
2022-07-12,556.0000,560.2000,549.2000,555.0000,75339
2022-07-13,550.4000,556.2000,541.8000,547.7517,45293
2022-07-14,549.6000,555.0000,545.2000,549.0000,15123
2022-07-15,555.8000,569.0000,551.2000,566.3419,48041
2022-07-18,570.0000,575.0000,562.5887,569.9525,30600
2022-07-19,560.8000,576.6000,552.4000,569.3342,25706
2022-07-20,578.2000,584.6000,577.8000,582.7454,21425
2022-07-21,579.2000,591.4000,577.8000,585.4646,36572
2022-07-22,592.6000,594.2000,551.1449,562.5248,72221
2022-07-25,542.2000,552.6000,530.2000,539.1206,99277
2022-07-26,539.4000,546.6000,533.8000,543.7901,29303
2022-07-27,541.2000,546.6000,539.2000,541.8330,140706
2022-07-28,544.8000,564.6564,541.2000,558.6646,135571
2022-07-29,567.6000,579.7000,562.4000,573.4361,45849
2022-08-02,577.2000,579.6455,565.4000,576.4000,43941
2022-08-03,573.2000,582.4000,569.2000,579.9032,123611
2022-08-04,583.0000,587.4000,580.0000,581.9355,29282
2022-08-05,581.6000,582.0000,557.8000,560.2000,55816
2022-08-08,562.6000,568.8000,561.0000,564.1412,28055
2022-08-09,562.8000,567.8000,557.7962,560.8591,36191
2022-08-10,560.4000,576.4375,549.6000,569.8000,33133
2022-08-11,578.8000,585.0590,571.8000,580.6809,43685
2022-08-12,579.6000,581.4000,569.6000,572.2436,36742
2022-08-15,574.6000,578.0415,569.6000,569.6000,13120
2022-08-16,568.4000,568.6000,556.0000,563.5455,23427
2022-08-17,555.4000,568.0165,555.4000,560.6041,21295
2022-08-18,565.2000,574.0000,561.6000,573.2125,14963
2022-08-19,572.0000,577.2395,564.0000,571.2546,31513
2022-08-22,562.0000,564.6000,546.0000,559.2266,33967
2022-08-23,543.4000,547.6000,533.6000,536.5017,30753
2022-08-24,533.2000,547.2000,527.8000,540.8000,50943
2022-08-25,546.8000,553.6000,545.6000,549.5678,23187
2022-08-26,554.4000,556.2000,536.6000,540.8250,45735
2022-08-30,528.4000,530.0000,522.0000,525.4113,26870
2022-08-31,528.6000,533.0000,520.4000,524.0616,55551
2022-09-01,519.4000,520.6000,509.9490,509.9959,15059
2022-09-02,516.0000,526.2000,515.0000,522.5443,18296
2022-09-05,513.2000,516.8000,508.0000,514.4045,18255
2022-09-06,514.4000,522.7035,508.6000,512.4200,15302
2022-09-07,508.4000,517.6000,506.8000,512.5189,30395
2022-09-08,522.6000,522.6000,508.4000,515.9333,7545
2022-09-09,521.0000,532.3275,521.0000,522.4000,70683
2022-09-12,530.8000,535.0000,529.8000,531.7108,14331
2022-09-13,534.8000,540.4000,503.3245,533.2638,44395
2022-09-14,501.8000,510.0000,490.4000,499.3001,145462
2022-09-15,499.1000,503.6560,484.1000,484.7033,38412
2022-09-16,482.4000,487.5158,475.9000,480.4839,118298
2022-09-20,473.8000,475.7000,461.3000,465.6929,104403
2022-09-21,460.0000,468.8693,456.9000,462.4250,49759
2022-09-22,452.9000,469.3000,451.6000,457.2980,43774
2022-09-23,453.6000,455.5360,437.3000,441.4467,35764
2022-09-26,441.4000,445.4953,439.3000,440.2000,122384
2022-09-27,442.4000,453.2303,442.4000,447.3429,38248
2022-09-28,467.6000,473.5810,456.3000,472.4000,241580
2022-09-29,467.8000,470.8000,461.9000,468.3000,98414
2022-09-30,471.0000,490.2000,470.3000,486.3000,296428
2022-10-03,480.9000,496.2000,475.3000,493.3000,167071
2022-10-04,502.2000,512.0770,500.0000,510.4000,30764
2022-10-05,507.6000,514.4000,501.4000,504.9010,46151
2022-10-06,506.4000,514.0820,504.4000,508.9989,19273
2022-10-07,501.2000,508.6000,497.4000,499.0624,35901
2022-10-10,492.6000,493.8000,485.0000,486.3545,17676
2022-10-11,481.5000,487.1000,478.6000,480.0200,92471
2022-10-12,483.4000,485.8000,475.0000,481.2037,27349
2022-10-13,475.7000,484.5000,469.0000,479.7039,65348
2022-10-14,487.0000,501.0000,486.9000,488.4185,20605
2022-10-17,493.9000,506.6000,488.1000,503.8992,7635
2022-10-18,507.6000,518.4000,507.6000,513.8000,85499
2022-10-19,517.4000,519.8000,486.3000,490.6000,235402
2022-10-20,488.6000,500.4480,488.6000,497.1254,39242
2022-10-21,490.0000,496.3000,485.2000,492.5015,13339
2022-10-24,498.3000,505.6000,494.6000,499.6175,18404
2022-10-25,501.0000,518.8000,499.3000,518.3481,31567
2022-10-26,516.4000,529.4000,515.0000,527.6849,38421
2022-10-27,522.2000,524.3075,505.6000,511.2993,47901
2022-10-28,505.4000,518.6935,505.4000,514.0514,32743
2022-10-31,516.6000,517.6000,510.8000,516.0000,15304
2022-11-01,516.6000,521.8000,484.2000,520.0208,158453
2022-11-02,491.9000,501.2000,491.2000,494.7000,15827
2022-11-03,483.8000,488.1000,476.1000,479.1732,193470
2022-11-04,477.0000,489.5208,477.0000,479.1039,24353
2022-11-07,478.1000,484.0000,477.1000,483.6725,37292
2022-11-08,480.1000,495.2350,480.1000,489.4541,18404
2022-11-09,488.6000,493.7000,485.5000,493.2000,30962
2022-11-10,490.3000,520.0970,481.7000,516.4000,29032
2022-11-11,522.2000,527.6000,512.8000,522.6000,22562
2022-11-14,506.6000,518.8000,502.6000,508.6000,42635
2022-11-15,506.8000,522.5030,504.6000,516.0000,37512
2022-11-16,512.6000,515.6000,497.8000,500.2000,20786
2022-11-17,500.6000,504.0000,491.9000,496.2000,40065
2022-11-18,494.4000,498.7438,488.1000,495.2000,26813
2022-11-21,493.5000,501.8000,488.2763,498.7000,17128
2022-11-22,492.6000,495.5358,485.2000,491.5983,32253
2022-11-23,494.3000,496.6993,486.1000,496.6993,19658
2022-11-24,495.0000,509.0000,492.7000,507.7492,29974
2022-11-25,504.8000,509.0000,501.0000,506.3352,7825
2022-11-28,502.2000,504.4000,497.8000,501.2520,11203
2022-11-29,500.2000,500.2000,486.3000,486.3000,18192
2022-11-30,491.2000,496.7388,490.2000,490.2000,51215
2022-12-01,501.0000,510.4000,500.6000,508.9364,17381
2022-12-02,502.8000,511.4755,498.0000,503.9496,16899
2022-12-05,502.6000,505.0000,495.7000,498.1996,10333
2022-12-06,494.9000,495.9000,478.8000,493.5000,32514
2022-12-07,475.8000,475.8000,456.0000,475.6000,28064
2022-12-08,468.9000,470.2000,452.0000,456.9671,53783
2022-12-09,457.1000,463.5000,454.7000,457.3914,34890
2022-12-12,456.7000,466.2628,452.6000,459.6790,35744
2022-12-13,467.0000,482.5000,459.7000,477.0513,31365
2022-12-14,475.6000,478.2000,471.8000,474.9288,118267
2022-12-15,463.8000,464.3580,454.2000,457.3790,55753
2022-12-16,457.0000,459.0448,448.8000,450.0000,78940
2022-12-19,450.8000,452.8000,443.5000,449.8100,17795
2022-12-20,439.7000,442.2000,437.3000,437.5438,30946
2022-12-21,441.7000,450.5235,441.2000,450.4450,30133
2022-12-22,450.0000,454.8000,448.5000,449.9673,9471
2022-12-23,454.4000,456.3000,450.3000,453.4279,5860
2022-12-28,449.8000,459.4000,449.8000,455.4911,8532
2022-12-29,452.9000,462.7000,452.4000,458.8541,6606
2022-12-30,454.0000,459.9000,453.0547,453.0547,8602
2023-01-03,456.3000,465.4000,453.2000,461.0078,35402
2023-01-04,465.8000,470.4733,464.3000,467.3215,10935
2023-01-05,468.6000,471.0000,462.9000,467.5434,13240
2023-01-06,464.7000,465.7000,447.7000,457.4457,77864
2023-01-09,459.2000,465.7615,456.1000,459.3000,17058
2023-01-10,457.0000,472.0773,456.6000,470.4293,83497
2023-01-11,473.6000,490.3228,472.9000,473.6000,27682
2023-01-12,483.4000,490.6235,478.6000,487.7000,24487
2023-01-13,491.2000,497.7000,487.5000,490.2000,34542
2023-01-16,493.3000,502.6000,491.1000,498.0756,8065
2023-01-17,502.6000,502.7899,494.3000,498.6318,16197
2023-01-18,501.2000,503.0545,497.4000,497.5000,110051
2023-01-19,496.0000,501.8515,489.6000,496.8092,10208
2023-01-20,487.7000,490.8000,482.4000,484.0000,31007
2023-01-23,485.7000,495.7000,485.7000,490.6616,10750
2023-01-24,499.7000,506.4000,485.8000,491.8856,43225
2023-01-25,467.4000,522.8000,464.3364,504.2987,94569
2023-01-26,530.0000,542.2000,529.6000,534.0258,67238
2023-01-27,531.4000,532.9290,521.0000,531.2000,231640
2023-01-30,528.8000,536.8000,524.6000,533.7199,194275
2023-01-31,532.0000,534.4000,514.4000,519.7424,98826
2023-02-01,519.2000,529.3200,519.2000,519.5558,25080
2023-02-02,533.0000,547.7660,521.0000,521.0000,123629
2023-02-03,546.0000,553.8000,536.8000,537.2000,25447
2023-02-06,551.6000,559.2000,550.2000,556.5430,19943
2023-02-07,553.0000,556.5880,548.4000,553.9791,22016
2023-02-08,559.6000,563.8000,556.0000,558.0812,77168
2023-02-09,560.8000,563.0040,548.6000,560.3616,27629
2023-02-10,547.0000,547.1645,536.8000,544.4000,31962
2023-02-13,541.8000,545.0000,540.0000,541.0640,134961
2023-02-14,547.8000,554.1820,545.6000,553.0421,8186
2023-02-15,544.4000,554.5830,543.4000,550.9557,18806
2023-02-16,557.6000,559.4000,549.4000,554.8697,12222
2023-02-17,548.2000,555.3850,544.0000,548.6000,179109
2023-02-20,556.6000,563.8000,555.0000,560.8043,12722
2023-02-21,561.4000,562.8000,553.8000,559.0466,22580
2023-02-22,562.7000,571.4000,555.4000,567.3975,50599
2023-02-23,566.4000,569.2195,562.2000,564.2000,245657
2023-02-24,564.6000,570.0215,562.4000,565.6779,17148
2023-02-27,567.0000,572.4000,566.4000,569.2861,119836
2023-02-28,565.6000,570.8235,560.7720,563.8000,53003
2023-03-01,561.6000,567.4150,559.6000,560.8850,24707
2023-03-02,555.8000,563.0000,552.0000,558.2000,66094
2023-03-03,568.0000,569.4000,563.6000,566.3550,6335
2023-03-06,568.0000,569.4000,560.7945,564.0850,5336
2023-03-07,563.0000,572.0265,552.4000,564.9114,35816
2023-03-08,549.2000,549.2000,542.5119,542.5119,45686
2023-03-09,538.6000,540.8000,532.4000,536.8015,80915
2023-03-10,531.8000,535.8000,528.0000,532.0000,13599
2023-03-13,527.6000,529.7647,514.6000,521.8000,44512
2023-03-14,526.0000,531.6000,519.6000,526.2000,135427
2023-03-15,525.2000,525.2000,508.6000,518.6000,44139
2023-03-16,528.4000,536.8671,517.2000,534.5244,76550
2023-03-17,546.6000,546.6820,527.1223,533.5313,48674
2023-03-20,526.6000,535.2000,524.5884,532.2000,56738
2023-03-21,533.8000,540.6000,533.8000,536.0000,52564
2023-03-22,538.8000,542.1520,537.8520,538.8000,21875
2023-03-23,531.8000,541.7510,529.4000,537.9370,22387
2023-03-24,533.6000,538.5430,526.4000,528.9368,39178
2023-03-27,537.0000,541.3500,532.4000,535.0000,16894
2023-03-28,541.2000,541.8000,531.4000,533.6800,21604
2023-03-29,534.8000,540.6000,532.4000,535.0048,26466
2023-03-30,538.0000,545.6000,538.0000,543.7172,42879
2023-03-31,546.6000,550.4000,539.2000,547.2906,26207
2023-04-03,548.6000,552.6000,540.0000,550.0196,94027
2023-04-04,546.8000,550.6000,542.6000,544.1088,131657
2023-04-05,543.6000,558.2000,541.0000,555.0857,16925
2023-04-06,561.0000,573.2000,558.8000,567.1247,32856
2023-04-11,569.6000,573.0290,565.0000,570.2274,17108
2023-04-12,572.2000,583.0000,570.0000,578.0406,16629
2023-04-13,575.8000,584.4575,575.8000,579.7238,57239
2023-04-14,584.8000,592.2770,583.4000,588.4334,13823
2023-04-17,587.0000,594.2820,585.9315,590.3000,10322
2023-04-18,591.6000,596.6768,583.2000,585.4000,71790
2023-04-19,581.2000,585.8610,576.2000,582.4000,117799
2023-04-20,567.2000,573.0000,563.0000,569.5139,28334
2023-04-21,568.6000,574.2574,562.8000,571.4333,18429
2023-04-24,578.8000,580.8000,574.6000,578.6365,90688
2023-04-25,575.0000,577.8410,556.7905,568.0883,28992
2023-04-26,553.2000,553.6000,544.4000,546.1088,140634
2023-04-27,544.4000,551.5755,544.4000,549.8000,392511
2023-04-28,550.0000,555.5855,548.0000,553.8443,9599
2023-05-02,555.8000,559.6000,549.6000,553.0667,15258
2023-05-03,553.2000,583.2545,551.0000,581.8836,62564
2023-05-04,577.8000,582.0515,573.0000,580.2000,42908
2023-05-05,581.4000,582.0000,576.0000,578.9000,28507
2023-05-09,578.9489,578.9489,559.4000,564.7568,29713
2023-05-10,560.0000,569.4200,559.6000,563.8146,156332
2023-05-11,568.2000,578.0415,564.0000,576.8000,66979
2023-05-12,581.6000,581.8000,571.4000,574.8589,43089
2023-05-15,578.2000,589.2695,577.8000,584.4730,31037
2023-05-16,586.4000,586.8635,581.0000,583.6840,15200
2023-05-17,573.8000,574.6000,562.4000,574.2000,18898
2023-05-19,569.8000,582.0515,568.0000,573.2000,19828
2023-05-22,579.4000,580.0465,570.4000,576.2787,22120
2023-05-23,573.8000,588.4000,573.8000,584.7546,10842
2023-05-24,575.4000,575.4000,562.4000,563.0400,29263
2023-05-25,565.6000,569.6205,564.0000,566.2000,240590
2023-05-26,567.2000,574.8335,566.2000,572.4081,15458
2023-05-30,570.2000,574.0000,565.8000,570.0000,20143
2023-05-31,564.0000,573.8000,558.8000,569.3146,59518
2023-06-01,572.4000,580.2470,570.0000,575.0615,92267
2023-06-02,578.0000,588.6680,575.2000,580.5778,37885
2023-06-05,583.4000,587.6000,576.6000,579.5001,31952
2023-06-06,577.0000,600.8985,577.0000,594.7376,133068
2023-06-07,592.4000,592.4000,581.4000,585.4000,32868
2023-06-08,576.2000,581.8510,575.0000,578.0867,17094
2023-06-09,579.2000,579.2000,562.6875,569.8381,4346
2023-06-12,567.8000,568.8000,559.4000,562.3362,22706
2023-06-13,564.2000,566.8135,559.2056,559.8000,12269
2023-06-14,563.8000,573.4300,563.8000,570.5413,20060
2023-06-15,563.6000,565.0090,553.2000,563.4000,19571
2023-06-16,568.8000,575.0340,567.2000,567.6000,25959
2023-06-19,549.0000,552.2000,544.0000,548.1937,28020
2023-06-20,547.2000,547.9665,531.4000,535.1715,64717
2023-06-21,527.2000,537.3400,525.8000,528.0940,26358
2023-06-22,522.4000,529.5205,521.2000,527.0000,268718
2023-06-23,527.4000,532.1270,523.6000,531.6000,9709
2023-06-26,527.8000,530.6000,520.0000,528.9000,15546
2023-06-27,522.6000,524.7085,512.6000,515.3851,184866
2023-06-28,523.2000,530.0000,518.0000,521.8000,25034
2023-06-29,529.4000,530.4531,521.2000,522.9714,11144
2023-06-30,526.0000,535.0000,525.6000,533.0800,114340
2023-07-03,532.8000,534.0000,526.8955,529.4529,121231
2023-07-04,525.0000,532.9290,519.6000,528.9617,202558
2023-07-05,527.6000,532.7285,525.8000,527.2000,11153
2023-07-06,526.4000,535.0000,526.4000,529.6000,25038
2023-07-07,528.6000,533.3300,524.8950,527.2333,16286
2023-07-10,527.0000,531.7260,523.8000,527.6105,46466
2023-07-11,533.0000,533.3300,528.4755,530.7336,27508
2023-07-12,529.4000,535.5355,526.8795,532.2000,73415
2023-07-13,533.6000,543.3550,531.0000,532.9400,26872
2023-07-14,536.8000,546.3625,534.1466,543.8000,227510
2023-07-17,542.6000,546.0000,539.8000,541.1189,41159
2023-07-18,540.0000,552.1770,537.6000,546.8057,211548
2023-07-19,550.0000,557.9915,547.4000,553.9789,31711
2023-07-20,550.2000,554.4000,545.2000,548.0000,41060
2023-07-21,512.4000,515.8000,488.0000,507.7444,112904
2023-07-24,488.8000,494.2000,484.3000,486.6620,324216
2023-07-25,485.4000,499.1448,480.2000,497.1743,51268
2023-07-26,495.0000,496.1373,486.2813,490.4736,93382
2023-07-27,495.5000,510.0720,495.4000,500.1000,160051
2023-07-28,499.7000,506.0620,494.1000,500.0000,30038
2023-07-31,506.6000,512.6785,499.2000,503.2516,24366
2023-08-02,492.6000,503.0545,492.6000,500.0000,43274
2023-08-03,494.3000,498.5000,488.7000,492.3857,40090
2023-08-04,489.7000,494.6335,486.3000,491.7130,31540
2023-08-07,491.4000,495.9368,487.6000,492.4100,10952
2023-08-08,488.7000,493.5308,485.8000,490.9034,23290
2023-08-09,497.2000,497.2000,487.7775,490.2314,19566
2023-08-10,490.7000,504.6585,489.1000,497.6000,102322
2023-08-11,496.1000,499.8000,491.0000,494.8257,34664
2023-08-14,496.4000,500.2475,493.5000,494.5494,4547
2023-08-15,492.0000,494.2000,486.8000,487.9000,14088
2023-08-16,486.9000,487.2000,478.0000,478.4000,24654
2023-08-17,473.5000,476.9000,471.6000,473.2710,37279
2023-08-18,472.6000,473.5000,467.7000,470.9947,5213
2023-08-21,471.6000,476.5000,468.7253,473.8100,57118
2023-08-22,470.5000,473.4808,468.4000,470.1333,247151
2023-08-23,471.6000,481.9018,471.6000,477.8773,99986
2023-08-24,484.1000,486.2000,477.5000,477.8000,7550
2023-08-25,475.2000,477.2903,470.7000,472.6111,65148
2023-08-29,476.1000,480.4000,473.9000,479.9960,49427
2023-08-30,480.3000,487.9168,477.0000,483.2000,54583
2023-08-31,484.5000,494.3000,482.0000,482.0000,233893
2023-09-01,486.1000,494.5000,484.4000,492.4492,13070
2023-09-04,494.1000,502.8000,492.0000,498.1500,109196
2023-09-05,494.0000,498.4000,493.2638,494.3258,26802
2023-09-06,490.7000,500.7488,489.8000,496.1000,11780
2023-09-07,495.0000,496.2000,487.8512,492.6212,21565
2023-09-08,491.4000,493.0295,483.6000,486.6432,56618
2023-09-11,485.9000,492.7000,483.6000,485.2677,138760
2023-09-12,486.9000,488.8190,481.1000,483.7226,32364
2023-09-13,482.0000,486.9000,475.1000,480.1000,44595
2023-09-14,487.5000,491.7263,481.1000,489.2264,37272
2023-09-15,494.4000,500.5483,494.3000,499.1385,76847
2023-09-18,477.4000,477.4000,424.2150,426.1714,231940
2023-09-19,429.9000,439.3000,424.3000,432.6223,185882
2023-09-20,436.2000,443.3000,432.7000,440.7661,95300
2023-09-21,442.4000,446.3000,426.3000,431.7027,32771
2023-09-22,424.8000,429.7000,424.2368,427.9000,24131
2023-09-25,427.0000,436.5000,426.4000,434.8431,157168
2023-09-26,428.4000,434.7000,425.7000,432.3133,36002
2023-09-27,435.3000,435.7000,420.2000,422.1000,49381
2023-09-28,421.9000,423.5000,415.2000,416.9445,51479
2023-09-29,424.6000,431.5000,424.6000,430.0208,34002
2023-10-02,428.5000,429.3999,417.4000,422.0169,13682
2023-10-03,418.4000,420.1000,413.7000,415.9024,35631
2023-10-04,412.3000,420.7000,410.6000,418.5320,28390
2023-10-05,421.4000,424.7593,419.6000,423.0192,32515
2023-10-06,424.1001,429.0000,420.4000,429.0000,24856
2023-10-09,425.2000,433.0000,425.2000,430.8000,37877
2023-10-10,431.8000,435.2000,424.1000,427.5000,40843
2023-10-11,436.6000,438.0000,430.8000,434.1000,64359
2023-10-12,434.3000,436.6000,431.5500,432.8433,8097
2023-10-13,423.2000,426.3000,415.7000,418.1836,48254
2023-10-16,423.2000,426.5000,416.3000,424.2878,87740
2023-10-17,379.8999,399.0000,352.3999,387.3677,306752
2023-10-18,358.7000,358.7000,343.4000,347.7000,221086
2023-10-19,350.1000,357.3000,340.3470,353.2000,322778
2023-10-20,345.0000,345.0000,330.1001,332.9666,489162
2023-10-23,333.3000,335.6000,322.5000,327.4461,96888
2023-10-24,330.8000,336.8000,327.0000,331.1743,177753
2023-10-25,332.6001,332.6001,310.3000,316.8333,157094
2023-10-26,311.0000,318.0933,308.7000,314.9182,128338
2023-10-27,318.3999,318.3999,311.9000,313.3411,57628
2023-10-30,314.4000,316.2000,308.8000,311.5000,45916
2023-10-31,310.1000,319.0000,308.3999,315.8606,27551
2023-11-01,309.6001,321.5000,309.6001,318.6000,90167
2023-11-02,321.7000,326.3000,317.6001,322.8487,397272
2023-11-03,323.3999,336.9000,319.5000,330.7964,88054
2023-11-06,333.6001,333.6001,327.3000,331.4000,82761
2023-11-07,332.6001,334.7000,328.2000,331.7000,41238
2023-11-08,333.8000,339.8000,329.6001,335.6768,73106
2023-11-09,335.0000,343.2000,334.4000,341.2000,30390
2023-11-10,335.5000,341.6001,331.8000,336.0000,297872
2023-11-13,336.0000,337.8999,330.0000,335.6503,39077
2023-11-14,338.4000,349.3000,336.1000,345.1951,38703
2023-11-15,352.0000,358.8950,347.1868,351.3000,59949
2023-11-16,351.0000,355.2860,349.7000,351.5000,108362
2023-11-17,354.6000,359.9978,351.3000,355.4000,24256
2023-11-20,356.1000,358.2000,352.9155,355.6000,22205
2023-11-21,358.7000,360.2000,351.6188,354.0000,14715
2023-11-22,352.3000,356.0880,349.8999,354.1333,61229
2023-11-23,350.3000,352.8000,346.7000,350.0342,578071
2023-11-24,349.3999,351.1000,348.5265,349.8877,13328
2023-11-27,346.2000,352.2000,344.2000,345.7198,25076
2023-11-28,340.6001,346.6001,335.3000,339.0508,316677
2023-11-29,343.2000,343.7573,336.3000,341.3024,32653
2023-11-30,337.4000,338.6001,332.8000,338.4680,71037
2023-12-01,340.6001,340.6001,332.7000,335.2248,16778
2023-12-04,331.7000,336.8999,325.7000,330.9929,85954
2023-12-05,331.1001,335.7373,327.5000,334.5582,29944
2023-12-06,331.0000,335.8999,331.0000,334.7670,64094
2023-12-07,336.8000,336.8000,327.6000,328.5000,108414
2023-12-08,328.0000,331.8000,324.2000,329.2000,107960
2023-12-11,317.6000,329.2000,315.8000,329.2000,278661
2023-12-12,327.0000,330.0000,320.3000,327.2000,177260
2023-12-13,327.0000,330.1132,325.2000,330.1132,32986
2023-12-14,335.9000,336.4000,324.0000,335.8000,123614
2023-12-15,332.1000,343.2000,330.0000,341.4242,96243
2023-12-18,343.3999,343.5000,337.0000,341.2480,73030
2023-12-19,343.0000,352.3000,343.0000,349.6409,46787
2023-12-20,350.2000,352.8999,343.5000,345.3691,222955
2023-12-21,347.3999,347.3999,340.8000,346.4000,62157
2023-12-22,344.3000,355.2000,344.3000,350.4595,42782
2023-12-27,351.3999,358.4000,351.2000,353.9926,11633
2023-12-28,353.2000,354.0000,351.3000,353.1000,5820
2023-12-29,354.2000,355.4000,350.0000,352.2000,12650
2024-01-03,353.8000,360.6001,347.4000,350.1700,332752
2024-01-04,349.2000,353.9828,344.7000,350.2332,171596
2024-01-05,347.1000,347.6000,341.7000,344.3638,22203
2024-01-08,344.4000,348.7000,339.1000,346.4425,9727
2024-01-09,352.3000,358.6000,346.6001,356.5000,278313
2024-01-10,358.7000,367.4000,350.8999,357.3000,58055
2024-01-11,377.3000,377.3000,362.1001,369.7391,130004
2024-01-12,373.3999,373.3999,365.0000,368.1368,40919
2024-01-15,371.1001,371.2000,365.7000,369.6548,12883
2024-01-16,366.8999,371.4000,360.2000,369.5370,173611
2024-01-17,361.6001,372.1001,357.1000,358.8281,142407
2024-01-18,356.7000,364.0728,356.7000,362.4216,486081
2024-01-19,367.9000,367.9000,355.1000,364.2000,24522
2024-01-22,365.0000,372.9000,359.3000,372.8534,22818
2024-01-23,377.1001,381.1000,361.5000,375.2235,59068
2024-01-24,371.3999,382.7000,371.3999,381.4000,46079
2024-01-25,379.1001,385.3000,370.2260,375.7333,89183
2024-01-26,401.0000,427.2000,401.0000,418.9900,141749
2024-01-29,419.7000,437.0000,414.8999,434.5131,225115
2024-01-30,431.8999,441.6001,427.8999,434.4132,35110
2024-01-31,429.8999,436.1000,424.8000,436.1000,12979
2024-02-01,427.3999,435.6000,421.7000,429.1138,150027
2024-02-02,444.8000,452.2000,427.7000,430.2000,58051
2024-02-05,429.8000,447.1000,429.8000,444.4000,67025
2024-02-06,449.0000,451.3999,441.6001,447.2591,234059
2024-02-07,438.7000,450.0000,434.5000,438.2500,231393
2024-02-08,438.0000,451.5000,433.8000,449.4088,118580
2024-02-09,445.4000,450.0000,442.5000,446.8344,141493
2024-02-12,446.0000,454.0000,441.7000,446.9128,92373
2024-02-13,444.1001,451.7000,438.2538,438.2538,115130
2024-02-14,439.3000,463.7000,439.3000,455.6740,130305
2024-02-15,459.8000,466.0000,455.6000,458.7209,42004
2024-02-16,455.6001,462.7000,453.7000,458.5000,28062
2024-02-19,452.3000,458.8999,447.8000,456.0000,42735
2024-02-20,452.3999,459.0000,452.3999,455.9276,35938
2024-02-21,450.2000,457.1001,447.5000,453.8000,80649
2024-02-22,461.3000,461.3000,456.4543,458.3500,42581
2024-02-23,461.5000,464.4000,460.0000,463.5071,502121
2024-02-26,464.0000,466.8000,459.4000,462.6202,81757
2024-02-27,463.4000,465.6001,458.7000,463.6200,172752
2024-02-28,463.0000,466.1000,462.0000,464.1071,58772
2024-02-29,461.3999,469.3999,461.3999,462.3970,36729
2024-03-01,467.3999,467.3999,457.7000,463.9496,134818
2024-03-04,465.6000,467.2000,459.3000,463.4579,119330
2024-03-05,459.0000,466.2000,453.8000,462.0462,47031
2024-03-06,451.1001,459.0000,451.1001,454.4217,39618
2024-03-07,451.3999,465.8000,451.3999,463.3243,83652
2024-03-08,463.0000,469.0000,460.8000,464.4543,12322
2024-03-11,467.3999,467.3999,458.1966,458.2000,138449
2024-03-12,464.7000,464.7000,455.0000,459.7860,114217
2024-03-13,460.6000,472.1001,455.7000,471.1058,52954
2024-03-14,477.7000,483.3000,468.3000,483.3000,47461
2024-03-15,486.2000,486.2000,474.0000,477.1511,47843
2024-03-18,471.1001,482.9000,471.1001,480.8000,59665
2024-03-19,480.8999,482.2482,473.2000,482.2000,97438
2024-03-20,503.6001,522.0000,500.0000,501.4000,84144
2024-03-21,506.3999,526.0000,506.3999,524.1074,94032
2024-03-22,523.0000,530.8000,522.2000,526.5354,38675
2024-03-25,536.4001,536.4001,521.4000,524.7055,42744
2024-03-26,532.2000,538.0000,522.8000,533.7199,52646
2024-03-27,534.4000,540.8000,530.4001,533.4000,84667
2024-03-28,532.0000,548.4001,532.0000,540.1189,60923
2024-04-02,536.8000,557.0000,529.6000,534.8000,74234
2024-04-03,537.8000,547.2000,532.2000,545.6185,93850
2024-04-04,545.0000,554.0000,540.4001,552.4000,90868
2024-04-05,536.8000,552.6001,536.8000,546.6000,25631
2024-04-08,550.0000,559.2000,541.8000,556.3271,128013
2024-04-09,561.2000,561.2000,541.6000,541.8054,39260
2024-04-10,541.4001,550.6001,530.6000,536.7843,64141
2024-04-11,532.0000,545.8000,528.6001,540.1428,61544
2024-04-12,547.6001,547.6001,531.0000,534.8920,17966
2024-04-15,538.4001,540.0000,528.4001,536.3224,7690
2024-04-16,522.6001,537.0000,513.4001,524.9382,34481
2024-04-17,529.0000,529.0000,519.6000,522.3951,21360
2024-04-18,513.2000,524.8000,505.2000,510.2765,43697
2024-04-19,495.1001,514.8000,495.1001,502.8000,52502
2024-04-22,511.8000,511.8000,497.8999,507.2886,62345
2024-04-23,502.8000,528.4001,502.8000,523.5680,47028
2024-04-24,531.0000,531.0000,520.4001,526.4000,36510
2024-04-25,522.8000,523.0000,510.8153,515.3530,54330
2024-04-26,522.4001,527.8528,511.0000,524.8364,14478
2024-04-29,528.0000,528.6001,521.0000,524.0381,935
2024-04-30,530.8000,530.8000,505.2000,515.6000,14666
2024-05-01,510.4000,510.4000,510.4000,510.4000,167
2024-05-02,515.8000,520.8000,508.8000,517.0167,57750
2024-05-03,521.6001,524.0000,509.8000,520.8571,126159
2024-05-07,520.0000,522.6000,518.4000,520.2000,181282
2024-05-08,526.0000,529.6000,522.0000,526.4000,23101
2024-05-10,533.4000,533.4000,526.6000,529.3440,16098
2024-05-13,520.2000,531.0000,515.2000,518.1931,50558
2024-05-14,518.8000,518.8000,500.2000,508.5905,305526
2024-05-15,513.6001,532.4000,501.3999,530.2615,72727
2024-05-16,536.2000,536.2000,525.8000,529.4167,59752
2024-05-17,529.0000,531.8000,525.0000,531.0000,38569
2024-05-21,531.2000,531.2000,507.8000,514.0000,177481
2024-05-22,510.8000,514.8000,502.8000,510.6000,23976
2024-05-23,505.3999,515.4001,505.3999,512.0000,79601
2024-05-24,515.2000,516.8000,505.2000,515.0000,2524
2024-05-28,509.0000,514.0000,494.0000,513.4000,33965
2024-05-29,497.5000,497.5000,480.0000,482.0488,31862
2024-05-30,484.3999,494.8000,476.3000,481.0000,98319
2024-05-31,491.3000,491.3000,480.7000,482.0000,21569
2024-06-03,485.3000,496.6001,483.2000,484.8000,216295
2024-06-04,487.2000,498.3000,483.1000,485.5000,266291
2024-06-05,496.6001,498.2000,489.3000,495.3800,122533
2024-06-06,494.7000,508.2000,494.7000,505.7154,12567
2024-06-07,502.2000,510.2000,500.2000,506.9167,11948
2024-06-10,492.3999,504.2000,492.3999,499.1000,1851
2024-06-11,502.6000,505.2000,492.0000,496.8000,79831
2024-06-12,498.1001,498.1001,473.8999,485.4911,27128
2024-06-13,484.1000,487.8000,479.4000,485.0059,59625
2024-06-14,483.2000,486.6000,479.2000,484.0433,4305
2024-06-17,482.0000,485.0000,471.3000,473.7000,110263
2024-06-18,474.2000,480.8000,474.2000,476.8209,80028
2024-06-19,477.7000,481.3000,471.6000,473.0266,15813
2024-06-20,476.8999,480.6000,469.6001,477.7000,3495
2024-06-21,476.3999,482.3999,473.5000,478.8000,14803
2024-06-24,482.2000,487.3000,473.6000,481.2000,3920
2024-06-25,490.0000,490.0000,479.7000,483.0000,26480
2024-06-26,486.1000,494.3000,483.7000,489.2143,2072
2024-06-27,482.5000,488.3000,482.5000,484.9286,79084
2024-06-28,483.5000,493.1000,483.5000,490.3500,3397
2024-07-01,493.9000,495.9000,486.6001,490.4111,16516
2024-07-02,486.5000,491.3999,479.0000,482.9833,9874
2024-07-03,483.0000,504.0000,483.0000,497.3628,3436
2024-07-04,502.0000,504.0000,495.1001,501.1897,11236
2024-07-05,495.3000,506.2000,495.3000,503.7067,1921
2024-07-08,504.4000,506.8000,499.5000,504.2467,25916
2024-07-09,499.3000,518.6001,499.3000,512.0818,9159
2024-07-10,501.6001,510.4000,501.6001,507.1083,5244
2024-07-11,507.3999,522.6000,507.3999,517.8170,4044
2024-07-12,520.4000,525.4001,513.8000,519.6750,2293
2024-07-15,521.4001,521.4001,515.0000,518.8953,2402
2024-07-16,519.6001,519.6001,510.3999,513.1744,6827
2024-07-17,517.0000,521.2000,508.0000,512.7478,3251
2024-07-18,518.0000,528.6000,505.8000,523.9424,20755
2024-07-19,505.8000,515.4000,501.8000,505.6941,6178
2024-07-22,511.2000,515.8000,510.6000,513.2000,20126
2024-07-23,514.0000,526.4000,512.0000,519.7250,57630
2024-07-24,519.8000,522.8000,514.4000,518.6193,9015
2024-07-25,554.2000,576.0000,550.0000,557.8389,19139
2024-07-26,560.0000,582.0000,559.0000,578.8421,82511
2024-07-29,584.8000,588.8000,569.8000,575.7354,9888
2024-07-30,575.6000,582.8000,575.6000,579.1647,4943
2024-07-31,576.0000,589.0000,574.6000,578.8000,10463
2024-08-02,558.0000,574.8000,554.0000,564.4174,9667
2024-08-05,539.6000,548.6000,528.4001,531.1250,10265
2024-08-06,553.2000,555.0000,542.0000,546.6366,14044
2024-08-07,555.0000,564.2000,551.4000,561.8000,19301
2024-08-08,556.0000,559.2000,546.8000,550.1475,2928
2024-08-09,557.6000,560.0000,550.2000,555.6000,89237
2024-08-12,555.0000,555.6000,545.0000,550.1982,48152
2024-08-13,551.0000,551.0000,543.0000,548.6854,52071
2024-08-14,552.0000,552.2000,547.4000,551.1619,93248
2024-08-15,551.4000,553.4000,548.8000,552.1067,17795
2024-08-16,553.4000,554.2000,547.4000,549.8000,179447
2024-08-19,551.0000,553.6000,548.4000,550.1822,86914
2024-08-20,555.6000,567.4000,555.0000,564.6000,77090
2024-08-21,554.0000,558.4000,551.0000,556.0060,55068
2024-08-22,558.6000,564.4000,556.8000,559.6000,309963
2024-08-23,561.2000,561.6000,554.0000,561.6000,5582
2024-08-27,554.6000,556.4000,549.0000,552.5500,1389
2024-08-28,551.8000,560.6000,550.0000,555.7667,89014
2024-08-29,555.0000,558.6000,553.2000,556.1314,6888
2024-08-30,552.8000,555.8000,551.0000,554.2800,33755
2024-09-02,558.8000,558.8000,546.8000,549.8222,1176
2024-09-03,547.6000,547.6000,542.4000,545.0076,8300
2024-09-04,533.4000,542.4000,532.8000,539.0000,3033
2024-09-05,539.4000,541.0000,531.2000,536.1111,9277
2024-09-06,530.8000,546.2000,529.6001,537.8889,2791
2024-09-09,539.4000,545.6000,538.2000,542.6800,44658
2024-09-10,547.6000,558.0000,544.0000,549.8546,9858
2024-09-11,548.2000,548.4000,540.0000,541.6000,8251
2024-09-12,549.0000,550.0000,540.0000,542.8273,41853
2024-09-13,542.8273,556.4000,542.8273,551.6258,40527
2024-09-16,552.0000,556.4000,550.8000,553.9789,1656
2024-09-17,552.4000,552.6001,539.4000,545.7316,8126
2024-09-18,529.2000,536.0000,521.0000,533.7333,13654
2024-09-19,539.2000,547.2000,539.2000,543.4750,4227
2024-09-20,537.8000,540.0000,525.0000,530.9000,4897
2024-09-23,529.6000,538.0000,529.6000,535.7857,26195
2024-09-24,538.6000,538.6000,530.0000,532.2000,1355
2024-09-25,531.6000,538.4000,531.2000,533.7857,6335
2024-09-26,540.0000,541.8000,531.6000,538.9368,3402
2024-09-27,540.0000,540.0000,528.8000,536.0390,8389
2024-09-30,535.0000,539.6000,534.2000,536.7333,3332
2024-10-01,536.0000,546.2000,532.4000,543.3963,4915
2024-10-02,536.8000,537.2000,528.6000,533.7800,6397
2024-10-03,531.4000,534.6000,525.8000,530.4000,21680
2024-10-04,531.4000,533.4000,524.4000,527.9857,4530
2024-10-07,526.2000,528.0000,521.2000,524.4933,7875
2024-10-08,521.8000,528.6000,521.2000,525.3538,11011
2024-10-09,536.0000,538.4000,528.8000,533.8963,4951
2024-10-10,530.6000,530.8000,519.8000,523.5750,3957
2024-10-11,522.2000,531.8000,521.4000,526.8307,6138
2024-10-14,526.2000,540.8000,525.0000,534.1667,3538
2024-10-15,544.2000,548.6000,537.4000,542.0065,26425
2024-10-16,533.4000,541.6000,530.2000,536.3294,155132
2024-10-17,541.0000,553.0000,535.4000,546.5886,39583
2024-10-18,549.4000,555.6000,547.8000,551.9784,2336
2024-10-21,551.4000,553.2000,540.8000,544.8294,3910
2024-10-22,545.0000,547.2000,538.8000,542.2743,7753
2024-10-23,538.6000,545.4000,537.2000,541.7241,6785
2024-10-24,547.0000,566.0000,544.4000,556.4767,6579
2024-10-25,555.2000,557.0000,553.4000,555.0000,3143
2024-10-28,559.4000,559.4000,549.0000,557.8000,2219
2024-10-29,552.0000,552.0000,542.4000,545.8250,4231
2024-10-30,540.0000,542.0000,534.2000,534.5406,3820
2024-10-31,535.8000,538.4000,531.8000,534.0706,7745
2024-11-01,533.0000,550.2000,533.0000,544.0809,3960
2024-11-04,546.0000,550.8000,541.8000,545.2966,3014
2024-11-05,540.6000,546.6000,540.0000,543.0952,6287
2024-11-06,553.0000,553.8000,537.2000,547.6895,12804
2024-11-07,537.0000,551.0000,530.8000,544.6595,6647
2024-11-08,547.8000,551.8000,542.4000,548.3000,9114
2024-11-11,554.2000,558.2000,550.8000,555.4316,4113
2024-11-12,555.6000,568.8000,551.0000,559.8080,8642
2024-11-13,556.2000,558.0000,548.2000,554.7667,7858
2024-11-14,553.0000,561.4000,552.8000,557.0848,15508
2024-11-15,547.0000,549.4000,511.2000,529.6979,16735
2024-11-18,518.0000,522.2000,505.8000,511.9352,20100
2024-11-19,509.8000,515.4000,506.2000,510.4000,3243
2024-11-20,522.0000,523.4000,515.0000,517.0000,2415
2024-11-21,517.0000,523.0000,510.6000,514.2000,14136
2024-11-22,522.4000,528.0000,521.4000,526.2270,8289
2024-11-25,523.2000,532.0000,522.2000,528.4957,4768
2024-11-26,525.0000,533.2000,524.2000,529.5809,1852
2024-11-27,535.0000,537.6000,510.0000,533.0000,4950
2024-11-28,519.8000,529.0000,508.8000,518.4000,8580
2024-11-29,520.0000,526.4000,518.4000,522.2333,2068
2024-12-02,525.0000,528.8000,522.8000,528.8000,1699
2024-12-03,535.0000,535.0000,516.6000,523.0640,2435
2024-12-04,523.8000,528.4000,520.4000,523.9545,70003
2024-12-05,528.0000,529.4000,518.6000,522.5800,5326
2024-12-06,520.0000,523.2000,514.8000,519.0774,34371
2024-12-09,512.4000,523.2000,509.4000,517.2560,22250
2024-12-10,516.0000,529.0000,515.2000,525.5600,5565
2024-12-11,521.2000,526.0000,517.4000,521.5200,12267
2024-12-12,553.6000,562.4000,544.0000,554.5103,85805
2024-12-13,543.2000,544.8000,532.8000,540.0000,47887
2024-12-16,537.0000,548.2000,536.0000,536.7696,5261
2024-12-17,542.0000,545.0000,534.6000,541.8000,7337
2024-12-18,540.4000,543.8000,538.0000,540.5379,321699
2024-12-19,534.4000,536.2000,525.6000,530.4800,12916
2024-12-20,522.0000,531.0000,517.8000,527.2185,71406
2024-12-23,523.7000,535.3000,523.7000,531.8800,21119
2024-12-27,534.2000,540.0000,534.2000,537.2900,10522
2024-12-30,537.0000,537.0000,530.0000,535.8000,5423
2025-01-03,536.8000,538.4000,532.6000,536.4469,3068
2025-01-06,540.0000,542.4000,535.8000,540.4808,1551
2025-01-07,540.8000,558.6000,539.4000,539.8000,29597
2025-01-08,553.6000,559.0000,551.8000,556.9333,10727
2025-01-09,559.6000,562.4000,556.4000,556.8000,9139
2025-01-10,554.8000,558.6000,551.4000,553.0667,22341
2025-01-13,550.6000,550.6000,540.8000,544.8810,16980
2025-01-14,547.8000,549.4000,537.0000,537.4000,159517
2025-01-15,533.6000,544.6000,533.0000,543.4120,36295
2025-01-16,548.7000,548.7000,540.4000,543.6091,8024
2025-01-17,548.2000,556.4000,547.8000,554.1940,4422
2025-01-20,553.8000,563.2000,551.8000,559.2897,22554
2025-01-21,561.6000,570.4000,561.6000,567.1035,63650
2025-01-22,572.2000,582.0000,570.2000,580.4508,6806
2025-01-23,581.8000,588.0000,580.2000,585.7125,6153
2025-01-24,586.8000,591.0000,582.3000,587.1385,6227
2025-01-27,585.8000,591.1000,577.4000,588.7375,32226
2025-01-28,593.8000,604.2000,590.8000,599.0000,32770
2025-01-29,588.2000,592.6000,567.2000,577.8517,28789
2025-01-30,589.2000,599.6000,587.0000,590.5046,66024
2025-01-31,590.0000,590.6000,579.8000,582.2910,32864
2025-02-03,572.0000,598.8000,570.2000,595.5948,15155
2025-02-04,597.2000,612.6000,595.4000,599.2000,49347
2025-02-05,606.6000,613.6000,603.2000,605.6000,11277
2025-02-06,615.6000,615.8000,608.2000,613.0000,16430
2025-02-07,607.2000,612.6000,603.8000,603.8000,6189
2025-02-10,602.4000,610.0000,602.4000,605.2000,4715
2025-02-11,605.0000,611.2000,603.6000,607.6000,6259
2025-02-12,597.8000,603.4000,583.0000,598.6333,38999
2025-02-13,598.0000,599.8000,588.8000,594.2242,6365
2025-02-14,605.0000,605.0000,591.9000,595.4000,17225
2025-02-17,595.4000,605.6000,595.4000,601.8000,1890
2025-02-18,601.0000,602.6000,585.0000,601.8000,10678
2025-02-19,587.4000,588.8000,578.4000,582.8818,12667
2025-02-20,576.6000,585.2000,574.2000,584.2000,11211
2025-02-21,584.2000,587.4000,580.4000,583.9810,16884
2025-02-24,585.0000,590.4000,580.8000,586.2667,79812
2025-02-25,582.4000,586.2000,577.8000,582.3286,24883
2025-02-26,582.0000,582.6000,575.0000,577.7029,4938
2025-02-27,571.2000,574.2000,568.4000,571.5659,7521
2025-02-28,565.0000,571.4000,563.0000,567.5032,243299
2025-03-03,572.6000,578.8000,567.2000,574.6424,5325
2025-03-04,574.8000,581.0000,570.6000,575.8125,7742
2025-03-05,577.8000,580.4000,573.4000,576.8054,17255
2025-03-06,578.0000,578.0000,565.6000,569.8579,4447
2025-03-07,569.0000,569.4000,559.0000,563.8930,2712
2025-03-10,566.2000,567.0000,535.0000,551.3065,88702
2025-03-11,543.8000,544.2000,534.0000,537.4857,9397
2025-03-12,535.2000,549.0000,535.0000,537.0000,10302
2025-03-13,536.4000,544.4000,536.4000,539.9509,304184
2025-03-14,541.8000,552.2000,539.6000,545.2304,5986
2025-03-17,548.6000,563.4000,548.6000,561.8095,335045
2025-03-18,562.4000,564.8000,559.0000,561.2000,130255
2025-03-19,565.8000,574.6001,551.2000,564.0000,91148
2025-03-20,568.0000,572.0000,563.0000,568.2000,7283
2025-03-21,565.0000,568.4000,557.0000,566.2000,27701
2025-03-24,570.6000,572.6000,565.4000,568.2000,22761
2025-03-25,569.0000,575.0000,567.8000,570.6000,10384
2025-03-26,568.6000,570.0000,559.0000,560.2000,117399
2025-03-27,557.2000,561.0000,553.6000,559.0000,4634
2025-03-28,557.2000,564.8000,556.4000,560.6000,10679
2025-03-31,554.8000,558.0000,542.2000,544.2000,14213
2025-04-01,546.8000,547.0000,537.8000,541.3338,13125
2025-04-02,540.0000,540.8000,526.0000,532.0000,18240
2025-04-03,525.0000,537.0000,524.8000,533.2592,13503
2025-04-04,531.8000,538.4000,503.0000,517.8660,42879
2025-04-07,479.6000,511.8000,468.1000,477.7875,19363
2025-04-08,496.6000,527.2000,495.8000,509.6581,19279
2025-04-09,518.0000,521.2000,497.5000,507.3118,16070
2025-04-10,560.6000,569.4000,520.8000,530.6133,19171
2025-04-11,524.8000,526.4000,508.2000,520.8000,19879
2025-04-14,539.0000,539.4000,525.6000,530.6829,62380
2025-04-15,531.8000,543.2000,530.2000,533.8000,10887
2025-04-16,536.6000,544.2000,536.0000,541.4805,11307
2025-04-17,540.0000,542.4000,533.2000,535.7000,10359
2025-04-22,540.6000,549.2000,536.0000,542.0000,80798
2025-04-23,551.6000,563.4000,548.8000,562.0000,48616
2025-04-24,563.8000,568.8711,561.3000,567.0000,25499
2025-04-25,569.8000,578.4000,567.6000,574.0749,28144
2025-04-28,574.8000,582.6000,574.4000,578.9000,23654
2025-04-29,582.4000,589.8000,581.0000,583.0000,14901
2025-04-30,589.2000,595.4000,581.2000,588.3419,35959
2025-05-02,521.6000,578.0000,288.3669,288.3669,830
2025-05-06,600.4000,602.2000,589.6000,598.0000,4619
2025-05-07,583.4000,588.0000,572.4000,579.1077,11079
2025-05-08,576.8000,580.0000,565.8000,574.1875,8286
2025-05-09,572.0000,594.8000,571.4000,583.9231,21903
2025-05-12,571.4000,575.8000,559.4000,575.8000,22331
2025-05-13,579.0000,581.0000,572.0000,577.8000,14414
2025-05-14,573.8000,575.4000,567.0000,572.0222,13857
2025-05-15,569.0000,573.4000,560.2000,567.3920,11314
2025-05-16,573.2000,574.2000,566.6000,570.2632,14567
2025-05-19,575.6000,578.0000,573.2000,575.4000,4747
2025-05-20,578.0000,578.0000,562.2000,565.4182,6175
2025-05-21,564.2000,568.0000,562.0000,563.9714,11948
2025-05-22,560.2000,563.0000,556.2000,559.3750,14485
2025-05-23,563.0000,567.4001,551.0000,559.3360,5647
2025-05-26,567.4000,569.0000,565.2000,567.9600,3651
2025-05-27,567.7000,570.0000,565.0000,567.1000,6387
2025-05-28,568.4000,568.4000,559.0000,561.6215,5138
2025-05-29,561.6215,561.6215,561.6215,561.6215,0
2025-05-30,560.0000,574.3000,558.0000,569.6417,8782
2025-06-02,569.2000,572.0000,564.8000,568.9579,19262
2025-06-03,573.2000,573.2000,563.3000,566.8526,28508
2025-06-04,565.0000,565.0000,559.0000,562.6957,7990
2025-06-05,564.4000,567.4000,559.0000,563.7177,5192
2025-06-06,562.2000,573.4000,559.8000,567.0000,11813
2025-06-09,567.0000,567.0000,567.0000,567.0000,0
2025-06-10,573.2000,578.4000,572.0000,575.8229,71245
2025-06-11,575.0000,581.8000,575.0000,577.9833,98357
2025-06-12,574.6000,585.4000,573.8000,580.2947,27381
2025-06-13,576.8000,582.0000,568.8000,575.1273,62621
2025-06-16,566.4000,592.6000,563.2000,567.8000,3839
2025-06-17,564.2000,567.4000,559.4000,563.1924,7046
2025-06-18,557.6000,564.4000,557.6000,561.7684,10238
2025-06-19,554.6000,561.3126,553.0000,557.6364,5298
2025-06-20,558.0000,564.0000,557.6000,561.3530,56848
2025-06-23,559.6000,578.6000,553.4000,560.2000,10752
2025-06-24,571.4000,575.1000,567.4000,571.5600,6550
2025-06-25,570.8000,577.8000,563.8000,574.2891,12853
2025-06-26,568.2000,571.0000,561.0000,566.1467,7226
2025-06-27,567.4000,573.6000,566.6000,569.9800,11615
2025-06-30,567.8000,571.0000,563.8000,566.0000,5222
2025-07-01,564.6000,567.8000,557.8000,562.8333,11886
2025-07-02,563.6000,566.2000,553.6000,556.4000,40454
2025-07-03,558.4000,560.9000,552.1000,556.8000,3384
2025-07-04,554.0000,564.3000,551.1000,560.2000,3947
2025-07-07,562.2000,563.4000,556.8000,558.2790,2581
2025-07-08,558.8000,558.8000,549.8000,555.8778,5994
2025-07-09,556.4000,572.2946,555.4000,562.0000,40033
2025-07-10,567.0000,569.4000,561.6000,567.6000,21640
2025-07-11,566.0000,566.2000,562.0000,563.7778,7501
2025-07-14,559.4000,566.6000,558.8000,562.9376,8304
2025-07-15,567.4000,568.0000,562.2000,563.6000,38294
2025-07-16,560.0000,571.0000,560.0000,569.8000,5551
2025-07-17,572.8000,572.8000,567.8000,570.0000,6534
2025-07-18,572.8000,575.4000,565.8436,569.8000,9294
2025-07-21,568.8000,570.6000,560.0000,570.4000,17614
2025-07-22,559.2000,560.4000,551.4000,555.7091,10650
2025-07-23,588.8000,594.8000,566.0000,585.6182,29147
2025-07-24,579.0000,581.0000,558.4000,568.2737,11199
2025-07-25,569.2000,576.2000,565.4000,570.4720,6525
2025-07-28,570.4000,573.8000,563.4000,568.4000,10839
2025-07-29,569.0000,585.8000,566.9000,577.3298,32992
2025-07-30,580.0000,582.0000,573.8000,577.0080,7404
2025-07-31,580.6000,584.2000,572.0000,578.4625,8523
2025-08-01,578.4625,578.4625,578.4625,578.4625,0
2025-08-04,558.0000,568.0000,557.4000,563.2867,13272
2025-08-05,567.4000,568.0000,556.0000,561.0296,11504
2025-08-06,557.6000,557.8000,543.6000,548.3969,88466
2025-08-07,541.2000,550.4000,541.2000,546.5211,15320
2025-08-08,550.8000,554.0000,543.6000,547.1111,12144
2025-08-11,544.6000,546.0000,539.0000,542.4766,11617
2025-08-12,543.8000,547.0000,539.6000,542.6813,112352
2025-08-13,546.8000,551.0000,546.5700,548.8000,112378
2025-08-14,550.2000,552.6000,549.6000,550.7818,11015
2025-08-15,552.8000,555.4000,551.6000,553.6706,1122
2025-08-18,556.0000,556.0000,552.4000,554.8000,21880
2025-08-19,554.4000,560.4000,554.2000,556.6968,5237
2025-08-20,559.7000,574.6000,556.6000,569.7256,36386
2025-08-21,572.8000,572.8000,565.8000,569.5409,22426
2025-08-22,565.4000,571.6000,563.2000,569.2286,12699
2025-08-25,566.2000,574.6000,566.2000,571.4645,5436
2025-08-26,568.8000,580.6000,566.0000,574.7643,8747
2025-08-27,578.6000,579.4000,571.0000,574.4087,3843
2025-08-28,571.4000,573.6000,567.8000,569.5857,30178
2025-08-29,570.0000,571.4000,567.0000,569.2769,60531
2025-09-01,570.8000,574.2000,568.0000,571.0000,11130
2025-09-02,570.0000,571.4316,562.6000,563.5718,44009
2025-09-03,566.6000,570.6000,564.2000,570.6000,38705
2025-09-04,570.4000,586.4000,569.4000,578.7258,68278
2025-09-05,578.2000,581.0000,576.2000,578.1948,43955
2025-09-08,571.6000,575.0000,568.2000,570.6863,18579
2025-09-09,572.8000,572.8000,566.0000,568.7415,44088
2025-09-10,568.2000,568.4000,556.4000,556.6271,45737
2025-09-11,559.0000,560.5000,555.0000,558.5114,47892
2025-09-12,557.6000,560.6000,546.4000,547.0034,11729
2025-09-15,548.0000,550.2000,545.0000,547.3096,39294
2025-09-16,548.6000,551.6000,546.3000,548.7175,52069
2025-09-17,547.3000,549.8640,545.4000,547.3647,11072
2025-09-18,538.4000,545.4000,531.2000,543.2535,92165
2025-09-19,545.4000,545.8000,540.2000,542.3641,44245
2025-09-22,543.4000,546.6000,540.4000,542.3345,11229
2025-09-23,542.6000,543.0000,534.0334,539.0000,26958
2025-09-24,536.5000,539.2000,524.6000,524.6000,48562
2025-09-25,521.7000,525.3000,517.8964,524.7524,42338
2025-09-26,515.8000,527.2000,515.6000,519.9901,46830
2025-09-29,523.8000,525.0000,519.8000,524.1154,19683
2025-09-30,521.4000,529.7496,517.2000,527.9728,12884
2025-10-01,538.0000,540.2000,527.0000,530.4209,53047
2025-10-02,538.6000,548.2000,534.6000,543.8680,146307
2025-10-03,546.9000,553.6000,544.4000,553.6000,262141
2025-10-06,554.4000,560.2000,550.4000,553.6553,44729
2025-10-07,552.2000,554.6000,537.6000,541.5898,32331
2025-10-08,539.6000,547.0000,536.2000,544.8000,41153
2025-10-09,542.9000,545.1000,540.0000,543.0474,16436
2025-10-10,545.0000,545.0000,527.4000,532.9429,18565
2025-10-13,527.0000,530.8000,524.4000,529.5059,147400
2025-10-14,526.8000,526.8000,518.8000,521.8200,17788
2025-10-15,524.2000,536.8537,523.4000,526.5000,64377
2025-10-16,535.8000,548.5289,533.8000,548.5289,323042
2025-10-17,545.2000,554.6000,542.8000,553.6553,24163
2025-10-20,555.1000,579.2000,550.2000,553.0000,47885
2025-10-21,552.2000,558.9149,550.0000,554.1083,69223
2025-10-22,556.0000,564.2000,554.8000,562.1721,63606
2025-10-23,572.4000,587.2000,572.0000,576.4413,65209
2025-10-24,576.7000,586.6000,576.2000,585.6193,24757
2025-10-27,584.4000,588.8000,575.6000,579.9222,168255
2025-10-28,578.0000,578.6000,569.4000,570.2275,78443
2025-10-29,571.0000,573.2000,565.0000,570.2000,29633
2025-10-30,564.7000,565.8000,553.0000,564.8611,33984
2025-10-31,558.4000,559.6000,550.8000,552.2552,20752
2025-11-03,556.0000,556.0000,538.6000,539.1191,46143
2025-11-04,538.0000,540.0000,530.8000,539.3329,26938
2025-11-05,538.2000,538.5000,529.7100,536.8537,61852
2025-11-06,539.6000,542.4000,531.5787,533.3666,33645
2025-11-07,536.4000,536.4000,527.8000,530.4000,14396
2025-11-10,531.2000,537.3000,530.0000,534.0000,18250
2025-11-11,543.4000,554.2000,538.8000,552.8280,18032
2025-11-12,558.0000,559.6000,553.6000,555.1025,73672
2025-11-13,558.4000,558.6000,552.4000,553.1454,113215
2025-11-14,546.4000,550.6000,540.8000,544.3317,2802
2025-11-17,543.8000,548.0000,538.2000,540.7923,139132
2025-11-18,532.2000,533.2000,524.6000,528.1028,17592
2025-11-19,531.2000,533.8276,525.8000,532.4532,55491
2025-11-20,532.8000,534.4000,527.5182,530.0000,27672
