date,open,high,low,close,volume
2014-04-15,234.0000,234.0000,234.0000,234.0000,65
2014-04-25,238.2000,238.2000,238.2000,238.2000,7
2014-05-20,228.0000,228.0000,228.0000,228.0000,70
2014-06-26,247.0000,247.0000,247.0000,247.0000,1
2014-06-30,243.0000,243.0000,242.4000,242.4000,254
2014-07-08,249.5240,249.5240,249.5240,249.5240,61
2014-07-22,237.5290,237.5290,237.5290,237.5290,1580
2014-07-25,231.5000,231.5000,231.5000,231.5000,33
2014-07-28,230.0000,230.0000,230.0000,230.0000,10
2014-08-04,221.2690,221.2690,221.2690,221.2690,192
2014-08-08,219.8750,219.8750,219.8750,219.8750,44
2014-08-19,230.0000,230.0000,230.0000,230.0000,20
2014-08-27,237.2500,237.2500,237.2500,237.2500,33
2014-09-05,239.5000,239.5000,239.5000,239.5000,8
2014-09-16,253.7500,253.7500,253.7500,253.7500,15
2014-10-14,234.6500,234.6500,234.6500,234.6500,131
2014-11-11,259.7500,259.7500,259.7500,259.7500,44
2015-03-10,290.9297,290.9297,290.9297,290.9297,79
2015-03-17,297.2500,297.2500,297.2500,297.2500,602
2015-03-23,305.0000,305.0000,305.0000,305.0000,100
2015-04-13,299.7500,299.7500,299.7500,299.7500,42
2015-04-29,302.7500,302.7500,302.7500,302.7500,7
2015-05-11,298.2500,298.2500,298.2500,298.2500,40
2015-05-18,289.5000,289.5000,289.5000,289.5000,20000
2015-06-11,294.7500,294.7500,294.7500,294.7500,2
2015-07-03,281.5000,281.5000,281.5000,281.5000,26
2015-07-17,315.7500,315.7500,315.7500,315.7500,2501
2015-08-11,327.9926,327.9926,327.9926,327.9926,104
2015-08-12,325.5439,325.5439,325.5439,325.5439,135
2015-08-20,310.8430,310.8430,310.8430,310.8430,3163
2015-10-07,335.7500,340.7500,335.7500,340.7500,2042
2015-10-22,334.2500,334.2500,334.2500,334.2500,1045
2015-10-26,352.7500,352.7500,352.7500,352.7500,6
2015-11-03,361.2500,361.2500,361.2500,361.2500,12
2015-12-03,374.7500,374.7500,374.7500,374.7500,20
2016-01-07,345.5000,345.5000,345.5000,345.5000,7
2016-01-12,340.0000,340.0000,340.0000,340.0000,26
2016-01-19,362.0000,362.0000,362.0000,362.0000,6
2016-01-20,357.7500,357.7500,357.7500,357.7500,3
2016-02-02,367.7500,367.7500,367.7500,367.7500,10
2016-02-09,333.5000,333.5000,333.5000,333.5000,20
2016-03-23,394.7500,394.7500,394.7500,394.7500,7
2016-03-31,388.2500,388.2500,388.2500,388.2500,10
2016-04-05,386.3443,386.3443,386.3443,386.3443,151
2016-05-06,392.5000,392.5000,392.5000,392.5000,5
2016-05-20,404.2550,404.2550,404.2550,404.2550,25000
2016-06-09,413.0000,413.0000,413.0000,413.0000,5
2016-06-13,407.2500,407.2500,407.2500,407.2500,2
2016-06-14,407.0000,407.0000,407.0000,407.0000,2
2016-06-28,401.2500,401.2500,401.2500,401.2500,10
2016-07-06,409.7500,409.7500,409.7500,409.7500,9
2016-07-14,444.7500,444.7500,444.7500,444.7500,6
2016-07-22,440.7500,440.7500,440.7500,440.7500,10
2016-07-28,443.5386,443.5386,443.5386,443.5386,386
2016-08-04,447.5000,447.5000,447.5000,447.5000,30
2016-08-05,446.0000,446.0000,446.0000,446.0000,2
2016-08-16,453.2500,453.2500,453.2500,453.2500,1
2016-08-17,450.7500,450.7500,450.7500,450.7500,3
2016-08-18,445.3291,445.3291,445.3291,445.3291,31
2016-08-19,439.5000,439.5000,439.5000,439.5000,10
2016-08-22,446.7500,446.7500,444.9544,444.9544,580
2016-08-26,442.7500,442.7500,442.7500,442.7500,1
2016-08-30,450.5000,450.5000,450.5000,450.5000,4
2016-08-31,452.2500,452.2500,452.2500,452.2500,1
2016-09-06,459.5885,459.5885,459.5885,459.5885,28
2016-09-20,491.0000,491.0000,491.0000,491.0000,15
2016-10-10,496.2500,496.2500,496.2500,496.2500,2
2016-10-11,497.5000,497.5000,497.5000,497.5000,10
2016-10-14,493.0000,493.0000,493.0000,493.0000,1542
2016-10-21,498.5000,498.5000,498.5000,498.5000,10
2016-11-04,489.5000,489.5000,489.5000,489.5000,80
2016-11-08,499.7500,499.7500,499.7500,499.7500,3
2016-11-09,500.9054,500.9054,500.9054,500.9054,600
2016-11-11,492.2500,492.2500,492.2500,492.2500,10
2016-11-15,488.0000,488.0000,488.0000,488.0000,10
2016-11-22,496.2500,496.2500,496.2500,496.2500,10
2016-11-24,491.5000,491.5000,491.5000,491.5000,24
2016-11-30,495.2086,495.2086,495.2086,495.2086,84
2016-12-08,472.1337,472.1337,472.1337,472.1337,1522
2016-12-22,474.0000,474.0000,474.0000,474.0000,398500
2016-12-28,479.0000,479.0000,479.0000,479.0000,15
2017-01-09,480.2500,486.5000,480.2500,486.5000,7
2017-01-11,487.7500,487.7500,487.7500,487.7500,9
2017-01-16,496.2500,496.4184,496.2500,496.4184,184
2017-01-17,495.2500,495.2500,495.2500,495.2500,2
2017-01-19,499.6491,499.6491,499.6491,499.6491,194
2017-01-25,498.5000,498.5000,498.5000,498.5000,75
2017-01-26,500.0000,500.0000,500.0000,500.0000,15
2017-02-01,498.9871,499.7500,498.9871,498.9871,92
2017-02-02,504.5000,504.5000,504.5000,504.5000,4
2017-02-03,503.5000,503.5000,503.5000,503.5000,8
2017-02-07,513.0000,513.0000,513.0000,513.0000,23
2017-02-10,518.0000,518.0000,518.0000,518.0000,24
2017-02-22,527.0000,527.0000,527.0000,527.0000,20
2017-03-02,528.5000,528.5000,528.0000,528.0000,62
2017-03-03,527.0000,527.0000,527.0000,527.0000,2
2017-03-10,529.5000,529.5000,529.5000,529.5000,2
2017-03-13,529.5000,529.5000,529.5000,529.5000,25
2017-03-16,534.5000,534.5000,534.5000,534.5000,17
2017-03-17,534.2089,534.2089,534.2089,534.2089,1640
2017-03-21,555.0000,555.0000,554.5000,554.5000,146
2017-03-28,537.5000,537.5000,537.5000,537.5000,2
2017-04-04,543.0000,543.0000,543.0000,543.0000,39
2017-04-07,559.8043,559.8043,559.8043,559.8043,1486
2017-04-10,560.0000,560.0000,560.0000,560.0000,13
2017-04-20,570.0000,570.0000,570.0000,570.0000,5
2017-04-25,584.5000,587.5000,584.5000,587.5000,21
2017-04-28,599.0000,599.0000,599.0000,599.0000,21
2017-05-02,608.9138,608.9138,608.9138,608.9138,3
2017-05-04,612.0000,612.0000,612.0000,612.0000,5
2017-05-05,612.6379,612.6394,612.6379,612.6394,1086
2017-05-10,623.5000,623.5000,623.5000,623.5000,1681
2017-05-11,620.0000,620.0000,618.0000,618.0000,1696
2017-05-15,608.5000,608.5000,608.5000,608.5000,1802
2017-06-06,599.5000,599.5000,599.5000,599.5000,7
2017-06-07,593.5250,593.5250,593.5250,593.5250,55
2017-06-12,594.9750,594.9750,594.4750,594.4750,12
2017-06-13,597.0000,597.0000,597.0000,597.0000,4
2017-08-29,619.0000,621.0000,611.0000,612.9142,4827
2017-08-30,616.0000,621.5000,615.5000,615.5000,1787
2017-08-31,621.5000,625.2500,620.4752,622.0000,7235
2017-09-01,627.0000,627.0625,624.3075,626.1400,5310
2017-09-04,622.0000,622.0000,620.0000,620.9956,972
2017-09-05,621.5000,623.5000,618.4319,619.4324,11285
2017-09-06,614.0000,617.0000,610.5000,611.6939,3653
2017-09-07,611.0000,615.5000,610.5000,610.5244,6316
2017-09-08,614.0000,616.5000,610.0000,614.5000,6134
2017-09-11,617.5000,630.0000,614.5676,625.1123,4609
2017-09-12,664.5000,677.0244,655.5000,655.9156,4036
2017-09-13,651.5000,654.0000,644.2500,649.0965,10216
2017-09-14,656.5000,657.5000,654.0000,656.0000,5462
2017-09-15,661.2500,661.2500,652.5000,657.3411,8696
2017-09-18,655.0000,658.0000,655.0000,657.0723,12466
2017-09-19,657.0000,663.6275,655.5000,662.8342,3999
2017-09-20,660.0000,662.9375,657.0000,661.9272,4405
2017-09-21,663.9375,664.5000,656.0000,657.5723,7541
2017-09-22,657.4375,664.5000,654.5375,658.2170,3192
2017-09-25,657.7500,659.0000,656.0000,656.7654,1265
2017-09-26,654.5000,654.8406,645.0000,649.1675,1965
2017-09-27,645.0000,645.5000,642.5625,643.9705,5106
2017-09-28,643.0000,646.0000,639.9375,645.5777,1687
2017-09-29,649.0000,657.0723,647.8019,653.8870,2924
2017-10-02,653.5000,656.0000,651.5000,655.0721,1598
2017-10-03,655.0000,656.0000,652.5000,655.5000,2336
2017-10-04,655.5000,658.0000,654.4375,656.5190,1550
2017-10-05,657.0000,661.5000,654.9709,661.0727,10761
2017-10-06,660.5000,663.9356,658.0000,658.0724,10051
2017-10-09,658.4932,663.3979,657.0055,660.0650,5771
2017-10-10,663.5000,667.5000,660.0000,664.0000,6377
2017-10-11,667.5000,669.0000,663.0000,666.1899,6809
2017-10-12,666.5000,669.9375,662.0000,669.4394,6366
2017-10-13,669.2500,671.0000,667.9375,669.3158,7413
2017-10-16,671.5000,673.8067,666.0000,671.9261,8726
2017-10-17,670.0000,673.0000,666.9375,669.1003,10214
2017-10-18,671.5000,674.0000,669.0000,669.5736,2378
2017-10-19,670.5000,672.4636,667.0000,669.3302,11925
2017-10-20,672.0000,675.0000,670.0000,671.0738,2540
2017-10-23,670.0000,672.9600,670.0000,671.5000,2421
2017-10-24,673.0000,673.0000,661.5000,663.1812,12910
2017-10-25,660.1250,668.9375,659.0000,666.0000,9521
2017-10-26,667.5000,672.5000,664.0000,668.2233,6716
2017-10-27,674.5000,674.5000,668.5000,671.6667,3710
2017-10-30,668.2500,668.2500,665.1230,666.3598,4413
2017-10-31,665.5000,671.2388,664.1612,671.0738,3749
2017-11-01,672.5000,675.5000,667.2215,672.0764,12546
2017-11-02,674.0000,674.0000,670.0000,670.6900,2173
2017-11-03,674.0625,678.4375,671.9463,676.9255,7320
2017-11-06,680.5000,680.5000,674.0000,677.4592,20099
2017-11-07,673.0000,680.3878,673.0000,675.0000,14986
2017-11-08,674.5000,675.9866,667.5000,669.5000,27639
2017-11-09,671.5000,674.0000,657.0000,662.9180,29373
2017-11-10,656.0000,662.7998,654.5000,659.0000,12153
2017-11-13,656.5000,660.5964,650.9284,651.0000,1100
2017-11-14,662.0000,662.0000,651.5000,656.0000,3295
2017-11-15,649.7500,656.0000,649.0000,652.4282,770
2017-11-16,651.0625,661.7500,651.0000,659.3391,3796
2017-11-17,658.5000,662.7500,655.2500,655.2700,2525
2017-11-20,656.0000,667.9450,655.5000,666.5700,133
2017-11-21,667.5625,671.0000,665.0000,670.5000,192
2017-11-22,671.0000,671.0000,667.0000,668.1975,148
2017-11-23,665.0000,670.4800,665.0000,670.4800,33
2017-11-24,672.5000,672.7500,669.5000,670.9300,299
2017-11-27,673.2500,673.2500,666.0000,670.2701,400
2017-11-28,669.0000,674.0000,668.5000,673.5300,247
2017-11-29,672.2500,673.7500,670.0000,671.8007,165
2017-11-30,664.5000,676.0000,658.7500,671.5197,1218
2017-12-01,675.0000,675.0000,667.0000,667.4266,398
2017-12-04,672.5000,673.7500,668.0000,669.2350,351
2017-12-05,669.5000,670.0000,665.2500,668.0000,399
2017-12-06,663.0000,667.0000,662.5000,664.5000,345
2017-12-07,669.0000,669.7500,666.5000,668.4353,105
2017-12-08,668.6250,673.0000,668.6250,670.0671,584
2017-12-11,672.0000,672.0000,662.9086,664.7700,660
2017-12-12,666.0000,666.0000,661.5000,663.4637,300
2017-12-13,662.5000,670.0000,660.5000,661.5825,373
2017-12-14,665.0000,670.0457,663.5000,664.7700,445
2017-12-15,667.0000,670.0816,664.7500,664.9125,212
2017-12-18,672.5000,672.5000,670.0000,671.1345,306
2017-12-19,672.5000,672.5000,666.2500,669.7208,351
2017-12-20,668.0625,670.7500,663.0625,665.0000,222
2017-12-21,664.0250,669.0000,664.0250,669.0000,562
2017-12-22,665.7500,667.0000,664.7500,667.0000,36
2017-12-27,667.0000,672.2500,666.2500,666.2700,188
2017-12-28,672.5000,673.5000,669.5000,669.5000,173
2017-12-29,670.0000,670.0000,667.0000,669.2500,47
2018-01-02,668.0000,668.0000,668.0000,668.0000,413
2018-01-03,674.0250,677.0000,666.0000,667.0000,85
2018-01-04,670.5000,676.0628,667.5000,676.0628,1146
2018-01-05,684.5000,689.5000,684.5000,689.5000,1415
2018-01-08,689.5000,689.5000,685.0000,685.8131,752
2018-01-09,687.5000,690.5000,686.4750,690.5000,179
2018-01-10,689.5000,689.5000,689.4750,689.4750,54
2018-01-11,691.9750,691.9750,689.9750,691.4750,437
2018-01-12,701.5000,701.5000,701.5000,701.5000,13
2018-01-15,714.5000,714.5000,714.5000,714.5000,31
2018-01-16,718.5000,722.5000,718.5000,722.5000,292
2018-01-17,719.0000,719.0000,719.0000,719.0000,34
2018-01-18,724.0000,724.5000,722.5000,722.5000,115
2018-01-19,722.9750,731.9750,722.9750,731.5000,206
2018-01-22,728.0000,728.0000,728.0000,728.0000,9
2018-01-23,728.2500,728.2500,721.0250,721.5250,5674
2018-01-24,728.2500,729.9750,728.2500,729.9750,2249
2018-01-25,722.9750,722.9750,722.9750,722.9750,23
2018-01-26,723.0000,728.9750,722.9750,726.9750,163
2018-01-29,729.4750,729.4750,725.4750,727.0000,1198
2018-01-30,725.0000,725.7500,723.4750,723.4750,65
2018-01-31,725.0000,725.9750,725.0000,725.9750,53
2018-02-01,725.5000,726.7500,722.0000,722.0000,248
2018-02-02,714.0000,714.0000,713.5000,714.0000,120
2018-02-05,700.7500,700.7500,700.7500,700.7500,30
2018-02-06,679.7500,686.0000,679.7500,680.7221,1432
2018-02-07,696.7500,699.9750,687.2500,699.9750,345
2018-02-08,701.2500,701.2500,680.0000,680.0000,438
2018-02-09,671.2500,673.0000,668.5000,668.5000,3
2018-02-12,677.0000,677.0000,676.7500,677.0000,2269
2018-02-13,677.2500,677.2500,676.9000,677.2500,2033
2018-02-14,681.5000,681.7500,676.9750,676.9750,89
2018-02-15,686.9750,686.9750,686.9750,686.9750,46
2018-02-16,686.9750,686.9750,682.2000,685.0250,262
2018-02-19,687.9750,687.9750,679.9000,679.9000,319
2018-02-20,680.5500,688.1000,680.5500,684.1500,393
2018-02-21,684.2500,696.2500,684.2500,696.2500,727
2018-02-22,690.2500,691.0000,689.0000,691.0000,57
2018-02-23,687.4750,687.4750,684.6250,687.4750,423
2018-02-26,689.0000,693.5000,688.9750,693.5000,1819
2018-02-27,696.0000,696.0000,687.9500,692.0000,2118
2018-02-28,686.5000,687.0000,685.5250,687.0000,2118
2018-03-01,678.7500,683.7500,672.5000,675.2500,1773
2018-03-05,668.0000,670.4750,663.5000,670.4750,4311
2018-03-06,673.5000,673.5000,672.0000,673.5000,2698
2018-03-07,668.0000,673.9000,667.4750,671.6000,8632
2018-03-08,674.7500,680.8500,674.0000,680.8500,2262
2018-03-09,685.9750,685.9750,684.9750,685.0000,1146
2018-03-12,688.5000,688.5000,688.5000,688.5000,1051
2018-03-13,687.5000,687.5000,687.5000,687.5000,2984
2018-03-14,684.0000,685.9750,585.1270,685.0000,15826
2018-03-15,688.5000,692.5000,685.5000,692.5000,203
2018-03-16,694.9750,698.9750,694.9750,698.9750,2101
2018-03-19,701.7500,708.5000,701.7500,707.3500,1421
2018-03-20,729.5000,729.5000,729.5000,729.5000,4537
2018-03-21,733.5000,736.0000,733.5000,735.5000,1870
2018-03-22,721.5000,733.0000,720.5000,722.5000,6096
2018-03-23,711.5000,712.0000,711.5000,711.5000,2737
2018-03-26,710.2500,715.2500,709.0000,709.0000,11420
2018-03-27,719.5000,719.5000,708.0000,708.0000,2915
2018-03-28,709.0000,710.5000,698.5000,710.5000,6262
2018-03-29,710.0000,710.0000,706.5000,710.0000,9277
2018-04-03,706.0000,706.0000,700.0000,705.0000,2223
2018-04-04,701.4750,701.4750,690.5000,696.0000,1571
2018-04-05,703.0000,706.1675,703.0000,706.1675,6325
2018-04-06,705.9750,705.9750,702.5000,702.5000,5445
2018-04-09,703.5000,706.0000,702.5000,704.5000,1982
2018-04-10,702.5000,711.4500,702.5000,710.5000,970
2018-04-11,708.0000,710.0000,704.5000,709.5000,1655
2018-04-12,712.0000,716.5000,712.0000,714.9750,820
2018-04-13,717.0000,717.0000,711.4750,717.0000,2531
2018-04-16,717.8950,717.8950,714.9750,715.9750,9791
2018-04-17,718.7500,725.0000,718.4750,723.5000,5662
2018-04-18,718.7500,724.2500,718.5000,719.0000,2203
2018-04-19,716.7500,719.5000,715.9750,719.5000,4155
2018-04-20,713.5000,717.0000,713.5000,717.0000,6531
2018-04-23,717.2500,721.0000,716.0500,721.0000,483
2018-04-24,721.5000,723.5000,721.5000,721.5000,755
2018-04-25,706.0000,706.0000,702.5000,702.5000,498
2018-04-26,713.2500,721.0000,710.5000,720.5000,4235
2018-04-27,726.0000,730.0000,726.0000,726.9750,836
2018-04-30,728.0000,728.5000,726.0000,727.5250,483
2018-05-02,730.4951,730.4951,729.4500,729.9500,300
2018-05-03,730.7500,732.0000,725.1000,726.5000,435
2018-05-04,730.7500,732.0250,725.5250,728.0250,1129
2018-05-08,740.0000,742.0000,738.0000,741.0000,11393
2018-05-09,740.0250,744.0000,740.0250,744.0000,1946
2018-05-11,745.0000,747.2836,745.0000,747.2836,1733
2018-05-14,730.2500,735.0000,729.0000,732.5000,739
2018-05-15,737.2500,738.5000,732.5250,738.5000,2011
2018-05-16,733.9752,733.9752,733.9752,733.9752,2726
2018-05-17,735.2500,736.5250,732.4750,736.0250,3345
2018-05-22,740.0250,743.9750,740.0250,740.9750,2585
2018-05-23,735.7500,735.9805,727.5250,727.5250,1823
2018-05-24,729.9750,729.9750,724.4750,724.9750,944
2018-05-25,733.2328,735.4750,733.2328,733.2328,251
2018-05-29,727.7500,727.7500,722.4952,722.4952,1465
2018-05-30,719.5231,719.5231,714.9750,714.9750,1336
2018-05-31,717.5225,717.5225,712.0000,712.0000,1683
2018-06-01,722.0000,723.4762,712.0000,723.4762,1113
2018-06-04,724.0000,724.5000,719.0000,724.5000,2755
2018-06-05,727.0000,727.0000,723.4750,723.9750,815
2018-06-06,725.9750,728.9750,725.9750,728.9750,2146
2018-06-07,737.5000,737.5000,730.5000,731.5000,1514
2018-06-08,727.5000,732.0000,727.0000,731.0000,3833
2018-06-11,737.7500,740.5000,736.8964,739.5000,1434
2018-06-12,743.5000,743.5000,737.3750,740.0000,1987
2018-06-13,742.5000,742.5000,740.0000,740.5000,582
2018-06-14,737.0000,743.0000,737.0000,742.0000,1040
2018-06-15,743.5000,743.9500,738.5000,742.0000,11522
2018-06-18,732.9000,732.9000,731.9500,732.9000,2171
2018-06-19,724.5000,727.0000,720.0000,721.5300,2255
2018-06-20,724.5000,726.5190,724.5000,726.5000,3054
2018-06-21,727.0000,727.0000,718.9000,720.0000,1776
2018-06-22,726.0000,726.5000,726.0000,726.5000,2122
2018-06-25,725.9500,725.9500,717.0000,718.5000,1346
2018-06-26,718.9700,725.0000,718.9700,725.0000,2639
2018-06-27,728.0000,728.0000,716.0000,728.0000,3173
2018-06-28,728.5000,728.5000,719.0000,722.0000,1120
2018-06-29,730.2500,733.5000,727.5000,727.5000,1816
2018-07-02,722.2500,722.2500,716.5000,720.5000,921
2018-07-03,725.5000,731.0000,725.5000,726.8750,2113
2018-07-04,725.0000,726.6000,724.6250,726.0500,1054
2018-07-05,733.5000,736.0500,733.5000,735.5000,9979
2018-07-06,736.4500,736.4500,733.5000,736.4500,1363
2018-07-09,744.5000,753.5000,744.0000,753.5000,3961
2018-07-10,752.5500,758.9500,752.5500,757.4500,3331
2018-07-11,756.3500,756.3500,751.5000,755.9500,2359
2018-07-12,740.3424,747.9753,740.3424,747.9753,3690
2018-07-13,748.0000,756.0000,746.9500,746.9500,6075
2018-07-16,746.0000,748.0000,744.7500,747.5000,202
2018-07-17,747.5000,747.9500,745.9000,746.4000,616
2018-07-18,757.2500,758.2500,751.7500,757.0000,1854
2018-07-19,755.8000,755.8000,752.5000,754.3671,4160
2018-07-20,752.5500,755.9000,752.5500,755.0000,1181
2018-07-23,755.0500,755.0500,752.4000,754.5000,1717
2018-07-24,758.7500,761.0000,755.0025,757.5528,2789
2018-07-25,759.0000,764.0000,759.0000,760.5000,773
2018-07-26,766.5000,768.0000,761.5000,762.0281,6242
2018-07-27,754.0000,759.0000,754.0000,758.5000,9302
2018-07-30,760.5000,763.0000,760.0000,761.6000,1072
2018-07-31,752.5000,757.4000,752.5000,752.5000,1049
2018-08-02,752.2500,757.5000,750.5000,752.0000,3428
2018-08-03,750.2500,750.8750,749.2500,749.5000,605
2018-08-06,749.5000,752.0000,749.5000,749.5000,2126
2018-08-07,750.2500,750.5000,750.0000,750.0000,81
2018-08-08,747.0000,749.5000,747.0000,747.0000,858
2018-08-09,751.0000,753.2220,751.0000,751.0000,736
2018-08-10,742.0000,746.0000,742.0000,742.5000,1884
2018-08-13,740.5000,745.5000,738.3750,742.0000,713
2018-08-14,744.5500,744.5500,736.8750,740.5000,4485
2018-08-15,741.7500,741.7500,734.0000,734.0000,2124
2018-08-16,744.5000,745.0000,739.4200,744.5000,2192
2018-08-17,750.0000,750.0000,742.5000,745.0000,848
2018-08-20,748.6000,754.0000,748.6000,754.0000,994
2018-08-21,754.7500,755.5000,750.6000,754.5000,779
2018-08-22,757.0500,757.0500,755.5250,755.5250,1594
2018-08-23,756.2500,756.2500,754.3500,755.0000,3745
2018-08-24,754.5250,757.5000,754.5250,755.0000,644
2018-08-28,764.5000,764.5000,762.5000,762.5000,541
2018-08-29,761.8630,761.8630,758.0500,761.8630,1603
2018-08-30,766.0000,766.0000,762.0000,762.5000,28624
2018-08-31,761.5000,761.5000,760.0000,761.0000,659
2018-09-03,761.5000,762.6000,757.0000,758.5000,913
2018-09-04,752.4750,760.6500,752.4750,755.9750,1999
2018-09-05,755.4000,755.4000,751.5500,752.0214,5135
2018-09-06,745.0000,753.0000,744.5000,744.5000,1464
2018-09-07,743.0000,743.0000,737.2500,738.0000,1266
2018-09-10,743.5000,743.5000,736.5000,737.0000,4193
2018-09-11,769.5000,778.5000,765.9750,778.5000,23567
2018-09-12,783.0000,792.6500,782.0000,783.5000,553
2018-09-13,774.5250,782.8500,774.5250,774.5250,748
2018-09-14,776.0000,776.0000,773.6500,773.6500,717
2018-09-17,772.0000,772.0000,768.5000,768.6500,912
2018-09-18,768.0000,772.0000,767.2500,770.0000,1095
2018-09-19,775.3500,775.3500,768.5000,770.5000,671
2018-09-20,772.0000,870.6822,772.0000,778.0000,13321
2018-09-21,779.7500,779.7500,776.9000,777.9000,1242
2018-09-24,777.5000,777.5000,774.5000,775.0000,538
2018-09-25,778.0500,782.0000,778.0500,780.5000,1234
2018-09-26,778.5000,778.5000,776.0000,776.0000,1596
2018-09-27,774.0000,780.0000,774.0000,777.5000,871
2018-09-28,779.5000,779.5000,774.3000,779.0000,696
2018-10-01,780.0000,780.0000,776.0000,780.0000,6780
2018-10-02,777.7500,778.5000,774.5000,777.0000,347
2018-10-03,779.5200,779.5200,779.0100,779.1000,318
2018-10-04,776.5000,776.5000,771.0000,772.5000,2168
2018-10-05,767.8750,767.8750,762.1500,765.8750,2685
2018-10-08,761.5000,762.5000,751.0000,753.7500,717
2018-10-09,759.0000,759.0000,748.9757,751.4750,409
2018-10-10,749.5000,749.5000,738.5000,738.5000,6585
2018-10-11,717.7500,720.1500,687.0000,706.9283,3337
2018-10-12,711.7500,717.5000,711.0000,711.0000,3101
2018-10-15,708.0000,708.0000,701.5000,702.0000,5847
2018-10-16,703.7500,720.0000,703.7500,717.5000,4160
2018-10-17,728.5000,732.7500,716.2500,719.0000,2361
2018-10-18,721.2000,721.2000,711.0000,711.0000,2689
2018-10-19,710.2500,712.0000,703.0000,709.0000,66928
2018-10-22,707.0000,712.0000,702.0000,703.5000,1668
2018-10-23,692.0000,692.0000,678.5000,679.0000,2193
2018-10-24,677.7500,681.7000,667.0000,667.0000,4746
2018-10-25,661.0000,679.0000,661.0000,678.0000,11840
2018-10-26,669.0000,684.0000,669.0000,684.0000,1874
2018-10-29,696.2500,700.5000,690.0000,690.0000,938
2018-10-30,695.9000,695.9000,692.6500,695.9000,865
2018-10-31,710.7500,718.0000,709.5000,717.5000,14946
2018-11-01,713.6000,720.0000,713.6000,718.0000,4701
2018-11-02,722.0000,727.0000,720.5000,724.3750,2479
2018-11-05,724.0000,724.0000,712.2500,714.6014,5887
2018-11-06,712.2500,718.2500,712.0000,714.1000,11426
2018-11-07,721.0000,721.0000,713.5000,716.3750,3682
2018-11-08,713.9000,713.9000,710.0000,711.0000,6462
2018-11-09,706.0000,710.7500,705.0000,708.0000,6159
2018-11-12,699.2500,699.2500,695.2500,695.4500,1959
2018-11-13,701.0000,701.0000,693.5000,693.7500,3406
2018-11-14,696.7500,698.0300,688.6000,691.8000,27415
2018-11-15,686.9750,686.9750,681.5000,682.0000,2870
2018-11-16,689.0000,691.5000,680.1000,683.8500,4244
2018-11-19,676.2500,687.0000,670.5500,671.0000,5340
2018-11-20,668.5000,670.9500,657.0000,666.0000,2463
2018-11-21,670.2500,673.3500,660.9500,673.0000,1671
2018-11-22,674.7000,674.7000,664.0500,673.5000,3177
2018-11-23,668.5000,674.5000,668.5000,674.1500,1671
2018-11-26,683.4750,683.4750,673.6000,680.9500,1533
2018-11-27,670.2500,677.3000,666.0500,667.8500,1351
2018-11-28,672.2500,672.8500,666.4500,667.4332,2178
2018-11-29,667.4830,679.9120,667.4830,668.5000,839
2018-11-30,666.6500,666.6500,658.0000,658.5000,4577
2018-12-03,671.7500,672.3500,666.8000,670.0000,2550
2018-12-04,665.0000,667.2500,656.1500,656.1500,3692
2018-12-05,648.7000,648.7000,645.0000,645.0000,19380
2018-12-06,630.0000,630.0000,617.5000,621.0000,8169
2018-12-07,627.5000,632.8750,627.5000,627.5000,4461
2018-12-10,620.0000,621.0000,611.7500,611.7500,2385
2018-12-11,625.7500,625.7500,617.0250,623.5000,2890
2018-12-12,626.9649,633.9500,626.9649,633.0000,1724
2018-12-13,632.2500,634.8500,627.0000,633.0000,722
2018-12-14,628.2500,628.2500,624.7500,625.0000,1073
2018-12-17,623.7628,623.7628,615.0000,618.0000,10121
2018-12-18,605.0000,618.0500,603.0000,603.0000,803
2018-12-19,598.0000,604.0000,598.0000,603.0000,1145
2018-12-20,591.7500,594.5000,589.0000,589.5000,2426
2018-12-21,590.2500,593.0000,587.0000,590.0250,1589
2018-12-27,591.2500,597.0000,582.5000,583.5000,3443
2018-12-28,591.7500,597.0000,591.7500,594.0000,1220
2019-01-03,590.0000,595.0000,590.0000,592.0000,3584
2019-01-04,594.7500,608.5000,592.6000,607.8500,3032
2019-01-07,617.0000,617.0000,608.8000,616.0000,2732
2019-01-08,619.2500,622.5000,615.0000,621.3000,2311
2019-01-09,626.0000,629.5000,622.0000,629.5000,9697
2019-01-10,626.0000,636.5000,623.7500,635.3500,3542
2019-01-11,643.5000,643.5000,636.0000,636.0000,1441
2019-01-14,630.2500,633.2000,625.5000,628.5000,3505
2019-01-15,641.0000,650.3000,637.7000,645.3507,14554
2019-01-16,649.0000,656.0000,646.5000,656.0000,16928
2019-01-17,657.7500,665.5000,654.0000,664.7500,10118
2019-01-18,673.9653,685.0000,673.9653,684.0000,12333
2019-01-21,676.8500,684.9000,676.8500,679.4500,1074
2019-01-22,676.2500,678.5000,675.5000,678.5000,2165
2019-01-23,675.7500,682.0000,674.0000,679.6500,1555
2019-01-24,682.0000,683.0000,675.7500,679.7500,2412
2019-01-25,678.0000,684.0000,678.0000,678.0000,218
2019-01-28,683.0000,683.0000,676.0000,676.0000,3595
2019-01-29,686.5000,687.0000,676.3000,683.0000,11075
2019-01-30,680.5000,688.5000,680.5000,686.0000,14787
2019-01-31,692.0000,692.0000,681.5000,683.0000,2982
2019-02-01,683.5000,686.7500,681.7500,683.0000,337
2019-02-04,685.0000,685.0000,679.2500,684.0000,2752
2019-02-05,682.2150,695.5000,682.2150,695.0000,7495
2019-02-06,698.0000,698.0000,693.5000,695.5000,6541
2019-02-07,702.5000,702.7000,691.0000,691.0000,3550
2019-02-08,686.5000,691.8000,685.5000,687.0000,3593
2019-02-11,696.2500,698.0000,693.5000,694.5000,4344
2019-02-12,699.2500,699.5000,695.0000,697.0000,1674
2019-02-13,700.5000,705.0000,698.2500,700.0000,2220
2019-02-14,702.0000,702.0000,693.5000,693.5000,4327
2019-02-15,693.2500,704.5091,692.5000,704.0000,2572
2019-02-18,710.2500,713.5000,706.8500,711.0000,1446
2019-02-19,712.0000,712.0000,708.0000,709.5000,3399
2019-02-20,712.2500,713.7500,707.5000,710.3000,2548
2019-02-21,712.7500,715.9000,708.5000,709.0000,4843
2019-02-22,708.7000,717.3000,708.7000,714.0000,2746
2019-02-25,717.5000,717.5000,713.5000,717.0000,2093
2019-02-26,720.0000,721.7500,715.2500,717.5000,4619
2019-02-27,716.5000,716.5000,712.5000,716.0000,5492
2019-02-28,715.5000,724.5000,715.5000,722.0000,5388
2019-03-01,726.8500,726.8500,722.2500,724.0000,3585
2019-03-04,727.5000,727.5000,723.0000,723.5000,3745
2019-03-05,718.7500,723.0000,718.5000,722.5000,3066
2019-03-06,722.0000,725.5000,721.3000,722.5000,3838
2019-03-07,721.5000,721.5000,712.5000,714.0000,5346
2019-03-08,709.0000,709.0000,703.6500,708.0000,5447
2019-03-11,708.2000,717.0000,708.2000,715.0000,4512
2019-03-12,718.5000,718.5000,711.0000,713.5000,2133
2019-03-13,710.8000,719.5000,710.8000,718.0000,4018
2019-03-14,724.0000,724.5000,719.5000,724.5000,2026
2019-03-15,729.5000,735.0000,725.5000,734.5000,2666
2019-03-18,735.7500,736.5000,734.0000,734.5000,2893
2019-03-19,716.7500,726.0000,702.5000,715.0000,5233
2019-03-20,718.0000,718.0000,708.0000,710.0000,3173
2019-03-21,711.5000,711.5000,705.5000,710.5000,6551
2019-03-22,710.2500,712.0000,698.0000,698.0000,2729
2019-03-25,694.7500,698.0000,693.0000,694.5000,8282
2019-03-26,700.0000,708.7500,695.5000,706.2000,3834
2019-03-27,708.0000,709.0000,700.5000,701.0000,13896
2019-03-28,704.0000,709.0000,704.0000,704.5000,4062
2019-03-29,715.0000,725.0000,715.0000,723.5000,9786
2019-04-01,727.5000,735.4000,727.5000,734.1000,5122
2019-04-02,736.7000,737.4000,732.9600,735.2000,4712
2019-04-03,734.0200,738.7000,734.0200,738.4000,4439
2019-04-04,739.7500,742.4000,739.2000,739.4000,1733
2019-04-05,748.2000,749.3000,744.8500,747.4000,2015
2019-04-08,743.0000,749.8000,743.0000,749.8000,2707
2019-04-09,749.0000,753.8000,743.9500,744.6000,814
2019-04-10,742.9500,744.8000,740.2000,742.7800,1002
2019-04-11,744.8000,747.7500,741.9500,744.9000,930
2019-04-12,743.0000,746.9200,742.8500,746.4500,1998
2019-04-15,748.5000,752.8000,747.9500,749.0000,2046
2019-04-16,752.6000,756.4000,752.6000,754.4000,2295
2019-04-17,755.6000,757.0000,752.9500,755.2000,3662
2019-04-18,752.0000,760.6000,752.0000,760.1200,2928
2019-04-23,759.7200,770.0000,759.7200,769.0000,2488
2019-04-24,772.8000,777.4000,762.0000,762.0000,3929
2019-04-25,764.3500,767.6500,762.1500,766.7600,21265
2019-04-26,766.4000,770.0000,760.8500,770.0000,1682
2019-04-29,769.6000,771.4000,765.9500,770.6500,1941
2019-04-30,771.6000,776.2000,767.6000,767.8200,2478
2019-05-02,766.5000,774.2000,764.4000,773.6000,3942
2019-05-03,770.0000,773.9500,769.6000,769.6000,2849
2019-05-07,766.4000,768.1500,761.0000,762.4000,3955
2019-05-08,763.0000,769.8800,761.3500,763.6000,2670
2019-05-09,758.9500,764.0000,741.6000,742.2000,33898
2019-05-10,748.6600,752.3500,739.6000,743.0000,2126
2019-05-13,741.4000,741.4000,723.8000,726.0000,3714
2019-05-14,730.1500,736.2000,730.1500,735.6000,2051
2019-05-15,735.3500,735.3500,727.5000,732.0000,1469
2019-05-16,735.4000,747.8500,735.4000,747.8500,290
2019-05-17,729.6500,731.3500,723.1500,731.3500,1933
2019-05-20,730.2000,730.2000,715.4000,722.6000,10281
2019-05-21,723.6000,725.2500,720.3000,720.6000,4042
2019-05-22,723.9000,731.3000,722.7000,730.6000,1403
2019-05-23,724.2500,724.2500,713.9000,716.8000,3977
2019-05-24,717.9500,719.5800,711.8000,716.4000,3244
2019-05-28,712.8000,715.7500,704.6000,709.4000,7241
2019-05-29,702.8000,702.8000,696.6000,699.6000,2491
2019-05-31,695.2400,703.0000,694.8500,703.0000,2715
2019-06-03,696.0000,698.0000,689.0000,698.0000,1667
2019-06-04,695.0000,700.3000,693.9000,694.4000,2059
2019-06-05,702.4500,712.3500,702.1000,710.8000,29951
2019-06-06,708.9000,710.1500,701.9500,703.6000,1119
2019-06-07,709.4000,709.6000,705.6500,707.9877,1224
2019-06-11,704.0000,719.7000,704.0000,714.4000,1595
2019-06-12,712.2000,714.5500,709.2000,713.8000,2121
2019-06-13,713.5500,716.8000,713.5000,714.0000,5295
2019-06-14,712.8000,712.9500,705.6500,712.4000,2219
2019-06-17,711.0000,718.8500,711.0000,714.8000,2554
2019-06-18,709.7500,731.5500,709.7500,731.0000,2220
2019-06-19,730.0500,734.5500,729.7000,730.3500,4383
2019-06-20,737.0000,738.8000,732.4000,733.0400,1566
2019-06-21,737.0000,739.6000,732.4000,738.8000,1925
2019-06-24,758.8000,758.8000,743.6000,743.6000,4152
2019-06-25,746.4000,752.2500,744.5500,750.8000,1888
2019-06-26,748.1500,755.0000,746.3500,752.4000,941
2019-06-27,755.5000,757.0000,750.9000,752.4000,2417
2019-06-28,757.8000,767.0000,757.8000,767.0000,3780
2019-07-01,778.5000,778.5000,770.0500,770.4000,2517
2019-07-02,773.1000,778.2000,768.5500,770.1000,5370
2019-07-03,775.7500,782.6500,775.7500,782.6000,2621
2019-07-04,780.9500,786.2000,780.9500,786.2000,2628
2019-07-05,786.7500,786.7500,777.4500,778.4000,1133
2019-07-08,775.4000,778.4000,774.6000,777.8000,3859
2019-07-09,774.3400,774.8500,768.1500,774.2000,2206
2019-07-10,771.5000,774.2000,769.1500,770.4000,5287
2019-07-11,770.4000,778.4000,769.7000,776.0000,1946
2019-07-12,777.7500,779.8000,773.6000,773.7500,924
2019-07-15,780.9500,782.5500,776.3500,781.2000,899
2019-07-16,781.3000,793.9000,781.3000,788.8000,3400
2019-07-17,790.4000,799.5000,788.8000,788.8000,19059
2019-07-18,790.6000,791.2500,788.5500,789.6000,8736
2019-07-19,793.5500,797.4000,788.5000,790.8000,1767
2019-07-22,789.2500,790.1500,788.8500,789.9500,589
2019-07-23,790.0000,795.0000,790.0000,794.6000,1945
2019-07-24,795.0000,797.0500,790.7000,795.4000,3842
2019-07-25,798.5500,798.5500,788.1000,791.7000,1200
2019-07-26,789.4400,795.2500,789.4400,792.8000,1250
2019-07-29,791.1000,797.3500,791.0000,797.1500,889
2019-07-30,792.9000,794.1500,789.0500,792.6000,1736
2019-07-31,796.2500,796.2500,794.0000,794.0000,348
2019-08-02,784.9500,792.0000,782.6000,785.9500,5317
2019-08-05,776.2000,776.2000,766.5000,768.5500,12436
2019-08-06,764.6000,779.9500,764.6000,778.4000,11437
2019-08-07,781.1000,788.6500,777.3500,785.5000,2064
2019-08-08,793.1000,796.9000,787.5500,789.9500,2385
2019-08-09,794.2000,794.5000,789.0000,789.6000,1437
2019-08-12,796.5000,796.5000,787.0000,787.4000,2746
2019-08-13,782.8000,784.8000,776.2000,784.8000,1117
2019-08-14,789.0000,789.0000,774.0000,776.6000,1953
2019-08-15,773.0000,775.7500,768.0000,773.9500,1501
2019-08-16,786.0000,788.7000,784.1500,786.8994,1217
2019-08-19,797.7500,797.7500,789.6000,791.7600,3677
2019-08-20,795.7500,797.7800,793.5500,796.0000,1691
2019-08-21,797.5600,800.0000,797.5500,799.7000,4424
2019-08-22,796.6000,801.4000,795.7500,800.6000,2353
2019-08-23,804.8400,804.8400,794.0400,794.0400,1056
2019-08-27,787.0500,793.2000,787.0500,793.2000,2215
2019-08-28,790.2000,791.4000,784.0000,786.6000,3776
2019-08-29,789.3000,793.4500,786.4000,792.8000,4478
2019-08-30,795.6000,804.1000,795.6000,802.6000,3070
2019-09-02,804.1500,812.4000,804.1500,811.5500,4177
2019-09-03,810.2000,810.7000,803.0000,803.0000,962
2019-09-04,812.8750,813.2000,808.8000,810.2000,1826
2019-09-05,815.0000,815.0000,810.3750,815.0000,2212
2019-09-06,816.5500,817.4000,815.8000,816.0000,2203
2019-09-09,818.0000,820.6000,810.0000,810.0000,3327
2019-09-10,774.0000,809.8000,771.5000,809.8000,19483
2019-09-11,771.0000,781.0000,762.3500,765.5000,8864
2019-09-12,768.2000,770.9500,761.0500,766.1500,6858
2019-09-13,763.8500,764.4000,752.2000,764.4000,12151
2019-09-16,755.8000,766.4000,748.6000,748.6000,6417
2019-09-17,745.7500,765.6000,744.5000,765.6000,6063
2019-09-18,765.5000,768.6000,761.4000,766.0000,3149
2019-09-19,766.9500,767.4000,761.6000,767.0000,2547
2019-09-20,768.1250,776.6000,766.7500,776.6000,2425
2019-09-23,774.8000,774.8000,765.6000,773.0000,5176
2019-09-24,771.2000,774.6000,762.4000,763.2000,9147
2019-09-25,753.5000,761.4000,752.5000,760.5000,14645
2019-09-26,764.4000,772.2000,764.4000,766.6500,3541
2019-09-27,769.1000,774.0000,768.8000,768.9000,3051
2019-09-30,768.8750,772.0000,765.8000,765.8000,29300
2019-10-01,769.2500,770.3750,759.5500,760.2000,9402
2019-10-02,754.7500,754.7500,738.4000,739.2000,23721
2019-10-03,741.7600,743.5000,739.3500,742.0000,3854
2019-10-04,747.2000,750.5000,743.2000,750.2000,32761
2019-10-07,752.0000,757.4000,751.5000,757.4000,4195
2019-10-08,756.0000,758.3200,740.6000,746.7714,5346
2019-10-09,742.7000,750.4000,741.6400,746.3500,20667
2019-10-10,745.0000,751.2000,741.7200,746.4000,4809
2019-10-11,754.0000,765.0000,752.0000,765.0000,3215
2019-10-14,761.8000,765.0000,758.2000,765.0000,2743
2019-10-15,763.4400,771.5000,761.8000,768.8000,3658
2019-10-16,768.4400,768.4400,757.9000,759.6000,16002
2019-10-17,757.0000,767.1000,757.0000,762.0692,5658
2019-10-18,763.3500,763.5500,756.8000,757.8000,4831
2019-10-21,761.9500,763.6400,757.4000,757.8000,8156
2019-10-22,756.4400,756.4400,745.8500,752.3000,14720
2019-10-23,749.0000,749.6500,736.0000,739.3000,17699
2019-10-24,743.1250,754.7500,742.8750,753.1500,677
2019-10-25,756.8000,762.0000,756.8000,759.2000,686
2019-10-28,765.5000,770.2500,760.4000,760.4000,2276
2019-10-29,766.5500,766.5500,761.2000,765.5600,3376
2019-10-30,765.7500,770.5000,765.7500,769.0000,2891
2019-10-31,771.2000,771.2000,766.8000,769.2000,4014
2019-11-01,771.8000,774.0500,770.7500,773.2797,5233
2019-11-04,774.5600,780.3600,772.7600,778.5000,7856
2019-11-05,779.3600,780.0000,767.4000,767.4000,9568
2019-11-06,768.0000,768.9500,760.0000,768.9500,4472
2019-11-07,775.0400,780.6000,773.6000,778.0000,6653
2019-11-08,777.5000,777.5000,771.0000,773.0000,8388
2019-11-11,775.7600,786.9200,775.7600,786.4000,7952
2019-11-12,789.6250,796.0000,789.6250,796.0000,11155
2019-11-13,796.0000,798.1000,796.0000,798.1000,9371
2019-11-14,796.5000,798.0000,796.4000,797.7600,6169
2019-11-15,799.5000,807.5600,799.5000,806.8000,5850
2019-11-18,805.0000,805.0000,796.5000,796.5000,2223
2019-11-19,802.7600,815.7500,802.5000,813.9336,13035
2019-11-20,808.0100,815.2500,804.4500,810.3500,4628
2019-11-21,804.3500,808.0000,802.8000,807.6000,9206
2019-11-22,805.5000,816.1400,805.5000,814.3200,6916
2019-11-25,814.4000,817.6000,814.4000,816.0000,3930
2019-11-26,815.4500,829.1250,815.4500,825.6000,23214
2019-11-27,829.4000,840.8000,829.4000,838.2000,15064
2019-11-28,838.1250,845.4000,816.0000,844.5000,9144
2019-11-29,839.4000,847.6000,839.4000,843.2000,10547
2019-12-02,849.3500,851.0000,830.1500,833.4000,8934
2019-12-03,834.0500,842.8000,826.7500,831.0000,10934
2019-12-04,830.6500,844.4000,830.3500,844.4000,12286
2019-12-05,846.0000,852.3750,844.4000,848.0000,33302
2019-12-06,852.0000,859.9000,851.8750,856.0000,1909
2019-12-09,857.1500,862.0000,854.7600,859.8000,4840
2019-12-10,852.4000,854.0000,844.5000,853.4000,1760
2019-12-11,854.0000,857.4000,850.5000,857.4000,40732
2019-12-12,861.5000,862.6000,856.2500,862.6000,2773
2019-12-13,866.7500,867.8000,860.0000,861.5600,5663
2019-12-16,868.0000,876.5600,861.4000,861.4000,24255
2019-12-17,873.5000,878.0000,869.0000,874.2000,9483
2019-12-18,868.5000,874.0000,863.7500,866.8000,4962
2019-12-19,862.4738,870.2484,862.4738,865.0000,5039
2019-12-20,876.6500,879.4000,874.0000,879.4000,3530
2019-12-23,880.1600,885.9500,876.8400,883.2500,5077
2019-12-27,887.5000,894.4000,887.5000,891.8000,5087
2019-12-30,893.1000,893.1000,887.1500,887.5000,3619
2020-01-03,883.3000,896.0000,883.3000,894.5500,21267
2020-01-06,887.7800,897.6000,883.8500,897.6000,9074
2020-01-07,901.7500,907.3000,898.4000,903.8000,5909
2020-01-08,904.6000,917.4000,899.1250,917.4000,14063
2020-01-09,921.9500,922.3750,910.8500,913.0500,4663
2020-01-10,916.0000,916.5000,911.3500,912.7500,3288
2020-01-13,916.7500,921.5000,914.6000,914.6000,9891
2020-01-14,912.0000,916.4000,909.5500,916.4000,4788
2020-01-15,918.1600,922.1800,917.2000,921.2000,5941
2020-01-16,921.3000,928.2000,919.4000,921.0000,2530
2020-01-17,923.2000,933.2000,920.6000,933.2000,6742
2020-01-20,932.6000,942.8000,932.6000,942.8000,3472
2020-01-21,936.4400,944.2000,936.4400,941.5236,1914
2020-01-22,950.8000,950.8000,939.2000,940.4000,6455
2020-01-23,924.0000,925.0000,891.0000,925.0000,37261
2020-01-24,906.6000,906.6000,897.8000,900.0000,5611
2020-01-27,886.2500,892.4000,874.2000,882.6000,10916
2020-01-28,891.4600,893.8000,880.0000,890.4000,3140
2020-01-29,892.6000,897.0000,888.8000,897.0000,5365
2020-01-30,890.2000,892.0400,881.4000,889.3600,6138
2020-01-31,896.2800,901.4000,884.3200,884.8000,4935
2020-02-03,889.8000,900.9500,886.2000,895.8000,5306
2020-02-04,898.2000,906.4000,897.6000,905.4000,3126
2020-02-05,905.0000,920.7400,905.0000,918.4000,6892
2020-02-06,924.9500,929.8800,911.0000,912.5726,4350
2020-02-07,916.0000,920.0000,914.0000,918.8000,3767
2020-02-10,917.2000,923.4000,914.7800,918.8000,2354
2020-02-11,929.4000,937.2000,929.2500,936.8000,3391
2020-02-12,937.4600,937.4600,926.8000,935.4000,2984
2020-02-13,933.2000,942.0000,931.4000,941.8000,5840
2020-02-14,941.9200,944.0600,936.6000,941.6000,6428
2020-02-17,945.9000,950.3600,941.5800,943.2000,3699
2020-02-18,939.0000,948.0000,939.0000,948.0000,2177
2020-02-19,953.5600,964.8000,953.5600,960.0000,2642
2020-02-20,963.9500,967.2000,957.8000,958.0000,22672
2020-02-21,951.8000,963.0000,950.8000,955.8000,4239
2020-02-24,932.2000,937.0000,901.4000,911.0000,12030
2020-02-25,920.6000,928.9000,902.8000,911.0000,10360
2020-02-26,896.6000,900.6000,867.6000,897.2000,5155
2020-02-27,886.6000,886.6000,856.2000,868.2600,4568
2020-02-28,825.4000,865.4000,819.4000,831.0000,19472
2020-03-02,863.1000,863.4000,829.0000,847.6000,9273
2020-03-03,869.2000,878.8000,865.4000,865.4000,8408
2020-03-04,864.0000,885.2000,861.4000,871.0000,5307
2020-03-05,879.2000,880.4000,853.4000,859.4000,10439
2020-03-06,837.0000,843.2000,818.0000,822.8000,4063
2020-03-09,730.4000,783.2400,729.0500,767.4166,5613
2020-03-10,775.2000,797.4000,751.8000,755.6000,28544
2020-03-11,764.4000,770.4000,739.7200,745.0000,10900
2020-03-12,661.0000,702.4000,619.6000,635.8000,5385
2020-03-13,658.6000,676.0800,633.8000,642.8000,16140
2020-03-16,605.4000,619.2000,563.8000,597.0000,30962
2020-03-17,620.0000,620.0000,530.1600,554.0000,14590
2020-03-18,560.7800,576.0000,532.0000,552.5013,44531
2020-03-19,575.0800,592.8000,564.6000,583.0000,26073
2020-03-20,629.6000,641.2000,585.4000,594.2000,4397
2020-03-23,555.2000,586.6000,546.0000,572.4000,8442
2020-03-24,593.2000,661.4000,569.6000,657.8000,28937
2020-03-25,709.9000,729.4000,648.5600,675.4000,65627
2020-03-26,664.8000,699.3000,663.6000,696.0000,118271
2020-03-27,695.4000,695.4000,657.6000,671.2000,12386
2020-03-30,656.6000,665.8000,643.3200,665.8000,7376
2020-03-31,681.8000,691.0000,665.0000,669.6000,7094
2020-04-01,654.4000,665.0800,648.6000,655.0000,5438
2020-04-02,661.4000,669.2000,643.6000,646.4000,34466
2020-04-03,647.0000,655.8000,641.6000,651.8000,7006
2020-04-06,690.6000,702.4000,681.4000,683.0000,6983
2020-04-07,708.4000,723.2000,701.0000,713.0000,8139
2020-04-08,717.4200,718.6000,703.0000,714.0000,4044
2020-04-09,734.6000,753.8000,733.4000,751.2000,12555
2020-04-14,780.8000,780.8000,755.2000,762.2000,25252
2020-04-15,764.4000,764.4000,717.8000,721.0000,3867
2020-04-16,734.1000,735.4000,706.6000,712.9460,4137
2020-04-17,735.6000,741.4000,726.6000,736.2000,27693
2020-04-20,738.2000,741.6000,732.0000,736.8000,5629
2020-04-21,731.2000,731.2000,714.2000,722.6000,8240
2020-04-22,719.2000,723.2000,715.6000,721.6000,2747
2020-04-23,729.0000,734.2000,718.6000,727.0000,3565
2020-04-24,716.8000,723.4000,710.0000,719.8000,7554
2020-04-27,735.8000,738.0000,731.4000,737.2000,5467
2020-04-28,739.0000,758.6000,739.0000,746.8000,7706
2020-04-29,747.0000,779.2000,747.0000,774.8000,80402
2020-04-30,778.0000,781.0000,759.8000,759.8000,63693
2020-05-04,737.8600,742.2000,723.6000,732.6333,2914
2020-05-05,746.0000,750.8000,737.6000,750.8000,3928
2020-05-06,759.4000,770.6000,750.2000,766.0000,6298
2020-05-07,773.8000,794.4000,771.4000,794.4000,6707
2020-05-11,790.0000,791.4000,774.2000,783.5200,2756
2020-05-12,776.0000,782.0000,770.0000,778.0000,4076
2020-05-13,761.0000,763.6000,755.4000,755.4000,23560
2020-05-14,750.9600,751.2000,708.1800,721.0000,14433
2020-05-15,714.6000,731.9600,710.2000,729.6000,19220
2020-05-18,746.8000,746.8000,736.6600,745.6000,3482
2020-05-19,754.6000,765.0200,747.2000,760.8000,10149
2020-05-20,758.2000,781.8000,755.0000,781.8000,5236
2020-05-22,768.0000,775.0000,763.8000,770.8000,56587
2020-05-26,781.8000,786.8000,769.2000,775.8000,69635
2020-05-27,778.4000,788.0000,773.2000,780.6000,4251
2020-05-28,792.7000,798.8000,788.4000,794.8000,14966
2020-05-29,786.4000,799.0000,782.8000,794.4000,3333
2020-06-02,797.7800,799.8000,791.4000,797.6000,4718
2020-06-03,799.8000,828.8000,799.8000,826.4000,4284
2020-06-04,816.8000,825.0000,803.4000,820.0000,19377
2020-06-05,824.2000,846.8000,824.2000,842.0000,27738
2020-06-08,841.2000,843.4000,830.6000,843.4000,26334
2020-06-09,838.6200,840.6000,821.0000,833.0000,3954
2020-06-10,839.8000,841.6200,825.0000,831.0000,5460
2020-06-11,801.0000,817.4000,801.0000,808.6000,6975
2020-06-12,800.6000,818.6000,799.0000,805.2000,1959
2020-06-15,792.0000,810.0200,784.6000,808.6000,1703
2020-06-16,823.0000,838.8000,822.6000,829.2000,37103
2020-06-17,831.0000,839.6000,827.0600,829.0000,10999
2020-06-18,830.6000,831.5600,822.8000,826.4000,1620
2020-06-19,832.4000,841.6000,830.0000,832.8000,8040
2020-06-22,837.8000,856.8000,837.8000,851.8000,14857
2020-06-23,848.8000,857.0000,836.2000,836.6000,29875
2020-06-24,835.6800,844.3800,829.8000,838.9130,12334
2020-06-25,831.8000,849.4000,827.2000,849.4000,4905
2020-06-26,852.6000,862.6000,851.6000,853.8000,3784
2020-06-29,846.6000,858.0000,846.4000,854.3030,13582
2020-06-30,843.4000,859.8000,843.4000,859.4000,7192
2020-07-01,860.4000,877.2000,858.2000,870.0000,31831
2020-07-02,872.0000,878.2000,865.8000,866.9655,12127
2020-07-03,871.8000,875.6000,869.2000,870.6000,4928
2020-07-06,879.4000,885.6000,873.2000,876.8000,1535
2020-07-07,877.8000,877.8000,870.6000,875.8000,2109
2020-07-08,868.4000,879.0000,868.4000,877.2000,3682
2020-07-09,884.0000,896.0000,879.0000,880.4000,10901
2020-07-10,880.4000,891.0000,880.0000,881.8000,2076
2020-07-13,892.2000,892.6000,882.0000,891.8000,1717
2020-07-14,863.2000,887.6000,863.2000,873.0000,10744
2020-07-15,882.4000,896.6000,872.6000,892.2000,8933
2020-07-16,885.6000,899.6000,885.2000,899.0000,5706
2020-07-17,892.0000,893.8000,887.4000,887.8000,2966
2020-07-20,883.6000,895.9000,881.0000,895.9000,6141
2020-07-21,900.4000,910.8000,894.4000,895.6000,22626
2020-07-22,893.8000,901.6000,891.2000,900.2000,9346
2020-07-23,900.4000,904.0000,897.8000,899.6000,7921
2020-07-24,886.4000,891.2000,882.4000,890.0000,3853
2020-07-27,889.0000,895.6000,886.2000,888.8896,3370
2020-07-28,892.8000,892.8000,883.6000,889.0000,3698
2020-07-29,889.4000,900.0000,889.4000,893.0000,2554
2020-07-30,894.8000,895.0000,873.0000,876.6000,3823
2020-07-31,882.8000,894.6000,881.2000,882.6000,5422
2020-08-03,881.2000,907.0000,879.0000,901.0000,24926
2020-08-04,907.4000,908.6000,883.6000,883.8000,3497
2020-08-05,889.8000,894.2000,889.2000,892.4000,2846
2020-08-06,890.8000,898.8000,888.8000,894.0000,856
2020-08-07,895.2000,899.6000,892.2000,897.2000,1229
2020-08-10,899.0000,899.4000,890.6000,891.2000,1021
2020-08-11,898.4000,903.0000,893.4000,898.0000,2681
2020-08-12,895.8000,911.0000,892.4000,908.8000,1453
2020-08-13,909.8000,913.0000,906.4000,908.4803,2351
2020-08-14,904.6000,909.8000,901.0000,904.6000,1222
2020-08-17,906.2000,912.0000,904.2000,910.4000,2938
2020-08-18,905.4000,911.4000,904.0000,906.6000,1388
2020-08-19,902.6000,911.2000,902.6000,910.6000,28124
2020-08-20,908.2000,915.0000,906.0000,908.2000,1587
2020-08-21,911.2302,914.4000,904.8000,907.8000,1813
2020-08-24,915.0000,923.8000,912.8000,920.6000,2033
2020-08-25,921.4000,925.4000,916.0000,916.2000,3835
2020-08-26,911.0000,924.6000,910.0000,922.6000,2917
2020-08-27,923.0000,930.2000,919.8000,919.8000,4878
2020-08-28,920.0000,922.4000,909.8000,914.8000,1754
2020-09-01,920.2000,926.2000,909.6000,910.4000,4360
2020-09-02,922.8000,925.4000,916.2000,918.6000,1572
2020-09-03,925.4000,927.0000,880.0000,883.6000,6103
2020-09-04,877.0320,887.6000,865.0000,868.0000,3124
2020-09-07,875.0000,887.0000,875.0000,880.2000,7116
2020-09-08,905.8000,905.8000,859.6000,870.6000,5879
2020-09-09,869.8000,885.2000,865.6000,885.2000,13297
2020-09-10,883.0000,893.0000,874.0000,874.0000,5875
2020-09-11,876.2000,885.6000,873.8000,879.2000,2740
2020-09-14,884.2000,886.6000,857.4000,871.8000,26214
2020-09-15,873.8000,874.0000,859.4000,860.6000,29976
2020-09-16,870.2000,876.2000,861.2000,864.4000,4682
2020-09-17,862.0000,864.2000,855.2000,856.6000,11236
2020-09-18,867.2000,899.2000,854.0292,854.2000,561062
2020-09-21,857.0000,857.0000,824.0000,832.4000,28824
2020-09-22,837.4000,850.8000,833.8000,836.4000,5921
2020-09-23,837.0000,850.4000,835.0000,850.4000,34702
2020-09-24,840.4000,845.0000,830.0000,834.2000,2254
2020-09-25,839.2000,839.2000,827.2000,838.8000,26101
2020-09-28,851.2000,865.4000,848.8000,864.5250,1868
2020-09-29,862.2000,862.2000,848.6000,849.2000,8639
2020-09-30,848.8000,852.0000,841.8000,847.6000,2295
2020-10-01,853.8000,860.4000,849.8000,850.2000,3069
2020-10-02,844.2000,848.6000,839.8000,845.2000,3873
2020-10-05,853.6000,855.6000,843.0000,844.8000,5121
2020-10-06,849.4000,849.4000,837.0000,842.4000,3626
2020-10-07,843.6000,857.4000,843.6000,856.2000,7765
2020-10-08,858.4000,863.4000,858.0000,862.0000,3729
2020-10-09,864.0000,876.0000,863.8000,876.0000,4552
2020-10-12,880.2000,880.8000,875.0000,875.2000,1810
2020-10-13,874.2000,874.2000,865.6000,868.1471,4050
2020-10-14,870.0000,878.0000,862.6000,864.0000,3557
2020-10-15,849.4000,850.2000,839.4000,844.8000,5105
2020-10-16,850.0000,861.0000,848.8000,860.0000,38849
2020-10-19,865.2000,868.8000,858.8000,860.0000,2419
2020-10-20,860.8000,867.4000,860.8000,864.4000,6181
2020-10-21,861.2000,861.2000,853.6000,854.8000,4137
2020-10-22,849.4000,856.2000,845.6000,854.2000,3221
2020-10-23,856.2000,859.4000,852.4000,854.6000,3003
2020-10-26,853.0000,853.0000,836.0000,836.8000,4984
2020-10-27,836.4000,841.4000,832.2000,834.8000,3993
2020-10-28,835.2000,835.2000,820.6000,832.0000,28212
2020-10-29,830.2000,834.0000,820.4000,824.4000,15667
2020-10-30,812.6000,826.6000,812.6000,826.6000,19226
2020-11-02,829.0000,865.2000,829.0000,865.2000,4706
2020-11-03,873.4000,892.8000,873.0000,892.8000,16565
2020-11-04,882.6000,915.0000,877.2000,904.6000,21867
2020-11-05,923.4000,934.6000,923.4000,930.6000,21620
2020-11-06,927.6000,932.2000,913.2000,929.8000,19645
2020-11-09,939.8000,971.2000,939.8000,955.6000,21790
2020-11-10,951.8000,956.8000,915.8000,917.0000,17658
2020-11-11,917.6000,932.0000,917.6000,932.0000,4411
2020-11-12,922.2000,926.8000,913.6000,924.2000,6430
2020-11-13,924.0000,924.0000,918.0000,922.4000,82887
2020-11-16,928.0000,934.2000,925.2000,925.2000,5425
2020-11-17,925.2000,928.0000,918.2000,919.0000,16580
2020-11-18,918.4000,923.2000,912.6000,920.4000,1022
2020-11-19,915.6000,948.8000,915.6000,943.6000,12962
2020-11-20,941.2000,944.6000,932.6000,936.4000,21240
2020-11-23,939.0000,941.6000,932.2000,933.8000,8955
2020-11-24,942.6000,945.8000,939.2000,944.8000,12595
2020-11-25,948.8000,957.6000,947.6000,955.2000,10303
2020-11-26,956.4000,957.6000,952.8000,955.6000,1631
2020-11-27,956.8000,966.4000,956.8000,966.4000,2929
2020-11-30,964.6000,986.0000,963.6000,979.4000,3730
2020-12-01,968.8000,975.6000,965.0000,965.0000,11229
2020-12-02,963.4000,975.6000,958.8000,967.8000,101998
2020-12-03,967.8000,982.8000,967.8000,979.4000,13439
2020-12-04,981.8000,981.8000,973.6000,976.8000,1047
2020-12-07,970.4000,989.4000,970.4000,987.6000,14332
2020-12-08,989.2000,992.8000,979.4000,986.0325,20764
2020-12-09,986.0000,990.0000,979.2000,987.5507,21171
2020-12-10,991.8000,996.2000,977.2000,981.8000,7859
2020-12-11,973.4000,982.8000,965.2000,980.8000,2097
2020-12-14,987.0000,987.2000,971.0000,972.0000,6260
2020-12-15,969.6000,986.8000,969.6000,986.8000,2156
2020-12-16,987.2000,993.6000,985.0000,993.4000,2912
2020-12-17,998.8000,1015.0000,994.4000,1012.5000,27163
2020-12-18,1017.0000,1020.5000,999.8000,1001.0000,17785
2020-12-21,992.6000,992.6000,971.6000,987.8000,7705
2020-12-22,992.2000,999.8000,991.0000,999.8000,4673
2020-12-23,999.0000,1015.5000,999.0000,1015.5000,3715
2020-12-29,1039.0000,1050.5000,1037.5000,1049.0000,5457
2020-12-30,1050.0000,1054.0000,1041.0000,1041.0000,3668
2021-01-04,1051.0000,1060.5000,1044.5000,1054.5000,3470
2021-01-05,1053.5000,1055.5000,1038.5000,1042.5000,4567
2021-01-06,1044.5000,1064.0000,1042.0000,1062.0000,5124
2021-01-07,1058.0000,1080.5000,1055.5000,1073.0000,2293
2021-01-08,1080.0000,1080.0000,1053.5000,1061.5000,10938
2021-01-11,1063.5000,1063.5000,1050.0000,1051.0000,49116
2021-01-12,1050.0000,1055.0000,1041.0000,1050.0000,5691
2021-01-13,1052.5000,1053.0000,1041.5000,1043.5000,2492
2021-01-14,1046.0000,1047.0000,1036.5000,1037.0000,2753
2021-01-15,1042.5000,1060.0000,1042.5000,1047.0000,8747
2021-01-18,1059.5000,1059.5000,1050.5000,1050.5000,1563
2021-01-19,1061.0000,1061.0000,1044.0000,1050.0000,3962
2021-01-20,1053.5000,1070.0000,1053.0000,1070.0000,2912
2021-01-21,1073.5000,1087.0000,1072.0000,1082.0000,3588
2021-01-22,1074.0000,1082.0000,1069.5000,1076.0000,1495
2021-01-25,1082.5000,1083.5000,1066.5000,1069.0000,2842
2021-01-26,1066.0000,1089.0000,1064.5000,1082.0000,1070
2021-01-27,1078.5000,1086.5000,1063.5000,1073.0000,4466
2021-01-28,1068.0000,1076.5000,1049.0000,1076.0000,2387
2021-01-29,1052.5000,1068.5000,1050.5000,1056.0000,7690
2021-02-01,1066.0000,1083.0000,1063.0000,1075.2280,3295
2021-02-02,1075.0000,1098.0000,1070.5000,1090.6180,2773
2021-02-03,1102.0000,1103.0000,1084.5000,1085.0000,2271
2021-02-04,1087.5000,1118.5000,1085.5000,1115.6610,2390
2021-02-05,1116.5000,1119.0000,1106.0000,1106.0000,6586
2021-02-08,1116.5000,1120.0000,1109.5000,1110.5000,13742
2021-02-09,1111.5000,1118.0000,1105.5000,1117.0000,3538
2021-02-10,1119.0000,1124.5000,1108.5000,1108.5000,1857
2021-02-11,1117.0000,1123.0000,1107.0000,1107.0000,19602
2021-02-12,1120.5000,1121.5000,1113.5000,1118.1990,3785
2021-02-15,1119.5000,1133.5000,1119.5000,1128.0000,5727
2021-02-16,1130.5000,1136.5000,1124.5000,1136.0000,1623
2021-02-17,1130.5000,1130.5000,1101.5000,1101.5000,2706
2021-02-18,1113.0000,1115.0000,1091.0000,1097.6130,2788
2021-02-19,1094.5000,1099.5000,1093.5000,1096.0000,2629
2021-02-22,1086.0000,1101.5000,1086.0000,1101.5000,2116
2021-02-23,1107.5000,1109.0000,1073.5000,1088.2820,1582
2021-02-24,1098.5000,1115.5000,1096.5000,1112.0480,2092
2021-02-25,1106.5000,1115.0000,1100.5000,1101.5000,2008
2021-02-26,1081.5000,1101.0000,1079.0000,1094.0000,3187
2021-03-01,1105.0000,1123.5000,1105.0000,1122.5000,2787
2021-03-02,1127.0000,1137.5000,1123.0000,1134.0150,5231
2021-03-03,1142.5000,1151.0000,1139.0000,1147.5000,21641
2021-03-04,1148.5000,1148.5000,1120.0000,1121.5000,1794
2021-03-05,1110.5000,1112.5000,1086.5000,1088.5000,7587
2021-03-08,1087.5000,1094.0000,1069.0000,1091.5000,8765
2021-03-09,1086.0000,1103.0000,1075.5000,1103.0000,5902
2021-03-10,1103.0000,1118.5000,1099.5000,1113.0000,7508
2021-03-11,1116.0000,1123.5000,1110.0000,1123.5000,3266
2021-03-12,1115.0000,1122.0000,1108.0000,1122.0000,2561
2021-03-15,1124.0000,1127.0000,1114.5000,1114.5000,2188
2021-03-16,1150.5000,1150.5000,1135.5000,1146.0000,5542
2021-03-17,1146.5000,1149.5000,1128.0000,1129.0140,34947
2021-03-18,1139.5000,1147.5000,1133.0000,1144.8750,11014
2021-03-19,1126.5000,1137.5000,1118.0000,1137.5000,11876
2021-03-22,1124.0000,1164.0000,1124.0000,1159.0370,9396
2021-03-23,1160.0000,1175.5000,1158.0000,1174.5000,9557
2021-03-24,1172.5000,1208.5000,1172.5000,1205.0000,13160
2021-03-25,1197.0000,1207.5000,1194.5000,1203.0000,8212
2021-03-26,1205.0000,1230.0000,1200.5000,1228.0000,9593
2021-03-29,1221.0000,1222.5000,1199.0000,1200.0000,5196
2021-03-30,1209.5000,1228.5000,1207.5000,1220.5000,4012
2021-03-31,1212.0000,1212.0000,1200.0000,1207.0000,24093
2021-04-01,1218.0000,1233.0000,1218.0000,1230.0000,4383
2021-04-06,1244.5000,1262.0000,1235.5000,1257.5000,7996
2021-04-07,1260.0000,1266.5000,1252.5000,1265.5000,11647
2021-04-08,1267.0000,1290.0000,1263.5000,1290.0000,21204
2021-04-09,1287.5000,1301.5000,1282.0000,1301.0000,3670
2021-04-12,1307.5000,1322.5000,1301.5000,1317.6980,9473
2021-04-13,1327.5000,1343.0000,1321.0000,1329.7270,10804
2021-04-14,1336.0000,1342.0000,1318.0000,1326.9600,4600
2021-04-15,1318.0000,1324.5000,1301.0000,1301.6300,6144
2021-04-16,1304.0000,1321.0000,1300.5000,1305.0000,3689
2021-04-19,1333.5000,1333.5000,1306.0000,1306.5000,3040
2021-04-20,1310.5000,1313.0000,1289.0000,1303.5150,5838
2021-04-21,1303.5000,1303.5000,1282.0000,1287.0000,3430
2021-04-22,1285.5000,1289.0000,1282.5000,1286.5000,4353
2021-04-23,1280.5000,1287.6950,1272.9510,1287.6950,2726
2021-04-26,1287.5000,1304.0000,1286.0000,1298.8060,32284
2021-04-27,1295.0000,1308.5000,1292.5000,1303.0000,3663
2021-04-28,1300.0000,1309.0000,1292.0000,1301.5000,2412
2021-04-29,1307.0000,1325.5000,1300.0000,1317.8020,32887
2021-04-30,1318.5000,1327.5000,1299.8050,1300.0000,34273
2021-05-04,1319.0000,1326.5000,1299.0000,1304.6810,34443
2021-05-05,1313.5000,1332.0000,1311.0000,1319.0270,37482
2021-05-06,1325.0000,1333.0000,1314.0000,1322.3950,52752
2021-05-07,1333.5000,1340.7010,1323.5000,1340.5000,84328
2021-05-10,1338.0000,1347.0000,1318.0000,1323.0000,55599
2021-05-11,1303.5000,1311.0000,1295.0000,1302.7900,27403
2021-05-12,1308.0000,1313.5000,1286.0000,1286.5000,44147
2021-05-14,1284.5000,1300.0000,1282.0000,1292.1940,164689
2021-05-17,1279.5000,1285.6460,1265.0000,1278.5000,36254
2021-05-18,1291.0000,1292.5000,1279.0000,1286.9200,49297
2021-05-19,1274.0000,1278.5000,1257.5000,1267.0000,42993
2021-05-20,1287.0000,1305.5000,1278.5000,1303.0000,136616
2021-05-21,1301.0000,1319.5000,1300.0000,1316.5000,33085
2021-05-25,1332.0000,1344.5000,1332.0000,1338.8210,61863
2021-05-26,1339.5000,1344.0000,1330.5000,1335.8930,50493
2021-05-27,1337.5000,1345.0000,1332.5000,1339.0000,75840
2021-05-28,1339.5000,1360.2040,1337.5000,1353.4240,39755
2021-06-01,1363.5000,1375.0000,1352.5000,1375.0000,1749
2021-06-02,1353.0000,1359.0000,1344.0000,1349.6040,6397
2021-06-03,1354.0000,1360.0000,1342.5000,1356.0000,2989
2021-06-04,1357.0000,1369.0000,1355.5000,1365.0000,7731
2021-06-07,1364.5000,1374.5000,1363.5000,1363.5000,23654
2021-06-08,1364.0000,1387.0000,1361.5000,1381.1890,4648
2021-06-09,1380.5000,1380.5000,1363.5000,1372.5000,2371
2021-06-10,1373.0000,1373.0000,1362.5000,1368.4250,16066
2021-06-11,1374.0000,1387.5000,1368.5000,1387.5000,31393
2021-06-14,1392.5000,1396.0000,1387.0000,1395.0000,47880
2021-06-15,1399.5000,1406.5000,1394.5000,1394.5000,27690
2021-06-16,1399.0000,1401.0000,1388.0000,1394.9890,25005
2021-06-17,1393.0000,1403.0000,1383.0000,1391.0830,38168
2021-06-18,1395.5000,1396.5000,1366.5000,1387.9170,24262
2021-06-21,1368.0000,1379.0000,1365.0000,1374.9880,4230
2021-06-22,1374.0000,1383.0000,1370.5000,1378.8880,3001
2021-06-23,1389.5000,1394.0000,1376.5000,1389.2300,3180
2021-06-24,1386.0000,1402.5000,1385.5000,1399.1260,4210
2021-06-25,1403.0000,1417.5000,1401.5000,1415.0000,6320
2021-06-28,1408.0000,1409.5000,1399.5000,1405.5570,3929
2021-06-29,1407.0000,1423.5000,1402.0000,1418.0110,4863
2021-06-30,1416.5000,1417.0000,1401.0000,1404.0060,10992
2021-07-01,1400.0000,1413.5000,1388.5000,1409.0000,4399
2021-07-02,1414.5000,1423.5000,1410.0000,1417.5000,4738
2021-07-05,1416.0000,1420.5000,1409.8880,1419.0000,2751
2021-07-06,1412.5000,1434.5000,1412.5000,1429.9650,12845
2021-07-07,1437.0000,1457.5000,1436.5000,1453.1450,6398
2021-07-08,1434.5000,1434.5000,1404.5000,1407.3730,1431
2021-07-09,1413.0000,1423.0000,1407.0000,1414.9260,3495
2021-07-12,1428.5000,1456.5000,1424.5000,1446.9290,4016
2021-07-13,1450.0000,1459.0000,1442.5000,1449.5080,5101
2021-07-14,1445.0000,1445.0000,1433.5000,1437.3320,11730
2021-07-15,1434.0000,1439.5000,1425.0000,1432.7420,5436
2021-07-16,1456.5000,1476.0000,1452.0000,1464.4640,3134
2021-07-19,1462.5000,1465.0000,1431.5000,1452.3670,13814
2021-07-20,1444.5000,1457.0000,1428.0000,1445.7290,6239
2021-07-21,1455.5000,1477.0000,1452.0000,1476.5000,6515
2021-07-22,1479.5000,1513.5000,1479.5000,1512.4220,15422
2021-07-23,1516.0000,1532.5000,1513.0000,1527.1850,5029
2021-07-26,1526.5000,1536.5000,1516.5000,1521.6750,6620
2021-07-27,1518.0000,1527.5000,1508.5000,1513.0000,12588
2021-07-28,1512.5000,1532.5000,1512.5000,1526.2560,6604
2021-07-29,1535.0000,1561.0000,1531.0000,1545.6130,9423
2021-07-30,1546.5000,1562.0000,1535.5000,1554.4610,3861
2021-08-02,1564.5000,1568.5000,1554.5000,1561.1560,8424
2021-08-03,1557.0000,1572.0000,1557.0000,1567.7120,2991
2021-08-04,1575.5000,1588.5000,1571.5000,1578.9040,3527
2021-08-05,1591.0000,1603.6800,1590.0000,1590.0000,5573
2021-08-06,1595.0000,1605.5000,1588.0000,1594.2400,4021
2021-08-09,1603.5000,1610.0000,1599.0000,1604.5000,1952
2021-08-10,1614.5000,1633.5000,1610.0000,1624.8740,9299
2021-08-11,1622.5000,1625.0000,1569.0000,1588.6820,8784
2021-08-12,1585.5000,1598.5000,1580.5000,1585.8860,5344
2021-08-13,1599.5000,1610.1610,1589.5000,1606.5240,7578
2021-08-16,1601.5000,1610.0000,1594.5000,1601.1150,8051
2021-08-17,1618.5000,1630.0000,1609.5000,1624.0620,9679
2021-08-18,1628.0000,1629.5000,1614.0000,1626.8900,6047
2021-08-19,1605.0000,1608.0000,1569.5000,1587.0480,27285
2021-08-20,1585.5000,1612.5000,1580.5000,1593.2640,6658
2021-08-23,1621.5000,1628.5000,1612.5000,1621.8250,3953
2021-08-24,1629.0000,1640.5000,1615.5000,1624.2710,7735
2021-08-25,1633.0000,1642.5000,1631.0000,1635.0000,12945
2021-08-26,1636.0000,1637.0000,1617.5000,1626.1440,3577
2021-08-27,1617.0000,1624.0000,1610.0000,1620.0000,4275
2021-08-31,1631.0000,1639.5000,1616.5000,1626.6780,4359
2021-09-01,1628.0000,1632.1630,1605.0000,1632.1630,6158
2021-09-02,1630.5000,1642.0000,1628.0000,1637.8050,5469
2021-09-03,1628.5000,1636.0000,1605.5000,1619.3570,4835
2021-09-06,1639.5000,1648.0000,1631.0000,1640.0620,5843
2021-09-07,1644.5000,1650.0000,1630.0000,1637.4670,11714
2021-09-08,1629.5000,1630.5000,1589.9300,1600.6130,11382
2021-09-09,1580.0000,1584.5000,1554.0000,1581.8110,18287
2021-09-10,1589.5000,1603.0000,1578.0000,1584.7380,29383
2021-09-13,1590.0000,1594.5000,1579.4320,1585.7280,7680
2021-09-14,1578.5000,1591.5000,1575.0000,1586.8890,5745
2021-09-15,1591.0000,1592.0000,1570.5000,1584.0770,6714
2021-09-16,1593.0000,1626.5000,1581.5000,1609.0000,29670
2021-09-17,1627.5000,1635.0000,1602.5000,1607.4560,16559
2021-09-20,1569.0000,1581.5000,1556.5000,1565.0340,17424
2021-09-21,1589.0000,1619.0000,1582.5000,1608.5340,19782
2021-09-22,1627.5000,1628.0000,1600.5000,1622.6290,6209
2021-09-23,1640.5000,1647.0000,1631.5000,1638.7480,8948
2021-09-24,1631.0000,1641.5000,1594.0000,1602.3630,13801
2021-09-27,1601.0000,1602.0000,1548.0000,1559.0000,11320
2021-09-28,1526.0000,1550.0000,1449.0000,1461.6160,24736
2021-09-29,1450.5000,1498.0000,1450.5000,1461.5000,19600
2021-09-30,1468.5000,1487.5000,1453.5000,1466.7200,20254
2021-10-01,1423.0000,1446.5000,1421.5000,1433.2150,8330
2021-10-04,1418.0000,1429.5000,1393.5000,1411.5260,17008
2021-10-05,1384.5000,1406.0000,1366.0000,1406.0000,12596
2021-10-06,1397.0000,1424.0000,1383.5000,1418.9260,26590
2021-10-07,1440.5000,1470.5000,1431.0000,1459.3040,23973
2021-10-08,1464.5000,1464.5000,1434.0000,1440.4870,10433
2021-10-11,1434.5000,1444.0000,1414.5000,1438.2150,46659
2021-10-12,1417.0000,1448.0000,1412.0000,1440.1720,6832
2021-10-13,1442.0000,1482.5000,1442.0000,1467.5000,15808
2021-10-14,1487.5000,1519.0000,1480.5000,1519.0000,19090
2021-10-15,1519.0000,1525.5000,1511.0000,1514.5000,8058
2021-10-18,1521.5000,1538.5000,1509.0000,1537.0000,14953
2021-10-19,1546.0000,1549.4800,1517.0000,1542.5000,7384
2021-10-20,1537.0000,1565.0000,1537.0000,1557.5000,7153
2021-10-21,1541.5000,1576.0000,1541.5000,1565.5000,14415
2021-10-22,1571.0000,1580.5000,1565.5000,1571.7690,3495
2021-10-25,1580.5000,1592.5000,1571.0000,1571.0000,7944
2021-10-26,1596.5000,1600.0000,1577.0000,1599.9080,7141
2021-10-27,1600.0000,1610.0000,1592.0000,1601.2760,14138
2021-10-28,1597.5000,1609.5000,1595.0000,1608.5000,1588
2021-10-29,1602.5000,1610.0000,1595.0000,1597.2600,8233
2021-11-01,1604.5000,1607.5000,1593.5000,1597.4690,5057
2021-11-02,1595.0000,1610.5000,1590.5000,1607.5110,5072
2021-11-03,1604.5000,1623.0000,1604.5000,1619.7900,5863
2021-11-04,1617.0000,1640.0000,1609.0000,1627.1210,9757
2021-11-05,1631.5000,1667.0000,1631.5000,1655.0000,9552
2021-11-08,1657.5000,1663.0000,1649.0000,1658.5000,7919
2021-11-09,1648.5000,1656.5000,1639.0000,1640.1770,3580
2021-11-10,1639.5000,1641.0000,1601.5000,1604.9110,4071
2021-11-11,1606.0000,1624.0000,1605.0000,1614.2380,3586
2021-11-12,1622.0000,1639.5000,1608.5000,1626.0460,7509
2021-11-15,1630.5000,1637.5000,1609.0000,1617.9050,2877
2021-11-16,1616.5000,1616.5000,1599.5000,1611.0360,3869
2021-11-17,1605.0000,1638.0000,1605.0000,1629.7560,6927
2021-11-18,1639.0000,1654.0000,1623.0000,1627.0000,61752
2021-11-19,1633.0000,1656.5000,1628.0000,1650.5830,9067
2021-11-22,1654.0000,1664.0000,1641.5000,1651.7000,10062
2021-11-23,1596.5000,1631.0000,1553.0000,1577.2330,28999
2021-11-24,1562.0000,1582.0000,1535.5000,1557.0970,13844
2021-11-25,1567.5000,1575.5000,1560.0000,1567.7200,8136
2021-11-26,1511.5000,1550.0000,1511.0000,1537.6920,17200
2021-11-29,1548.5000,1577.0000,1540.0000,1563.1560,9592
2021-11-30,1560.0000,1602.5000,1549.5000,1586.8110,30337
2021-12-01,1592.0000,1597.5000,1556.0000,1589.5000,22916
2021-12-02,1566.0000,1574.5000,1499.3800,1534.3510,37962
2021-12-03,1505.0000,1508.0000,1458.5000,1489.5130,18838
2021-12-06,1479.0000,1488.5000,1454.6870,1472.6170,54967
2021-12-07,1482.0000,1530.5000,1482.0000,1519.3250,12637
2021-12-08,1508.0000,1547.5000,1504.0000,1526.5000,49419
2021-12-09,1522.5000,1527.5000,1510.5000,1519.8910,54516
2021-12-10,1502.0000,1503.0000,1483.0000,1488.6500,20148
2021-12-13,1488.0000,1504.0000,1476.5000,1487.9110,17838
2021-12-14,1480.5000,1482.5000,1445.0000,1446.7170,12400
2021-12-15,1446.5000,1470.5000,1444.0000,1460.0510,6880
2021-12-16,1499.0000,1503.5000,1481.0000,1485.4020,6946
2021-12-17,1472.5000,1481.5000,1448.5000,1466.0000,51451
2021-12-20,1432.0000,1466.0000,1420.0000,1430.0000,16884
2021-12-21,1448.5000,1458.0000,1432.5000,1436.9560,14935
2021-12-22,1463.5000,1482.0000,1453.0000,1463.0000,21706
2021-12-23,1485.5000,1494.0000,1483.0000,1494.0000,6156
2021-12-29,1513.0000,1518.0000,1502.0000,1513.5000,9398
2021-12-30,1511.0000,1529.5000,1508.5000,1516.3060,4676
2022-01-04,1504.5000,1504.5000,1467.0000,1470.0000,5695
2022-01-05,1467.0000,1474.5000,1452.0000,1463.0850,23281
2022-01-06,1420.5000,1420.5000,1382.0000,1402.3610,9929
2022-01-07,1382.0000,1400.5000,1369.5000,1379.0000,15447
2022-01-10,1384.5000,1384.5000,1314.0000,1325.5000,14636
2022-01-11,1365.5000,1365.5000,1333.0000,1347.5000,15352
2022-01-12,1353.5000,1405.0000,1353.5000,1399.7900,27134
2022-01-13,1393.5000,1398.0000,1375.1400,1390.5650,11409
2022-01-14,1382.0000,1415.5000,1359.0000,1365.0000,10460
2022-01-17,1370.5000,1373.9890,1354.0000,1367.4670,5868
2022-01-18,1343.0000,1350.5000,1306.0000,1318.6540,12893
2022-01-19,1286.5000,1340.5000,1286.5000,1329.0750,24885
2022-01-20,1337.5000,1354.0000,1325.0000,1340.7150,16978
2022-01-21,1325.0000,1334.5000,1286.0000,1303.0000,16008
2022-01-24,1282.5000,1295.0000,1241.5000,1254.6400,24936
2022-01-25,1269.0000,1272.0000,1248.0000,1266.0000,56249
2022-01-26,1277.0000,1284.5000,1261.5000,1272.5000,15524
2022-01-27,1253.5000,1263.0000,1206.5000,1225.4820,14454
2022-01-28,1243.0000,1244.0000,1212.0000,1222.4250,11295
2022-01-31,1274.0000,1291.5000,1270.0000,1276.0000,22733
2022-02-01,1304.5000,1314.5000,1281.5000,1297.3680,27050
2022-02-02,1309.0000,1335.5000,1308.5000,1327.7440,14900
2022-02-03,1304.5000,1316.0000,1287.0000,1299.2900,16973
2022-02-04,1297.5000,1298.0000,1268.5000,1276.6100,11723
2022-02-07,1274.0000,1283.5000,1254.8160,1278.5000,9264
2022-02-08,1272.0000,1278.0000,1242.0000,1253.5000,5440
2022-02-09,1282.0000,1301.0000,1272.5000,1284.5080,12753
2022-02-10,1295.0000,1299.0000,1264.0000,1285.0000,21088
2022-02-11,1265.5000,1276.5000,1259.0000,1263.8990,3213
2022-02-14,1232.0000,1244.0000,1203.0000,1244.0000,10766
2022-02-15,1240.5000,1269.5000,1239.0000,1239.0000,8272
2022-02-16,1272.5000,1284.0000,1264.5000,1276.0000,14320
2022-02-17,1284.0000,1288.0000,1251.0000,1256.5000,7475
2022-02-18,1254.0000,1264.5000,1231.0000,1247.1220,8031
2022-02-21,1245.0000,1245.0000,1213.0000,1226.5070,25952
2022-02-22,1181.0000,1241.5000,1173.5000,1232.7730,30901
2022-02-23,1225.5000,1241.5000,1219.0000,1230.0360,10314
2022-02-24,1164.0000,1216.5000,1162.5000,1203.2800,22929
2022-02-25,1227.5000,1253.5000,1207.0000,1252.5000,10895
2022-02-28,1228.5000,1253.0000,1228.0000,1240.9580,10245
2022-03-01,1250.0000,1258.5000,1195.5000,1199.0000,19814
2022-03-02,1191.0000,1211.5000,1181.5000,1196.8510,74114
2022-03-03,1201.5000,1207.0000,1130.5000,1159.2800,15451
2022-03-04,1119.0000,1132.5000,1080.5000,1093.4580,32872
2022-03-07,1058.0000,1115.5000,1035.5000,1096.4320,55042
2022-03-08,1076.5000,1129.5000,1057.0000,1103.7860,18410
2022-03-09,1089.5000,1121.0000,1081.5000,1109.3270,13797
2022-03-10,1114.5000,1127.0000,1092.0000,1127.0000,9393
2022-03-11,1107.5000,1128.0000,1092.5000,1102.5000,15922
2022-03-14,1109.0000,1122.0000,1098.0000,1111.1670,5780
2022-03-15,1098.0000,1108.5000,1073.0000,1092.0000,7305
2022-03-16,1112.5000,1173.5000,1112.5000,1154.7500,30242
2022-03-17,1173.5000,1198.5000,1173.5000,1198.5000,22146
2022-03-18,1190.0000,1216.0000,1185.0000,1192.1040,58896
2022-03-21,1213.5000,1227.0000,1210.0000,1223.2690,11457
2022-03-22,1242.5000,1260.0000,1237.0000,1245.0000,22395
2022-03-23,1233.5000,1246.5000,1175.4060,1208.2380,44317
2022-03-24,1160.5000,1175.5000,1121.0000,1143.8300,47923
2022-03-25,1126.0000,1150.5000,1121.0000,1125.4100,18403
2022-03-28,1124.0000,1131.5000,1113.8600,1119.3720,6644
2022-03-29,1129.5000,1150.0000,1129.0000,1141.2010,7110
2022-03-30,1137.0000,1148.0000,1128.0000,1133.6230,38694
2022-03-31,1159.0000,1177.0000,1148.0000,1153.5000,32369
2022-04-01,1153.5000,1156.0000,1138.0000,1144.4710,28438
2022-04-04,1156.0000,1172.0000,1137.0000,1160.5000,9319
2022-04-05,1167.0000,1185.5000,1162.5000,1173.0000,14087
2022-04-06,1165.0000,1172.5000,1113.5000,1118.5580,11830
2022-04-07,1130.0000,1131.0000,1107.5000,1116.1380,7655
2022-04-08,1135.5000,1145.4800,1119.5000,1133.3100,18759
2022-04-11,1123.0000,1132.0000,1109.0000,1112.7500,12895
2022-04-12,1114.0000,1134.5000,1111.5000,1124.9010,11868
2022-04-13,1123.0000,1135.5000,1096.0000,1135.5000,25529
2022-04-14,1131.0000,1140.5000,1124.0000,1130.3830,5183
2022-04-19,1127.5000,1132.5000,1105.0000,1131.0000,7472
2022-04-20,1129.5000,1158.0000,1129.5000,1154.1170,10470
2022-04-21,1149.0000,1173.5000,1144.5000,1163.6670,15184
2022-04-22,1145.0000,1150.0000,1140.4770,1142.4230,9516
2022-04-25,1122.0000,1132.0000,1076.4790,1085.8330,18380
2022-04-26,1089.5000,1089.5000,1038.9480,1060.6480,38170
2022-04-27,1033.5000,1047.5000,1013.9710,1032.5000,14303
2022-04-28,1048.5000,1056.5000,1031.0000,1038.0000,24787
2022-04-29,1059.0000,1068.0000,1046.5000,1047.6570,8284
2022-05-03,1030.0000,1036.5000,1014.5000,1021.3160,10841
2022-05-04,1013.0000,1020.0000,991.8000,1006.8720,27046
2022-05-05,1012.5000,1038.5000,1003.5000,1023.8140,62906
2022-05-06,999.6000,1022.5000,990.6000,1005.7750,19906
2022-05-09,1000.0000,1022.0000,987.0519,987.0519,39785
2022-05-10,997.6000,1009.0000,983.7508,983.7508,39808
2022-05-11,995.4000,1023.0000,994.0000,1023.0000,57881
2022-05-12,1009.0000,1017.5000,984.6000,995.6712,13325
2022-05-13,1018.5000,1031.5000,1014.4160,1026.0870,11974
2022-05-16,1032.5000,1034.5000,1010.0000,1027.2280,32335
2022-05-17,1011.0000,1057.5000,1009.5000,1039.5000,18895
2022-05-18,1044.0000,1052.0000,1018.5000,1022.8490,17182
2022-05-19,1000.0000,1004.0000,971.2000,984.3707,19088
2022-05-20,990.2000,1020.0000,988.4000,998.9977,20952
2022-05-23,1021.5000,1028.0000,1010.0000,1020.7440,11017
2022-05-24,1013.5000,1026.5000,1004.0000,1013.7380,114158
2022-05-25,1024.0000,1030.0000,989.2000,999.3389,11449
2022-05-27,1029.5000,1048.0000,1022.5000,1032.4040,67599
2022-05-30,1032.0000,1042.9920,1024.0000,1034.2920,25221
2022-05-31,1032.5000,1041.0000,1020.0000,1030.0970,51124
2022-06-01,1038.0000,1038.5210,992.2000,992.2000,58829
2022-06-07,1003.0000,1015.5000,1000.5000,1006.5350,40694
2022-06-08,1011.5000,1015.5000,997.6000,1000.5080,7224
2022-06-09,1005.5000,1013.0000,987.2000,1001.2100,9254
2022-06-10,972.6000,976.6000,938.6000,964.3369,13884
2022-06-13,922.2000,934.8000,891.4000,930.5333,24806
2022-06-14,901.0000,906.4000,850.4000,874.4769,19340
2022-06-15,863.0000,879.2000,862.8000,869.6412,10947
2022-06-16,865.4000,868.0000,832.4000,841.2750,24487
2022-06-17,848.8000,881.0000,843.0000,854.1555,42064
2022-06-20,854.0000,861.6000,837.0000,840.4000,9428
2022-06-21,846.4000,856.8000,842.6000,850.5057,9076
2022-06-22,835.8000,859.8000,822.2000,852.3955,9325
2022-06-23,850.4000,864.2000,843.4000,859.2719,10498
2022-06-24,862.6000,899.6000,862.6000,888.1476,3867
2022-06-27,912.0000,922.0000,895.0000,902.7663,28723
2022-06-28,903.2000,904.8000,883.8000,891.7110,5866
2022-06-29,871.6000,878.6000,861.6000,864.9404,37285
2022-06-30,858.2000,862.8000,842.6000,860.2000,14178
2022-07-01,849.4000,865.2000,849.4000,859.2832,7626
2022-07-04,866.2000,866.2000,851.6000,857.2482,5196
2022-07-05,865.8000,873.0000,838.0000,848.3667,9080
2022-07-06,858.2000,883.8000,858.2000,874.4308,6585
2022-07-07,882.4000,893.8000,877.8000,887.8025,5560
2022-07-08,888.6000,904.2000,880.8000,894.4214,5183
2022-07-11,880.8000,896.4000,880.6000,887.0000,13312
2022-07-12,881.8000,897.6000,868.0000,889.0296,7544
2022-07-13,889.2000,895.0000,855.8000,874.8000,13349
2022-07-14,875.0000,875.0000,855.2000,862.4760,3823
2022-07-15,844.4000,857.0000,816.1816,833.6995,19807
2022-07-18,861.8000,883.0000,860.4000,877.7935,5897
2022-07-19,868.4000,896.8000,866.2000,883.6462,7076
2022-07-20,899.0000,918.6000,899.0000,911.1000,13545
2022-07-21,917.4000,947.6000,917.4000,943.0000,11753
2022-07-22,942.0000,974.6000,937.6000,953.2897,21953
2022-07-25,950.8000,959.8000,949.7810,953.4909,15368
2022-07-26,948.2000,957.0000,926.0000,952.2316,10195
2022-07-27,926.6000,937.4000,920.0000,930.4604,6398
2022-07-28,937.2000,980.2000,936.6000,966.1365,11115
2022-07-29,991.4000,1033.0000,988.4000,1023.9050,22766
2022-08-02,1019.5000,1020.5000,975.6000,981.1682,18293
2022-08-03,986.0000,1003.5000,983.8000,1003.5000,29317
2022-08-04,1005.0000,1025.5000,1005.0000,1016.9470,14356
2022-08-05,1028.0000,1039.0000,982.2000,982.8000,10974
2022-08-08,997.2000,1012.5000,992.0000,1008.1400,17308
2022-08-09,1007.0000,1007.5000,972.9514,973.0000,35855
2022-08-10,969.7000,1023.0000,962.0000,989.5724,27059
2022-08-11,1034.0000,1050.0000,1020.0000,1035.4050,21907
2022-08-12,1041.5000,1042.5000,1029.5000,1033.0000,5489
2022-08-15,1036.0000,1040.0000,1026.0000,1032.7950,7411
2022-08-16,1028.0000,1029.5000,1011.0000,1014.5850,7075
2022-08-17,1017.0000,1025.0000,998.0000,999.4000,11025
2022-08-18,999.0000,1010.0000,995.2000,1005.6000,3005
2022-08-19,1003.5000,1005.5000,978.8000,980.2000,3267
2022-08-22,983.2000,993.0000,972.2000,972.7459,4237
2022-08-23,965.2000,985.4000,965.2000,968.4000,6205
2022-08-24,965.4000,982.6000,959.2000,972.9596,6068
2022-08-25,988.6000,1000.5000,980.8000,991.1919,21699
2022-08-26,992.4000,999.6000,966.2000,980.1382,12625
2022-08-30,969.6000,973.0000,930.0000,962.1260,15556
2022-08-31,941.0000,967.2000,939.0000,946.4000,25039
2022-09-01,921.6000,926.8000,902.5549,908.7956,11422
2022-09-02,918.8000,944.6000,915.0000,944.4141,3161
2022-09-05,918.0000,933.8000,909.6000,917.7584,2989
2022-09-06,937.0000,950.4000,919.6000,931.8000,11049
2022-09-07,925.6000,936.8000,921.0000,936.0936,3338
2022-09-08,942.2000,949.8000,923.4000,942.8000,4930
2022-09-09,950.0000,963.0000,948.8000,954.3600,2530
2022-09-12,955.0000,977.0000,955.0000,970.4000,1872
2022-09-13,979.2000,985.4000,932.6000,932.9400,7009
2022-09-14,934.8000,947.8000,926.8000,934.4131,13627
2022-09-15,933.4000,938.8000,917.4000,920.0000,6342
2022-09-16,915.6000,915.6000,895.9552,905.5938,12554
2022-09-20,900.8000,904.8000,877.4000,881.6236,66735
2022-09-21,868.6000,879.6000,864.8000,872.0428,9839
2022-09-22,849.0000,851.6000,806.0000,843.1560,15920
2022-09-23,808.0000,810.8000,779.0000,783.6546,17553
2022-09-26,783.8000,801.8000,780.0000,795.5612,19692
2022-09-27,800.0000,809.2000,782.8000,794.4000,13848
2022-09-28,790.6000,810.4000,781.4000,805.1297,20563
2022-09-29,798.6000,800.0000,767.6000,775.2000,23060
2022-09-30,779.0000,804.6000,775.4000,804.6000,6570
2022-10-03,787.4000,820.0000,781.0000,820.0000,99678
2022-10-04,842.4000,865.4000,834.4000,865.4000,16775
2022-10-05,867.6000,868.8000,838.6000,848.2000,16174
2022-10-06,853.8000,866.0000,846.4000,849.6849,2806
2022-10-07,843.6000,845.8000,815.2000,815.4000,18135
2022-10-10,805.6000,825.6000,805.6000,813.0000,7651
2022-10-11,801.8000,808.4000,786.4000,799.0575,6040
2022-10-12,796.2000,804.8000,782.4000,787.1234,7025
2022-10-13,783.2000,804.6000,767.4000,790.8900,4061
2022-10-14,820.0000,829.2000,803.4000,813.2786,5873
2022-10-17,810.6000,838.8000,797.6000,832.2000,2943
2022-10-18,850.6000,867.8000,843.8000,854.9299,6332
2022-10-19,853.0000,853.0000,819.8000,825.1225,4414
2022-10-20,816.2000,847.0000,815.8000,838.9263,4995
2022-10-21,824.8000,832.4000,809.8000,826.6176,7536
2022-10-24,837.8000,854.4000,831.2000,839.6580,3449
2022-10-25,863.0000,902.0000,860.2000,891.1807,11004
2022-10-26,891.2000,908.4000,884.6000,906.8240,2592
2022-10-27,894.6000,909.0000,889.0000,898.2000,6276
2022-10-28,892.2000,902.4000,884.4000,902.0000,4132
2022-10-31,906.6000,906.6000,893.6000,899.4000,15700
2022-11-01,905.2000,918.2000,895.8000,912.2912,3469
2022-11-02,902.8000,908.2000,892.4000,898.2000,3270
2022-11-03,872.6000,890.8000,872.6000,882.7363,5027
2022-11-04,875.4000,907.6000,874.2000,897.1561,5149
2022-11-07,894.8000,911.0000,891.6000,902.9350,7354
2022-11-08,897.8000,921.8000,895.8000,919.0000,3429
2022-11-09,918.6000,926.0000,906.8000,915.6000,12078
2022-11-10,903.0000,979.6000,899.2000,903.2000,6209
2022-11-11,1007.5000,1048.5000,1005.0000,1027.1030,13017
2022-11-14,1056.5000,1059.5000,1020.0000,1022.0000,13547
2022-11-15,1023.5000,1034.0000,1010.5000,1020.0000,2931
2022-11-16,1014.0000,1014.5000,961.6000,961.6000,5800
2022-11-17,973.2000,981.0000,961.2000,968.4000,7159
2022-11-18,966.6000,977.2000,957.6000,972.3063,6049
2022-11-21,956.8000,969.4000,950.0000,957.6862,5520
2022-11-22,943.6000,954.0000,930.8000,949.3423,6763
2022-11-23,951.2000,955.0000,936.6000,955.0000,3539
2022-11-24,949.8000,970.4000,948.0000,965.9353,3561
2022-11-25,969.0000,974.6000,939.0000,946.1071,3115
2022-11-28,937.6000,944.8000,921.4000,921.4000,2951
2022-11-29,920.6000,925.8000,906.0000,918.2321,4617
2022-11-30,931.4000,931.4000,915.2000,925.0925,32102
2022-12-01,952.6000,965.0000,941.6000,943.4017,7594
2022-12-02,948.8000,953.4000,900.2000,947.1793,7614
2022-12-05,911.0000,911.4000,897.0000,900.5351,7394
2022-12-06,893.8000,897.6000,875.2000,894.4000,5458
2022-12-07,875.0000,879.6000,866.0000,872.5264,6057
2022-12-08,865.2000,868.6000,851.2000,860.8000,15956
2022-12-09,872.6000,879.4000,860.2000,874.3748,3447
2022-12-12,867.0000,877.5930,856.2000,862.8146,19748
2022-12-13,882.8000,922.8000,880.4000,900.8650,12590
2022-12-14,882.4000,894.8000,876.0000,888.2667,6314
2022-12-15,879.8000,879.8000,852.8000,856.8000,2989
2022-12-16,857.6000,859.8000,822.8000,828.0828,8806
2022-12-19,830.6000,831.2000,820.6000,828.4000,4478
2022-12-20,811.4000,812.6000,804.2000,807.1788,11366
2022-12-21,811.0000,827.2662,810.0000,817.4103,3749
2022-12-22,827.4000,833.6000,808.0000,818.7686,5827
2022-12-23,819.2000,827.2000,814.0000,817.1505,2500
2022-12-28,823.6000,825.6000,816.6000,817.0817,4608
2022-12-29,819.2000,831.8915,813.8000,825.7559,2628
2022-12-30,826.8000,831.4000,816.8000,827.3244,2600
2023-01-03,834.4000,844.4000,828.0000,833.9668,10018
2023-01-04,833.6000,850.8000,829.8000,836.9698,3599
2023-01-05,847.4000,858.2000,846.8000,858.0331,5540
2023-01-06,853.6000,856.2000,835.6000,848.8849,31952
2023-01-09,861.6000,869.8000,854.2000,867.6000,5792
2023-01-10,859.2000,868.6000,850.0000,862.5723,4501
2023-01-11,872.4000,890.0000,854.8000,859.6000,3633
2023-01-12,880.0000,912.6000,877.2000,895.2236,6148
2023-01-13,849.6000,871.2000,845.2000,863.7725,16569
2023-01-16,874.8000,899.8000,872.0000,895.2550,17780
2023-01-17,885.2000,896.2000,879.4000,895.0000,31588
2023-01-18,900.0000,908.8000,886.0000,894.4000,7729
2023-01-19,890.0000,896.0000,851.2000,851.2000,7368
2023-01-20,855.0000,867.4000,848.0000,867.4000,4861
2023-01-23,870.4000,883.6000,869.0000,882.8000,5722
2023-01-24,885.8000,888.8000,877.4000,880.7166,3760
2023-01-25,879.6000,883.6000,858.4000,865.0000,10323
2023-01-26,881.0000,881.2000,873.2000,878.4296,4519
2023-01-27,875.0000,879.2000,871.6000,874.9698,5178
2023-01-30,865.0000,870.2000,859.4000,866.5733,7195
2023-01-31,866.2000,869.2000,851.8000,855.8597,3856
2023-02-01,860.2000,869.8000,858.0000,861.7886,5723
2023-02-02,877.0000,939.4000,875.4000,905.8887,9118
2023-02-03,926.8000,940.4000,912.4000,925.2273,11462
2023-02-06,934.0000,935.4000,919.8000,923.2000,3995
2023-02-07,914.4000,930.4000,913.0000,915.6000,3728
2023-02-08,938.2000,940.2000,922.8000,928.2400,3173
2023-02-09,930.2000,936.4000,918.6000,924.8613,15989
2023-02-10,912.6000,916.6000,896.2000,908.4631,9569
2023-02-13,908.0000,928.2000,905.4000,915.9286,24583
2023-02-14,930.0000,944.4000,923.2000,935.1633,9989
2023-02-15,925.0000,938.6000,922.4000,934.6000,4945
2023-02-16,943.2000,946.8000,922.2000,931.8297,7704
2023-02-17,910.6000,927.2000,910.6000,920.8000,3654
2023-02-20,921.6000,925.2000,914.2000,915.4000,2789
2023-02-21,909.6000,914.0000,899.4000,902.6097,5027
2023-02-22,899.0000,905.0000,885.4000,897.6015,9472
2023-02-23,907.2000,919.6000,904.8000,916.7000,7986
2023-02-24,921.6000,921.6000,893.0000,899.6191,7228
2023-02-27,907.8000,912.0000,902.2000,905.2189,27758
2023-02-28,900.2000,904.6000,890.0000,894.2267,5255
2023-03-01,891.2000,899.2000,879.2000,881.5004,8422
2023-03-02,872.6000,886.0000,871.4000,882.4000,6423
2023-03-03,890.8000,890.8000,885.4000,890.6891,4402
2023-03-06,899.8000,902.2000,889.8000,896.1218,3240
2023-03-07,894.4000,905.2000,881.5118,881.5118,15463
2023-03-08,878.0000,879.8000,869.0000,872.8000,3517
2023-03-09,870.4000,875.2000,859.6000,866.2000,8659
2023-03-10,848.0000,848.0000,808.0000,829.0286,14603
2023-03-13,822.2000,826.8000,773.0000,811.0471,22990
2023-03-14,792.6000,799.0000,772.6000,780.8000,4918
2023-03-15,790.0000,792.0000,735.2000,753.5600,89492
2023-03-16,779.6000,779.6000,750.4000,768.6963,39738
2023-03-17,785.4000,787.0000,742.2000,780.8000,7073
2023-03-20,734.6000,775.6000,724.4000,743.3000,21293
2023-03-21,779.8000,820.2000,773.2000,819.8000,16763
2023-03-22,819.6000,826.0000,810.8000,821.4269,4796
2023-03-23,813.4000,831.8000,807.8000,814.9053,5629
2023-03-24,820.8000,832.0000,812.4000,828.0622,9962
2023-03-27,834.0000,840.8000,821.8000,839.2706,9067
2023-03-28,829.8000,830.8000,802.0000,808.5617,8876
2023-03-29,818.6000,827.2000,809.6000,813.6000,33685
2023-03-30,836.0000,853.2000,830.4000,839.9818,4396
2023-03-31,849.4000,861.2000,839.8000,853.8071,6654
2023-04-03,852.4000,856.8000,838.6000,846.8630,5054
2023-04-04,850.8000,857.8000,843.8000,845.1269,22214
2023-04-05,849.0000,849.0000,835.6000,847.8000,1660
2023-04-06,842.8000,848.8000,837.4000,844.8845,4381
2023-04-11,855.8000,856.0000,844.8000,849.0000,3429
2023-04-12,858.8000,864.8000,846.0000,858.0000,5600
2023-04-13,852.6000,861.3000,848.0000,861.3000,13387
2023-04-14,860.8000,878.4000,856.4000,874.3311,8160
2023-04-17,876.6000,878.2000,843.2000,849.0652,1360
2023-04-18,845.4000,855.8000,843.1737,844.8923,4085
2023-04-19,850.6000,858.2000,848.4000,856.8857,4071
2023-04-20,857.4000,863.4000,850.8000,859.1286,38063
2023-04-21,854.0000,857.0000,834.2000,835.2267,16079
2023-04-24,858.0000,876.4000,858.0000,870.2000,16062
2023-04-25,863.4000,863.4000,840.6000,849.5067,4155
2023-04-26,843.8000,843.8000,831.8000,837.9714,5744
2023-04-27,833.6000,844.8000,828.8000,839.6000,20816
2023-04-28,849.4000,867.2000,846.8000,859.2040,4729
2023-05-02,865.0000,868.0000,844.0000,854.0857,10418
2023-05-03,851.6000,858.6000,846.0000,854.9283,1862
2023-05-04,852.2000,858.4000,845.0000,849.0849,19280
2023-05-05,852.8000,863.2000,851.0000,858.3835,12758
2023-05-09,857.6000,857.6000,838.8000,856.6941,25289
2023-05-10,845.2000,849.6000,837.6000,848.3976,43992
2023-05-11,853.2000,863.2000,840.8000,844.2667,12873
2023-05-12,855.4000,869.8000,850.0000,861.8958,9649
2023-05-15,858.0000,859.4000,845.6000,849.5683,109395
2023-05-16,844.8000,851.4000,825.2000,834.0000,82188
2023-05-17,816.6000,825.4000,813.2546,820.7519,13215
2023-05-19,838.8000,865.8000,830.2000,838.3288,41612
2023-05-22,859.4000,864.1510,850.4000,857.1250,24281
2023-05-23,856.0000,876.2000,853.8000,860.3931,34440
2023-05-24,852.0000,852.0000,822.0000,827.2415,19195
2023-05-25,827.4000,844.6000,820.8000,831.3555,11757
2023-05-26,811.8000,828.4000,803.9000,825.1779,10583
2023-05-30,825.8000,834.2000,821.3000,829.9333,163717
2023-05-31,820.4000,837.0000,816.4000,820.6769,20807
2023-06-01,829.6000,833.8000,816.8000,819.2413,19367
2023-06-02,831.8000,845.4000,830.2000,844.2338,19901
2023-06-05,841.2000,845.2000,830.0000,843.4000,4748
2023-06-06,834.8000,845.8000,830.8000,832.0909,3645
2023-06-07,841.0000,844.4000,830.4000,836.4000,11779
2023-06-08,828.0000,841.4000,825.8000,839.6320,3262
2023-06-09,834.0000,839.8000,832.0000,837.5311,54476
2023-06-12,846.6000,868.2000,844.8000,864.7538,8135
2023-06-13,878.8000,887.7336,870.4000,878.5200,7707
2023-06-14,887.6000,894.6000,882.8000,887.0226,31970
2023-06-15,887.2000,892.4000,874.0000,887.3000,9028
2023-06-16,883.0000,891.8000,880.4000,888.4988,11250
2023-06-19,879.8000,880.0000,869.4000,872.3000,45815
2023-06-20,871.8000,871.8000,857.6000,864.5919,37097
2023-06-21,852.0000,854.8000,834.0329,834.0333,7664
2023-06-22,827.8000,837.0000,824.2000,835.6000,29009
2023-06-23,828.0000,832.8000,816.0000,819.5654,5878
2023-06-26,819.6000,819.8000,807.4000,818.1689,4074
2023-06-27,818.6000,820.2000,806.6000,811.0806,22231
2023-06-28,837.4000,841.8000,825.0000,834.8706,3964
2023-06-29,839.0000,847.0000,829.2000,840.2390,3497
2023-06-30,829.6000,843.0000,829.6000,840.7333,4431
2023-07-03,833.8000,838.0000,816.4000,825.8826,11025
2023-07-04,814.2000,822.2000,809.4000,820.3300,16593
2023-07-05,814.0000,822.4000,811.2000,820.3820,12505
2023-07-06,810.0000,812.0000,786.6000,795.7153,46566
2023-07-07,790.2000,805.6000,789.8000,791.8792,5159
2023-07-10,797.2000,801.8000,794.0000,799.0999,13720
2023-07-11,805.8000,814.6000,800.4000,813.8814,1675
2023-07-12,811.0000,823.6000,807.3700,813.0813,1640
2023-07-13,826.8000,838.4000,822.4000,835.5198,7126
2023-07-14,862.0000,938.0000,857.4000,903.5748,16118
2023-07-17,926.2000,930.6000,913.8000,919.8621,72639
2023-07-18,920.2000,932.6000,916.6000,928.8094,7619
2023-07-19,931.6000,958.0000,931.0000,947.9185,32215
2023-07-20,944.8000,961.8000,943.0000,955.7872,11486
2023-07-21,949.0000,966.4000,948.0000,961.8561,5638
2023-07-24,965.0000,971.6000,955.4000,966.1966,21497
2023-07-25,969.8000,978.8000,964.6000,973.1200,16000
2023-07-26,973.4000,979.8000,968.4000,979.2979,32401
2023-07-27,983.0000,1000.5000,981.6000,999.5499,9381
2023-07-28,980.4000,986.0000,977.0000,982.0982,6248
2023-07-31,982.0000,982.0000,975.6000,979.9980,6264
2023-08-02,941.8000,967.4000,938.8000,943.1956,14480
2023-08-03,950.8000,966.8000,950.2000,955.0667,3479
2023-08-04,957.4000,976.6000,953.0000,966.7208,5902
2023-08-07,968.0000,978.8000,967.2000,974.1827,1979
2023-08-08,966.0000,968.8000,959.4000,964.0914,2451
2023-08-09,969.6000,970.8000,949.2000,955.8956,2647
2023-08-10,956.0000,978.4000,956.0000,967.0387,4141
2023-08-11,957.4000,964.6000,950.8000,956.9788,3768
2023-08-14,956.8000,964.8000,949.8000,955.8829,1725
2023-08-15,949.0000,959.2000,942.0000,943.6443,2253
2023-08-16,931.2000,948.2000,929.0000,940.7440,7294
2023-08-17,931.6000,937.8000,921.2000,925.0925,8172
2023-08-18,923.4000,925.0676,908.8000,922.8286,3676
2023-08-21,925.8000,931.4000,920.4000,923.8000,13989
2023-08-22,924.4000,932.7000,921.4000,928.5637,17396
2023-08-23,922.6000,929.6000,913.4000,924.0964,6239
2023-08-24,932.2000,933.6000,921.8000,922.4000,3586
2023-08-25,917.6000,929.8000,912.6035,916.8917,5679
2023-08-29,934.8000,946.1425,924.6000,945.8114,11230
2023-08-30,946.6000,948.0000,940.8000,944.4600,11146
2023-08-31,947.8000,955.8000,944.2000,952.7463,7066
2023-09-01,949.6000,962.0000,943.8000,959.4000,11206
2023-09-04,958.2000,968.0000,956.8000,962.6428,8388
2023-09-05,994.0000,1045.5000,994.0000,1027.4030,13728
2023-09-06,1023.5000,1033.5000,1016.0000,1027.1670,14016
2023-09-07,1011.5000,1024.0000,1009.5000,1020.1900,7347
2023-09-08,1019.0000,1024.0000,1010.5000,1022.6020,84154
2023-09-11,1027.0000,1038.0000,1010.5000,1027.3530,6729
2023-09-12,1022.0000,1035.5000,1020.0000,1032.3660,7948
2023-09-13,1018.0000,1030.0000,1014.5000,1025.0570,15074
2023-09-14,1029.5000,1041.0000,1028.5000,1034.1030,8250
2023-09-15,1048.5000,1050.0000,1039.5000,1041.6750,46481
2023-09-18,1044.5000,1044.5000,1026.7290,1036.0040,58820
2023-09-19,1030.5000,1055.5000,1030.0000,1054.5000,14242
2023-09-20,1055.0000,1063.5000,1048.5000,1054.8590,15686
2023-09-21,1038.0000,1049.0000,1019.0000,1034.6040,8354
2023-09-22,1013.0000,1027.0000,1012.5000,1022.2490,5714
2023-09-25,1012.5000,1022.5000,1004.5000,1007.2500,13077
2023-09-26,1019.5000,1030.5000,1014.5000,1024.2040,7449
2023-09-27,1029.5000,1032.0000,1012.5000,1024.2950,3861
2023-09-28,1015.0000,1025.5000,997.8000,1002.1000,3673
2023-09-29,1037.5000,1047.5000,1034.0000,1034.7380,7376
2023-10-02,1027.0000,1042.0000,1020.0000,1025.0000,16631
2023-10-03,1017.5000,1030.0000,987.6000,1009.8090,6149
2023-10-04,982.0000,1008.5000,980.0000,980.4805,16844
2023-10-05,1008.0000,1016.0000,1003.0000,1006.3000,8447
2023-10-06,1001.0000,1029.5000,1001.0000,1021.0000,8980
2023-10-09,1022.0000,1034.0000,1009.4800,1011.1470,9266
2023-10-10,1024.5000,1043.5000,1015.0000,1040.5000,19969
2023-10-11,1035.0000,1054.0000,1034.0000,1048.2240,8230
2023-10-12,1052.0000,1061.5000,1042.0000,1055.1660,8669
2023-10-13,1040.5000,1045.0000,1026.0000,1028.6540,6517
2023-10-16,1033.0000,1043.0000,1020.5000,1035.9510,11891
2023-10-17,1047.0000,1047.0000,1008.0000,1027.5000,11119
2023-10-18,1017.5000,1032.0000,1001.5000,1005.1090,18537
2023-10-19,995.8000,1011.0000,975.0000,976.7466,46076
2023-10-20,954.2000,983.6001,945.0000,951.6952,9152
2023-10-23,950.2000,956.2000,927.6000,939.4940,20636
2023-10-24,963.4000,963.4000,945.4000,958.7436,8780
2023-10-25,949.8000,963.6001,941.6000,950.3989,4417
2023-10-26,943.2000,964.2000,939.0000,956.2589,3656
2023-10-27,943.8000,951.8000,942.2000,948.7186,3665
2023-10-30,955.0000,957.6000,942.0000,953.3378,3462
2023-10-31,946.0000,964.8000,946.0000,958.0000,7734
2023-11-01,946.0000,969.0000,946.0000,966.7474,11353
2023-11-02,960.0000,1005.5000,960.0000,993.5489,9476
2023-11-03,988.6001,1012.5000,982.4000,984.0984,59734
2023-11-06,1018.0000,1018.5000,1000.5000,1007.3510,18159
2023-11-07,1009.5000,1019.5000,1000.0000,1012.8070,5863
2023-11-08,1020.0000,1034.0000,1001.5000,1023.2390,15689
2023-11-09,1034.5000,1058.0000,1030.5000,1050.5000,10159
2023-11-10,1040.5000,1055.5000,1036.0000,1054.0000,3437
2023-11-13,1050.5000,1061.0000,1047.0000,1054.7080,5751
2023-11-14,1055.0000,1092.0000,1051.5000,1069.5000,7972
2023-11-15,1085.0000,1117.5000,1085.0000,1103.6100,16312
2023-11-16,1102.5000,1119.5000,1100.0000,1110.6110,16893
2023-11-17,1113.5000,1133.5000,1103.0000,1127.6110,9234
2023-11-20,1111.0000,1132.5000,1106.5000,1113.0000,2658
2023-11-21,1113.5000,1128.5000,1113.5000,1122.9070,9122
2023-11-22,1127.0000,1135.5000,1117.5000,1131.7070,13616
2023-11-23,1122.5000,1142.0000,1122.5000,1141.5000,16145
2023-11-24,1128.5000,1151.5000,1128.5000,1149.0780,2573
2023-11-27,1134.0000,1151.0000,1128.5000,1141.6140,10771
2023-11-28,1134.5000,1134.5000,1109.5000,1110.0000,3366
2023-11-29,1121.0000,1150.5000,1121.0000,1136.5000,26038
2023-11-30,1151.0000,1158.0000,1131.5000,1152.6160,11727
2023-12-01,1159.5000,1159.5000,1140.0000,1155.7370,4616
2023-12-04,1147.5000,1169.1170,1145.5000,1165.0110,10824
2023-12-05,1142.0000,1153.0000,1137.5000,1145.2960,2589
2023-12-06,1157.5000,1164.0000,1140.0000,1155.3270,4113
2023-12-07,1135.0000,1162.5000,1135.0000,1140.0000,2724
2023-12-08,1170.0000,1176.5000,1154.5000,1172.5000,2382
2023-12-11,1165.0000,1184.0000,1165.0000,1175.1640,39885
2023-12-12,1172.5000,1188.5000,1166.0000,1171.9010,7496
2023-12-13,1178.5000,1184.0000,1163.0000,1173.5000,5827
2023-12-14,1195.0000,1224.0000,1174.5000,1216.3120,32424
2023-12-15,1212.0000,1219.0000,1196.5000,1211.0000,12197
2023-12-18,1201.5000,1224.0000,1192.0000,1216.0430,95331
2023-12-19,1211.0000,1231.2500,1202.0000,1224.8370,6543
2023-12-20,1238.0000,1238.0000,1218.0000,1218.1830,11612
2023-12-21,1218.5000,1225.5000,1202.5000,1218.5000,5136
2023-12-22,1227.0000,1228.0000,1205.5000,1217.0000,12771
2023-12-27,1235.5000,1235.5000,1186.5000,1212.6210,8318
2023-12-28,1221.0000,1221.5000,1207.5000,1219.0000,2198
2023-12-29,1230.0000,1230.0000,1203.5000,1213.0500,2168
2024-01-03,1210.0000,1210.0000,1139.5000,1165.2410,28964
2024-01-04,1150.0000,1172.0000,1143.0000,1163.8570,4176
2024-01-05,1154.0000,1163.0000,1136.0000,1147.5000,9198
2024-01-08,1159.5000,1168.5000,1145.0000,1146.6860,2827
2024-01-09,1179.0000,1186.0000,1159.0000,1163.2660,6825
2024-01-10,1172.0000,1172.0000,1155.0000,1163.0050,5072
2024-01-11,1187.5000,1187.5000,1146.4080,1154.0000,14700
2024-01-12,1153.5000,1153.5000,1096.5000,1113.7110,12190
2024-01-15,1142.0000,1147.0000,1118.7720,1129.5840,20689
2024-01-16,1129.0000,1129.0000,1086.0000,1108.5000,32431
2024-01-17,1084.0000,1112.0000,1081.5000,1094.2190,39475
2024-01-18,1087.0000,1113.1670,1087.0000,1109.4720,15496
2024-01-19,1130.5000,1130.5000,1111.0000,1116.0000,11900
2024-01-22,1133.5000,1134.8920,1108.0000,1131.4670,60949
2024-01-23,1122.0000,1138.0000,1105.5000,1113.8420,4564
2024-01-24,1117.5000,1130.5000,1115.0000,1126.3230,15547
2024-01-25,1134.5000,1142.5000,1117.5000,1141.0000,9953
2024-01-26,1148.0000,1150.0000,1133.5000,1144.6150,2266
2024-01-29,1153.5000,1153.5000,1130.5000,1135.0140,3160
2024-01-30,1133.5000,1176.0000,1133.5000,1173.6170,33513
2024-01-31,1187.0000,1187.0000,1168.0000,1176.1180,6975
2024-02-01,1180.5000,1180.5000,1161.5000,1174.6180,10351
2024-02-02,1189.5000,1189.5000,1152.5000,1179.8030,5348
2024-02-05,1170.0000,1182.5000,1164.9770,1174.0000,7595
2024-02-06,1179.0000,1187.0000,1157.0000,1165.2410,6306
2024-02-07,1180.0000,1180.0000,1159.5000,1167.5270,1645
2024-02-08,1179.5000,1207.0000,1163.0000,1197.6350,2794
2024-02-09,1194.5000,1208.0000,1192.5000,1198.7680,23373
2024-02-12,1192.5000,1220.5000,1192.5000,1215.8720,25863
2024-02-13,1224.5000,1224.5000,1173.5000,1188.4760,14402
2024-02-14,1209.0000,1220.0000,1194.0000,1215.3100,8739
2024-02-15,1234.5000,1234.5000,1206.0000,1227.7400,15437
2024-02-16,1230.0000,1239.5000,1206.5000,1227.9080,2849
2024-02-19,1228.5000,1241.8740,1220.5000,1239.2490,8091
2024-02-20,1231.0000,1248.5000,1231.0000,1239.0410,1964
2024-02-21,1236.0000,1245.0000,1226.5000,1234.2080,3511
2024-02-22,1249.0000,1252.5000,1237.7930,1241.9660,15858
2024-02-23,1243.0000,1252.6890,1240.5000,1252.2490,5044
2024-02-26,1250.0000,1271.5000,1243.5000,1268.2140,13673
2024-02-27,1266.0000,1276.0000,1255.0000,1263.3910,21718
2024-02-28,1264.0000,1271.0000,1257.5000,1264.9380,1675
2024-02-29,1258.0000,1273.4740,1253.5000,1269.0000,1621
2024-03-01,1261.0000,1287.0000,1261.0000,1264.6930,8184
2024-03-04,1261.5000,1274.0000,1260.0000,1263.0000,5246
2024-03-05,1259.5000,1273.0000,1240.0000,1256.6570,8265
2024-03-06,1235.5000,1264.5000,1235.5000,1259.1260,7018
2024-03-07,1260.5000,1274.5000,1246.0000,1262.7650,9318
2024-03-08,1267.0000,1279.0000,1260.5000,1267.2940,4173
2024-03-11,1262.0000,1276.0000,1250.5000,1266.1270,45749
2024-03-12,1258.0000,1300.1300,1258.0000,1300.1300,5946
2024-03-13,1300.0000,1308.5000,1292.0000,1306.8040,35279
2024-03-14,1306.5000,1315.0000,1287.0000,1287.8790,1787
2024-03-15,1290.5000,1301.5000,1279.0000,1289.7100,23299
2024-03-18,1290.0000,1301.5000,1276.0000,1296.4410,34280
2024-03-19,1270.0000,1303.0000,1238.0000,1254.5000,34156
2024-03-20,1250.0000,1275.0000,1238.5000,1254.3260,45259
2024-03-21,1287.0000,1320.0000,1248.0000,1310.1310,7247
2024-03-22,1321.0000,1325.0000,1299.5000,1311.5000,92811
2024-03-25,1316.0000,1316.0000,1272.0000,1290.0000,34732
2024-03-26,1270.5000,1295.5000,1270.5000,1286.3070,19023
2024-03-27,1275.0000,1294.5000,1275.0000,1277.0000,6677
2024-03-28,1288.0000,1292.0000,1274.0000,1283.6980,23556
2024-04-02,1296.0000,1296.0000,1252.3750,1266.8770,2231
2024-04-03,1246.0000,1266.5000,1241.5000,1265.1260,12920
2024-04-04,1265.0000,1279.0000,1254.5000,1273.1030,43859
2024-04-05,1282.0000,1282.0000,1243.0000,1256.7510,6592
2024-04-08,1272.5000,1275.7310,1253.0000,1274.5000,2264
2024-04-09,1280.5000,1280.5000,1256.0000,1265.1580,60595
2024-04-10,1279.0000,1283.0000,1253.0000,1280.1070,3284
2024-04-11,1272.0000,1280.0000,1259.5000,1269.4080,2375
2024-04-12,1292.0000,1292.0000,1261.1260,1262.5000,2937
2024-04-15,1279.0000,1299.2500,1255.0000,1299.2500,4552
2024-04-16,1257.5000,1288.0000,1241.0000,1242.5000,13236
2024-04-17,1231.0000,1253.0000,1231.0000,1247.2080,5989
2024-04-18,1255.5000,1255.5000,1196.5000,1201.4090,69779
2024-04-19,1171.0000,1211.5000,1171.0000,1191.0000,8318
2024-04-22,1197.5000,1206.5000,1173.5000,1182.4520,23755
2024-04-23,1199.0000,1219.0000,1172.5000,1215.6580,5399
2024-04-24,1225.0000,1230.5000,1192.5000,1209.5000,12527
2024-04-25,1198.0000,1201.5000,1174.0000,1182.1540,17664
2024-04-26,1173.0000,1206.5000,1173.0000,1200.1700,4373
2024-04-29,1200.0000,1205.5000,1197.5000,1204.0000,951
2024-04-30,1190.5000,1211.5000,1189.5000,1195.7860,2448
2024-05-01,1189.5000,1189.5000,1189.5000,1189.5000,50
2024-05-02,1189.0000,1199.0000,1178.5000,1183.5000,1362
2024-05-03,1187.5000,1216.0000,1172.5000,1198.3000,1491
2024-05-07,1209.0000,1239.0000,1208.0000,1232.8330,20275
2024-05-08,1238.0000,1247.5000,1233.5000,1237.4520,44860
2024-05-10,1250.0000,1258.0000,1239.8750,1253.0830,4042
2024-05-13,1268.0000,1268.0000,1238.0000,1243.0000,1518
2024-05-14,1247.5000,1251.5000,1231.0000,1239.4000,33177
2024-05-15,1267.0000,1278.0000,1244.5000,1265.0000,46997
2024-05-16,1282.5000,1292.5000,1274.0000,1283.6000,3858
2024-05-17,1280.0000,1280.0000,1256.5000,1259.5000,11375
2024-05-21,1246.5000,1272.5000,1246.5000,1263.9750,19367
2024-05-22,1265.0000,1271.0000,1254.5000,1258.0000,18084
2024-05-23,1269.0000,1269.0000,1247.5000,1251.0000,632
2024-05-24,1219.0000,1264.0000,1207.5000,1220.3480,453
2024-05-28,1236.0000,1238.0000,1205.5000,1218.6110,915
2024-05-29,1202.0000,1213.5000,1189.0000,1197.6250,117453
2024-05-30,1183.5000,1210.5000,1183.0000,1197.6110,1520
2024-05-31,1200.5000,1221.0000,1196.5000,1208.2000,1525
2024-06-03,1225.0000,1229.0000,1191.5000,1202.0000,2514
2024-06-04,1202.5000,1208.0000,1194.0000,1202.3330,1059
2024-06-05,1204.5000,1211.0000,1195.0000,1205.6000,1076
2024-06-06,1188.5000,1216.5000,1178.0000,1186.4000,7503
2024-06-07,1181.5000,1191.5000,1149.0000,1168.6550,1973
2024-06-10,1155.5000,1176.5000,1147.5000,1152.5000,859
2024-06-11,1171.5000,1177.0000,1151.5000,1166.5000,15985
2024-06-12,1168.0000,1195.0000,1160.0000,1161.0000,11945
2024-06-13,1180.5000,1195.0000,1172.0000,1180.0000,15466
2024-06-14,1172.5000,1176.0000,1149.5000,1166.0000,441
2024-06-17,1160.0000,1162.5000,1143.0000,1145.5000,414
2024-06-18,1153.5000,1160.5000,1146.0000,1151.0000,47212
2024-06-19,1163.0000,1163.0000,1149.0000,1149.2500,8007
2024-06-20,1163.0000,1183.0000,1158.0000,1178.0000,64089
2024-06-21,1183.0000,1183.0000,1148.0000,1151.0000,9502
2024-06-24,1148.0000,1183.0000,1148.0000,1165.4440,976
2024-06-25,1178.0000,1178.0000,1143.0000,1151.5000,2580
2024-06-26,1164.0000,1165.0000,1136.5000,1147.5000,1174
2024-06-27,1133.5000,1144.0000,1128.5000,1138.2500,5477
2024-06-28,1132.5000,1158.5000,1132.5000,1147.7500,4642
2024-07-01,1160.0000,1172.0000,1144.0000,1149.0000,2212
2024-07-02,1145.0000,1172.0000,1137.0000,1170.5000,796
2024-07-03,1176.5000,1186.5000,1160.5000,1173.7500,930
2024-07-04,1199.0000,1204.5000,1179.5000,1200.0000,23465
2024-07-05,1215.5000,1220.5000,1196.5000,1212.5000,1204
2024-07-08,1219.0000,1221.5000,1196.5000,1207.0980,4447
2024-07-09,1203.0000,1226.0000,1194.5000,1205.5000,4981
2024-07-10,1217.0000,1222.5000,1201.0000,1206.0000,870
2024-07-11,1212.5000,1231.5000,1212.5000,1226.5000,2148
2024-07-12,1225.0000,1250.0000,1217.0000,1234.5000,683
2024-07-15,1237.5000,1259.5000,1237.5000,1249.2500,10889
2024-07-16,1233.5000,1250.0000,1224.5000,1233.8750,548
2024-07-17,1214.0000,1236.0000,1204.0000,1206.5000,1774
2024-07-18,1200.0000,1220.0000,1189.0000,1195.0000,9493
2024-07-19,1215.0000,1215.0000,1187.0000,1192.0000,246
2024-07-22,1195.0000,1210.0000,1194.0000,1199.2500,22131
2024-07-23,1214.0000,1221.5000,1203.0000,1210.1670,7004
2024-07-24,1211.5000,1212.0000,1204.0000,1211.0000,1604
2024-07-25,1184.0000,1185.0000,1162.0000,1170.2500,2213
2024-07-26,1192.0000,1192.0000,1176.0000,1179.0000,738
2024-07-29,1190.5000,1197.5000,1167.0000,1175.8750,530
2024-07-30,1169.0000,1180.0000,1165.5000,1174.0000,789
2024-07-31,1189.0000,1199.0000,1179.5000,1184.5000,494
2024-08-02,1152.0000,1153.5000,1093.5000,1102.5000,3986
2024-08-05,1055.0000,1079.5000,1045.5000,1070.7670,16736
2024-08-06,1095.5000,1098.0000,1072.0000,1079.6250,13275
2024-08-07,1090.5000,1121.0000,1088.5000,1092.5000,1634
2024-08-08,1108.5000,1117.0000,1093.5000,1102.5000,272
2024-08-09,1142.5000,1142.5000,1121.0000,1130.0000,466
2024-08-12,1134.5000,1143.0000,1128.5000,1136.6580,6274
2024-08-13,1135.5000,1146.5000,1127.0000,1141.5000,1330
2024-08-14,1156.0000,1163.5000,1150.0000,1159.0000,3835
2024-08-15,1163.5000,1188.0000,1161.0000,1185.4070,463
2024-08-16,1188.0000,1195.5000,1182.0000,1189.0000,35732
2024-08-19,1187.0000,1214.0000,1187.0000,1195.5000,1107
2024-08-20,1214.0000,1217.5000,1201.5000,1207.0000,9693
2024-08-21,1201.5000,1209.5000,1198.5000,1204.0000,2108
2024-08-22,1205.5000,1225.0000,1203.5000,1220.4520,568
2024-08-23,1216.5000,1229.0000,1215.5000,1228.5000,306
2024-08-27,1207.5000,1226.0000,1202.5000,1214.8330,2930
2024-08-28,1206.5000,1211.0000,1200.5000,1203.7500,5764
2024-08-29,1200.0000,1226.5000,1198.5000,1225.0000,1402
2024-08-30,1232.0000,1234.5000,1221.0000,1228.7140,818
2024-09-02,1220.0000,1226.0000,1204.0000,1217.5000,4088
2024-09-03,1149.0000,1155.5000,1105.5000,1125.4170,4449
2024-09-04,1090.0000,1125.5000,1087.5000,1104.3930,10979
2024-09-05,1093.5000,1105.0000,1091.0000,1099.7860,3815
2024-09-06,1098.5000,1114.5000,1091.5000,1101.9000,9405
2024-09-09,1099.5000,1115.5000,1095.0000,1106.4000,36540
2024-09-10,1112.0000,1129.5000,1107.0000,1114.6250,11033
2024-09-11,1109.5000,1124.5000,1107.0000,1115.5000,1581
2024-09-12,1145.5000,1178.5000,1140.5000,1171.0000,8856
2024-09-13,1182.5000,1199.0500,1179.0000,1193.9440,1364
2024-09-16,1185.5000,1200.5000,1183.0000,1188.5000,7325
2024-09-17,1192.5000,1210.0000,1189.5000,1204.0000,6523
2024-09-18,1196.5000,1197.5000,1182.0000,1192.5000,2051
2024-09-19,1217.5000,1232.0000,1209.0000,1229.9600,42698
2024-09-20,1221.0000,1231.5000,1221.0000,1226.5000,9882
2024-09-23,1220.5000,1239.5000,1220.0000,1234.5000,1580
2024-09-24,1239.0000,1242.5000,1222.0000,1233.0000,2438
2024-09-25,1232.0000,1239.0000,1221.0000,1232.0000,1624
2024-09-26,1250.0000,1264.0000,1243.5000,1259.0000,2294
2024-09-27,1259.0000,1269.5000,1255.0000,1264.7630,1050
2024-09-30,1260.5000,1275.0000,1260.5000,1273.2280,4566
2024-10-01,1280.5000,1300.0000,1269.5000,1282.0000,25928
2024-10-02,1290.0000,1292.5000,1262.0000,1271.4560,1718
2024-10-03,1276.5000,1280.0000,1258.5000,1269.7500,1069
2024-10-04,1269.5000,1280.5000,1265.5000,1273.5000,754
2024-10-07,1278.5000,1282.0000,1251.5000,1263.0000,838
2024-10-08,1256.5000,1268.0000,1246.0000,1261.5530,801
2024-10-09,1265.0000,1284.0000,1262.0000,1269.0590,12324
2024-10-10,1277.5000,1280.0000,1251.5000,1261.0000,1930
2024-10-11,1273.5000,1287.0000,1265.5000,1276.8610,11442
2024-10-14,1287.0000,1296.0000,1278.5000,1284.8050,7733
2024-10-15,1295.0000,1300.0000,1273.0000,1296.6120,3301
2024-10-16,1256.0000,1276.0000,1251.0000,1251.0000,724
2024-10-17,1274.5000,1287.5000,1269.0000,1273.0450,18183
2024-10-18,1280.5000,1290.0000,1275.0000,1289.5000,2250
2024-10-21,1288.0000,1299.2500,1278.0000,1280.5000,1362
2024-10-22,1272.0000,1281.5000,1268.5000,1276.0000,1219
2024-10-23,1276.5000,1277.5000,1256.0000,1260.0000,1339
2024-10-24,1260.0000,1270.0000,1252.5000,1263.5000,598
2024-10-25,1262.0000,1268.5000,1256.5000,1260.5000,434
2024-10-28,1265.5000,1272.2500,1255.5000,1263.8000,581
2024-10-29,1283.5000,1286.5000,1257.0000,1258.0000,1773
2024-10-30,1244.0000,1256.0000,1238.5000,1239.0000,639
2024-10-31,1223.0000,1228.5000,1192.0000,1219.0000,5944
2024-11-01,1202.0000,1205.0000,1192.0000,1198.0000,7371
2024-11-04,1197.2500,1199.5000,1185.0000,1185.0000,1608
2024-11-05,1184.0000,1203.0000,1180.5000,1192.0790,1879
2024-11-06,1224.0000,1245.0000,1218.0000,1225.5000,3154
2024-11-07,1237.5000,1251.7500,1227.0000,1242.5000,1104
2024-11-08,1245.0000,1245.0000,1231.5000,1235.6180,1259
2024-11-11,1246.0000,1259.0000,1243.5000,1252.0000,3331
2024-11-12,1243.0000,1252.5000,1233.5000,1235.6180,5612
2024-11-13,1233.5000,1233.5000,1200.5000,1211.2620,2549
2024-11-14,1222.5000,1245.5000,1220.0000,1231.5840,2770
2024-11-15,1236.0000,1246.5000,1227.5000,1231.6150,1465
2024-11-18,1225.0000,1230.5000,1219.5000,1227.0000,8108
2024-11-19,1230.0000,1233.0000,1193.0000,1209.0000,833
2024-11-20,1226.5000,1228.0000,1217.0000,1222.5680,874
2024-11-21,1204.0000,1230.5000,1202.0000,1228.0000,2820
2024-11-22,1241.5000,1267.0000,1238.7500,1263.5000,18257
2024-11-25,1272.5000,1279.0000,1258.0000,1270.0000,4321
2024-11-26,1254.0000,1268.5000,1250.5000,1256.5000,15916
2024-11-27,1251.0000,1260.5000,1242.0000,1254.0000,1196
2024-11-28,1265.0000,1274.5000,1258.0000,1271.5000,1912
2024-11-29,1270.5000,1283.0000,1269.5000,1279.2860,3516
2024-12-02,1277.5000,1290.0000,1271.5000,1282.5000,5637
2024-12-03,1285.5000,1305.5000,1277.5000,1299.5000,21738
2024-12-04,1306.5000,1314.0000,1297.5000,1307.7920,791
2024-12-05,1307.5000,1311.5000,1297.5000,1302.5000,2308
2024-12-06,1296.0000,1304.0000,1290.5000,1304.0000,3716
2024-12-09,1310.0000,1311.5000,1298.0000,1308.4570,676
2024-12-10,1285.5000,1292.0000,1261.5000,1276.5000,6451
2024-12-11,1277.0000,1299.5000,1275.5000,1282.5000,1285
2024-12-12,1298.0000,1301.0000,1281.5000,1284.5000,10947
2024-12-13,1283.5000,1286.0000,1259.5000,1269.7140,5817
2024-12-16,1261.5000,1276.0000,1259.5000,1266.5380,5514
2024-12-17,1273.0000,1273.0000,1261.0000,1267.0000,2132
2024-12-18,1270.0000,1283.0000,1264.0000,1273.8750,4697
2024-12-19,1235.0000,1244.0000,1208.5000,1217.7990,10585
2024-12-20,1200.5000,1218.5000,1189.5000,1211.0000,11433
2024-12-23,1218.0000,1219.5000,1209.0000,1214.1880,10076
2024-12-27,1220.0000,1242.0000,1220.0000,1233.0000,601
2024-12-30,1234.5000,1235.0000,1223.0000,1223.5000,1710
2025-01-03,1092.5000,1092.5000,564.3302,564.3302,12371
2025-01-06,1259.0000,1274.5000,1248.0000,1268.7050,2159
2025-01-07,1294.0000,1345.0000,1256.5000,1263.0000,6157
2025-01-08,1292.5000,1318.0000,1285.0000,1289.9880,27003
2025-01-09,1320.5000,1333.0000,1310.0000,1315.5580,2930
2025-01-10,1332.0000,1339.0000,1309.5000,1316.0000,2598
2025-01-13,1304.5000,1304.5000,1280.5000,1288.5100,20269
2025-01-14,1295.0000,1304.0000,1285.0000,1291.0000,3079
2025-01-15,1264.7500,1310.5000,1255.5000,1263.0000,16122
2025-01-16,1312.5000,1323.5000,1309.0000,1317.5000,12586
2025-01-17,1326.0000,1330.5000,1322.5000,1329.7670,3112
2025-01-20,1331.5000,1337.5000,1326.0000,1335.0000,13528
2025-01-21,1332.5000,1350.0000,1332.0000,1350.0000,40580
2025-01-22,1357.0000,1382.0000,1355.0000,1381.0000,8211
2025-01-23,1381.0000,1404.0000,1374.5000,1403.2980,1671
2025-01-24,1410.0000,1411.5000,1389.0000,1397.5000,3985
2025-01-27,1380.5000,1380.5000,1348.5000,1357.3210,8317
2025-01-28,1363.0000,1375.5000,1348.0000,1355.0000,5710
2025-01-29,1365.5000,1375.5000,1359.0000,1365.0000,1137
2025-01-30,1372.0000,1383.0000,1367.5000,1375.8120,1761
2025-01-31,1379.7500,1394.5000,1374.0000,1391.5000,3368
2025-02-03,1335.0000,1381.5000,1335.0000,1370.7120,7442
2025-02-04,1380.5000,1382.5000,1368.5000,1379.1790,3080
2025-02-05,1369.5000,1396.5000,1366.5000,1395.5000,29854
2025-02-06,1400.0000,1418.0000,1398.5000,1417.2910,1421
2025-02-07,1413.0000,1416.0000,1383.5000,1394.0000,4252
2025-02-10,1382.5000,1408.2500,1380.0000,1389.2110,3676
2025-02-11,1409.5000,1419.5000,1405.0000,1410.2360,4043
2025-02-12,1414.5000,1415.5000,1392.5000,1403.5000,7489
2025-02-13,1415.5000,1419.5000,1387.5000,1406.7960,4912
2025-02-14,1416.5000,1425.0000,1413.0000,1416.8000,1221
2025-02-17,1426.0000,1426.0000,1415.5000,1420.9310,15700
2025-02-18,1421.0000,1422.5000,1401.5000,1414.5000,19934
2025-02-19,1410.5000,1416.5000,1378.5000,1390.3500,2844
2025-02-20,1388.0000,1396.0000,1383.5000,1393.5000,1609
2025-02-21,1399.0000,1399.5000,1380.0000,1394.0000,20755
2025-02-24,1395.0000,1397.0000,1337.0000,1369.0000,2056
2025-02-25,1330.5000,1345.0000,1322.0000,1335.0000,4410
2025-02-26,1329.0000,1345.0000,1322.5000,1339.5000,6251
2025-02-27,1334.5000,1335.0000,1313.0000,1330.7410,5102
2025-02-28,1313.0000,1327.5000,1300.0000,1307.9590,3849
2025-03-03,1359.0000,1383.7500,1349.5000,1356.5300,1975
2025-03-04,1361.5000,1363.5000,1292.0000,1331.9290,5672
2025-03-05,1319.5000,1337.0000,1311.5000,1318.9450,64667
2025-03-06,1326.5000,1335.5000,1302.0000,1310.3940,1566
2025-03-07,1318.0000,1336.5000,1309.0000,1328.0000,23970
2025-03-10,1331.0000,1335.5000,1282.5000,1292.0000,2085
2025-03-11,1300.0000,1323.0000,1267.5000,1275.8330,18068
2025-03-12,1288.5000,1291.4750,1257.7500,1279.5000,2799
2025-03-13,1269.0000,1293.7500,1263.5000,1271.0000,8834
2025-03-14,1268.2500,1316.0000,1266.0000,1315.5000,4766
2025-03-17,1324.7500,1338.2500,1315.0000,1319.0000,6348
2025-03-18,1325.7500,1330.5000,1308.0000,1311.0000,3043
2025-03-19,1308.0000,1323.2500,1294.5000,1313.1490,22469
2025-03-20,1315.0000,1340.5000,1312.5000,1340.5000,14580
2025-03-21,1333.5000,1337.5000,1315.7500,1334.0000,16618
2025-03-24,1332.0000,1345.5000,1328.0000,1345.5000,517
2025-03-25,1348.0000,1355.0000,1332.5000,1342.5000,1591
2025-03-26,1353.0000,1353.0000,1325.0000,1330.5910,427
2025-03-27,1316.0000,1316.5000,1290.5000,1310.5000,2576
2025-03-28,1304.5000,1311.2500,1285.0000,1291.5000,3213
2025-03-31,1271.5000,1276.0000,1239.2500,1244.3930,2823
2025-04-01,1259.5000,1268.5000,1252.0000,1263.0000,2747
2025-04-02,1258.0000,1260.5000,1226.5000,1246.0000,5309
2025-04-03,1200.0000,1211.0000,1157.0000,1201.9100,23532
2025-04-04,1145.5000,1159.3180,1048.0000,1136.0000,8094
2025-04-07,960.0000,1065.0000,951.4000,981.1205,23118
2025-04-08,993.6000,1026.0000,971.6000,1010.8590,12161
2025-04-09,950.4000,983.2000,942.8000,956.0000,12781
2025-04-10,1106.0000,1117.0000,1022.0000,1033.0000,6324
2025-04-11,1031.5000,1033.0000,993.7000,1005.0770,1881
2025-04-14,1054.0000,1067.5000,1037.0000,1055.5000,45997
2025-04-15,1055.0000,1084.5000,1050.5000,1074.5000,13551
2025-04-16,1065.0000,1065.0000,1030.0000,1047.0000,36595
2025-04-17,1064.5000,1064.5000,1047.5000,1057.0160,4770
2025-04-22,1053.0000,1055.0000,1025.0000,1036.7160,24270
2025-04-23,1075.0000,1091.5000,1068.5000,1083.5000,2771
2025-04-24,1075.0000,1090.2500,1054.5000,1085.5500,11869
2025-04-25,1099.0000,1104.0000,1091.0000,1096.9140,3208
2025-04-28,1100.5000,1104.0000,1091.0000,1096.4170,20843
2025-04-29,1093.0000,1100.5000,1092.5000,1094.0000,1459
2025-04-30,1090.0000,1104.0000,1064.0000,1079.5000,48716
2025-05-02,1091.5000,1105.0000,1082.2500,1094.7500,8017
2025-05-06,1102.0000,1104.5000,1086.0000,1087.5000,10391
2025-05-07,1091.5000,1093.5000,1050.0000,1075.2500,4994
2025-05-08,1086.5000,1106.5000,1079.0000,1102.5000,12017
2025-05-09,1108.0000,1116.4500,1106.5000,1110.5000,37819
2025-05-12,1139.0000,1187.0000,1131.5000,1173.5000,6470
2025-05-13,1180.5000,1193.5000,1177.0000,1191.5000,16000
2025-05-14,1195.5000,1199.5000,1179.0000,1190.0000,12983
2025-05-15,1192.5000,1205.0000,1186.5000,1196.7500,14788
2025-05-16,1197.0000,1201.0000,1171.5000,1185.0000,41606
2025-05-19,1173.0000,1177.5000,1163.0000,1171.5000,2224
2025-05-20,1181.5000,1183.0000,1151.5000,1155.0000,9480
2025-05-21,1141.0000,1150.5000,1136.5000,1147.0000,7316
2025-05-22,1133.0000,1134.0000,1121.0000,1125.7270,6118
2025-05-23,1092.0000,1100.0000,1048.0000,1081.8889,4250
2025-05-27,1094.2500,1107.0000,1091.0000,1098.3750,5676
2025-05-28,1093.0000,1093.5000,1083.5000,1088.0000,19582
2025-05-29,1088.0000,1088.0000,1088.0000,1088.0000,0
2025-05-30,1089.0000,1113.2500,1082.5000,1101.9738,41502
2025-06-02,1088.0000,1091.0000,1065.0000,1074.8636,14446
2025-06-03,1080.0000,1087.5000,1062.0000,1073.6429,10901
2025-06-04,1089.5000,1098.5000,1075.5000,1087.6667,4382
2025-06-05,1090.5000,1090.5000,1066.5000,1079.6429,10317
2025-06-06,1077.5000,1081.5000,1071.5000,1075.5833,2536
2025-06-09,1075.5833,1075.5833,1075.5833,1075.5833,0
2025-06-10,1071.0000,1083.5000,1068.0000,1080.0000,34156
2025-06-11,1081.5000,1083.0000,1067.0000,1072.0000,14471
2025-06-12,1060.0000,1060.5000,1047.5428,1049.5000,14904
2025-06-13,1025.0000,1033.0000,1008.5000,1025.0000,16271
2025-06-16,1012.5000,1019.2500,1010.0000,1013.7778,6149
2025-06-17,1008.0000,1025.5000,1002.0000,1015.5000,7801
2025-06-18,1018.7500,1019.5000,1007.6670,1011.8056,4227
2025-06-19,985.6000,997.6000,972.0000,993.6472,11107
2025-06-20,1001.0000,1005.0000,987.0000,989.6000,11851
2025-06-23,980.0000,989.2000,980.0000,982.6000,33215
2025-06-24,1003.0000,1012.0000,992.9000,996.4000,11810
2025-06-25,1015.5000,1017.0000,1000.5000,1005.0000,12425
2025-06-26,1010.0000,1021.0000,1002.5000,1019.5000,25801
2025-06-27,1022.5000,1037.5000,1021.0000,1029.1250,7780
2025-06-30,1041.5000,1057.5000,1032.5000,1043.2273,11058
2025-07-01,1036.5000,1045.0000,1025.5000,1034.3900,4560
2025-07-02,1041.5000,1042.0000,1023.8325,1025.5571,7685
2025-07-03,1041.7500,1050.0000,1037.5000,1044.0000,48364
2025-07-04,1032.0000,1040.7500,1026.5000,1033.0000,911
2025-07-07,1034.5000,1046.2500,1030.5000,1042.3125,6773
2025-07-08,1048.5000,1061.0000,1045.5000,1052.8750,7531
2025-07-09,1055.5000,1067.5000,1053.5000,1058.8750,5012
2025-07-10,1062.0750,1075.5000,1060.5000,1063.5000,5516
2025-07-11,1067.0000,1068.2500,1055.0000,1060.6429,12078
2025-07-14,1038.5000,1062.2500,1035.0000,1054.8846,17025
2025-07-15,1069.0000,1075.5000,1060.5000,1070.2500,13932
2025-07-16,1137.5000,1139.0000,1098.7500,1114.1458,7146
2025-07-17,1133.0000,1141.5000,1109.0000,1122.8000,2694
2025-07-18,1130.0000,1138.5000,1119.0000,1130.7500,4867
2025-07-21,1124.2500,1135.0000,1121.5000,1131.5000,10184
2025-07-22,1128.5000,1134.0000,1097.0000,1113.0000,4765
2025-07-23,1118.5000,1119.7212,1107.5000,1112.5000,4291
2025-07-24,1121.0000,1127.0000,1111.9838,1119.0555,1513
2025-07-25,1119.5000,1121.4485,1110.0000,1115.8500,6252
2025-07-28,1134.0000,1139.2500,1120.5000,1130.8571,5281
2025-07-29,1121.2500,1128.5000,1111.0000,1119.7500,1349
2025-07-30,1116.5000,1131.8599,1110.0000,1124.8031,1240
2025-07-31,1133.5000,1135.0000,1101.5000,1101.5000,2297
2025-08-01,1101.5000,1101.5000,1101.5000,1101.5000,0
2025-08-04,1058.5000,1099.0000,1056.0000,1082.4286,6541
2025-08-05,1098.5000,1109.0000,1093.0000,1094.0000,2817
2025-08-06,1103.5000,1112.0000,1100.0000,1110.0000,948
2025-08-07,1120.5000,1146.0000,1113.0000,1138.5797,2341
2025-08-08,1129.0000,1143.5000,1126.0000,1137.9995,8194
2025-08-11,1148.0000,1150.0000,1136.5000,1141.0000,888
2025-08-12,1145.5000,1147.0000,1131.5000,1133.5000,42331
2025-08-13,1137.5000,1137.5000,1118.7500,1122.0000,10056
2025-08-14,1123.5000,1123.5000,1091.5000,1103.7000,3605
2025-08-15,1110.0000,1119.0000,1105.0000,1106.0000,5487
2025-08-18,1104.5000,1109.0000,1100.0000,1105.0000,954
2025-08-19,1107.0000,1125.5000,1106.0000,1124.5000,2547
2025-08-20,1113.5000,1127.4457,1109.0000,1122.9897,31558
2025-08-21,1111.0000,1115.0000,1101.0000,1105.0000,2453
2025-08-22,1100.0000,1135.0000,1099.0000,1132.5000,9334
2025-08-25,1129.5000,1135.1055,1124.5000,1130.0000,1541
2025-08-26,1120.5000,1124.5000,1106.0000,1107.0000,4928
2025-08-27,1110.0000,1118.0000,1103.0000,1113.5000,1117
2025-08-28,1113.5000,1123.0000,1109.5000,1115.0000,2634
2025-08-29,1114.5000,1117.5000,1097.5000,1110.3333,2741
2025-09-01,1095.5000,1101.5000,1085.0000,1097.2665,16721
2025-09-02,1139.0000,1156.5000,1061.0000,1106.9650,47684
2025-09-03,1067.5000,1084.2500,1062.5000,1074.0596,29953
2025-09-04,1074.0000,1076.0000,1061.0000,1068.2863,12443
2025-09-05,1072.5000,1093.0000,1065.0000,1068.0000,56465
2025-09-08,1073.5000,1074.5000,1061.5000,1064.0752,19805
2025-09-09,1070.0000,1072.5000,1057.0000,1059.0000,58714
2025-09-10,1062.0000,1076.5000,1053.2500,1063.7048,35650
2025-09-11,1068.0000,1075.0000,1056.0000,1074.2148,32180
2025-09-12,1080.0000,1085.5000,1071.2500,1075.5000,3255
2025-09-15,1082.5000,1092.2500,1078.0000,1083.1072,1411
2025-09-16,1093.0000,1098.5000,1067.4919,1074.4374,97940
2025-09-17,1070.5000,1095.5000,1062.5227,1092.3593,13707
2025-09-18,1092.5000,1105.5000,1087.0000,1103.4880,7236
2025-09-19,1105.0000,1105.0000,1076.5000,1083.0496,20731
2025-09-22,1076.5000,1080.0000,1057.0000,1065.6021,7654
2025-09-23,1071.0000,1090.5000,1060.5000,1084.2168,10947
2025-09-24,1071.5000,1074.0000,1048.0000,1049.7100,32459
2025-09-25,1039.0000,1042.5000,1017.5000,1020.4020,9111
2025-09-26,1032.0000,1040.0000,1024.5000,1027.0154,20674
2025-09-29,1043.5000,1044.5000,1029.5000,1036.4845,16667
2025-09-30,1039.0000,1048.6788,1030.1017,1046.2092,13564
2025-10-01,1028.0000,1037.5000,1018.0000,1028.8323,15549
2025-10-02,1037.0000,1043.0000,1027.2264,1032.9845,9724
2025-10-03,1041.0000,1053.5000,1034.5000,1050.7662,5857
2025-10-06,1049.0000,1064.5000,1037.5000,1054.1332,10030
2025-10-07,1054.5000,1056.0000,1040.4844,1045.0223,8782
2025-10-08,1040.5000,1046.5000,1035.5000,1038.7351,6126
2025-10-09,1040.0000,1046.5000,1034.5000,1038.8539,18427
2025-10-10,1037.0000,1040.0000,1008.5000,1021.5735,12441
2025-10-13,1005.5000,1019.0000,1004.0000,1009.6514,44565
2025-10-14,1000.7500,1007.0000,991.6000,1004.0000,16891
2025-10-15,1017.0000,1038.0000,998.8372,1011.1949,12081
2025-10-16,1004.5000,1006.5000,992.0000,1004.1004,16966
2025-10-17,980.0000,982.0000,956.0000,961.5477,21719
2025-10-20,977.3000,981.3963,970.0000,981.3961,27182
2025-10-21,983.2000,989.4000,977.2000,982.2964,15486
2025-10-22,990.0000,993.2000,980.0000,986.0000,9724
2025-10-23,987.0000,996.7000,976.0000,978.8000,19311
2025-10-24,983.8000,997.2000,981.4000,986.5482,56983
2025-10-27,1002.2500,1003.5000,989.4000,993.6099,9079
2025-10-28,1012.0000,1014.0000,991.4000,992.0000,9800
2025-10-29,995.8000,1000.5000,987.2000,990.4960,15625
2025-10-30,984.4000,990.0000,982.4000,987.8575,10398
2025-10-31,988.8000,995.0597,981.4000,995.0597,9113
2025-11-03,971.6000,978.4000,970.2000,971.1942,9466
2025-11-04,965.0000,971.0000,939.9000,952.2920,40611
2025-11-05,950.0000,966.1000,950.0000,961.0961,12875
2025-11-06,958.6000,961.5000,942.2000,942.3888,9918
2025-11-07,948.8000,954.1000,938.2000,942.6000,3338
2025-11-10,965.8000,973.0000,953.0000,970.6312,5038
2025-11-11,964.4000,985.2000,960.0000,965.0145,12686
2025-11-12,983.0000,987.0000,972.8000,977.0977,35344
2025-11-13,984.6000,987.0000,957.6000,970.2704,29325
2025-11-14,943.0000,953.8000,933.5062,953.4000,9128
2025-11-17,935.6000,958.8000,930.4000,952.2000,32990
2025-11-18,913.8000,922.4000,906.0000,916.7618,10311
2025-11-19,920.0000,920.0000,908.2000,910.1660,33420
2025-11-20,931.0000,931.0000,910.8000,917.8294,49350
