date,open,high,low,close,volume
2006-04-07,1061.6961,1061.6961,1059.1581,1059.1581,2
2006-11-22,1077.4241,1077.4241,1074.7211,1074.7211,5
2006-12-04,1092.4731,1092.4731,1086.0651,1086.0651,5
2007-01-16,1140.4341,1140.5841,1140.4341,1140.5841,10
2007-02-07,1128.1931,1132.8321,1128.1931,1132.8321,6
2007-02-20,1103.3891,1103.3891,1082.3761,1082.3761,5
2007-03-26,1102.7941,1117.2081,1102.7941,1117.2081,5
2007-04-11,1164.4811,1164.4811,1162.9141,1162.9141,1
2007-04-24,1164.6341,1164.6341,1162.0811,1162.0811,1
2007-08-16,1028.6541,1028.6541,1022.9451,1022.9451,3
2007-08-28,1065.1211,1065.1211,1064.0851,1064.0851,3
2007-08-29,1065.5801,1065.5801,1057.8711,1057.8711,16
2007-11-19,1072.1811,1072.1811,1072.1811,1072.1811,5
2007-11-22,1042.2051,1042.2051,1042.2051,1042.2051,21
2007-12-05,1076.3141,1076.3141,1076.3141,1076.3141,70
2007-12-18,1079.0301,1079.0301,1079.0301,1079.0301,1563
2007-12-19,1088.0001,1088.0001,1084.3311,1084.3311,366
2007-12-21,1082.4501,1092.0001,1082.4501,1082.4501,501
2008-01-14,1096.5681,1096.5681,1096.5681,1096.5681,834
2008-01-15,1072.5001,1073.7501,1072.5001,1072.5001,17
2008-01-17,1063.6621,1063.6621,1054.0001,1054.0001,2958
2008-01-23,988.2751,989.2501,988.2751,988.2751,39
2008-01-24,1006.0001,1024.0001,1006.0001,1006.0001,24
2008-01-28,1026.0001,1026.0001,1026.0001,1026.0001,78
2008-01-31,1040.5601,1060.0001,1040.5601,1040.5601,439
2008-02-13,1000.0001,1000.0001,1000.0001,1000.0001,7
2008-02-14,1017.9911,1017.9911,1017.9911,1017.9911,2605
2008-02-15,1030.0001,1030.0001,1030.0001,1030.0001,104
2008-02-19,1011.0001,1011.0001,1011.0001,1011.0001,104
2008-02-21,1021.0911,1021.0911,1013.4511,1013.4511,1841
2008-02-22,1015.5911,1015.5911,1015.5911,1015.5911,1313
2008-02-29,1045.0811,1045.0811,1045.0811,1045.0811,2922
2008-03-03,1033.0001,1033.0001,1033.0001,1033.0001,75
2008-03-04,1021.5041,1021.5041,1018.8641,1018.8641,859
2008-03-05,1036.0001,1036.0001,1036.0001,1036.0001,30
2008-03-06,1027.8401,1033.7501,1023.2971,1023.2971,6717
2008-03-10,1003.0001,1003.0001,1003.0001,1003.0001,208
2008-03-11,996.0001,996.0001,996.0001,996.0001,11
2008-03-18,984.3690,984.3690,984.3690,984.3690,127
2008-03-20,969.0001,969.0001,969.0001,969.0001,71
2008-03-25,1000.0001,1000.0001,1000.0001,1000.0001,28
2008-03-26,995.6001,999.5001,995.6001,995.6001,131
2008-03-31,977.5001,977.5001,968.5001,968.5001,8
2008-04-04,1030.0001,1030.0001,1030.0001,1030.0001,8
2008-04-10,1061.0001,1061.0001,1061.0001,1061.0001,83
2008-04-11,1062.5841,1062.5841,1036.0001,1036.0001,6158
2008-04-14,1022.0001,1022.0001,1022.0001,1022.0001,495
2008-04-16,1043.0071,1046.0001,1043.0071,1043.0071,1387
2008-04-17,1033.0001,1033.0001,1033.0001,1033.0001,1
2008-04-23,1047.0001,1049.0001,1045.0001,1045.0001,43
2008-04-24,1039.0001,1039.0001,1028.0001,1028.0001,120
2008-04-28,1052.2551,1052.2551,1051.4711,1051.4711,1292
2008-05-02,1029.2141,1029.2141,1020.0001,1020.0001,788
2008-05-06,979.7501,979.7501,979.0626,979.0626,42
2008-05-07,991.3859,991.3859,991.3859,991.3859,625
2008-05-08,1006.0001,1006.0001,1006.0001,1006.0001,2
2008-05-09,997.4926,997.4926,997.4926,997.4926,1876
2008-05-13,999.2015,999.2015,999.2015,999.2015,536
2008-05-15,999.0001,999.0001,999.0001,999.0001,55
2008-05-20,1013.8901,1013.8901,1013.8901,1013.8901,179
2008-05-21,1003.5001,1003.5001,1003.5001,1003.5001,2159
2008-05-22,995.0001,995.0001,995.0001,995.0001,1147
2008-05-23,995.5001,995.5001,995.5001,995.5001,16
2008-05-30,1010.0001,1010.0001,1010.0001,1010.0001,72
2008-06-02,1015.9381,1015.9381,1015.9381,1015.9381,17
2008-06-03,1007.8041,1007.8041,1007.8041,1007.8041,521
2008-06-09,1020.0711,1020.0711,1020.0711,1020.0711,104
2008-06-10,1015.0001,1015.0001,1015.0001,1015.0001,121
2008-06-11,1006.0001,1006.0001,1003.8751,1003.8751,6
2008-06-12,1003.8751,1003.8751,1002.4611,1002.4611,76
2008-06-17,1006.0001,1006.0001,1006.0001,1006.0001,19
2008-06-18,1000.0001,1000.0001,1000.0001,1000.0001,32
2008-06-25,927.6575,927.6575,927.3114,927.3114,677
2008-07-01,905.0233,905.0233,905.0233,905.0233,729
2008-07-02,911.4207,911.4207,911.4207,911.4207,625
2008-07-03,904.5001,904.5001,904.5001,904.5001,21
2008-07-08,888.5001,888.5001,888.5001,888.5001,52
2008-07-09,894.9298,897.0001,894.9298,894.9298,1457
2008-07-18,870.7501,876.3066,870.7501,870.7501,473
2008-07-22,891.5001,891.5001,891.5001,891.5001,10
2008-07-23,908.9774,911.8051,908.9774,908.9774,641
2008-07-24,911.9106,911.9106,911.9106,911.9106,20
2008-07-28,898.8890,898.8890,894.3206,894.3206,364
2008-07-29,886.5674,886.5674,886.5674,886.5674,31
2008-07-30,875.6949,879.0956,875.6949,875.6949,120
2008-08-04,868.9126,868.9126,867.8090,867.8090,792
2008-08-05,876.5001,883.0001,876.5001,876.5001,1261
2008-08-07,888.5001,888.5001,877.4632,877.4632,73
2008-08-12,889.6586,889.6586,889.6586,889.6586,779
2008-08-15,883.0393,883.0393,883.0393,883.0393,128
2008-08-19,884.1176,884.1176,884.1176,884.1176,208
2008-08-22,878.7156,878.7156,878.7156,878.7156,21
2008-08-26,872.7116,872.7116,872.7116,872.7116,54
2008-08-27,852.4040,852.4040,852.4040,852.4040,320
2008-08-29,919.2501,919.2501,919.2501,919.2501,31
2008-09-03,935.1967,935.1967,935.1967,935.1967,546
2008-09-04,946.0051,946.0051,930.5001,930.5001,106
2008-09-05,919.7982,919.7982,919.3795,919.3795,1917
2008-09-08,948.3644,948.3644,948.3644,948.3644,365
2008-09-12,960.0001,966.0001,960.0001,960.0001,272
2008-09-15,944.0001,944.0001,944.0001,944.0001,22
2008-09-16,957.3934,967.0001,957.3934,957.3934,2494
2008-09-17,969.1251,969.1251,969.1251,969.1251,52
2008-09-18,957.2001,957.2001,945.0001,945.0001,1115
2008-09-22,965.0001,965.0001,965.0001,965.0001,16
2008-09-25,949.0001,949.0001,949.0001,949.0001,313
2008-09-26,943.8210,943.8210,943.8210,943.8210,70
2008-09-29,930.2751,930.2751,930.2751,930.2751,63
2008-09-30,913.0001,913.0001,913.0001,913.0001,11
2008-10-01,921.7630,923.6155,921.7630,921.7630,2070
2008-10-02,926.0001,926.0001,926.0001,926.0001,5
2008-10-06,888.7286,888.7286,888.7286,888.7286,194
2008-10-07,890.1107,891.0386,890.1107,890.1107,31
2008-10-08,850.5001,850.5001,850.5001,850.5001,13
2008-10-10,770.0001,801.5001,758.2889,758.2889,6770
2008-10-13,794.4183,794.4183,777.9915,777.9915,1727
2008-10-14,824.6876,830.0001,824.6876,824.6876,418
2008-10-15,811.7501,811.7501,795.6251,795.6251,635
2008-10-16,775.0101,775.0101,775.0101,775.0101,2998
2008-10-17,770.4001,770.4001,770.4001,770.4001,3147
2008-10-20,791.2001,791.2001,791.2001,791.2001,1861
2008-10-21,835.0901,835.5001,835.0901,835.0901,2519
2008-10-22,807.2401,807.2401,807.2401,807.2401,2742
2008-10-23,781.9701,781.9701,781.9701,781.9701,2158
2008-10-24,749.5132,754.7697,749.5132,749.5132,3324
2008-10-27,734.5532,745.1001,734.5532,734.5532,3830
2008-10-28,750.0001,750.0001,745.5001,745.5001,3491
2008-10-30,773.8001,773.8001,773.8001,773.8001,2547
2008-10-31,773.5001,773.5001,772.1001,772.1001,1178
2008-11-03,799.1251,799.1251,797.6089,797.6089,3779
2008-11-06,819.0001,819.0001,819.0001,819.0001,834
2008-11-10,823.2501,823.2501,823.2501,823.2501,104
2008-11-11,814.7501,817.4151,814.7501,814.7501,127
2008-11-12,834.7851,834.7851,801.0001,801.0001,196
2008-11-14,822.9790,822.9790,822.9790,822.9790,95
2008-11-19,805.0001,805.1251,805.0001,805.0001,78
2008-11-25,771.0001,774.7728,771.0001,771.0001,85
2008-11-26,786.0001,786.0001,786.0001,786.0001,46
2008-11-28,794.5001,794.5001,794.5001,794.5001,262
2008-12-02,759.0001,759.0001,759.0001,759.0001,1042
2008-12-04,781.0001,781.0001,781.0001,781.0001,3418
2008-12-09,822.5001,836.3401,822.5001,822.5001,2076
2008-12-12,862.5601,862.5601,862.5601,862.5601,208
2008-12-15,860.0001,860.0001,850.1501,850.1501,304
2008-12-16,885.3944,885.3944,885.3944,885.3944,365
2008-12-17,871.0001,871.0001,871.0001,871.0001,146
2008-12-19,854.8501,854.8501,832.0001,832.0001,421
2008-12-22,829.5001,835.5496,829.5001,829.5001,371
2008-12-23,828.4401,828.4401,828.4401,828.4401,104
2008-12-29,829.7672,829.7672,826.0001,826.0001,94
2008-12-30,835.0001,835.0001,835.0001,835.0001,7
2009-01-05,846.0001,846.0001,846.0001,846.0001,41
2009-01-12,849.5342,849.5342,848.2188,848.2188,222
2009-01-13,846.0001,846.0001,846.0001,846.0001,68
2009-01-14,837.6971,838.8515,837.6971,837.6971,1221
2009-01-19,833.1883,833.1883,833.1883,833.1883,89
2009-01-20,832.8977,832.8977,832.8977,832.8977,132
2009-01-23,787.0001,788.5901,787.0001,787.0001,524
2009-01-28,802.8463,802.8463,795.1557,795.1557,903
2009-01-29,802.8126,803.7501,802.8126,802.8126,133
2009-01-30,787.5001,787.5001,787.5001,787.5001,13
2009-02-04,797.5001,797.5001,797.5001,797.5001,42
2009-02-05,815.0001,815.0001,815.0001,815.0001,363
2009-02-09,824.1616,824.1616,824.1616,824.1616,1171
2009-02-12,832.5001,832.5001,832.5001,832.5001,3462
2009-02-19,708.4761,708.4761,708.4761,708.4761,217
2009-02-23,673.5001,673.5001,673.5001,673.5001,9
2009-02-24,672.3564,672.3564,672.3564,672.3564,417
2009-03-02,654.5001,654.5001,654.5001,654.5001,193
2009-03-04,674.5393,674.5393,674.5393,674.5393,119
2009-03-05,673.3611,673.3611,673.3611,673.3611,214
2009-03-06,653.5001,653.5001,653.5001,653.5001,143
2009-03-09,663.5001,663.5001,638.0001,638.0001,160
2009-03-11,674.3251,674.3251,654.9519,654.9519,1365
2009-03-16,640.0001,643.0001,640.0001,640.0001,377
2009-03-17,646.5001,646.5001,646.5001,646.5001,150
2009-03-18,645.5001,645.5001,645.5001,645.5001,74
2009-03-30,603.0001,603.0001,603.0001,603.0001,13
2009-04-03,638.3026,663.7501,638.3026,638.3026,63084
2009-04-06,656.2891,656.2891,652.7429,652.7429,252
2009-04-07,658.5001,658.5001,658.5001,658.5001,3969
2009-04-14,651.0241,653.0001,651.0241,651.0241,344
2009-04-15,652.5001,652.5001,652.5001,652.5001,31385
2009-04-16,647.2873,647.2873,647.2873,647.2873,1234
2009-04-21,635.5072,635.5072,635.5072,635.5072,1095
2009-04-24,673.5001,673.5001,673.5001,673.5001,13
2009-04-27,697.5001,697.5001,697.5001,697.5001,75
2009-04-28,689.0181,689.0181,689.0181,689.0181,417
2009-04-29,701.5001,701.5001,693.6201,693.6201,570
2009-04-30,704.0001,704.0001,704.0001,704.0001,7
2009-05-06,705.4438,705.4438,705.4438,705.4438,74
2009-05-07,690.5001,690.5001,690.5001,690.5001,358
2009-05-08,693.0001,699.0001,693.0001,693.0001,107
2009-05-12,685.0001,687.9862,685.0001,685.0001,611
2009-05-13,681.5001,681.5001,681.5001,681.5001,78
2009-05-15,693.0001,693.0001,693.0001,693.0001,24
2014-03-07,1383.0000,1383.0000,1383.0000,1383.0000,10
2014-03-11,1370.0000,1370.0000,1370.0000,1370.0000,10
2014-03-19,1374.0500,1374.0500,1374.0500,1374.0500,12
2014-04-02,1374.0500,1374.0500,1373.0000,1373.0000,30
2014-04-03,1370.0000,1370.0000,1370.0000,1370.0000,26
2014-04-09,1396.9500,1397.9000,1396.9500,1397.9000,85
2014-04-11,1377.0000,1377.0000,1375.9000,1375.9000,14
2014-04-14,1378.0000,1378.0000,1378.0000,1378.0000,12
2014-04-22,1384.9500,1389.0000,1384.9500,1389.0000,34
2014-04-23,1406.0000,1406.0000,1406.0000,1406.0000,7
2014-04-25,1392.2140,1392.2140,1392.2140,1392.2140,248
2014-04-30,1386.9000,1386.9000,1386.9000,1386.9000,8
2014-05-08,1407.0000,1407.0000,1406.3510,1406.3510,102
2014-05-14,1440.7920,1440.7920,1440.7920,1440.7920,180
2014-05-15,1434.9500,1434.9500,1434.9500,1434.9500,40
2014-05-22,1456.0000,1456.0000,1456.0000,1456.0000,2
2014-05-23,1447.0000,1447.0000,1447.0000,1447.0000,1
2014-05-27,1456.9500,1456.9500,1456.9500,1456.9500,30
2014-05-30,1467.1000,1472.9000,1467.1000,1472.9000,58
2014-06-02,1474.0000,1474.0000,1474.0000,1474.0000,9
2014-06-06,1458.0000,1458.0000,1458.0000,1458.0000,1
2014-06-10,1465.0000,1465.0000,1465.0000,1465.0000,10
2014-06-11,1472.0000,1472.0000,1471.0000,1471.0000,13
2014-06-12,1463.0000,1463.0000,1463.0000,1463.0000,2
2014-06-18,1491.9000,1495.0670,1491.9000,1495.0670,285
2014-06-24,1494.9500,1494.9500,1484.0500,1484.0500,75
2014-06-26,1468.1000,1468.1000,1468.1000,1468.1000,20
2014-07-03,1501.9500,1512.0000,1501.9500,1512.0000,75
2014-07-09,1462.1000,1469.9500,1462.1000,1469.9500,30
2014-07-11,1437.0000,1437.0000,1437.0000,1437.0000,15
2014-07-14,1472.9500,1472.9500,1472.9500,1472.9500,20
2014-07-15,1484.0000,1484.0000,1483.0000,1483.0000,25
2014-07-18,1519.0000,1519.0000,1519.0000,1519.0000,7
2014-07-22,1492.0000,1492.0000,1492.0000,1492.0000,5
2014-07-30,1483.9500,1483.9500,1483.9500,1483.9500,3
2014-08-04,1462.0000,1462.0000,1462.0000,1462.0000,1
2014-08-22,1520.9000,1520.9000,1520.9000,1520.9000,3
2014-09-02,1536.0000,1536.0000,1536.0000,1536.0000,30
2014-09-04,1554.9500,1554.9500,1554.9500,1554.9500,3
2014-09-11,1532.9500,1532.9500,1532.9500,1532.9500,35
2014-09-12,1520.0000,1520.0000,1520.0000,1520.0000,2
2014-09-18,1531.9000,1534.9000,1531.9000,1534.9000,25
2014-09-23,1530.0000,1530.0000,1530.0000,1530.0000,10
2014-09-24,1521.9500,1521.9500,1521.9500,1521.9500,2
2014-09-30,1522.9500,1522.9500,1522.9500,1522.9500,25
2014-10-02,1512.0000,1512.0000,1511.0000,1511.5890,1048
2014-10-07,1525.0000,1525.0000,1515.0000,1515.0000,337
2014-10-08,1497.0000,1497.0000,1494.0000,1496.0000,56
2014-10-13,1459.2500,1463.3380,1459.2500,1463.3380,935
2014-10-14,1477.2500,1477.2500,1470.0000,1470.0000,4
2014-10-17,1488.0000,1488.0000,1488.0000,1488.0000,10
2014-10-20,1486.9500,1486.9500,1486.9500,1486.9500,17
2014-10-24,1539.0000,1539.0000,1539.0000,1539.0000,3
2014-11-03,1587.0000,1587.0000,1580.7340,1580.7340,566
2014-11-05,1591.9500,1591.9500,1591.9500,1591.9500,23
2014-11-11,1610.0870,1610.0870,1610.0870,1610.0870,460
2014-11-12,1607.1000,1607.1000,1607.1000,1607.1000,3
2014-11-13,1637.0000,1637.0000,1637.0000,1637.0000,832
2014-11-14,1635.0000,1635.0000,1633.0000,1633.0000,2
2014-11-18,1640.9500,1640.9500,1640.9500,1640.9500,5
2014-11-20,1642.0000,1642.0000,1642.0000,1642.0000,1
2014-11-21,1649.5000,1665.9000,1649.5000,1665.9000,6
2014-11-24,1654.0500,1654.0500,1654.0500,1654.0500,30
2014-12-02,1747.0000,1747.0000,1728.9000,1728.9000,15
2014-12-16,1734.9500,1734.9500,1734.9500,1734.9500,12
2014-12-19,1774.0000,1774.0000,1774.0000,1774.0000,1
2014-12-22,1807.0000,1807.0000,1805.0000,1805.0000,12
2014-12-30,1802.0000,1802.0000,1802.0000,1802.0000,6
2015-01-08,1861.0000,1861.0000,1860.0000,1860.0000,48
2015-01-09,1907.2500,1907.2500,1907.2500,1907.2500,5
2015-01-12,1918.0000,1918.0000,1918.0000,1918.0000,10
2015-01-13,1910.9000,1910.9000,1910.9000,1910.9000,5
2015-01-14,1901.0000,1901.0000,1901.0000,1901.0000,6
2015-01-15,1719.0500,1752.9000,1719.0500,1752.9000,7
2015-01-16,1604.9500,1612.0000,1604.9500,1612.0000,19
2015-01-19,1643.0000,1643.0000,1643.0000,1643.0000,2
2015-01-20,1655.0000,1655.0000,1653.0000,1653.0000,17
2015-01-21,1604.0000,1604.0000,1604.0000,1604.0000,7
2015-01-22,1590.9500,1590.9500,1590.9500,1590.9500,13
2015-01-26,1673.1000,1703.9500,1672.1000,1703.9500,15
2015-01-30,1700.0000,1706.9000,1700.0000,1703.7500,50
2015-02-02,1704.0000,1704.0000,1704.0000,1704.0000,2
2015-02-04,1711.0000,1711.0000,1711.0000,1711.0000,2
2015-02-05,1737.0000,1737.0000,1732.9000,1734.0000,77
2015-02-09,1739.0000,1743.0500,1739.0000,1743.0500,9
2015-02-10,1755.0000,1755.0000,1755.0000,1755.0000,6
2015-02-13,1778.0000,1778.0000,1774.9000,1774.9000,21
2015-02-17,1774.1000,1774.1000,1774.1000,1774.1000,7
2015-02-19,1813.9000,1813.9000,1813.9000,1813.9000,14
2015-02-20,1821.9000,1821.9000,1821.9000,1821.9000,29
2015-02-23,1825.7500,1825.7500,1825.7500,1825.7500,11
2015-02-24,1832.9000,1832.9000,1826.8500,1832.9000,39
2015-02-25,1840.0000,1840.0000,1840.0000,1840.0000,5
2015-02-27,1830.0000,1835.9000,1830.0000,1831.0000,37
2015-03-05,1832.0000,1840.9500,1832.0000,1840.9500,44
2015-03-06,1841.9000,1841.9000,1826.9500,1826.9500,37
2015-03-09,1794.8500,1794.8500,1790.7500,1790.7500,4
2015-03-10,1809.0000,1809.0000,1806.1750,1806.1750,93
2015-03-13,1832.9500,1832.9500,1832.9500,1832.9500,5
2015-03-16,1853.0000,1853.0000,1853.0000,1853.0000,23
2015-03-20,1846.0000,1846.0000,1846.0000,1846.0000,4
2015-03-24,1792.0000,1802.1000,1786.9000,1786.9000,21
2015-03-27,1762.9500,1762.9500,1762.9500,1762.9500,5
2015-03-30,1785.0000,1785.0000,1785.0000,1785.0000,4
2015-04-01,1758.1420,1758.1420,1758.1420,1758.1420,1129
2015-04-02,1743.9000,1743.9000,1743.9000,1743.9000,2
2015-04-07,1758.0000,1758.0000,1758.0000,1758.0000,3
2015-04-08,1757.0000,1760.9000,1757.0000,1757.0000,12
2015-04-13,1768.0000,1768.0000,1768.0000,1768.0000,6
2015-04-20,1772.1000,1772.1000,1772.1000,1772.1000,10
2015-04-29,1769.9000,1769.9000,1769.9000,1769.9000,3
2015-05-06,1739.9000,1739.9000,1735.9000,1735.9000,16
2015-05-11,1739.6190,1739.6190,1739.6190,1739.6190,622
2015-05-12,1728.0000,1728.0000,1728.0000,1728.0000,2
2015-05-20,1751.8800,1751.8800,1751.8800,1751.8800,92
2015-06-04,1712.0000,1712.0000,1712.0000,1712.0000,30
2015-06-09,1680.0000,1680.0000,1680.0000,1680.0000,1
2015-06-10,1674.0000,1674.0000,1673.0000,1673.0000,2600
2015-06-11,1690.0000,1690.0000,1690.0000,1690.0000,400
2015-06-16,1632.1000,1637.9000,1632.1000,1637.9000,21
2015-06-17,1648.0500,1648.0500,1641.0500,1641.0500,10
2015-06-19,1648.9000,1649.9000,1648.9000,1648.9000,18
2015-06-23,1693.9500,1693.9500,1693.9500,1693.9500,6
2015-06-25,1655.0000,1655.0000,1655.0000,1655.0000,11
2015-06-26,1646.9000,1646.9000,1646.9000,1646.9000,19
2015-07-13,1659.9000,1659.9000,1659.9000,1659.9000,5
2015-07-15,1660.1000,1660.1000,1660.1000,1660.1000,5
2015-07-16,1674.4370,1674.4370,1674.4370,1674.4370,142
2015-07-17,1762.9000,1762.9000,1758.9500,1758.9500,23
2015-07-22,1745.0000,1747.9000,1745.0000,1745.0000,211
2015-07-23,1767.9000,1767.9000,1767.9000,1767.9000,2
2015-07-27,1728.0500,1728.0500,1728.0500,1728.0500,18
2015-07-29,1772.9000,1772.9000,1772.9000,1772.9000,6
2015-08-04,1791.0500,1791.0500,1791.0500,1791.0500,2
2015-08-12,1782.9500,1785.9000,1773.0500,1773.0500,26
2015-08-13,1763.9000,1763.9000,1763.9000,1763.9000,10
2015-08-17,1754.9500,1754.9500,1754.9500,1754.9500,32
2015-08-19,1766.9000,1766.9000,1766.9000,1766.9000,9
2015-08-25,1671.9000,1671.9000,1671.9000,1671.9000,16
2015-08-27,1642.9000,1642.9000,1624.9500,1624.9500,22
2015-09-02,1642.1000,1642.1000,1642.1000,1642.1000,4
2015-09-03,1664.9500,1664.9500,1662.9000,1662.9000,12
2015-09-04,1647.9500,1647.9500,1645.9000,1645.9000,25
2015-09-07,1643.9000,1643.9000,1643.9000,1643.9000,7
2015-09-08,1663.9000,1667.9000,1663.9000,1667.9000,37
2015-09-09,1687.9500,1687.9500,1680.9000,1680.9000,28
2015-09-14,1645.9500,1645.9500,1645.9500,1645.9500,1
2015-09-16,1627.9500,1641.9500,1627.9500,1641.9500,107
2015-09-17,1627.9500,1627.9500,1627.9500,1627.9500,9
2015-09-18,1625.9500,1625.9500,1621.9500,1621.9500,27
2015-09-22,1597.0000,1597.0000,1597.0000,1597.0000,35
2015-09-24,1573.0000,1573.0000,1573.0000,1573.0000,25
2015-09-25,1585.0000,1585.0000,1585.0000,1585.0000,4
2015-09-30,1580.9500,1580.9500,1580.9500,1580.9500,4
2015-10-01,1569.7330,1569.7330,1569.7330,1569.7330,15
2015-10-05,1580.9500,1588.9000,1580.9500,1588.9000,7
2015-10-08,1617.9000,1617.9000,1617.9000,1617.9000,2
2015-10-09,1690.9000,1697.9500,1690.9000,1694.5700,446
2015-10-12,1701.0000,1701.0000,1701.0000,1701.0000,1553
2015-10-13,1690.9000,1692.0000,1690.0000,1690.0000,2512
2015-10-14,1701.0500,1701.0500,1701.0500,1701.0500,4
2015-10-16,1750.9000,1750.9000,1750.9000,1750.9000,12
2015-10-20,1711.0000,1711.0000,1711.0000,1711.0000,18
2015-10-22,1705.9000,1705.9000,1705.9000,1705.9000,10
2015-10-23,1762.9000,1762.9000,1762.9000,1762.9000,25
2015-10-26,1766.9000,1766.9000,1766.9000,1766.9000,6
2015-10-27,1762.9000,1762.9000,1762.9000,1762.9000,16
2015-10-30,1764.9000,1764.9000,1764.9000,1764.9000,6
2015-11-02,1765.1000,1783.9500,1765.1000,1783.9500,8
2015-11-03,1804.9000,1804.9000,1804.9000,1804.9000,20
2015-11-04,1806.9000,1806.9000,1806.9000,1806.9000,35
2015-11-05,1829.9000,1829.9000,1829.9000,1829.9000,7
2015-11-06,1831.9000,1831.9000,1831.9000,1831.9000,6
2015-11-09,1808.9000,1808.9000,1808.9000,1808.9000,4
2015-11-11,1817.0500,1817.0500,1817.0500,1817.0500,4
2015-11-13,1763.9500,1768.0000,1763.9500,1768.0000,26
2015-11-16,1779.1000,1779.1000,1779.1000,1779.1000,7
2015-11-17,1800.9500,1800.9500,1799.9500,1800.9500,14
2015-11-19,1832.9000,1832.9000,1832.9000,1832.9000,7
2015-11-20,1846.9500,1847.9000,1846.9500,1847.9000,10
2015-11-23,1835.9500,1835.9500,1835.9500,1835.9500,10
2015-11-25,1834.9500,1835.9000,1834.9500,1835.9000,29
2015-11-30,1858.9500,1858.9500,1858.9500,1858.9500,2
2015-12-01,1853.9500,1853.9500,1843.9500,1853.9500,12
2015-12-02,1855.9000,1855.9000,1855.9000,1855.9000,9
2015-12-03,1855.1000,1855.1000,1823.9000,1823.9000,34
2015-12-04,1810.0000,1810.0000,1810.0000,1810.0000,16
2015-12-07,1830.9000,1840.0500,1830.9000,1840.0500,8
2015-12-08,1834.9000,1834.9000,1834.0000,1834.9000,30
2015-12-10,1794.0500,1794.0500,1794.0500,1794.0500,5
2015-12-11,1776.9500,1776.9500,1776.9500,1776.9500,4
2015-12-14,1778.9500,1779.9000,1778.9500,1779.9000,15
2015-12-15,1810.9500,1814.9000,1809.9500,1814.9000,56
2015-12-22,1770.9500,1770.9500,1770.9500,1770.9500,13
2015-12-23,1797.9000,1797.9000,1797.9000,1797.9000,8
2015-12-29,1830.9500,1830.9500,1826.9000,1826.9000,14
2015-12-30,1831.9000,1831.9000,1831.9000,1831.9000,12
2016-01-04,1787.8500,1787.8500,1780.9000,1780.9000,16
2016-01-05,1768.9000,1768.9000,1768.9000,1768.9000,3
2016-01-06,1749.9000,1750.9500,1749.9000,1750.9500,10
2016-01-07,1709.9500,1728.9500,1709.9500,1728.9500,31
2016-01-08,1749.9500,1762.9500,1749.9500,1762.9500,10
2016-01-13,1821.9000,1821.9000,1821.9000,1821.9000,10
2016-01-15,1767.0000,1767.0000,1767.0000,1767.0000,3
2016-01-18,1775.0500,1801.0500,1775.0500,1775.0500,28
2016-01-19,1811.9000,1811.9000,1811.9000,1811.9000,8
2016-01-20,1751.2600,1751.2600,1751.2600,1751.2600,188
2016-01-22,1806.9000,1814.1000,1806.9000,1814.1000,9
2016-01-26,1841.9000,1841.9000,1841.9000,1841.9000,11
2016-01-28,1861.0000,1862.1000,1861.0000,1861.8500,40
2016-01-29,1884.9000,1891.1000,1884.9000,1884.9000,41
2016-02-02,1921.9000,1921.9000,1921.9000,1921.9000,12
2016-02-10,1821.9000,1821.9000,1821.9000,1821.9000,7
2016-02-11,1757.1000,1766.9000,1752.9000,1766.9000,17
2016-02-15,1812.9500,1812.9500,1812.9500,1812.9500,7
2016-02-16,1814.9000,1816.9500,1814.9000,1814.9000,34
2016-02-18,1857.9000,1862.9000,1857.9000,1862.9000,27
2016-02-19,1872.9500,1872.9500,1872.9500,1872.9500,20
2016-02-24,1838.0500,1838.0500,1838.0500,1838.0500,1
2016-02-25,1876.9500,1876.9500,1876.9000,1876.9000,13
2016-02-26,1884.1000,1884.1000,1884.1000,1884.1000,5
2016-02-29,1859.9000,1859.9000,1857.9000,1859.9000,20
2016-03-01,1897.9500,1902.9500,1897.9500,1902.9500,30
2016-03-03,1885.0000,1885.0000,1885.0000,1885.0000,2
2016-03-04,1875.0500,1875.0500,1875.0500,1875.0500,7
2016-03-07,1869.1000,1869.1000,1869.1000,1869.1000,4
2016-03-08,1869.9000,1878.0000,1869.9000,1878.0000,22
2016-03-09,1878.9000,1894.9500,1878.9000,1894.9500,33
2016-03-10,1888.9000,1888.9000,1888.9000,1888.9000,4
2016-03-11,1878.1000,1883.9000,1878.1000,1883.9000,11
2016-03-14,1899.7500,1899.9500,1891.9500,1891.9500,15
2016-03-15,1898.9000,1898.9000,1898.2310,1898.2310,263
2016-03-16,1905.0000,1917.9500,1903.1000,1917.9500,47
2016-03-22,1833.0000,1833.0000,1833.0000,1833.0000,8
2016-03-23,1874.9500,1875.9500,1874.9500,1875.9500,10
2016-03-24,1889.9000,1891.9000,1885.9500,1891.9000,21
2016-03-29,1903.9500,1913.9500,1891.9500,1913.9500,9
2016-03-30,1907.9500,1912.9000,1907.9500,1911.9000,17
2016-04-01,1880.9000,1880.9000,1880.9000,1880.9000,3
2016-04-04,1896.9500,1896.9500,1896.9500,1896.9500,25
2016-04-05,1881.9000,1881.9000,1879.9500,1879.9500,17
2016-04-06,1881.9500,1897.9000,1881.9500,1897.9000,35
2016-04-07,1906.8500,1906.8500,1892.9000,1892.9000,15
2016-04-08,1905.9000,1908.9000,1905.9000,1908.9000,8
2016-04-11,1891.9000,1891.9000,1891.9000,1891.9000,7
2016-04-12,1908.0000,1908.0000,1908.0000,1908.0000,1
2016-04-13,1942.9000,1942.9500,1922.9500,1922.9500,75
2016-04-14,1918.9500,1922.0000,1918.9500,1922.0000,16
2016-04-15,1926.0000,1936.9000,1926.0000,1936.9000,16
2016-04-18,1939.9500,1939.9500,1939.9500,1939.9500,14
2016-04-19,1929.9500,1929.9500,1929.9500,1929.9500,10
2016-04-20,1928.9000,1928.9000,1928.9000,1928.9000,3
2016-04-21,1921.9500,1921.9500,1921.9500,1921.9500,11
2016-04-22,1927.9000,1927.9000,1927.9000,1927.9000,2
2016-04-27,1920.2180,1920.2180,1920.2180,1920.2180,46
2016-04-28,1889.9000,1889.9000,1889.9000,1889.9000,18
2016-04-29,1888.9500,1888.9500,1888.9500,1888.9500,7
2016-05-03,1894.1000,1912.9500,1894.1000,1912.9500,15
2016-05-04,1895.9500,1895.9500,1895.9500,1895.9500,30
2016-05-06,1891.9000,1900.9500,1889.1000,1900.9500,34
2016-05-10,1922.8500,1922.8500,1922.8500,1922.8500,5
2016-05-12,1930.9500,1932.9000,1930.9500,1932.9000,6
2016-05-13,1948.0500,1948.0500,1948.0500,1948.0500,10
2016-05-17,1952.9000,1952.9000,1943.9000,1943.9000,27
2016-05-18,1940.9000,1943.0500,1940.9000,1943.0500,17
2016-05-19,1909.1770,1909.1770,1909.1770,1909.1770,96
2016-05-20,1923.9000,1923.9000,1923.9000,1923.9000,11
2016-05-23,1944.9000,1944.9000,1944.9000,1944.9000,3
2016-05-24,1936.9500,1936.9500,1936.9500,1936.9500,8
2016-05-25,1943.9000,1945.9500,1938.9500,1938.9500,21
2016-05-31,1909.0000,1909.0000,1909.0000,1909.0000,9
2016-06-01,1895.9500,1895.9500,1886.9500,1891.2930,87
2016-06-02,1881.5000,1881.5000,1881.5000,1881.5000,43
2016-06-03,1890.9000,1895.9000,1890.9000,1895.9000,16
2016-06-06,1883.9000,1883.9000,1883.9000,1883.9000,2
2016-06-07,1882.9000,1887.9500,1882.9000,1887.9500,11
2016-06-09,1849.0500,1849.0500,1848.9000,1848.9000,9
2016-06-10,1857.9000,1857.9000,1856.0000,1856.0000,10
2016-06-13,1835.7420,1835.7420,1835.7420,1835.7420,198
2016-06-14,1812.1750,1812.1750,1812.1750,1812.1750,400
2016-06-15,1820.9500,1830.7530,1820.9500,1830.7530,108
2016-06-16,1825.0500,1825.0500,1809.1000,1809.1000,13
2016-06-17,1824.0500,1826.9500,1821.0000,1821.0000,50
2016-06-20,1876.9000,1876.9000,1876.9000,1876.9000,15
2016-06-21,1881.9500,1881.9500,1881.9500,1881.9500,7
2016-06-22,1870.9000,1873.9000,1869.9500,1869.9500,17
2016-06-23,1889.9000,1889.9000,1889.1280,1889.1280,28
2016-06-24,1844.0000,1872.0000,1844.0000,1872.0000,16
2016-06-28,1854.9500,1872.0000,1854.9500,1872.0000,8
2016-06-29,1912.5000,1937.9500,1912.5000,1937.9500,1130
2016-06-30,1946.9500,1955.0000,1946.9500,1955.0000,7
2016-07-01,1971.9000,1977.1000,1971.9000,1977.1000,10
2016-07-04,1985.9000,1985.9000,1981.0860,1981.0860,1026
2016-07-05,1974.1000,1974.1000,1974.1000,1974.1000,12
2016-07-06,1971.1000,1971.1000,1971.1000,1971.1000,20
2016-07-07,1999.1000,1999.1000,1999.1000,1999.1000,10
2016-07-08,2010.9500,2019.9480,2010.9500,2019.9480,9055
2016-07-11,2032.0000,2032.0000,2024.1000,2024.1000,19
2016-07-12,2022.9000,2023.0000,2022.9000,2023.0000,11
2016-07-13,2036.9000,2042.6310,2036.9000,2042.6310,43
2016-07-14,2053.9000,2060.9500,2053.9000,2060.9000,35
2016-07-18,2112.9000,2113.9500,2098.9000,2109.9000,53
2016-07-21,2018.9000,2018.9000,2013.9000,2018.9000,20
2016-07-22,2015.9000,2023.4840,2015.9000,2023.4840,353
2016-07-25,2023.9000,2024.0000,2018.1670,2018.1670,247
2016-07-26,2016.0000,2032.9500,2015.0000,2032.9500,37
2016-07-27,2022.9500,2022.9500,2008.3720,2008.3720,64
2016-07-29,1977.1950,1977.1950,1977.1950,1977.1950,77
2016-08-02,1998.9500,1998.9500,1993.9500,1995.4640,24
2016-08-03,1988.9500,1988.9500,1988.9500,1988.9500,8
2016-08-04,1993.1000,2006.9500,1993.1000,2006.9500,9
2016-08-05,2023.9000,2023.9000,2008.0000,2014.9000,5
2016-08-08,2021.9500,2021.9500,2016.0240,2016.0240,161
2016-08-09,2030.9000,2030.9000,2030.9000,2030.9000,12
2016-08-10,2037.1000,2037.7550,2037.0000,2037.7550,105
2016-08-11,2065.9000,2067.2200,2065.9000,2067.2200,161
2016-08-12,2069.1760,2069.1760,2061.9090,2061.9090,3208
2016-08-15,2061.4730,2061.4730,2061.4730,2061.4730,56
2016-08-16,2037.9000,2037.9000,2037.9000,2037.9000,5
2016-08-17,2031.9000,2031.9000,2030.9500,2030.9500,5
2016-08-18,2037.9000,2037.9000,2037.9000,2037.9000,8
2016-08-19,2033.9500,2033.9500,2024.1000,2024.1000,14
2016-08-23,2051.0500,2052.9500,2045.9500,2052.9500,43
2016-08-24,2044.9500,2044.9500,2044.9500,2044.9500,1
2016-08-25,2033.9000,2033.9000,2033.9000,2033.9000,5
2016-08-30,2059.9500,2059.9500,2059.9500,2059.9500,4
2016-08-31,2047.9500,2047.9500,2047.9500,2047.9500,2
2016-09-01,2051.9000,2051.9000,2051.9000,2051.9000,2
2016-09-02,2044.1000,2044.1000,2044.1000,2044.1000,2
2016-09-05,2077.8500,2077.8500,2062.9500,2062.9500,10
2016-09-06,2056.9500,2074.2590,2048.0500,2074.2590,9
2016-09-07,2063.9500,2063.9500,2059.0000,2059.4850,23
2016-09-09,2041.1000,2041.1000,2018.9500,2018.9500,10
2016-09-12,1997.0000,2009.9500,1997.0000,2009.9500,5
2016-09-13,2007.9500,2007.9500,2005.9500,2005.9500,17
2016-09-15,2010.0500,2011.1000,2010.0500,2011.1000,8
2016-09-16,1995.9500,1995.9500,1995.9500,1995.9500,2
2016-09-20,2017.9000,2019.9500,2017.9000,2019.9500,18
2016-09-21,2006.1000,2006.1000,1986.4780,1986.4780,35
2016-09-23,2003.9000,2003.9000,2003.9000,2003.9000,8
2016-09-26,1983.1000,1985.9500,1983.1000,1985.9500,10
2016-09-27,1982.9000,1986.0000,1978.9500,1978.9500,223
2016-09-28,1996.9500,1999.9000,1996.9500,1999.9000,9
2016-09-30,1959.9000,1963.0000,1959.9000,1963.0000,5
2016-10-03,1969.0000,1989.9500,1969.0000,1989.9500,15
2016-10-04,1999.0000,1999.0000,1999.0000,1999.0000,3
2016-10-05,1989.9000,1997.9500,1989.9000,1997.9500,30
2016-10-06,1989.7500,1989.7500,1989.7500,1989.7500,3
2016-10-07,1994.7500,1994.7500,1994.7500,1994.7500,1
2016-10-10,1958.9000,1958.9000,1958.9000,1958.9000,5
2016-10-11,1971.9500,1971.9500,1953.9000,1953.9000,28
2016-10-12,1942.9000,1942.9000,1942.9000,1942.9000,17
2016-10-13,1920.9000,1925.9000,1920.9000,1925.9000,6
2016-10-14,1953.9000,1955.9500,1953.9000,1955.9500,7
2016-10-17,1938.9000,1938.9000,1938.9000,1938.9000,1
2016-10-18,1946.9500,1946.9500,1946.9500,1946.9500,25
2016-10-19,1940.9500,1947.9500,1940.9500,1947.9500,21
2016-10-20,1935.5000,1935.5000,1935.5000,1935.5000,4
2016-10-21,1926.1000,1926.1000,1926.1000,1926.1000,2
2016-10-25,1929.9500,1929.9500,1929.9500,1929.9500,5
2016-10-26,1909.9500,1921.9500,1909.9500,1921.9500,21
2016-10-27,1916.9500,1926.9000,1916.9500,1924.9000,25
2016-10-28,1918.9500,1918.9500,1918.9500,1918.9500,5
2016-10-31,1922.0000,1922.0000,1922.0000,1922.0000,2
2016-11-03,1875.9500,1875.9500,1865.9500,1865.9500,44
2016-11-07,1885.0000,1885.0000,1885.0000,1885.0000,8
2016-11-09,1846.9000,1846.9000,1846.9000,1846.9000,10
2016-11-11,1759.0000,1759.0000,1759.0000,1759.0000,7
2016-11-14,1767.0500,1767.0500,1767.0500,1767.0500,10
2016-11-15,1793.0000,1793.0000,1793.0000,1793.0000,2
2016-11-16,1789.9500,1789.9500,1789.9500,1789.9500,1
2016-11-18,1809.9500,1809.9500,1809.9500,1809.9500,5
2016-11-21,1798.9000,1798.9000,1798.9000,1798.9000,10
2016-11-22,1791.9000,1791.9000,1788.9500,1788.9500,24
2016-11-23,1793.9500,1796.9000,1793.9500,1793.9500,46
2016-11-25,1816.9500,1834.9500,1816.9500,1834.9500,19
2016-11-29,1817.9500,1817.9500,1817.9500,1817.9500,20
2016-11-30,1834.9500,1834.9500,1834.1000,1834.1000,29
2016-12-01,1810.9000,1810.9000,1802.0000,1810.9000,37
2016-12-05,1793.0500,1793.0500,1793.0500,1793.0500,9
2016-12-06,1782.9500,1782.9500,1782.9500,1782.9500,10
2016-12-07,1777.9500,1778.9000,1777.9500,1778.9000,5
2016-12-08,1773.1000,1773.1000,1773.0580,1773.0580,852
2016-12-09,1801.9500,1823.9500,1801.9500,1823.9500,42
2016-12-13,1798.1000,1806.4190,1798.1000,1806.4190,79
2016-12-14,1797.9500,1801.9500,1797.9500,1801.9500,10
2016-12-15,1815.0500,1815.9000,653.7465,653.7465,79
2016-12-16,1825.9000,1825.9000,1816.9500,1822.9500,25
2016-12-19,1819.9000,1829.8730,1819.9000,1829.8690,40
2016-12-20,1824.9000,1829.4330,1824.9000,1829.4330,467
2016-12-21,1823.9000,1823.9000,1820.9500,1820.9500,3
2016-12-22,1833.9500,1833.9500,1833.9500,1833.9500,8
2016-12-23,1833.9500,1833.9500,1832.9000,1832.9000,15
2016-12-28,1841.9500,1848.9500,1841.9500,1848.9500,19
2016-12-30,1858.9500,1858.9500,1858.9500,1858.9500,2
2017-01-03,1862.0500,1862.0500,1855.0000,1855.0000,7
2017-01-04,1863.0000,1866.6090,1863.0000,1866.6090,78
2017-01-05,1869.9500,1869.9500,1867.9500,1867.9500,4
2017-01-10,1847.0190,1847.0190,1847.0190,1847.0190,10833
2017-01-11,1853.9500,1858.9500,1853.9500,1858.9500,8
2017-01-12,1844.9500,1847.9500,1844.9500,1847.9500,3
2017-01-13,1852.9000,1852.9000,1846.0500,1846.9500,22
2017-01-16,1832.8310,1832.8310,1827.6370,1827.6370,36
2017-01-17,1822.0500,1825.0500,1816.5000,1816.5000,752
2017-01-19,1794.3790,1822.1510,1794.3790,1822.1510,1453
2017-01-20,1812.9500,1815.0700,1798.9500,1815.0700,303
2017-01-24,1825.9000,1825.9000,1818.9500,1818.9500,19
2017-01-25,1832.9500,1832.9500,1832.9500,1832.9500,11
2017-01-26,1811.1790,1811.1790,1811.1790,1811.1790,1000
2017-01-27,1826.9500,1827.0500,1826.9500,1827.0500,14
2017-01-31,1778.1420,1778.1420,1766.4230,1766.4230,824
2017-02-01,1748.9000,1754.9500,1748.9000,1753.2600,51
2017-02-02,1759.0500,1759.0500,1759.0500,1759.0500,1
2017-02-03,1714.9500,1714.9500,1710.5000,1710.5000,302
2017-02-06,1727.9500,1727.9500,1727.9500,1727.9500,2
2017-02-07,1746.9500,1757.0500,1737.9500,1757.0500,40
2017-02-08,1764.9500,1764.9500,1764.9500,1764.9500,22
2017-02-09,1779.9500,1786.0500,1779.9500,1780.0000,2007
2017-02-10,1764.9500,1764.9500,1764.9500,1764.9500,3
2017-02-13,1764.9500,1765.9500,1764.9500,1765.9500,15
2017-02-14,1780.0500,1780.0500,1780.0500,1780.0500,10
2017-02-15,1777.9500,1781.9500,1777.9500,1781.9500,10
2017-02-16,1784.9500,1784.9500,1784.9500,1784.9500,28
2017-02-20,1814.0500,1814.0500,1812.0500,1812.0500,19
2017-02-21,1818.0000,1818.0000,1818.0000,1818.0000,3
2017-02-22,1817.0000,1820.9500,1817.0000,1820.9500,5
2017-02-23,1823.0500,1823.0500,1823.0500,1823.0500,35
2017-02-24,1818.9500,1818.9500,1818.9500,1818.9500,1
2017-02-27,1820.0000,1825.9500,1820.0000,1825.9500,25
2017-02-28,1824.0500,1824.0500,1824.0500,1824.0500,24
2017-03-02,1817.1000,1817.1000,1810.9500,1810.9500,23
2017-03-03,1802.9500,1802.9500,1802.9500,1802.9500,2
2017-03-06,1812.0500,1813.0500,1805.4210,1805.4210,284
2017-03-07,1822.0500,1822.0500,1822.0500,1822.0500,13
2017-03-08,1795.0000,1799.9500,1795.0000,1795.0000,48
2017-03-09,1807.9500,1807.9500,1807.9500,1807.9500,5
2017-03-10,1808.9500,1815.0000,1808.9500,1815.0000,10837
2017-03-14,1810.9500,1810.9500,1810.9500,1810.9500,2
2017-03-15,1820.0500,1820.0500,1816.0500,1820.0500,35
2017-03-16,1832.9500,1837.9500,1828.0000,1837.9500,41
2017-03-17,1830.0500,1833.9500,1825.9500,1833.9500,52
2017-03-20,1838.0000,1847.0000,1837.0000,1847.0000,18
2017-03-21,1855.0000,1866.0000,1851.0000,1851.0000,18826
2017-03-22,1852.9500,1854.0000,1852.9500,1854.0000,6
2017-03-23,1844.9500,1851.9500,1843.0500,1851.9500,19
2017-03-24,1870.0000,1870.0000,1870.0000,1870.0000,13
2017-03-28,1796.9500,1796.9500,1796.9500,1796.9500,6
2017-03-29,1802.0000,1802.0000,1791.0000,1791.0000,2
2017-03-30,1789.0000,1801.0000,1789.0000,1801.0000,4
2017-03-31,1802.0000,1802.0000,1802.0000,1802.0000,1
2017-04-03,1801.9500,1801.9500,1801.9500,1801.9500,10
2017-04-04,1795.0000,1795.9500,1795.0000,1795.9500,2002
2017-04-05,1806.2500,1806.2500,1806.2500,1806.2500,9
2017-04-06,1797.0000,1803.0500,1797.0000,1803.0500,3
2017-04-10,1823.7500,1829.0000,1823.7500,1823.9150,34
2017-04-11,1877.9500,1885.9500,1873.9500,1885.9500,41
2017-04-12,1906.0000,1906.0000,1899.7720,1899.7720,1049
2017-04-13,1896.9500,1896.9500,1894.9500,1896.9500,16
2017-04-18,1897.2430,1897.2430,1897.2430,1897.2430,2
2017-04-20,1907.9500,1907.9500,1898.0500,1907.9500,25
2017-04-24,1913.9500,1920.9500,1913.9500,1920.9500,28
2017-04-25,1922.9500,1922.9500,1920.9500,1920.9500,12
2017-04-26,1921.9500,1925.9500,1921.9500,1925.9500,14
2017-04-27,1923.9500,1942.0000,1923.9500,1941.9500,21
2017-04-28,1930.9500,1930.9500,1920.0000,1921.0000,14
2017-05-02,1930.0500,1934.3870,1930.0500,1934.3870,12
2017-05-03,1946.0500,1946.0500,1946.0500,1946.0500,1
2017-05-04,1942.9500,1954.9500,1942.9500,1954.9500,7
2017-05-05,1946.9500,1951.0000,1946.0500,1951.0000,44
2017-05-08,1955.0500,1958.9500,1955.0500,1958.9500,22
2017-05-09,1964.9500,1964.9500,1956.9500,1956.9500,33
2017-05-10,1942.0000,1942.9500,1942.0000,1942.9500,7
2017-05-12,1951.9500,1963.0000,1951.9500,1963.0000,21
2017-05-15,1955.0000,1958.9500,1955.0000,1958.9500,7
2017-05-16,1954.9500,1965.9500,1954.9500,1965.9500,22
2017-05-17,1957.9500,1957.9500,1957.9500,1957.9500,10
2017-05-18,1945.0500,1945.0500,1945.0500,1945.0500,13
2017-05-19,1992.9500,1992.9500,1991.9500,1991.9500,9
2017-05-22,2002.1000,2015.9500,2002.1000,2015.9500,12
2017-05-23,2007.0000,2012.9500,2007.0000,2012.9500,69
2017-05-24,2010.0500,2010.9500,2010.0500,2010.9500,22
2017-05-26,2008.0500,2008.0500,2000.0500,2000.0500,13
2017-05-30,1992.9500,1992.9500,1992.9500,1992.9500,2
2017-05-31,1991.9500,1991.9500,1991.9500,1991.9500,7
2017-06-01,1996.9500,2000.9500,1996.9500,2000.9500,10
2017-06-02,2009.0500,2013.9500,2009.0500,2013.9500,9
2017-06-06,2007.9500,2008.9500,2007.9500,2007.9500,14
2017-06-07,1958.9500,1969.9000,1958.9500,1969.9000,24
2017-06-08,1955.0500,1955.9500,1955.0500,1955.9500,6
2017-06-09,1964.9500,1973.0500,1964.9500,1969.9500,44
2017-06-12,1943.9500,1943.9500,1943.9500,1943.9500,18
2017-06-13,1958.9500,1975.9500,1958.9500,1975.0500,7
2017-06-14,1991.0000,1992.9500,1991.0000,1991.0000,2
2017-06-15,1972.6210,1972.6210,1972.6210,1972.6210,1000
2017-06-16,1970.0000,1970.8830,1970.0000,1970.8830,538
2017-08-29,1953.0000,1954.0000,1941.0000,1947.0300,1924
2017-08-30,1959.0000,1969.0000,1958.0000,1962.3540,1194
2017-08-31,1978.0000,1978.0000,1959.0000,1960.0000,1951
2017-09-01,1969.0000,1975.0000,1966.0000,1973.8030,216
2017-09-04,1979.0000,1983.0000,1973.0000,1973.2170,1049
2017-09-05,1985.0000,1989.0000,1977.0000,1981.8150,1363
2017-09-06,1973.0000,1977.0500,1969.0000,1974.1470,1358
2017-09-07,1983.0000,2011.0000,1983.0000,1997.1000,3960
2017-09-08,1991.0000,2017.0000,1989.9850,2010.9600,3084
2017-09-11,2019.0000,2037.0000,2014.2800,2028.5560,1763
2017-09-12,2031.0000,2043.0000,2031.0000,2037.4340,269
2017-09-13,2027.0000,2034.1250,2024.0000,2028.9390,3301
2017-09-14,2023.0000,2039.0000,2023.0000,2031.4070,5973
2017-09-15,2036.0000,2044.0000,2023.1900,2023.7110,4582
2017-09-18,2024.0000,2034.0000,2021.0000,2028.2230,1495
2017-09-19,2054.1250,2072.5000,2050.0000,2059.0820,2310
2017-09-20,2077.2500,2098.5150,2077.2500,2091.2300,1606
2017-09-21,2089.0000,2095.0000,2072.0000,2093.2300,1569
2017-09-22,2095.0000,2116.0000,2095.0000,2105.2270,3643
2017-09-25,2127.0000,2129.0000,2114.8750,2119.8470,1237
2017-09-26,2113.0000,2118.5000,2095.8750,2101.4160,563
2017-09-27,2099.0000,2101.0000,2087.1250,2089.0000,2664
2017-09-28,2082.0000,2102.0000,2080.5000,2095.0540,1425
2017-09-29,2096.0000,2113.0000,2096.0000,2105.0680,1837
2017-10-02,2106.8750,2107.0000,2094.1250,2100.2310,2624
2017-10-03,2104.0000,2113.0000,2092.0270,2110.8510,5873
2017-10-04,2114.0000,2123.8490,2106.0000,2122.7670,770
2017-10-05,2114.0000,2116.0000,2100.0000,2106.2320,3432
2017-10-06,2105.0000,2105.0000,2078.5000,2084.7710,6068
2017-10-09,2083.0000,2102.0000,2082.0000,2094.0140,4141
2017-10-10,2159.0000,2178.1590,2142.0000,2151.9140,7456
2017-10-11,2163.0000,2163.0000,2141.8930,2155.4130,3010
2017-10-12,2151.5000,2177.0000,2151.0000,2171.7750,7460
2017-10-13,2160.5900,2172.0000,2157.9050,2166.5400,8707
2017-10-16,2172.1250,2177.0000,2161.0000,2161.2380,3456
2017-10-17,2168.0000,2173.0000,2155.0000,2156.8380,3251
2017-10-18,2145.0000,2166.2330,2145.0000,2159.8800,2959
2017-10-19,2146.0000,2155.0000,2144.0000,2154.7850,345
2017-10-20,2164.0000,2170.6020,2154.0000,2163.2380,1292
2017-10-23,2175.0000,2191.0000,2174.0000,2187.0000,2766
2017-10-24,2185.8750,2190.8750,2179.0000,2188.1360,1682
2017-10-25,2189.0000,2201.8750,2180.1250,2192.6150,639
2017-10-26,2187.0000,2205.0000,2179.9500,2189.0400,1220
2017-10-27,2216.0000,2224.0000,2206.0000,2220.7540,4855
2017-10-30,2214.0000,2224.0000,2211.0000,2218.2500,218
2017-10-31,2227.0000,2233.0000,2222.8750,2228.2450,684
2017-11-01,2238.0000,2248.3600,2231.0000,2243.7530,771
2017-11-02,2240.0000,2245.0000,2234.0000,2237.4930,1097
2017-11-03,2241.0000,2271.5000,2241.0000,2270.7500,375
2017-11-06,2270.0000,2270.0000,2253.0000,2259.7100,467
2017-11-07,2251.0000,2253.0000,2247.0000,2249.0000,646
2017-11-08,2256.0000,2293.0000,2256.0000,2279.0000,2586
2017-11-09,2274.0000,2277.0000,2239.4400,2242.4680,4031
2017-11-10,2247.0000,2256.0000,2237.0000,2244.0000,457
2017-11-13,2258.9500,2260.0000,2231.5000,2247.1960,5174
2017-11-14,2254.0000,2261.0000,2247.5000,2255.2480,334
2017-11-15,2235.0000,2236.4550,2231.0000,2236.4550,518
2017-11-16,2235.0000,2263.7500,2227.0000,2261.7510,1982
2017-11-17,2257.0000,2269.0000,2249.0000,2269.0000,1597
2017-11-20,2257.0000,2290.1250,2257.0000,2267.5670,50
2017-11-21,2284.0000,2293.0000,2281.0000,2288.5160,69
2017-11-22,2264.5000,2269.5000,2226.0000,2228.0000,110
2017-11-23,2209.0000,2227.0000,2209.0000,2220.4480,50
2017-11-24,2229.0000,2239.0000,2220.5000,2220.5670,142
2017-11-27,2224.0000,2232.0000,2206.2200,2206.2200,128
2017-11-28,2218.0000,2220.0000,2210.5000,2213.5880,61
2017-11-29,2220.0000,2234.5000,2215.0000,2216.0000,394
2017-11-30,2216.0000,2249.0000,2212.5000,2238.0000,311
2017-12-01,2232.0000,2236.0000,2213.0000,2216.0000,101
2017-12-04,2236.0000,2245.0000,2225.0000,2230.7750,161
2017-12-05,2240.0000,2260.5000,2237.0000,2258.1800,111
2017-12-06,2242.0000,2266.0000,2238.5000,2246.1320,303
2017-12-07,2265.0000,2265.0000,2252.0000,2254.0000,29
2017-12-08,2255.0000,2263.0000,2252.0000,2254.0020,106
2017-12-11,2259.0000,2259.0000,2236.0000,2247.1800,46
2017-12-12,2246.0000,2262.0000,2243.0000,2261.7050,180
2017-12-13,2259.0000,2264.0000,2245.0000,2254.5500,178
2017-12-14,2260.0000,2260.0000,2233.0000,2233.0000,139
2017-12-15,2225.0000,2225.0000,2201.0000,2201.0000,224
2017-12-18,2217.0000,2220.0000,2205.0000,2211.9100,486
2017-12-19,2236.0000,2244.0000,2215.0000,2228.5550,235
2017-12-20,2230.5000,2244.5000,2211.5000,2230.2230,165
2017-12-21,2214.0000,2247.5000,2213.7200,2213.7200,112
2017-12-22,2245.0750,2245.0750,2235.5000,2235.5000,9
2017-12-27,2253.5000,2262.0000,2245.5000,2250.6410,67
2017-12-28,2255.5000,2258.5000,2249.0000,2255.4330,17
2017-12-29,2245.0000,2249.0000,2245.0000,2249.0000,6
2018-01-02,2252.0000,2252.0000,2252.0000,2252.0000,24
2018-01-03,2269.9500,2294.0000,2265.0000,2286.0000,147
2018-01-04,2288.0000,2307.0000,2285.2290,2297.3910,531
2018-01-05,2305.0000,2327.0000,2305.0000,2327.0000,124
2018-01-08,2258.0500,2327.0000,2256.0000,2263.7660,1250
2018-01-09,2266.9500,2266.9500,2266.9500,2266.9500,5
2018-01-10,2267.0000,2267.0000,2267.0000,2267.0000,1
2018-01-11,2254.5000,2254.5000,2254.5000,2254.5000,10
2018-01-12,2270.0000,2270.0000,2261.5000,2267.0000,527
2018-01-16,2278.9500,2279.0000,2278.9500,2278.9500,19
2018-01-17,2266.0000,2285.0000,2266.0000,2266.0000,24
2018-01-19,2271.5000,2291.0000,2271.5000,2287.0000,38
2018-01-23,2270.9500,2272.9500,2270.9500,2270.9500,28
2018-01-24,2265.0500,2271.0000,2265.0500,2268.5000,57
2018-01-25,2259.0500,2270.0000,2259.0500,2259.0500,43
2018-01-26,2237.9500,2237.9500,2165.9500,2208.9500,418
2018-01-29,2230.5000,2230.5000,2206.9500,2214.9500,656
2018-01-30,2227.0000,2230.0000,2189.1720,2211.0000,553
2018-01-31,2219.9500,2244.9500,2219.9500,2243.5000,98
2018-02-01,2240.0000,2258.5000,2215.0500,2215.0500,181
2018-02-02,2208.9500,2208.9500,2171.2370,2180.0500,136
2018-02-05,2164.9500,2164.9500,2155.9500,2162.9500,39
2018-02-06,2100.0000,2120.9500,2100.0000,2120.0000,2134
2018-02-07,2131.9500,2155.9500,2131.9500,2155.9500,148
2018-02-08,2144.0000,2144.0000,2109.0000,2110.0000,76
2018-02-09,2086.0000,2108.0000,2083.5000,2083.5000,1596
2018-02-12,2120.0000,2120.0000,2112.5000,2116.0000,157
2018-02-13,2122.9500,2126.0000,2122.9500,2122.9500,34
2018-02-14,2131.9500,2133.0500,2131.9500,2133.0500,24
2018-02-15,2138.9500,2138.9500,2138.9500,2138.9500,40
2018-02-16,2153.0000,2162.0000,2153.0000,2153.0000,46
2018-02-19,2129.0000,2129.0000,2129.0000,2129.0000,51
2018-02-20,2134.0000,2145.9500,2134.0000,2145.9500,83
2018-02-21,2155.0000,2156.1000,2151.0500,2151.9500,20
2018-02-22,2161.0000,2172.4000,2161.0000,2172.4000,120
2018-02-23,2160.9500,2160.9500,2160.9500,2160.9500,44
2018-02-26,2168.9500,2168.9500,2168.9500,2168.9500,2042
2018-02-27,2167.0000,2167.0000,2167.0000,2167.0000,796
2018-02-28,2157.0000,2157.0000,2157.0000,2157.0000,964
2018-03-01,2144.9500,2144.9500,2144.9500,2144.9500,5532
2018-03-02,2121.0000,2141.9500,2102.0000,2102.0000,5356
2018-03-05,2156.0000,2156.0000,2156.0000,2156.0000,4115
2018-03-06,2162.0500,2162.0500,2157.0000,2157.0000,3405
2018-03-07,2142.9500,2159.2500,2142.9500,2159.2500,938
2018-03-08,2180.0000,2194.0500,2178.9500,2194.0500,3761
2018-03-09,2194.9500,2194.9500,2193.9500,2194.9500,2025
2018-03-12,2220.9000,2227.6000,2220.9000,2220.9000,2202
2018-03-13,2223.2500,2223.2500,2223.2500,2223.2500,2161
2018-03-14,2187.9500,2187.9500,2146.0000,2151.0000,8037
2018-03-15,2143.0000,2157.8000,2136.9500,2150.0000,17283
2018-03-16,2151.1000,2151.1000,2141.9500,2146.3000,4846
2018-03-19,2144.9500,2144.9500,2121.0000,2121.0000,22719
2018-03-20,2152.5000,2152.5000,2135.8000,2150.0000,368
2018-03-21,2162.0000,2163.7000,2150.0000,2163.0000,3767
2018-03-22,2157.0000,2157.0000,2149.7500,2151.0000,2828
2018-03-23,2153.0000,2157.0000,2153.0000,2153.0000,925
2018-03-26,2104.0500,2104.0500,2104.0500,2104.0500,660
2018-03-27,2114.0000,2114.0000,2111.2480,2114.0000,925
2018-03-28,2138.0000,2155.5000,2138.0000,2155.0000,1794
2018-03-29,2149.0500,2176.0000,2149.0500,2176.0000,1856
2018-04-03,2159.0500,2168.0000,2159.0500,2159.0500,1975
2018-04-04,2170.9500,2170.9500,2130.9500,2138.0000,1778
2018-04-05,2165.2000,2198.0000,2165.2000,2198.0000,6842
2018-04-06,2182.9500,2226.0000,2182.9500,2214.0000,8211
2018-04-09,2211.0000,2218.0000,2209.9500,2211.0000,4642
2018-04-10,2133.9500,2133.9500,2133.9500,2133.9500,3526
2018-04-11,2167.0000,2167.0000,2150.0000,2159.0000,16972
2018-04-12,2144.0000,2161.0500,2144.0000,2161.0500,950
2018-04-13,2168.0000,2177.9000,2162.0000,2167.5000,822
2018-04-16,2165.0500,2165.1000,2165.0500,2165.0500,2356
2018-04-17,2172.9500,2192.9500,2172.9500,2192.9500,1767
2018-04-18,2190.9500,2204.9500,2190.9500,2204.9500,797
2018-04-19,2203.0000,2203.9500,2202.9500,2202.9500,853
2018-04-20,2201.9500,2201.9500,2199.0000,2199.0000,9318
2018-04-23,2203.0000,2205.0000,2184.0000,2205.0000,794
2018-04-24,2213.0000,2223.0000,2213.0000,2218.0000,1081
2018-04-25,2190.9500,2190.9500,2175.9000,2180.0000,1602
2018-04-26,2201.0000,2204.5000,2194.5000,2204.5000,2323
2018-04-27,2219.0000,2221.0000,2213.0000,2217.0000,897
2018-04-30,2218.8000,2231.0000,2218.8000,2223.1580,208
2018-05-02,2211.9500,2228.9500,2211.9500,2224.0000,1540
2018-05-03,2219.0000,2227.0000,2199.0000,2207.5000,2805
2018-05-04,2198.0000,2204.0000,2189.0500,2189.0500,518
2018-05-08,2229.2000,2244.9000,2229.2000,2240.1540,4308
2018-05-09,2250.0000,2265.4000,2249.8000,2260.4980,3893
2018-05-11,2280.0580,2280.0580,2269.0000,2280.0580,2888
2018-05-14,2278.0000,2285.0000,2264.1000,2271.1210,2647
2018-05-15,2273.9500,2275.5940,2273.9500,2275.5940,1358
2018-05-16,2271.2000,2279.8000,2271.2000,2274.6240,2427
2018-05-17,2279.0500,2284.0000,2279.0500,2279.0500,764
2018-05-18,2264.0500,2271.0000,2264.0500,2267.0000,778
2018-05-22,2278.0000,2279.0500,2258.0500,2261.8940,2517
2018-05-23,2251.0000,2251.0000,2220.0440,2222.0770,2801
2018-05-24,2223.0000,2240.0000,2219.0000,2225.6150,876
2018-05-25,2240.0000,2240.0000,2230.0000,2232.3970,1117
2018-05-29,2224.0000,2224.0000,2207.9500,2219.9610,894
2018-05-30,2228.9500,2228.9500,2213.0000,2217.5060,1952
2018-05-31,2231.0000,2231.0000,2188.0000,2205.9770,5290
2018-06-01,2219.0000,2229.0000,2195.0000,2222.7290,5863
2018-06-04,2224.0000,2228.9500,2224.0000,2228.9500,670
2018-06-05,2203.0000,2212.9500,2178.7500,2202.0500,6514
2018-06-06,2192.9500,2209.9500,2192.9500,2209.0000,692
2018-06-07,2231.0000,2233.9500,2203.0500,2203.0500,1381
2018-06-08,2188.0500,2205.9710,2188.0500,2205.9710,1209
2018-06-11,2222.9000,2229.0000,2222.9000,2224.0000,2661
2018-06-12,2237.0000,2238.0000,2226.0000,2235.7000,1302
2018-06-13,2237.9400,2264.9400,2237.9400,2259.9400,1546
2018-06-14,2227.0000,2260.0000,2225.9400,2260.0000,2805
2018-06-15,2261.9400,2281.9400,2261.9400,2273.0500,1241
2018-06-18,2263.0000,2263.0000,2244.0000,2253.0000,905
2018-06-19,2229.0000,2243.0000,2201.2500,2204.0000,5194
2018-06-20,2227.0000,2227.0000,2205.5000,2209.9000,6749
2018-06-21,2217.3750,2217.3750,2188.0000,2188.0000,417
2018-06-22,2208.7500,2219.9000,2208.7500,2219.9000,2001
2018-06-25,2183.0000,2214.5000,2183.0000,2187.0000,1465
2018-06-26,2198.9000,2215.7000,2198.9000,2215.7000,704
2018-06-27,2222.0000,2231.0000,2222.0000,2222.0000,45
2018-06-28,2211.1650,2231.0000,2211.1650,2224.0000,1267
2018-06-29,2247.0000,2264.0300,2247.0000,2256.2500,622
2018-07-02,2230.0500,2247.0000,2230.0500,2241.9000,4526
2018-07-03,2262.9000,2279.1340,2262.9000,2279.1340,8173
2018-07-04,2266.0000,2283.2000,2259.0000,2274.3500,3613
2018-07-05,2286.7500,2309.0000,2286.7500,2295.6350,2628
2018-07-06,2306.0000,2314.4120,2306.0000,2314.4120,2688
2018-07-09,2330.2000,2345.0500,2330.2000,2342.9020,5778
2018-07-10,2348.9000,2371.0000,2348.9000,2364.0500,636
2018-07-11,2341.0500,2373.0600,2341.0500,2371.0000,2143
2018-07-12,2375.0000,2376.0000,2367.0620,2373.6570,897
2018-07-13,2379.0000,2380.0000,2364.7500,2374.2000,234
2018-07-16,2371.0000,2371.0000,2371.0000,2371.0000,3801
2018-07-17,2350.0000,2373.5000,2349.0000,2359.0000,3666
2018-07-18,2369.0000,2379.0000,2369.0000,2378.9000,2354
2018-07-19,2319.0000,2319.0000,2278.5000,2290.0000,5325
2018-07-20,2297.0000,2321.9000,2295.0000,2307.9500,816
2018-07-23,2295.0000,2295.0000,2283.8000,2289.0000,2192
2018-07-24,2309.0000,2309.0000,2285.0000,2305.0000,725
2018-07-25,2304.0000,2304.0000,2294.2000,2301.2000,570
2018-07-26,2309.0000,2318.0500,2305.0000,2311.0000,312
2018-07-27,2305.0000,2309.0000,2296.0000,2309.0000,7072
2018-07-30,2311.0000,2318.2000,2311.0000,2311.0000,190
2018-07-31,2320.0000,2332.0000,2299.8000,2309.9220,1094
2018-08-02,2332.0000,2344.6000,2331.0000,2336.8000,1010
2018-08-03,2334.0000,2341.9000,2331.0000,2337.0000,551
2018-08-06,2334.0000,2343.0000,2322.0000,2324.0000,128
2018-08-07,2324.9500,2324.9500,2310.9000,2313.2250,4961
2018-08-08,2320.0000,2321.5000,2312.0000,2312.0000,196
2018-08-09,2305.0000,2318.0000,2304.0000,2316.0000,2860
2018-08-10,2312.7500,2312.7500,2282.0000,2282.0000,715
2018-08-13,2283.0000,2283.0000,2271.0000,2278.0000,33
2018-08-14,2289.0000,2308.0000,2275.0000,2302.0000,4456
2018-08-15,2303.2000,2303.2000,2274.0000,2274.0000,798
2018-08-16,2294.7000,2294.7000,2274.8000,2287.0000,988
2018-08-17,2292.0000,2292.0000,2292.0000,2292.0000,3785
2018-08-20,2315.5000,2320.0000,2308.9410,2312.0000,4164
2018-08-21,2308.8000,2308.8000,2301.0000,2301.0000,294
2018-08-22,2292.0500,2310.0000,2292.0500,2309.0000,401
2018-08-23,2294.0000,2325.7000,2294.0000,2325.6000,473
2018-08-24,2314.7000,2327.0000,2314.7000,2327.0000,386
2018-08-28,2347.5000,2347.5000,2339.0000,2344.0000,294
2018-08-29,2369.9000,2403.5000,2369.9000,2400.0000,333
2018-08-30,2385.9500,2385.9500,2375.0000,2382.0000,1238
2018-08-31,2374.5000,2374.5000,2356.9500,2358.0000,1056
2018-09-03,2350.0000,2350.0000,2342.9000,2350.0000,429
2018-09-04,2344.5000,2351.0000,2331.9500,2338.6000,1258
2018-09-05,2329.0000,2331.9500,2308.7000,2312.0000,7346
2018-09-06,2331.0000,2331.0000,2306.9500,2320.0000,484
2018-09-07,2329.9500,2329.9500,2322.9500,2328.0000,377
2018-09-10,2338.8000,2362.0000,2338.8000,2361.0000,407
2018-09-11,2375.0000,2377.0000,2369.0000,2372.2000,402
2018-09-12,2376.0000,2394.0000,2376.0000,2378.0000,782
2018-09-13,2394.5000,2397.9900,2385.0000,2397.9900,670
2018-09-14,2375.0000,2400.0000,2374.0000,2400.0000,171
2018-09-17,2394.0000,2394.0000,2380.0000,2380.0000,706
2018-09-18,2392.5000,2393.0000,2378.0000,2378.0000,4227
2018-09-19,2393.5000,2395.0000,2383.0000,2393.0000,8909
2018-09-20,2390.5000,2404.0000,2386.0000,2388.0000,5349
2018-09-21,2382.5000,2402.3000,2362.8000,2374.0000,107315
2018-09-24,2378.0000,2380.9500,2357.9500,2370.0000,318
2018-09-25,2367.0000,2379.9500,2360.0000,2379.9500,2134
2018-09-26,2370.0000,2381.7500,2370.0000,2381.7500,410
2018-09-27,2370.0000,2399.6000,2365.9500,2389.0000,515
2018-09-28,2394.0000,2410.0000,2394.0000,2410.0000,627
2018-10-01,2430.0000,2465.8000,2430.0000,2454.0000,5481
2018-10-02,2436.5000,2452.0000,2428.0000,2449.0000,2178
2018-10-03,2459.0000,2471.7000,2458.6000,2463.0000,794
2018-10-04,2451.7820,2451.7820,2383.0500,2387.0000,3478
2018-10-05,2380.5000,2394.0000,2371.4690,2394.0000,3047
2018-10-08,2392.5000,2401.0000,2343.2000,2400.4000,1298
2018-10-09,2374.7000,2374.7000,2327.0000,2358.7500,3251
2018-10-10,2359.0000,2359.0000,2313.7000,2318.0000,1283
2018-10-11,2290.0000,2323.0000,2270.0000,2288.7500,3258
2018-10-12,2295.0000,2311.0000,2274.7000,2279.0000,3738
2018-10-15,2274.0000,2274.0000,2245.7000,2270.0000,1164
2018-10-16,2264.5000,2337.0000,2261.0000,2330.9500,2160
2018-10-17,2370.0000,2375.0000,2326.0000,2329.0000,1570
2018-10-18,2320.0000,2348.0000,2320.0000,2320.0000,373
2018-10-19,2300.5000,2335.0000,2298.0000,2304.0000,902
2018-10-22,2341.0000,2341.0000,2318.5000,2322.0000,1243
2018-10-23,2291.0000,2318.0000,2285.0000,2294.7500,2652
2018-10-24,2284.0000,2335.0000,2284.0000,2285.0000,1261
2018-10-25,2266.5000,2336.6000,2263.0000,2329.9500,7701
2018-10-26,2324.0000,2356.0000,2302.9500,2340.0000,956
2018-10-29,2379.0000,2411.9000,2358.0000,2359.0000,815
2018-10-30,2340.5000,2373.0000,2332.7500,2373.0000,296
2018-10-31,2410.0500,2444.0000,2410.0500,2444.0000,3903
2018-11-01,2440.0000,2443.0500,2417.0000,2436.5000,4702
2018-11-02,2437.5000,2465.0000,2420.0000,2420.0000,6284
2018-11-05,2415.0000,2430.0000,2409.0000,2412.0000,5160
2018-11-06,2405.5000,2433.0000,2405.5000,2421.5000,935
2018-11-07,2411.0000,2424.5000,2386.0000,2416.0000,3266
2018-11-08,2434.0000,2434.0000,2403.9210,2405.0000,1476
2018-11-09,2419.0000,2419.0000,2398.0000,2406.0000,1141
2018-11-12,2420.5000,2427.0000,2387.0000,2422.0000,1609
2018-11-13,2387.0000,2433.0000,2387.0000,2400.0000,1142
2018-11-14,2415.0000,2416.0000,2384.5000,2397.0500,2454
2018-11-15,2406.5000,2445.0000,2406.5000,2433.5000,1874
2018-11-16,2446.0000,2455.0000,2416.0000,2451.0000,1105
2018-11-19,2447.0000,2461.0000,2426.8000,2433.5000,1219
2018-11-20,2419.0000,2421.0000,2382.0000,2407.0000,97
2018-11-21,2412.0000,2423.0000,2397.0000,2423.0000,990
2018-11-22,2414.0000,2417.5000,2406.0000,2410.0000,56
2018-11-23,2400.0000,2419.0000,2389.9000,2419.0000,881
2018-11-26,2424.0000,2441.0000,2424.0000,2440.5000,177
2018-11-27,2416.0000,2431.0000,2410.0000,2430.0000,1177
2018-11-28,2434.1000,2434.1000,2415.0000,2431.7570,1962
2018-11-29,2449.6000,2474.8000,2449.6000,2470.0000,2233
2018-11-30,2477.5000,2486.1000,2454.0000,2460.0000,6089
2018-12-03,2486.7000,2486.7000,2430.0000,2437.0000,4130
2018-12-04,2440.1000,2462.0000,2440.1000,2462.0000,1573
2018-12-05,2432.1000,2460.0000,2432.1000,2432.1000,5071
2018-12-06,2404.0000,2404.0000,2378.0000,2379.8000,1501
2018-12-07,2412.0000,2437.0000,2397.1000,2421.5000,2520
2018-12-10,2365.0000,2388.0000,2365.0000,2365.0000,1466
2018-12-11,2357.5000,2381.0000,2344.0000,2379.0000,1532
2018-12-12,2383.4000,2383.4000,2363.2000,2381.4000,1276
2018-12-13,2366.0000,2384.5000,2366.0000,2366.0000,1313
2018-12-14,2361.0000,2364.0000,2343.0000,2356.7470,1737
2018-12-17,2336.0000,2355.4000,2333.0500,2338.0000,383
2018-12-18,2322.0000,2327.9500,2306.0000,2306.0000,1004
2018-12-19,2312.9000,2350.0500,2312.9000,2344.0000,652
2018-12-20,2319.6000,2333.7000,2319.6000,2326.0000,1440
2018-12-21,2308.0000,2308.0000,2281.0000,2285.0000,2472
2018-12-27,2310.0000,2310.0000,2226.0000,2231.4000,937
2018-12-28,2261.0000,2272.5000,2261.0000,2269.0000,2267
2019-01-03,2265.5000,2296.5000,2265.5000,2287.0000,1417
2019-01-04,2308.5000,2326.0000,2288.5210,2325.0000,1032
2019-01-07,2313.5000,2313.5000,2302.0000,2309.0000,2797
2019-01-08,2300.0000,2327.6000,2300.0000,2322.0000,2258
2019-01-09,2313.5000,2327.5000,2312.0000,2316.7500,3263
2019-01-10,2305.6000,2355.5000,2305.6000,2330.4380,2758
2019-01-11,2348.0000,2348.0000,2325.5000,2334.0000,1941
2019-01-14,2310.5000,2318.3000,2302.1000,2311.7000,1364
2019-01-15,2317.6000,2346.6000,2317.6000,2346.0000,1893
2019-01-16,2348.2560,2378.5000,2348.2560,2375.0000,2832
2019-01-17,2383.5000,2396.5000,2370.0000,2396.5000,2072
2019-01-18,2411.0000,2439.0000,2409.0000,2438.5000,2295
2019-01-21,2447.0000,2447.0000,2439.0000,2446.0000,332
2019-01-22,2465.0000,2487.0000,2465.0000,2465.0000,4113
2019-01-23,2469.9000,2469.9000,2449.5000,2458.0000,5282
2019-01-24,2469.0000,2469.0000,2432.0000,2452.0000,719
2019-01-25,2362.0000,2381.0000,2331.8000,2361.0000,10874
2019-01-28,2364.5000,2364.5000,2342.5000,2359.0000,2326
2019-01-29,2354.0000,2410.0000,2354.0000,2409.0000,678
2019-01-30,2440.0000,2447.0000,2420.7000,2439.0000,1798
2019-01-31,2416.0000,2454.7000,2408.0000,2413.0000,2539
2019-02-01,2411.0000,2411.0000,2381.0000,2391.0000,2335
2019-02-04,2397.5000,2410.0000,2388.0000,2400.6940,1977
2019-02-05,2428.5000,2454.3000,2417.5000,2453.0000,1947
2019-02-06,2455.0000,2459.0000,2440.0000,2455.0000,6303
2019-02-07,2420.5000,2436.0000,2410.2500,2416.0500,2666
2019-02-08,2410.0000,2421.5000,2405.0000,2412.0000,1660
2019-02-11,2431.5000,2444.0000,2429.0000,2434.0000,1460
2019-02-12,2455.0000,2455.0000,2433.2000,2441.0000,1500
2019-02-13,2456.0000,2473.0000,2451.5000,2467.0000,1744
2019-02-14,2474.5000,2484.5000,2471.9000,2481.0000,729
2019-02-15,2458.0000,2465.0000,2447.0000,2451.0000,1240
2019-02-18,2448.0000,2457.0000,2446.0000,2446.0000,4074
2019-02-19,2449.0000,2449.0000,2439.0000,2448.0000,399
2019-02-20,2446.5000,2463.5000,2446.5000,2457.7000,1610
2019-02-21,2464.5000,2476.0000,2456.0000,2465.1000,969
2019-02-22,2473.5000,2473.5000,2459.0000,2472.6000,164
2019-02-25,2483.0000,2484.0000,2470.0000,2484.0000,603
2019-02-26,2478.0000,2509.7500,2478.0000,2503.0000,791
2019-02-27,2511.0000,2511.0000,2485.0000,2494.0000,1478
2019-02-28,2490.0000,2501.1000,2485.0000,2497.0000,872
2019-03-01,2511.0000,2511.0000,2491.5000,2492.0000,307
2019-03-04,2497.0000,2514.0000,2494.0000,2498.0000,1438
2019-03-05,2506.6000,2506.6000,2494.0000,2495.0000,2798
2019-03-06,2507.5000,2508.8000,2502.0000,2502.0000,86
2019-03-07,2514.0000,2548.4000,2514.0000,2519.0000,1455
2019-03-08,2522.0000,2530.7000,2512.0000,2518.0000,1564
2019-03-11,2490.0000,2527.0000,2484.0330,2523.0000,1330
2019-03-12,2535.0000,2535.0000,2512.0000,2527.0000,8153
2019-03-13,2525.0000,2543.0000,2511.0000,2543.0000,2909
2019-03-14,2538.5000,2561.0000,2538.5000,2561.0000,2548
2019-03-15,2557.5000,2574.0000,2557.5000,2566.0000,5179
2019-03-18,2566.0000,2566.0000,2550.5000,2555.0000,12983
2019-03-19,2561.0000,2561.0000,2553.4000,2558.0000,11076
2019-03-20,2537.0000,2556.0000,2537.0000,2551.0000,3902
2019-03-21,2540.5000,2558.0000,2533.9000,2558.0000,1119
2019-03-22,2562.0000,2562.0000,2528.0000,2531.0000,5267
2019-03-25,2526.0000,2549.0000,2526.0000,2544.0000,4429
2019-03-26,2554.6000,2570.0000,2554.6000,2562.0000,36571
2019-03-27,2570.0000,2570.0000,2532.0000,2537.0000,13889
2019-03-28,2545.0000,2562.9500,2545.0000,2548.0000,11440
2019-03-29,2559.0000,2559.0000,2537.0000,2544.0000,2743
2019-04-01,2502.0000,2508.0000,2481.6000,2492.0000,6192
2019-04-02,2493.0000,2496.0000,2483.0000,2483.0000,17575
2019-04-03,2497.4000,2497.4000,2452.1000,2481.0000,12715
2019-04-04,2481.0000,2488.0000,2475.6000,2477.0000,3258
2019-04-05,2477.2000,2503.9000,2477.2000,2500.0000,7862
2019-04-08,2496.1000,2529.0000,2490.0000,2526.0000,7092
2019-04-09,2543.0000,2543.0000,2513.2000,2527.0000,647
2019-04-10,2530.7500,2547.0000,2528.7500,2538.0000,5894
2019-04-11,2535.0000,2546.6000,2532.8000,2536.0000,1049
2019-04-12,2532.0000,2537.0000,2519.7500,2525.0000,2276
2019-04-15,2528.0000,2540.0000,2519.7500,2540.0000,1456
2019-04-16,2542.0000,2554.7500,2540.4000,2552.0000,2294
2019-04-17,2537.0000,2558.4000,2530.0000,2558.4000,3965
2019-04-18,2556.0000,2565.0000,2550.8000,2565.0000,1594
2019-04-23,2557.6000,2614.0000,2551.0000,2610.0000,6550
2019-04-24,2600.4000,2616.6000,2597.6000,2606.6000,2477
2019-04-25,2596.4000,2609.0000,2595.6000,2605.6000,2017
2019-04-26,2605.0000,2620.0000,2599.7500,2620.0000,631
2019-04-29,2604.2000,2622.0000,2604.2000,2621.2500,991
2019-04-30,2618.0000,2646.0000,2618.0000,2639.0000,933
2019-05-02,2633.0000,2641.6000,2622.0000,2627.0000,3935
2019-05-03,2627.8000,2636.0000,2627.8000,2628.4000,1339
2019-05-07,2633.6000,2640.0000,2626.8000,2629.6000,651
2019-05-08,2634.7000,2635.6000,2616.8000,2630.0000,3864
2019-05-09,2623.4000,2624.0000,2586.0000,2586.0000,1612
2019-05-10,2589.0000,2589.0000,2549.0000,2560.0000,3915
2019-05-13,2554.4000,2558.0000,2525.0000,2533.0000,2595
2019-05-14,2548.4000,2556.6000,2536.0000,2536.0000,4227
2019-05-15,2537.0000,2566.0000,2529.0000,2566.0000,5632
2019-05-16,2565.8000,2626.0000,2564.8000,2626.0000,2636
2019-05-17,2619.0000,2640.0000,2610.4000,2638.4000,1822
2019-05-20,2635.4000,2635.4000,2600.0000,2607.0000,545
2019-05-21,2610.0000,2620.5000,2610.0000,2620.5000,1072
2019-05-22,2627.0000,2639.7500,2613.6000,2639.7500,954
2019-05-23,2621.0000,2641.0000,2602.9000,2641.0000,5367
2019-05-24,2644.0000,2647.0000,2637.8030,2646.0000,851
2019-05-28,2670.0000,2671.0000,2642.0000,2643.0000,2405
2019-05-29,2639.6000,2639.6000,2618.0000,2620.0000,2718
2019-05-31,2625.2000,2651.0000,2620.8000,2651.0000,5043
2019-06-03,2633.7500,2655.8000,2628.0000,2655.8000,3085
2019-06-04,2645.7500,2663.0000,2642.0000,2644.9000,3677
2019-06-05,2648.5000,2684.0000,2648.5000,2684.0000,11180
2019-06-06,2683.7500,2711.0000,2683.7500,2686.8000,694
2019-06-07,2698.0000,2734.0000,2698.0000,2715.0000,2226
2019-06-11,2727.0000,2749.0000,2720.0000,2744.0000,2212
2019-06-12,2750.0000,2763.8000,2741.0000,2758.0000,1332
2019-06-13,2752.8000,2767.0000,2752.5000,2761.0000,7128
2019-06-14,2758.7500,2776.0000,2754.0000,2764.0000,2970
2019-06-17,2770.0000,2794.0000,2765.2500,2794.0000,4675
2019-06-18,2772.0000,2831.0000,2772.0000,2831.0000,1470
2019-06-19,2805.0000,2805.0000,2782.2000,2786.0000,9144
2019-06-20,2805.0000,2816.0000,2786.0000,2801.0000,8947
2019-06-21,2797.0000,2803.0000,2778.0000,2792.0000,11497
2019-06-24,2814.0000,2815.5000,2792.0000,2792.0000,8801
2019-06-25,2801.8000,2815.7500,2799.8000,2812.7000,4139
2019-06-26,2808.0000,2816.0000,2791.0000,2793.0000,9904
2019-06-27,2743.0000,2744.0000,2707.8000,2722.0000,3669
2019-06-28,2731.0000,2756.0000,2722.0000,2750.0000,1632
2019-07-01,2781.6000,2781.6000,2742.8000,2746.7000,1215
2019-07-02,2757.0000,2757.0000,2726.2500,2735.0000,1652
2019-07-03,2734.8000,2772.0000,2734.8000,2768.0000,1183
2019-07-04,2764.2500,2766.0000,2744.0000,2754.0000,1256
2019-07-05,2755.2500,2755.2500,2710.0000,2742.0000,4412
2019-07-08,2706.0000,2735.0000,2706.0000,2732.0000,656
2019-07-09,2727.6000,2740.0000,2717.0000,2738.0000,1348
2019-07-10,2717.2500,2744.0000,2712.0000,2737.0000,5647
2019-07-11,2740.2000,2742.6000,2727.8000,2732.0000,4470
2019-07-12,2744.0000,2754.8000,2738.8000,2745.8000,3224
2019-07-15,2760.8000,2767.0000,2741.7500,2751.0000,3086
2019-07-16,2742.5000,2765.0000,2742.5000,2765.0000,2776
2019-07-17,2781.0000,2788.0000,2760.0000,2760.0000,5083
2019-07-18,2663.0000,2711.0000,2630.2000,2711.0000,6217
2019-07-19,2710.0000,2710.0000,2661.0000,2666.0000,4304
2019-07-22,2651.0000,2652.0000,2616.0000,2634.0000,4947
2019-07-23,2631.7000,2654.0000,2623.0000,2641.0000,2991
2019-07-24,2645.0000,2650.0000,2633.2500,2640.0000,1546
2019-07-25,2640.0000,2649.0000,2613.0000,2620.6000,7403
2019-07-26,2627.2860,2643.5000,2627.2860,2632.2670,1282
2019-07-29,2631.0000,2660.8000,2631.0000,2660.8000,960
2019-07-30,2663.2500,2666.0000,2654.7500,2654.7500,1614
2019-07-31,2651.0000,2659.0000,2644.7500,2648.8000,3082
2019-08-02,2602.8000,2649.0000,2596.6000,2630.7500,5248
2019-08-05,2608.0000,2608.0000,2560.0000,2572.8000,3339
2019-08-06,2554.0000,2569.0000,2538.0000,2538.0000,3972
2019-08-07,2546.0000,2584.0000,2546.0000,2569.6000,552
2019-08-08,2584.0000,2610.7500,2579.0000,2608.8000,2444
2019-08-09,2608.0000,2623.5000,2599.5000,2607.5000,2489
2019-08-12,2610.0000,2622.0000,2594.0000,2599.8880,2966
2019-08-13,2588.0000,2614.0000,2576.2000,2609.0000,1110
2019-08-14,2610.0000,2610.0000,2562.3000,2564.0000,1644
2019-08-15,2575.0500,2575.0500,2547.0000,2563.0000,2731
2019-08-16,2578.0000,2603.0000,2576.4000,2596.0500,686
2019-08-19,2596.8000,2618.0000,2595.0000,2612.2000,6115
2019-08-20,2614.0000,2617.7500,2577.2500,2586.6000,2766
2019-08-21,2594.4000,2597.2500,2583.0000,2591.2500,898
2019-08-22,2599.0000,2604.0000,2583.0000,2584.0000,1587
2019-08-23,2619.0000,2619.0000,2580.8000,2580.8000,1121
2019-08-27,2588.0000,2590.0000,2564.0000,2580.0000,773
2019-08-28,2577.0000,2582.0000,2565.5000,2582.0000,1844
2019-08-29,2605.0000,2636.6000,2605.0000,2631.0000,3589
2019-08-30,2648.7500,2682.0000,2648.7500,2676.0000,1288
2019-09-02,2674.6000,2678.5000,2668.0000,2668.7500,908
2019-09-03,2660.0000,2660.0000,2658.6000,2659.0000,1169
2019-09-04,2674.0000,2683.1000,2668.7500,2669.9000,2389
2019-09-05,2687.0500,2702.5000,2687.0500,2702.5000,700
2019-09-06,2700.0000,2736.8000,2695.2000,2736.8000,3466
2019-09-09,2766.6000,2767.0000,2736.0000,2736.0000,8391
2019-09-10,2722.8000,2742.0000,2722.8000,2739.8000,9422
2019-09-11,2752.0000,2787.0000,2745.0000,2787.0000,3381
2019-09-12,2788.0000,2810.0000,2784.0000,2793.0000,4643
2019-09-13,2789.0000,2789.0000,2766.0000,2767.0000,2312
2019-09-16,2758.0000,2769.0000,2746.0000,2746.0000,5175
2019-09-17,2747.7500,2773.5000,2747.7500,2767.7500,3354
2019-09-18,2764.0000,2788.0000,2761.0000,2788.0000,2536
2019-09-19,2785.5000,2788.0000,2771.0000,2776.0000,1793
2019-09-20,2775.2500,2775.2500,2755.0000,2770.0000,6717
2019-09-23,2759.7500,2764.0000,2737.7500,2754.0000,6872
2019-09-24,2770.9500,2773.0000,2753.0000,2753.0000,2355
2019-09-25,2742.8000,2749.8000,2727.0000,2748.6000,2635
2019-09-26,2762.8000,2791.0000,2760.0000,2760.0000,12690
2019-09-27,2791.7500,2796.0000,2772.0000,2774.7500,3134
2019-09-30,2769.0000,2784.0000,2762.5000,2784.0000,1400
2019-10-01,2796.2000,2796.2000,2756.0000,2758.0000,1008
2019-10-02,2744.0000,2744.0000,2693.0000,2693.0000,3391
2019-10-03,2696.0000,2705.0000,2680.6000,2697.0000,1640
2019-10-04,2710.0000,2730.0000,2710.0000,2729.0000,1616
2019-10-07,2737.8000,2760.0000,2731.6000,2755.2300,4175
2019-10-08,2751.8000,2771.7500,2734.0000,2739.0000,1102
2019-10-09,2743.0000,2757.0000,2729.0000,2740.0000,3620
2019-10-10,2793.0000,2798.0000,2760.2000,2798.0000,3983
2019-10-11,2800.0000,2851.0000,2798.6000,2839.8000,2391
2019-10-14,2833.4000,2837.5000,2818.0000,2833.0000,5310
2019-10-15,2848.8000,2882.8000,2848.0000,2880.0000,383
2019-10-16,2881.0000,2881.0000,2862.0000,2868.0000,2117
2019-10-17,2870.6000,2890.0000,2857.0000,2857.0000,7028
2019-10-18,2855.0000,2856.0000,2808.0000,2810.0000,2337
2019-10-21,2812.0000,2819.0000,2787.0000,2791.0000,1867
2019-10-22,2789.0000,2804.0000,2778.0000,2797.0000,2637
2019-10-23,2788.0000,2809.0000,2788.0000,2799.0000,1689
2019-10-24,2802.8000,2834.0000,2799.5000,2834.0000,238
2019-10-25,2831.2000,2844.6000,2826.5000,2842.7500,410
2019-10-28,2844.6000,2864.0000,2836.4000,2864.0000,467
2019-10-29,2854.0000,2871.0000,2847.9000,2871.0000,1388
2019-10-30,2867.0000,2884.0000,2865.0000,2880.0000,1952
2019-10-31,2887.6000,2901.0000,2876.2500,2897.0000,965
2019-11-01,2912.0000,2912.9000,2885.0000,2885.0000,1028
2019-11-04,2899.0000,2903.0000,2886.0000,2898.0000,7073
2019-11-05,2897.0000,2900.0000,2867.0000,2874.6000,3071
2019-11-06,2867.4000,2871.0000,2853.0000,2857.0000,5078
2019-11-07,2866.0000,2876.5000,2858.0000,2872.0000,1302
2019-11-08,2868.2500,2868.2500,2848.6000,2865.8000,1149
2019-11-11,2871.9000,2871.9000,2849.2500,2851.7500,433
2019-11-12,2851.0000,2858.0000,2844.0000,2856.0000,142
2019-11-13,2850.0000,2872.0000,2844.0000,2865.0000,3466
2019-11-14,2866.0000,2866.0000,2823.0000,2828.0000,744
2019-11-15,2848.6000,2869.5000,2848.0000,2869.0000,1516
2019-11-18,2875.7500,2890.0000,2867.0000,2882.0000,1350
2019-11-19,2911.2500,2914.7500,2893.0000,2896.8000,206
2019-11-20,2896.4000,2903.5000,2881.0000,2889.6000,1337
2019-11-21,2874.0000,2883.0000,2870.0000,2875.0000,769
2019-11-22,2887.5000,2912.0000,2883.0000,2909.3610,2594
2019-11-25,2921.0000,2931.0000,2914.0000,2930.0000,912
2019-11-26,2938.0000,2942.0000,2924.0000,2933.0000,952
2019-11-27,2944.2000,2956.7500,2932.0000,2940.0000,3790
2019-11-28,2941.0000,2943.0000,2931.0000,2936.0000,2729
2019-11-29,2926.0000,2940.0000,2924.8000,2939.0000,354
2019-12-02,2938.0000,2948.0000,2890.0000,2890.0000,556
2019-12-03,2902.0000,2913.0000,2871.8000,2878.0000,3216
2019-12-04,2882.0000,2903.0000,2882.0000,2896.0000,1233
2019-12-05,2889.2000,2920.0000,2889.2000,2913.0000,5612
2019-12-06,2902.0000,2918.0000,2896.2000,2915.0000,1728
2019-12-09,2915.8000,2928.0000,2908.0000,2910.8000,1123
2019-12-10,2905.0000,2905.0000,2875.0000,2893.2850,1915
2019-12-11,2895.0000,2902.0000,2875.2500,2902.0000,7023
2019-12-12,2909.8000,2928.1000,2900.6000,2923.0000,781
2019-12-13,2922.0000,2935.0000,2894.2500,2903.0000,1095
2019-12-16,2925.0000,2940.0000,2925.0000,2934.0000,709
2019-12-17,2960.0000,2982.8000,2946.7500,2951.0000,4705
2019-12-18,2957.0000,2984.0000,2951.0000,2966.0000,5722
2019-12-19,2986.0000,2998.7500,2978.0000,2983.0000,4181
2019-12-20,3014.4000,3047.5000,3009.8000,3031.0000,2450
2019-12-23,3038.0000,3049.8000,3027.0000,3031.0000,1061
2019-12-27,3050.0000,3057.0000,3043.6000,3052.0000,1199
2019-12-30,3045.8000,3049.7500,3025.0000,3026.0000,1351
2020-01-03,3032.0000,3054.0000,3025.6000,3042.8450,4682
2020-01-06,3053.5000,3053.5000,3028.0000,3030.0000,5159
2020-01-07,3050.4000,3058.0000,3020.0000,3020.0000,730
2020-01-08,3021.5000,3021.5000,3008.2500,3010.0000,824
2020-01-09,3023.2500,3024.0000,3006.0000,3013.6000,1709
2020-01-10,3012.7000,3017.8000,3000.7000,3012.2000,3813
2020-01-13,3016.7500,3025.0000,2992.7500,3009.0000,1523
2020-01-14,3000.0000,3025.0000,2987.0500,3025.0000,1714
2020-01-15,3011.0000,3027.0000,3005.5000,3020.0000,2021
2020-01-16,3034.0000,3048.0000,3025.0000,3028.0000,4217
2020-01-17,3051.2500,3079.0000,3051.2500,3074.0000,491
2020-01-20,3079.0000,3092.0000,3078.9000,3085.0000,2431
2020-01-21,3080.0000,3112.0000,3075.0000,3112.0000,2164
2020-01-22,3124.7000,3133.0000,3105.0000,3119.0000,1738
2020-01-23,3122.0000,3124.0000,3088.0000,3088.0000,6822
2020-01-24,3028.7500,3163.2500,3018.0000,3157.0000,6383
2020-01-27,3136.7500,3212.0000,3136.0000,3185.0000,6021
2020-01-28,3144.0000,3197.8000,3142.0000,3175.5650,1641
2020-01-29,3191.5000,3239.1000,3190.0000,3239.0000,2100
2020-01-30,3231.8000,3275.0000,3230.0000,3240.0000,4555
2020-01-31,3243.0000,3250.0000,3172.7000,3180.0000,2519
2020-02-03,3182.8000,3199.8000,3180.0000,3197.0000,876
2020-02-04,3202.5000,3244.0000,3202.5000,3237.0000,2966
2020-02-05,3231.5000,3264.0000,3226.0000,3247.0760,2029
2020-02-06,3260.0000,3282.0000,3232.0000,3276.0000,2145
2020-02-07,3271.1000,3274.7500,3251.0000,3269.0000,940
2020-02-10,3265.0000,3271.0000,3248.0000,3270.0000,375
2020-02-11,3286.9000,3317.0000,3282.9000,3298.0000,2263
2020-02-12,3313.0000,3313.0000,3285.0000,3285.0000,1295
2020-02-13,3286.7500,3305.0000,3267.0000,3305.0000,1332
2020-02-14,3303.3000,3327.0000,3299.6000,3327.0000,2200
2020-02-17,3343.0000,3347.0000,3322.8000,3330.0000,1891
2020-02-18,3347.5000,3369.0000,3347.0000,3360.0000,2266
2020-02-19,3383.0000,3415.8000,3382.0000,3395.0000,1015
2020-02-20,3392.0000,3402.0000,3369.0000,3399.0000,1343
2020-02-21,3364.0000,3392.5000,3360.0000,3368.8610,517
2020-02-24,3275.0000,3307.0000,3228.5000,3243.0000,4977
2020-02-25,3265.0000,3276.0000,3189.0000,3243.0000,1335
2020-02-26,3175.5000,3219.0000,3096.0000,3217.0000,2937
2020-02-27,3179.0000,3201.0000,3095.0000,3142.0000,2351
2020-02-28,3021.2000,3075.0000,2984.0000,3006.0000,8804
2020-03-02,3075.8000,3117.6000,2992.0000,3055.2600,8184
2020-03-03,3135.0000,3198.0000,3135.0000,3143.0000,3542
2020-03-04,3162.0000,3210.0000,3159.0000,3161.0000,4172
2020-03-05,3185.7500,3185.7500,3086.0000,3108.0000,2642
2020-03-06,3076.0000,3080.2500,3000.0000,3028.0000,5020
2020-03-09,2870.2000,2983.5000,2862.0000,2907.3160,1513
2020-03-10,2938.5000,3048.5000,2907.0000,2927.0000,21037
2020-03-11,2961.5000,2967.0000,2904.7000,2926.5910,3235
2020-03-12,2809.2500,2809.2500,2647.5000,2651.0000,1913
2020-03-13,2738.5000,2911.0000,2696.0000,2829.0000,5222
2020-03-16,2650.2500,2712.0000,2512.0000,2702.0000,12982
2020-03-17,2808.0000,2824.8000,2665.5000,2725.0000,38621
2020-03-18,2739.7000,2905.8000,2731.7500,2896.3000,2042
2020-03-19,2908.0000,3080.0000,2882.0000,3057.0000,6914
2020-03-20,3175.3000,3178.0000,2916.0000,2916.0000,8896
2020-03-23,2792.9000,2980.0000,2756.8000,2872.0000,4442
2020-03-24,3003.5000,3003.5000,2872.0000,2944.0000,8982
2020-03-25,2968.0000,3004.2000,2873.0000,2968.0000,19095
2020-03-26,2917.9000,3003.0000,2903.0000,2974.0000,9022
2020-03-27,2909.0000,2914.9000,2845.0000,2854.0000,5421
2020-03-30,2899.0000,2975.0000,2860.0000,2975.0000,2842
2020-03-31,3002.0000,3002.0000,2930.0000,2971.0000,1123
2020-04-01,2875.0000,2942.0000,2875.0000,2894.3000,642
2020-04-02,2932.2500,2994.0000,2887.0000,2993.0000,1390
2020-04-03,3004.0000,3004.0000,2965.0000,2995.0000,3074
2020-04-06,3042.0000,3056.0000,2990.0000,3014.0000,2924
2020-04-07,3067.0000,3150.0000,3051.0000,3138.0000,8092
2020-04-08,3137.0000,3137.0000,3060.0000,3072.0000,2719
2020-04-09,3094.0000,3100.0000,3061.3330,3071.0000,5407
2020-04-14,3103.0000,3221.0000,3103.0000,3220.0000,5940
2020-04-15,3217.0000,3218.0000,3127.0000,3135.0000,6088
2020-04-16,3152.0000,3238.0000,3135.0000,3221.0000,5953
2020-04-17,3239.0000,3247.0000,3191.0000,3211.0000,13729
2020-04-20,3230.0000,3290.0000,3227.0000,3271.0000,3690
2020-04-21,3299.0000,3316.0000,3280.0000,3301.0000,5123
2020-04-22,3311.0000,3324.0000,3289.0000,3307.0000,27749
2020-04-23,3336.0000,3336.0000,3256.0500,3268.0000,3541
2020-04-24,3262.0000,3270.0000,3254.0000,3267.0000,3124
2020-04-27,3287.0000,3287.0000,3248.0000,3256.0000,3453
2020-04-28,3253.0000,3284.0000,3231.0000,3284.0000,1012
2020-04-29,3238.0000,3282.0000,3226.0000,3243.0000,26090
2020-04-30,3221.0000,3261.0000,3197.0000,3233.0000,1470
2020-05-04,3175.0000,3220.0000,3175.0000,3201.1500,1732
2020-05-05,3209.0000,3227.0000,3194.0000,3225.0000,1087
2020-05-06,3242.0000,3260.0000,3228.0000,3252.0000,10893
2020-05-07,3270.0000,3289.0000,3265.0000,3288.0000,3061
2020-05-11,3327.0000,3346.0000,3313.0000,3326.0000,1060
2020-05-12,3326.2000,3368.0000,3326.2000,3366.0000,1431
2020-05-13,3340.0000,3399.4130,3340.0000,3390.0000,1945
2020-05-14,3365.0000,3383.0000,3317.0000,3321.0000,5397
2020-05-15,3361.0000,3361.0000,3297.0000,3305.0000,5626
2020-05-18,3334.0000,3397.0000,3334.0000,3397.0000,3360
2020-05-19,3382.0000,3407.0000,3374.0000,3407.0000,1736
2020-05-20,3394.0000,3486.0000,3394.0000,3486.0000,2247
2020-05-22,3421.0000,3447.0000,3410.0000,3433.0000,13859
2020-05-26,3404.0000,3421.0000,3394.0000,3421.0000,2128
2020-05-27,3413.0000,3424.0000,3323.0000,3331.0000,4854
2020-05-28,3364.0000,3430.0000,3357.0000,3430.0000,5846
2020-05-29,3415.0000,3474.0000,3405.0000,3440.0000,2162
2020-06-02,3485.0000,3494.0000,3419.0000,3469.0000,1367
2020-06-03,3473.2500,3509.0000,3441.0000,3509.0000,4151
2020-06-04,3500.0000,3543.0000,3476.0000,3491.0000,434
2020-06-05,3480.0000,3480.0000,3383.0000,3395.0000,3468
2020-06-08,3366.0000,3371.0000,3268.0000,3308.0000,8316
2020-06-09,3296.7000,3351.5000,3282.2000,3338.0000,1076
2020-06-10,3347.0000,3393.0000,3347.0000,3368.0000,3804
2020-06-11,3344.0000,3420.0000,3344.0000,3417.0000,18288
2020-06-12,3374.0000,3442.0000,3371.6000,3394.0000,2877
2020-06-15,3356.0000,3399.0000,3334.0000,3385.0000,1530
2020-06-16,3404.0000,3421.2000,3340.0000,3375.0000,1303
2020-06-17,3371.0000,3430.0000,3370.0000,3420.0000,73127
2020-06-18,3417.0000,3463.5000,3412.4000,3461.0000,2924
2020-06-19,3495.0000,3495.0000,3436.3000,3456.0000,2181
2020-06-22,3482.0000,3482.0000,3426.0000,3429.0000,10819
2020-06-23,3445.0000,3455.0000,3410.0000,3445.0000,887
2020-06-24,3440.0000,3444.0000,3383.3000,3386.0000,4061
2020-06-25,3367.0000,3423.0000,3360.0000,3423.0000,3059
2020-06-26,3459.0000,3478.0000,3431.0000,3465.0000,1548
2020-06-29,3447.0000,3456.0000,3433.0000,3452.0000,2963
2020-06-30,3470.0000,3539.0000,3439.0000,3528.0000,4716
2020-07-01,3504.0000,3541.9000,3499.0000,3509.0000,2075
2020-07-02,3539.0000,3539.0000,3490.0000,3533.0000,2456
2020-07-03,3554.0000,3563.0000,3492.0000,3530.0000,3942
2020-07-06,3539.0000,3554.0000,3508.0000,3554.0000,2130
2020-07-07,3562.0000,3564.0000,3522.0000,3541.0000,1868
2020-07-08,3539.0000,3547.0000,3527.0000,3527.0000,2530
2020-07-09,3539.0000,3612.0000,3531.0000,3576.0000,2276
2020-07-10,3574.0000,3630.0000,3567.0000,3624.0000,5894
2020-07-13,3625.0000,3675.0000,3615.0000,3675.0000,1769
2020-07-14,3641.0000,3688.0000,3625.0000,3688.0000,2431
2020-07-15,3704.0000,3727.0000,3692.0000,3712.0000,4322
2020-07-16,3680.0000,3726.0000,3667.0000,3719.0000,690
2020-07-17,3717.0000,3750.0000,3717.0000,3732.0000,1375
2020-07-20,3717.0000,3782.0000,3717.0000,3782.0000,1024
2020-07-21,3811.0000,3814.0000,3720.0000,3739.0000,2216
2020-07-22,3725.0000,3824.0000,3725.0000,3801.0000,2127
2020-07-23,3816.0000,3841.0000,3792.0000,3802.0000,980
2020-07-24,3727.0000,3767.0000,3718.0000,3762.0000,732
2020-07-27,3774.0000,3809.0000,3771.0000,3799.0650,2250
2020-07-28,3796.0000,3796.0000,3751.0000,3765.0000,1213
2020-07-29,3759.0000,3779.0000,3753.0000,3772.0000,1241
2020-07-30,3775.0000,3795.0000,3719.0000,3738.0000,850
2020-07-31,3747.0000,3803.0000,3747.0000,3761.0000,1730
2020-08-03,3782.0000,3859.0000,3782.0000,3858.0000,2432
2020-08-04,3828.0000,3828.0000,3770.1000,3777.0000,6123
2020-08-05,3794.0000,3800.0000,3761.0000,3772.0000,1784
2020-08-06,3771.0000,3787.0000,3740.0000,3752.0000,1071
2020-08-07,3765.0000,3803.9000,3756.0000,3776.0000,573
2020-08-10,3751.0000,3792.0000,3745.0000,3755.0000,1037
2020-08-11,3779.0000,3779.0000,3715.0000,3721.0000,6886
2020-08-12,3720.0000,3802.0000,3720.0000,3802.0000,1870
2020-08-13,3817.0000,3823.0000,3786.0000,3812.8890,1569
2020-08-14,3801.0000,3801.0000,3744.0000,3747.0000,1842
2020-08-17,3761.0000,3804.0000,3759.0000,3800.0000,764
2020-08-18,3796.0000,3796.0000,3754.0000,3775.5500,2335
2020-08-19,3773.0000,3813.0000,3770.0000,3803.0000,1942
2020-08-20,3797.0000,3797.0000,3768.0000,3776.0000,503
2020-08-21,3776.0000,3793.0000,3750.0000,3785.0000,358
2020-08-24,3815.0000,3858.0000,3815.0000,3830.0000,487
2020-08-25,3826.1000,3831.0000,3788.0000,3788.0000,453
2020-08-26,3791.0000,3846.0000,3787.0000,3811.0000,990
2020-08-27,3862.0000,3862.0000,3795.0000,3798.0000,720
2020-08-28,3794.0000,3794.0000,3743.0000,3767.0000,691
2020-09-01,3831.0000,3877.0000,3814.0000,3828.0000,2485
2020-09-02,3889.0000,3933.0000,3889.0000,3920.0000,2852
2020-09-03,3923.0000,3931.0000,3818.0000,3818.0000,2175
2020-09-04,3841.0000,3872.0000,3791.0000,3810.0000,460
2020-09-07,3820.0000,3872.0000,3815.0000,3864.0000,2920
2020-09-08,3877.0000,3880.0000,3792.0000,3853.0000,3349
2020-09-09,3889.0000,3957.0000,3889.0000,3946.0000,1652
2020-09-10,3931.0000,3951.0000,3911.0000,3940.0000,1009
2020-09-11,3948.0000,3985.0000,3945.0000,3970.0000,681
2020-09-14,4013.0000,4013.0000,3945.0000,3963.0000,727
2020-09-15,3975.0000,4007.0000,3955.0000,4001.0000,927
2020-09-16,4011.0000,4074.0000,3963.0000,3963.0000,1984
2020-09-17,4028.0000,4084.0000,4017.0000,4055.0000,2013
2020-09-18,4073.0000,4077.0000,4024.0000,4072.0000,4546
2020-09-21,4077.0000,4090.0000,4017.0000,4042.0000,3455
2020-09-22,4078.0000,4084.0000,4006.0000,4015.0000,574
2020-09-23,4020.0000,4028.0000,3988.0000,4006.0000,753
2020-09-24,3998.0000,3998.0000,3938.0000,3970.0000,942
2020-09-25,3973.0000,3973.0000,3914.1000,3973.0000,616
2020-09-28,3960.0000,3969.0000,3937.0000,3956.6670,610
2020-09-29,3965.0000,3966.0000,3946.0000,3961.0000,2877
2020-09-30,3993.0000,4007.0000,3976.0000,3980.0000,837
2020-10-01,3992.0000,4045.0000,3991.0000,4045.0000,313
2020-10-02,4015.0000,4053.0000,4015.0000,4053.0000,4014
2020-10-05,4079.0000,4089.0000,4047.0000,4078.0000,822
2020-10-06,4066.0000,4070.0000,3981.0000,3981.0000,3086
2020-10-07,4004.0000,4032.0000,3986.0000,4020.0000,4215
2020-10-08,3972.0000,4036.0000,3943.0000,3989.0000,1298
2020-10-09,3981.0000,3989.0000,3949.0000,3989.0000,989
2020-10-12,4000.0000,4056.0000,3987.0000,4056.0000,342
2020-10-13,4049.0000,4080.0000,4039.0000,4064.0000,162
2020-10-14,4080.0000,4080.0000,4021.0000,4024.0000,2130
2020-10-15,3985.0000,3985.0000,3933.0000,3937.0000,5774
2020-10-16,3982.0000,3988.0000,3951.0000,3968.0000,8720
2020-10-19,3981.0000,3992.0000,3936.0000,3944.0000,276
2020-10-20,3957.0000,3959.0000,3903.0000,3910.0000,890
2020-10-21,3886.0000,3907.0000,3839.1000,3882.0000,462
2020-10-22,3858.0000,3877.0000,3844.0000,3855.0720,981
2020-10-23,3846.0000,3894.9000,3846.0000,3868.0000,506
2020-10-26,3867.0000,3883.0000,3821.0000,3845.0000,924
2020-10-27,3848.0000,3889.0000,3837.0000,3879.0000,564
2020-10-28,3848.0000,3885.0000,3774.0000,3792.0000,1732
2020-10-29,3801.0000,3824.0000,3762.0000,3762.0000,1314
2020-10-30,3751.0000,3761.0000,3714.0000,3722.0000,351
2020-11-02,3738.0000,3802.0000,3726.0000,3775.0000,815
2020-11-03,3794.0000,3810.0000,3777.0000,3801.0000,754
2020-11-04,3801.0000,3925.0000,3787.0000,3925.0000,1456
2020-11-05,3953.0000,3988.0000,3933.0000,3933.0000,698
2020-11-06,3924.0000,3946.0000,3880.0000,3930.0000,703
2020-11-09,3958.8500,3973.0000,3734.0000,3742.0000,1317
2020-11-10,3729.0000,3752.0000,3656.0000,3672.0000,4576
2020-11-11,3646.0000,3727.0000,3646.0000,3699.0000,1682
2020-11-12,3690.0000,3748.0000,3690.0000,3707.0000,2478
2020-11-13,3712.0000,3729.0000,3695.0000,3720.0000,5525
2020-11-16,3700.0000,3702.0000,3596.0000,3646.0000,3833
2020-11-17,3654.0000,3687.0000,3629.0000,3638.0000,2290
2020-11-18,3634.0000,3676.0000,3634.0000,3669.0000,936
2020-11-19,3648.0000,3656.0000,3622.0000,3647.0000,11283
2020-11-20,3647.0000,3675.0000,3641.0000,3664.0000,3202
2020-11-23,3667.0000,3667.0000,3607.0000,3611.0000,2433
2020-11-24,3584.0000,3597.0000,3551.0000,3570.0000,5779
2020-11-25,3580.0000,3611.1500,3565.4000,3585.0000,1524
2020-11-26,3621.0000,3623.0000,3594.0000,3595.0000,544
2020-11-27,3621.0000,3644.0000,3611.0000,3642.9000,1887
2020-11-30,3645.0000,3722.0000,3645.0000,3700.0000,570
2020-12-01,3693.0000,3696.0000,3643.0000,3660.0000,3878
2020-12-02,3635.0000,3648.0000,3603.0000,3610.0000,3019
2020-12-03,3601.0000,3606.0000,3545.2900,3551.0000,2155
2020-12-04,3558.0000,3558.0000,3521.0000,3533.0000,2786
2020-12-07,3551.0000,3571.0000,3539.0000,3553.8650,2014
2020-12-08,3586.0000,3651.0000,3576.0000,3646.0000,648
2020-12-09,3619.0000,3623.0000,3598.0000,3615.0000,914
2020-12-10,3630.0000,3656.0000,3611.0000,3624.0000,2266
2020-12-11,3628.0000,3628.0000,3610.0000,3620.0000,413
2020-12-14,3632.0000,3635.0000,3595.0000,3635.0000,339
2020-12-15,3621.0000,3633.0000,3595.0000,3595.0000,1948
2020-12-16,3596.0000,3642.0000,3567.0000,3637.0000,4463
2020-12-17,3650.0000,3687.0000,3630.0000,3668.0000,8477
2020-12-18,3692.0000,3709.0000,3687.0000,3691.0000,2647
2020-12-21,3714.0000,3729.0000,3660.0000,3675.0000,11611
2020-12-22,3695.0000,3702.0000,3676.0000,3694.0000,1761
2020-12-23,3713.0000,3724.0000,3678.0000,3680.0000,403
2020-12-29,3719.0000,3756.0000,3719.0000,3736.0000,260
2020-12-30,3760.0000,3768.0000,3731.0000,3754.0000,584
2021-01-04,3765.0000,3802.0000,3746.0000,3789.0000,893
2021-01-05,3784.0000,3784.0000,3745.0000,3760.0000,1086
2021-01-06,3746.0000,3750.0000,3699.0000,3725.5000,2992
2021-01-07,3708.0000,3716.0000,3692.0000,3702.0000,1867
2021-01-08,3712.0000,3712.0000,3675.0000,3687.0000,10977
2021-01-11,3703.0000,3747.0000,3667.0000,3744.0000,4022
2021-01-12,3734.0000,3734.0000,3665.0000,3709.0000,1761
2021-01-13,3664.0000,3727.0000,3664.0000,3699.0000,680
2021-01-14,3683.0000,3683.0000,3650.0000,3679.0000,982
2021-01-15,3617.0000,3617.0000,3541.0000,3579.0000,2023
2021-01-18,3555.0000,3563.0000,3531.0000,3549.0000,5141
2021-01-19,3553.0000,3574.0000,3536.0000,3554.0000,4561
2021-01-20,3553.0000,3573.0000,3538.0000,3555.0000,3222
2021-01-21,3575.0000,3614.0000,3575.0000,3592.0000,720
2021-01-22,3601.0000,3605.0000,3575.0000,3605.0000,1008
2021-01-25,3639.0000,3692.0000,3639.0000,3663.3330,581
2021-01-26,3701.0000,3760.0000,3701.0000,3722.0000,2009
2021-01-27,3715.0000,3731.0000,3676.0000,3719.0000,1691
2021-01-28,3688.0000,3743.0000,3661.0000,3727.2540,974
2021-01-29,3700.0000,3700.0000,3597.0000,3663.0000,2206
2021-02-01,3609.0000,3670.0000,3604.0000,3653.0000,1471
2021-02-02,3621.0000,3658.0000,3580.0000,3596.0000,3697
2021-02-03,3592.0000,3621.0000,3568.0000,3616.0000,2600
2021-02-04,3562.0000,3614.0000,3555.0000,3570.0000,1459
2021-02-05,3579.0000,3579.0000,3547.0000,3571.0000,2871
2021-02-08,3567.0000,3620.0000,3566.0000,3604.0000,2671
2021-02-09,3597.0000,3606.0000,3576.0000,3606.0000,964
2021-02-10,3620.0000,3653.0000,3598.0000,3606.0000,3217
2021-02-11,3604.0000,3633.0000,3602.0000,3626.0000,678
2021-02-12,3641.0000,3668.0000,3615.0000,3658.0000,2255
2021-02-15,3656.0000,3656.0000,3616.0000,3622.0000,1199
2021-02-16,3635.0000,3635.0000,3611.0000,3611.0000,1018
2021-02-17,3590.0000,3590.0000,3561.0000,3562.0000,1470
2021-02-18,3556.0000,3575.0000,3547.0000,3574.0000,14204
2021-02-19,3565.0000,3588.0000,3561.0000,3576.0000,253
2021-02-22,3550.0000,3575.0000,3514.0000,3575.0000,2167
2021-02-23,3526.0000,3530.0000,3468.0000,3519.0000,1697
2021-02-24,3538.0000,3562.0000,3515.0000,3524.0000,2107
2021-02-25,3527.0000,3527.0000,3475.0000,3486.0000,3962
2021-02-26,3456.0000,3506.0000,3438.0000,3445.0000,1581
2021-03-01,3443.0000,3484.0000,3443.0000,3472.0000,3634
2021-03-02,3488.0000,3531.0000,3488.0000,3514.0000,2743
2021-03-03,3517.0000,3528.0000,3420.0000,3432.0000,1457
2021-03-04,3464.0000,3465.0000,3420.0000,3465.0000,1108
2021-03-05,3448.0000,3448.0000,3405.0000,3420.0000,1530
2021-03-08,3454.0000,3482.0000,3414.0000,3473.0000,2934
2021-03-09,3478.0000,3515.0000,3443.0000,3493.0000,2141
2021-03-10,3524.0000,3565.0000,3479.0000,3537.0000,3367
2021-03-11,3544.0000,3601.0000,3527.0000,3562.0000,2297
2021-03-12,3563.0000,3577.0000,3510.0000,3520.0000,752
2021-03-15,3526.0000,3551.0000,3520.0000,3537.9580,954
2021-03-16,3530.0000,3578.0000,3530.0000,3564.0000,2257
2021-03-17,3563.0000,3568.0000,3547.0000,3557.7650,1169
2021-03-18,3510.0000,3532.0000,3510.0000,3528.0000,8159
2021-03-19,3515.0000,3552.0000,3515.0000,3517.0000,6344
2021-03-22,3509.0000,3569.0000,3509.0000,3559.0000,3282
2021-03-23,3576.0000,3648.0000,3576.0000,3631.0000,2922
2021-03-24,3632.0000,3678.0000,3603.0000,3616.0000,2231
2021-03-25,3616.0000,3661.0000,3606.0000,3639.0000,2089
2021-03-26,3641.0000,3644.0000,3608.0000,3634.0000,11020
2021-03-29,3600.0000,3641.0000,3589.0000,3611.0000,4460
2021-03-30,3627.0000,3627.0000,3593.0000,3623.2570,999
2021-03-31,3641.0000,3688.0000,3604.0000,3642.0000,5671
2021-04-01,3685.0000,3685.0000,3638.0000,3670.0000,9967
2021-04-06,3670.0000,3691.0000,3650.0000,3684.0000,2161
2021-04-07,3690.0000,3705.0000,3669.0000,3675.0000,7246
2021-04-08,3690.0000,3738.0000,3676.0000,3738.0000,1371
2021-04-09,3770.0000,3816.0000,3743.0000,3794.0000,11219
2021-04-12,3810.0000,3813.0830,3757.0000,3765.9820,21542
2021-04-13,3822.0000,3909.0000,3822.0000,3866.1480,22157
2021-04-14,3850.0000,3888.0000,3843.6920,3846.8450,8619
2021-04-15,3850.0000,3872.0000,3839.0000,3867.2580,6575
2021-04-16,3854.0000,3854.0000,3821.0000,3852.0000,3374
2021-04-19,3854.0000,3895.0000,3854.0000,3881.8110,2075
2021-04-20,3890.0000,3909.0000,3882.0000,3887.0000,1931
2021-04-21,3890.0000,3931.3600,3881.0000,3915.7510,6006
2021-04-22,3910.0000,3943.9000,3900.4140,3906.4000,1463
2021-04-23,3910.0000,3912.0000,3872.0000,3896.5150,2649
2021-04-26,3890.0000,3914.0000,3849.0000,3878.4010,3647
2021-04-27,3859.0000,3906.0000,3859.0000,3875.5810,3174
2021-04-28,3870.0000,3884.0000,3835.0000,3845.0000,1733
2021-04-29,3836.0000,3865.0000,3836.0000,3856.6770,5734
2021-04-30,3850.0000,3871.0000,3818.0000,3824.0000,8301
2021-05-04,3850.0000,3856.0000,3810.0000,3814.0000,765
2021-05-05,3832.0000,3902.0000,3832.0000,3881.1600,978
2021-05-06,3878.0000,3904.0000,3878.0000,3889.4170,6180
2021-05-07,3900.0000,3900.0000,3865.0000,3890.9690,2174
2021-05-10,3890.0000,3903.0000,3865.0000,3890.4170,6282
2021-05-11,3850.0000,3850.0000,3804.0000,3823.0000,5208
2021-05-12,3830.0000,3831.0000,3782.0000,3798.5040,2896
2021-05-14,3830.0000,3842.0000,3811.0000,3827.5740,2560
2021-05-17,3830.0000,3869.0000,3820.0000,3847.0990,7592
2021-05-18,3867.0000,3867.0000,3834.0000,3845.1730,548
2021-05-19,3830.0000,3867.0000,3807.0000,3827.3830,1470
2021-05-20,3893.0000,3958.0000,3893.0000,3956.0000,4445
2021-05-21,3950.0000,3968.0000,3928.0000,3934.5430,2315
2021-05-25,3971.2500,4026.8350,3971.2500,3985.2870,2056
2021-05-26,4014.0000,4061.0000,4014.0000,4041.7160,1793
2021-05-27,4020.0000,4033.0000,4005.0000,4019.4980,4705
2021-05-28,4040.0000,4043.9200,4000.3330,4025.6040,741
2021-06-01,4016.0000,4053.0000,4016.0000,4032.1770,1122
2021-06-02,4022.0000,4050.0000,4022.0000,4026.4030,882
2021-06-03,4020.0000,4048.0000,4010.0000,4048.0000,885
2021-06-04,4045.0000,4086.0000,4045.0000,4080.2310,2199
2021-06-07,4080.0000,4094.0000,4069.0000,4074.6110,732
2021-06-08,4075.0000,4131.0000,4075.0000,4121.9370,2953
2021-06-09,4100.0000,4174.0000,4095.0000,4169.0000,3963
2021-06-10,4167.0000,4230.5230,4167.0000,4230.5230,42306
2021-06-11,4220.0000,4253.0000,4220.0000,4234.0100,2552
2021-06-14,4240.0000,4253.0000,4213.0000,4230.0000,9822
2021-06-15,4220.0000,4274.0000,4220.0000,4264.0000,1796
2021-06-16,4258.0000,4295.0000,4258.0000,4285.3260,1036
2021-06-17,4253.0000,4253.0000,4178.0000,4253.0000,6525
2021-06-18,4244.0000,4298.0000,4244.0000,4253.8480,1700
2021-06-21,4253.0000,4320.0000,4253.0000,4253.0000,1822
2021-06-22,4320.0000,4336.0000,4267.0000,4328.8550,5496
2021-06-23,4321.0000,4353.0000,4321.0000,4333.0000,12754
2021-06-24,4332.0000,4377.0000,4332.0000,4377.0000,2621
2021-06-25,4340.0000,4369.0000,4340.0000,4358.6960,4410
2021-06-28,4360.0000,4360.0000,4309.0000,4324.4080,6228
2021-06-29,4331.0000,4362.0000,4331.0000,4340.0130,3456
2021-06-30,4320.0000,4346.0000,4300.0000,4329.0000,2204
2021-07-01,4300.0000,4321.0000,4254.0000,4276.8540,1563
2021-07-02,4297.0000,4334.0000,4297.0000,4312.7680,2764
2021-07-05,4303.0000,4323.0000,4303.0000,4317.4290,1671
2021-07-06,4320.0000,4339.0000,4306.0000,4313.6230,5081
2021-07-07,4319.0000,4397.0000,4319.0000,4366.1640,3593
2021-07-08,4320.0000,4383.0000,4311.5350,4336.9630,662
2021-07-09,4332.7700,4365.0000,4332.7700,4339.6500,1192
2021-07-12,4325.0000,4388.0000,4325.0000,4380.4180,2342
2021-07-13,4405.0000,4405.0000,4372.0000,4384.6270,4974
2021-07-14,4378.0000,4378.0000,4330.0000,4351.3480,4117
2021-07-15,4360.0000,4387.0000,4360.0000,4378.4530,1396
2021-07-16,4410.0000,4410.0000,4373.0000,4394.9880,1242
2021-07-19,4381.0000,4458.0000,4381.0000,4406.7220,4623
2021-07-20,4450.0000,4490.0000,4413.0000,4479.8280,5210
2021-07-21,4470.0000,4504.0000,4447.0000,4470.3410,4821
2021-07-22,4410.0000,4460.0000,4330.0000,4363.1810,8996
2021-07-23,4470.0000,4511.0000,4463.0000,4482.7500,2531
2021-07-26,4470.0000,4484.0000,4415.0000,4436.8570,1326
2021-07-27,4430.0000,4494.0000,4418.0000,4476.8770,1980
2021-07-28,4490.0000,4501.0000,4464.0000,4487.2500,1512
2021-07-29,4510.0000,4510.0000,4449.0000,4472.4870,1265
2021-07-30,4470.0000,4527.0000,4467.0000,4512.9640,1485
2021-08-02,4530.0000,4545.0000,4508.0000,4526.9000,1581
2021-08-03,4513.0000,4554.0000,4513.0000,4532.0000,1168
2021-08-04,4537.0000,4566.0000,4537.0000,4552.4550,1398
2021-08-05,4550.0000,4590.0000,4548.0000,4552.0000,2693
2021-08-06,4570.0000,4575.0000,4513.0000,4513.6770,1877
2021-08-09,4530.0000,4564.0000,4530.0000,4549.3330,751
2021-08-10,4550.0000,4565.0000,4535.0000,4555.0000,6499
2021-08-11,4550.0000,4575.0000,4542.0000,4561.6350,1988
2021-08-12,4550.0000,4580.0000,4540.0000,4563.0390,2181
2021-08-13,4570.0000,4596.0000,4561.0000,4583.2070,1658
2021-08-16,4590.0000,4604.0000,4549.0000,4569.0000,5557
2021-08-17,4550.0000,4625.0000,4550.0000,4606.8400,1918
2021-08-18,4630.0000,4668.0000,4627.6300,4646.2670,2798
2021-08-19,4610.0000,4644.0000,4540.0000,4561.7060,2963
2021-08-20,4590.0000,4626.9550,4578.0000,4608.8560,1590
2021-08-23,4630.0000,4664.0000,4622.0000,4647.0400,1893
2021-08-24,4650.0000,4681.0000,4616.0000,4628.9770,1258
2021-08-25,4647.0000,4647.0000,4584.0000,4609.0100,2129
2021-08-26,4590.0000,4605.1590,4575.7320,4594.2860,1210
2021-08-27,4585.0000,4651.0000,4585.0000,4628.0000,3226
2021-08-31,4630.0000,4667.0000,4582.0000,4604.8400,1646
2021-09-01,4590.0000,4608.0000,4511.0000,4574.9300,2048
2021-09-02,4581.0000,4618.0000,4581.0000,4600.2760,1399
2021-09-03,4570.0000,4584.0000,4535.0000,4580.0000,1810
2021-09-06,4591.0000,4627.0000,4591.0000,4613.3490,2928
2021-09-07,4609.0000,4609.0000,4556.0000,4572.7140,3175
2021-09-08,4553.0000,4553.0000,4492.0000,4532.1430,1884
2021-09-09,4550.0000,4571.0000,4525.0000,4537.0000,1844
2021-09-10,4530.0000,4548.0000,4513.0000,4531.1620,900
2021-09-13,4527.0000,4568.0000,4527.0000,4550.6990,2437
2021-09-14,4510.0000,4547.0000,4510.0000,4544.7420,6253
2021-09-15,4550.0000,4560.0000,4519.0000,4529.0590,2099
2021-09-16,4532.0000,4585.0000,4532.0000,4583.0000,4768
2021-09-17,4596.0000,4596.0000,4488.0000,4488.0000,4563
2021-09-20,4450.0000,4490.0000,4440.0000,4463.3480,6052
2021-09-21,4470.0000,4526.0000,4469.0000,4511.1780,9049
2021-09-22,4510.0000,4523.0000,4441.0000,4485.5770,1377
2021-09-23,4490.0000,4532.0000,4480.0000,4501.7240,3615
2021-09-24,4470.0000,4503.0000,4350.0000,4379.1750,3771
2021-09-27,4325.0000,4325.0000,4232.0000,4243.2800,5744
2021-09-28,4200.0000,4214.0000,4123.0000,4204.0000,7562
2021-09-29,4260.0000,4340.0000,4232.6600,4276.0000,4957
2021-09-30,4276.0000,4276.0000,4236.0000,4261.3610,6433
2021-10-01,4239.0000,4334.0000,4239.0000,4280.3580,6975
2021-10-04,4280.0000,4332.0000,4250.0000,4272.2500,2451
2021-10-05,4240.0000,4277.0000,4235.0000,4256.7590,1402
2021-10-06,4240.0000,4328.0000,4192.0000,4308.0000,6754
2021-10-07,4312.0000,4359.0000,4312.0000,4318.3520,3195
2021-10-08,4260.0000,4323.0000,4245.0000,4262.6670,2238
2021-10-11,4209.0000,4289.0000,4209.0000,4286.9770,5392
2021-10-12,4200.0000,4249.0000,4127.3250,4186.0000,2928
2021-10-13,4240.0000,4243.0000,4166.0000,4222.2490,2948
2021-10-14,4220.0000,4245.0000,4148.0000,4210.4960,3362
2021-10-15,4231.0000,4231.0000,4204.0000,4214.3000,9778
2021-10-18,4200.0000,4261.0000,4171.0000,4231.2230,10864
2021-10-19,4305.0000,4305.0000,4234.0000,4283.3450,5297
2021-10-20,4232.0000,4324.0000,4232.0000,4271.0000,2416
2021-10-21,4300.0000,4342.0000,4268.0000,4321.5550,3193
2021-10-22,4320.0000,4336.0000,4298.0000,4319.7500,1222
2021-10-25,4300.0000,4337.0000,4280.0000,4317.8100,2220
2021-10-26,4320.0000,4356.0000,4306.0000,4332.5810,3828
2021-10-27,4347.0000,4380.0000,4347.0000,4371.0000,3798
2021-10-28,4360.0000,4422.0000,4351.0000,4407.0000,7502
2021-10-29,4360.0000,4384.0000,4309.0000,4342.4900,2608
2021-11-01,4320.0000,4369.0000,4319.0000,4358.1670,591
2021-11-02,4410.0000,4457.0000,4358.0000,4432.4600,3857
2021-11-03,4436.0000,4496.0000,4436.0000,4473.1770,4587
2021-11-04,4510.0000,4510.0000,4410.0000,4469.9840,5437
2021-11-05,4470.0000,4492.0000,4349.0000,4387.0910,2956
2021-11-08,4345.0000,4426.0000,4345.0000,4380.1820,4940
2021-11-09,4388.0000,4422.0000,4388.0000,4411.7610,1218
2021-11-10,4410.0000,4444.0000,4399.0000,4429.7290,2507
2021-11-11,4410.0000,4474.0000,4403.0000,4460.9170,3347
2021-11-12,4490.0000,4504.0000,4452.0000,4498.0000,5292
2021-11-15,4490.0000,4540.0000,4478.0000,4499.4350,3687
2021-11-16,4490.0000,4512.0000,4465.0000,4497.4860,849
2021-11-17,4495.0000,4532.0000,4495.0000,4512.0000,2455
2021-11-18,4518.0000,4573.0000,4518.0000,4554.6700,5364
2021-11-19,4590.0000,4667.0000,4558.0000,4647.5420,3675
2021-11-22,4650.0000,4678.0000,4626.0000,4644.3540,14977
2021-11-23,4590.0000,4639.0000,4491.0000,4513.0000,1820
2021-11-24,4530.0000,4544.0000,4476.0000,4499.9320,4091
2021-11-25,4495.0000,4566.0000,4495.0000,4507.1650,2899
2021-11-26,4450.0000,4570.0000,4414.0000,4523.4520,5659
2021-11-29,4510.0000,4559.0000,4492.0000,4523.0000,2622
2021-11-30,4510.0000,4539.0000,4465.0000,4508.3680,4283
2021-12-01,4510.0000,4516.0000,4413.0000,4490.0000,2703
2021-12-02,4454.0000,4534.0000,4454.0000,4527.8870,10312
2021-12-03,4530.0000,4608.0000,4504.0000,4557.2060,4968
2021-12-06,4583.0000,4654.0000,4583.0000,4624.9890,12643
2021-12-07,4660.0000,4742.1850,4660.0000,4736.6740,9576
2021-12-08,4710.0000,4807.0000,4690.0000,4769.0000,4654
2021-12-09,4770.0000,4797.0000,4759.0000,4783.0000,2066
2021-12-10,4761.0000,4817.0000,4761.0000,4806.6460,3549
2021-12-13,4800.0000,4825.0000,4756.0000,4777.0000,18864
2021-12-14,4770.0000,4809.0000,4710.0000,4717.2920,1042
2021-12-15,4719.0000,4786.0000,4719.0000,4775.0000,5046
2021-12-16,4800.0000,4835.0000,4762.0000,4817.2170,2782
2021-12-17,4855.0000,4855.0000,4764.0000,4822.0000,11842
2021-12-20,4730.0000,4795.0000,4717.0000,4760.3670,3404
2021-12-21,4818.0000,4818.0000,4717.0000,4730.0000,5107
2021-12-22,4710.0000,4742.0000,4625.0000,4687.5470,2776
2021-12-23,4710.0000,4725.0000,4668.0000,4679.2460,2556
2021-12-29,4820.0000,4835.0000,4797.0000,4824.0000,1726
2021-12-30,4820.0000,4856.0000,4792.0000,4792.2160,2039
2022-01-04,4809.0000,4809.0000,4717.0000,4760.2880,2876
2022-01-05,4711.0000,4793.7190,4711.0000,4793.7190,33000
2022-01-06,4730.0000,4748.0000,4602.0000,4619.0000,15075
2022-01-07,4570.0000,4593.0000,4511.0000,4580.1080,6541
2022-01-10,4586.0000,4586.0000,4380.0000,4405.0000,6468
2022-01-11,4490.0000,4512.0000,4436.0000,4446.0000,2898
2022-01-12,4490.0000,4508.0000,4430.0000,4475.6710,4419
2022-01-13,4470.0000,4477.0000,4394.0000,4468.0000,12997
2022-01-14,4359.0000,4359.0000,4235.0000,4243.0000,4399
2022-01-17,4240.0000,4309.0000,4200.0000,4292.6540,20123
2022-01-18,4240.0000,4271.0000,4179.0000,4202.6520,5211
2022-01-19,4160.0000,4231.0000,4102.0000,4200.1780,6526
2022-01-20,4160.0000,4222.0000,4121.0000,4177.1670,13975
2022-01-21,4160.0000,4184.0000,4101.0000,4154.7820,8838
2022-01-24,4136.0000,4136.0000,4010.0000,4058.3980,5166
2022-01-25,4080.0000,4127.0000,4007.0000,4029.7140,20984
2022-01-26,4080.0000,4091.0000,4047.0000,4077.1630,15144
2022-01-27,4040.0000,4086.0210,3982.0000,4032.8110,4713
2022-01-28,3778.0000,3926.0000,3778.0000,3863.5330,8433
2022-01-31,3905.0000,3905.0000,3806.0000,3819.8360,17884
2022-02-01,3790.0000,3896.0000,3779.6130,3787.4870,8075
2022-02-02,3850.0000,3910.0000,3820.0000,3883.9090,10846
2022-02-03,3870.0000,3878.0000,3762.0000,3762.0000,5730
2022-02-04,3790.0000,3807.0000,3712.0000,3760.5850,6001
2022-02-07,3751.0000,3751.0000,3661.0000,3693.7710,10677
2022-02-08,3690.0000,3714.0000,3575.3750,3587.4620,3833
2022-02-09,3610.0000,3681.0000,3608.8200,3654.1600,21956
2022-02-10,3650.0000,3662.0000,3585.0000,3631.3330,16246
2022-02-11,3643.0000,3643.0000,3585.0000,3589.2670,9853
2022-02-14,3580.0000,3601.0000,3517.0000,3575.4300,11331
2022-02-15,3585.0000,3671.0000,3585.0000,3661.0000,8161
2022-02-16,3670.0000,3733.0000,3667.0000,3677.9170,5938
2022-02-17,3726.0000,3726.0000,3668.0000,3720.0710,3268
2022-02-18,3690.0000,3702.0000,3637.0000,3661.3330,5064
2022-02-21,3670.0000,3670.0000,3552.7160,3582.1000,2655
2022-02-22,3540.0000,3617.0000,3518.0000,3562.4790,24147
2022-02-23,3650.0000,3688.0000,3620.0000,3678.5000,1371
2022-02-24,3580.0000,3709.0000,3575.0000,3642.5730,9211
2022-02-25,3730.0000,3763.0000,3663.0000,3714.0000,6382
2022-02-28,3770.0000,3859.0000,3734.0000,3857.2460,14860
2022-03-01,3850.0000,3917.0000,3788.0000,3858.1880,7254
2022-03-02,3770.0000,3858.0000,3753.0000,3824.0000,2426
2022-03-03,3790.0000,3866.0000,3780.0000,3808.5700,3792
2022-03-04,3773.0000,3850.0000,3773.0000,3812.9580,8402
2022-03-07,3690.0000,3773.0000,3660.0000,3741.3010,2992
2022-03-08,3690.0000,3800.9600,3517.0000,3648.8030,11672
2022-03-09,3540.0000,3608.0000,3495.0000,3521.6760,6857
2022-03-10,3650.0000,3691.0000,3571.0000,3613.1920,13529
2022-03-11,3580.0000,3584.0000,3474.0000,3543.2280,8316
2022-03-14,3540.0000,3595.0000,3468.0000,3530.5000,10175
2022-03-15,3580.0000,3632.0000,3558.0000,3585.1720,14392
2022-03-16,3690.0000,3731.0000,3631.0000,3700.3700,6995
2022-03-17,3730.0000,3806.0000,3699.0000,3753.3640,11666
2022-03-18,3790.0000,3834.0000,3759.0000,3812.1550,3881
2022-03-21,3833.0000,3833.0000,3778.0000,3782.0000,4744
2022-03-22,3810.0000,3827.0000,3758.0000,3792.3790,3694
2022-03-23,3810.0000,3854.0000,3801.0000,3825.1910,5839
2022-03-24,3839.0000,3895.5150,3839.0000,3882.0000,10678
2022-03-25,3890.0000,3919.0000,3788.0000,3904.7910,5743
2022-03-28,3750.0000,3764.9600,3693.0000,3735.0000,1723
2022-03-29,3750.0000,3830.0000,3739.0000,3800.0000,3283
2022-03-30,3835.0000,3835.0000,3788.0000,3820.3860,3419
2022-03-31,3850.0000,3870.0000,3801.0000,3845.0510,7261
2022-04-01,3850.0000,3858.0000,3793.0000,3804.6960,4158
2022-04-04,3829.0000,3870.0000,3829.0000,3858.0000,9186
2022-04-05,3860.0000,3953.0000,3859.0000,3934.3730,4728
2022-04-06,3950.0000,3975.0000,3903.0000,3907.0000,5585
2022-04-07,3915.0000,3995.0000,3913.0000,3980.6470,6020
2022-04-08,4000.0000,4029.0000,3955.0000,3988.0290,23226
2022-04-11,4012.0000,4018.0000,3930.0000,3960.4060,8470
2022-04-12,3922.0000,3941.0000,3851.0000,3912.8470,4769
2022-04-13,3897.0000,3897.0000,3823.0000,3863.2860,2139
2022-04-14,3848.0000,3911.0000,3835.5870,3899.3900,8231
2022-04-19,3882.0000,3882.0000,3715.0000,3806.0000,7244
2022-04-20,3796.0000,3846.0000,3789.0000,3819.0000,3397
2022-04-21,3817.0000,3879.0000,3817.0000,3857.0000,11701
2022-04-22,3796.0000,3859.0000,3796.0000,3836.0000,5925
2022-04-25,3805.0000,3906.0000,3795.0000,3865.0350,10281
2022-04-26,3856.0000,3890.0000,3785.0000,3792.5170,8826
2022-04-27,3800.0000,3875.0000,3800.0000,3875.0000,4563
2022-04-28,3881.0000,3910.0000,3851.0000,3887.5400,6244
2022-04-29,3881.0000,3934.0000,3873.0000,3895.5830,2964
2022-05-03,3869.0000,3869.0000,3715.0000,3765.0000,5987
2022-05-04,3792.0000,3792.0000,3711.0000,3773.0000,5970
2022-05-05,3825.0000,3889.0000,3792.0000,3828.3100,3377
2022-05-06,3731.0000,3779.0000,3600.0000,3620.4000,7855
2022-05-09,3585.0000,3591.1000,3431.0000,3457.0000,22750
2022-05-10,3472.0000,3585.0000,3472.0000,3558.6180,7299
2022-05-11,3568.0000,3568.0000,3452.0000,3506.6430,5671
2022-05-12,3542.0000,3593.0000,3460.0000,3474.8200,3760
2022-05-13,3600.0000,3651.0000,3579.0000,3639.9500,10914
2022-05-16,3653.0000,3691.0000,3633.0000,3663.7970,9300
2022-05-17,3667.0000,3688.0000,3612.0000,3662.0360,3663
2022-05-18,3645.0000,3645.0000,3515.0000,3537.3980,2436
2022-05-19,3499.0000,3576.9480,3397.0000,3479.0000,14076
2022-05-20,3495.0000,3547.0000,3495.0000,3525.8550,1305
2022-05-23,3529.0000,3572.0000,3529.0000,3569.0000,4574
2022-05-24,3558.0000,3593.0000,3529.0000,3585.2480,1968
2022-05-25,3561.0000,3561.0000,3475.0000,3490.6430,18763
2022-05-27,3526.0000,3576.0000,3476.0000,3556.4690,4262
2022-05-30,3600.0000,3689.0000,3599.0000,3658.7890,4799
2022-05-31,3630.0000,3630.0000,3510.0000,3535.5000,7349
2022-06-01,3538.0000,3564.0000,3473.0000,3502.7430,2783
2022-06-07,3509.0000,3509.0000,3459.0000,3490.5910,2987
2022-06-08,3518.0000,3518.0000,3457.0000,3471.4370,3675
2022-06-09,3466.0000,3474.0000,3379.0000,3408.8000,5461
2022-06-10,3378.0000,3385.0000,3313.0000,3337.9750,5387
2022-06-13,3333.0000,3344.0000,3264.0000,3284.7890,3643
2022-06-14,3290.0000,3302.0000,3124.0000,3200.5830,3834
2022-06-15,3122.0000,3220.0000,3086.0000,3174.6560,3153
2022-06-16,3115.0000,3162.0000,3027.0000,3101.6200,12155
2022-06-17,3105.0000,3166.0000,3040.0000,3052.9760,2953
2022-06-20,3074.0000,3117.0000,3022.6000,3035.2950,15295
2022-06-21,3037.0000,3140.6330,3035.1850,3093.4240,18022
2022-06-22,3050.0000,3152.0000,3040.0000,3128.9040,6086
2022-06-23,3136.0000,3155.3150,3094.0000,3130.8700,21886
2022-06-24,3168.0000,3332.0000,3168.0000,3306.2350,3823
2022-06-27,3316.0000,3342.0000,3256.4630,3295.8480,9122
2022-06-28,3329.0000,3365.0000,3290.0000,3299.6930,13050
2022-06-29,3300.0000,3408.0000,3280.0000,3404.0000,12064
2022-06-30,3355.0000,3374.0000,3264.0000,3357.0000,4756
2022-07-01,3302.0000,3388.5070,3302.0000,3388.0000,4105
2022-07-04,3390.0000,3453.0000,3325.9090,3432.0000,7540
2022-07-05,3468.0000,3483.0000,3408.0000,3461.8200,4934
2022-07-06,3468.0000,3536.0000,3429.0000,3478.0030,7020
2022-07-07,3481.0000,3523.0000,3407.0000,3494.0000,5151
2022-07-08,3487.0000,3503.0000,3393.0000,3446.0000,1263
2022-07-11,3450.0000,3510.0000,3401.0000,3510.0000,3859
2022-07-12,3491.0000,3504.3500,3389.0000,3416.9010,3771
2022-07-13,3391.0000,3391.0000,3295.0000,3361.0000,3013
2022-07-14,3300.0000,3336.0000,3219.0000,3296.3400,6900
2022-07-15,3220.0000,3265.0000,3216.0000,3246.0000,2818
2022-07-18,3257.0000,3307.0000,3257.0000,3294.5590,6187
2022-07-19,3296.0000,3332.0000,3248.0000,3321.4030,8639
2022-07-20,3308.0000,3367.0000,3306.0000,3324.7440,11263
2022-07-21,3265.0000,3306.0000,3250.0000,3282.7030,5965
2022-07-22,3232.0000,3298.0000,3232.0000,3269.7330,2081
2022-07-25,3213.0000,3259.0000,3213.0000,3228.4940,3683
2022-07-26,3214.0000,4580.5420,3214.0000,3227.7920,4637
2022-07-27,3220.0000,3225.0000,3153.0000,3173.4760,4259
2022-07-28,3179.0000,3230.0000,3178.0000,3210.0000,6691
2022-07-29,3238.0000,3315.0000,3227.0000,3300.2160,4281
2022-08-02,3300.0000,3343.3960,3223.0000,3342.8600,9405
2022-08-03,3321.0000,3335.0000,3264.0000,3319.0000,4326
2022-08-04,3317.0000,3381.0000,3317.0000,3372.1750,7519
2022-08-05,3364.0000,3399.0000,3273.0000,3292.0000,6166
2022-08-08,3305.0000,3364.0000,3305.0000,3325.0420,4996
2022-08-09,3294.0000,3327.0000,3252.0000,3265.0000,4634
2022-08-10,3220.0000,3351.0000,3207.0000,3293.0150,3206
2022-08-11,3349.0000,3375.0000,3311.0000,3359.2240,4996
2022-08-12,3349.0000,3402.0000,3342.0000,3378.2650,10654
2022-08-15,3396.0000,3435.0000,3384.0000,3431.0000,4289
2022-08-16,3427.0000,3437.0000,3319.0000,3348.2330,5269
2022-08-17,3380.0000,3380.0000,3319.0000,3336.0000,3012
2022-08-18,3329.0000,3338.0000,3303.0000,3333.3260,3376
2022-08-19,3286.0000,3387.0000,3284.0000,3300.3750,6454
2022-08-22,3280.0000,3312.0000,3267.0000,3278.5080,2081
2022-08-23,3212.0000,3261.0000,3197.0000,3212.6970,6890
2022-08-24,3172.0000,3252.0000,3172.0000,3229.5690,2537
2022-08-25,3251.0000,3275.0000,3222.0000,3227.7040,3240
2022-08-26,3236.0000,3240.0000,3154.0000,3206.4570,2609
2022-08-30,3175.0000,3203.0000,3148.6060,3166.7040,2412
2022-08-31,3146.0000,3179.0000,3116.0000,3129.3950,10395
2022-09-01,3107.0000,3107.0000,3025.0000,3099.4040,3635
2022-09-02,3040.0000,3114.0000,3008.0000,3043.1650,7049
2022-09-05,3060.0000,3094.0000,3017.0000,3072.3150,4984
2022-09-06,3070.0000,3109.0000,3063.0000,3090.0000,2498
2022-09-07,3097.0000,3110.0000,3040.0000,3101.0000,13517
2022-09-08,3112.0000,3112.0000,3033.0000,3078.0000,3382
2022-09-09,3081.0000,3130.0000,3072.0000,3099.0000,1438
2022-09-12,3120.0000,3149.0000,3102.0000,3135.5300,2021
2022-09-13,3124.0000,3187.0000,3022.5460,3022.5470,3422
2022-09-14,3001.0000,3052.3890,2994.0000,3009.3980,9327
2022-09-15,3007.0000,3041.0000,2962.0000,2963.2950,10711
2022-09-16,2949.0000,2984.0000,2919.0000,2921.8260,6218
2022-09-20,2939.0000,2955.0000,2896.0000,2911.5740,27800
2022-09-21,2889.0000,2950.0000,2889.0000,2932.6670,4360
2022-09-22,2890.0000,3013.0000,2873.0000,2974.1870,3766
2022-09-23,2859.0000,2980.0000,2854.0000,2935.5000,7960
2022-09-26,3001.0000,3030.0000,2932.0000,2952.2950,11197
2022-09-27,2976.0000,3019.0000,2927.0000,2947.0000,9628
2022-09-28,2883.0000,2961.0000,2883.0000,2947.4440,7479
2022-09-29,2976.0000,2982.0000,2887.0000,2920.0000,7487
2022-09-30,2925.0000,3009.0000,2925.0000,3001.5430,3951
2022-10-03,3003.0000,3005.0000,2913.0000,2969.5150,11634
2022-10-04,3019.0000,3092.0000,3007.0000,3064.0000,3244
2022-10-05,3071.0000,3071.0000,3032.0000,3044.3900,4632
2022-10-06,3083.0000,3102.0000,3016.0000,3041.7110,5577
2022-10-07,3027.0000,3055.0000,2970.0000,2980.4040,11070
2022-10-10,2949.0000,3035.0000,2949.0000,3030.0000,10599
2022-10-11,2859.0000,2859.0000,2780.0000,2824.0000,13035
2022-10-12,2838.0000,2896.0000,2790.9890,2832.5700,9481
2022-10-13,2810.0000,2846.0000,2674.0000,2781.5830,16092
2022-10-14,2838.0000,2922.0000,2829.0000,2853.2990,4844
2022-10-17,2832.0000,2927.0000,2808.0000,2833.0000,1617
2022-10-18,2933.0000,2995.0000,2926.0000,2969.6830,5116
2022-10-19,2929.0000,2964.0000,2918.0000,2920.0000,7283
2022-10-20,2925.0000,2957.0000,2895.0000,2952.5570,1441
2022-10-21,2938.0000,2938.0000,2883.0000,2912.4170,2096
2022-10-24,2957.0000,3003.0000,2947.0000,2975.9040,987
2022-10-25,3001.0000,3079.0000,2960.0000,3057.0230,3106
2022-10-26,3081.0000,3100.0000,3015.0000,3050.4220,4073
2022-10-27,3074.0000,3077.0000,3025.0000,3052.0000,1452
2022-10-28,3010.0000,3040.0000,3010.0000,3036.8920,33442
2022-10-31,3037.0000,3053.0000,2986.0000,2990.0000,4095
2022-11-01,2986.0000,3035.0000,2924.0000,2948.1440,5046
2022-11-02,2947.0000,2979.0000,2914.0000,2936.3670,4715
2022-11-03,2896.0000,2918.7670,2822.0000,2842.9300,2990
2022-11-04,2840.0000,2955.0000,2840.0000,2910.6020,6121
2022-11-07,2910.0000,2913.0000,2850.0000,2885.4330,3649
2022-11-08,2875.0000,2977.0000,2840.0000,2964.4020,8920
2022-11-09,2938.0000,3028.0000,2938.0000,2965.1340,3355
2022-11-10,3015.0000,3221.0000,2973.0000,3215.0000,7990
2022-11-11,3249.0000,3318.0000,3231.0000,3292.5030,14375
2022-11-14,3340.0000,3340.0000,3285.0000,3300.0000,11936
2022-11-15,3274.0000,3339.0000,3274.0000,3276.0000,4971
2022-11-16,3270.0000,3270.0000,3162.0000,3184.0000,1027
2022-11-17,3200.0000,3214.0000,3157.0000,3196.0000,2563
2022-11-18,3204.0000,3230.0000,3164.0000,3204.3590,2044
2022-11-21,3190.0000,3190.0000,3102.0000,3145.8710,3838
2022-11-22,3099.0000,3134.0000,3086.0000,3119.3760,5879
2022-11-23,3124.0000,3200.0000,3100.0000,3192.3190,6583
2022-11-24,3179.0000,3261.0000,3179.0000,3252.0000,5099
2022-11-25,3251.0000,3261.0000,3233.0000,3239.3860,3867
2022-11-28,3249.0000,3269.0000,3223.0000,3245.0000,7198
2022-11-29,3240.0000,3240.0000,3121.0000,3144.4550,3057
2022-11-30,3150.0000,3199.0000,3130.0000,3166.3220,19260
2022-12-01,3167.0000,3269.0000,3150.0000,3184.3180,5004
2022-12-02,3177.0000,3229.9680,3145.0000,3167.3670,2332
2022-12-05,3150.0000,3176.0000,3113.0000,3119.5610,6716
2022-12-06,3107.0000,3129.0000,3045.0000,3045.3910,8827
2022-12-07,3050.0000,3066.0000,3020.0000,3052.0000,1944
2022-12-08,3058.0000,3070.0000,2986.0000,2997.0000,900
2022-12-09,3029.0000,3078.0000,3016.0000,3049.4550,4210
2022-12-12,3054.0000,3059.0000,3012.0000,3039.0380,14475
2022-12-13,3074.0000,3197.0000,3051.0000,3097.2200,5346
2022-12-14,3089.0000,3089.0000,2972.0000,3008.6020,11835
2022-12-15,2979.0000,2979.0000,2945.0000,2956.4230,1169
2022-12-16,2949.0000,2961.1430,2863.0000,2884.0000,11275
2022-12-19,2898.0000,2906.0000,2857.0000,2857.0000,6660
2022-12-20,2848.0000,2848.0000,2802.0000,2802.0000,8123
2022-12-21,2826.0000,2867.0000,2815.0000,2846.3850,3403
2022-12-22,2849.0000,2868.0000,2792.0000,2822.9750,1760
2022-12-23,2814.0000,2846.0000,2807.0000,2825.0620,1846
2022-12-28,2854.0000,2854.0000,2829.0000,2847.5690,4081
2022-12-29,2828.0000,2872.0000,2822.0000,2868.3490,4080
2022-12-30,2872.0000,2872.0000,2832.4340,2833.0000,2124
2023-01-03,2900.0000,2912.0000,2862.2860,2879.4240,4312
2023-01-04,2908.5350,2965.0000,2908.5350,2947.8670,2642
2023-01-05,2962.0000,2966.0000,2901.0000,2909.0150,3217
2023-01-06,2925.0000,2952.0000,2866.0000,2876.9130,3314
2023-01-09,2964.0000,3025.0000,2935.0000,3019.6250,7304
2023-01-10,2996.0000,3019.0000,2977.0000,3007.4000,2090
2023-01-11,3013.0000,3084.0000,2992.0000,3053.0000,4078
2023-01-12,3077.0000,3077.0000,3006.0000,3029.6900,1100
2023-01-13,3011.0000,3043.0000,2969.0000,2973.0000,1269
2023-01-16,3030.3030,3030.3030,2977.0000,3030.0000,1617
2023-01-17,3040.0000,3047.0000,2991.0000,3014.8520,2893
2023-01-18,3031.0000,3059.0000,3013.0000,3044.0000,4664
2023-01-19,2998.0000,2998.0000,2943.0000,2957.6040,7823
2023-01-20,2970.0000,2974.0000,2922.0000,2956.0000,7194
2023-01-23,2912.0000,2945.0000,2869.0000,2928.4900,7122
2023-01-24,2931.0000,2961.0000,2924.0000,2935.2570,8512
2023-01-25,2900.0000,2968.0000,2861.0000,2891.4760,20508
2023-01-26,2947.0000,3054.0000,2947.0000,3003.9550,7087
2023-01-27,3011.0000,3017.0000,2931.1030,2960.7870,6987
2023-01-30,2970.0000,3001.0000,2927.0000,2979.4000,5726
2023-01-31,2992.0000,2997.0000,2918.0000,2921.8070,4972
2023-02-01,2955.0000,2989.0000,2937.0000,2978.4430,4805
2023-02-02,2980.0000,3051.0000,2978.0000,3002.6880,3666
2023-02-03,3040.0000,3063.0000,3003.0000,3046.6720,2838
2023-02-06,3009.0000,3055.0000,3009.0000,3024.0000,4276
2023-02-07,3009.0000,3043.0000,2985.0000,3010.0000,5138
2023-02-08,3025.0000,3047.0000,2997.4000,3025.4290,1530
2023-02-09,2992.0000,3009.0000,2904.0000,2920.5390,4825
2023-02-10,2892.0000,2905.0000,2823.1250,2848.0000,9150
2023-02-13,2842.0000,2884.0000,2842.0000,2878.0000,16882
2023-02-14,2919.0000,2919.0000,2861.0000,2877.0000,3465
2023-02-15,2890.0000,2904.0000,2870.0000,2870.0000,7278
2023-02-16,2898.0000,2938.0000,2874.0000,2894.1960,10092
2023-02-17,2859.0000,2866.0000,2823.0000,2848.6610,3157
2023-02-20,2867.0000,2867.0000,2839.0000,2851.9770,6565
2023-02-21,2841.0000,2856.0000,2818.0000,2831.0000,1883
2023-02-22,2857.0000,2905.0000,2822.0000,2871.0000,6381
2023-02-23,2921.0000,2921.0000,2884.0000,2894.4350,3121
2023-02-24,2915.0000,2915.0000,2835.0000,2857.0000,2086
2023-02-27,2914.0000,2921.0000,2878.0000,2901.5800,2845
2023-02-28,2884.0000,2889.0000,2835.0000,2867.0000,1820
2023-03-01,2830.0000,2846.0000,2808.0000,2821.8980,2705
2023-03-02,2784.0000,2868.0000,2784.0000,2840.8330,11535
2023-03-03,2863.0000,2884.0000,2846.0000,2855.2500,1649
2023-03-06,2884.0000,2884.0000,2818.0000,2855.0000,2252
2023-03-07,2830.0000,2852.0000,2800.5800,2824.0000,17827
2023-03-08,2750.0000,2780.0000,2690.0000,2691.0000,5519
2023-03-09,2769.0000,2810.0000,2750.0000,2780.9580,3353
2023-03-10,2777.0000,2796.0000,2723.0000,2760.2500,3860
2023-03-13,2744.0000,2817.0000,2718.0000,2774.5160,8361
2023-03-14,2822.0000,2887.0000,2801.0000,2849.7850,39745
2023-03-15,2836.0000,2872.0000,2783.0000,2855.7890,21892
2023-03-16,2872.0000,2959.0000,2872.0000,2921.6210,6389
2023-03-17,2994.0000,3006.0000,2894.0000,2924.9600,8517
2023-03-20,2916.0000,3021.0000,2912.0000,2992.0380,16550
2023-03-21,2960.0000,2996.0000,2883.0000,2922.7910,11236
2023-03-22,2877.0000,2925.0000,2858.0000,2897.0000,58705
2023-03-23,2900.0000,2951.0000,2868.0000,2947.0000,8964
2023-03-24,2943.0000,2976.0000,2927.0000,2961.6410,3733
2023-03-27,2932.0000,2932.0000,2865.0000,2913.0210,9676
2023-03-28,2921.0000,2925.0000,2882.0000,2887.5670,52725
2023-03-29,2907.2000,2965.0000,2907.2000,2948.0000,1845
2023-03-30,2960.0000,2979.0000,2908.0000,2934.2500,2708
2023-03-31,2904.0000,2990.0000,2892.0000,2899.7500,4145
2023-04-03,2977.0000,2988.0000,2943.0000,2967.1940,1919
2023-04-04,3010.0000,3010.0000,2938.0000,2964.4450,3663
2023-04-05,2955.5000,3038.0000,2955.0000,2977.5500,10888
2023-04-06,3060.5000,3112.0000,3024.0000,3063.3100,6518
2023-04-11,3100.5000,3110.0000,3039.0000,3071.0000,2368
2023-04-12,3068.5000,3130.0000,3045.0000,3051.0000,11110
2023-04-13,3164.0000,3164.0000,3045.0000,3075.7040,4386
2023-04-14,3101.5000,3112.0000,3072.0000,3081.0000,4480
2023-04-17,3019.0000,3102.0000,3017.0000,3079.1530,3874
2023-04-18,3082.0000,3132.0000,3082.0000,3091.0000,7141
2023-04-19,3071.0000,3109.0000,3071.0000,3083.4880,13010
2023-04-20,3107.5000,3150.0000,3093.0000,3138.0150,2770
2023-04-21,3149.5000,3181.0000,3146.0000,3161.0210,27792
2023-04-24,3187.0000,3187.0000,3152.0000,3177.0000,8339
2023-04-25,3171.0000,3182.0000,3151.0000,3165.8770,3188
2023-04-26,3160.0000,3165.0000,3085.0000,3110.8020,2557
2023-04-27,3110.5000,3115.0000,3082.0000,3099.3870,4908
2023-04-28,3107.5000,3127.0000,3089.0000,3100.3100,2283
2023-05-02,3127.0000,3136.0000,3086.0000,3094.0000,4371
2023-05-03,3096.0000,3139.0000,3086.0000,3114.9020,2666
2023-05-04,3080.0000,3130.0000,3077.0000,3128.3910,14522
2023-05-05,3126.0000,3174.0000,3126.0000,3159.8160,7011
2023-05-09,3127.0000,3151.0000,3094.0000,3104.2290,2030
2023-05-10,3113.0000,3113.0000,3073.0000,3084.8120,5017
2023-05-11,3129.0000,3186.0000,3129.0000,3177.1820,8417
2023-05-12,3183.0000,3183.0000,3144.0000,3166.4730,11159
2023-05-15,3190.0000,3190.0000,3156.0000,3166.4790,963
2023-05-16,3142.5000,3174.0000,3123.0000,3146.2500,1056
2023-05-17,3125.0000,3125.0000,3008.0000,3027.5880,20572
2023-05-19,3029.0000,3068.0000,3029.0000,3031.1210,1738
2023-05-22,3041.0000,3041.0000,3003.0000,3016.0000,2053
2023-05-23,3027.0000,3027.0000,2986.0000,3018.2560,2782
2023-05-24,3012.0000,3016.2410,2980.0000,2995.4250,3106
2023-05-25,3024.5000,3027.0000,2993.0000,3006.8010,1902
2023-05-26,3014.0000,3053.0000,3011.0000,3051.6100,3556
2023-05-30,3062.5000,3068.0000,3015.6430,3032.6670,3365
2023-05-31,3026.5000,3062.0000,2995.4000,2995.4010,30933
2023-06-01,3033.5000,3046.0000,3006.0000,3021.4360,1991
2023-06-02,3054.0000,3054.0000,3017.0000,3040.7560,4946
2023-06-05,3059.0000,3059.0000,2996.9780,2997.0000,2627
2023-06-06,3018.0000,3046.0000,3004.0000,3030.6200,3432
2023-06-07,3020.0000,3020.0000,2957.0000,2963.3830,5847
2023-06-08,2949.5000,2969.0000,2940.0000,2950.4100,5613
2023-06-09,2899.0000,2899.0000,2838.0000,2865.0690,2900
2023-06-12,2886.0000,2907.0000,2849.0000,2891.7440,3480
2023-06-13,2917.0000,2917.0000,2880.8360,2912.7900,4593
2023-06-14,2905.0000,2905.0000,2865.0000,2884.5770,2551
2023-06-15,2881.0000,2884.0000,2857.0000,2868.9210,3990
2023-06-16,2890.0000,2968.0000,2876.0000,2932.3690,5527
2023-06-19,2924.0000,2924.0000,2883.0000,2902.2700,5207
2023-06-20,2884.0000,2917.0000,2852.0000,2911.6710,3279
2023-06-21,2900.5000,2935.0000,2868.0000,2882.5670,6460
2023-06-22,2859.0000,2918.0000,2859.0000,2868.0000,9171
2023-06-23,2920.0000,2980.0000,2914.0000,2958.2960,5004
2023-06-26,2957.5000,2994.0000,2950.0000,2950.7700,1778
2023-06-27,2980.5000,2987.0000,2928.0000,2950.0440,2007
2023-06-28,2945.5000,2964.0000,2922.0000,2931.3330,6385
2023-06-29,2967.0000,2967.0000,2894.0000,2908.2910,4014
2023-06-30,2928.0000,2975.0000,2918.0000,2943.0880,2425
2023-07-03,2989.5000,2998.0000,2957.0000,2965.3960,1990
2023-07-04,3000.0000,3012.0000,2953.0000,2986.3730,2645
2023-07-05,2999.0000,2999.0000,2964.0000,2973.2970,2269
2023-07-06,2967.0000,2967.0000,2911.0000,2929.2930,3520
2023-07-07,2924.0000,2939.0000,2906.0000,2927.2930,2071
2023-07-10,2914.0000,2937.0000,2914.0000,2927.6170,10441
2023-07-11,2939.0000,2968.5000,2939.0000,2966.2970,2617
2023-07-12,2985.5000,3024.0000,2940.0000,3003.0000,1957
2023-07-13,3010.0000,3038.0000,2992.0000,3002.3330,3804
2023-07-14,2973.0000,3015.0000,2973.0000,2999.5000,5338
2023-07-17,2997.5000,2998.0000,2943.0000,2944.4420,7945
2023-07-18,2928.0000,2967.0000,2928.0000,2940.0000,1111
2023-07-19,3007.0000,3007.0000,2958.0000,2969.5000,2003
2023-07-20,2912.5000,2991.0000,2899.0000,2946.9860,5007
2023-07-21,2935.0000,2938.0000,2831.0000,2872.4650,2685
2023-07-24,2877.5000,2882.0000,2849.0000,2879.6670,2251
2023-07-25,2891.0000,2925.0000,2861.0000,2876.1860,1116
2023-07-26,2895.0000,2897.0000,2867.0000,2891.4220,2547
2023-07-27,2902.1290,2978.0000,2902.1290,2951.0000,5242
2023-07-28,2930.0000,2961.0000,2911.0000,2959.2960,2287
2023-07-31,2931.0000,2951.0000,2915.0000,2935.9980,2488
2023-08-02,2899.0000,2905.2910,2868.0000,2886.6240,25683
2023-08-03,2864.5000,2872.0000,2848.0000,2851.0000,2657
2023-08-04,2856.0000,2867.0000,2818.0000,2842.5850,2037
2023-08-07,2860.5000,2879.0000,2854.0000,2867.5000,1198
2023-08-08,2840.0000,2877.0000,2839.0000,2853.7890,1960
2023-08-09,2866.5000,2878.0000,2836.0000,2845.5020,5138
2023-08-10,2852.0000,2911.0000,2852.0000,2897.0000,1956
2023-08-11,2886.0000,2989.4400,2851.0000,2851.6880,4282
2023-08-14,2844.0000,2867.0000,2837.0000,2865.0000,3668
2023-08-15,2851.0000,2857.0000,2805.0000,2820.2000,1613
2023-08-16,2802.0000,2832.0000,2800.0000,2832.0000,2935
2023-08-17,2803.0000,2808.1000,2770.0000,2772.6310,2575
2023-08-18,2780.5000,2793.0000,2726.0000,2745.3840,3236
2023-08-21,2740.5000,2766.0000,2739.0000,2745.3050,835
2023-08-22,2755.5000,2773.0000,2740.0000,2765.2770,5877
2023-08-23,2761.0000,2816.0000,2750.0000,2804.0000,2324
2023-08-24,2826.5000,2870.0000,2825.0000,2847.0000,1071
2023-08-25,2828.0000,2859.0000,2828.0000,2849.2850,1270
2023-08-29,2871.5000,2907.0000,2871.0000,2900.4200,1784
2023-08-30,2906.0000,2939.0000,2906.0000,2926.3240,2707
2023-08-31,2932.0000,2975.0000,2932.0000,2967.0340,4548
2023-09-01,2930.0000,2951.0000,2922.0000,2929.0000,2559
2023-09-04,2937.0000,2954.0000,2918.0000,2931.0000,3454
2023-09-05,2905.5000,2919.0000,2892.0000,2893.4200,2975
2023-09-06,2874.5000,2942.0000,2836.0000,2911.0710,5613
2023-09-07,2914.5000,2941.0000,2898.0000,2916.2920,4059
2023-09-08,2927.0000,2930.0000,2885.0000,2903.0900,3047
2023-09-11,2910.5000,2913.0000,2874.0000,2876.0000,5512
2023-09-12,2882.0000,3015.8700,2838.0000,2847.2850,3046
2023-09-13,2829.0000,2829.0000,2778.0000,2803.0000,1445
2023-09-14,2819.0000,2849.0000,2787.0000,2843.4270,3003
2023-09-15,2867.5000,2885.0000,2851.0000,2879.0000,2570
2023-09-18,2817.0000,2869.0000,2815.0000,2852.5000,4276
2023-09-19,2813.0000,2841.0000,2801.0000,2841.0000,18770
2023-09-20,2860.5000,2971.0000,2859.0000,2964.5550,6884
2023-09-21,2937.0000,2995.0000,2923.0000,2949.7500,7829
2023-09-22,2925.0000,2988.0000,2919.0000,2962.2960,2201
2023-09-25,2953.5000,2954.0000,2901.0000,2913.3940,16248
2023-09-26,2920.0000,2965.0000,2920.0000,2945.0000,2959
2023-09-27,2941.5000,2972.0000,2922.0000,2972.0000,4856
2023-09-28,2930.0000,2988.0000,2876.0000,2912.0000,7593
2023-09-29,2992.5000,3030.0000,2978.0000,2994.0000,4184
2023-10-02,2988.5000,3009.0000,2923.0000,2940.0000,6453
2023-10-03,2931.0000,2976.0000,2911.0000,2939.0640,2802
2023-10-04,2893.0000,2924.0000,2883.0000,2907.2910,5991
2023-10-05,2910.5000,2941.0000,2892.0000,2906.0710,1878
2023-10-06,2897.0000,2926.0000,2769.0000,2781.0000,5278
2023-10-09,2792.5000,2863.0000,2774.0000,2836.3920,6213
2023-10-10,2855.0000,2922.0000,2849.0000,2915.0000,2515
2023-10-11,2904.5000,2947.0000,2890.0000,2915.0000,6105
2023-10-12,2942.5000,2972.0000,2872.0000,2908.0000,4158
2023-10-13,2885.0000,2902.0000,2863.0000,2894.4200,5854
2023-10-16,2873.5000,2926.7930,2857.0000,2908.4640,12675
2023-10-17,2895.0000,2929.0000,2879.0000,2895.8720,1513
2023-10-18,2860.5000,2906.0000,2855.0000,2895.0000,2761
2023-10-19,2873.5000,2937.0000,2859.0000,2896.5660,3339
2023-10-20,2878.5000,2903.0000,2835.0000,2869.5690,2692
2023-10-23,2866.5000,2884.0000,2789.0000,2832.0690,5871
2023-10-24,2849.0000,2860.0000,2800.0000,2824.0000,5425
2023-10-25,2820.5000,2859.0000,2805.0000,2842.1180,5574
2023-10-26,2823.5000,2910.0000,2819.0000,2887.2890,5131
2023-10-27,2905.5000,3028.0000,2884.0000,3007.0280,8494
2023-10-30,3022.5000,3044.0000,2971.0000,2990.5260,6694
2023-10-31,2980.5000,3055.0000,2971.0000,3052.0000,6509
2023-11-01,3023.5000,3049.0000,2971.0000,3028.0190,1857
2023-11-02,3051.0000,3080.0000,3010.0000,3063.3790,5248
2023-11-03,3081.0000,3103.0000,3031.0000,3055.0250,2751
2023-11-06,3053.0000,3075.0000,3000.0000,3025.9690,3628
2023-11-07,3051.0000,3080.0000,3014.0000,3075.0000,2188
2023-11-08,3060.5000,3086.0000,3011.0000,3067.2000,1709
2023-11-09,3051.0000,3119.0000,3051.0000,3109.3780,7086
2023-11-10,3088.0000,3186.0000,3069.0000,3157.3680,5634
2023-11-13,3172.0000,3200.0000,3145.0000,3182.5220,3729
2023-11-14,3181.5000,3210.0000,3144.0000,3187.3040,5756
2023-11-15,3193.5000,3269.0000,3165.0000,3251.0090,4868
2023-11-16,3252.0000,3255.0000,3203.0000,3217.3560,3041
2023-11-17,3232.5000,3248.0000,3203.0000,3228.0310,3023
2023-11-20,3221.5000,3257.0000,3190.0000,3234.0000,1650
2023-11-21,3244.0000,3288.0000,3214.0000,3267.8150,2170
2023-11-22,3177.0000,3286.0000,3134.0000,3229.6770,3662
2023-11-23,3236.5000,3256.0000,3209.0000,3228.8940,4543
2023-11-24,3220.5000,3254.0000,3206.0000,3254.0000,1075
2023-11-27,3252.0000,3272.0000,3225.0000,3260.7320,3524
2023-11-28,3256.0000,3280.0000,3217.0000,3235.3530,3525
2023-11-29,3260.5000,3321.3380,3215.0000,3245.3240,13527
2023-11-30,3247.0000,3272.6500,3225.0000,3272.0000,3560
2023-12-01,3281.0000,3314.0000,3249.0000,3303.0000,4263
2023-12-04,3306.5000,3330.0000,3262.0000,3317.8320,112373
2023-12-05,3306.5000,3317.0000,3280.0000,3292.0000,4123
2023-12-06,3295.0000,3385.0000,3272.0000,3366.9110,1993
2023-12-07,3348.5000,3397.0000,3341.0000,3352.0000,3891
2023-12-08,3368.0000,3396.0000,3341.0000,3360.6290,1870
2023-12-11,3378.0000,3425.0000,3367.0000,3412.3410,6909
2023-12-12,3428.5000,3459.0000,3404.0000,3450.0000,2601
2023-12-13,3457.0000,3513.3510,3429.0000,3497.3500,5828
2023-12-14,3502.5000,3508.0000,3404.0000,3498.0000,3915
2023-12-15,3294.0000,3485.0000,3150.0000,3465.1180,8907
2023-12-18,3451.0000,3494.0000,3431.0000,3477.9480,20066
2023-12-19,3489.0000,3525.0000,3470.0000,3492.2660,2871
2023-12-20,3474.5000,3504.0000,3454.0000,3492.5240,1567
2023-12-21,3486.0000,3513.0000,3464.1560,3471.3470,913
2023-12-22,3455.0000,3500.0000,3452.0000,3466.2220,6777
2023-12-27,3480.0000,3509.0000,3450.0000,3481.0000,1448
2023-12-28,3487.0000,3491.0000,3442.0000,3449.8340,1078
2023-12-29,3453.0000,3487.0000,3422.0000,3480.0000,1164
2024-01-03,3445.0000,3455.0000,3386.0000,3444.6020,13730
2024-01-04,3418.0000,3433.0000,3356.0000,3397.0000,4729
2024-01-05,3344.5000,3366.0000,3298.0000,3334.5000,4698
2024-01-08,3332.0000,3356.6770,3291.0000,3332.3330,4050
2024-01-09,3381.5000,3398.0000,3334.0000,3380.8990,2683
2024-01-10,3377.0000,3410.0000,3362.0000,3394.3390,6183
2024-01-11,3403.0000,3426.0000,3374.3250,3385.3380,2656
2024-01-12,3389.5000,3402.0000,3354.0000,3397.5000,1227
2024-01-15,3413.0000,3427.0000,3376.0000,3403.1180,626
2024-01-16,3376.0000,3407.0000,3368.0000,3378.3380,2013
2024-01-17,3368.0000,3369.0000,3329.0000,3355.4970,2146
2024-01-18,3355.5000,3360.0000,3312.0000,3344.3340,2234
2024-01-19,3376.0000,3384.0000,3322.0000,3345.8390,2536
2024-01-22,3374.0000,3397.0000,3351.0000,3369.0000,3479
2024-01-23,3373.0000,3373.0000,3299.0000,3314.5000,5270
2024-01-24,3308.5000,3331.0000,3289.0000,3300.0000,5262
2024-01-25,3420.5000,3593.0000,3297.0000,3564.4870,21906
2024-01-26,3578.0000,3659.0000,3553.0000,3637.9470,5003
2024-01-29,3613.0000,3689.0000,3604.6260,3685.7400,6297
2024-01-30,3680.0000,3693.0000,3603.0000,3641.0000,4052
2024-01-31,3630.5000,3658.0000,3598.0000,3609.3610,4436
2024-02-01,3576.0000,3622.0000,3576.0000,3581.9250,7130
2024-02-02,3647.0000,3655.0000,3563.0000,3586.8590,7174
2024-02-05,3578.0000,3596.0000,3553.0000,3569.5000,4040
2024-02-06,3614.0000,3628.0000,3574.0000,3597.6330,3108
2024-02-07,3622.5000,3677.0000,3610.0000,3674.0000,1566
2024-02-08,3676.5000,3690.0000,3633.0000,3645.5410,1125
2024-02-09,3617.0000,3642.0000,3584.0000,3594.5000,2559
2024-02-12,3580.5000,3618.0000,3558.0000,3581.9250,1994
2024-02-13,3620.5000,3650.0000,3559.0000,3576.9270,1326
2024-02-14,3615.0000,3675.5520,3593.0000,3665.0000,8391
2024-02-15,3683.0000,3705.0000,3640.0000,3678.3790,1176
2024-02-16,3653.0000,3691.0000,3628.0000,3669.0000,1632
2024-02-19,3656.0000,3704.0000,3634.0000,3635.0000,1750
2024-02-20,3723.0000,3762.0000,3681.0000,3741.3740,1319
2024-02-21,3677.5000,3785.0000,3674.0000,3728.2060,9766
2024-02-22,3744.5000,3770.0000,3708.0000,3732.3730,2382
2024-02-23,3769.0000,3801.0000,3769.0000,3792.0740,3845
2024-02-26,3808.0000,3851.0000,3768.0000,3815.5230,3955
2024-02-27,3814.0000,3843.0000,3737.0000,3744.7500,4400
2024-02-28,3738.0000,3745.0000,3701.0000,3712.7320,3331
2024-02-29,3716.5000,3750.0000,3676.0000,3707.0000,4123
2024-03-01,3720.0000,3738.0000,3684.0000,3713.0000,85349
2024-03-04,3720.0000,3729.0000,3682.0000,3704.5020,7989
2024-03-05,3702.5000,3709.0000,3672.0000,3697.4070,2222
2024-03-06,3714.5000,3784.6680,3677.0000,3736.3740,8026
2024-03-07,3750.5000,3869.0000,3738.0000,3810.3220,3814
2024-03-08,3866.5000,3912.0000,3857.0000,3886.4860,2123
2024-03-11,3881.0000,3939.0000,3877.0000,3939.0000,6136
2024-03-12,3954.5000,3988.0000,3910.0000,3947.0750,2646
2024-03-13,3978.0000,4004.0000,3944.0000,3973.4000,27402
2024-03-14,3982.5000,4006.0000,3950.0000,3968.7360,1894
2024-03-15,3980.5000,4037.0000,3944.0000,4034.0000,9546
2024-03-18,4000.0000,4078.0000,3983.0000,4043.6040,35679
2024-03-19,4077.5000,4102.0000,4041.0000,4085.0000,69631
2024-03-20,4088.0000,4117.0000,4082.0000,4104.4100,1150
2024-03-21,4122.0000,4154.0000,4076.0000,4103.0000,442
2024-03-22,4093.0000,4115.0000,4030.0000,4050.3330,8633
2024-03-25,4054.0000,4078.0000,4026.0000,4055.5020,26592
2024-03-26,4073.5000,4099.8230,4034.0000,4034.0000,2188
2024-03-27,4033.5000,4059.0000,4007.0000,4018.0000,1103
2024-03-28,4020.5000,4044.0000,3990.0000,4003.0670,28158
2024-04-02,4007.0000,4061.7580,3985.0000,4016.0000,24008
2024-04-03,4026.5000,4076.0000,3990.7930,4055.7390,127385
2024-04-04,4042.0000,4080.0000,3928.0000,4002.4000,6025
2024-04-05,3905.5000,3947.0000,3892.0000,3927.0000,625
2024-04-08,3949.5000,3970.1680,3915.0000,3945.0000,1733
2024-04-09,3972.0000,3997.0000,3944.0000,3945.0400,4253
2024-04-10,3981.5000,4038.0000,3956.0000,3960.3650,2042
2024-04-11,4049.0000,4116.0000,3932.0000,4023.0000,3015
2024-04-12,4038.5000,4046.0000,3910.0000,4011.9010,4119
2024-04-15,3915.5000,3947.0000,3878.0000,3903.4170,23941
2024-04-16,3858.0000,3896.0000,3832.0000,3881.2860,3269
2024-04-17,3876.5000,3912.0000,3871.0000,3888.7060,17848
2024-04-18,3953.0000,3953.0000,3855.0000,3902.5850,2799
2024-04-19,3877.5000,3951.0000,3857.0000,3929.5000,3121
2024-04-22,3971.0000,3974.0000,3909.0000,3931.0330,23171
2024-04-23,3922.0000,3981.2040,3908.0000,3979.0000,5733
2024-04-24,3974.0000,4013.0000,3974.0000,4003.5430,2779
2024-04-25,4000.0000,4007.6010,3891.0000,3968.0000,5699
2024-04-26,3956.5000,3989.0000,3918.0000,3959.0590,2928
2024-04-29,3968.0000,3980.0000,3944.0000,3946.0000,84
2024-04-30,3945.5000,3969.0000,3930.0000,3946.0000,9340
2024-05-01,3946.0000,3946.0000,3946.0000,3946.0000,30
2024-05-02,3925.0000,3991.0000,3892.0000,3938.0000,464
2024-05-03,3966.0000,4032.0000,3936.0000,4002.5000,204
2024-05-07,3975.0000,4072.0000,3964.0000,4072.0000,457
2024-05-08,4076.5000,4100.0000,4063.0000,4080.0000,1814
2024-05-10,4094.0000,4127.0000,4048.0000,4060.0000,555
2024-05-13,4061.5000,4104.0000,4031.0000,4082.6670,267
2024-05-14,4081.0000,4118.0000,4031.0000,4080.0000,297
2024-05-15,4063.5000,4123.0000,4033.0000,4119.2000,1178
2024-05-16,4104.5000,4134.0000,4093.0000,4107.0000,240
2024-05-17,4117.5000,4180.0000,4102.0000,4165.0000,7065
2024-05-21,4170.0000,4204.0000,4138.0000,4170.0000,1949
2024-05-22,4186.5000,4213.0000,4156.0000,4198.0000,674
2024-05-23,4154.5000,4246.0000,4135.0000,4228.5000,498
2024-05-24,4235.5000,4266.0000,4206.0000,4249.0000,1222
2024-05-28,4270.5000,4295.0000,4213.0000,4219.0000,835
2024-05-29,4197.5000,4249.0000,4168.0000,4211.0000,510
2024-05-30,4203.0000,4239.0000,4155.0000,4190.7450,483
2024-05-31,4223.5000,4237.0000,4188.0000,4206.0000,350
2024-06-03,4249.0000,4250.0000,4158.0000,4184.0000,1138
2024-06-04,4221.5000,4263.0000,4209.0000,4232.6670,274
2024-06-05,4265.5000,4344.0000,4223.0000,4308.0000,139
2024-06-06,4339.0000,4364.0000,4294.0000,4322.0000,207
2024-06-07,4333.0000,4366.0000,4279.0000,4321.0000,282
2024-06-10,4341.5000,4392.0000,4289.0000,4344.0000,386
2024-06-11,4365.0000,4387.0000,4319.0000,4343.0000,1333
2024-06-12,4365.0000,4371.0000,4326.0000,4360.0000,185
2024-06-13,4358.5000,4363.0000,4303.0000,4320.0000,385
2024-06-14,4331.0000,4338.0000,4285.0000,4318.0000,681
2024-06-17,4305.5000,4342.0000,4302.0000,4317.0000,544
2024-06-18,4342.5000,4366.0000,4314.0000,4323.0000,440
2024-06-19,4317.5000,4324.0000,4246.0000,4259.5290,521
2024-06-20,4283.0000,4341.0000,4277.0000,4315.0000,9606
2024-06-21,4320.0000,4352.0000,4283.0000,4299.0000,1593
2024-06-24,4280.0000,4361.0000,4240.0000,4342.0000,9773
2024-06-25,4334.0000,4374.0000,4314.0000,4336.0000,7279
2024-06-26,4364.0000,4393.0000,4336.0000,4337.0000,219
2024-06-27,4352.5000,4367.0000,4334.0000,4366.0000,197
2024-06-28,4360.0000,4392.0000,4243.0000,4260.0000,149
2024-07-01,4295.0000,4315.0000,4220.0000,4279.0000,631
2024-07-02,4288.0000,4336.0000,4189.0000,4282.0000,224
2024-07-03,4295.0000,4318.0000,4254.0000,4299.8330,448
2024-07-04,4313.5000,4341.0000,4288.0000,4319.0000,1380
2024-07-05,4330.0000,4330.0000,4257.0000,4257.0000,133
2024-07-08,4258.0000,4338.0000,4231.0000,4259.0000,274
2024-07-09,4300.5000,4387.0000,4241.0000,4379.0000,1628
2024-07-10,4376.0000,4400.0000,4300.0000,4321.5000,378
2024-07-11,4352.5000,4385.0000,4309.0000,4362.4690,405
2024-07-12,4358.5000,4375.0000,4325.0000,4375.0000,133
2024-07-15,4362.0000,4400.0000,4290.0000,4337.6670,100
2024-07-16,4253.0000,4300.0000,4253.0000,4282.8000,1743
2024-07-17,4264.5000,4322.0000,4200.0000,4249.5000,537
2024-07-18,4218.0000,4248.0000,4190.0000,4227.0000,905
2024-07-19,4255.0000,4261.0000,4190.0000,4233.0000,264
2024-07-22,4252.0000,4312.0000,4250.0000,4301.3160,4787
2024-07-23,4138.0000,4280.0000,4075.0000,4143.4550,1171
2024-07-24,4138.0000,4201.0000,4110.0000,4184.8890,878
2024-07-25,4178.0000,4190.0000,4152.0000,4178.0000,4492
2024-07-26,4188.5000,4210.0000,4153.0000,4187.1830,2092
2024-07-29,4221.5000,4249.0000,4213.0000,4240.0000,468
2024-07-30,4233.5000,4271.0000,4207.0000,4244.0000,704
2024-07-31,4267.5000,4307.0000,4100.0000,4307.0000,268
2024-08-02,4231.5000,4254.0000,4157.0000,4197.0000,1262
2024-08-05,4105.5000,4139.0000,4044.0000,4076.8540,2218
2024-08-06,4114.0000,4114.0000,4028.0000,4068.5330,4610
2024-08-07,4096.0000,4166.0000,4092.0000,4141.5470,4386
2024-08-08,4121.0000,4144.0000,4064.0000,4143.0000,192
2024-08-09,4143.5000,4184.0000,4140.0000,4173.6250,664
2024-08-12,4194.5000,4199.0000,4119.0000,4171.0000,167
2024-08-13,4142.5000,4155.0000,4061.0000,4106.6000,6026
2024-08-14,4141.5000,4160.0000,4112.0000,4160.0000,431
2024-08-15,4173.0000,4194.0000,4148.0000,4168.0000,190
2024-08-16,4173.0000,4209.0000,4163.0000,4186.0000,1358
2024-08-19,4165.0000,4207.0000,4159.2000,4192.0000,838
2024-08-20,4208.0000,4213.0000,4172.0000,4187.0000,848
2024-08-21,4171.0000,4195.0000,4145.0000,4187.4080,822
2024-08-22,4192.5000,4212.0000,4180.0000,4212.0000,549
2024-08-23,4190.5000,4220.0000,4180.0000,4214.0000,584
2024-08-27,4207.0000,4215.0000,4158.0000,4200.0000,544
2024-08-28,4223.5000,4359.0000,4214.0000,4320.7290,1633
2024-08-29,4360.0000,4403.0000,4360.0000,4394.0000,373
2024-08-30,4371.0000,4383.0000,4342.0000,4356.0000,154
2024-09-02,4343.5000,4353.0000,4303.0000,4326.0320,1494
2024-09-03,4345.0000,4414.0000,4345.0000,4368.5000,288
2024-09-04,4368.0000,4458.0000,4352.0000,4400.4380,6831
2024-09-05,4428.5000,4466.0000,4362.0000,4371.6670,507
2024-09-06,4392.5000,4446.0000,4371.0000,4406.7960,369
2024-09-09,4433.5000,4499.0000,4431.0000,4497.0000,2958
2024-09-10,4491.0000,4513.0000,4475.0000,4499.0000,204
2024-09-11,4491.0000,4563.0000,4469.0000,4540.2620,1715
2024-09-12,4552.5000,4568.0000,4518.0000,4545.1760,516
2024-09-13,4552.5000,4566.0000,4536.0000,4536.0000,6268
2024-09-16,4540.5000,4579.0000,4531.0000,4557.0000,10600
2024-09-17,4567.0000,4593.0000,4534.0000,4583.2000,2119
2024-09-18,4550.0000,4550.0000,4452.0000,4493.6670,7405
2024-09-19,4472.5000,4475.0000,4416.0000,4441.2530,574
2024-09-20,4485.0000,4528.0000,4478.0000,4506.0000,2342
2024-09-23,4477.0000,4543.0000,4477.0000,4535.5000,366
2024-09-24,4549.5000,4553.0000,4512.0000,4522.0000,2245
2024-09-25,4565.0000,4674.0000,4565.0000,4574.0000,8767
2024-09-26,4683.0000,4700.0000,4574.0000,4598.7390,2607
2024-09-27,4588.5000,4626.0000,4578.0000,4600.8330,2027
2024-09-30,4598.0000,4675.0000,4598.0000,4645.0000,311
2024-10-01,4643.0000,4675.0000,4588.0000,4656.3000,2973
2024-10-02,4587.5000,4591.0000,4535.0000,4558.0780,1327
2024-10-03,4557.5000,4567.0000,4485.0000,4501.0000,865
2024-10-04,4496.0000,4501.0000,4421.0000,4463.5540,529
2024-10-07,4441.0000,4449.0000,4389.0000,4423.1200,2430
2024-10-08,4435.5000,4461.0000,4413.0000,4442.6670,356
2024-10-09,4437.5000,4459.0000,4407.0000,4432.6670,1029
2024-10-10,4576.0000,4600.0000,4415.7910,4600.0000,3380
2024-10-11,4444.0000,4449.0000,4376.0000,4408.0000,6336
2024-10-14,4434.5000,4504.0000,4433.0000,4474.7500,3218
2024-10-15,4501.5000,4544.0000,4462.0000,4492.5000,2078
2024-10-16,4443.0000,4458.0000,4394.0000,4405.0000,225
2024-10-17,4341.5000,4394.0000,4298.0000,4322.4320,7987
2024-10-18,4315.5000,4344.0000,4301.0000,4340.0000,655
2024-10-21,4329.0000,4351.0000,4275.0000,4300.0000,21068
2024-10-22,4278.5000,4288.0000,4207.0000,4234.2500,7331
2024-10-23,4226.5000,4264.0000,4213.0000,4241.1430,8517
2024-10-24,4221.5000,4243.0000,4189.0000,4231.2500,1938
2024-10-25,4185.5000,4194.0000,4156.0000,4160.0000,14048
2024-10-28,4186.5000,4214.0000,4175.0000,4195.0000,5808
2024-10-29,4208.0000,4212.0000,4149.0000,4175.5330,298
2024-10-30,4164.0000,4164.0000,4126.0000,4149.0000,401
2024-10-31,4138.0000,4149.0000,4047.0000,4056.8950,4108
2024-11-01,4083.0000,4134.0000,4079.0000,4125.8000,553
2024-11-04,4121.0000,4128.0000,4096.0000,4109.0000,291
2024-11-05,4092.1000,4092.1000,4040.0000,4057.5000,515
2024-11-06,4068.5000,4085.0000,3917.0000,3989.8890,374
2024-11-07,3926.0000,3972.0000,3890.0000,3904.5000,1517
2024-11-08,3932.0000,3932.0000,3889.0000,3927.0000,2012
2024-11-11,3927.0000,3975.0000,3921.0000,3949.7500,366
2024-11-12,3936.0000,3939.0000,3887.0000,3896.0000,554
2024-11-13,3869.5000,3873.0000,3789.0000,3844.0000,2733
2024-11-14,3854.0000,3857.0000,3821.0000,3841.0000,653
2024-11-15,3771.0000,3802.0000,3766.0000,3787.4820,1510
2024-11-18,3785.5000,3813.0000,3775.0000,3796.8120,1327
2024-11-19,3823.0000,3870.0000,3823.0000,3853.9090,987
2024-11-20,3897.0000,3900.0000,3830.0000,3863.0000,385
2024-11-21,3869.5000,3936.0000,3863.0000,3919.0000,801
2024-11-22,3934.0000,3973.0000,3930.0000,3933.0000,468
2024-11-25,3932.0000,3937.0000,3877.0000,3916.0000,711
2024-11-26,3913.5000,3931.0000,3878.0000,3878.0000,265
2024-11-27,3890.0000,3900.0000,3866.0000,3880.9120,269
2024-11-28,3894.0000,3928.0000,3835.0000,3868.0000,253
2024-11-29,3865.5000,3881.0000,3847.0000,3871.6130,521
2024-12-02,3878.5000,3903.0000,3862.0000,3886.5480,625
2024-12-03,3857.0000,3908.0000,3844.0000,3898.0830,627
2024-12-04,3897.0000,3913.0000,3854.0000,3871.3000,10298
2024-12-05,3905.5000,3949.0000,3881.0000,3896.5000,721
2024-12-06,3911.5000,3948.0000,3894.0000,3927.5710,235
2024-12-09,3945.5000,3959.0000,3892.0000,3900.8000,455
2024-12-10,3898.0000,3981.0000,3898.0000,3928.0000,34160
2024-12-11,3974.0000,4050.0000,3969.0000,4023.7370,5866
2024-12-12,4016.0000,4077.0000,3927.0000,4041.0000,1148
2024-12-13,4036.5000,4045.0000,4011.0000,4021.0000,230
2024-12-16,4014.0000,4047.0000,4001.1500,4042.0000,474
2024-12-17,4019.0000,4109.0000,4000.0000,4055.0420,3470
2024-12-18,4074.5000,4087.0000,3961.0000,3993.8610,44324
2024-12-19,3895.0000,3931.0000,3891.0000,3913.8000,1381
2024-12-20,3874.5000,3925.0000,3871.0000,3917.0000,2707
2024-12-23,3913.5000,3967.0000,3907.0000,3950.9000,4868
2024-12-27,3944.5000,3987.0000,3931.0000,3977.8330,263
2024-12-30,3971.0000,3983.0000,3943.0000,3966.0000,8620
2025-01-03,3994.5000,3998.0000,3926.0000,3933.0000,426
2025-01-06,3955.5000,3971.0000,3841.0000,3874.0000,898
2025-01-07,3885.0000,3918.0000,3874.0000,3879.3330,218
2025-01-08,3894.0000,3912.0000,3860.0000,3877.1880,13703
2025-01-09,3887.0000,3941.0000,3873.0000,3918.5000,3254
2025-01-10,3932.0000,3943.0000,3894.0000,3928.0000,256
2025-01-13,3881.0000,3891.0000,3858.0000,3882.1830,475
2025-01-14,3903.5000,3918.0000,3841.0000,3849.7220,7441
2025-01-15,3847.0000,3909.0000,3838.0000,3873.0000,243
2025-01-16,3897.0000,3901.0000,3850.0000,3854.0000,1065
2025-01-17,3909.5000,3961.0000,3898.0000,3927.2500,402
2025-01-20,3915.0000,3963.0000,3915.0000,3948.0000,784
2025-01-21,3960.0000,3975.0000,3945.0000,3962.5000,7919
2025-01-22,3944.5000,3977.0000,3941.0000,3959.2970,8465
2025-01-23,3936.0000,3954.0000,3891.0000,3935.4610,4804
2025-01-24,3820.5000,3978.0000,3796.0000,3832.2860,7869
2025-01-27,3945.5000,4050.0000,3899.0000,4010.9550,914
2025-01-28,4007.0000,4086.0000,3983.0000,4042.2000,1887
2025-01-29,4037.5000,4039.0000,3944.1500,3970.5000,638
2025-01-30,4007.0000,4024.0000,3961.0000,4006.0000,8388
2025-01-31,4045.0000,4045.0000,3976.0000,3994.0000,621
2025-02-03,3945.5000,3968.0000,3925.0000,3949.1160,524
2025-02-04,3917.5000,3935.0000,3896.0000,3924.0000,1056
2025-02-05,3912.5000,3954.0000,3891.0000,3930.5000,6586
2025-02-06,3928.0000,3928.0000,3868.0000,3891.0000,4058
2025-02-07,3911.5000,3930.0000,3850.0000,3882.0000,255
2025-02-10,3843.0000,3860.0000,3804.0000,3825.3330,712
2025-02-11,3841.0000,3853.0000,3799.0000,3824.1430,6806
2025-02-12,3844.0000,3863.0000,3821.0000,3833.3330,7831
2025-02-13,3869.5000,3944.0000,3818.0000,3875.7500,5908
2025-02-14,4030.5000,4059.0000,3966.0000,4001.6670,882
2025-02-17,4030.5000,4075.0000,4013.0000,4029.8000,5974
2025-02-18,4030.0000,4030.0000,3986.0000,4003.6670,4301
2025-02-19,3991.5000,4004.0000,3921.0000,3953.5000,1024
2025-02-20,3918.5000,3921.0000,3888.0000,3888.0000,581
2025-02-21,3909.5000,3927.0000,3880.0000,3890.5000,230
2025-02-24,3941.5000,4005.0000,3920.0000,3988.0000,1947
2025-02-25,3985.5000,4009.0000,3954.0000,3988.0000,4500
2025-02-26,3973.0000,4066.0000,3969.0000,4026.0000,331
2025-02-27,4028.5000,4037.0000,3995.0000,4023.0000,1204
2025-02-28,3986.5000,4060.0000,3981.0000,4050.0000,9185
2025-03-03,4032.5000,4089.0000,4017.0000,4072.0000,535
2025-03-04,4078.5000,4114.0000,4056.0000,4067.0000,1494
2025-03-05,4089.0000,4100.0000,3965.0000,3988.5000,479
2025-03-06,3941.5000,3947.0000,3875.0000,3925.0000,1918
2025-03-07,3929.0000,4005.0000,3912.0000,3968.0000,8082
2025-03-10,4029.5000,4091.0000,3996.0000,4036.3330,94310
2025-03-11,4057.0000,4083.0000,3971.0000,3984.1950,6751
2025-03-12,3986.5000,4067.0000,3981.0000,4006.1880,1334
2025-03-13,4037.0000,4109.0000,4037.0000,4054.0000,31821
2025-03-14,4043.0000,4057.0000,3943.0000,3993.0000,1088
2025-03-17,3981.5000,3998.0000,3924.0000,3972.4380,92122
2025-03-18,3976.0000,3988.0000,3940.0000,3988.0000,7690
2025-03-19,3974.0000,3979.0000,3949.0000,3977.0000,1622
2025-03-20,3950.5000,4033.0000,3948.0000,4028.0000,800
2025-03-21,4031.5000,4041.0000,3899.0000,3915.5000,9308
2025-03-24,3863.5000,3878.0000,3807.5000,3812.0000,479
2025-03-25,3846.0000,3854.0000,3775.0000,3804.0830,661
2025-03-26,3798.5000,3801.0000,3740.0000,3768.6920,388
2025-03-27,3792.5000,3815.0000,3776.0000,3800.0000,2223
2025-03-28,3807.0000,3842.0000,3788.0000,3833.0000,20199
2025-03-31,3811.0000,3833.0000,3793.0000,3816.0000,15727
2025-04-01,3812.0000,3842.0000,3807.0000,3823.0000,2455
2025-04-02,3786.5000,3825.0000,3767.0000,3787.9770,6312
2025-04-03,3703.5000,3860.0000,3699.0000,3819.8230,783
2025-04-04,3846.0000,3967.0000,3825.0000,3830.0000,3539
2025-04-07,3670.5000,3682.0000,3518.0000,3582.7870,1072
2025-04-08,3526.0000,3600.0000,3486.0000,3544.3330,5612
2025-04-09,3494.0000,3575.0000,3443.0000,3551.0000,3221
2025-04-10,3876.5000,3900.0000,3668.0000,3709.1170,1620
2025-04-11,3694.0000,3753.0000,3646.0000,3709.1880,1377
2025-04-14,3770.0000,3775.0000,3731.0000,3738.5000,690
2025-04-15,3767.0000,3774.0000,3738.0000,3750.7500,5161
2025-04-16,3750.5000,3758.0000,3709.5000,3733.2380,1657
2025-04-17,3745.5000,3778.0000,3723.0000,3757.6700,1844
2025-04-22,3794.5000,3804.0000,3744.0000,3781.8890,771
2025-04-23,3803.0000,3859.0000,3775.0000,3822.0000,1226
2025-04-24,3767.0000,3862.0000,3764.0000,3850.3330,288
2025-04-25,3858.0000,3893.0000,3858.0000,3885.5000,881
2025-04-28,3863.5000,3879.0000,3847.0000,3859.0000,1670
2025-04-29,3880.0000,3954.0000,3876.0000,3937.0000,1436
2025-04-30,3921.0000,3982.0000,3919.0000,3975.0000,5224
2025-05-01,3975.0000,3975.0000,3975.0000,3975.0000,0
2025-05-02,3989.5000,4058.0000,3970.0000,4052.0000,5111
2025-05-06,4031.5000,4062.0000,4020.0000,4031.5000,494
2025-05-07,4011.0000,4023.0000,3982.0000,4010.0000,357
2025-05-08,3984.5000,4010.0000,3980.0000,4000.0000,4925
2025-05-09,4007.0000,4032.0000,3995.5000,3995.5000,233
2025-05-12,4056.0000,4056.0000,3953.0000,3971.0000,437
2025-05-13,3964.0000,3992.0000,3937.0000,3952.5000,565
2025-05-14,3935.0000,4000.0000,3925.0000,3992.5000,1216
2025-05-15,3995.5000,4095.0000,3991.0000,4051.0000,1224
2025-05-16,4120.0000,4153.0000,4074.5000,4074.5000,7076
2025-05-19,4083.0000,4118.0000,4056.0000,4093.4160,2804
2025-05-20,4115.5000,4133.0000,4107.0000,4122.0000,623
2025-05-21,4090.0000,4119.0000,4077.0000,4109.0000,603
2025-05-22,4102.5000,4103.0000,4048.0000,4058.0000,773
2025-05-23,4084.0000,4134.0000,4068.0000,4086.0000,1319
2025-05-27,4130.0000,4191.0000,4130.0000,4130.0000,1679
2025-05-28,4149.5000,4160.0000,4107.5000,4150.5000,341
2025-05-29,4150.5000,4150.5000,4150.5000,4150.5000,0
2025-05-30,4123.0000,4172.0000,4120.0000,4125.0000,976
2025-06-02,4125.0000,4170.0000,4098.0000,4154.0000,393
2025-06-03,4163.0000,4173.0000,4128.0000,4139.6150,3747
2025-06-04,4161.0000,4235.0000,4158.0000,4212.0000,696
2025-06-05,4223.5000,4233.0000,4197.0000,4215.0000,2437
2025-06-06,4204.0000,4209.0000,4169.0000,4198.5000,366
2025-06-09,4198.5000,4198.5000,4198.5000,4198.5000,0
2025-06-10,4165.0000,4188.0000,4133.0000,4185.5000,1240
2025-06-11,4189.5000,4197.0000,4167.0000,4176.0000,453
2025-06-12,4162.0000,4179.0000,4149.0000,4176.0000,302
2025-06-13,4135.0000,4161.0000,4110.0000,4113.5000,659
2025-06-16,4102.5000,4113.0000,4071.0000,4111.0000,246
2025-06-17,4063.0000,4137.0000,4063.0000,4106.0000,302
2025-06-18,4107.5000,4159.0000,4079.0000,4089.0000,3668
2025-06-19,4067.5000,4090.0000,4035.0000,4072.5000,362
2025-06-20,4060.0000,4060.0000,3993.0000,4038.5000,1722
2025-06-23,3990.5000,4029.0000,3977.0000,3992.0000,890
2025-06-24,4027.5000,4030.0000,3969.0000,3990.0000,291
2025-06-25,3983.5000,3997.0000,3907.0000,3916.5000,725
2025-06-26,3918.5000,3931.0000,3843.0000,3853.0000,2351
2025-06-27,3897.0000,3924.0000,3882.0000,3886.0000,1329
2025-06-30,3909.5000,3923.0000,3821.0000,3851.5000,1685
2025-07-01,3844.0000,3878.0000,3827.0000,3838.0000,407
2025-07-02,3877.5000,3893.0000,3849.0000,3871.5000,893
2025-07-03,3883.0000,3896.0000,3853.0000,3875.5000,1038
2025-07-04,3859.0000,3874.0000,3840.0000,3867.5000,1560
2025-07-07,3869.5000,3881.0000,3843.0000,3850.0000,389
2025-07-08,3900.5000,3905.0000,3832.5000,3844.0000,439
2025-07-09,3858.0000,3863.0000,3826.0000,3856.0000,1143
2025-07-10,3847.0000,3858.0000,3829.0000,3849.0000,372
2025-07-11,3833.5000,3841.0000,3786.0000,3837.5000,2072
2025-07-14,3782.5000,3786.0000,3759.0000,3767.0000,225
2025-07-15,3774.0000,3784.0000,3752.0000,3771.3330,2745
2025-07-16,3746.5000,3770.0000,3728.0000,3754.5000,1558
2025-07-17,3773.0000,3792.4189,3761.0000,3768.0000,1686
2025-07-18,3779.0000,3801.5000,3765.0000,3778.0000,5133
2025-07-21,3807.0000,3840.0000,3800.0000,3817.4290,879
2025-07-22,3657.0000,3663.0000,3565.0000,3623.4000,8381
2025-07-23,3612.0000,3658.0000,3605.0000,3616.0000,3105
2025-07-24,3664.5000,3669.0000,3593.0000,3596.5000,2004
2025-07-25,3615.0000,3615.0000,3536.0000,3553.5000,941
2025-07-28,3565.0000,3575.0000,3512.5000,3551.5000,1902
2025-07-29,3516.5000,3524.5000,3490.0000,3503.5000,2553
2025-07-30,3515.5000,3523.0000,3439.0000,3445.0000,1815
2025-07-31,3430.5000,3455.0000,3411.0000,3429.5000,4573
2025-08-01,3429.5000,3429.5000,3429.5000,3429.5000,0
2025-08-04,3365.0000,3434.9190,3351.0000,3413.2860,2272
2025-08-05,3433.5000,3445.0000,3414.0000,3428.5000,621
2025-08-06,3434.5000,3444.5000,3408.0000,3433.5000,6136
2025-08-07,3409.0000,3443.0000,3391.0000,3416.0000,1026
2025-08-08,3431.5000,3431.5000,3386.0000,3431.5000,526
2025-08-11,3406.0000,3412.0000,3362.0000,3366.0000,230
2025-08-12,3386.5000,3391.0000,3342.0000,3357.0000,8973
2025-08-13,3370.0000,3386.0000,3319.0000,3367.0000,3107
2025-08-14,3378.0000,3389.0000,3313.0000,3360.0000,4029
2025-08-15,3326.0000,3335.0000,3303.0000,3331.0000,5194
2025-08-18,3335.0000,3346.0000,3327.0000,3342.0000,498
2025-08-19,3343.5000,3382.5000,3333.0000,3337.0000,609
2025-08-20,3392.5000,3470.0000,3375.0000,3460.0000,1494
2025-08-21,3446.0000,3452.0000,3404.5000,3445.0000,3724
2025-08-22,3418.0000,3440.0000,3418.0000,3427.5000,580
2025-08-26,3404.0000,3434.0000,3395.0000,3415.3330,3799
2025-08-27,3326.0000,3395.0000,3301.0000,3346.5000,2726
2025-08-28,3388.5000,3394.0000,3367.0000,3392.5000,1627
2025-08-29,3381.5000,3397.0000,3370.0000,3389.5000,1023
2025-09-01,3376.0000,3407.0000,3365.0000,3392.7180,1496
2025-09-02,3383.5000,3436.0000,3380.0000,3398.5040,4040
2025-09-03,3419.0000,3448.0000,3400.0000,3435.5000,16229
2025-09-04,3437.5000,3542.9126,3429.0000,3502.5000,6645
2025-09-05,3469.0000,3517.1687,3469.0000,3469.5000,2382
2025-09-08,3503.5000,3513.0000,3488.0000,3497.6680,9201
2025-09-09,3540.5000,3554.0000,3525.0000,3533.4620,3619
2025-09-10,3529.0000,3533.0000,3399.0000,3413.0000,4802
2025-09-11,3419.0000,3433.9996,3397.0000,3428.5000,7909
2025-09-12,3436.5000,3446.0000,3409.0000,3429.5000,681
2025-09-15,3428.5000,3441.0000,3394.0000,3394.6800,4152
2025-09-16,3388.5000,3409.0000,3322.0000,3364.6700,4641
2025-09-17,3343.5000,3344.0000,3302.5033,3338.0000,3114
2025-09-18,3308.5000,3331.0000,3290.0000,3305.5000,2206
2025-09-19,3303.5000,3346.0000,3300.0000,3305.5000,6667
2025-09-22,3307.5000,3327.0000,3269.1040,3269.1040,6620
2025-09-23,3278.5000,3313.0000,3267.0000,3269.6540,14299
2025-09-24,3246.0000,3258.0000,3218.5000,3245.0000,7708
2025-09-25,3229.5000,3235.0000,3185.3626,3226.5000,6892
2025-09-26,3182.5000,3206.0000,3175.0000,3183.5000,1818
2025-09-29,3221.5000,3233.0000,3201.5000,3218.0760,1529
2025-09-30,3205.0000,3238.0000,3180.0000,3231.5160,4782
2025-10-01,3207.0000,3246.0000,3207.0000,3217.0000,4340
2025-10-02,3215.0000,3254.0000,3211.0000,3253.0000,25919
2025-10-03,3243.0000,3262.0000,3215.0000,3246.0000,2759
2025-10-06,3251.0000,3262.0000,3223.0000,3236.7650,2299
2025-10-07,3238.5000,3344.0000,3229.0000,3300.6600,3102
2025-10-08,3271.5000,3396.0000,3252.0000,3387.5700,5452
2025-10-09,3373.0000,3408.0000,3356.0000,3387.2730,4866
2025-10-10,3382.5000,3403.5000,3341.0000,3356.7110,17717
2025-10-13,3370.0000,3382.0000,3330.0000,3357.0500,4447
2025-10-14,3432.5000,3440.0000,3379.0000,3394.9550,5130
2025-10-15,3389.0000,3452.5000,3389.0000,3408.0000,3083
2025-10-16,3450.0000,3551.0000,3433.0000,3510.5000,7152
2025-10-17,3531.0000,3570.0000,3502.0000,3533.0000,8871
2025-10-20,3550.0000,3582.0000,3550.0000,3571.6640,3147
2025-10-21,3567.0000,3589.0000,3547.0000,3585.3580,2195
2025-10-22,3589.5000,3592.0000,3541.0000,3574.0000,1325
2025-10-23,3574.0000,3590.0000,3540.0000,3573.0000,11780
2025-10-24,3556.5000,3569.0000,3528.0000,3548.5000,1319
2025-10-27,3518.5000,3528.0000,3464.0000,3474.6810,1225
2025-10-28,3451.0000,3454.0000,3412.9740,3450.0520,2522
2025-10-29,3419.0000,3430.0000,3341.3320,3354.5000,2115
2025-10-30,3356.5000,3361.0000,3290.0000,3306.5000,3080
2025-10-31,3309.5000,3335.3335,3289.0000,3322.0000,975
2025-11-03,3290.0000,3295.0000,3254.0000,3268.8490,1006
2025-11-04,3256.0000,3275.6370,3250.0000,3274.0490,2840
2025-11-05,3277.5000,3326.0000,3271.0000,3325.0000,1755
2025-11-06,3326.0000,3349.0000,3311.0000,3324.0000,1512
2025-11-07,3346.5000,3362.0000,3311.0000,3328.0000,3434
2025-11-10,3360.0000,3377.0000,3343.5000,3368.9260,3373
2025-11-11,3444.0000,3457.0000,3409.0000,3435.3130,2031
2025-11-12,3434.5000,3466.4333,3432.0000,3440.0000,3418
2025-11-13,3521.0000,3524.0000,3439.0000,3487.0000,1318
2025-11-14,3462.5000,3469.0000,3392.5000,3392.5000,937
2025-11-17,3412.0000,3414.0000,3321.3350,3321.3350,1751
2025-11-18,3291.0000,3321.0000,3286.5000,3314.0500,844
2025-11-19,3306.5000,3309.0000,3255.0000,3265.3200,17498
2025-11-20,3261.5000,3261.5000,3250.0000,3261.5000,891
