date,open,high,low,close,volume
2005-01-03,82.1000,82.1000,82.1000,82.1000,0
2005-01-04,82.6000,82.6000,82.6000,82.6000,0
2005-01-05,82.4000,82.4000,82.4000,82.4000,0
2005-01-06,82.0000,82.0000,82.0000,82.0000,0
2005-01-07,82.2000,82.2000,82.2000,82.2000,0
2005-01-10,82.2000,82.2000,82.2000,82.2000,0
2005-01-11,82.2000,82.2000,82.2000,82.2000,0
2005-01-12,82.0000,82.0000,82.0000,82.0000,0
2005-01-13,81.0000,81.0000,81.0000,81.0000,0
2005-01-14,81.5000,81.5000,81.5000,81.5000,0
2005-01-17,81.5000,81.5000,81.5000,81.5000,0
2005-01-18,82.0000,82.0000,82.0000,82.0000,0
2005-01-19,83.0000,83.0000,83.0000,83.0000,0
2005-01-20,82.0000,82.0000,82.0000,82.0000,0
2005-01-21,82.0000,82.0000,82.0000,82.0000,0
2005-01-24,82.0000,82.0000,82.0000,82.0000,0
2005-01-25,41.0000,41.0000,41.0000,41.0000,0
2005-01-26,41.0000,41.0000,41.0000,41.0000,0
2005-01-27,41.0000,41.0000,41.0000,41.0000,0
2005-01-28,40.0000,40.0000,40.0000,40.0000,0
2005-01-31,40.0000,40.0000,40.0000,40.0000,0
2005-02-01,40.5000,40.5000,40.5000,40.5000,0
2005-02-02,40.5000,40.5000,40.5000,40.5000,0
2005-02-03,40.5000,40.5000,40.5000,40.5000,0
2005-02-04,40.5000,40.5000,40.5000,40.5000,0
2005-02-07,40.0000,40.0000,40.0000,40.0000,0
2005-02-08,40.6000,40.6000,40.6000,40.6000,0
2005-02-09,39.3400,39.3400,39.3400,39.3400,0
2005-02-10,39.4000,39.4000,39.4000,39.4000,0
2005-02-11,39.3700,39.3700,39.3700,39.3700,0
2005-02-14,39.6400,39.6400,39.6400,39.6400,0
2005-02-15,39.6900,39.6900,39.6900,39.6900,0
2005-02-16,39.7300,39.7300,39.7300,39.7300,0
2005-02-17,39.6500,39.6500,39.6500,39.6500,0
2005-02-18,39.2300,39.2300,39.2300,39.2300,0
2005-02-21,39.5400,39.5400,39.5400,39.5400,0
2005-02-22,40.0000,40.0000,40.0000,40.0000,0
2005-02-23,39.9500,39.9500,39.9500,39.9500,0
2005-02-24,39.6600,39.6600,39.6600,39.6600,0
2005-02-25,39.8500,39.8500,39.8500,39.8500,0
2005-02-28,40.0900,40.0900,40.0900,40.0900,0
2005-03-01,39.4700,39.4700,39.4700,39.4700,0
2005-03-02,40.0700,40.0700,40.0700,40.0700,0
2005-03-03,39.8600,39.8600,39.8600,39.8600,0
2005-03-04,39.7600,39.7600,39.7600,39.7600,0
2005-03-07,39.7100,39.7100,39.7100,39.7100,0
2005-03-08,39.6000,39.6000,39.6000,39.6000,0
2005-03-09,39.4900,39.4900,39.4900,39.4900,0
2005-03-10,39.1900,39.1900,39.1900,39.1900,0
2005-03-11,39.0300,39.0300,39.0300,39.0300,0
2005-03-14,38.8800,38.8800,38.8800,38.8800,0
2005-03-15,40.4200,40.4200,40.4200,40.4200,0
2005-03-16,40.7000,40.7000,40.7000,40.7000,0
2005-03-17,40.6700,40.6700,40.6700,40.6700,0
2005-03-18,39.9800,39.9800,39.9800,39.9800,0
2005-03-21,40.4600,40.4600,40.4600,40.4600,0
2005-03-22,41.0400,41.0400,41.0400,41.0400,0
2005-03-23,40.9600,40.9600,40.9600,40.9600,0
2005-03-24,41.3000,41.3000,41.3000,41.3000,0
2005-03-25,41.3000,41.3000,41.3000,41.3000,0
2005-03-28,41.3000,41.3000,41.3000,41.3000,0
2005-03-29,41.2000,41.2000,41.2000,41.2000,0
2005-03-30,41.4000,41.4000,41.4000,41.4000,0
2005-03-31,41.5400,41.5400,41.5400,41.5400,0
2005-04-01,41.4600,41.4600,41.4600,41.4600,0
2005-04-04,41.3600,41.3600,41.3600,41.3600,0
2005-04-05,41.3800,41.3800,41.3800,41.3800,0
2005-04-06,42.2100,42.2100,42.2100,42.2100,0
2005-04-07,42.5300,42.5300,42.5300,42.5300,0
2005-04-08,42.1100,42.1100,42.1100,42.1100,0
2005-04-11,41.9800,41.9800,41.9800,41.9800,0
2005-04-12,41.7600,41.7600,41.7600,41.7600,0
2005-04-13,42.0400,42.0400,42.0400,42.0400,0
2005-04-14,42.2500,42.2500,42.2500,42.2500,0
2005-04-15,43.1600,43.1600,43.1600,43.1600,0
2005-04-18,44.4500,44.4500,44.4500,44.4500,0
2005-04-19,44.9600,45.6000,44.9600,45.6000,400
2005-04-20,45.3800,45.3800,45.3800,45.3800,0
2005-04-21,45.2900,45.2900,45.2900,45.2900,0
2005-04-22,45.4300,45.4300,45.4300,45.4300,0
2005-04-25,45.4900,45.4900,45.4900,45.4900,0
2005-04-26,45.6700,45.6700,45.6700,45.6700,0
2005-04-27,46.0100,46.0100,46.0100,46.0100,0
2005-04-28,46.3700,46.3700,46.3700,46.3700,0
2005-04-29,46.5800,46.5800,46.5800,46.5800,0
2005-05-02,46.2000,46.2000,46.2000,46.2000,0
2005-05-03,46.3300,46.3300,46.3300,46.3300,0
2005-05-04,46.9200,47.4100,46.9200,47.4100,160
2005-05-05,47.5700,47.5700,47.5700,47.5700,0
2005-05-06,47.7100,47.7100,47.3200,47.3200,160
2005-05-09,47.1900,47.1900,47.1900,47.1900,0
2005-05-10,47.4200,47.4200,47.4200,47.4200,0
2005-05-11,46.5400,46.5400,46.5400,46.5400,0
2005-05-12,46.6600,46.6600,46.6600,46.6600,0
2005-05-13,46.8600,46.8600,46.8600,46.8600,0
2005-05-16,46.8300,46.8300,46.8300,46.8300,0
2005-05-17,47.8400,47.8400,47.5800,47.5800,400
2005-05-18,47.5300,47.5300,47.5300,47.5300,0
2005-05-19,47.9800,47.9800,47.9800,47.9800,0
2005-05-20,48.3400,48.3400,48.3400,48.3400,0
2005-05-23,48.3400,48.3400,48.3400,48.3400,0
2005-05-24,48.6600,48.6600,48.6600,48.6600,0
2005-05-25,49.4400,49.4400,49.4400,49.4400,0
2005-05-26,50.0100,50.0100,50.0100,50.0100,0
2005-05-27,50.4000,50.9900,50.4000,50.9900,400
2005-05-30,50.6900,50.6900,50.6900,50.6900,0
2005-05-31,50.7500,51.2500,50.7500,51.2500,120
2005-06-01,51.1800,51.1800,51.1800,51.1800,0
2005-06-02,51.8300,52.4100,51.8300,52.4100,1600
2005-06-03,51.5700,51.5700,51.5700,51.5700,0
2005-06-06,51.4500,51.4500,51.4500,51.4500,0
2005-06-07,51.4500,51.4500,51.4500,51.4500,0
2005-06-08,51.4500,51.4500,51.4500,51.4500,0
2005-06-09,51.3800,51.3800,51.3800,51.3800,0
2005-06-10,51.7100,51.7100,51.7100,51.7100,0
2005-06-13,51.5100,51.5100,51.5100,51.5100,0
2005-06-14,51.5700,51.5700,51.5700,51.5700,0
2005-06-15,51.6400,52.2700,51.6400,52.2700,80
2005-06-16,52.4700,52.4700,52.4700,52.4700,0
2005-06-17,51.6000,51.6000,51.4700,51.4700,120
2005-06-20,51.3400,51.3400,51.3400,51.3400,0
2005-06-21,51.6900,51.6900,51.6900,51.6900,0
2005-06-22,52.1400,52.1400,52.1400,52.1400,0
2005-06-23,52.3700,52.3700,52.3700,52.3700,0
2005-06-24,51.4200,51.4200,51.4200,51.4200,0
2005-06-27,51.3400,51.7400,51.3400,51.7400,1600
2005-06-28,51.7100,51.7100,51.7100,51.7100,0
2005-06-29,51.5300,51.5300,51.5300,51.5300,0
2005-06-30,51.6500,51.6500,51.6500,51.6500,0
2005-07-01,51.7700,51.7700,51.7700,51.7700,0
2005-07-04,52.1600,52.1600,52.1600,52.1600,0
2005-07-05,52.1600,52.1600,52.1600,52.1600,0
2005-07-06,52.3500,52.9000,52.3500,52.9000,160
2005-07-07,52.8000,52.8000,52.8000,52.8000,0
2005-07-08,53.0000,53.0000,53.0000,53.0000,0
2005-07-11,53.2200,53.2200,53.2200,53.2200,0
2005-07-12,52.9900,52.9900,52.9900,52.9900,0
2005-07-13,53.0200,53.0200,53.0200,53.0200,0
2005-07-14,53.1800,53.1800,53.1800,53.1800,0
2005-07-15,53.4700,53.4700,53.4700,53.4700,0
2005-07-18,53.5600,53.5600,53.5600,53.5600,0
2005-07-19,53.1400,53.1400,53.1400,53.1400,0
2005-07-20,53.7900,53.7900,53.7900,53.7900,0
2005-07-21,55.5800,55.5800,55.5800,55.5800,0
2005-07-22,55.2600,55.2600,55.2600,55.2600,0
2005-07-25,54.7200,54.7200,54.7200,54.7200,0
2005-07-26,55.0700,55.0700,55.0700,55.0700,800
2005-07-27,55.4600,55.4600,55.4600,55.4600,0
2005-07-28,55.5800,55.5800,55.5800,55.5800,0
2005-07-29,55.8700,55.8700,55.8700,55.8700,0
2005-08-01,55.8700,55.8700,55.8700,55.8700,0
2005-08-02,57.3400,57.3400,57.3400,57.3400,0
2005-08-03,58.2400,58.2400,58.2400,58.2400,0
2005-08-04,57.7300,57.7300,57.7300,57.7300,0
2005-08-05,57.8800,57.8800,57.8800,57.8800,80
2005-08-08,57.8100,57.8100,57.8100,57.8100,0
2005-08-09,57.8900,57.8900,57.8900,57.8900,0
2005-08-10,57.4300,57.4300,57.4300,57.4300,0
2005-08-11,57.5500,57.5500,57.5500,57.5500,0
2005-08-12,57.5500,57.5500,57.5500,57.5500,0
2005-08-15,57.3400,57.3400,57.3400,57.3400,0
2005-08-16,56.9100,56.9100,56.9100,56.9100,0
2005-08-17,56.9900,56.9900,56.9900,56.9900,0
2005-08-18,57.2800,57.3300,57.2800,57.3300,400
2005-08-19,57.1300,57.1300,57.1300,57.1300,0
2005-08-22,56.7900,56.7900,56.7900,56.7900,0
2005-08-23,56.6100,56.6100,56.6100,56.6100,0
2005-08-24,56.0900,56.0900,56.0900,56.0900,0
2005-08-25,55.4900,55.4900,55.4900,55.4900,0
2005-08-26,56.2200,56.2200,56.2200,56.2200,0
2005-08-29,55.2800,55.2800,55.2800,55.2800,0
2005-08-30,55.5000,55.5000,55.5000,55.5000,0
2005-08-31,56.1100,56.1100,56.1100,56.1100,0
2005-09-01,56.5800,56.5800,56.5800,56.5800,0
2005-09-02,56.8900,56.8900,56.8900,56.8900,0
2005-09-05,56.8000,56.8000,56.8000,56.8000,0
2005-09-06,56.9900,56.9900,56.9900,56.9900,0
2005-09-07,57.5300,57.5300,57.5300,57.5300,0
2005-09-08,58.1900,58.1900,58.1900,58.1900,0
2005-09-09,59.1100,59.1100,59.1100,59.1100,0
2005-09-12,59.4200,59.4200,59.0900,59.0900,48
2005-09-13,59.2200,59.2200,59.2200,59.2200,0
2005-09-14,59.0200,59.0200,59.0200,59.0200,0
2005-09-15,59.3200,59.3200,59.3200,59.3200,0
2005-09-16,58.5700,58.5700,58.5700,58.5700,0
2005-09-19,59.2900,59.2900,59.2900,59.2900,0
2005-09-20,59.2400,59.2400,59.2400,59.2400,0
2005-09-21,59.4300,59.4300,59.4300,59.4300,0
2005-09-22,58.5300,58.5300,58.5300,58.5300,0
2005-09-23,59.3300,59.3300,59.3300,59.3300,0
2005-09-26,58.3200,58.3200,58.3200,58.3200,0
2005-09-27,58.4000,58.4000,58.4000,58.4000,0
2005-09-28,58.0000,58.0000,58.0000,58.0000,0
2005-09-29,57.3000,57.3000,57.3000,57.3000,0
2005-09-30,57.6900,57.6900,57.6900,57.6900,0
2005-10-03,58.6600,59.5000,58.6600,59.5000,1600
2005-10-04,59.6000,59.6000,59.6000,59.6000,0
2005-10-05,59.6700,59.6700,59.6700,59.6700,0
2005-10-06,59.7900,59.7900,59.7900,59.7900,0
2005-10-07,60.1100,60.1100,60.1100,60.1100,0
2005-10-10,60.2000,60.2000,59.6900,59.6900,0
2005-10-11,60.5000,60.5000,60.5000,60.5000,0
2005-10-12,60.6400,60.6400,60.6400,60.6400,0
2005-10-13,60.7400,60.7400,60.7400,60.7400,0
2005-10-14,61.0000,61.0000,59.2700,59.2700,800
2005-10-17,60.1000,60.1000,60.0900,60.0900,200
2005-10-18,61.3100,61.3100,61.3100,61.3100,0
2005-10-19,62.3500,62.3500,60.9600,60.9600,1200
2005-10-20,61.0500,61.0500,60.8400,60.8400,240
2005-10-21,60.1900,60.1900,60.1900,60.1900,0
2005-10-24,59.7000,59.7000,59.7000,59.7000,0
2005-10-25,60.9200,60.9200,60.9200,60.9200,0
2005-10-26,61.6000,61.6100,61.5600,61.6100,800
2005-10-27,62.0700,62.0700,61.4300,61.4300,400
2005-10-28,61.0700,61.0700,61.0700,61.0700,0
2005-10-31,61.8000,61.8000,61.8000,61.8000,0
2005-11-01,62.3300,62.3300,62.3300,62.3300,0
2005-11-02,62.8200,62.8200,61.9200,61.9200,360
2005-11-03,62.5300,62.5300,62.5300,62.5300,400
2005-11-04,62.9500,62.9500,62.9500,62.9500,0
2005-11-07,62.8700,62.8700,62.8700,62.8700,0
2005-11-08,65.0000,65.0000,65.0000,65.0000,0
2005-11-09,63.9600,63.9600,63.9400,63.9400,100
2005-11-10,63.4300,63.4300,63.4300,63.4300,0
2005-11-11,63.5200,63.5200,63.5200,63.5200,0
2005-11-14,63.6500,63.6500,63.6500,63.6500,200
2005-11-15,63.6200,63.6200,62.9400,62.9800,400
2005-11-16,63.2600,63.2600,62.3700,62.3700,240
2005-11-17,62.6900,62.6900,62.4000,62.4000,400
2005-11-18,62.5200,62.5200,62.5200,62.5200,0
2005-11-21,62.5100,62.5100,62.5100,62.5100,0
2005-11-22,63.5700,63.5700,63.5700,63.5700,0
2005-11-23,64.4900,64.4900,64.4900,64.4900,0
2005-11-24,64.6400,64.6400,64.6400,64.6400,0
2005-11-25,63.9700,64.2200,63.9700,64.2200,400
2005-11-28,65.0000,65.0000,65.0000,65.0000,80
2005-11-29,63.8900,63.8900,63.8900,63.8900,0
2005-11-30,64.2400,64.2400,64.2400,64.2400,0
2005-12-01,64.3700,64.3700,64.3700,64.3700,0
2005-12-02,65.1400,65.1400,65.1400,65.1400,0
2005-12-05,64.4400,64.4400,64.4400,64.4400,0
2005-12-06,66.3600,66.3600,66.3600,66.3600,0
2005-12-07,66.5600,67.7100,66.5600,67.5800,400
2005-12-08,67.1300,67.1300,67.1300,67.1300,0
2005-12-09,67.2800,67.2800,67.2800,67.2800,0
2005-12-12,67.1700,67.1700,67.1700,67.1700,0
2005-12-13,66.6700,66.6700,66.6700,66.6700,0
2005-12-14,66.3000,66.3000,66.3000,66.3000,0
2005-12-15,65.7200,65.7200,65.7200,65.7200,0
2005-12-16,65.5000,65.5000,65.5000,65.5000,0
2005-12-19,64.5500,64.7500,64.5500,64.7500,16
2005-12-20,64.2700,64.2700,64.2700,64.2700,0
2005-12-21,64.8500,64.8500,64.8500,64.8500,0
2005-12-22,63.7900,63.7900,63.7900,63.7900,0
2005-12-23,63.1100,63.1100,62.6200,62.6200,200
2005-12-26,62.6200,62.6200,62.6200,62.6200,0
2005-12-27,62.3800,62.6200,62.3800,62.6200,240
2005-12-28,62.9200,65.5000,62.9200,65.5000,400
2005-12-29,63.9800,63.9800,63.9800,63.9800,316
2005-12-30,64.2200,64.2200,64.2200,64.2200,0
2006-01-02,63.7600,63.7600,63.7600,63.7600,0
2006-01-03,64.1500,64.1500,64.1500,64.1500,0
2006-01-04,63.6300,64.1700,63.6300,64.1700,180
2006-01-05,64.2100,64.2100,64.2100,64.2100,0
2006-01-06,64.3600,64.3600,64.3600,64.3600,0
2006-01-09,64.5200,64.5200,64.5200,64.5200,120
2006-01-10,63.8100,63.8100,63.8100,63.8100,0
2006-01-11,63.4800,63.4800,61.9100,61.9100,400
2006-01-12,62.5800,62.5800,62.1300,62.1300,120
2006-01-13,63.4700,63.4700,63.4700,63.4700,0
2006-01-16,64.7200,64.7400,64.7200,64.7400,80
2006-01-17,64.3200,64.3200,64.3200,64.3200,0
2006-01-18,63.7200,63.7200,63.7200,63.7200,0
2006-01-19,63.5600,63.5600,62.9900,62.9900,400
2006-01-20,63.4600,63.4600,63.4600,63.4600,0
2006-01-23,63.3900,63.3900,63.3900,63.3900,0
2006-01-24,64.1100,64.1100,64.1100,64.1100,0
2006-01-25,64.5100,64.5100,64.5100,64.5100,0
2006-01-26,63.7000,63.7000,63.7000,63.7000,0
2006-01-27,63.7000,63.7000,63.7000,63.7000,0
2006-01-30,63.4900,63.5100,63.4900,63.5100,60
2006-01-31,64.0300,64.2600,64.0300,64.2600,400
2006-02-01,65.7400,65.9700,62.9500,62.9500,800
2006-02-02,63.3400,63.3400,63.0100,63.0100,400
2006-02-03,63.1000,63.1000,63.1000,63.1000,0
2006-02-06,63.3000,63.3000,63.3000,63.3000,0
2006-02-07,61.6700,61.6700,61.4500,61.4500,400
2006-02-08,62.4500,62.4500,62.4500,62.4500,0
2006-02-09,62.6900,62.6900,62.6900,62.6900,0
2006-02-10,62.9400,62.9400,62.9400,62.9400,0
2006-02-13,60.4900,60.4900,60.4900,60.4900,0
2006-02-14,61.3600,61.8300,61.3600,61.5700,800
2006-02-15,62.3400,62.3400,62.3400,62.3400,0
2006-02-16,61.8700,61.8700,61.5700,61.5700,140
2006-02-17,61.8100,61.8100,61.4900,61.4900,40
2006-02-20,61.5000,61.5000,61.4200,61.4200,800
2006-02-21,61.9400,62.4300,61.9400,62.4300,1200
2006-02-22,62.3400,62.8500,62.3400,62.7000,2800
2006-02-23,62.7100,62.7100,62.7100,62.7100,0
2006-02-24,62.7800,62.8100,62.0500,62.0500,400
2006-02-27,62.0100,62.0100,61.8800,61.8800,228
2006-02-28,62.3500,62.3800,61.6700,61.6700,384
2006-03-01,62.8900,62.8900,62.8900,62.8900,0
2006-03-02,62.6100,62.7700,62.6100,62.7700,40
2006-03-03,62.8400,62.8400,62.7200,62.7200,120
2006-03-06,63.4500,63.5500,63.0000,63.0000,800
2006-03-07,62.9100,62.9100,62.9100,62.9100,0
2006-03-08,63.3200,63.3200,63.3200,63.3200,0
2006-03-09,64.2800,64.2800,64.2800,64.2800,0
2006-03-10,63.9500,63.9500,63.9500,63.9500,0
2006-03-13,64.1600,64.1600,64.1600,64.1600,0
2006-03-14,64.2200,64.2200,63.8100,63.8100,120
2006-03-15,64.0500,64.0500,64.0500,64.0500,0
2006-03-16,64.2500,64.2500,64.2500,64.2500,0
2006-03-17,63.8100,63.8100,63.8100,63.8100,0
2006-03-20,64.8100,64.8100,64.8100,64.8100,0
2006-03-21,64.0700,64.0700,64.0700,64.0700,0
2006-03-22,64.2100,64.2100,64.2100,64.2100,0
2006-03-23,63.9000,63.9000,63.9000,63.9000,0
2006-03-24,62.8400,62.8400,62.8400,62.8400,0
2006-03-27,62.8400,62.8400,62.8400,62.8400,0
2006-03-28,62.0700,62.0700,62.0700,62.0700,0
2006-03-29,62.1700,62.1700,62.1700,62.1700,0
2006-03-30,62.0600,62.0600,61.5700,61.8100,400
2006-03-31,61.9900,61.9900,61.0600,61.0600,8
2006-04-03,62.4500,62.4500,62.4500,62.4500,0
2006-04-04,61.3300,61.3300,61.3300,61.3300,0
2006-04-05,61.1600,61.1600,61.1600,61.1600,0
2006-04-06,61.5800,61.5800,60.0000,60.0000,800
2006-04-07,60.2900,60.2900,60.2900,60.2900,0
2006-04-10,60.5000,60.5000,60.5000,60.5000,0
2006-04-11,61.0700,61.0700,61.0700,61.0700,0
2006-04-12,60.4800,60.4800,60.4800,60.4800,0
2006-04-13,60.6700,60.6700,60.6700,60.6700,800
2006-04-18,61.5000,61.5000,61.5000,61.5000,0
2006-04-19,60.4800,60.4800,60.4800,60.4800,0
2006-04-20,60.8700,60.8700,60.8700,60.8700,0
2006-04-21,60.1200,60.1200,59.2300,59.2300,400
2006-04-24,59.5500,59.5500,59.5500,59.5500,0
2006-04-25,60.3100,60.3100,60.3100,60.3100,0
2006-04-26,61.4700,61.4700,61.4700,61.4700,0
2006-04-27,60.1300,60.1300,59.5800,59.5800,0
2006-04-28,60.9400,60.9400,60.4400,60.4400,64
2006-05-02,61.5900,61.5900,61.0600,61.0600,400
2006-05-03,61.8600,61.8600,61.8600,61.8600,0
2006-05-04,61.3700,61.3700,61.3700,61.3700,0
2006-05-05,61.0000,61.0000,61.0000,61.0000,0
2006-05-08,61.2800,61.2800,61.2800,61.2800,0
2006-05-09,60.9400,60.9400,60.8000,60.8000,2400
2006-05-10,62.9300,62.9300,62.2300,62.2300,200
2006-05-11,62.8300,62.8300,62.8300,62.8300,0
2006-05-12,63.0000,63.0000,63.0000,63.0000,0
2006-05-15,61.9600,61.9600,61.8400,61.9100,800
2006-05-16,62.5600,62.5600,62.5600,62.5600,0
2006-05-17,63.5400,63.5400,63.5400,63.5400,0
2006-05-18,62.5900,62.5900,62.5900,62.5900,0
2006-05-19,61.5100,61.5100,61.5100,61.5100,0
2006-05-22,61.4200,61.4200,61.4200,61.4200,0
2006-05-23,60.3000,60.3000,60.3000,60.3000,40
2006-05-24,61.2600,61.2600,61.2600,61.2600,0
2006-05-25,60.0800,60.0800,60.0800,60.0800,0
2006-05-26,61.0200,61.0200,61.0200,61.0200,0
2006-05-29,60.7700,60.7700,60.6500,60.6500,400
2006-05-30,61.5700,61.5700,61.5700,61.5700,0
2006-05-31,60.6600,60.6600,60.6600,60.6600,0
2006-06-01,61.1600,61.1600,61.1600,61.1600,0
2006-06-02,61.0400,61.3100,61.0400,61.3100,400
2006-06-05,61.5500,61.5500,61.5500,61.5500,0
2006-06-06,60.9500,60.9500,60.9500,60.9500,0
2006-06-07,61.7800,61.7800,61.7800,61.7800,0
2006-06-08,62.1900,62.1900,62.1900,62.1900,0
2006-06-09,62.5100,62.5100,61.6600,61.6600,0
2006-06-12,62.7200,62.7200,62.7200,62.7200,0
2006-06-13,61.5800,61.5800,61.5800,61.5800,0
2006-06-14,61.0200,61.0200,61.0200,61.0200,0
2006-06-15,61.0200,61.0200,61.0200,61.0200,0
2006-06-16,61.0200,61.0200,61.0200,61.0200,0
2006-06-19,62.1600,62.1600,62.1600,62.1600,0
2006-06-20,61.5600,61.5600,61.5600,61.5600,0
2006-06-21,62.1300,62.1300,62.1300,62.1300,0
2006-06-22,62.7500,62.7500,62.7500,62.7500,0
2006-06-23,63.4400,63.4400,63.4400,63.4400,0
2006-06-26,63.9200,63.9200,63.9200,63.9200,0
2006-06-27,62.5200,62.5200,62.5200,62.5200,320
2006-06-28,62.9400,62.9400,62.9400,62.9400,0
2006-06-29,63.4600,63.4600,63.4600,63.4600,0
2006-06-30,63.9200,63.9200,63.9200,63.9200,400
2006-07-03,64.9400,64.9400,64.9400,64.9400,0
2006-07-04,65.5400,65.5400,65.5400,65.5400,0
2006-07-05,65.4500,65.4500,64.7400,64.7400,400
2006-07-06,65.6700,66.0500,65.6700,66.0500,1600
2006-07-07,66.3100,66.3100,65.8200,65.8200,800
2006-07-10,66.2000,66.2000,66.2000,66.2000,0
2006-07-11,66.8900,66.8900,66.5700,66.5700,200
2006-07-12,66.4200,66.4200,66.4200,66.4200,0
2006-07-13,67.4500,67.4500,67.4500,67.4500,0
2006-07-14,66.1400,66.1400,66.1400,66.1400,0
2006-07-17,66.7700,66.7700,66.7700,66.7700,0
2006-07-18,66.4300,66.4300,65.7100,65.7100,200
2006-07-19,66.4800,66.4800,66.4800,66.4800,0
2006-07-20,67.1000,67.1000,67.1000,67.1000,0
2006-07-21,68.8500,68.8500,68.8500,68.8500,0
2006-07-24,68.7400,68.7400,68.7400,68.7400,0
2006-07-25,70.0000,70.0000,70.0000,70.0000,160
2006-07-26,70.2900,70.2900,70.2900,70.2900,0
2006-07-27,69.9900,69.9900,69.9900,69.9900,0
2006-07-28,68.8400,69.0300,68.8400,69.0300,0
2006-07-31,69.8200,69.8200,69.8200,69.8200,0
2006-08-01,70.0100,70.0100,70.0100,70.0100,0
2006-08-02,70.0000,70.0000,70.0000,70.0000,0
2006-08-03,70.0000,70.0000,70.0000,70.0000,0
2006-08-04,68.5500,68.5500,68.5500,68.5500,0
2006-08-07,69.4900,69.4900,69.4900,69.4900,0
2006-08-08,69.4000,69.4000,69.4000,69.4000,0
2006-08-09,69.1100,69.1100,69.1100,69.1100,0
2006-08-10,69.7200,69.7200,69.7200,69.7200,0
2006-08-11,69.5300,69.8900,69.5300,69.8900,400
2006-08-14,69.4000,69.4000,69.4000,69.4000,0
2006-08-15,70.0000,70.0000,70.0000,70.0000,80
2006-08-16,72.2000,72.2000,72.2000,72.2000,0
2006-08-17,71.4000,71.4000,71.4000,71.4000,0
2006-08-18,70.8700,70.8700,70.8700,70.8700,0
2006-08-21,70.6800,70.6800,70.6800,70.6800,0
2006-08-22,71.0100,71.0100,71.0100,71.0100,0
2006-08-23,70.9400,70.9400,70.9400,70.9400,0
2006-08-24,70.9300,70.9300,70.9300,70.9300,0
2006-08-25,71.8000,71.8000,71.8000,71.8000,0
2006-08-28,71.4100,71.4100,71.3400,71.3400,140
2006-08-29,71.8000,71.8000,71.8000,71.8000,0
2006-08-30,72.5200,72.5200,72.5200,72.5200,0
2006-08-31,72.4100,72.4100,72.4100,72.4100,0
2006-09-01,72.0800,72.0800,72.0800,72.0800,0
2006-09-04,71.6400,71.6400,71.6400,71.6400,0
2006-09-05,71.4400,71.4400,71.4400,71.4400,0
2006-09-06,71.3900,71.3900,71.3900,71.3900,0
2006-09-07,71.6400,71.6400,71.6400,71.6400,0
2006-09-08,71.4700,71.4700,71.4700,71.4700,0
2006-09-11,71.4100,71.4100,71.4100,71.4100,0
2006-09-12,68.4600,68.4600,68.4600,68.4600,0
2006-09-13,69.0600,69.0600,69.0600,69.0600,0
2006-09-14,68.8100,68.8100,67.5900,67.5900,400
2006-09-15,66.7800,66.7800,66.7800,66.7800,0
2006-09-18,66.9500,66.9500,66.9100,66.9100,40
2006-09-19,67.9200,67.9200,67.9200,67.9200,0
2006-09-20,68.0800,68.9600,68.0800,68.9600,388
2006-09-21,69.1200,69.1200,69.1200,69.1200,0
2006-09-22,68.3100,68.3100,68.3100,68.3100,0
2006-09-25,68.6400,68.6400,68.6400,68.6400,0
2006-09-26,67.8800,67.8800,67.8800,67.8800,0
2006-09-27,68.7000,69.6500,68.7000,69.6500,400
2006-09-28,69.9500,69.9500,69.9500,69.9500,0
2006-09-29,69.2200,69.2200,69.2200,69.2200,0
2006-10-02,68.5900,68.5900,68.5900,68.5900,0
2006-10-03,68.3400,68.3400,67.8600,67.8600,200
2006-10-04,69.1900,69.1900,69.1900,69.1900,0
2006-10-05,69.1100,69.1100,69.1100,69.1100,0
2006-10-06,68.8000,68.8000,67.8800,67.8800,400
2006-10-09,68.6300,68.6300,68.6300,68.6300,0
2006-10-10,69.2200,69.2200,69.2200,69.2200,0
2006-10-11,69.2500,69.2500,69.2500,69.2500,0
2006-10-12,69.9800,69.9800,69.2500,69.2500,800
2006-10-13,69.9000,69.9000,69.9000,69.9000,0
2006-10-16,69.9800,69.9800,69.9800,69.9800,0
2006-10-17,69.8900,69.8900,69.8900,69.8900,0
2006-10-18,69.6600,69.6600,69.6600,69.6600,0
2006-10-19,69.0000,69.0000,69.0000,69.0000,0
2006-10-20,68.9100,68.9100,68.9100,68.9100,0
2006-10-23,69.0500,69.0500,69.0500,69.0500,0
2006-10-24,69.3300,69.3300,69.3300,69.3300,0
2006-10-25,68.9000,68.9000,68.9000,68.9000,0
2006-10-26,68.9300,68.9300,68.9300,68.9300,0
2006-10-27,68.6200,68.6200,68.5000,68.5000,80
2006-10-30,68.6100,68.6100,68.6100,68.6100,0
2006-10-31,69.0000,69.0000,69.0000,69.0000,0
2006-11-01,68.9300,68.9300,68.9300,68.9300,0
2006-11-02,68.6300,68.6300,68.6200,68.6200,200
2006-11-03,69.5000,69.5000,69.5000,69.5000,0
2006-11-06,69.7500,69.8800,69.7500,69.8800,400
2006-11-07,70.1600,70.1600,70.1600,70.1600,0
2006-11-08,70.0900,70.0900,70.0900,70.0900,0
2006-11-09,69.9900,69.9900,69.9900,69.9900,0
2006-11-10,69.6800,69.6800,69.6800,69.6800,0
2006-11-13,69.5400,69.7400,69.5400,69.7400,300
2006-11-14,69.6200,69.6200,69.6200,69.6200,0
2006-11-15,69.7400,69.7400,69.7400,69.7400,0
2006-11-16,69.8400,69.8400,69.8400,69.8400,80
2006-11-17,69.8700,69.8700,69.8700,69.8700,0
2006-11-20,69.4700,70.5600,69.4700,70.5600,240
2006-11-21,70.4600,70.4600,70.4600,70.4600,0
2006-11-22,70.8600,70.8600,70.8600,70.8600,0
2006-11-23,71.0000,71.0000,70.1000,70.1000,252
2006-11-24,70.3300,70.3300,70.3300,70.3300,0
2006-11-27,69.6200,69.6200,68.6600,68.6600,400
2006-11-28,69.0300,69.0300,69.0300,69.0300,0
2006-11-29,68.2600,68.2600,68.2600,68.2600,0
2006-11-30,69.1300,69.1300,67.9600,67.9600,80
2006-12-01,68.4900,68.4900,68.4900,68.4900,0
2006-12-04,67.5600,67.5600,67.5600,67.5600,0
2006-12-05,67.7400,67.7400,67.7400,67.7400,0
2006-12-06,66.6500,66.6500,66.6500,66.6500,0
2006-12-07,67.1000,67.1000,67.1000,67.1000,0
2006-12-08,67.6800,67.6800,67.6800,67.6800,0
2006-12-11,68.0400,68.0400,67.7000,67.7000,160
2006-12-12,67.8200,67.8200,67.8200,67.8200,0
2006-12-13,68.2200,68.2200,68.2200,68.2200,0
2006-12-14,68.4900,68.4900,68.4900,68.4900,0
2006-12-15,68.4900,68.4900,68.1400,68.1400,400
2006-12-18,68.6400,68.6400,68.6400,68.6400,0
2006-12-19,68.6200,68.6200,68.6200,68.6200,0
2006-12-20,68.7300,68.7300,67.9800,67.9800,40
2006-12-21,68.5100,68.5100,67.8600,67.8600,60
2006-12-22,69.0700,69.0700,69.0700,69.0700,60
2006-12-27,69.0500,69.0500,69.0500,69.0500,0
2006-12-28,68.6300,68.6300,68.6300,68.6300,0
2006-12-29,68.4300,68.4300,68.4300,68.4300,60
2007-01-02,68.2000,68.2000,67.5300,67.5300,100
2007-01-03,68.3600,68.3600,68.3600,68.3600,0
2007-01-04,69.8000,69.8000,69.8000,69.8000,0
2007-01-05,69.8000,70.8000,69.8000,70.8000,152
2007-01-08,71.3600,71.3600,71.3600,71.3600,0
2007-01-09,70.7800,70.7800,69.8900,69.9000,400
2007-01-10,69.9400,70.1500,69.9400,70.1500,40
2007-01-11,70.9700,70.9700,70.9700,70.9700,0
2007-01-12,71.7900,71.7900,71.0800,71.0800,160
2007-01-15,72.5900,72.5900,72.5900,72.5900,0
2007-01-16,72.7400,72.7400,72.7400,72.7400,0
2007-01-17,73.1100,73.1100,73.1100,73.1100,0
2007-01-18,73.8400,73.8400,72.8000,72.8000,120
2007-01-19,73.5300,73.5300,73.5300,73.5300,0
2007-01-22,74.4000,74.4000,72.9900,72.9900,400
2007-01-23,73.6400,73.6400,73.1800,73.1800,64
2007-01-24,73.4500,73.4500,73.4500,73.4500,0
2007-01-25,73.7300,73.7300,73.7300,73.7300,0
2007-01-26,73.0100,73.0100,73.0100,73.0100,0
2007-01-29,71.8900,71.8900,71.8900,71.8900,0
2007-01-30,72.5900,72.5900,72.5900,72.5900,0
2007-01-31,72.5100,72.5100,72.5100,72.5100,0
2007-02-01,72.9500,72.9500,72.9500,72.9500,0
2007-02-02,73.8400,73.8400,73.8400,73.8400,0
2007-02-05,73.5600,73.5600,73.5600,73.5600,0
2007-02-06,74.5800,74.5800,74.1000,74.1000,32
2007-02-07,73.5200,73.5200,73.5200,73.5200,0
2007-02-08,72.4300,72.4300,69.9800,69.9800,800
2007-02-09,70.6300,70.6300,70.6300,70.6300,0
2007-02-12,69.7300,69.7300,69.7300,69.7300,0
2007-02-13,70.6600,70.6600,70.0000,70.0000,232
2007-02-14,70.4200,70.4200,70.4200,70.4200,2000
2007-02-15,71.4100,71.4100,71.4100,71.4100,0
2007-02-16,70.6600,70.6600,70.6600,70.6600,0
2007-02-19,71.2900,71.2900,71.2900,71.2900,0
2007-02-20,71.1000,71.1000,70.0200,70.0200,0
2007-02-21,71.6100,71.6100,70.5700,70.5700,140
2007-02-22,69.3600,69.3600,69.3600,69.3600,0
2007-02-23,69.1600,69.1600,69.1600,69.1600,0
2007-02-26,69.2100,69.2100,69.2100,69.2100,0
2007-02-27,68.8300,68.8300,67.8900,67.8900,140
2007-02-28,66.9800,66.9800,66.9800,66.9800,0
2007-03-01,67.6800,67.6800,67.6800,67.6800,0
2007-03-02,67.9900,67.9900,67.9900,67.9900,0
2007-03-05,67.8600,67.8600,67.8600,67.8600,0
2007-03-06,67.5400,67.5400,67.5400,67.5400,0
2007-03-07,67.6200,67.6200,67.6200,67.6200,232
2007-03-08,67.6000,67.6000,67.6000,67.6000,80
2007-03-09,66.8700,66.8700,66.8700,66.8700,0
2007-03-12,67.0400,67.1600,65.8300,65.8300,800
2007-03-13,66.9800,66.9800,66.9800,66.9800,0
2007-03-14,65.2100,65.2100,65.2100,65.2100,0
2007-03-15,65.4100,65.4100,65.4100,65.4100,0
2007-03-16,65.8700,65.8700,65.8700,65.8700,0
2007-03-19,66.3700,66.3700,66.3700,66.3700,0
2007-03-20,66.4700,66.4700,66.4700,66.4700,0
2007-03-21,67.2100,67.2800,67.2100,67.2800,200
2007-03-22,68.3700,68.5000,68.3700,68.5000,400
2007-03-23,68.5000,68.7600,67.1900,67.1900,800
2007-03-26,67.9100,67.9100,67.9100,67.9100,0
2007-03-27,68.2700,68.2700,68.2700,68.2700,0
2007-03-28,67.4900,67.4900,67.4900,67.4900,0
2007-03-29,66.6500,66.6500,66.6500,66.6500,0
2007-03-30,67.0800,67.0800,67.0800,67.0800,0
2007-04-02,66.8500,66.8500,66.8500,66.8500,0
2007-04-03,67.0600,67.0600,67.0600,67.0600,0
2007-04-04,67.1400,67.1400,67.1400,67.1400,0
2007-04-05,67.3100,67.3100,67.1500,67.1500,4800
2007-04-10,68.0200,68.0200,68.0000,68.0000,400
2007-04-11,68.4300,68.4300,68.4300,68.4300,0
2007-04-12,68.0000,68.0000,68.0000,68.0000,80
2007-04-13,67.9000,67.9000,67.5200,67.7500,140
2007-04-16,68.5200,68.5200,68.5200,68.5200,0
2007-04-17,68.4600,68.4600,68.4600,68.4600,0
2007-04-18,69.6500,69.6500,69.6500,69.6500,0
2007-04-19,70.0000,70.0000,70.0000,70.0000,160
2007-04-20,71.0000,71.0000,71.0000,71.0000,280
2007-04-23,71.7300,71.7300,71.7300,71.7300,0
2007-04-24,71.8500,71.8500,70.0900,70.0900,800
2007-04-25,71.4600,71.4600,70.6000,70.6000,1200
2007-04-26,71.4700,71.4700,71.4700,71.4700,0
2007-04-27,70.4200,70.4200,70.0000,70.0000,8
2007-04-30,69.9100,69.9100,69.9100,69.9100,8
2007-05-02,69.7300,69.7300,69.7300,69.7300,0
2007-05-03,70.2100,70.2100,70.2100,70.2100,0
2007-05-04,70.0400,70.4600,70.0400,70.4600,120
2007-05-07,71.3600,71.3600,70.4500,70.4500,56
2007-05-08,70.9900,70.9900,70.9900,70.9900,0
2007-05-09,70.6200,70.6200,70.6200,70.6200,0
2007-05-10,70.1800,70.1800,70.1800,70.1800,0
2007-05-11,68.7600,68.7600,68.7600,68.7600,396
2007-05-14,69.7000,69.7000,69.7000,69.7000,0
2007-05-15,69.2900,69.2900,69.2900,69.2900,0
2007-05-16,69.1100,69.1100,69.1100,69.1100,0
2007-05-17,69.0000,69.0000,69.0000,69.0000,0
2007-05-18,69.6200,69.6200,69.6200,69.6200,0
2007-05-21,68.9100,68.9700,68.9100,68.9700,64
2007-05-22,68.0500,68.0500,68.0500,68.0500,800
2007-05-23,68.6800,68.6800,68.6800,68.6800,0
2007-05-24,68.5600,68.5600,68.5600,68.5600,0
2007-05-25,68.6100,68.6100,68.6100,68.6100,800
2007-05-29,68.5000,68.5000,68.0400,68.0400,256
2007-05-30,68.1400,68.1400,68.1400,68.1400,0
2007-05-31,69.2800,69.2800,69.2800,69.2800,0
2007-06-01,68.8900,68.8900,68.1500,68.3300,5200
2007-06-04,68.4000,68.4000,68.4000,68.4000,0
2007-06-05,68.4200,68.4200,68.4200,68.4200,0
2007-06-06,67.4200,67.4200,67.4200,67.4200,0
2007-06-07,67.5400,67.5400,67.5400,67.5400,0
2007-06-08,65.9700,65.9700,65.9700,65.9700,0
2007-06-11,66.4200,66.4200,66.4200,66.4200,0
2007-06-12,66.2300,66.2300,66.2300,66.2300,0
2007-06-13,71.0000,71.0000,71.0000,71.0000,0
2007-06-14,65.4200,65.4200,65.4200,65.4200,0
2007-06-15,65.6300,66.6700,65.6300,66.6700,300
2007-06-18,66.7000,66.7000,66.7000,66.7000,200
2007-06-19,65.9800,65.9800,65.9800,65.9800,16
2007-06-20,65.1900,65.1900,65.1900,65.1900,0
2007-06-21,65.0000,65.0000,65.0000,65.0000,80
2007-06-22,64.0200,64.0200,64.0200,64.0200,0
2007-06-25,64.1700,64.1700,64.1700,64.1700,0
2007-06-26,64.2000,64.2000,64.2000,64.2000,0
2007-06-27,64.1700,64.1700,64.1700,64.1700,0
2007-06-28,64.8800,64.8800,64.8800,64.8800,0
2007-06-29,65.6200,65.8900,65.6200,65.7500,800
2007-07-02,65.9800,65.9800,65.9800,65.9800,0
2007-07-03,65.6800,65.6800,65.6800,65.6800,0
2007-07-04,65.3800,65.3800,65.3800,65.3800,0
2007-07-05,66.3100,66.3100,66.3100,66.3100,0
2007-07-06,65.1000,65.1000,65.1000,65.1000,0
2007-07-09,66.2800,66.2800,66.2800,66.2800,0
2007-07-10,65.8700,65.8700,65.8700,65.8700,0
2007-07-11,65.8600,65.8600,65.8600,65.8600,0
2007-07-12,66.0600,66.0600,65.3300,65.3300,112
2007-07-13,66.0600,66.0600,65.1000,65.7600,800
2007-07-16,65.6600,65.6600,65.6600,65.6600,0
2007-07-17,65.5600,65.5600,65.5600,65.5600,0
2007-07-18,65.0800,65.0800,65.0800,65.0800,0
2007-07-19,66.0700,66.0700,66.0700,66.0700,0
2007-07-20,67.4600,67.4600,67.4600,67.4600,0
2007-07-23,66.2900,66.2900,66.2900,66.2900,0
2007-07-24,65.3700,65.3700,65.3700,65.3700,0
2007-07-25,65.2900,65.2900,65.2900,65.2900,0
2007-07-26,65.0500,65.0500,65.0500,65.0500,0
2007-07-27,63.1900,64.0300,63.1900,64.0300,400
2007-07-30,64.4200,64.4200,64.4200,64.4200,0
2007-07-31,64.6800,64.6800,64.6800,64.6800,0
2007-08-01,65.8200,65.8200,65.8200,65.8200,0
2007-08-02,66.6900,66.6900,66.6900,66.6900,0
2007-08-03,65.4100,65.4100,65.4100,65.4100,0
2007-08-06,64.4200,64.4200,64.4200,64.4200,0
2007-08-07,64.8000,64.8000,64.8000,64.8000,0
2007-08-08,65.1100,65.1100,65.1100,65.1100,0
2007-08-09,65.8700,65.8700,65.8700,65.8700,0
2007-08-10,64.9000,64.9000,64.9000,64.9000,0
2007-08-13,64.6700,64.6700,64.6700,64.6700,0
2007-08-14,63.0100,63.0100,63.0100,63.0100,400
2007-08-15,64.1800,64.1800,64.1800,64.1800,0
2007-08-16,64.2800,64.2800,64.2800,64.2800,0
2007-08-17,62.1100,62.1100,62.1100,62.1100,0
2007-08-20,62.6900,62.6900,62.6900,62.6900,0
2007-08-21,63.4100,63.4100,63.4100,63.4100,0
2007-08-22,63.3100,63.3100,63.3100,63.3100,0
2007-08-23,63.7500,63.7500,63.7500,63.7500,0
2007-08-24,65.5400,65.5400,65.5400,65.5400,0
2007-08-27,63.6000,63.6000,63.6000,63.6000,0
2007-08-28,63.7000,63.7000,63.7000,63.7000,0
2007-08-29,64.6500,64.6500,64.6500,64.6500,0
2007-08-30,64.8100,64.8100,64.8100,64.8100,0
2007-08-31,64.3300,64.3300,64.3300,64.3300,0
2007-09-03,63.1600,63.1600,63.1600,63.1600,0
2007-09-04,62.7300,62.9600,62.7300,62.9600,20
2007-09-05,63.5500,63.5500,63.5500,63.5500,0
2007-09-06,63.4200,63.4200,63.4200,63.4200,0
2007-09-07,63.3300,63.3300,63.3300,63.3300,0
2007-09-10,65.3700,65.3700,65.3700,65.3700,0
2007-09-11,64.8300,64.8300,64.8300,64.8300,0
2007-09-12,64.5300,64.5300,64.5300,64.5300,0
2007-09-13,64.4800,64.4800,64.4800,64.4800,0
2007-09-14,64.2900,64.2900,64.2900,64.2900,0
2007-09-17,63.8400,63.8400,63.8400,63.8400,0
2007-09-18,63.2700,63.2700,63.2700,63.2700,0
2007-09-19,64.3800,64.3800,64.3800,64.3800,0
2007-09-20,63.2700,63.2700,63.2700,63.2700,0
2007-09-21,63.2700,63.2700,63.2700,63.2700,0
2007-09-24,63.2700,63.2700,63.2700,63.2700,0
2007-09-25,63.2700,63.2700,63.2700,63.2700,0
2007-09-26,65.3200,65.3200,65.3200,65.3200,40
2007-09-27,64.9300,64.9300,64.6800,64.6800,400
2007-09-28,64.3600,64.3600,64.0000,64.0000,400
2007-10-01,64.2900,64.2900,64.2900,64.2900,0
2007-10-02,62.9800,62.9800,62.9800,62.9800,0
2007-10-03,62.8700,62.8700,62.8700,62.8700,0
2007-10-04,62.8300,62.8300,62.8300,62.8300,0
2007-10-05,62.9100,62.9100,62.9100,62.9100,0
2007-10-08,64.3500,64.3500,64.3500,64.3500,0
2007-10-09,64.4300,64.4300,64.4300,64.4300,0
2007-10-10,64.9100,64.9100,64.9100,64.9100,0
2007-10-11,65.6300,65.6300,64.2800,64.2800,132
2007-10-12,65.7100,65.7100,65.7100,65.7100,0
2007-10-15,65.4600,65.4600,65.4600,65.4600,0
2007-10-16,64.2200,64.2200,64.2200,64.2200,0
2007-10-17,63.6500,63.6500,63.6500,63.6500,0
2007-10-18,63.4700,63.4700,61.5700,61.5700,80
2007-10-19,62.8600,62.8600,62.8600,62.8600,0
2007-10-22,61.5100,61.5100,61.5100,61.5100,0
2007-10-23,61.9100,61.9100,61.9100,61.9100,0
2007-10-24,61.4100,61.4100,61.4100,61.4100,0
2007-10-25,59.9800,59.9800,59.9800,59.9800,0
2007-10-26,61.2300,61.2300,61.2300,61.2300,0
2007-10-29,58.0500,59.8100,58.0500,58.0500,0
2007-10-30,59.7300,59.7300,57.6800,57.6800,12
2007-10-31,59.4700,59.4700,57.5500,57.5500,40
2007-11-01,58.2800,58.2800,58.2800,58.2800,0
2007-11-02,59.6100,59.6100,59.6100,59.6100,0
2007-11-05,59.0500,59.4600,59.0500,59.4600,0
2007-11-06,59.4000,59.4000,59.4000,59.4000,0
2007-11-07,59.6700,59.6700,59.6700,59.6700,0
2007-11-08,59.5200,59.5200,58.1000,58.1000,800
2007-11-09,59.0000,59.0000,59.0000,59.0000,0
2007-11-12,56.9800,58.1200,56.5500,58.1200,1600
2007-11-13,58.1000,58.1000,57.0900,57.9200,1200
2007-11-14,60.5200,60.5200,59.4800,59.4800,800
2007-11-15,61.7900,61.7900,59.7400,59.7400,84
2007-11-16,61.6700,61.6700,61.3800,61.3800,800
2007-11-19,61.1800,61.1800,61.1800,61.1800,0
2007-11-20,60.7500,60.7500,60.7500,60.7500,0
2007-11-21,59.8000,61.0000,59.8000,61.0000,76
2007-11-22,61.2500,61.2500,61.2500,61.2500,0
2007-11-23,64.3800,65.6000,64.3800,65.6000,400
2007-11-26,66.3500,66.3500,66.3500,66.3500,0
2007-11-27,64.7500,64.7500,64.7500,64.7500,0
2007-11-28,65.1200,65.1200,65.1200,65.1200,0
2007-11-29,64.9500,64.9500,64.9500,64.9500,0
2007-11-30,66.2000,66.2000,66.2000,66.2000,0
2007-12-03,65.7700,65.7700,65.7700,65.7700,0
2007-12-04,63.7100,63.7100,63.7100,63.7100,0
2007-12-05,64.2400,64.2400,64.2400,64.2400,0
2007-12-06,62.1800,62.1800,62.1800,62.1800,0
2007-12-07,68.0000,68.0000,68.0000,68.0000,0
2007-12-10,62.8100,62.8100,62.8100,62.8100,0
2007-12-11,62.4000,62.4000,62.4000,62.4000,0
2007-12-12,61.9900,61.9900,61.9900,61.9900,0
2007-12-13,62.0700,62.0700,59.0700,59.0700,400
2007-12-14,60.8000,61.2600,60.8000,61.2600,200
2007-12-17,61.2000,61.2000,61.2000,61.2000,0
2007-12-18,60.7900,60.7900,60.7900,60.7900,0
2007-12-19,60.5000,60.5000,60.5000,60.5000,0
2007-12-20,60.0500,60.0500,60.0500,60.0500,0
2007-12-21,60.1600,60.1600,60.1600,60.1600,0
2007-12-27,59.0100,59.0100,59.0100,59.0100,0
2007-12-28,59.2500,59.2500,59.2500,59.2500,0
2008-01-02,59.9800,59.9800,59.9800,59.9800,0
2008-01-03,59.7100,59.7100,59.7100,59.7100,0
2008-01-04,59.8400,59.8400,59.8400,59.8400,0
2008-01-07,57.6400,57.6400,57.6400,57.6400,0
2008-01-08,57.8500,57.8500,57.8500,57.8500,0
2008-01-09,60.8600,60.8600,60.8600,60.8600,0
2008-01-10,62.2100,62.2100,62.2100,62.2100,0
2008-01-11,62.8400,62.8400,62.8400,62.8400,0
2008-01-14,64.0600,64.0600,64.0600,64.0600,0
2008-01-15,62.5500,62.5500,62.5500,62.5500,0
2008-01-16,62.3700,62.3700,62.3700,62.3700,0
2008-01-17,63.0400,63.0400,63.0400,63.0400,0
2008-01-18,63.6800,63.6800,63.6800,63.6800,0
2008-01-21,64.4300,64.4300,64.4300,64.4300,0
2008-01-22,57.0000,57.0000,57.0000,57.0000,480
2008-01-23,62.6500,62.6500,62.6500,62.6500,0
2008-01-24,61.7900,61.7900,61.7900,61.7900,960
2008-01-25,61.7300,61.7300,61.7300,61.7300,0
2008-01-28,60.5600,60.5600,60.5600,60.5600,0
2008-01-29,60.3800,60.3800,60.3800,60.3800,0
2008-01-30,58.6900,58.6900,58.6900,58.6900,0
2008-01-31,61.0100,61.0100,61.0100,61.0100,0
2008-02-01,62.2600,62.2600,62.2600,62.2600,0
2008-02-04,63.2600,63.2600,63.2600,63.2600,0
2008-02-05,62.6400,62.6400,62.6400,62.6400,0
2008-02-06,61.0800,61.0800,61.0800,61.0800,0
2008-02-07,61.7400,61.7400,61.7400,61.7400,0
2008-02-08,61.6700,61.6700,61.6700,61.6700,0
2008-02-11,60.7300,60.7300,60.7300,60.7300,0
2008-02-12,60.6300,60.6300,60.6300,60.6300,0
2008-02-13,61.7300,61.7300,61.7300,61.7300,0
2008-02-14,62.6600,62.6600,60.3200,60.3200,480
2008-02-15,61.6900,61.6900,61.6900,61.6900,0
2008-02-18,61.1400,61.1400,61.1400,61.1400,0
2008-02-19,60.6900,60.6900,60.6900,60.6900,0
2008-02-20,60.5500,60.5500,60.5500,60.5500,0
2008-02-21,60.7000,60.7000,60.7000,60.7000,0
2008-02-22,60.8300,60.8300,60.8300,60.8300,0
2008-02-25,63.9600,63.9600,63.9600,63.9600,0
2008-02-26,63.2400,63.2400,63.2400,63.2400,0
2008-02-27,63.2200,63.2200,63.2200,63.2200,0
2008-02-28,63.9700,63.9700,63.9700,63.9700,0
2008-02-29,63.4000,63.4000,63.4000,63.4000,0
2008-03-03,65.6000,65.6000,65.6000,65.6000,0
2008-03-04,65.6000,65.6000,65.6000,65.6000,0
2008-03-05,62.3900,62.3900,62.3900,62.3900,0
2008-03-06,61.7500,61.7500,61.7500,61.7500,0
2008-03-07,60.0600,60.0600,60.0600,60.0600,0
2008-03-10,60.6200,60.6200,60.6200,60.6200,0
2008-03-11,60.2600,60.2600,60.2600,60.2600,0
2008-03-12,59.7400,59.7400,59.3600,59.3600,0
2008-03-13,60.5400,60.5900,60.5400,60.5900,0
2008-03-14,60.8800,60.8800,60.8800,60.8800,0
2008-03-17,58.5700,58.5700,58.5700,58.5700,0
2008-03-18,58.0800,58.0800,58.0800,58.0800,0
2008-03-19,58.5400,58.5400,58.5400,58.5400,0
2008-03-20,58.1500,58.1500,58.1500,58.1500,0
2008-03-25,59.7600,59.7600,59.7600,59.7600,0
2008-03-26,59.1900,59.1900,59.1900,59.1900,0
2008-03-27,58.6700,58.6700,58.6700,58.6700,0
2008-03-28,59.2600,61.3800,59.2600,61.3800,340
2008-03-31,58.4100,58.4100,58.4100,58.4100,0
2008-04-01,60.5000,60.5000,60.5000,60.5000,0
2008-04-02,61.4100,61.4100,61.4100,61.4100,0
2008-04-03,61.5500,61.5500,61.5500,61.5500,0
2008-04-04,60.8700,60.8700,60.8700,60.8700,680
2008-04-07,59.0100,59.0100,59.0100,59.0100,0
2008-04-08,60.4100,60.4100,60.4100,60.4100,0
2008-04-09,59.7500,59.7500,57.9500,57.9500,400
2008-04-10,59.2000,59.2000,59.2000,59.2000,800
2008-04-11,58.4200,58.4200,58.4200,58.4200,0
2008-04-14,55.1700,55.1700,55.1700,55.1700,0
2008-04-15,54.3300,54.3300,54.3300,54.3300,0
2008-04-16,52.4400,52.4400,52.4400,52.4400,0
2008-04-17,51.7600,52.8000,51.7600,52.8000,800
2008-04-18,51.2500,51.2500,51.2500,51.2500,0
2008-04-21,52.4600,52.4600,52.4500,52.4500,656
2008-04-22,52.2800,53.7600,52.2800,53.7600,400
2008-04-23,53.1500,53.1500,53.1500,53.1500,0
2008-04-24,51.5800,51.5800,51.5800,51.5800,0
2008-04-25,53.1000,53.1000,53.1000,53.1000,0
2008-04-28,53.7800,53.7800,53.7800,53.7800,0
2008-04-29,53.6300,53.6300,53.6300,53.6300,1088
2008-04-30,54.3100,54.3100,54.3100,54.3100,0
2008-05-02,52.6400,52.6400,52.6400,52.6400,0
2008-05-05,52.1900,52.1900,52.1900,52.1900,0
2008-05-06,52.4400,52.4400,52.4400,52.4400,0
2008-05-07,51.3700,51.3700,51.3700,51.3700,0
2008-05-08,51.6200,51.6200,51.6200,51.6200,0
2008-05-09,51.0600,51.0600,51.0600,51.0600,0
2008-05-12,50.9400,50.9400,50.9400,50.9400,0
2008-05-13,51.6200,51.6200,51.6200,51.6200,0
2008-05-14,52.4200,52.4200,52.4200,52.4200,0
2008-05-15,52.3000,52.3000,52.3000,52.3000,0
2008-05-16,53.8700,53.8700,53.8700,53.8700,0
2008-05-19,53.9700,53.9700,53.9700,53.9700,0
2008-05-20,55.0100,55.0100,55.0100,55.0100,0
2008-05-21,54.7100,54.7100,54.7100,54.7100,0
2008-05-22,55.6200,55.6200,55.6200,55.6200,0
2008-05-23,54.3500,54.3500,54.3500,54.3500,0
2008-05-26,53.0800,53.0800,53.0800,53.0800,0
2008-05-27,52.7900,52.7900,52.7900,52.7900,0
2008-05-28,54.2700,54.2700,54.2700,54.2700,0
2008-05-29,54.1600,54.1600,54.1600,54.1600,0
2008-05-30,55.4900,55.4900,55.4900,55.4900,0
2008-06-02,56.8300,56.8300,56.8300,56.8300,0
2008-06-03,57.9300,57.9300,57.3000,57.3000,400
2008-06-04,58.1600,58.1600,58.1600,58.1600,0
2008-06-05,57.5700,57.5700,56.6600,56.6600,0
2008-06-06,57.9400,57.9400,57.9400,57.9400,0
2008-06-09,55.6700,55.6700,55.6700,55.6700,0
2008-06-10,55.2100,55.2100,55.2100,55.2100,0
2008-06-11,54.6300,54.6300,54.6300,54.6300,800
2008-06-12,54.6800,54.6800,54.6800,54.6800,0
2008-06-13,54.6800,54.6800,54.6800,54.6800,0
2008-06-16,55.0800,55.0800,55.0800,55.0800,0
2008-06-17,54.0600,54.7300,54.0600,54.7300,204
2008-06-18,53.9600,53.9600,53.9600,53.9600,800
2008-06-19,53.4600,53.4600,53.4600,53.4600,0
2008-06-20,53.8900,53.8900,53.8900,53.8900,0
2008-06-23,52.6700,52.6700,52.6700,52.6700,0
2008-06-24,52.6800,53.3500,52.6800,53.3500,0
2008-06-25,53.5500,54.1000,53.5500,54.1000,0
2008-06-26,53.8500,54.1000,53.8500,54.1000,0
2008-06-27,53.9500,53.9500,53.9500,53.9500,392
2008-06-30,54.3900,54.3900,54.3900,54.3900,0
2008-07-01,56.7900,56.7900,56.7900,56.7900,0
2008-07-02,56.3000,56.4600,56.3000,56.4600,720
2008-07-03,55.9700,55.9700,55.9700,55.9700,1440
2008-07-04,56.3400,56.3400,56.3400,56.3400,0
2008-07-07,55.8400,55.8400,55.8400,55.8400,0
2008-07-08,54.1200,54.1200,54.1200,54.1200,0
2008-07-09,55.3100,55.3100,55.3100,55.3100,0
2008-07-10,56.2200,56.2200,56.2200,56.2200,0
2008-07-11,56.8300,56.8300,56.8300,56.8300,0
2008-07-14,55.7700,55.7700,55.7700,55.7700,0
2008-07-15,55.9900,55.9900,55.9900,55.9900,0
2008-07-16,56.7900,56.7900,56.7900,56.7900,0
2008-07-17,55.1900,55.1900,55.1900,55.1900,0
2008-07-18,54.6300,54.6300,54.6300,54.6300,0
2008-07-21,53.4100,53.4100,53.4100,53.4100,0
2008-07-22,51.8400,51.8400,51.8400,51.8400,0
2008-07-23,54.1700,54.1700,54.1700,54.1700,0
2008-07-24,55.0500,55.0500,55.0500,55.0500,0
2008-07-25,55.8900,55.8900,55.8900,55.8900,0
2008-07-28,57.0700,57.0700,57.0700,57.0700,0
2008-07-29,57.0700,57.0700,57.0700,57.0700,0
2008-07-30,57.0700,57.0700,57.0700,57.0700,0
2008-07-31,57.0700,57.0700,57.0700,57.0700,0
2008-08-01,57.0700,57.0700,57.0700,57.0700,0
2008-08-04,57.0700,57.0700,57.0700,57.0700,0
2008-08-05,57.0700,57.0700,57.0700,57.0700,0
2008-08-06,57.0700,57.0700,57.0700,57.0700,0
2008-08-07,57.0700,57.0700,57.0700,57.0700,0
2008-08-08,57.0700,57.0700,57.0700,57.0700,0
2008-08-11,57.0700,57.0700,57.0700,57.0700,0
2008-08-12,57.0700,57.0700,57.0700,57.0700,0
2008-08-13,57.0700,57.0700,57.0700,57.0700,0
2008-08-14,57.0700,57.0700,57.0700,57.0700,0
2008-08-15,57.0700,57.0700,57.0700,57.0700,0
2008-08-18,57.5200,57.5200,57.5200,57.5200,0
2008-08-19,57.5200,57.5200,57.5200,57.5200,0
2008-08-20,58.0000,58.0000,58.0000,58.0000,0
2008-08-21,56.3500,56.3500,56.3500,56.3500,0
2008-08-22,55.8900,55.8900,55.8900,55.8900,0
2008-08-25,55.7800,55.7800,55.7800,55.7800,0
2008-08-26,55.9500,55.9500,55.9500,55.9500,0
2008-08-27,56.5900,56.5900,56.5900,56.5900,0
2008-08-28,56.7600,56.7600,56.7600,56.7600,0
2008-08-29,56.8400,56.8400,56.8400,56.8400,0
2008-09-01,56.9400,56.9400,56.9400,56.9400,0
2008-09-02,56.9200,57.9000,56.9200,57.9000,180
2008-09-03,57.9900,57.9900,57.9900,57.9900,0
2008-09-04,58.2200,58.2200,58.2200,58.2200,0
2008-09-05,57.3100,57.3100,57.3100,57.3100,0
2008-09-08,57.2600,57.2600,57.2600,57.2600,0
2008-09-09,57.5400,57.5400,57.5400,57.5400,0
2008-09-10,57.9000,57.9000,57.9000,57.9000,0
2008-09-11,59.3300,59.3300,59.3300,59.3300,360
2008-09-12,58.9300,58.9300,58.9300,58.9300,0
2008-09-15,58.2300,58.2300,58.2300,58.2300,0
2008-09-16,58.6300,58.6300,58.6300,58.6300,0
2008-09-17,56.8800,56.8800,56.8800,56.8800,0
2008-09-18,57.4200,57.4200,57.4200,57.4200,0
2008-09-19,58.0200,58.0200,58.0200,58.0200,0
2008-09-22,56.6400,56.6400,56.6400,56.6400,0
2008-09-23,55.5000,55.5000,55.5000,55.5000,0
2008-09-24,54.7000,54.7000,54.7000,54.7000,0
2008-09-25,54.3700,54.3700,54.3700,54.3700,0
2008-09-26,55.1900,55.1900,55.1900,55.1900,0
2008-09-29,54.8700,54.8700,54.8700,54.8700,0
2008-09-30,52.7800,52.7800,52.7800,52.7800,0
2008-10-01,55.1600,57.2500,55.1600,57.2500,68
2008-10-02,56.4700,56.4700,56.4700,56.4700,0
2008-10-03,56.4100,56.4100,56.4100,56.4100,0
2008-10-06,56.6000,56.6800,56.6000,56.6800,2120
2008-10-07,55.8600,55.8600,55.8600,55.8600,4376
2008-10-08,55.5400,55.5400,55.5400,55.5400,0
2008-10-09,53.6600,53.6600,53.6600,53.6600,0
2008-10-10,46.9200,47.2500,46.9200,47.2500,204
2008-10-13,49.6200,49.6200,49.6200,49.6200,0
2008-10-14,52.8900,52.8900,52.8900,52.8900,0
2008-10-15,52.3700,52.3700,52.3700,52.3700,0
2008-10-16,51.1100,51.1100,51.1100,51.1100,0
2008-10-17,53.7200,55.6500,53.7200,55.6500,360
2008-10-20,57.0600,58.7900,57.0600,58.7900,708
2008-10-21,57.9200,57.9200,57.9200,57.9200,0
2008-10-22,57.0000,57.0000,57.0000,57.0000,1728
2008-10-23,56.4500,56.4500,56.4500,56.4500,0
2008-10-24,56.1000,56.1000,56.1000,56.1000,0
2008-10-27,54.1000,54.1000,54.1000,54.1000,0
2008-10-28,56.5000,56.5000,56.5000,56.5000,0
2008-10-29,57.3000,57.3000,57.3000,57.3000,0
2008-10-30,56.8500,56.8500,56.8500,56.8500,0
2008-10-31,54.8100,54.8100,54.8100,54.8100,0
2008-11-03,59.5000,59.5000,59.5000,59.5000,0
2008-11-04,60.5000,60.5000,60.5000,60.5000,0
2008-11-05,58.0000,58.0000,58.0000,58.0000,0
2008-11-06,55.4000,55.4000,55.4000,55.4000,0
2008-11-07,56.0000,56.0000,56.0000,56.0000,0
2008-11-10,57.3000,57.3000,57.3000,57.3000,0
2008-11-11,56.4000,56.4000,56.3100,56.3100,0
2008-11-12,56.7000,56.7000,56.7000,56.7000,0
2008-11-13,56.5000,56.5000,56.5000,56.5000,0
2008-11-14,57.0000,57.0000,57.0000,57.0000,0
2008-11-17,57.7000,57.7000,55.1200,55.1200,0
2008-11-18,55.8000,55.8000,55.8000,55.8000,0
2008-11-19,56.0000,56.0000,56.0000,56.0000,3264
2008-11-20,53.5000,53.5000,53.5000,53.5000,0
2008-11-21,50.3600,50.3600,50.3600,50.3600,464
2008-11-24,50.1000,50.1000,50.1000,50.1000,0
2008-11-25,52.7000,52.7000,52.7000,52.7000,0
2008-11-26,52.5000,52.5000,52.5000,52.5000,0
2008-11-27,53.3500,53.3500,53.3500,53.3500,0
2008-11-28,53.0000,53.0000,52.6700,52.6700,1588
2008-12-01,54.4500,54.4500,54.4500,54.4500,2536
2008-12-02,53.4000,53.4000,53.4000,53.4000,0
2008-12-03,52.4000,53.2800,52.4000,53.2800,0
2008-12-04,52.6000,52.6000,52.6000,52.6000,0
2008-12-05,53.3000,53.3000,53.3000,53.3000,0
2008-12-08,55.1000,55.1000,55.1000,55.1000,0
2008-12-09,54.1000,54.1000,54.1000,54.1000,0
2008-12-10,54.0800,54.0800,54.0800,54.0800,480
2008-12-11,53.3000,53.3000,53.3000,53.3000,0
2008-12-12,52.2500,52.2500,52.2500,52.2500,0
2008-12-15,53.0100,53.0100,53.0100,53.0100,0
2008-12-16,50.7000,50.7000,50.7000,50.7000,0
2008-12-17,51.8500,52.5400,51.8500,52.5400,0
2008-12-18,52.5400,52.5400,52.5400,52.5400,0
2008-12-19,51.1200,51.1200,51.1200,51.1200,0
2008-12-22,52.3200,54.0900,52.3200,54.0900,0
2008-12-23,54.0000,54.0000,54.0000,54.0000,0
2008-12-29,53.8000,56.0000,53.8000,54.4800,72
2008-12-30,56.0000,56.0000,56.0000,56.0000,2456
2009-01-02,54.7000,54.7000,54.7000,54.7000,0
2009-01-05,55.8000,55.8000,55.8000,55.8000,0
2009-01-06,56.6000,56.6000,56.6000,56.6000,0
2009-01-07,56.5000,56.5000,56.5000,56.5000,0
2009-01-08,57.1200,57.1200,57.1200,57.1200,0
2009-01-09,57.5600,57.5600,29.1000,29.1000,0
2009-01-12,28.3800,28.3800,28.3800,28.3800,0
2009-01-13,27.5300,27.5300,27.5300,27.5300,0
2009-01-14,28.6500,28.6500,28.6500,28.6500,0
2009-01-15,28.9100,28.9100,28.9100,28.9100,0
2009-01-16,28.9200,28.9200,28.9200,28.9200,80
2009-01-19,28.4500,28.4500,28.4500,28.4500,0
2009-01-20,28.4500,28.4500,28.4500,28.4500,0
2009-01-21,28.4500,28.4500,28.4500,28.4500,0
2009-01-22,28.4500,28.4500,28.4500,28.4500,0
2009-01-23,28.4500,28.4500,28.4500,28.4500,0
2009-01-26,28.4500,28.4500,28.4500,28.4500,0
2009-01-27,28.2100,28.2100,27.8300,28.2100,200
2009-01-28,28.2100,28.2100,28.2100,28.2100,0
2009-01-29,28.2100,28.2100,28.2100,28.2100,0
2009-01-30,28.2100,28.2100,28.2100,28.2100,0
2009-02-02,28.2100,28.2100,28.2100,28.2100,0
2009-02-03,28.2100,28.2100,28.2100,28.2100,0
2009-02-04,28.2100,28.2100,28.2100,28.2100,0
2009-02-05,28.2100,28.2100,28.2100,28.2100,0
2009-02-06,28.2100,28.2100,28.2100,28.2100,0
2009-02-09,28.2100,28.2100,28.2100,28.2100,0
2009-02-10,28.2100,28.2100,28.2100,28.2100,0
2009-02-11,28.2100,28.2100,28.2100,28.2100,0
2009-02-12,28.2100,28.2100,28.2100,28.2100,0
2009-02-13,28.2100,28.2100,28.2100,28.2100,0
2009-02-16,28.2100,28.2100,28.2100,28.2100,0
2009-02-17,28.2100,28.2100,28.2100,28.2100,0
2009-02-18,28.2100,28.2100,28.2100,28.2100,0
2009-02-19,28.2100,28.2100,28.2100,28.2100,0
2009-02-20,28.2100,28.2100,28.2100,28.2100,0
2009-02-23,24.1000,24.1000,23.9200,23.9200,0
2009-02-24,23.9200,23.9200,23.9200,23.9200,0
2009-02-25,23.0700,23.0700,22.5000,22.5000,0
2009-02-26,22.6000,22.6000,22.5000,22.5000,0
2009-02-27,22.4800,22.4800,22.4300,22.4300,200
2009-03-02,22.4300,22.4300,22.4300,22.4300,0
2009-03-03,22.4300,22.4300,22.4300,22.4300,0
2009-03-04,22.4300,22.4300,22.4300,22.4300,0
2009-03-05,21.3600,22.3600,21.3600,21.3600,48
2009-03-06,21.3600,21.3600,21.3600,21.3600,0
2009-03-09,21.3600,21.3600,21.3600,21.3600,0
2009-03-10,21.3600,21.3600,21.3600,21.3600,0
2009-03-11,23.8700,23.9200,23.8700,23.8700,400
2009-03-12,24.0100,24.0100,23.5500,24.0100,142
2009-03-13,24.0100,24.0100,24.0100,24.0100,0
2009-03-16,23.9000,24.1800,23.9000,23.9000,200
2009-03-17,23.9000,23.9000,23.9000,23.9000,0
2009-03-18,23.9000,23.9000,23.9000,23.9000,0
2009-03-19,23.7600,23.7600,23.5000,23.7600,100
2009-03-20,23.7600,23.7600,23.7600,23.7600,0
2009-03-23,23.7600,23.7600,23.7600,23.7600,0
2009-03-24,23.7600,23.7600,23.7600,23.7600,0
2009-03-25,23.7600,23.7600,23.7600,23.7600,0
2009-03-26,23.7600,23.7600,23.7600,23.7600,0
2009-03-27,23.9700,24.6600,23.9700,23.9700,2000
2009-03-30,23.9700,23.9700,23.9700,23.9700,0
2009-03-31,23.9700,23.9700,23.9700,23.9700,0
2009-04-01,23.9700,23.9700,23.9700,23.9700,0
2009-04-02,23.9700,23.9700,23.9700,23.9700,0
2009-04-03,23.9700,23.9700,23.9700,23.9700,0
2009-04-06,23.9700,23.9700,23.9700,23.9700,0
2009-04-07,25.3000,25.3000,24.9700,25.3000,200
2009-04-08,25.3000,25.3000,25.3000,25.3000,0
2009-04-09,25.3000,25.3000,25.3000,25.3000,0
2009-04-14,25.3000,25.3000,25.3000,25.3000,0
2009-04-15,25.3000,25.3000,25.3000,25.3000,0
2009-04-16,25.3000,25.3000,25.3000,25.3000,0
2009-04-17,25.1300,25.2200,25.1300,25.1300,400
2009-04-20,25.1300,25.1300,25.1300,25.1300,0
2009-04-21,25.1300,25.1300,25.1300,25.1300,0
2009-04-22,25.1300,25.1300,25.1300,25.1300,0
2009-04-23,22.3800,22.3800,22.0700,22.3800,200
2009-04-24,22.3800,22.3800,22.3800,22.3800,0
2009-04-27,23.8000,24.8400,23.8000,24.8400,6200
2009-04-28,24.5000,24.8000,23.9500,24.5900,5800
2009-04-29,25.0000,25.0000,24.0000,24.0000,2800
2009-04-30,24.2300,24.2300,23.6900,24.2300,200
2009-05-04,23.9500,23.9500,23.3200,23.9500,200
2009-05-05,23.6300,24.2100,23.6000,23.6300,600
2009-05-06,23.7900,23.7900,23.4800,23.7900,200
2009-05-07,23.7900,23.7900,23.7900,23.7900,0
2009-05-08,23.7900,23.7900,23.7900,23.7900,0
2009-05-11,23.2500,23.7300,23.2500,23.2500,80
2009-05-12,23.2500,23.2500,23.2500,23.2500,0
2009-05-13,23.4500,24.4400,23.4500,23.4500,1400
2009-05-14,23.4500,23.4500,23.4500,23.4500,0
2009-05-15,23.4500,23.4500,23.4500,23.4500,0
2009-05-18,23.4500,23.4500,23.4500,23.4500,0
2009-05-19,24.0900,24.0900,23.1600,24.0900,200
2009-05-20,24.0400,24.0400,23.4300,24.0400,36
2009-05-21,23.9000,23.9000,23.4900,23.4900,0
2009-05-22,23.9900,23.9900,23.2600,23.5000,400
2009-05-25,23.9500,23.9500,23.5000,23.9500,120
2009-05-26,24.2400,24.2400,24.1300,24.2400,800
2009-05-27,23.9700,23.9700,23.5200,23.9700,40
2009-05-28,23.9700,23.9700,23.9700,23.9700,0
2009-05-29,23.9700,23.9700,23.9700,23.9700,0
2009-06-01,24.0700,24.2600,24.0700,24.2600,0
2009-06-02,24.2700,24.2700,23.2700,23.2700,0
2009-06-03,23.2700,23.2700,23.2700,23.2700,0
2009-06-04,23.2700,23.2700,23.2700,23.2700,0
2009-06-05,23.2700,23.2700,23.2700,23.2700,0
2009-06-08,23.2700,23.2700,23.2700,23.2700,0
2009-06-09,23.5900,23.6000,23.5900,23.6000,0
2009-06-10,23.4800,23.4800,23.2800,23.2800,0
2009-06-11,23.2000,23.2000,23.2000,23.2000,100
2009-06-12,24.2100,24.7700,24.2100,24.6800,0
2009-06-15,24.1100,24.2000,24.1100,24.2000,0
2009-06-16,24.2000,24.2000,24.2000,24.2000,0
2009-06-17,24.2000,24.2000,24.2000,24.2000,0
2009-06-18,24.2000,24.2000,24.2000,24.2000,0
2009-06-19,24.2000,24.2000,24.2000,24.2000,0
2009-06-22,24.2000,24.2000,24.2000,24.2000,0
2009-06-23,24.2000,24.2000,24.2000,24.2000,0
2009-06-24,24.0000,24.0000,23.6800,23.6800,0
2009-06-25,23.6800,23.6800,23.6800,23.6800,0
2009-06-26,23.6800,23.6800,23.6800,23.6800,0
2009-06-29,24.1500,24.1500,24.1500,24.1500,800
2009-06-30,24.1500,24.1500,24.1500,24.1500,0
2009-07-01,24.4000,24.9100,24.4000,24.9100,0
2009-07-02,24.9100,24.9100,24.9100,24.9100,0
2009-07-03,24.4000,24.7600,24.4000,24.7600,0
2009-07-06,24.7600,24.7600,24.7600,24.7600,0
2009-07-07,24.7600,24.7600,24.7600,24.7600,0
2009-07-08,24.6400,24.6400,24.2200,24.2200,0
2009-07-09,24.2200,24.2200,24.2200,24.2200,0
2009-07-10,24.3500,24.3500,23.7800,23.7800,0
2009-07-13,23.7800,23.7800,23.7800,23.7800,0
2009-07-14,23.7800,23.7800,23.7800,23.7800,0
2009-07-15,23.7800,23.7800,23.7800,23.7800,0
2009-07-16,24.4300,24.4400,24.4300,24.4400,0
2009-07-17,25.1300,25.1300,25.1300,25.1300,150
2009-07-20,25.1300,25.1300,25.1300,25.1300,0
2009-07-21,25.1300,25.1300,25.1300,25.1300,0
2009-07-22,25.3100,25.3100,25.2900,25.2900,0
2009-07-23,26.4400,26.4400,26.3200,26.3200,0
2009-07-24,26.4000,26.4000,26.3700,26.3700,490
2009-07-27,26.5000,26.7300,26.5000,26.7300,0
2009-07-28,27.1000,27.7100,27.1000,27.5600,600
2009-07-29,27.4100,27.7000,27.2000,27.2000,0
2009-07-30,27.2000,27.2000,27.2000,27.2000,0
2009-07-31,27.2000,27.2000,27.2000,27.2000,0
2009-08-03,27.2000,27.2000,27.2000,27.2000,0
2009-08-04,27.2000,27.2000,27.2000,27.2000,0
2009-08-05,27.2000,27.2000,27.2000,27.2000,0
2009-08-06,27.2000,27.2000,27.2000,27.2000,0
2009-08-07,27.2000,27.2000,27.2000,27.2000,0
2009-08-10,27.2000,27.2000,27.2000,27.2000,0
2009-08-11,27.2000,27.2000,27.2000,27.2000,0
2009-08-12,27.2000,27.2000,27.2000,27.2000,0
2009-08-13,27.0400,27.3800,27.0400,27.3800,0
2009-08-14,27.3800,27.3800,27.3800,27.3800,0
2009-08-17,27.0400,27.0400,26.8000,26.8000,190
2009-08-18,27.2300,27.3300,27.2300,27.3300,0
2009-08-19,27.3300,27.3300,27.3300,27.3300,0
2009-08-20,27.3300,27.3300,27.3300,27.3300,0
2009-08-21,27.3300,27.3300,27.3300,27.3300,0
2009-08-24,27.3300,27.3300,27.3300,27.3300,0
2009-08-25,27.3300,27.3300,27.3300,27.3300,0
2009-08-26,27.7200,28.0100,27.7200,27.7400,0
2009-08-27,27.7400,27.7400,27.7400,27.7400,0
2009-08-28,27.8200,27.8300,27.5400,27.8300,0
2009-08-31,27.8300,27.8300,27.8300,27.8300,0
2009-09-01,27.8300,27.8300,27.8300,27.8300,0
2009-09-02,27.8300,27.8300,27.8300,27.8300,0
2009-09-03,27.5600,27.6200,27.5600,27.6200,0
2009-09-04,27.2000,27.2000,26.7200,26.7200,0
2009-09-07,26.7200,26.7200,26.7200,26.7200,0
2009-09-08,26.7200,26.7200,26.7200,26.7200,0
2009-09-09,26.7200,26.7200,26.7200,26.7200,0
2009-09-10,26.7200,26.7200,26.7200,26.7200,0
2009-09-11,26.7200,26.7200,26.7200,26.7200,0
2009-09-14,26.7200,26.7200,26.7200,26.7200,0
2009-09-15,27.2500,27.2500,27.1900,27.1900,0
2009-09-16,27.0000,27.4500,27.0000,27.4500,0
2009-09-17,27.2000,27.2000,27.2000,27.2000,400
2009-09-18,27.2000,27.2000,27.2000,27.2000,0
2009-09-21,27.2000,27.2000,27.2000,27.2000,0
2009-09-22,27.2000,27.2000,27.2000,27.2000,0
2009-09-23,27.2000,27.2000,27.2000,27.2000,0
2009-09-24,27.2000,27.2000,27.2000,27.2000,0
2009-09-25,27.2000,27.2000,27.2000,27.2000,0
2009-09-28,27.3200,28.0400,27.3200,28.0400,0
2009-09-29,28.0400,28.0400,28.0400,28.0400,0
2009-09-30,27.9200,27.9200,27.6900,27.6900,0
2009-10-01,27.6900,27.6900,27.6900,27.6900,0
2009-10-02,27.3800,27.3800,27.1100,27.1100,0
2009-10-05,27.1100,27.1100,27.1100,27.1100,0
2009-10-06,27.2500,27.2500,27.1600,27.1600,0
2009-10-07,27.1600,27.1600,27.1600,27.1600,0
2009-10-08,27.1600,27.1600,27.1600,27.1600,0
2009-10-09,27.3400,27.3600,27.3400,27.3600,0
2009-10-12,27.3600,27.3600,27.3600,27.3600,0
2009-10-13,27.3600,27.3600,27.3600,27.3600,0
2009-10-14,27.3600,27.3600,27.3600,27.3600,0
2009-10-15,28.2700,28.2700,28.0100,28.0100,1002
2009-10-16,27.4100,27.4100,27.3300,27.3300,200
2009-10-19,27.3300,27.3300,27.3300,27.3300,0
2009-10-20,27.3300,27.3300,27.3300,27.3300,0
2009-10-21,27.3300,27.3300,27.3300,27.3300,0
2009-10-22,27.3300,27.3300,27.3300,27.3300,0
2009-10-23,27.3300,27.3300,27.3300,27.3300,0
2009-10-26,27.3300,27.3300,27.3300,27.3300,0
2009-10-27,27.3300,27.3300,27.3300,27.3300,0
2009-10-28,27.3300,27.3300,27.3300,27.3300,0
2009-10-29,27.3300,27.3300,27.3300,27.3300,0
2009-10-30,27.2500,27.2800,27.1000,27.1000,100
2009-11-02,27.1000,27.1000,27.1000,27.1000,0
2009-11-03,27.1000,27.1000,27.1000,27.1000,0
2009-11-04,27.1000,27.1000,27.1000,27.1000,0
2009-11-05,26.4300,26.5000,26.4300,26.5000,0
2009-11-06,26.5000,26.5000,26.5000,26.5000,0
2009-11-09,26.5000,26.5000,26.5000,26.5000,0
2009-11-10,26.5000,26.5000,26.5000,26.5000,0
2009-11-11,27.1200,27.1500,27.1200,27.1200,370
2009-11-12,27.1200,27.1200,27.1200,27.1200,0
2009-11-13,26.7700,26.7700,26.7000,26.7000,0
2009-11-16,26.7000,26.7000,26.7000,26.7000,0
2009-11-17,26.7000,26.7000,26.7000,26.7000,0
2009-11-18,26.7000,26.7000,26.7000,26.7000,0
2009-11-19,26.7000,26.7000,26.7000,26.7000,0
2009-11-20,26.7000,26.7000,26.7000,26.7000,0
2009-11-23,27.3000,27.4500,27.2500,27.4300,110
2009-11-24,27.4300,27.4300,27.4300,27.4300,0
2009-11-25,27.8100,27.8100,27.7800,27.7800,2152
2009-11-26,27.7800,27.7800,27.7800,27.7800,0
2009-11-27,27.7800,27.7800,27.7800,27.7800,0
2009-11-30,27.7800,27.7800,27.7800,27.7800,0
2009-12-01,27.7800,27.7800,27.7800,27.7800,0
2009-12-02,27.5200,27.5200,27.5000,27.5000,0
2009-12-03,27.5000,27.5000,27.5000,27.5000,0
2009-12-04,27.5000,27.5000,27.5000,27.5000,0
2009-12-07,27.8700,27.8700,27.7800,27.7800,0
2009-12-08,27.7800,27.7800,27.7800,27.7800,0
2009-12-09,27.7800,27.7800,27.7800,27.7800,0
2009-12-10,27.7800,27.7800,27.7800,27.7800,0
2009-12-11,27.7800,27.7800,27.7800,27.7800,0
2009-12-14,27.7800,27.7800,27.7800,27.7800,0
2009-12-15,27.7800,27.7800,27.7800,27.7800,0
2009-12-16,28.0000,28.1200,28.0000,28.1200,940
2009-12-17,29.0900,29.0900,29.0000,29.0000,400
2009-12-18,29.0000,29.0000,29.0000,29.0000,0
2009-12-21,29.4000,29.4000,29.4000,29.4000,200
2009-12-22,29.4000,29.4000,29.4000,29.4000,0
2009-12-23,29.4000,29.4000,29.4000,29.4000,0
2009-12-28,29.6700,29.7000,29.6700,29.7000,1600
2009-12-29,29.7800,29.7800,29.7000,29.7000,40
2009-12-30,29.7000,29.7000,29.7000,29.7000,0
2010-01-04,29.7000,29.7000,29.7000,29.7000,0
2010-01-05,29.7000,29.7000,29.7000,29.7000,0
2010-01-06,29.9700,30.1800,29.9700,30.1800,50
2010-01-07,30.1800,30.1800,30.1800,30.1800,0
2010-01-08,29.8900,30.2600,29.8900,30.2300,920
2010-01-11,30.2300,30.2300,30.2300,30.2300,0
2010-01-12,30.1600,30.1600,30.0000,30.0000,400
2010-01-13,29.8700,29.8700,29.8700,29.8700,0
2010-01-14,30.2500,30.8200,30.2500,30.8200,8
2010-01-15,30.8300,30.9000,30.8300,30.9000,7200
2010-01-18,31.1000,31.1000,31.1000,31.1000,0
2010-01-19,30.8500,30.8500,30.7700,30.7700,70
2010-01-20,31.2600,31.2600,31.2600,31.2600,0
2010-01-21,31.5200,31.5200,31.5200,31.5200,0
2010-01-22,31.1900,31.1900,31.1900,31.1900,0
2010-01-25,30.9200,30.9200,30.9200,30.9200,0
2010-01-26,30.5300,30.5300,30.3800,30.3800,302
2010-01-27,30.8700,30.8700,30.8700,30.8700,0
2010-01-28,31.1200,31.1200,31.1200,31.1200,0
2010-01-29,30.7000,30.7000,30.7000,30.7000,0
2010-02-01,30.0300,30.0300,30.0300,30.0300,0
2010-02-02,30.3200,30.3200,30.3200,30.3200,0
2010-02-03,29.5900,29.5900,29.5900,29.5900,0
2010-02-04,30.1200,30.1200,30.1200,30.1200,0
2010-02-05,29.6600,29.6600,29.6600,29.6600,0
2010-02-08,28.8100,28.8100,28.8100,28.8100,0
2010-02-09,29.9500,29.9500,29.9500,29.9500,0
2010-02-10,29.9000,29.9000,29.9000,29.9000,0
2010-02-11,29.7700,29.7700,29.7700,29.7700,0
2010-02-12,30.4000,30.4000,30.4000,30.4000,0
2010-02-15,30.3900,30.3900,30.3900,30.3900,0
2010-02-16,30.4600,30.4600,30.4600,30.4600,0
2010-02-17,30.3400,30.3400,30.3400,30.3400,0
2010-02-18,30.8200,30.8200,30.8200,30.8200,0
2010-02-19,30.6400,30.6400,30.6400,30.6400,0
2010-02-22,31.2300,31.2300,31.2300,31.2300,0
2010-02-23,30.2900,30.2900,30.2900,30.2900,0
2010-02-24,30.5300,30.5300,30.5300,30.5300,0
2010-02-25,30.5400,30.5400,30.5400,30.5400,0
2010-02-26,30.4400,30.4400,30.4400,30.4400,0
2010-03-01,30.8400,30.8400,30.8400,30.8400,0
2010-03-02,31.0200,31.0200,31.0200,31.0200,0
2010-03-03,31.3800,31.3800,31.3800,31.3800,0
2010-03-04,31.0000,31.0000,30.4500,30.4500,1002
2010-03-05,30.3000,30.3000,30.3000,30.3000,0
2010-03-08,30.2600,30.2600,30.2600,30.2600,0
2010-03-09,30.5200,31.0000,30.5200,31.0000,58
2010-03-10,30.5000,30.7400,30.5000,30.7400,62
2010-03-11,30.5000,30.5000,30.5000,30.5000,0
2010-03-12,30.2000,30.2000,30.2000,30.2000,0
2010-03-15,29.8000,29.8000,29.8000,29.8000,0
2010-03-16,29.8000,29.8000,29.8000,29.8000,0
2010-03-17,29.9000,29.9000,29.9000,29.9000,0
2010-03-18,29.8100,29.8100,29.8100,29.8100,0
2010-03-19,29.9700,29.9700,29.9700,29.9700,0
2010-03-22,30.0400,30.0400,30.0100,30.0100,400
2010-03-23,30.3500,30.3500,30.3500,30.3500,0
2010-03-24,30.1500,30.1500,30.1500,30.1500,0
2010-03-25,30.0000,30.0000,30.0000,30.0000,0
2010-03-26,29.7800,29.7800,29.7800,29.7800,0
2010-03-29,29.2900,29.2900,29.2900,29.2900,0
2010-03-30,29.5400,29.5400,29.5400,29.5400,0
2010-03-31,29.5000,29.5000,29.5000,29.5000,0
2010-04-01,29.6800,30.5500,29.6800,30.5500,32
2010-04-06,29.4700,29.4700,29.4700,29.4700,0
2010-04-07,29.7200,29.7200,29.7200,29.7200,0
2010-04-08,29.8100,29.8100,29.8100,29.8100,0
2010-04-09,29.6100,29.6100,29.6100,29.6100,0
2010-04-12,29.7700,30.2600,29.7700,30.2600,600
2010-04-13,29.6700,29.6700,29.6700,29.6700,0
2010-04-14,29.7800,29.7800,29.7800,29.7800,0
2010-04-15,30.1800,30.1800,30.1800,30.1800,0
2010-04-16,31.8000,31.8000,31.8000,31.8000,300
2010-04-19,30.2300,30.2300,30.2200,30.2200,820
2010-04-20,30.2500,30.2500,30.2500,30.2500,0
2010-04-21,30.2000,30.2000,30.2000,30.2000,0
2010-04-22,30.1100,30.1100,30.1100,30.1100,0
2010-04-23,29.7900,29.7900,29.7900,29.7900,0
2010-04-26,30.0600,30.0600,30.0600,30.0600,0
2010-04-27,29.5500,29.5500,29.5500,29.5500,0
2010-04-28,29.0400,29.0400,29.0400,29.0400,0
2010-04-29,29.1600,29.2700,29.1600,29.2700,246
2010-04-30,29.1900,29.1900,29.1900,29.1900,0
2010-05-03,29.0700,29.0700,29.0700,29.0700,0
2010-05-04,28.9300,29.5600,28.9300,29.0900,100
2010-05-05,28.4700,28.4700,28.4700,28.4700,0
2010-05-06,28.4900,28.7300,28.4900,28.7300,112
2010-05-07,28.5500,28.5500,28.5500,28.5500,0
2010-05-10,28.3000,28.3000,28.3000,28.3000,0
2010-05-11,28.7300,28.7300,28.7300,28.7300,0
2010-05-12,28.9800,28.9800,28.9800,28.9800,0
2010-05-13,28.9000,28.9000,28.9000,28.9000,0
2010-05-14,29.1900,29.1900,29.1900,29.1900,0
2010-05-17,29.3100,29.3100,29.3100,29.3100,68
2010-05-18,28.9100,28.9100,28.9100,28.9100,0
2010-05-19,28.6600,29.3600,28.6600,29.3600,600
2010-05-20,28.3000,28.3000,28.3000,28.3000,0
2010-05-21,27.1700,27.1700,27.1700,27.1700,0
2010-05-24,27.1700,27.1700,27.1700,27.1700,0
2010-05-25,26.5000,26.5000,26.5000,26.5000,0
2010-05-26,26.6100,26.6100,26.6100,26.6100,0
2010-05-27,27.1500,27.1500,27.1500,27.1500,0
2010-05-28,27.4000,27.4000,27.4000,27.4000,0
2010-05-31,27.5500,27.5500,27.5500,27.5500,0
2010-06-01,27.7000,27.7000,27.7000,27.7000,0
2010-06-02,28.3000,28.5000,28.3000,28.3000,18
2010-06-03,28.6200,28.6200,28.6200,28.6200,0
2010-06-04,29.1600,29.1600,29.1600,29.1600,0
2010-06-07,29.3000,29.3000,29.3000,29.3000,1000
2010-06-08,28.4800,28.4800,28.4800,28.4800,0
2010-06-09,28.3300,28.3300,28.3300,28.3300,0
2010-06-10,28.1900,28.1900,28.1900,28.1900,0
2010-06-11,28.0900,28.0900,28.0900,28.0900,0
2010-06-14,27.5600,27.5600,27.5600,27.5600,0
2010-06-15,27.4100,27.4100,27.4100,27.4100,0
2010-06-16,27.7700,27.7700,27.7700,27.7700,0
2010-06-17,28.2700,28.2700,28.2700,28.2700,0
2010-06-18,27.8100,28.6400,27.8100,28.6400,8
2010-06-21,27.9700,27.9700,27.9700,27.9700,0
2010-06-22,28.0200,28.0200,28.0200,28.0200,0
2010-06-23,28.0500,28.0500,28.0500,28.0500,0
2010-06-24,28.1300,28.1300,28.1300,28.1300,0
2010-06-25,28.1100,28.1100,28.1100,28.1100,0
2010-06-28,28.2100,28.2100,28.2100,28.2100,0
2010-06-29,28.6000,28.6000,28.6000,28.6000,0
2010-06-30,27.7800,27.7800,27.7800,27.7800,0
2010-07-01,27.9500,28.3300,27.9500,28.3300,600
2010-07-02,27.6500,27.6500,27.6500,27.6500,0
2010-07-05,27.1400,27.1400,27.1400,27.1400,0
2010-07-06,26.7600,26.7600,26.7600,26.7600,0
2010-07-07,27.3000,27.3000,27.3000,27.3000,0
2010-07-08,27.6500,27.6500,27.6500,27.6500,0
2010-07-09,27.4900,27.4900,27.4900,27.4900,0
2010-07-12,27.8300,28.3400,27.8300,28.3400,1420
2010-07-13,27.7600,27.7600,27.7600,27.7600,0
2010-07-14,27.2500,27.2500,27.2500,27.2500,0
2010-07-15,27.5700,27.5700,27.5700,27.5700,0
2010-07-16,27.4700,27.4700,26.7000,26.7000,1420
2010-07-19,26.1500,26.1500,26.1500,26.1500,0
2010-07-20,25.9400,25.9400,25.9400,25.9400,0
2010-07-21,25.1100,25.1100,25.1100,25.1100,0
2010-07-22,25.1600,25.1600,25.1600,25.1600,0
2010-07-23,25.2700,25.2700,25.2700,25.2700,0
2010-07-26,25.0000,25.0000,25.0000,25.0000,100
2010-07-27,24.4200,24.4200,24.4200,24.4200,0
2010-07-28,24.4500,24.4500,24.4500,24.4500,0
2010-07-29,24.7800,24.7800,24.7800,24.7800,0
2010-07-30,24.5900,24.5900,24.5900,24.5900,0
2010-08-02,24.5700,24.5700,24.5700,24.5700,0
2010-08-03,24.6500,24.6500,24.6500,24.6500,0
2010-08-04,24.8100,24.8100,24.8100,24.8100,0
2010-08-05,25.0200,25.0200,25.0200,25.0200,0
2010-08-06,25.2300,26.1000,25.2300,26.1000,100
2010-08-09,25.4000,25.4000,25.4000,25.4000,0
2010-08-10,25.3700,25.3700,25.3700,25.3700,0
2010-08-11,25.5900,25.5900,25.5900,25.5900,0
2010-08-12,25.6800,25.6800,25.6800,25.6800,0
2010-08-13,26.1000,26.1000,26.1000,26.1000,0
2010-08-16,26.3000,26.3000,26.3000,26.3000,0
2010-08-17,26.2600,26.2600,26.2600,26.2600,0
2010-08-18,26.2500,26.2500,26.2500,26.2500,0
2010-08-19,26.5500,26.5500,26.5500,26.5500,0
2010-08-20,26.3100,26.3100,26.3100,26.3100,0
2010-08-23,26.2100,26.2100,26.2100,26.2100,0
2010-08-24,25.8600,25.8600,25.8600,25.8600,0
2010-08-25,25.9600,25.9600,25.9600,25.9600,0
2010-08-26,25.8100,25.8100,25.8100,25.8100,0
2010-08-27,25.8100,25.8100,25.8100,25.8100,0
2010-08-30,26.0100,26.8700,26.0100,26.8700,200
2010-08-31,26.1300,26.1300,26.1300,26.1300,0
2010-09-01,26.3100,26.3100,26.3100,26.3100,0
2010-09-02,26.6000,26.6000,26.6000,26.6000,0
2010-09-03,26.6800,27.4800,26.6800,27.4800,148
2010-09-06,26.7200,26.7200,26.7200,26.7200,0
2010-09-07,27.2400,27.2400,27.2400,27.2400,0
2010-09-08,27.6000,27.6000,27.5400,27.5400,0
2010-09-09,27.5000,27.5000,27.5000,27.5000,0
2010-09-10,27.4200,27.4200,27.4200,27.4200,0
2010-09-13,27.6500,27.6500,27.6500,27.6500,0
2010-09-14,27.2500,27.2500,27.2500,27.2500,0
2010-09-15,27.0000,27.0000,27.0000,27.0000,0
2010-09-16,26.4500,26.4500,26.4500,26.4500,0
2010-09-17,25.6600,25.6600,25.6600,25.6600,0
2010-09-20,25.7500,25.7500,25.7500,25.7500,0
2010-09-21,25.7800,25.7800,25.7800,25.7800,0
2010-09-22,25.7900,25.7900,25.7900,25.7900,0
2010-09-23,25.5000,25.5000,25.5000,25.5000,0
2010-09-24,25.4100,25.4100,25.3300,25.3300,180
2010-09-27,24.8000,24.8000,24.8000,24.8000,0
2010-09-28,24.3400,24.3400,24.3400,24.3400,0
2010-09-29,24.2200,24.2200,24.2200,24.2200,0
2010-09-30,24.4100,24.4100,24.4100,24.4100,0
2010-10-01,25.0000,25.0000,25.0000,25.0000,0
2010-10-04,24.8300,24.8300,24.8300,24.8300,0
2010-10-05,24.9100,24.9100,24.9100,24.9100,0
2010-10-06,25.3000,25.3000,25.3000,25.3000,0
2010-10-07,25.6500,25.6500,25.6500,25.6500,0
2010-10-08,25.4100,25.4100,25.3400,25.3400,200
2010-10-11,25.7100,26.0000,25.7100,26.0000,400
2010-10-12,25.3900,25.3900,25.3600,25.3600,240
2010-10-13,25.3000,25.3000,25.3000,25.3000,0
2010-10-14,26.1000,26.1000,26.0000,26.0000,1100
2010-10-15,25.3400,25.3400,25.3400,25.3400,0
2010-10-18,26.5700,26.5700,26.5700,26.5700,200
2010-10-19,26.4000,26.4000,26.4000,26.4000,0
2010-10-20,26.5400,27.3400,26.5400,27.3400,120
2010-10-21,26.3200,26.7000,26.3200,26.7000,360
2010-10-22,26.0500,26.7300,26.0500,26.7300,1000
2010-10-25,26.1000,26.1000,26.1000,26.1000,0
2010-10-26,26.1000,26.1000,26.1000,26.1000,0
2010-10-27,26.0000,26.0000,26.0000,26.0000,0
2010-10-28,26.2900,26.5000,26.2900,26.5000,0
2010-10-29,26.5000,26.5000,26.5000,26.5000,0
2010-11-01,26.5000,26.5000,26.5000,26.5000,0
2010-11-02,26.5000,26.5000,26.5000,26.5000,0
2010-11-03,26.5000,26.5000,26.5000,26.5000,0
2010-11-04,26.5000,26.5000,26.5000,26.5000,0
2010-11-05,26.5000,26.5000,26.5000,26.5000,0
2010-11-08,26.5000,26.5000,26.5000,26.5000,0
2010-11-09,26.5000,26.5000,26.5000,26.5000,0
2010-11-10,26.5000,26.5000,26.5000,26.5000,0
2010-11-11,26.5000,26.5500,26.5000,26.5500,98
2010-11-12,26.5000,26.5500,26.5000,26.5500,100
2010-11-15,26.5000,26.5000,26.5000,26.5000,228
2010-11-16,26.3000,26.3000,26.3000,26.3000,0
2010-11-17,26.3700,26.3700,26.3700,26.3700,0
2010-11-18,26.6900,26.6900,26.6900,26.6900,0
2010-11-19,26.8000,26.8000,26.7500,26.7500,800
2010-11-22,27.1600,27.1600,27.1600,27.1600,400
2010-11-23,26.1800,26.1800,26.1800,26.1800,0
2010-11-24,26.1000,26.1000,26.1000,26.1000,0
2010-11-25,26.6000,26.6000,26.6000,26.6000,0
2010-11-26,25.9300,26.6600,25.9300,26.6600,300
2010-11-29,26.1800,26.1800,26.1800,26.1800,0
2010-11-30,26.1600,26.1600,26.1600,26.1600,0
2010-12-01,26.3000,26.4100,26.3000,26.4100,1000
2010-12-02,25.8800,26.3500,25.8800,26.3500,1000
2010-12-03,26.1400,26.1400,26.1400,26.1400,0
2010-12-06,26.3000,26.3000,26.3000,26.3000,0
2010-12-07,25.7400,25.7400,25.7400,25.7400,0
2010-12-08,26.0500,26.0500,26.0500,26.0500,0
2010-12-09,26.8100,26.8100,26.8100,26.8100,0
2010-12-10,26.9800,27.3000,26.9800,27.3000,800
2010-12-13,26.8800,27.5000,26.8800,27.5000,228
2010-12-14,26.9800,26.9800,26.9800,26.9800,0
2010-12-15,27.2900,27.2900,27.2900,27.2900,0
2010-12-16,27.3400,27.3400,27.3400,27.3400,0
2010-12-17,27.2700,27.2700,27.0200,27.0200,480
2010-12-20,26.9500,26.9500,26.9500,26.9500,0
2010-12-21,27.0300,27.0300,27.0300,27.0300,0
2010-12-22,27.4000,27.6800,27.4000,27.6800,198
2010-12-23,27.3900,27.3900,27.3900,27.3900,0
2010-12-27,27.4000,27.4000,27.4000,27.4000,0
2010-12-28,27.4500,27.4500,27.4500,27.4500,224
2010-12-29,27.7100,27.7100,27.7100,27.7100,0
2010-12-30,27.7200,27.7200,27.7200,27.7200,0
2011-01-03,27.4500,27.4500,27.4500,27.4500,0
2011-01-04,27.0800,27.0800,27.0800,27.0800,0
2011-01-05,27.0300,27.1800,27.0300,27.1800,1800
2011-01-06,26.9400,26.9400,26.9400,26.9400,0
2011-01-07,27.1800,27.1800,27.1800,27.1800,0
2011-01-10,27.0600,27.0600,27.0600,27.0600,0
2011-01-11,26.5800,26.5800,26.5800,26.5800,0
2011-01-12,26.4800,26.4800,26.4800,26.4800,0
2011-01-13,26.7400,26.7400,26.7400,26.7400,0
2011-01-14,26.2300,26.2300,26.2300,26.2300,0
2011-01-17,27.0000,27.0000,27.0000,27.0000,224
2011-01-18,27.3100,27.3100,27.3100,27.3100,0
2011-01-19,27.1900,27.1900,27.1900,27.1900,0
2011-01-20,27.2600,27.2600,27.2600,27.2600,0
2011-01-21,27.1000,27.1000,27.1000,27.1000,224
2011-01-24,27.1000,27.1000,27.1000,27.1000,0
2011-01-25,27.6400,27.6400,27.6400,27.6400,0
2011-01-26,27.7900,27.7900,27.7900,27.7900,0
2011-01-27,28.0000,28.0000,28.0000,28.0000,0
2011-01-28,27.6400,27.6400,27.6400,27.6400,0
2011-01-31,27.9000,27.9000,27.9000,27.9000,0
2011-02-01,27.6200,27.6200,27.5400,27.5400,120
2011-02-02,27.1200,27.1200,27.1200,27.1200,0
2011-02-03,27.2900,27.2900,27.2900,27.2900,0
2011-02-04,27.3500,27.3500,27.3500,27.3500,0
2011-02-07,27.0100,27.3400,27.0100,27.3400,364
2011-02-08,26.9500,26.9500,26.9500,26.9500,0
2011-02-09,26.7200,26.7200,26.7200,26.7200,0
2011-02-10,26.5300,26.5300,26.5300,26.5300,0
2011-02-11,26.5700,26.5700,26.5700,26.5700,0
2011-02-14,26.8000,26.8000,26.8000,26.8000,0
2011-02-15,26.5000,26.5000,26.5000,26.5000,0
2011-02-16,26.5800,26.8400,26.5800,26.8400,200
2011-02-17,26.8900,26.8900,26.8900,26.8900,0
2011-02-18,26.7200,26.7200,26.7200,26.7200,0
2011-02-21,26.5600,26.9000,26.5600,26.6700,5000
2011-02-22,26.8000,27.0000,26.6000,26.6000,106
2011-02-23,26.4200,26.4200,26.4200,26.4200,0
2011-02-24,26.8400,26.8400,26.8400,26.8400,0
2011-02-25,26.5600,26.9800,26.5600,26.9800,74
2011-02-28,26.7100,26.7100,26.7100,26.7100,0
2011-03-01,27.2500,27.2500,27.2500,27.2500,0
2011-03-02,27.0700,27.0700,27.0700,27.0700,0
2011-03-03,25.8000,25.9900,25.8000,25.9900,100
2011-03-04,25.6700,25.6700,25.6700,25.6700,0
2011-03-07,25.5600,25.5600,25.5600,25.5600,0
2011-03-08,25.3200,25.3200,25.3200,25.3200,0
2011-03-09,25.2600,25.7400,25.2600,25.7400,1000
2011-03-10,25.3500,25.6400,25.3500,25.6400,300
2011-03-11,25.3500,25.3500,25.3500,25.3500,0
2011-03-14,25.1700,25.1700,25.1700,25.1700,0
2011-03-15,25.1100,25.1100,24.7300,24.7400,470
2011-03-16,24.5800,24.5800,24.5800,24.5800,0
2011-03-17,24.6800,24.6800,24.6800,24.6800,0
2011-03-18,24.5200,24.5200,24.4900,24.4900,364
2011-03-21,24.7500,24.7500,24.7500,24.7500,0
2011-03-22,24.8600,24.9800,24.8600,24.9800,90
2011-03-23,25.0600,25.0600,25.0600,25.0600,0
2011-03-24,25.1200,25.1200,25.1200,25.1200,0
2011-03-25,25.1700,25.1700,25.1700,25.1700,0
2011-03-28,25.2000,25.4400,25.2000,25.4400,350
2011-03-29,25.0500,25.0500,25.0500,25.0500,0
2011-03-30,25.0000,25.0000,25.0000,25.0000,0
2011-03-31,25.5000,25.5000,25.4700,25.4700,600
2011-04-01,25.1500,25.1500,25.1500,25.1500,0
2011-04-04,25.3000,25.3000,25.3000,25.3000,0
2011-04-05,25.2500,25.2500,25.2500,25.2500,0
2011-04-06,25.1000,25.1000,25.1000,25.1000,0
2011-04-07,25.2800,25.2800,25.2800,25.2800,0
2011-04-08,25.3300,25.4000,25.3300,25.4000,0
2011-04-11,25.3500,25.3500,25.2600,25.2600,0
2011-04-12,25.5500,25.5500,25.5500,25.5500,0
2011-04-13,25.5600,25.5600,25.5600,25.5600,0
2011-04-14,25.3200,25.3200,25.3200,25.3200,0
2011-04-15,25.5700,25.5700,25.5700,25.5700,0
2011-04-18,25.7300,25.8500,25.7300,25.8500,600
2011-04-19,25.7300,25.7300,25.7300,25.7300,0
2011-04-20,25.8000,25.8000,25.8000,25.8000,0
2011-04-21,26.2500,26.2500,26.2500,26.2500,0
2011-04-26,26.2900,26.2900,26.2900,26.2900,0
2011-04-27,26.3600,26.3600,26.3600,26.3600,0
2011-04-28,26.3500,26.3500,26.3500,26.3500,0
2011-04-29,26.7500,27.3500,26.7500,27.3500,290
2011-05-02,27.5400,27.7200,27.5000,27.7200,1298
2011-05-03,27.8300,27.9100,27.6700,27.9100,210
2011-05-04,27.7500,28.1100,27.7500,28.1100,76
2011-05-05,27.6600,27.6600,27.6600,27.6600,0
2011-05-06,27.9900,28.6200,27.9900,28.6200,40
2011-05-09,28.6500,28.6500,28.6500,28.6500,0
2011-05-10,28.7000,28.7000,28.7000,28.7000,0
2011-05-11,28.7900,28.7900,28.7900,28.7900,0
2011-05-12,29.0000,29.0000,29.0000,29.0000,0
2011-05-13,29.3500,29.3500,29.3500,29.3500,0
2011-05-16,29.6400,29.6400,29.6400,29.6400,0
2011-05-17,30.1500,30.1500,29.6900,29.6900,1470
2011-05-18,29.4200,29.4200,29.4200,29.4200,0
2011-05-19,29.8200,29.8200,29.8200,29.8200,0
2011-05-20,29.6600,29.6600,29.6600,29.6600,0
2011-05-23,29.7500,29.7500,29.7500,29.7500,0
2011-05-24,29.4600,29.4600,29.4600,29.4600,0
2011-05-25,29.6100,29.6100,29.6100,29.6100,0
2011-05-26,29.9300,29.9300,29.9300,29.9300,0
2011-05-27,30.3700,30.3700,30.3700,30.3700,0
2011-05-30,30.4400,30.6600,30.4400,30.6600,200
2011-05-31,30.2300,30.2300,30.2300,30.2300,0
2011-06-01,30.3000,30.5000,30.3000,30.5000,700
2011-06-02,30.4400,30.4400,30.4400,30.4400,0
2011-06-03,30.1800,30.1800,29.9900,29.9900,400
2011-06-06,30.0500,30.0500,30.0500,30.0500,0
2011-06-07,29.6100,29.6100,29.6100,29.6100,0
2011-06-08,29.3600,29.5300,29.3600,29.5300,46
2011-06-09,29.0700,29.1400,29.0700,29.1400,0
2011-06-10,29.1800,29.1800,29.0300,29.0300,0
2011-06-13,28.9300,29.1600,28.9300,29.1600,100
2011-06-14,28.9500,29.0300,28.9500,29.0300,0
2011-06-15,29.0800,29.0800,29.0800,29.0800,0
2011-06-16,28.7200,28.7200,28.7200,28.7200,0
2011-06-17,28.8500,28.8500,28.7900,28.7900,0
2011-06-20,28.7600,28.7600,28.7600,28.7600,0
2011-06-21,28.5000,28.6300,28.5000,28.6300,0
2011-06-22,28.8400,28.8400,28.8400,28.8400,0
2011-06-23,28.6200,28.6200,28.6200,28.6200,62
2011-06-24,28.5900,28.5900,28.5900,28.5900,0
2011-06-27,28.5000,28.8500,28.5000,28.8500,1000
2011-06-28,29.0800,29.1400,29.0800,29.1400,204
2011-06-29,28.8400,28.8400,28.8400,28.8400,0
2011-06-30,29.0000,29.0000,28.6800,28.6800,266
2011-07-01,28.9100,28.9100,28.9100,28.9100,0
2011-07-04,28.9100,28.9100,28.9100,28.9100,0
2011-07-05,28.7900,28.7900,28.7900,28.7900,0
2011-07-06,28.8300,28.9100,28.7700,28.8500,2750
2011-07-07,28.6500,28.6500,28.6500,28.6500,0
2011-07-08,28.3900,28.5100,28.3900,28.5100,0
2011-07-11,28.6400,28.6400,28.6400,28.6400,0
2011-07-12,28.8600,29.0300,28.8600,29.0300,200
2011-07-13,29.2100,29.2100,29.2100,29.2100,0
2011-07-14,29.2000,29.2000,29.2000,29.2000,0
2011-07-15,29.4700,29.4700,29.4700,29.4700,0
2011-07-18,29.6700,29.6700,29.5900,29.5900,140
2011-07-19,29.4400,29.4400,29.4400,29.4400,0
2011-07-20,29.5000,29.7100,29.5000,29.7100,300
2011-07-21,30.0000,30.0000,30.0000,30.0000,0
2011-07-22,30.0400,30.0400,29.9900,29.9900,200
2011-07-25,30.8000,30.8000,30.8000,30.8000,0
2011-07-26,31.0500,31.0500,31.0500,31.0500,0
2011-07-27,31.0500,31.0500,31.0500,31.0500,0
2011-07-28,31.0300,31.0300,31.0300,31.0300,0
2011-07-29,31.0300,31.0300,30.9200,30.9200,200
2011-08-01,30.8500,31.4100,30.8500,31.3400,2400
2011-08-02,31.2500,31.2500,31.2500,31.2500,0
2011-08-03,30.9100,30.9100,30.6300,30.6300,200
2011-08-04,31.1700,31.1700,31.1700,31.1700,0
2011-08-05,29.7900,29.8000,29.6700,29.8000,108
2011-08-08,29.4700,29.4700,29.4700,29.4700,0
2011-08-09,28.1700,28.1800,28.1700,28.1800,90
2011-08-10,29.7600,29.7600,29.6800,29.6800,600
2011-08-11,28.0000,28.0000,27.8500,27.8500,100
2011-08-12,28.1500,28.7900,28.1500,28.7900,2150
2011-08-15,28.3000,28.5900,28.3000,28.5900,40
2011-08-16,28.4000,28.4000,28.4000,28.4000,0
2011-08-17,28.5900,28.5900,28.5900,28.5900,0
2011-08-18,29.0800,29.0800,28.9400,28.9400,400
2011-08-19,28.4500,28.4500,28.2000,28.2000,30
2011-08-22,28.2800,28.2800,28.2800,28.2800,0
2011-08-23,28.8600,29.3200,28.8600,29.3200,40
2011-08-24,29.6800,29.6800,29.6800,29.6800,0
2011-08-25,29.6200,29.9700,29.6200,29.8600,350
2011-08-26,29.3700,29.3700,29.3700,29.3700,0
2011-08-29,29.2200,29.2200,29.2200,29.2200,0
2011-08-30,29.1800,29.1800,29.1800,29.1800,0
2011-08-31,29.3900,29.3900,29.3900,29.3900,0
2011-09-01,30.3400,30.3400,30.3400,30.3400,0
2011-09-02,31.2700,31.2700,31.2700,31.2700,0
2011-09-05,30.8400,30.8400,30.4600,30.4600,20
2011-09-06,30.4600,30.4600,30.4600,30.4600,0
2011-09-07,29.3000,29.4900,29.1800,29.4900,190
2011-09-08,29.4900,29.4900,29.4900,29.4900,0
2011-09-09,29.4900,29.4900,29.4900,29.4900,0
2011-09-12,29.1700,29.1700,28.1000,28.1000,46
2011-09-13,28.4800,28.4800,28.3300,28.3300,100
2011-09-14,28.3300,28.3300,28.3300,28.3300,0
2011-09-15,28.3300,28.3300,28.3300,28.3300,0
2011-09-16,28.7600,28.7600,28.5000,28.5000,1000
2011-09-19,28.5700,28.5700,27.8600,27.8600,600
2011-09-20,27.9800,27.9800,27.9800,27.9800,0
2011-09-21,28.0300,28.0300,28.0300,28.0300,0
2011-09-22,28.0200,28.0200,28.0200,28.0200,0
2011-09-23,27.5300,27.5300,27.5300,27.5300,0
2011-09-26,28.2900,28.2900,28.2900,28.2900,0
2011-09-27,29.1300,29.6400,29.1300,29.6400,0
2011-09-28,29.4300,29.4300,29.4300,29.4300,0
2011-09-29,29.0500,29.9300,29.0500,29.9300,0
2011-09-30,29.6600,30.1600,29.6600,30.1600,340
2011-10-03,30.0500,30.1600,30.0500,30.1600,160
2011-10-04,29.5300,29.8400,29.5300,29.8400,200
2011-10-05,30.0100,30.0100,29.5500,29.5500,4
2011-10-06,29.4700,29.5400,29.4700,29.5400,0
2011-10-07,29.8200,29.8200,29.8200,29.8200,0
2011-10-10,29.7100,29.7100,29.7100,29.7100,0
2011-10-11,30.2400,30.2400,30.0000,30.0000,20
2011-10-12,30.0800,30.0800,29.9200,29.9700,1200
2011-10-13,29.6600,29.6600,29.6600,29.6600,0
2011-10-14,28.4400,28.4400,28.4400,28.4400,0
2011-10-17,28.8300,28.8300,28.8300,28.8300,0
2011-10-18,28.2600,28.8800,28.2600,28.8800,0
2011-10-19,28.9700,28.9700,28.9700,28.9700,0
2011-10-20,28.5000,28.9900,28.5000,28.9900,0
2011-10-21,29.0400,29.1900,29.0400,29.1900,0
2011-10-24,29.1300,29.1300,29.0000,29.0000,0
2011-10-25,29.2700,29.2700,28.7300,28.7300,0
2011-10-26,28.6700,29.1700,28.6700,29.1700,16
2011-10-27,28.9100,29.1800,28.9100,29.1800,0
2011-10-28,29.3500,29.9000,29.3500,29.9000,340
2011-10-31,29.8600,29.8600,29.4500,29.8200,200
2011-11-01,29.6000,29.6000,28.6800,28.6800,0
2011-11-02,29.1400,29.1400,29.1400,29.1400,0
2011-11-03,29.0600,29.1300,28.9600,28.9600,624
2011-11-04,29.5500,29.5500,29.5500,29.5500,0
2011-11-07,29.2200,29.2200,29.2200,29.2200,0
2011-11-08,28.7100,28.8300,28.7100,28.8000,200
2011-11-09,29.1700,29.1700,28.5700,28.5700,0
2011-11-10,28.3900,28.6200,28.1300,28.1300,2000
2011-11-11,28.0600,28.4500,28.0600,28.4500,0
2011-11-14,28.1200,28.4800,28.1200,28.4800,0
2011-11-15,28.5500,28.7100,28.5500,28.7100,0
2011-11-16,28.9700,28.9700,28.8700,28.8700,0
2011-11-17,28.6200,28.8300,28.6200,28.8300,0
2011-11-18,28.5000,28.7700,28.5000,28.7700,0
2011-11-21,28.4700,28.4700,27.6400,27.6400,450
2011-11-22,27.6200,28.0000,27.6200,27.6400,140
2011-11-23,27.6000,27.8800,27.6000,27.8800,0
2011-11-24,27.5400,27.7000,27.2000,27.2000,1200
2011-11-25,27.7000,27.8000,27.7000,27.8000,0
2011-11-28,27.4500,28.4500,27.4500,28.4500,0
2011-11-29,28.1800,28.7000,28.1800,28.7000,98
2011-11-30,28.8600,28.8600,28.8600,28.8600,0
2011-12-01,29.4000,29.9900,29.4000,29.9900,0
2011-12-02,29.8100,29.8100,29.7800,29.7800,0
2011-12-05,29.6230,29.6250,29.6230,29.6250,0
2011-12-06,29.7040,30.0360,29.7040,30.0360,0
2011-12-07,29.9190,29.9190,29.9190,29.9190,0
2011-12-08,29.9480,29.9480,29.9480,29.9480,0
2011-12-09,30.3270,31.0360,30.3270,31.0360,100
2011-12-12,31.2470,31.2480,31.2470,31.2480,0
2011-12-13,30.8910,31.3610,30.8910,31.3610,64
2011-12-14,31.3140,31.9370,31.3140,31.7020,400
2011-12-15,31.4800,31.7000,31.4800,31.7000,200
2011-12-16,32.5120,32.5120,32.2670,32.2670,0
2011-12-19,32.2760,32.3200,32.2760,32.3200,0
2011-12-20,32.1260,32.1650,32.1260,32.1650,200
2011-12-21,32.0630,32.0630,31.9920,31.9920,0
2011-12-22,31.8180,31.8180,31.6640,31.6640,0
2011-12-23,31.7800,32.2600,31.7800,32.2600,400
2011-12-27,32.2350,32.2350,32.1040,32.1040,0
2011-12-28,32.3150,33.1500,32.3150,32.4980,700
2011-12-29,32.5980,32.5980,32.5570,32.5570,0
2011-12-30,32.8210,32.8210,32.8210,32.8210,0
2012-01-02,32.9000,32.9000,32.9000,32.9000,0
2012-01-03,32.9000,33.2840,32.9000,33.1640,62
2012-01-04,33.1390,33.1390,32.9000,33.1040,2000
2012-01-05,33.2670,33.5500,33.1190,33.2630,1318
2012-01-06,545619.9680,552288.2560,545619.9680,552288.2560,100
2012-01-09,33.7020,33.7020,33.6220,33.6220,0
2012-01-10,33.7800,33.7800,33.6090,33.6090,0
2012-01-11,33.5670,33.5670,33.4050,33.4050,0
2012-01-12,33.2800,33.2800,33.2800,33.2800,0
2012-01-13,33.7090,33.7090,33.5090,33.5090,0
2012-01-16,33.6510,33.9650,33.6510,33.9650,0
2012-01-17,33.4240,33.8000,33.4240,33.8000,0
2012-01-18,33.5960,33.8890,33.5960,33.8890,0
2012-01-19,34.1560,34.2880,34.1400,34.2880,0
2012-01-20,34.1350,34.1350,33.9790,34.1250,300
2012-01-23,34.0380,34.0380,33.5350,33.5350,32
2012-01-24,33.6580,33.9110,33.6580,33.9110,0
2012-01-25,34.0020,34.0020,32.8440,32.8440,0
2012-01-26,33.0540,33.2610,32.9630,33.2610,300
2012-01-27,32.9800,32.9800,32.8190,32.8190,0
2012-01-30,32.6570,32.6570,32.5190,32.5190,100
2012-01-31,31.9700,32.3610,31.9700,32.3610,3386
2012-02-01,32.7180,32.7180,31.8280,32.0910,2090
2012-02-02,31.6960,31.6960,31.4410,31.4410,62
2012-02-03,31.6400,31.6400,31.6400,31.6400,0
2012-02-06,32.6270,32.6770,32.5190,32.6770,312
2012-02-07,32.5370,33.0610,32.5370,33.0610,0
2012-02-08,33.0150,33.6400,33.0150,33.6400,60
2012-02-09,33.3200,33.5980,33.3200,33.5980,0
2012-02-10,33.8030,33.8030,33.2870,33.4130,0
2012-02-13,33.2120,33.8900,33.2120,33.8720,160
2012-02-14,33.9760,33.9760,33.3620,33.3620,0
2012-02-15,33.2210,33.4810,33.2210,33.4440,0
2012-02-16,33.4850,33.5720,33.4850,33.4980,0
2012-02-17,33.5860,33.5860,33.4260,33.4720,0
2012-02-20,33.2240,33.3460,33.2240,33.3460,0
2012-02-21,33.0680,33.2460,33.0680,33.2300,0
2012-02-22,33.0740,33.0740,32.9280,32.9280,0
2012-02-23,32.7630,33.0280,32.7630,33.0280,198
2012-02-24,33.0220,33.0220,32.8480,32.8480,0
2012-02-27,32.7880,32.7880,32.7580,32.7580,0
2012-02-28,32.8140,32.8140,32.5860,32.5860,0
2012-02-29,32.5860,32.7100,32.5860,32.7100,0
2012-03-01,32.5580,32.5580,32.2800,32.3370,0
2012-03-02,32.4730,32.4730,32.3380,32.3940,200
2012-03-05,32.5350,32.8970,32.5350,32.8970,140
2012-03-06,32.8160,33.0130,32.8160,33.0130,0
2012-03-07,32.6680,33.1680,32.6680,33.1680,0
2012-03-08,31.7000,32.4150,31.7000,32.4150,0
2012-03-09,32.7140,32.8280,32.7140,32.8280,400
2012-03-12,32.7950,32.8750,32.7950,32.8750,0
2012-03-13,32.7090,32.7090,32.7090,32.7090,0
2012-03-14,32.9520,33.0070,32.9520,33.0070,0
2012-03-15,32.9220,33.3950,32.9220,33.1470,200
2012-03-16,33.2180,33.2180,33.0310,33.0310,0
2012-03-19,33.0770,33.0770,33.0030,33.0510,1600
2012-03-20,33.0840,33.2530,33.0210,33.1020,240
2012-03-21,32.9780,33.1060,32.9780,33.1060,0
2012-03-22,33.0180,33.0180,32.7480,32.8090,0
2012-03-23,32.7280,32.7280,32.4270,32.6220,0
2012-03-26,32.5920,32.8070,32.5920,32.8070,0
2012-03-27,32.7120,32.9670,32.7120,32.7170,150
2012-03-28,32.6410,33.1830,32.6410,33.1830,2100
2012-03-29,32.8700,32.8700,32.6250,32.6250,0
2012-03-30,32.4990,32.7150,32.4990,32.7150,0
2012-04-02,32.5940,33.3200,32.5940,33.3200,0
2012-04-03,33.3360,33.4470,33.3360,33.4470,0
2012-04-04,33.3120,33.3120,32.9200,32.9200,0
2012-04-05,32.9030,32.9030,32.9030,32.9030,0
2012-04-10,32.6290,32.6290,32.3610,32.3610,0
2012-04-11,31.8280,32.3130,31.8280,31.9030,300
2012-04-12,31.8300,32.5030,31.8300,32.5030,0
2012-04-13,32.5330,32.6370,32.5330,32.6370,0
2012-04-16,32.6580,33.1100,32.6580,33.1100,0
2012-04-17,32.8000,33.3190,32.8000,33.3190,400
2012-04-18,33.4540,33.8180,33.4540,33.8180,0
2012-04-19,33.7840,34.0270,33.7840,34.0270,0
2012-04-20,33.9410,34.6700,33.9410,34.6700,224
2012-04-23,34.9620,34.9620,34.5250,34.5250,0
2012-04-24,34.5260,34.5310,34.5260,34.5310,0
2012-04-25,34.5190,34.6740,34.5190,34.6740,0
2012-04-26,34.6470,34.6470,34.6470,34.6470,0
2012-04-27,34.6360,34.6360,34.2990,34.2990,0
2012-04-30,34.2510,34.5620,34.2510,34.5620,0
2012-05-02,34.6650,34.6650,34.3440,34.3440,0
2012-05-03,34.4130,34.4980,34.4130,34.4980,0
2012-05-04,34.3060,34.3060,34.2530,34.2530,0
2012-05-07,34.4220,34.4220,33.0070,33.0070,40
2012-05-08,33.4850,33.4850,32.6580,32.6580,604
2012-05-09,32.7980,32.7980,32.4920,32.4920,140
2012-05-10,32.6560,32.6560,32.4880,32.6000,60
2012-05-11,32.5230,32.5230,32.5190,32.5190,0
2012-05-14,32.5020,32.5020,32.5020,32.5020,0
2012-05-15,32.1200,32.3080,32.1200,32.1370,68
2012-05-16,32.1990,32.1990,32.0940,32.0940,0
2012-05-17,521994.2400,525139.9680,521994.2400,525139.9680,0
2012-05-18,31.9960,31.9960,31.6450,31.6450,0
2012-05-21,31.4350,31.6980,31.4350,31.6980,0
2012-05-22,31.7580,31.9340,31.7580,31.9340,0
2012-05-23,32.1300,32.1300,31.4770,31.4770,0
2012-05-24,31.8180,31.8180,31.6200,31.6200,0
2012-05-25,31.5730,31.6180,31.5650,31.6180,200
2012-05-28,515571.7120,515571.7120,515571.7120,515571.7120,0
2012-05-29,31.6460,31.7160,31.6460,31.7160,0
2012-05-30,31.8370,31.8370,31.6490,31.6490,0
2012-05-31,31.4740,31.5790,31.4740,31.5790,0
2012-06-01,31.5660,31.5660,31.3320,31.3320,0
2012-06-04,31.2490,31.2490,31.2110,31.2110,0
2012-06-05,30.8950,31.2110,30.8950,31.2110,0
2012-06-06,31.0940,31.7360,31.0940,31.7360,0
2012-06-07,522240.0000,522240.0000,522125.3120,522125.3120,0
2012-06-08,32.0620,32.0620,31.8300,31.8300,0
2012-06-11,31.6540,32.0450,31.6540,32.0450,0
2012-06-12,31.8580,32.2280,31.8580,32.1810,200
2012-06-13,32.6460,32.7630,32.6460,32.7630,200
2012-06-14,32.6250,32.6600,32.6250,32.6600,0
2012-06-15,32.4580,32.4580,32.4580,32.4580,0
2012-06-18,32.2610,32.2610,32.2610,32.2610,0
2012-06-19,32.2660,33.1830,32.2660,33.1830,0
2012-06-20,33.4520,33.4520,33.2170,33.2170,0
2012-06-21,33.3860,33.6130,33.3860,33.6130,0
2012-06-22,33.3220,33.6410,33.3220,33.6410,200
2012-06-25,33.6880,33.6880,33.6880,33.6880,0
2012-06-26,33.1060,33.6530,33.1060,33.6530,0
2012-06-27,33.7920,34.1000,33.7920,33.8800,174
2012-06-28,33.7340,33.7380,33.7340,33.7380,0
2012-06-29,33.4210,33.9960,33.4210,33.9960,100
2012-07-02,34.0970,34.1820,34.0970,34.1820,0
2012-07-03,34.2080,34.3800,34.2080,34.3620,0
2012-07-04,34.3610,34.5480,34.3610,34.5480,0
2012-07-05,34.5460,34.6760,34.5460,34.6760,0
2012-07-06,34.4460,34.6310,34.4460,34.6310,0
2012-07-09,34.4730,34.7950,34.4730,34.7950,0
2012-07-10,34.7180,34.7240,34.6470,34.7240,0
2012-07-11,34.5000,34.7930,34.5000,34.7930,0
2012-07-12,34.8320,34.8320,34.4850,34.4850,0
2012-07-13,34.7310,34.7730,34.6810,34.7730,0
2012-07-16,34.7340,35.0190,34.7340,35.0190,0
2012-07-17,35.0750,35.0750,35.0750,35.0750,0
2012-07-18,35.2520,35.3680,35.2520,35.3680,0
2012-07-19,35.3950,35.3950,35.3950,35.3950,0
2012-07-20,35.7720,35.8000,35.5010,35.5010,500
2012-07-23,35.5880,35.5880,34.7410,34.7410,0
2012-07-24,34.9850,34.9850,34.6760,34.7490,64
2012-07-25,34.6390,34.9570,34.6390,34.9570,0
2012-07-26,34.9490,35.0950,34.7950,34.7950,240
2012-07-27,34.7440,35.0760,34.7440,35.0760,50
2012-07-30,35.0340,35.3080,35.0340,35.3080,900
2012-07-31,35.1820,35.9320,35.1820,35.9320,0
2012-08-01,35.8850,35.8850,35.8850,35.8850,0
2012-08-02,35.8820,36.5500,35.8820,36.2070,1060
2012-08-03,36.1370,36.1370,36.1370,36.1370,0
2012-08-06,36.1910,36.1910,35.6980,35.8000,534
2012-08-07,35.8650,36.0310,35.8650,36.0310,0
2012-08-08,36.0110,36.0760,36.0110,36.0390,0
2012-08-09,35.9560,35.9560,35.9560,35.9560,0
2012-08-10,36.2050,36.2690,36.2050,36.2690,0
2012-08-13,36.2690,36.2690,36.2690,36.2690,0
2012-08-14,36.2630,36.6500,36.2630,36.6500,800
2012-08-15,36.4580,36.6970,36.4580,36.6970,0
2012-08-16,36.5200,37.2500,36.4750,36.4750,2800
2012-08-17,36.4550,36.4550,36.3690,36.3690,0
2012-08-20,36.4590,36.4590,36.1710,36.2060,0
2012-08-21,36.1070,36.4800,35.9780,36.4800,500
2012-08-22,35.9720,36.0850,35.9320,35.9320,0
2012-08-23,36.0000,36.0000,35.6900,35.6900,0
2012-08-24,35.7880,36.3550,35.7880,36.3550,0
2012-08-27,36.4080,36.4730,36.4000,36.4730,0
2012-08-28,36.5770,36.5770,36.3570,36.3570,0
2012-08-29,36.2950,36.2950,36.0280,36.0390,0
2012-08-30,35.9420,36.2070,35.9420,36.2070,200
2012-08-31,35.8590,36.3640,35.8590,36.3130,0
2012-09-03,36.0440,36.7100,36.0440,36.7100,400
2012-09-04,35.9340,36.1410,35.9340,36.0510,800
2012-09-05,36.1850,36.1850,36.1850,36.1850,0
2012-09-06,35.9900,36.8770,35.9900,36.8770,800
2012-09-07,36.7940,36.7940,36.5650,36.6520,0
2012-09-10,36.8110,36.8110,36.8110,36.8110,0
2012-09-11,36.1860,36.4050,36.1860,36.2310,162
2012-09-12,36.3350,36.3350,35.9490,35.9490,0
2012-09-13,35.9210,36.6000,35.9210,36.2180,1100
2012-09-14,36.0860,36.2700,35.9700,36.0200,300
2012-09-17,35.9230,36.0020,35.9230,36.0020,0
2012-09-18,36.0200,36.4360,36.0200,36.2490,108
2012-09-19,36.1500,36.4600,36.1500,36.4560,0
2012-09-20,36.8700,36.8700,36.8700,36.8700,0
2012-09-21,36.4940,36.4940,36.4940,36.4940,0
2012-09-24,37.0660,37.0660,36.6910,36.7790,360
2012-09-25,36.9150,36.9150,36.9150,36.9150,0
2012-09-26,36.8670,36.8670,36.5230,36.5230,0
2012-09-27,36.4400,36.4400,36.4400,36.4400,0
2012-09-28,36.8530,36.8530,36.8530,36.8530,0
2012-10-01,36.4810,36.4810,36.4810,36.4810,0
2012-10-02,36.9670,36.9670,36.9430,36.9430,70
2012-10-03,608387.0720,608387.0720,605732.8640,605732.8640,0
2012-10-04,36.9020,36.9400,36.9020,36.9400,0
2012-10-05,37.3640,37.5660,37.3640,37.5410,0
2012-10-08,37.6870,37.7240,37.6400,37.7240,0
2012-10-09,37.8940,37.8940,37.7440,37.7440,0
2012-10-10,37.7280,37.8900,37.1910,37.1910,100
2012-10-11,37.4250,37.4830,37.4250,37.4830,0
2012-10-12,37.2980,37.2980,37.2980,37.2980,0
2012-10-15,37.7170,37.7170,37.7170,37.7170,0
2012-10-16,38.0040,38.1500,38.0040,38.1500,0
2012-10-17,38.0480,38.2500,37.8980,37.8980,400
2012-10-18,38.3640,38.3640,38.0280,38.3290,20
2012-10-19,38.5220,39.0540,38.5220,39.0540,200
2012-10-22,38.4070,38.4070,38.2210,38.3170,300
2012-10-23,38.2860,38.2860,38.2860,38.2860,0
2012-10-24,37.4630,37.4630,37.3130,37.3130,150
2012-10-25,37.1290,37.6130,37.1290,37.4700,260
2012-10-26,37.5830,37.6050,37.5830,37.6050,0
2012-10-29,37.5640,37.5640,37.5640,37.5640,0
2012-10-30,37.5700,37.5700,37.3530,37.3530,0
2012-10-31,37.4840,37.5030,37.2770,37.3330,0
2012-11-01,604831.7440,604831.7440,604831.7440,604831.7440,0
2012-11-02,37.3010,37.3010,37.2000,37.2000,400
2012-11-05,37.4710,37.5190,37.4400,37.5190,148
2012-11-06,37.4270,37.7210,37.4270,37.7210,0
2012-11-07,37.6570,37.6570,37.5630,37.5630,0
2012-11-08,37.5850,37.5850,37.2990,37.2990,0
2012-11-09,37.1820,37.2800,37.1820,37.2800,0
2012-11-12,37.1680,37.1680,37.0550,37.0550,100
2012-11-13,37.1920,37.3420,37.1560,37.3420,0
2012-11-14,37.1950,37.3550,37.1950,37.3550,0
2012-11-15,37.1940,37.1940,36.7100,36.7100,300
2012-11-16,36.3500,36.3500,36.3030,36.3030,0
2012-11-19,36.0020,36.6330,36.0020,36.6330,0
2012-11-20,36.6910,36.6910,36.3730,36.3730,0
2012-11-21,36.5830,37.3000,36.5580,36.7000,1080
2012-11-22,36.5210,36.8740,36.5210,36.8740,0
2012-11-23,36.4160,37.0560,36.4160,37.0560,0
2012-11-26,37.1730,37.1730,36.9420,36.9420,0
2012-11-27,37.0130,37.0130,36.9610,36.9610,0
2012-11-28,37.1350,37.2770,37.1350,37.1790,0
2012-11-29,37.3260,37.6850,37.1000,37.6850,3242
2012-11-30,37.4980,37.6490,37.4980,37.6490,0
2012-12-03,37.6120,37.6120,37.5900,37.5900,0
2012-12-04,37.3860,37.6370,37.3220,37.4030,2460
2012-12-05,37.1240,37.3500,37.1240,37.3500,0
2012-12-06,37.2510,37.7260,37.2510,37.7260,0
2012-12-07,37.6650,38.2580,37.6650,38.2580,0
2012-12-10,38.2300,38.5660,38.2300,38.5660,0
2012-12-11,38.5840,38.9620,38.5840,38.9620,80
2012-12-12,38.8580,39.1500,38.7330,38.8990,1300
2012-12-13,38.4940,38.4940,38.4020,38.4020,0
2012-12-14,38.2590,38.3290,38.2590,38.3290,0
2012-12-17,38.4670,38.5900,38.3130,38.5650,98
2012-12-18,38.2540,38.4510,38.2540,38.4510,0
2012-12-19,38.4660,38.7820,38.4660,38.7820,0
2012-12-20,38.6660,38.6660,38.1520,38.3910,728
2012-12-21,38.4260,38.6840,38.2170,38.6840,300
2012-12-27,38.6220,38.6450,38.3060,38.3060,252
2012-12-28,38.3790,38.3790,38.2950,38.2950,0
2013-01-02,37.8760,38.6740,37.8760,38.6740,48
2013-01-03,38.8740,38.9360,38.8740,38.9360,0
2013-01-04,39.1500,39.1500,39.0660,39.0660,0
2013-01-07,39.7200,39.7200,39.0080,39.1300,492
2013-01-08,39.1190,39.6930,39.1190,39.6930,250
2013-01-09,39.5330,39.8720,39.5330,39.6200,160
2013-01-10,39.9030,39.9030,39.6470,39.6470,0
2013-01-11,39.7370,39.8780,39.7370,39.8780,0
2013-01-14,39.9600,39.9600,39.6910,39.6910,600
2013-01-15,39.6270,39.8210,39.6060,39.8210,1020
2013-01-16,39.7460,39.8040,39.7460,39.7470,160
2013-01-17,39.6680,40.0970,39.6680,40.0970,0
2013-01-18,40.3230,40.3230,40.0110,40.0110,0
2013-01-21,39.9000,39.9330,39.8680,39.9330,70
2013-01-22,39.7450,40.0380,39.7450,40.0380,1500
2013-01-23,39.8960,40.4130,39.8960,40.4130,0
2013-01-24,40.6010,41.2500,40.6010,41.1000,2060
2013-01-25,41.0400,41.0400,40.6080,40.6080,0
2013-01-28,40.7440,40.7440,40.5420,40.5690,0
2013-01-29,40.5400,40.7740,40.5400,40.7740,0
2013-01-30,40.5850,40.5850,39.6800,39.8800,1050
2013-01-31,39.8800,40.7500,39.8800,40.7500,0
2013-02-01,40.7500,41.0480,40.7500,40.9100,556
2013-02-04,40.4790,40.7320,40.4790,40.5790,0
2013-02-05,41.0630,41.3650,41.0630,41.1070,400
2013-02-06,40.9030,41.1900,40.5260,40.5260,130
2013-02-07,40.7810,40.7810,40.1810,40.1810,236
2013-02-08,39.9940,41.0660,39.9940,41.0660,40
2013-02-11,40.9460,41.2240,40.8030,40.8030,250
2013-02-12,40.6960,40.9130,40.6960,40.8070,0
2013-02-13,40.7930,41.1610,40.7930,41.1610,0
2013-02-14,41.2430,41.5640,41.2430,41.5640,0
2013-02-15,41.4920,41.7090,41.4920,41.6920,0
2013-02-18,41.5810,41.6420,41.5810,41.6420,48
2013-02-19,41.8290,42.4970,41.8290,42.4970,0
2013-02-20,42.5370,43.1150,42.5370,43.1150,0
2013-02-21,43.2000,43.2000,42.3860,42.5020,0
2013-02-22,42.3710,42.7940,42.3710,42.7940,0
2013-02-25,43.0050,43.7110,43.0050,43.7110,200
2013-02-26,44.1320,44.1320,43.4770,43.4770,30
2013-02-27,43.3200,43.3400,43.2870,43.2870,0
2013-02-28,43.1900,43.9460,43.1900,43.9460,92
2013-03-01,43.6810,43.7980,43.6560,43.7980,0
2013-03-04,43.6560,44.0390,43.6560,44.0390,90
2013-03-05,43.6610,44.3480,43.6610,44.3480,0
2013-03-06,44.2270,44.7640,44.1630,44.1630,264
2013-03-07,43.0000,43.5700,43.0000,43.5700,300
2013-03-08,43.0990,43.5150,42.7500,42.8790,3180
2013-03-11,42.7460,42.9370,42.6390,42.9370,0
2013-03-12,43.0180,43.3550,43.0180,43.3550,0
2013-03-13,43.3760,43.3760,43.0690,43.0690,0
2013-03-14,42.9310,43.2610,42.9310,43.2610,92
2013-03-15,43.3660,44.0390,43.3660,44.0390,100
2013-03-18,44.2170,44.2170,44.0530,44.0950,486
2013-03-19,43.9660,44.5280,43.9660,44.5280,390
2013-03-20,44.4110,45.0960,44.4110,45.0960,180
2013-03-21,44.7380,44.7380,44.1290,44.4860,140
2013-03-22,44.2100,44.2640,44.1450,44.2640,0
2013-03-25,44.2550,44.8180,44.2550,44.7950,300
2013-03-26,44.6370,44.9330,44.6370,44.8380,150
2013-03-27,44.8870,44.8870,44.6330,44.6330,0
2013-03-28,44.8270,45.5970,44.8270,45.5970,280
2013-04-02,45.2410,45.8530,45.2410,45.8530,0
2013-04-03,45.7340,46.4000,45.7340,46.4000,0
2013-04-04,46.0670,46.0670,45.3830,45.3830,0
2013-04-05,45.3980,45.7000,44.8280,44.8280,46
2013-04-08,45.1340,45.9500,45.1340,45.6650,1500
2013-04-09,45.8070,45.8070,45.4580,45.4580,0
2013-04-10,45.3680,46.5040,45.3680,46.5040,508
2013-04-11,46.0820,46.1470,46.0410,46.1470,0
2013-04-12,46.2390,46.2390,46.2390,46.2390,0
2013-04-15,46.0420,47.2390,46.0420,47.2390,200
2013-04-16,47.3490,47.3490,47.3050,47.3050,0
2013-04-17,46.7560,46.7560,46.0750,46.0750,130
2013-04-18,45.9350,46.6760,45.9350,46.6760,0
2013-04-19,46.4600,46.8080,46.3290,46.6450,126
2013-04-22,46.5430,46.6460,46.2020,46.2020,0
2013-04-23,46.0150,46.8040,46.0150,46.8040,0
2013-04-24,46.6770,47.0000,46.6770,47.0000,182
2013-04-25,46.8100,46.8880,46.4660,46.8670,130
2013-04-26,47.2930,47.4390,47.2160,47.3160,280
2013-04-29,47.3080,47.6340,47.0280,47.4680,544
2013-04-30,47.5010,47.5010,47.2840,47.2840,0
2013-05-02,47.6580,47.6580,47.3930,47.5210,200
2013-05-03,47.5500,47.9260,47.5500,47.9260,140
2013-05-06,47.9730,47.9730,47.3680,47.5460,496
2013-05-07,47.4340,47.5520,47.3620,47.3620,120
2013-05-08,47.3960,48.4460,47.3960,48.4460,0
2013-05-09,48.3850,48.6510,48.3850,48.4080,110
2013-05-10,48.1200,48.7070,48.1200,48.7070,600
2013-05-13,48.6810,48.8960,48.6810,48.8260,40
2013-05-14,48.7080,48.8580,48.6670,48.8580,82
2013-05-15,48.7150,49.1810,48.7150,49.1810,0
2013-05-16,49.6480,49.7110,49.2600,49.2600,200
2013-05-17,49.2820,49.3670,48.7680,48.9340,902
2013-05-20,49.3850,49.3850,49.3850,49.3850,0
2013-05-21,49.3590,50.1940,49.3590,50.1940,40
2013-05-22,49.9320,50.9060,49.9320,50.9060,280
2013-05-23,51.4290,51.4290,50.1300,50.1300,680
2013-05-24,49.9570,50.9640,49.9570,50.9180,140
2013-05-27,50.7010,51.2290,50.6000,50.7980,280
2013-05-28,50.7200,50.7200,50.4200,50.4780,10
2013-05-29,50.1910,50.1910,48.8500,48.8500,80
2013-05-30,49.0500,49.5500,48.2430,48.8050,3580
2013-05-31,48.5510,48.5510,48.0320,48.0320,600
2013-06-03,47.9320,47.9320,45.7900,46.1120,320
2013-06-04,46.3110,46.9900,46.1300,46.7290,140
2013-06-05,46.7060,47.0400,46.7060,46.7800,160
2013-06-06,46.4670,46.4670,45.5330,45.5330,76
2013-06-07,45.5560,46.8620,45.5560,46.8620,20
2013-06-10,46.6620,47.2760,46.6620,46.8130,158
2013-06-11,46.9460,46.9460,46.3230,46.3230,182
2013-06-12,46.4580,46.7570,46.2300,46.7570,1040
2013-06-13,46.8360,46.8360,46.3980,46.3980,218
2013-06-14,46.1710,46.2240,46.1710,46.2240,836
2013-06-17,45.9390,46.8200,45.9390,46.7350,202
2013-06-18,46.7230,46.7230,46.3930,46.3930,100
2013-06-19,46.3020,46.6050,46.3020,46.6050,0
2013-06-20,46.5980,46.5980,45.1870,45.1870,44
2013-06-21,45.1430,45.1430,45.0860,45.0860,0
2013-06-24,44.6850,44.6850,43.8790,43.8790,20
2013-06-25,43.5690,44.5250,43.5690,44.5250,650
2013-06-26,44.5330,46.5690,43.9660,46.5690,20
2013-06-27,46.3030,48.1580,46.3030,48.1580,462
2013-06-28,47.6250,47.6600,47.6250,47.6600,0
2013-07-01,47.6160,48.3590,47.4000,47.5580,728
2013-07-02,47.3270,47.8260,47.3270,47.8260,200
2013-07-03,47.6430,47.8030,47.3320,47.8030,0
2013-07-04,47.5780,48.4000,47.5780,48.4000,40
2013-07-05,48.4400,48.4400,48.4010,48.4010,0
2013-07-08,47.9480,48.4500,47.9480,48.4500,0
2013-07-09,48.2840,48.7300,48.2840,48.7300,0
2013-07-10,48.8860,48.9460,48.8860,48.9460,0
2013-07-11,49.1580,49.4680,49.1580,49.2030,160
2013-07-12,48.7700,49.3530,48.7700,49.3530,0
2013-07-15,49.3940,49.3940,48.9010,48.9010,88
2013-07-16,48.6900,48.6900,48.1950,48.2860,200
2013-07-17,47.8580,47.8580,47.8580,47.8580,0
2013-07-18,47.6020,47.8320,47.6020,47.8320,400
2013-07-19,47.4370,47.4370,46.6850,46.8660,600
2013-07-22,47.3050,47.3050,46.7000,47.1280,2640
2013-07-23,47.0550,47.0550,46.6300,46.6300,240
2013-07-24,47.3800,47.3800,47.3800,47.3800,40
2013-07-25,47.6390,47.9900,47.6390,47.7650,10
2013-07-26,47.4480,47.4480,46.9840,46.9840,0
2013-07-29,47.1400,47.2800,47.1400,47.2800,100
2013-07-30,47.1250,47.1250,46.9170,47.0570,1260
2013-07-31,46.9280,46.9280,46.0000,46.0000,900
2013-08-01,45.8740,46.4890,45.8740,46.4890,210
2013-08-02,46.3620,46.3620,46.3620,46.3620,0
2013-08-05,46.3620,46.6750,46.3620,46.6750,40
2013-08-06,46.5470,47.0800,46.5470,47.0500,0
2013-08-07,47.0500,47.0500,47.0500,47.0500,0
2013-08-08,47.0500,47.0500,47.0500,47.0500,0
2013-08-09,47.0500,47.5440,47.0500,47.5440,600
2013-08-12,47.5440,48.5710,47.5440,48.5710,80
2013-08-13,48.4380,48.5830,48.4380,48.5830,40
2013-08-14,48.4500,48.4500,48.4500,48.4500,0
2013-08-15,48.4500,48.4500,47.7230,47.7230,0
2013-08-16,47.7230,47.7230,47.5770,47.6480,10
2013-08-19,47.5170,48.2090,47.5170,48.2090,0
2013-08-20,48.2090,48.7560,48.2090,48.7560,2
2013-08-21,48.6220,48.6220,48.2030,48.2030,42
2013-08-22,48.2030,48.5330,48.2030,48.5330,120
2013-08-23,48.4290,48.4290,48.4290,48.4290,0
2013-08-26,48.4290,48.8640,48.4290,48.8640,0
2013-08-27,48.8640,48.8640,48.8640,48.8640,0
2013-08-28,48.8640,48.8640,47.7090,47.7090,0
2013-08-29,47.7090,47.8500,47.7090,47.8500,44
2013-08-30,47.7190,47.7190,47.7190,47.7190,0
2013-09-02,47.7190,47.7190,47.7190,47.7190,0
2013-09-03,47.7190,47.7190,47.5400,47.5400,0
2013-09-04,47.2060,47.3910,47.2060,47.3910,60
2013-09-05,47.4550,47.4550,46.9700,46.9700,0
2013-09-06,47.2250,47.2810,47.2240,47.2240,124
2013-09-09,47.4450,47.4450,47.1820,47.4190,2
2013-09-10,47.4910,47.9370,47.4910,47.9370,274
2013-09-11,47.7550,48.2500,47.7550,48.2500,104
2013-09-12,48.1060,48.1060,48.0640,48.1000,84
2013-09-13,47.9360,47.9360,47.7510,47.8000,284
2013-09-16,47.8240,48.1030,47.6230,47.6230,242
2013-09-17,47.5690,47.5690,47.4250,47.4250,0
2013-09-18,47.4710,47.6900,47.4710,47.6900,0
2013-09-19,48.0450,48.5600,48.0450,48.5590,70
2013-09-20,48.5160,49.2000,48.5160,49.2000,0
2013-09-23,48.9850,49.1320,48.9850,49.1320,50
2013-09-24,48.7040,49.2200,48.7040,48.9600,820
2013-09-25,48.5950,48.5950,48.5950,48.5950,0
2013-09-26,48.8400,49.3320,48.8400,49.3040,110
2013-09-27,49.4240,49.4240,49.4240,49.4240,0
2013-09-30,49.8020,49.8760,49.4340,49.8760,262
2013-10-01,49.7850,50.1300,49.7850,50.1300,120
2013-10-02,50.0000,50.0140,49.3430,49.3430,290
2013-10-03,49.1610,49.2000,49.1610,49.2000,226
2013-10-04,49.1640,49.1640,48.4000,48.6000,0
2013-10-07,48.6430,48.6430,48.6430,48.6430,0
2013-10-08,48.3440,48.3440,47.9000,47.9000,0
2013-10-09,47.8410,47.8410,47.5090,47.5090,64
2013-10-10,47.0000,47.7650,47.0000,47.7160,40
2013-10-11,48.2500,48.3800,48.1000,48.3800,440
2013-10-14,48.3120,48.4210,48.3110,48.4210,220
2013-10-15,48.4940,49.0500,48.4940,49.0500,0
2013-10-16,49.0750,49.7000,48.9470,49.7000,196
2013-10-17,49.6200,49.6200,49.6200,49.6200,0
2013-10-18,49.3910,49.3910,49.2010,49.2010,200
2013-10-21,49.1000,49.1000,48.9120,48.9120,36
2013-10-22,49.1460,49.7600,49.1460,49.7600,0
2013-10-23,49.8590,50.3010,49.8590,50.3010,1200
2013-10-24,50.2050,50.4390,50.2050,50.4390,0
2013-10-25,50.2980,50.2980,50.2980,50.2980,0
2013-10-28,50.3150,50.3960,50.3150,50.3960,200
2013-10-29,50.4470,50.4470,50.4340,50.4340,80
2013-10-30,50.4380,50.9100,50.4380,50.9100,120
2013-10-31,50.6560,50.6560,50.6560,50.6560,0
2013-11-01,50.9580,51.4400,50.9580,51.4400,78
2013-11-04,51.1790,51.6800,51.1790,51.2590,790
2013-11-05,51.2650,51.2830,50.9480,51.0680,220
2013-11-06,50.8500,51.2610,50.8500,51.2010,200
2013-11-07,51.0530,51.1530,50.7960,51.0760,640
2013-11-08,50.9210,51.1350,50.6710,51.1350,356
2013-11-11,50.9640,51.3530,50.9640,51.0750,400
2013-11-12,51.0550,51.1120,51.0550,51.1000,100
2013-11-13,51.0960,51.2300,51.0010,51.0010,700
2013-11-14,51.0160,51.5120,51.0160,51.3000,2
2013-11-15,51.4110,51.6490,51.4110,51.6490,50
2013-11-18,51.7200,51.9900,51.5880,51.9900,202
2013-11-19,52.0090,52.0090,51.6610,51.7810,378
2013-11-20,51.3880,51.3880,51.2530,51.2530,0
2013-11-21,51.3490,51.5230,51.3490,51.5230,0
2013-11-22,51.4450,51.7670,51.4450,51.7670,536
2013-11-25,51.4300,51.9500,51.4300,51.5500,520
2013-11-26,51.3520,51.3520,51.3520,51.3520,8
2013-11-27,51.2240,51.2240,51.1250,51.1250,84
2013-11-28,51.1810,51.3010,51.1810,51.3010,36
2013-11-29,51.0730,51.0730,51.0730,51.0730,0
2013-12-02,51.2180,51.4100,51.2180,51.4100,310
2013-12-03,51.5530,51.5530,50.7200,50.7200,158
2013-12-04,50.4730,50.4730,49.5000,49.7000,200
2013-12-05,49.7800,49.7800,49.7800,49.7800,0
2013-12-06,49.8650,49.8650,49.8650,49.8650,0
2013-12-09,50.2210,50.2210,49.6000,49.6000,0
2013-12-10,49.5470,49.5470,49.0000,49.0000,0
2013-12-11,48.8090,49.2630,48.7300,48.7300,550
2013-12-12,48.7900,48.7900,48.1600,48.1600,600
2013-12-13,48.1630,48.1630,47.8270,47.9000,200
2013-12-16,47.8520,48.3000,47.8520,48.3000,200
2013-12-17,48.0360,48.0360,48.0360,48.0360,0
2013-12-18,47.7550,48.4700,47.7550,48.4700,160
2013-12-19,48.2610,49.1000,48.2610,49.1000,1200
2013-12-20,49.1990,49.7000,49.1990,49.7000,0
2013-12-23,49.6650,49.6650,49.6650,49.6650,240
2013-12-27,49.6880,51.0100,49.6880,51.0100,976
2013-12-30,50.7140,50.7140,50.7140,50.7140,0
2014-01-02,50.6610,50.6610,50.0000,50.0000,0
2014-01-03,50.0000,50.9000,50.0000,50.9000,600
2014-01-06,50.9000,51.2510,50.9000,51.2510,180
2014-01-07,51.1510,51.1510,51.1510,51.1510,0
2014-01-08,51.1510,51.4360,51.1510,51.4140,8
2014-01-09,51.6100,51.9520,51.5100,51.7580,390
2014-01-10,51.6580,52.0800,51.6580,52.0800,8
2014-01-13,51.9800,52.0500,51.7900,51.9650,1430
2014-01-14,52.0000,52.0000,51.2780,51.2780,598
2014-01-15,51.2780,51.2780,51.1000,51.1000,200
2014-01-16,51.0000,51.0230,50.8020,51.0230,0
2014-01-17,51.0230,51.0230,50.9170,50.9170,40
2014-01-20,50.8170,50.8170,50.6580,50.6580,0
2014-01-21,50.6580,50.6580,50.5060,50.5060,60
2014-01-22,50.2010,50.2600,50.2010,50.2600,0
2014-01-23,50.3650,50.3650,50.3650,50.3650,0
2014-01-24,50.4000,50.4000,49.8330,49.8330,0
2014-01-27,49.5350,49.5350,49.0300,49.0300,120
2014-01-28,49.0300,49.0300,48.9690,48.9690,500
2014-01-29,49.0970,49.0970,48.6840,48.7870,100
2014-01-30,48.7350,50.8030,48.4110,50.8030,570
2014-01-31,50.8370,50.8370,50.8370,50.8370,0
2014-02-03,50.8210,51.2880,50.7500,50.7500,0
2014-02-04,50.6970,50.8590,50.6410,50.6410,200
2014-02-05,50.4610,50.4610,50.4610,50.4610,0
2014-02-06,50.2750,50.8330,50.2750,50.8330,120
2014-02-07,50.6220,51.4000,50.6220,51.4000,1280
2014-02-10,51.8000,51.9320,51.6720,51.9320,120
2014-02-11,51.8770,52.2710,51.8770,52.2710,400
2014-02-12,52.2070,52.2510,52.2060,52.2510,0
2014-02-13,52.2130,52.3350,52.2130,52.3350,0
2014-02-14,52.7120,52.7120,52.7120,52.7120,0
2014-02-17,53.6410,53.9670,53.6410,53.9670,148
2014-02-18,53.5480,54.4290,53.5480,54.4290,8
2014-02-19,54.2890,54.2890,54.1580,54.1580,286
2014-02-20,54.0910,54.1600,54.0720,54.1600,4
2014-02-21,54.1450,54.1450,54.1450,54.1450,0
2014-02-24,54.6990,54.6990,54.6700,54.6700,20
2014-02-25,55.1550,55.4760,55.1550,55.4760,0
2014-02-26,55.5010,55.5770,55.4440,55.4440,20
2014-02-27,27.9080,28.0750,27.7740,28.0750,1563
2014-02-28,27.8970,28.1150,27.8970,28.1150,1712
2014-03-03,27.8090,27.8090,26.7790,26.7790,0
2014-03-04,26.4740,27.4000,26.4740,27.4000,70
2014-03-05,27.0900,27.0900,26.8700,26.9220,800
2014-03-06,26.3000,26.9170,26.3000,26.9170,180
2014-03-07,26.8540,26.8540,26.5000,26.5000,0
2014-03-10,26.4810,26.7500,26.4810,26.7500,0
2014-03-11,26.6030,26.7730,26.6030,26.7730,0
2014-03-12,26.6430,26.6430,26.4800,26.4800,0
2014-03-13,26.5110,26.5110,26.3500,26.3500,280
2014-03-14,26.0870,26.2990,26.0860,26.2990,400
2014-03-17,26.0240,26.4150,26.0240,26.3530,600
2014-03-18,26.1360,26.4960,26.1360,26.4960,0
2014-03-19,26.5110,26.5110,26.5110,26.5110,0
2014-03-20,26.6080,26.7000,26.6080,26.7000,200
2014-03-21,26.7980,27.3000,26.7980,27.3000,184
2014-03-24,27.0570,27.0570,26.6450,26.6450,0
2014-03-25,26.5050,27.2000,26.5050,27.2000,15
2014-03-26,27.0720,27.0720,27.0720,27.0720,0
2014-03-27,26.9360,26.9770,26.9360,26.9770,0
2014-03-28,26.8690,27.2890,26.8690,27.2330,15
2014-03-31,27.1210,27.2710,27.1210,27.2000,0
2014-04-01,27.2990,27.2990,27.0770,27.0770,100
2014-04-02,26.9670,27.1810,26.9670,27.1810,100
2014-04-03,26.8610,27.0000,26.8610,27.0000,0
2014-04-04,26.9770,27.0050,26.9770,27.0000,275
2014-04-07,26.8710,26.9240,26.5170,26.6500,90
2014-04-08,26.4220,26.4220,26.2560,26.3640,80
2014-04-09,26.2720,26.4520,26.2720,26.4520,193
2014-04-10,26.1220,26.1220,26.1220,26.1220,0
2014-04-11,26.1160,26.1160,25.4080,25.6200,500
2014-04-14,25.6880,26.0200,25.6880,26.0200,400
2014-04-15,26.0120,26.1390,26.0000,26.0000,0
2014-04-16,25.9060,26.0520,25.9060,26.0520,35
2014-04-17,25.9830,25.9830,25.9830,25.9830,0
2014-04-22,25.9920,26.2530,25.9920,26.2530,0
2014-04-23,26.1670,26.4100,26.1670,26.3200,60
2014-04-24,26.1340,26.1500,26.0600,26.0600,16
2014-04-25,26.0420,26.0420,26.0420,26.0420,0
2014-04-28,26.0060,26.4000,26.0060,26.1320,132
2014-04-29,25.8730,26.1500,25.8730,26.1500,0
2014-04-30,26.0340,26.5930,26.0340,26.4500,336
2014-05-02,26.3320,26.3700,26.3320,26.3700,38
2014-05-05,26.0380,26.0380,25.7010,25.7010,0
2014-05-06,25.8540,25.8540,25.7250,25.7260,56
2014-05-07,25.7730,25.8600,25.7730,25.8600,0
2014-05-08,25.7220,26.0580,25.7220,26.0580,250
2014-05-09,25.9250,25.9250,25.9250,25.9250,0
2014-05-12,26.1240,26.3820,26.0240,26.0240,48
2014-05-13,26.0720,26.2500,26.0720,26.2500,0
2014-05-14,26.2700,26.7180,26.2700,26.7180,0
2014-05-15,26.8040,26.9840,26.8040,26.9840,0
2014-05-16,27.1140,27.5030,27.1140,27.5030,1561
2014-05-19,27.4430,27.4430,27.4430,27.4430,0
2014-05-20,27.3260,27.3260,27.3170,27.3170,50
2014-05-21,27.1150,27.1150,27.1150,27.1150,0
2014-05-22,27.0920,27.3500,26.9760,27.3500,0
2014-05-23,27.3700,27.5000,27.2500,27.5000,16
2014-05-26,27.3690,27.5460,27.2560,27.5460,290
2014-05-27,27.2510,27.2510,27.1160,27.2350,0
2014-05-28,27.1130,27.1500,26.9150,27.1500,150
2014-05-29,27.2700,27.2700,27.0600,27.0600,500
2014-05-30,27.0600,27.0600,26.9630,26.9630,0
2014-06-02,26.9630,27.5040,26.9630,27.5040,19
2014-06-03,27.3940,27.3940,27.2280,27.2280,50
2014-06-04,27.2280,27.4080,27.2280,27.4080,0
2014-06-05,27.4080,27.4080,27.4080,27.4080,0
2014-06-06,27.4080,27.4080,27.4080,27.4080,0
2014-06-09,27.4080,27.4080,27.4080,27.4080,0
2014-06-10,27.4080,27.9500,27.2980,27.9500,50
2014-06-11,27.9500,27.9500,27.8530,27.8530,20
2014-06-12,27.7430,27.7430,27.4470,27.4470,0
2014-06-13,27.4470,27.4470,27.4470,27.4470,0
2014-06-16,27.4470,27.4470,27.0480,27.3000,240
2014-06-17,27.3000,27.3000,27.1820,27.2720,348
2014-06-18,27.1620,27.1620,27.1000,27.1000,0
2014-06-19,27.1000,27.1900,27.1000,27.1900,40
2014-06-20,27.0800,27.5180,27.0800,27.5180,50
2014-06-23,27.4080,27.4080,27.2000,27.2000,399
2014-06-24,27.0900,27.0900,27.0390,27.0390,0
2014-06-25,27.0390,27.0390,26.7160,26.7160,75
2014-06-26,26.7160,26.7160,26.7160,26.7160,0
2014-06-27,26.7160,27.0000,26.7160,27.0000,0
2014-06-30,27.0000,27.1920,27.0000,27.1920,0
2014-07-01,27.1920,27.1920,27.1920,27.1920,0
2014-07-02,27.1920,27.2500,27.1600,27.1600,365
2014-07-03,27.0500,27.6000,27.0500,27.6000,1000
2014-07-04,27.6000,27.6000,27.6000,27.6000,0
2014-07-07,27.6000,27.6000,27.4280,27.4280,0
2014-07-08,27.4280,27.6900,27.4270,27.4410,32
2014-07-09,27.4410,27.4410,27.1500,27.1500,0
2014-07-10,27.1500,27.1500,27.1500,27.1500,0
2014-07-11,27.1500,27.1500,26.9460,26.9520,280
2014-07-14,26.8420,27.4560,26.8420,27.4560,0
2014-07-15,27.4560,27.5530,27.4560,27.5530,0
2014-07-16,27.5530,27.5530,27.4870,27.4870,0
2014-07-17,27.4870,27.4870,27.1130,27.1130,0
2014-07-18,27.1130,27.1130,27.1020,27.1020,40
2014-07-21,26.9920,27.0470,26.9920,27.0470,0
2014-07-22,27.0470,27.3000,27.0470,27.3000,0
2014-07-23,27.3000,27.3000,27.2460,27.2460,0
2014-07-24,27.4660,27.5130,27.3560,27.5130,53
2014-07-25,27.5130,27.6590,27.4160,27.4160,269
2014-07-28,27.6300,27.6300,27.3670,27.3670,15
2014-07-29,27.3670,27.3750,27.2820,27.2820,0
2014-07-30,27.2820,27.4540,27.2820,27.4540,0
2014-07-31,27.4540,27.5090,27.3370,27.3370,270
2014-08-01,27.3370,27.3370,26.8000,26.8000,200
2014-08-04,26.8000,27.2400,26.8000,27.0000,258
2014-08-05,27.0000,27.0940,27.0000,27.0710,177
2014-08-06,27.0710,27.0710,26.5820,26.7710,344
2014-08-07,26.6610,26.7330,26.5870,26.6430,461
2014-08-08,26.5330,26.5330,26.4140,26.4220,380
2014-08-11,26.4220,26.6800,26.4220,26.6800,0
2014-08-12,26.6800,26.6800,26.6170,26.6170,0
2014-08-13,26.6170,26.6950,26.6170,26.6950,0
2014-08-14,26.6950,26.9790,26.6950,26.9790,0
2014-08-15,26.9790,27.1430,26.8200,26.8200,0
2014-08-18,26.8200,27.1700,26.8200,27.1700,317
2014-08-19,27.1700,27.1700,27.1700,27.1700,0
2014-08-20,27.1700,27.3680,27.1700,27.3680,20
2014-08-21,27.2580,27.3740,27.2580,27.3660,74
2014-08-22,27.3660,27.4020,27.3660,27.4020,0
2014-08-25,27.4020,27.6000,27.4020,27.6000,0
2014-08-26,27.6000,27.9430,27.6000,27.8530,84
2014-08-27,27.8530,27.8530,27.6790,27.6790,0
2014-08-28,27.6790,27.6790,27.5590,27.5600,0
2014-08-29,27.5600,27.7500,27.5230,27.5230,15
2014-09-01,27.5230,27.9080,27.4600,27.4600,508
2014-09-02,27.3500,27.7070,27.3500,27.7070,0
2014-09-03,27.7070,28.0150,27.7070,27.9770,0
2014-09-04,27.9770,27.9770,27.8590,27.8590,0
2014-09-05,27.8590,27.8590,27.7900,27.7900,0
2014-09-08,27.7900,27.9370,27.7900,27.9370,0
2014-09-09,27.9370,28.0330,27.9370,28.0330,0
2014-09-10,28.0330,28.0330,27.9450,27.9460,0
2014-09-11,27.9460,28.3000,27.9460,28.3000,0
2014-09-12,28.3000,28.3000,28.2230,28.2230,0
2014-09-15,28.2230,28.4260,28.2230,28.4260,0
2014-09-16,28.4260,28.5170,28.4260,28.5170,0
2014-09-17,28.5170,28.7770,28.5170,28.7770,0
2014-09-18,28.7770,29.3700,28.7770,29.2010,193
2014-09-19,29.0000,29.1840,28.8900,29.0900,920
2014-09-22,28.9800,29.2450,28.9800,29.2450,0
2014-09-23,29.2450,29.2450,28.9960,28.9960,0
2014-09-24,28.9960,29.2740,28.9960,29.2740,0
2014-09-25,29.2740,29.3580,29.1940,29.1940,0
2014-09-26,29.1940,29.1940,29.0880,29.0880,0
2014-09-29,29.0880,29.0880,28.9120,28.9120,40
2014-09-30,28.9120,29.3950,28.9120,29.3950,40
2014-10-01,29.2850,29.3530,29.2850,29.3530,0
2014-10-02,29.3530,29.3530,28.6590,28.6590,140
2014-10-03,28.6590,28.6590,28.6590,28.6590,0
2014-10-06,28.6590,28.7050,28.6590,28.7050,0
2014-10-07,28.7050,28.7050,27.9090,27.9090,0
2014-10-08,27.9090,27.9090,27.6010,27.6010,0
2014-10-09,27.6010,27.6010,27.5420,27.5420,0
2014-10-10,27.5420,27.5420,27.2710,27.2710,0
2014-10-13,27.2710,27.3400,27.2500,27.3400,490
2014-10-14,27.2300,27.2380,27.2300,27.2380,0
2014-10-15,27.2380,27.2380,26.7030,26.7030,200
2014-10-16,26.6000,27.1000,26.6000,26.8140,767
2014-10-17,26.8140,27.6960,26.8140,27.6960,299
2014-10-20,27.6960,27.7580,27.6960,27.7580,87
2014-10-21,27.7580,28.3090,27.7580,28.3090,0
2014-10-22,28.3090,28.7200,28.3090,28.6830,0
2014-10-23,28.6830,28.7520,28.6620,28.6620,20
2014-10-24,28.6620,28.7240,28.6620,28.6740,87
2014-10-27,28.6740,28.9500,28.5610,28.5610,20
2014-10-28,28.5610,28.7340,28.5610,28.7340,0
2014-10-29,28.7340,28.9240,28.7340,28.9240,0
2014-10-30,28.9240,29.2970,28.9240,29.2970,0
2014-10-31,29.2970,29.5170,29.2240,29.2240,40
2014-11-03,29.2240,29.2240,28.9610,28.9610,0
2014-11-04,28.9610,29.2530,28.9610,29.1290,521
2014-11-05,29.1290,29.7920,29.1290,29.6120,10
2014-11-06,29.6120,29.6810,29.6120,29.6810,0
2014-11-07,29.6810,29.6810,29.2720,29.2720,99
2014-11-10,29.2720,29.4230,29.2720,29.3400,9
2014-11-11,29.3400,29.5620,29.3400,29.5620,0
2014-11-12,29.5620,29.5620,29.5620,29.5620,0
2014-11-13,29.5620,29.5620,29.3710,29.4710,30
2014-11-14,29.4710,29.4710,29.3700,29.3700,0
2014-11-17,29.3700,29.4760,29.3700,29.4760,145
2014-11-18,29.4760,29.6740,29.4760,29.6740,0
2014-11-19,29.6740,29.8670,29.6740,29.8670,0
2014-11-20,29.8670,29.9160,29.8670,29.9160,0
2014-11-21,29.9160,30.0840,29.9160,30.0840,0
2014-11-24,30.0840,30.0840,29.8880,29.8880,36
2014-11-25,29.8880,29.9760,29.8880,29.9760,100
2014-11-26,29.8660,29.8660,29.8660,29.8660,0
2014-11-27,29.8660,30.0210,29.8660,30.0210,0
2014-11-28,30.0210,30.0210,29.8910,29.8910,0
2014-12-01,29.5000,30.0940,29.5000,30.0940,116
2014-12-02,30.0940,30.0940,30.0940,30.0940,0
2014-12-03,30.0940,30.2310,30.0940,30.2310,0
2014-12-04,30.2310,30.5000,30.1360,30.1360,20
2014-12-05,30.1360,30.4590,30.1360,30.4590,0
2014-12-08,30.4590,30.4640,30.4590,30.4640,0
2014-12-09,30.4640,30.4640,30.1390,30.1390,0
2014-12-10,30.1390,30.1390,30.0660,30.0660,0
2014-12-11,30.0660,30.3320,30.0660,30.3320,0
2014-12-12,30.3320,30.3320,29.8360,29.8360,0
2014-12-15,29.8360,29.8360,29.0000,29.0000,0
2014-12-16,29.0000,29.0860,28.6130,29.0860,0
2014-12-17,29.0860,29.0860,28.7500,28.9210,282
2014-12-18,28.9210,29.6900,28.9210,29.6900,0
2014-12-19,29.6900,29.6900,28.0760,28.0800,309
2014-12-22,27.9550,28.2840,27.9550,28.1360,20
2014-12-23,28.1360,28.4140,28.1360,28.4140,200
2014-12-29,28.4140,28.4140,27.9650,27.9650,20
2014-12-30,27.9650,27.9650,27.9650,27.9650,0
2015-01-02,27.9650,27.9650,27.9650,27.9650,0
2015-01-05,27.9650,28.6380,27.9650,28.6380,0
2015-01-06,28.6380,28.7970,28.4390,28.4390,0
2015-01-07,28.4390,28.4390,28.3570,28.3570,0
2015-01-08,28.3570,29.3080,28.3570,29.3080,0
2015-01-09,29.3080,29.3080,28.5000,28.8000,0
2015-01-12,29.0000,29.2690,28.8750,29.2690,10
2015-01-13,29.2690,29.9200,29.2690,29.6330,65
2015-01-14,29.6330,29.7200,29.4500,29.4500,177
2015-01-15,29.4500,31.9100,29.4500,30.9760,652
2015-01-16,30.2100,31.0000,30.2100,30.9970,2000
2015-01-19,32.3000,32.7000,30.9250,30.9250,1200
2015-01-20,30.9250,31.5640,30.9250,31.1910,0
2015-01-21,31.1910,31.1910,31.1140,31.1140,0
2015-01-22,31.1140,31.1140,30.1410,30.3340,40
2015-01-23,30.1440,31.3860,30.1440,31.3860,81
2015-01-26,31.3860,31.4090,31.3050,31.3050,0
2015-01-27,31.3050,31.6000,31.0610,31.0610,399
2015-01-28,31.0610,31.2000,31.0610,31.2000,3
2015-01-29,31.0100,31.0100,29.8580,29.8580,120
2015-01-30,29.8580,30.3920,29.8580,29.9170,70
2015-02-02,29.9170,29.9170,29.5000,29.5000,0
2015-02-03,29.5000,29.6500,28.9970,29.0000,710
2015-02-04,29.2000,29.8830,28.9900,29.8230,0
2015-02-05,29.8230,29.8230,29.3830,29.3830,258
2015-02-06,29.3830,30.0830,29.3830,29.7340,400
2015-02-09,29.8500,29.8500,29.1470,29.1470,287
2015-02-10,29.1470,29.1470,29.0290,29.0290,100
2015-02-11,29.0140,29.0140,28.8240,28.8240,0
2015-02-12,28.8240,28.8240,28.3610,28.5000,0
2015-02-13,28.5000,28.8830,28.4960,28.4960,30
2015-02-16,28.5000,28.9560,28.5000,28.9560,500
2015-02-17,28.9560,29.4500,28.9560,29.1360,50
2015-02-18,29.1360,29.2230,29.1360,29.1960,0
2015-02-19,29.1960,29.4760,29.1960,29.4760,0
2015-02-20,29.4760,29.7100,29.4760,29.7100,0
2015-02-23,30.0000,30.3280,29.8100,30.0530,430
2015-02-24,30.0530,30.0530,29.7270,29.7270,0
2015-02-25,29.7270,29.7270,29.5910,29.5910,0
2015-02-26,29.5910,30.0160,29.5910,30.0160,0
2015-02-27,30.0160,30.5000,30.0160,30.2950,60
2015-03-02,30.2950,30.2950,30.0670,30.2260,0
2015-03-03,30.2260,30.8230,30.1630,30.1630,18
2015-03-04,29.8500,30.1500,29.8500,29.9750,206
2015-03-05,29.9750,30.0000,29.8260,29.8260,60
2015-03-06,29.8260,30.3500,29.8260,30.3500,0
2015-03-09,30.3500,30.3500,30.0000,30.0650,310
2015-03-10,30.0650,30.6000,30.0000,30.1000,191
2015-03-11,30.1000,30.4800,30.1000,30.3050,76
2015-03-12,30.3050,30.6000,30.3050,30.6000,0
2015-03-13,30.6000,30.9800,30.6000,30.8050,41
2015-03-16,30.8050,31.0000,30.7500,31.0000,500
2015-03-17,30.8100,30.8100,30.8100,30.8100,0
2015-03-18,30.8100,31.1500,30.8100,31.1500,0
2015-03-19,31.1500,31.9000,31.1500,31.8000,0
2015-03-20,31.9500,32.5250,31.9500,32.3510,488
2015-03-23,32.3510,32.3520,32.3510,32.3520,0
2015-03-24,32.3520,32.7000,32.3520,32.5250,90
2015-03-25,32.5250,32.5300,31.9000,31.9000,79
2015-03-26,31.9000,31.9000,31.1000,31.1310,1370
2015-03-27,31.1310,31.8300,31.1310,31.3000,167
2015-03-30,31.3000,31.6850,31.3000,31.5000,0
2015-03-31,31.8000,32.3920,31.6100,32.1050,120
2015-04-01,32.1050,32.1050,32.1050,32.1050,0
2015-04-02,32.1050,32.1050,31.8050,31.8050,0
2015-04-07,31.8050,32.4500,31.8050,32.4500,201
2015-04-08,32.4500,32.4500,32.4000,32.4000,53
2015-04-09,32.4000,32.8000,32.4000,32.8000,60
2015-04-10,32.8000,33.0000,32.8000,33.0000,0
2015-04-13,33.0000,33.1000,32.9250,32.9250,10
2015-04-14,32.9250,33.5000,32.9250,33.2000,10
2015-04-15,33.2000,33.9000,33.2000,33.4010,200
2015-04-16,33.4010,33.4010,33.3000,33.3000,0
2015-04-17,33.3000,33.3000,32.7000,32.7000,87
2015-04-20,32.7000,33.0000,32.7000,33.0000,0
2015-04-21,33.0000,33.3500,33.0000,33.1750,130
2015-04-22,33.1750,33.9500,33.1750,33.7500,0
2015-04-23,33.7500,33.7500,33.5000,33.5000,0
2015-04-24,33.5000,33.5000,33.3500,33.3500,0
2015-04-27,33.3500,33.3500,32.8000,33.1500,0
2015-04-28,33.1500,33.1500,32.3690,32.3690,0
2015-04-29,32.3690,32.3700,32.3690,32.3700,10
2015-04-30,32.1800,32.1800,31.8800,31.8800,0
2015-05-04,31.8800,31.8800,31.8800,31.8800,0
2015-05-05,31.8800,32.7500,31.8800,32.4000,10
2015-05-06,32.4000,32.4000,31.3500,31.3500,20
2015-05-07,31.3500,31.3500,31.2000,31.2000,0
2015-05-08,31.2000,31.8000,31.2000,31.8000,0
2015-05-11,31.8000,31.8000,31.8000,31.8000,0
2015-05-12,31.8000,31.8000,31.5500,31.5500,0
2015-05-13,31.5500,31.7500,31.5500,31.7500,0
2015-05-14,31.7500,32.7000,31.7500,32.7000,480
2015-05-15,32.5100,33.0830,32.5100,32.5600,0
2015-05-18,32.5600,32.7650,32.5600,32.7650,0
2015-05-19,32.7650,33.5330,32.7650,33.1520,112
2015-05-20,33.1520,33.1820,32.9900,33.1820,0
2015-05-21,33.1820,33.4000,33.1820,33.4000,0
2015-05-22,33.4000,33.4000,33.2680,33.2680,0
2015-05-25,33.2680,33.2680,33.2680,33.2680,0
2015-05-26,33.2680,33.3650,33.1450,33.1450,0
2015-05-27,33.6500,33.7700,33.6500,33.7700,0
2015-05-28,33.7700,34.0410,33.7700,34.0410,0
2015-05-29,34.0410,34.0410,33.4770,33.4770,370
2015-06-01,33.4770,33.9900,33.4770,33.9240,0
2015-06-02,33.9240,33.9240,33.0510,33.0510,0
2015-06-03,33.0510,33.0510,32.7490,32.7490,0
2015-06-04,32.7490,32.7490,32.5730,32.5730,0
2015-06-05,32.5730,32.5730,32.1190,32.1190,0
2015-06-08,32.1190,32.1190,32.0780,32.0780,0
2015-06-09,32.0780,32.0780,31.6090,31.6090,0
2015-06-10,31.6090,32.2670,31.6090,32.2670,0
2015-06-11,32.2670,33.0000,32.2670,32.4860,2020
2015-06-12,32.4860,32.4860,32.0780,32.0780,0
2015-06-15,32.0780,32.0780,31.2630,31.6000,20
2015-06-16,31.4100,31.6920,31.4100,31.6920,0
2015-06-17,31.6920,31.6920,31.5900,31.5910,29
2015-06-18,31.5910,31.5910,30.6600,31.2950,40
2015-06-19,31.2950,31.5730,31.2950,31.5730,0
2015-06-22,31.5730,31.9920,31.5730,31.9920,0
2015-06-23,31.9920,32.3870,31.9920,32.3870,0
2015-06-24,32.3870,32.3870,31.9820,32.1460,0
2015-06-25,32.1460,32.1570,32.1460,32.1570,0
2015-06-26,32.1570,32.1570,32.1550,32.1550,0
2015-06-29,32.1550,32.1550,31.7680,31.7680,0
2015-06-30,31.7680,31.7680,31.6000,31.6230,210
2015-07-01,31.6230,31.6610,31.6230,31.6610,0
2015-07-02,31.6610,31.7620,31.6610,31.7110,0
2015-07-03,31.7110,31.7110,31.6150,31.6150,0
2015-07-06,31.6150,31.7090,31.5350,31.7090,0
2015-07-07,31.7090,31.7090,31.3390,31.3390,100
2015-07-08,31.3390,31.3900,31.3390,31.3900,0
2015-07-09,31.3900,32.1100,31.3900,32.1100,59
2015-07-10,32.1100,32.4290,32.1100,32.4290,0
2015-07-13,32.4290,33.1060,32.4290,33.1060,0
2015-07-14,33.1060,33.2810,33.1060,33.2810,50
2015-07-15,33.2810,33.6000,33.2810,33.6000,150
2015-07-16,33.4100,33.6120,33.4100,33.6120,0
2015-07-17,33.6120,33.6120,33.3880,33.3950,0
2015-07-20,33.3950,33.5120,33.3950,33.5120,0
2015-07-21,33.5120,33.5120,32.9720,32.9720,0
2015-07-22,32.9720,32.9720,32.6990,32.6990,0
2015-07-23,32.6990,33.0320,32.6990,33.0320,0
2015-07-24,33.0320,33.0320,32.8210,32.8210,0
2015-07-27,32.8210,32.8210,31.9890,31.9890,0
2015-07-28,31.9890,32.1910,31.9890,32.1660,0
2015-07-29,32.1660,32.6370,32.1660,32.6370,0
2015-07-30,32.6370,32.6370,32.6240,32.6240,0
2015-07-31,32.6240,32.7430,32.6090,32.7430,0
2015-08-03,32.7430,32.7540,32.7430,32.7540,0
2015-08-04,32.7540,32.7540,32.6010,32.6010,0
2015-08-05,32.6010,32.7090,32.6010,32.7090,0
2015-08-06,32.7090,32.7090,32.4800,32.4890,107
2015-08-07,32.4890,32.4890,31.9110,31.9110,400
2015-08-10,31.9110,32.1240,31.9110,32.1240,0
2015-08-11,32.1240,32.1240,31.7630,31.7630,0
2015-08-12,31.7630,31.7630,30.8980,30.8980,0
2015-08-13,30.8980,31.5890,30.8980,31.5890,0
2015-08-14,31.5890,31.9950,31.5100,31.5100,65
2015-08-17,31.5100,31.8670,31.5100,31.8670,0
2015-08-18,31.8670,32.0720,31.8670,32.0720,0
2015-08-19,32.0720,32.0720,31.8010,31.8010,0
2015-08-20,31.8010,31.8010,31.2410,31.2410,0
2015-08-21,31.2410,31.2410,30.3300,30.3300,0
2015-08-24,30.3300,30.3300,28.9710,29.2780,611
2015-08-25,29.2780,30.0950,29.2780,30.0280,0
2015-08-26,30.0280,30.0280,29.5960,29.5960,0
2015-08-27,29.5960,31.0000,29.5960,31.0000,20
2015-08-28,30.8100,30.8100,30.2680,30.2680,0
2015-08-31,30.2680,30.3000,30.0800,30.0800,50
2015-09-01,30.0800,30.0800,29.4680,29.4680,0
2015-09-02,29.4680,29.4680,29.3620,29.3620,0
2015-09-03,29.3620,30.0570,29.3620,30.0570,0
2015-09-04,30.0570,30.0570,29.6460,29.6460,0
2015-09-07,29.6460,29.6500,29.6460,29.6500,0
2015-09-08,29.6500,29.6500,29.6030,29.6030,0
2015-09-09,29.5090,29.7800,29.5090,29.7800,0
2015-09-10,29.7450,29.7450,29.4190,29.4190,0
2015-09-11,29.2920,29.4720,29.2920,29.4370,0
2015-09-14,29.4610,29.4610,29.3390,29.3390,0
2015-09-15,29.2280,29.6400,29.2280,29.6400,0
2015-09-16,29.5910,29.7100,29.5910,29.6800,0
2015-09-17,29.6760,29.6760,29.3540,29.3660,0
2015-09-18,29.2950,29.2950,29.1980,29.2650,0
2015-09-21,29.1730,29.6520,29.1730,29.6520,0
2015-09-22,29.5300,29.5300,28.6690,28.6690,550
2015-09-23,28.5240,28.6540,28.5240,28.6540,0
2015-09-24,28.1920,28.2390,27.8550,27.8550,100
2015-09-25,27.8080,28.8120,27.8080,28.8120,20
2015-09-28,28.4980,29.3360,28.4980,28.8330,0
2015-09-29,28.6640,28.8410,28.6640,28.8270,0
2015-09-30,28.5590,29.1780,28.5590,29.1780,0
2015-10-01,29.3240,29.3240,29.2960,29.2960,0
2015-10-02,29.2340,29.2340,29.1750,29.1750,0
2015-10-05,29.1460,29.9450,29.1460,29.6390,103
2015-10-06,29.6500,29.6500,29.5630,29.5630,0
2015-10-07,29.6710,29.6710,28.6440,28.6440,0
2015-10-08,28.4250,28.9030,28.4250,28.9030,0
2015-10-09,28.8900,28.8900,28.6720,28.6720,0
2015-10-12,28.6600,28.9690,28.6600,28.9690,0
2015-10-13,28.8840,29.2050,28.8840,29.1850,0
2015-10-14,29.0970,29.0970,28.7730,28.7730,60
2015-10-15,28.7020,29.0760,28.7020,29.0760,0
2015-10-16,29.0860,29.8220,29.0860,29.7850,0
2015-10-19,29.7050,29.9700,29.7050,29.9700,0
2015-10-20,29.8710,29.8710,29.6980,29.6980,0
2015-10-21,29.4350,29.4350,28.9390,29.2900,310
2015-10-22,28.9320,29.8200,28.9320,29.8200,0
2015-10-23,29.9460,30.4770,29.9460,30.4770,0
2015-10-26,30.4370,30.6950,30.3380,30.6950,139
2015-10-27,30.1870,30.5990,30.0690,30.0690,209
2015-10-28,29.9790,30.6020,29.9790,30.6020,0
2015-10-29,30.6290,30.6870,30.6290,30.6870,0
2015-10-30,30.6480,30.7950,30.5660,30.5830,0
2015-11-02,30.6360,30.6360,30.4820,30.5630,0
2015-11-03,30.5150,30.7060,30.5070,30.7060,0
2015-11-04,30.7230,31.4300,30.7230,30.9210,0
2015-11-05,30.9200,31.4450,30.9200,31.2450,0
2015-11-06,31.2690,31.4500,31.0820,31.0820,3
2015-11-09,31.0300,31.1450,30.7390,30.7920,4
2015-11-10,31.0870,31.0870,30.6060,30.6760,0
2015-11-11,30.6110,31.0750,30.6110,30.7560,0
2015-11-12,31.0670,31.0670,30.5810,30.9290,0
2015-11-13,30.6680,30.6680,30.3980,30.5910,0
2015-11-16,30.6660,30.6660,30.3120,30.4130,0
2015-11-17,30.4790,31.2220,30.4790,31.2220,0
2015-11-18,31.2940,31.2940,31.1410,31.1870,0
2015-11-19,31.1290,31.3790,31.0060,31.1000,0
2015-11-20,31.1680,31.4000,31.1680,31.3850,204
2015-11-23,31.4100,31.6370,31.1570,31.2110,211
2015-11-24,31.1810,31.1810,30.6070,30.6070,0
2015-11-25,30.6500,31.4280,30.6500,31.2380,850
2015-11-26,31.0250,31.3410,31.0250,31.3210,0
2015-11-27,31.3210,31.3930,31.1990,31.3930,0
2015-11-30,31.3930,31.7190,31.3930,31.7190,0
2015-12-01,31.7190,31.7190,31.3360,31.3980,0
2015-12-02,31.3980,32.3560,31.3980,32.0040,40
2015-12-03,32.0040,32.1490,31.2500,31.3000,361
2015-12-04,31.3000,31.3000,31.3000,31.3000,0
2015-12-07,31.3000,31.7500,31.3000,31.7500,0
2015-12-08,31.7500,31.7500,31.3250,31.3250,220
2015-12-09,31.3250,31.3250,30.3000,30.4000,0
2015-12-10,30.4000,31.1620,30.4000,31.1000,150
2015-12-11,31.1000,31.1000,30.7200,30.9250,151
2015-12-14,30.9250,30.9250,30.0500,30.0500,0
2015-12-15,30.0500,30.8500,30.0500,30.6750,200
2015-12-16,30.6750,31.0000,30.6750,31.0000,0
2015-12-17,31.0000,31.0000,31.0000,31.0000,0
2015-12-18,31.0000,31.0000,30.8250,30.8250,15
2015-12-21,30.8250,30.8250,30.8250,30.8250,0
2015-12-22,30.8250,30.8250,30.6500,30.6500,100
2015-12-23,30.6500,31.0000,30.6500,31.0000,0
2015-12-28,31.0000,31.1500,31.0000,31.1500,0
2015-12-29,31.1500,31.7500,31.1500,31.7500,0
2015-12-30,31.7500,31.7500,31.7500,31.7500,0
2016-01-04,31.7500,31.7500,31.2500,31.2500,0
2016-01-05,31.2500,31.6000,31.2500,31.6000,0
2016-01-06,31.6000,31.6000,31.1000,31.1000,0
2016-01-07,31.1000,31.1000,30.0600,30.9500,1230
2016-01-08,30.9500,30.9500,30.5850,30.5850,271
2016-01-11,30.5850,30.5850,29.8000,29.8000,0
2016-01-12,29.8000,30.5300,29.8000,30.3550,20
2016-01-13,30.3550,30.3550,30.3550,30.3550,98
2016-01-14,30.1650,30.1650,29.5800,29.9000,0
2016-01-15,29.9000,29.9000,29.0000,29.4000,0
2016-01-18,29.4000,29.4000,29.2250,29.2250,109
2016-01-19,29.2250,29.7500,29.2250,29.7500,0
2016-01-20,29.7500,29.7500,29.0000,29.0000,0
2016-01-21,29.0000,29.4500,29.0000,29.4500,0
2016-01-22,29.4500,30.0500,29.4500,30.0500,0
2016-01-25,30.0500,30.4300,30.0500,30.0500,50
2016-01-26,30.0500,30.0500,30.0500,30.0500,0
2016-01-27,30.0500,30.0500,30.0500,30.0500,0
2016-01-28,30.0500,30.0500,28.7000,28.7500,0
2016-01-29,29.0000,29.3000,29.0000,29.3000,0
2016-02-01,29.3000,29.6000,29.3000,29.4250,5
2016-02-02,29.4250,29.4250,29.4250,29.4250,0
2016-02-03,29.4250,29.4250,28.7000,28.7000,0
2016-02-04,28.7000,28.7000,28.2000,28.2000,0
2016-02-05,28.2000,28.5000,28.2000,28.5000,0
2016-02-08,28.5000,28.5000,27.8000,27.8000,0
2016-02-09,27.8000,27.8000,27.4000,27.4000,120
2016-02-10,27.4000,27.8500,27.4000,27.8500,0
2016-02-11,27.8500,27.8500,27.0000,27.1500,700
2016-02-12,27.1360,27.4850,27.1360,27.4850,0
2016-02-15,27.5910,28.3110,27.5910,28.3110,340
2016-02-16,28.1210,28.2530,27.9910,27.9910,0
2016-02-17,27.9970,28.3630,27.9970,28.3630,0
2016-02-18,28.2210,28.9130,28.2210,28.9130,0
2016-02-19,28.8530,28.8570,28.6800,28.8570,0
2016-02-22,28.8190,29.4980,28.8190,29.3470,180
2016-02-23,29.3750,29.3750,28.9630,28.9630,0
2016-02-24,28.8750,28.9380,28.6090,28.9380,0
2016-02-25,28.9720,29.3380,28.9720,29.3380,0
2016-02-26,29.2640,29.8170,29.2640,29.8170,0
2016-02-29,29.6270,29.6270,29.3120,29.6240,0
2016-03-01,29.3900,29.8000,29.3900,29.8000,0
2016-03-02,29.7340,29.9940,29.2000,29.5000,0
2016-03-03,29.5000,29.5000,28.8940,28.9090,19
2016-03-04,28.7690,28.7690,28.5710,28.5710,0
2016-03-07,28.4920,28.5930,28.4920,28.5780,150
2016-03-08,28.5000,28.7500,28.5000,28.5320,60
2016-03-09,28.5650,28.5650,28.1500,28.3690,0
2016-03-10,28.3680,28.3690,27.9250,27.9250,349
2016-03-11,28.0260,28.0260,27.8170,27.8170,0
2016-03-14,27.9910,28.3680,27.9910,28.3680,100
2016-03-15,28.4290,28.4290,28.0410,28.0410,0
2016-03-16,28.1250,28.1250,27.6010,27.6010,61
2016-03-17,27.9400,27.9400,27.1770,27.1770,100
2016-03-18,27.3970,27.3970,26.4000,26.5210,0
2016-03-21,26.5210,27.1500,26.5210,26.9780,100
2016-03-22,26.9780,26.9780,26.6000,26.6000,0
2016-03-23,26.6000,27.1500,26.6000,27.1470,0
2016-03-24,27.1470,27.1470,26.8100,26.8420,210
2016-03-29,26.8420,26.9550,26.7510,26.9550,0
2016-03-30,26.9550,26.9940,26.9550,26.9930,0
2016-03-31,26.9930,27.0050,26.9930,27.0050,0
2016-04-01,27.0050,27.0050,26.2600,26.6070,0
2016-04-04,26.6070,26.9500,26.6070,26.9430,0
2016-04-05,26.9430,26.9430,26.9060,26.9060,0
2016-04-06,26.9060,27.5680,26.9060,27.5680,150
2016-04-07,27.5680,27.9160,27.5680,27.7610,0
2016-04-08,27.7610,27.7910,27.7610,27.7910,0
2016-04-11,27.7910,27.7910,27.6630,27.6630,0
2016-04-12,27.6630,27.8790,27.6360,27.8790,350
2016-04-13,27.8790,28.0120,27.8790,27.9680,0
2016-04-14,27.9680,28.3000,27.9680,28.2260,0
2016-04-15,28.2260,28.2360,28.2260,28.2360,0
2016-04-18,28.2360,28.4120,28.2360,28.4120,0
2016-04-19,28.4120,29.0320,28.4120,29.0320,0
2016-04-20,29.0320,29.0320,28.8000,28.8130,0
2016-04-21,28.8130,28.8130,28.4890,28.4890,0
2016-04-22,28.4890,28.5870,28.4890,28.5610,0
2016-04-25,28.5610,28.5610,28.1000,28.2650,0
2016-04-26,28.2650,28.2650,28.0000,28.0140,0
2016-04-27,28.0140,28.1230,28.0140,28.1230,0
2016-04-28,28.1230,28.1230,27.9400,28.1030,0
2016-04-29,28.1030,28.1030,27.5280,27.5380,0
2016-05-02,27.5380,27.5380,27.4960,27.4960,0
2016-05-03,27.4960,27.5410,27.2500,27.4050,100
2016-05-04,27.4050,27.4050,27.0090,27.0270,8
2016-05-05,26.8370,26.8370,26.8370,26.8370,0
2016-05-06,26.8370,26.8370,26.2910,26.2910,0
2016-05-09,26.2910,27.1490,26.2910,27.1490,100
2016-05-10,27.1490,27.3680,27.1490,27.3680,0
2016-05-11,27.3680,27.3680,27.2500,27.3350,0
2016-05-12,27.3350,27.3350,27.3350,27.3350,0
2016-05-13,27.3350,27.8050,27.3350,27.7780,70
2016-05-17,27.7780,27.7780,27.4650,27.4650,0
2016-05-18,27.4650,27.4680,27.3800,27.4680,50
2016-05-19,27.4680,27.4680,27.2850,27.2850,200
2016-05-20,27.2850,27.8160,27.2850,27.8160,0
2016-05-23,27.8160,27.8160,27.7560,27.7560,0
2016-05-24,27.7560,28.3340,27.7560,28.3340,0
2016-05-25,28.3340,28.6260,28.3340,28.5170,80
2016-05-26,28.5170,28.5580,28.3000,28.5580,0
2016-05-27,28.5580,29.8540,28.5580,29.8540,800
2016-05-30,29.8540,29.8540,29.5200,29.5200,100
2016-05-31,29.5200,29.5200,29.5200,29.5200,0
2016-06-01,29.5200,29.5200,29.4270,29.4270,0
2016-06-02,29.4270,29.4270,29.3440,29.3440,0
2016-06-03,29.3440,29.3440,28.9780,28.9780,0
2016-06-06,28.9780,29.2510,28.9780,29.2510,0
2016-06-07,29.2510,29.5380,29.2510,29.5380,0
2016-06-08,29.5380,29.7600,29.3120,29.3120,300
2016-06-09,29.3120,29.3600,29.3120,29.3600,0
2016-06-10,29.3600,29.3600,28.7310,28.7310,250
2016-06-13,28.7310,28.7310,28.2070,28.2070,100
2016-06-14,28.2070,28.2200,27.8780,27.8780,340
2016-06-15,27.8780,28.1370,27.8780,27.9110,70
2016-06-16,27.9110,27.9110,27.5000,27.5580,0
2016-06-17,27.5580,27.8530,27.5580,27.8530,0
2016-06-20,27.8530,28.4500,27.8530,28.1360,0
2016-06-21,28.1360,28.4360,28.1360,28.4360,0
2016-06-22,28.4360,28.4360,28.1240,28.3470,0
2016-06-23,28.3470,28.3470,28.1440,28.2280,150
2016-06-24,27.3500,28.2280,27.3500,28.2280,0
2016-06-27,28.2280,28.2660,27.9020,27.9120,149
2016-06-28,27.7220,28.3560,27.7220,28.3560,0
2016-06-29,28.3560,29.2000,28.3560,29.0030,0
2016-06-30,29.0030,29.4590,29.0030,29.4590,10
2016-07-01,29.4590,29.5500,29.4390,29.5500,1
2016-07-04,29.3600,29.3600,29.3600,29.3600,0
2016-07-05,29.3600,29.3600,29.0120,29.0120,0
2016-07-06,29.0120,29.0120,28.7960,28.9730,0
2016-07-07,28.9730,29.1810,28.9730,29.1810,0
2016-07-08,29.1810,29.1810,29.0000,29.1200,0
2016-07-11,29.1200,29.4150,29.1200,29.4150,0
2016-07-12,29.4150,29.4150,29.1800,29.1800,40
2016-07-13,28.9900,29.1930,28.9900,29.1930,300
2016-07-14,29.0030,29.1200,29.0030,29.1200,0
2016-07-15,29.1200,29.2450,29.1200,29.2450,0
2016-07-18,29.2450,29.2450,28.6500,28.9570,0
2016-07-19,28.9570,28.9570,28.7630,28.7630,0
2016-07-20,28.7630,29.1120,28.7630,29.1120,0
2016-07-21,29.1120,29.1120,28.6650,28.6650,0
2016-07-22,28.6650,28.7840,28.6650,28.7210,0
2016-07-25,28.7210,28.7210,28.5190,28.5190,0
2016-07-26,28.5190,28.6810,28.5190,28.6810,0
2016-07-27,28.6810,28.6810,28.4990,28.4990,0
2016-07-28,28.4990,28.4990,28.2570,28.2570,0
2016-07-29,28.2570,28.2570,28.2570,28.2570,0
2016-08-01,28.2570,28.2570,28.2570,28.2570,0
2016-08-02,28.2570,28.5350,28.2570,28.3500,0
2016-08-03,28.3500,28.3500,27.9450,28.0500,0
2016-08-04,28.0500,28.2740,28.0500,28.2740,0
2016-08-05,28.2740,28.8650,28.2740,28.8010,0
2016-08-08,28.8010,28.8900,28.3510,28.3510,0
2016-08-09,28.3510,28.4680,28.3310,28.4680,0
2016-08-10,28.4680,28.5390,28.3710,28.3710,0
2016-08-11,28.3710,28.4980,28.3710,28.4980,0
2016-08-12,28.4980,28.4980,28.4290,28.4290,0
2016-08-15,28.4290,28.5300,28.4290,28.5300,0
2016-08-16,28.5300,28.5300,28.2770,28.2770,0
2016-08-17,28.2770,28.2770,27.9730,28.0150,0
2016-08-18,28.0150,28.0380,27.8950,27.9330,35
2016-08-19,27.9330,27.9330,27.8390,27.8800,0
2016-08-22,27.8800,27.9910,27.7840,27.9910,0
2016-08-23,27.9910,28.0160,27.9880,27.9880,0
2016-08-24,27.9880,28.0000,27.8540,28.0000,150
2016-08-25,27.8100,27.8100,27.3960,27.4790,0
2016-08-26,27.4790,27.4790,27.3860,27.4500,0
2016-08-29,27.4500,27.6570,27.4500,27.6140,0
2016-08-30,27.6140,27.7580,27.5910,27.7580,0
2016-08-31,27.7580,27.7580,27.3000,27.3000,0
2016-09-01,27.3000,27.3000,26.9550,26.9550,0
2016-09-02,26.9550,27.5790,26.9550,27.5790,0
2016-09-05,27.5790,27.8610,27.5790,27.8520,0
2016-09-06,27.8520,27.8520,27.7800,27.8090,0
2016-09-07,27.8090,27.8740,27.6170,27.8740,0
2016-09-08,27.8740,27.8740,27.6040,27.6970,0
2016-09-09,27.6970,27.6970,27.3080,27.3080,0
2016-09-12,27.3080,27.4850,27.1390,27.4850,0
2016-09-13,27.4850,27.5720,27.2500,27.4540,99
2016-09-14,27.4540,27.4540,27.2030,27.2370,0
2016-09-15,27.2370,27.2410,27.1790,27.2410,0
2016-09-16,27.2410,27.3590,27.2410,27.3590,0
2016-09-19,27.3590,27.7070,27.3590,27.5590,0
2016-09-20,27.5590,27.8950,27.5590,27.8950,0
2016-09-21,27.8950,28.0930,27.8950,27.9330,0
2016-09-22,27.9330,28.1510,27.9330,28.1050,0
2016-09-23,28.1050,28.1050,27.9070,27.9860,0
2016-09-26,27.9860,27.9860,27.7010,27.7520,0
2016-09-27,27.7520,27.8630,27.7390,27.7390,20
2016-09-28,27.7390,28.0550,27.7390,27.9080,10
2016-09-29,27.9080,27.9080,27.6770,27.6770,0
2016-09-30,27.6770,27.6770,27.4920,27.4920,0
2016-10-04,27.4920,27.4920,27.4850,27.4850,0
2016-10-05,27.4850,27.5760,27.3610,27.3610,0
2016-10-06,27.3610,27.6060,27.2390,27.2390,0
2016-10-07,27.2390,27.4320,27.1070,27.1070,0
2016-10-10,27.1070,27.3260,27.1070,27.3000,200
2016-10-11,27.3000,27.6850,27.3000,27.3140,0
2016-10-12,27.3140,27.3240,27.0000,27.0000,0
2016-10-13,27.0000,27.0000,26.7280,26.7280,0
2016-10-14,26.7280,27.1410,26.7280,27.0700,0
2016-10-17,27.0700,27.0700,26.6240,26.6240,0
2016-10-18,26.6240,26.7600,26.6240,26.7600,0
2016-10-19,26.7600,26.9100,26.7600,26.9080,0
2016-10-20,26.9080,26.9080,26.9080,26.9080,0
2016-10-21,26.9080,26.9080,26.7560,26.7560,0
2016-10-24,26.7560,26.9000,26.7000,26.7000,0
2016-10-25,26.7000,26.7000,26.2190,26.2190,0
2016-10-26,26.3500,26.3500,25.9750,26.0290,36
2016-10-27,26.0290,26.4050,26.0290,26.4050,0
2016-10-28,26.4050,26.4050,26.3280,26.3280,0
2016-10-31,26.3280,26.3280,26.0870,26.0870,0
2016-11-01,26.0870,26.0870,25.8620,25.8620,200
2016-11-02,25.8620,26.0000,25.8620,25.9370,0
2016-11-03,25.9370,25.9370,25.5800,25.5800,581
2016-11-04,25.5800,25.8400,25.2500,25.4840,650
2016-11-07,25.4840,26.1500,25.4840,25.8930,200
2016-11-08,25.8930,26.0000,25.8930,25.9390,11
2016-11-09,25.9390,27.3500,25.9390,27.3250,0
2016-11-10,27.3250,27.4750,27.2000,27.2000,0
2016-11-11,27.2000,27.5500,27.0590,27.0590,150
2016-11-14,27.0590,27.5500,26.9500,27.0340,172
2016-11-15,27.0340,27.1800,26.8500,26.9040,0
2016-11-16,26.9040,27.0500,26.7500,26.9030,585
2016-11-17,26.9030,27.2100,26.9030,27.2100,0
2016-11-18,27.2100,27.2100,27.0500,27.0610,0
2016-11-21,27.0610,27.0610,26.8500,26.8780,0
2016-11-22,26.8780,26.8780,25.9670,25.9670,100
2016-11-23,25.8920,25.9400,25.7000,25.9400,0
2016-11-24,25.9400,26.2000,25.9400,26.0000,0
2016-11-25,26.0000,26.4200,26.0000,26.3940,0
2016-11-28,26.3940,26.6740,26.1270,26.1270,0
2016-11-29,26.1270,26.3500,26.1270,26.1550,0
2016-11-30,26.1550,26.2140,26.0900,26.1550,0
2016-12-01,26.1550,26.1550,25.6690,25.6690,24
2016-12-02,25.6690,25.6690,25.2870,25.2870,1024
2016-12-05,25.2870,25.9450,25.2870,25.5310,0
2016-12-06,25.5310,25.7700,25.5310,25.6760,200
2016-12-07,25.6760,25.9390,25.2200,25.2200,0
2016-12-08,25.2200,25.5080,25.2200,25.4420,0
2016-12-09,25.4420,26.3380,25.4420,26.3240,35
2016-12-12,26.1740,26.3250,26.0640,26.0640,0
2016-12-13,26.0640,26.7640,26.0640,26.7640,24
2016-12-14,26.7640,26.8950,26.7500,26.7790,2002
2016-12-15,26.7790,26.8860,26.7660,26.8860,0
2016-12-16,26.8860,27.2670,26.8860,27.1920,0
2016-12-19,27.1920,27.2490,27.1920,27.2490,0
2016-12-20,27.2490,27.3880,27.2490,27.2510,0
2016-12-21,27.2510,27.2510,27.0500,27.0610,0
2016-12-22,27.0610,27.3410,26.9030,26.9150,0
2016-12-23,26.9150,27.2720,26.8940,26.9000,0
2016-12-27,26.9000,27.3790,26.9000,27.0700,0
2016-12-28,27.0700,27.0750,27.0000,27.0750,0
2016-12-29,27.0750,27.2220,27.0730,27.0730,0
2016-12-30,27.0730,27.0730,26.8630,26.8630,0
2017-01-02,26.8630,27.3300,26.8630,27.3300,0
2017-01-03,27.3300,27.4890,27.2640,27.4890,0
2017-01-04,27.4890,27.6760,27.4870,27.6690,0
2017-01-05,27.6690,28.0060,27.6660,27.9830,0
2017-01-06,27.9830,28.0830,27.9830,27.9900,0
2017-01-09,27.9900,28.1080,27.9900,28.1080,0
2017-01-10,28.1080,28.2370,28.0300,28.2370,0
2017-01-11,28.2370,28.3150,28.0320,28.3150,106
2017-01-12,28.1650,28.1650,27.3020,27.4070,70
2017-01-13,27.4070,27.7820,27.4070,27.7150,175
2017-01-16,27.7150,27.7150,27.5370,27.5470,0
2017-01-17,27.5470,27.5470,27.4040,27.4040,0
2017-01-18,27.4040,27.4330,27.2770,27.4330,0
2017-01-19,27.4330,27.4330,27.0580,27.0580,0
2017-01-20,27.0580,27.3950,26.9630,27.1810,10
2017-01-23,27.1810,27.1810,26.8450,26.8860,0
2017-01-24,26.8860,27.0210,26.8860,26.9170,0
2017-01-25,26.9170,27.2120,26.9170,27.2120,0
2017-01-26,27.2010,27.8780,27.2010,27.6000,397
2017-01-27,27.6000,27.6000,27.4510,27.4940,0
2017-01-30,27.4940,27.4940,27.4000,27.4000,0
2017-01-31,27.4000,27.4000,26.9990,27.2590,0
2017-02-01,27.2590,27.8390,27.2590,27.7690,0
2017-02-02,27.7690,27.7690,27.2140,27.2140,0
2017-02-03,27.2140,27.5000,27.2140,27.5000,0
2017-02-06,27.8000,27.8000,27.4240,27.6320,200
2017-02-07,27.6320,27.9710,27.6320,27.9360,0
2017-02-08,27.9360,27.9360,27.7970,27.7970,0
2017-02-09,27.7970,28.2080,27.7970,27.9830,200
2017-02-10,27.9830,28.0430,27.9080,28.0430,0
2017-02-13,28.0430,28.1580,27.9930,28.1580,0
2017-02-14,28.1580,28.1580,27.8580,27.8610,0
2017-02-15,27.8610,28.2010,27.8610,28.1870,10
2017-02-16,28.1870,28.5250,28.1870,28.4320,0
2017-02-17,28.4320,28.5410,28.3060,28.5410,0
2017-02-20,28.5410,28.5410,28.4530,28.4530,0
2017-02-21,28.4530,28.9510,28.4530,28.9510,0
2017-02-22,28.9510,28.9510,28.6160,28.7990,0
2017-02-23,28.7990,28.7990,28.6520,28.6520,0
2017-02-24,28.6520,28.7230,28.3880,28.7230,0
2017-02-27,28.7230,28.7230,28.4060,28.4760,0
2017-02-28,28.4760,28.6830,28.4070,28.6830,0
2017-03-01,28.6830,28.7800,28.6830,28.7420,0
2017-03-02,28.7420,30.8560,28.7420,30.8560,790
2017-03-03,30.7060,30.7060,30.2460,30.4130,0
2017-03-06,30.4130,30.4130,30.1660,30.3230,50
2017-03-07,30.3230,30.3230,29.9610,30.1320,0
2017-03-08,30.1320,30.5330,29.9800,30.1760,52
2017-03-09,30.1760,30.1760,29.8750,29.9230,0
2017-03-10,29.9230,30.0340,29.9150,29.9650,200
2017-03-13,29.9650,30.2280,29.9080,30.1690,408
2017-03-14,30.1690,30.2600,30.1390,30.2600,0
2017-03-15,30.2600,30.2600,29.1000,29.4230,0
2017-03-16,29.4230,29.4230,29.1450,29.3260,0
2017-03-17,29.3260,29.4620,29.3260,29.3830,0
2017-03-20,29.3830,29.4990,29.3000,29.4480,2340
2017-03-21,29.4480,29.4480,29.0670,29.0670,0
2017-03-22,29.0670,29.1950,29.0480,29.1950,0
2017-03-23,29.1950,29.3950,29.1950,29.3950,0
2017-03-24,29.3950,29.5140,29.3810,29.5140,0
2017-03-27,29.5140,29.5140,29.3460,29.4690,30
2017-03-28,29.4690,29.6400,29.4690,29.6100,0
2017-03-29,29.6100,29.7740,29.5660,29.7590,0
2017-03-30,29.7590,30.1120,29.7590,30.1120,0
2017-03-31,30.1120,30.1120,29.8880,29.8880,0
2017-04-03,29.8880,30.0320,29.8880,30.0090,0
2017-04-04,30.0090,30.0380,29.9620,30.0380,266
2017-04-05,30.0380,30.0640,29.9440,30.0640,0
2017-04-06,30.0640,30.0640,29.8190,29.8450,0
2017-04-07,29.8450,29.9450,29.8450,29.9450,0
2017-04-10,29.9450,30.0670,29.8890,29.8890,0
2017-04-11,29.8890,29.9850,29.8890,29.9850,0
2017-04-12,29.9850,30.2190,29.9850,30.2190,0
2017-04-13,30.2190,30.2190,30.0120,30.0120,0
2017-04-18,30.0120,30.0120,29.5650,29.5650,0
2017-04-19,29.5650,29.5880,29.5460,29.5880,0
2017-04-20,29.5880,29.5880,29.4780,29.4780,0
2017-04-21,29.4780,29.4780,29.3840,29.3840,0
2017-04-24,29.3840,29.3840,29.2890,29.3650,0
2017-04-25,29.3650,29.6470,29.3650,29.5410,1000
2017-04-26,29.5410,29.6390,29.5410,29.6390,0
2017-04-27,29.6390,30.0130,29.6390,30.0130,0
2017-04-28,30.0130,30.0130,29.8260,29.8260,0
2017-05-02,29.8260,30.5010,29.8260,30.5010,84
2017-05-03,30.4510,30.6350,30.4510,30.6350,0
2017-05-04,30.6350,30.7150,30.6350,30.7150,0
2017-05-05,30.7150,30.9370,30.7150,30.9370,0
2017-05-08,30.9370,30.9370,30.7980,30.8700,0
2017-05-09,30.8700,31.1680,30.8700,31.0520,170
2017-05-10,31.0520,31.0520,30.2910,30.3230,10
2017-05-11,30.3230,30.4140,30.3230,30.3370,0
2017-05-12,30.3370,30.7370,30.3370,30.7370,0
2017-05-15,30.7370,30.7990,30.6440,30.6440,100
2017-05-16,30.6440,30.9110,30.6140,30.9110,154
2017-05-17,30.9110,30.9110,30.6160,30.6160,0
2017-05-18,30.6160,30.6160,30.2910,30.2910,0
2017-05-19,30.2910,30.5400,30.2910,30.5150,0
2017-05-22,30.5150,30.6280,30.5150,30.5230,0
2017-05-23,30.5230,30.6560,30.4900,30.5230,0
2017-05-24,30.5230,30.5760,30.5220,30.5220,0
2017-05-25,30.5220,30.5220,30.4900,30.4900,0
2017-05-26,30.4900,30.5470,30.4900,30.5470,0
2017-05-29,30.5470,30.6820,30.5070,30.5070,81
2017-05-30,30.5070,30.5120,30.3440,30.5120,0
2017-05-31,30.5120,30.5900,30.5100,30.5100,0
2017-06-01,30.5100,30.6920,30.3850,30.3850,40
2017-06-02,30.3850,30.4730,30.3850,30.3930,0
2017-06-05,30.3930,30.3930,30.3930,30.3930,0
2017-06-06,30.1950,30.1950,28.6780,28.6780,0
2017-06-07,28.6780,28.8110,28.2400,28.7320,310
2017-06-08,28.6320,28.6320,28.4150,28.4150,0
2017-06-09,28.4150,28.5000,28.3970,28.4560,1
2017-06-12,28.4560,28.7110,28.4560,28.7110,0
2017-06-13,28.7110,28.7950,28.6900,28.7950,0
2017-06-14,28.7950,28.8010,28.6170,28.6170,0
2017-06-15,28.6170,28.8020,28.6090,28.8020,0
2017-06-16,28.8020,29.0710,28.8020,28.9410,0
2017-06-19,28.9410,29.2980,28.9410,29.1750,150
2017-06-20,29.1750,29.1750,28.8950,29.1000,0
2017-06-21,29.1000,29.1000,28.8210,28.9290,0
2017-06-22,28.9290,29.0460,28.9290,28.9990,0
2017-06-23,28.9990,29.1650,28.9990,29.1160,100
2017-06-26,29.1160,29.1160,28.8660,28.8660,0
2017-06-27,28.8660,28.9400,28.8130,28.8470,0
2017-06-28,28.8470,28.8470,28.6880,28.6880,0
2017-06-29,28.6880,28.6880,28.2300,28.2300,0
2017-06-30,28.2300,28.2300,27.8660,27.8660,50
2017-07-03,27.8660,28.0630,27.8660,28.0630,0
2017-07-04,28.0630,28.0630,27.9800,27.9800,0
2017-07-05,27.9800,27.9800,27.6900,27.7420,50
2017-07-06,27.7420,27.7420,27.3010,27.3010,0
2017-07-07,27.3010,27.3010,27.1850,27.1850,0
2017-07-10,27.1850,27.4570,27.1850,27.3170,20
2017-07-11,27.3170,27.3170,26.8950,26.8950,0
2017-07-12,26.8950,27.4890,26.8950,27.4890,0
2017-07-13,27.4890,27.4890,27.4840,27.4840,0
2017-07-14,27.4840,27.7500,27.4840,27.7470,1000
2017-07-17,27.7470,27.7810,27.6440,27.6810,0
2017-07-18,27.6810,27.6810,27.4910,27.4910,0
2017-07-19,27.4910,27.7270,27.4640,27.7270,0
2017-07-20,27.7270,27.8280,27.6440,27.6440,0
2017-07-21,27.6440,27.6670,27.4940,27.6350,0
2017-07-24,27.6350,27.6350,27.1720,27.5250,800
2017-07-25,27.5250,27.5440,27.3340,27.3340,0
2017-07-26,27.3340,27.3340,26.8710,27.2270,100
2017-07-27,27.1270,27.2800,27.1150,27.1660,0
2017-07-28,27.1660,27.1660,26.5330,26.5330,0
2017-07-31,26.5330,26.8440,26.5330,26.8440,0
2017-08-01,26.8440,26.8440,26.8440,26.8440,0
2017-08-02,26.8440,26.8440,26.7720,26.7720,0
2017-08-03,26.7720,26.8900,26.7070,26.8900,0
2017-08-04,26.8900,27.0670,26.8900,27.0670,0
2017-08-07,27.0670,27.0670,26.8900,26.9080,0
2017-08-08,27.1080,27.1080,26.7810,26.9580,340
2017-08-09,26.9580,26.9580,26.9430,26.9480,0
2017-08-10,26.9480,26.9480,26.7620,26.7620,0
2017-08-11,26.7620,26.7620,26.6130,26.6300,0
2017-08-14,26.6300,26.6580,26.5830,26.6580,8
2017-08-15,26.6580,26.7440,26.6580,26.7030,0
2017-08-16,26.7030,26.8100,26.7030,26.7980,0
2017-08-17,26.7980,27.0080,26.6920,26.9110,0
2017-08-18,26.9110,26.9110,26.5020,26.5910,700
2017-08-21,26.5910,26.6000,26.5910,26.6000,1000
2017-08-22,26.5000,26.7900,26.5000,26.7800,300
2017-08-23,26.7800,26.7800,26.4870,26.4870,150
2017-08-24,26.4870,26.6320,26.4870,26.5900,0
2017-08-25,26.5900,26.6040,26.5530,26.5530,0
2017-08-28,26.5530,26.5530,26.3490,26.4010,0
2017-08-29,26.4010,26.4470,26.1860,26.4470,0
2017-08-30,26.4470,26.4470,26.2730,26.3700,0
2017-08-31,26.3700,26.5380,26.2250,26.5380,0
2017-09-01,26.5380,26.6120,26.5380,26.6000,0
2017-09-04,26.6000,26.6000,26.4950,26.4950,0
2017-09-05,26.4950,26.5700,26.4950,26.5700,0
2017-09-06,26.5700,26.5700,26.3450,26.5150,0
2017-09-07,26.5150,26.5940,26.5150,26.5940,0
2017-09-08,26.5940,26.7900,26.5670,26.7900,0
2017-09-11,26.7900,26.7900,26.2710,26.2710,0
2017-09-12,26.2710,26.4310,26.2500,26.2500,0
2017-09-13,26.2500,26.3860,26.2060,26.3670,150
2017-09-14,26.3670,26.5100,26.3670,26.5100,0
2017-09-15,26.5100,26.5100,26.4090,26.4300,60
2017-09-18,26.3300,26.4440,26.3300,26.4240,0
2017-09-19,26.4240,26.4730,26.2860,26.3900,0
2017-09-20,26.3900,26.6730,26.3900,26.6730,100
2017-09-21,26.6730,26.8260,26.6730,26.8260,0
2017-09-22,26.8260,26.8260,26.7010,26.7250,0
2017-09-25,26.7250,27.1240,26.6750,27.1240,0
2017-09-26,27.1240,27.1240,26.8930,26.9370,0
2017-09-27,26.9370,26.9370,26.8610,26.8610,0
2017-09-28,26.6620,26.8840,26.6620,26.8680,65
2017-09-29,26.8680,26.8680,26.7070,26.7630,0
2017-10-02,26.7630,27.2170,26.7630,27.2170,0
2017-10-03,27.2170,27.2170,27.2170,27.2170,0
2017-10-04,27.2170,27.2170,27.0820,27.1050,0
2017-10-05,27.1050,27.1050,26.8870,26.8870,0
2017-10-06,26.8870,27.0160,26.8870,26.9360,0
2017-10-09,26.9360,26.9360,26.7640,26.7640,12
2017-10-10,26.7640,26.7640,26.6380,26.6910,0
2017-10-11,26.6910,26.7500,26.6420,26.6960,100
2017-10-12,26.5960,26.5960,26.4190,26.4190,0
2017-10-13,26.4190,26.4780,26.4190,26.4780,0
2017-10-16,26.4780,26.4780,26.2950,26.4200,0
2017-10-17,26.4200,26.6630,26.4000,26.6630,0
2017-10-18,26.6630,26.6780,26.3540,26.3540,350
2017-10-19,26.3540,26.3600,25.7340,25.7340,1030
2017-10-20,25.7340,25.7340,25.0810,25.0810,100
2017-10-23,25.0810,25.3730,25.0810,25.3240,0
2017-10-24,25.3240,25.3240,25.0370,25.0370,75
2017-10-25,25.0370,25.0370,24.3260,24.3260,1000
2017-10-26,24.3260,24.4850,24.3000,24.4850,0
2017-10-27,24.4850,24.7300,24.4850,24.7300,0
2017-10-30,24.7300,24.7300,24.4110,24.6530,188
2017-10-31,24.6530,24.6530,24.6530,24.6530,0
2017-11-01,24.6530,24.8420,24.6530,24.7740,0
2017-11-02,24.7740,24.7890,24.7600,24.7890,0
2017-11-03,24.7890,24.9590,24.7880,24.9590,0
2017-11-06,24.9590,25.0800,24.9590,25.0800,0
2017-11-07,25.0800,25.0800,24.8950,24.8950,394
2017-11-08,24.8950,24.8950,24.8240,24.8390,0
2017-11-09,24.8390,24.8390,24.5060,24.5060,0
2017-11-10,24.5060,24.5060,24.4550,24.4550,0
2017-11-13,24.4550,24.6110,24.4510,24.4730,0
2017-11-14,24.4730,24.5450,24.3990,24.3990,0
2017-11-15,24.3990,24.3990,24.3210,24.3210,0
2017-11-16,24.3210,24.5710,24.3210,24.4070,110
2017-11-17,24.4070,24.4820,24.3200,24.4780,0
2017-11-20,24.4780,26.1840,24.4780,26.1840,0
2017-11-21,26.1840,26.1840,26.1100,26.1740,198
2017-11-22,26.1740,26.6320,26.1740,26.6320,0
2017-11-23,26.6320,26.6320,26.3830,26.4960,0
2017-11-24,26.4960,26.4960,26.3230,26.3230,0
2017-11-27,26.3230,26.3230,26.2990,26.3230,0
2017-11-28,26.3230,26.4660,26.2280,26.4660,0
2017-11-29,26.4660,26.5500,26.4660,26.5500,0
2017-11-30,26.5500,26.5500,26.3990,26.5130,0
2017-12-01,26.5130,26.7240,26.3680,26.7240,50
2017-12-04,26.6240,26.6240,26.4110,26.4110,0
2017-12-05,26.4110,26.4110,26.2030,26.2030,0
2017-12-06,26.2030,26.3810,26.1230,26.3810,0
2017-12-07,26.3810,26.3810,25.8340,25.8340,0
2017-12-08,25.8340,25.8340,25.4290,25.5740,0
2017-12-11,25.5740,25.6260,25.5740,25.6260,100
2017-12-12,25.6260,25.8000,25.6260,25.8000,100
2017-12-13,25.8000,25.9200,25.8000,25.9200,0
2017-12-14,25.9200,25.9200,25.7900,25.7900,0
2017-12-15,25.7900,26.0700,25.7900,26.0700,0
2017-12-18,26.0700,26.3700,26.0700,26.3700,0
2017-12-19,26.3700,26.4160,26.2370,26.2370,70
2017-12-20,26.2370,26.2370,26.0050,26.0050,40
2017-12-21,26.0050,26.2500,25.8410,26.2490,0
2017-12-22,26.2490,26.2490,26.1130,26.1380,0
2017-12-27,26.1370,26.2470,26.0600,26.2470,100
2017-12-28,26.2470,26.3750,26.2470,26.3350,0
2017-12-29,26.3350,26.3400,26.2830,26.2830,200
2018-01-02,26.1850,26.1850,26.1850,26.1850,0
2018-01-03,26.1850,26.8050,26.1850,26.5900,464
2018-01-04,26.5900,26.6850,26.5900,26.6850,0
2018-01-05,26.6850,26.7800,26.5000,26.7150,4020
2018-01-08,26.7150,26.7750,26.6450,26.6450,0
2018-01-09,26.6450,26.6450,26.5950,26.6100,0
2018-01-10,26.6100,26.6100,26.2900,26.2900,10
2018-01-11,26.2900,26.3450,25.9950,26.0350,0
2018-01-12,26.0350,26.0350,25.9800,25.9800,0
2018-01-15,25.9800,25.9900,25.5350,25.9150,100
2018-01-16,25.8150,25.8150,24.9700,24.9700,10
2018-01-17,24.9700,24.9700,24.6850,24.6850,4010
2018-01-18,24.6850,24.8150,24.6850,24.7950,30
2018-01-19,24.7950,25.0200,24.6950,24.8150,227
2018-01-22,24.8150,24.9700,24.8150,24.9700,0
2018-01-23,24.9700,25.0900,24.7700,25.0900,0
2018-01-24,25.0900,25.0900,24.9800,24.9800,0
2018-01-25,24.9800,24.9800,24.6550,24.7050,0
2018-01-26,24.7050,24.7050,24.6350,24.7000,0
2018-01-29,24.7000,24.8900,24.7000,24.7550,0
2018-01-30,24.5000,24.8250,24.5000,24.8100,0
2018-01-31,24.8100,24.8100,24.7000,24.7000,0
2018-02-01,24.5950,25.1850,23.9700,23.9700,1000
2018-02-02,24.2450,24.2450,24.0750,24.0750,0
2018-02-05,24.2450,24.3200,24.2450,24.3200,2
2018-02-06,24.0200,24.0200,23.5500,23.5500,0
2018-02-07,23.8400,23.8400,23.8400,23.8400,0
2018-02-08,23.9500,24.1300,23.9500,24.1300,120
2018-02-09,23.8400,23.8400,23.8400,23.8400,0
2018-02-12,23.7800,23.7800,23.4800,23.4800,0
2018-02-13,23.8050,23.8050,23.3900,23.3900,0
2018-02-14,23.8350,23.9600,23.8350,23.9600,0
2018-02-15,24.1300,24.1300,24.0000,24.0000,0
2018-02-16,24.3100,24.3600,24.3100,24.3600,0
2018-02-19,24.6950,24.6950,24.6950,24.6950,0
2018-02-20,24.1650,24.1650,23.9050,23.9050,0
2018-02-21,24.1500,24.1500,23.9650,23.9650,0
2018-02-22,24.0550,24.0550,23.8700,23.8700,0
2018-02-23,24.2100,24.2100,24.2100,24.2100,0
2018-02-26,24.2100,24.2100,23.9950,23.9950,0
2018-02-27,24.1300,24.1300,23.9950,23.9950,0
2018-02-28,24.0850,24.0850,23.7300,23.7300,0
2018-03-01,23.7150,23.7150,23.7150,23.7150,0
2018-03-02,23.6200,23.6200,23.6200,23.6200,0
2018-03-05,23.6250,24.3500,23.6250,23.8400,50
2018-03-06,24.3150,24.3150,23.9650,23.9650,10
2018-03-07,24.0700,24.0700,24.0000,24.0000,0
2018-03-08,24.2950,24.2950,24.1450,24.1450,10
2018-03-09,24.4450,24.4450,24.4450,24.4450,0
2018-03-12,24.8000,24.8000,24.8000,24.8000,0
2018-03-13,24.7150,24.7150,24.2500,24.2500,0
2018-03-14,24.4800,24.4800,24.4800,24.4800,0
2018-03-15,23.6800,23.8600,23.3900,23.3900,100
2018-03-16,23.6700,23.6700,23.6700,23.6700,0
2018-03-19,23.2400,23.2400,23.2150,23.2150,0
2018-03-20,23.3350,23.4350,23.1350,23.1350,5
2018-03-21,23.1750,23.1750,23.1750,23.1750,0
2018-03-22,23.1150,23.1150,22.7850,22.7850,0
2018-03-23,22.7900,23.4950,22.7900,22.8950,440
2018-03-26,22.9050,23.1250,22.9050,23.1250,38
2018-03-27,22.8150,22.8150,22.8100,22.8100,0
2018-03-28,22.7250,23.1500,22.7250,23.1500,0
2018-03-29,23.3000,23.3000,23.1100,23.1100,0
2018-04-03,22.2800,22.5400,22.2800,22.5400,0
2018-04-04,22.2800,22.3000,22.2800,22.3000,0
2018-04-05,23.0000,23.0000,22.7250,22.7250,48
2018-04-06,23.0050,23.0050,23.0050,23.0050,0
2018-04-09,22.9400,23.1250,22.7300,22.7300,70
2018-04-10,23.0200,23.0200,22.8150,22.8150,1200
2018-04-11,23.0200,23.0200,22.7950,22.7950,0
2018-04-12,22.9850,22.9850,22.9850,22.9850,0
2018-04-13,22.8850,22.8850,22.6100,22.6100,0
2018-04-16,22.8700,22.8700,22.5750,22.5750,0
2018-04-17,22.7000,22.7000,22.5300,22.5300,0
2018-04-18,22.7150,22.7150,22.4100,22.4100,0
2018-04-19,22.6750,22.6750,22.3650,22.3650,0
2018-04-20,22.5800,22.5800,22.5800,22.5800,0
2018-04-23,22.6200,22.6500,22.6200,22.6500,0
2018-04-24,22.8050,22.8050,22.8050,22.8050,0
2018-04-25,22.7850,22.7850,22.4850,22.4850,0
2018-04-26,23.2650,23.2650,22.5050,22.5050,0
2018-04-27,22.9000,22.9000,22.9000,22.9000,0
2018-04-30,23.0950,23.0950,22.8850,22.8850,0
2018-05-02,23.3250,23.3250,23.1700,23.1700,0
2018-05-03,23.5750,23.5750,23.5750,23.5750,0
2018-05-04,23.8150,23.8150,23.2800,23.2800,0
2018-05-07,23.7900,23.7900,23.7900,23.7900,0
2018-05-08,23.9300,23.9300,23.2000,23.4550,800
2018-05-09,23.8350,23.8350,23.3550,23.3550,5
2018-05-10,23.7950,23.7950,23.7950,23.7950,0
2018-05-11,23.4500,23.4500,23.4500,23.4500,0
2018-05-14,23.4250,23.4350,23.3450,23.3450,0
2018-05-15,23.6550,23.6550,23.6550,23.6550,0
2018-05-16,24.2600,24.2600,23.7850,23.7850,10
2018-05-17,24.1000,24.1000,23.4800,23.4800,0
2018-05-18,23.7550,23.7550,23.6750,23.6750,0
2018-05-21,23.6750,23.6750,23.6750,23.6750,0
2018-05-22,24.1000,24.1000,23.7350,23.7350,0
2018-05-23,24.1050,24.1050,23.2450,23.2450,0
2018-05-24,23.6600,23.6600,23.3100,23.3100,0
2018-05-25,23.6700,23.6700,23.6700,23.6700,0
2018-05-28,23.3800,24.2050,23.3800,24.2050,165
2018-05-29,23.5800,23.5800,23.1850,23.1850,0
2018-05-30,23.5950,23.5950,23.1950,23.1950,0
2018-05-31,23.3300,23.3300,23.3300,23.3300,0
2018-06-01,22.9200,23.2450,22.9200,23.2450,0
2018-06-04,23.4450,23.4450,22.8200,22.8200,0
2018-06-05,23.1900,23.1900,22.5900,22.5900,0
2018-06-06,22.7800,22.7800,22.2350,22.2350,30
2018-06-07,22.6100,22.6100,22.6100,22.6100,0
2018-06-08,22.4300,22.4300,22.2000,22.2000,0
2018-06-11,22.3300,22.3300,22.2650,22.2650,0
2018-06-12,22.6400,22.6400,22.6400,22.6400,0
2018-06-13,22.7350,22.7350,22.7350,22.7350,0
2018-06-14,22.6250,22.6250,22.6250,22.6250,0
2018-06-15,23.0350,23.0350,22.5650,22.5650,0
2018-06-18,22.9400,22.9400,22.5500,22.5500,0
2018-06-19,22.8800,22.8800,22.6450,22.6450,0
2018-06-20,23.1250,24.0800,23.1250,23.2100,50
2018-06-21,23.9150,23.9150,23.1800,23.1800,0
2018-06-22,23.5000,23.5450,23.5000,23.5450,0
2018-06-25,23.9150,23.9150,23.2950,23.2950,0
2018-06-26,23.5550,23.5550,23.2000,23.2000,0
2018-06-27,23.5350,23.5350,23.4200,23.4200,0
2018-06-28,23.8150,23.8150,23.8150,23.8150,0
2018-06-29,23.5950,23.5950,23.5000,23.5000,800
2018-07-02,24.4000,24.4000,23.7650,23.7650,2
2018-07-03,23.7700,23.7700,23.6700,23.6700,0
2018-07-04,23.9650,24.2550,23.9650,24.2550,0
2018-07-05,24.0300,24.3300,23.8050,24.3300,5
2018-07-06,24.0500,24.0500,23.7500,23.7500,0
2018-07-09,24.0900,24.0900,24.0900,24.0900,0
2018-07-10,24.2450,24.2450,24.2450,24.2450,5
2018-07-11,24.1900,24.1900,23.7050,23.7050,0
2018-07-12,24.0300,24.2350,24.0300,24.2350,0
2018-07-13,24.7650,24.7650,24.7650,24.7650,0
2018-07-16,24.9850,24.9850,24.5350,24.5350,0
2018-07-17,24.9250,24.9250,24.5650,24.5650,0
2018-07-18,24.9850,25.2800,24.8300,24.8300,4000
2018-07-19,24.7900,24.7900,24.5750,24.5750,0
2018-07-20,24.4900,24.4900,24.4900,24.4900,0
2018-07-23,24.6850,24.6850,24.6850,24.6850,0
2018-07-24,24.7150,24.7150,24.7150,24.7150,0
2018-07-25,24.8300,25.4100,24.8300,25.4100,0
2018-07-26,25.7000,26.4500,25.7000,26.4500,50
2018-07-27,25.6950,25.6950,25.6950,25.6950,0
2018-07-30,25.8200,26.3300,25.8200,25.8850,2074
2018-07-31,25.7850,25.9450,25.7850,25.9450,0
2018-08-01,25.6400,25.6400,25.6400,25.6400,0
2018-08-02,25.6650,26.2350,25.6650,26.2350,0
2018-08-03,26.2200,26.2200,26.2200,26.2200,0
2018-08-06,26.1750,26.1750,26.1750,26.1750,0
2018-08-07,26.0550,26.3050,26.0550,26.3050,500
2018-08-08,26.0900,26.0900,25.8650,25.8650,0
2018-08-09,25.8500,25.8500,25.8500,25.8500,0
2018-08-10,25.7900,25.9800,25.7900,25.9800,0
2018-08-13,25.9350,25.9350,25.9350,25.9350,0
2018-08-14,25.8350,25.8350,25.8350,25.8350,0
2018-08-15,26.0550,26.0550,26.0550,26.0550,0
2018-08-16,25.9600,26.1650,25.9600,26.1500,168
2018-08-17,25.9300,26.1750,25.9300,26.1750,200
2018-08-20,26.0450,26.4150,26.0450,26.4150,0
2018-08-21,26.1200,26.4800,26.1200,26.4800,20
2018-08-22,26.2100,26.2100,26.2100,26.2100,0
2018-08-23,26.0900,26.3750,26.0900,26.3750,40
2018-08-24,26.0450,26.0950,26.0450,26.0950,0
2018-08-27,25.9250,26.1650,25.9250,26.1650,0
2018-08-28,26.0550,26.0550,26.0550,26.0550,0
2018-08-29,26.0350,26.3200,26.0350,26.3200,0
2018-08-30,26.2650,26.2650,26.2650,26.2650,0
2018-08-31,26.2950,26.2950,26.2950,26.2950,0
2018-09-03,26.3050,26.5850,26.3050,26.5850,0
2018-09-04,26.4550,26.4550,26.4550,26.4550,0
2018-09-05,26.2500,26.2500,26.0400,26.0400,0
2018-09-06,25.7750,25.7750,25.7750,25.7750,0
2018-09-07,25.7750,26.2900,25.7750,26.2900,0
2018-09-10,26.1650,26.1650,26.1650,26.1650,0
2018-09-11,26.0600,26.0600,25.9900,25.9900,80
2018-09-12,25.9000,26.3700,25.9000,26.3700,0
2018-09-13,26.0800,26.1950,26.0800,26.1950,0
2018-09-14,26.2000,26.2000,26.2000,26.2000,0
2018-09-17,26.0600,26.0600,26.0600,26.0600,0
2018-09-18,25.8500,25.8900,25.8500,25.8900,0
2018-09-19,25.8950,25.8950,25.8950,25.8950,0
2018-09-20,25.7450,25.7450,25.7450,25.7450,0
2018-09-21,25.6650,25.8400,25.6650,25.8400,0
2018-09-24,25.6750,25.6750,25.4100,25.4100,0
2018-09-25,25.2350,26.2650,25.2350,25.6100,40
2018-09-26,26.3700,26.3700,25.6000,25.6000,76
2018-09-27,25.7150,25.7150,25.7150,25.7150,0
2018-09-28,25.6800,25.9350,25.6800,25.9350,0
2018-10-01,25.7200,25.7200,25.7200,25.7200,0
2018-10-02,25.7550,26.0250,25.7550,26.0250,0
2018-10-04,25.9550,26.2650,25.9550,26.2650,0
2018-10-05,25.9550,25.9550,25.9550,25.9550,0
2018-10-08,25.9550,26.4800,25.9550,26.4800,533
2018-10-09,25.9550,26.2600,25.9550,26.2600,0
2018-10-10,25.9550,25.9550,25.9550,25.9550,0
2018-10-11,25.7800,25.7800,25.7800,25.7800,0
2018-10-12,25.4000,25.4000,25.4000,25.4000,0
2018-10-15,25.4000,26.0200,25.4000,25.4000,150
2018-10-16,25.4000,25.9400,25.4000,25.9400,0
2018-10-17,25.9550,25.9550,25.4750,25.4750,0
2018-10-18,25.4550,25.4550,25.4550,25.4550,0
2018-10-19,25.6750,26.2600,25.6750,26.2600,10
2018-10-22,25.9550,26.2600,25.9550,26.2600,0
2018-10-23,25.9550,26.2600,25.9550,26.2600,0
2018-10-24,25.9550,26.1600,25.9550,26.1600,200
2018-10-25,25.4150,25.4150,25.4150,25.4150,0
2018-10-26,25.4000,25.4000,25.4000,25.4000,0
2018-10-29,25.4000,25.4000,25.4000,25.4000,0
2018-10-30,25.4000,26.0500,25.4000,26.0500,0
2018-10-31,25.9600,26.2600,25.9600,26.2600,0
2018-11-01,25.9550,25.9550,25.9550,25.9550,0
2018-11-02,25.9550,25.9550,25.9550,25.9550,0
2018-11-05,25.9250,25.9250,25.9250,25.9250,0
2018-11-06,25.9550,25.9550,25.9550,25.9550,0
2018-11-07,25.9550,26.2600,25.9550,26.2600,0
2018-11-08,25.9550,26.8900,25.9550,26.8900,498
2018-11-09,26.7900,26.7900,26.7900,26.7900,0
2018-11-12,27.1800,27.1800,27.1800,27.1800,0
2018-11-13,27.1900,27.3250,27.1900,27.3250,0
2018-11-14,27.0900,27.0900,27.0900,27.0900,0
2018-11-15,26.8450,26.8450,26.8450,26.8450,0
2018-11-16,26.9150,27.1650,26.9150,27.1650,0
2018-11-19,26.9950,26.9950,26.8350,26.8350,0
2018-11-20,26.6700,26.9750,26.6700,26.9500,100
2018-11-21,26.8700,26.9000,26.8700,26.9000,0
2018-11-22,26.8350,26.8350,26.8350,26.8350,0
2018-11-23,26.6150,27.1650,26.6150,27.1650,0
2018-11-26,27.0150,27.0150,27.0150,27.0150,0
2018-11-27,27.1550,27.1550,27.1550,27.1550,0
2018-11-28,27.2900,27.7350,27.2900,27.7350,0
2018-11-29,27.5400,27.5400,27.5400,27.5400,0
2018-11-30,27.5400,28.1450,27.5400,28.1450,0
2018-12-03,28.3100,28.3300,28.3100,28.3300,0
2018-12-04,28.1500,28.1500,28.1500,28.1500,0
2018-12-05,27.7500,27.7500,27.7500,27.7500,0
2018-12-06,27.5500,27.5500,26.8000,26.8000,340
2018-12-07,27.1050,27.1050,27.1050,27.1050,0
2018-12-10,27.0650,27.2500,27.0650,27.2500,0
2018-12-11,27.2900,27.2900,27.2900,27.2900,0
2018-12-12,27.4350,27.4350,27.4350,27.4350,0
2018-12-13,27.9100,27.9750,27.9100,27.9750,0
2018-12-14,27.6950,27.6950,27.4400,27.4400,0
2018-12-17,27.2450,27.2450,26.9950,26.9950,150
2018-12-18,26.8550,26.8550,26.8550,26.8550,0
2018-12-19,26.8350,26.8350,26.5850,26.5850,0
2018-12-20,26.0700,26.3100,26.0700,26.3100,0
2018-12-21,26.2050,26.2050,26.2050,26.2050,0
2018-12-27,26.5100,26.5100,25.6850,25.6850,0
2018-12-28,25.8250,25.8250,25.8250,25.8250,0
2019-01-02,26.5700,26.5700,26.5700,26.5700,0
2019-01-03,26.4050,26.4050,26.4050,26.4050,0
2019-01-04,27.2700,27.5650,27.2700,27.5650,0
2019-01-07,27.6000,27.8350,27.6000,27.8350,10
2019-01-08,27.1600,27.8750,27.1600,27.8200,30
2019-01-09,27.6400,27.6400,27.6400,27.6400,0
2019-01-10,27.5400,28.0400,27.5400,28.0400,0
2019-01-11,27.9550,27.9550,27.9550,27.9550,0
2019-01-14,27.6600,28.5500,27.6600,28.5500,5
2019-01-15,27.8050,27.8050,27.8050,27.8050,0
2019-01-16,28.0350,28.1750,28.0350,28.1750,0
2019-01-17,27.8700,28.1450,27.8700,28.1450,0
2019-01-18,28.0500,28.0500,28.0500,28.0500,0
2019-01-21,28.1350,28.1350,28.1350,28.1350,0
2019-01-22,27.8100,28.2150,27.8100,28.2150,0
2019-01-23,27.8750,27.8750,27.8750,27.8750,0
2019-01-24,28.1050,28.1050,28.1050,28.1050,0
2019-01-25,27.9150,27.9150,27.9150,27.9150,0
2019-01-28,27.7800,27.9050,27.7800,27.9050,195
2019-01-29,27.6000,27.9250,27.6000,27.9250,5
2019-01-30,27.3500,27.3500,27.3500,27.3500,0
2019-01-31,28.3700,28.3700,28.3700,28.3700,0
2019-02-01,28.4900,28.4900,28.4900,28.4900,0
2019-02-04,28.5000,29.5600,28.3350,29.5600,29
2019-02-05,28.6650,28.6650,28.6650,28.6650,0
2019-02-06,28.9100,29.1100,28.9100,29.1100,0
2019-02-07,28.9350,29.0000,28.9350,29.0000,0
2019-02-08,28.8800,29.2700,28.6100,29.2700,200
2019-02-11,29.3100,29.3100,29.3100,29.3100,0
2019-02-12,29.3250,29.6700,29.3250,29.6250,161
2019-02-13,29.4500,29.4500,29.4500,29.4500,0
2019-02-14,29.3850,29.5000,29.3850,29.5000,0
2019-02-15,29.2500,29.7600,29.2500,29.7600,0
2019-02-18,29.6150,29.8150,29.6150,29.8150,0
2019-02-19,29.6250,29.9750,29.6250,29.9750,0
2019-02-20,29.7400,29.7400,29.7400,29.7400,0
2019-02-21,30.0050,30.0050,30.0050,30.0050,0
2019-02-22,30.0300,30.0300,30.0300,30.0300,0
2019-02-25,30.1400,30.1400,30.1400,30.1400,0
2019-02-26,29.8200,30.3450,29.8200,30.3450,0
2019-02-27,30.1550,30.2800,30.1550,30.2800,0
2019-02-28,30.1400,30.1400,30.1400,30.1400,0
2019-03-01,30.0700,30.0700,30.0700,30.0700,0
2019-03-04,30.1650,30.3850,30.1650,30.3850,0
2019-03-05,30.1500,30.5300,30.1500,30.5300,0
2019-03-06,30.2300,30.2300,30.2300,30.2300,0
2019-03-07,29.4250,29.4250,29.4250,29.4250,0
2019-03-08,29.4450,29.4450,29.4450,29.4450,0
2019-03-11,29.3550,29.3550,29.3550,29.3550,0
2019-03-12,29.4800,29.4800,29.3900,29.3900,0
2019-03-13,29.2250,29.2250,29.2250,29.2250,0
2019-03-14,29.3550,29.3550,29.3550,29.3550,0
2019-03-15,29.7950,29.7950,29.7950,29.7950,0
2019-03-18,29.4800,29.4950,29.4800,29.4950,0
2019-03-19,29.4600,29.4600,29.4600,29.4600,0
2019-03-20,29.2450,29.5500,29.2450,29.5500,0
2019-03-21,29.4050,29.6300,29.3650,29.6300,0
2019-03-22,29.4700,29.4700,29.4700,29.4700,0
2019-03-25,29.3250,29.4400,29.3250,29.4400,0
2019-03-26,29.4550,29.4550,29.4550,29.4550,0
2019-03-27,29.9700,29.9700,29.9250,29.9250,0
2019-03-28,29.8450,30.0750,29.8450,30.0750,0
2019-03-29,29.8550,29.8550,29.8550,29.8550,0
2019-04-01,30.2000,30.2000,30.2000,30.2000,0
2019-04-02,30.4000,30.4000,30.2000,30.2000,0
2019-04-03,30.4000,30.4000,30.2000,30.2000,800
2019-04-04,30.2000,30.2000,30.2000,30.2000,0
2019-04-05,30.2000,30.2000,30.2000,30.2000,0
2019-04-08,29.9800,29.9800,29.9800,29.9800,0
2019-04-09,29.9500,30.7350,29.9500,30.7350,20
2019-04-10,29.9050,30.1500,29.9050,30.1500,0
2019-04-11,29.8950,29.8950,29.8750,29.8750,0
2019-04-12,29.6450,29.6450,29.6450,29.6450,0
2019-04-15,28.9550,28.9550,28.9200,28.9200,4
2019-04-16,29.1800,29.3550,29.1800,29.3550,0
2019-04-17,29.3000,29.3000,29.3000,29.3000,0
2019-04-18,29.5000,29.5000,28.5350,28.5350,20
2019-04-23,28.4700,28.4700,28.4700,28.4700,0
2019-04-24,28.7850,28.7850,28.7850,28.7850,0
2019-04-25,28.8500,28.8500,28.8500,28.8500,0
2019-04-26,28.6400,28.8800,28.6400,28.8800,0
2019-04-29,28.8450,28.9100,28.8450,28.9100,0
2019-04-30,28.7900,28.7900,28.7900,28.7900,0
2019-05-02,29.0050,29.0050,29.0050,29.0050,0
2019-05-03,28.9100,29.4000,28.9100,29.4000,60
2019-05-06,28.8650,28.8650,28.8650,28.8650,0
2019-05-07,28.9450,28.9450,28.9450,28.9450,0
2019-05-08,28.6550,28.6550,28.6550,28.6550,0
2019-05-09,28.6750,28.6750,28.6750,28.6750,0
2019-05-10,28.2250,28.2250,28.2250,28.2250,0
2019-05-13,27.9300,28.1550,27.9300,28.1550,0
2019-05-14,28.3000,28.3000,28.0150,28.0150,750
2019-05-15,28.1000,28.2050,28.1000,28.2050,0
2019-05-16,28.1850,28.1850,28.1850,28.1850,0
2019-05-17,28.7300,28.7300,28.7300,28.7300,0
2019-05-20,28.9850,28.9850,28.9850,28.9850,0
2019-05-21,29.1500,29.2200,29.1500,29.2200,0
2019-05-22,29.0700,29.4000,29.0700,29.4000,0
2019-05-23,29.4700,30.3950,29.4700,30.3950,1325
2019-05-24,29.7150,30.6700,29.7150,30.0000,20
2019-05-27,29.9000,29.9000,29.9000,29.9000,0
2019-05-28,30.5000,30.5000,30.5000,30.5000,0
2019-05-29,29.2900,29.2900,29.2900,29.2900,0
2019-05-30,29.2850,29.3950,29.2850,29.3950,0
2019-05-31,29.0100,29.0100,29.0100,29.0100,0
2019-06-03,29.0000,29.0000,29.0000,29.0000,0
2019-06-04,29.2900,29.2900,29.2900,29.2900,0
2019-06-05,28.9700,28.9700,28.9700,28.9700,0
2019-06-06,29.0650,29.7400,29.0650,29.7400,0
2019-06-07,29.5300,29.8150,29.5300,29.8150,0
2019-06-11,29.7450,30.2200,29.7450,30.2200,0
2019-06-12,29.6600,29.6600,29.6600,29.6600,0
2019-06-13,30.1150,30.5200,30.1150,30.5200,0
2019-06-14,30.3250,30.5350,30.3250,30.5350,0
2019-06-17,30.3000,30.3000,30.3000,30.3000,0
2019-06-18,30.1700,30.6800,30.1700,30.6800,0
2019-06-19,30.6500,30.6500,30.6500,30.6500,0
2019-06-20,30.6950,31.4450,30.6950,31.2350,0
2019-06-21,31.1800,31.1800,30.9850,30.9850,0
2019-06-24,30.7650,30.7650,30.7650,30.7650,0
2019-06-25,30.6700,30.8950,30.6700,30.8950,0
2019-06-26,30.6000,30.6450,30.5850,30.5850,0
2019-06-27,30.3700,30.3700,30.3700,30.3700,0
2019-06-28,30.3450,30.5100,30.3450,30.5100,0
2019-07-01,30.8100,30.9100,30.8100,30.9100,0
2019-07-02,30.7750,31.0050,30.7750,31.0050,0
2019-07-03,30.9650,32.0800,30.9650,31.2850,30
2019-07-04,31.0700,31.3000,31.0700,31.3000,0
2019-07-05,31.0800,31.2950,31.0800,31.2950,0
2019-07-08,30.6750,30.6750,30.6750,30.6750,0
2019-07-09,30.4600,30.6550,30.4600,30.6550,0
2019-07-10,30.5150,30.5150,30.5150,30.5150,0
2019-07-11,30.3400,30.3400,30.3400,30.3400,0
2019-07-12,29.8150,30.0000,29.3250,29.3250,20
2019-07-15,30.0000,30.0000,30.0000,30.0000,2
2019-07-16,29.3200,29.7350,29.3200,29.6700,0
2019-07-17,29.5250,30.6550,29.5250,30.6550,10
2019-07-18,29.9100,29.9100,29.9100,29.9100,0
2019-07-19,30.1350,30.1350,29.5600,29.5600,83
2019-07-22,29.5150,29.7550,29.5150,29.7550,0
2019-07-23,29.6100,29.6100,29.6100,29.6100,0
2019-07-24,29.9500,29.9500,29.9050,29.9050,78
2019-07-25,29.9800,29.9800,29.7400,29.7400,0
2019-07-26,29.3300,29.3300,29.3300,29.3300,0
2019-07-29,29.9550,29.9550,29.9550,29.9550,0
2019-07-30,29.9600,30.6850,29.9600,30.6850,3
2019-07-31,29.5450,30.5550,29.5450,30.5550,80
2019-08-01,29.8800,30.8600,29.8800,30.8600,3
2019-08-02,29.9600,29.9600,29.9600,29.9600,0
2019-08-05,30.2200,30.2200,30.0900,30.0900,50
2019-08-06,29.5950,29.5950,29.5950,29.5950,0
2019-08-07,29.7800,29.8700,29.7800,29.8700,0
2019-08-08,29.7450,30.8100,29.7450,30.8100,30
2019-08-09,30.4250,31.5100,30.4250,31.5100,215
2019-08-12,30.7200,31.0800,30.7200,31.0800,0
2019-08-13,30.6850,31.1000,30.6850,31.1000,0
2019-08-14,31.0250,31.6400,31.0250,31.6400,1
2019-08-15,30.4350,30.4350,30.4350,30.4350,0
2019-08-16,31.5000,31.7050,30.9600,30.9600,194
2019-08-19,32.0000,32.0000,30.7900,30.7900,3
2019-08-20,31.0200,31.2950,31.0200,31.2800,700
2019-08-21,30.7700,31.1050,30.7700,31.0650,0
2019-08-22,30.8550,30.8550,30.8550,30.8550,0
2019-08-23,30.7700,30.7700,30.7700,30.7700,0
2019-08-26,30.3850,30.7600,30.3850,30.7600,0
2019-08-27,31.5000,31.5000,30.8300,30.8650,98
2019-08-28,30.6200,30.6200,30.6200,30.6200,0
2019-08-29,31.3000,31.4100,30.4700,31.4100,55
2019-08-30,30.5100,30.6450,30.5100,30.6450,0
2019-09-02,31.6000,31.6000,31.2800,31.2800,163
2019-09-03,30.7450,30.7450,30.7450,30.7450,0
2019-09-04,30.7850,30.7850,30.7850,30.7850,0
2019-09-05,30.8800,30.8800,30.8800,30.8800,0
2019-09-06,31.5600,31.5600,31.0300,31.0300,331
2019-09-09,30.8700,30.8700,30.6450,30.6950,0
2019-09-10,30.5950,30.9850,30.5950,30.9850,10
2019-09-11,30.5450,31.3400,30.5450,31.3400,125
2019-09-12,30.3250,30.3250,30.3250,30.3250,0
2019-09-13,30.1450,30.9200,30.1450,30.8950,10
2019-09-16,30.6600,30.9750,30.6600,30.9750,0
2019-09-17,30.7350,30.7350,30.7350,30.7350,0
2019-09-18,31.2800,31.3050,31.2800,31.3050,0
2019-09-19,31.4950,31.9900,31.4950,31.9900,0
2019-09-20,31.7300,32.8500,31.7300,32.8500,425
2019-09-23,31.8750,32.8650,31.8750,32.8650,50
2019-09-24,31.9950,31.9950,31.9950,31.9950,0
2019-09-25,31.9300,31.9450,31.9300,31.9450,0
2019-09-26,31.9900,33.3250,31.9900,33.3050,21
2019-09-27,32.1500,32.6750,32.1500,32.6750,45
2019-09-30,32.8100,32.8100,32.8100,32.8100,0
2019-10-01,32.9600,32.9600,32.7850,32.7850,0
2019-10-02,32.6100,32.6100,32.6100,32.6100,0
2019-10-04,31.7050,33.2600,31.7050,33.2600,860
2019-10-07,32.4300,32.7950,32.4300,32.7950,0
2019-10-08,32.6000,32.6000,32.6000,32.6000,0
2019-10-09,32.4000,32.4000,32.4000,32.4000,0
2019-10-10,32.4000,32.4000,32.4000,32.4000,0
2019-10-11,32.1450,33.0050,32.1450,32.5050,63
2019-10-14,33.5950,33.5950,32.4400,32.4400,92
2019-10-15,32.1100,32.1100,32.1100,32.1100,0
2019-10-16,32.2300,33.2750,32.2300,33.2750,45
2019-10-17,31.7700,31.7700,31.7700,31.7700,0
2019-10-18,32.3500,33.3450,32.3500,33.2900,468
2019-10-21,33.3200,33.3200,32.6250,32.6650,265
2019-10-22,32.4150,32.4150,32.2250,32.2250,0
2019-10-23,32.0600,32.0600,32.0600,32.0600,0
2019-10-24,32.2500,32.8600,32.2500,32.8600,0
2019-10-25,32.5100,32.5100,32.5100,32.5100,0
2019-10-28,32.8450,33.6550,32.8350,33.6550,120
2019-10-29,32.8200,32.9550,32.7950,32.9550,0
2019-10-30,32.7150,32.7150,32.7150,32.7150,0
2019-10-31,34.0000,34.0000,33.0350,33.4100,3
2019-11-01,33.1600,33.1600,33.1600,33.1600,0
2019-11-04,33.2250,33.2250,33.2250,33.2250,0
2019-11-05,33.2350,33.2800,33.1750,33.1750,0
2019-11-06,34.5000,34.5000,32.9150,33.7650,540
2019-11-07,33.0150,33.0150,33.0150,33.0150,0
2019-11-08,33.0900,33.3350,33.0900,33.3350,0
2019-11-11,34.4650,34.4650,33.3700,33.6700,1
2019-11-12,32.9700,34.3500,32.9700,34.3500,101
2019-11-13,33.4050,33.4050,33.4050,33.4050,0
2019-11-14,33.6200,33.8500,33.6200,33.8500,80
2019-11-15,33.3250,33.5650,33.3250,33.5650,0
2019-11-18,33.4050,33.4050,33.4050,33.4050,0
2019-11-19,33.7800,34.8650,33.7800,34.8650,100
2019-11-20,34.0500,34.0500,34.0500,34.0500,0
2019-11-21,33.9400,34.1350,33.9400,34.1350,0
2019-11-22,34.0950,34.8950,34.0950,34.8950,20
2019-11-25,33.9800,35.1500,33.9800,35.1500,0
2019-11-26,34.4000,34.9100,34.4000,34.9100,0
2019-11-27,34.6600,34.7500,34.6600,34.7500,200
2019-11-28,34.4700,34.4700,34.4700,34.4700,0
2019-11-29,34.4700,34.4700,34.4700,34.4700,0
2019-12-02,35.5550,35.5550,34.4400,34.9350,138
2019-12-03,34.1700,35.1000,34.1700,35.1000,1
2019-12-04,33.9150,34.8800,33.9150,34.2000,150
2019-12-05,34.1550,34.1550,34.1550,34.1550,0
2019-12-06,34.0500,35.0750,34.0500,34.4800,100
2019-12-09,34.3150,34.4000,34.2300,34.4000,0
2019-12-10,34.1300,34.1300,34.1300,34.1300,0
2019-12-11,34.2000,34.2000,34.2000,34.2000,0
2019-12-12,34.5000,34.5000,34.5000,34.5000,0
2019-12-13,34.5000,34.5000,34.5000,34.5000,0
2019-12-16,34.5000,34.5000,34.5000,34.5000,0
2019-12-17,35.6050,35.6050,35.0400,35.0400,300
2019-12-18,34.1750,34.1750,34.1750,34.1750,0
2019-12-19,34.4200,34.4200,34.4200,34.4200,0
2019-12-20,34.8650,35.1600,34.8650,35.1600,0
2019-12-23,35.4000,36.7600,35.4000,36.6150,170
2019-12-27,37.5000,37.5000,35.6800,36.0650,25
2019-12-30,36.9100,36.9100,35.7250,35.8300,345
2020-01-02,35.2050,36.7500,35.2050,36.7500,8
2020-01-03,36.0500,36.7100,36.0500,36.7100,40
2020-01-06,35.8450,36.6000,35.8450,36.1550,8
2020-01-07,36.1000,37.0000,36.1000,37.0000,41
2020-01-08,35.9150,37.2000,35.9150,36.3350,12
2020-01-09,36.1700,37.1700,36.1700,37.1700,113
2020-01-10,36.2000,37.3300,36.2000,37.0000,339
2020-01-13,36.2950,36.2950,36.2950,36.2950,0
2020-01-14,37.5600,37.5600,36.5500,36.6150,203
2020-01-15,36.4000,37.6200,36.4000,36.9350,450
2020-01-16,36.6600,37.8950,36.6600,37.7600,134
2020-01-17,36.8850,37.8050,36.8850,37.8050,0
2020-01-20,37.6000,37.7300,37.1900,37.1900,345
2020-01-21,37.6000,38.2900,37.3850,37.9150,25
2020-01-22,37.6750,38.2350,37.6750,38.2350,149
2020-01-23,37.7800,38.8900,37.7800,38.6300,30
2020-01-24,38.9800,38.9800,37.2950,37.2950,460
2020-01-27,37.0000,38.1900,37.0000,37.0000,300
2020-01-28,37.0000,37.0800,37.0000,37.0800,0
2020-01-29,37.0000,38.2900,37.0000,38.2900,1775
2020-01-30,38.2600,38.8300,37.0700,38.5950,223
2020-01-31,37.9800,38.9250,37.9800,38.4800,280
2020-02-03,39.3000,39.3000,37.1750,38.9700,952
2020-02-04,39.2100,39.2100,38.0000,38.0000,157
2020-02-05,39.2250,40.2200,38.6000,39.2050,930
2020-02-06,39.0100,40.5000,38.9150,39.1100,3362
2020-02-07,38.9600,39.9950,38.9600,39.9950,36
2020-02-10,38.9350,38.9500,38.9350,38.9500,0
2020-02-11,39.1950,40.2200,39.1950,40.2000,148
2020-02-12,40.4350,40.4350,39.1850,39.4600,235
2020-02-13,39.1650,40.9000,39.1650,40.7500,700
2020-02-14,39.6800,40.4850,39.6150,39.6150,20
2020-02-17,39.4550,40.6250,39.4550,40.6000,560
2020-02-18,39.4650,41.0950,39.4650,40.8000,250
2020-02-19,40.1800,41.6000,40.1800,40.8350,1230
2020-02-20,40.8050,40.8600,40.4450,40.4650,0
2020-02-21,39.9950,41.2900,39.9950,41.0200,51
2020-02-24,41.3500,41.3500,38.9700,39.6900,2285
2020-02-25,38.6100,39.0500,38.0000,38.7850,125
2020-02-26,38.0000,38.5700,38.0000,38.3850,52
2020-02-27,39.2550,39.8000,37.4200,37.4200,1765
2020-02-28,36.0900,37.3000,35.8500,35.9450,208
2020-03-02,36.6950,37.6000,35.4450,36.5200,78
2020-03-03,37.5700,39.0000,36.9700,38.2750,2283
2020-03-04,37.9200,39.7300,36.7200,38.5700,961
2020-03-05,39.8600,39.8600,38.5500,39.0000,250
2020-03-06,39.0500,39.0500,36.6100,36.8450,277
2020-03-09,35.0000,36.6000,34.5000,34.5000,680
2020-03-10,34.5000,36.7600,34.5000,35.4250,983
2020-03-11,35.4850,35.6700,34.8400,34.8400,575
2020-03-12,34.5000,34.5000,33.0000,33.0500,812
2020-03-13,34.0000,37.4650,33.0000,34.8250,11762
2020-03-16,34.8000,36.4350,31.4050,35.0600,11766
2020-03-17,36.0000,36.8000,33.5000,35.5650,1790
2020-03-18,36.3150,36.3500,32.6450,34.7100,3697
2020-03-19,37.0000,37.3000,34.1350,37.3000,1383
2020-03-20,38.1550,39.5000,34.9350,35.0700,3142
2020-03-23,36.5000,36.5000,33.0000,33.6700,1515
2020-03-24,34.0000,35.2300,34.0000,35.1000,911
2020-03-25,37.1000,37.1000,33.8000,34.8000,2217
2020-03-26,34.9850,35.0000,33.9050,34.4200,2520
2020-03-27,35.8000,35.8000,34.5000,35.2800,1386
2020-03-30,35.1000,36.9000,35.0000,36.8350,640
2020-03-31,36.9000,37.9500,36.0000,36.4750,1255
2020-04-01,36.0000,37.8000,36.0000,37.6000,263
2020-04-02,36.6150,38.5550,36.6150,38.5550,796
2020-04-03,37.7750,38.7850,37.3000,38.4750,637
2020-04-06,39.0000,39.0000,37.5850,38.6000,182
2020-04-07,36.2000,38.9500,36.2000,37.0400,447
2020-04-08,36.5000,37.4400,36.5000,36.5300,318
2020-04-09,38.1900,38.1900,36.0000,36.0050,627
2020-04-14,36.8000,38.8000,36.1000,37.6900,5545
2020-04-15,39.4000,39.4000,36.5450,37.2200,301
2020-04-16,36.3900,38.3350,36.3000,38.3350,579
2020-04-17,39.5000,39.5700,38.3900,39.5550,1984
2020-04-20,40.6000,40.9000,38.7100,39.7350,2820
2020-04-21,38.7450,40.0000,38.7450,40.0000,107
2020-04-22,39.5300,42.0000,39.5300,41.5750,1173
2020-04-23,41.8950,41.8950,40.5500,41.1850,741
2020-04-24,41.0000,41.9750,40.8000,41.9750,769
2020-04-27,42.0000,42.4000,41.0000,41.8300,1521
2020-04-28,42.0000,42.2000,41.0000,41.4300,1889
2020-04-29,41.9950,41.9950,40.0200,40.9900,302
2020-04-30,39.7100,40.9600,39.0450,39.3650,450
2020-05-04,40.2000,41.9500,40.0000,40.8250,16985
2020-05-05,41.4000,41.4000,40.1000,40.5050,4243
2020-05-06,40.5550,41.1950,40.5500,41.0000,1280
2020-05-07,41.8850,41.8850,40.5000,41.2950,329
2020-05-08,40.5000,41.1950,40.0050,40.4000,912
2020-05-11,41.1500,41.1950,40.0000,41.0000,871
2020-05-12,39.9050,41.3950,39.9050,41.3950,3580
2020-05-13,40.1000,42.0000,40.1000,41.2000,1175
2020-05-14,41.9800,41.9950,41.2000,41.9950,596
2020-05-15,41.4000,41.9950,41.4000,41.9950,270
2020-05-18,42.8450,42.8450,41.5000,41.5050,524
2020-05-19,41.5050,42.1950,40.2000,40.6000,910
2020-05-20,41.4000,41.8500,40.2850,40.5000,698
2020-05-21,40.2750,41.5000,40.2750,41.5000,75
2020-05-22,41.2000,41.2000,40.1000,40.9500,331
2020-05-25,42.2600,42.2600,40.1000,40.9000,547
2020-05-26,40.1050,41.4800,40.1050,40.5000,1637
2020-05-27,40.1000,40.1000,38.6300,38.8850,2407
2020-05-28,39.8000,40.4550,37.7050,39.8100,1532
2020-05-29,38.9400,39.9900,38.9300,38.9300,170
2020-06-02,38.8000,39.5400,38.3900,38.7800,270
2020-06-03,38.5000,39.6150,38.5000,39.6150,35
2020-06-04,38.5200,39.6300,37.8000,37.9600,1067
2020-06-05,37.7150,38.0250,37.7000,37.7000,833
2020-06-08,39.1950,39.1950,37.2850,37.7300,733
2020-06-09,38.5700,38.5700,37.7450,38.1350,1115
2020-06-10,38.5000,38.8850,37.6850,38.1200,180
2020-06-11,37.7650,39.0800,37.7650,39.0800,201
2020-06-12,37.2350,38.4000,37.2350,37.7700,260
2020-06-15,38.7150,38.7150,37.4800,37.9150,538
2020-06-16,37.7750,39.2350,37.7750,38.0000,277
2020-06-17,38.0600,38.7100,38.0600,38.7100,16
2020-06-18,38.2600,39.3050,38.2600,38.7100,373
2020-06-19,38.5600,40.1700,38.5600,39.3650,250
2020-06-22,38.8300,40.6850,38.5600,39.4550,1067
2020-06-23,39.4000,40.3600,39.4000,39.4050,370
2020-06-24,39.4100,40.5000,38.5900,38.5900,560
2020-06-25,38.5600,39.2300,38.5600,39.2300,0
2020-06-26,39.1250,39.1250,39.1200,39.1200,20
2020-06-29,39.8100,39.8100,38.5000,38.5000,407
2020-06-30,38.5000,38.8000,37.4700,38.0750,942
2020-07-01,38.1000,38.1000,38.1000,38.1000,0
2020-07-02,38.2600,38.5750,37.9200,38.5700,115
2020-07-03,39.4950,39.4950,38.5500,38.5550,22
2020-07-06,39.4400,39.8000,38.0500,38.5350,5537
2020-07-07,38.3500,38.4200,38.1000,38.4200,83
2020-07-08,38.3500,39.2700,38.3500,39.2700,45
2020-07-09,38.4100,38.6350,38.4050,38.6350,32
2020-07-10,38.7500,39.6250,38.6250,38.6250,185
2020-07-13,38.3550,38.4950,38.3550,38.4950,40
2020-07-14,38.4850,39.5150,38.0700,38.1500,156
2020-07-15,38.5100,39.8950,38.5100,39.1000,267
2020-07-16,38.6950,39.7100,37.4850,38.9400,210
2020-07-17,38.8350,40.1050,38.8350,39.4400,160
2020-07-20,38.9600,39.9950,38.4400,39.0450,431
2020-07-21,39.5000,39.5000,39.0500,39.3650,16
2020-07-22,38.7150,38.8400,38.7150,38.8400,30
2020-07-23,38.7450,39.6000,38.2000,38.4750,329
2020-07-24,38.5050,38.5050,36.6150,37.2900,1265
2020-07-27,36.5000,37.7950,36.5000,37.5050,682
2020-07-28,36.6150,36.6150,36.6150,36.6150,0
2020-07-29,36.7000,37.8000,36.7000,37.7450,200
2020-07-30,37.4950,38.7150,37.0000,37.7350,1101
2020-07-31,36.8000,37.7550,36.5000,36.5000,279
2020-08-03,36.6000,37.6800,36.6000,37.0850,137
2020-08-04,37.0400,37.0400,36.8750,37.0000,0
2020-08-05,37.0000,37.8100,36.9100,37.6600,1346
2020-08-06,36.8200,36.8200,36.7000,36.7000,0
2020-08-07,36.7000,37.0750,36.0900,36.5050,1011
2020-08-10,36.5000,36.7950,36.5000,36.7950,606
2020-08-11,36.0000,37.0000,36.0000,36.7300,1225
2020-08-12,36.6000,37.1600,36.0000,36.4400,670
2020-08-13,37.1950,37.1950,36.0050,36.3800,140
2020-08-14,36.0300,36.0650,36.0000,36.0050,5
2020-08-17,36.0000,36.8000,36.0000,36.2550,417
2020-08-18,36.0000,36.9950,36.0000,36.0650,321
2020-08-19,35.8400,37.2500,35.8400,36.8000,480
2020-08-20,36.3600,37.6000,36.3600,37.6000,60
2020-08-21,36.8050,37.7500,36.8050,37.7500,135
2020-08-24,36.7300,37.5850,36.4150,36.9500,298
2020-08-25,37.0000,37.9000,37.0000,37.0000,20
2020-08-26,37.0000,37.0000,36.8900,36.9450,200
2020-08-27,38.0950,38.0950,36.8950,36.8950,1
2020-08-28,36.8900,36.8900,36.2450,36.2450,1157
2020-08-31,37.0550,37.0550,35.8750,35.8750,260
2020-09-01,35.8000,36.7450,35.8000,36.0150,25
2020-09-02,38.0000,38.7000,37.5000,38.4650,3352
2020-09-03,38.7000,38.7000,37.5450,38.0000,793
2020-09-04,36.3200,37.4950,36.3200,37.2100,315
2020-09-07,37.5000,37.7550,37.0000,37.7550,100
2020-09-08,37.9200,37.9200,36.7300,37.0100,3
2020-09-09,37.9200,38.5150,36.7550,37.8050,223
2020-09-10,37.3900,38.6100,37.3100,37.5300,283
2020-09-11,37.2600,38.4050,37.2600,38.4050,25
2020-09-14,37.2050,38.4100,37.2050,37.9000,110
2020-09-15,37.4900,38.6550,37.4900,38.6550,0
2020-09-16,38.3000,39.5000,38.3000,39.5000,100
2020-09-17,38.3550,38.5900,38.3550,38.5900,90
2020-09-18,38.3550,40.2850,38.3550,39.2600,270
2020-09-21,40.1000,40.1000,38.8300,38.9100,971
2020-09-22,38.5500,39.7950,38.5500,39.7950,43
2020-09-23,38.7450,39.5500,38.6000,38.6000,60
2020-09-24,37.8500,38.0000,37.8500,38.0000,10
2020-09-25,39.2000,39.2000,37.8400,37.8400,124
2020-09-28,37.9700,38.9400,37.9150,37.9150,271
2020-09-29,37.8000,37.8500,37.2350,37.5800,352
2020-09-30,37.2000,37.2000,36.4150,36.4250,110
2020-10-01,36.0100,37.1000,36.0100,36.9150,106
2020-10-02,36.9950,36.9950,36.0100,36.3650,185
2020-10-05,37.7900,37.7900,36.9000,37.2000,191
2020-10-06,36.9000,37.5950,36.2850,37.0700,98
2020-10-07,36.0600,36.1850,36.0600,36.1850,600
2020-10-08,36.0100,36.9950,36.0100,36.9950,76
2020-10-09,37.1000,37.1500,36.0300,36.8350,553
2020-10-12,36.8800,36.8800,36.8800,36.8800,0
2020-10-13,37.9950,37.9950,36.8800,37.4000,177
2020-10-14,36.8800,37.9000,36.8800,36.8850,1839
2020-10-15,36.8800,36.8800,36.0250,36.7500,671
2020-10-16,36.0200,36.3950,35.8000,36.2000,548
2020-10-19,36.3950,36.9000,35.9400,35.9400,181
2020-10-20,35.8000,36.5500,35.3650,35.3650,774
2020-10-21,35.1450,36.0000,34.6150,34.6150,403
2020-10-22,35.2700,35.2700,33.9000,34.2400,1170
2020-10-23,35.5950,35.5950,34.0400,35.2000,60
2020-10-26,34.5000,35.3350,34.5000,35.2050,51
2020-10-27,35.6000,35.6000,34.6550,35.3000,301
2020-10-28,34.5000,35.5000,34.5000,34.5000,430
2020-10-29,34.3550,35.1850,34.3500,34.9000,402
2020-10-30,34.9500,34.9500,33.9000,34.6750,93
2020-11-02,33.8050,35.7750,33.8050,35.7750,225
2020-11-03,34.7800,35.4050,34.7800,35.4050,0
2020-11-04,35.3550,38.2550,35.3550,38.2550,50
2020-11-05,37.1400,37.5800,37.1400,37.2950,260
2020-11-06,36.8050,37.9150,36.8050,37.1050,1
2020-11-09,38.2000,38.2000,35.6000,35.6000,433
2020-11-10,34.9600,36.1050,34.8200,35.5700,462
2020-11-11,34.5900,36.6400,34.5900,36.5300,241
2020-11-12,35.5900,36.0900,35.5900,36.0200,25
2020-11-13,35.6300,36.0700,35.6100,35.7700,55
2020-11-16,36.8950,36.8950,35.7400,36.2950,241
2020-11-17,36.2950,36.2950,35.1600,35.9850,3275
2020-11-18,34.8700,36.2950,34.8700,35.8000,960
2020-11-19,36.1750,36.1750,34.8350,34.8350,520
2020-11-20,34.6750,35.7950,34.3350,34.6850,2220
2020-11-23,35.6800,35.6800,34.6050,35.3500,1010
2020-11-24,34.3300,35.0000,34.1850,35.0000,437
2020-11-25,34.9950,35.1950,34.4850,34.4850,288
2020-11-26,34.2000,35.2000,34.0500,35.1950,1139
2020-11-27,34.0800,34.5050,34.0800,34.5050,0
2020-11-30,34.3700,35.2450,34.0800,34.0800,42
2020-12-01,34.5000,34.9950,34.0350,34.1850,541
2020-12-02,34.0300,35.2800,34.0300,35.2800,420
2020-12-03,35.4950,35.4950,34.2500,35.0900,110
2020-12-04,34.0300,35.1950,34.0300,35.1950,50
2020-12-07,35.0900,35.0950,34.7500,34.8450,129
2020-12-08,34.6900,34.8200,34.4650,34.8200,0
2020-12-09,34.7650,36.1500,34.7650,35.2650,578
2020-12-10,35.5000,36.3900,35.3350,35.9000,206
2020-12-11,35.2000,35.2050,35.2000,35.2050,11
2020-12-14,36.2950,36.2950,35.0900,35.7000,108
2020-12-15,35.0000,35.8500,35.0000,35.7100,191
2020-12-16,35.0000,35.8950,35.0000,35.1800,44
2020-12-17,35.0550,36.1950,35.0550,36.1250,350
2020-12-18,36.0000,36.0000,35.0000,35.4000,135
2020-12-21,36.7000,36.7000,34.3000,34.3000,254
2020-12-22,34.7600,34.8100,34.7600,34.8100,65
2020-12-23,34.7900,35.5150,34.5800,34.5800,297
2020-12-28,35.0000,35.6650,34.7750,34.8050,796
2020-12-29,34.8100,35.9250,34.8100,35.0000,426
2020-12-30,35.0100,35.0650,35.0100,35.0650,336
2021-01-04,36.4400,36.5700,35.3000,35.8050,489
2021-01-05,35.8050,35.8200,35.7600,35.7600,426
2021-01-06,35.3000,35.4550,34.5500,35.4550,350
2021-01-07,35.7050,35.7050,34.2350,34.7000,427
2021-01-08,34.4000,34.9950,33.6750,34.4400,416
2021-01-11,35.0000,35.7500,35.0000,35.7500,15
2021-01-12,35.4900,36.4950,35.4900,36.4950,31
2021-01-13,36.7950,36.7950,35.6450,35.7500,572
2021-01-14,35.6450,35.6450,35.4550,35.4550,0
2021-01-15,35.3550,36.5000,35.3550,36.4550,248
2021-01-18,37.1000,37.1000,36.0650,36.0650,1723
2021-01-19,35.9500,36.5850,35.9500,36.5700,70
2021-01-20,36.3200,36.7350,36.3200,36.7350,33
2021-01-21,36.4600,37.6400,36.4600,36.5200,419
2021-01-22,36.3550,36.7850,36.3550,36.7850,50
2021-01-25,37.7950,37.7950,36.8000,37.7100,265
2021-01-26,36.0000,37.6950,35.7850,36.9450,495
2021-01-27,36.5150,37.6950,36.5150,37.6950,28
2021-01-28,36.2350,36.5750,35.9300,36.5750,124
2021-01-29,36.1450,36.1450,35.3000,36.0200,104
2021-02-01,36.3950,36.3950,35.2550,35.7400,70
2021-02-02,35.5450,36.8000,35.5450,36.8000,41
2021-02-03,35.5000,36.3900,35.5000,35.9900,388
2021-02-04,35.6500,36.7500,35.4550,36.7500,299
2021-02-05,37.1600,37.1600,36.0300,36.3000,615
2021-02-08,35.4000,35.4600,35.3450,35.3450,33
2021-02-09,35.2000,36.3100,35.2000,36.3100,15
2021-02-10,35.6450,36.7000,35.5000,35.6850,25
2021-02-11,35.5200,36.7300,35.5200,36.7300,494
2021-02-12,36.0000,36.7000,35.9500,36.5950,532
2021-02-15,36.6000,36.6000,36.2050,36.2050,277
2021-02-16,36.8950,36.8950,36.0500,36.0500,200
2021-02-17,36.0500,36.2300,35.1900,35.1950,403
2021-02-18,34.9650,35.2050,34.9650,35.2050,37
2021-02-19,35.0000,35.0000,34.1650,35.0000,951
2021-02-22,34.3350,34.5000,34.0950,34.5000,104
2021-02-23,34.5000,34.7700,33.7350,33.7350,714
2021-02-24,33.7050,34.6000,33.7050,33.9850,70
2021-02-25,33.7000,34.2050,32.9750,32.9750,221
2021-02-26,32.8750,34.4900,32.5950,34.3200,1035
2021-03-01,33.5150,34.4700,33.5150,34.0000,1268
2021-03-02,33.5150,34.5000,33.5150,33.9050,150
2021-03-03,33.4150,34.2900,33.1600,33.1600,753
2021-03-04,33.9000,34.2750,33.2000,33.7050,439
2021-03-05,33.2000,33.3500,33.2000,33.3500,164
2021-03-08,33.4100,34.6000,33.4100,33.7500,3367
2021-03-09,33.6000,34.2000,33.6000,34.2000,0
2021-03-10,34.0550,35.2000,34.0550,34.8700,310
2021-03-11,34.6700,35.3250,34.4900,34.4900,200
2021-03-12,34.4150,35.0000,34.3050,34.4000,59
2021-03-15,34.8950,35.1950,33.8050,35.0650,272
2021-03-16,35.0000,35.9200,35.0000,35.3650,310
2021-03-17,34.6750,35.2750,34.6350,34.9050,39
2021-03-18,34.5650,34.5650,33.9850,34.1700,0
2021-03-19,33.8100,34.3700,33.8100,34.2450,0
2021-03-22,34.2900,35.8100,34.2900,35.3000,256
2021-03-23,34.9750,34.9750,34.4550,34.5900,2000
2021-03-24,35.4600,35.4600,34.3500,34.3500,101
2021-03-25,34.3500,34.6000,34.3500,34.3500,67
2021-03-26,34.4000,34.4000,33.7850,33.8600,500
2021-03-29,34.0000,34.7400,33.6050,34.0900,115
2021-03-30,33.8050,34.8500,33.8050,34.1000,153
2021-03-31,33.8050,34.3350,33.8050,34.3350,2000
2021-04-01,34.0950,34.9650,34.0800,34.0900,10
2021-04-06,34.3850,35.0000,34.1100,34.2050,380
2021-04-07,34.6000,34.8950,33.8650,33.8650,123
2021-04-08,33.7050,34.8450,33.7050,34.8450,175
2021-04-09,34.0050,34.7550,34.0000,34.6150,22
2021-04-12,34.8500,35.6400,34.5500,34.6450,1555
2021-04-13,34.5500,35.1750,34.4300,34.4700,363
2021-04-14,34.2900,35.3950,34.2900,34.6250,22
2021-04-15,34.2700,34.9350,34.2700,34.9350,0
2021-04-16,34.4450,35.4800,34.4450,34.5700,570
2021-04-19,34.7000,35.7000,34.7000,34.8250,200
2021-04-20,34.7000,34.7000,34.7000,34.7000,0
2021-04-21,34.7000,35.5700,34.7000,35.5500,75
2021-04-22,35.0650,35.3050,35.0650,35.2000,0
2021-04-23,34.8700,35.7800,34.7300,34.7300,35
2021-04-26,34.7000,35.3750,34.7000,34.7000,30
2021-04-27,34.7000,34.7050,34.7000,34.7000,21
2021-04-28,34.0950,34.6000,33.7750,34.6000,188
2021-04-29,34.0000,34.0000,34.0000,34.0000,0
2021-04-30,33.9000,34.0400,33.9000,34.0400,2599
2021-05-03,34.4950,34.4950,33.4150,34.4000,226
2021-05-04,34.6950,34.6950,33.8000,33.8000,223
2021-05-05,33.8000,34.4150,33.8000,34.3000,30
2021-05-06,34.0000,34.4150,34.0000,34.4150,369
2021-05-07,34.3000,34.4500,34.3000,34.3500,203
2021-05-10,35.4650,35.4650,34.3500,34.3500,357
2021-05-11,33.7250,33.7250,33.6100,33.6100,0
2021-05-12,33.4150,33.4150,33.4150,33.4150,0
2021-05-13,33.4150,33.8100,33.4150,33.8100,0
2021-05-14,33.4150,34.2650,33.4150,34.2650,0
2021-05-17,34.2800,34.5800,34.2800,34.5800,0
2021-05-18,35.0000,35.5950,35.0000,35.0000,155
2021-05-19,34.2900,35.2400,34.2500,34.3250,10
2021-05-20,34.0950,34.8000,34.0950,34.6400,580
2021-05-21,34.5750,35.7950,34.5750,35.0850,17
2021-05-25,36.2950,36.2950,34.7650,35.9700,39
2021-05-26,36.0000,36.3000,34.9450,35.4500,56
2021-05-27,36.3000,36.3000,35.5000,36.1550,2
2021-05-28,36.2500,36.2500,35.1250,35.6150,51
2021-05-31,35.2550,35.2550,35.2550,35.2550,0
2021-06-01,35.3000,36.0000,35.3000,35.3000,175
2021-06-02,36.3500,36.3500,35.3000,35.7000,295
2021-06-03,35.3000,35.3000,35.3000,35.3000,130
2021-06-04,34.9650,36.6000,34.9650,36.0250,434
2021-06-07,36.9950,37.7000,35.8400,37.7000,754
2021-06-08,36.4950,37.7000,36.4950,37.4000,624
2021-06-09,38.0000,38.5000,37.2350,38.3750,759
2021-06-10,38.5000,39.2000,38.0150,38.4650,106
2021-06-11,38.2000,39.2500,38.2000,39.2500,75
2021-06-14,38.2600,38.7950,38.2600,38.7950,120
2021-06-15,39.7950,39.8000,38.5500,39.0050,190
2021-06-16,38.5500,39.3000,38.5500,39.3000,75
2021-06-17,39.8000,39.8000,39.0650,39.0650,225
2021-06-18,39.2300,39.4250,39.1300,39.2450,620
2021-06-21,39.1000,39.6000,39.1000,39.6000,25
2021-06-22,38.7450,39.1400,38.6100,38.9500,68
2021-06-23,38.7050,38.7250,38.7050,38.7200,7
2021-06-24,38.7200,38.7200,38.7200,38.7200,0
2021-06-25,39.6000,39.6000,38.2800,39.3350,263
2021-06-28,39.4950,39.5000,38.5000,39.5000,316
2021-06-29,38.6350,39.8900,38.6350,39.2950,300
2021-06-30,38.8400,39.2200,38.8400,39.2200,25
2021-07-01,38.8400,40.0950,38.8400,39.3000,207
2021-07-02,38.7450,40.1000,38.7450,39.1950,265
2021-07-05,39.3250,39.3350,39.3250,39.3350,10
2021-07-06,38.9350,40.8150,38.9350,40.0000,210
2021-07-07,39.7100,39.7100,39.7100,39.7100,0
2021-07-08,39.6150,40.5000,39.6150,39.9650,100
2021-07-09,39.7100,40.1800,39.4350,40.1800,100
2021-07-12,39.9900,40.5000,39.9900,40.2450,225
2021-07-13,40.2950,41.0000,40.2500,40.4000,514
2021-07-14,40.2950,40.6000,40.1350,40.6000,0
2021-07-15,40.2550,40.4050,40.0200,40.4050,61
2021-07-16,40.2950,40.2950,40.2950,40.2950,0
2021-07-19,40.4550,41.4450,40.2650,41.4450,36
2021-07-20,40.6000,41.5550,40.4000,40.4000,3895
2021-07-21,41.9950,41.9950,40.6800,40.9500,157
2021-07-22,40.6550,40.7650,39.1000,39.1000,1623
2021-07-23,39.0000,39.9450,39.0000,39.9450,1050
2021-07-26,39.2150,39.6550,39.2150,39.6550,200
2021-07-27,39.0000,40.0000,39.0000,39.4150,91
2021-07-28,39.4350,40.0700,39.4350,39.8350,0
2021-07-29,39.5700,40.5100,39.5700,40.2150,332
2021-07-30,39.5350,40.5500,39.5350,40.5000,40
2021-08-02,39.2300,40.6950,39.0650,40.5850,662
2021-08-03,40.1550,41.0250,40.1550,40.6450,87
2021-08-04,40.3400,40.3400,40.3400,40.3400,0
2021-08-05,40.3400,41.4850,40.3400,40.8150,395
2021-08-06,40.8000,41.8200,40.8000,41.3500,232
2021-08-09,40.4850,41.9950,40.4850,41.9950,1513
2021-08-10,41.1650,42.7050,41.1600,41.7850,84
2021-08-11,41.5500,42.4950,41.5500,42.0000,120
2021-08-12,41.6500,42.8050,41.6500,42.8050,437
2021-08-13,41.6500,42.9950,41.6500,42.0900,348
2021-08-16,41.6500,41.6500,41.6500,41.6500,0
2021-08-17,42.2300,43.2000,42.2300,43.2000,56
2021-08-18,41.8450,43.8650,41.8450,42.9100,739
2021-08-19,43.8950,43.8950,42.5200,42.5650,290
2021-08-20,42.6200,42.6200,42.6200,42.6200,0
2021-08-23,43.7950,43.7950,43.3950,43.3950,30
2021-08-24,42.2300,42.6900,42.2300,42.2750,42
2021-08-25,41.9400,41.9400,41.5350,41.5350,59
2021-08-26,41.4550,41.4550,41.4550,41.4550,0
2021-08-27,41.6200,42.0150,41.6200,42.0150,25
2021-08-30,41.7450,42.0000,41.7450,41.8350,524
2021-08-31,41.4400,41.4400,41.4400,41.4400,0
2021-09-01,41.4400,41.4400,41.4400,41.4400,0
2021-09-02,41.4550,42.4600,41.4550,42.4600,1
2021-09-03,41.3600,41.5100,41.3600,41.5100,0
2021-09-06,42.6950,42.6950,41.3450,41.3450,2
2021-09-07,41.2600,41.2650,41.2450,41.2650,30
2021-09-08,41.1000,41.1000,41.0050,41.0050,20
2021-09-09,41.0000,41.0000,41.0000,41.0000,41
2021-09-10,40.0000,40.0000,39.1600,39.1950,102
2021-09-13,40.0000,40.0000,39.8000,39.8000,668
2021-09-14,39.8600,39.9850,38.6350,39.9850,780
2021-09-15,39.0950,39.4000,39.0950,39.4000,0
2021-09-16,40.4250,40.4250,39.1600,39.2950,10
2021-09-17,39.2550,39.2550,39.2550,39.2550,0
2021-09-20,38.7950,38.8000,38.7950,38.8000,15
2021-09-21,38.5000,39.6100,38.5000,38.9200,35
2021-09-22,38.6500,38.6500,38.6500,38.6500,0
2021-09-23,38.7450,39.4000,38.7450,39.4000,100
2021-09-24,40.1000,40.1000,38.7950,38.7950,30
2021-09-27,38.7450,39.8350,38.5000,38.6550,250
2021-09-28,38.5000,39.3300,38.0000,38.0000,972
2021-09-29,37.9000,39.0900,37.9000,38.5300,4
2021-09-30,38.4100,39.7950,38.4100,39.0400,135
2021-10-01,38.6700,39.9400,38.6700,39.8850,200
2021-10-04,39.5200,40.3050,39.5200,40.3050,0
2021-10-05,40.3100,40.3100,40.2750,40.2750,18
2021-10-06,39.5200,40.7950,39.5200,40.4300,301
2021-10-07,40.3050,41.0600,40.3050,41.0600,10
2021-10-08,40.9700,41.4550,40.9700,41.4550,20
2021-10-11,41.3600,42.7000,41.3600,42.7000,244
2021-10-12,41.0000,42.4000,41.0000,41.4050,200
2021-10-13,41.0750,41.9500,41.0750,41.3650,50
2021-10-14,41.0650,42.0000,41.0650,41.2200,35
2021-10-15,40.9550,40.9550,40.9550,40.9550,0
2021-10-18,41.4550,42.7800,41.4550,42.7800,10
2021-10-19,41.5050,42.3050,41.5050,42.3050,61
2021-10-20,41.1700,42.0000,41.0150,41.1000,1330
2021-10-21,40.2950,41.5000,40.2950,41.5000,85
2021-10-22,41.3400,42.0750,41.3400,41.8850,1359
2021-10-25,41.1650,41.3600,40.9200,41.3600,0
2021-10-26,41.1450,41.1450,41.1450,41.1450,0
2021-10-27,41.1650,41.2550,41.0900,41.2550,0
2021-10-28,40.8500,41.3250,40.8500,41.3250,200
2021-10-29,41.0750,41.2300,41.0750,41.2300,50
2021-11-01,41.1900,41.6500,41.1700,41.6500,5
2021-11-02,41.8300,43.2000,41.8300,43.2000,100
2021-11-03,43.0000,43.0200,42.5100,43.0200,200
2021-11-04,43.8250,45.0000,43.5100,43.5100,628
2021-11-05,43.3900,43.9900,43.0000,43.0000,91
2021-11-08,43.0000,43.9950,43.0000,43.8750,130
2021-11-09,43.0000,43.0000,43.0000,43.0000,0
2021-11-10,44.3900,44.3900,43.0000,43.0000,5
2021-11-11,43.0500,44.3950,43.0500,44.3900,149
2021-11-12,44.5000,45.0000,43.3900,43.5550,1089
2021-11-15,44.2950,44.2950,43.0050,43.8950,343
2021-11-16,43.0000,44.0000,43.0000,43.9000,283
2021-11-17,43.0200,44.2950,43.0200,43.4150,486
2021-11-18,43.1500,44.2950,43.1250,43.4050,24
2021-11-19,44.0000,44.5000,43.1050,44.5000,1283
2021-11-22,44.9650,44.9850,43.5500,44.0750,135
2021-11-23,43.1000,44.1450,42.3400,42.4950,2591
2021-11-24,42.1850,42.1850,42.1850,42.1850,0
2021-11-25,42.5950,42.9200,42.5950,42.9200,0
2021-11-26,42.1500,43.7000,42.1500,42.5400,1722
2021-11-29,43.6000,43.6400,42.6000,42.6000,392
2021-11-30,42.6000,43.6100,42.5900,42.6800,95
2021-12-01,42.4250,43.9100,42.4250,43.1200,167
2021-12-02,42.6200,43.4300,42.6200,43.1200,0
2021-12-03,42.6200,44.1950,42.6200,43.1100,576
2021-12-06,43.1000,44.5000,43.1000,44.5000,97
2021-12-07,43.3800,43.8350,43.3800,43.8350,0
2021-12-08,43.4150,45.0550,43.4150,44.8000,454
2021-12-09,43.5850,45.0000,43.5850,44.3350,40
2021-12-10,44.0750,45.1000,44.0750,44.7450,211
2021-12-13,45.2500,45.9950,44.6700,44.6700,284
2021-12-14,44.2100,45.5950,43.4900,43.4900,18
2021-12-15,43.5000,44.1700,43.0700,44.1700,120
2021-12-16,44.2150,45.7950,44.2150,45.1700,211
2021-12-17,44.5600,44.5600,44.5600,44.5600,0
2021-12-20,46.2000,46.2000,44.7300,44.8000,291
2021-12-21,45.9950,45.9950,44.5600,45.9050,9
2021-12-22,44.9950,45.9250,44.9950,44.9950,21
2021-12-23,44.8000,45.5000,44.8000,45.5000,247
2021-12-27,47.0000,47.0000,44.8200,46.2200,86
2021-12-28,45.1700,46.8100,45.1700,45.8800,600
2021-12-29,45.5500,46.9050,45.4650,45.4650,656
2021-12-30,45.4700,45.4700,45.4700,45.4700,0
2022-01-03,45.4800,45.5150,44.8950,45.2400,64
2022-01-04,46.5550,46.5550,44.2300,44.2700,528
2022-01-05,44.1600,45.5700,44.1600,45.5600,755
2022-01-06,43.9700,43.9700,43.9700,43.9700,0
2022-01-07,43.8550,44.2800,43.8550,44.2800,0
2022-01-10,46.2000,46.2000,43.9200,44.0250,466
2022-01-11,43.9800,43.9800,43.9800,43.9800,0
2022-01-12,44.0700,44.0700,43.8000,43.8000,60
2022-01-13,43.8000,43.8550,43.8000,43.8550,136
2022-01-14,42.6250,43.9000,42.6250,43.9000,1
2022-01-17,44.2000,44.2000,43.1350,43.5000,1274
2022-01-18,43.3000,44.2950,43.3000,44.0050,58
2022-01-19,43.2950,44.3950,43.2950,43.5000,7
2022-01-20,43.3900,43.5950,43.3900,43.5950,0
2022-01-21,43.0050,43.3500,43.0050,43.3450,0
2022-01-24,44.0000,44.0000,41.1550,41.2700,884
2022-01-25,41.6000,41.6050,41.2800,41.5000,330
2022-01-26,41.5000,42.6600,41.5000,41.6500,1
2022-01-27,41.6500,42.0900,41.6500,42.0900,20
2022-01-28,42.1150,42.2650,42.1150,42.1800,2
2022-01-31,43.8000,43.8000,42.6000,42.6000,50
2022-02-01,42.5200,43.0200,42.5200,42.9550,0
2022-02-02,43.0000,43.6000,43.0000,43.2000,105
2022-02-03,42.6200,42.6200,42.0000,42.0000,144
2022-02-04,41.3000,41.8350,40.7350,41.5300,300
2022-02-07,41.5000,41.5000,40.1950,40.4750,229
2022-02-08,41.0000,41.5350,40.3050,41.5350,90
2022-02-09,40.5850,42.2950,40.5850,42.2950,36
2022-02-10,41.4550,41.6650,41.4550,41.6650,45
2022-02-11,41.2650,42.0950,41.2550,41.2550,201
2022-02-14,40.8900,41.3700,40.0100,41.3700,79
2022-02-15,40.1950,41.7950,40.1950,41.7950,37
2022-02-16,40.6800,40.8800,40.6800,40.8800,11
2022-02-17,41.0700,41.0750,40.7150,40.7150,0
2022-02-18,40.5850,42.0000,40.5850,40.5900,200
2022-02-21,40.7500,40.7500,40.4800,40.4800,0
2022-02-22,40.1950,40.6700,40.1950,40.6700,31
2022-02-23,40.6700,41.0900,40.3050,41.0900,116
2022-02-24,42.1350,42.1350,40.7100,40.7100,10
2022-02-25,40.5850,41.8300,40.5850,41.4150,145
2022-02-28,41.5500,42.1400,41.5500,42.1400,0
2022-03-01,41.5700,41.5700,41.5700,41.5700,0
2022-03-02,42.2000,42.2000,41.9050,41.9450,0
2022-03-03,41.6500,41.6750,41.6500,41.6750,0
2022-03-04,41.2600,41.4900,41.2600,41.4900,0
2022-03-07,41.5900,41.5900,41.5500,41.5500,40
2022-03-08,41.1200,43.5000,41.1200,41.7800,1346
2022-03-09,41.8250,42.9400,41.8250,42.9400,50
2022-03-10,42.6200,42.6200,42.6200,42.6200,0
2022-03-11,42.0500,42.6300,42.0500,42.6300,0
2022-03-14,43.7000,43.7000,41.9800,43.2900,76
2022-03-15,42.3450,43.4500,42.3450,43.4500,0
2022-03-16,42.9100,44.2500,42.7600,42.9300,200
2022-03-17,42.3700,42.7800,42.0450,42.7800,12
2022-03-18,42.4250,44.0850,42.0200,44.0000,358
2022-03-21,43.7900,43.9050,43.7900,43.9050,0
2022-03-22,43.7800,44.1900,43.7700,44.0750,0
2022-03-23,43.5850,44.2000,43.5850,44.2000,15
2022-03-24,43.9800,45.0100,43.9800,45.0100,0
2022-03-25,44.5550,45.9950,44.5550,45.9950,229
2022-03-28,45.9950,45.9950,45.2050,45.2600,360
2022-03-29,44.5550,45.6000,44.5550,44.6000,345
2022-03-30,44.3600,44.9950,44.1000,44.9950,1
2022-03-31,43.5850,45.0000,43.5850,44.6850,120
2022-04-01,44.1450,45.0000,44.1450,45.0000,11
2022-04-04,44.5550,46.0000,44.5550,46.0000,403
2022-04-05,46.2950,47.9400,46.2950,47.9400,31
2022-04-06,46.6850,46.6850,46.6850,46.6850,0
2022-04-07,47.3650,48.0000,47.3650,48.0000,0
2022-04-08,48.2300,49.4800,48.1700,48.1700,150
2022-04-11,48.1400,48.5050,48.1400,48.5050,12
2022-04-12,48.5000,48.5000,48.0300,48.1050,33
2022-04-13,47.3650,48.7400,47.3650,47.6300,7
2022-04-14,47.1400,47.8050,47.1400,47.5350,40
2022-04-19,46.8800,46.8800,45.6300,45.6300,55
2022-04-20,45.1350,46.5300,44.9300,45.9650,170
2022-04-21,44.7200,44.7200,44.0050,44.2950,105
2022-04-22,43.1000,44.3950,43.1000,43.8700,20
2022-04-25,43.5300,44.2750,43.5300,44.2750,0
2022-04-26,44.0700,44.3400,43.3600,43.4350,5
2022-04-27,42.8950,44.8500,42.8950,44.8500,40
2022-04-28,44.0300,44.0300,43.7350,43.9750,0
2022-04-29,43.6000,43.6000,43.6000,43.6000,0
2022-05-02,43.6000,43.6000,43.6000,43.6000,91
2022-05-03,42.6200,43.2500,42.6150,42.6150,1535
2022-05-04,42.3700,42.3700,41.7400,41.7400,0
2022-05-05,41.7450,41.7450,41.7400,41.7400,88
2022-05-06,41.2500,41.2500,40.9050,40.9700,0
2022-05-09,41.1150,41.1150,40.8800,40.8800,10
2022-05-10,40.6750,41.0000,40.6750,41.0000,60
2022-05-11,41.6350,41.6350,38.2000,38.2000,501
2022-05-12,38.0000,39.4000,38.0000,39.4000,13
2022-05-13,38.0000,38.0000,38.0000,38.0000,0
2022-05-16,38.8000,38.8000,38.0000,38.1300,50
2022-05-17,38.0050,38.2950,38.0000,38.0000,0
2022-05-18,38.0050,38.0050,38.0050,38.0050,0
2022-05-19,38.0000,39.1300,38.0000,39.1300,20
2022-05-20,38.0000,38.0000,38.0000,38.0000,0
2022-05-23,38.0000,38.0000,38.0000,38.0000,0
2022-05-24,38.5450,39.7500,38.5450,39.7500,7
2022-05-25,39.7100,40.1800,39.7100,40.1800,0
2022-05-26,39.5900,39.8600,39.5900,39.8600,0
2022-05-27,39.6550,39.6550,39.6550,39.6550,0
2022-05-30,39.6000,39.6550,39.6000,39.6550,12
2022-05-31,39.4200,39.4200,39.3550,39.3550,0
2022-06-01,39.1300,39.7350,38.9650,39.7350,1
2022-06-02,38.5500,39.6200,38.5500,38.8100,15
2022-06-03,38.7500,38.7500,38.4600,38.4600,0
2022-06-06,38.2400,38.5650,38.1950,38.1950,0
2022-06-07,37.9150,37.9150,37.9150,37.9150,0
2022-06-08,37.5800,38.7000,37.5800,38.7000,60
2022-06-09,37.4650,38.6000,37.4650,37.9650,2338
2022-06-10,37.2900,37.2900,37.2300,37.2300,0
2022-06-13,37.1900,37.1900,37.0000,37.0000,45
2022-06-14,37.0000,37.0000,36.1550,36.1550,50
2022-06-15,35.9350,36.6900,35.9350,36.6900,0
2022-06-16,36.4200,36.4300,36.4200,36.4300,0
2022-06-17,36.6200,36.6200,36.6200,36.6200,0
2022-06-20,38.0000,38.0000,36.4950,36.4950,25
2022-06-21,36.6600,37.4500,36.5300,37.4500,10
2022-06-22,36.6000,37.6950,36.6000,37.1750,12
2022-06-23,36.9050,37.5200,36.9050,37.5200,0
2022-06-24,37.5250,39.0450,37.5250,39.0450,0
2022-06-27,38.9250,38.9250,38.9250,38.9250,0
2022-06-28,39.3100,39.5300,38.4800,39.0000,484
2022-06-29,38.8600,40.0000,38.8600,39.8000,5
2022-06-30,39.0250,40.3750,39.0250,40.3750,431
2022-07-01,38.9200,39.1500,38.9200,39.1500,0
2022-07-04,39.5400,39.5400,39.4000,39.4650,0
2022-07-05,40.0000,40.3250,39.6600,39.6600,988
2022-07-06,40.1400,40.2150,40.1400,40.2150,83
2022-07-07,40.4150,41.5000,40.4150,41.5000,810
2022-07-08,40.3650,40.9250,40.3650,40.5550,400
2022-07-11,39.6250,40.9700,39.6250,40.9700,10
2022-07-12,40.5200,40.5200,40.5200,40.5200,0
2022-07-13,40.8600,41.1950,40.8600,41.1950,400
2022-07-14,40.9200,40.9200,40.9200,40.9200,0
2022-07-15,40.8100,40.8100,40.8100,40.8100,0
2022-07-18,41.3200,42.3000,41.1150,41.7000,137
2022-07-19,40.3400,41.5450,40.3400,41.1100,1120
2022-07-20,41.2650,41.2650,40.9900,40.9900,0
2022-07-21,40.4400,41.5000,40.4400,41.5000,250
2022-07-22,40.8000,41.2000,40.8000,41.2000,0
2022-07-25,41.6400,41.6400,41.6400,41.6400,64
2022-07-26,41.1150,42.6000,41.1150,41.9550,56
2022-07-27,41.7700,41.7700,41.7700,41.7700,0
2022-07-28,41.0350,41.0350,41.0350,41.0350,0
2022-07-29,40.5350,41.3750,40.5350,41.2500,10
2022-08-01,39.7900,40.8250,39.7900,39.9350,15
2022-08-02,39.7100,39.7100,39.7100,39.7100,0
2022-08-03,40.1000,41.1900,40.1000,40.4800,169
2022-08-04,40.3700,41.0000,40.0650,40.8000,22
2022-08-05,39.7050,39.7050,39.7050,39.7050,0
2022-08-08,39.8500,39.8500,39.8500,39.8500,0
2022-08-09,39.8750,39.8750,39.7350,39.7350,169
2022-08-10,40.1150,40.1150,40.1150,40.1150,0
2022-08-11,40.3700,40.3700,39.7400,39.7400,0
2022-08-12,40.5700,40.5700,40.5700,40.5700,0
2022-08-15,40.5700,40.8550,40.5700,40.8550,110
2022-08-16,40.8950,40.9550,40.1850,40.2200,10
2022-08-17,40.2700,40.2700,40.2700,40.2700,0
2022-08-18,40.3800,41.1800,40.3800,41.1800,0
2022-08-19,41.0400,41.5550,41.0400,41.4150,15
2022-08-22,41.3450,41.3450,41.3450,41.3450,0
2022-08-23,41.5000,41.5300,40.8200,40.8700,465
2022-08-24,42.1900,42.1900,40.9200,41.1000,1
2022-08-25,41.2000,41.2000,41.2000,41.2000,0
2022-08-26,41.0700,41.0700,41.0500,41.0500,0
2022-08-29,40.2200,40.2200,40.2200,40.2200,0
2022-08-30,40.0000,40.1750,40.0000,40.0000,0
2022-08-31,40.0000,40.0000,40.0000,40.0000,0
2022-09-01,39.7300,40.0000,39.7300,40.0000,0
2022-09-02,40.0000,40.0000,40.0000,40.0000,50
2022-09-05,39.7150,39.7150,39.7150,39.7150,0
2022-09-06,39.6850,41.7600,39.6850,41.7600,21
2022-09-07,40.3900,40.9700,40.3900,40.9700,7
2022-09-08,41.0500,41.1950,41.0500,41.1950,0
2022-09-09,41.0750,41.7300,41.0750,41.7300,20
2022-09-12,41.2500,41.2500,41.2500,41.2500,0
2022-09-13,41.0450,41.5900,41.0450,41.2500,0
2022-09-14,41.4050,41.5900,41.4050,41.5900,0
2022-09-15,41.4800,42.0550,41.4800,42.0550,0
2022-09-16,41.9750,42.2400,41.9100,42.0900,0
2022-09-19,41.7700,41.7700,41.1850,41.1850,8
2022-09-20,41.1200,41.1200,40.8300,40.9150,3
2022-09-21,40.7150,41.2000,40.6950,40.6950,60
2022-09-22,41.3950,41.3950,39.8600,39.8600,10
2022-09-23,40.1300,40.1300,40.1300,40.1300,0
2022-09-26,40.3150,40.4000,40.2000,40.4000,109
2022-09-27,39.8300,40.9950,39.8300,40.9950,3
2022-09-28,41.7700,43.0000,41.7700,42.4300,155
2022-09-29,41.8300,43.5000,41.2350,41.2350,66
2022-09-30,41.2400,42.3200,41.2400,42.3200,25
2022-10-03,41.0600,41.0600,40.8500,40.8500,0
2022-10-04,40.8000,41.9750,40.8000,41.8550,0
2022-10-05,41.6100,41.6100,41.6100,41.6100,0
2022-10-06,41.4700,41.4700,41.4700,41.4700,0
2022-10-07,41.1600,41.5850,41.1600,41.4150,0
2022-10-10,41.0050,41.0050,40.5800,40.5800,50
2022-10-11,40.7950,40.7950,40.7950,40.7950,0
2022-10-12,41.3800,41.3800,41.3800,41.3800,0
2022-10-13,40.6300,40.6350,40.4700,40.6350,34
2022-10-14,40.9000,41.4600,40.9000,41.2450,0
2022-10-17,41.1750,41.7850,41.1750,41.6050,0
2022-10-18,40.8700,41.3250,40.8700,41.3250,0
2022-10-19,41.0850,41.0850,41.0850,41.0850,0
2022-10-20,40.6900,40.6900,40.6900,40.6900,0
2022-10-21,40.3250,41.5200,40.3250,41.5200,1
2022-10-24,40.8150,40.9850,40.8150,40.8250,0
2022-10-25,40.7000,41.1950,40.7000,41.1950,0
2022-10-26,41.0700,41.0700,40.8350,40.8350,0
2022-10-27,40.8700,40.8700,40.8700,40.8700,0
2022-10-28,41.0000,42.4200,41.0000,42.4200,95
2022-10-31,41.2250,41.5600,41.2250,41.4800,0
2022-11-01,41.3800,41.3800,41.2950,41.2950,0
2022-11-02,41.1000,41.1000,41.1000,41.1000,15
2022-11-03,41.5000,42.0000,41.0000,41.5000,120
2022-11-04,41.0000,41.0000,41.0000,41.0000,0
2022-11-07,41.0000,41.2100,40.3000,40.4650,165
2022-11-08,40.2750,40.5550,40.2750,40.5550,0
2022-11-09,40.5500,41.1700,40.5500,41.1700,0
2022-11-10,40.5500,42.0000,40.5500,41.6000,95
2022-11-11,41.0500,41.8800,41.0500,41.1250,50
2022-11-14,41.1000,41.1000,40.3000,40.6000,467
2022-11-15,40.0000,40.2000,39.5500,40.2000,2110
2022-11-16,39.6000,39.6000,39.1350,39.1350,0
2022-11-17,39.2850,40.3650,38.5250,38.5250,1335
2022-11-18,38.3850,39.7000,38.3850,39.7000,110
2022-11-21,40.0000,40.0000,38.6950,38.6950,30
2022-11-22,38.5550,39.2000,38.4450,38.4450,1000
2022-11-23,38.1750,38.6250,38.1750,38.6250,0
2022-11-24,38.5650,38.5650,38.2700,38.2700,200
2022-11-25,38.9050,39.9800,38.9050,39.0200,1157
2022-11-28,39.1100,39.1100,39.1100,39.1100,0
2022-11-29,39.1550,39.5000,38.6750,38.6750,5
2022-11-30,38.6000,38.6000,38.6000,38.6000,0
2022-12-01,38.9850,40.1100,38.7200,38.9100,27
2022-12-02,38.8000,39.7650,38.6250,38.6700,25
2022-12-05,38.6700,38.6700,38.6700,38.6700,0
2022-12-06,38.5400,38.5400,38.4000,38.4000,120
2022-12-07,38.2700,39.0000,38.2700,38.2700,10
2022-12-08,38.2700,39.0000,38.2700,38.5000,350
2022-12-09,37.7000,38.9900,37.7000,37.8850,100
2022-12-12,37.9500,39.0550,37.9500,39.0000,41
2022-12-13,37.8850,38.5300,37.8850,38.3650,0
2022-12-14,38.3000,38.3000,38.3000,38.3000,140
2022-12-15,38.2400,38.2400,37.8900,37.8900,0
2022-12-16,37.8900,38.2000,37.8900,37.8900,260
2022-12-19,37.8900,37.8900,37.8900,37.8900,1000
2022-12-20,37.4000,37.4000,37.0300,37.0300,150
2022-12-21,37.2000,38.2000,37.2000,38.2000,381
2022-12-22,37.4050,37.4050,37.0150,37.0150,0
2022-12-23,37.1050,37.8800,36.8500,36.8500,1
2022-12-27,36.6650,36.7450,36.6650,36.7450,0
2022-12-28,36.6050,36.6050,36.6050,36.6050,0
2022-12-29,36.5000,37.8250,36.5000,37.0000,1
2022-12-30,36.6350,36.6350,36.6350,36.6350,0
2023-01-02,36.5000,36.5000,36.5000,36.5000,0
2023-01-03,36.5500,36.8650,36.5500,36.7350,0
2023-01-04,36.7200,37.3700,36.7200,37.3200,10
2023-01-05,36.8900,38.0000,36.5750,36.5750,430
2023-01-06,36.5000,36.5000,36.5000,36.5000,0
2023-01-09,37.0000,37.0050,37.0000,37.0000,46
2023-01-10,36.5000,36.5000,36.5000,36.5000,0
2023-01-11,36.5000,37.3950,36.5000,36.7350,1036
2023-01-12,36.0000,36.7950,36.0000,36.0000,165
2023-01-13,35.2000,36.7900,35.2000,36.7900,463
2023-01-16,35.4700,35.4700,35.4700,35.4700,0
2023-01-17,36.0000,37.0000,36.0000,37.0000,260
2023-01-18,36.4000,37.5950,36.4000,36.6300,15
2023-01-19,36.5750,36.7000,36.5750,36.7000,0
2023-01-20,36.5000,37.3000,36.5000,37.3000,1
2023-01-23,36.1000,36.4800,36.1000,36.4800,0
2023-01-24,36.4300,36.4300,36.3050,36.3050,28
2023-01-25,36.1100,36.1100,36.0450,36.0450,81
2023-01-26,36.2000,37.2650,36.2000,36.2000,325
2023-01-27,36.0000,36.0000,36.0000,36.0000,0
2023-01-30,36.0000,36.0000,36.0000,36.0000,0
2023-01-31,35.8000,35.8000,35.1750,35.1750,40
2023-02-01,35.4300,35.4300,35.0000,35.0000,1215
2023-02-02,34.2000,34.2000,34.2000,34.2000,0
2023-02-03,34.4350,35.5000,34.4350,34.8000,411
2023-02-06,35.7500,35.9000,35.1550,35.1850,305
2023-02-07,35.4000,35.4000,35.4000,35.4000,0
2023-02-08,35.5000,36.0000,35.5000,36.0000,180
2023-02-09,35.8400,36.8600,35.5100,35.5100,1086
2023-02-10,35.4000,35.4000,35.4000,35.4000,0
2023-02-13,36.0000,36.0000,35.8850,35.8850,53
2023-02-14,35.0000,35.3000,35.0000,35.3000,128
2023-02-15,35.3000,35.3000,35.3000,35.3000,0
2023-02-16,35.3000,35.3000,35.3000,35.3000,77
2023-02-17,35.0000,35.0000,35.0000,35.0000,0
2023-02-20,35.0000,35.0000,35.0000,35.0000,0
2023-02-21,35.0000,35.2400,35.0000,35.2400,0
2023-02-22,35.0000,35.4000,35.0000,35.4000,0
2023-02-23,35.2000,35.2000,35.2000,35.2000,2
2023-02-24,35.0000,35.8000,35.0000,35.8000,200
2023-02-27,35.0500,35.1950,35.0000,35.0000,104
2023-02-28,34.1000,34.1000,34.1000,34.1000,0
2023-03-01,34.0000,34.3400,33.6000,34.3400,109
2023-03-02,33.3000,33.7350,33.3000,33.7350,0
2023-03-03,33.9050,34.8200,33.9050,34.0200,110
2023-03-06,34.0000,34.8000,33.8050,33.8050,151
2023-03-07,34.0000,34.9750,34.0000,34.0000,1236
2023-03-08,33.1000,33.1000,33.1000,33.1000,0
2023-03-09,33.1000,33.1050,33.1000,33.1050,96
2023-03-10,33.1000,33.1850,33.1000,33.1750,0
2023-03-13,33.1000,33.1250,33.1000,33.1000,0
2023-03-14,33.4050,33.4050,33.4050,33.4050,5
2023-03-15,34.1000,34.3950,33.3000,34.3300,250
2023-03-16,32.3150,32.4750,32.3000,32.4700,10
2023-03-17,32.7400,33.3500,32.5700,33.3100,206
2023-03-20,33.0000,33.0000,33.0000,33.0000,150
2023-03-21,32.4050,32.4800,32.4050,32.4800,0
2023-03-22,32.6000,32.6000,32.4100,32.4100,0
2023-03-23,32.0000,32.9400,32.0000,32.0000,1000
2023-03-24,32.0000,32.9500,32.0000,32.2250,100
2023-03-27,32.3650,32.3650,32.0250,32.1650,0
2023-03-28,32.0000,32.0000,31.9700,31.9700,45
2023-03-29,31.8550,31.8550,31.8550,31.8550,0
2023-03-30,32.2450,32.2450,32.2450,32.2450,0
2023-03-31,32.2500,32.2500,32.2500,32.2500,0
2023-04-03,32.4000,32.4450,32.3750,32.4250,5
2023-04-04,32.2350,33.1650,32.2350,33.1650,40
2023-04-05,32.9300,34.3600,32.9300,34.3600,100
2023-04-06,33.9000,35.0000,33.9000,35.0000,50
2023-04-11,34.9950,35.0000,34.9950,35.0000,135
2023-04-12,34.2000,34.4000,34.2000,34.4000,0
2023-04-13,34.4000,35.0000,34.4000,35.0000,31
2023-04-14,34.7750,34.9650,34.7750,34.8350,0
2023-04-17,34.7750,35.7950,34.7550,35.7950,225
2023-04-18,34.7750,34.7750,34.6600,34.7700,0
2023-04-19,34.6000,34.6000,34.6000,34.6000,0
2023-04-20,34.7000,35.0150,34.7000,35.0150,0
2023-04-21,35.2000,35.3600,35.2000,35.2000,0
2023-04-24,35.2000,35.4000,35.2000,35.4000,0
2023-04-25,35.4000,35.8000,35.4000,35.8000,300
2023-04-26,35.4000,35.4000,34.4850,34.4850,0
2023-04-27,34.6450,34.7950,34.5800,34.5800,0
2023-04-28,34.4000,34.4000,34.4000,34.4000,0
2023-05-02,35.1050,35.3700,35.0800,35.3700,18
2023-05-03,35.2500,35.2500,35.2500,35.2500,0
2023-05-04,35.3050,35.8300,35.2550,35.8300,0
2023-05-05,35.5800,35.6750,35.3000,35.6750,0
2023-05-08,35.5000,36.1600,35.5000,36.1600,46
2023-05-09,35.7200,35.7200,35.7000,35.7000,0
2023-05-10,35.8000,35.8200,35.8000,35.8200,0
2023-05-11,35.6000,35.6050,35.6000,35.6050,1
2023-05-12,35.7500,36.4150,35.7500,36.4150,40
2023-05-15,35.9000,36.0000,35.9000,36.0000,250
2023-05-16,36.0000,36.0000,36.0000,36.0000,0
2023-05-17,36.1350,36.2700,36.1350,36.2700,0
2023-05-18,36.5600,36.5600,36.5600,36.5600,0
2023-05-19,36.1600,36.1950,36.1600,36.1950,40
2023-05-22,36.6000,36.6000,36.6000,36.6000,0
2023-05-23,36.4000,37.0100,36.4000,37.0100,100
2023-05-24,36.5000,37.1500,36.5000,36.7750,135
2023-05-25,36.5000,36.8550,36.5000,36.8550,42
2023-05-26,36.6000,37.3050,36.6000,37.3050,1
2023-05-29,37.5000,37.5000,37.5000,37.5000,5
2023-05-30,36.6250,36.6250,36.6250,36.6250,0
2023-05-31,36.6250,36.6250,36.6000,36.6000,202
2023-06-01,36.5200,36.6350,36.5200,36.6350,0
2023-06-02,36.7050,36.7050,36.6700,36.6700,0
2023-06-05,38.0000,38.0000,37.1050,37.1050,125
2023-06-06,37.1000,38.3950,37.1000,38.3950,11
2023-06-07,37.1000,37.1000,36.8300,36.8300,0
2023-06-08,36.6000,36.6000,36.2000,36.4350,0
2023-06-09,36.2000,36.2000,36.2000,36.2000,0
2023-06-12,36.0000,36.0000,35.5800,35.8850,0
2023-06-13,35.5000,35.5000,35.5000,35.5000,0
2023-06-14,35.4000,35.4000,35.0150,35.0150,11
2023-06-15,34.6000,34.6000,34.6000,34.6000,0
2023-06-16,35.2550,35.2550,35.2550,35.2550,0
2023-06-19,35.2650,35.2650,35.0000,35.0000,0
2023-06-20,34.8000,34.9950,34.8000,34.9950,0
2023-06-21,34.6000,35.0900,34.6000,35.0900,850
2023-06-22,34.2500,34.2500,34.2500,34.2500,0
2023-06-23,34.6100,34.8200,34.6100,34.8200,0
2023-06-26,34.7050,35.8550,34.7050,35.8550,59
2023-06-27,34.7000,36.0000,34.7000,36.0000,135
2023-06-28,34.3900,35.2850,34.3900,35.2850,200
2023-06-29,34.6250,34.8050,34.6150,34.8050,0
2023-06-30,34.7750,34.7750,34.6950,34.7650,0
2023-07-03,34.5500,34.8350,34.5500,34.8350,0
2023-07-04,34.6000,34.6000,34.6000,34.6000,0
2023-07-05,34.6600,35.2250,34.6600,35.2250,0
2023-07-06,34.7350,34.7350,34.4250,34.5800,800
2023-07-07,33.9100,34.0150,33.9100,34.0000,100
2023-07-10,34.0000,34.0000,34.0000,34.0000,0
2023-07-11,33.6300,33.9350,33.5950,33.9350,75
2023-07-12,33.7400,33.7400,33.7250,33.7250,0
2023-07-13,34.1100,34.5650,34.0000,34.0000,130
2023-07-14,34.3800,34.3800,34.3800,34.3800,0
2023-07-17,35.8000,35.8000,35.8000,35.8000,86
2023-07-18,34.1350,34.1500,34.1350,34.1500,0
2023-07-19,34.4000,34.4000,34.4000,34.4000,0
2023-07-20,34.5850,35.3450,34.5850,35.3450,10
2023-07-21,35.1700,35.1700,35.1700,35.1700,0
2023-07-24,35.1750,35.1750,35.1750,35.1750,0
2023-07-25,35.8000,35.8000,35.8000,35.8000,15
2023-07-26,35.2250,35.2250,35.2250,35.2250,0
2023-07-27,35.3700,35.3700,35.0000,35.0000,100
2023-07-28,35.0300,35.0300,34.8850,34.8850,0
2023-07-31,34.5000,34.5000,34.5000,34.5000,0
2023-08-01,34.8350,34.8350,34.8350,34.8350,0
2023-08-02,34.5000,34.5000,34.5000,34.5000,0
2023-08-03,34.5000,34.5000,34.5000,34.5000,0
2023-08-04,34.1450,34.1800,34.1450,34.1800,0
2023-08-07,34.0000,34.0000,34.0000,34.0000,0
2023-08-08,34.0000,34.0000,34.0000,34.0000,0
2023-08-09,34.4300,34.4300,34.4300,34.4300,0
2023-08-10,34.2000,34.5450,34.2000,34.5450,20
2023-08-11,34.2000,34.2650,34.2000,34.2650,500
2023-08-14,34.2400,34.6800,34.2400,34.3750,194
2023-08-15,34.2000,34.2000,33.8050,33.8050,100
2023-08-16,33.8000,33.8000,33.8000,33.8000,0
2023-08-17,33.6000,33.6000,33.6000,33.6000,0
2023-08-18,33.2000,33.2000,32.8000,32.8000,0
2023-08-21,32.8450,32.8450,32.8450,32.8450,0
2023-08-22,32.8000,33.0000,32.8000,32.8600,20
2023-08-23,33.8050,35.1050,33.8050,34.5850,350
2023-08-24,34.2000,34.2000,34.2000,34.2000,0
2023-08-25,33.7000,33.7000,33.6000,33.6000,0
2023-08-28,33.6000,33.6000,33.6000,33.6000,0
2023-08-29,33.6000,33.6000,33.6000,33.6000,0
2023-08-30,33.8100,34.3250,33.8100,34.3250,2
2023-08-31,33.6000,33.7500,33.6000,33.7500,0
2023-09-01,33.6000,33.6650,33.6000,33.6650,326
2023-09-04,33.6000,33.6000,33.6000,33.6000,0
2023-09-05,33.2000,33.9900,33.1050,33.1050,1
2023-09-06,33.1000,33.1000,33.0000,33.0000,85
2023-09-07,32.5550,33.0800,32.5550,33.0800,2
2023-09-08,33.0250,33.4500,33.0250,33.4500,100
2023-09-11,33.2150,33.9650,33.2150,33.9650,30
2023-09-12,32.8000,32.8000,32.8000,32.8000,0
2023-09-13,32.8000,32.8000,32.8000,32.8000,0
2023-09-14,32.8000,33.7900,32.8000,33.7900,87
2023-09-15,33.7550,33.7550,33.7550,33.7550,0
2023-09-18,33.6000,33.6000,33.6000,33.6000,0
2023-09-19,33.2000,33.2000,33.2000,33.2000,0
2023-09-20,33.8000,33.8000,33.2050,33.2050,203
2023-09-21,33.2000,33.2000,33.2000,33.2000,300
2023-09-22,33.1000,33.1000,32.5000,32.5000,150
2023-09-25,32.0000,32.0000,32.0000,32.0000,0
2023-09-26,32.0000,32.0000,32.0000,32.0000,0
2023-09-27,32.2450,32.2450,32.2450,32.2450,0
2023-09-28,32.0000,32.0000,32.0000,32.0000,25
2023-09-29,31.9650,32.0100,31.9650,32.0100,130
2023-10-02,32.6000,32.6000,32.6000,32.6000,16
2023-10-03,32.0000,32.0000,31.7200,31.7200,202
2023-10-04,31.3000,31.3000,31.3000,31.3000,0
2023-10-05,31.3000,31.3000,31.3000,31.3000,0
2023-10-06,31.6000,31.6000,31.6000,31.6000,0
2023-10-09,31.6000,32.9950,31.6000,32.9950,25
2023-10-10,32.3500,33.3950,32.3500,32.6200,105
2023-10-11,32.3500,32.3500,32.3500,32.3500,0
2023-10-12,32.8000,32.8000,32.8000,32.8000,0
2023-10-13,32.7000,33.5000,32.7000,33.5000,225
2023-10-16,33.2000,33.2000,33.2000,33.2000,0
2023-10-17,32.7050,32.9450,32.7050,32.9450,0
2023-10-18,32.5450,32.9900,32.5450,32.9900,0
2023-10-19,31.2800,31.7650,31.2800,31.7650,260
2023-10-20,31.4000,31.4000,31.4000,31.4000,320
2023-10-23,31.2550,31.9250,31.2550,31.9250,17
2023-10-24,30.2650,31.3900,30.2650,30.9850,24
2023-10-25,30.6000,31.5900,30.6000,30.7700,25
2023-10-26,30.6100,31.1450,30.6100,31.1450,0
2023-10-27,31.0000,31.2300,30.8900,30.8900,35
2023-10-30,30.9550,31.4100,30.9550,31.4100,0
2023-10-31,30.6000,30.6000,30.6000,30.6000,0
2023-11-01,30.3400,31.0500,30.3400,30.9650,32
2023-11-02,30.4050,31.1400,30.4050,30.8200,64
2023-11-03,30.3950,30.3950,30.3950,30.3950,0
2023-11-06,30.2000,30.9400,30.2000,30.9400,50
2023-11-07,30.2000,30.2300,30.2000,30.2300,0
2023-11-08,30.4150,31.0250,30.4150,31.0250,16
2023-11-09,30.6700,30.9350,30.6500,30.6500,100
2023-11-10,30.4700,30.5100,30.4000,30.4000,0
2023-11-13,30.5000,31.4500,30.5000,30.9850,89
2023-11-14,30.4100,30.4100,30.4100,30.4100,0
2023-11-15,30.7350,30.7350,30.7350,30.7350,0
2023-11-16,30.4150,30.4150,30.4150,30.4150,0
2023-11-17,30.2350,30.2350,30.2350,30.2350,0
2023-11-20,30.1000,30.1000,30.1000,30.1000,0
2023-11-21,30.1000,30.3650,30.1000,30.3650,0
2023-11-22,30.7000,30.7000,30.7000,30.7000,0
2023-11-23,30.7000,30.7000,30.7000,30.7000,0
2023-11-24,30.7000,31.3950,30.7000,30.7300,61
2023-11-27,30.2700,30.4150,30.2700,30.4150,0
2023-11-28,30.1000,30.1000,30.1000,30.1000,0
2023-11-29,30.3500,30.3500,30.3500,30.3500,0
2023-11-30,30.4000,30.7450,30.4000,30.7450,0
2023-12-01,30.4100,31.1900,30.4100,31.1900,15
2023-12-04,32.0000,32.6000,32.0000,32.6000,750
2023-12-05,32.8500,32.8500,32.7000,32.7000,100
2023-12-06,32.4400,32.8400,32.4400,32.8400,0
2023-12-07,32.5000,32.8650,32.5000,32.7750,10
2023-12-08,33.5000,33.5000,33.5000,33.5000,60
2023-12-11,32.9300,33.2000,32.9300,33.2000,400
2023-12-12,33.0000,34.0000,33.0000,34.0000,250
2023-12-13,33.2000,33.2000,33.2000,33.2000,0
2023-12-14,33.2000,33.2000,33.2000,33.2000,250
2023-12-15,32.0000,33.0300,32.0000,33.0300,3
2023-12-18,32.0000,32.0000,32.0000,32.0000,0
2023-12-19,32.0000,32.0000,32.0000,32.0000,0
2023-12-20,32.0500,32.0500,32.0500,32.0500,245
2023-12-21,32.0000,32.0000,32.0000,32.0000,0
2023-12-22,32.0000,32.0000,32.0000,32.0000,0
2023-12-27,32.0000,32.5700,32.0000,32.5700,253
2023-12-28,32.2150,32.2150,32.2100,32.2100,578
2023-12-29,32.1400,32.1400,32.1400,32.1400,0
2024-01-02,33.5000,33.5000,33.5000,33.5000,249
2024-01-03,33.2750,33.2750,33.2750,33.2750,0
2024-01-04,33.4900,34.3500,33.4900,34.3500,400
2024-01-05,33.7900,34.3500,33.7900,34.3500,3
2024-01-08,33.5000,34.3000,33.5000,34.3000,150
2024-01-09,33.5000,34.5000,33.5000,34.0350,464
2024-01-10,33.5000,33.6900,33.5000,33.6900,0
2024-01-11,33.6000,33.6000,33.6000,33.6000,0
2024-01-12,33.4000,33.4000,33.4000,33.4000,0
2024-01-15,33.4000,33.4000,33.4000,33.4000,0
2024-01-16,33.2000,33.2000,33.2000,33.2000,0
2024-01-17,32.6000,32.6000,32.6000,32.6000,0
2024-01-18,32.6000,32.6000,32.6000,32.6000,0
2024-01-19,32.6000,32.6000,32.0700,32.2550,2
2024-01-22,32.0000,32.0000,32.0000,32.0000,0
2024-01-23,32.2000,32.2000,32.2000,32.2000,0
2024-01-24,31.9000,31.9000,31.9000,31.9000,0
2024-01-25,32.0000,32.3200,32.0000,32.3200,200
2024-01-26,32.2750,32.4000,32.2750,32.4000,60
2024-01-29,32.4000,33.2250,32.4000,33.2250,52
2024-01-30,32.5000,32.5000,32.5000,32.5000,0
2024-01-31,33.0000,33.0000,33.0000,33.0000,100
2024-02-01,31.5650,31.5650,31.3350,31.3350,0
2024-02-02,31.2000,31.2000,31.2000,31.2000,40
2024-02-05,30.8000,30.8000,30.6500,30.6500,164
2024-02-06,30.5000,30.7000,30.5000,30.7000,164
2024-02-07,30.3350,30.3350,30.3350,30.3350,0
2024-02-08,30.0000,30.0000,30.0000,30.0000,500
2024-02-09,29.4000,29.9750,29.4000,29.9750,704
2024-02-12,29.4100,29.9700,29.4100,29.9700,1
2024-02-13,29.6000,29.6000,29.6000,29.6000,0
2024-02-14,29.5500,30.0950,29.5250,30.0950,20
2024-02-15,29.4000,29.7900,29.4000,29.7900,0
2024-02-16,30.0000,30.1200,30.0000,30.1200,5
2024-02-19,29.5000,29.5000,29.5000,29.5000,0
2024-02-20,29.7000,30.9950,29.7000,30.9950,60
2024-02-21,30.6950,30.6950,30.1850,30.1850,600
2024-02-22,30.9000,30.9000,30.3000,30.3000,170
2024-02-23,30.2000,30.2000,30.2000,30.2000,0
2024-02-26,30.2000,30.8600,29.9700,30.8600,65
2024-02-27,29.6000,30.5350,29.6000,30.5350,10
2024-02-28,30.2250,30.2250,30.2250,30.2250,0
2024-02-29,29.9250,30.8400,29.9250,30.8400,330
2024-03-01,30.0000,30.2200,30.0000,30.2200,100
2024-03-04,30.2000,30.9000,30.0750,30.0750,140
2024-03-05,29.8500,30.8400,29.8500,30.3450,351
2024-03-06,30.0600,31.0900,30.0600,30.8500,400
2024-03-07,30.3250,31.2950,30.3250,31.2950,25
2024-03-08,30.3900,31.0650,30.3900,31.0650,42
2024-03-11,31.0650,31.7700,31.0650,31.7700,125
2024-03-12,31.0650,32.0000,31.0650,32.0000,312
2024-03-13,31.3350,31.3350,31.0000,31.0000,328
2024-03-14,29.9450,30.0000,29.9450,30.0000,0
2024-03-15,29.8050,29.8050,29.8050,29.8050,0
2024-03-18,29.7000,29.7000,29.2800,29.2800,5
2024-03-19,29.4400,29.4400,29.4400,29.4400,0
2024-03-20,29.1800,29.1800,29.1800,29.1800,0
2024-03-21,29.2050,29.2050,29.2050,29.2050,0
2024-03-22,28.5600,28.8650,28.5600,28.8150,21
2024-03-25,28.7150,28.7750,28.7150,28.7750,125
2024-03-26,28.7350,28.7350,28.6000,28.6000,305
2024-03-27,28.7900,29.1900,28.7900,29.1900,50
2024-03-28,28.9300,29.2900,28.9300,29.2900,35
2024-04-02,29.2350,29.9300,29.2350,29.9200,1025
2024-04-03,29.3650,29.3650,28.7200,28.7200,80
2024-04-04,28.5100,29.1000,28.5100,29.1000,40
2024-04-05,28.2100,28.2100,28.1800,28.2000,650
2024-04-08,27.7000,27.7000,27.7000,27.7000,0
2024-04-09,27.8650,28.2000,27.8650,28.2000,0
2024-04-10,27.8500,28.7700,27.8500,28.1250,175
2024-04-11,28.0000,28.0000,28.0000,28.0000,0
2024-04-12,28.6500,28.6500,28.6500,28.6500,0
2024-04-15,28.3650,28.3650,28.3650,28.3650,0
2024-04-16,28.2700,28.6250,28.2700,28.6250,52
2024-04-17,28.0000,28.0000,28.0000,28.0000,0
2024-04-18,28.0150,28.0150,28.0150,28.0150,0
2024-04-19,28.3000,28.6000,28.1250,28.1250,300
2024-04-22,29.2000,29.2000,29.2000,29.2000,9
2024-04-23,28.5850,28.5850,28.5850,28.5850,0
2024-04-24,28.7150,28.7150,28.0950,28.0950,400
2024-04-25,28.0000,28.0000,28.0000,28.0000,0
2024-04-26,28.0000,28.0050,28.0000,28.0050,70
2024-04-29,28.1400,28.7600,28.1400,28.4800,183
2024-04-30,28.0000,28.2400,28.0000,28.2400,170
2024-05-02,28.2050,28.5000,27.9000,27.9000,840
2024-05-03,27.1000,27.5700,27.1000,27.5700,155
2024-05-06,28.2350,28.2350,27.6400,27.6850,177
2024-05-07,27.4850,28.4300,27.4850,28.4200,80
2024-05-08,28.0900,28.0900,28.0900,28.0900,0
2024-05-09,27.8000,27.8000,27.6000,27.6000,27
2024-05-10,28.2750,28.5250,28.2750,28.5250,0
2024-05-13,28.2750,28.8200,28.2750,28.8200,1000
2024-05-14,27.8000,28.4350,27.8000,28.4350,18
2024-05-15,28.1150,29.2300,28.1150,29.2300,10
2024-05-16,28.4050,30.1850,28.4050,30.1850,944
2024-05-17,29.5300,30.7350,29.5300,30.5000,1381
2024-05-20,29.6500,29.6500,29.6500,29.6500,0
2024-05-21,29.6000,30.2000,29.6000,30.0550,81
2024-05-22,29.2550,29.7650,29.2050,29.2050,60
2024-05-23,28.9000,28.9000,28.9000,28.9000,0
2024-05-24,28.9050,28.9050,28.9050,28.9050,0
2024-05-27,29.2000,29.2000,29.2000,29.2000,7
2024-05-28,29.0000,29.0000,29.0000,29.0000,50
2024-05-29,28.7500,28.7500,28.7500,28.7500,0
2024-05-30,28.7500,28.7500,28.6400,28.6400,0
2024-05-31,28.8600,28.8600,28.8600,28.8600,0
2024-06-03,29.0850,30.0000,29.0850,29.9400,102
2024-06-04,29.1050,29.9850,29.1050,29.9850,234
2024-06-05,29.8000,30.5750,29.8000,30.5750,860
2024-06-06,29.8150,30.4650,29.8150,30.4650,384
2024-06-07,30.2500,30.2500,30.2500,30.2500,0
2024-06-10,31.7300,31.7300,31.4800,31.4800,13
2024-06-11,30.4800,30.4800,30.4800,30.4800,0
2024-06-12,30.6900,30.6900,30.6900,30.6900,0
2024-06-13,30.9100,30.9100,30.9100,30.9100,0
2024-06-14,31.6050,32.8150,31.6050,32.6350,33
2024-06-17,32.2350,32.2350,31.6450,31.8500,100
2024-06-18,31.7050,32.9300,31.7050,32.9300,35
2024-06-19,32.2800,32.2800,32.2800,32.2800,0
2024-06-20,32.4050,32.4050,32.4050,32.4050,0
2024-06-21,32.1550,33.2000,32.1550,33.2000,500
2024-06-24,33.0450,33.0450,33.0450,33.0450,0
2024-06-25,32.1600,34.0000,32.1600,34.0000,300
2024-06-26,32.7550,32.7550,32.7550,32.7550,16
2024-06-27,32.2000,32.2000,32.2000,32.2000,0
2024-06-28,32.6000,33.0400,32.6000,33.0400,106
2024-07-01,32.1650,32.1650,32.1350,32.1350,0
2024-07-02,31.9500,32.6650,31.9500,32.6650,60
2024-07-03,31.6050,31.6050,31.6050,31.6050,0
2024-07-04,30.4000,31.2850,30.4000,31.2550,80
2024-07-05,30.8800,30.8800,30.8800,30.8800,0
2024-07-08,31.0050,31.0050,31.0050,31.0050,0
2024-07-09,31.0000,31.0700,31.0000,31.0700,0
2024-07-10,32.1800,32.1800,31.0850,31.0850,15
2024-07-11,31.7450,32.4750,31.6950,32.1900,325
2024-07-12,32.2800,32.2800,32.2200,32.2200,0
2024-07-15,31.8500,33.3050,31.8500,33.3050,103
2024-07-16,32.4500,32.4500,32.4500,32.4500,0
2024-07-17,32.6900,35.9000,32.6900,35.9000,200
2024-07-18,35.2750,36.3050,35.2750,35.8850,425
2024-07-19,36.0000,36.0000,35.5950,35.5950,100
2024-07-22,35.4000,35.9650,35.4000,35.9650,70
2024-07-23,35.6500,35.6600,35.6350,35.6600,70
2024-07-24,34.8000,35.8550,34.8000,35.8550,175
2024-07-25,35.1200,37.0000,35.1200,37.0000,257
2024-07-26,36.1900,37.1000,36.1900,36.2700,512
2024-07-29,38.0000,38.5000,36.9150,36.9150,396
2024-07-30,36.8600,38.0000,36.8600,37.4550,1790
2024-07-31,36.8650,37.7000,36.8650,37.7000,75
2024-08-01,36.7000,37.0250,36.7000,37.0250,9
2024-08-02,36.7000,37.7250,36.7000,37.7250,55
2024-08-05,36.7000,36.7000,35.5000,35.5000,1134
2024-08-06,35.5000,35.6000,35.5000,35.6000,64
2024-08-07,35.8000,35.8000,35.8000,35.8000,0
2024-08-08,35.5850,35.5850,35.5850,35.5850,0
2024-08-09,36.0950,36.0950,36.0750,36.0750,0
2024-08-12,36.5000,36.5000,36.5000,36.5000,1000
2024-08-13,36.2750,36.3100,36.2750,36.3100,0
2024-08-14,36.3300,37.1050,36.3150,37.1050,60
2024-08-15,36.6000,36.6000,36.6000,36.6000,0
2024-08-16,36.4000,36.6350,36.4000,36.6350,50
2024-08-19,37.1250,37.1250,36.2050,36.2250,95
2024-08-20,36.5850,37.0000,36.4800,37.0000,130
2024-08-21,36.8750,36.8750,36.8750,36.8750,0
2024-08-22,36.7950,37.4950,36.7950,37.4950,270
2024-08-23,36.7850,36.7850,36.7850,36.7850,0
2024-08-26,36.8550,36.8550,36.8550,36.8550,0
2024-08-27,37.2000,37.2000,37.2000,37.2000,0
2024-08-28,36.7550,36.7550,36.7550,36.7550,0
2024-08-29,36.8300,38.0000,36.8300,38.0000,82
2024-08-30,37.5200,38.1000,37.5200,38.1000,2210
2024-09-02,37.9850,37.9850,37.9850,37.9850,0
2024-09-03,37.7500,37.7500,37.7500,37.7500,0
2024-09-04,36.6350,36.6350,36.6350,36.6350,0
2024-09-05,36.4700,36.4700,36.4700,36.4700,0
2024-09-06,36.0900,36.4450,36.0900,36.4450,0
2024-09-09,36.2100,36.4400,35.0300,35.0300,350
2024-09-10,34.9150,35.6850,34.9150,35.6850,100
2024-09-11,35.3550,35.6750,34.6000,34.6000,3482
2024-09-12,33.5350,34.3950,33.5350,34.3950,40
2024-09-13,35.3150,35.3150,34.4550,34.5000,263
2024-09-16,34.7450,35.0500,34.7450,34.8800,28
2024-09-17,34.7800,34.7800,34.7800,34.7800,0
2024-09-18,34.9600,36.1000,34.9600,36.1000,35
2024-09-19,35.2500,35.5000,35.2500,35.5000,5
2024-09-20,34.8450,34.8450,34.8450,34.8450,0
2024-09-23,34.9550,35.2150,34.9550,35.2150,11
2024-09-24,35.0800,35.0800,35.0800,35.0800,2
2024-09-25,35.1650,36.0750,35.1650,36.0750,13
2024-09-26,35.4300,35.4300,35.4300,35.4300,0
2024-09-27,35.5200,36.4700,35.5200,36.4700,13
2024-09-30,36.3850,36.3850,35.4750,35.4750,6
2024-10-01,35.3650,35.3650,35.3650,35.3650,0
2024-10-02,34.8900,34.8900,34.8850,34.8850,0
2024-10-03,34.8800,34.8800,34.8800,34.8800,0
2024-10-04,34.2750,34.2750,34.2750,34.2750,0
2024-10-07,34.0050,34.3100,34.0050,34.3100,300
2024-10-08,34.1400,34.7250,34.1400,34.7250,20
2024-10-09,34.4250,34.4250,34.4250,34.4250,0
2024-10-10,35.3000,35.3000,35.3000,35.3000,10
2024-10-11,35.7000,35.9200,35.7000,35.9200,4
2024-10-14,35.3850,35.3850,35.3750,35.3750,100
2024-10-15,35.5500,35.5500,35.5500,35.5500,0
2024-10-16,35.6350,36.4800,35.6350,36.1050,140
2024-10-17,35.4900,35.4900,35.4900,35.4900,0
2024-10-18,35.5700,35.6200,35.5700,35.6200,500
2024-10-21,36.0100,36.0100,36.0100,36.0100,8
2024-10-22,36.0000,36.0000,36.0000,36.0000,0
2024-10-23,36.0000,37.0000,36.0000,37.0000,11
2024-10-24,36.7450,36.7450,36.7450,36.7450,0
2024-10-25,36.9250,37.9300,36.9250,37.1650,126
2024-10-28,37.5400,37.5400,37.0650,37.0650,133
2024-10-29,37.0950,37.4500,36.8000,36.8000,114
2024-10-30,36.8000,36.8000,36.0450,36.0900,260
2024-10-31,36.0000,36.0000,35.4900,35.4900,0
2024-11-01,35.5200,35.5200,35.5200,35.5200,0
2024-11-04,35.5650,35.5650,35.5650,35.5650,0
2024-11-05,36.0000,36.0000,36.0000,36.0000,55
2024-11-06,36.5800,36.8000,36.5800,36.8000,12
2024-11-07,35.0000,35.0000,35.0000,35.0000,0
2024-11-08,35.0000,35.0000,34.8950,34.8950,70
2024-11-11,34.5100,34.5100,34.5100,34.5100,0
2024-11-12,34.8650,34.8650,34.8650,34.8650,0
2024-11-13,34.5850,35.3500,34.5850,35.3500,143
2024-11-14,34.6000,35.0700,34.6000,35.0700,52
2024-11-15,33.6850,33.9000,33.6500,33.9000,10
2024-11-18,33.9000,33.9000,33.9000,33.9000,2
2024-11-19,33.5000,33.5000,33.2400,33.2400,0
2024-11-20,33.1850,33.1850,33.1850,33.1850,0
2024-11-21,32.9250,33.4100,32.9250,33.4100,0
2024-11-22,33.3300,33.3300,33.3300,33.3300,0
2024-11-25,34.0450,34.0450,34.0450,34.0450,0
2024-11-26,33.4850,33.4850,33.4850,33.4850,0
2024-11-27,34.4000,34.4000,33.3150,33.3150,100
2024-11-28,33.5850,33.6750,33.5850,33.6750,0
2024-11-29,33.3950,33.3950,33.3950,33.3950,0
2024-12-02,34.2150,34.2150,34.2150,34.2150,0
2024-12-03,33.9450,33.9450,33.6300,33.6300,100
2024-12-04,33.8150,34.6500,33.8150,33.8350,217
2024-12-05,33.6550,34.0800,33.6550,34.0800,200
2024-12-06,34.0000,34.0000,34.0000,34.0000,100
2024-12-09,35.4000,35.4000,34.0800,34.0800,490
2024-12-10,34.1600,34.1600,34.1600,34.1600,0
2024-12-11,33.4500,33.4500,33.4500,33.4500,0
2024-12-12,33.7650,33.7650,33.7650,33.7650,0
2024-12-13,33.8800,33.8800,33.8800,33.8800,0
2024-12-16,33.5000,34.0750,33.5000,34.0750,10
2024-12-17,33.5000,33.5000,33.5000,33.5000,0
2024-12-18,33.7400,34.6000,33.7400,34.6000,30
2024-12-19,33.5000,33.5000,33.5000,33.5000,0
2024-12-20,33.0000,33.0000,33.0000,33.0000,0
2024-12-23,33.0000,33.0000,33.0000,33.0000,11
2024-12-27,33.3400,33.3400,33.3400,33.3400,0
2024-12-30,33.3400,33.3400,33.3400,33.3400,0
2025-01-02,33.3400,33.8050,33.3400,33.8050,8
2025-01-03,33.6600,34.0100,33.6600,34.0100,1
2025-01-06,33.7100,33.7100,33.7100,33.7100,0
2025-01-07,33.7500,35.3750,33.6950,35.3750,185
2025-01-08,34.8400,34.8400,34.8400,34.8400,0
2025-01-09,35.3300,35.3300,35.3300,35.3300,0
2025-01-10,35.1950,35.1950,35.1500,35.1500,334
2025-01-13,35.3000,35.3000,35.1250,35.1250,0
2025-01-14,35.0000,35.0000,35.0000,35.0000,0
2025-01-15,34.7050,34.7050,34.7050,34.7050,0
2025-01-16,35.0800,35.0800,35.0800,35.0800,0
2025-01-17,35.2550,35.2550,35.2550,35.2550,0
2025-01-20,35.0300,35.0300,35.0300,35.0300,0
2025-01-21,35.0000,35.0000,35.0000,35.0000,0
2025-01-22,35.4850,36.5000,35.4850,36.5000,1200
2025-01-23,35.9200,35.9200,35.9200,35.9200,0
2025-01-24,35.9850,35.9850,35.9850,35.9850,0
2025-01-27,35.9900,35.9900,35.9900,35.9900,0
2025-01-28,36.8550,38.0100,36.8550,37.9950,103
2025-01-29,36.8750,38.3400,36.8750,38.3400,93
2025-01-30,37.4000,37.5750,37.4000,37.5750,113
2025-01-31,37.4900,38.2200,37.4900,38.2200,39
2025-02-03,37.7500,37.8650,37.7500,37.8650,5
2025-02-04,37.6500,38.8000,37.6500,38.8000,50
2025-02-05,37.5700,37.5700,37.5700,37.5700,0
2025-02-06,38.4200,38.4200,38.4200,38.4200,3
2025-02-07,37.6450,38.2850,37.6450,38.2850,220
2025-02-10,38.0000,38.8950,38.0000,38.4650,681
2025-02-11,38.2000,38.8500,38.2000,38.8500,400
2025-02-12,37.5550,37.5550,37.5400,37.5400,100
2025-02-13,38.4100,39.1450,38.4100,39.1450,1549
2025-02-14,38.5450,38.8400,38.5450,38.8400,114
2025-02-17,38.8550,39.4000,38.8550,38.9000,233
2025-02-18,38.3350,39.2750,38.3350,38.8650,302
2025-02-19,38.7000,38.7000,38.7000,38.7000,80
2025-02-20,38.2850,39.0350,38.2850,39.0350,25
2025-02-21,38.5200,39.5000,38.5200,39.5000,2600
2025-02-24,39.4700,39.5400,39.4700,39.5400,35
2025-02-25,39.0100,39.0100,39.0100,39.0100,0
2025-02-26,39.0050,39.4450,39.0050,39.4450,145
2025-02-27,39.4000,39.9950,39.4000,39.9950,12
2025-02-28,39.9950,39.9950,39.4000,39.4000,3
2025-03-03,39.7000,40.0000,39.7000,40.0000,100
2025-03-04,39.4550,40.3050,39.4550,40.3050,456
2025-03-05,39.5550,39.5550,39.5550,39.5550,0
2025-03-06,38.8850,38.8850,38.7900,38.7900,50
2025-03-07,39.3000,39.3000,39.3000,39.3000,0
2025-03-10,40.1100,40.1100,40.1100,40.1100,4
2025-03-11,39.5950,39.5950,39.5950,39.5950,0
2025-03-12,38.5000,38.5000,38.5000,38.5000,0
2025-03-13,39.6550,40.0400,39.6550,39.6700,392
2025-03-14,39.4550,39.4550,39.4550,39.4550,0
2025-03-17,39.5250,40.1400,39.5250,40.1400,50
2025-03-18,40.2550,40.2550,40.0450,40.0450,0
2025-03-19,40.0500,40.0500,39.4350,39.4350,0
2025-03-20,39.6500,39.6500,39.6500,39.6500,0
2025-03-21,39.7700,40.1500,39.7700,40.1500,100
2025-03-24,39.9950,40.1250,39.9950,40.0000,20
2025-03-25,39.5200,39.5200,39.5200,39.5200,3
2025-03-26,39.4450,39.9600,39.4450,39.9600,100
2025-03-27,39.2450,39.2450,39.2150,39.2150,400
2025-03-28,37.9000,38.5600,37.9000,38.5600,400
2025-03-31,38.3600,38.3600,38.2000,38.2000,350
2025-04-01,38.2100,38.2100,37.9100,37.9100,5
2025-04-02,37.4800,38.3000,37.1250,37.1250,412
2025-04-03,36.4000,36.4000,36.4000,36.4000,412
2025-04-04,35.8000,35.8000,34.5000,34.5700,72
2025-04-07,32.6500,32.8150,32.4100,32.4100,60
2025-04-08,33.2300,33.4000,33.2300,33.4000,150
2025-04-09,31.7950,31.9000,31.7950,31.9000,469
2025-04-10,34.7100,34.7100,32.8200,32.8200,90
2025-04-11,32.6900,32.6900,32.6900,32.6900,90
2025-04-14,33.3000,33.3000,33.3000,33.3000,19
2025-04-15,34.0000,34.0600,33.9650,34.0600,19
2025-04-16,33.8750,34.3000,33.8750,34.3000,29
2025-04-17,33.8550,33.8550,33.8550,33.8550,29
2025-04-22,34.4700,34.4700,33.6050,33.7750,326
2025-04-23,34.0450,35.0600,34.0450,35.0600,230
2025-04-24,33.6950,34.5650,33.6950,34.5650,28
2025-04-25,34.2500,34.4700,34.2500,34.4700,28
2025-04-28,34.4150,34.4150,34.4150,34.4150,28
2025-04-29,35.5900,35.5900,35.5900,35.5900,0
2025-04-30,35.8300,35.8300,35.8300,35.8300,0
2025-05-02,35.9500,35.9500,35.9500,35.9500,0
2025-05-05,36.1700,36.8000,36.1700,36.3500,690
2025-05-06,36.0300,36.7300,36.0300,36.1000,210
2025-05-07,35.4700,35.4700,35.4700,35.4700,0
2025-05-08,35.4950,35.4950,35.4950,35.4950,0
2025-05-09,34.6400,34.6400,34.6400,34.6400,0
2025-05-12,33.1750,34.4850,32.9900,33.7000,2693
2025-05-13,35.1550,35.1550,35.1550,35.1550,0
2025-05-14,34.1050,34.2500,34.1050,34.2500,8
2025-05-15,33.2150,33.2150,33.2150,33.2150,8
2025-05-16,34.0700,34.6550,34.0700,34.6550,8
2025-05-19,35.1950,35.1950,34.8000,34.8000,10
2025-05-20,34.7450,34.7450,34.7450,34.7450,10
2025-05-21,34.8750,35.4100,34.8750,35.4100,35
2025-05-22,34.5850,34.5850,34.5850,34.5850,35
2025-05-23,35.0600,35.0600,34.4050,34.4050,28
2025-05-26,34.6250,34.6250,34.6250,34.6250,28
2025-05-27,35.0050,35.0050,34.7850,34.7850,28
2025-05-28,34.5250,34.5600,34.5250,34.5600,28
2025-05-29,34.7200,34.7200,34.7200,34.7200,8
2025-05-30,34.6400,35.1750,34.6400,35.1750,8
2025-06-02,35.2100,35.2100,35.2100,35.2100,8
2025-06-03,35.4550,35.4550,35.4550,35.4550,8
2025-06-04,35.2250,36.0000,35.2250,36.0000,428
2025-06-05,35.6800,35.6800,35.3350,35.3350,425
2025-06-06,35.4350,35.4550,35.4350,35.4550,100
2025-06-09,35.0000,35.0000,35.0000,35.0000,0
2025-06-10,35.7150,35.7150,35.7150,35.7150,0
2025-06-11,35.6400,35.6400,35.6400,35.6400,0
2025-06-12,35.4000,36.0000,35.4000,36.0000,60
2025-06-13,35.7450,35.7450,35.7100,35.7100,60
2025-06-16,35.5250,35.5250,35.5250,35.5250,60
2025-06-17,34.4350,34.4350,34.4350,34.4350,60
2025-06-18,34.4300,34.4300,34.4300,34.4300,60
2025-06-19,33.9100,33.9100,33.9100,33.9100,60
2025-06-20,34.6050,34.6050,34.6050,34.6050,0
2025-06-23,34.1550,34.8200,34.1550,34.8200,500
2025-06-24,34.9800,34.9800,34.5000,34.7800,230
2025-06-25,34.8000,35.1800,34.8000,35.1800,500
2025-06-26,34.3350,34.3350,34.3350,34.3350,0
2025-06-27,34.9250,34.9250,34.9250,34.9250,500
2025-06-30,34.8200,34.8200,34.8200,34.8200,500
2025-07-01,34.2250,34.2250,34.2250,34.2250,500
2025-07-02,34.6850,34.6850,34.6850,34.6850,500
2025-07-03,34.6500,34.6500,34.3050,34.3050,400
2025-07-04,34.0200,34.8000,34.0200,34.3500,2698
2025-07-07,34.3700,34.5150,34.3700,34.5150,50
2025-07-08,34.3300,34.3300,34.3300,34.3300,45
2025-07-09,33.9250,33.9250,33.9250,33.9250,0
2025-07-10,34.4550,34.6000,34.4550,34.6000,92
2025-07-11,34.8800,34.8800,34.8800,34.8800,92
2025-07-14,33.9050,34.2850,33.9050,34.2850,45
2025-07-15,34.3850,34.3850,34.3850,34.3850,45
2025-07-16,33.7600,33.7600,33.7600,33.7600,45
2025-07-17,34.1450,34.1450,34.1450,34.1450,45
2025-07-18,34.4100,34.4100,34.4100,34.4100,45
2025-07-21,33.9000,34.2050,33.9000,34.2050,100
2025-07-22,33.7550,33.7550,33.7550,33.7550,100
2025-07-23,34.4500,35.0000,34.4500,35.0000,61
2025-07-24,34.2600,34.2600,34.2600,34.2600,61
2025-07-25,34.6250,34.6250,34.6250,34.6250,61
2025-07-28,34.7350,34.7350,34.7050,34.7050,300
2025-07-29,34.6700,34.6700,34.6700,34.6700,300
2025-07-30,34.9350,34.9350,34.7300,34.7300,300
2025-07-31,34.6000,34.6000,34.6000,34.6000,300
2025-08-01,33.5800,34.1150,33.5800,34.1150,96
2025-08-04,32.5350,34.0200,32.5350,34.0200,300
2025-08-05,33.7300,33.7300,33.7300,33.7300,300
2025-08-06,33.6850,33.6850,33.6850,33.6850,300
2025-08-07,32.4500,32.4500,32.4500,32.4500,300
2025-08-08,32.5000,32.5000,32.5000,32.5000,300
2025-08-11,32.4850,32.4850,32.4850,32.4850,300
2025-08-12,32.4350,32.8950,32.3250,32.8950,30
2025-08-13,32.3850,33.2100,32.3850,33.2100,5
2025-08-14,32.6950,32.6950,32.6950,32.6950,5
2025-08-15,33.0500,34.1250,33.0500,34.1250,1
2025-08-18,34.2600,34.2600,34.2600,34.2600,1
2025-08-19,33.7700,33.7700,33.7700,33.7700,1
2025-08-20,34.0600,34.3600,34.0600,34.3600,100
2025-08-21,34.6850,34.6850,34.6850,34.6850,100
2025-08-22,34.5600,34.5600,34.5600,34.5600,100
2025-08-25,34.3000,34.3000,34.3000,34.3000,100
2025-08-26,34.3050,34.3050,34.3050,34.3050,100
2025-08-27,34.3600,34.3600,34.3600,34.3600,100
2025-08-28,35.0200,35.0250,35.0200,35.0250,500
2025-08-29,34.5250,34.7200,34.5250,34.7200,500
2025-09-01,34.2550,34.2550,34.2550,34.2550,500
2025-09-02,34.3500,34.9500,34.3500,34.9500,500
2025-09-03,34.9250,35.7200,34.9250,35.7200,8
2025-09-04,35.7850,35.7850,35.7850,35.7850,8
2025-09-05,36.3300,36.8400,36.0000,36.8400,2563
2025-09-08,36.4700,36.4700,36.4700,36.4700,2563
2025-09-09,35.6700,35.6700,35.6700,35.6700,2563
2025-09-10,35.9300,35.9300,35.9300,35.9300,5
2025-09-11,35.3500,35.3500,35.3500,35.3500,0
2025-09-12,35.6800,35.6950,35.6800,35.6950,740
2025-09-15,35.0000,35.0000,35.0000,35.0000,300
2025-09-16,34.5950,34.5950,34.5500,34.5500,0
2025-09-17,34.2050,34.9900,34.2050,34.9550,1510
2025-09-18,34.4100,34.6450,34.4100,34.6450,3
2025-09-19,34.7600,34.7600,34.7600,34.7600,3
2025-09-22,35.3450,35.3450,35.3450,35.3450,3
2025-09-23,35.9800,35.9800,35.9800,35.9800,3
2025-09-24,35.1750,35.1750,35.1750,35.1750,2
2025-09-25,34.4850,35.0000,34.0500,34.0500,308
2025-09-26,33.4900,33.4900,33.4900,33.4900,0
2025-09-29,33.6650,33.9600,33.6650,33.9600,13
2025-09-30,33.9100,33.9100,33.8200,33.8200,39
2025-10-01,35.1900,37.0000,35.1900,37.0000,3
2025-10-02,38.0450,38.0450,37.8900,37.8900,3
2025-10-03,37.7700,37.7700,37.7700,37.7700,3
2025-10-06,37.7100,37.7100,37.7100,37.7100,3
2025-10-07,38.3450,38.3450,38.3450,38.3450,3
2025-10-08,38.5550,39.0600,38.5550,39.0600,30
2025-10-09,38.9000,38.9000,38.9000,38.9000,30
2025-10-10,38.9000,38.9000,38.9000,38.9000,30
2025-10-13,38.9000,38.9000,38.9000,38.9000,30
2025-10-14,38.4700,38.6450,38.4700,38.6450,8
2025-10-15,38.3300,38.3300,37.1850,37.6550,500
2025-10-16,38.4350,38.4350,38.4350,38.4350,266
2025-10-17,37.9550,37.9550,37.9550,37.9550,266
2025-10-20,38.0000,38.0000,38.0000,38.0000,96
2025-10-21,37.7400,37.7400,37.5050,37.5050,150
2025-10-22,37.6700,37.6700,37.6700,37.6700,150
2025-10-23,37.8200,37.8200,37.8200,37.8200,150
2025-10-24,36.4900,36.4900,36.4900,36.4900,150
2025-10-27,36.1050,36.1050,35.8700,35.8700,500
2025-10-28,35.9500,35.9500,35.9500,35.9500,500
2025-10-29,35.1450,35.1450,35.0000,35.0000,1200
2025-10-30,34.8250,35.0200,34.8250,35.0200,1200
2025-10-31,34.8900,34.8900,34.8900,34.8900,1200
2025-11-03,34.5950,35.5250,34.5950,35.5250,20
2025-11-04,34.3150,34.3150,34.3150,34.3150,0
2025-11-05,35.1650,35.1650,35.1650,35.1650,0
2025-11-06,35.2800,35.2800,35.2800,35.2800,0
2025-11-07,35.3800,35.3800,35.3800,35.3800,20
2025-11-10,36.4500,36.4500,36.4500,36.4500,20
2025-11-11,37.5700,37.5700,37.5700,37.5700,20
2025-11-12,38.6100,38.6100,38.6100,38.6100,20
2025-11-13,38.6950,38.6950,38.6950,38.6950,20
2025-11-14,38.8050,38.8750,38.8050,38.8750,6
2025-11-17,38.5200,38.5200,38.5200,38.5200,6
2025-11-18,38.9000,41.1000,38.9000,41.1000,3665
2025-11-19,41.5750,41.6050,41.5750,41.6050,333
2025-11-20,41.8700,42.1400,41.8700,42.1400,10
