timestamp,Open,High,Low,Close,Volume,Return,VIX,Symbol,Company
2005-01-03,82.1,82.1,82.1,82.1,0.0,,14.079999923706055,RHO6.FRK,Roche Holding AG
2005-01-04,82.6,82.6,82.6,82.6,0.0,0.006090133982947554,13.979999542236328,RHO6.FRK,Roche Holding AG
2005-01-05,82.4,82.4,82.4,82.4,0.0,-0.002421307506053183,14.09000015258789,RHO6.FRK,Roche Holding AG
2005-01-06,82.0,82.0,82.0,82.0,0.0,-0.004854368932038944,13.579999923706055,RHO6.FRK,Roche Holding AG
2005-01-07,82.2,82.2,82.2,82.2,0.0,0.0024390243902439046,13.489999771118164,RHO6.FRK,Roche Holding AG
2005-01-10,82.2,82.2,82.2,82.2,0.0,0.0,13.229999542236328,RHO6.FRK,Roche Holding AG
2005-01-11,82.2,82.2,82.2,82.2,0.0,0.0,13.1899995803833,RHO6.FRK,Roche Holding AG
2005-01-12,82.0,82.0,82.0,82.0,0.0,-0.0024330900243308973,12.5600004196167,RHO6.FRK,Roche Holding AG
2005-01-13,81.0,81.0,81.0,81.0,0.0,-0.012195121951219523,12.84000015258789,RHO6.FRK,Roche Holding AG
2005-01-14,81.5,81.5,81.5,81.5,0.0,0.006172839506172867,12.430000305175781,RHO6.FRK,Roche Holding AG
2005-01-17,81.5,81.5,81.5,81.5,0.0,0.0,,RHO6.FRK,Roche Holding AG
2005-01-18,82.0,82.0,82.0,82.0,0.0,0.006134969325153339,12.470000267028809,RHO6.FRK,Roche Holding AG
2005-01-19,83.0,83.0,83.0,83.0,0.0,0.012195121951219523,13.180000305175781,RHO6.FRK,Roche Holding AG
2005-01-20,82.0,82.0,82.0,82.0,0.0,-0.012048192771084376,13.829999923706055,RHO6.FRK,Roche Holding AG
2005-01-21,82.0,82.0,82.0,82.0,0.0,0.0,14.359999656677246,RHO6.FRK,Roche Holding AG
2005-01-24,82.0,82.0,82.0,82.0,0.0,0.0,14.649999618530273,RHO6.FRK,Roche Holding AG
2005-01-25,41.0,41.0,41.0,41.0,0.0,-0.5,14.0600004196167,RHO6.FRK,Roche Holding AG
2005-01-26,41.0,41.0,41.0,41.0,0.0,0.0,13.4399995803833,RHO6.FRK,Roche Holding AG
2005-01-27,41.0,41.0,41.0,41.0,0.0,0.0,13.239999771118164,RHO6.FRK,Roche Holding AG
2005-01-28,40.0,40.0,40.0,40.0,0.0,-0.024390243902439046,13.239999771118164,RHO6.FRK,Roche Holding AG
2005-01-31,40.0,40.0,40.0,40.0,0.0,0.0,12.819999694824219,RHO6.FRK,Roche Holding AG
2005-02-01,40.5,40.5,40.5,40.5,0.0,0.012499999999999956,12.029999732971191,RHO6.FRK,Roche Holding AG
2005-02-02,40.5,40.5,40.5,40.5,0.0,0.0,11.65999984741211,RHO6.FRK,Roche Holding AG
2005-02-03,40.5,40.5,40.5,40.5,0.0,0.0,11.789999961853027,RHO6.FRK,Roche Holding AG
2005-02-04,40.5,40.5,40.5,40.5,0.0,0.0,11.210000038146973,RHO6.FRK,Roche Holding AG
2005-02-07,40.0,40.0,40.0,40.0,0.0,-0.012345679012345734,11.729999542236328,RHO6.FRK,Roche Holding AG
2005-02-08,40.6,40.6,40.6,40.6,0.0,0.015000000000000124,11.600000381469727,RHO6.FRK,Roche Holding AG
2005-02-09,39.34,39.34,39.34,39.34,0.0,-0.03103448275862064,12.0,RHO6.FRK,Roche Holding AG
2005-02-10,39.4,39.4,39.4,39.4,0.0,0.0015251652262326942,11.510000228881836,RHO6.FRK,Roche Holding AG
2005-02-11,39.37,39.37,39.37,39.37,0.0,-0.000761421319796951,11.430000305175781,RHO6.FRK,Roche Holding AG
2005-02-14,39.64,39.64,39.64,39.64,0.0,0.006858013716027456,11.520000457763672,RHO6.FRK,Roche Holding AG
2005-02-15,39.69,39.69,39.69,39.69,0.0,0.0012613521695257202,11.270000457763672,RHO6.FRK,Roche Holding AG
2005-02-16,39.73,39.73,39.73,39.73,0.0,0.0010078105316200237,11.100000381469727,RHO6.FRK,Roche Holding AG
2005-02-17,39.65,39.65,39.65,39.65,0.0,-0.002013591744273846,11.770000457763672,RHO6.FRK,Roche Holding AG
2005-02-18,39.23,39.23,39.23,39.23,0.0,-0.010592686002522167,11.180000305175781,RHO6.FRK,Roche Holding AG
2005-02-21,39.54,39.54,39.54,39.54,0.0,0.007902115727759451,,RHO6.FRK,Roche Holding AG
2005-02-22,40.0,40.0,40.0,40.0,0.0,0.01163378856853825,13.140000343322754,RHO6.FRK,Roche Holding AG
2005-02-23,39.95,39.95,39.95,39.95,0.0,-0.0012499999999999734,12.390000343322754,RHO6.FRK,Roche Holding AG
2005-02-24,39.66,39.66,39.66,39.66,0.0,-0.007259073842303065,11.569999694824219,RHO6.FRK,Roche Holding AG
2005-02-25,39.85,39.85,39.85,39.85,0.0,0.0047907211296016605,11.489999771118164,RHO6.FRK,Roche Holding AG
2005-02-28,40.09,40.09,40.09,40.09,0.0,0.006022584692597199,12.079999923706055,RHO6.FRK,Roche Holding AG
2005-03-01,39.47,39.47,39.47,39.47,0.0,-0.015465203292591823,12.039999961853027,RHO6.FRK,Roche Holding AG
2005-03-02,40.07,40.07,40.07,40.07,0.0,0.015201418799087874,12.5,RHO6.FRK,Roche Holding AG
2005-03-03,39.86,39.86,39.86,39.86,0.0,-0.005240828550037491,12.930000305175781,RHO6.FRK,Roche Holding AG
2005-03-04,39.76,39.76,39.76,39.76,0.0,-0.0025087807325639977,11.9399995803833,RHO6.FRK,Roche Holding AG
2005-03-07,39.71,39.71,39.71,39.71,0.0,-0.0012575452716296898,12.260000228881836,RHO6.FRK,Roche Holding AG
2005-03-08,39.6,39.6,39.6,39.6,0.0,-0.0027700831024930483,12.399999618530273,RHO6.FRK,Roche Holding AG
2005-03-09,39.49,39.49,39.49,39.49,0.0,-0.002777777777777768,12.699999809265137,RHO6.FRK,Roche Holding AG
2005-03-10,39.19,39.19,39.19,39.19,0.0,-0.007596859964548064,12.489999771118164,RHO6.FRK,Roche Holding AG
2005-03-11,39.03,39.03,39.03,39.03,0.0,-0.0040826741515691545,12.800000190734863,RHO6.FRK,Roche Holding AG
2005-03-14,38.88,38.88,38.88,38.88,0.0,-0.00384319754035356,12.390000343322754,RHO6.FRK,Roche Holding AG
2005-03-15,40.42,40.42,40.42,40.42,0.0,0.039609053497942304,13.149999618530273,RHO6.FRK,Roche Holding AG
2005-03-16,40.7,40.7,40.7,40.7,0.0,0.006927263730826416,13.489999771118164,RHO6.FRK,Roche Holding AG
2005-03-17,40.67,40.67,40.67,40.67,0.0,-0.0007371007371007599,13.289999961853027,RHO6.FRK,Roche Holding AG
2005-03-18,39.98,39.98,39.98,39.98,0.0,-0.016965822473567815,13.140000343322754,RHO6.FRK,Roche Holding AG
2005-03-21,40.46,40.46,40.46,40.46,0.0,0.012006003001500787,13.609999656677246,RHO6.FRK,Roche Holding AG
2005-03-22,41.04,41.04,41.04,41.04,0.0,0.014335145823034967,14.270000457763672,RHO6.FRK,Roche Holding AG
2005-03-23,40.96,40.96,40.96,40.96,0.0,-0.0019493177387913674,14.0600004196167,RHO6.FRK,Roche Holding AG
2005-03-24,41.3,41.3,41.3,41.3,0.0,0.00830078125,13.420000076293945,RHO6.FRK,Roche Holding AG
2005-03-25,41.3,41.3,41.3,41.3,0.0,0.0,,RHO6.FRK,Roche Holding AG
2005-03-28,41.3,41.3,41.3,41.3,0.0,0.0,13.75,RHO6.FRK,Roche Holding AG
2005-03-29,41.2,41.2,41.2,41.2,0.0,-0.002421307506053183,14.489999771118164,RHO6.FRK,Roche Holding AG
2005-03-30,41.4,41.4,41.4,41.4,0.0,0.004854368932038833,13.640000343322754,RHO6.FRK,Roche Holding AG
2005-03-31,41.54,41.54,41.54,41.54,0.0,0.0033816425120773985,14.020000457763672,RHO6.FRK,Roche Holding AG
2005-04-01,41.46,41.46,41.46,41.46,0.0,-0.001925854597977783,14.09000015258789,RHO6.FRK,Roche Holding AG
2005-04-04,41.36,41.36,41.36,41.36,0.0,-0.002411963338157297,14.109999656677246,RHO6.FRK,Roche Holding AG
2005-04-05,41.38,41.38,41.38,41.38,0.0,0.00048355899419738613,13.680000305175781,RHO6.FRK,Roche Holding AG
2005-04-06,42.21,42.21,42.21,42.21,0.0,0.020057999033349372,13.149999618530273,RHO6.FRK,Roche Holding AG
2005-04-07,42.53,42.53,42.53,42.53,0.0,0.007581141909500211,12.329999923706055,RHO6.FRK,Roche Holding AG
2005-04-08,42.11,42.11,42.11,42.11,0.0,-0.009875382083235351,12.619999885559082,RHO6.FRK,Roche Holding AG
2005-04-11,41.98,41.98,41.98,41.98,0.0,-0.003087152695321782,11.979999542236328,RHO6.FRK,Roche Holding AG
2005-04-12,41.76,41.76,41.76,41.76,0.0,-0.005240590757503494,11.300000190734863,RHO6.FRK,Roche Holding AG
2005-04-13,42.04,42.04,42.04,42.04,0.0,0.006704980842911823,13.3100004196167,RHO6.FRK,Roche Holding AG
2005-04-14,42.25,42.25,42.25,42.25,0.0,0.004995242626070429,14.529999732971191,RHO6.FRK,Roche Holding AG
2005-04-15,43.16,43.16,43.16,43.16,0.0,0.021538461538461506,17.739999771118164,RHO6.FRK,Roche Holding AG
2005-04-18,44.45,44.45,44.45,44.45,0.0,0.029888785912882465,16.559999465942383,RHO6.FRK,Roche Holding AG
2005-04-19,44.96,45.6,44.96,45.6,400.0,0.025871766029246235,14.960000038146973,RHO6.FRK,Roche Holding AG
2005-04-20,45.38,45.38,45.38,45.38,0.0,-0.004824561403508731,16.920000076293945,RHO6.FRK,Roche Holding AG
2005-04-21,45.29,45.29,45.29,45.29,0.0,-0.001983252534156099,14.40999984741211,RHO6.FRK,Roche Holding AG
2005-04-22,45.43,45.43,45.43,45.43,0.0,0.0030911901081915882,15.380000114440918,RHO6.FRK,Roche Holding AG
2005-04-25,45.49,45.49,45.49,45.49,0.0,0.0013207131851200593,14.619999885559082,RHO6.FRK,Roche Holding AG
2005-04-26,45.67,45.67,45.67,45.67,0.0,0.003956913607386259,14.90999984741211,RHO6.FRK,Roche Holding AG
2005-04-27,46.01,46.01,46.01,46.01,0.0,0.007444712064812675,14.869999885559082,RHO6.FRK,Roche Holding AG
2005-04-28,46.37,46.37,46.37,46.37,0.0,0.007824386003042916,16.860000610351562,RHO6.FRK,Roche Holding AG
2005-04-29,46.58,46.58,46.58,46.58,0.0,0.004528790166055563,15.3100004196167,RHO6.FRK,Roche Holding AG
2005-05-02,46.2,46.2,46.2,46.2,0.0,-0.008158007728638839,15.119999885559082,RHO6.FRK,Roche Holding AG
2005-05-03,46.33,46.33,46.33,46.33,0.0,0.002813852813852824,14.529999732971191,RHO6.FRK,Roche Holding AG
2005-05-04,46.92,47.41,46.92,47.41,160.0,0.023311029570472597,13.850000381469727,RHO6.FRK,Roche Holding AG
2005-05-05,47.57,47.57,47.57,47.57,0.0,0.0033748154397807983,13.979999542236328,RHO6.FRK,Roche Holding AG
2005-05-06,47.71,47.71,47.32,47.32,160.0,-0.00525541307546773,14.050000190734863,RHO6.FRK,Roche Holding AG
2005-05-09,47.19,47.19,47.19,47.19,0.0,-0.0027472527472528485,13.75,RHO6.FRK,Roche Holding AG
2005-05-10,47.42,47.42,47.42,47.42,0.0,0.004873913964823062,14.90999984741211,RHO6.FRK,Roche Holding AG
2005-05-11,46.54,46.54,46.54,46.54,0.0,-0.018557570645297394,14.449999809265137,RHO6.FRK,Roche Holding AG
2005-05-12,46.66,46.66,46.66,46.66,0.0,0.0025784271594326835,16.1200008392334,RHO6.FRK,Roche Holding AG
2005-05-13,46.86,46.86,46.86,46.86,0.0,0.004286326618088365,16.31999969482422,RHO6.FRK,Roche Holding AG
2005-05-16,46.83,46.83,46.83,46.83,0.0,-0.000640204865557048,15.680000305175781,RHO6.FRK,Roche Holding AG
2005-05-17,47.84,47.84,47.58,47.58,400.0,0.01601537475976933,14.569999694824219,RHO6.FRK,Roche Holding AG
2005-05-18,47.53,47.53,47.53,47.53,0.0,-0.0010508617065994041,13.630000114440918,RHO6.FRK,Roche Holding AG
2005-05-19,47.98,47.98,47.98,47.98,0.0,0.009467704607616145,13.319999694824219,RHO6.FRK,Roche Holding AG
2005-05-20,48.34,48.34,48.34,48.34,0.0,0.007503126302626173,13.140000343322754,RHO6.FRK,Roche Holding AG
2005-05-23,48.34,48.34,48.34,48.34,0.0,0.0,12.949999809265137,RHO6.FRK,Roche Holding AG
2005-05-24,48.66,48.66,48.66,48.66,0.0,0.006619776582540204,12.6899995803833,RHO6.FRK,Roche Holding AG
2005-05-25,49.44,49.44,49.44,49.44,0.0,0.01602959309494456,12.579999923706055,RHO6.FRK,Roche Holding AG
2005-05-26,50.01,50.01,50.01,50.01,0.0,0.011529126213592145,12.239999771118164,RHO6.FRK,Roche Holding AG
2005-05-27,50.4,50.99,50.4,50.99,400.0,0.01959608078384334,12.149999618530273,RHO6.FRK,Roche Holding AG
2005-05-30,50.69,50.69,50.69,50.69,0.0,-0.005883506569915764,,RHO6.FRK,Roche Holding AG
2005-05-31,50.75,51.25,50.75,51.25,120.0,0.011047543894259215,13.289999961853027,RHO6.FRK,Roche Holding AG
2005-06-01,51.18,51.18,51.18,51.18,0.0,-0.0013658536585365866,12.359999656677246,RHO6.FRK,Roche Holding AG
2005-06-02,51.83,52.41,51.83,52.41,1600.0,0.024032825322391593,11.84000015258789,RHO6.FRK,Roche Holding AG
2005-06-03,51.57,51.57,51.57,51.57,0.0,-0.016027475672581448,12.149999618530273,RHO6.FRK,Roche Holding AG
2005-06-06,51.45,51.45,51.45,51.45,0.0,-0.0023269342641070168,12.279999732971191,RHO6.FRK,Roche Holding AG
2005-06-07,51.45,51.45,51.45,51.45,0.0,0.0,12.390000343322754,RHO6.FRK,Roche Holding AG
2005-06-08,51.45,51.45,51.45,51.45,0.0,0.0,12.699999809265137,RHO6.FRK,Roche Holding AG
2005-06-09,51.38,51.38,51.38,51.38,0.0,-0.0013605442176870541,12.079999923706055,RHO6.FRK,Roche Holding AG
2005-06-10,51.71,51.71,51.71,51.71,0.0,0.00642273258077064,11.960000038146973,RHO6.FRK,Roche Holding AG
2005-06-13,51.51,51.51,51.51,51.51,0.0,-0.003867723844517501,11.649999618530273,RHO6.FRK,Roche Holding AG
2005-06-14,51.57,51.57,51.57,51.57,0.0,0.0011648223645894795,11.789999961853027,RHO6.FRK,Roche Holding AG
2005-06-15,51.64,52.27,51.64,52.27,80.0,0.013573783207291079,11.460000038146973,RHO6.FRK,Roche Holding AG
2005-06-16,52.47,52.47,52.47,52.47,0.0,0.003826286588865413,11.149999618530273,RHO6.FRK,Roche Holding AG
2005-06-17,51.6,51.6,51.47,51.47,120.0,-0.01905850962454736,11.479999542236328,RHO6.FRK,Roche Holding AG
2005-06-20,51.34,51.34,51.34,51.34,0.0,-0.002525743151350235,11.470000267028809,RHO6.FRK,Roche Holding AG
2005-06-21,51.69,51.69,51.69,51.69,0.0,0.006817296455005728,11.079999923706055,RHO6.FRK,Roche Holding AG
2005-06-22,52.14,52.14,52.14,52.14,0.0,0.00870574579222283,11.050000190734863,RHO6.FRK,Roche Holding AG
2005-06-23,52.37,52.37,52.37,52.37,0.0,0.004411200613732236,12.130000114440918,RHO6.FRK,Roche Holding AG
2005-06-24,51.42,51.42,51.42,51.42,0.0,-0.018140156578193567,12.180000305175781,RHO6.FRK,Roche Holding AG
2005-06-27,51.34,51.74,51.34,51.74,1600.0,0.006223259432127648,12.520000457763672,RHO6.FRK,Roche Holding AG
2005-06-28,51.71,51.71,51.71,51.71,0.0,-0.0005798221878624554,11.579999923706055,RHO6.FRK,Roche Holding AG
2005-06-29,51.53,51.53,51.53,51.53,0.0,-0.003480951460065773,11.770000457763672,RHO6.FRK,Roche Holding AG
2005-06-30,51.65,51.65,51.65,51.65,0.0,0.002328740539491614,12.039999961853027,RHO6.FRK,Roche Holding AG
2005-07-01,51.77,51.77,51.77,51.77,0.0,0.002323330106485999,11.399999618530273,RHO6.FRK,Roche Holding AG
2005-07-04,52.16,52.16,52.16,52.16,0.0,0.007533320455862302,,RHO6.FRK,Roche Holding AG
2005-07-05,52.16,52.16,52.16,52.16,0.0,0.0,11.680000305175781,RHO6.FRK,Roche Holding AG
2005-07-06,52.35,52.9,52.35,52.9,160.0,0.01418711656441718,12.270000457763672,RHO6.FRK,Roche Holding AG
2005-07-07,52.8,52.8,52.8,52.8,0.0,-0.001890359168241984,12.489999771118164,RHO6.FRK,Roche Holding AG
2005-07-08,53.0,53.0,53.0,53.0,0.0,0.0037878787878788955,11.449999809265137,RHO6.FRK,Roche Holding AG
2005-07-11,53.22,53.22,53.22,53.22,0.0,0.0041509433962263476,11.279999732971191,RHO6.FRK,Roche Holding AG
2005-07-12,52.99,52.99,52.99,52.99,0.0,-0.00432168357760232,10.949999809265137,RHO6.FRK,Roche Holding AG
2005-07-13,53.02,53.02,53.02,53.02,0.0,0.0005661445555764644,10.84000015258789,RHO6.FRK,Roche Holding AG
2005-07-14,53.18,53.18,53.18,53.18,0.0,0.0030177291588078248,10.8100004196167,RHO6.FRK,Roche Holding AG
2005-07-15,53.47,53.47,53.47,53.47,0.0,0.005453177886423521,10.329999923706055,RHO6.FRK,Roche Holding AG
2005-07-18,53.56,53.56,53.56,53.56,0.0,0.0016831868337385814,10.770000457763672,RHO6.FRK,Roche Holding AG
2005-07-19,53.14,53.14,53.14,53.14,0.0,-0.007841672890216644,10.449999809265137,RHO6.FRK,Roche Holding AG
2005-07-20,53.79,53.79,53.79,53.79,0.0,0.012231840421528029,10.229999542236328,RHO6.FRK,Roche Holding AG
2005-07-21,55.58,55.58,55.58,55.58,0.0,0.03327756088492273,10.970000267028809,RHO6.FRK,Roche Holding AG
2005-07-22,55.26,55.26,55.26,55.26,0.0,-0.005757466714645609,10.520000457763672,RHO6.FRK,Roche Holding AG
2005-07-25,54.72,54.72,54.72,54.72,0.0,-0.009771986970684043,11.100000381469727,RHO6.FRK,Roche Holding AG
2005-07-26,55.07,55.07,55.07,55.07,800.0,0.0063961988304093165,10.989999771118164,RHO6.FRK,Roche Holding AG
2005-07-27,55.46,55.46,55.46,55.46,0.0,0.007081895769021296,10.359999656677246,RHO6.FRK,Roche Holding AG
2005-07-28,55.58,55.58,55.58,55.58,0.0,0.0021637216011538563,10.520000457763672,RHO6.FRK,Roche Holding AG
2005-07-29,55.87,55.87,55.87,55.87,0.0,0.005217704210147556,11.569999694824219,RHO6.FRK,Roche Holding AG
2005-08-01,55.87,55.87,55.87,55.87,0.0,0.0,12.079999923706055,RHO6.FRK,Roche Holding AG
2005-08-02,57.34,57.34,57.34,57.34,0.0,0.026311079291211792,11.75,RHO6.FRK,Roche Holding AG
2005-08-03,58.24,58.24,58.24,58.24,0.0,0.015695849319846467,11.829999923706055,RHO6.FRK,Roche Holding AG
2005-08-04,57.73,57.73,57.73,57.73,0.0,-0.008756868131868267,12.520000457763672,RHO6.FRK,Roche Holding AG
2005-08-05,57.88,57.88,57.88,57.88,80.0,0.002598302442404332,12.479999542236328,RHO6.FRK,Roche Holding AG
2005-08-08,57.81,57.81,57.81,57.81,0.0,-0.0012093987560469754,13.210000038146973,RHO6.FRK,Roche Holding AG
2005-08-09,57.89,57.89,57.89,57.89,0.0,0.0013838436256703446,12.399999618530273,RHO6.FRK,Roche Holding AG
2005-08-10,57.43,57.43,57.43,57.43,0.0,-0.007946104681292088,12.380000114440918,RHO6.FRK,Roche Holding AG
2005-08-11,57.55,57.55,57.55,57.55,0.0,0.0020895002611875935,12.420000076293945,RHO6.FRK,Roche Holding AG
2005-08-12,57.55,57.55,57.55,57.55,0.0,0.0,12.739999771118164,RHO6.FRK,Roche Holding AG
2005-08-15,57.34,57.34,57.34,57.34,0.0,-0.003649000868809593,12.260000228881836,RHO6.FRK,Roche Holding AG
2005-08-16,56.91,56.91,56.91,56.91,0.0,-0.00749912800837127,13.520000457763672,RHO6.FRK,Roche Holding AG
2005-08-17,56.99,56.99,56.99,56.99,0.0,0.0014057283429977918,13.300000190734863,RHO6.FRK,Roche Holding AG
2005-08-18,57.28,57.33,57.28,57.33,400.0,0.005965958940164828,13.420000076293945,RHO6.FRK,Roche Holding AG
2005-08-19,57.13,57.13,57.13,57.13,0.0,-0.00348857491714627,13.420000076293945,RHO6.FRK,Roche Holding AG
2005-08-22,56.79,56.79,56.79,56.79,0.0,-0.0059513390512866415,13.420000076293945,RHO6.FRK,Roche Holding AG
2005-08-23,56.61,56.61,56.61,56.61,0.0,-0.0031695721077654726,13.34000015258789,RHO6.FRK,Roche Holding AG
2005-08-24,56.09,56.09,56.09,56.09,0.0,-0.009185656244479756,14.170000076293945,RHO6.FRK,Roche Holding AG
2005-08-25,55.49,55.49,55.49,55.49,0.0,-0.010697093956141934,13.729999542236328,RHO6.FRK,Roche Holding AG
2005-08-26,56.22,56.22,56.22,56.22,0.0,0.013155523517750956,13.720000267028809,RHO6.FRK,Roche Holding AG
2005-08-29,55.28,55.28,55.28,55.28,0.0,-0.016720028459622838,13.520000457763672,RHO6.FRK,Roche Holding AG
2005-08-30,55.5,55.5,55.5,55.5,0.0,0.00397973950795949,13.649999618530273,RHO6.FRK,Roche Holding AG
2005-08-31,56.11,56.11,56.11,56.11,0.0,0.010990990990990879,12.600000381469727,RHO6.FRK,Roche Holding AG
2005-09-01,56.58,56.58,56.58,56.58,0.0,0.008376403493138396,13.149999618530273,RHO6.FRK,Roche Holding AG
2005-09-02,56.89,56.89,56.89,56.89,0.0,0.0054789678331566005,13.569999694824219,RHO6.FRK,Roche Holding AG
2005-09-05,56.8,56.8,56.8,56.8,0.0,-0.0015820003515556458,,RHO6.FRK,Roche Holding AG
2005-09-06,56.99,56.99,56.99,56.99,0.0,0.00334507042253529,12.930000305175781,RHO6.FRK,Roche Holding AG
2005-09-07,57.53,57.53,57.53,57.53,0.0,0.009475346552026753,12.520000457763672,RHO6.FRK,Roche Holding AG
2005-09-08,58.19,58.19,58.19,58.19,0.0,0.011472275334607929,12.930000305175781,RHO6.FRK,Roche Holding AG
2005-09-09,59.11,59.11,59.11,59.11,0.0,0.015810276679842028,11.979999542236328,RHO6.FRK,Roche Holding AG
2005-09-12,59.42,59.42,59.09,59.09,48.0,-0.0003383522246658277,11.649999618530273,RHO6.FRK,Roche Holding AG
2005-09-13,59.22,59.22,59.22,59.22,0.0,0.002200033846674554,12.390000343322754,RHO6.FRK,Roche Holding AG
2005-09-14,59.02,59.02,59.02,59.02,0.0,-0.0033772374197905686,12.90999984741211,RHO6.FRK,Roche Holding AG
2005-09-15,59.32,59.32,59.32,59.32,0.0,0.00508302270416805,12.489999771118164,RHO6.FRK,Roche Holding AG
2005-09-16,58.57,58.57,58.57,58.57,0.0,-0.012643290627107229,11.220000267028809,RHO6.FRK,Roche Holding AG
2005-09-19,59.29,59.29,59.29,59.29,0.0,0.012292982755677029,12.140000343322754,RHO6.FRK,Roche Holding AG
2005-09-20,59.24,59.24,59.24,59.24,0.0,-0.0008433125316241741,12.640000343322754,RHO6.FRK,Roche Holding AG
2005-09-21,59.43,59.43,59.43,59.43,0.0,0.003207292370020154,13.789999961853027,RHO6.FRK,Roche Holding AG
2005-09-22,58.53,58.53,58.53,58.53,0.0,-0.015143866733972722,13.329999923706055,RHO6.FRK,Roche Holding AG
2005-09-23,59.33,59.33,59.33,59.33,0.0,0.013668204339654766,12.960000038146973,RHO6.FRK,Roche Holding AG
2005-09-26,58.32,58.32,58.32,58.32,0.0,-0.017023428282487707,13.039999961853027,RHO6.FRK,Roche Holding AG
2005-09-27,58.4,58.4,58.4,58.4,0.0,0.00137174211248281,12.760000228881836,RHO6.FRK,Roche Holding AG
2005-09-28,58.0,58.0,58.0,58.0,0.0,-0.006849315068493178,12.630000114440918,RHO6.FRK,Roche Holding AG
2005-09-29,57.3,57.3,57.3,57.3,0.0,-0.012068965517241459,12.239999771118164,RHO6.FRK,Roche Holding AG
2005-09-30,57.69,57.69,57.69,57.69,0.0,0.006806282722513046,11.920000076293945,RHO6.FRK,Roche Holding AG
2005-10-03,58.66,59.5,58.66,59.5,1600.0,0.031374588316866125,12.460000038146973,RHO6.FRK,Roche Holding AG
2005-10-04,59.6,59.6,59.6,59.6,0.0,0.001680672268907557,13.199999809265137,RHO6.FRK,Roche Holding AG
2005-10-05,59.67,59.67,59.67,59.67,0.0,0.0011744966442952531,14.550000190734863,RHO6.FRK,Roche Holding AG
2005-10-06,59.79,59.79,59.79,59.79,0.0,0.002011060834590239,14.960000038146973,RHO6.FRK,Roche Holding AG
2005-10-07,60.11,60.11,60.11,60.11,0.0,0.00535206556280321,14.59000015258789,RHO6.FRK,Roche Holding AG
2005-10-10,60.2,60.2,59.69,59.69,0.0,-0.0069871901513891554,15.550000190734863,RHO6.FRK,Roche Holding AG
2005-10-11,60.5,60.5,60.5,60.5,0.0,0.013570112246607424,15.630000114440918,RHO6.FRK,Roche Holding AG
2005-10-12,60.64,60.64,60.64,60.64,0.0,0.002314049586776834,16.219999313354492,RHO6.FRK,Roche Holding AG
2005-10-13,60.74,60.74,60.74,60.74,0.0,0.0016490765171504052,16.469999313354492,RHO6.FRK,Roche Holding AG
2005-10-14,61.0,61.0,59.27,59.27,800.0,-0.02420151465261766,14.869999885559082,RHO6.FRK,Roche Holding AG
2005-10-17,60.1,60.1,60.09,60.09,200.0,0.013834992407626201,14.670000076293945,RHO6.FRK,Roche Holding AG
2005-10-18,61.31,61.31,61.31,61.31,0.0,0.020302879014811204,15.329999923706055,RHO6.FRK,Roche Holding AG
2005-10-19,62.35,62.35,60.96,60.96,1200.0,-0.005708693524710484,13.5,RHO6.FRK,Roche Holding AG
2005-10-20,61.05,61.05,60.84,60.84,240.0,-0.0019685039370078705,16.110000610351562,RHO6.FRK,Roche Holding AG
2005-10-21,60.19,60.19,60.19,60.19,0.0,-0.010683760683760757,16.1299991607666,RHO6.FRK,Roche Holding AG
2005-10-24,59.7,59.7,59.7,59.7,0.0,-0.008140887190563162,14.739999771118164,RHO6.FRK,Roche Holding AG
2005-10-25,60.92,60.92,60.92,60.92,0.0,0.020435510887772068,14.529999732971191,RHO6.FRK,Roche Holding AG
2005-10-26,61.6,61.61,61.56,61.61,800.0,0.011326329612606711,14.59000015258789,RHO6.FRK,Roche Holding AG
2005-10-27,62.07,62.07,61.43,61.43,400.0,-0.0029216036357734287,16.020000457763672,RHO6.FRK,Roche Holding AG
2005-10-28,61.07,61.07,61.07,61.07,0.0,-0.005860328829562111,14.25,RHO6.FRK,Roche Holding AG
2005-10-31,61.8,61.8,61.8,61.8,0.0,0.011953495988210161,15.319999694824219,RHO6.FRK,Roche Holding AG
2005-11-01,62.33,62.33,62.33,62.33,0.0,0.008576051779935367,14.850000381469727,RHO6.FRK,Roche Holding AG
2005-11-02,62.82,62.82,61.92,61.92,360.0,-0.006577891865875096,13.479999542236328,RHO6.FRK,Roche Holding AG
2005-11-03,62.53,62.53,62.53,62.53,400.0,0.009851421188630471,13.0,RHO6.FRK,Roche Holding AG
2005-11-04,62.95,62.95,62.95,62.95,0.0,0.006716775947545273,13.170000076293945,RHO6.FRK,Roche Holding AG
2005-11-07,62.87,62.87,62.87,62.87,0.0,-0.001270849880857905,13.100000381469727,RHO6.FRK,Roche Holding AG
2005-11-08,65.0,65.0,65.0,65.0,0.0,0.03387943375218705,13.079999923706055,RHO6.FRK,Roche Holding AG
2005-11-09,63.96,63.96,63.94,63.94,100.0,-0.016307692307692356,12.800000190734863,RHO6.FRK,Roche Holding AG
2005-11-10,63.43,63.43,63.43,63.43,0.0,-0.007976227713481387,11.899999618530273,RHO6.FRK,Roche Holding AG
2005-11-11,63.52,63.52,63.52,63.52,0.0,0.0014188869620053168,11.630000114440918,RHO6.FRK,Roche Holding AG
2005-11-14,63.65,63.65,63.65,63.65,200.0,0.002046599496221546,12.180000305175781,RHO6.FRK,Roche Holding AG
2005-11-15,63.62,63.62,62.94,62.98,400.0,-0.010526315789473717,12.229999542236328,RHO6.FRK,Roche Holding AG
2005-11-16,63.26,63.26,62.37,62.37,240.0,-0.00968561448078753,12.260000228881836,RHO6.FRK,Roche Holding AG
2005-11-17,62.69,62.69,62.4,62.4,400.0,0.0004810004810005264,11.25,RHO6.FRK,Roche Holding AG
2005-11-18,62.52,62.52,62.52,62.52,0.0,0.0019230769230769162,11.119999885559082,RHO6.FRK,Roche Holding AG
2005-11-21,62.51,62.51,62.51,62.51,0.0,-0.00015994881637881875,10.819999694824219,RHO6.FRK,Roche Holding AG
2005-11-22,63.57,63.57,63.57,63.57,0.0,0.016957286834106577,10.600000381469727,RHO6.FRK,Roche Holding AG
2005-11-23,64.49,64.49,64.49,64.49,0.0,0.014472235331130845,10.960000038146973,RHO6.FRK,Roche Holding AG
2005-11-24,64.64,64.64,64.64,64.64,0.0,0.0023259420065127046,,RHO6.FRK,Roche Holding AG
2005-11-25,63.97,64.22,63.97,64.22,400.0,-0.0064975247524752255,10.880000114440918,RHO6.FRK,Roche Holding AG
2005-11-28,65.0,65.0,65.0,65.0,80.0,0.012145748987854255,11.84000015258789,RHO6.FRK,Roche Holding AG
2005-11-29,63.89,63.89,63.89,63.89,0.0,-0.0170769230769231,11.890000343322754,RHO6.FRK,Roche Holding AG
2005-11-30,64.24,64.24,64.24,64.24,0.0,0.005478165597119888,12.0600004196167,RHO6.FRK,Roche Holding AG
2005-12-01,64.37,64.37,64.37,64.37,0.0,0.0020236612702366763,11.239999771118164,RHO6.FRK,Roche Holding AG
2005-12-02,65.14,65.14,65.14,65.14,0.0,0.011962094143234347,11.010000228881836,RHO6.FRK,Roche Holding AG
2005-12-05,64.44,64.44,64.44,64.44,0.0,-0.010746085354620849,11.600000381469727,RHO6.FRK,Roche Holding AG
2005-12-06,66.36,66.36,66.36,66.36,0.0,0.029795158286778367,11.520000457763672,RHO6.FRK,Roche Holding AG
2005-12-07,66.56,67.71,66.56,67.58,400.0,0.018384569017480423,12.180000305175781,RHO6.FRK,Roche Holding AG
2005-12-08,67.13,67.13,67.13,67.13,0.0,-0.006658774785439525,12.210000038146973,RHO6.FRK,Roche Holding AG
2005-12-09,67.28,67.28,67.28,67.28,0.0,0.002234470430507951,11.6899995803833,RHO6.FRK,Roche Holding AG
2005-12-12,67.17,67.17,67.17,67.17,0.0,-0.0016349583828775271,11.470000267028809,RHO6.FRK,Roche Holding AG
2005-12-13,66.67,66.67,66.67,66.67,0.0,-0.007443799315170474,11.109999656677246,RHO6.FRK,Roche Holding AG
2005-12-14,66.3,66.3,66.3,66.3,0.0,-0.005549722513874422,10.479999542236328,RHO6.FRK,Roche Holding AG
2005-12-15,65.72,65.72,65.72,65.72,0.0,-0.00874811463046754,10.729999542236328,RHO6.FRK,Roche Holding AG
2005-12-16,65.5,65.5,65.5,65.5,0.0,-0.0033475349969567247,10.680000305175781,RHO6.FRK,Roche Holding AG
2005-12-19,64.55,64.75,64.55,64.75,16.0,-0.011450381679389277,11.380000114440918,RHO6.FRK,Roche Holding AG
2005-12-20,64.27,64.27,64.27,64.27,0.0,-0.007413127413127496,11.1899995803833,RHO6.FRK,Roche Holding AG
2005-12-21,64.85,64.85,64.85,64.85,0.0,0.00902442819355831,10.8100004196167,RHO6.FRK,Roche Holding AG
2005-12-22,63.79,63.79,63.79,63.79,0.0,-0.016345412490362254,10.289999961853027,RHO6.FRK,Roche Holding AG
2005-12-23,63.11,63.11,62.62,62.62,200.0,-0.018341432826461834,10.270000457763672,RHO6.FRK,Roche Holding AG
2005-12-26,62.62,62.62,62.62,62.62,0.0,0.0,,RHO6.FRK,Roche Holding AG
2005-12-27,62.38,62.62,62.38,62.62,240.0,0.0,11.569999694824219,RHO6.FRK,Roche Holding AG
2005-12-28,62.92,65.5,62.92,65.5,400.0,0.04599169594378805,11.350000381469727,RHO6.FRK,Roche Holding AG
2005-12-29,63.98,63.98,63.98,63.98,316.0,-0.02320610687022906,11.609999656677246,RHO6.FRK,Roche Holding AG
2005-12-30,64.22,64.22,64.22,64.22,0.0,0.0037511722413254844,12.069999694824219,RHO6.FRK,Roche Holding AG
2006-01-02,63.76,63.76,63.76,63.76,0.0,-0.007162877608221763,,RHO6.FRK,Roche Holding AG
2006-01-03,64.15,64.15,64.15,64.15,0.0,0.0061166875784191,11.140000343322754,RHO6.FRK,Roche Holding AG
2006-01-04,63.63,64.17,63.63,64.17,180.0,0.0003117692907248504,11.369999885559082,RHO6.FRK,Roche Holding AG
2006-01-05,64.21,64.21,64.21,64.21,0.0,0.0006233442418575041,11.3100004196167,RHO6.FRK,Roche Holding AG
2006-01-06,64.36,64.36,64.36,64.36,0.0,0.002336084722005971,11.0,RHO6.FRK,Roche Holding AG
2006-01-09,64.52,64.52,64.52,64.52,120.0,0.0024860161591049312,11.130000114440918,RHO6.FRK,Roche Holding AG
2006-01-10,63.81,63.81,63.81,63.81,0.0,-0.011004339739615565,10.859999656677246,RHO6.FRK,Roche Holding AG
2006-01-11,63.48,63.48,61.91,61.91,400.0,-0.02977589719479712,10.9399995803833,RHO6.FRK,Roche Holding AG
2006-01-12,62.58,62.58,62.13,62.13,120.0,0.003553545469229702,11.199999809265137,RHO6.FRK,Roche Holding AG
2006-01-13,63.47,63.47,63.47,63.47,0.0,0.021567680669563716,11.229999542236328,RHO6.FRK,Roche Holding AG
2006-01-16,64.72,64.74,64.72,64.74,80.0,0.020009453285016576,,RHO6.FRK,Roche Holding AG
2006-01-17,64.32,64.32,64.32,64.32,0.0,-0.006487488415199305,11.90999984741211,RHO6.FRK,Roche Holding AG
2006-01-18,63.72,63.72,63.72,63.72,0.0,-0.009328358208955168,12.25,RHO6.FRK,Roche Holding AG
2006-01-19,63.56,63.56,62.99,62.99,400.0,-0.011456371625863104,11.979999542236328,RHO6.FRK,Roche Holding AG
2006-01-20,63.46,63.46,63.46,63.46,0.0,0.007461501825686501,14.5600004196167,RHO6.FRK,Roche Holding AG
2006-01-23,63.39,63.39,63.39,63.39,0.0,-0.0011030570438070875,13.930000305175781,RHO6.FRK,Roche Holding AG
2006-01-24,64.11,64.11,64.11,64.11,0.0,0.011358258400378629,13.3100004196167,RHO6.FRK,Roche Holding AG
2006-01-25,64.51,64.51,64.51,64.51,0.0,0.006239276243955816,12.869999885559082,RHO6.FRK,Roche Holding AG
2006-01-26,63.7,63.7,63.7,63.7,0.0,-0.012556192838319657,12.420000076293945,RHO6.FRK,Roche Holding AG
2006-01-27,63.7,63.7,63.7,63.7,0.0,0.0,11.970000267028809,RHO6.FRK,Roche Holding AG
2006-01-30,63.49,63.51,63.49,63.51,60.0,-0.0029827315541601784,12.390000343322754,RHO6.FRK,Roche Holding AG
2006-01-31,64.03,64.26,64.03,64.26,400.0,0.011809163911195242,12.949999809265137,RHO6.FRK,Roche Holding AG
2006-02-01,65.74,65.97,62.95,62.95,800.0,-0.02038593215063811,12.359999656677246,RHO6.FRK,Roche Holding AG
2006-02-02,63.34,63.34,63.01,63.01,400.0,0.0009531374106432899,13.229999542236328,RHO6.FRK,Roche Holding AG
2006-02-03,63.1,63.1,63.1,63.1,0.0,0.001428344707189444,12.960000038146973,RHO6.FRK,Roche Holding AG
2006-02-06,63.3,63.3,63.3,63.3,0.0,0.0031695721077653616,13.039999961853027,RHO6.FRK,Roche Holding AG
2006-02-07,61.67,61.67,61.45,61.45,400.0,-0.02922590837282768,13.59000015258789,RHO6.FRK,Roche Holding AG
2006-02-08,62.45,62.45,62.45,62.45,0.0,0.016273393002441017,12.829999923706055,RHO6.FRK,Roche Holding AG
2006-02-09,62.69,62.69,62.69,62.69,0.0,0.0038430744595676636,13.119999885559082,RHO6.FRK,Roche Holding AG
2006-02-10,62.94,62.94,62.94,62.94,0.0,0.0039878768543626375,12.869999885559082,RHO6.FRK,Roche Holding AG
2006-02-13,60.49,60.49,60.49,60.49,0.0,-0.03892596123292014,13.350000381469727,RHO6.FRK,Roche Holding AG
2006-02-14,61.36,61.83,61.36,61.57,800.0,0.017854190775334677,12.25,RHO6.FRK,Roche Holding AG
2006-02-15,62.34,62.34,62.34,62.34,0.0,0.012506090628553013,12.3100004196167,RHO6.FRK,Roche Holding AG
2006-02-16,61.87,61.87,61.57,61.57,140.0,-0.012351620147577846,11.479999542236328,RHO6.FRK,Roche Holding AG
2006-02-17,61.81,61.81,61.49,61.49,40.0,-0.001299334091278137,12.010000228881836,RHO6.FRK,Roche Holding AG
2006-02-20,61.5,61.5,61.42,61.42,800.0,-0.0011383964872336838,,RHO6.FRK,Roche Holding AG
2006-02-21,61.94,62.43,61.94,62.43,1200.0,0.01644415499837182,12.40999984741211,RHO6.FRK,Roche Holding AG
2006-02-22,62.34,62.85,62.34,62.7,2800.0,0.004324843825084246,11.880000114440918,RHO6.FRK,Roche Holding AG
2006-02-23,62.71,62.71,62.71,62.71,0.0,0.00015948963317380382,11.869999885559082,RHO6.FRK,Roche Holding AG
2006-02-24,62.78,62.81,62.05,62.05,400.0,-0.010524637218944366,11.460000038146973,RHO6.FRK,Roche Holding AG
2006-02-27,62.01,62.01,61.88,61.88,228.0,-0.002739726027397138,11.59000015258789,RHO6.FRK,Roche Holding AG
2006-02-28,62.35,62.38,61.67,61.67,384.0,-0.0033936651583710287,12.34000015258789,RHO6.FRK,Roche Holding AG
2006-03-01,62.89,62.89,62.89,62.89,0.0,0.019782714447867722,11.539999961853027,RHO6.FRK,Roche Holding AG
2006-03-02,62.61,62.77,62.61,62.77,40.0,-0.0019080934965812757,11.720000267028809,RHO6.FRK,Roche Holding AG
2006-03-03,62.84,62.84,62.72,62.72,120.0,-0.000796558865700292,11.960000038146973,RHO6.FRK,Roche Holding AG
2006-03-06,63.45,63.55,63.0,63.0,800.0,0.0044642857142858094,12.739999771118164,RHO6.FRK,Roche Holding AG
2006-03-07,62.91,62.91,62.91,62.91,0.0,-0.0014285714285714457,12.65999984741211,RHO6.FRK,Roche Holding AG
2006-03-08,63.32,63.32,63.32,63.32,0.0,0.006517246860594517,12.319999694824219,RHO6.FRK,Roche Holding AG
2006-03-09,64.28,64.28,64.28,64.28,0.0,0.01516108654453574,12.680000305175781,RHO6.FRK,Roche Holding AG
2006-03-10,63.95,63.95,63.95,63.95,0.0,-0.005133789670192845,11.850000381469727,RHO6.FRK,Roche Holding AG
2006-03-13,64.16,64.16,64.16,64.16,0.0,0.003283815480844332,11.369999885559082,RHO6.FRK,Roche Holding AG
2006-03-14,64.22,64.22,63.81,63.81,120.0,-0.005455112219451275,10.739999771118164,RHO6.FRK,Roche Holding AG
2006-03-15,64.05,64.05,64.05,64.05,0.0,0.003761165961448043,11.350000381469727,RHO6.FRK,Roche Holding AG
2006-03-16,64.25,64.25,64.25,64.25,0.0,0.0031225604996096834,11.979999542236328,RHO6.FRK,Roche Holding AG
2006-03-17,63.81,63.81,63.81,63.81,0.0,-0.006848249027237352,12.119999885559082,RHO6.FRK,Roche Holding AG
2006-03-20,64.81,64.81,64.81,64.81,0.0,0.015671524839366846,11.789999961853027,RHO6.FRK,Roche Holding AG
2006-03-21,64.07,64.07,64.07,64.07,0.0,-0.01141799105076391,11.619999885559082,RHO6.FRK,Roche Holding AG
2006-03-22,64.21,64.21,64.21,64.21,0.0,0.0021851100358982745,11.210000038146973,RHO6.FRK,Roche Holding AG
2006-03-23,63.9,63.9,63.9,63.9,0.0,-0.004827908425478866,11.170000076293945,RHO6.FRK,Roche Holding AG
2006-03-24,62.84,62.84,62.84,62.84,0.0,-0.016588419405320742,11.1899995803833,RHO6.FRK,Roche Holding AG
2006-03-27,62.84,62.84,62.84,62.84,0.0,0.0,11.460000038146973,RHO6.FRK,Roche Holding AG
2006-03-28,62.07,62.07,62.07,62.07,0.0,-0.012253341820496533,11.579999923706055,RHO6.FRK,Roche Holding AG
2006-03-29,62.17,62.17,62.17,62.17,0.0,0.0016110842597067965,10.949999809265137,RHO6.FRK,Roche Holding AG
2006-03-30,62.06,62.06,61.57,61.81,400.0,-0.005790574231944623,11.569999694824219,RHO6.FRK,Roche Holding AG
2006-03-31,61.99,61.99,61.06,61.06,8.0,-0.012133958906325848,11.390000343322754,RHO6.FRK,Roche Holding AG
2006-04-03,62.45,62.45,62.45,62.45,0.0,0.0227644939403866,11.569999694824219,RHO6.FRK,Roche Holding AG
2006-04-04,61.33,61.33,61.33,61.33,0.0,-0.017934347477982504,11.140000343322754,RHO6.FRK,Roche Holding AG
2006-04-05,61.16,61.16,61.16,61.16,0.0,-0.0027718897766183526,11.130000114440918,RHO6.FRK,Roche Holding AG
2006-04-06,61.58,61.58,60.0,60.0,800.0,-0.018966644865925364,11.449999809265137,RHO6.FRK,Roche Holding AG
2006-04-07,60.29,60.29,60.29,60.29,0.0,0.004833333333333245,12.260000228881836,RHO6.FRK,Roche Holding AG
2006-04-10,60.5,60.5,60.5,60.5,0.0,0.003483164703931063,12.1899995803833,RHO6.FRK,Roche Holding AG
2006-04-11,61.07,61.07,61.07,61.07,0.0,0.009421487603305856,13.0,RHO6.FRK,Roche Holding AG
2006-04-12,60.48,60.48,60.48,60.48,0.0,-0.009661044702800159,12.760000228881836,RHO6.FRK,Roche Holding AG
2006-04-13,60.67,60.67,60.67,60.67,800.0,0.0031415343915344174,12.380000114440918,RHO6.FRK,Roche Holding AG
2006-04-18,61.5,61.5,61.5,61.5,0.0,0.013680567001812971,11.399999618530273,RHO6.FRK,Roche Holding AG
2006-04-19,60.48,60.48,60.48,60.48,0.0,-0.01658536585365855,11.319999694824219,RHO6.FRK,Roche Holding AG
2006-04-20,60.87,60.87,60.87,60.87,0.0,0.0064484126984127865,11.640000343322754,RHO6.FRK,Roche Holding AG
2006-04-21,60.12,60.12,59.23,59.23,400.0,-0.026942664695252194,11.59000015258789,RHO6.FRK,Roche Holding AG
2006-04-24,59.55,59.55,59.55,59.55,0.0,0.0054026675671112745,11.75,RHO6.FRK,Roche Holding AG
2006-04-25,60.31,60.31,60.31,60.31,0.0,0.012762384550797812,11.75,RHO6.FRK,Roche Holding AG
2006-04-26,61.47,61.47,61.47,61.47,0.0,0.01923395788426463,11.760000228881836,RHO6.FRK,Roche Holding AG
2006-04-27,60.13,60.13,59.58,59.58,0.0,-0.030746705710102518,11.84000015258789,RHO6.FRK,Roche Holding AG
2006-04-28,60.94,60.94,60.44,60.44,64.0,0.014434373950990231,11.59000015258789,RHO6.FRK,Roche Holding AG
2006-05-02,61.59,61.59,61.06,61.06,400.0,0.010258107213765744,11.989999771118164,RHO6.FRK,Roche Holding AG
2006-05-03,61.86,61.86,61.86,61.86,0.0,0.013101867016049651,11.989999771118164,RHO6.FRK,Roche Holding AG
2006-05-04,61.37,61.37,61.37,61.37,0.0,-0.007921112188813528,11.859999656677246,RHO6.FRK,Roche Holding AG
2006-05-05,61.0,61.0,61.0,61.0,0.0,-0.00602900439954368,11.619999885559082,RHO6.FRK,Roche Holding AG
2006-05-08,61.28,61.28,61.28,61.28,0.0,0.00459016393442635,12.0,RHO6.FRK,Roche Holding AG
2006-05-09,60.94,60.94,60.8,60.8,2400.0,-0.007832898172323799,11.989999771118164,RHO6.FRK,Roche Holding AG
2006-05-10,62.93,62.93,62.23,62.23,200.0,0.023519736842105177,11.779999732971191,RHO6.FRK,Roche Holding AG
2006-05-11,62.83,62.83,62.83,62.83,0.0,0.009641651936365125,12.489999771118164,RHO6.FRK,Roche Holding AG
2006-05-12,63.0,63.0,63.0,63.0,0.0,0.0027057138309725115,14.1899995803833,RHO6.FRK,Roche Holding AG
2006-05-15,61.96,61.96,61.84,61.91,800.0,-0.017301587301587373,13.569999694824219,RHO6.FRK,Roche Holding AG
2006-05-16,62.56,62.56,62.56,62.56,0.0,0.010499111613632817,13.350000381469727,RHO6.FRK,Roche Holding AG
2006-05-17,63.54,63.54,63.54,63.54,0.0,0.01566496163682851,16.260000228881836,RHO6.FRK,Roche Holding AG
2006-05-18,62.59,62.59,62.59,62.59,0.0,-0.014951211835064426,16.989999771118164,RHO6.FRK,Roche Holding AG
2006-05-19,61.51,61.51,61.51,61.51,0.0,-0.017255152580284427,17.18000030517578,RHO6.FRK,Roche Holding AG
2006-05-22,61.42,61.42,61.42,61.42,0.0,-0.0014631767192325729,17.719999313354492,RHO6.FRK,Roche Holding AG
2006-05-23,60.3,60.3,60.3,60.3,40.0,-0.01823510257245209,18.260000228881836,RHO6.FRK,Roche Holding AG
2006-05-24,61.26,61.26,61.26,61.26,0.0,0.015920398009950265,17.360000610351562,RHO6.FRK,Roche Holding AG
2006-05-25,60.08,60.08,60.08,60.08,0.0,-0.01926216127979108,15.5,RHO6.FRK,Roche Holding AG
2006-05-26,61.02,61.02,61.02,61.02,0.0,0.01564580559254325,14.260000228881836,RHO6.FRK,Roche Holding AG
2006-05-29,60.77,60.77,60.65,60.65,400.0,-0.006063585709603525,,RHO6.FRK,Roche Holding AG
2006-05-30,61.57,61.57,61.57,61.57,0.0,0.01516900247320696,18.65999984741211,RHO6.FRK,Roche Holding AG
2006-05-31,60.66,60.66,60.66,60.66,0.0,-0.014779925288289864,16.440000534057617,RHO6.FRK,Roche Holding AG
2006-06-01,61.16,61.16,61.16,61.16,0.0,0.00824266402901408,14.520000457763672,RHO6.FRK,Roche Holding AG
2006-06-02,61.04,61.31,61.04,61.31,400.0,0.002452583387835272,14.319999694824219,RHO6.FRK,Roche Holding AG
2006-06-05,61.55,61.55,61.55,61.55,0.0,0.003914532702658624,16.649999618530273,RHO6.FRK,Roche Holding AG
2006-06-06,60.95,60.95,60.95,60.95,0.0,-0.009748172217709072,17.34000015258789,RHO6.FRK,Roche Holding AG
2006-06-07,61.78,61.78,61.78,61.78,0.0,0.01361771944216561,17.799999237060547,RHO6.FRK,Roche Holding AG
2006-06-08,62.19,62.19,62.19,62.19,0.0,0.006636451926189668,18.350000381469727,RHO6.FRK,Roche Holding AG
2006-06-09,62.51,62.51,61.66,61.66,0.0,-0.008522270461489012,18.1200008392334,RHO6.FRK,Roche Holding AG
2006-06-12,62.72,62.72,62.72,62.72,0.0,0.01719104768083035,20.959999084472656,RHO6.FRK,Roche Holding AG
2006-06-13,61.58,61.58,61.58,61.58,0.0,-0.01817602040816324,23.809999465942383,RHO6.FRK,Roche Holding AG
2006-06-14,61.02,61.02,61.02,61.02,0.0,-0.009093861643390655,21.459999084472656,RHO6.FRK,Roche Holding AG
2006-06-15,61.02,61.02,61.02,61.02,0.0,0.0,15.899999618530273,RHO6.FRK,Roche Holding AG
2006-06-16,61.02,61.02,61.02,61.02,0.0,0.0,17.25,RHO6.FRK,Roche Holding AG
2006-06-19,62.16,62.16,62.16,62.16,0.0,0.018682399213372447,17.829999923706055,RHO6.FRK,Roche Holding AG
2006-06-20,61.56,61.56,61.56,61.56,0.0,-0.009652509652509522,16.690000534057617,RHO6.FRK,Roche Holding AG
2006-06-21,62.13,62.13,62.13,62.13,0.0,0.0092592592592593,15.520000457763672,RHO6.FRK,Roche Holding AG
2006-06-22,62.75,62.75,62.75,62.75,0.0,0.00997907613069371,15.880000114440918,RHO6.FRK,Roche Holding AG
2006-06-23,63.44,63.44,63.44,63.44,0.0,0.010996015936254988,15.890000343322754,RHO6.FRK,Roche Holding AG
2006-06-26,63.92,63.92,63.92,63.92,0.0,0.007566204287515754,15.619999885559082,RHO6.FRK,Roche Holding AG
2006-06-27,62.52,62.52,62.52,62.52,320.0,-0.021902377972465525,16.399999618530273,RHO6.FRK,Roche Holding AG
2006-06-28,62.94,62.94,62.94,62.94,0.0,0.006717850287907723,15.789999961853027,RHO6.FRK,Roche Holding AG
2006-06-29,63.46,63.46,63.46,63.46,0.0,0.008261836669844369,13.029999732971191,RHO6.FRK,Roche Holding AG
2006-06-30,63.92,63.92,63.92,63.92,400.0,0.007248660573589749,13.079999923706055,RHO6.FRK,Roche Holding AG
2006-07-03,64.94,64.94,64.94,64.94,0.0,0.015957446808510634,13.050000190734863,RHO6.FRK,Roche Holding AG
2006-07-04,65.54,65.54,65.54,65.54,0.0,0.00923929781336641,,RHO6.FRK,Roche Holding AG
2006-07-05,65.45,65.45,64.74,64.74,400.0,-0.01220628623741249,14.149999618530273,RHO6.FRK,Roche Holding AG
2006-07-06,65.67,66.05,65.67,66.05,1600.0,0.020234785295026203,13.649999618530273,RHO6.FRK,Roche Holding AG
2006-07-07,66.31,66.31,65.82,65.82,800.0,-0.0034822104466314396,13.970000267028809,RHO6.FRK,Roche Holding AG
2006-07-10,66.2,66.2,66.2,66.2,0.0,0.005773321178973001,14.020000457763672,RHO6.FRK,Roche Holding AG
2006-07-11,66.89,66.89,66.57,66.57,200.0,0.005589123867069334,13.140000343322754,RHO6.FRK,Roche Holding AG
2006-07-12,66.42,66.42,66.42,66.42,0.0,-0.0022532672374941942,14.489999771118164,RHO6.FRK,Roche Holding AG
2006-07-13,67.45,67.45,67.45,67.45,0.0,0.015507377295995273,17.790000915527344,RHO6.FRK,Roche Holding AG
2006-07-14,66.14,66.14,66.14,66.14,0.0,-0.01942179392142329,18.049999237060547,RHO6.FRK,Roche Holding AG
2006-07-17,66.77,66.77,66.77,66.77,0.0,0.009525249470819341,18.639999389648438,RHO6.FRK,Roche Holding AG
2006-07-18,66.43,66.43,65.71,65.71,200.0,-0.01587539314063202,17.739999771118164,RHO6.FRK,Roche Holding AG
2006-07-19,66.48,66.48,66.48,66.48,0.0,0.011718155531882601,15.550000190734863,RHO6.FRK,Roche Holding AG
2006-07-20,67.1,67.1,67.1,67.1,0.0,0.009326113116726598,16.209999084472656,RHO6.FRK,Roche Holding AG
2006-07-21,68.85,68.85,68.85,68.85,0.0,0.02608047690014903,17.399999618530273,RHO6.FRK,Roche Holding AG
2006-07-24,68.74,68.74,68.74,68.74,0.0,-0.0015976761074800727,14.979999542236328,RHO6.FRK,Roche Holding AG
2006-07-25,70.0,70.0,70.0,70.0,160.0,0.018329938900203846,14.850000381469727,RHO6.FRK,Roche Holding AG
2006-07-26,70.29,70.29,70.29,70.29,0.0,0.004142857142857226,14.619999885559082,RHO6.FRK,Roche Holding AG
2006-07-27,69.99,69.99,69.99,69.99,0.0,-0.004268032437046654,14.9399995803833,RHO6.FRK,Roche Holding AG
2006-07-28,68.84,69.03,68.84,69.03,0.0,-0.013716245177882502,14.329999923706055,RHO6.FRK,Roche Holding AG
2006-07-31,69.82,69.82,69.82,69.82,0.0,0.01144429957989268,14.949999809265137,RHO6.FRK,Roche Holding AG
2006-08-01,70.01,70.01,70.01,70.01,0.0,0.002721283299914168,15.050000190734863,RHO6.FRK,Roche Holding AG
2006-08-02,70.0,70.0,70.0,70.0,0.0,-0.00014283673760895343,14.34000015258789,RHO6.FRK,Roche Holding AG
2006-08-03,70.0,70.0,70.0,70.0,0.0,0.0,14.460000038146973,RHO6.FRK,Roche Holding AG
2006-08-04,68.55,68.55,68.55,68.55,0.0,-0.020714285714285796,14.34000015258789,RHO6.FRK,Roche Holding AG
2006-08-07,69.49,69.49,69.49,69.49,0.0,0.013712618526622977,15.229999542236328,RHO6.FRK,Roche Holding AG
2006-08-08,69.4,69.4,69.4,69.4,0.0,-0.0012951503813496412,15.229999542236328,RHO6.FRK,Roche Holding AG
2006-08-09,69.11,69.11,69.11,69.11,0.0,-0.004178674351585143,15.199999809265137,RHO6.FRK,Roche Holding AG
2006-08-10,69.72,69.72,69.72,69.72,0.0,0.008826508464766292,14.460000038146973,RHO6.FRK,Roche Holding AG
2006-08-11,69.53,69.89,69.53,69.89,400.0,0.002438324727481289,14.300000190734863,RHO6.FRK,Roche Holding AG
2006-08-14,69.4,69.4,69.4,69.4,0.0,-0.007011017312920198,14.260000228881836,RHO6.FRK,Roche Holding AG
2006-08-15,70.0,70.0,70.0,70.0,80.0,0.008645533141210304,13.420000076293945,RHO6.FRK,Roche Holding AG
2006-08-16,72.2,72.2,72.2,72.2,0.0,0.03142857142857136,12.40999984741211,RHO6.FRK,Roche Holding AG
2006-08-17,71.4,71.4,71.4,71.4,0.0,-0.011080332409972304,12.239999771118164,RHO6.FRK,Roche Holding AG
2006-08-18,70.87,70.87,70.87,70.87,0.0,-0.007422969187675044,11.640000343322754,RHO6.FRK,Roche Holding AG
2006-08-21,70.68,70.68,70.68,70.68,0.0,-0.002680965147453085,12.220000267028809,RHO6.FRK,Roche Holding AG
2006-08-22,71.01,71.01,71.01,71.01,0.0,0.004668930390492321,12.1899995803833,RHO6.FRK,Roche Holding AG
2006-08-23,70.94,70.94,70.94,70.94,0.0,-0.0009857766511759403,12.399999618530273,RHO6.FRK,Roche Holding AG
2006-08-24,70.93,70.93,70.93,70.93,0.0,-0.00014096419509435076,12.399999618530273,RHO6.FRK,Roche Holding AG
2006-08-25,71.8,71.8,71.8,71.8,0.0,0.012265613985619428,12.3100004196167,RHO6.FRK,Roche Holding AG
2006-08-28,71.41,71.41,71.34,71.34,140.0,-0.006406685236768683,12.180000305175781,RHO6.FRK,Roche Holding AG
2006-08-29,71.8,71.8,71.8,71.8,0.0,0.006447995514437865,12.279999732971191,RHO6.FRK,Roche Holding AG
2006-08-30,72.52,72.52,72.52,72.52,0.0,0.010027855153203369,12.220000267028809,RHO6.FRK,Roche Holding AG
2006-08-31,72.41,72.41,72.41,72.41,0.0,-0.0015168229453943471,12.3100004196167,RHO6.FRK,Roche Holding AG
2006-09-01,72.08,72.08,72.08,72.08,0.0,-0.0045573815771302595,11.960000038146973,RHO6.FRK,Roche Holding AG
2006-09-04,71.64,71.64,71.64,71.64,0.0,-0.006104328523862335,,RHO6.FRK,Roche Holding AG
2006-09-05,71.44,71.44,71.44,71.44,0.0,-0.0027917364600782424,12.630000114440918,RHO6.FRK,Roche Holding AG
2006-09-06,71.39,71.39,71.39,71.39,0.0,-0.0006998880179170941,13.739999771118164,RHO6.FRK,Roche Holding AG
2006-09-07,71.64,71.64,71.64,71.64,0.0,0.003501891021151504,13.880000114440918,RHO6.FRK,Roche Holding AG
2006-09-08,71.47,71.47,71.47,71.47,0.0,-0.0023729759910664505,13.15999984741211,RHO6.FRK,Roche Holding AG
2006-09-11,71.41,71.41,71.41,71.41,0.0,-0.0008395130824122576,12.989999771118164,RHO6.FRK,Roche Holding AG
2006-09-12,68.46,68.46,68.46,68.46,0.0,-0.041310740792606104,11.920000076293945,RHO6.FRK,Roche Holding AG
2006-09-13,69.06,69.06,69.06,69.06,0.0,0.008764241893076452,11.180000305175781,RHO6.FRK,Roche Holding AG
2006-09-14,68.81,68.81,67.59,67.59,400.0,-0.02128583840139009,11.550000190734863,RHO6.FRK,Roche Holding AG
2006-09-15,66.78,66.78,66.78,66.78,0.0,-0.011984021304926817,11.760000228881836,RHO6.FRK,Roche Holding AG
2006-09-18,66.95,66.95,66.91,66.91,40.0,0.0019466906259357764,11.779999732971191,RHO6.FRK,Roche Holding AG
2006-09-19,67.92,67.92,67.92,67.92,0.0,0.015094903601853282,11.979999542236328,RHO6.FRK,Roche Holding AG
2006-09-20,68.08,68.96,68.08,68.96,388.0,0.015312131919905658,11.390000343322754,RHO6.FRK,Roche Holding AG
2006-09-21,69.12,69.12,69.12,69.12,0.0,0.0023201856148493682,12.25,RHO6.FRK,Roche Holding AG
2006-09-22,68.31,68.31,68.31,68.31,0.0,-0.01171875,12.59000015258789,RHO6.FRK,Roche Holding AG
2006-09-25,68.64,68.64,68.64,68.64,0.0,0.004830917874396157,12.119999885559082,RHO6.FRK,Roche Holding AG
2006-09-26,67.88,67.88,67.88,67.88,0.0,-0.011072261072261114,11.529999732971191,RHO6.FRK,Roche Holding AG
2006-09-27,68.7,69.65,68.7,69.65,400.0,0.02607542722451406,11.579999923706055,RHO6.FRK,Roche Holding AG
2006-09-28,69.95,69.95,69.95,69.95,0.0,0.004307250538406304,11.720000267028809,RHO6.FRK,Roche Holding AG
2006-09-29,69.22,69.22,69.22,69.22,0.0,-0.010436025732666221,11.979999542236328,RHO6.FRK,Roche Holding AG
2006-10-02,68.59,68.59,68.59,68.59,0.0,-0.00910141577578727,12.569999694824219,RHO6.FRK,Roche Holding AG
2006-10-03,68.34,68.34,67.86,67.86,200.0,-0.010642950867473466,12.239999771118164,RHO6.FRK,Roche Holding AG
2006-10-04,69.19,69.19,69.19,69.19,0.0,0.019599174771588457,11.859999656677246,RHO6.FRK,Roche Holding AG
2006-10-05,69.11,69.11,69.11,69.11,0.0,-0.00115623645035412,11.979999542236328,RHO6.FRK,Roche Holding AG
2006-10-06,68.8,68.8,67.88,67.88,400.0,-0.017797713789610814,11.5600004196167,RHO6.FRK,Roche Holding AG
2006-10-09,68.63,68.63,68.63,68.63,0.0,0.011048909840895682,11.680000305175781,RHO6.FRK,Roche Holding AG
2006-10-10,69.22,69.22,69.22,69.22,0.0,0.008596823546554111,11.520000457763672,RHO6.FRK,Roche Holding AG
2006-10-11,69.25,69.25,69.25,69.25,0.0,0.0004334007512278859,11.619999885559082,RHO6.FRK,Roche Holding AG
2006-10-12,69.98,69.98,69.25,69.25,800.0,0.0,11.09000015258789,RHO6.FRK,Roche Holding AG
2006-10-13,69.9,69.9,69.9,69.9,0.0,0.009386281588447787,10.75,RHO6.FRK,Roche Holding AG
2006-10-16,69.98,69.98,69.98,69.98,0.0,0.0011444921316166035,11.09000015258789,RHO6.FRK,Roche Holding AG
2006-10-17,69.89,69.89,69.89,69.89,0.0,-0.001286081737639333,11.729999542236328,RHO6.FRK,Roche Holding AG
2006-10-18,69.66,69.66,69.66,69.66,0.0,-0.0032908856774932493,11.34000015258789,RHO6.FRK,Roche Holding AG
2006-10-19,69.0,69.0,69.0,69.0,0.0,-0.009474590869939625,10.899999618530273,RHO6.FRK,Roche Holding AG
2006-10-20,68.91,68.91,68.91,68.91,0.0,-0.0013043478260870156,10.630000114440918,RHO6.FRK,Roche Holding AG
2006-10-23,69.05,69.05,69.05,69.05,0.0,0.0020316354665506076,11.079999923706055,RHO6.FRK,Roche Holding AG
2006-10-24,69.33,69.33,69.33,69.33,0.0,0.004055032585083218,10.779999732971191,RHO6.FRK,Roche Holding AG
2006-10-25,68.9,68.9,68.9,68.9,0.0,-0.006202221260637408,10.65999984741211,RHO6.FRK,Roche Holding AG
2006-10-26,68.93,68.93,68.93,68.93,0.0,0.0004354136429607358,10.5600004196167,RHO6.FRK,Roche Holding AG
2006-10-27,68.62,68.62,68.5,68.5,80.0,-0.006238212679530064,10.800000190734863,RHO6.FRK,Roche Holding AG
2006-10-30,68.61,68.61,68.61,68.61,0.0,0.0016058394160582967,11.199999809265137,RHO6.FRK,Roche Holding AG
2006-10-31,69.0,69.0,69.0,69.0,0.0,0.0056843025797987945,11.100000381469727,RHO6.FRK,Roche Holding AG
2006-11-01,68.93,68.93,68.93,68.93,0.0,-0.0010144927536230863,11.510000228881836,RHO6.FRK,Roche Holding AG
2006-11-02,68.63,68.63,68.62,68.62,200.0,-0.004497316117800687,11.420000076293945,RHO6.FRK,Roche Holding AG
2006-11-03,69.5,69.5,69.5,69.5,0.0,0.01282424948994465,11.15999984741211,RHO6.FRK,Roche Holding AG
2006-11-06,69.75,69.88,69.75,69.88,400.0,0.005467625899280515,11.15999984741211,RHO6.FRK,Roche Holding AG
2006-11-07,70.16,70.16,70.16,70.16,0.0,0.00400686891814539,11.09000015258789,RHO6.FRK,Roche Holding AG
2006-11-08,70.09,70.09,70.09,70.09,0.0,-0.0009977194982895288,10.75,RHO6.FRK,Roche Holding AG
2006-11-09,69.99,69.99,69.99,69.99,0.0,-0.0014267370523614042,11.010000228881836,RHO6.FRK,Roche Holding AG
2006-11-10,69.68,69.68,69.68,69.68,0.0,-0.004429204172024415,10.789999961853027,RHO6.FRK,Roche Holding AG
2006-11-13,69.54,69.74,69.54,69.74,300.0,0.000861079219288019,10.859999656677246,RHO6.FRK,Roche Holding AG
2006-11-14,69.62,69.62,69.62,69.62,0.0,-0.001720676799541021,10.5,RHO6.FRK,Roche Holding AG
2006-11-15,69.74,69.74,69.74,69.74,0.0,0.0017236426314275466,10.3100004196167,RHO6.FRK,Roche Holding AG
2006-11-16,69.84,69.84,69.84,69.84,80.0,0.001433897332951073,10.15999984741211,RHO6.FRK,Roche Holding AG
2006-11-17,69.87,69.87,69.87,69.87,0.0,0.00042955326460480947,10.050000190734863,RHO6.FRK,Roche Holding AG
2006-11-20,69.47,70.56,69.47,70.56,240.0,0.009875483039931243,9.970000267028809,RHO6.FRK,Roche Holding AG
2006-11-21,70.46,70.46,70.46,70.46,0.0,-0.0014172335600908248,9.899999618530273,RHO6.FRK,Roche Holding AG
2006-11-22,70.86,70.86,70.86,70.86,0.0,0.005676979846721553,10.140000343322754,RHO6.FRK,Roche Holding AG
2006-11-23,71.0,71.0,70.1,70.1,252.0,-0.010725373976855801,,RHO6.FRK,Roche Holding AG
2006-11-24,70.33,70.33,70.33,70.33,0.0,0.0032810271041370243,10.729999542236328,RHO6.FRK,Roche Holding AG
2006-11-27,69.62,69.62,68.66,68.66,400.0,-0.023745201194369403,12.300000190734863,RHO6.FRK,Roche Holding AG
2006-11-28,69.03,69.03,69.03,69.03,0.0,0.00538887270608801,11.619999885559082,RHO6.FRK,Roche Holding AG
2006-11-29,68.26,68.26,68.26,68.26,0.0,-0.011154570476604286,10.829999923706055,RHO6.FRK,Roche Holding AG
2006-11-30,69.13,69.13,67.96,67.96,80.0,-0.004394960445356144,10.90999984741211,RHO6.FRK,Roche Holding AG
2006-12-01,68.49,68.49,68.49,68.49,0.0,0.007798705120659166,11.65999984741211,RHO6.FRK,Roche Holding AG
2006-12-04,67.56,67.56,67.56,67.56,0.0,-0.013578624616732315,11.229999542236328,RHO6.FRK,Roche Holding AG
2006-12-05,67.74,67.74,67.74,67.74,0.0,0.002664298401420906,11.270000457763672,RHO6.FRK,Roche Holding AG
2006-12-06,66.65,66.65,66.65,66.65,0.0,-0.01609093593150268,11.329999923706055,RHO6.FRK,Roche Holding AG
2006-12-07,67.1,67.1,67.1,67.1,0.0,0.006751687921980221,12.670000076293945,RHO6.FRK,Roche Holding AG
2006-12-08,67.68,67.68,67.68,67.68,0.0,0.008643815201192506,12.069999694824219,RHO6.FRK,Roche Holding AG
2006-12-11,68.04,68.04,67.7,67.7,160.0,0.00029550827423152626,10.710000038146973,RHO6.FRK,Roche Holding AG
2006-12-12,67.82,67.82,67.82,67.82,0.0,0.0017725258493350715,10.649999618530273,RHO6.FRK,Roche Holding AG
2006-12-13,68.22,68.22,68.22,68.22,0.0,0.005897965202005473,10.180000305175781,RHO6.FRK,Roche Holding AG
2006-12-14,68.49,68.49,68.49,68.49,0.0,0.003957783641160839,9.970000267028809,RHO6.FRK,Roche Holding AG
2006-12-15,68.49,68.49,68.14,68.14,400.0,-0.005110235070813207,10.050000190734863,RHO6.FRK,Roche Holding AG
2006-12-18,68.64,68.64,68.64,68.64,0.0,0.007337833871441157,10.600000381469727,RHO6.FRK,Roche Holding AG
2006-12-19,68.62,68.62,68.62,68.62,0.0,-0.0002913752913752399,10.300000190734863,RHO6.FRK,Roche Holding AG
2006-12-20,68.73,68.73,67.98,67.98,40.0,-0.009326726901777938,10.260000228881836,RHO6.FRK,Roche Holding AG
2006-12-21,68.51,68.51,67.86,67.86,60.0,-0.00176522506619603,10.529999732971191,RHO6.FRK,Roche Holding AG
2006-12-22,69.07,69.07,69.07,69.07,60.0,0.017830828175655622,11.359999656677246,RHO6.FRK,Roche Holding AG
2006-12-27,69.05,69.05,69.05,69.05,0.0,-0.0002895613146083331,10.640000343322754,RHO6.FRK,Roche Holding AG
2006-12-28,68.63,68.63,68.63,68.63,0.0,-0.006082548877624938,10.989999771118164,RHO6.FRK,Roche Holding AG
2006-12-29,68.43,68.43,68.43,68.43,60.0,-0.0029141774734079418,11.5600004196167,RHO6.FRK,Roche Holding AG
2007-01-02,68.2,68.2,67.53,67.53,100.0,-0.013152126260412178,,RHO6.FRK,Roche Holding AG
2007-01-03,68.36,68.36,68.36,68.36,0.0,0.012290833703539228,12.039999961853027,RHO6.FRK,Roche Holding AG
2007-01-04,69.8,69.8,69.8,69.8,0.0,0.021064950263311788,11.510000228881836,RHO6.FRK,Roche Holding AG
2007-01-05,69.8,70.8,69.8,70.8,152.0,0.014326647564469885,12.140000343322754,RHO6.FRK,Roche Holding AG
2007-01-08,71.36,71.36,71.36,71.36,0.0,0.00790960451977396,12.0,RHO6.FRK,Roche Holding AG
2007-01-09,70.78,70.78,69.89,69.9,400.0,-0.020459641255605288,11.90999984741211,RHO6.FRK,Roche Holding AG
2007-01-10,69.94,70.15,69.94,70.15,40.0,0.003576537911301969,11.470000267028809,RHO6.FRK,Roche Holding AG
2007-01-11,70.97,70.97,70.97,70.97,0.0,0.011689237348538661,10.869999885559082,RHO6.FRK,Roche Holding AG
2007-01-12,71.79,71.79,71.08,71.08,160.0,0.0015499506833873689,10.149999618530273,RHO6.FRK,Roche Holding AG
2007-01-15,72.59,72.59,72.59,72.59,0.0,0.021243669105233565,,RHO6.FRK,Roche Holding AG
2007-01-16,72.74,72.74,72.74,72.74,0.0,0.0020664003306238854,10.739999771118164,RHO6.FRK,Roche Holding AG
2007-01-17,73.11,73.11,73.11,73.11,0.0,0.005086609843277579,10.59000015258789,RHO6.FRK,Roche Holding AG
2007-01-18,73.84,73.84,72.8,72.8,120.0,-0.0042401860210641296,10.850000381469727,RHO6.FRK,Roche Holding AG
2007-01-19,73.53,73.53,73.53,73.53,0.0,0.010027472527472492,10.399999618530273,RHO6.FRK,Roche Holding AG
2007-01-22,74.4,74.4,72.99,72.99,400.0,-0.007343941248470043,10.770000457763672,RHO6.FRK,Roche Holding AG
2007-01-23,73.64,73.64,73.18,73.18,64.0,0.002603096314563791,10.34000015258789,RHO6.FRK,Roche Holding AG
2007-01-24,73.45,73.45,73.45,73.45,0.0,0.0036895326591963595,9.890000343322754,RHO6.FRK,Roche Holding AG
2007-01-25,73.73,73.73,73.73,73.73,0.0,0.0038121170864533482,11.220000267028809,RHO6.FRK,Roche Holding AG
2007-01-26,73.01,73.01,73.01,73.01,0.0,-0.009765360097653608,11.130000114440918,RHO6.FRK,Roche Holding AG
2007-01-29,71.89,71.89,71.89,71.89,0.0,-0.015340364333652934,11.449999809265137,RHO6.FRK,Roche Holding AG
2007-01-30,72.59,72.59,72.59,72.59,0.0,0.009737098344693385,10.960000038146973,RHO6.FRK,Roche Holding AG
2007-01-31,72.51,72.51,72.51,72.51,0.0,-0.0011020801763328425,10.420000076293945,RHO6.FRK,Roche Holding AG
2007-02-01,72.95,72.95,72.95,72.95,0.0,0.006068128533995187,10.3100004196167,RHO6.FRK,Roche Holding AG
2007-02-02,73.84,73.84,73.84,73.84,0.0,0.012200137080191853,10.079999923706055,RHO6.FRK,Roche Holding AG
2007-02-05,73.56,73.56,73.56,73.56,0.0,-0.003791982665222071,10.550000190734863,RHO6.FRK,Roche Holding AG
2007-02-06,74.58,74.58,74.1,74.1,32.0,0.007340946166394691,10.649999618530273,RHO6.FRK,Roche Holding AG
2007-02-07,73.52,73.52,73.52,73.52,0.0,-0.007827260458839413,10.319999694824219,RHO6.FRK,Roche Holding AG
2007-02-08,72.43,72.43,69.98,69.98,800.0,-0.04815016322089216,10.4399995803833,RHO6.FRK,Roche Holding AG
2007-02-09,70.63,70.63,70.63,70.63,0.0,0.00928836810517275,11.100000381469727,RHO6.FRK,Roche Holding AG
2007-02-12,69.73,69.73,69.73,69.73,0.0,-0.012742460710746029,11.609999656677246,RHO6.FRK,Roche Holding AG
2007-02-13,70.66,70.66,70.0,70.0,232.0,0.0038720780152015077,10.34000015258789,RHO6.FRK,Roche Holding AG
2007-02-14,70.42,70.42,70.42,70.42,2000.0,0.006000000000000005,10.229999542236328,RHO6.FRK,Roche Holding AG
2007-02-15,71.41,71.41,71.41,71.41,0.0,0.014058506106219726,10.220000267028809,RHO6.FRK,Roche Holding AG
2007-02-16,70.66,70.66,70.66,70.66,0.0,-0.010502730709984642,10.020000457763672,RHO6.FRK,Roche Holding AG
2007-02-19,71.29,71.29,71.29,71.29,0.0,0.008915935465610092,,RHO6.FRK,Roche Holding AG
2007-02-20,71.1,71.1,70.02,70.02,0.0,-0.017814560246879108,10.239999771118164,RHO6.FRK,Roche Holding AG
2007-02-21,71.61,71.61,70.57,70.57,140.0,0.007854898600399896,10.199999809265137,RHO6.FRK,Roche Holding AG
2007-02-22,69.36,69.36,69.36,69.36,0.0,-0.017146096074819206,10.180000305175781,RHO6.FRK,Roche Holding AG
2007-02-23,69.16,69.16,69.16,69.16,0.0,-0.0028835063437140374,10.579999923706055,RHO6.FRK,Roche Holding AG
2007-02-26,69.21,69.21,69.21,69.21,0.0,0.0007229612492769544,11.149999618530273,RHO6.FRK,Roche Holding AG
2007-02-27,68.83,68.83,67.89,67.89,140.0,-0.019072388383181482,18.309999465942383,RHO6.FRK,Roche Holding AG
2007-02-28,66.98,66.98,66.98,66.98,0.0,-0.013404035940491887,15.420000076293945,RHO6.FRK,Roche Holding AG
2007-03-01,67.68,67.68,67.68,67.68,0.0,0.010450880859958156,15.819999694824219,RHO6.FRK,Roche Holding AG
2007-03-02,67.99,67.99,67.99,67.99,0.0,0.0045803782505908774,18.610000610351562,RHO6.FRK,Roche Holding AG
2007-03-05,67.86,67.86,67.86,67.86,0.0,-0.0019120458891013214,19.6299991607666,RHO6.FRK,Roche Holding AG
2007-03-06,67.54,67.54,67.54,67.54,0.0,-0.0047155909224874115,15.960000038146973,RHO6.FRK,Roche Holding AG
2007-03-07,67.62,67.62,67.62,67.62,232.0,0.0011844832691738638,15.239999771118164,RHO6.FRK,Roche Holding AG
2007-03-08,67.6,67.6,67.6,67.6,80.0,-0.0002957704821060503,14.289999961853027,RHO6.FRK,Roche Holding AG
2007-03-09,66.87,66.87,66.87,66.87,0.0,-0.010798816568047154,14.09000015258789,RHO6.FRK,Roche Holding AG
2007-03-12,67.04,67.16,65.83,65.83,800.0,-0.015552564677733027,13.989999771118164,RHO6.FRK,Roche Holding AG
2007-03-13,66.98,66.98,66.98,66.98,0.0,0.017469238948807586,18.1299991607666,RHO6.FRK,Roche Holding AG
2007-03-14,65.21,65.21,65.21,65.21,0.0,-0.026425798745894458,17.270000457763672,RHO6.FRK,Roche Holding AG
2007-03-15,65.41,65.41,65.41,65.41,0.0,0.0030670142616162632,16.43000030517578,RHO6.FRK,Roche Holding AG
2007-03-16,65.87,65.87,65.87,65.87,0.0,0.007032563828160976,16.790000915527344,RHO6.FRK,Roche Holding AG
2007-03-19,66.37,66.37,66.37,66.37,0.0,0.00759070897221803,14.59000015258789,RHO6.FRK,Roche Holding AG
2007-03-20,66.47,66.47,66.47,66.47,0.0,0.0015067048365224878,13.270000457763672,RHO6.FRK,Roche Holding AG
2007-03-21,67.21,67.28,67.21,67.28,200.0,0.012185948548217196,12.1899995803833,RHO6.FRK,Roche Holding AG
2007-03-22,68.37,68.5,68.37,68.5,400.0,0.018133174791914453,12.930000305175781,RHO6.FRK,Roche Holding AG
2007-03-23,68.5,68.76,67.19,67.19,800.0,-0.019124087591240957,12.949999809265137,RHO6.FRK,Roche Holding AG
2007-03-26,67.91,67.91,67.91,67.91,0.0,0.010715880339336126,13.15999984741211,RHO6.FRK,Roche Holding AG
2007-03-27,68.27,68.27,68.27,68.27,0.0,0.005301133853629736,13.479999542236328,RHO6.FRK,Roche Holding AG
2007-03-28,67.49,67.49,67.49,67.49,0.0,-0.011425223377764748,14.979999542236328,RHO6.FRK,Roche Holding AG
2007-03-29,66.65,66.65,66.65,66.65,0.0,-0.012446288339013067,15.140000343322754,RHO6.FRK,Roche Holding AG
2007-03-30,67.08,67.08,67.08,67.08,0.0,0.006451612903225712,14.640000343322754,RHO6.FRK,Roche Holding AG
2007-04-02,66.85,66.85,66.85,66.85,0.0,-0.003428741800834856,14.529999732971191,RHO6.FRK,Roche Holding AG
2007-04-03,67.06,67.06,67.06,67.06,0.0,0.003141361256544517,13.460000038146973,RHO6.FRK,Roche Holding AG
2007-04-04,67.14,67.14,67.14,67.14,0.0,0.0011929615269907767,13.239999771118164,RHO6.FRK,Roche Holding AG
2007-04-05,67.31,67.31,67.15,67.15,4800.0,0.00014894250819197374,13.229999542236328,RHO6.FRK,Roche Holding AG
2007-04-10,68.02,68.02,68.0,68.0,400.0,0.012658227848101111,12.680000305175781,RHO6.FRK,Roche Holding AG
2007-04-11,68.43,68.43,68.43,68.43,0.0,0.006323529411764728,13.489999771118164,RHO6.FRK,Roche Holding AG
2007-04-12,68.0,68.0,68.0,68.0,80.0,-0.006283793657752557,12.710000038146973,RHO6.FRK,Roche Holding AG
2007-04-13,67.9,67.9,67.52,67.75,140.0,-0.003676470588235281,12.199999809265137,RHO6.FRK,Roche Holding AG
2007-04-16,68.52,68.52,68.52,68.52,0.0,0.011365313653136422,11.979999542236328,RHO6.FRK,Roche Holding AG
2007-04-17,68.46,68.46,68.46,68.46,0.0,-0.0008756567425569628,12.140000343322754,RHO6.FRK,Roche Holding AG
2007-04-18,69.65,69.65,69.65,69.65,0.0,0.017382413087934756,12.420000076293945,RHO6.FRK,Roche Holding AG
2007-04-19,70.0,70.0,70.0,70.0,160.0,0.005025125628140614,12.539999961853027,RHO6.FRK,Roche Holding AG
2007-04-20,71.0,71.0,71.0,71.0,280.0,0.014285714285714235,12.069999694824219,RHO6.FRK,Roche Holding AG
2007-04-23,71.73,71.73,71.73,71.73,0.0,0.010281690140845123,13.039999961853027,RHO6.FRK,Roche Holding AG
2007-04-24,71.85,71.85,70.09,70.09,800.0,-0.022863515962637693,13.119999885559082,RHO6.FRK,Roche Holding AG
2007-04-25,71.46,71.46,70.6,70.6,1200.0,0.007276358967042151,13.210000038146973,RHO6.FRK,Roche Holding AG
2007-04-26,71.47,71.47,71.47,71.47,0.0,0.012322946175637561,12.789999961853027,RHO6.FRK,Roche Holding AG
2007-04-27,70.42,70.42,70.0,70.0,8.0,-0.020568070519098924,12.449999809265137,RHO6.FRK,Roche Holding AG
2007-04-30,69.91,69.91,69.91,69.91,8.0,-0.0012857142857143344,14.220000267028809,RHO6.FRK,Roche Holding AG
2007-05-02,69.73,69.73,69.73,69.73,0.0,-0.0025747389500785367,13.079999923706055,RHO6.FRK,Roche Holding AG
2007-05-03,70.21,70.21,70.21,70.21,0.0,0.006883694249246952,13.09000015258789,RHO6.FRK,Roche Holding AG
2007-05-04,70.04,70.46,70.04,70.46,120.0,0.003560746332431197,12.90999984741211,RHO6.FRK,Roche Holding AG
2007-05-07,71.36,71.36,70.45,70.45,56.0,-0.00014192449616790004,13.149999618530273,RHO6.FRK,Roche Holding AG
2007-05-08,70.99,70.99,70.99,70.99,0.0,0.007665010645848014,13.210000038146973,RHO6.FRK,Roche Holding AG
2007-05-09,70.62,70.62,70.62,70.62,0.0,-0.005212001690378831,12.880000114440918,RHO6.FRK,Roche Holding AG
2007-05-10,70.18,70.18,70.18,70.18,0.0,-0.006230529595015577,13.600000381469727,RHO6.FRK,Roche Holding AG
2007-05-11,68.76,68.76,68.76,68.76,396.0,-0.020233684810487373,12.949999809265137,RHO6.FRK,Roche Holding AG
2007-05-14,69.7,69.7,69.7,69.7,0.0,0.013670738801628834,13.960000038146973,RHO6.FRK,Roche Holding AG
2007-05-15,69.29,69.29,69.29,69.29,0.0,-0.00588235294117645,14.010000228881836,RHO6.FRK,Roche Holding AG
2007-05-16,69.11,69.11,69.11,69.11,0.0,-0.002597777457064576,13.5,RHO6.FRK,Roche Holding AG
2007-05-17,69.0,69.0,69.0,69.0,0.0,-0.001591665460859537,13.510000228881836,RHO6.FRK,Roche Holding AG
2007-05-18,69.62,69.62,69.62,69.62,0.0,0.008985507246376923,12.760000228881836,RHO6.FRK,Roche Holding AG
2007-05-21,68.91,68.97,68.91,68.97,64.0,-0.009336397586900413,13.300000190734863,RHO6.FRK,Roche Holding AG
2007-05-22,68.05,68.05,68.05,68.05,800.0,-0.013339132956357913,13.0600004196167,RHO6.FRK,Roche Holding AG
2007-05-23,68.68,68.68,68.68,68.68,0.0,0.009257898603967751,13.239999771118164,RHO6.FRK,Roche Holding AG
2007-05-24,68.56,68.56,68.56,68.56,0.0,-0.0017472335468842193,14.079999923706055,RHO6.FRK,Roche Holding AG
2007-05-25,68.61,68.61,68.61,68.61,800.0,0.0007292882147023061,13.34000015258789,RHO6.FRK,Roche Holding AG
2007-05-29,68.5,68.5,68.04,68.04,256.0,-0.00830782684739828,13.529999732971191,RHO6.FRK,Roche Holding AG
2007-05-30,68.14,68.14,68.14,68.14,0.0,0.0014697236919458678,12.829999923706055,RHO6.FRK,Roche Holding AG
2007-05-31,69.28,69.28,69.28,69.28,0.0,0.016730261226885812,13.050000190734863,RHO6.FRK,Roche Holding AG
2007-06-01,68.89,68.89,68.15,68.33,5200.0,-0.013712471131639759,12.779999732971191,RHO6.FRK,Roche Holding AG
2007-06-04,68.4,68.4,68.4,68.4,0.0,0.0010244402165959787,13.289999961853027,RHO6.FRK,Roche Holding AG
2007-06-05,68.42,68.42,68.42,68.42,0.0,0.00029239766081867735,13.630000114440918,RHO6.FRK,Roche Holding AG
2007-06-06,67.42,67.42,67.42,67.42,0.0,-0.014615609470914892,14.869999885559082,RHO6.FRK,Roche Holding AG
2007-06-07,67.54,67.54,67.54,67.54,0.0,0.001779887273805958,17.059999465942383,RHO6.FRK,Roche Holding AG
2007-06-08,65.97,65.97,65.97,65.97,0.0,-0.023245484157536356,14.84000015258789,RHO6.FRK,Roche Holding AG
2007-06-11,66.42,66.42,66.42,66.42,0.0,0.006821282401091366,14.710000038146973,RHO6.FRK,Roche Holding AG
2007-06-12,66.23,66.23,66.23,66.23,0.0,-0.0028605841613971172,16.670000076293945,RHO6.FRK,Roche Holding AG
2007-06-13,71.0,71.0,71.0,71.0,0.0,0.07202174241280379,14.729999542236328,RHO6.FRK,Roche Holding AG
2007-06-14,65.42,65.42,65.42,65.42,0.0,-0.07859154929577461,13.640000343322754,RHO6.FRK,Roche Holding AG
2007-06-15,65.63,66.67,65.63,66.67,300.0,0.019107306634056798,13.9399995803833,RHO6.FRK,Roche Holding AG
2007-06-18,66.7,66.7,66.7,66.7,200.0,0.00044997750112485413,13.420000076293945,RHO6.FRK,Roche Holding AG
2007-06-19,65.98,65.98,65.98,65.98,16.0,-0.010794602698650624,12.850000381469727,RHO6.FRK,Roche Holding AG
2007-06-20,65.19,65.19,65.19,65.19,0.0,-0.011973325250075884,14.670000076293945,RHO6.FRK,Roche Holding AG
2007-06-21,65.0,65.0,65.0,65.0,80.0,-0.0029145574474612745,14.210000038146973,RHO6.FRK,Roche Holding AG
2007-06-22,64.02,64.02,64.02,64.02,0.0,-0.015076923076923099,15.75,RHO6.FRK,Roche Holding AG
2007-06-25,64.17,64.17,64.17,64.17,0.0,0.0023430178069354657,16.649999618530273,RHO6.FRK,Roche Holding AG
2007-06-26,64.2,64.2,64.2,64.2,0.0,0.0004675081813931836,18.889999389648438,RHO6.FRK,Roche Holding AG
2007-06-27,64.17,64.17,64.17,64.17,0.0,-0.00046728971962617383,15.529999732971191,RHO6.FRK,Roche Holding AG
2007-06-28,64.88,64.88,64.88,64.88,0.0,0.011064360292971642,15.539999961853027,RHO6.FRK,Roche Holding AG
2007-06-29,65.62,65.89,65.62,65.75,800.0,0.013409371146732463,16.229999542236328,RHO6.FRK,Roche Holding AG
2007-07-02,65.98,65.98,65.98,65.98,0.0,0.0034980988593156237,15.399999618530273,RHO6.FRK,Roche Holding AG
2007-07-03,65.68,65.68,65.68,65.68,0.0,-0.004546832373446441,14.920000076293945,RHO6.FRK,Roche Holding AG
2007-07-04,65.38,65.38,65.38,65.38,0.0,-0.004567600487210943,,RHO6.FRK,Roche Holding AG
2007-07-05,66.31,66.31,66.31,66.31,0.0,0.014224533496482117,15.479999542236328,RHO6.FRK,Roche Holding AG
2007-07-06,65.1,65.1,65.1,65.1,0.0,-0.01824762479264075,14.720000267028809,RHO6.FRK,Roche Holding AG
2007-07-09,66.28,66.28,66.28,66.28,0.0,0.01812596006144407,15.15999984741211,RHO6.FRK,Roche Holding AG
2007-07-10,65.87,65.87,65.87,65.87,0.0,-0.006185878092939023,17.56999969482422,RHO6.FRK,Roche Holding AG
2007-07-11,65.86,65.86,65.86,65.86,0.0,-0.00015181417944443165,16.639999389648438,RHO6.FRK,Roche Holding AG
2007-07-12,66.06,66.06,65.33,65.33,112.0,-0.008047373215912534,15.539999961853027,RHO6.FRK,Roche Holding AG
2007-07-13,66.06,66.06,65.1,65.76,800.0,0.006581968467779031,15.149999618530273,RHO6.FRK,Roche Holding AG
2007-07-16,65.66,65.66,65.66,65.66,0.0,-0.0015206812652069912,15.59000015258789,RHO6.FRK,Roche Holding AG
2007-07-17,65.56,65.56,65.56,65.56,0.0,-0.0015229972586048302,15.630000114440918,RHO6.FRK,Roche Holding AG
2007-07-18,65.08,65.08,65.08,65.08,0.0,-0.007321537522879895,16.0,RHO6.FRK,Roche Holding AG
2007-07-19,66.07,66.07,66.07,66.07,0.0,0.015212046711739369,15.229999542236328,RHO6.FRK,Roche Holding AG
2007-07-20,67.46,67.46,67.46,67.46,0.0,0.0210382927198427,16.950000762939453,RHO6.FRK,Roche Holding AG
2007-07-23,66.29,66.29,66.29,66.29,0.0,-0.01734361102875759,16.809999465942383,RHO6.FRK,Roche Holding AG
2007-07-24,65.37,65.37,65.37,65.37,0.0,-0.013878413033640125,18.549999237060547,RHO6.FRK,Roche Holding AG
2007-07-25,65.29,65.29,65.29,65.29,0.0,-0.0012238029677221762,18.100000381469727,RHO6.FRK,Roche Holding AG
2007-07-26,65.05,65.05,65.05,65.05,0.0,-0.003675907489661623,20.739999771118164,RHO6.FRK,Roche Holding AG
2007-07-27,63.19,64.03,63.19,64.03,400.0,-0.01568024596464257,24.170000076293945,RHO6.FRK,Roche Holding AG
2007-07-30,64.42,64.42,64.42,64.42,0.0,0.00609089489301895,20.8700008392334,RHO6.FRK,Roche Holding AG
2007-07-31,64.68,64.68,64.68,64.68,0.0,0.00403601366035411,23.520000457763672,RHO6.FRK,Roche Holding AG
2007-08-01,65.82,65.82,65.82,65.82,0.0,0.017625231910946004,23.670000076293945,RHO6.FRK,Roche Holding AG
2007-08-02,66.69,66.69,66.69,66.69,0.0,0.013217866909754017,21.219999313354492,RHO6.FRK,Roche Holding AG
2007-08-03,65.41,65.41,65.41,65.41,0.0,-0.01919328235117712,25.15999984741211,RHO6.FRK,Roche Holding AG
2007-08-06,64.42,64.42,64.42,64.42,0.0,-0.015135300412780883,22.940000534057617,RHO6.FRK,Roche Holding AG
2007-08-07,64.8,64.8,64.8,64.8,0.0,0.005898789195901921,21.559999465942383,RHO6.FRK,Roche Holding AG
2007-08-08,65.11,65.11,65.11,65.11,0.0,0.004783950617283983,21.450000762939453,RHO6.FRK,Roche Holding AG
2007-08-09,65.87,65.87,65.87,65.87,0.0,0.011672554139149138,26.479999542236328,RHO6.FRK,Roche Holding AG
2007-08-10,64.9,64.9,64.9,64.9,0.0,-0.014725975406102876,28.299999237060547,RHO6.FRK,Roche Holding AG
2007-08-13,64.67,64.67,64.67,64.67,0.0,-0.0035439137134053444,26.56999969482422,RHO6.FRK,Roche Holding AG
2007-08-14,63.01,63.01,63.01,63.01,400.0,-0.025668779959795995,27.68000030517578,RHO6.FRK,Roche Holding AG
2007-08-15,64.18,64.18,64.18,64.18,0.0,0.01856848119346144,30.670000076293945,RHO6.FRK,Roche Holding AG
2007-08-16,64.28,64.28,64.28,64.28,0.0,0.0015581177937051827,30.829999923706055,RHO6.FRK,Roche Holding AG
2007-08-17,62.11,62.11,62.11,62.11,0.0,-0.03375855631611702,29.989999771118164,RHO6.FRK,Roche Holding AG
2007-08-20,62.69,62.69,62.69,62.69,0.0,0.0093382708098535,26.329999923706055,RHO6.FRK,Roche Holding AG
2007-08-21,63.41,63.41,63.41,63.41,0.0,0.011485085340564583,25.25,RHO6.FRK,Roche Holding AG
2007-08-22,63.31,63.31,63.31,63.31,0.0,-0.0015770383220311546,22.889999389648438,RHO6.FRK,Roche Holding AG
2007-08-23,63.75,63.75,63.75,63.75,0.0,0.006949928921181403,22.6200008392334,RHO6.FRK,Roche Holding AG
2007-08-24,65.54,65.54,65.54,65.54,0.0,0.028078431372549062,20.719999313354492,RHO6.FRK,Roche Holding AG
2007-08-27,63.6,63.6,63.6,63.6,0.0,-0.029600244125724817,22.719999313354492,RHO6.FRK,Roche Holding AG
2007-08-28,63.7,63.7,63.7,63.7,0.0,0.0015723270440251014,26.299999237060547,RHO6.FRK,Roche Holding AG
2007-08-29,64.65,64.65,64.65,64.65,0.0,0.01491365777080067,23.809999465942383,RHO6.FRK,Roche Holding AG
2007-08-30,64.81,64.81,64.81,64.81,0.0,0.0024748646558390153,25.059999465942383,RHO6.FRK,Roche Holding AG
2007-08-31,64.33,64.33,64.33,64.33,0.0,-0.007406264465360302,23.3799991607666,RHO6.FRK,Roche Holding AG
2007-09-03,63.16,63.16,63.16,63.16,0.0,-0.018187470853412102,,RHO6.FRK,Roche Holding AG
2007-09-04,62.73,62.96,62.73,62.96,20.0,-0.0031665611146294292,22.780000686645508,RHO6.FRK,Roche Holding AG
2007-09-05,63.55,63.55,63.55,63.55,0.0,0.009371029224904737,24.579999923706055,RHO6.FRK,Roche Holding AG
2007-09-06,63.42,63.42,63.42,63.42,0.0,-0.002045633359559318,23.989999771118164,RHO6.FRK,Roche Holding AG
2007-09-07,63.33,63.33,63.33,63.33,0.0,-0.0014191106906339401,26.229999542236328,RHO6.FRK,Roche Holding AG
2007-09-10,65.37,65.37,65.37,65.37,0.0,0.032212221695878895,27.3799991607666,RHO6.FRK,Roche Holding AG
2007-09-11,64.83,64.83,64.83,64.83,0.0,-0.00826067003212494,25.270000457763672,RHO6.FRK,Roche Holding AG
2007-09-12,64.53,64.53,64.53,64.53,0.0,-0.00462748727440998,24.959999084472656,RHO6.FRK,Roche Holding AG
2007-09-13,64.48,64.48,64.48,64.48,0.0,-0.0007748334108166333,24.760000228881836,RHO6.FRK,Roche Holding AG
2007-09-14,64.29,64.29,64.29,64.29,0.0,-0.002946650124069472,24.920000076293945,RHO6.FRK,Roche Holding AG
2007-09-17,63.84,63.84,63.84,63.84,0.0,-0.006999533364442367,26.479999542236328,RHO6.FRK,Roche Holding AG
2007-09-18,63.27,63.27,63.27,63.27,0.0,-0.008928571428571397,20.350000381469727,RHO6.FRK,Roche Holding AG
2007-09-19,64.38,64.38,64.38,64.38,0.0,0.01754385964912264,20.030000686645508,RHO6.FRK,Roche Holding AG
2007-09-20,63.27,63.27,63.27,63.27,0.0,-0.01724137931034475,20.450000762939453,RHO6.FRK,Roche Holding AG
2007-09-21,63.27,63.27,63.27,63.27,0.0,0.0,19.0,RHO6.FRK,Roche Holding AG
2007-09-24,63.27,63.27,63.27,63.27,0.0,0.0,19.3700008392334,RHO6.FRK,Roche Holding AG
2007-09-25,63.27,63.27,63.27,63.27,0.0,0.0,18.600000381469727,RHO6.FRK,Roche Holding AG
2007-09-26,65.32,65.32,65.32,65.32,40.0,0.03240082187450599,17.6299991607666,RHO6.FRK,Roche Holding AG
2007-09-27,64.93,64.93,64.68,64.68,400.0,-0.009797917942437007,17.0,RHO6.FRK,Roche Holding AG
2007-09-28,64.36,64.36,64.0,64.0,400.0,-0.010513296227582014,18.0,RHO6.FRK,Roche Holding AG
2007-10-01,64.29,64.29,64.29,64.29,0.0,0.004531250000000098,17.84000015258789,RHO6.FRK,Roche Holding AG
2007-10-02,62.98,62.98,62.98,62.98,0.0,-0.020376419349821262,18.489999771118164,RHO6.FRK,Roche Holding AG
2007-10-03,62.87,62.87,62.87,62.87,0.0,-0.0017465862178469571,18.799999237060547,RHO6.FRK,Roche Holding AG
2007-10-04,62.83,62.83,62.83,62.83,0.0,-0.0006362334976935946,18.440000534057617,RHO6.FRK,Roche Holding AG
2007-10-05,62.91,62.91,62.91,62.91,0.0,0.0012732770969281493,16.90999984741211,RHO6.FRK,Roche Holding AG
2007-10-08,64.35,64.35,64.35,64.35,0.0,0.022889842632331847,17.459999084472656,RHO6.FRK,Roche Holding AG
2007-10-09,64.43,64.43,64.43,64.43,0.0,0.0012432012432015416,16.1200008392334,RHO6.FRK,Roche Holding AG
2007-10-10,64.91,64.91,64.91,64.91,0.0,0.007449945677479253,16.670000076293945,RHO6.FRK,Roche Holding AG
2007-10-11,65.63,65.63,64.28,64.28,132.0,-0.009705746418117278,18.8799991607666,RHO6.FRK,Roche Holding AG
2007-10-12,65.71,65.71,65.71,65.71,0.0,0.022246421904169145,17.729999542236328,RHO6.FRK,Roche Holding AG
2007-10-15,65.46,65.46,65.46,65.46,0.0,-0.0038045959519099615,19.25,RHO6.FRK,Roche Holding AG
2007-10-16,64.22,64.22,64.22,64.22,0.0,-0.018942865872288328,20.020000457763672,RHO6.FRK,Roche Holding AG
2007-10-17,63.65,63.65,63.65,63.65,0.0,-0.00887573964497046,18.540000915527344,RHO6.FRK,Roche Holding AG
2007-10-18,63.47,63.47,61.57,61.57,80.0,-0.032678711704634655,18.5,RHO6.FRK,Roche Holding AG
2007-10-19,62.86,62.86,62.86,62.86,0.0,0.020951762221861348,22.959999084472656,RHO6.FRK,Roche Holding AG
2007-10-22,61.51,61.51,61.51,61.51,0.0,-0.021476296531975803,21.639999389648438,RHO6.FRK,Roche Holding AG
2007-10-23,61.91,61.91,61.91,61.91,0.0,0.006503007641033953,20.40999984741211,RHO6.FRK,Roche Holding AG
2007-10-24,61.41,61.41,61.41,61.41,0.0,-0.008076239702794363,20.799999237060547,RHO6.FRK,Roche Holding AG
2007-10-25,59.98,59.98,59.98,59.98,0.0,-0.023286109754111717,21.170000076293945,RHO6.FRK,Roche Holding AG
2007-10-26,61.23,61.23,61.23,61.23,0.0,0.02084028009336447,19.559999465942383,RHO6.FRK,Roche Holding AG
2007-10-29,58.05,59.81,58.05,58.05,0.0,-0.05193532582067617,19.8700008392334,RHO6.FRK,Roche Holding AG
2007-10-30,59.73,59.73,57.68,57.68,12.0,-0.006373815676141259,21.06999969482422,RHO6.FRK,Roche Holding AG
2007-10-31,59.47,59.47,57.55,57.55,40.0,-0.002253814147018085,18.530000686645508,RHO6.FRK,Roche Holding AG
2007-11-01,58.28,58.28,58.28,58.28,0.0,0.012684622067767215,23.209999084472656,RHO6.FRK,Roche Holding AG
2007-11-02,59.61,59.61,59.61,59.61,0.0,0.022820864790665807,23.010000228881836,RHO6.FRK,Roche Holding AG
2007-11-05,59.05,59.46,59.05,59.46,0.0,-0.0025163563160542912,24.309999465942383,RHO6.FRK,Roche Holding AG
2007-11-06,59.4,59.4,59.4,59.4,0.0,-0.0010090817356206427,21.389999389648438,RHO6.FRK,Roche Holding AG
2007-11-07,59.67,59.67,59.67,59.67,0.0,0.00454545454545463,26.489999771118164,RHO6.FRK,Roche Holding AG
2007-11-08,59.52,59.52,58.1,58.1,800.0,-0.026311379252555778,26.15999984741211,RHO6.FRK,Roche Holding AG
2007-11-09,59.0,59.0,59.0,59.0,0.0,0.015490533562822595,28.5,RHO6.FRK,Roche Holding AG
2007-11-12,56.98,58.12,56.55,58.12,1600.0,-0.014915254237288234,31.09000015258789,RHO6.FRK,Roche Holding AG
2007-11-13,58.1,58.1,57.09,57.92,1200.0,-0.0034411562284927255,24.100000381469727,RHO6.FRK,Roche Holding AG
2007-11-14,60.52,60.52,59.48,59.48,800.0,0.026933701657458453,25.940000534057617,RHO6.FRK,Roche Holding AG
2007-11-15,61.79,61.79,59.74,59.74,84.0,0.0043712172158709706,28.059999465942383,RHO6.FRK,Roche Holding AG
2007-11-16,61.67,61.67,61.38,61.38,800.0,0.02745229327084031,25.489999771118164,RHO6.FRK,Roche Holding AG
2007-11-19,61.18,61.18,61.18,61.18,0.0,-0.00325839035516462,26.010000228881836,RHO6.FRK,Roche Holding AG
2007-11-20,60.75,60.75,60.75,60.75,0.0,-0.007028440666884572,24.8799991607666,RHO6.FRK,Roche Holding AG
2007-11-21,59.8,61.0,59.8,61.0,76.0,0.004115226337448652,26.84000015258789,RHO6.FRK,Roche Holding AG
2007-11-22,61.25,61.25,61.25,61.25,0.0,0.004098360655737654,,RHO6.FRK,Roche Holding AG
2007-11-23,64.38,65.6,64.38,65.6,400.0,0.07102040816326527,25.610000610351562,RHO6.FRK,Roche Holding AG
2007-11-26,66.35,66.35,66.35,66.35,0.0,0.01143292682926833,28.90999984741211,RHO6.FRK,Roche Holding AG
2007-11-27,64.75,64.75,64.75,64.75,0.0,-0.024114544084400835,26.280000686645508,RHO6.FRK,Roche Holding AG
2007-11-28,65.12,65.12,65.12,65.12,0.0,0.005714285714285783,24.110000610351562,RHO6.FRK,Roche Holding AG
2007-11-29,64.95,64.95,64.95,64.95,0.0,-0.0026105651105651217,23.969999313354492,RHO6.FRK,Roche Holding AG
2007-11-30,66.2,66.2,66.2,66.2,0.0,0.019245573518090753,22.8700008392334,RHO6.FRK,Roche Holding AG
2007-12-03,65.77,65.77,65.77,65.77,0.0,-0.006495468277945671,23.610000610351562,RHO6.FRK,Roche Holding AG
2007-12-04,63.71,63.71,63.71,63.71,0.0,-0.031321271096244385,23.790000915527344,RHO6.FRK,Roche Holding AG
2007-12-05,64.24,64.24,64.24,64.24,0.0,0.008318945220530338,22.530000686645508,RHO6.FRK,Roche Holding AG
2007-12-06,62.18,62.18,62.18,62.18,0.0,-0.032067247820672384,20.959999084472656,RHO6.FRK,Roche Holding AG
2007-12-07,68.0,68.0,68.0,68.0,0.0,0.09359922804760368,20.850000381469727,RHO6.FRK,Roche Holding AG
2007-12-10,62.81,62.81,62.81,62.81,0.0,-0.07632352941176468,20.739999771118164,RHO6.FRK,Roche Holding AG
2007-12-11,62.4,62.4,62.4,62.4,0.0,-0.0065276229899697835,23.59000015258789,RHO6.FRK,Roche Holding AG
2007-12-12,61.99,61.99,61.99,61.99,0.0,-0.006570512820512797,22.469999313354492,RHO6.FRK,Roche Holding AG
2007-12-13,62.07,62.07,59.07,59.07,400.0,-0.04710437167285053,22.559999465942383,RHO6.FRK,Roche Holding AG
2007-12-14,60.8,61.26,60.8,61.26,200.0,0.037074657186388915,23.270000457763672,RHO6.FRK,Roche Holding AG
2007-12-17,61.2,61.2,61.2,61.2,0.0,-0.0009794319294808007,24.520000457763672,RHO6.FRK,Roche Holding AG
2007-12-18,60.79,60.79,60.79,60.79,0.0,-0.006699346405228845,22.639999389648438,RHO6.FRK,Roche Holding AG
2007-12-19,60.5,60.5,60.5,60.5,0.0,-0.004770521467346578,21.68000030517578,RHO6.FRK,Roche Holding AG
2007-12-20,60.05,60.05,60.05,60.05,0.0,-0.007438016528925617,20.579999923706055,RHO6.FRK,Roche Holding AG
2007-12-21,60.16,60.16,60.16,60.16,0.0,0.0018318068276437227,18.469999313354492,RHO6.FRK,Roche Holding AG
2007-12-27,59.01,59.01,59.01,59.01,0.0,-0.019115691489361653,20.260000228881836,RHO6.FRK,Roche Holding AG
2007-12-28,59.25,59.25,59.25,59.25,0.0,0.004067107269954295,20.739999771118164,RHO6.FRK,Roche Holding AG
2008-01-02,59.98,59.98,59.98,59.98,0.0,0.01232067510548518,23.170000076293945,RHO6.FRK,Roche Holding AG
2008-01-03,59.71,59.71,59.71,59.71,0.0,-0.004501500500166622,22.489999771118164,RHO6.FRK,Roche Holding AG
2008-01-04,59.84,59.84,59.84,59.84,0.0,0.002177189750460551,23.940000534057617,RHO6.FRK,Roche Holding AG
2008-01-07,57.64,57.64,57.64,57.64,0.0,-0.03676470588235303,23.790000915527344,RHO6.FRK,Roche Holding AG
2008-01-08,57.85,57.85,57.85,57.85,0.0,0.003643303261623876,25.43000030517578,RHO6.FRK,Roche Holding AG
2008-01-09,60.86,60.86,60.86,60.86,0.0,0.052031114952463264,24.1200008392334,RHO6.FRK,Roche Holding AG
2008-01-10,62.21,62.21,62.21,62.21,0.0,0.022182057180414105,23.450000762939453,RHO6.FRK,Roche Holding AG
2008-01-11,62.84,62.84,62.84,62.84,0.0,0.010126989230027306,23.68000030517578,RHO6.FRK,Roche Holding AG
2008-01-14,64.06,64.06,64.06,64.06,0.0,0.019414385741565843,22.899999618530273,RHO6.FRK,Roche Holding AG
2008-01-15,62.55,62.55,62.55,62.55,0.0,-0.02357165157664698,23.34000015258789,RHO6.FRK,Roche Holding AG
2008-01-16,62.37,62.37,62.37,62.37,0.0,-0.0028776978417266452,24.3799991607666,RHO6.FRK,Roche Holding AG
2008-01-17,63.04,63.04,63.04,63.04,0.0,0.010742344075677535,28.459999084472656,RHO6.FRK,Roche Holding AG
2008-01-18,63.68,63.68,63.68,63.68,0.0,0.010152284263959421,27.18000030517578,RHO6.FRK,Roche Holding AG
2008-01-21,64.43,64.43,64.43,64.43,0.0,0.011777638190954898,,RHO6.FRK,Roche Holding AG
2008-01-22,57.0,57.0,57.0,57.0,480.0,-0.1153189507993172,31.010000228881836,RHO6.FRK,Roche Holding AG
2008-01-23,62.65,62.65,62.65,62.65,0.0,0.09912280701754383,29.020000457763672,RHO6.FRK,Roche Holding AG
2008-01-24,61.79,61.79,61.79,61.79,960.0,-0.013727055067837224,27.780000686645508,RHO6.FRK,Roche Holding AG
2008-01-25,61.73,61.73,61.73,61.73,0.0,-0.0009710309111506943,29.079999923706055,RHO6.FRK,Roche Holding AG
2008-01-28,60.56,60.56,60.56,60.56,0.0,-0.018953507208812503,27.780000686645508,RHO6.FRK,Roche Holding AG
2008-01-29,60.38,60.38,60.38,60.38,0.0,-0.002972258916776771,27.31999969482422,RHO6.FRK,Roche Holding AG
2008-01-30,58.69,58.69,58.69,58.69,0.0,-0.027989400463729774,27.6200008392334,RHO6.FRK,Roche Holding AG
2008-01-31,61.01,61.01,61.01,61.01,0.0,0.039529732492758596,26.200000762939453,RHO6.FRK,Roche Holding AG
2008-02-01,62.26,62.26,62.26,62.26,0.0,0.020488444517292148,24.020000457763672,RHO6.FRK,Roche Holding AG
2008-02-04,63.26,63.26,63.26,63.26,0.0,0.01606167683906201,25.989999771118164,RHO6.FRK,Roche Holding AG
2008-02-05,62.64,62.64,62.64,62.64,0.0,-0.009800822004426113,28.239999771118164,RHO6.FRK,Roche Holding AG
2008-02-06,61.08,61.08,61.08,61.08,0.0,-0.02490421455938696,28.969999313354492,RHO6.FRK,Roche Holding AG
2008-02-07,61.74,61.74,61.74,61.74,0.0,0.01080550098231825,27.65999984741211,RHO6.FRK,Roche Holding AG
2008-02-08,61.67,61.67,61.67,61.67,0.0,-0.0011337868480725266,28.010000228881836,RHO6.FRK,Roche Holding AG
2008-02-11,60.73,60.73,60.73,60.73,0.0,-0.015242419328684975,27.600000381469727,RHO6.FRK,Roche Holding AG
2008-02-12,60.63,60.63,60.63,60.63,0.0,-0.0016466326362587491,26.329999923706055,RHO6.FRK,Roche Holding AG
2008-02-13,61.73,61.73,61.73,61.73,0.0,0.01814283358073543,24.8799991607666,RHO6.FRK,Roche Holding AG
2008-02-14,62.66,62.66,60.32,60.32,480.0,-0.022841406123440766,25.540000915527344,RHO6.FRK,Roche Holding AG
2008-02-15,61.69,61.69,61.69,61.69,0.0,0.022712201591511993,25.020000457763672,RHO6.FRK,Roche Holding AG
2008-02-18,61.14,61.14,61.14,61.14,0.0,-0.00891554546928186,,RHO6.FRK,Roche Holding AG
2008-02-19,60.69,60.69,60.69,60.69,0.0,-0.007360157016683022,25.59000015258789,RHO6.FRK,Roche Holding AG
2008-02-20,60.55,60.55,60.55,60.55,0.0,-0.0023068050749711633,24.399999618530273,RHO6.FRK,Roche Holding AG
2008-02-21,60.7,60.7,60.7,60.7,0.0,0.0024772914946327163,25.1200008392334,RHO6.FRK,Roche Holding AG
2008-02-22,60.83,60.83,60.83,60.83,0.0,0.002141680395387091,24.059999465942383,RHO6.FRK,Roche Holding AG
2008-02-25,63.96,63.96,63.96,63.96,0.0,0.05145487423968431,23.030000686645508,RHO6.FRK,Roche Holding AG
2008-02-26,63.24,63.24,63.24,63.24,0.0,-0.011257035647279534,21.899999618530273,RHO6.FRK,Roche Holding AG
2008-02-27,63.22,63.22,63.22,63.22,0.0,-0.0003162555344718987,22.690000534057617,RHO6.FRK,Roche Holding AG
2008-02-28,63.97,63.97,63.97,63.97,0.0,0.011863334387852031,23.530000686645508,RHO6.FRK,Roche Holding AG
2008-02-29,63.4,63.4,63.4,63.4,0.0,-0.008910426762544943,26.540000915527344,RHO6.FRK,Roche Holding AG
2008-03-03,65.6,65.6,65.6,65.6,0.0,0.034700315457413256,26.280000686645508,RHO6.FRK,Roche Holding AG
2008-03-04,65.6,65.6,65.6,65.6,0.0,0.0,25.520000457763672,RHO6.FRK,Roche Holding AG
2008-03-05,62.39,62.39,62.39,62.39,0.0,-0.0489329268292682,24.600000381469727,RHO6.FRK,Roche Holding AG
2008-03-06,61.75,61.75,61.75,61.75,0.0,-0.010258054175348641,27.549999237060547,RHO6.FRK,Roche Holding AG
2008-03-07,60.06,60.06,60.06,60.06,0.0,-0.027368421052631597,27.489999771118164,RHO6.FRK,Roche Holding AG
2008-03-10,60.62,60.62,60.62,60.62,0.0,0.00932400932400923,29.3799991607666,RHO6.FRK,Roche Holding AG
2008-03-11,60.26,60.26,60.26,60.26,0.0,-0.00593863411415374,26.360000610351562,RHO6.FRK,Roche Holding AG
2008-03-12,59.74,59.74,59.36,59.36,0.0,-0.014935280451377375,27.219999313354492,RHO6.FRK,Roche Holding AG
2008-03-13,60.54,60.59,60.54,60.59,0.0,0.0207210242587601,27.290000915527344,RHO6.FRK,Roche Holding AG
2008-03-14,60.88,60.88,60.88,60.88,0.0,0.004786268361115731,31.15999984741211,RHO6.FRK,Roche Holding AG
2008-03-17,58.57,58.57,58.57,58.57,0.0,-0.03794349540078845,32.2400016784668,RHO6.FRK,Roche Holding AG
2008-03-18,58.08,58.08,58.08,58.08,0.0,-0.008366057708724672,25.790000915527344,RHO6.FRK,Roche Holding AG
2008-03-19,58.54,58.54,58.54,58.54,0.0,0.007920110192837448,29.84000015258789,RHO6.FRK,Roche Holding AG
2008-03-20,58.15,58.15,58.15,58.15,0.0,-0.006662111376836366,26.6200008392334,RHO6.FRK,Roche Holding AG
2008-03-25,59.76,59.76,59.76,59.76,0.0,0.027687016337059278,25.719999313354492,RHO6.FRK,Roche Holding AG
2008-03-26,59.19,59.19,59.19,59.19,0.0,-0.009538152610441775,26.079999923706055,RHO6.FRK,Roche Holding AG
2008-03-27,58.67,58.67,58.67,58.67,0.0,-0.008785267781719841,25.8799991607666,RHO6.FRK,Roche Holding AG
2008-03-28,59.26,61.38,59.26,61.38,340.0,0.04619055735469568,25.709999084472656,RHO6.FRK,Roche Holding AG
2008-03-31,58.41,58.41,58.41,58.41,0.0,-0.048387096774193616,25.610000610351562,RHO6.FRK,Roche Holding AG
2008-04-01,60.5,60.5,60.5,60.5,0.0,0.03578154425612068,22.68000030517578,RHO6.FRK,Roche Holding AG
2008-04-02,61.41,61.41,61.41,61.41,0.0,0.015041322314049532,23.43000030517578,RHO6.FRK,Roche Holding AG
2008-04-03,61.55,61.55,61.55,61.55,0.0,0.002279758996906134,23.209999084472656,RHO6.FRK,Roche Holding AG
2008-04-04,60.87,60.87,60.87,60.87,680.0,-0.011047928513403749,22.450000762939453,RHO6.FRK,Roche Holding AG
2008-04-07,59.01,59.01,59.01,59.01,0.0,-0.030556924593395762,22.420000076293945,RHO6.FRK,Roche Holding AG
2008-04-08,60.41,60.41,60.41,60.41,0.0,0.023724792408066353,22.360000610351562,RHO6.FRK,Roche Holding AG
2008-04-09,59.75,59.75,57.95,57.95,400.0,-0.04072173481211705,22.809999465942383,RHO6.FRK,Roche Holding AG
2008-04-10,59.2,59.2,59.2,59.2,800.0,0.021570319240724833,21.979999542236328,RHO6.FRK,Roche Holding AG
2008-04-11,58.42,58.42,58.42,58.42,0.0,-0.01317567567567568,23.459999084472656,RHO6.FRK,Roche Holding AG
2008-04-14,55.17,55.17,55.17,55.17,0.0,-0.055631633002396486,23.81999969482422,RHO6.FRK,Roche Holding AG
2008-04-15,54.33,54.33,54.33,54.33,0.0,-0.015225666122892889,22.780000686645508,RHO6.FRK,Roche Holding AG
2008-04-16,52.44,52.44,52.44,52.44,0.0,-0.03478741027056875,20.530000686645508,RHO6.FRK,Roche Holding AG
2008-04-17,51.76,52.8,51.76,52.8,800.0,0.006864988558352492,20.3700008392334,RHO6.FRK,Roche Holding AG
2008-04-18,51.25,51.25,51.25,51.25,0.0,-0.029356060606060552,20.1299991607666,RHO6.FRK,Roche Holding AG
2008-04-21,52.46,52.46,52.45,52.45,656.0,0.023414634146341484,20.5,RHO6.FRK,Roche Holding AG
2008-04-22,52.28,53.76,52.28,53.76,400.0,0.024976167778836933,20.8700008392334,RHO6.FRK,Roche Holding AG
2008-04-23,53.15,53.15,53.15,53.15,0.0,-0.011346726190476164,20.260000228881836,RHO6.FRK,Roche Holding AG
2008-04-24,51.58,51.58,51.58,51.58,0.0,-0.0295390404515522,20.059999465942383,RHO6.FRK,Roche Holding AG
2008-04-25,53.1,53.1,53.1,53.1,0.0,0.029468786351299014,19.59000015258789,RHO6.FRK,Roche Holding AG
2008-04-28,53.78,53.78,53.78,53.78,0.0,0.012806026365348444,19.639999389648438,RHO6.FRK,Roche Holding AG
2008-04-29,53.63,53.63,53.63,53.63,1088.0,-0.0027891409445890414,20.239999771118164,RHO6.FRK,Roche Holding AG
2008-04-30,54.31,54.31,54.31,54.31,0.0,0.012679470445646102,20.790000915527344,RHO6.FRK,Roche Holding AG
2008-05-02,52.64,52.64,52.64,52.64,0.0,-0.030749401583502145,18.18000030517578,RHO6.FRK,Roche Holding AG
2008-05-05,52.19,52.19,52.19,52.19,0.0,-0.008548632218845054,18.899999618530273,RHO6.FRK,Roche Holding AG
2008-05-06,52.44,52.44,52.44,52.44,0.0,0.0047901896915116815,18.209999084472656,RHO6.FRK,Roche Holding AG
2008-05-07,51.37,51.37,51.37,51.37,0.0,-0.02040427154843627,19.729999542236328,RHO6.FRK,Roche Holding AG
2008-05-08,51.62,51.62,51.62,51.62,0.0,0.004866653688923472,19.399999618530273,RHO6.FRK,Roche Holding AG
2008-05-09,51.06,51.06,51.06,51.06,0.0,-0.010848508330104534,19.40999984741211,RHO6.FRK,Roche Holding AG
2008-05-12,50.94,50.94,50.94,50.94,0.0,-0.002350176263219872,17.790000915527344,RHO6.FRK,Roche Holding AG
2008-05-13,51.62,51.62,51.62,51.62,0.0,0.013349038084020437,17.979999542236328,RHO6.FRK,Roche Holding AG
2008-05-14,52.42,52.42,52.42,52.42,0.0,0.015497869043006762,17.65999984741211,RHO6.FRK,Roche Holding AG
2008-05-15,52.3,52.3,52.3,52.3,0.0,-0.0022892025944296623,16.299999237060547,RHO6.FRK,Roche Holding AG
2008-05-16,53.87,53.87,53.87,53.87,0.0,0.030019120458891102,16.469999313354492,RHO6.FRK,Roche Holding AG
2008-05-19,53.97,53.97,53.97,53.97,0.0,0.001856320772229525,17.010000228881836,RHO6.FRK,Roche Holding AG
2008-05-20,55.01,55.01,55.01,55.01,0.0,0.019269964795256556,17.579999923706055,RHO6.FRK,Roche Holding AG
2008-05-21,54.71,54.71,54.71,54.71,0.0,-0.00545355389929103,18.59000015258789,RHO6.FRK,Roche Holding AG
2008-05-22,55.62,55.62,55.62,55.62,0.0,0.01663315664412357,18.049999237060547,RHO6.FRK,Roche Holding AG
2008-05-23,54.35,54.35,54.35,54.35,0.0,-0.022833513124775218,19.549999237060547,RHO6.FRK,Roche Holding AG
2008-05-26,53.08,53.08,53.08,53.08,0.0,-0.023367065317387414,,RHO6.FRK,Roche Holding AG
2008-05-27,52.79,52.79,52.79,52.79,0.0,-0.005463451394122076,19.639999389648438,RHO6.FRK,Roche Holding AG
2008-05-28,54.27,54.27,54.27,54.27,0.0,0.028035612805455745,19.06999969482422,RHO6.FRK,Roche Holding AG
2008-05-29,54.16,54.16,54.16,54.16,0.0,-0.002026902524415064,18.139999389648438,RHO6.FRK,Roche Holding AG
2008-05-30,55.49,55.49,55.49,55.49,0.0,0.024556868537666254,17.829999923706055,RHO6.FRK,Roche Holding AG
2008-06-02,56.83,56.83,56.83,56.83,0.0,0.024148495224364686,19.829999923706055,RHO6.FRK,Roche Holding AG
2008-06-03,57.93,57.93,57.3,57.3,400.0,0.008270279781805279,20.239999771118164,RHO6.FRK,Roche Holding AG
2008-06-04,58.16,58.16,58.16,58.16,0.0,0.015008726003490347,20.799999237060547,RHO6.FRK,Roche Holding AG
2008-06-05,57.57,57.57,56.66,56.66,0.0,-0.02579092159559837,18.6299991607666,RHO6.FRK,Roche Holding AG
2008-06-06,57.94,57.94,57.94,57.94,0.0,0.022590893046240845,23.559999465942383,RHO6.FRK,Roche Holding AG
2008-06-09,55.67,55.67,55.67,55.67,0.0,-0.03917846047635476,23.1200008392334,RHO6.FRK,Roche Holding AG
2008-06-10,55.21,55.21,55.21,55.21,0.0,-0.008262978264774623,23.18000030517578,RHO6.FRK,Roche Holding AG
2008-06-11,54.63,54.63,54.63,54.63,800.0,-0.010505343234921138,24.1200008392334,RHO6.FRK,Roche Holding AG
2008-06-12,54.68,54.68,54.68,54.68,0.0,0.0009152480322167644,23.329999923706055,RHO6.FRK,Roche Holding AG
2008-06-13,54.68,54.68,54.68,54.68,0.0,0.0,21.219999313354492,RHO6.FRK,Roche Holding AG
2008-06-16,55.08,55.08,55.08,55.08,0.0,0.007315288953913646,20.950000762939453,RHO6.FRK,Roche Holding AG
2008-06-17,54.06,54.73,54.06,54.73,204.0,-0.006354393609295572,21.1299991607666,RHO6.FRK,Roche Holding AG
2008-06-18,53.96,53.96,53.96,53.96,800.0,-0.014069066325598345,22.239999771118164,RHO6.FRK,Roche Holding AG
2008-06-19,53.46,53.46,53.46,53.46,0.0,-0.009266123054114117,21.579999923706055,RHO6.FRK,Roche Holding AG
2008-06-20,53.89,53.89,53.89,53.89,0.0,0.008043396932285729,22.8700008392334,RHO6.FRK,Roche Holding AG
2008-06-23,52.67,52.67,52.67,52.67,0.0,-0.022638708480237524,22.639999389648438,RHO6.FRK,Roche Holding AG
2008-06-24,52.68,53.35,52.68,53.35,0.0,0.012910575280045578,22.420000076293945,RHO6.FRK,Roche Holding AG
2008-06-25,53.55,54.1,53.55,54.1,0.0,0.014058106841611906,21.139999389648438,RHO6.FRK,Roche Holding AG
2008-06-26,53.85,54.1,53.85,54.1,0.0,0.0,23.93000030517578,RHO6.FRK,Roche Holding AG
2008-06-27,53.95,53.95,53.95,53.95,392.0,-0.0027726432532346745,23.440000534057617,RHO6.FRK,Roche Holding AG
2008-06-30,54.39,54.39,54.39,54.39,0.0,0.008155699721964726,23.950000762939453,RHO6.FRK,Roche Holding AG
2008-07-01,56.79,56.79,56.79,56.79,0.0,0.044125758411472704,23.649999618530273,RHO6.FRK,Roche Holding AG
2008-07-02,56.3,56.46,56.3,56.46,720.0,-0.005810882197569978,25.920000076293945,RHO6.FRK,Roche Holding AG
2008-07-03,55.97,55.97,55.97,55.97,1440.0,-0.008678710591569327,24.780000686645508,RHO6.FRK,Roche Holding AG
2008-07-04,56.34,56.34,56.34,56.34,0.0,0.006610684295158098,,RHO6.FRK,Roche Holding AG
2008-07-07,55.84,55.84,55.84,55.84,0.0,-0.008874689385871548,25.780000686645508,RHO6.FRK,Roche Holding AG
2008-07-08,54.12,54.12,54.12,54.12,0.0,-0.03080229226361042,23.149999618530273,RHO6.FRK,Roche Holding AG
2008-07-09,55.31,55.31,55.31,55.31,0.0,0.021988174427198803,25.229999542236328,RHO6.FRK,Roche Holding AG
2008-07-10,56.22,56.22,56.22,56.22,0.0,0.016452721026938955,25.59000015258789,RHO6.FRK,Roche Holding AG
2008-07-11,56.83,56.83,56.83,56.83,0.0,0.01085023123443607,27.489999771118164,RHO6.FRK,Roche Holding AG
2008-07-14,55.77,55.77,55.77,55.77,0.0,-0.01865212035896524,28.479999542236328,RHO6.FRK,Roche Holding AG
2008-07-15,55.99,55.99,55.99,55.99,0.0,0.0039447731755424265,28.540000915527344,RHO6.FRK,Roche Holding AG
2008-07-16,56.79,56.79,56.79,56.79,0.0,0.014288265761743135,25.100000381469727,RHO6.FRK,Roche Holding AG
2008-07-17,55.19,55.19,55.19,55.19,0.0,-0.02817397429124846,25.010000228881836,RHO6.FRK,Roche Holding AG
2008-07-18,54.63,54.63,54.63,54.63,0.0,-0.010146765718427209,24.049999237060547,RHO6.FRK,Roche Holding AG
2008-07-21,53.41,53.41,53.41,53.41,0.0,-0.02233205198608834,23.049999237060547,RHO6.FRK,Roche Holding AG
2008-07-22,51.84,51.84,51.84,51.84,0.0,-0.0293952443362665,21.18000030517578,RHO6.FRK,Roche Holding AG
2008-07-23,54.17,54.17,54.17,54.17,0.0,0.04494598765432101,21.309999465942383,RHO6.FRK,Roche Holding AG
2008-07-24,55.05,55.05,55.05,55.05,0.0,0.01624515414436023,23.440000534057617,RHO6.FRK,Roche Holding AG
2008-07-25,55.89,55.89,55.89,55.89,0.0,0.015258855585831066,22.90999984741211,RHO6.FRK,Roche Holding AG
2008-07-28,57.07,57.07,57.07,57.07,0.0,0.0211129003399535,24.229999542236328,RHO6.FRK,Roche Holding AG
2008-07-29,57.07,57.07,57.07,57.07,0.0,0.0,22.030000686645508,RHO6.FRK,Roche Holding AG
2008-07-30,57.07,57.07,57.07,57.07,0.0,0.0,21.209999084472656,RHO6.FRK,Roche Holding AG
2008-07-31,57.07,57.07,57.07,57.07,0.0,0.0,22.940000534057617,RHO6.FRK,Roche Holding AG
2008-08-01,57.07,57.07,57.07,57.07,0.0,0.0,22.56999969482422,RHO6.FRK,Roche Holding AG
2008-08-04,57.07,57.07,57.07,57.07,0.0,0.0,23.489999771118164,RHO6.FRK,Roche Holding AG
2008-08-05,57.07,57.07,57.07,57.07,0.0,0.0,21.139999389648438,RHO6.FRK,Roche Holding AG
2008-08-06,57.07,57.07,57.07,57.07,0.0,0.0,20.229999542236328,RHO6.FRK,Roche Holding AG
2008-08-07,57.07,57.07,57.07,57.07,0.0,0.0,21.149999618530273,RHO6.FRK,Roche Holding AG
2008-08-08,57.07,57.07,57.07,57.07,0.0,0.0,20.65999984741211,RHO6.FRK,Roche Holding AG
2008-08-11,57.07,57.07,57.07,57.07,0.0,0.0,20.1200008392334,RHO6.FRK,Roche Holding AG
2008-08-12,57.07,57.07,57.07,57.07,0.0,0.0,21.170000076293945,RHO6.FRK,Roche Holding AG
2008-08-13,57.07,57.07,57.07,57.07,0.0,0.0,21.549999237060547,RHO6.FRK,Roche Holding AG
2008-08-14,57.07,57.07,57.07,57.07,0.0,0.0,20.34000015258789,RHO6.FRK,Roche Holding AG
2008-08-15,57.07,57.07,57.07,57.07,0.0,0.0,19.579999923706055,RHO6.FRK,Roche Holding AG
2008-08-18,57.52,57.52,57.52,57.52,0.0,0.007885053443140055,20.979999542236328,RHO6.FRK,Roche Holding AG
2008-08-19,57.52,57.52,57.52,57.52,0.0,0.0,21.280000686645508,RHO6.FRK,Roche Holding AG
2008-08-20,58.0,58.0,58.0,58.0,0.0,0.008344923504867818,20.420000076293945,RHO6.FRK,Roche Holding AG
2008-08-21,56.35,56.35,56.35,56.35,0.0,-0.028448275862068995,19.81999969482422,RHO6.FRK,Roche Holding AG
2008-08-22,55.89,55.89,55.89,55.89,0.0,-0.008163265306122436,18.809999465942383,RHO6.FRK,Roche Holding AG
2008-08-25,55.78,55.78,55.78,55.78,0.0,-0.0019681517266058046,20.969999313354492,RHO6.FRK,Roche Holding AG
2008-08-26,55.95,55.95,55.95,55.95,0.0,0.0030476873431337648,20.489999771118164,RHO6.FRK,Roche Holding AG
2008-08-27,56.59,56.59,56.59,56.59,0.0,0.011438784629133059,19.760000228881836,RHO6.FRK,Roche Holding AG
2008-08-28,56.76,56.76,56.76,56.76,0.0,0.003004064322318367,19.43000030517578,RHO6.FRK,Roche Holding AG
2008-08-29,56.84,56.84,56.84,56.84,0.0,0.0014094432699085502,20.649999618530273,RHO6.FRK,Roche Holding AG
2008-09-01,56.94,56.94,56.94,56.94,0.0,0.0017593244194229474,,RHO6.FRK,Roche Holding AG
2008-09-02,56.92,57.9,56.92,57.9,180.0,0.01685985247629085,21.989999771118164,RHO6.FRK,Roche Holding AG
2008-09-03,57.99,57.99,57.99,57.99,0.0,0.0015544041450776813,21.43000030517578,RHO6.FRK,Roche Holding AG
2008-09-04,58.22,58.22,58.22,58.22,0.0,0.0039662010691496885,24.030000686645508,RHO6.FRK,Roche Holding AG
2008-09-05,57.31,57.31,57.31,57.31,0.0,-0.015630367571281334,23.059999465942383,RHO6.FRK,Roche Holding AG
2008-09-08,57.26,57.26,57.26,57.26,0.0,-0.0008724480893387287,22.639999389648438,RHO6.FRK,Roche Holding AG
2008-09-09,57.54,57.54,57.54,57.54,0.0,0.004889975550122161,25.469999313354492,RHO6.FRK,Roche Holding AG
2008-09-10,57.9,57.9,57.9,57.9,0.0,0.006256517205422307,24.520000457763672,RHO6.FRK,Roche Holding AG
2008-09-11,59.33,59.33,59.33,59.33,360.0,0.024697754749568146,24.389999389648438,RHO6.FRK,Roche Holding AG
2008-09-12,58.93,58.93,58.93,58.93,0.0,-0.006741951795044665,25.65999984741211,RHO6.FRK,Roche Holding AG
2008-09-15,58.23,58.23,58.23,58.23,0.0,-0.011878499915153662,31.700000762939453,RHO6.FRK,Roche Holding AG
2008-09-16,58.63,58.63,58.63,58.63,0.0,0.006869311351537011,30.299999237060547,RHO6.FRK,Roche Holding AG
2008-09-17,56.88,56.88,56.88,56.88,0.0,-0.02984820057990789,36.220001220703125,RHO6.FRK,Roche Holding AG
2008-09-18,57.42,57.42,57.42,57.42,0.0,0.009493670886076,33.099998474121094,RHO6.FRK,Roche Holding AG
2008-09-19,58.02,58.02,58.02,58.02,0.0,0.010449320794148509,32.06999969482422,RHO6.FRK,Roche Holding AG
2008-09-22,56.64,56.64,56.64,56.64,0.0,-0.02378490175801451,33.849998474121094,RHO6.FRK,Roche Holding AG
2008-09-23,55.5,55.5,55.5,55.5,0.0,-0.0201271186440678,35.720001220703125,RHO6.FRK,Roche Holding AG
2008-09-24,54.7,54.7,54.7,54.7,0.0,-0.014414414414414378,35.189998626708984,RHO6.FRK,Roche Holding AG
2008-09-25,54.37,54.37,54.37,54.37,0.0,-0.006032906764168233,32.81999969482422,RHO6.FRK,Roche Holding AG
2008-09-26,55.19,55.19,55.19,55.19,0.0,0.015081846606584515,34.7400016784668,RHO6.FRK,Roche Holding AG
2008-09-29,54.87,54.87,54.87,54.87,0.0,-0.005798151839101262,46.720001220703125,RHO6.FRK,Roche Holding AG
2008-09-30,52.78,52.78,52.78,52.78,0.0,-0.038090030982321776,39.38999938964844,RHO6.FRK,Roche Holding AG
2008-10-01,55.16,57.25,55.16,57.25,68.0,0.08469117089806733,39.810001373291016,RHO6.FRK,Roche Holding AG
2008-10-02,56.47,56.47,56.47,56.47,0.0,-0.013624454148471687,45.2599983215332,RHO6.FRK,Roche Holding AG
2008-10-03,56.41,56.41,56.41,56.41,0.0,-0.0010625110678236238,45.13999938964844,RHO6.FRK,Roche Holding AG
2008-10-06,56.6,56.68,56.6,56.68,2120.0,0.004786385392660852,52.04999923706055,RHO6.FRK,Roche Holding AG
2008-10-07,55.86,55.86,55.86,55.86,4376.0,-0.014467184191954807,53.68000030517578,RHO6.FRK,Roche Holding AG
2008-10-08,55.54,55.54,55.54,55.54,0.0,-0.005728607232366678,57.529998779296875,RHO6.FRK,Roche Holding AG
2008-10-09,53.66,53.66,53.66,53.66,0.0,-0.033849477853799104,63.91999816894531,RHO6.FRK,Roche Holding AG
2008-10-10,46.92,47.25,46.92,47.25,204.0,-0.11945583302273566,69.94999694824219,RHO6.FRK,Roche Holding AG
2008-10-13,49.62,49.62,49.62,49.62,0.0,0.05015873015873007,54.9900016784668,RHO6.FRK,Roche Holding AG
2008-10-14,52.89,52.89,52.89,52.89,0.0,0.06590084643289007,55.130001068115234,RHO6.FRK,Roche Holding AG
2008-10-15,52.37,52.37,52.37,52.37,0.0,-0.009831726224239001,69.25,RHO6.FRK,Roche Holding AG
2008-10-16,51.11,51.11,51.11,51.11,0.0,-0.0240595760931831,67.61000061035156,RHO6.FRK,Roche Holding AG
2008-10-17,53.72,55.65,53.72,55.65,360.0,0.0888280180003913,70.33000183105469,RHO6.FRK,Roche Holding AG
2008-10-20,57.06,58.79,57.06,58.79,708.0,0.05642407906558855,52.970001220703125,RHO6.FRK,Roche Holding AG
2008-10-21,57.92,57.92,57.92,57.92,0.0,-0.014798435108011487,53.11000061035156,RHO6.FRK,Roche Holding AG
2008-10-22,57.0,57.0,57.0,57.0,1728.0,-0.015883977900552515,69.6500015258789,RHO6.FRK,Roche Holding AG
2008-10-23,56.45,56.45,56.45,56.45,0.0,-0.009649122807017463,67.80000305175781,RHO6.FRK,Roche Holding AG
2008-10-24,56.1,56.1,56.1,56.1,0.0,-0.00620017714791854,79.12999725341797,RHO6.FRK,Roche Holding AG
2008-10-27,54.1,54.1,54.1,54.1,0.0,-0.035650623885918,80.05999755859375,RHO6.FRK,Roche Holding AG
2008-10-28,56.5,56.5,56.5,56.5,0.0,0.0443622920517559,66.95999908447266,RHO6.FRK,Roche Holding AG
2008-10-29,57.3,57.3,57.3,57.3,0.0,0.014159292035398119,69.95999908447266,RHO6.FRK,Roche Holding AG
2008-10-30,56.85,56.85,56.85,56.85,0.0,-0.007853403141361182,62.900001525878906,RHO6.FRK,Roche Holding AG
2008-10-31,54.81,54.81,54.81,54.81,0.0,-0.03588390501319261,59.88999938964844,RHO6.FRK,Roche Holding AG
2008-11-03,59.5,59.5,59.5,59.5,0.0,0.08556832694763727,53.68000030517578,RHO6.FRK,Roche Holding AG
2008-11-04,60.5,60.5,60.5,60.5,0.0,0.01680672268907557,47.72999954223633,RHO6.FRK,Roche Holding AG
2008-11-05,58.0,58.0,58.0,58.0,0.0,-0.04132231404958675,54.560001373291016,RHO6.FRK,Roche Holding AG
2008-11-06,55.4,55.4,55.4,55.4,0.0,-0.04482758620689653,63.68000030517578,RHO6.FRK,Roche Holding AG
2008-11-07,56.0,56.0,56.0,56.0,0.0,0.010830324909747224,56.099998474121094,RHO6.FRK,Roche Holding AG
2008-11-10,57.3,57.3,57.3,57.3,0.0,0.023214285714285632,59.97999954223633,RHO6.FRK,Roche Holding AG
2008-11-11,56.4,56.4,56.31,56.31,0.0,-0.01727748691099462,61.439998626708984,RHO6.FRK,Roche Holding AG
2008-11-12,56.7,56.7,56.7,56.7,0.0,0.006925945657964894,66.45999908447266,RHO6.FRK,Roche Holding AG
2008-11-13,56.5,56.5,56.5,56.5,0.0,-0.003527336860670194,59.83000183105469,RHO6.FRK,Roche Holding AG
2008-11-14,57.0,57.0,57.0,57.0,0.0,0.008849557522123908,66.30999755859375,RHO6.FRK,Roche Holding AG
2008-11-17,57.7,57.7,55.12,55.12,0.0,-0.03298245614035089,69.1500015258789,RHO6.FRK,Roche Holding AG
2008-11-18,55.8,55.8,55.8,55.8,0.0,0.012336719883889735,67.63999938964844,RHO6.FRK,Roche Holding AG
2008-11-19,56.0,56.0,56.0,56.0,3264.0,0.0035842293906811484,74.26000213623047,RHO6.FRK,Roche Holding AG
2008-11-20,53.5,53.5,53.5,53.5,0.0,-0.044642857142857095,80.86000061035156,RHO6.FRK,Roche Holding AG
2008-11-21,50.36,50.36,50.36,50.36,464.0,-0.05869158878504677,72.66999816894531,RHO6.FRK,Roche Holding AG
2008-11-24,50.1,50.1,50.1,50.1,0.0,-0.005162827640984857,64.69999694824219,RHO6.FRK,Roche Holding AG
2008-11-25,52.7,52.7,52.7,52.7,0.0,0.05189620758483038,60.900001525878906,RHO6.FRK,Roche Holding AG
2008-11-26,52.5,52.5,52.5,52.5,0.0,-0.00379506641366234,54.91999816894531,RHO6.FRK,Roche Holding AG
2008-11-27,53.35,53.35,53.35,53.35,0.0,0.01619047619047631,,RHO6.FRK,Roche Holding AG
2008-11-28,53.0,53.0,52.67,52.67,1588.0,-0.012746016869728205,55.279998779296875,RHO6.FRK,Roche Holding AG
2008-12-01,54.45,54.45,54.45,54.45,2536.0,0.033795329409531005,68.51000213623047,RHO6.FRK,Roche Holding AG
2008-12-02,53.4,53.4,53.4,53.4,0.0,-0.019283746556473913,62.97999954223633,RHO6.FRK,Roche Holding AG
2008-12-03,52.4,53.28,52.4,53.28,0.0,-0.0022471910112359383,60.720001220703125,RHO6.FRK,Roche Holding AG
2008-12-04,52.6,52.6,52.6,52.6,0.0,-0.01276276276276278,63.63999938964844,RHO6.FRK,Roche Holding AG
2008-12-05,53.3,53.3,53.3,53.3,0.0,0.013307984790874361,59.93000030517578,RHO6.FRK,Roche Holding AG
2008-12-08,55.1,55.1,55.1,55.1,0.0,0.03377110694183871,58.4900016784668,RHO6.FRK,Roche Holding AG
2008-12-09,54.1,54.1,54.1,54.1,0.0,-0.01814882032667875,58.90999984741211,RHO6.FRK,Roche Holding AG
2008-12-10,54.08,54.08,54.08,54.08,480.0,-0.0003696857670980602,55.72999954223633,RHO6.FRK,Roche Holding AG
2008-12-11,53.3,53.3,53.3,53.3,0.0,-0.014423076923076983,55.779998779296875,RHO6.FRK,Roche Holding AG
2008-12-12,52.25,52.25,52.25,52.25,0.0,-0.019699812382739212,54.279998779296875,RHO6.FRK,Roche Holding AG
2008-12-15,53.01,53.01,53.01,53.01,0.0,0.014545454545454417,56.7599983215332,RHO6.FRK,Roche Holding AG
2008-12-16,50.7,50.7,50.7,50.7,0.0,-0.043576683644595215,52.369998931884766,RHO6.FRK,Roche Holding AG
2008-12-17,51.85,52.54,51.85,52.54,0.0,0.036291913214990146,49.84000015258789,RHO6.FRK,Roche Holding AG
2008-12-18,52.54,52.54,52.54,52.54,0.0,0.0,47.34000015258789,RHO6.FRK,Roche Holding AG
2008-12-19,51.12,51.12,51.12,51.12,0.0,-0.027027027027027084,44.93000030517578,RHO6.FRK,Roche Holding AG
2008-12-22,52.32,54.09,52.32,54.09,0.0,0.058098591549295975,44.560001373291016,RHO6.FRK,Roche Holding AG
2008-12-23,54.0,54.0,54.0,54.0,0.0,-0.0016638935108154174,45.02000045776367,RHO6.FRK,Roche Holding AG
2008-12-29,53.8,56.0,53.8,54.48,72.0,0.008888888888888724,43.900001525878906,RHO6.FRK,Roche Holding AG
2008-12-30,56.0,56.0,56.0,56.0,2456.0,0.027900146842878115,41.630001068115234,RHO6.FRK,Roche Holding AG
2009-01-02,54.7,54.7,54.7,54.7,0.0,-0.023214285714285632,39.189998626708984,RHO6.FRK,Roche Holding AG
2009-01-05,55.8,55.8,55.8,55.8,0.0,0.02010968921389389,39.08000183105469,RHO6.FRK,Roche Holding AG
2009-01-06,56.6,56.6,56.6,56.6,0.0,0.01433691756272415,38.560001373291016,RHO6.FRK,Roche Holding AG
2009-01-07,56.5,56.5,56.5,56.5,0.0,-0.0017667844522968323,43.38999938964844,RHO6.FRK,Roche Holding AG
2009-01-08,57.12,57.12,57.12,57.12,0.0,0.010973451327433548,42.560001373291016,RHO6.FRK,Roche Holding AG
2009-01-09,57.56,57.56,29.1,29.1,0.0,-0.4905462184873949,42.81999969482422,RHO6.FRK,Roche Holding AG
2009-01-12,28.38,28.38,28.38,28.38,0.0,-0.024742268041237248,45.84000015258789,RHO6.FRK,Roche Holding AG
2009-01-13,27.53,27.53,27.53,27.53,0.0,-0.02995066948555314,43.27000045776367,RHO6.FRK,Roche Holding AG
2009-01-14,28.65,28.65,28.65,28.65,0.0,0.0406828913912094,49.13999938964844,RHO6.FRK,Roche Holding AG
2009-01-15,28.91,28.91,28.91,28.91,0.0,0.009075043630017543,51.0,RHO6.FRK,Roche Holding AG
2009-01-16,28.92,28.92,28.92,28.92,80.0,0.0003459010722934863,46.11000061035156,RHO6.FRK,Roche Holding AG
2009-01-19,28.45,28.45,28.45,28.45,0.0,-0.01625172890733062,,RHO6.FRK,Roche Holding AG
2009-01-20,28.45,28.45,28.45,28.45,0.0,0.0,56.650001525878906,RHO6.FRK,Roche Holding AG
2009-01-21,28.45,28.45,28.45,28.45,0.0,0.0,46.41999816894531,RHO6.FRK,Roche Holding AG
2009-01-22,28.45,28.45,28.45,28.45,0.0,0.0,47.290000915527344,RHO6.FRK,Roche Holding AG
2009-01-23,28.45,28.45,28.45,28.45,0.0,0.0,47.27000045776367,RHO6.FRK,Roche Holding AG
2009-01-26,28.45,28.45,28.45,28.45,0.0,0.0,45.689998626708984,RHO6.FRK,Roche Holding AG
2009-01-27,28.21,28.21,27.83,28.21,200.0,-0.008435852372583375,42.25,RHO6.FRK,Roche Holding AG
2009-01-28,28.21,28.21,28.21,28.21,0.0,0.0,39.65999984741211,RHO6.FRK,Roche Holding AG
2009-01-29,28.21,28.21,28.21,28.21,0.0,0.0,42.630001068115234,RHO6.FRK,Roche Holding AG
2009-01-30,28.21,28.21,28.21,28.21,0.0,0.0,44.84000015258789,RHO6.FRK,Roche Holding AG
2009-02-02,28.21,28.21,28.21,28.21,0.0,0.0,45.52000045776367,RHO6.FRK,Roche Holding AG
2009-02-03,28.21,28.21,28.21,28.21,0.0,0.0,43.060001373291016,RHO6.FRK,Roche Holding AG
2009-02-04,28.21,28.21,28.21,28.21,0.0,0.0,43.849998474121094,RHO6.FRK,Roche Holding AG
2009-02-05,28.21,28.21,28.21,28.21,0.0,0.0,43.72999954223633,RHO6.FRK,Roche Holding AG
2009-02-06,28.21,28.21,28.21,28.21,0.0,0.0,43.369998931884766,RHO6.FRK,Roche Holding AG
2009-02-09,28.21,28.21,28.21,28.21,0.0,0.0,43.63999938964844,RHO6.FRK,Roche Holding AG
2009-02-10,28.21,28.21,28.21,28.21,0.0,0.0,46.66999816894531,RHO6.FRK,Roche Holding AG
2009-02-11,28.21,28.21,28.21,28.21,0.0,0.0,44.529998779296875,RHO6.FRK,Roche Holding AG
2009-02-12,28.21,28.21,28.21,28.21,0.0,0.0,41.25,RHO6.FRK,Roche Holding AG
2009-02-13,28.21,28.21,28.21,28.21,0.0,0.0,42.93000030517578,RHO6.FRK,Roche Holding AG
2009-02-16,28.21,28.21,28.21,28.21,0.0,0.0,,RHO6.FRK,Roche Holding AG
2009-02-17,28.21,28.21,28.21,28.21,0.0,0.0,48.65999984741211,RHO6.FRK,Roche Holding AG
2009-02-18,28.21,28.21,28.21,28.21,0.0,0.0,48.459999084472656,RHO6.FRK,Roche Holding AG
2009-02-19,28.21,28.21,28.21,28.21,0.0,0.0,47.08000183105469,RHO6.FRK,Roche Holding AG
2009-02-20,28.21,28.21,28.21,28.21,0.0,0.0,49.29999923706055,RHO6.FRK,Roche Holding AG
2009-02-23,24.1,24.1,23.92,23.92,0.0,-0.15207373271889402,52.619998931884766,RHO6.FRK,Roche Holding AG
2009-02-24,23.92,23.92,23.92,23.92,0.0,0.0,45.4900016784668,RHO6.FRK,Roche Holding AG
2009-02-25,23.07,23.07,22.5,22.5,0.0,-0.059364548494983294,44.66999816894531,RHO6.FRK,Roche Holding AG
2009-02-26,22.6,22.6,22.5,22.5,0.0,0.0,44.65999984741211,RHO6.FRK,Roche Holding AG
2009-02-27,22.48,22.48,22.43,22.43,200.0,-0.0031111111111111756,46.349998474121094,RHO6.FRK,Roche Holding AG
2009-03-02,22.43,22.43,22.43,22.43,0.0,0.0,52.650001525878906,RHO6.FRK,Roche Holding AG
2009-03-03,22.43,22.43,22.43,22.43,0.0,0.0,50.93000030517578,RHO6.FRK,Roche Holding AG
2009-03-04,22.43,22.43,22.43,22.43,0.0,0.0,47.560001373291016,RHO6.FRK,Roche Holding AG
2009-03-05,21.36,22.36,21.36,21.36,48.0,-0.04770396790013376,50.16999816894531,RHO6.FRK,Roche Holding AG
2009-03-06,21.36,21.36,21.36,21.36,0.0,0.0,49.33000183105469,RHO6.FRK,Roche Holding AG
2009-03-09,21.36,21.36,21.36,21.36,0.0,0.0,49.68000030517578,RHO6.FRK,Roche Holding AG
2009-03-10,21.36,21.36,21.36,21.36,0.0,0.0,44.369998931884766,RHO6.FRK,Roche Holding AG
2009-03-11,23.87,23.92,23.87,23.87,400.0,0.11750936329588013,43.61000061035156,RHO6.FRK,Roche Holding AG
2009-03-12,24.01,24.01,23.55,24.01,142.0,0.0058651026392961825,41.18000030517578,RHO6.FRK,Roche Holding AG
2009-03-13,24.01,24.01,24.01,24.01,0.0,0.0,42.36000061035156,RHO6.FRK,Roche Holding AG
2009-03-16,23.9,24.18,23.9,23.9,200.0,-0.004581424406497447,43.7400016784668,RHO6.FRK,Roche Holding AG
2009-03-17,23.9,23.9,23.9,23.9,0.0,0.0,40.79999923706055,RHO6.FRK,Roche Holding AG
2009-03-18,23.9,23.9,23.9,23.9,0.0,0.0,40.060001373291016,RHO6.FRK,Roche Holding AG
2009-03-19,23.76,23.76,23.5,23.76,100.0,-0.0058577405857739295,43.68000030517578,RHO6.FRK,Roche Holding AG
2009-03-20,23.76,23.76,23.76,23.76,0.0,0.0,45.88999938964844,RHO6.FRK,Roche Holding AG
2009-03-23,23.76,23.76,23.76,23.76,0.0,0.0,43.22999954223633,RHO6.FRK,Roche Holding AG
2009-03-24,23.76,23.76,23.76,23.76,0.0,0.0,42.93000030517578,RHO6.FRK,Roche Holding AG
2009-03-25,23.76,23.76,23.76,23.76,0.0,0.0,42.25,RHO6.FRK,Roche Holding AG
2009-03-26,23.76,23.76,23.76,23.76,0.0,0.0,40.36000061035156,RHO6.FRK,Roche Holding AG
2009-03-27,23.97,24.66,23.97,23.97,2000.0,0.008838383838383645,41.040000915527344,RHO6.FRK,Roche Holding AG
2009-03-30,23.97,23.97,23.97,23.97,0.0,0.0,45.540000915527344,RHO6.FRK,Roche Holding AG
2009-03-31,23.97,23.97,23.97,23.97,0.0,0.0,44.13999938964844,RHO6.FRK,Roche Holding AG
2009-04-01,23.97,23.97,23.97,23.97,0.0,0.0,42.279998779296875,RHO6.FRK,Roche Holding AG
2009-04-02,23.97,23.97,23.97,23.97,0.0,0.0,42.040000915527344,RHO6.FRK,Roche Holding AG
2009-04-03,23.97,23.97,23.97,23.97,0.0,0.0,39.70000076293945,RHO6.FRK,Roche Holding AG
2009-04-06,23.97,23.97,23.97,23.97,0.0,0.0,40.93000030517578,RHO6.FRK,Roche Holding AG
2009-04-07,25.3,25.3,24.97,25.3,200.0,0.05548602419691284,40.38999938964844,RHO6.FRK,Roche Holding AG
2009-04-08,25.3,25.3,25.3,25.3,0.0,0.0,38.849998474121094,RHO6.FRK,Roche Holding AG
2009-04-09,25.3,25.3,25.3,25.3,0.0,0.0,36.529998779296875,RHO6.FRK,Roche Holding AG
2009-04-14,25.3,25.3,25.3,25.3,0.0,0.0,37.66999816894531,RHO6.FRK,Roche Holding AG
2009-04-15,25.3,25.3,25.3,25.3,0.0,0.0,36.16999816894531,RHO6.FRK,Roche Holding AG
2009-04-16,25.3,25.3,25.3,25.3,0.0,0.0,35.790000915527344,RHO6.FRK,Roche Holding AG
2009-04-17,25.13,25.22,25.13,25.13,400.0,-0.0067193675889328786,33.939998626708984,RHO6.FRK,Roche Holding AG
2009-04-20,25.13,25.13,25.13,25.13,0.0,0.0,39.18000030517578,RHO6.FRK,Roche Holding AG
2009-04-21,25.13,25.13,25.13,25.13,0.0,0.0,37.13999938964844,RHO6.FRK,Roche Holding AG
2009-04-22,25.13,25.13,25.13,25.13,0.0,0.0,38.099998474121094,RHO6.FRK,Roche Holding AG
2009-04-23,22.38,22.38,22.07,22.38,200.0,-0.10943095901313171,37.150001525878906,RHO6.FRK,Roche Holding AG
2009-04-24,22.38,22.38,22.38,22.38,0.0,0.0,36.81999969482422,RHO6.FRK,Roche Holding AG
2009-04-27,23.8,24.84,23.8,24.84,6200.0,0.10991957104557648,38.31999969482422,RHO6.FRK,Roche Holding AG
2009-04-28,24.5,24.8,23.95,24.59,5800.0,-0.010064412238325326,37.95000076293945,RHO6.FRK,Roche Holding AG
2009-04-29,25.0,25.0,24.0,24.0,2800.0,-0.02399349328995526,36.08000183105469,RHO6.FRK,Roche Holding AG
2009-04-30,24.23,24.23,23.69,24.23,200.0,0.009583333333333277,36.5,RHO6.FRK,Roche Holding AG
2009-05-04,23.95,23.95,23.32,23.95,200.0,-0.011555922410235286,34.529998779296875,RHO6.FRK,Roche Holding AG
2009-05-05,23.63,24.21,23.6,23.63,600.0,-0.013361169102296455,33.36000061035156,RHO6.FRK,Roche Holding AG
2009-05-06,23.79,23.79,23.48,23.79,200.0,0.0067710537452390085,32.45000076293945,RHO6.FRK,Roche Holding AG
2009-05-07,23.79,23.79,23.79,23.79,0.0,0.0,33.439998626708984,RHO6.FRK,Roche Holding AG
2009-05-08,23.79,23.79,23.79,23.79,0.0,0.0,32.04999923706055,RHO6.FRK,Roche Holding AG
2009-05-11,23.25,23.73,23.25,23.25,80.0,-0.022698612862547263,32.869998931884766,RHO6.FRK,Roche Holding AG
2009-05-12,23.25,23.25,23.25,23.25,0.0,0.0,31.799999237060547,RHO6.FRK,Roche Holding AG
2009-05-13,23.45,24.44,23.45,23.45,1400.0,0.008602150537634357,33.650001525878906,RHO6.FRK,Roche Holding AG
2009-05-14,23.45,23.45,23.45,23.45,0.0,0.0,31.3700008392334,RHO6.FRK,Roche Holding AG
2009-05-15,23.45,23.45,23.45,23.45,0.0,0.0,33.119998931884766,RHO6.FRK,Roche Holding AG
2009-05-18,23.45,23.45,23.45,23.45,0.0,0.0,30.239999771118164,RHO6.FRK,Roche Holding AG
2009-05-19,24.09,24.09,23.16,24.09,200.0,0.02729211087420036,28.799999237060547,RHO6.FRK,Roche Holding AG
2009-05-20,24.04,24.04,23.43,24.04,36.0,-0.0020755500207555455,29.030000686645508,RHO6.FRK,Roche Holding AG
2009-05-21,23.9,23.9,23.49,23.49,0.0,-0.022878535773710462,31.350000381469727,RHO6.FRK,Roche Holding AG
2009-05-22,23.99,23.99,23.26,23.5,400.0,0.00042571306939120923,32.630001068115234,RHO6.FRK,Roche Holding AG
2009-05-25,23.95,23.95,23.5,23.95,120.0,0.019148936170212627,,RHO6.FRK,Roche Holding AG
2009-05-26,24.24,24.24,24.13,24.24,800.0,0.012108559498956062,30.6200008392334,RHO6.FRK,Roche Holding AG
2009-05-27,23.97,23.97,23.52,23.97,40.0,-0.011138613861386149,32.36000061035156,RHO6.FRK,Roche Holding AG
2009-05-28,23.97,23.97,23.97,23.97,0.0,0.0,31.670000076293945,RHO6.FRK,Roche Holding AG
2009-05-29,23.97,23.97,23.97,23.97,0.0,0.0,28.920000076293945,RHO6.FRK,Roche Holding AG
2009-06-01,24.07,24.26,24.07,24.26,0.0,0.01209845640383822,30.040000915527344,RHO6.FRK,Roche Holding AG
2009-06-02,24.27,24.27,23.27,23.27,0.0,-0.04080791426216002,29.6299991607666,RHO6.FRK,Roche Holding AG
2009-06-03,23.27,23.27,23.27,23.27,0.0,0.0,31.020000457763672,RHO6.FRK,Roche Holding AG
2009-06-04,23.27,23.27,23.27,23.27,0.0,0.0,30.18000030517578,RHO6.FRK,Roche Holding AG
2009-06-05,23.27,23.27,23.27,23.27,0.0,0.0,29.6200008392334,RHO6.FRK,Roche Holding AG
2009-06-08,23.27,23.27,23.27,23.27,0.0,0.0,29.770000457763672,RHO6.FRK,Roche Holding AG
2009-06-09,23.59,23.6,23.59,23.6,0.0,0.014181349376880092,28.270000457763672,RHO6.FRK,Roche Holding AG
2009-06-10,23.48,23.48,23.28,23.28,0.0,-0.013559322033898313,28.459999084472656,RHO6.FRK,Roche Holding AG
2009-06-11,23.2,23.2,23.2,23.2,100.0,-0.003436426116838587,28.110000610351562,RHO6.FRK,Roche Holding AG
2009-06-12,24.21,24.77,24.21,24.68,0.0,0.06379310344827593,28.149999618530273,RHO6.FRK,Roche Holding AG
2009-06-15,24.11,24.2,24.11,24.2,0.0,-0.01944894651539708,30.809999465942383,RHO6.FRK,Roche Holding AG
2009-06-16,24.2,24.2,24.2,24.2,0.0,0.0,32.68000030517578,RHO6.FRK,Roche Holding AG
2009-06-17,24.2,24.2,24.2,24.2,0.0,0.0,31.540000915527344,RHO6.FRK,Roche Holding AG
2009-06-18,24.2,24.2,24.2,24.2,0.0,0.0,30.030000686645508,RHO6.FRK,Roche Holding AG
2009-06-19,24.2,24.2,24.2,24.2,0.0,0.0,27.989999771118164,RHO6.FRK,Roche Holding AG
2009-06-22,24.2,24.2,24.2,24.2,0.0,0.0,31.170000076293945,RHO6.FRK,Roche Holding AG
2009-06-23,24.2,24.2,24.2,24.2,0.0,0.0,30.579999923706055,RHO6.FRK,Roche Holding AG
2009-06-24,24.0,24.0,23.68,23.68,0.0,-0.02148760330578514,29.049999237060547,RHO6.FRK,Roche Holding AG
2009-06-25,23.68,23.68,23.68,23.68,0.0,0.0,26.360000610351562,RHO6.FRK,Roche Holding AG
2009-06-26,23.68,23.68,23.68,23.68,0.0,0.0,25.93000030517578,RHO6.FRK,Roche Holding AG
2009-06-29,24.15,24.15,24.15,24.15,800.0,0.019847972972973027,25.350000381469727,RHO6.FRK,Roche Holding AG
2009-06-30,24.15,24.15,24.15,24.15,0.0,0.0,26.350000381469727,RHO6.FRK,Roche Holding AG
2009-07-01,24.4,24.91,24.4,24.91,0.0,0.03146997929606621,26.219999313354492,RHO6.FRK,Roche Holding AG
2009-07-02,24.91,24.91,24.91,24.91,0.0,0.0,27.950000762939453,RHO6.FRK,Roche Holding AG
2009-07-03,24.4,24.76,24.4,24.76,0.0,-0.006021678040947331,,RHO6.FRK,Roche Holding AG
2009-07-06,24.76,24.76,24.76,24.76,0.0,0.0,29.0,RHO6.FRK,Roche Holding AG
2009-07-07,24.76,24.76,24.76,24.76,0.0,0.0,30.850000381469727,RHO6.FRK,Roche Holding AG
2009-07-08,24.64,24.64,24.22,24.22,0.0,-0.02180936995153482,31.299999237060547,RHO6.FRK,Roche Holding AG
2009-07-09,24.22,24.22,24.22,24.22,0.0,0.0,29.780000686645508,RHO6.FRK,Roche Holding AG
2009-07-10,24.35,24.35,23.78,23.78,0.0,-0.018166804293971883,29.020000457763672,RHO6.FRK,Roche Holding AG
2009-07-13,23.78,23.78,23.78,23.78,0.0,0.0,26.309999465942383,RHO6.FRK,Roche Holding AG
2009-07-14,23.78,23.78,23.78,23.78,0.0,0.0,25.020000457763672,RHO6.FRK,Roche Holding AG
2009-07-15,23.78,23.78,23.78,23.78,0.0,0.0,25.889999389648438,RHO6.FRK,Roche Holding AG
2009-07-16,24.43,24.44,24.43,24.44,0.0,0.027754415475189198,25.420000076293945,RHO6.FRK,Roche Holding AG
2009-07-17,25.13,25.13,25.13,25.13,150.0,0.028232405891980283,24.34000015258789,RHO6.FRK,Roche Holding AG
2009-07-20,25.13,25.13,25.13,25.13,0.0,0.0,24.399999618530273,RHO6.FRK,Roche Holding AG
2009-07-21,25.13,25.13,25.13,25.13,0.0,0.0,23.8700008392334,RHO6.FRK,Roche Holding AG
2009-07-22,25.31,25.31,25.29,25.29,0.0,0.006366892160764026,23.469999313354492,RHO6.FRK,Roche Holding AG
2009-07-23,26.44,26.44,26.32,26.32,0.0,0.040727560300514165,23.43000030517578,RHO6.FRK,Roche Holding AG
2009-07-24,26.4,26.4,26.37,26.37,490.0,0.0018996960486321601,23.09000015258789,RHO6.FRK,Roche Holding AG
2009-07-27,26.5,26.73,26.5,26.73,0.0,0.013651877133105783,24.280000686645508,RHO6.FRK,Roche Holding AG
2009-07-28,27.1,27.71,27.1,27.56,600.0,0.031051253273475465,25.010000228881836,RHO6.FRK,Roche Holding AG
2009-07-29,27.41,27.7,27.2,27.2,0.0,-0.013062409288824406,25.610000610351562,RHO6.FRK,Roche Holding AG
2009-07-30,27.2,27.2,27.2,27.2,0.0,0.0,25.399999618530273,RHO6.FRK,Roche Holding AG
2009-07-31,27.2,27.2,27.2,27.2,0.0,0.0,25.920000076293945,RHO6.FRK,Roche Holding AG
2009-08-03,27.2,27.2,27.2,27.2,0.0,0.0,25.559999465942383,RHO6.FRK,Roche Holding AG
2009-08-04,27.2,27.2,27.2,27.2,0.0,0.0,24.889999389648438,RHO6.FRK,Roche Holding AG
2009-08-05,27.2,27.2,27.2,27.2,0.0,0.0,24.899999618530273,RHO6.FRK,Roche Holding AG
2009-08-06,27.2,27.2,27.2,27.2,0.0,0.0,25.670000076293945,RHO6.FRK,Roche Holding AG
2009-08-07,27.2,27.2,27.2,27.2,0.0,0.0,24.760000228881836,RHO6.FRK,Roche Holding AG
2009-08-10,27.2,27.2,27.2,27.2,0.0,0.0,24.989999771118164,RHO6.FRK,Roche Holding AG
2009-08-11,27.2,27.2,27.2,27.2,0.0,0.0,25.989999771118164,RHO6.FRK,Roche Holding AG
2009-08-12,27.2,27.2,27.2,27.2,0.0,0.0,25.450000762939453,RHO6.FRK,Roche Holding AG
2009-08-13,27.04,27.38,27.04,27.38,0.0,0.006617647058823506,24.709999084472656,RHO6.FRK,Roche Holding AG
2009-08-14,27.38,27.38,27.38,27.38,0.0,0.0,24.270000457763672,RHO6.FRK,Roche Holding AG
2009-08-17,27.04,27.04,26.8,26.8,190.0,-0.02118334550766976,27.889999389648438,RHO6.FRK,Roche Holding AG
2009-08-18,27.23,27.33,27.23,27.33,0.0,0.01977611940298507,26.18000030517578,RHO6.FRK,Roche Holding AG
2009-08-19,27.33,27.33,27.33,27.33,0.0,0.0,26.260000228881836,RHO6.FRK,Roche Holding AG
2009-08-20,27.33,27.33,27.33,27.33,0.0,0.0,25.09000015258789,RHO6.FRK,Roche Holding AG
2009-08-21,27.33,27.33,27.33,27.33,0.0,0.0,25.010000228881836,RHO6.FRK,Roche Holding AG
2009-08-24,27.33,27.33,27.33,27.33,0.0,0.0,25.139999389648438,RHO6.FRK,Roche Holding AG
2009-08-25,27.33,27.33,27.33,27.33,0.0,0.0,24.920000076293945,RHO6.FRK,Roche Holding AG
2009-08-26,27.72,28.01,27.72,27.74,0.0,0.015001829491401386,24.950000762939453,RHO6.FRK,Roche Holding AG
2009-08-27,27.74,27.74,27.74,27.74,0.0,0.0,24.68000030517578,RHO6.FRK,Roche Holding AG
2009-08-28,27.82,27.83,27.54,27.83,0.0,0.0032444124008652597,24.760000228881836,RHO6.FRK,Roche Holding AG
2009-08-31,27.83,27.83,27.83,27.83,0.0,0.0,26.010000228881836,RHO6.FRK,Roche Holding AG
2009-09-01,27.83,27.83,27.83,27.83,0.0,0.0,29.149999618530273,RHO6.FRK,Roche Holding AG
2009-09-02,27.83,27.83,27.83,27.83,0.0,0.0,28.899999618530273,RHO6.FRK,Roche Holding AG
2009-09-03,27.56,27.62,27.56,27.62,0.0,-0.007545813869924478,27.100000381469727,RHO6.FRK,Roche Holding AG
2009-09-04,27.2,27.2,26.72,26.72,0.0,-0.0325850832729907,25.260000228881836,RHO6.FRK,Roche Holding AG
2009-09-07,26.72,26.72,26.72,26.72,0.0,0.0,,RHO6.FRK,Roche Holding AG
2009-09-08,26.72,26.72,26.72,26.72,0.0,0.0,25.6200008392334,RHO6.FRK,Roche Holding AG
2009-09-09,26.72,26.72,26.72,26.72,0.0,0.0,24.31999969482422,RHO6.FRK,Roche Holding AG
2009-09-10,26.72,26.72,26.72,26.72,0.0,0.0,23.549999237060547,RHO6.FRK,Roche Holding AG
2009-09-11,26.72,26.72,26.72,26.72,0.0,0.0,24.149999618530273,RHO6.FRK,Roche Holding AG
2009-09-14,26.72,26.72,26.72,26.72,0.0,0.0,23.860000610351562,RHO6.FRK,Roche Holding AG
2009-09-15,27.25,27.25,27.19,27.19,0.0,0.01758982035928147,23.420000076293945,RHO6.FRK,Roche Holding AG
2009-09-16,27.0,27.45,27.0,27.45,0.0,0.009562339095255501,23.690000534057617,RHO6.FRK,Roche Holding AG
2009-09-17,27.2,27.2,27.2,27.2,400.0,-0.00910746812386154,23.649999618530273,RHO6.FRK,Roche Holding AG
2009-09-18,27.2,27.2,27.2,27.2,0.0,0.0,23.920000076293945,RHO6.FRK,Roche Holding AG
2009-09-21,27.2,27.2,27.2,27.2,0.0,0.0,24.059999465942383,RHO6.FRK,Roche Holding AG
2009-09-22,27.2,27.2,27.2,27.2,0.0,0.0,23.079999923706055,RHO6.FRK,Roche Holding AG
2009-09-23,27.2,27.2,27.2,27.2,0.0,0.0,23.489999771118164,RHO6.FRK,Roche Holding AG
2009-09-24,27.2,27.2,27.2,27.2,0.0,0.0,24.950000762939453,RHO6.FRK,Roche Holding AG
2009-09-25,27.2,27.2,27.2,27.2,0.0,0.0,25.610000610351562,RHO6.FRK,Roche Holding AG
2009-09-28,27.32,28.04,27.32,28.04,0.0,0.03088235294117636,24.8799991607666,RHO6.FRK,Roche Holding AG
2009-09-29,28.04,28.04,28.04,28.04,0.0,0.0,25.190000534057617,RHO6.FRK,Roche Holding AG
2009-09-30,27.92,27.92,27.69,27.69,0.0,-0.012482168330955723,25.610000610351562,RHO6.FRK,Roche Holding AG
2009-10-01,27.69,27.69,27.69,27.69,0.0,0.0,28.270000457763672,RHO6.FRK,Roche Holding AG
2009-10-02,27.38,27.38,27.11,27.11,0.0,-0.02094618996027453,28.68000030517578,RHO6.FRK,Roche Holding AG
2009-10-05,27.11,27.11,27.11,27.11,0.0,0.0,26.84000015258789,RHO6.FRK,Roche Holding AG
2009-10-06,27.25,27.25,27.16,27.16,0.0,0.00184433788270022,25.700000762939453,RHO6.FRK,Roche Holding AG
2009-10-07,27.16,27.16,27.16,27.16,0.0,0.0,24.68000030517578,RHO6.FRK,Roche Holding AG
2009-10-08,27.16,27.16,27.16,27.16,0.0,0.0,24.18000030517578,RHO6.FRK,Roche Holding AG
2009-10-09,27.34,27.36,27.34,27.36,0.0,0.007363770250368162,23.1200008392334,RHO6.FRK,Roche Holding AG
2009-10-12,27.36,27.36,27.36,27.36,0.0,0.0,23.010000228881836,RHO6.FRK,Roche Holding AG
2009-10-13,27.36,27.36,27.36,27.36,0.0,0.0,22.989999771118164,RHO6.FRK,Roche Holding AG
2009-10-14,27.36,27.36,27.36,27.36,0.0,0.0,22.860000610351562,RHO6.FRK,Roche Holding AG
2009-10-15,28.27,28.27,28.01,28.01,1002.0,0.023757309941520477,21.719999313354492,RHO6.FRK,Roche Holding AG
2009-10-16,27.41,27.41,27.33,27.33,200.0,-0.02427704391288832,21.43000030517578,RHO6.FRK,Roche Holding AG
2009-10-19,27.33,27.33,27.33,27.33,0.0,0.0,21.489999771118164,RHO6.FRK,Roche Holding AG
2009-10-20,27.33,27.33,27.33,27.33,0.0,0.0,20.899999618530273,RHO6.FRK,Roche Holding AG
2009-10-21,27.33,27.33,27.33,27.33,0.0,0.0,22.219999313354492,RHO6.FRK,Roche Holding AG
2009-10-22,27.33,27.33,27.33,27.33,0.0,0.0,20.690000534057617,RHO6.FRK,Roche Holding AG
2009-10-23,27.33,27.33,27.33,27.33,0.0,0.0,22.270000457763672,RHO6.FRK,Roche Holding AG
2009-10-26,27.33,27.33,27.33,27.33,0.0,0.0,24.309999465942383,RHO6.FRK,Roche Holding AG
2009-10-27,27.33,27.33,27.33,27.33,0.0,0.0,24.829999923706055,RHO6.FRK,Roche Holding AG
2009-10-28,27.33,27.33,27.33,27.33,0.0,0.0,27.90999984741211,RHO6.FRK,Roche Holding AG
2009-10-29,27.33,27.33,27.33,27.33,0.0,0.0,24.760000228881836,RHO6.FRK,Roche Holding AG
2009-10-30,27.25,27.28,27.1,27.1,100.0,-0.008415660446395745,30.690000534057617,RHO6.FRK,Roche Holding AG
2009-11-02,27.1,27.1,27.1,27.1,0.0,0.0,29.780000686645508,RHO6.FRK,Roche Holding AG
2009-11-03,27.1,27.1,27.1,27.1,0.0,0.0,28.809999465942383,RHO6.FRK,Roche Holding AG
2009-11-04,27.1,27.1,27.1,27.1,0.0,0.0,27.719999313354492,RHO6.FRK,Roche Holding AG
2009-11-05,26.43,26.5,26.43,26.5,0.0,-0.022140221402214055,25.43000030517578,RHO6.FRK,Roche Holding AG
2009-11-06,26.5,26.5,26.5,26.5,0.0,0.0,24.190000534057617,RHO6.FRK,Roche Holding AG
2009-11-09,26.5,26.5,26.5,26.5,0.0,0.0,23.149999618530273,RHO6.FRK,Roche Holding AG
2009-11-10,26.5,26.5,26.5,26.5,0.0,0.0,22.84000015258789,RHO6.FRK,Roche Holding AG
2009-11-11,27.12,27.15,27.12,27.12,370.0,0.023396226415094423,23.040000915527344,RHO6.FRK,Roche Holding AG
2009-11-12,27.12,27.12,27.12,27.12,0.0,0.0,24.239999771118164,RHO6.FRK,Roche Holding AG
2009-11-13,26.77,26.77,26.7,26.7,0.0,-0.015486725663716894,23.360000610351562,RHO6.FRK,Roche Holding AG
2009-11-16,26.7,26.7,26.7,26.7,0.0,0.0,22.889999389648438,RHO6.FRK,Roche Holding AG
2009-11-17,26.7,26.7,26.7,26.7,0.0,0.0,22.40999984741211,RHO6.FRK,Roche Holding AG
2009-11-18,26.7,26.7,26.7,26.7,0.0,0.0,21.6299991607666,RHO6.FRK,Roche Holding AG
2009-11-19,26.7,26.7,26.7,26.7,0.0,0.0,22.6299991607666,RHO6.FRK,Roche Holding AG
2009-11-20,26.7,26.7,26.7,26.7,0.0,0.0,22.190000534057617,RHO6.FRK,Roche Holding AG
2009-11-23,27.3,27.45,27.25,27.43,110.0,0.027340823970037453,21.15999984741211,RHO6.FRK,Roche Holding AG
2009-11-24,27.43,27.43,27.43,27.43,0.0,0.0,20.469999313354492,RHO6.FRK,Roche Holding AG
2009-11-25,27.81,27.81,27.78,27.78,2152.0,0.012759752096245025,20.479999542236328,RHO6.FRK,Roche Holding AG
2009-11-26,27.78,27.78,27.78,27.78,0.0,0.0,,RHO6.FRK,Roche Holding AG
2009-11-27,27.78,27.78,27.78,27.78,0.0,0.0,24.739999771118164,RHO6.FRK,Roche Holding AG
2009-11-30,27.78,27.78,27.78,27.78,0.0,0.0,24.510000228881836,RHO6.FRK,Roche Holding AG
2009-12-01,27.78,27.78,27.78,27.78,0.0,0.0,21.920000076293945,RHO6.FRK,Roche Holding AG
2009-12-02,27.52,27.52,27.5,27.5,0.0,-0.010079193664506825,21.1200008392334,RHO6.FRK,Roche Holding AG
2009-12-03,27.5,27.5,27.5,27.5,0.0,0.0,22.459999084472656,RHO6.FRK,Roche Holding AG
2009-12-04,27.5,27.5,27.5,27.5,0.0,0.0,21.25,RHO6.FRK,Roche Holding AG
2009-12-07,27.87,27.87,27.78,27.78,0.0,0.010181818181818292,22.100000381469727,RHO6.FRK,Roche Holding AG
2009-12-08,27.78,27.78,27.78,27.78,0.0,0.0,23.690000534057617,RHO6.FRK,Roche Holding AG
2009-12-09,27.78,27.78,27.78,27.78,0.0,0.0,22.65999984741211,RHO6.FRK,Roche Holding AG
2009-12-10,27.78,27.78,27.78,27.78,0.0,0.0,22.31999969482422,RHO6.FRK,Roche Holding AG
2009-12-11,27.78,27.78,27.78,27.78,0.0,0.0,21.59000015258789,RHO6.FRK,Roche Holding AG
2009-12-14,27.78,27.78,27.78,27.78,0.0,0.0,21.149999618530273,RHO6.FRK,Roche Holding AG
2009-12-15,27.78,27.78,27.78,27.78,0.0,0.0,21.489999771118164,RHO6.FRK,Roche Holding AG
2009-12-16,28.0,28.12,28.0,28.12,940.0,0.01223902087832962,20.540000915527344,RHO6.FRK,Roche Holding AG
2009-12-17,29.09,29.09,29.0,29.0,400.0,0.031294452347083945,22.510000228881836,RHO6.FRK,Roche Holding AG
2009-12-18,29.0,29.0,29.0,29.0,0.0,0.0,21.68000030517578,RHO6.FRK,Roche Holding AG
2009-12-21,29.4,29.4,29.4,29.4,200.0,0.01379310344827589,20.489999771118164,RHO6.FRK,Roche Holding AG
2009-12-22,29.4,29.4,29.4,29.4,0.0,0.0,19.540000915527344,RHO6.FRK,Roche Holding AG
2009-12-23,29.4,29.4,29.4,29.4,0.0,0.0,19.709999084472656,RHO6.FRK,Roche Holding AG
2009-12-28,29.67,29.7,29.67,29.7,1600.0,0.010204081632653184,19.93000030517578,RHO6.FRK,Roche Holding AG
2009-12-29,29.78,29.78,29.7,29.7,40.0,0.0,20.010000228881836,RHO6.FRK,Roche Holding AG
2009-12-30,29.7,29.7,29.7,29.7,0.0,0.0,19.959999084472656,RHO6.FRK,Roche Holding AG
2010-01-04,29.7,29.7,29.7,29.7,0.0,0.0,20.040000915527344,RHO6.FRK,Roche Holding AG
2010-01-05,29.7,29.7,29.7,29.7,0.0,0.0,19.350000381469727,RHO6.FRK,Roche Holding AG
2010-01-06,29.97,30.18,29.97,30.18,50.0,0.016161616161616266,19.15999984741211,RHO6.FRK,Roche Holding AG
2010-01-07,30.18,30.18,30.18,30.18,0.0,0.0,19.059999465942383,RHO6.FRK,Roche Holding AG
2010-01-08,29.89,30.26,29.89,30.23,920.0,0.0016567263088138606,18.1299991607666,RHO6.FRK,Roche Holding AG
2010-01-11,30.23,30.23,30.23,30.23,0.0,0.0,17.549999237060547,RHO6.FRK,Roche Holding AG
2010-01-12,30.16,30.16,30.0,30.0,400.0,-0.007608336089976908,18.25,RHO6.FRK,Roche Holding AG
2010-01-13,29.87,29.87,29.87,29.87,0.0,-0.0043333333333333,17.850000381469727,RHO6.FRK,Roche Holding AG
2010-01-14,30.25,30.82,30.25,30.82,8.0,0.03180448610646125,17.6299991607666,RHO6.FRK,Roche Holding AG
2010-01-15,30.83,30.9,30.83,30.9,7200.0,0.002595717066839587,17.90999984741211,RHO6.FRK,Roche Holding AG
2010-01-18,31.1,31.1,31.1,31.1,0.0,0.006472491909385258,,RHO6.FRK,Roche Holding AG
2010-01-19,30.85,30.85,30.77,30.77,70.0,-0.010610932475884294,17.579999923706055,RHO6.FRK,Roche Holding AG
2010-01-20,31.26,31.26,31.26,31.26,0.0,0.015924601884953038,18.68000030517578,RHO6.FRK,Roche Holding AG
2010-01-21,31.52,31.52,31.52,31.52,0.0,0.008317338451695466,22.270000457763672,RHO6.FRK,Roche Holding AG
2010-01-22,31.19,31.19,31.19,31.19,0.0,-0.010469543147208049,27.309999465942383,RHO6.FRK,Roche Holding AG
2010-01-25,30.92,30.92,30.92,30.92,0.0,-0.008656620711766538,25.40999984741211,RHO6.FRK,Roche Holding AG
2010-01-26,30.53,30.53,30.38,30.38,302.0,-0.017464424320828065,24.549999237060547,RHO6.FRK,Roche Holding AG
2010-01-27,30.87,30.87,30.87,30.87,0.0,0.016129032258064502,23.139999389648438,RHO6.FRK,Roche Holding AG
2010-01-28,31.12,31.12,31.12,31.12,0.0,0.008098477486232492,23.729999542236328,RHO6.FRK,Roche Holding AG
2010-01-29,30.7,30.7,30.7,30.7,0.0,-0.013496143958869,24.6200008392334,RHO6.FRK,Roche Holding AG
2010-02-01,30.03,30.03,30.03,30.03,0.0,-0.02182410423452763,22.59000015258789,RHO6.FRK,Roche Holding AG
2010-02-02,30.32,30.32,30.32,30.32,0.0,0.009657009657009663,21.479999542236328,RHO6.FRK,Roche Holding AG
2010-02-03,29.59,29.59,29.59,29.59,0.0,-0.024076517150395826,21.600000381469727,RHO6.FRK,Roche Holding AG
2010-02-04,30.12,30.12,30.12,30.12,0.0,0.017911456573166618,26.079999923706055,RHO6.FRK,Roche Holding AG
2010-02-05,29.66,29.66,29.66,29.66,0.0,-0.015272244355909681,26.110000610351562,RHO6.FRK,Roche Holding AG
2010-02-08,28.81,28.81,28.81,28.81,0.0,-0.02865812542144308,26.510000228881836,RHO6.FRK,Roche Holding AG
2010-02-09,29.95,29.95,29.95,29.95,0.0,0.03956959389101011,26.0,RHO6.FRK,Roche Holding AG
2010-02-10,29.9,29.9,29.9,29.9,0.0,-0.0016694490818029983,25.399999618530273,RHO6.FRK,Roche Holding AG
2010-02-11,29.77,29.77,29.77,29.77,0.0,-0.004347826086956497,23.959999084472656,RHO6.FRK,Roche Holding AG
2010-02-12,30.4,30.4,30.4,30.4,0.0,0.021162243869667474,22.729999542236328,RHO6.FRK,Roche Holding AG
2010-02-15,30.39,30.39,30.39,30.39,0.0,-0.0003289473684210398,,RHO6.FRK,Roche Holding AG
2010-02-16,30.46,30.46,30.46,30.46,0.0,0.0023033892727870597,22.25,RHO6.FRK,Roche Holding AG
2010-02-17,30.34,30.34,30.34,30.34,0.0,-0.003939592908732803,21.719999313354492,RHO6.FRK,Roche Holding AG
2010-02-18,30.82,30.82,30.82,30.82,0.0,0.015820698747528006,20.6299991607666,RHO6.FRK,Roche Holding AG
2010-02-19,30.64,30.64,30.64,30.64,0.0,-0.005840363400389403,20.020000457763672,RHO6.FRK,Roche Holding AG
2010-02-22,31.23,31.23,31.23,31.23,0.0,0.019255874673629325,19.940000534057617,RHO6.FRK,Roche Holding AG
2010-02-23,30.29,30.29,30.29,30.29,0.0,-0.030099263528658327,21.3700008392334,RHO6.FRK,Roche Holding AG
2010-02-24,30.53,30.53,30.53,30.53,0.0,0.007923407065038024,20.270000457763672,RHO6.FRK,Roche Holding AG
2010-02-25,30.54,30.54,30.54,30.54,0.0,0.0003275466754011358,20.100000381469727,RHO6.FRK,Roche Holding AG
2010-02-26,30.44,30.44,30.44,30.44,0.0,-0.0032743942370661028,19.5,RHO6.FRK,Roche Holding AG
2010-03-01,30.84,30.84,30.84,30.84,0.0,0.013140604467805517,19.260000228881836,RHO6.FRK,Roche Holding AG
2010-03-02,31.02,31.02,31.02,31.02,0.0,0.005836575875486361,19.059999465942383,RHO6.FRK,Roche Holding AG
2010-03-03,31.38,31.38,31.38,31.38,0.0,0.011605415860735047,18.829999923706055,RHO6.FRK,Roche Holding AG
2010-03-04,31.0,31.0,30.45,30.45,1002.0,-0.029636711281070705,18.719999313354492,RHO6.FRK,Roche Holding AG
2010-03-05,30.3,30.3,30.3,30.3,0.0,-0.0049261083743842304,17.420000076293945,RHO6.FRK,Roche Holding AG
2010-03-08,30.26,30.26,30.26,30.26,0.0,-0.0013201320132012473,17.790000915527344,RHO6.FRK,Roche Holding AG
2010-03-09,30.52,31.0,30.52,31.0,58.0,0.024454725710508773,17.920000076293945,RHO6.FRK,Roche Holding AG
2010-03-10,30.5,30.74,30.5,30.74,62.0,-0.008387096774193581,18.56999969482422,RHO6.FRK,Roche Holding AG
2010-03-11,30.5,30.5,30.5,30.5,0.0,-0.00780741704619381,18.059999465942383,RHO6.FRK,Roche Holding AG
2010-03-12,30.2,30.2,30.2,30.2,0.0,-0.00983606557377048,17.579999923706055,RHO6.FRK,Roche Holding AG
2010-03-15,29.8,29.8,29.8,29.8,0.0,-0.013245033112582738,18.0,RHO6.FRK,Roche Holding AG
2010-03-16,29.8,29.8,29.8,29.8,0.0,0.0,17.690000534057617,RHO6.FRK,Roche Holding AG
2010-03-17,29.9,29.9,29.9,29.9,0.0,0.003355704697986406,16.90999984741211,RHO6.FRK,Roche Holding AG
2010-03-18,29.81,29.81,29.81,29.81,0.0,-0.003010033444816096,16.6200008392334,RHO6.FRK,Roche Holding AG
2010-03-19,29.97,29.97,29.97,29.97,0.0,0.0053673264005367205,16.969999313354492,RHO6.FRK,Roche Holding AG
2010-03-22,30.04,30.04,30.01,30.01,400.0,0.00133466800133486,16.8700008392334,RHO6.FRK,Roche Holding AG
2010-03-23,30.35,30.35,30.35,30.35,0.0,0.01132955681439518,16.350000381469727,RHO6.FRK,Roche Holding AG
2010-03-24,30.15,30.15,30.15,30.15,0.0,-0.006589785831960571,17.549999237060547,RHO6.FRK,Roche Holding AG
2010-03-25,30.0,30.0,30.0,30.0,0.0,-0.00497512437810943,18.399999618530273,RHO6.FRK,Roche Holding AG
2010-03-26,29.78,29.78,29.78,29.78,0.0,-0.007333333333333303,17.770000457763672,RHO6.FRK,Roche Holding AG
2010-03-29,29.29,29.29,29.29,29.29,0.0,-0.016453995970450053,17.59000015258789,RHO6.FRK,Roche Holding AG
2010-03-30,29.54,29.54,29.54,29.54,0.0,0.008535336292250006,17.1299991607666,RHO6.FRK,Roche Holding AG
2010-03-31,29.5,29.5,29.5,29.5,0.0,-0.0013540961408259333,17.59000015258789,RHO6.FRK,Roche Holding AG
2010-04-01,29.68,30.55,29.68,30.55,32.0,0.035593220338983045,17.469999313354492,RHO6.FRK,Roche Holding AG
2010-04-06,29.47,29.47,29.47,29.47,0.0,-0.03535188216039287,16.229999542236328,RHO6.FRK,Roche Holding AG
2010-04-07,29.72,29.72,29.72,29.72,0.0,0.008483203257550143,16.6200008392334,RHO6.FRK,Roche Holding AG
2010-04-08,29.81,29.81,29.81,29.81,0.0,0.00302826379542398,16.479999542236328,RHO6.FRK,Roche Holding AG
2010-04-09,29.61,29.61,29.61,29.61,0.0,-0.006709158000670845,16.139999389648438,RHO6.FRK,Roche Holding AG
2010-04-12,29.77,30.26,29.77,30.26,600.0,0.021952043228639084,15.579999923706055,RHO6.FRK,Roche Holding AG
2010-04-13,29.67,29.67,29.67,29.67,0.0,-0.01949768671513552,16.200000762939453,RHO6.FRK,Roche Holding AG
2010-04-14,29.78,29.78,29.78,29.78,0.0,0.003707448601280694,15.59000015258789,RHO6.FRK,Roche Holding AG
2010-04-15,30.18,30.18,30.18,30.18,0.0,0.013431833445265218,15.890000343322754,RHO6.FRK,Roche Holding AG
2010-04-16,31.8,31.8,31.8,31.8,300.0,0.05367793240556673,18.360000610351562,RHO6.FRK,Roche Holding AG
2010-04-19,30.23,30.23,30.22,30.22,820.0,-0.04968553459119507,17.34000015258789,RHO6.FRK,Roche Holding AG
2010-04-20,30.25,30.25,30.25,30.25,0.0,0.0009927200529451508,15.729999542236328,RHO6.FRK,Roche Holding AG
2010-04-21,30.2,30.2,30.2,30.2,0.0,-0.0016528925619835322,16.31999969482422,RHO6.FRK,Roche Holding AG
2010-04-22,30.11,30.11,30.11,30.11,0.0,-0.00298013245033113,16.469999313354492,RHO6.FRK,Roche Holding AG
2010-04-23,29.79,29.79,29.79,29.79,0.0,-0.010627698439056754,16.6200008392334,RHO6.FRK,Roche Holding AG
2010-04-26,30.06,30.06,30.06,30.06,0.0,0.009063444108761365,17.469999313354492,RHO6.FRK,Roche Holding AG
2010-04-27,29.55,29.55,29.55,29.55,0.0,-0.01696606786427135,22.809999465942383,RHO6.FRK,Roche Holding AG
2010-04-28,29.04,29.04,29.04,29.04,0.0,-0.01725888324873104,21.079999923706055,RHO6.FRK,Roche Holding AG
2010-04-29,29.16,29.27,29.16,29.27,246.0,0.007920110192837448,18.440000534057617,RHO6.FRK,Roche Holding AG
2010-04-30,29.19,29.19,29.19,29.19,0.0,-0.0027331738981891673,22.049999237060547,RHO6.FRK,Roche Holding AG
2010-05-03,29.07,29.07,29.07,29.07,0.0,-0.004110996916752319,20.190000534057617,RHO6.FRK,Roche Holding AG
2010-05-04,28.93,29.56,28.93,29.09,100.0,0.0006879944960440643,23.84000015258789,RHO6.FRK,Roche Holding AG
2010-05-05,28.47,28.47,28.47,28.47,0.0,-0.021313166036438624,24.90999984741211,RHO6.FRK,Roche Holding AG
2010-05-06,28.49,28.73,28.49,28.73,112.0,0.009132420091324311,32.79999923706055,RHO6.FRK,Roche Holding AG
2010-05-07,28.55,28.55,28.55,28.55,0.0,-0.0062652279846849845,40.95000076293945,RHO6.FRK,Roche Holding AG
2010-05-10,28.3,28.3,28.3,28.3,0.0,-0.008756567425569184,28.84000015258789,RHO6.FRK,Roche Holding AG
2010-05-11,28.73,28.73,28.73,28.73,0.0,0.01519434628975258,28.31999969482422,RHO6.FRK,Roche Holding AG
2010-05-12,28.98,28.98,28.98,28.98,0.0,0.00870170553428462,25.520000457763672,RHO6.FRK,Roche Holding AG
2010-05-13,28.9,28.9,28.9,28.9,0.0,-0.002760524499655026,26.68000030517578,RHO6.FRK,Roche Holding AG
2010-05-14,29.19,29.19,29.19,29.19,0.0,0.01003460207612461,31.239999771118164,RHO6.FRK,Roche Holding AG
2010-05-17,29.31,29.31,29.31,29.31,68.0,0.004110996916752319,30.84000015258789,RHO6.FRK,Roche Holding AG
2010-05-18,28.91,28.91,28.91,28.91,0.0,-0.013647219379051445,33.54999923706055,RHO6.FRK,Roche Holding AG
2010-05-19,28.66,29.36,28.66,29.36,600.0,0.015565548253199557,35.31999969482422,RHO6.FRK,Roche Holding AG
2010-05-20,28.3,28.3,28.3,28.3,0.0,-0.03610354223433243,45.790000915527344,RHO6.FRK,Roche Holding AG
2010-05-21,27.17,27.17,27.17,27.17,0.0,-0.03992932862190812,40.099998474121094,RHO6.FRK,Roche Holding AG
2010-05-24,27.17,27.17,27.17,27.17,0.0,0.0,38.31999969482422,RHO6.FRK,Roche Holding AG
2010-05-25,26.5,26.5,26.5,26.5,0.0,-0.02465955097534056,34.61000061035156,RHO6.FRK,Roche Holding AG
2010-05-26,26.61,26.61,26.61,26.61,0.0,0.0041509433962263476,35.02000045776367,RHO6.FRK,Roche Holding AG
2010-05-27,27.15,27.15,27.15,27.15,0.0,0.02029312288613294,29.68000030517578,RHO6.FRK,Roche Holding AG
2010-05-28,27.4,27.4,27.4,27.4,0.0,0.009208103130755152,32.06999969482422,RHO6.FRK,Roche Holding AG
2010-05-31,27.55,27.55,27.55,27.55,0.0,0.005474452554744547,,RHO6.FRK,Roche Holding AG
2010-06-01,27.7,27.7,27.7,27.7,0.0,0.005444646098003547,35.540000915527344,RHO6.FRK,Roche Holding AG
2010-06-02,28.3,28.5,28.3,28.3,18.0,0.02166064981949467,30.170000076293945,RHO6.FRK,Roche Holding AG
2010-06-03,28.62,28.62,28.62,28.62,0.0,0.011307420494699683,29.459999084472656,RHO6.FRK,Roche Holding AG
2010-06-04,29.16,29.16,29.16,29.16,0.0,0.018867924528301883,35.47999954223633,RHO6.FRK,Roche Holding AG
2010-06-07,29.3,29.3,29.3,29.3,1000.0,0.004801097393690057,36.56999969482422,RHO6.FRK,Roche Holding AG
2010-06-08,28.48,28.48,28.48,28.48,0.0,-0.027986348122866933,33.70000076293945,RHO6.FRK,Roche Holding AG
2010-06-09,28.33,28.33,28.33,28.33,0.0,-0.005266853932584303,33.72999954223633,RHO6.FRK,Roche Holding AG
2010-06-10,28.19,28.19,28.19,28.19,0.0,-0.004941757853865081,30.56999969482422,RHO6.FRK,Roche Holding AG
2010-06-11,28.09,28.09,28.09,28.09,0.0,-0.003547357218872005,28.790000915527344,RHO6.FRK,Roche Holding AG
2010-06-14,27.56,27.56,27.56,27.56,0.0,-0.018867924528301883,28.579999923706055,RHO6.FRK,Roche Holding AG
2010-06-15,27.41,27.41,27.41,27.41,0.0,-0.005442670537010086,25.8700008392334,RHO6.FRK,Roche Holding AG
2010-06-16,27.77,27.77,27.77,27.77,0.0,0.013133892739875863,25.920000076293945,RHO6.FRK,Roche Holding AG
2010-06-17,28.27,28.27,28.27,28.27,0.0,0.018005041411595313,25.049999237060547,RHO6.FRK,Roche Holding AG
2010-06-18,27.81,28.64,27.81,28.64,8.0,0.013088079235939132,23.950000762939453,RHO6.FRK,Roche Holding AG
2010-06-21,27.97,27.97,27.97,27.97,0.0,-0.02339385474860345,24.8799991607666,RHO6.FRK,Roche Holding AG
2010-06-22,28.02,28.02,28.02,28.02,0.0,0.001787629603146268,27.049999237060547,RHO6.FRK,Roche Holding AG
2010-06-23,28.05,28.05,28.05,28.05,0.0,0.0010706638115631772,26.90999984741211,RHO6.FRK,Roche Holding AG
2010-06-24,28.13,28.13,28.13,28.13,0.0,0.002852049910873289,29.739999771118164,RHO6.FRK,Roche Holding AG
2010-06-25,28.11,28.11,28.11,28.11,0.0,-0.0007109847138286884,28.530000686645508,RHO6.FRK,Roche Holding AG
2010-06-28,28.21,28.21,28.21,28.21,0.0,0.003557452863749644,29.0,RHO6.FRK,Roche Holding AG
2010-06-29,28.6,28.6,28.6,28.6,0.0,0.01382488479262678,34.130001068115234,RHO6.FRK,Roche Holding AG
2010-06-30,27.78,27.78,27.78,27.78,0.0,-0.02867132867132871,34.540000915527344,RHO6.FRK,Roche Holding AG
2010-07-01,27.95,28.33,27.95,28.33,600.0,0.01979841612670974,32.86000061035156,RHO6.FRK,Roche Holding AG
2010-07-02,27.65,27.65,27.65,27.65,0.0,-0.024002823861630773,30.1200008392334,RHO6.FRK,Roche Holding AG
2010-07-05,27.14,27.14,27.14,27.14,0.0,-0.018444846292947514,,RHO6.FRK,Roche Holding AG
2010-07-06,26.76,26.76,26.76,26.76,0.0,-0.014001473839351464,29.649999618530273,RHO6.FRK,Roche Holding AG
2010-07-07,27.3,27.3,27.3,27.3,0.0,0.020179372197309364,26.84000015258789,RHO6.FRK,Roche Holding AG
2010-07-08,27.65,27.65,27.65,27.65,0.0,0.012820512820512775,25.709999084472656,RHO6.FRK,Roche Holding AG
2010-07-09,27.49,27.49,27.49,27.49,0.0,-0.005786618444846292,24.979999542236328,RHO6.FRK,Roche Holding AG
2010-07-12,27.83,28.34,27.83,28.34,1420.0,0.030920334667151828,24.43000030517578,RHO6.FRK,Roche Holding AG
2010-07-13,27.76,27.76,27.76,27.76,0.0,-0.020465772759350687,24.559999465942383,RHO6.FRK,Roche Holding AG
2010-07-14,27.25,27.25,27.25,27.25,0.0,-0.018371757925072063,24.889999389648438,RHO6.FRK,Roche Holding AG
2010-07-15,27.57,27.57,27.57,27.57,0.0,0.011743119266055091,25.139999389648438,RHO6.FRK,Roche Holding AG
2010-07-16,27.47,27.47,26.7,26.7,1420.0,-0.031556039173014194,26.25,RHO6.FRK,Roche Holding AG
2010-07-19,26.15,26.15,26.15,26.15,0.0,-0.02059925093632964,25.969999313354492,RHO6.FRK,Roche Holding AG
2010-07-20,25.94,25.94,25.94,25.94,0.0,-0.008030592734225572,23.93000030517578,RHO6.FRK,Roche Holding AG
2010-07-21,25.11,25.11,25.11,25.11,0.0,-0.0319969159599075,25.639999389648438,RHO6.FRK,Roche Holding AG
2010-07-22,25.16,25.16,25.16,25.16,0.0,0.001991238550378416,24.6299991607666,RHO6.FRK,Roche Holding AG
2010-07-23,25.27,25.27,25.27,25.27,0.0,0.004372019077901301,23.469999313354492,RHO6.FRK,Roche Holding AG
2010-07-26,25.0,25.0,25.0,25.0,100.0,-0.01068460625247325,22.729999542236328,RHO6.FRK,Roche Holding AG
2010-07-27,24.42,24.42,24.42,24.42,0.0,-0.023199999999999887,23.190000534057617,RHO6.FRK,Roche Holding AG
2010-07-28,24.45,24.45,24.45,24.45,0.0,0.0012285012285011554,24.25,RHO6.FRK,Roche Holding AG
2010-07-29,24.78,24.78,24.78,24.78,0.0,0.013496932515337567,24.1299991607666,RHO6.FRK,Roche Holding AG
2010-07-30,24.59,24.59,24.59,24.59,0.0,-0.0076674737691687644,23.5,RHO6.FRK,Roche Holding AG
2010-08-02,24.57,24.57,24.57,24.57,0.0,-0.0008133387555916416,22.010000228881836,RHO6.FRK,Roche Holding AG
2010-08-03,24.65,24.65,24.65,24.65,0.0,0.0032560032560031704,22.6299991607666,RHO6.FRK,Roche Holding AG
2010-08-04,24.81,24.81,24.81,24.81,0.0,0.006490872210953347,22.209999084472656,RHO6.FRK,Roche Holding AG
2010-08-05,25.02,25.02,25.02,25.02,0.0,0.00846432889963733,22.100000381469727,RHO6.FRK,Roche Holding AG
2010-08-06,25.23,26.1,25.23,26.1,100.0,0.043165467625899456,21.739999771118164,RHO6.FRK,Roche Holding AG
2010-08-09,25.4,25.4,25.4,25.4,0.0,-0.026819923371647625,22.139999389648438,RHO6.FRK,Roche Holding AG
2010-08-10,25.37,25.37,25.37,25.37,0.0,-0.001181102362204589,22.3700008392334,RHO6.FRK,Roche Holding AG
2010-08-11,25.59,25.59,25.59,25.59,0.0,0.008671659440283808,25.389999389648438,RHO6.FRK,Roche Holding AG
2010-08-12,25.68,25.68,25.68,25.68,0.0,0.003516998827667095,25.729999542236328,RHO6.FRK,Roche Holding AG
2010-08-13,26.1,26.1,26.1,26.1,0.0,0.016355140186915973,26.239999771118164,RHO6.FRK,Roche Holding AG
2010-08-16,26.3,26.3,26.3,26.3,0.0,0.00766283524904221,26.100000381469727,RHO6.FRK,Roche Holding AG
2010-08-17,26.26,26.26,26.26,26.26,0.0,-0.001520912547528508,24.329999923706055,RHO6.FRK,Roche Holding AG
2010-08-18,26.25,26.25,26.25,26.25,0.0,-0.0003808073115004751,24.59000015258789,RHO6.FRK,Roche Holding AG
2010-08-19,26.55,26.55,26.55,26.55,0.0,0.011428571428571566,26.440000534057617,RHO6.FRK,Roche Holding AG
2010-08-20,26.31,26.31,26.31,26.31,0.0,-0.009039548022598987,25.489999771118164,RHO6.FRK,Roche Holding AG
2010-08-23,26.21,26.21,26.21,26.21,0.0,-0.003800836183960432,25.65999984741211,RHO6.FRK,Roche Holding AG
2010-08-24,25.86,25.86,25.86,25.86,0.0,-0.013353681800839401,27.459999084472656,RHO6.FRK,Roche Holding AG
2010-08-25,25.96,25.96,25.96,25.96,0.0,0.003866976024748725,26.700000762939453,RHO6.FRK,Roche Holding AG
2010-08-26,25.81,25.81,25.81,25.81,0.0,-0.005778120184899982,27.3700008392334,RHO6.FRK,Roche Holding AG
2010-08-27,25.81,25.81,25.81,25.81,0.0,0.0,24.450000762939453,RHO6.FRK,Roche Holding AG
2010-08-30,26.01,26.87,26.01,26.87,200.0,0.04106935296396763,27.209999084472656,RHO6.FRK,Roche Holding AG
2010-08-31,26.13,26.13,26.13,26.13,0.0,-0.027540007443245362,26.049999237060547,RHO6.FRK,Roche Holding AG
2010-09-01,26.31,26.31,26.31,26.31,0.0,0.006888633754305484,23.889999389648438,RHO6.FRK,Roche Holding AG
2010-09-02,26.6,26.6,26.6,26.6,0.0,0.011022424933485375,23.190000534057617,RHO6.FRK,Roche Holding AG
2010-09-03,26.68,27.48,26.68,27.48,148.0,0.03308270676691727,21.309999465942383,RHO6.FRK,Roche Holding AG
2010-09-06,26.72,26.72,26.72,26.72,0.0,-0.02765647743813693,,RHO6.FRK,Roche Holding AG
2010-09-07,27.24,27.24,27.24,27.24,0.0,0.019461077844311392,23.799999237060547,RHO6.FRK,Roche Holding AG
2010-09-08,27.6,27.6,27.54,27.54,0.0,0.011013215859030812,23.25,RHO6.FRK,Roche Holding AG
2010-09-09,27.5,27.5,27.5,27.5,0.0,-0.001452432824981864,22.809999465942383,RHO6.FRK,Roche Holding AG
2010-09-10,27.42,27.42,27.42,27.42,0.0,-0.002909090909090861,21.989999771118164,RHO6.FRK,Roche Holding AG
2010-09-13,27.65,27.65,27.65,27.65,0.0,0.008388037928519276,21.209999084472656,RHO6.FRK,Roche Holding AG
2010-09-14,27.25,27.25,27.25,27.25,0.0,-0.01446654611211573,21.559999465942383,RHO6.FRK,Roche Holding AG
2010-09-15,27.0,27.0,27.0,27.0,0.0,-0.00917431192660545,22.100000381469727,RHO6.FRK,Roche Holding AG
2010-09-16,26.45,26.45,26.45,26.45,0.0,-0.020370370370370372,21.719999313354492,RHO6.FRK,Roche Holding AG
2010-09-17,25.66,25.66,25.66,25.66,0.0,-0.02986767485822306,22.010000228881836,RHO6.FRK,Roche Holding AG
2010-09-20,25.75,25.75,25.75,25.75,0.0,0.0035074045206546778,21.5,RHO6.FRK,Roche Holding AG
2010-09-21,25.78,25.78,25.78,25.78,0.0,0.0011650485436893732,22.350000381469727,RHO6.FRK,Roche Holding AG
2010-09-22,25.79,25.79,25.79,25.79,0.0,0.00038789759503488064,22.510000228881836,RHO6.FRK,Roche Holding AG
2010-09-23,25.5,25.5,25.5,25.5,0.0,-0.011244668476153463,23.8700008392334,RHO6.FRK,Roche Holding AG
2010-09-24,25.41,25.41,25.33,25.33,180.0,-0.00666666666666671,21.709999084472656,RHO6.FRK,Roche Holding AG
2010-09-27,24.8,24.8,24.8,24.8,0.0,-0.02092380576391617,22.540000915527344,RHO6.FRK,Roche Holding AG
2010-09-28,24.34,24.34,24.34,24.34,0.0,-0.0185483870967742,22.600000381469727,RHO6.FRK,Roche Holding AG
2010-09-29,24.22,24.22,24.22,24.22,0.0,-0.004930156121610518,23.25,RHO6.FRK,Roche Holding AG
2010-09-30,24.41,24.41,24.41,24.41,0.0,0.00784475639966975,23.700000762939453,RHO6.FRK,Roche Holding AG
2010-10-01,25.0,25.0,25.0,25.0,0.0,0.02417042195821395,22.5,RHO6.FRK,Roche Holding AG
2010-10-04,24.83,24.83,24.83,24.83,0.0,-0.006800000000000028,23.530000686645508,RHO6.FRK,Roche Holding AG
2010-10-05,24.91,24.91,24.91,24.91,0.0,0.003221908981071442,21.760000228881836,RHO6.FRK,Roche Holding AG
2010-10-06,25.3,25.3,25.3,25.3,0.0,0.015656362906463217,21.489999771118164,RHO6.FRK,Roche Holding AG
2010-10-07,25.65,25.65,25.65,25.65,0.0,0.01383399209486158,21.559999465942383,RHO6.FRK,Roche Holding AG
2010-10-08,25.41,25.41,25.34,25.34,200.0,-0.01208576998050681,20.709999084472656,RHO6.FRK,Roche Holding AG
2010-10-11,25.71,26.0,25.71,26.0,400.0,0.026045777426992878,18.959999084472656,RHO6.FRK,Roche Holding AG
2010-10-12,25.39,25.39,25.36,25.36,240.0,-0.024615384615384595,18.93000030517578,RHO6.FRK,Roche Holding AG
2010-10-13,25.3,25.3,25.3,25.3,0.0,-0.0023659305993690705,19.06999969482422,RHO6.FRK,Roche Holding AG
2010-10-14,26.1,26.1,26.0,26.0,1100.0,0.027667984189723382,19.8799991607666,RHO6.FRK,Roche Holding AG
2010-10-15,25.34,25.34,25.34,25.34,0.0,-0.02538461538461534,19.030000686645508,RHO6.FRK,Roche Holding AG
2010-10-18,26.57,26.57,26.57,26.57,200.0,0.04853985793212323,19.09000015258789,RHO6.FRK,Roche Holding AG
2010-10-19,26.4,26.4,26.4,26.4,0.0,-0.006398193451260914,20.6299991607666,RHO6.FRK,Roche Holding AG
2010-10-20,26.54,27.34,26.54,27.34,120.0,0.03560606060606064,19.790000915527344,RHO6.FRK,Roche Holding AG
2010-10-21,26.32,26.7,26.32,26.7,360.0,-0.023408924652523755,19.270000457763672,RHO6.FRK,Roche Holding AG
2010-10-22,26.05,26.73,26.05,26.73,1000.0,0.0011235955056179137,18.780000686645508,RHO6.FRK,Roche Holding AG
2010-10-25,26.1,26.1,26.1,26.1,0.0,-0.023569023569023573,19.850000381469727,RHO6.FRK,Roche Holding AG
2010-10-26,26.1,26.1,26.1,26.1,0.0,0.0,20.219999313354492,RHO6.FRK,Roche Holding AG
2010-10-27,26.0,26.0,26.0,26.0,0.0,-0.003831417624521105,20.709999084472656,RHO6.FRK,Roche Holding AG
2010-10-28,26.29,26.5,26.29,26.5,0.0,0.019230769230769162,20.8799991607666,RHO6.FRK,Roche Holding AG
2010-10-29,26.5,26.5,26.5,26.5,0.0,0.0,21.200000762939453,RHO6.FRK,Roche Holding AG
2010-11-01,26.5,26.5,26.5,26.5,0.0,0.0,21.829999923706055,RHO6.FRK,Roche Holding AG
2010-11-02,26.5,26.5,26.5,26.5,0.0,0.0,21.56999969482422,RHO6.FRK,Roche Holding AG
2010-11-03,26.5,26.5,26.5,26.5,0.0,0.0,19.559999465942383,RHO6.FRK,Roche Holding AG
2010-11-04,26.5,26.5,26.5,26.5,0.0,0.0,18.520000457763672,RHO6.FRK,Roche Holding AG
2010-11-05,26.5,26.5,26.5,26.5,0.0,0.0,18.260000228881836,RHO6.FRK,Roche Holding AG
2010-11-08,26.5,26.5,26.5,26.5,0.0,0.0,18.290000915527344,RHO6.FRK,Roche Holding AG
2010-11-09,26.5,26.5,26.5,26.5,0.0,0.0,19.079999923706055,RHO6.FRK,Roche Holding AG
2010-11-10,26.5,26.5,26.5,26.5,0.0,0.0,18.469999313354492,RHO6.FRK,Roche Holding AG
2010-11-11,26.5,26.55,26.5,26.55,98.0,0.0018867924528302993,18.639999389648438,RHO6.FRK,Roche Holding AG
2010-11-12,26.5,26.55,26.5,26.55,100.0,0.0,20.610000610351562,RHO6.FRK,Roche Holding AG
2010-11-15,26.5,26.5,26.5,26.5,228.0,-0.0018832391713747842,20.200000762939453,RHO6.FRK,Roche Holding AG
2010-11-16,26.3,26.3,26.3,26.3,0.0,-0.007547169811320753,22.579999923706055,RHO6.FRK,Roche Holding AG
2010-11-17,26.37,26.37,26.37,26.37,0.0,0.0026615969581749166,21.760000228881836,RHO6.FRK,Roche Holding AG
2010-11-18,26.69,26.69,26.69,26.69,0.0,0.012135001896093955,18.75,RHO6.FRK,Roche Holding AG
2010-11-19,26.8,26.8,26.75,26.75,800.0,0.0022480329711502822,18.040000915527344,RHO6.FRK,Roche Holding AG
2010-11-22,27.16,27.16,27.16,27.16,400.0,0.01532710280373828,18.3700008392334,RHO6.FRK,Roche Holding AG
2010-11-23,26.18,26.18,26.18,26.18,0.0,-0.03608247422680411,20.6299991607666,RHO6.FRK,Roche Holding AG
2010-11-24,26.1,26.1,26.1,26.1,0.0,-0.0030557677616500634,19.559999465942383,RHO6.FRK,Roche Holding AG
2010-11-25,26.6,26.6,26.6,26.6,0.0,0.019157088122605304,,RHO6.FRK,Roche Holding AG
2010-11-26,25.93,26.66,25.93,26.66,300.0,0.0022556390977443996,22.219999313354492,RHO6.FRK,Roche Holding AG
2010-11-29,26.18,26.18,26.18,26.18,0.0,-0.01800450112528129,21.530000686645508,RHO6.FRK,Roche Holding AG
2010-11-30,26.16,26.16,26.16,26.16,0.0,-0.0007639419404125158,23.540000915527344,RHO6.FRK,Roche Holding AG
2010-12-01,26.3,26.41,26.3,26.41,1000.0,0.009556574923547334,21.360000610351562,RHO6.FRK,Roche Holding AG
2010-12-02,25.88,26.35,25.88,26.35,1000.0,-0.0022718667171525153,19.389999389648438,RHO6.FRK,Roche Holding AG
2010-12-03,26.14,26.14,26.14,26.14,0.0,-0.007969639468690781,18.010000228881836,RHO6.FRK,Roche Holding AG
2010-12-06,26.3,26.3,26.3,26.3,0.0,0.006120887528691776,18.020000457763672,RHO6.FRK,Roche Holding AG
2010-12-07,25.74,25.74,25.74,25.74,0.0,-0.021292775665399333,17.989999771118164,RHO6.FRK,Roche Holding AG
2010-12-08,26.05,26.05,26.05,26.05,0.0,0.012043512043512061,17.739999771118164,RHO6.FRK,Roche Holding AG
2010-12-09,26.81,26.81,26.81,26.81,0.0,0.029174664107485482,17.25,RHO6.FRK,Roche Holding AG
2010-12-10,26.98,27.3,26.98,27.3,800.0,0.018276762402088753,17.610000610351562,RHO6.FRK,Roche Holding AG
2010-12-13,26.88,27.5,26.88,27.5,228.0,0.0073260073260073,17.549999237060547,RHO6.FRK,Roche Holding AG
2010-12-14,26.98,26.98,26.98,26.98,0.0,-0.018909090909090875,17.610000610351562,RHO6.FRK,Roche Holding AG
2010-12-15,27.29,27.29,27.29,27.29,0.0,0.011489992587101483,17.940000534057617,RHO6.FRK,Roche Holding AG
2010-12-16,27.34,27.34,27.34,27.34,0.0,0.0018321729571271206,17.389999389648438,RHO6.FRK,Roche Holding AG
2010-12-17,27.27,27.27,27.02,27.02,480.0,-0.011704462326261877,16.110000610351562,RHO6.FRK,Roche Holding AG
2010-12-20,26.95,26.95,26.95,26.95,0.0,-0.002590673575129543,16.40999984741211,RHO6.FRK,Roche Holding AG
2010-12-21,27.03,27.03,27.03,27.03,0.0,0.0029684601113173503,16.489999771118164,RHO6.FRK,Roche Holding AG
2010-12-22,27.4,27.68,27.4,27.68,198.0,0.024047354790972975,15.449999809265137,RHO6.FRK,Roche Holding AG
2010-12-23,27.39,27.39,27.39,27.39,0.0,-0.010476878612716733,16.469999313354492,RHO6.FRK,Roche Holding AG
2010-12-27,27.4,27.4,27.4,27.4,0.0,0.00036509675063878255,17.670000076293945,RHO6.FRK,Roche Holding AG
2010-12-28,27.45,27.45,27.45,27.45,224.0,0.0018248175182482562,17.520000457763672,RHO6.FRK,Roche Holding AG
2010-12-29,27.71,27.71,27.71,27.71,0.0,0.00947176684881601,17.280000686645508,RHO6.FRK,Roche Holding AG
2010-12-30,27.72,27.72,27.72,27.72,0.0,0.00036088054853844476,17.520000457763672,RHO6.FRK,Roche Holding AG
2011-01-03,27.45,27.45,27.45,27.45,0.0,-0.009740259740259716,17.610000610351562,RHO6.FRK,Roche Holding AG
2011-01-04,27.08,27.08,27.08,27.08,0.0,-0.013479052823315185,17.3799991607666,RHO6.FRK,Roche Holding AG
2011-01-05,27.03,27.18,27.03,27.18,1800.0,0.0036927621861153614,17.020000457763672,RHO6.FRK,Roche Holding AG
2011-01-06,26.94,26.94,26.94,26.94,0.0,-0.008830022075055122,17.399999618530273,RHO6.FRK,Roche Holding AG
2011-01-07,27.18,27.18,27.18,27.18,0.0,0.00890868596881944,17.139999389648438,RHO6.FRK,Roche Holding AG
2011-01-10,27.06,27.06,27.06,27.06,0.0,-0.004415011037527616,17.540000915527344,RHO6.FRK,Roche Holding AG
2011-01-11,26.58,26.58,26.58,26.58,0.0,-0.0177383592017738,16.889999389648438,RHO6.FRK,Roche Holding AG
2011-01-12,26.48,26.48,26.48,26.48,0.0,-0.003762227238525151,16.239999771118164,RHO6.FRK,Roche Holding AG
2011-01-13,26.74,26.74,26.74,26.74,0.0,0.009818731117824608,16.389999389648438,RHO6.FRK,Roche Holding AG
2011-01-14,26.23,26.23,26.23,26.23,0.0,-0.019072550486162965,15.460000038146973,RHO6.FRK,Roche Holding AG
2011-01-17,27.0,27.0,27.0,27.0,224.0,0.029355699580632777,,RHO6.FRK,Roche Holding AG
2011-01-18,27.31,27.31,27.31,27.31,0.0,0.011481481481481426,15.869999885559082,RHO6.FRK,Roche Holding AG
2011-01-19,27.19,27.19,27.19,27.19,0.0,-0.004393994873672535,17.309999465942383,RHO6.FRK,Roche Holding AG
2011-01-20,27.26,27.26,27.26,27.26,0.0,0.0025744759102610537,17.989999771118164,RHO6.FRK,Roche Holding AG
2011-01-21,27.1,27.1,27.1,27.1,224.0,-0.005869405722670584,18.469999313354492,RHO6.FRK,Roche Holding AG
2011-01-24,27.1,27.1,27.1,27.1,0.0,0.0,17.649999618530273,RHO6.FRK,Roche Holding AG
2011-01-25,27.64,27.64,27.64,27.64,0.0,0.019926199261992572,17.59000015258789,RHO6.FRK,Roche Holding AG
2011-01-26,27.79,27.79,27.79,27.79,0.0,0.00542691751085389,16.639999389648438,RHO6.FRK,Roche Holding AG
2011-01-27,28.0,28.0,28.0,28.0,0.0,0.007556675062972307,16.149999618530273,RHO6.FRK,Roche Holding AG
2011-01-28,27.64,27.64,27.64,27.64,0.0,-0.01285714285714279,20.040000915527344,RHO6.FRK,Roche Holding AG
2011-01-31,27.9,27.9,27.9,27.9,0.0,0.009406657018813158,19.530000686645508,RHO6.FRK,Roche Holding AG
2011-02-01,27.62,27.62,27.54,27.54,120.0,-0.012903225806451646,17.6299991607666,RHO6.FRK,Roche Holding AG
2011-02-02,27.12,27.12,27.12,27.12,0.0,-0.015250544662309351,17.299999237060547,RHO6.FRK,Roche Holding AG
2011-02-03,27.29,27.29,27.29,27.29,0.0,0.0062684365781711104,16.690000534057617,RHO6.FRK,Roche Holding AG
2011-02-04,27.35,27.35,27.35,27.35,0.0,0.0021986075485527223,15.930000305175781,RHO6.FRK,Roche Holding AG
2011-02-07,27.01,27.34,27.01,27.34,364.0,-0.000365630712979903,16.280000686645508,RHO6.FRK,Roche Holding AG
2011-02-08,26.95,26.95,26.95,26.95,0.0,-0.014264813460131642,15.8100004196167,RHO6.FRK,Roche Holding AG
2011-02-09,26.72,26.72,26.72,26.72,0.0,-0.008534322820037077,15.869999885559082,RHO6.FRK,Roche Holding AG
2011-02-10,26.53,26.53,26.53,26.53,0.0,-0.007110778443113697,16.09000015258789,RHO6.FRK,Roche Holding AG
2011-02-11,26.57,26.57,26.57,26.57,0.0,0.0015077271013945737,15.6899995803833,RHO6.FRK,Roche Holding AG
2011-02-14,26.8,26.8,26.8,26.8,0.0,0.008656379375235224,15.949999809265137,RHO6.FRK,Roche Holding AG
2011-02-15,26.5,26.5,26.5,26.5,0.0,-0.011194029850746245,16.3700008392334,RHO6.FRK,Roche Holding AG
2011-02-16,26.58,26.84,26.58,26.84,200.0,0.012830188679245236,16.719999313354492,RHO6.FRK,Roche Holding AG
2011-02-17,26.89,26.89,26.89,26.89,0.0,0.0018628912071534387,16.59000015258789,RHO6.FRK,Roche Holding AG
2011-02-18,26.72,26.72,26.72,26.72,0.0,-0.0063220528077352345,16.43000030517578,RHO6.FRK,Roche Holding AG
2011-02-21,26.56,26.9,26.56,26.67,5000.0,-0.0018712574850298092,,RHO6.FRK,Roche Holding AG
2011-02-22,26.8,27.0,26.6,26.6,106.0,-0.002624671916010457,20.799999237060547,RHO6.FRK,Roche Holding AG
2011-02-23,26.42,26.42,26.42,26.42,0.0,-0.006766917293233088,22.1299991607666,RHO6.FRK,Roche Holding AG
2011-02-24,26.84,26.84,26.84,26.84,0.0,0.015897047691143085,21.31999969482422,RHO6.FRK,Roche Holding AG
2011-02-25,26.56,26.98,26.56,26.98,74.0,0.005216095380029762,19.219999313354492,RHO6.FRK,Roche Holding AG
2011-02-28,26.71,26.71,26.71,26.71,0.0,-0.010007412898443313,18.350000381469727,RHO6.FRK,Roche Holding AG
2011-03-01,27.25,27.25,27.25,27.25,0.0,0.020217147135904057,21.010000228881836,RHO6.FRK,Roche Holding AG
2011-03-02,27.07,27.07,27.07,27.07,0.0,-0.006605504587155919,20.700000762939453,RHO6.FRK,Roche Holding AG
2011-03-03,25.8,25.99,25.8,25.99,100.0,-0.03989656446250467,18.600000381469727,RHO6.FRK,Roche Holding AG
2011-03-04,25.67,25.67,25.67,25.67,0.0,-0.012312427856867925,19.059999465942383,RHO6.FRK,Roche Holding AG
2011-03-07,25.56,25.56,25.56,25.56,0.0,-0.004285157771718118,20.65999984741211,RHO6.FRK,Roche Holding AG
2011-03-08,25.32,25.32,25.32,25.32,0.0,-0.009389671361502261,19.81999969482422,RHO6.FRK,Roche Holding AG
2011-03-09,25.26,25.74,25.26,25.74,1000.0,0.016587677725118377,20.219999313354492,RHO6.FRK,Roche Holding AG
2011-03-10,25.35,25.64,25.35,25.64,300.0,-0.0038850038850037905,21.8799991607666,RHO6.FRK,Roche Holding AG
2011-03-11,25.35,25.35,25.35,25.35,0.0,-0.011310452418096695,20.079999923706055,RHO6.FRK,Roche Holding AG
2011-03-14,25.17,25.17,25.17,25.17,0.0,-0.007100591715976323,21.1299991607666,RHO6.FRK,Roche Holding AG
2011-03-15,25.11,25.11,24.73,24.74,470.0,-0.017083829956297314,24.31999969482422,RHO6.FRK,Roche Holding AG
2011-03-16,24.58,24.58,24.58,24.58,0.0,-0.006467259498787348,29.399999618530273,RHO6.FRK,Roche Holding AG
2011-03-17,24.68,24.68,24.68,24.68,0.0,0.00406834825061031,26.3700008392334,RHO6.FRK,Roche Holding AG
2011-03-18,24.52,24.52,24.49,24.49,364.0,-0.007698541329011377,24.440000534057617,RHO6.FRK,Roche Holding AG
2011-03-21,24.75,24.75,24.75,24.75,0.0,0.010616578195181692,20.610000610351562,RHO6.FRK,Roche Holding AG
2011-03-22,24.86,24.98,24.86,24.98,90.0,0.009292929292929353,20.209999084472656,RHO6.FRK,Roche Holding AG
2011-03-23,25.06,25.06,25.06,25.06,0.0,0.0032025620496396456,19.170000076293945,RHO6.FRK,Roche Holding AG
2011-03-24,25.12,25.12,25.12,25.12,0.0,0.002394253790901857,18.0,RHO6.FRK,Roche Holding AG
2011-03-25,25.17,25.17,25.17,25.17,0.0,0.001990445859872736,17.90999984741211,RHO6.FRK,Roche Holding AG
2011-03-28,25.2,25.44,25.2,25.44,350.0,0.010727056019070202,19.440000534057617,RHO6.FRK,Roche Holding AG
2011-03-29,25.05,25.05,25.05,25.05,0.0,-0.015330188679245293,18.15999984741211,RHO6.FRK,Roche Holding AG
2011-03-30,25.0,25.0,25.0,25.0,0.0,-0.001996007984031989,17.709999084472656,RHO6.FRK,Roche Holding AG
2011-03-31,25.5,25.5,25.47,25.47,600.0,0.018799999999999928,17.739999771118164,RHO6.FRK,Roche Holding AG
2011-04-01,25.15,25.15,25.15,25.15,0.0,-0.012563800549666326,17.399999618530273,RHO6.FRK,Roche Holding AG
2011-04-04,25.3,25.3,25.3,25.3,0.0,0.0059642147117298094,17.5,RHO6.FRK,Roche Holding AG
2011-04-05,25.25,25.25,25.25,25.25,0.0,-0.0019762845849802257,17.25,RHO6.FRK,Roche Holding AG
2011-04-06,25.1,25.1,25.1,25.1,0.0,-0.005940594059405835,16.899999618530273,RHO6.FRK,Roche Holding AG
2011-04-07,25.28,25.28,25.28,25.28,0.0,0.007171314741035939,17.110000610351562,RHO6.FRK,Roche Holding AG
2011-04-08,25.33,25.4,25.33,25.4,0.0,0.004746835443037778,17.8700008392334,RHO6.FRK,Roche Holding AG
2011-04-11,25.35,25.35,25.26,25.26,0.0,-0.005511811023621971,16.59000015258789,RHO6.FRK,Roche Holding AG
2011-04-12,25.55,25.55,25.55,25.55,0.0,0.011480601741884477,17.09000015258789,RHO6.FRK,Roche Holding AG
2011-04-13,25.56,25.56,25.56,25.56,0.0,0.00039138943248517855,16.920000076293945,RHO6.FRK,Roche Holding AG
2011-04-14,25.32,25.32,25.32,25.32,0.0,-0.009389671361502261,16.270000457763672,RHO6.FRK,Roche Holding AG
2011-04-15,25.57,25.57,25.57,25.57,0.0,0.009873617693522796,15.319999694824219,RHO6.FRK,Roche Holding AG
2011-04-18,25.73,25.85,25.73,25.85,600.0,0.010950332420805786,16.959999084472656,RHO6.FRK,Roche Holding AG
2011-04-19,25.73,25.73,25.73,25.73,0.0,-0.004642166344294041,15.829999923706055,RHO6.FRK,Roche Holding AG
2011-04-20,25.8,25.8,25.8,25.8,0.0,0.0027205596579868985,15.069999694824219,RHO6.FRK,Roche Holding AG
2011-04-21,26.25,26.25,26.25,26.25,0.0,0.01744186046511631,14.6899995803833,RHO6.FRK,Roche Holding AG
2011-04-26,26.29,26.29,26.29,26.29,0.0,0.0015238095238094829,15.619999885559082,RHO6.FRK,Roche Holding AG
2011-04-27,26.36,26.36,26.36,26.36,0.0,0.0026626093571699982,15.350000381469727,RHO6.FRK,Roche Holding AG
2011-04-28,26.35,26.35,26.35,26.35,0.0,-0.0003793626707131459,14.619999885559082,RHO6.FRK,Roche Holding AG
2011-04-29,26.75,27.35,26.75,27.35,290.0,0.03795066413662229,14.75,RHO6.FRK,Roche Holding AG
2011-05-02,27.54,27.72,27.5,27.72,1298.0,0.013528336380255856,15.989999771118164,RHO6.FRK,Roche Holding AG
2011-05-03,27.83,27.91,27.67,27.91,210.0,0.0068542568542568905,16.700000762939453,RHO6.FRK,Roche Holding AG
2011-05-04,27.75,28.11,27.75,28.11,76.0,0.007165890361877425,17.079999923706055,RHO6.FRK,Roche Holding AG
2011-05-05,27.66,27.66,27.66,27.66,0.0,-0.016008537886872953,18.200000762939453,RHO6.FRK,Roche Holding AG
2011-05-06,27.99,28.62,27.99,28.62,40.0,0.03470715835141003,18.399999618530273,RHO6.FRK,Roche Holding AG
2011-05-09,28.65,28.65,28.65,28.65,0.0,0.0010482180293500676,17.15999984741211,RHO6.FRK,Roche Holding AG
2011-05-10,28.7,28.7,28.7,28.7,0.0,0.0017452006980802626,15.90999984741211,RHO6.FRK,Roche Holding AG
2011-05-11,28.79,28.79,28.79,28.79,0.0,0.003135888501742068,16.950000762939453,RHO6.FRK,Roche Holding AG
2011-05-12,29.0,29.0,29.0,29.0,0.0,0.007294199374783039,16.030000686645508,RHO6.FRK,Roche Holding AG
2011-05-13,29.35,29.35,29.35,29.35,0.0,0.012068965517241459,17.06999969482422,RHO6.FRK,Roche Holding AG
2011-05-16,29.64,29.64,29.64,29.64,0.0,0.009880749574105563,18.239999771118164,RHO6.FRK,Roche Holding AG
2011-05-17,30.15,30.15,29.69,29.69,1470.0,0.001686909581646523,17.549999237060547,RHO6.FRK,Roche Holding AG
2011-05-18,29.42,29.42,29.42,29.42,0.0,-0.009093971034018211,16.229999542236328,RHO6.FRK,Roche Holding AG
2011-05-19,29.82,29.82,29.82,29.82,0.0,0.013596193065941398,15.520000457763672,RHO6.FRK,Roche Holding AG
2011-05-20,29.66,29.66,29.66,29.66,0.0,-0.005365526492287054,17.43000030517578,RHO6.FRK,Roche Holding AG
2011-05-23,29.75,29.75,29.75,29.75,0.0,0.0030343897505056283,18.270000457763672,RHO6.FRK,Roche Holding AG
2011-05-24,29.46,29.46,29.46,29.46,0.0,-0.009747899159663787,17.81999969482422,RHO6.FRK,Roche Holding AG
2011-05-25,29.61,29.61,29.61,29.61,0.0,0.005091649694501044,17.06999969482422,RHO6.FRK,Roche Holding AG
2011-05-26,29.93,29.93,29.93,29.93,0.0,0.010807159743329908,16.09000015258789,RHO6.FRK,Roche Holding AG
2011-05-27,30.37,30.37,30.37,30.37,0.0,0.014700968927497504,15.979999542236328,RHO6.FRK,Roche Holding AG
2011-05-30,30.44,30.66,30.44,30.66,200.0,0.009548896937767504,,RHO6.FRK,Roche Holding AG
2011-05-31,30.23,30.23,30.23,30.23,0.0,-0.014024787997390709,15.449999809265137,RHO6.FRK,Roche Holding AG
2011-06-01,30.3,30.5,30.3,30.5,700.0,0.00893152497519023,18.299999237060547,RHO6.FRK,Roche Holding AG
2011-06-02,30.44,30.44,30.44,30.44,0.0,-0.0019672131147540073,18.09000015258789,RHO6.FRK,Roche Holding AG
2011-06-03,30.18,30.18,29.99,29.99,400.0,-0.014783180026281317,17.950000762939453,RHO6.FRK,Roche Holding AG
2011-06-06,30.05,30.05,30.05,30.05,0.0,0.002000666888963165,18.489999771118164,RHO6.FRK,Roche Holding AG
2011-06-07,29.61,29.61,29.61,29.61,0.0,-0.014642262895174785,18.06999969482422,RHO6.FRK,Roche Holding AG
2011-06-08,29.36,29.53,29.36,29.53,46.0,-0.002701789935832477,18.790000915527344,RHO6.FRK,Roche Holding AG
2011-06-09,29.07,29.14,29.07,29.14,0.0,-0.01320690822891979,17.770000457763672,RHO6.FRK,Roche Holding AG
2011-06-10,29.18,29.18,29.03,29.03,0.0,-0.003774879890185323,18.860000610351562,RHO6.FRK,Roche Holding AG
2011-06-13,28.93,29.16,28.93,29.16,100.0,0.004478126076472577,19.610000610351562,RHO6.FRK,Roche Holding AG
2011-06-14,28.95,29.03,28.95,29.03,0.0,-0.004458161865569243,18.260000228881836,RHO6.FRK,Roche Holding AG
2011-06-15,29.08,29.08,29.08,29.08,0.0,0.0017223561832586665,21.31999969482422,RHO6.FRK,Roche Holding AG
2011-06-16,28.72,28.72,28.72,28.72,0.0,-0.012379642365887178,22.729999542236328,RHO6.FRK,Roche Holding AG
2011-06-17,28.85,28.85,28.79,28.79,0.0,0.0024373259052925533,21.850000381469727,RHO6.FRK,Roche Holding AG
2011-06-20,28.76,28.76,28.76,28.76,0.0,-0.0010420284821117676,19.989999771118164,RHO6.FRK,Roche Holding AG
2011-06-21,28.5,28.63,28.5,28.63,0.0,-0.004520166898470235,18.860000610351562,RHO6.FRK,Roche Holding AG
2011-06-22,28.84,28.84,28.84,28.84,0.0,0.007334963325183352,18.520000457763672,RHO6.FRK,Roche Holding AG
2011-06-23,28.62,28.62,28.62,28.62,62.0,-0.007628294036061023,19.290000915527344,RHO6.FRK,Roche Holding AG
2011-06-24,28.59,28.59,28.59,28.59,0.0,-0.0010482180293501786,21.100000381469727,RHO6.FRK,Roche Holding AG
2011-06-27,28.5,28.85,28.5,28.85,1000.0,0.009094088842252601,20.559999465942383,RHO6.FRK,Roche Holding AG
2011-06-28,29.08,29.14,29.08,29.14,204.0,0.010051993067590859,19.170000076293945,RHO6.FRK,Roche Holding AG
2011-06-29,28.84,28.84,28.84,28.84,0.0,-0.010295126973232649,17.270000457763672,RHO6.FRK,Roche Holding AG
2011-06-30,29.0,29.0,28.68,28.68,266.0,-0.00554785020804438,16.520000457763672,RHO6.FRK,Roche Holding AG
2011-07-01,28.91,28.91,28.91,28.91,0.0,0.008019525801952643,15.869999885559082,RHO6.FRK,Roche Holding AG
2011-07-04,28.91,28.91,28.91,28.91,0.0,0.0,,RHO6.FRK,Roche Holding AG
2011-07-05,28.79,28.79,28.79,28.79,0.0,-0.0041508128675199485,16.059999465942383,RHO6.FRK,Roche Holding AG
2011-07-06,28.83,28.91,28.77,28.85,2750.0,0.002084056964223757,16.34000015258789,RHO6.FRK,Roche Holding AG
2011-07-07,28.65,28.65,28.65,28.65,0.0,-0.006932409012131768,15.949999809265137,RHO6.FRK,Roche Holding AG
2011-07-08,28.39,28.51,28.39,28.51,0.0,-0.004886561954624669,15.949999809265137,RHO6.FRK,Roche Holding AG
2011-07-11,28.64,28.64,28.64,28.64,0.0,0.004559803577691923,18.389999389648438,RHO6.FRK,Roche Holding AG
2011-07-12,28.86,29.03,28.86,29.03,200.0,0.0136173184357542,19.8700008392334,RHO6.FRK,Roche Holding AG
2011-07-13,29.21,29.21,29.21,29.21,0.0,0.006200482259731244,19.90999984741211,RHO6.FRK,Roche Holding AG
2011-07-14,29.2,29.2,29.2,29.2,0.0,-0.000342348510784074,20.799999237060547,RHO6.FRK,Roche Holding AG
2011-07-15,29.47,29.47,29.47,29.47,0.0,0.009246575342465757,19.530000686645508,RHO6.FRK,Roche Holding AG
2011-07-18,29.67,29.67,29.59,29.59,140.0,0.004071937563624006,20.950000762939453,RHO6.FRK,Roche Holding AG
2011-07-19,29.44,29.44,29.44,29.44,0.0,-0.005069280162216971,19.209999084472656,RHO6.FRK,Roche Holding AG
2011-07-20,29.5,29.71,29.5,29.71,300.0,0.009171195652173836,19.09000015258789,RHO6.FRK,Roche Holding AG
2011-07-21,30.0,30.0,30.0,30.0,0.0,0.009761023224503562,17.559999465942383,RHO6.FRK,Roche Holding AG
2011-07-22,30.04,30.04,29.99,29.99,200.0,-0.00033333333333340764,17.520000457763672,RHO6.FRK,Roche Holding AG
2011-07-25,30.8,30.8,30.8,30.8,0.0,0.027009003001000398,19.350000381469727,RHO6.FRK,Roche Holding AG
2011-07-26,31.05,31.05,31.05,31.05,0.0,0.008116883116883189,20.229999542236328,RHO6.FRK,Roche Holding AG
2011-07-27,31.05,31.05,31.05,31.05,0.0,0.0,22.979999542236328,RHO6.FRK,Roche Holding AG
2011-07-28,31.03,31.03,31.03,31.03,0.0,-0.0006441223832528431,23.739999771118164,RHO6.FRK,Roche Holding AG
2011-07-29,31.03,31.03,30.92,30.92,200.0,-0.0035449564937157785,25.25,RHO6.FRK,Roche Holding AG
2011-08-01,30.85,31.41,30.85,31.34,2400.0,0.013583441138421692,23.65999984741211,RHO6.FRK,Roche Holding AG
2011-08-02,31.25,31.25,31.25,31.25,0.0,-0.002871729419272495,24.790000915527344,RHO6.FRK,Roche Holding AG
2011-08-03,30.91,30.91,30.63,30.63,200.0,-0.01984000000000008,23.3799991607666,RHO6.FRK,Roche Holding AG
2011-08-04,31.17,31.17,31.17,31.17,0.0,0.01762977473065641,31.65999984741211,RHO6.FRK,Roche Holding AG
2011-08-05,29.79,29.8,29.67,29.8,108.0,-0.04395251844722492,32.0,RHO6.FRK,Roche Holding AG
2011-08-08,29.47,29.47,29.47,29.47,0.0,-0.011073825503355783,48.0,RHO6.FRK,Roche Holding AG
2011-08-09,28.17,28.18,28.17,28.18,90.0,-0.043773328808958234,35.060001373291016,RHO6.FRK,Roche Holding AG
2011-08-10,29.76,29.76,29.68,29.68,600.0,0.053229240596167404,42.9900016784668,RHO6.FRK,Roche Holding AG
2011-08-11,28.0,28.0,27.85,27.85,100.0,-0.06165768194070076,39.0,RHO6.FRK,Roche Holding AG
2011-08-12,28.15,28.79,28.15,28.79,2150.0,0.03375224416517053,36.36000061035156,RHO6.FRK,Roche Holding AG
2011-08-15,28.3,28.59,28.3,28.59,40.0,-0.006946856547412228,31.8700008392334,RHO6.FRK,Roche Holding AG
2011-08-16,28.4,28.4,28.4,28.4,0.0,-0.006645680307799995,32.849998474121094,RHO6.FRK,Roche Holding AG
2011-08-17,28.59,28.59,28.59,28.59,0.0,0.006690140845070358,31.579999923706055,RHO6.FRK,Roche Holding AG
2011-08-18,29.08,29.08,28.94,28.94,400.0,0.012242042672263143,42.66999816894531,RHO6.FRK,Roche Holding AG
2011-08-19,28.45,28.45,28.2,28.2,30.0,-0.02557014512785083,43.04999923706055,RHO6.FRK,Roche Holding AG
2011-08-22,28.28,28.28,28.28,28.28,0.0,0.0028368794326241176,42.439998626708984,RHO6.FRK,Roche Holding AG
2011-08-23,28.86,29.32,28.86,29.32,40.0,0.03677510608203671,36.27000045776367,RHO6.FRK,Roche Holding AG
2011-08-24,29.68,29.68,29.68,29.68,0.0,0.012278308321964415,35.900001525878906,RHO6.FRK,Roche Holding AG
2011-08-25,29.62,29.97,29.62,29.86,350.0,0.006064690026954089,39.7599983215332,RHO6.FRK,Roche Holding AG
2011-08-26,29.37,29.37,29.37,29.37,0.0,-0.016409912926992565,35.59000015258789,RHO6.FRK,Roche Holding AG
2011-08-29,29.22,29.22,29.22,29.22,0.0,-0.005107252298263587,32.279998779296875,RHO6.FRK,Roche Holding AG
2011-08-30,29.18,29.18,29.18,29.18,0.0,-0.001368925393566034,32.88999938964844,RHO6.FRK,Roche Holding AG
2011-08-31,29.39,29.39,29.39,29.39,0.0,0.0071967100753942415,31.6200008392334,RHO6.FRK,Roche Holding AG
2011-09-01,30.34,30.34,30.34,30.34,0.0,0.03232391970057846,31.81999969482422,RHO6.FRK,Roche Holding AG
2011-09-02,31.27,31.27,31.27,31.27,0.0,0.030652603823335456,33.91999816894531,RHO6.FRK,Roche Holding AG
2011-09-05,30.84,30.84,30.46,30.46,20.0,-0.02590342181004157,,RHO6.FRK,Roche Holding AG
2011-09-06,30.46,30.46,30.46,30.46,0.0,0.0,37.0,RHO6.FRK,Roche Holding AG
2011-09-07,29.3,29.49,29.18,29.49,190.0,-0.0318450426789233,33.380001068115234,RHO6.FRK,Roche Holding AG
2011-09-08,29.49,29.49,29.49,29.49,0.0,0.0,34.31999969482422,RHO6.FRK,Roche Holding AG
2011-09-09,29.49,29.49,29.49,29.49,0.0,0.0,38.52000045776367,RHO6.FRK,Roche Holding AG
2011-09-12,29.17,29.17,28.1,28.1,46.0,-0.0471346219057307,38.59000015258789,RHO6.FRK,Roche Holding AG
2011-09-13,28.48,28.48,28.33,28.33,100.0,0.008185053380782792,36.90999984741211,RHO6.FRK,Roche Holding AG
2011-09-14,28.33,28.33,28.33,28.33,0.0,0.0,34.599998474121094,RHO6.FRK,Roche Holding AG
2011-09-15,28.33,28.33,28.33,28.33,0.0,0.0,31.969999313354492,RHO6.FRK,Roche Holding AG
2011-09-16,28.76,28.76,28.5,28.5,1000.0,0.006000705965407693,30.979999542236328,RHO6.FRK,Roche Holding AG
2011-09-19,28.57,28.57,27.86,27.86,600.0,-0.022456140350877174,32.72999954223633,RHO6.FRK,Roche Holding AG
2011-09-20,27.98,27.98,27.98,27.98,0.0,0.004307250538406304,32.86000061035156,RHO6.FRK,Roche Holding AG
2011-09-21,28.03,28.03,28.03,28.03,0.0,0.0017869907076484282,37.31999969482422,RHO6.FRK,Roche Holding AG
2011-09-22,28.02,28.02,28.02,28.02,0.0,-0.00035676061362832634,41.349998474121094,RHO6.FRK,Roche Holding AG
2011-09-23,27.53,27.53,27.53,27.53,0.0,-0.017487508922198414,41.25,RHO6.FRK,Roche Holding AG
2011-09-26,28.29,28.29,28.29,28.29,0.0,0.0276062477297494,39.02000045776367,RHO6.FRK,Roche Holding AG
2011-09-27,29.13,29.64,29.13,29.64,0.0,0.04772004241781547,37.709999084472656,RHO6.FRK,Roche Holding AG
2011-09-28,29.43,29.43,29.43,29.43,0.0,-0.007085020242915019,41.08000183105469,RHO6.FRK,Roche Holding AG
2011-09-29,29.05,29.93,29.05,29.93,0.0,0.01698946653075084,38.84000015258789,RHO6.FRK,Roche Holding AG
2011-09-30,29.66,30.16,29.66,30.16,340.0,0.007684597393919246,42.959999084472656,RHO6.FRK,Roche Holding AG
2011-10-03,30.05,30.16,30.05,30.16,160.0,0.0,45.45000076293945,RHO6.FRK,Roche Holding AG
2011-10-04,29.53,29.84,29.53,29.84,200.0,-0.010610079575596787,40.81999969482422,RHO6.FRK,Roche Holding AG
2011-10-05,30.01,30.01,29.55,29.55,4.0,-0.00971849865951735,37.810001373291016,RHO6.FRK,Roche Holding AG
2011-10-06,29.47,29.54,29.47,29.54,0.0,-0.00033840947546537326,36.27000045776367,RHO6.FRK,Roche Holding AG
2011-10-07,29.82,29.82,29.82,29.82,0.0,0.009478672985782088,36.20000076293945,RHO6.FRK,Roche Holding AG
2011-10-10,29.71,29.71,29.71,29.71,0.0,-0.0036887994634473564,33.02000045776367,RHO6.FRK,Roche Holding AG
2011-10-11,30.24,30.24,30.0,30.0,20.0,0.009761023224503562,32.86000061035156,RHO6.FRK,Roche Holding AG
2011-10-12,30.08,30.08,29.92,29.97,1200.0,-0.0010000000000000009,31.260000228881836,RHO6.FRK,Roche Holding AG
2011-10-13,29.66,29.66,29.66,29.66,0.0,-0.010343677010343666,30.700000762939453,RHO6.FRK,Roche Holding AG
2011-10-14,28.44,28.44,28.44,28.44,0.0,-0.04113283884018881,28.239999771118164,RHO6.FRK,Roche Holding AG
2011-10-17,28.83,28.83,28.83,28.83,0.0,0.01371308016877637,33.38999938964844,RHO6.FRK,Roche Holding AG
2011-10-18,28.26,28.88,28.26,28.88,0.0,0.001734304543878018,31.559999465942383,RHO6.FRK,Roche Holding AG
2011-10-19,28.97,28.97,28.97,28.97,0.0,0.0031163434903047627,34.439998626708984,RHO6.FRK,Roche Holding AG
2011-10-20,28.5,28.99,28.5,28.99,0.0,0.0006903693476010275,34.779998779296875,RHO6.FRK,Roche Holding AG
2011-10-21,29.04,29.19,29.04,29.19,0.0,0.006898930665746983,31.31999969482422,RHO6.FRK,Roche Holding AG
2011-10-24,29.13,29.13,29.0,29.0,0.0,-0.006509078451524486,29.260000228881836,RHO6.FRK,Roche Holding AG
2011-10-25,29.27,29.27,28.73,28.73,0.0,-0.009310344827586192,32.220001220703125,RHO6.FRK,Roche Holding AG
2011-10-26,28.67,29.17,28.67,29.17,16.0,0.015315001740341172,29.860000610351562,RHO6.FRK,Roche Holding AG
2011-10-27,28.91,29.18,28.91,29.18,0.0,0.0003428179636613127,25.459999084472656,RHO6.FRK,Roche Holding AG
2011-10-28,29.35,29.9,29.35,29.9,340.0,0.024674434544208257,24.530000686645508,RHO6.FRK,Roche Holding AG
2011-10-31,29.86,29.86,29.45,29.82,200.0,-0.0026755852842809125,29.959999084472656,RHO6.FRK,Roche Holding AG
2011-11-01,29.6,29.6,28.68,28.68,0.0,-0.0382293762575453,34.77000045776367,RHO6.FRK,Roche Holding AG
2011-11-02,29.14,29.14,29.14,29.14,0.0,0.016039051603905286,32.7400016784668,RHO6.FRK,Roche Holding AG
2011-11-03,29.06,29.13,28.96,28.96,624.0,-0.006177076183939589,30.5,RHO6.FRK,Roche Holding AG
2011-11-04,29.55,29.55,29.55,29.55,0.0,0.02037292817679548,30.15999984741211,RHO6.FRK,Roche Holding AG
2011-11-07,29.22,29.22,29.22,29.22,0.0,-0.01116751269035543,29.850000381469727,RHO6.FRK,Roche Holding AG
2011-11-08,28.71,28.83,28.71,28.8,200.0,-0.014373716632443467,27.479999542236328,RHO6.FRK,Roche Holding AG
2011-11-09,29.17,29.17,28.57,28.57,0.0,-0.007986111111111138,36.15999984741211,RHO6.FRK,Roche Holding AG
2011-11-10,28.39,28.62,28.13,28.13,2000.0,-0.015400770038501932,32.810001373291016,RHO6.FRK,Roche Holding AG
2011-11-11,28.06,28.45,28.06,28.45,0.0,0.011375755421258349,30.040000915527344,RHO6.FRK,Roche Holding AG
2011-11-14,28.12,28.48,28.12,28.48,0.0,0.0010544815465729496,31.1299991607666,RHO6.FRK,Roche Holding AG
2011-11-15,28.55,28.71,28.55,28.71,0.0,0.008075842696629199,31.219999313354492,RHO6.FRK,Roche Holding AG
2011-11-16,28.97,28.97,28.87,28.87,0.0,0.005572971090212375,33.5099983215332,RHO6.FRK,Roche Holding AG
2011-11-17,28.62,28.83,28.62,28.83,0.0,-0.0013855213023901136,34.5099983215332,RHO6.FRK,Roche Holding AG
2011-11-18,28.5,28.77,28.5,28.77,0.0,-0.002081165452653466,32.0,RHO6.FRK,Roche Holding AG
2011-11-21,28.47,28.47,27.64,27.64,450.0,-0.039277024678484485,32.90999984741211,RHO6.FRK,Roche Holding AG
2011-11-22,27.62,28.0,27.62,27.64,140.0,0.0,31.969999313354492,RHO6.FRK,Roche Holding AG
2011-11-23,27.6,27.88,27.6,27.88,0.0,0.00868306801736618,33.97999954223633,RHO6.FRK,Roche Holding AG
2011-11-24,27.54,27.7,27.2,27.2,1200.0,-0.024390243902439046,,RHO6.FRK,Roche Holding AG
2011-11-25,27.7,27.8,27.7,27.8,0.0,0.02205882352941191,34.470001220703125,RHO6.FRK,Roche Holding AG
2011-11-28,27.45,28.45,27.45,28.45,0.0,0.02338129496402863,32.130001068115234,RHO6.FRK,Roche Holding AG
2011-11-29,28.18,28.7,28.18,28.7,98.0,0.008787346221441172,30.639999389648438,RHO6.FRK,Roche Holding AG
2011-11-30,28.86,28.86,28.86,28.86,0.0,0.0055749128919859725,27.799999237060547,RHO6.FRK,Roche Holding AG
2011-12-01,29.4,29.99,29.4,29.99,0.0,0.03915453915453915,27.40999984741211,RHO6.FRK,Roche Holding AG
2011-12-02,29.81,29.81,29.78,29.78,0.0,-0.007002334111370412,27.520000457763672,RHO6.FRK,Roche Holding AG
2011-12-05,29.623,29.625,29.623,29.625,0.0,-0.005204835460040358,27.84000015258789,RHO6.FRK,Roche Holding AG
2011-12-06,29.704,30.036,29.704,30.036,0.0,0.013873417721518955,28.1299991607666,RHO6.FRK,Roche Holding AG
2011-12-07,29.919,29.919,29.919,29.919,0.0,-0.0038953256092688626,28.670000076293945,RHO6.FRK,Roche Holding AG
2011-12-08,29.948,29.948,29.948,29.948,0.0,0.0009692837327450743,30.59000015258789,RHO6.FRK,Roche Holding AG
2011-12-09,30.327,31.036,30.327,31.036,100.0,0.03632963803926814,26.3799991607666,RHO6.FRK,Roche Holding AG
2011-12-12,31.247,31.248,31.247,31.248,0.0,0.006830777162005308,25.670000076293945,RHO6.FRK,Roche Holding AG
2011-12-13,30.891,31.361,30.891,31.361,64.0,0.0036162314388121786,25.40999984741211,RHO6.FRK,Roche Holding AG
2011-12-14,31.314,31.937,31.314,31.702,400.0,0.010873377762188774,26.040000915527344,RHO6.FRK,Roche Holding AG
2011-12-15,31.48,31.7,31.48,31.7,200.0,-6.308750236583283e-05,25.110000610351562,RHO6.FRK,Roche Holding AG
2011-12-16,32.512,32.512,32.267,32.267,0.0,0.017886435331230466,24.290000915527344,RHO6.FRK,Roche Holding AG
2011-12-19,32.276,32.32,32.276,32.32,0.0,0.0016425450150308052,24.920000076293945,RHO6.FRK,Roche Holding AG
2011-12-20,32.126,32.165,32.126,32.165,200.0,-0.0047957920792079944,23.219999313354492,RHO6.FRK,Roche Holding AG
2011-12-21,32.063,32.063,31.992,31.992,0.0,-0.005378517021607299,21.43000030517578,RHO6.FRK,Roche Holding AG
2011-12-22,31.818,31.818,31.664,31.664,0.0,-0.010252563140785154,21.15999984741211,RHO6.FRK,Roche Holding AG
2011-12-23,31.78,32.26,31.78,32.26,400.0,0.018822637695805833,20.729999542236328,RHO6.FRK,Roche Holding AG
2011-12-27,32.235,32.235,32.104,32.104,0.0,-0.004835709857408554,21.90999984741211,RHO6.FRK,Roche Holding AG
2011-12-28,32.315,33.15,32.315,32.498,700.0,0.012272614004485316,23.520000457763672,RHO6.FRK,Roche Holding AG
2011-12-29,32.598,32.598,32.557,32.557,0.0,0.0018154963382364109,22.649999618530273,RHO6.FRK,Roche Holding AG
2011-12-30,32.821,32.821,32.821,32.821,0.0,0.008108855238504686,23.399999618530273,RHO6.FRK,Roche Holding AG
2012-01-02,32.9,32.9,32.9,32.9,0.0,0.0024069955211603045,,RHO6.FRK,Roche Holding AG
2012-01-03,32.9,33.284,32.9,33.164,62.0,0.008024316109422669,22.969999313354492,RHO6.FRK,Roche Holding AG
2012-01-04,33.139,33.139,32.9,33.104,2000.0,-0.0018091906886986697,22.219999313354492,RHO6.FRK,Roche Holding AG
2012-01-05,33.267,33.55,33.119,33.263,1318.0,0.004803044949250879,21.479999542236328,RHO6.FRK,Roche Holding AG
2012-01-06,545619.968,552288.256,545619.968,552288.256,100.0,16602.681447854975,20.6299991607666,RHO6.FRK,Roche Holding AG
2012-01-09,33.702,33.702,33.622,33.622,0.0,-0.9999391223701849,21.06999969482422,RHO6.FRK,Roche Holding AG
2012-01-10,33.78,33.78,33.609,33.609,0.0,-0.00038665159716844144,20.690000534057617,RHO6.FRK,Roche Holding AG
2012-01-11,33.567,33.567,33.405,33.405,0.0,-0.006069802731411222,21.049999237060547,RHO6.FRK,Roche Holding AG
2012-01-12,33.28,33.28,33.28,33.28,0.0,-0.0037419547971860867,20.469999313354492,RHO6.FRK,Roche Holding AG
2012-01-13,33.709,33.709,33.509,33.509,0.0,0.006881009615384626,20.90999984741211,RHO6.FRK,Roche Holding AG
2012-01-16,33.651,33.965,33.651,33.965,0.0,0.013608284341520172,,RHO6.FRK,Roche Holding AG
2012-01-17,33.424,33.8,33.424,33.8,0.0,-0.004857941999116933,22.200000762939453,RHO6.FRK,Roche Holding AG
2012-01-18,33.596,33.889,33.596,33.889,0.0,0.0026331360946747484,20.889999389648438,RHO6.FRK,Roche Holding AG
2012-01-19,34.156,34.288,34.14,34.288,0.0,0.01177373188940356,19.8700008392334,RHO6.FRK,Roche Holding AG
2012-01-20,34.135,34.135,33.979,34.125,300.0,-0.004753849743350358,18.280000686645508,RHO6.FRK,Roche Holding AG
2012-01-23,34.038,34.038,33.535,33.535,32.0,-0.017289377289377406,18.670000076293945,RHO6.FRK,Roche Holding AG
2012-01-24,33.658,33.911,33.658,33.911,0.0,0.011212166393320455,18.90999984741211,RHO6.FRK,Roche Holding AG
2012-01-25,34.002,34.002,32.844,32.844,0.0,-0.03146471646368432,18.309999465942383,RHO6.FRK,Roche Holding AG
2012-01-26,33.054,33.261,32.963,33.261,300.0,0.012696382900986514,18.56999969482422,RHO6.FRK,Roche Holding AG
2012-01-27,32.98,32.98,32.819,32.819,0.0,-0.013288836775803503,18.530000686645508,RHO6.FRK,Roche Holding AG
2012-01-30,32.657,32.657,32.519,32.519,100.0,-0.009141046345105153,19.399999618530273,RHO6.FRK,Roche Holding AG
2012-01-31,31.97,32.361,31.97,32.361,3386.0,-0.004858697991943162,19.440000534057617,RHO6.FRK,Roche Holding AG
2012-02-01,32.718,32.718,31.828,32.091,2090.0,-0.008343376286270354,18.549999237060547,RHO6.FRK,Roche Holding AG
2012-02-02,31.696,31.696,31.441,31.441,62.0,-0.020254900127761766,17.979999542236328,RHO6.FRK,Roche Holding AG
2012-02-03,31.64,31.64,31.64,31.64,0.0,0.0063293152253427465,17.100000381469727,RHO6.FRK,Roche Holding AG
2012-02-06,32.627,32.677,32.519,32.677,312.0,0.03277496839443739,17.760000228881836,RHO6.FRK,Roche Holding AG
2012-02-07,32.537,33.061,32.537,33.061,0.0,0.011751384766043316,17.649999618530273,RHO6.FRK,Roche Holding AG
2012-02-08,33.015,33.64,33.015,33.64,60.0,0.017513081878951064,18.15999984741211,RHO6.FRK,Roche Holding AG
2012-02-09,33.32,33.598,33.32,33.598,0.0,-0.0012485136741974268,18.6299991607666,RHO6.FRK,Roche Holding AG
2012-02-10,33.803,33.803,33.287,33.413,0.0,-0.005506280135722408,20.790000915527344,RHO6.FRK,Roche Holding AG
2012-02-13,33.212,33.89,33.212,33.872,160.0,0.013737168168078462,19.040000915527344,RHO6.FRK,Roche Holding AG
2012-02-14,33.976,33.976,33.362,33.362,0.0,-0.015056683986773622,19.540000915527344,RHO6.FRK,Roche Holding AG
2012-02-15,33.221,33.481,33.221,33.444,0.0,0.0024578862178525895,21.139999389648438,RHO6.FRK,Roche Holding AG
2012-02-16,33.485,33.572,33.485,33.498,0.0,0.0016146393972011897,19.219999313354492,RHO6.FRK,Roche Holding AG
2012-02-17,33.586,33.586,33.426,33.472,0.0,-0.0007761657412381773,17.780000686645508,RHO6.FRK,Roche Holding AG
2012-02-20,33.224,33.346,33.224,33.346,0.0,-0.003764340344168393,,RHO6.FRK,Roche Holding AG
2012-02-21,33.068,33.246,33.068,33.23,0.0,-0.0034786781023210533,18.190000534057617,RHO6.FRK,Roche Holding AG
2012-02-22,33.074,33.074,32.928,32.928,0.0,-0.009088173337345795,18.190000534057617,RHO6.FRK,Roche Holding AG
2012-02-23,32.763,33.028,32.763,33.028,198.0,0.003036929057337323,16.799999237060547,RHO6.FRK,Roche Holding AG
2012-02-24,33.022,33.022,32.848,32.848,0.0,-0.00544992127891486,17.309999465942383,RHO6.FRK,Roche Holding AG
2012-02-27,32.788,32.788,32.758,32.758,0.0,-0.002739892839746627,18.190000534057617,RHO6.FRK,Roche Holding AG
2012-02-28,32.814,32.814,32.586,32.586,0.0,-0.005250625801331066,17.959999084472656,RHO6.FRK,Roche Holding AG
2012-02-29,32.586,32.71,32.586,32.71,0.0,0.0038053151660222273,18.43000030517578,RHO6.FRK,Roche Holding AG
2012-03-01,32.558,32.558,32.28,32.337,0.0,-0.011403240599205056,17.260000228881836,RHO6.FRK,Roche Holding AG
2012-03-02,32.473,32.473,32.338,32.394,200.0,0.0017626867056310669,17.290000915527344,RHO6.FRK,Roche Holding AG
2012-03-05,32.535,32.897,32.535,32.897,140.0,0.015527566833364315,18.049999237060547,RHO6.FRK,Roche Holding AG
2012-03-06,32.816,33.013,32.816,33.013,0.0,0.0035261574003708773,20.8700008392334,RHO6.FRK,Roche Holding AG
2012-03-07,32.668,33.168,32.668,33.168,0.0,0.004695120104201367,19.06999969482422,RHO6.FRK,Roche Holding AG
2012-03-08,31.7,32.415,31.7,32.415,0.0,-0.02270260492040521,17.950000762939453,RHO6.FRK,Roche Holding AG
2012-03-09,32.714,32.828,32.714,32.828,400.0,0.012741014962208919,17.110000610351562,RHO6.FRK,Roche Holding AG
2012-03-12,32.795,32.875,32.795,32.875,0.0,0.0014317046423784063,15.640000343322754,RHO6.FRK,Roche Holding AG
2012-03-13,32.709,32.709,32.709,32.709,0.0,-0.005049429657794535,14.800000190734863,RHO6.FRK,Roche Holding AG
2012-03-14,32.952,33.007,32.952,33.007,0.0,0.009110642330856678,15.3100004196167,RHO6.FRK,Roche Holding AG
2012-03-15,32.922,33.395,32.922,33.147,200.0,0.004241524525100848,15.420000076293945,RHO6.FRK,Roche Holding AG
2012-03-16,33.218,33.218,33.031,33.031,0.0,-0.0034995625546806464,14.470000267028809,RHO6.FRK,Roche Holding AG
2012-03-19,33.077,33.077,33.003,33.051,1600.0,0.0006054918107234464,15.039999961853027,RHO6.FRK,Roche Holding AG
2012-03-20,33.084,33.253,33.021,33.102,240.0,0.0015430698012162125,15.579999923706055,RHO6.FRK,Roche Holding AG
2012-03-21,32.978,33.106,32.978,33.106,0.0,0.00012083862002310042,15.130000114440918,RHO6.FRK,Roche Holding AG
2012-03-22,33.018,33.018,32.748,32.809,0.0,-0.008971183471274236,15.569999694824219,RHO6.FRK,Roche Holding AG
2012-03-23,32.728,32.728,32.427,32.622,0.0,-0.005699655582309671,14.819999694824219,RHO6.FRK,Roche Holding AG
2012-03-26,32.592,32.807,32.592,32.807,0.0,0.00567101955735394,14.260000228881836,RHO6.FRK,Roche Holding AG
2012-03-27,32.712,32.967,32.712,32.717,150.0,-0.0027433169750359365,15.59000015258789,RHO6.FRK,Roche Holding AG
2012-03-28,32.641,33.183,32.641,33.183,2100.0,0.014243359721245907,15.470000267028809,RHO6.FRK,Roche Holding AG
2012-03-29,32.87,32.87,32.625,32.625,0.0,-0.01681583943585574,15.479999542236328,RHO6.FRK,Roche Holding AG
2012-03-30,32.499,32.715,32.499,32.715,0.0,0.0027586206896552667,15.5,RHO6.FRK,Roche Holding AG
2012-04-02,32.594,33.32,32.594,33.32,0.0,0.018493046003362323,15.640000343322754,RHO6.FRK,Roche Holding AG
2012-04-03,33.336,33.447,33.336,33.447,0.0,0.003811524609844019,15.65999984741211,RHO6.FRK,Roche Holding AG
2012-04-04,33.312,33.312,32.92,32.92,0.0,-0.015756271115496157,16.440000534057617,RHO6.FRK,Roche Holding AG
2012-04-05,32.903,32.903,32.903,32.903,0.0,-0.0005164034021871711,16.700000762939453,RHO6.FRK,Roche Holding AG
2012-04-10,32.629,32.629,32.361,32.361,0.0,-0.0164726620672887,20.389999389648438,RHO6.FRK,Roche Holding AG
2012-04-11,31.828,32.313,31.828,31.903,300.0,-0.014152838293006953,20.020000457763672,RHO6.FRK,Roche Holding AG
2012-04-12,31.83,32.503,31.83,32.503,0.0,0.0188070087452592,17.200000762939453,RHO6.FRK,Roche Holding AG
2012-04-13,32.533,32.637,32.533,32.637,0.0,0.00412269636648932,19.549999237060547,RHO6.FRK,Roche Holding AG
2012-04-16,32.658,33.11,32.658,33.11,0.0,0.01449275362318847,19.549999237060547,RHO6.FRK,Roche Holding AG
2012-04-17,32.8,33.319,32.8,33.319,400.0,0.00631229235880415,18.459999084472656,RHO6.FRK,Roche Holding AG
2012-04-18,33.454,33.818,33.454,33.818,0.0,0.014976439869143654,18.639999389648438,RHO6.FRK,Roche Holding AG
2012-04-19,33.784,34.027,33.784,34.027,0.0,0.006180140753444974,18.360000610351562,RHO6.FRK,Roche Holding AG
2012-04-20,33.941,34.67,33.941,34.67,224.0,0.018896758456519835,17.440000534057617,RHO6.FRK,Roche Holding AG
2012-04-23,34.962,34.962,34.525,34.525,0.0,-0.0041822901644074095,18.969999313354492,RHO6.FRK,Roche Holding AG
2012-04-24,34.526,34.531,34.526,34.531,0.0,0.00017378711078919196,18.100000381469727,RHO6.FRK,Roche Holding AG
2012-04-25,34.519,34.674,34.519,34.674,0.0,0.004141206452173529,16.81999969482422,RHO6.FRK,Roche Holding AG
2012-04-26,34.647,34.647,34.647,34.647,0.0,-0.0007786814327738201,16.239999771118164,RHO6.FRK,Roche Holding AG
2012-04-27,34.636,34.636,34.299,34.299,0.0,-0.010044159667503605,16.31999969482422,RHO6.FRK,Roche Holding AG
2012-04-30,34.251,34.562,34.251,34.562,0.0,0.0076678620367940376,17.149999618530273,RHO6.FRK,Roche Holding AG
2012-05-02,34.665,34.665,34.344,34.344,0.0,-0.006307505352699416,16.8799991607666,RHO6.FRK,Roche Holding AG
2012-05-03,34.413,34.498,34.413,34.498,0.0,0.004484043792219783,17.559999465942383,RHO6.FRK,Roche Holding AG
2012-05-04,34.306,34.306,34.253,34.253,0.0,-0.007101860977447916,19.15999984741211,RHO6.FRK,Roche Holding AG
2012-05-07,34.422,34.422,33.007,33.007,40.0,-0.03637637579190145,18.940000534057617,RHO6.FRK,Roche Holding AG
2012-05-08,33.485,33.485,32.658,32.658,604.0,-0.01057351470900103,19.049999237060547,RHO6.FRK,Roche Holding AG
2012-05-09,32.798,32.798,32.492,32.492,140.0,-0.005082981199093783,20.079999923706055,RHO6.FRK,Roche Holding AG
2012-05-10,32.656,32.656,32.488,32.6,60.0,0.0033238951126433047,18.829999923706055,RHO6.FRK,Roche Holding AG
2012-05-11,32.523,32.523,32.519,32.519,0.0,-0.0024846625766872243,19.889999389648438,RHO6.FRK,Roche Holding AG
2012-05-14,32.502,32.502,32.502,32.502,0.0,-0.0005227713029304359,21.8700008392334,RHO6.FRK,Roche Holding AG
2012-05-15,32.12,32.308,32.12,32.137,68.0,-0.011230078149037093,21.969999313354492,RHO6.FRK,Roche Holding AG
2012-05-16,32.199,32.199,32.094,32.094,0.0,-0.001338021595046146,22.270000457763672,RHO6.FRK,Roche Holding AG
2012-05-17,521994.24,525139.968,521994.24,525139.968,0.0,16361.558982987473,24.489999771118164,RHO6.FRK,Roche Holding AG
2012-05-18,31.996,31.996,31.645,31.645,0.0,-0.9999397398752174,25.100000381469727,RHO6.FRK,Roche Holding AG
2012-05-21,31.435,31.698,31.435,31.698,0.0,0.0016748301469426963,22.010000228881836,RHO6.FRK,Roche Holding AG
2012-05-22,31.758,31.934,31.758,31.934,0.0,0.007445264685469244,22.479999542236328,RHO6.FRK,Roche Holding AG
2012-05-23,32.13,32.13,31.477,31.477,0.0,-0.014310765954781757,22.329999923706055,RHO6.FRK,Roche Holding AG
2012-05-24,31.818,31.818,31.62,31.62,0.0,0.004542999650538615,21.540000915527344,RHO6.FRK,Roche Holding AG
2012-05-25,31.573,31.618,31.565,31.618,200.0,-6.325110689442415e-05,21.760000228881836,RHO6.FRK,Roche Holding AG
2012-05-28,515571.712,515571.712,515571.712,515571.712,0.0,16305.272123473971,,RHO6.FRK,Roche Holding AG
2012-05-29,31.646,31.716,31.646,31.716,0.0,-0.9999384838243414,21.030000686645508,RHO6.FRK,Roche Holding AG
2012-05-30,31.837,31.837,31.649,31.649,0.0,-0.0021124984235086908,24.139999389648438,RHO6.FRK,Roche Holding AG
2012-05-31,31.474,31.579,31.474,31.579,0.0,-0.0022117602451894314,24.059999465942383,RHO6.FRK,Roche Holding AG
2012-06-01,31.566,31.566,31.332,31.332,0.0,-0.007821653630577297,26.65999984741211,RHO6.FRK,Roche Holding AG
2012-06-04,31.249,31.249,31.211,31.211,0.0,-0.003861866462402719,26.1200008392334,RHO6.FRK,Roche Holding AG
2012-06-05,30.895,31.211,30.895,31.211,0.0,0.0,24.68000030517578,RHO6.FRK,Roche Holding AG
2012-06-06,31.094,31.736,31.094,31.736,0.0,0.01682099259876324,22.15999984741211,RHO6.FRK,Roche Holding AG
2012-06-07,522240.0,522240.0,522125.312,522125.312,0.0,16451.14620620116,21.719999313354492,RHO6.FRK,Roche Holding AG
2012-06-08,32.062,32.062,31.83,31.83,0.0,-0.9999390376232133,21.229999542236328,RHO6.FRK,Roche Holding AG
2012-06-11,31.654,32.045,31.654,32.045,0.0,0.006754633993088399,23.559999465942383,RHO6.FRK,Roche Holding AG
2012-06-12,31.858,32.228,31.858,32.181,200.0,0.0042440318302385815,22.09000015258789,RHO6.FRK,Roche Holding AG
2012-06-13,32.646,32.763,32.646,32.763,200.0,0.018085205556073403,24.270000457763672,RHO6.FRK,Roche Holding AG
2012-06-14,32.625,32.66,32.625,32.66,0.0,-0.003143790251198042,21.68000030517578,RHO6.FRK,Roche Holding AG
2012-06-15,32.458,32.458,32.458,32.458,0.0,-0.006184935701163408,21.110000610351562,RHO6.FRK,Roche Holding AG
2012-06-18,32.261,32.261,32.261,32.261,0.0,-0.006069381970546406,18.31999969482422,RHO6.FRK,Roche Holding AG
2012-06-19,32.266,33.183,32.266,33.183,0.0,0.028579399274665906,18.3799991607666,RHO6.FRK,Roche Holding AG
2012-06-20,33.452,33.452,33.217,33.217,0.0,0.0010246210408944023,17.239999771118164,RHO6.FRK,Roche Holding AG
2012-06-21,33.386,33.613,33.386,33.613,0.0,0.01192160640635831,20.079999923706055,RHO6.FRK,Roche Holding AG
2012-06-22,33.322,33.641,33.322,33.641,200.0,0.0008330110373961919,18.110000610351562,RHO6.FRK,Roche Holding AG
2012-06-25,33.688,33.688,33.688,33.688,0.0,0.001397104723403153,20.3799991607666,RHO6.FRK,Roche Holding AG
2012-06-26,33.106,33.653,33.106,33.653,0.0,-0.001038945618618059,19.719999313354492,RHO6.FRK,Roche Holding AG
2012-06-27,33.792,34.1,33.792,33.88,174.0,0.006745312453570351,19.450000762939453,RHO6.FRK,Roche Holding AG
2012-06-28,33.734,33.738,33.734,33.738,0.0,-0.004191263282172453,19.709999084472656,RHO6.FRK,Roche Holding AG
2012-06-29,33.421,33.996,33.421,33.996,100.0,0.007647163435888338,17.079999923706055,RHO6.FRK,Roche Holding AG
2012-07-02,34.097,34.182,34.097,34.182,0.0,0.005471231909636387,16.799999237060547,RHO6.FRK,Roche Holding AG
2012-07-03,34.208,34.38,34.208,34.362,0.0,0.00526592943654558,16.65999984741211,RHO6.FRK,Roche Holding AG
2012-07-04,34.361,34.548,34.361,34.548,0.0,0.005412956172516248,,RHO6.FRK,Roche Holding AG
2012-07-05,34.546,34.676,34.546,34.676,0.0,0.003704990158619914,17.5,RHO6.FRK,Roche Holding AG
2012-07-06,34.446,34.631,34.446,34.631,0.0,-0.0012977275348945438,17.100000381469727,RHO6.FRK,Roche Holding AG
2012-07-09,34.473,34.795,34.473,34.795,0.0,0.004735641477289221,17.979999542236328,RHO6.FRK,Roche Holding AG
2012-07-10,34.718,34.724,34.647,34.724,0.0,-0.0020405230636587612,18.719999313354492,RHO6.FRK,Roche Holding AG
2012-07-11,34.5,34.793,34.5,34.793,0.0,0.001987098260569198,17.950000762939453,RHO6.FRK,Roche Holding AG
2012-07-12,34.832,34.832,34.485,34.485,0.0,-0.00885235535883655,18.329999923706055,RHO6.FRK,Roche Holding AG
2012-07-13,34.731,34.773,34.681,34.773,0.0,0.008351457155284958,16.739999771118164,RHO6.FRK,Roche Holding AG
2012-07-16,34.734,35.019,34.734,35.019,0.0,0.007074454318005241,17.110000610351562,RHO6.FRK,Roche Holding AG
2012-07-17,35.075,35.075,35.075,35.075,0.0,0.0015991318998258564,16.479999542236328,RHO6.FRK,Roche Holding AG
2012-07-18,35.252,35.368,35.252,35.368,0.0,0.008353528153955736,16.15999984741211,RHO6.FRK,Roche Holding AG
2012-07-19,35.395,35.395,35.395,35.395,0.0,0.0007634019452613661,15.449999809265137,RHO6.FRK,Roche Holding AG
2012-07-20,35.772,35.8,35.501,35.501,500.0,0.00299477327306108,16.270000457763672,RHO6.FRK,Roche Holding AG
2012-07-23,35.588,35.588,34.741,34.741,0.0,-0.021407847666262914,18.6200008392334,RHO6.FRK,Roche Holding AG
2012-07-24,34.985,34.985,34.676,34.749,64.0,0.00023027546702758528,20.469999313354492,RHO6.FRK,Roche Holding AG
2012-07-25,34.639,34.957,34.639,34.957,0.0,0.005985783763561514,19.34000015258789,RHO6.FRK,Roche Holding AG
2012-07-26,34.949,35.095,34.795,34.795,240.0,-0.0046342649540864755,17.530000686645508,RHO6.FRK,Roche Holding AG
2012-07-27,34.744,35.076,34.744,35.076,50.0,0.00807587297025436,16.700000762939453,RHO6.FRK,Roche Holding AG
2012-07-30,35.034,35.308,35.034,35.308,900.0,0.006614209145854755,18.030000686645508,RHO6.FRK,Roche Holding AG
2012-07-31,35.182,35.932,35.182,35.932,0.0,0.01767304860088381,18.93000030517578,RHO6.FRK,Roche Holding AG
2012-08-01,35.885,35.885,35.885,35.885,0.0,-0.001308026271846896,18.959999084472656,RHO6.FRK,Roche Holding AG
2012-08-02,35.882,36.55,35.882,36.207,1060.0,0.00897310854117328,17.56999969482422,RHO6.FRK,Roche Holding AG
2012-08-03,36.137,36.137,36.137,36.137,0.0,-0.0019333278095395867,15.640000343322754,RHO6.FRK,Roche Holding AG
2012-08-06,36.191,36.191,35.698,35.8,534.0,-0.009325621938733208,15.949999809265137,RHO6.FRK,Roche Holding AG
2012-08-07,35.865,36.031,35.865,36.031,0.0,0.006452513966480389,15.989999771118164,RHO6.FRK,Roche Holding AG
2012-08-08,36.011,36.076,36.011,36.039,0.0,0.00022203102883633363,15.319999694824219,RHO6.FRK,Roche Holding AG
2012-08-09,35.956,35.956,35.956,35.956,0.0,-0.00230306057326779,15.279999732971191,RHO6.FRK,Roche Holding AG
2012-08-10,36.205,36.269,36.205,36.269,0.0,0.008705083991545015,14.739999771118164,RHO6.FRK,Roche Holding AG
2012-08-13,36.269,36.269,36.269,36.269,0.0,0.0,13.699999809265137,RHO6.FRK,Roche Holding AG
2012-08-14,36.263,36.65,36.263,36.65,800.0,0.01050483884308906,14.850000381469727,RHO6.FRK,Roche Holding AG
2012-08-15,36.458,36.697,36.458,36.697,0.0,0.0012824010914052053,14.630000114440918,RHO6.FRK,Roche Holding AG
2012-08-16,36.52,37.25,36.475,36.475,2800.0,-0.00604954083440068,14.289999961853027,RHO6.FRK,Roche Holding AG
2012-08-17,36.455,36.455,36.369,36.369,0.0,-0.002906100068540196,13.449999809265137,RHO6.FRK,Roche Holding AG
2012-08-20,36.459,36.459,36.171,36.206,0.0,-0.004481838928757864,14.020000457763672,RHO6.FRK,Roche Holding AG
2012-08-21,36.107,36.48,35.978,36.48,500.0,0.007567806440921254,15.020000457763672,RHO6.FRK,Roche Holding AG
2012-08-22,35.972,36.085,35.932,35.932,0.0,-0.015021929824561298,15.109999656677246,RHO6.FRK,Roche Holding AG
2012-08-23,36.0,36.0,35.69,35.69,0.0,-0.006734943782700786,15.960000038146973,RHO6.FRK,Roche Holding AG
2012-08-24,35.788,36.355,35.788,36.355,0.0,0.01863267021574666,15.180000305175781,RHO6.FRK,Roche Holding AG
2012-08-27,36.408,36.473,36.4,36.473,0.0,0.0032457708705817545,16.350000381469727,RHO6.FRK,Roche Holding AG
2012-08-28,36.577,36.577,36.357,36.357,0.0,-0.0031804348422120876,16.489999771118164,RHO6.FRK,Roche Holding AG
2012-08-29,36.295,36.295,36.028,36.039,0.0,-0.008746596253816241,17.059999465942383,RHO6.FRK,Roche Holding AG
2012-08-30,35.942,36.207,35.942,36.207,200.0,0.004661616582036121,17.829999923706055,RHO6.FRK,Roche Holding AG
2012-08-31,35.859,36.364,35.859,36.313,0.0,0.0029276106830171678,17.469999313354492,RHO6.FRK,Roche Holding AG
2012-09-03,36.044,36.71,36.044,36.71,400.0,0.010932723817916434,,RHO6.FRK,Roche Holding AG
2012-09-04,35.934,36.141,35.934,36.051,800.0,-0.017951511849632174,17.979999542236328,RHO6.FRK,Roche Holding AG
2012-09-05,36.185,36.185,36.185,36.185,0.0,0.0037169565337993316,17.739999771118164,RHO6.FRK,Roche Holding AG
2012-09-06,35.99,36.877,35.99,36.877,800.0,0.019123946386624402,15.600000381469727,RHO6.FRK,Roche Holding AG
2012-09-07,36.794,36.794,36.565,36.652,0.0,-0.0061013639938173325,14.380000114440918,RHO6.FRK,Roche Holding AG
2012-09-10,36.811,36.811,36.811,36.811,0.0,0.004338098875914076,16.280000686645508,RHO6.FRK,Roche Holding AG
2012-09-11,36.186,36.405,36.186,36.231,162.0,-0.015756159843524964,16.40999984741211,RHO6.FRK,Roche Holding AG
2012-09-12,36.335,36.335,35.949,35.949,0.0,-0.007783389914714056,15.800000190734863,RHO6.FRK,Roche Holding AG
2012-09-13,35.921,36.6,35.921,36.218,1100.0,0.0074828228879804115,14.050000190734863,RHO6.FRK,Roche Holding AG
2012-09-14,36.086,36.27,35.97,36.02,300.0,-0.005466894914131104,14.510000228881836,RHO6.FRK,Roche Holding AG
2012-09-17,35.923,36.002,35.923,36.002,0.0,-0.0004997223764575676,14.59000015258789,RHO6.FRK,Roche Holding AG
2012-09-18,36.02,36.436,36.02,36.249,108.0,0.006860729959446754,14.180000305175781,RHO6.FRK,Roche Holding AG
2012-09-19,36.15,36.46,36.15,36.456,0.0,0.005710502358685865,13.880000114440918,RHO6.FRK,Roche Holding AG
2012-09-20,36.87,36.87,36.87,36.87,0.0,0.011356155365371823,14.069999694824219,RHO6.FRK,Roche Holding AG
2012-09-21,36.494,36.494,36.494,36.494,0.0,-0.010197992948196344,13.979999542236328,RHO6.FRK,Roche Holding AG
2012-09-24,37.066,37.066,36.691,36.779,360.0,0.007809502931988899,14.149999618530273,RHO6.FRK,Roche Holding AG
2012-09-25,36.915,36.915,36.915,36.915,0.0,0.0036977623100138413,15.430000305175781,RHO6.FRK,Roche Holding AG
2012-09-26,36.867,36.867,36.523,36.523,0.0,-0.010618989570635118,16.809999465942383,RHO6.FRK,Roche Holding AG
2012-09-27,36.44,36.44,36.44,36.44,0.0,-0.0022725405908606833,14.84000015258789,RHO6.FRK,Roche Holding AG
2012-09-28,36.853,36.853,36.853,36.853,0.0,0.011333699231613759,15.729999542236328,RHO6.FRK,Roche Holding AG
2012-10-01,36.481,36.481,36.481,36.481,0.0,-0.010094157870458309,16.31999969482422,RHO6.FRK,Roche Holding AG
2012-10-02,36.967,36.967,36.943,36.943,70.0,0.012664126531619191,15.710000038146973,RHO6.FRK,Roche Holding AG
2012-10-03,608387.072,608387.072,605732.864,605732.864,0.0,16395.417832877676,15.430000305175781,RHO6.FRK,Roche Holding AG
2012-10-04,36.902,36.94,36.902,36.94,0.0,-0.9999390160214255,14.550000190734863,RHO6.FRK,Roche Holding AG
2012-10-05,37.364,37.566,37.364,37.541,0.0,0.01626962642122365,14.329999923706055,RHO6.FRK,Roche Holding AG
2012-10-08,37.687,37.724,37.64,37.724,0.0,0.004874670360405897,15.109999656677246,RHO6.FRK,Roche Holding AG
2012-10-09,37.894,37.894,37.744,37.744,0.0,0.0005301664722723309,16.3700008392334,RHO6.FRK,Roche Holding AG
2012-10-10,37.728,37.89,37.191,37.191,100.0,-0.014651335311572589,16.290000915527344,RHO6.FRK,Roche Holding AG
2012-10-11,37.425,37.483,37.425,37.483,0.0,0.007851361888628894,15.59000015258789,RHO6.FRK,Roche Holding AG
2012-10-12,37.298,37.298,37.298,37.298,0.0,-0.004935570792092281,16.139999389648438,RHO6.FRK,Roche Holding AG
2012-10-15,37.717,37.717,37.717,37.717,0.0,0.011233846318837282,15.270000457763672,RHO6.FRK,Roche Holding AG
2012-10-16,38.004,38.15,38.004,38.15,0.0,0.011480234377071241,15.220000267028809,RHO6.FRK,Roche Holding AG
2012-10-17,38.048,38.25,37.898,37.898,400.0,-0.006605504587155808,15.069999694824219,RHO6.FRK,Roche Holding AG
2012-10-18,38.364,38.364,38.028,38.329,20.0,0.011372631801150446,15.029999732971191,RHO6.FRK,Roche Holding AG
2012-10-19,38.522,39.054,38.522,39.054,200.0,0.018915181716194107,17.059999465942383,RHO6.FRK,Roche Holding AG
2012-10-22,38.407,38.407,38.221,38.317,300.0,-0.01887130639627188,16.6200008392334,RHO6.FRK,Roche Holding AG
2012-10-23,38.286,38.286,38.286,38.286,0.0,-0.0008090403737244234,18.829999923706055,RHO6.FRK,Roche Holding AG
2012-10-24,37.463,37.463,37.313,37.313,150.0,-0.025413989447839902,18.329999923706055,RHO6.FRK,Roche Holding AG
2012-10-25,37.129,37.613,37.129,37.47,260.0,0.00420764880872615,18.1200008392334,RHO6.FRK,Roche Holding AG
2012-10-26,37.583,37.605,37.583,37.605,0.0,0.0036028823058447124,17.809999465942383,RHO6.FRK,Roche Holding AG
2012-10-29,37.564,37.564,37.564,37.564,0.0,-0.0010902805477993605,,RHO6.FRK,Roche Holding AG
2012-10-30,37.57,37.57,37.353,37.353,0.0,-0.0056170801831540995,,RHO6.FRK,Roche Holding AG
2012-10-31,37.484,37.503,37.277,37.333,0.0,-0.000535432227665833,18.600000381469727,RHO6.FRK,Roche Holding AG
2012-11-01,604831.744,604831.744,604831.744,604831.744,0.0,16199.994937454798,16.690000534057617,RHO6.FRK,Roche Holding AG
2012-11-02,37.301,37.301,37.2,37.2,400.0,-0.9999384952916757,17.59000015258789,RHO6.FRK,Roche Holding AG
2012-11-05,37.471,37.519,37.44,37.519,148.0,0.008575268817204273,18.420000076293945,RHO6.FRK,Roche Holding AG
2012-11-06,37.427,37.721,37.427,37.721,0.0,0.005383938804339072,17.579999923706055,RHO6.FRK,Roche Holding AG
2012-11-07,37.657,37.657,37.563,37.563,0.0,-0.004188648233079517,19.079999923706055,RHO6.FRK,Roche Holding AG
2012-11-08,37.585,37.585,37.299,37.299,0.0,-0.007028192636371,18.489999771118164,RHO6.FRK,Roche Holding AG
2012-11-09,37.182,37.28,37.182,37.28,0.0,-0.0005093970347730403,18.610000610351562,RHO6.FRK,Roche Holding AG
2012-11-12,37.168,37.168,37.055,37.055,100.0,-0.006035407725321962,16.68000030517578,RHO6.FRK,Roche Holding AG
2012-11-13,37.192,37.342,37.156,37.342,0.0,0.007745243556874781,16.649999618530273,RHO6.FRK,Roche Holding AG
2012-11-14,37.195,37.355,37.195,37.355,0.0,0.00034813346901607645,17.920000076293945,RHO6.FRK,Roche Holding AG
2012-11-15,37.194,37.194,36.71,36.71,300.0,-0.017266764823985925,17.989999771118164,RHO6.FRK,Roche Holding AG
2012-11-16,36.35,36.35,36.303,36.303,0.0,-0.011086897303187238,16.40999984741211,RHO6.FRK,Roche Holding AG
2012-11-19,36.002,36.633,36.002,36.633,0.0,0.009090157838195445,15.239999771118164,RHO6.FRK,Roche Holding AG
2012-11-20,36.691,36.691,36.373,36.373,0.0,-0.007097425818251457,15.079999923706055,RHO6.FRK,Roche Holding AG
2012-11-21,36.583,37.3,36.558,36.7,1080.0,0.008990185027355713,15.3100004196167,RHO6.FRK,Roche Holding AG
2012-11-22,36.521,36.874,36.521,36.874,0.0,0.004741144414168952,,RHO6.FRK,Roche Holding AG
2012-11-23,36.416,37.056,36.416,37.056,0.0,0.004935727070564555,15.140000343322754,RHO6.FRK,Roche Holding AG
2012-11-26,37.173,37.173,36.942,36.942,0.0,-0.003076424870466221,15.5,RHO6.FRK,Roche Holding AG
2012-11-27,37.013,37.013,36.961,36.961,0.0,0.0005143197444641423,15.920000076293945,RHO6.FRK,Roche Holding AG
2012-11-28,37.135,37.277,37.135,37.179,0.0,0.005898108817402159,15.510000228881836,RHO6.FRK,Roche Holding AG
2012-11-29,37.326,37.685,37.1,37.685,3242.0,0.013609833508163138,15.0600004196167,RHO6.FRK,Roche Holding AG
2012-11-30,37.498,37.649,37.498,37.649,0.0,-0.0009552872495688369,15.869999885559082,RHO6.FRK,Roche Holding AG
2012-12-03,37.612,37.612,37.59,37.59,0.0,-0.0015671066960609714,16.639999389648438,RHO6.FRK,Roche Holding AG
2012-12-04,37.386,37.637,37.322,37.403,2460.0,-0.004974727321096162,17.1200008392334,RHO6.FRK,Roche Holding AG
2012-12-05,37.124,37.35,37.124,37.35,0.0,-0.0014169986364729326,16.459999084472656,RHO6.FRK,Roche Holding AG
2012-12-06,37.251,37.726,37.251,37.726,0.0,0.010066934404283634,16.579999923706055,RHO6.FRK,Roche Holding AG
2012-12-07,37.665,38.258,37.665,38.258,0.0,0.014101680538620709,15.899999618530273,RHO6.FRK,Roche Holding AG
2012-12-10,38.23,38.566,38.23,38.566,0.0,0.00805060379528455,16.049999237060547,RHO6.FRK,Roche Holding AG
2012-12-11,38.584,38.962,38.584,38.962,80.0,0.01026811180832854,15.569999694824219,RHO6.FRK,Roche Holding AG
2012-12-12,38.858,39.15,38.733,38.899,1300.0,-0.001616960114983912,15.949999809265137,RHO6.FRK,Roche Holding AG
2012-12-13,38.494,38.494,38.402,38.402,0.0,-0.012776678063703417,16.559999465942383,RHO6.FRK,Roche Holding AG
2012-12-14,38.259,38.329,38.259,38.329,0.0,-0.0019009426592364598,17.0,RHO6.FRK,Roche Holding AG
2012-12-17,38.467,38.59,38.313,38.565,98.0,0.006157217772443824,16.34000015258789,RHO6.FRK,Roche Holding AG
2012-12-18,38.254,38.451,38.254,38.451,0.0,-0.0029560482302605218,15.569999694824219,RHO6.FRK,Roche Holding AG
2012-12-19,38.466,38.782,38.466,38.782,0.0,0.008608358690280982,17.360000610351562,RHO6.FRK,Roche Holding AG
2012-12-20,38.666,38.666,38.152,38.391,728.0,-0.010081996802640325,17.670000076293945,RHO6.FRK,Roche Holding AG
2012-12-21,38.426,38.684,38.217,38.684,300.0,0.0076319970826495,17.84000015258789,RHO6.FRK,Roche Holding AG
2012-12-27,38.622,38.645,38.306,38.306,252.0,-0.009771481749560551,19.469999313354492,RHO6.FRK,Roche Holding AG
2012-12-28,38.379,38.379,38.295,38.295,0.0,-0.0002871612802171075,22.719999313354492,RHO6.FRK,Roche Holding AG
2013-01-02,37.876,38.674,37.876,38.674,48.0,0.009896853375114256,14.680000305175781,RHO6.FRK,Roche Holding AG
2013-01-03,38.874,38.936,38.874,38.936,0.0,0.0067745772353520195,14.5600004196167,RHO6.FRK,Roche Holding AG
2013-01-04,39.15,39.15,39.066,39.066,0.0,0.0033388124101090266,13.829999923706055,RHO6.FRK,Roche Holding AG
2013-01-07,39.72,39.72,39.008,39.13,492.0,0.0016382532125120974,13.789999961853027,RHO6.FRK,Roche Holding AG
2013-01-08,39.119,39.693,39.119,39.693,250.0,0.014387937643751458,13.619999885559082,RHO6.FRK,Roche Holding AG
2013-01-09,39.533,39.872,39.533,39.62,160.0,-0.0018391152092308571,13.8100004196167,RHO6.FRK,Roche Holding AG
2013-01-10,39.903,39.903,39.647,39.647,0.0,0.0006814740030287592,13.489999771118164,RHO6.FRK,Roche Holding AG
2013-01-11,39.737,39.878,39.737,39.878,0.0,0.00582641814008622,13.359999656677246,RHO6.FRK,Roche Holding AG
2013-01-14,39.96,39.96,39.691,39.691,600.0,-0.0046893023722353044,13.520000457763672,RHO6.FRK,Roche Holding AG
2013-01-15,39.627,39.821,39.606,39.821,1020.0,0.003275301705676137,13.550000190734863,RHO6.FRK,Roche Holding AG
2013-01-16,39.746,39.804,39.746,39.747,160.0,-0.0018583159639385949,13.420000076293945,RHO6.FRK,Roche Holding AG
2013-01-17,39.668,40.097,39.668,40.097,0.0,0.008805696027373244,13.569999694824219,RHO6.FRK,Roche Holding AG
2013-01-18,40.323,40.323,40.011,40.011,0.0,-0.0021447988627577574,12.460000038146973,RHO6.FRK,Roche Holding AG
2013-01-21,39.9,39.933,39.868,39.933,70.0,-0.0019494638974282275,,RHO6.FRK,Roche Holding AG
2013-01-22,39.745,40.038,39.745,40.038,1500.0,0.002629404252122214,12.430000305175781,RHO6.FRK,Roche Holding AG
2013-01-23,39.896,40.413,39.896,40.413,0.0,0.009366102202907234,12.460000038146973,RHO6.FRK,Roche Holding AG
2013-01-24,40.601,41.25,40.601,41.1,2060.0,0.016999480365229136,12.6899995803833,RHO6.FRK,Roche Holding AG
2013-01-25,41.04,41.04,40.608,40.608,0.0,-0.01197080291970809,12.890000343322754,RHO6.FRK,Roche Holding AG
2013-01-28,40.744,40.744,40.542,40.569,0.0,-0.0009604018912527934,13.569999694824219,RHO6.FRK,Roche Holding AG
2013-01-29,40.54,40.774,40.54,40.774,0.0,0.005053119376864146,13.3100004196167,RHO6.FRK,Roche Holding AG
2013-01-30,40.585,40.585,39.68,39.88,1050.0,-0.021925736989257816,14.319999694824219,RHO6.FRK,Roche Holding AG
2013-01-31,39.88,40.75,39.88,40.75,0.0,0.021815446339016997,14.279999732971191,RHO6.FRK,Roche Holding AG
2013-02-01,40.75,41.048,40.75,40.91,556.0,0.003926380368098004,12.899999618530273,RHO6.FRK,Roche Holding AG
2013-02-04,40.479,40.732,40.479,40.579,0.0,-0.008090931312637384,14.670000076293945,RHO6.FRK,Roche Holding AG
2013-02-05,41.063,41.365,41.063,41.107,400.0,0.013011656275413452,13.720000267028809,RHO6.FRK,Roche Holding AG
2013-02-06,40.903,41.19,40.526,40.526,130.0,-0.014133845817014046,13.40999984741211,RHO6.FRK,Roche Holding AG
2013-02-07,40.781,40.781,40.181,40.181,236.0,-0.008513053348467747,13.5,RHO6.FRK,Roche Holding AG
2013-02-08,39.994,41.066,39.994,41.066,40.0,0.022025335357507503,13.020000457763672,RHO6.FRK,Roche Holding AG
2013-02-11,40.946,41.224,40.803,40.803,250.0,-0.006404324745531764,12.9399995803833,RHO6.FRK,Roche Holding AG
2013-02-12,40.696,40.913,40.696,40.807,0.0,9.803200745062135e-05,12.640000343322754,RHO6.FRK,Roche Holding AG
2013-02-13,40.793,41.161,40.793,41.161,0.0,0.008674982233440431,12.979999542236328,RHO6.FRK,Roche Holding AG
2013-02-14,41.243,41.564,41.243,41.564,0.0,0.00979082140861487,12.65999984741211,RHO6.FRK,Roche Holding AG
2013-02-15,41.492,41.709,41.492,41.692,0.0,0.0030795881050909024,12.460000038146973,RHO6.FRK,Roche Holding AG
2013-02-18,41.581,41.642,41.581,41.642,48.0,-0.0011992708433271604,,RHO6.FRK,Roche Holding AG
2013-02-19,41.829,42.497,41.829,42.497,0.0,0.020532155035781097,12.3100004196167,RHO6.FRK,Roche Holding AG
2013-02-20,42.537,43.115,42.537,43.115,0.0,0.014542202979033858,14.680000305175781,RHO6.FRK,Roche Holding AG
2013-02-21,43.2,43.2,42.386,42.502,0.0,-0.014217789632378519,15.220000267028809,RHO6.FRK,Roche Holding AG
2013-02-22,42.371,42.794,42.371,42.794,0.0,0.006870264928709124,14.170000076293945,RHO6.FRK,Roche Holding AG
2013-02-25,43.005,43.711,43.005,43.711,200.0,0.02142823760340229,18.989999771118164,RHO6.FRK,Roche Holding AG
2013-02-26,44.132,44.132,43.477,43.477,30.0,-0.005353343551966372,16.8700008392334,RHO6.FRK,Roche Holding AG
2013-02-27,43.32,43.34,43.287,43.287,0.0,-0.004370126733675206,14.729999542236328,RHO6.FRK,Roche Holding AG
2013-02-28,43.19,43.946,43.19,43.946,92.0,0.015223970245108243,15.510000228881836,RHO6.FRK,Roche Holding AG
2013-03-01,43.681,43.798,43.656,43.798,0.0,-0.0033677695353386827,15.359999656677246,RHO6.FRK,Roche Holding AG
2013-03-04,43.656,44.039,43.656,44.039,90.0,0.005502534362299638,14.010000228881836,RHO6.FRK,Roche Holding AG
2013-03-05,43.661,44.348,43.661,44.348,0.0,0.007016508095097462,13.479999542236328,RHO6.FRK,Roche Holding AG
2013-03-06,44.227,44.764,44.163,44.163,264.0,-0.004171552268422474,13.529999732971191,RHO6.FRK,Roche Holding AG
2013-03-07,43.0,43.57,43.0,43.57,300.0,-0.013427529832665264,13.0600004196167,RHO6.FRK,Roche Holding AG
2013-03-08,43.099,43.515,42.75,42.879,3180.0,-0.015859536378242,12.59000015258789,RHO6.FRK,Roche Holding AG
2013-03-11,42.746,42.937,42.639,42.937,0.0,0.0013526434851558466,11.5600004196167,RHO6.FRK,Roche Holding AG
2013-03-12,43.018,43.355,43.018,43.355,0.0,0.00973519342292195,12.270000457763672,RHO6.FRK,Roche Holding AG
2013-03-13,43.376,43.376,43.069,43.069,0.0,-0.006596701649175252,11.829999923706055,RHO6.FRK,Roche Holding AG
2013-03-14,42.931,43.261,42.931,43.261,92.0,0.004457962803872784,11.300000190734863,RHO6.FRK,Roche Holding AG
2013-03-15,43.366,44.039,43.366,44.039,100.0,0.017983865375280184,11.300000190734863,RHO6.FRK,Roche Holding AG
2013-03-18,44.217,44.217,44.053,44.095,486.0,0.0012716001725743276,13.359999656677246,RHO6.FRK,Roche Holding AG
2013-03-19,43.966,44.528,43.966,44.528,390.0,0.0098197074498243,14.390000343322754,RHO6.FRK,Roche Holding AG
2013-03-20,44.411,45.096,44.411,45.096,180.0,0.012756018684872306,12.670000076293945,RHO6.FRK,Roche Holding AG
2013-03-21,44.738,44.738,44.129,44.486,140.0,-0.013526698598545273,13.989999771118164,RHO6.FRK,Roche Holding AG
2013-03-22,44.21,44.264,44.145,44.264,0.0,-0.004990334037674682,13.569999694824219,RHO6.FRK,Roche Holding AG
2013-03-25,44.255,44.818,44.255,44.795,300.0,0.011996204590637882,13.739999771118164,RHO6.FRK,Roche Holding AG
2013-03-26,44.637,44.933,44.637,44.838,150.0,0.0009599285634558363,12.770000457763672,RHO6.FRK,Roche Holding AG
2013-03-27,44.887,44.887,44.633,44.633,0.0,-0.004572014808867486,13.149999618530273,RHO6.FRK,Roche Holding AG
2013-03-28,44.827,45.597,44.827,45.597,280.0,0.021598368919857558,12.699999809265137,RHO6.FRK,Roche Holding AG
2013-04-02,45.241,45.853,45.241,45.853,0.0,0.005614404456433464,12.779999732971191,RHO6.FRK,Roche Holding AG
2013-04-03,45.734,46.4,45.734,46.4,0.0,0.011929426646020813,14.210000038146973,RHO6.FRK,Roche Holding AG
2013-04-04,46.067,46.067,45.383,45.383,0.0,-0.021918103448275827,13.890000343322754,RHO6.FRK,Roche Holding AG
2013-04-05,45.398,45.7,44.828,44.828,46.0,-0.012229248837670514,13.920000076293945,RHO6.FRK,Roche Holding AG
2013-04-08,45.134,45.95,45.134,45.665,1500.0,0.018671366110466492,13.1899995803833,RHO6.FRK,Roche Holding AG
2013-04-09,45.807,45.807,45.458,45.458,0.0,-0.004533012153728255,12.84000015258789,RHO6.FRK,Roche Holding AG
2013-04-10,45.368,46.504,45.368,46.504,508.0,0.023010251220907163,12.359999656677246,RHO6.FRK,Roche Holding AG
2013-04-11,46.082,46.147,46.041,46.147,0.0,-0.007676758988474086,12.239999771118164,RHO6.FRK,Roche Holding AG
2013-04-12,46.239,46.239,46.239,46.239,0.0,0.0019936290549764646,12.0600004196167,RHO6.FRK,Roche Holding AG
2013-04-15,46.042,47.239,46.042,47.239,200.0,0.02162676528471641,17.270000457763672,RHO6.FRK,Roche Holding AG
2013-04-16,47.349,47.349,47.305,47.305,0.0,0.0013971506594128158,13.960000038146973,RHO6.FRK,Roche Holding AG
2013-04-17,46.756,46.756,46.075,46.075,130.0,-0.02600147975901057,16.510000228881836,RHO6.FRK,Roche Holding AG
2013-04-18,45.935,46.676,45.935,46.676,0.0,0.013043950081389033,17.559999465942383,RHO6.FRK,Roche Holding AG
2013-04-19,46.46,46.808,46.329,46.645,126.0,-0.0006641528837089128,14.970000267028809,RHO6.FRK,Roche Holding AG
2013-04-22,46.543,46.646,46.202,46.202,0.0,-0.009497266588058828,14.390000343322754,RHO6.FRK,Roche Holding AG
2013-04-23,46.015,46.804,46.015,46.804,0.0,0.013029738972338833,13.479999542236328,RHO6.FRK,Roche Holding AG
2013-04-24,46.677,47.0,46.677,47.0,182.0,0.004187676266985685,13.609999656677246,RHO6.FRK,Roche Holding AG
2013-04-25,46.81,46.888,46.466,46.867,130.0,-0.002829787234042591,13.619999885559082,RHO6.FRK,Roche Holding AG
2013-04-26,47.293,47.439,47.216,47.316,280.0,0.009580301704824379,13.609999656677246,RHO6.FRK,Roche Holding AG
2013-04-29,47.308,47.634,47.028,47.468,544.0,0.0032124439935752314,13.710000038146973,RHO6.FRK,Roche Holding AG
2013-04-30,47.501,47.501,47.284,47.284,0.0,-0.003876295609673952,13.520000457763672,RHO6.FRK,Roche Holding AG
2013-05-02,47.658,47.658,47.393,47.521,200.0,0.005012266305727042,13.59000015258789,RHO6.FRK,Roche Holding AG
2013-05-03,47.55,47.926,47.55,47.926,140.0,0.008522547926180124,12.850000381469727,RHO6.FRK,Roche Holding AG
2013-05-06,47.973,47.973,47.368,47.546,496.0,-0.00792889037265787,12.65999984741211,RHO6.FRK,Roche Holding AG
2013-05-07,47.434,47.552,47.362,47.362,120.0,-0.0038699364825641736,12.829999923706055,RHO6.FRK,Roche Holding AG
2013-05-08,47.396,48.446,47.396,48.446,0.0,0.0228875469785903,12.65999984741211,RHO6.FRK,Roche Holding AG
2013-05-09,48.385,48.651,48.385,48.408,110.0,-0.000784378483259629,13.130000114440918,RHO6.FRK,Roche Holding AG
2013-05-10,48.12,48.707,48.12,48.707,600.0,0.0061766650140473445,12.59000015258789,RHO6.FRK,Roche Holding AG
2013-05-13,48.681,48.896,48.681,48.826,40.0,0.002443180651651611,12.550000190734863,RHO6.FRK,Roche Holding AG
2013-05-14,48.708,48.858,48.667,48.858,82.0,0.0006553885225084599,12.770000457763672,RHO6.FRK,Roche Holding AG
2013-05-15,48.715,49.181,48.715,49.181,0.0,0.006610995128740527,12.8100004196167,RHO6.FRK,Roche Holding AG
2013-05-16,49.648,49.711,49.26,49.26,200.0,0.0016063113804112295,13.069999694824219,RHO6.FRK,Roche Holding AG
2013-05-17,49.282,49.367,48.768,48.934,902.0,-0.00661794559480311,12.449999809265137,RHO6.FRK,Roche Holding AG
2013-05-20,49.385,49.385,49.385,49.385,0.0,0.009216495688069593,13.020000457763672,RHO6.FRK,Roche Holding AG
2013-05-21,49.359,50.194,49.359,50.194,40.0,0.016381492355978633,13.369999885559082,RHO6.FRK,Roche Holding AG
2013-05-22,49.932,50.906,49.932,50.906,280.0,0.014184962346097008,13.819999694824219,RHO6.FRK,Roche Holding AG
2013-05-23,51.429,51.429,50.13,50.13,680.0,-0.015243782658232785,14.069999694824219,RHO6.FRK,Roche Holding AG
2013-05-24,49.957,50.964,49.957,50.918,140.0,0.015719130261320435,13.989999771118164,RHO6.FRK,Roche Holding AG
2013-05-27,50.701,51.229,50.6,50.798,280.0,-0.0023567304293177216,,RHO6.FRK,Roche Holding AG
2013-05-28,50.72,50.72,50.42,50.478,10.0,-0.006299460608685359,14.479999542236328,RHO6.FRK,Roche Holding AG
2013-05-29,50.191,50.191,48.85,48.85,80.0,-0.03225167399659257,14.829999923706055,RHO6.FRK,Roche Holding AG
2013-05-30,49.05,49.55,48.243,48.805,3580.0,-0.0009211873080859911,14.529999732971191,RHO6.FRK,Roche Holding AG
2013-05-31,48.551,48.551,48.032,48.032,600.0,-0.015838541133080697,16.299999237060547,RHO6.FRK,Roche Holding AG
2013-06-03,47.932,47.932,45.79,46.112,320.0,-0.03997335109926703,16.280000686645508,RHO6.FRK,Roche Holding AG
2013-06-04,46.311,46.99,46.13,46.729,140.0,0.013380464954892313,16.270000457763672,RHO6.FRK,Roche Holding AG
2013-06-05,46.706,47.04,46.706,46.78,160.0,0.0010913993451604487,17.5,RHO6.FRK,Roche Holding AG
2013-06-06,46.467,46.467,45.533,45.533,76.0,-0.026656690893544277,16.6299991607666,RHO6.FRK,Roche Holding AG
2013-06-07,45.556,46.862,45.556,46.862,20.0,0.029187622164144722,15.140000343322754,RHO6.FRK,Roche Holding AG
2013-06-10,46.662,47.276,46.662,46.813,158.0,-0.0010456233195339504,15.4399995803833,RHO6.FRK,Roche Holding AG
2013-06-11,46.946,46.946,46.323,46.323,182.0,-0.010467177920663095,17.06999969482422,RHO6.FRK,Roche Holding AG
2013-06-12,46.458,46.757,46.23,46.757,1040.0,0.009368995963128457,18.59000015258789,RHO6.FRK,Roche Holding AG
2013-06-13,46.836,46.836,46.398,46.398,218.0,-0.0076779947387556335,16.40999984741211,RHO6.FRK,Roche Holding AG
2013-06-14,46.171,46.224,46.171,46.224,836.0,-0.0037501616448986086,17.149999618530273,RHO6.FRK,Roche Holding AG
2013-06-17,45.939,46.82,45.939,46.735,202.0,0.011054863274489568,16.799999237060547,RHO6.FRK,Roche Holding AG
2013-06-18,46.723,46.723,46.393,46.393,100.0,-0.007317855996576417,16.610000610351562,RHO6.FRK,Roche Holding AG
2013-06-19,46.302,46.605,46.302,46.605,0.0,0.00456965490483463,16.639999389648438,RHO6.FRK,Roche Holding AG
2013-06-20,46.598,46.598,45.187,45.187,44.0,-0.0304259199656689,20.489999771118164,RHO6.FRK,Roche Holding AG
2013-06-21,45.143,45.143,45.086,45.086,0.0,-0.00223515612897518,18.899999618530273,RHO6.FRK,Roche Holding AG
2013-06-24,44.685,44.685,43.879,43.879,20.0,-0.02677105975247307,20.110000610351562,RHO6.FRK,Roche Holding AG
2013-06-25,43.569,44.525,43.569,44.525,650.0,0.014722304519246165,18.469999313354492,RHO6.FRK,Roche Holding AG
2013-06-26,44.533,46.569,43.966,46.569,20.0,0.045906793935991175,17.209999084472656,RHO6.FRK,Roche Holding AG
2013-06-27,46.303,48.158,46.303,48.158,462.0,0.03412141123923629,16.860000610351562,RHO6.FRK,Roche Holding AG
2013-06-28,47.625,47.66,47.625,47.66,0.0,-0.010340961003364013,16.860000610351562,RHO6.FRK,Roche Holding AG
2013-07-01,47.616,48.359,47.4,47.558,728.0,-0.0021401594628618348,16.3700008392334,RHO6.FRK,Roche Holding AG
2013-07-02,47.327,47.826,47.327,47.826,200.0,0.005635224357626534,16.440000534057617,RHO6.FRK,Roche Holding AG
2013-07-03,47.643,47.803,47.332,47.803,0.0,-0.0004809099652909321,16.200000762939453,RHO6.FRK,Roche Holding AG
2013-07-04,47.578,48.4,47.578,48.4,40.0,0.012488755935819995,,RHO6.FRK,Roche Holding AG
2013-07-05,48.44,48.44,48.401,48.401,0.0,2.066115702481497e-05,14.890000343322754,RHO6.FRK,Roche Holding AG
2013-07-08,47.948,48.45,47.948,48.45,0.0,0.0010123757773599085,14.779999732971191,RHO6.FRK,Roche Holding AG
2013-07-09,48.284,48.73,48.284,48.73,0.0,0.00577915376676974,14.350000381469727,RHO6.FRK,Roche Holding AG
2013-07-10,48.886,48.946,48.886,48.946,0.0,0.004432587728298909,14.210000038146973,RHO6.FRK,Roche Holding AG
2013-07-11,49.158,49.468,49.158,49.203,160.0,0.005250684427736685,14.010000228881836,RHO6.FRK,Roche Holding AG
2013-07-12,48.77,49.353,48.77,49.353,0.0,0.0030485945978904194,13.84000015258789,RHO6.FRK,Roche Holding AG
2013-07-15,49.394,49.394,48.901,48.901,88.0,-0.009158511134074843,13.789999961853027,RHO6.FRK,Roche Holding AG
2013-07-16,48.69,48.69,48.195,48.286,200.0,-0.012576429929858302,14.420000076293945,RHO6.FRK,Roche Holding AG
2013-07-17,47.858,47.858,47.858,47.858,0.0,-0.00886385287661029,13.779999732971191,RHO6.FRK,Roche Holding AG
2013-07-18,47.602,47.832,47.602,47.832,400.0,-0.000543273851811521,13.770000457763672,RHO6.FRK,Roche Holding AG
2013-07-19,47.437,47.437,46.685,46.866,600.0,-0.020195684897139965,12.539999961853027,RHO6.FRK,Roche Holding AG
2013-07-22,47.305,47.305,46.7,47.128,2640.0,0.005590406691418082,12.289999961853027,RHO6.FRK,Roche Holding AG
2013-07-23,47.055,47.055,46.63,46.63,240.0,-0.010566966559158009,12.65999984741211,RHO6.FRK,Roche Holding AG
2013-07-24,47.38,47.38,47.38,47.38,40.0,0.01608406605189794,13.180000305175781,RHO6.FRK,Roche Holding AG
2013-07-25,47.639,47.99,47.639,47.765,10.0,0.008125791473195365,12.970000267028809,RHO6.FRK,Roche Holding AG
2013-07-26,47.448,47.448,46.984,46.984,0.0,-0.016350884538888333,12.720000267028809,RHO6.FRK,Roche Holding AG
2013-07-29,47.14,47.28,47.14,47.28,100.0,0.006300017027073057,13.390000343322754,RHO6.FRK,Roche Holding AG
2013-07-30,47.125,47.125,46.917,47.057,1260.0,-0.004716582064297814,13.390000343322754,RHO6.FRK,Roche Holding AG
2013-07-31,46.928,46.928,46.0,46.0,900.0,-0.022462120407165775,13.449999809265137,RHO6.FRK,Roche Holding AG
2013-08-01,45.874,46.489,45.874,46.489,210.0,0.010630434782608722,12.9399995803833,RHO6.FRK,Roche Holding AG
2013-08-02,46.362,46.362,46.362,46.362,0.0,-0.0027318290348253838,11.979999542236328,RHO6.FRK,Roche Holding AG
2013-08-05,46.362,46.675,46.362,46.675,40.0,0.0067512186704628,11.84000015258789,RHO6.FRK,Roche Holding AG
2013-08-06,46.547,47.08,46.547,47.05,0.0,0.008034279592929794,12.720000267028809,RHO6.FRK,Roche Holding AG
2013-08-07,47.05,47.05,47.05,47.05,0.0,0.0,12.979999542236328,RHO6.FRK,Roche Holding AG
2013-08-08,47.05,47.05,47.05,47.05,0.0,0.0,12.729999542236328,RHO6.FRK,Roche Holding AG
2013-08-09,47.05,47.544,47.05,47.544,600.0,0.01049946865037188,13.40999984741211,RHO6.FRK,Roche Holding AG
2013-08-12,47.544,48.571,47.544,48.571,80.0,0.021601043244152907,12.8100004196167,RHO6.FRK,Roche Holding AG
2013-08-13,48.438,48.583,48.438,48.583,40.0,0.00024706100347948734,12.3100004196167,RHO6.FRK,Roche Holding AG
2013-08-14,48.45,48.45,48.45,48.45,0.0,-0.0027375831052013355,13.039999961853027,RHO6.FRK,Roche Holding AG
2013-08-15,48.45,48.45,47.723,47.723,0.0,-0.015005159958720427,14.729999542236328,RHO6.FRK,Roche Holding AG
2013-08-16,47.723,47.723,47.577,47.648,10.0,-0.0015715692642959134,14.369999885559082,RHO6.FRK,Roche Holding AG
2013-08-19,47.517,48.209,47.517,48.209,0.0,0.011773841504365334,15.100000381469727,RHO6.FRK,Roche Holding AG
2013-08-20,48.209,48.756,48.209,48.756,2.0,0.011346429090003829,14.90999984741211,RHO6.FRK,Roche Holding AG
2013-08-21,48.622,48.622,48.203,48.203,42.0,-0.011342193781278098,15.9399995803833,RHO6.FRK,Roche Holding AG
2013-08-22,48.203,48.533,48.203,48.533,120.0,0.006846046926539895,14.760000228881836,RHO6.FRK,Roche Holding AG
2013-08-23,48.429,48.429,48.429,48.429,0.0,-0.002142871860383644,13.979999542236328,RHO6.FRK,Roche Holding AG
2013-08-26,48.429,48.864,48.429,48.864,0.0,0.008982221396270695,14.989999771118164,RHO6.FRK,Roche Holding AG
2013-08-27,48.864,48.864,48.864,48.864,0.0,0.0,16.770000457763672,RHO6.FRK,Roche Holding AG
2013-08-28,48.864,48.864,47.709,47.709,0.0,-0.02363703339882106,16.489999771118164,RHO6.FRK,Roche Holding AG
2013-08-29,47.709,47.85,47.709,47.85,44.0,0.0029554172168773096,16.809999465942383,RHO6.FRK,Roche Holding AG
2013-08-30,47.719,47.719,47.719,47.719,0.0,-0.002737722048066882,17.010000228881836,RHO6.FRK,Roche Holding AG
2013-09-02,47.719,47.719,47.719,47.719,0.0,0.0,,RHO6.FRK,Roche Holding AG
2013-09-03,47.719,47.719,47.54,47.54,0.0,-0.0037511263857163968,16.610000610351562,RHO6.FRK,Roche Holding AG
2013-09-04,47.206,47.391,47.206,47.391,60.0,-0.0031342027766091407,15.880000114440918,RHO6.FRK,Roche Holding AG
2013-09-05,47.455,47.455,46.97,46.97,0.0,-0.008883543288810136,15.770000457763672,RHO6.FRK,Roche Holding AG
2013-09-06,47.225,47.281,47.224,47.224,124.0,0.005407707047051291,15.850000381469727,RHO6.FRK,Roche Holding AG
2013-09-09,47.445,47.445,47.182,47.419,2.0,0.004129256310350771,15.630000114440918,RHO6.FRK,Roche Holding AG
2013-09-10,47.491,47.937,47.491,47.937,274.0,0.010923891267213603,14.529999732971191,RHO6.FRK,Roche Holding AG
2013-09-11,47.755,48.25,47.755,48.25,104.0,0.006529403175000503,13.819999694824219,RHO6.FRK,Roche Holding AG
2013-09-12,48.106,48.106,48.064,48.1,84.0,-0.0031088082901553626,14.289999961853027,RHO6.FRK,Roche Holding AG
2013-09-13,47.936,47.936,47.751,47.8,284.0,-0.006237006237006293,14.15999984741211,RHO6.FRK,Roche Holding AG
2013-09-16,47.824,48.103,47.623,47.623,242.0,-0.0037029288702928875,14.380000114440918,RHO6.FRK,Roche Holding AG
2013-09-17,47.569,47.569,47.425,47.425,0.0,-0.004157654914642039,14.529999732971191,RHO6.FRK,Roche Holding AG
2013-09-18,47.471,47.69,47.471,47.69,0.0,0.005587770163415939,13.59000015258789,RHO6.FRK,Roche Holding AG
2013-09-19,48.045,48.56,48.045,48.559,70.0,0.01822184944432803,13.15999984741211,RHO6.FRK,Roche Holding AG
2013-09-20,48.516,49.2,48.516,49.2,0.0,0.013200436582301966,13.119999885559082,RHO6.FRK,Roche Holding AG
2013-09-23,48.985,49.132,48.985,49.132,50.0,-0.0013821138211382866,14.3100004196167,RHO6.FRK,Roche Holding AG
2013-09-24,48.704,49.22,48.704,48.96,820.0,-0.003500773426687198,14.079999923706055,RHO6.FRK,Roche Holding AG
2013-09-25,48.595,48.595,48.595,48.595,0.0,-0.007455065359477153,14.010000228881836,RHO6.FRK,Roche Holding AG
2013-09-26,48.84,49.332,48.84,49.304,110.0,0.014589978392838931,14.0600004196167,RHO6.FRK,Roche Holding AG
2013-09-27,49.424,49.424,49.424,49.424,0.0,0.0024338796040888067,15.460000038146973,RHO6.FRK,Roche Holding AG
2013-09-30,49.802,49.876,49.434,49.876,262.0,0.009145354483651724,16.600000381469727,RHO6.FRK,Roche Holding AG
2013-10-01,49.785,50.13,49.785,50.13,120.0,0.005092629721709985,15.539999961853027,RHO6.FRK,Roche Holding AG
2013-10-02,50.0,50.014,49.343,49.343,290.0,-0.015699182126471145,16.600000381469727,RHO6.FRK,Roche Holding AG
2013-10-03,49.161,49.2,49.161,49.2,226.0,-0.0028980807814684706,17.670000076293945,RHO6.FRK,Roche Holding AG
2013-10-04,49.164,49.164,48.4,48.6,0.0,-0.012195121951219523,16.739999771118164,RHO6.FRK,Roche Holding AG
2013-10-07,48.643,48.643,48.643,48.643,0.0,0.0008847736625514635,19.40999984741211,RHO6.FRK,Roche Holding AG
2013-10-08,48.344,48.344,47.9,47.9,0.0,-0.015274551322903673,20.34000015258789,RHO6.FRK,Roche Holding AG
2013-10-09,47.841,47.841,47.509,47.509,64.0,-0.008162839248434195,19.600000381469727,RHO6.FRK,Roche Holding AG
2013-10-10,47.0,47.765,47.0,47.716,40.0,0.004357069186890827,16.479999542236328,RHO6.FRK,Roche Holding AG
2013-10-11,48.25,48.38,48.1,48.38,440.0,0.01391566770056163,15.720000267028809,RHO6.FRK,Roche Holding AG
2013-10-14,48.312,48.421,48.311,48.421,220.0,0.0008474576271186862,16.06999969482422,RHO6.FRK,Roche Holding AG
2013-10-15,48.494,49.05,48.494,49.05,0.0,0.01299023151112122,18.65999984741211,RHO6.FRK,Roche Holding AG
2013-10-16,49.075,49.7,48.947,49.7,196.0,0.013251783893985847,14.710000038146973,RHO6.FRK,Roche Holding AG
2013-10-17,49.62,49.62,49.62,49.62,0.0,-0.0016096579476861939,13.479999542236328,RHO6.FRK,Roche Holding AG
2013-10-18,49.391,49.391,49.201,49.201,200.0,-0.00844417573559042,13.039999961853027,RHO6.FRK,Roche Holding AG
2013-10-21,49.1,49.1,48.912,48.912,36.0,-0.0058738643523505996,13.15999984741211,RHO6.FRK,Roche Holding AG
2013-10-22,49.146,49.76,49.146,49.76,0.0,0.017337258750408813,13.329999923706055,RHO6.FRK,Roche Holding AG
2013-10-23,49.859,50.301,49.859,50.301,1200.0,0.01087218649517685,13.420000076293945,RHO6.FRK,Roche Holding AG
2013-10-24,50.205,50.439,50.205,50.439,0.0,0.00274348422496562,13.199999809265137,RHO6.FRK,Roche Holding AG
2013-10-25,50.298,50.298,50.298,50.298,0.0,-0.0027954558972222987,13.09000015258789,RHO6.FRK,Roche Holding AG
2013-10-28,50.315,50.396,50.315,50.396,200.0,0.0019483876098453923,13.3100004196167,RHO6.FRK,Roche Holding AG
2013-10-29,50.447,50.447,50.434,50.434,80.0,0.0007540280974680513,13.40999984741211,RHO6.FRK,Roche Holding AG
2013-10-30,50.438,50.91,50.438,50.91,120.0,0.009438077487409213,13.649999618530273,RHO6.FRK,Roche Holding AG
2013-10-31,50.656,50.656,50.656,50.656,0.0,-0.004989196621488889,13.75,RHO6.FRK,Roche Holding AG
2013-11-01,50.958,51.44,50.958,51.44,78.0,0.015476942514213388,13.279999732971191,RHO6.FRK,Roche Holding AG
2013-11-04,51.179,51.68,51.179,51.259,790.0,-0.0035186625194401078,12.930000305175781,RHO6.FRK,Roche Holding AG
2013-11-05,51.265,51.283,50.948,51.068,220.0,-0.003726174915624658,13.270000457763672,RHO6.FRK,Roche Holding AG
2013-11-06,50.85,51.261,50.85,51.201,200.0,0.002604370643064291,12.670000076293945,RHO6.FRK,Roche Holding AG
2013-11-07,51.053,51.153,50.796,51.076,640.0,-0.0024413585672155014,13.90999984741211,RHO6.FRK,Roche Holding AG
2013-11-08,50.921,51.135,50.671,51.135,356.0,0.0011551413579762304,12.899999618530273,RHO6.FRK,Roche Holding AG
2013-11-11,50.964,51.353,50.964,51.075,400.0,-0.0011733646230565054,12.529999732971191,RHO6.FRK,Roche Holding AG
2013-11-12,51.055,51.112,51.055,51.1,100.0,0.0004894762604013003,12.819999694824219,RHO6.FRK,Roche Holding AG
2013-11-13,51.096,51.23,51.001,51.001,700.0,-0.0019373776908023776,12.520000457763672,RHO6.FRK,Roche Holding AG
2013-11-14,51.016,51.512,51.016,51.3,2.0,0.005862630144507053,12.369999885559082,RHO6.FRK,Roche Holding AG
2013-11-15,51.411,51.649,51.411,51.649,50.0,0.006803118908382144,12.1899995803833,RHO6.FRK,Roche Holding AG
2013-11-18,51.72,51.99,51.588,51.99,202.0,0.006602257546128643,13.100000381469727,RHO6.FRK,Roche Holding AG
2013-11-19,52.009,52.009,51.661,51.781,378.0,-0.004020003846893716,13.390000343322754,RHO6.FRK,Roche Holding AG
2013-11-20,51.388,51.388,51.253,51.253,0.0,-0.01019679032849885,13.399999618530273,RHO6.FRK,Roche Holding AG
2013-11-21,51.349,51.523,51.349,51.523,0.0,0.005267984313113372,12.65999984741211,RHO6.FRK,Roche Holding AG
2013-11-22,51.445,51.767,51.445,51.767,536.0,0.004735749082933838,12.260000228881836,RHO6.FRK,Roche Holding AG
2013-11-25,51.43,51.95,51.43,51.55,520.0,-0.004191859678946197,12.789999961853027,RHO6.FRK,Roche Holding AG
2013-11-26,51.352,51.352,51.352,51.352,8.0,-0.0038409311348205355,12.8100004196167,RHO6.FRK,Roche Holding AG
2013-11-27,51.224,51.224,51.125,51.125,84.0,-0.004420470478267546,12.979999542236328,RHO6.FRK,Roche Holding AG
2013-11-28,51.181,51.301,51.181,51.301,36.0,0.0034425427872861736,,RHO6.FRK,Roche Holding AG
2013-11-29,51.073,51.073,51.073,51.073,0.0,-0.004444357809789357,13.699999809265137,RHO6.FRK,Roche Holding AG
2013-12-02,51.218,51.41,51.218,51.41,310.0,0.006598398370959213,14.229999542236328,RHO6.FRK,Roche Holding AG
2013-12-03,51.553,51.553,50.72,50.72,158.0,-0.013421513324255896,14.550000190734863,RHO6.FRK,Roche Holding AG
2013-12-04,50.473,50.473,49.5,49.7,200.0,-0.0201104100946371,14.699999809265137,RHO6.FRK,Roche Holding AG
2013-12-05,49.78,49.78,49.78,49.78,0.0,0.0016096579476860828,15.079999923706055,RHO6.FRK,Roche Holding AG
2013-12-06,49.865,49.865,49.865,49.865,0.0,0.0017075130574528696,13.789999961853027,RHO6.FRK,Roche Holding AG
2013-12-09,50.221,50.221,49.6,49.6,0.0,-0.005314348741602304,13.489999771118164,RHO6.FRK,Roche Holding AG
2013-12-10,49.547,49.547,49.0,49.0,0.0,-0.012096774193548376,13.90999984741211,RHO6.FRK,Roche Holding AG
2013-12-11,48.809,49.263,48.73,48.73,550.0,-0.005510204081632719,15.420000076293945,RHO6.FRK,Roche Holding AG
2013-12-12,48.79,48.79,48.16,48.16,600.0,-0.011697106505232924,15.539999961853027,RHO6.FRK,Roche Holding AG
2013-12-13,48.163,48.163,47.827,47.9,200.0,-0.005398671096345509,15.760000228881836,RHO6.FRK,Roche Holding AG
2013-12-16,47.852,48.3,47.852,48.3,200.0,0.008350730688935215,16.030000686645508,RHO6.FRK,Roche Holding AG
2013-12-17,48.036,48.036,48.036,48.036,0.0,-0.005465838509316701,16.209999084472656,RHO6.FRK,Roche Holding AG
2013-12-18,47.755,48.47,47.755,48.47,160.0,0.00903489049879247,13.800000190734863,RHO6.FRK,Roche Holding AG
2013-12-19,48.261,49.1,48.261,49.1,1200.0,0.012997730554982434,14.149999618530273,RHO6.FRK,Roche Holding AG
2013-12-20,49.199,49.7,49.199,49.7,0.0,0.012219959266802416,13.789999961853027,RHO6.FRK,Roche Holding AG
2013-12-23,49.665,49.665,49.665,49.665,240.0,-0.0007042253521127861,13.039999961853027,RHO6.FRK,Roche Holding AG
2013-12-27,49.688,51.01,49.688,51.01,976.0,0.027081445686096828,12.460000038146973,RHO6.FRK,Roche Holding AG
2013-12-30,50.714,50.714,50.714,50.714,0.0,-0.005802783767888675,13.5600004196167,RHO6.FRK,Roche Holding AG
2014-01-02,50.661,50.661,50.0,50.0,0.0,-0.014078952557479152,14.229999542236328,RHO6.FRK,Roche Holding AG
2014-01-03,50.0,50.9,50.0,50.9,600.0,0.018000000000000016,13.760000228881836,RHO6.FRK,Roche Holding AG
2014-01-06,50.9,51.251,50.9,51.251,180.0,0.006895874263261215,13.550000190734863,RHO6.FRK,Roche Holding AG
2014-01-07,51.151,51.151,51.151,51.151,0.0,-0.0019511814403619931,12.920000076293945,RHO6.FRK,Roche Holding AG
2014-01-08,51.151,51.436,51.151,51.414,8.0,0.00514163945963908,12.869999885559082,RHO6.FRK,Roche Holding AG
2014-01-09,51.61,51.952,51.51,51.758,390.0,0.006690784611195433,12.890000343322754,RHO6.FRK,Roche Holding AG
2014-01-10,51.658,52.08,51.658,52.08,8.0,0.0062212604814713135,12.140000343322754,RHO6.FRK,Roche Holding AG
2014-01-13,51.98,52.05,51.79,51.965,1430.0,-0.00220814132104441,13.279999732971191,RHO6.FRK,Roche Holding AG
2014-01-14,52.0,52.0,51.278,51.278,598.0,-0.013220436832483529,12.279999732971191,RHO6.FRK,Roche Holding AG
2014-01-15,51.278,51.278,51.1,51.1,200.0,-0.0034712742306641786,12.279999732971191,RHO6.FRK,Roche Holding AG
2014-01-16,51.0,51.023,50.802,51.023,0.0,-0.0015068493150685036,12.529999732971191,RHO6.FRK,Roche Holding AG
2014-01-17,51.023,51.023,50.917,50.917,40.0,-0.0020774944632813153,12.4399995803833,RHO6.FRK,Roche Holding AG
2014-01-20,50.817,50.817,50.658,50.658,0.0,-0.005086709743307716,,RHO6.FRK,Roche Holding AG
2014-01-21,50.658,50.658,50.506,50.506,60.0,-0.003000513245686731,12.869999885559082,RHO6.FRK,Roche Holding AG
2014-01-22,50.201,50.26,50.201,50.26,0.0,-0.004870708430681492,12.84000015258789,RHO6.FRK,Roche Holding AG
2014-01-23,50.365,50.365,50.365,50.365,0.0,0.002089136490250665,13.770000457763672,RHO6.FRK,Roche Holding AG
2014-01-24,50.4,50.4,49.833,49.833,0.0,-0.010562890896455901,18.139999389648438,RHO6.FRK,Roche Holding AG
2014-01-27,49.535,49.535,49.03,49.03,120.0,-0.01611382015933216,17.420000076293945,RHO6.FRK,Roche Holding AG
2014-01-28,49.03,49.03,48.969,48.969,500.0,-0.0012441362431164782,15.800000190734863,RHO6.FRK,Roche Holding AG
2014-01-29,49.097,49.097,48.684,48.787,100.0,-0.0037166370560967055,17.350000381469727,RHO6.FRK,Roche Holding AG
2014-01-30,48.735,50.803,48.411,50.803,570.0,0.04132248344845957,17.290000915527344,RHO6.FRK,Roche Holding AG
2014-01-31,50.837,50.837,50.837,50.837,0.0,0.000669251815837768,18.40999984741211,RHO6.FRK,Roche Holding AG
2014-02-03,50.821,51.288,50.75,50.75,0.0,-0.0017113519680548306,21.440000534057617,RHO6.FRK,Roche Holding AG
2014-02-04,50.697,50.859,50.641,50.641,200.0,-0.00214778325123155,19.110000610351562,RHO6.FRK,Roche Holding AG
2014-02-05,50.461,50.461,50.461,50.461,0.0,-0.003554432179459277,19.950000762939453,RHO6.FRK,Roche Holding AG
2014-02-06,50.275,50.833,50.275,50.833,120.0,0.007372029884465281,17.229999542236328,RHO6.FRK,Roche Holding AG
2014-02-07,50.622,51.4,50.622,51.4,1280.0,0.011154171502763877,15.289999961853027,RHO6.FRK,Roche Holding AG
2014-02-10,51.8,51.932,51.672,51.932,120.0,0.01035019455252928,15.260000228881836,RHO6.FRK,Roche Holding AG
2014-02-11,51.877,52.271,51.877,52.271,400.0,0.006527767080027669,14.510000228881836,RHO6.FRK,Roche Holding AG
2014-02-12,52.207,52.251,52.206,52.251,0.0,-0.0003826213387920774,14.300000190734863,RHO6.FRK,Roche Holding AG
2014-02-13,52.213,52.335,52.213,52.335,0.0,0.001607624734454971,14.140000343322754,RHO6.FRK,Roche Holding AG
2014-02-14,52.712,52.712,52.712,52.712,0.0,0.007203592242285284,13.569999694824219,RHO6.FRK,Roche Holding AG
2014-02-17,53.641,53.967,53.641,53.967,148.0,0.023808620427985927,,RHO6.FRK,Roche Holding AG
2014-02-18,53.548,54.429,53.548,54.429,8.0,0.008560787147701365,13.869999885559082,RHO6.FRK,Roche Holding AG
2014-02-19,54.289,54.289,54.158,54.158,286.0,-0.004978963420235516,15.5,RHO6.FRK,Roche Holding AG
2014-02-20,54.091,54.16,54.072,54.16,4.0,3.692898556062474e-05,14.789999961853027,RHO6.FRK,Roche Holding AG
2014-02-21,54.145,54.145,54.145,54.145,0.0,-0.00027695716395848,14.680000305175781,RHO6.FRK,Roche Holding AG
2014-02-24,54.699,54.699,54.67,54.67,20.0,0.009696186166774368,14.229999542236328,RHO6.FRK,Roche Holding AG
2014-02-25,55.155,55.476,55.155,55.476,0.0,0.014743003475397698,13.670000076293945,RHO6.FRK,Roche Holding AG
2014-02-26,55.501,55.577,55.444,55.444,20.0,-0.0005768260148532045,14.350000381469727,RHO6.FRK,Roche Holding AG
2014-02-27,27.908,28.075,27.774,28.075,1563.0,-0.49363321549671746,14.039999961853027,RHO6.FRK,Roche Holding AG
2014-02-28,27.897,28.115,27.897,28.115,1712.0,0.0014247551202137831,14.0,RHO6.FRK,Roche Holding AG
2014-03-03,27.809,27.809,26.779,26.779,0.0,-0.04751911790858965,16.0,RHO6.FRK,Roche Holding AG
2014-03-04,26.474,27.4,26.474,27.4,70.0,0.023189812913103403,14.100000381469727,RHO6.FRK,Roche Holding AG
2014-03-05,27.09,27.09,26.87,26.922,800.0,-0.017445255474452526,13.890000343322754,RHO6.FRK,Roche Holding AG
2014-03-06,26.3,26.917,26.3,26.917,180.0,-0.0001857217145828649,14.210000038146973,RHO6.FRK,Roche Holding AG
2014-03-07,26.854,26.854,26.5,26.5,0.0,-0.015492068209681631,14.109999656677246,RHO6.FRK,Roche Holding AG
2014-03-10,26.481,26.75,26.481,26.75,0.0,0.009433962264151052,14.199999809265137,RHO6.FRK,Roche Holding AG
2014-03-11,26.603,26.773,26.603,26.773,0.0,0.0008598130841122043,14.800000190734863,RHO6.FRK,Roche Holding AG
2014-03-12,26.643,26.643,26.48,26.48,0.0,-0.01094386135285541,14.470000267028809,RHO6.FRK,Roche Holding AG
2014-03-13,26.511,26.511,26.35,26.35,280.0,-0.004909365558912304,16.219999313354492,RHO6.FRK,Roche Holding AG
2014-03-14,26.087,26.299,26.086,26.299,400.0,-0.001935483870967869,17.81999969482422,RHO6.FRK,Roche Holding AG
2014-03-17,26.024,26.415,26.024,26.353,600.0,0.002053310011787657,15.640000343322754,RHO6.FRK,Roche Holding AG
2014-03-18,26.136,26.496,26.136,26.496,0.0,0.005426327173376766,14.520000457763672,RHO6.FRK,Roche Holding AG
2014-03-19,26.511,26.511,26.511,26.511,0.0,0.0005661231884057649,15.119999885559082,RHO6.FRK,Roche Holding AG
2014-03-20,26.608,26.7,26.608,26.7,200.0,0.007129116215910392,14.520000457763672,RHO6.FRK,Roche Holding AG
2014-03-21,26.798,27.3,26.798,27.3,184.0,0.022471910112359605,15.0,RHO6.FRK,Roche Holding AG
2014-03-24,27.057,27.057,26.645,26.645,0.0,-0.02399267399267402,15.09000015258789,RHO6.FRK,Roche Holding AG
2014-03-25,26.505,27.2,26.505,27.2,15.0,0.020829423906924438,14.020000457763672,RHO6.FRK,Roche Holding AG
2014-03-26,27.072,27.072,27.072,27.072,0.0,-0.004705882352941226,14.930000305175781,RHO6.FRK,Roche Holding AG
2014-03-27,26.936,26.977,26.936,26.977,0.0,-0.003509160756501095,14.619999885559082,RHO6.FRK,Roche Holding AG
2014-03-28,26.869,27.289,26.869,27.233,15.0,0.009489565185157645,14.40999984741211,RHO6.FRK,Roche Holding AG
2014-03-31,27.121,27.271,27.121,27.2,0.0,-0.0012117651378842353,13.880000114440918,RHO6.FRK,Roche Holding AG
2014-04-01,27.299,27.299,27.077,27.077,100.0,-0.004522058823529296,13.100000381469727,RHO6.FRK,Roche Holding AG
2014-04-02,26.967,27.181,26.967,27.181,100.0,0.003840898179266583,13.09000015258789,RHO6.FRK,Roche Holding AG
2014-04-03,26.861,27.0,26.861,27.0,0.0,-0.006659063316287184,13.369999885559082,RHO6.FRK,Roche Holding AG
2014-04-04,26.977,27.005,26.977,27.0,275.0,0.0,13.960000038146973,RHO6.FRK,Roche Holding AG
2014-04-07,26.871,26.924,26.517,26.65,90.0,-0.012962962962963065,15.569999694824219,RHO6.FRK,Roche Holding AG
2014-04-08,26.422,26.422,26.256,26.364,80.0,-0.01073170731707307,14.890000343322754,RHO6.FRK,Roche Holding AG
2014-04-09,26.272,26.452,26.272,26.452,193.0,0.003337884994689677,13.819999694824219,RHO6.FRK,Roche Holding AG
2014-04-10,26.122,26.122,26.122,26.122,0.0,-0.012475427188870514,15.890000343322754,RHO6.FRK,Roche Holding AG
2014-04-11,26.116,26.116,25.408,25.62,500.0,-0.01921751780108716,17.030000686645508,RHO6.FRK,Roche Holding AG
2014-04-14,25.688,26.02,25.688,26.02,400.0,0.015612802498048417,16.110000610351562,RHO6.FRK,Roche Holding AG
2014-04-15,26.012,26.139,26.0,26.0,0.0,-0.000768639508070712,15.609999656677246,RHO6.FRK,Roche Holding AG
2014-04-16,25.906,26.052,25.906,26.052,35.0,0.0020000000000000018,14.180000305175781,RHO6.FRK,Roche Holding AG
2014-04-17,25.983,25.983,25.983,25.983,0.0,-0.002648549055734639,13.359999656677246,RHO6.FRK,Roche Holding AG
2014-04-22,25.992,26.253,25.992,26.253,0.0,0.010391409767925186,13.1899995803833,RHO6.FRK,Roche Holding AG
2014-04-23,26.167,26.41,26.167,26.32,60.0,0.0025520892850341426,13.270000457763672,RHO6.FRK,Roche Holding AG
2014-04-24,26.134,26.15,26.06,26.06,16.0,-0.009878419452887588,13.319999694824219,RHO6.FRK,Roche Holding AG
2014-04-25,26.042,26.042,26.042,26.042,0.0,-0.0006907137375287142,14.0600004196167,RHO6.FRK,Roche Holding AG
2014-04-28,26.006,26.4,26.006,26.132,132.0,0.0034559557637661165,13.970000267028809,RHO6.FRK,Roche Holding AG
2014-04-29,25.873,26.15,25.873,26.15,0.0,0.0006888106536047101,13.710000038146973,RHO6.FRK,Roche Holding AG
2014-04-30,26.034,26.593,26.034,26.45,336.0,0.01147227533460815,13.40999984741211,RHO6.FRK,Roche Holding AG
2014-05-02,26.332,26.37,26.332,26.37,38.0,-0.003024574669187041,12.90999984741211,RHO6.FRK,Roche Holding AG
2014-05-05,26.038,26.038,25.701,25.701,0.0,-0.025369738339021675,13.289999961853027,RHO6.FRK,Roche Holding AG
2014-05-06,25.854,25.854,25.725,25.726,56.0,0.0009727247967004082,13.800000190734863,RHO6.FRK,Roche Holding AG
2014-05-07,25.773,25.86,25.773,25.86,0.0,0.005208738241467836,13.399999618530273,RHO6.FRK,Roche Holding AG
2014-05-08,25.722,26.058,25.722,26.058,250.0,0.0076566125290022935,13.430000305175781,RHO6.FRK,Roche Holding AG
2014-05-09,25.925,25.925,25.925,25.925,0.0,-0.0051039987719702085,12.920000076293945,RHO6.FRK,Roche Holding AG
2014-05-12,26.124,26.382,26.024,26.024,48.0,0.0038187078109932493,12.229999542236328,RHO6.FRK,Roche Holding AG
2014-05-13,26.072,26.25,26.072,26.25,0.0,0.008684291423301627,12.130000114440918,RHO6.FRK,Roche Holding AG
2014-05-14,26.27,26.718,26.27,26.718,0.0,0.017828571428571527,12.170000076293945,RHO6.FRK,Roche Holding AG
2014-05-15,26.804,26.984,26.804,26.984,0.0,0.00995583501759123,13.170000076293945,RHO6.FRK,Roche Holding AG
2014-05-16,27.114,27.503,27.114,27.503,1561.0,0.019233619922917278,12.4399995803833,RHO6.FRK,Roche Holding AG
2014-05-19,27.443,27.443,27.443,27.443,0.0,-0.0021815801912518085,12.420000076293945,RHO6.FRK,Roche Holding AG
2014-05-20,27.326,27.326,27.317,27.317,50.0,-0.004591334766607225,12.960000038146973,RHO6.FRK,Roche Holding AG
2014-05-21,27.115,27.115,27.115,27.115,0.0,-0.00739466266427502,11.90999984741211,RHO6.FRK,Roche Holding AG
2014-05-22,27.092,27.35,26.976,27.35,0.0,0.008666789599852676,12.029999732971191,RHO6.FRK,Roche Holding AG
2014-05-23,27.37,27.5,27.25,27.5,16.0,0.005484460694698212,11.359999656677246,RHO6.FRK,Roche Holding AG
2014-05-26,27.369,27.546,27.256,27.546,290.0,0.0016727272727272702,,RHO6.FRK,Roche Holding AG
2014-05-27,27.251,27.251,27.116,27.235,0.0,-0.01129020547447901,11.510000228881836,RHO6.FRK,Roche Holding AG
2014-05-28,27.113,27.15,26.915,27.15,150.0,-0.0031209840279052825,11.680000305175781,RHO6.FRK,Roche Holding AG
2014-05-29,27.27,27.27,27.06,27.06,500.0,-0.0033149171270717703,11.569999694824219,RHO6.FRK,Roche Holding AG
2014-05-30,27.06,27.06,26.963,26.963,0.0,-0.003584626755358422,11.399999618530273,RHO6.FRK,Roche Holding AG
2014-06-02,26.963,27.504,26.963,27.504,19.0,0.02006453287838883,11.579999923706055,RHO6.FRK,Roche Holding AG
2014-06-03,27.394,27.394,27.228,27.228,50.0,-0.010034904013961565,11.869999885559082,RHO6.FRK,Roche Holding AG
2014-06-04,27.228,27.408,27.228,27.408,0.0,0.00661084178051996,12.079999923706055,RHO6.FRK,Roche Holding AG
2014-06-05,27.408,27.408,27.408,27.408,0.0,0.0,11.680000305175781,RHO6.FRK,Roche Holding AG
2014-06-06,27.408,27.408,27.408,27.408,0.0,0.0,10.729999542236328,RHO6.FRK,Roche Holding AG
2014-06-09,27.408,27.408,27.408,27.408,0.0,0.0,11.149999618530273,RHO6.FRK,Roche Holding AG
2014-06-10,27.408,27.95,27.298,27.95,50.0,0.01977524810274356,10.989999771118164,RHO6.FRK,Roche Holding AG
2014-06-11,27.95,27.95,27.853,27.853,20.0,-0.0034704830053666758,11.600000381469727,RHO6.FRK,Roche Holding AG
2014-06-12,27.743,27.743,27.447,27.447,0.0,-0.014576526765519016,12.5600004196167,RHO6.FRK,Roche Holding AG
2014-06-13,27.447,27.447,27.447,27.447,0.0,0.0,12.180000305175781,RHO6.FRK,Roche Holding AG
2014-06-16,27.447,27.447,27.048,27.3,240.0,-0.00535577658760511,12.649999618530273,RHO6.FRK,Roche Holding AG
2014-06-17,27.3,27.3,27.182,27.272,348.0,-0.0010256410256410664,12.0600004196167,RHO6.FRK,Roche Holding AG
2014-06-18,27.162,27.162,27.1,27.1,0.0,-0.006306834848929244,10.609999656677246,RHO6.FRK,Roche Holding AG
2014-06-19,27.1,27.19,27.1,27.19,40.0,0.0033210332103321694,10.619999885559082,RHO6.FRK,Roche Holding AG
2014-06-20,27.08,27.518,27.08,27.518,50.0,0.012063258550937928,10.850000381469727,RHO6.FRK,Roche Holding AG
2014-06-23,27.408,27.408,27.2,27.2,399.0,-0.01155607238898182,10.979999542236328,RHO6.FRK,Roche Holding AG
2014-06-24,27.09,27.09,27.039,27.039,0.0,-0.005919117647058769,12.130000114440918,RHO6.FRK,Roche Holding AG
2014-06-25,27.039,27.039,26.716,26.716,75.0,-0.011945708051333326,11.59000015258789,RHO6.FRK,Roche Holding AG
2014-06-26,26.716,26.716,26.716,26.716,0.0,0.0,11.630000114440918,RHO6.FRK,Roche Holding AG
2014-06-27,26.716,27.0,26.716,27.0,0.0,0.01063033388231771,11.260000228881836,RHO6.FRK,Roche Holding AG
2014-06-30,27.0,27.192,27.0,27.192,0.0,0.007111111111111068,11.569999694824219,RHO6.FRK,Roche Holding AG
2014-07-01,27.192,27.192,27.192,27.192,0.0,0.0,11.149999618530273,RHO6.FRK,Roche Holding AG
2014-07-02,27.192,27.25,27.16,27.16,365.0,-0.0011768167107972793,10.819999694824219,RHO6.FRK,Roche Holding AG
2014-07-03,27.05,27.6,27.05,27.6,1000.0,0.016200294550809957,10.319999694824219,RHO6.FRK,Roche Holding AG
2014-07-04,27.6,27.6,27.6,27.6,0.0,0.0,,RHO6.FRK,Roche Holding AG
2014-07-07,27.6,27.6,27.428,27.428,0.0,-0.006231884057971038,11.329999923706055,RHO6.FRK,Roche Holding AG
2014-07-08,27.428,27.69,27.427,27.441,32.0,0.0004739682076708718,11.979999542236328,RHO6.FRK,Roche Holding AG
2014-07-09,27.441,27.441,27.15,27.15,0.0,-0.010604569804307462,11.649999618530273,RHO6.FRK,Roche Holding AG
2014-07-10,27.15,27.15,27.15,27.15,0.0,0.0,12.59000015258789,RHO6.FRK,Roche Holding AG
2014-07-11,27.15,27.15,26.946,26.952,280.0,-0.007292817679557917,12.079999923706055,RHO6.FRK,Roche Holding AG
2014-07-14,26.842,27.456,26.842,27.456,0.0,0.018699910952804988,11.819999694824219,RHO6.FRK,Roche Holding AG
2014-07-15,27.456,27.553,27.456,27.553,0.0,0.0035329254079254913,11.960000038146973,RHO6.FRK,Roche Holding AG
2014-07-16,27.553,27.553,27.487,27.487,0.0,-0.002395383442819421,11.0,RHO6.FRK,Roche Holding AG
2014-07-17,27.487,27.487,27.113,27.113,0.0,-0.013606432131553103,14.539999961853027,RHO6.FRK,Roche Holding AG
2014-07-18,27.113,27.113,27.102,27.102,40.0,-0.0004057094382767801,12.0600004196167,RHO6.FRK,Roche Holding AG
2014-07-21,26.992,27.047,26.992,27.047,0.0,-0.002029370526160368,12.8100004196167,RHO6.FRK,Roche Holding AG
2014-07-22,27.047,27.3,27.047,27.3,0.0,0.009354087329463523,12.239999771118164,RHO6.FRK,Roche Holding AG
2014-07-23,27.3,27.3,27.246,27.246,0.0,-0.0019780219780221042,11.520000457763672,RHO6.FRK,Roche Holding AG
2014-07-24,27.466,27.513,27.356,27.513,53.0,0.00979960361153931,11.84000015258789,RHO6.FRK,Roche Holding AG
2014-07-25,27.513,27.659,27.416,27.416,269.0,-0.0035256060771272635,12.6899995803833,RHO6.FRK,Roche Holding AG
2014-07-28,27.63,27.63,27.367,27.367,15.0,-0.0017872775021884335,12.5600004196167,RHO6.FRK,Roche Holding AG
2014-07-29,27.367,27.375,27.282,27.282,0.0,-0.0031059305002375526,13.279999732971191,RHO6.FRK,Roche Holding AG
2014-07-30,27.282,27.454,27.282,27.454,0.0,0.006304523128802808,13.329999923706055,RHO6.FRK,Roche Holding AG
2014-07-31,27.454,27.509,27.337,27.337,270.0,-0.0042616740729948255,16.950000762939453,RHO6.FRK,Roche Holding AG
2014-08-01,27.337,27.337,26.8,26.8,200.0,-0.01964370633207735,17.030000686645508,RHO6.FRK,Roche Holding AG
2014-08-04,26.8,27.24,26.8,27.0,258.0,0.00746268656716409,15.119999885559082,RHO6.FRK,Roche Holding AG
2014-08-05,27.0,27.094,27.0,27.071,177.0,0.0026296296296297594,16.8700008392334,RHO6.FRK,Roche Holding AG
2014-08-06,27.071,27.071,26.582,26.771,344.0,-0.0110819696354032,16.3700008392334,RHO6.FRK,Roche Holding AG
2014-08-07,26.661,26.733,26.587,26.643,461.0,-0.004781293190392555,16.65999984741211,RHO6.FRK,Roche Holding AG
2014-08-08,26.533,26.533,26.414,26.422,380.0,-0.008294861689749689,15.770000457763672,RHO6.FRK,Roche Holding AG
2014-08-11,26.422,26.68,26.422,26.68,0.0,0.009764590114298644,14.229999542236328,RHO6.FRK,Roche Holding AG
2014-08-12,26.68,26.68,26.617,26.617,0.0,-0.0023613193403297927,14.130000114440918,RHO6.FRK,Roche Holding AG
2014-08-13,26.617,26.695,26.617,26.695,0.0,0.00293045797798408,12.899999618530273,RHO6.FRK,Roche Holding AG
2014-08-14,26.695,26.979,26.695,26.979,0.0,0.010638696385090851,12.420000076293945,RHO6.FRK,Roche Holding AG
2014-08-15,26.979,27.143,26.82,26.82,0.0,-0.00589347270098961,13.149999618530273,RHO6.FRK,Roche Holding AG
2014-08-18,26.82,27.17,26.82,27.17,317.0,0.013049962714392294,12.319999694824219,RHO6.FRK,Roche Holding AG
2014-08-19,27.17,27.17,27.17,27.17,0.0,0.0,12.210000038146973,RHO6.FRK,Roche Holding AG
2014-08-20,27.17,27.368,27.17,27.368,20.0,0.0072874493927124195,11.779999732971191,RHO6.FRK,Roche Holding AG
2014-08-21,27.258,27.374,27.258,27.366,74.0,-7.307804735456891e-05,11.760000228881836,RHO6.FRK,Roche Holding AG
2014-08-22,27.366,27.402,27.366,27.402,0.0,0.001315500986625695,11.470000267028809,RHO6.FRK,Roche Holding AG
2014-08-25,27.402,27.6,27.402,27.6,0.0,0.007225749945259485,11.699999809265137,RHO6.FRK,Roche Holding AG
2014-08-26,27.6,27.943,27.6,27.853,84.0,0.009166666666666767,11.630000114440918,RHO6.FRK,Roche Holding AG
2014-08-27,27.853,27.853,27.679,27.679,0.0,-0.006247082899508261,11.779999732971191,RHO6.FRK,Roche Holding AG
2014-08-28,27.679,27.679,27.559,27.56,0.0,-0.004299288269084878,12.050000190734863,RHO6.FRK,Roche Holding AG
2014-08-29,27.56,27.75,27.523,27.523,15.0,-0.0013425253991291575,12.09000015258789,RHO6.FRK,Roche Holding AG
2014-09-01,27.523,27.908,27.46,27.46,508.0,-0.0022889946590124444,,RHO6.FRK,Roche Holding AG
2014-09-02,27.35,27.707,27.35,27.707,0.0,0.008994901675163813,12.25,RHO6.FRK,Roche Holding AG
2014-09-03,27.707,28.015,27.707,27.977,0.0,0.009744829826397572,12.359999656677246,RHO6.FRK,Roche Holding AG
2014-09-04,27.977,27.977,27.859,27.859,0.0,-0.004217750294885025,12.640000343322754,RHO6.FRK,Roche Holding AG
2014-09-05,27.859,27.859,27.79,27.79,0.0,-0.002476757959725906,12.09000015258789,RHO6.FRK,Roche Holding AG
2014-09-08,27.79,27.937,27.79,27.937,0.0,0.005289672544080748,12.65999984741211,RHO6.FRK,Roche Holding AG
2014-09-09,27.937,28.033,27.937,28.033,0.0,0.0034363031105701936,13.5,RHO6.FRK,Roche Holding AG
2014-09-10,28.033,28.033,27.945,27.946,0.0,-0.0031034851781828188,12.880000114440918,RHO6.FRK,Roche Holding AG
2014-09-11,27.946,28.3,27.946,28.3,0.0,0.012667286910470255,12.800000190734863,RHO6.FRK,Roche Holding AG
2014-09-12,28.3,28.3,28.223,28.223,0.0,-0.0027208480565371618,13.3100004196167,RHO6.FRK,Roche Holding AG
2014-09-15,28.223,28.426,28.223,28.426,0.0,0.007192715161393082,14.119999885559082,RHO6.FRK,Roche Holding AG
2014-09-16,28.426,28.517,28.426,28.517,0.0,0.0032012945894603906,12.729999542236328,RHO6.FRK,Roche Holding AG
2014-09-17,28.517,28.777,28.517,28.777,0.0,0.009117368587158614,12.649999618530273,RHO6.FRK,Roche Holding AG
2014-09-18,28.777,29.37,28.777,29.201,193.0,0.01473398894950817,12.029999732971191,RHO6.FRK,Roche Holding AG
2014-09-19,29.0,29.184,28.89,29.09,920.0,-0.003801239683572488,12.109999656677246,RHO6.FRK,Roche Holding AG
2014-09-22,28.98,29.245,28.98,29.245,0.0,0.005328291509109739,13.6899995803833,RHO6.FRK,Roche Holding AG
2014-09-23,29.245,29.245,28.996,28.996,0.0,-0.008514275944605965,14.930000305175781,RHO6.FRK,Roche Holding AG
2014-09-24,28.996,29.274,28.996,29.274,0.0,0.009587529314388332,13.270000457763672,RHO6.FRK,Roche Holding AG
2014-09-25,29.274,29.358,29.194,29.194,0.0,-0.0027328004372481063,15.640000343322754,RHO6.FRK,Roche Holding AG
2014-09-26,29.194,29.194,29.088,29.088,0.0,-0.003630883058162615,14.850000381469727,RHO6.FRK,Roche Holding AG
2014-09-29,29.088,29.088,28.912,28.912,40.0,-0.006050605060506142,15.979999542236328,RHO6.FRK,Roche Holding AG
2014-09-30,28.912,29.395,28.912,29.395,40.0,0.016705866076369702,16.309999465942383,RHO6.FRK,Roche Holding AG
2014-10-01,29.285,29.353,29.285,29.353,0.0,-0.0014288144242217138,16.709999084472656,RHO6.FRK,Roche Holding AG
2014-10-02,29.353,29.353,28.659,28.659,140.0,-0.023643239191905474,16.15999984741211,RHO6.FRK,Roche Holding AG
2014-10-03,28.659,28.659,28.659,28.659,0.0,0.0,14.550000190734863,RHO6.FRK,Roche Holding AG
2014-10-06,28.659,28.705,28.659,28.705,0.0,0.001605080428486616,15.460000038146973,RHO6.FRK,Roche Holding AG
2014-10-07,28.705,28.705,27.909,27.909,0.0,-0.027730360564361622,17.200000762939453,RHO6.FRK,Roche Holding AG
2014-10-08,27.909,27.909,27.601,27.601,0.0,-0.01103586656634059,15.109999656677246,RHO6.FRK,Roche Holding AG
2014-10-09,27.601,27.601,27.542,27.542,0.0,-0.0021376037100103717,18.760000228881836,RHO6.FRK,Roche Holding AG
2014-10-10,27.542,27.542,27.271,27.271,0.0,-0.00983951782731829,21.239999771118164,RHO6.FRK,Roche Holding AG
2014-10-13,27.271,27.34,27.25,27.34,490.0,0.0025301602434819603,24.639999389648438,RHO6.FRK,Roche Holding AG
2014-10-14,27.23,27.238,27.23,27.238,0.0,-0.0037307973664959526,22.790000915527344,RHO6.FRK,Roche Holding AG
2014-10-15,27.238,27.238,26.703,26.703,200.0,-0.019641677068800933,25.270000457763672,RHO6.FRK,Roche Holding AG
2014-10-16,26.6,27.1,26.6,26.814,767.0,0.004156836310526879,25.200000762939453,RHO6.FRK,Roche Holding AG
2014-10-17,26.814,27.696,26.814,27.696,299.0,0.03289326471246379,21.989999771118164,RHO6.FRK,Roche Holding AG
2014-10-20,27.696,27.758,27.696,27.758,87.0,0.002238590410167385,18.56999969482422,RHO6.FRK,Roche Holding AG
2014-10-21,27.758,28.309,27.758,28.309,0.0,0.019850133294906147,16.079999923706055,RHO6.FRK,Roche Holding AG
2014-10-22,28.309,28.72,28.309,28.683,0.0,0.013211346214984543,17.8700008392334,RHO6.FRK,Roche Holding AG
2014-10-23,28.683,28.752,28.662,28.662,20.0,-0.0007321409894363029,16.530000686645508,RHO6.FRK,Roche Holding AG
2014-10-24,28.662,28.724,28.662,28.674,87.0,0.00041867280720109257,16.110000610351562,RHO6.FRK,Roche Holding AG
2014-10-27,28.674,28.95,28.561,28.561,20.0,-0.003940852340098999,16.040000915527344,RHO6.FRK,Roche Holding AG
2014-10-28,28.561,28.734,28.561,28.734,0.0,0.006057210881972086,14.390000343322754,RHO6.FRK,Roche Holding AG
2014-10-29,28.734,28.924,28.734,28.924,0.0,0.006612375582933039,15.149999618530273,RHO6.FRK,Roche Holding AG
2014-10-30,28.924,29.297,28.924,29.297,0.0,0.012895865025584374,14.520000457763672,RHO6.FRK,Roche Holding AG
2014-10-31,29.297,29.517,29.224,29.224,40.0,-0.002491722701983168,14.029999732971191,RHO6.FRK,Roche Holding AG
2014-11-03,29.224,29.224,28.961,28.961,0.0,-0.008999452504790617,14.729999542236328,RHO6.FRK,Roche Holding AG
2014-11-04,28.961,29.253,28.961,29.129,521.0,0.005800904664894357,14.890000343322754,RHO6.FRK,Roche Holding AG
2014-11-05,29.129,29.792,29.129,29.612,10.0,0.016581413711421522,14.170000076293945,RHO6.FRK,Roche Holding AG
2014-11-06,29.612,29.681,29.612,29.681,0.0,0.0023301364311767436,13.670000076293945,RHO6.FRK,Roche Holding AG
2014-11-07,29.681,29.681,29.272,29.272,99.0,-0.013779859169165576,13.119999885559082,RHO6.FRK,Roche Holding AG
2014-11-10,29.272,29.423,29.272,29.34,9.0,0.0023230390817163826,12.670000076293945,RHO6.FRK,Roche Holding AG
2014-11-11,29.34,29.562,29.34,29.562,0.0,0.007566462167689192,12.920000076293945,RHO6.FRK,Roche Holding AG
2014-11-12,29.562,29.562,29.562,29.562,0.0,0.0,13.020000457763672,RHO6.FRK,Roche Holding AG
2014-11-13,29.562,29.562,29.371,29.471,30.0,-0.0030782761653473933,13.789999961853027,RHO6.FRK,Roche Holding AG
2014-11-14,29.471,29.471,29.37,29.37,0.0,-0.0034270978249804074,13.3100004196167,RHO6.FRK,Roche Holding AG
2014-11-17,29.37,29.476,29.37,29.476,145.0,0.00360912495743948,13.989999771118164,RHO6.FRK,Roche Holding AG
2014-11-18,29.476,29.674,29.476,29.674,0.0,0.006717329352693646,13.859999656677246,RHO6.FRK,Roche Holding AG
2014-11-19,29.674,29.867,29.674,29.867,0.0,0.006504010244658742,13.960000038146973,RHO6.FRK,Roche Holding AG
2014-11-20,29.867,29.916,29.867,29.916,0.0,0.0016406066896574867,13.579999923706055,RHO6.FRK,Roche Holding AG
2014-11-21,29.916,30.084,29.916,30.084,0.0,0.005615724027276281,12.899999618530273,RHO6.FRK,Roche Holding AG
2014-11-24,30.084,30.084,29.888,29.888,36.0,-0.006515091078313939,12.619999885559082,RHO6.FRK,Roche Holding AG
2014-11-25,29.888,29.976,29.888,29.976,100.0,0.002944325481798682,12.25,RHO6.FRK,Roche Holding AG
2014-11-26,29.866,29.866,29.866,29.866,0.0,-0.00366960234854552,12.069999694824219,RHO6.FRK,Roche Holding AG
2014-11-27,29.866,30.021,29.866,30.021,0.0,0.005189847987678409,,RHO6.FRK,Roche Holding AG
2014-11-28,30.021,30.021,29.891,29.891,0.0,-0.004330302121848151,13.329999923706055,RHO6.FRK,Roche Holding AG
2014-12-01,29.5,30.094,29.5,30.094,116.0,0.006791341875481027,14.15999984741211,RHO6.FRK,Roche Holding AG
2014-12-02,30.094,30.094,30.094,30.094,0.0,0.0,12.850000381469727,RHO6.FRK,Roche Holding AG
2014-12-03,30.094,30.231,30.094,30.231,0.0,0.004552402472253636,12.5,RHO6.FRK,Roche Holding AG
2014-12-04,30.231,30.5,30.136,30.136,20.0,-0.0031424696503590255,12.380000114440918,RHO6.FRK,Roche Holding AG
2014-12-05,30.136,30.459,30.136,30.459,0.0,0.010718078046190627,11.890000343322754,RHO6.FRK,Roche Holding AG
2014-12-08,30.459,30.464,30.459,30.464,0.0,0.00016415509373257642,14.210000038146973,RHO6.FRK,Roche Holding AG
2014-12-09,30.464,30.464,30.139,30.139,0.0,-0.010668329831932777,15.350000381469727,RHO6.FRK,Roche Holding AG
2014-12-10,30.139,30.139,30.066,30.066,0.0,-0.0024221108862271246,18.530000686645508,RHO6.FRK,Roche Holding AG
2014-12-11,30.066,30.332,30.066,30.332,0.0,0.008847202820461808,20.079999923706055,RHO6.FRK,Roche Holding AG
2014-12-12,30.332,30.332,29.836,29.836,0.0,-0.016352367137017043,21.079999923706055,RHO6.FRK,Roche Holding AG
2014-12-15,29.836,29.836,29.0,29.0,0.0,-0.02801984180185002,20.420000076293945,RHO6.FRK,Roche Holding AG
2014-12-16,29.0,29.086,28.613,29.086,0.0,0.0029655172413791675,23.56999969482422,RHO6.FRK,Roche Holding AG
2014-12-17,29.086,29.086,28.75,28.921,282.0,-0.005672832290449015,19.440000534057617,RHO6.FRK,Roche Holding AG
2014-12-18,28.921,29.69,28.921,29.69,0.0,0.026589675322430173,16.809999465942383,RHO6.FRK,Roche Holding AG
2014-12-19,29.69,29.69,28.076,28.08,309.0,-0.05422701246210859,16.489999771118164,RHO6.FRK,Roche Holding AG
2014-12-22,27.955,28.284,27.955,28.136,20.0,0.0019943019943020612,15.25,RHO6.FRK,Roche Holding AG
2014-12-23,28.136,28.414,28.136,28.414,200.0,0.009880580039806741,14.800000190734863,RHO6.FRK,Roche Holding AG
2014-12-29,28.414,28.414,27.965,27.965,20.0,-0.01580206940240736,15.0600004196167,RHO6.FRK,Roche Holding AG
2014-12-30,27.965,27.965,27.965,27.965,0.0,0.0,15.920000076293945,RHO6.FRK,Roche Holding AG
2015-01-02,27.965,27.965,27.965,27.965,0.0,0.0,17.790000915527344,RHO6.FRK,Roche Holding AG
2015-01-05,27.965,28.638,27.965,28.638,0.0,0.024065796531378636,19.920000076293945,RHO6.FRK,Roche Holding AG
2015-01-06,28.638,28.797,28.439,28.439,0.0,-0.006948809274390677,21.1200008392334,RHO6.FRK,Roche Holding AG
2015-01-07,28.439,28.439,28.357,28.357,0.0,-0.0028833643939660814,19.309999465942383,RHO6.FRK,Roche Holding AG
2015-01-08,28.357,29.308,28.357,29.308,0.0,0.03353669288006489,17.010000228881836,RHO6.FRK,Roche Holding AG
2015-01-09,29.308,29.308,28.5,28.8,0.0,-0.01733315135799096,17.549999237060547,RHO6.FRK,Roche Holding AG
2015-01-12,29.0,29.269,28.875,29.269,10.0,0.016284722222222214,19.600000381469727,RHO6.FRK,Roche Holding AG
2015-01-13,29.269,29.92,29.269,29.633,65.0,0.012436366121152176,20.559999465942383,RHO6.FRK,Roche Holding AG
2015-01-14,29.633,29.72,29.45,29.45,177.0,-0.006175547531468317,21.479999542236328,RHO6.FRK,Roche Holding AG
2015-01-15,29.45,31.91,29.45,30.976,652.0,0.05181663837011885,22.389999389648438,RHO6.FRK,Roche Holding AG
2015-01-16,30.21,31.0,30.21,30.997,2000.0,0.0006779442148761028,20.950000762939453,RHO6.FRK,Roche Holding AG
2015-01-19,32.3,32.7,30.925,30.925,1200.0,-0.0023228054327837366,,RHO6.FRK,Roche Holding AG
2015-01-20,30.925,31.564,30.925,31.191,0.0,0.00860145513338706,19.889999389648438,RHO6.FRK,Roche Holding AG
2015-01-21,31.191,31.191,31.114,31.114,0.0,-0.0024686608316500935,18.850000381469727,RHO6.FRK,Roche Holding AG
2015-01-22,31.114,31.114,30.141,30.334,40.0,-0.02506910072636115,16.399999618530273,RHO6.FRK,Roche Holding AG
2015-01-23,30.144,31.386,30.144,31.386,81.0,0.03468055647128643,16.65999984741211,RHO6.FRK,Roche Holding AG
2015-01-26,31.386,31.409,31.305,31.305,0.0,-0.0025807684955075905,15.520000457763672,RHO6.FRK,Roche Holding AG
2015-01-27,31.305,31.6,31.061,31.061,399.0,-0.0077942820635681365,17.219999313354492,RHO6.FRK,Roche Holding AG
2015-01-28,31.061,31.2,31.061,31.2,3.0,0.00447506519429508,20.440000534057617,RHO6.FRK,Roche Holding AG
2015-01-29,31.01,31.01,29.858,29.858,120.0,-0.043012820512820515,18.760000228881836,RHO6.FRK,Roche Holding AG
2015-01-30,29.858,30.392,29.858,29.917,70.0,0.001976019827182096,20.969999313354492,RHO6.FRK,Roche Holding AG
2015-02-02,29.917,29.917,29.5,29.5,0.0,-0.013938563358625533,19.43000030517578,RHO6.FRK,Roche Holding AG
2015-02-03,29.5,29.65,28.997,29.0,710.0,-0.016949152542372836,17.329999923706055,RHO6.FRK,Roche Holding AG
2015-02-04,29.2,29.883,28.99,29.823,0.0,0.028379310344827546,18.329999923706055,RHO6.FRK,Roche Holding AG
2015-02-05,29.823,29.823,29.383,29.383,258.0,-0.01475371357676969,16.850000381469727,RHO6.FRK,Roche Holding AG
2015-02-06,29.383,30.083,29.383,29.734,400.0,0.01194568287785458,17.290000915527344,RHO6.FRK,Roche Holding AG
2015-02-09,29.85,29.85,29.147,29.147,287.0,-0.01974170982713408,18.549999237060547,RHO6.FRK,Roche Holding AG
2015-02-10,29.147,29.147,29.029,29.029,100.0,-0.004048444093731729,17.229999542236328,RHO6.FRK,Roche Holding AG
2015-02-11,29.014,29.014,28.824,28.824,0.0,-0.007061903613627685,16.959999084472656,RHO6.FRK,Roche Holding AG
2015-02-12,28.824,28.824,28.361,28.5,0.0,-0.011240632805995077,15.34000015258789,RHO6.FRK,Roche Holding AG
2015-02-13,28.5,28.883,28.496,28.496,30.0,-0.00014035087719299622,14.6899995803833,RHO6.FRK,Roche Holding AG
2015-02-16,28.5,28.956,28.5,28.956,500.0,0.016142616507579977,,RHO6.FRK,Roche Holding AG
2015-02-17,28.956,29.45,28.956,29.136,50.0,0.006216328222130141,15.800000190734863,RHO6.FRK,Roche Holding AG
2015-02-18,29.136,29.223,29.136,29.196,0.0,0.0020593080724877755,15.449999809265137,RHO6.FRK,Roche Holding AG
2015-02-19,29.196,29.476,29.196,29.476,0.0,0.00959035484312909,15.289999961853027,RHO6.FRK,Roche Holding AG
2015-02-20,29.476,29.71,29.476,29.71,0.0,0.007938661962274551,14.300000190734863,RHO6.FRK,Roche Holding AG
2015-02-23,30.0,30.328,29.81,30.053,430.0,0.011544934365533388,14.5600004196167,RHO6.FRK,Roche Holding AG
2015-02-24,30.053,30.053,29.727,29.727,0.0,-0.010847502745150228,13.6899995803833,RHO6.FRK,Roche Holding AG
2015-02-25,29.727,29.727,29.591,29.591,0.0,-0.004574965519561269,13.84000015258789,RHO6.FRK,Roche Holding AG
2015-02-26,29.591,30.016,29.591,30.016,0.0,0.014362475076881376,13.90999984741211,RHO6.FRK,Roche Holding AG
2015-02-27,30.016,30.5,30.016,30.295,60.0,0.009295042643923335,13.34000015258789,RHO6.FRK,Roche Holding AG
2015-03-02,30.295,30.295,30.067,30.226,0.0,-0.0022776035649447746,13.039999961853027,RHO6.FRK,Roche Holding AG
2015-03-03,30.226,30.823,30.163,30.163,18.0,-0.002084298286243569,13.859999656677246,RHO6.FRK,Roche Holding AG
2015-03-04,29.85,30.15,29.85,29.975,206.0,-0.006232801777011576,14.229999542236328,RHO6.FRK,Roche Holding AG
2015-03-05,29.975,30.0,29.826,29.826,60.0,-0.004970809007506238,14.039999961853027,RHO6.FRK,Roche Holding AG
2015-03-06,29.826,30.35,29.826,30.35,0.0,0.017568564339837778,15.199999809265137,RHO6.FRK,Roche Holding AG
2015-03-09,30.35,30.35,30.0,30.065,310.0,-0.00939044481054363,15.0600004196167,RHO6.FRK,Roche Holding AG
2015-03-10,30.065,30.6,30.0,30.1,191.0,0.0011641443538998875,16.690000534057617,RHO6.FRK,Roche Holding AG
2015-03-11,30.1,30.48,30.1,30.305,76.0,0.006810631229235753,16.8700008392334,RHO6.FRK,Roche Holding AG
2015-03-12,30.305,30.6,30.305,30.6,0.0,0.009734367266127864,15.420000076293945,RHO6.FRK,Roche Holding AG
2015-03-13,30.6,30.98,30.6,30.805,41.0,0.006699346405228734,16.0,RHO6.FRK,Roche Holding AG
2015-03-16,30.805,31.0,30.75,31.0,500.0,0.006330141210842299,15.609999656677246,RHO6.FRK,Roche Holding AG
2015-03-17,30.81,30.81,30.81,30.81,0.0,-0.006129032258064604,15.65999984741211,RHO6.FRK,Roche Holding AG
2015-03-18,30.81,31.15,30.81,31.15,0.0,0.011035378123985806,13.970000267028809,RHO6.FRK,Roche Holding AG
2015-03-19,31.15,31.9,31.15,31.8,0.0,0.020866773675762618,14.069999694824219,RHO6.FRK,Roche Holding AG
2015-03-20,31.95,32.525,31.95,32.351,488.0,0.017327044025157168,13.020000457763672,RHO6.FRK,Roche Holding AG
2015-03-23,32.351,32.352,32.351,32.352,0.0,3.091094556584295e-05,13.40999984741211,RHO6.FRK,Roche Holding AG
2015-03-24,32.352,32.7,32.352,32.525,90.0,0.005347428288823064,13.619999885559082,RHO6.FRK,Roche Holding AG
2015-03-25,32.525,32.53,31.9,31.9,79.0,-0.01921598770176791,15.4399995803833,RHO6.FRK,Roche Holding AG
2015-03-26,31.9,31.9,31.1,31.131,1370.0,-0.02410658307210023,15.800000190734863,RHO6.FRK,Roche Holding AG
2015-03-27,31.131,31.83,31.131,31.3,167.0,0.005428672384439892,15.069999694824219,RHO6.FRK,Roche Holding AG
2015-03-30,31.3,31.685,31.3,31.5,0.0,0.006389776357827559,14.510000228881836,RHO6.FRK,Roche Holding AG
2015-03-31,31.8,32.392,31.61,32.105,120.0,0.019206349206349005,15.289999961853027,RHO6.FRK,Roche Holding AG
2015-04-01,32.105,32.105,32.105,32.105,0.0,0.0,15.109999656677246,RHO6.FRK,Roche Holding AG
2015-04-02,32.105,32.105,31.805,31.805,0.0,-0.009344338888023551,14.670000076293945,RHO6.FRK,Roche Holding AG
2015-04-07,31.805,32.45,31.805,32.45,201.0,0.02027983021537505,14.779999732971191,RHO6.FRK,Roche Holding AG
2015-04-08,32.45,32.45,32.4,32.4,53.0,-0.0015408320493067729,13.979999542236328,RHO6.FRK,Roche Holding AG
2015-04-09,32.4,32.8,32.4,32.8,60.0,0.012345679012345734,13.09000015258789,RHO6.FRK,Roche Holding AG
2015-04-10,32.8,33.0,32.8,33.0,0.0,0.0060975609756097615,12.579999923706055,RHO6.FRK,Roche Holding AG
2015-04-13,33.0,33.1,32.925,32.925,10.0,-0.002272727272727315,13.9399995803833,RHO6.FRK,Roche Holding AG
2015-04-14,32.925,33.5,32.925,33.2,10.0,0.008352315869400329,13.670000076293945,RHO6.FRK,Roche Holding AG
2015-04-15,33.2,33.9,33.2,33.401,200.0,0.006054216867469986,12.84000015258789,RHO6.FRK,Roche Holding AG
2015-04-16,33.401,33.401,33.3,33.3,0.0,-0.0030238615610312936,12.600000381469727,RHO6.FRK,Roche Holding AG
2015-04-17,33.3,33.3,32.7,32.7,87.0,-0.018018018018017834,13.890000343322754,RHO6.FRK,Roche Holding AG
2015-04-20,32.7,33.0,32.7,33.0,0.0,0.00917431192660545,13.300000190734863,RHO6.FRK,Roche Holding AG
2015-04-21,33.0,33.35,33.0,33.175,130.0,0.005303030303030143,13.25,RHO6.FRK,Roche Holding AG
2015-04-22,33.175,33.95,33.175,33.75,0.0,0.017332328560663246,12.710000038146973,RHO6.FRK,Roche Holding AG
2015-04-23,33.75,33.75,33.5,33.5,0.0,-0.007407407407407418,12.479999542236328,RHO6.FRK,Roche Holding AG
2015-04-24,33.5,33.5,33.35,33.35,0.0,-0.004477611940298498,12.289999961853027,RHO6.FRK,Roche Holding AG
2015-04-27,33.35,33.35,32.8,33.15,0.0,-0.005997001499250421,13.119999885559082,RHO6.FRK,Roche Holding AG
2015-04-28,33.15,33.15,32.369,32.369,0.0,-0.02355957767722472,12.40999984741211,RHO6.FRK,Roche Holding AG
2015-04-29,32.369,32.37,32.369,32.37,10.0,3.089375637177483e-05,13.390000343322754,RHO6.FRK,Roche Holding AG
2015-04-30,32.18,32.18,31.88,31.88,0.0,-0.015137472968798193,14.550000190734863,RHO6.FRK,Roche Holding AG
2015-05-04,31.88,31.88,31.88,31.88,0.0,0.0,12.850000381469727,RHO6.FRK,Roche Holding AG
2015-05-05,31.88,32.75,31.88,32.4,10.0,0.016311166875784266,14.3100004196167,RHO6.FRK,Roche Holding AG
2015-05-06,32.4,32.4,31.35,31.35,20.0,-0.03240740740740733,15.149999618530273,RHO6.FRK,Roche Holding AG
2015-05-07,31.35,31.35,31.2,31.2,0.0,-0.004784688995215336,15.130000114440918,RHO6.FRK,Roche Holding AG
2015-05-08,31.2,31.8,31.2,31.8,0.0,0.019230769230769384,12.859999656677246,RHO6.FRK,Roche Holding AG
2015-05-11,31.8,31.8,31.8,31.8,0.0,0.0,13.850000381469727,RHO6.FRK,Roche Holding AG
2015-05-12,31.8,31.8,31.55,31.55,0.0,-0.00786163522012584,13.859999656677246,RHO6.FRK,Roche Holding AG
2015-05-13,31.55,31.75,31.55,31.75,0.0,0.006339144215530945,13.760000228881836,RHO6.FRK,Roche Holding AG
2015-05-14,31.75,32.7,31.75,32.7,480.0,0.02992125984251981,12.739999771118164,RHO6.FRK,Roche Holding AG
2015-05-15,32.51,33.083,32.51,32.56,0.0,-0.004281345565749217,12.380000114440918,RHO6.FRK,Roche Holding AG
2015-05-18,32.56,32.765,32.56,32.765,0.0,0.006296068796068699,12.729999542236328,RHO6.FRK,Roche Holding AG
2015-05-19,32.765,33.533,32.765,33.152,112.0,0.011811384098886046,12.850000381469727,RHO6.FRK,Roche Holding AG
2015-05-20,33.152,33.182,32.99,33.182,0.0,0.0009049227799227122,12.880000114440918,RHO6.FRK,Roche Holding AG
2015-05-21,33.182,33.4,33.182,33.4,0.0,0.006569827014646368,12.109999656677246,RHO6.FRK,Roche Holding AG
2015-05-22,33.4,33.4,33.268,33.268,0.0,-0.0039520958083831825,12.130000114440918,RHO6.FRK,Roche Holding AG
2015-05-25,33.268,33.268,33.268,33.268,0.0,0.0,,RHO6.FRK,Roche Holding AG
2015-05-26,33.268,33.365,33.145,33.145,0.0,-0.0036972466033424745,14.0600004196167,RHO6.FRK,Roche Holding AG
2015-05-27,33.65,33.77,33.65,33.77,0.0,0.01885653944788057,13.270000457763672,RHO6.FRK,Roche Holding AG
2015-05-28,33.77,34.041,33.77,34.041,0.0,0.008024874148652383,13.3100004196167,RHO6.FRK,Roche Holding AG
2015-05-29,34.041,34.041,33.477,33.477,370.0,-0.016568255926676656,13.84000015258789,RHO6.FRK,Roche Holding AG
2015-06-01,33.477,33.99,33.477,33.924,0.0,0.013352450936463978,13.970000267028809,RHO6.FRK,Roche Holding AG
2015-06-02,33.924,33.924,33.051,33.051,0.0,-0.025733993632826246,14.239999771118164,RHO6.FRK,Roche Holding AG
2015-06-03,33.051,33.051,32.749,32.749,0.0,-0.009137393724849452,13.65999984741211,RHO6.FRK,Roche Holding AG
2015-06-04,32.749,32.749,32.573,32.573,0.0,-0.005374209899538962,14.710000038146973,RHO6.FRK,Roche Holding AG
2015-06-05,32.573,32.573,32.119,32.119,0.0,-0.01393792404752403,14.210000038146973,RHO6.FRK,Roche Holding AG
2015-06-08,32.119,32.119,32.078,32.078,0.0,-0.0012765030044521453,15.289999961853027,RHO6.FRK,Roche Holding AG
2015-06-09,32.078,32.078,31.609,31.609,0.0,-0.014620612257622123,14.470000267028809,RHO6.FRK,Roche Holding AG
2015-06-10,31.609,32.267,31.609,32.267,0.0,0.02081685595874605,13.220000267028809,RHO6.FRK,Roche Holding AG
2015-06-11,32.267,33.0,32.267,32.486,2020.0,0.006787119967768707,12.850000381469727,RHO6.FRK,Roche Holding AG
2015-06-12,32.486,32.486,32.078,32.078,0.0,-0.012559256295019194,13.779999732971191,RHO6.FRK,Roche Holding AG
2015-06-15,32.078,32.078,31.263,31.6,20.0,-0.014901178377704438,15.390000343322754,RHO6.FRK,Roche Holding AG
2015-06-16,31.41,31.692,31.41,31.692,0.0,0.002911392405063218,14.8100004196167,RHO6.FRK,Roche Holding AG
2015-06-17,31.692,31.692,31.59,31.591,29.0,-0.0031869241448946317,14.5,RHO6.FRK,Roche Holding AG
2015-06-18,31.591,31.591,30.66,31.295,40.0,-0.009369757209331753,13.1899995803833,RHO6.FRK,Roche Holding AG
2015-06-19,31.295,31.573,31.295,31.573,0.0,0.00888320818022037,13.960000038146973,RHO6.FRK,Roche Holding AG
2015-06-22,31.573,31.992,31.573,31.992,0.0,0.013270832673486943,12.739999771118164,RHO6.FRK,Roche Holding AG
2015-06-23,31.992,32.387,31.992,32.387,0.0,0.012346836709177245,12.109999656677246,RHO6.FRK,Roche Holding AG
2015-06-24,32.387,32.387,31.982,32.146,0.0,-0.007441257294593551,13.260000228881836,RHO6.FRK,Roche Holding AG
2015-06-25,32.146,32.157,32.146,32.157,0.0,0.00034218876376512775,14.010000228881836,RHO6.FRK,Roche Holding AG
2015-06-26,32.157,32.157,32.155,32.155,0.0,-6.219485648517598e-05,14.020000457763672,RHO6.FRK,Roche Holding AG
2015-06-29,32.155,32.155,31.768,31.768,0.0,-0.012035453273207875,18.850000381469727,RHO6.FRK,Roche Holding AG
2015-06-30,31.768,31.768,31.6,31.623,210.0,-0.004564341475698841,18.229999542236328,RHO6.FRK,Roche Holding AG
2015-07-01,31.623,31.661,31.623,31.661,0.0,0.001201657021787872,16.09000015258789,RHO6.FRK,Roche Holding AG
2015-07-02,31.661,31.762,31.661,31.711,0.0,0.0015792299674677324,16.790000915527344,RHO6.FRK,Roche Holding AG
2015-07-03,31.711,31.711,31.615,31.615,0.0,-0.0030273406704298678,,RHO6.FRK,Roche Holding AG
2015-07-06,31.615,31.709,31.535,31.709,0.0,0.0029732721809268003,17.010000228881836,RHO6.FRK,Roche Holding AG
2015-07-07,31.709,31.709,31.339,31.339,100.0,-0.011668611435239229,16.09000015258789,RHO6.FRK,Roche Holding AG
2015-07-08,31.339,31.39,31.339,31.39,0.0,0.0016273652637288638,19.65999984741211,RHO6.FRK,Roche Holding AG
2015-07-09,31.39,32.11,31.39,32.11,59.0,0.022937241159604937,19.969999313354492,RHO6.FRK,Roche Holding AG
2015-07-10,32.11,32.429,32.11,32.429,0.0,0.009934599813142375,16.829999923706055,RHO6.FRK,Roche Holding AG
2015-07-13,32.429,33.106,32.429,33.106,0.0,0.020876376083135417,13.899999618530273,RHO6.FRK,Roche Holding AG
2015-07-14,33.106,33.281,33.106,33.281,50.0,0.005286050866912362,13.369999885559082,RHO6.FRK,Roche Holding AG
2015-07-15,33.281,33.6,33.281,33.6,150.0,0.009585048526186135,13.229999542236328,RHO6.FRK,Roche Holding AG
2015-07-16,33.41,33.612,33.41,33.612,0.0,0.0003571428571429447,12.109999656677246,RHO6.FRK,Roche Holding AG
2015-07-17,33.612,33.612,33.388,33.395,0.0,-0.006456027609187176,11.949999809265137,RHO6.FRK,Roche Holding AG
2015-07-20,33.395,33.512,33.395,33.512,0.0,0.0035035184907918904,12.25,RHO6.FRK,Roche Holding AG
2015-07-21,33.512,33.512,32.972,32.972,0.0,-0.01611363093817142,12.220000267028809,RHO6.FRK,Roche Holding AG
2015-07-22,32.972,32.972,32.699,32.699,0.0,-0.00827975251728752,12.119999885559082,RHO6.FRK,Roche Holding AG
2015-07-23,32.699,33.032,32.699,33.032,0.0,0.010183797669653494,12.640000343322754,RHO6.FRK,Roche Holding AG
2015-07-24,33.032,33.032,32.821,32.821,0.0,-0.006387745216759444,13.739999771118164,RHO6.FRK,Roche Holding AG
2015-07-27,32.821,32.821,31.989,31.989,0.0,-0.02534962371652283,15.600000381469727,RHO6.FRK,Roche Holding AG
2015-07-28,31.989,32.191,31.989,32.166,0.0,0.005533152021007126,13.4399995803833,RHO6.FRK,Roche Holding AG
2015-07-29,32.166,32.637,32.166,32.637,0.0,0.014642790524155957,12.5,RHO6.FRK,Roche Holding AG
2015-07-30,32.637,32.637,32.624,32.624,0.0,-0.0003983209241045227,12.130000114440918,RHO6.FRK,Roche Holding AG
2015-07-31,32.624,32.743,32.609,32.743,0.0,0.0036476213830309856,12.119999885559082,RHO6.FRK,Roche Holding AG
2015-08-03,32.743,32.754,32.743,32.754,0.0,0.0003359496686312635,12.5600004196167,RHO6.FRK,Roche Holding AG
2015-08-04,32.754,32.754,32.601,32.601,0.0,-0.004671185198754313,13.0,RHO6.FRK,Roche Holding AG
2015-08-05,32.601,32.709,32.601,32.709,0.0,0.0033127818165088474,12.510000228881836,RHO6.FRK,Roche Holding AG
2015-08-06,32.709,32.709,32.48,32.489,107.0,-0.006725977559693286,13.770000457763672,RHO6.FRK,Roche Holding AG
2015-08-07,32.489,32.489,31.911,31.911,400.0,-0.017790636830927298,13.390000343322754,RHO6.FRK,Roche Holding AG
2015-08-10,31.911,32.124,31.911,32.124,0.0,0.0066748143273480665,12.229999542236328,RHO6.FRK,Roche Holding AG
2015-08-11,32.124,32.124,31.763,31.763,0.0,-0.011237703897397644,13.710000038146973,RHO6.FRK,Roche Holding AG
2015-08-12,31.763,31.763,30.898,30.898,0.0,-0.02723294399143661,13.609999656677246,RHO6.FRK,Roche Holding AG
2015-08-13,30.898,31.589,30.898,31.589,0.0,0.02236390704899982,13.489999771118164,RHO6.FRK,Roche Holding AG
2015-08-14,31.589,31.995,31.51,31.51,65.0,-0.0025008705562061806,12.829999923706055,RHO6.FRK,Roche Holding AG
2015-08-17,31.51,31.867,31.51,31.867,0.0,0.011329736591558115,13.020000457763672,RHO6.FRK,Roche Holding AG
2015-08-18,31.867,32.072,31.867,32.072,0.0,0.006432987102645393,13.789999961853027,RHO6.FRK,Roche Holding AG
2015-08-19,32.072,32.072,31.801,31.801,0.0,-0.008449738089299164,15.25,RHO6.FRK,Roche Holding AG
2015-08-20,31.801,31.801,31.241,31.241,0.0,-0.017609509134932866,19.139999389648438,RHO6.FRK,Roche Holding AG
2015-08-21,31.241,31.241,30.33,30.33,0.0,-0.02916039819468008,28.030000686645508,RHO6.FRK,Roche Holding AG
2015-08-24,30.33,30.33,28.971,29.278,611.0,-0.0346851302340917,40.7400016784668,RHO6.FRK,Roche Holding AG
2015-08-25,29.278,30.095,29.278,30.028,0.0,0.025616503859553275,36.02000045776367,RHO6.FRK,Roche Holding AG
2015-08-26,30.028,30.028,29.596,29.596,0.0,-0.014386572532303132,30.31999969482422,RHO6.FRK,Roche Holding AG
2015-08-27,29.596,31.0,29.596,31.0,20.0,0.047438843086903715,26.100000381469727,RHO6.FRK,Roche Holding AG
2015-08-28,30.81,30.81,30.268,30.268,0.0,-0.023612903225806448,26.049999237060547,RHO6.FRK,Roche Holding AG
2015-08-31,30.268,30.3,30.08,30.08,50.0,-0.006211180124223725,28.43000030517578,RHO6.FRK,Roche Holding AG
2015-09-01,30.08,30.08,29.468,29.468,0.0,-0.02034574468085104,31.399999618530273,RHO6.FRK,Roche Holding AG
2015-09-02,29.468,29.468,29.362,29.362,0.0,-0.003597122302158362,26.09000015258789,RHO6.FRK,Roche Holding AG
2015-09-03,29.362,30.057,29.362,30.057,0.0,0.023670049724133335,25.610000610351562,RHO6.FRK,Roche Holding AG
2015-09-04,30.057,30.057,29.646,29.646,0.0,-0.013674019363209777,27.799999237060547,RHO6.FRK,Roche Holding AG
2015-09-07,29.646,29.65,29.646,29.65,0.0,0.0001349254536868738,,RHO6.FRK,Roche Holding AG
2015-09-08,29.65,29.65,29.603,29.603,0.0,-0.0015851602023607692,24.899999618530273,RHO6.FRK,Roche Holding AG
2015-09-09,29.509,29.78,29.509,29.78,0.0,0.005979123737459124,26.229999542236328,RHO6.FRK,Roche Holding AG
2015-09-10,29.745,29.745,29.419,29.419,0.0,-0.012122229684351948,24.3700008392334,RHO6.FRK,Roche Holding AG
2015-09-11,29.292,29.472,29.292,29.437,0.0,0.0006118494850266831,23.200000762939453,RHO6.FRK,Roche Holding AG
2015-09-14,29.461,29.461,29.339,29.339,0.0,-0.003329143594795747,24.25,RHO6.FRK,Roche Holding AG
2015-09-15,29.228,29.64,29.228,29.64,0.0,0.010259381710351567,22.540000915527344,RHO6.FRK,Roche Holding AG
2015-09-16,29.591,29.71,29.591,29.68,0.0,0.0013495276653170407,21.350000381469727,RHO6.FRK,Roche Holding AG
2015-09-17,29.676,29.676,29.354,29.366,0.0,-0.010579514824797798,21.139999389648438,RHO6.FRK,Roche Holding AG
2015-09-18,29.295,29.295,29.198,29.265,0.0,-0.0034393516311380656,22.280000686645508,RHO6.FRK,Roche Holding AG
2015-09-21,29.173,29.652,29.173,29.652,0.0,0.013223987698616213,20.139999389648438,RHO6.FRK,Roche Holding AG
2015-09-22,29.53,29.53,28.669,28.669,550.0,-0.03315122082827471,22.440000534057617,RHO6.FRK,Roche Holding AG
2015-09-23,28.524,28.654,28.524,28.654,0.0,-0.0005232132268303546,22.1299991607666,RHO6.FRK,Roche Holding AG
2015-09-24,28.192,28.239,27.855,27.855,100.0,-0.027884414043414463,23.469999313354492,RHO6.FRK,Roche Holding AG
2015-09-25,27.808,28.812,27.808,28.812,20.0,0.034356488960689324,23.6200008392334,RHO6.FRK,Roche Holding AG
2015-09-28,28.498,29.336,28.498,28.833,0.0,0.0007288629737607355,27.6299991607666,RHO6.FRK,Roche Holding AG
2015-09-29,28.664,28.841,28.664,28.827,0.0,-0.0002080948912702718,26.829999923706055,RHO6.FRK,Roche Holding AG
2015-09-30,28.559,29.178,28.559,29.178,0.0,0.012176084920387131,24.5,RHO6.FRK,Roche Holding AG
2015-10-01,29.324,29.324,29.296,29.296,0.0,0.0040441428473507735,22.549999237060547,RHO6.FRK,Roche Holding AG
2015-10-02,29.234,29.234,29.175,29.175,0.0,-0.004130256690333067,20.940000534057617,RHO6.FRK,Roche Holding AG
2015-10-05,29.146,29.945,29.146,29.639,103.0,0.015904027420736933,19.540000915527344,RHO6.FRK,Roche Holding AG
2015-10-06,29.65,29.65,29.563,29.563,0.0,-0.002564189075204948,19.399999618530273,RHO6.FRK,Roche Holding AG
2015-10-07,29.671,29.671,28.644,28.644,0.0,-0.031086154991036063,18.399999618530273,RHO6.FRK,Roche Holding AG
2015-10-08,28.425,28.903,28.425,28.903,0.0,0.009042033235581615,17.420000076293945,RHO6.FRK,Roche Holding AG
2015-10-09,28.89,28.89,28.672,28.672,0.0,-0.007992249939452578,17.079999923706055,RHO6.FRK,Roche Holding AG
2015-10-12,28.66,28.969,28.66,28.969,0.0,0.010358537946428603,16.170000076293945,RHO6.FRK,Roche Holding AG
2015-10-13,28.884,29.205,28.884,29.185,0.0,0.007456246332286254,17.670000076293945,RHO6.FRK,Roche Holding AG
2015-10-14,29.097,29.097,28.773,28.773,60.0,-0.01411684084289877,18.030000686645508,RHO6.FRK,Roche Holding AG
2015-10-15,28.702,29.076,28.702,29.076,0.0,0.010530705870086532,16.049999237060547,RHO6.FRK,Roche Holding AG
2015-10-16,29.086,29.822,29.086,29.785,0.0,0.024384371990645137,15.050000190734863,RHO6.FRK,Roche Holding AG
2015-10-19,29.705,29.97,29.705,29.97,0.0,0.006211180124223503,14.979999542236328,RHO6.FRK,Roche Holding AG
2015-10-20,29.871,29.871,29.698,29.698,0.0,-0.009075742409075715,15.75,RHO6.FRK,Roche Holding AG
2015-10-21,29.435,29.435,28.939,29.29,310.0,-0.013738298875345167,16.700000762939453,RHO6.FRK,Roche Holding AG
2015-10-22,28.932,29.82,28.932,29.82,0.0,0.018094912939569774,14.449999809265137,RHO6.FRK,Roche Holding AG
2015-10-23,29.946,30.477,29.946,30.477,0.0,0.022032193158953772,14.460000038146973,RHO6.FRK,Roche Holding AG
2015-10-26,30.437,30.695,30.338,30.695,139.0,0.007152935000164007,15.289999961853027,RHO6.FRK,Roche Holding AG
2015-10-27,30.187,30.599,30.069,30.069,209.0,-0.020394201009936497,15.430000305175781,RHO6.FRK,Roche Holding AG
2015-10-28,29.979,30.602,29.979,30.602,0.0,0.017725897103328947,14.329999923706055,RHO6.FRK,Roche Holding AG
2015-10-29,30.629,30.687,30.629,30.687,0.0,0.0027775962355400807,14.609999656677246,RHO6.FRK,Roche Holding AG
2015-10-30,30.648,30.795,30.566,30.583,0.0,-0.0033890572555154153,15.069999694824219,RHO6.FRK,Roche Holding AG
2015-11-02,30.636,30.636,30.482,30.563,0.0,-0.0006539580812869872,14.149999618530273,RHO6.FRK,Roche Holding AG
2015-11-03,30.515,30.706,30.507,30.706,0.0,0.004678860059549095,14.539999961853027,RHO6.FRK,Roche Holding AG
2015-11-04,30.723,31.43,30.723,30.921,0.0,0.007001888881651874,15.510000228881836,RHO6.FRK,Roche Holding AG
2015-11-05,30.92,31.445,30.92,31.245,0.0,0.010478315707771468,15.050000190734863,RHO6.FRK,Roche Holding AG
2015-11-06,31.269,31.45,31.082,31.082,3.0,-0.005216834693550942,14.329999923706055,RHO6.FRK,Roche Holding AG
2015-11-09,31.03,31.145,30.739,30.792,4.0,-0.009330158934431454,16.520000457763672,RHO6.FRK,Roche Holding AG
2015-11-10,31.087,31.087,30.606,30.676,0.0,-0.0037672122629255345,15.289999961853027,RHO6.FRK,Roche Holding AG
2015-11-11,30.611,31.075,30.611,30.756,0.0,0.0026079019428870698,16.059999465942383,RHO6.FRK,Roche Holding AG
2015-11-12,31.067,31.067,30.581,30.929,0.0,0.0056249187150474445,18.3700008392334,RHO6.FRK,Roche Holding AG
2015-11-13,30.668,30.668,30.398,30.591,0.0,-0.01092825503572692,20.079999923706055,RHO6.FRK,Roche Holding AG
2015-11-16,30.666,30.666,30.312,30.413,0.0,-0.005818704847831091,18.15999984741211,RHO6.FRK,Roche Holding AG
2015-11-17,30.479,31.222,30.479,31.222,0.0,0.026600466905599696,18.84000015258789,RHO6.FRK,Roche Holding AG
2015-11-18,31.294,31.294,31.141,31.187,0.0,-0.0011210044199603253,16.850000381469727,RHO6.FRK,Roche Holding AG
2015-11-19,31.129,31.379,31.006,31.1,0.0,-0.00278962388174564,16.989999771118164,RHO6.FRK,Roche Holding AG
2015-11-20,31.168,31.4,31.168,31.385,204.0,0.009163987138263607,15.470000267028809,RHO6.FRK,Roche Holding AG
2015-11-23,31.41,31.637,31.157,31.211,211.0,-0.005544049705273335,15.619999885559082,RHO6.FRK,Roche Holding AG
2015-11-24,31.181,31.181,30.607,30.607,0.0,-0.019352151485053315,15.930000305175781,RHO6.FRK,Roche Holding AG
2015-11-25,30.65,31.428,30.65,31.238,850.0,0.02061619890874633,15.1899995803833,RHO6.FRK,Roche Holding AG
2015-11-26,31.025,31.341,31.025,31.321,0.0,0.0026570202957936218,,RHO6.FRK,Roche Holding AG
2015-11-27,31.321,31.393,31.199,31.393,0.0,0.002298777178250999,15.119999885559082,RHO6.FRK,Roche Holding AG
2015-11-30,31.393,31.719,31.393,31.719,0.0,0.010384480616697944,16.1299991607666,RHO6.FRK,Roche Holding AG
2015-12-01,31.719,31.719,31.336,31.398,0.0,-0.010120117279863838,14.670000076293945,RHO6.FRK,Roche Holding AG
2015-12-02,31.398,32.356,31.398,32.004,40.0,0.019300592394420057,15.90999984741211,RHO6.FRK,Roche Holding AG
2015-12-03,32.004,32.149,31.25,31.3,361.0,-0.02199725034370692,18.110000610351562,RHO6.FRK,Roche Holding AG
2015-12-04,31.3,31.3,31.3,31.3,0.0,0.0,14.8100004196167,RHO6.FRK,Roche Holding AG
2015-12-07,31.3,31.75,31.3,31.75,0.0,0.01437699680511173,15.84000015258789,RHO6.FRK,Roche Holding AG
2015-12-08,31.75,31.75,31.325,31.325,220.0,-0.013385826771653564,17.600000381469727,RHO6.FRK,Roche Holding AG
2015-12-09,31.325,31.325,30.3,30.4,0.0,-0.029529130087789346,19.610000610351562,RHO6.FRK,Roche Holding AG
2015-12-10,30.4,31.162,30.4,31.1,150.0,0.023026315789473673,19.34000015258789,RHO6.FRK,Roche Holding AG
2015-12-11,31.1,31.1,30.72,30.925,151.0,-0.00562700964630225,24.389999389648438,RHO6.FRK,Roche Holding AG
2015-12-14,30.925,30.925,30.05,30.05,0.0,-0.02829426030719484,22.729999542236328,RHO6.FRK,Roche Holding AG
2015-12-15,30.05,30.85,30.05,30.675,200.0,0.02079866888519133,20.950000762939453,RHO6.FRK,Roche Holding AG
2015-12-16,30.675,31.0,30.675,31.0,0.0,0.010594947025264867,17.860000610351562,RHO6.FRK,Roche Holding AG
2015-12-17,31.0,31.0,31.0,31.0,0.0,0.0,18.940000534057617,RHO6.FRK,Roche Holding AG
2015-12-18,31.0,31.0,30.825,30.825,15.0,-0.005645161290322553,20.700000762939453,RHO6.FRK,Roche Holding AG
2015-12-21,30.825,30.825,30.825,30.825,0.0,0.0,18.700000762939453,RHO6.FRK,Roche Holding AG
2015-12-22,30.825,30.825,30.65,30.65,100.0,-0.005677210056772131,16.600000381469727,RHO6.FRK,Roche Holding AG
2015-12-23,30.65,31.0,30.65,31.0,0.0,0.011419249592169667,15.569999694824219,RHO6.FRK,Roche Holding AG
2015-12-28,31.0,31.15,31.0,31.15,0.0,0.004838709677419395,16.90999984741211,RHO6.FRK,Roche Holding AG
2015-12-29,31.15,31.75,31.15,31.75,0.0,0.019261637239165408,16.079999923706055,RHO6.FRK,Roche Holding AG
2015-12-30,31.75,31.75,31.75,31.75,0.0,0.0,17.290000915527344,RHO6.FRK,Roche Holding AG
2016-01-04,31.75,31.75,31.25,31.25,0.0,-0.015748031496062964,20.700000762939453,RHO6.FRK,Roche Holding AG
2016-01-05,31.25,31.6,31.25,31.6,0.0,0.011200000000000099,19.34000015258789,RHO6.FRK,Roche Holding AG
2016-01-06,31.6,31.6,31.1,31.1,0.0,-0.015822784810126556,20.59000015258789,RHO6.FRK,Roche Holding AG
2016-01-07,31.1,31.1,30.06,30.95,1230.0,-0.004823151125401992,24.989999771118164,RHO6.FRK,Roche Holding AG
2016-01-08,30.95,30.95,30.585,30.585,271.0,-0.0117932148626817,27.010000228881836,RHO6.FRK,Roche Holding AG
2016-01-11,30.585,30.585,29.8,29.8,0.0,-0.025666176230178195,24.299999237060547,RHO6.FRK,Roche Holding AG
2016-01-12,29.8,30.53,29.8,30.355,20.0,0.018624161073825585,22.469999313354492,RHO6.FRK,Roche Holding AG
2016-01-13,30.355,30.355,30.355,30.355,98.0,0.0,25.219999313354492,RHO6.FRK,Roche Holding AG
2016-01-14,30.165,30.165,29.58,29.9,0.0,-0.014989293361884481,23.950000762939453,RHO6.FRK,Roche Holding AG
2016-01-15,29.9,29.9,29.0,29.4,0.0,-0.01672240802675584,27.020000457763672,RHO6.FRK,Roche Holding AG
2016-01-18,29.4,29.4,29.225,29.225,109.0,-0.00595238095238082,,RHO6.FRK,Roche Holding AG
2016-01-19,29.225,29.75,29.225,29.75,0.0,0.017964071856287456,26.049999237060547,RHO6.FRK,Roche Holding AG
2016-01-20,29.75,29.75,29.0,29.0,0.0,-0.025210084033613467,27.59000015258789,RHO6.FRK,Roche Holding AG
2016-01-21,29.0,29.45,29.0,29.45,0.0,0.01551724137931032,26.690000534057617,RHO6.FRK,Roche Holding AG
2016-01-22,29.45,30.05,29.45,30.05,0.0,0.02037351443123936,22.34000015258789,RHO6.FRK,Roche Holding AG
2016-01-25,30.05,30.43,30.05,30.05,50.0,0.0,24.149999618530273,RHO6.FRK,Roche Holding AG
2016-01-26,30.05,30.05,30.05,30.05,0.0,0.0,22.5,RHO6.FRK,Roche Holding AG
2016-01-27,30.05,30.05,30.05,30.05,0.0,0.0,23.110000610351562,RHO6.FRK,Roche Holding AG
2016-01-28,30.05,30.05,28.7,28.75,0.0,-0.043261231281198076,22.420000076293945,RHO6.FRK,Roche Holding AG
2016-01-29,29.0,29.3,29.0,29.3,0.0,0.019130434782608674,20.200000762939453,RHO6.FRK,Roche Holding AG
2016-02-01,29.3,29.6,29.3,29.425,5.0,0.00426621160409546,19.979999542236328,RHO6.FRK,Roche Holding AG
2016-02-02,29.425,29.425,29.425,29.425,0.0,0.0,21.979999542236328,RHO6.FRK,Roche Holding AG
2016-02-03,29.425,29.425,28.7,28.7,0.0,-0.024638912489379772,21.649999618530273,RHO6.FRK,Roche Holding AG
2016-02-04,28.7,28.7,28.2,28.2,0.0,-0.017421602787456414,21.84000015258789,RHO6.FRK,Roche Holding AG
2016-02-05,28.2,28.5,28.2,28.5,0.0,0.010638297872340496,23.3799991607666,RHO6.FRK,Roche Holding AG
2016-02-08,28.5,28.5,27.8,27.8,0.0,-0.024561403508771895,26.0,RHO6.FRK,Roche Holding AG
2016-02-09,27.8,27.8,27.4,27.4,120.0,-0.014388489208633115,26.540000915527344,RHO6.FRK,Roche Holding AG
2016-02-10,27.4,27.85,27.4,27.85,0.0,0.01642335766423364,26.290000915527344,RHO6.FRK,Roche Holding AG
2016-02-11,27.85,27.85,27.0,27.15,700.0,-0.02513464991023351,28.139999389648438,RHO6.FRK,Roche Holding AG
2016-02-12,27.136,27.485,27.136,27.485,0.0,0.012338858195211744,25.399999618530273,RHO6.FRK,Roche Holding AG
2016-02-15,27.591,28.311,27.591,28.311,340.0,0.030052756048753793,,RHO6.FRK,Roche Holding AG
2016-02-16,28.121,28.253,27.991,27.991,0.0,-0.011303027091943085,24.110000610351562,RHO6.FRK,Roche Holding AG
2016-02-17,27.997,28.363,27.997,28.363,0.0,0.013289986066949977,22.309999465942383,RHO6.FRK,Roche Holding AG
2016-02-18,28.221,28.913,28.221,28.913,0.0,0.019391460705849184,21.639999389648438,RHO6.FRK,Roche Holding AG
2016-02-19,28.853,28.857,28.68,28.857,0.0,-0.0019368450178121055,20.530000686645508,RHO6.FRK,Roche Holding AG
2016-02-22,28.819,29.498,28.819,29.347,180.0,0.016980282080604425,19.3799991607666,RHO6.FRK,Roche Holding AG
2016-02-23,29.375,29.375,28.963,28.963,0.0,-0.013084812757692466,20.979999542236328,RHO6.FRK,Roche Holding AG
2016-02-24,28.875,28.938,28.609,28.938,0.0,-0.0008631702517005735,20.719999313354492,RHO6.FRK,Roche Holding AG
2016-02-25,28.972,29.338,28.972,29.338,0.0,0.013822655332089262,19.110000610351562,RHO6.FRK,Roche Holding AG
2016-02-26,29.264,29.817,29.264,29.817,0.0,0.01632694798554768,19.809999465942383,RHO6.FRK,Roche Holding AG
2016-02-29,29.627,29.627,29.312,29.624,0.0,-0.006472817520206675,20.549999237060547,RHO6.FRK,Roche Holding AG
2016-03-01,29.39,29.8,29.39,29.8,0.0,0.005941128814474839,17.700000762939453,RHO6.FRK,Roche Holding AG
2016-03-02,29.734,29.994,29.2,29.5,0.0,-0.010067114093959773,17.09000015258789,RHO6.FRK,Roche Holding AG
2016-03-03,29.5,29.5,28.894,28.909,19.0,-0.02003389830508473,16.700000762939453,RHO6.FRK,Roche Holding AG
2016-03-04,28.769,28.769,28.571,28.571,0.0,-0.011691860666228404,16.860000610351562,RHO6.FRK,Roche Holding AG
2016-03-07,28.492,28.593,28.492,28.578,150.0,0.0002450036750549778,17.350000381469727,RHO6.FRK,Roche Holding AG
2016-03-08,28.5,28.75,28.5,28.532,60.0,-0.0016096297851494468,18.670000076293945,RHO6.FRK,Roche Holding AG
2016-03-09,28.565,28.565,28.15,28.369,0.0,-0.005712883779615874,18.34000015258789,RHO6.FRK,Roche Holding AG
2016-03-10,28.368,28.369,27.925,27.925,349.0,-0.015650886531072605,18.049999237060547,RHO6.FRK,Roche Holding AG
2016-03-11,28.026,28.026,27.817,27.817,0.0,-0.003867502238137921,16.5,RHO6.FRK,Roche Holding AG
2016-03-14,27.991,28.368,27.991,28.368,100.0,0.01980803106014295,16.920000076293945,RHO6.FRK,Roche Holding AG
2016-03-15,28.429,28.429,28.041,28.041,0.0,-0.011527072758037216,16.84000015258789,RHO6.FRK,Roche Holding AG
2016-03-16,28.125,28.125,27.601,27.601,61.0,-0.015691309154452493,14.989999771118164,RHO6.FRK,Roche Holding AG
2016-03-17,27.94,27.94,27.177,27.177,100.0,-0.015361762254990752,14.4399995803833,RHO6.FRK,Roche Holding AG
2016-03-18,27.397,27.397,26.4,26.521,0.0,-0.024138057916620603,14.020000457763672,RHO6.FRK,Roche Holding AG
2016-03-21,26.521,27.15,26.521,26.978,100.0,0.017231627766675528,13.789999961853027,RHO6.FRK,Roche Holding AG
2016-03-22,26.978,26.978,26.6,26.6,0.0,-0.014011416709911795,14.170000076293945,RHO6.FRK,Roche Holding AG
2016-03-23,26.6,27.15,26.6,27.147,0.0,0.020563909774435896,14.9399995803833,RHO6.FRK,Roche Holding AG
2016-03-24,27.147,27.147,26.81,26.842,210.0,-0.011235127270048273,14.739999771118164,RHO6.FRK,Roche Holding AG
2016-03-29,26.842,26.955,26.751,26.955,0.0,0.004209820430668421,13.819999694824219,RHO6.FRK,Roche Holding AG
2016-03-30,26.955,26.994,26.955,26.993,0.0,0.0014097570024114159,13.5600004196167,RHO6.FRK,Roche Holding AG
2016-03-31,26.993,27.005,26.993,27.005,0.0,0.00044455970066326067,13.949999809265137,RHO6.FRK,Roche Holding AG
2016-04-01,27.005,27.005,26.26,26.607,0.0,-0.014738011479355717,13.100000381469727,RHO6.FRK,Roche Holding AG
2016-04-04,26.607,26.95,26.607,26.943,0.0,0.012628255722178405,14.119999885559082,RHO6.FRK,Roche Holding AG
2016-04-05,26.943,26.943,26.906,26.906,0.0,-0.001373269494859608,15.420000076293945,RHO6.FRK,Roche Holding AG
2016-04-06,26.906,27.568,26.906,27.568,150.0,0.024604177506875935,14.09000015258789,RHO6.FRK,Roche Holding AG
2016-04-07,27.568,27.916,27.568,27.761,0.0,0.00700087057457921,16.15999984741211,RHO6.FRK,Roche Holding AG
2016-04-08,27.761,27.791,27.761,27.791,0.0,0.0010806527142395161,15.359999656677246,RHO6.FRK,Roche Holding AG
2016-04-11,27.791,27.791,27.663,27.663,0.0,-0.004605807635565506,16.260000228881836,RHO6.FRK,Roche Holding AG
2016-04-12,27.663,27.879,27.636,27.879,350.0,0.007808263745797683,14.850000381469727,RHO6.FRK,Roche Holding AG
2016-04-13,27.879,28.012,27.879,27.968,0.0,0.003192367014598796,13.84000015258789,RHO6.FRK,Roche Holding AG
2016-04-14,27.968,28.3,27.968,28.226,0.0,0.009224828375286043,13.720000267028809,RHO6.FRK,Roche Holding AG
2016-04-15,28.226,28.236,28.226,28.236,0.0,0.0003542832849146027,13.619999885559082,RHO6.FRK,Roche Holding AG
2016-04-18,28.236,28.412,28.236,28.412,0.0,0.006233177503895737,13.350000381469727,RHO6.FRK,Roche Holding AG
2016-04-19,28.412,29.032,28.412,29.032,0.0,0.021821765451217834,13.239999771118164,RHO6.FRK,Roche Holding AG
2016-04-20,29.032,29.032,28.8,28.813,0.0,-0.007543400385781274,13.279999732971191,RHO6.FRK,Roche Holding AG
2016-04-21,28.813,28.813,28.489,28.489,0.0,-0.011244924166174952,13.949999809265137,RHO6.FRK,Roche Holding AG
2016-04-22,28.489,28.587,28.489,28.561,0.0,0.002527291235213669,13.220000267028809,RHO6.FRK,Roche Holding AG
2016-04-25,28.561,28.561,28.1,28.265,0.0,-0.010363782780714925,14.079999923706055,RHO6.FRK,Roche Holding AG
2016-04-26,28.265,28.265,28.0,28.014,0.0,-0.008880240580222964,13.960000038146973,RHO6.FRK,Roche Holding AG
2016-04-27,28.014,28.123,28.014,28.123,0.0,0.0038909116870136096,13.770000457763672,RHO6.FRK,Roche Holding AG
2016-04-28,28.123,28.123,27.94,28.103,0.0,-0.000711161682608541,15.220000267028809,RHO6.FRK,Roche Holding AG
2016-04-29,28.103,28.103,27.528,27.538,0.0,-0.02010461516564077,15.699999809265137,RHO6.FRK,Roche Holding AG
2016-05-02,27.538,27.538,27.496,27.496,0.0,-0.0015251652262329163,14.680000305175781,RHO6.FRK,Roche Holding AG
2016-05-03,27.496,27.541,27.25,27.405,100.0,-0.0033095723014255896,15.600000381469727,RHO6.FRK,Roche Holding AG
2016-05-04,27.405,27.405,27.009,27.027,8.0,-0.01379310344827589,16.049999237060547,RHO6.FRK,Roche Holding AG
2016-05-05,26.837,26.837,26.837,26.837,0.0,-0.007030007030007113,15.90999984741211,RHO6.FRK,Roche Holding AG
2016-05-06,26.837,26.837,26.291,26.291,0.0,-0.020345046018556467,14.720000267028809,RHO6.FRK,Roche Holding AG
2016-05-09,26.291,27.149,26.291,27.149,100.0,0.03263474192689508,14.569999694824219,RHO6.FRK,Roche Holding AG
2016-05-10,27.149,27.368,27.149,27.368,0.0,0.008066595454712777,13.630000114440918,RHO6.FRK,Roche Holding AG
2016-05-11,27.368,27.368,27.25,27.335,0.0,-0.001205787781350387,14.6899995803833,RHO6.FRK,Roche Holding AG
2016-05-12,27.335,27.335,27.335,27.335,0.0,0.0,14.40999984741211,RHO6.FRK,Roche Holding AG
2016-05-13,27.335,27.805,27.335,27.778,70.0,0.016206328882385046,15.039999961853027,RHO6.FRK,Roche Holding AG
2016-05-17,27.778,27.778,27.465,27.465,0.0,-0.011267909856721103,15.569999694824219,RHO6.FRK,Roche Holding AG
2016-05-18,27.465,27.468,27.38,27.468,50.0,0.00010922992900064266,15.949999809265137,RHO6.FRK,Roche Holding AG
2016-05-19,27.468,27.468,27.285,27.285,200.0,-0.00666229794670159,16.329999923706055,RHO6.FRK,Roche Holding AG
2016-05-20,27.285,27.816,27.285,27.816,0.0,0.019461242440901527,15.199999809265137,RHO6.FRK,Roche Holding AG
2016-05-23,27.816,27.816,27.756,27.756,0.0,-0.002157031924072461,15.819999694824219,RHO6.FRK,Roche Holding AG
2016-05-24,27.756,28.334,27.756,28.334,0.0,0.02082432627179709,14.420000076293945,RHO6.FRK,Roche Holding AG
2016-05-25,28.334,28.626,28.334,28.517,80.0,0.006458671560669149,13.899999618530273,RHO6.FRK,Roche Holding AG
2016-05-26,28.517,28.558,28.3,28.558,0.0,0.0014377388925903567,13.430000305175781,RHO6.FRK,Roche Holding AG
2016-05-27,28.558,29.854,28.558,29.854,800.0,0.04538132922473559,13.119999885559082,RHO6.FRK,Roche Holding AG
2016-05-30,29.854,29.854,29.52,29.52,100.0,-0.011187780531922042,,RHO6.FRK,Roche Holding AG
2016-05-31,29.52,29.52,29.52,29.52,0.0,0.0,14.1899995803833,RHO6.FRK,Roche Holding AG
2016-06-01,29.52,29.52,29.427,29.427,0.0,-0.003150406504065062,14.199999809265137,RHO6.FRK,Roche Holding AG
2016-06-02,29.427,29.427,29.344,29.344,0.0,-0.002820538960818242,13.630000114440918,RHO6.FRK,Roche Holding AG
2016-06-03,29.344,29.344,28.978,28.978,0.0,-0.012472737186477678,13.470000267028809,RHO6.FRK,Roche Holding AG
2016-06-06,28.978,29.251,28.978,29.251,0.0,0.009420940023466162,13.649999618530273,RHO6.FRK,Roche Holding AG
2016-06-07,29.251,29.538,29.251,29.538,0.0,0.009811630371611146,14.050000190734863,RHO6.FRK,Roche Holding AG
2016-06-08,29.538,29.76,29.312,29.312,300.0,-0.007651161216060687,14.079999923706055,RHO6.FRK,Roche Holding AG
2016-06-09,29.312,29.36,29.312,29.36,0.0,0.0016375545851528006,14.640000343322754,RHO6.FRK,Roche Holding AG
2016-06-10,29.36,29.36,28.731,28.731,250.0,-0.02142370572207075,17.030000686645508,RHO6.FRK,Roche Holding AG
2016-06-13,28.731,28.731,28.207,28.207,100.0,-0.018238139988166147,20.969999313354492,RHO6.FRK,Roche Holding AG
2016-06-14,28.207,28.22,27.878,27.878,340.0,-0.011663771404261336,20.5,RHO6.FRK,Roche Holding AG
2016-06-15,27.878,28.137,27.878,27.911,70.0,0.0011837291053877763,20.139999389648438,RHO6.FRK,Roche Holding AG
2016-06-16,27.911,27.911,27.5,27.558,0.0,-0.012647343341334993,19.3700008392334,RHO6.FRK,Roche Holding AG
2016-06-17,27.558,27.853,27.558,27.853,0.0,0.010704695551201127,19.40999984741211,RHO6.FRK,Roche Holding AG
2016-06-20,27.853,28.45,27.853,28.136,0.0,0.010160485405521724,18.3700008392334,RHO6.FRK,Roche Holding AG
2016-06-21,28.136,28.436,28.136,28.436,0.0,0.010662496445834613,18.479999542236328,RHO6.FRK,Roche Holding AG
2016-06-22,28.436,28.436,28.124,28.347,0.0,-0.0031298354198902034,21.170000076293945,RHO6.FRK,Roche Holding AG
2016-06-23,28.347,28.347,28.144,28.228,150.0,-0.0041979750943662575,17.25,RHO6.FRK,Roche Holding AG
2016-06-24,27.35,28.228,27.35,28.228,0.0,0.0,25.760000228881836,RHO6.FRK,Roche Holding AG
2016-06-27,28.228,28.266,27.902,27.912,149.0,-0.011194558594303627,23.850000381469727,RHO6.FRK,Roche Holding AG
2016-06-28,27.722,28.356,27.722,28.356,0.0,0.015907136715391346,18.75,RHO6.FRK,Roche Holding AG
2016-06-29,28.356,29.2,28.356,29.003,0.0,0.022817040485258788,16.639999389648438,RHO6.FRK,Roche Holding AG
2016-06-30,29.003,29.459,29.003,29.459,10.0,0.015722511464331346,15.630000114440918,RHO6.FRK,Roche Holding AG
2016-07-01,29.459,29.55,29.439,29.55,1.0,0.0030890390033606607,14.770000457763672,RHO6.FRK,Roche Holding AG
2016-07-04,29.36,29.36,29.36,29.36,0.0,-0.006429780033840982,,RHO6.FRK,Roche Holding AG
2016-07-05,29.36,29.36,29.012,29.012,0.0,-0.011852861035422269,15.579999923706055,RHO6.FRK,Roche Holding AG
2016-07-06,29.012,29.012,28.796,28.973,0.0,-0.0013442713359989034,14.960000038146973,RHO6.FRK,Roche Holding AG
2016-07-07,28.973,29.181,28.973,29.181,0.0,0.007179097780692478,14.760000228881836,RHO6.FRK,Roche Holding AG
2016-07-08,29.181,29.181,29.0,29.12,0.0,-0.00209040128850968,13.199999809265137,RHO6.FRK,Roche Holding AG
2016-07-11,29.12,29.415,29.12,29.415,0.0,0.010130494505494525,13.539999961853027,RHO6.FRK,Roche Holding AG
2016-07-12,29.415,29.415,29.18,29.18,40.0,-0.007989121196668392,13.550000190734863,RHO6.FRK,Roche Holding AG
2016-07-13,28.99,29.193,28.99,29.193,300.0,0.00044551062371489536,13.039999961853027,RHO6.FRK,Roche Holding AG
2016-07-14,29.003,29.12,29.003,29.12,0.0,-0.002500599458774344,12.819999694824219,RHO6.FRK,Roche Holding AG
2016-07-15,29.12,29.245,29.12,29.245,0.0,0.004292582417582347,12.670000076293945,RHO6.FRK,Roche Holding AG
2016-07-18,29.245,29.245,28.65,28.957,0.0,-0.00984783723713456,12.4399995803833,RHO6.FRK,Roche Holding AG
2016-07-19,28.957,28.957,28.763,28.763,0.0,-0.0066995890458265706,11.970000267028809,RHO6.FRK,Roche Holding AG
2016-07-20,28.763,29.112,28.763,29.112,0.0,0.0121336439175328,11.770000457763672,RHO6.FRK,Roche Holding AG
2016-07-21,29.112,29.112,28.665,28.665,0.0,-0.015354492992580404,12.739999771118164,RHO6.FRK,Roche Holding AG
2016-07-22,28.665,28.784,28.665,28.721,0.0,0.0019536019536019467,12.020000457763672,RHO6.FRK,Roche Holding AG
2016-07-25,28.721,28.721,28.519,28.519,0.0,-0.007033181295915902,12.869999885559082,RHO6.FRK,Roche Holding AG
2016-07-26,28.519,28.681,28.519,28.681,0.0,0.005680423577264282,13.050000190734863,RHO6.FRK,Roche Holding AG
2016-07-27,28.681,28.681,28.499,28.499,0.0,-0.006345664377113813,12.829999923706055,RHO6.FRK,Roche Holding AG
2016-07-28,28.499,28.499,28.257,28.257,0.0,-0.008491526018456708,12.720000267028809,RHO6.FRK,Roche Holding AG
2016-07-29,28.257,28.257,28.257,28.257,0.0,0.0,11.869999885559082,RHO6.FRK,Roche Holding AG
2016-08-01,28.257,28.257,28.257,28.257,0.0,0.0,12.4399995803833,RHO6.FRK,Roche Holding AG
2016-08-02,28.257,28.535,28.257,28.35,0.0,0.0032912198747212518,13.369999885559082,RHO6.FRK,Roche Holding AG
2016-08-03,28.35,28.35,27.945,28.05,0.0,-0.010582010582010581,12.859999656677246,RHO6.FRK,Roche Holding AG
2016-08-04,28.05,28.274,28.05,28.274,0.0,0.007985739750445697,12.420000076293945,RHO6.FRK,Roche Holding AG
2016-08-05,28.274,28.865,28.274,28.801,0.0,0.018639032326518867,11.390000343322754,RHO6.FRK,Roche Holding AG
2016-08-08,28.801,28.89,28.351,28.351,0.0,-0.015624457484115117,11.5,RHO6.FRK,Roche Holding AG
2016-08-09,28.351,28.468,28.331,28.468,0.0,0.004126838559486368,11.65999984741211,RHO6.FRK,Roche Holding AG
2016-08-10,28.468,28.539,28.371,28.371,0.0,-0.003407334551074892,12.050000190734863,RHO6.FRK,Roche Holding AG
2016-08-11,28.371,28.498,28.371,28.498,0.0,0.0044764019597476334,11.680000305175781,RHO6.FRK,Roche Holding AG
2016-08-12,28.498,28.498,28.429,28.429,0.0,-0.002421222541932888,11.550000190734863,RHO6.FRK,Roche Holding AG
2016-08-15,28.429,28.53,28.429,28.53,0.0,0.0035527102606494054,11.8100004196167,RHO6.FRK,Roche Holding AG
2016-08-16,28.53,28.53,28.277,28.277,0.0,-0.008867858394672301,12.640000343322754,RHO6.FRK,Roche Holding AG
2016-08-17,28.277,28.277,27.973,28.015,0.0,-0.009265480779432012,12.1899995803833,RHO6.FRK,Roche Holding AG
2016-08-18,28.015,28.038,27.895,27.933,35.0,-0.0029270033910405724,11.430000305175781,RHO6.FRK,Roche Holding AG
2016-08-19,27.933,27.933,27.839,27.88,0.0,-0.001897397343643803,11.34000015258789,RHO6.FRK,Roche Holding AG
2016-08-22,27.88,27.991,27.784,27.991,0.0,0.003981348637015714,12.270000457763672,RHO6.FRK,Roche Holding AG
2016-08-23,27.991,28.016,27.988,27.988,0.0,-0.00010717730699150163,12.380000114440918,RHO6.FRK,Roche Holding AG
2016-08-24,27.988,28.0,27.854,28.0,150.0,0.0004287551807917733,13.449999809265137,RHO6.FRK,Roche Holding AG
2016-08-25,27.81,27.81,27.396,27.479,0.0,-0.018607142857142933,13.630000114440918,RHO6.FRK,Roche Holding AG
2016-08-26,27.479,27.479,27.386,27.45,0.0,-0.0010553513592197472,13.649999618530273,RHO6.FRK,Roche Holding AG
2016-08-29,27.45,27.657,27.45,27.614,0.0,0.005974499089253182,12.9399995803833,RHO6.FRK,Roche Holding AG
2016-08-30,27.614,27.758,27.591,27.758,0.0,0.005214746143260562,13.119999885559082,RHO6.FRK,Roche Holding AG
2016-08-31,27.758,27.758,27.3,27.3,0.0,-0.016499747820448052,13.420000076293945,RHO6.FRK,Roche Holding AG
2016-09-01,27.3,27.3,26.955,26.955,0.0,-0.012637362637362703,13.479999542236328,RHO6.FRK,Roche Holding AG
2016-09-02,26.955,27.579,26.955,27.579,0.0,0.02314969393433519,11.979999542236328,RHO6.FRK,Roche Holding AG
2016-09-05,27.579,27.861,27.579,27.852,0.0,0.009898836070923567,,RHO6.FRK,Roche Holding AG
2016-09-06,27.852,27.852,27.78,27.809,0.0,-0.001543874766623543,12.020000457763672,RHO6.FRK,Roche Holding AG
2016-09-07,27.809,27.874,27.617,27.874,0.0,0.002337372792980519,11.9399995803833,RHO6.FRK,Roche Holding AG
2016-09-08,27.874,27.874,27.604,27.697,0.0,-0.00635000358757265,12.510000228881836,RHO6.FRK,Roche Holding AG
2016-09-09,27.697,27.697,27.308,27.308,0.0,-0.014044842401704116,17.5,RHO6.FRK,Roche Holding AG
2016-09-12,27.308,27.485,27.139,27.485,0.0,0.006481617108539561,15.15999984741211,RHO6.FRK,Roche Holding AG
2016-09-13,27.485,27.572,27.25,27.454,99.0,-0.001127887938875749,17.850000381469727,RHO6.FRK,Roche Holding AG
2016-09-14,27.454,27.454,27.203,27.237,0.0,-0.007904130545640098,18.139999389648438,RHO6.FRK,Roche Holding AG
2016-09-15,27.237,27.241,27.179,27.241,0.0,0.00014685905202482807,16.299999237060547,RHO6.FRK,Roche Holding AG
2016-09-16,27.241,27.359,27.241,27.359,0.0,0.004331705884512482,15.369999885559082,RHO6.FRK,Roche Holding AG
2016-09-19,27.359,27.707,27.359,27.559,0.0,0.0073102087064584875,15.529999732971191,RHO6.FRK,Roche Holding AG
2016-09-20,27.559,27.895,27.559,27.895,0.0,0.01219202438404876,15.920000076293945,RHO6.FRK,Roche Holding AG
2016-09-21,27.895,28.093,27.895,27.933,0.0,0.0013622512995159486,13.300000190734863,RHO6.FRK,Roche Holding AG
2016-09-22,27.933,28.151,27.933,28.105,0.0,0.006157591379372107,12.020000457763672,RHO6.FRK,Roche Holding AG
2016-09-23,28.105,28.105,27.907,27.986,0.0,-0.004234122042341193,12.289999961853027,RHO6.FRK,Roche Holding AG
2016-09-26,27.986,27.986,27.701,27.752,0.0,-0.008361323518902397,14.5,RHO6.FRK,Roche Holding AG
2016-09-27,27.752,27.863,27.739,27.739,20.0,-0.0004684347074084272,13.100000381469727,RHO6.FRK,Roche Holding AG
2016-09-28,27.739,28.055,27.739,27.908,10.0,0.006092505137171411,12.390000343322754,RHO6.FRK,Roche Holding AG
2016-09-29,27.908,27.908,27.677,27.677,0.0,-0.008277196502794903,14.020000457763672,RHO6.FRK,Roche Holding AG
2016-09-30,27.677,27.677,27.492,27.492,0.0,-0.006684250460671226,13.289999961853027,RHO6.FRK,Roche Holding AG
2016-10-04,27.492,27.492,27.485,27.485,0.0,-0.00025461952568028856,13.630000114440918,RHO6.FRK,Roche Holding AG
2016-10-05,27.485,27.576,27.361,27.361,0.0,-0.004511551755502996,12.989999771118164,RHO6.FRK,Roche Holding AG
2016-10-06,27.361,27.606,27.239,27.239,0.0,-0.004458901355944622,12.84000015258789,RHO6.FRK,Roche Holding AG
2016-10-07,27.239,27.432,27.107,27.107,0.0,-0.004845992877859029,13.479999542236328,RHO6.FRK,Roche Holding AG
2016-10-10,27.107,27.326,27.107,27.3,200.0,0.0071199321208543775,13.380000114440918,RHO6.FRK,Roche Holding AG
2016-10-11,27.3,27.685,27.3,27.314,0.0,0.0005128205128204222,15.359999656677246,RHO6.FRK,Roche Holding AG
2016-10-12,27.314,27.324,27.0,27.0,0.0,-0.011495936149959696,15.90999984741211,RHO6.FRK,Roche Holding AG
2016-10-13,27.0,27.0,26.728,26.728,0.0,-0.010074074074074013,16.690000534057617,RHO6.FRK,Roche Holding AG
2016-10-14,26.728,27.141,26.728,27.07,0.0,0.012795570188566252,16.1200008392334,RHO6.FRK,Roche Holding AG
2016-10-17,27.07,27.07,26.624,26.624,0.0,-0.01647580347247879,16.209999084472656,RHO6.FRK,Roche Holding AG
2016-10-18,26.624,26.76,26.624,26.76,0.0,0.005108173076923128,15.279999732971191,RHO6.FRK,Roche Holding AG
2016-10-19,26.76,26.91,26.76,26.908,0.0,0.005530642750373627,14.40999984741211,RHO6.FRK,Roche Holding AG
2016-10-20,26.908,26.908,26.908,26.908,0.0,0.0,13.75,RHO6.FRK,Roche Holding AG
2016-10-21,26.908,26.908,26.756,26.756,0.0,-0.005648877657202345,13.34000015258789,RHO6.FRK,Roche Holding AG
2016-10-24,26.756,26.9,26.7,26.7,0.0,-0.0020929884885633188,13.020000457763672,RHO6.FRK,Roche Holding AG
2016-10-25,26.7,26.7,26.219,26.219,0.0,-0.01801498127340817,13.460000038146973,RHO6.FRK,Roche Holding AG
2016-10-26,26.35,26.35,25.975,26.029,36.0,-0.007246653190434493,14.239999771118164,RHO6.FRK,Roche Holding AG
2016-10-27,26.029,26.405,26.029,26.405,0.0,0.014445426255330629,15.359999656677246,RHO6.FRK,Roche Holding AG
2016-10-28,26.405,26.405,26.328,26.328,0.0,-0.0029161143722780114,16.190000534057617,RHO6.FRK,Roche Holding AG
2016-10-31,26.328,26.328,26.087,26.087,0.0,-0.009153752658766279,17.059999465942383,RHO6.FRK,Roche Holding AG
2016-11-01,26.087,26.087,25.862,25.862,200.0,-0.008624985625024006,18.559999465942383,RHO6.FRK,Roche Holding AG
2016-11-02,25.862,26.0,25.862,25.937,0.0,0.002900007733354082,19.31999969482422,RHO6.FRK,Roche Holding AG
2016-11-03,25.937,25.937,25.58,25.58,581.0,-0.013764120754135134,22.079999923706055,RHO6.FRK,Roche Holding AG
2016-11-04,25.58,25.84,25.25,25.484,650.0,-0.0037529319781077763,22.510000228881836,RHO6.FRK,Roche Holding AG
2016-11-07,25.484,26.15,25.484,25.893,200.0,0.01604928582640075,18.709999084472656,RHO6.FRK,Roche Holding AG
2016-11-08,25.893,26.0,25.893,25.939,11.0,0.0017765419225272971,18.739999771118164,RHO6.FRK,Roche Holding AG
2016-11-09,25.939,27.35,25.939,27.325,0.0,0.053433054473958075,14.380000114440918,RHO6.FRK,Roche Holding AG
2016-11-10,27.325,27.475,27.2,27.2,0.0,-0.0045745654162854255,14.739999771118164,RHO6.FRK,Roche Holding AG
2016-11-11,27.2,27.55,27.059,27.059,150.0,-0.005183823529411713,14.170000076293945,RHO6.FRK,Roche Holding AG
2016-11-14,27.059,27.55,26.95,27.034,172.0,-0.000923907017997827,14.479999542236328,RHO6.FRK,Roche Holding AG
2016-11-15,27.034,27.18,26.85,26.904,0.0,-0.004808759340090174,13.369999885559082,RHO6.FRK,Roche Holding AG
2016-11-16,26.904,27.05,26.75,26.903,585.0,-3.716919417195985e-05,13.720000267028809,RHO6.FRK,Roche Holding AG
2016-11-17,26.903,27.21,26.903,27.21,0.0,0.011411366762071218,13.350000381469727,RHO6.FRK,Roche Holding AG
2016-11-18,27.21,27.21,27.05,27.061,0.0,-0.0054759279676589445,12.850000381469727,RHO6.FRK,Roche Holding AG
2016-11-21,27.061,27.061,26.85,26.878,0.0,-0.006762499538080613,12.420000076293945,RHO6.FRK,Roche Holding AG
2016-11-22,26.878,26.878,25.967,25.967,100.0,-0.03389389091450257,12.40999984741211,RHO6.FRK,Roche Holding AG
2016-11-23,25.892,25.94,25.7,25.94,0.0,-0.0010397812608309298,12.430000305175781,RHO6.FRK,Roche Holding AG
2016-11-24,25.94,26.2,25.94,26.0,0.0,0.0023130300693907646,,RHO6.FRK,Roche Holding AG
2016-11-25,26.0,26.42,26.0,26.394,0.0,0.015153846153846073,12.34000015258789,RHO6.FRK,Roche Holding AG
2016-11-28,26.394,26.674,26.127,26.127,0.0,-0.010115935439872659,13.149999618530273,RHO6.FRK,Roche Holding AG
2016-11-29,26.127,26.35,26.127,26.155,0.0,0.0010716882918055948,12.899999618530273,RHO6.FRK,Roche Holding AG
2016-11-30,26.155,26.214,26.09,26.155,0.0,0.0,13.329999923706055,RHO6.FRK,Roche Holding AG
2016-12-01,26.155,26.155,25.669,25.669,24.0,-0.01858153316765443,14.069999694824219,RHO6.FRK,Roche Holding AG
2016-12-02,25.669,25.669,25.287,25.287,1024.0,-0.014881763995481023,14.119999885559082,RHO6.FRK,Roche Holding AG
2016-12-05,25.287,25.945,25.287,25.531,0.0,0.009649226875469541,12.140000343322754,RHO6.FRK,Roche Holding AG
2016-12-06,25.531,25.77,25.531,25.676,200.0,0.005679370177431364,11.789999961853027,RHO6.FRK,Roche Holding AG
2016-12-07,25.676,25.939,25.22,25.22,0.0,-0.017759775665991517,12.220000267028809,RHO6.FRK,Roche Holding AG
2016-12-08,25.22,25.508,25.22,25.442,0.0,0.008802537668517019,12.640000343322754,RHO6.FRK,Roche Holding AG
2016-12-09,25.442,26.338,25.442,26.324,35.0,0.03466708592091816,11.75,RHO6.FRK,Roche Holding AG
2016-12-12,26.174,26.325,26.064,26.064,0.0,-0.009876918401458767,12.640000343322754,RHO6.FRK,Roche Holding AG
2016-12-13,26.064,26.764,26.064,26.764,24.0,0.02685696746470234,12.720000267028809,RHO6.FRK,Roche Holding AG
2016-12-14,26.764,26.895,26.75,26.779,2002.0,0.0005604543416530827,13.1899995803833,RHO6.FRK,Roche Holding AG
2016-12-15,26.779,26.886,26.766,26.886,0.0,0.0039956682475073,12.789999961853027,RHO6.FRK,Roche Holding AG
2016-12-16,26.886,27.267,26.886,27.192,0.0,0.011381388083017141,12.199999809265137,RHO6.FRK,Roche Holding AG
2016-12-19,27.192,27.249,27.192,27.249,0.0,0.002096204766107723,11.710000038146973,RHO6.FRK,Roche Holding AG
2016-12-20,27.249,27.388,27.249,27.251,0.0,7.339718888776936e-05,11.449999809265137,RHO6.FRK,Roche Holding AG
2016-12-21,27.251,27.251,27.05,27.061,0.0,-0.006972221202891649,11.270000457763672,RHO6.FRK,Roche Holding AG
2016-12-22,27.061,27.341,26.903,26.915,0.0,-0.005395218210709207,11.430000305175781,RHO6.FRK,Roche Holding AG
2016-12-23,26.915,27.272,26.894,26.9,0.0,-0.0005573100501579109,11.4399995803833,RHO6.FRK,Roche Holding AG
2016-12-27,26.9,27.379,26.9,27.07,0.0,0.006319702602230581,11.989999771118164,RHO6.FRK,Roche Holding AG
2016-12-28,27.07,27.075,27.0,27.075,0.0,0.00018470631695599593,12.949999809265137,RHO6.FRK,Roche Holding AG
2016-12-29,27.075,27.222,27.073,27.073,0.0,-7.386888273308578e-05,13.369999885559082,RHO6.FRK,Roche Holding AG
2016-12-30,27.073,27.073,26.863,26.863,0.0,-0.007756805673549305,14.039999961853027,RHO6.FRK,Roche Holding AG
2017-01-02,26.863,27.33,26.863,27.33,0.0,0.01738450657037549,,RHO6.FRK,Roche Holding AG
2017-01-03,27.33,27.489,27.264,27.489,0.0,0.005817782656421633,12.850000381469727,RHO6.FRK,Roche Holding AG
2017-01-04,27.489,27.676,27.487,27.669,0.0,0.00654807377496458,11.850000381469727,RHO6.FRK,Roche Holding AG
2017-01-05,27.669,28.006,27.666,27.983,0.0,0.011348440492970457,11.670000076293945,RHO6.FRK,Roche Holding AG
2017-01-06,27.983,28.083,27.983,27.99,0.0,0.0002501518779258749,11.319999694824219,RHO6.FRK,Roche Holding AG
2017-01-09,27.99,28.108,27.99,28.108,0.0,0.004215791354055032,11.5600004196167,RHO6.FRK,Roche Holding AG
2017-01-10,28.108,28.237,28.03,28.237,0.0,0.0045894407286179995,11.489999771118164,RHO6.FRK,Roche Holding AG
2017-01-11,28.237,28.315,28.032,28.315,106.0,0.0027623331090413927,11.260000228881836,RHO6.FRK,Roche Holding AG
2017-01-12,28.165,28.165,27.302,27.407,70.0,-0.03206780858202374,11.539999961853027,RHO6.FRK,Roche Holding AG
2017-01-13,27.407,27.782,27.407,27.715,175.0,0.011238004889261966,11.229999542236328,RHO6.FRK,Roche Holding AG
2017-01-16,27.715,27.715,27.537,27.547,0.0,-0.00606169944073609,,RHO6.FRK,Roche Holding AG
2017-01-17,27.547,27.547,27.404,27.404,0.0,-0.0051911278905144576,11.869999885559082,RHO6.FRK,Roche Holding AG
2017-01-18,27.404,27.433,27.277,27.433,0.0,0.0010582396730405286,12.479999542236328,RHO6.FRK,Roche Holding AG
2017-01-19,27.433,27.433,27.058,27.058,0.0,-0.013669667918200679,12.779999732971191,RHO6.FRK,Roche Holding AG
2017-01-20,27.058,27.395,26.963,27.181,10.0,0.0045457905240595675,11.539999961853027,RHO6.FRK,Roche Holding AG
2017-01-23,27.181,27.181,26.845,26.886,0.0,-0.010853169493396209,11.770000457763672,RHO6.FRK,Roche Holding AG
2017-01-24,26.886,27.021,26.886,26.917,0.0,0.001153016439782828,11.069999694824219,RHO6.FRK,Roche Holding AG
2017-01-25,26.917,27.212,26.917,27.212,0.0,0.010959616599175215,10.8100004196167,RHO6.FRK,Roche Holding AG
2017-01-26,27.201,27.878,27.201,27.6,397.0,0.014258415404968527,10.630000114440918,RHO6.FRK,Roche Holding AG
2017-01-27,27.6,27.6,27.451,27.494,0.0,-0.0038405797101449535,10.579999923706055,RHO6.FRK,Roche Holding AG
2017-01-30,27.494,27.494,27.4,27.4,0.0,-0.003418927766058122,11.880000114440918,RHO6.FRK,Roche Holding AG
2017-01-31,27.4,27.4,26.999,27.259,0.0,-0.005145985401459829,11.989999771118164,RHO6.FRK,Roche Holding AG
2017-02-01,27.259,27.839,27.259,27.769,0.0,0.018709417073260237,11.8100004196167,RHO6.FRK,Roche Holding AG
2017-02-02,27.769,27.769,27.214,27.214,0.0,-0.019986315675753485,11.930000305175781,RHO6.FRK,Roche Holding AG
2017-02-03,27.214,27.5,27.214,27.5,0.0,0.010509296685529579,10.970000267028809,RHO6.FRK,Roche Holding AG
2017-02-06,27.8,27.8,27.424,27.632,200.0,0.0048000000000001375,11.369999885559082,RHO6.FRK,Roche Holding AG
2017-02-07,27.632,27.971,27.632,27.936,0.0,0.011001737116386634,11.289999961853027,RHO6.FRK,Roche Holding AG
2017-02-08,27.936,27.936,27.797,27.797,0.0,-0.004975658648339043,11.449999809265137,RHO6.FRK,Roche Holding AG
2017-02-09,27.797,28.208,27.797,27.983,200.0,0.006691369572255912,10.880000114440918,RHO6.FRK,Roche Holding AG
2017-02-10,27.983,28.043,27.908,28.043,0.0,0.002144158953650388,10.850000381469727,RHO6.FRK,Roche Holding AG
2017-02-13,28.043,28.158,27.993,28.158,0.0,0.00410084513069231,11.069999694824219,RHO6.FRK,Roche Holding AG
2017-02-14,28.158,28.158,27.858,27.861,0.0,-0.010547624121031385,10.739999771118164,RHO6.FRK,Roche Holding AG
2017-02-15,27.861,28.201,27.861,28.187,10.0,0.011700943971860278,11.970000267028809,RHO6.FRK,Roche Holding AG
2017-02-16,28.187,28.525,28.187,28.432,0.0,0.008691950189803732,11.760000228881836,RHO6.FRK,Roche Holding AG
2017-02-17,28.432,28.541,28.306,28.541,0.0,0.0038337084974677804,11.489999771118164,RHO6.FRK,Roche Holding AG
2017-02-20,28.541,28.541,28.453,28.453,0.0,-0.0030832836971375066,,RHO6.FRK,Roche Holding AG
2017-02-21,28.453,28.951,28.453,28.951,0.0,0.017502548061715917,11.569999694824219,RHO6.FRK,Roche Holding AG
2017-02-22,28.951,28.951,28.616,28.799,0.0,-0.005250250423128766,11.739999771118164,RHO6.FRK,Roche Holding AG
2017-02-23,28.799,28.799,28.652,28.652,0.0,-0.005104343900829811,11.710000038146973,RHO6.FRK,Roche Holding AG
2017-02-24,28.652,28.723,28.388,28.723,0.0,0.002478012006142505,11.470000267028809,RHO6.FRK,Roche Holding AG
2017-02-27,28.723,28.723,28.406,28.476,0.0,-0.008599380287574454,12.09000015258789,RHO6.FRK,Roche Holding AG
2017-02-28,28.476,28.683,28.407,28.683,0.0,0.007269279393173234,12.920000076293945,RHO6.FRK,Roche Holding AG
2017-03-01,28.683,28.78,28.683,28.742,0.0,0.0020569675417494437,12.539999961853027,RHO6.FRK,Roche Holding AG
2017-03-02,28.742,30.856,28.742,30.856,790.0,0.0735509011203117,11.8100004196167,RHO6.FRK,Roche Holding AG
2017-03-03,30.706,30.706,30.246,30.413,0.0,-0.01435701322271199,10.960000038146973,RHO6.FRK,Roche Holding AG
2017-03-06,30.413,30.413,30.166,30.323,50.0,-0.0029592608424029443,11.239999771118164,RHO6.FRK,Roche Holding AG
2017-03-07,30.323,30.323,29.961,30.132,0.0,-0.006298849058470446,11.449999809265137,RHO6.FRK,Roche Holding AG
2017-03-08,30.132,30.533,29.98,30.176,52.0,0.0014602416036106902,11.859999656677246,RHO6.FRK,Roche Holding AG
2017-03-09,30.176,30.176,29.875,29.923,0.0,-0.00838414634146345,12.300000190734863,RHO6.FRK,Roche Holding AG
2017-03-10,29.923,30.034,29.915,29.965,200.0,0.0014036025799553098,11.65999984741211,RHO6.FRK,Roche Holding AG
2017-03-13,29.965,30.228,29.908,30.169,408.0,0.0068079425996996346,11.350000381469727,RHO6.FRK,Roche Holding AG
2017-03-14,30.169,30.26,30.139,30.26,0.0,0.0030163412774701914,12.300000190734863,RHO6.FRK,Roche Holding AG
2017-03-15,30.26,30.26,29.1,29.423,0.0,-0.02766027759418388,11.630000114440918,RHO6.FRK,Roche Holding AG
2017-03-16,29.423,29.423,29.145,29.326,0.0,-0.0032967406450734593,11.210000038146973,RHO6.FRK,Roche Holding AG
2017-03-17,29.326,29.462,29.326,29.383,0.0,0.0019436677351154508,11.279999732971191,RHO6.FRK,Roche Holding AG
2017-03-20,29.383,29.499,29.3,29.448,2340.0,0.0022121634958989222,11.34000015258789,RHO6.FRK,Roche Holding AG
2017-03-21,29.448,29.448,29.067,29.067,0.0,-0.012938060309698463,12.470000267028809,RHO6.FRK,Roche Holding AG
2017-03-22,29.067,29.195,29.048,29.195,0.0,0.004403619224550237,12.8100004196167,RHO6.FRK,Roche Holding AG
2017-03-23,29.195,29.395,29.195,29.395,0.0,0.006850488097276841,13.119999885559082,RHO6.FRK,Roche Holding AG
2017-03-24,29.395,29.514,29.381,29.514,0.0,0.004048307535295059,12.960000038146973,RHO6.FRK,Roche Holding AG
2017-03-27,29.514,29.514,29.346,29.469,30.0,-0.0015247001423053241,12.5,RHO6.FRK,Roche Holding AG
2017-03-28,29.469,29.64,29.469,29.61,0.0,0.004784688995215225,11.529999732971191,RHO6.FRK,Roche Holding AG
2017-03-29,29.61,29.774,29.566,29.759,0.0,0.005032083755488026,11.420000076293945,RHO6.FRK,Roche Holding AG
2017-03-30,29.759,30.112,29.759,30.112,0.0,0.01186195772707399,11.539999961853027,RHO6.FRK,Roche Holding AG
2017-03-31,30.112,30.112,29.888,29.888,0.0,-0.007438894792773487,12.369999885559082,RHO6.FRK,Roche Holding AG
2017-04-03,29.888,30.032,29.888,30.009,0.0,0.004048447537473132,12.380000114440918,RHO6.FRK,Roche Holding AG
2017-04-04,30.009,30.038,29.962,30.038,266.0,0.0009663767536405299,11.789999961853027,RHO6.FRK,Roche Holding AG
2017-04-05,30.038,30.064,29.944,30.064,0.0,0.0008655702776483309,12.890000343322754,RHO6.FRK,Roche Holding AG
2017-04-06,30.064,30.064,29.819,29.845,0.0,-0.00728445981905268,12.390000343322754,RHO6.FRK,Roche Holding AG
2017-04-07,29.845,29.945,29.845,29.945,0.0,0.0033506449991624887,12.869999885559082,RHO6.FRK,Roche Holding AG
2017-04-10,29.945,30.067,29.889,29.889,0.0,-0.0018700951744865524,14.050000190734863,RHO6.FRK,Roche Holding AG
2017-04-11,29.889,29.985,29.889,29.985,0.0,0.003211883970691609,15.069999694824219,RHO6.FRK,Roche Holding AG
2017-04-12,29.985,30.219,29.985,30.219,0.0,0.007803901950975467,15.770000457763672,RHO6.FRK,Roche Holding AG
2017-04-13,30.219,30.219,30.012,30.012,0.0,-0.006849995036235512,15.960000038146973,RHO6.FRK,Roche Holding AG
2017-04-18,30.012,30.012,29.565,29.565,0.0,-0.014894042383046702,14.420000076293945,RHO6.FRK,Roche Holding AG
2017-04-19,29.565,29.588,29.546,29.588,0.0,0.0007779468966684355,14.930000305175781,RHO6.FRK,Roche Holding AG
2017-04-20,29.588,29.588,29.478,29.478,0.0,-0.0037177234013788807,14.149999618530273,RHO6.FRK,Roche Holding AG
2017-04-21,29.478,29.478,29.384,29.384,0.0,-0.0031888187801072387,14.630000114440918,RHO6.FRK,Roche Holding AG
2017-04-24,29.384,29.384,29.289,29.365,0.0,-0.0006466104002178508,10.84000015258789,RHO6.FRK,Roche Holding AG
2017-04-25,29.365,29.647,29.365,29.541,1000.0,0.005993529712242429,10.760000228881836,RHO6.FRK,Roche Holding AG
2017-04-26,29.541,29.639,29.541,29.639,0.0,0.003317423242273465,10.850000381469727,RHO6.FRK,Roche Holding AG
2017-04-27,29.639,30.013,29.639,30.013,0.0,0.012618509396403521,10.359999656677246,RHO6.FRK,Roche Holding AG
2017-04-28,30.013,30.013,29.826,29.826,0.0,-0.0062306333921967605,10.819999694824219,RHO6.FRK,Roche Holding AG
2017-05-02,29.826,30.501,29.826,30.501,84.0,0.022631261315630757,10.59000015258789,RHO6.FRK,Roche Holding AG
2017-05-03,30.451,30.635,30.451,30.635,0.0,0.004393298580374516,10.680000305175781,RHO6.FRK,Roche Holding AG
2017-05-04,30.635,30.715,30.635,30.715,0.0,0.002611392198465845,10.460000038146973,RHO6.FRK,Roche Holding AG
2017-05-05,30.715,30.937,30.715,30.937,0.0,0.007227738889793223,10.569999694824219,RHO6.FRK,Roche Holding AG
2017-05-08,30.937,30.937,30.798,30.87,0.0,-0.0021656915667324084,9.770000457763672,RHO6.FRK,Roche Holding AG
2017-05-09,30.87,31.168,30.87,31.052,170.0,0.005895691609977272,9.960000038146973,RHO6.FRK,Roche Holding AG
2017-05-10,31.052,31.052,30.291,30.323,10.0,-0.02347674867963412,10.210000038146973,RHO6.FRK,Roche Holding AG
2017-05-11,30.323,30.414,30.323,30.337,0.0,0.00046169574250565226,10.600000381469727,RHO6.FRK,Roche Holding AG
2017-05-12,30.337,30.737,30.337,30.737,0.0,0.01318521936908712,10.399999618530273,RHO6.FRK,Roche Holding AG
2017-05-15,30.737,30.799,30.644,30.644,100.0,-0.0030256693886846486,10.420000076293945,RHO6.FRK,Roche Holding AG
2017-05-16,30.644,30.911,30.614,30.911,154.0,0.00871296175434022,10.649999618530273,RHO6.FRK,Roche Holding AG
2017-05-17,30.911,30.911,30.616,30.616,0.0,-0.00954352819384685,15.59000015258789,RHO6.FRK,Roche Holding AG
2017-05-18,30.616,30.616,30.291,30.291,0.0,-0.010615364515286108,14.65999984741211,RHO6.FRK,Roche Holding AG
2017-05-19,30.291,30.54,30.291,30.515,0.0,0.00739493578950845,12.039999961853027,RHO6.FRK,Roche Holding AG
2017-05-22,30.515,30.628,30.515,30.523,0.0,0.0002621661477961723,10.930000305175781,RHO6.FRK,Roche Holding AG
2017-05-23,30.523,30.656,30.49,30.523,0.0,0.0,10.720000267028809,RHO6.FRK,Roche Holding AG
2017-05-24,30.523,30.576,30.522,30.522,0.0,-3.276217934022885e-05,10.020000457763672,RHO6.FRK,Roche Holding AG
2017-05-25,30.522,30.522,30.49,30.49,0.0,-0.0010484240875434647,9.989999771118164,RHO6.FRK,Roche Holding AG
2017-05-26,30.49,30.547,30.49,30.547,0.0,0.0018694653984914211,9.8100004196167,RHO6.FRK,Roche Holding AG
2017-05-29,30.547,30.682,30.507,30.507,81.0,-0.0013094575572069056,,RHO6.FRK,Roche Holding AG
2017-05-30,30.507,30.512,30.344,30.512,0.0,0.0001638968105679428,10.380000114440918,RHO6.FRK,Roche Holding AG
2017-05-31,30.512,30.59,30.51,30.51,0.0,-6.554798112212712e-05,10.40999984741211,RHO6.FRK,Roche Holding AG
2017-06-01,30.51,30.692,30.385,30.385,40.0,-0.004097017371353706,9.890000343322754,RHO6.FRK,Roche Holding AG
2017-06-02,30.385,30.473,30.385,30.393,0.0,0.0002632878064834365,9.75,RHO6.FRK,Roche Holding AG
2017-06-05,30.393,30.393,30.393,30.393,0.0,0.0,10.069999694824219,RHO6.FRK,Roche Holding AG
2017-06-06,30.195,30.195,28.678,28.678,0.0,-0.056427466850919594,10.449999809265137,RHO6.FRK,Roche Holding AG
2017-06-07,28.678,28.811,28.24,28.732,310.0,0.0018829764976635577,10.390000343322754,RHO6.FRK,Roche Holding AG
2017-06-08,28.632,28.632,28.415,28.415,0.0,-0.011032994570513766,10.15999984741211,RHO6.FRK,Roche Holding AG
2017-06-09,28.415,28.5,28.397,28.456,1.0,0.0014428998768256651,10.699999809265137,RHO6.FRK,Roche Holding AG
2017-06-12,28.456,28.711,28.456,28.711,0.0,0.008961203261175221,11.460000038146973,RHO6.FRK,Roche Holding AG
2017-06-13,28.711,28.795,28.69,28.795,0.0,0.0029257079168263367,10.420000076293945,RHO6.FRK,Roche Holding AG
2017-06-14,28.795,28.801,28.617,28.617,0.0,-0.0061816287549921745,10.640000343322754,RHO6.FRK,Roche Holding AG
2017-06-15,28.617,28.802,28.609,28.802,0.0,0.00646468882133,10.899999618530273,RHO6.FRK,Roche Holding AG
2017-06-16,28.802,29.071,28.802,28.941,0.0,0.004826053746267656,10.380000114440918,RHO6.FRK,Roche Holding AG
2017-06-19,28.941,29.298,28.941,29.175,150.0,0.008085415154970521,10.369999885559082,RHO6.FRK,Roche Holding AG
2017-06-20,29.175,29.175,28.895,29.1,0.0,-0.0025706940874036244,10.859999656677246,RHO6.FRK,Roche Holding AG
2017-06-21,29.1,29.1,28.821,28.929,0.0,-0.005876288659793949,10.75,RHO6.FRK,Roche Holding AG
2017-06-22,28.929,29.046,28.929,28.999,0.0,0.002419717238757002,10.479999542236328,RHO6.FRK,Roche Holding AG
2017-06-23,28.999,29.165,28.999,29.116,100.0,0.004034621883513223,10.020000457763672,RHO6.FRK,Roche Holding AG
2017-06-26,29.116,29.116,28.866,28.866,0.0,-0.008586344278060154,9.899999618530273,RHO6.FRK,Roche Holding AG
2017-06-27,28.866,28.94,28.813,28.847,0.0,-0.0006582138155615258,11.0600004196167,RHO6.FRK,Roche Holding AG
2017-06-28,28.847,28.847,28.688,28.688,0.0,-0.005511838319409379,10.029999732971191,RHO6.FRK,Roche Holding AG
2017-06-29,28.688,28.688,28.23,28.23,0.0,-0.015964863357501358,11.4399995803833,RHO6.FRK,Roche Holding AG
2017-06-30,28.23,28.23,27.866,27.866,50.0,-0.012894084307474296,11.180000305175781,RHO6.FRK,Roche Holding AG
2017-07-03,27.866,28.063,27.866,28.063,0.0,0.007069547118352171,11.220000267028809,RHO6.FRK,Roche Holding AG
2017-07-04,28.063,28.063,27.98,27.98,0.0,-0.0029576310444356935,,RHO6.FRK,Roche Holding AG
2017-07-05,27.98,27.98,27.69,27.742,50.0,-0.008506075768406007,11.069999694824219,RHO6.FRK,Roche Holding AG
2017-07-06,27.742,27.742,27.301,27.301,0.0,-0.015896474659361393,12.539999961853027,RHO6.FRK,Roche Holding AG
2017-07-07,27.301,27.301,27.185,27.185,0.0,-0.004248928610673608,11.1899995803833,RHO6.FRK,Roche Holding AG
2017-07-10,27.185,27.457,27.185,27.317,20.0,0.004855618907485759,11.109999656677246,RHO6.FRK,Roche Holding AG
2017-07-11,27.317,27.317,26.895,26.895,0.0,-0.015448255664970545,10.890000343322754,RHO6.FRK,Roche Holding AG
2017-07-12,26.895,27.489,26.895,27.489,0.0,0.022085889570552242,10.300000190734863,RHO6.FRK,Roche Holding AG
2017-07-13,27.489,27.489,27.484,27.484,0.0,-0.00018189093819342972,9.899999618530273,RHO6.FRK,Roche Holding AG
2017-07-14,27.484,27.75,27.484,27.747,1000.0,0.009569203900451129,9.510000228881836,RHO6.FRK,Roche Holding AG
2017-07-17,27.747,27.781,27.644,27.681,0.0,-0.002378635528165196,9.819999694824219,RHO6.FRK,Roche Holding AG
2017-07-18,27.681,27.681,27.491,27.491,0.0,-0.006863913875943872,9.890000343322754,RHO6.FRK,Roche Holding AG
2017-07-19,27.491,27.727,27.464,27.727,0.0,0.008584627696337055,9.789999961853027,RHO6.FRK,Roche Holding AG
2017-07-20,27.727,27.828,27.644,27.644,0.0,-0.002993472066938452,9.579999923706055,RHO6.FRK,Roche Holding AG
2017-07-21,27.644,27.667,27.494,27.635,0.0,-0.0003255679351756857,9.359999656677246,RHO6.FRK,Roche Holding AG
2017-07-24,27.635,27.635,27.172,27.525,800.0,-0.003980459562149541,9.430000305175781,RHO6.FRK,Roche Holding AG
2017-07-25,27.525,27.544,27.334,27.334,0.0,-0.006939146230699356,9.430000305175781,RHO6.FRK,Roche Holding AG
2017-07-26,27.334,27.334,26.871,27.227,100.0,-0.003914538669788525,9.600000381469727,RHO6.FRK,Roche Holding AG
2017-07-27,27.127,27.28,27.115,27.166,0.0,-0.002240423109413414,10.109999656677246,RHO6.FRK,Roche Holding AG
2017-07-28,27.166,27.166,26.533,26.533,0.0,-0.023301185305160788,10.289999961853027,RHO6.FRK,Roche Holding AG
2017-07-31,26.533,26.844,26.533,26.844,0.0,0.0117212527795576,10.260000228881836,RHO6.FRK,Roche Holding AG
2017-08-01,26.844,26.844,26.844,26.844,0.0,0.0,10.09000015258789,RHO6.FRK,Roche Holding AG
2017-08-02,26.844,26.844,26.772,26.772,0.0,-0.0026821636119804815,10.279999732971191,RHO6.FRK,Roche Holding AG
2017-08-03,26.772,26.89,26.707,26.89,0.0,0.004407590019423369,10.4399995803833,RHO6.FRK,Roche Holding AG
2017-08-04,26.89,27.067,26.89,27.067,0.0,0.0065823726292302265,10.029999732971191,RHO6.FRK,Roche Holding AG
2017-08-07,27.067,27.067,26.89,26.908,0.0,-0.005874311892710593,9.930000305175781,RHO6.FRK,Roche Holding AG
2017-08-08,27.108,27.108,26.781,26.958,340.0,0.0018581834398689878,10.960000038146973,RHO6.FRK,Roche Holding AG
2017-08-09,26.958,26.958,26.943,26.948,0.0,-0.0003709473996587054,11.109999656677246,RHO6.FRK,Roche Holding AG
2017-08-10,26.948,26.948,26.762,26.762,0.0,-0.006902181980109834,16.040000915527344,RHO6.FRK,Roche Holding AG
2017-08-11,26.762,26.762,26.613,26.63,0.0,-0.004932366788730325,15.510000228881836,RHO6.FRK,Roche Holding AG
2017-08-14,26.63,26.658,26.583,26.658,8.0,0.0010514457378896225,12.329999923706055,RHO6.FRK,Roche Holding AG
2017-08-15,26.658,26.744,26.658,26.703,0.0,0.0016880486157999641,12.039999961853027,RHO6.FRK,Roche Holding AG
2017-08-16,26.703,26.81,26.703,26.798,0.0,0.0035576526981986323,11.739999771118164,RHO6.FRK,Roche Holding AG
2017-08-17,26.798,27.008,26.692,26.911,0.0,0.004216732591984629,15.550000190734863,RHO6.FRK,Roche Holding AG
2017-08-18,26.911,26.911,26.502,26.591,700.0,-0.011891048270224136,14.260000228881836,RHO6.FRK,Roche Holding AG
2017-08-21,26.591,26.6,26.591,26.6,1000.0,0.0003384603813321174,13.1899995803833,RHO6.FRK,Roche Holding AG
2017-08-22,26.5,26.79,26.5,26.78,300.0,0.006766917293232977,11.350000381469727,RHO6.FRK,Roche Holding AG
2017-08-23,26.78,26.78,26.487,26.487,150.0,-0.010941000746826135,12.25,RHO6.FRK,Roche Holding AG
2017-08-24,26.487,26.632,26.487,26.59,0.0,0.0038887001170386792,12.229999542236328,RHO6.FRK,Roche Holding AG
2017-08-25,26.59,26.604,26.553,26.553,0.0,-0.0013915005641218503,11.279999732971191,RHO6.FRK,Roche Holding AG
2017-08-28,26.553,26.553,26.349,26.401,0.0,-0.005724400256091666,11.319999694824219,RHO6.FRK,Roche Holding AG
2017-08-29,26.401,26.447,26.186,26.447,0.0,0.001742358244005926,11.699999809265137,RHO6.FRK,Roche Holding AG
2017-08-30,26.447,26.447,26.273,26.37,0.0,-0.0029114833440465615,11.220000267028809,RHO6.FRK,Roche Holding AG
2017-08-31,26.37,26.538,26.225,26.538,0.0,0.006370875995449277,10.59000015258789,RHO6.FRK,Roche Holding AG
2017-09-01,26.538,26.612,26.538,26.6,0.0,0.00233627251488433,10.130000114440918,RHO6.FRK,Roche Holding AG
2017-09-04,26.6,26.6,26.495,26.495,0.0,-0.003947368421052699,,RHO6.FRK,Roche Holding AG
2017-09-05,26.495,26.57,26.495,26.57,0.0,0.002830722777882544,12.229999542236328,RHO6.FRK,Roche Holding AG
2017-09-06,26.57,26.57,26.345,26.515,0.0,-0.002070003763643191,11.630000114440918,RHO6.FRK,Roche Holding AG
2017-09-07,26.515,26.594,26.515,26.594,0.0,0.002979445596831942,11.550000190734863,RHO6.FRK,Roche Holding AG
2017-09-08,26.594,26.79,26.567,26.79,0.0,0.0073700834774761415,12.119999885559082,RHO6.FRK,Roche Holding AG
2017-09-11,26.79,26.79,26.271,26.271,0.0,-0.019372900335946186,10.729999542236328,RHO6.FRK,Roche Holding AG
2017-09-12,26.271,26.431,26.25,26.25,0.0,-0.0007993605115907965,10.579999923706055,RHO6.FRK,Roche Holding AG
2017-09-13,26.25,26.386,26.206,26.367,150.0,0.004457142857142937,10.5,RHO6.FRK,Roche Holding AG
2017-09-14,26.367,26.51,26.367,26.51,0.0,0.0054234459741344665,10.4399995803833,RHO6.FRK,Roche Holding AG
2017-09-15,26.51,26.51,26.409,26.43,60.0,-0.003017729158808047,10.170000076293945,RHO6.FRK,Roche Holding AG
2017-09-18,26.33,26.444,26.33,26.424,0.0,-0.00022701475595909848,10.149999618530273,RHO6.FRK,Roche Holding AG
2017-09-19,26.424,26.473,26.286,26.39,0.0,-0.0012867090523766,10.180000305175781,RHO6.FRK,Roche Holding AG
2017-09-20,26.39,26.673,26.39,26.673,100.0,0.01072375899962097,9.779999732971191,RHO6.FRK,Roche Holding AG
2017-09-21,26.673,26.826,26.673,26.826,0.0,0.005736137667304186,9.670000076293945,RHO6.FRK,Roche Holding AG
2017-09-22,26.826,26.826,26.701,26.725,0.0,-0.003765004100499514,9.59000015258789,RHO6.FRK,Roche Holding AG
2017-09-25,26.725,27.124,26.675,27.124,0.0,0.014929840972871755,10.210000038146973,RHO6.FRK,Roche Holding AG
2017-09-26,27.124,27.124,26.893,26.937,0.0,-0.0068942633829818245,10.170000076293945,RHO6.FRK,Roche Holding AG
2017-09-27,26.937,26.937,26.861,26.861,0.0,-0.0028213980769944413,9.869999885559082,RHO6.FRK,Roche Holding AG
2017-09-28,26.662,26.884,26.662,26.868,65.0,0.0002606008711514285,9.550000190734863,RHO6.FRK,Roche Holding AG
2017-09-29,26.868,26.868,26.707,26.763,0.0,-0.0039079946404644295,9.510000228881836,RHO6.FRK,Roche Holding AG
2017-10-02,26.763,27.217,26.763,27.217,0.0,0.016963718566677777,9.449999809265137,RHO6.FRK,Roche Holding AG
2017-10-03,27.217,27.217,27.217,27.217,0.0,0.0,9.510000228881836,RHO6.FRK,Roche Holding AG
2017-10-04,27.217,27.217,27.082,27.105,0.0,-0.0041150751368629335,9.630000114440918,RHO6.FRK,Roche Holding AG
2017-10-05,27.105,27.105,26.887,26.887,0.0,-0.008042796532005125,9.1899995803833,RHO6.FRK,Roche Holding AG
2017-10-06,26.887,27.016,26.887,26.936,0.0,0.0018224420723769175,9.649999618530273,RHO6.FRK,Roche Holding AG
2017-10-09,26.936,26.936,26.764,26.764,12.0,-0.00638550638550639,10.329999923706055,RHO6.FRK,Roche Holding AG
2017-10-10,26.764,26.764,26.638,26.691,0.0,-0.0027275444627111733,10.079999923706055,RHO6.FRK,Roche Holding AG
2017-10-11,26.691,26.75,26.642,26.696,100.0,0.00018732906223073442,9.850000381469727,RHO6.FRK,Roche Holding AG
2017-10-12,26.596,26.596,26.419,26.419,0.0,-0.01037608630506448,9.90999984741211,RHO6.FRK,Roche Holding AG
2017-10-13,26.419,26.478,26.419,26.478,0.0,0.002233241227904248,9.609999656677246,RHO6.FRK,Roche Holding AG
2017-10-16,26.478,26.478,26.295,26.42,0.0,-0.002190497771734967,9.90999984741211,RHO6.FRK,Roche Holding AG
2017-10-17,26.42,26.663,26.4,26.663,0.0,0.009197577592732653,10.3100004196167,RHO6.FRK,Roche Holding AG
2017-10-18,26.663,26.678,26.354,26.354,350.0,-0.011589093500356307,10.069999694824219,RHO6.FRK,Roche Holding AG
2017-10-19,26.354,26.36,25.734,25.734,1030.0,-0.023525840479623472,10.050000190734863,RHO6.FRK,Roche Holding AG
2017-10-20,25.734,25.734,25.081,25.081,100.0,-0.02537499028522583,9.970000267028809,RHO6.FRK,Roche Holding AG
2017-10-23,25.081,25.373,25.081,25.324,0.0,0.00968860890714085,11.069999694824219,RHO6.FRK,Roche Holding AG
2017-10-24,25.324,25.324,25.037,25.037,75.0,-0.01133312272942677,11.15999984741211,RHO6.FRK,Roche Holding AG
2017-10-25,25.037,25.037,24.326,24.326,1000.0,-0.028397971002915634,11.229999542236328,RHO6.FRK,Roche Holding AG
2017-10-26,24.326,24.485,24.3,24.485,0.0,0.00653621639398172,11.300000190734863,RHO6.FRK,Roche Holding AG
2017-10-27,24.485,24.73,24.485,24.73,0.0,0.010006126199714194,9.800000190734863,RHO6.FRK,Roche Holding AG
2017-10-30,24.73,24.73,24.411,24.653,188.0,-0.003113627173473632,10.5,RHO6.FRK,Roche Holding AG
2017-10-31,24.653,24.653,24.653,24.653,0.0,0.0,10.180000305175781,RHO6.FRK,Roche Holding AG
2017-11-01,24.653,24.842,24.653,24.774,0.0,0.004908124771833222,10.199999809265137,RHO6.FRK,Roche Holding AG
2017-11-02,24.774,24.789,24.76,24.789,0.0,0.0006054734802616313,9.930000305175781,RHO6.FRK,Roche Holding AG
2017-11-03,24.789,24.959,24.788,24.959,0.0,0.006857880511517145,9.140000343322754,RHO6.FRK,Roche Holding AG
2017-11-06,24.959,25.08,24.959,25.08,0.0,0.004847950639047971,9.399999618530273,RHO6.FRK,Roche Holding AG
2017-11-07,25.08,25.08,24.895,24.895,394.0,-0.007376395534290259,9.890000343322754,RHO6.FRK,Roche Holding AG
2017-11-08,24.895,24.895,24.824,24.839,0.0,-0.002249447680257144,9.779999732971191,RHO6.FRK,Roche Holding AG
2017-11-09,24.839,24.839,24.506,24.506,0.0,-0.013406336809050234,10.5,RHO6.FRK,Roche Holding AG
2017-11-10,24.506,24.506,24.455,24.455,0.0,-0.0020811229902881756,11.289999961853027,RHO6.FRK,Roche Holding AG
2017-11-13,24.455,24.611,24.451,24.473,0.0,0.0007360457984053603,11.5,RHO6.FRK,Roche Holding AG
2017-11-14,24.473,24.545,24.399,24.399,0.0,-0.003023740448657608,11.59000015258789,RHO6.FRK,Roche Holding AG
2017-11-15,24.399,24.399,24.321,24.321,0.0,-0.0031968523300135443,13.130000114440918,RHO6.FRK,Roche Holding AG
2017-11-16,24.321,24.571,24.321,24.407,110.0,0.0035360388141933985,11.760000228881836,RHO6.FRK,Roche Holding AG
2017-11-17,24.407,24.482,24.32,24.478,0.0,0.0029090015159585203,11.430000305175781,RHO6.FRK,Roche Holding AG
2017-11-20,24.478,26.184,24.478,26.184,0.0,0.06969523653893295,10.649999618530273,RHO6.FRK,Roche Holding AG
2017-11-21,26.184,26.184,26.11,26.174,198.0,-0.0003819126183929322,9.729999542236328,RHO6.FRK,Roche Holding AG
2017-11-22,26.174,26.632,26.174,26.632,0.0,0.017498280736608862,9.880000114440918,RHO6.FRK,Roche Holding AG
2017-11-23,26.632,26.632,26.383,26.496,0.0,-0.005106638630219429,,RHO6.FRK,Roche Holding AG
2017-11-24,26.496,26.496,26.323,26.323,0.0,-0.0065292874396134515,9.670000076293945,RHO6.FRK,Roche Holding AG
2017-11-27,26.323,26.323,26.299,26.323,0.0,0.0,9.869999885559082,RHO6.FRK,Roche Holding AG
2017-11-28,26.323,26.466,26.228,26.466,0.0,0.0054325114918512,10.029999732971191,RHO6.FRK,Roche Holding AG
2017-11-29,26.466,26.55,26.466,26.55,0.0,0.003173883473135408,10.699999809265137,RHO6.FRK,Roche Holding AG
2017-11-30,26.55,26.55,26.399,26.513,0.0,-0.0013935969868172915,11.279999732971191,RHO6.FRK,Roche Holding AG
2017-12-01,26.513,26.724,26.368,26.724,50.0,0.007958360049786783,11.430000305175781,RHO6.FRK,Roche Holding AG
2017-12-04,26.624,26.624,26.411,26.411,0.0,-0.011712318515192277,11.680000305175781,RHO6.FRK,Roche Holding AG
2017-12-05,26.411,26.411,26.203,26.203,0.0,-0.007875506417780564,11.329999923706055,RHO6.FRK,Roche Holding AG
2017-12-06,26.203,26.381,26.123,26.381,0.0,0.0067931152921421045,11.020000457763672,RHO6.FRK,Roche Holding AG
2017-12-07,26.381,26.381,25.834,25.834,0.0,-0.020734619612600036,10.15999984741211,RHO6.FRK,Roche Holding AG
2017-12-08,25.834,25.834,25.429,25.574,0.0,-0.010064256406286165,9.579999923706055,RHO6.FRK,Roche Holding AG
2017-12-11,25.574,25.626,25.574,25.626,100.0,0.002033315085633758,9.34000015258789,RHO6.FRK,Roche Holding AG
2017-12-12,25.626,25.8,25.626,25.8,100.0,0.006789978927651541,9.920000076293945,RHO6.FRK,Roche Holding AG
2017-12-13,25.8,25.92,25.8,25.92,0.0,0.0046511627906977715,10.180000305175781,RHO6.FRK,Roche Holding AG
2017-12-14,25.92,25.92,25.79,25.79,0.0,-0.005015432098765538,10.489999771118164,RHO6.FRK,Roche Holding AG
2017-12-15,25.79,26.07,25.79,26.07,0.0,0.010856921287320631,9.420000076293945,RHO6.FRK,Roche Holding AG
2017-12-18,26.07,26.37,26.07,26.37,0.0,0.011507479861910364,9.529999732971191,RHO6.FRK,Roche Holding AG
2017-12-19,26.37,26.416,26.237,26.237,70.0,-0.005043610163064205,10.029999732971191,RHO6.FRK,Roche Holding AG
2017-12-20,26.237,26.237,26.005,26.005,40.0,-0.00884247436825858,9.720000267028809,RHO6.FRK,Roche Holding AG
2017-12-21,26.005,26.25,25.841,26.249,0.0,0.009382810997885072,9.619999885559082,RHO6.FRK,Roche Holding AG
2017-12-22,26.249,26.249,26.113,26.138,0.0,-0.004228732523143597,9.899999618530273,RHO6.FRK,Roche Holding AG
2017-12-27,26.137,26.247,26.06,26.247,100.0,0.004170173693472945,10.470000267028809,RHO6.FRK,Roche Holding AG
2017-12-28,26.247,26.375,26.247,26.335,0.0,0.003352764125423846,10.180000305175781,RHO6.FRK,Roche Holding AG
2017-12-29,26.335,26.34,26.283,26.283,200.0,-0.0019745585722422687,11.039999961853027,RHO6.FRK,Roche Holding AG
2018-01-02,26.185,26.185,26.185,26.185,0.0,-0.003728645892782545,9.770000457763672,RHO6.FRK,Roche Holding AG
2018-01-03,26.185,26.805,26.185,26.59,464.0,0.015466870345617778,9.149999618530273,RHO6.FRK,Roche Holding AG
2018-01-04,26.59,26.685,26.59,26.685,0.0,0.0035727717186913033,9.220000267028809,RHO6.FRK,Roche Holding AG
2018-01-05,26.685,26.78,26.5,26.715,4020.0,0.0011242270938729426,9.220000267028809,RHO6.FRK,Roche Holding AG
2018-01-08,26.715,26.775,26.645,26.645,0.0,-0.0026202507954332654,9.520000457763672,RHO6.FRK,Roche Holding AG
2018-01-09,26.645,26.645,26.595,26.61,0.0,-0.0013135672734096993,10.079999923706055,RHO6.FRK,Roche Holding AG
2018-01-10,26.61,26.61,26.29,26.29,10.0,-0.012025554302893648,9.819999694824219,RHO6.FRK,Roche Holding AG
2018-01-11,26.29,26.345,25.995,26.035,0.0,-0.009699505515405105,9.880000114440918,RHO6.FRK,Roche Holding AG
2018-01-12,26.035,26.035,25.98,25.98,0.0,-0.0021125408104474275,10.15999984741211,RHO6.FRK,Roche Holding AG
2018-01-15,25.98,25.99,25.535,25.915,100.0,-0.0025019245573518756,,RHO6.FRK,Roche Holding AG
2018-01-16,25.815,25.815,24.97,24.97,10.0,-0.036465367547752314,11.65999984741211,RHO6.FRK,Roche Holding AG
2018-01-17,24.97,24.97,24.685,24.685,4010.0,-0.011413696435722875,11.90999984741211,RHO6.FRK,Roche Holding AG
2018-01-18,24.685,24.815,24.685,24.795,30.0,0.004456147457970516,12.220000267028809,RHO6.FRK,Roche Holding AG
2018-01-19,24.795,25.02,24.695,24.815,227.0,0.000806614236741332,11.270000457763672,RHO6.FRK,Roche Holding AG
2018-01-22,24.815,24.97,24.815,24.97,0.0,0.006246222043118976,11.029999732971191,RHO6.FRK,Roche Holding AG
2018-01-23,24.97,25.09,24.77,25.09,0.0,0.004805766920304322,11.100000381469727,RHO6.FRK,Roche Holding AG
2018-01-24,25.09,25.09,24.98,24.98,0.0,-0.004384216819450004,11.470000267028809,RHO6.FRK,Roche Holding AG
2018-01-25,24.98,24.98,24.655,24.705,0.0,-0.01100880704563656,11.579999923706055,RHO6.FRK,Roche Holding AG
2018-01-26,24.705,24.705,24.635,24.7,0.0,-0.0002023881805301997,11.079999923706055,RHO6.FRK,Roche Holding AG
2018-01-29,24.7,24.89,24.7,24.755,0.0,0.002226720647773295,13.84000015258789,RHO6.FRK,Roche Holding AG
2018-01-30,24.5,24.825,24.5,24.81,0.0,0.0022217733791152217,14.789999961853027,RHO6.FRK,Roche Holding AG
2018-01-31,24.81,24.81,24.7,24.7,0.0,-0.004433696090286099,13.539999961853027,RHO6.FRK,Roche Holding AG
2018-02-01,24.595,25.185,23.97,23.97,1000.0,-0.029554655870445368,13.470000267028809,RHO6.FRK,Roche Holding AG
2018-02-02,24.245,24.245,24.075,24.075,0.0,0.004380475594493172,17.309999465942383,RHO6.FRK,Roche Holding AG
2018-02-05,24.245,24.32,24.245,24.32,2.0,0.010176531671858724,37.31999969482422,RHO6.FRK,Roche Holding AG
2018-02-06,24.02,24.02,23.55,23.55,0.0,-0.03166118421052633,29.979999542236328,RHO6.FRK,Roche Holding AG
2018-02-07,23.84,23.84,23.84,23.84,0.0,0.012314225053078554,27.729999542236328,RHO6.FRK,Roche Holding AG
2018-02-08,23.95,24.13,23.95,24.13,120.0,0.012164429530201248,33.459999084472656,RHO6.FRK,Roche Holding AG
2018-02-09,23.84,23.84,23.84,23.84,0.0,-0.012018234562784835,29.059999465942383,RHO6.FRK,Roche Holding AG
2018-02-12,23.78,23.78,23.48,23.48,0.0,-0.015100671140939603,25.610000610351562,RHO6.FRK,Roche Holding AG
2018-02-13,23.805,23.805,23.39,23.39,0.0,-0.0038330494037478458,24.969999313354492,RHO6.FRK,Roche Holding AG
2018-02-14,23.835,23.96,23.835,23.96,0.0,0.024369388627618616,19.260000228881836,RHO6.FRK,Roche Holding AG
2018-02-15,24.13,24.13,24.0,24.0,0.0,0.0016694490818029983,19.1299991607666,RHO6.FRK,Roche Holding AG
2018-02-16,24.31,24.36,24.31,24.36,0.0,0.014999999999999902,19.459999084472656,RHO6.FRK,Roche Holding AG
2018-02-19,24.695,24.695,24.695,24.695,0.0,0.01375205254515599,,RHO6.FRK,Roche Holding AG
2018-02-20,24.165,24.165,23.905,23.905,0.0,-0.03199028143348848,20.600000381469727,RHO6.FRK,Roche Holding AG
2018-02-21,24.15,24.15,23.965,23.965,0.0,0.002509935160008414,20.020000457763672,RHO6.FRK,Roche Holding AG
2018-02-22,24.055,24.055,23.87,23.87,0.0,-0.003964114333402824,18.719999313354492,RHO6.FRK,Roche Holding AG
2018-02-23,24.21,24.21,24.21,24.21,0.0,0.014243820695433618,16.489999771118164,RHO6.FRK,Roche Holding AG
2018-02-26,24.21,24.21,23.995,23.995,0.0,-0.008880627839735644,15.800000190734863,RHO6.FRK,Roche Holding AG
2018-02-27,24.13,24.13,23.995,23.995,0.0,0.0,18.59000015258789,RHO6.FRK,Roche Holding AG
2018-02-28,24.085,24.085,23.73,23.73,0.0,-0.01104396749322778,19.850000381469727,RHO6.FRK,Roche Holding AG
2018-03-01,23.715,23.715,23.715,23.715,0.0,-0.0006321112515802474,22.469999313354492,RHO6.FRK,Roche Holding AG
2018-03-02,23.62,23.62,23.62,23.62,0.0,-0.004005903436643421,19.59000015258789,RHO6.FRK,Roche Holding AG
2018-03-05,23.625,24.35,23.625,23.84,50.0,0.009314140558848383,18.729999542236328,RHO6.FRK,Roche Holding AG
2018-03-06,24.315,24.315,23.965,23.965,10.0,0.005243288590603967,18.360000610351562,RHO6.FRK,Roche Holding AG
2018-03-07,24.07,24.07,24.0,24.0,0.0,0.0014604631754642217,17.760000228881836,RHO6.FRK,Roche Holding AG
2018-03-08,24.295,24.295,24.145,24.145,10.0,0.006041666666666723,16.540000915527344,RHO6.FRK,Roche Holding AG
2018-03-09,24.445,24.445,24.445,24.445,0.0,0.012424932698281266,14.640000343322754,RHO6.FRK,Roche Holding AG
2018-03-12,24.8,24.8,24.8,24.8,0.0,0.014522397218245109,15.779999732971191,RHO6.FRK,Roche Holding AG
2018-03-13,24.715,24.715,24.25,24.25,0.0,-0.022177419354838745,16.350000381469727,RHO6.FRK,Roche Holding AG
2018-03-14,24.48,24.48,24.48,24.48,0.0,0.009484536082474238,17.229999542236328,RHO6.FRK,Roche Holding AG
2018-03-15,23.68,23.86,23.39,23.39,100.0,-0.044526143790849626,16.59000015258789,RHO6.FRK,Roche Holding AG
2018-03-16,23.67,23.67,23.67,23.67,0.0,0.01197092774690045,15.800000190734863,RHO6.FRK,Roche Holding AG
2018-03-19,23.24,23.24,23.215,23.215,0.0,-0.01922264469792989,19.020000457763672,RHO6.FRK,Roche Holding AG
2018-03-20,23.335,23.435,23.135,23.135,5.0,-0.0034460478139133333,18.200000762939453,RHO6.FRK,Roche Holding AG
2018-03-21,23.175,23.175,23.175,23.175,0.0,0.0017289820618111573,17.860000610351562,RHO6.FRK,Roche Holding AG
2018-03-22,23.115,23.115,22.785,22.785,0.0,-0.016828478964401317,23.34000015258789,RHO6.FRK,Roche Holding AG
2018-03-23,22.79,23.495,22.79,22.895,440.0,0.004827737546631461,24.8700008392334,RHO6.FRK,Roche Holding AG
2018-03-26,22.905,23.125,22.905,23.125,38.0,0.0100458615418213,21.030000686645508,RHO6.FRK,Roche Holding AG
2018-03-27,22.815,22.815,22.81,22.81,0.0,-0.013621621621621727,22.5,RHO6.FRK,Roche Holding AG
2018-03-28,22.725,23.15,22.725,23.15,0.0,0.014905743095133817,22.8700008392334,RHO6.FRK,Roche Holding AG
2018-03-29,23.3,23.3,23.11,23.11,0.0,-0.0017278617710583255,19.969999313354492,RHO6.FRK,Roche Holding AG
2018-04-03,22.28,22.54,22.28,22.54,0.0,-0.02466464733881435,21.100000381469727,RHO6.FRK,Roche Holding AG
2018-04-04,22.28,22.3,22.28,22.3,0.0,-0.010647737355811815,20.059999465942383,RHO6.FRK,Roche Holding AG
2018-04-05,23.0,23.0,22.725,22.725,48.0,0.01905829596412567,18.940000534057617,RHO6.FRK,Roche Holding AG
2018-04-06,23.005,23.005,23.005,23.005,0.0,0.012321232123212233,21.489999771118164,RHO6.FRK,Roche Holding AG
2018-04-09,22.94,23.125,22.73,22.73,70.0,-0.011953923060204263,21.770000457763672,RHO6.FRK,Roche Holding AG
2018-04-10,23.02,23.02,22.815,22.815,1200.0,0.0037395512538496156,20.469999313354492,RHO6.FRK,Roche Holding AG
2018-04-11,23.02,23.02,22.795,22.795,0.0,-0.0008766162612315886,20.239999771118164,RHO6.FRK,Roche Holding AG
2018-04-12,22.985,22.985,22.985,22.985,0.0,0.008335161219565679,18.489999771118164,RHO6.FRK,Roche Holding AG
2018-04-13,22.885,22.885,22.61,22.61,0.0,-0.016314988035675437,17.40999984741211,RHO6.FRK,Roche Holding AG
2018-04-16,22.87,22.87,22.575,22.575,0.0,-0.001547987616099089,16.559999465942383,RHO6.FRK,Roche Holding AG
2018-04-17,22.7,22.7,22.53,22.53,0.0,-0.001993355481727521,15.25,RHO6.FRK,Roche Holding AG
2018-04-18,22.715,22.715,22.41,22.41,0.0,-0.005326231691078598,15.600000381469727,RHO6.FRK,Roche Holding AG
2018-04-19,22.675,22.675,22.365,22.365,0.0,-0.002008032128514081,15.960000038146973,RHO6.FRK,Roche Holding AG
2018-04-20,22.58,22.58,22.58,22.58,0.0,0.009613234965347717,16.8799991607666,RHO6.FRK,Roche Holding AG
2018-04-23,22.62,22.65,22.62,22.65,0.0,0.003100088573959159,16.34000015258789,RHO6.FRK,Roche Holding AG
2018-04-24,22.805,22.805,22.805,22.805,0.0,0.006843267108167739,18.020000457763672,RHO6.FRK,Roche Holding AG
2018-04-25,22.785,22.785,22.485,22.485,0.0,-0.014032010524007932,17.84000015258789,RHO6.FRK,Roche Holding AG
2018-04-26,23.265,23.265,22.505,22.505,0.0,0.0008894818768068191,16.239999771118164,RHO6.FRK,Roche Holding AG
2018-04-27,22.9,22.9,22.9,22.9,0.0,0.017551655187735937,15.40999984741211,RHO6.FRK,Roche Holding AG
2018-04-30,23.095,23.095,22.885,22.885,0.0,-0.0006550218340609648,15.930000305175781,RHO6.FRK,Roche Holding AG
2018-05-02,23.325,23.325,23.17,23.17,0.0,0.012453572208870334,15.970000267028809,RHO6.FRK,Roche Holding AG
2018-05-03,23.575,23.575,23.575,23.575,0.0,0.01747949935261106,15.899999618530273,RHO6.FRK,Roche Holding AG
2018-05-04,23.815,23.815,23.28,23.28,0.0,-0.012513255567338177,14.770000457763672,RHO6.FRK,Roche Holding AG
2018-05-07,23.79,23.79,23.79,23.79,0.0,0.021907216494845283,14.75,RHO6.FRK,Roche Holding AG
2018-05-08,23.93,23.93,23.2,23.455,800.0,-0.014081546868432104,14.710000038146973,RHO6.FRK,Roche Holding AG
2018-05-09,23.835,23.835,23.355,23.355,5.0,-0.004263483265828039,13.420000076293945,RHO6.FRK,Roche Holding AG
2018-05-10,23.795,23.795,23.795,23.795,0.0,0.018839648897452488,13.229999542236328,RHO6.FRK,Roche Holding AG
2018-05-11,23.45,23.45,23.45,23.45,0.0,-0.01449884429502002,12.649999618530273,RHO6.FRK,Roche Holding AG
2018-05-14,23.425,23.435,23.345,23.345,0.0,-0.004477611940298498,12.930000305175781,RHO6.FRK,Roche Holding AG
2018-05-15,23.655,23.655,23.655,23.655,0.0,0.013279074748340225,14.630000114440918,RHO6.FRK,Roche Holding AG
2018-05-16,24.26,24.26,23.785,23.785,10.0,0.005495666878038374,13.420000076293945,RHO6.FRK,Roche Holding AG
2018-05-17,24.1,24.1,23.48,23.48,0.0,-0.012823207904141265,13.430000305175781,RHO6.FRK,Roche Holding AG
2018-05-18,23.755,23.755,23.675,23.675,0.0,0.008304940374787018,13.420000076293945,RHO6.FRK,Roche Holding AG
2018-05-21,23.675,23.675,23.675,23.675,0.0,0.0,13.079999923706055,RHO6.FRK,Roche Holding AG
2018-05-22,24.1,24.1,23.735,23.735,0.0,0.0025343189017950074,13.220000267028809,RHO6.FRK,Roche Holding AG
2018-05-23,24.105,24.105,23.245,23.245,0.0,-0.02064461765325465,12.579999923706055,RHO6.FRK,Roche Holding AG
2018-05-24,23.66,23.66,23.31,23.31,0.0,0.0027963002796298486,12.529999732971191,RHO6.FRK,Roche Holding AG
2018-05-25,23.67,23.67,23.67,23.67,0.0,0.015444015444015635,13.220000267028809,RHO6.FRK,Roche Holding AG
2018-05-28,23.38,24.205,23.38,24.205,165.0,0.022602450359104242,,RHO6.FRK,Roche Holding AG
2018-05-29,23.58,23.58,23.185,23.185,0.0,-0.04214005370791163,17.020000457763672,RHO6.FRK,Roche Holding AG
2018-05-30,23.595,23.595,23.195,23.195,0.0,0.0004313133491482546,14.9399995803833,RHO6.FRK,Roche Holding AG
2018-05-31,23.33,23.33,23.33,23.33,0.0,0.005820219874973054,15.430000305175781,RHO6.FRK,Roche Holding AG
2018-06-01,22.92,23.245,22.92,23.245,0.0,-0.0036433776253749217,13.460000038146973,RHO6.FRK,Roche Holding AG
2018-06-04,23.445,23.445,22.82,22.82,0.0,-0.018283501828350257,12.739999771118164,RHO6.FRK,Roche Holding AG
2018-06-05,23.19,23.19,22.59,22.59,0.0,-0.010078878177037676,12.399999618530273,RHO6.FRK,Roche Holding AG
2018-06-06,22.78,22.78,22.235,22.235,30.0,-0.015714918105356412,11.640000343322754,RHO6.FRK,Roche Holding AG
2018-06-07,22.61,22.61,22.61,22.61,0.0,0.016865302451090525,12.130000114440918,RHO6.FRK,Roche Holding AG
2018-06-08,22.43,22.43,22.2,22.2,0.0,-0.018133569217160583,12.180000305175781,RHO6.FRK,Roche Holding AG
2018-06-11,22.33,22.33,22.265,22.265,0.0,0.0029279279279279535,12.350000381469727,RHO6.FRK,Roche Holding AG
2018-06-12,22.64,22.64,22.64,22.64,0.0,0.01684257803727829,12.34000015258789,RHO6.FRK,Roche Holding AG
2018-06-13,22.735,22.735,22.735,22.735,0.0,0.004196113074204977,12.9399995803833,RHO6.FRK,Roche Holding AG
2018-06-14,22.625,22.625,22.625,22.625,0.0,-0.00483835495931384,12.119999885559082,RHO6.FRK,Roche Holding AG
2018-06-15,23.035,23.035,22.565,22.565,0.0,-0.002651933701657394,11.979999542236328,RHO6.FRK,Roche Holding AG
2018-06-18,22.94,22.94,22.55,22.55,0.0,-0.0006647462884998845,12.3100004196167,RHO6.FRK,Roche Holding AG
2018-06-19,22.88,22.88,22.645,22.645,0.0,0.004212860310421229,13.350000381469727,RHO6.FRK,Roche Holding AG
2018-06-20,23.125,24.08,23.125,23.21,50.0,0.02495032015897558,12.789999961853027,RHO6.FRK,Roche Holding AG
2018-06-21,23.915,23.915,23.18,23.18,0.0,-0.0012925463162430928,14.640000343322754,RHO6.FRK,Roche Holding AG
2018-06-22,23.5,23.545,23.5,23.545,0.0,0.015746333045729255,13.770000457763672,RHO6.FRK,Roche Holding AG
2018-06-25,23.915,23.915,23.295,23.295,0.0,-0.01061796559779149,17.329999923706055,RHO6.FRK,Roche Holding AG
2018-06-26,23.555,23.555,23.2,23.2,0.0,-0.00407812835372412,15.920000076293945,RHO6.FRK,Roche Holding AG
2018-06-27,23.535,23.535,23.42,23.42,0.0,0.009482758620689813,17.90999984741211,RHO6.FRK,Roche Holding AG
2018-06-28,23.815,23.815,23.815,23.815,0.0,0.016865926558496946,16.850000381469727,RHO6.FRK,Roche Holding AG
2018-06-29,23.595,23.595,23.5,23.5,800.0,-0.013226957799706174,16.09000015258789,RHO6.FRK,Roche Holding AG
2018-07-02,24.4,24.4,23.765,23.765,2.0,0.011276595744680984,15.600000381469727,RHO6.FRK,Roche Holding AG
2018-07-03,23.77,23.77,23.67,23.67,0.0,-0.003997475278771256,16.139999389648438,RHO6.FRK,Roche Holding AG
2018-07-04,23.965,24.255,23.965,24.255,0.0,0.024714828897338226,,RHO6.FRK,Roche Holding AG
2018-07-05,24.03,24.33,23.805,24.33,5.0,0.0030921459492887493,14.970000267028809,RHO6.FRK,Roche Holding AG
2018-07-06,24.05,24.05,23.75,23.75,0.0,-0.02383888203863538,13.369999885559082,RHO6.FRK,Roche Holding AG
2018-07-09,24.09,24.09,24.09,24.09,0.0,0.014315789473684282,12.6899995803833,RHO6.FRK,Roche Holding AG
2018-07-10,24.245,24.245,24.245,24.245,5.0,0.006434205064342002,12.640000343322754,RHO6.FRK,Roche Holding AG
2018-07-11,24.19,24.19,23.705,23.705,0.0,-0.02227263353268727,13.630000114440918,RHO6.FRK,Roche Holding AG
2018-07-12,24.03,24.235,24.03,24.235,0.0,0.022358152288546762,12.579999923706055,RHO6.FRK,Roche Holding AG
2018-07-13,24.765,24.765,24.765,24.765,0.0,0.02186919744171667,12.180000305175781,RHO6.FRK,Roche Holding AG
2018-07-16,24.985,24.985,24.535,24.535,0.0,-0.009287300625883343,12.829999923706055,RHO6.FRK,Roche Holding AG
2018-07-17,24.925,24.925,24.565,24.565,0.0,0.001222743020175221,12.0600004196167,RHO6.FRK,Roche Holding AG
2018-07-18,24.985,25.28,24.83,24.83,4000.0,0.010787706085894522,12.100000381469727,RHO6.FRK,Roche Holding AG
2018-07-19,24.79,24.79,24.575,24.575,0.0,-0.010269834877164707,12.869999885559082,RHO6.FRK,Roche Holding AG
2018-07-20,24.49,24.49,24.49,24.49,0.0,-0.0034587995930824844,12.859999656677246,RHO6.FRK,Roche Holding AG
2018-07-23,24.685,24.685,24.685,24.685,0.0,0.00796243364638638,12.619999885559082,RHO6.FRK,Roche Holding AG
2018-07-24,24.715,24.715,24.715,24.715,0.0,0.001215312943082969,12.40999984741211,RHO6.FRK,Roche Holding AG
2018-07-25,24.83,25.41,24.83,25.41,0.0,0.028120574549868493,12.289999961853027,RHO6.FRK,Roche Holding AG
2018-07-26,25.7,26.45,25.7,26.45,50.0,0.04092876820149538,12.140000343322754,RHO6.FRK,Roche Holding AG
2018-07-27,25.695,25.695,25.695,25.695,0.0,-0.028544423440453603,13.029999732971191,RHO6.FRK,Roche Holding AG
2018-07-30,25.82,26.33,25.82,25.885,2074.0,0.007394434714925069,14.260000228881836,RHO6.FRK,Roche Holding AG
2018-07-31,25.785,25.945,25.785,25.945,0.0,0.0023179447556498367,12.829999923706055,RHO6.FRK,Roche Holding AG
2018-08-01,25.64,25.64,25.64,25.64,0.0,-0.011755636924262847,13.149999618530273,RHO6.FRK,Roche Holding AG
2018-08-02,25.665,26.235,25.665,26.235,0.0,0.023205928237129525,12.1899995803833,RHO6.FRK,Roche Holding AG
2018-08-03,26.22,26.22,26.22,26.22,0.0,-0.0005717552887364308,11.640000343322754,RHO6.FRK,Roche Holding AG
2018-08-06,26.175,26.175,26.175,26.175,0.0,-0.0017162471395880674,11.270000457763672,RHO6.FRK,Roche Holding AG
2018-08-07,26.055,26.305,26.055,26.305,500.0,0.004966571155682775,10.930000305175781,RHO6.FRK,Roche Holding AG
2018-08-08,26.09,26.09,25.865,25.865,0.0,-0.016726858011784862,10.850000381469727,RHO6.FRK,Roche Holding AG
2018-08-09,25.85,25.85,25.85,25.85,0.0,-0.0005799342741155122,11.270000457763672,RHO6.FRK,Roche Holding AG
2018-08-10,25.79,25.98,25.79,25.98,0.0,0.005029013539651794,13.15999984741211,RHO6.FRK,Roche Holding AG
2018-08-13,25.935,25.935,25.935,25.935,0.0,-0.0017321016166282899,14.779999732971191,RHO6.FRK,Roche Holding AG
2018-08-14,25.835,25.835,25.835,25.835,0.0,-0.003855793329477497,13.3100004196167,RHO6.FRK,Roche Holding AG
2018-08-15,26.055,26.055,26.055,26.055,0.0,0.008515579640023141,14.640000343322754,RHO6.FRK,Roche Holding AG
2018-08-16,25.96,26.165,25.96,26.15,168.0,0.0036461331798118835,13.449999809265137,RHO6.FRK,Roche Holding AG
2018-08-17,25.93,26.175,25.93,26.175,200.0,0.0009560229445506607,12.640000343322754,RHO6.FRK,Roche Holding AG
2018-08-20,26.045,26.415,26.045,26.415,0.0,0.009169054441260593,12.489999771118164,RHO6.FRK,Roche Holding AG
2018-08-21,26.12,26.48,26.12,26.48,20.0,0.0024607230740110175,12.859999656677246,RHO6.FRK,Roche Holding AG
2018-08-22,26.21,26.21,26.21,26.21,0.0,-0.010196374622356452,12.25,RHO6.FRK,Roche Holding AG
2018-08-23,26.09,26.375,26.09,26.375,40.0,0.006295307134681405,12.40999984741211,RHO6.FRK,Roche Holding AG
2018-08-24,26.045,26.095,26.045,26.095,0.0,-0.010616113744075895,11.989999771118164,RHO6.FRK,Roche Holding AG
2018-08-27,25.925,26.165,25.925,26.165,0.0,0.0026825062272466393,12.15999984741211,RHO6.FRK,Roche Holding AG
2018-08-28,26.055,26.055,26.055,26.055,0.0,-0.004204089432447877,12.5,RHO6.FRK,Roche Holding AG
2018-08-29,26.035,26.32,26.035,26.32,0.0,0.010170792554212271,12.25,RHO6.FRK,Roche Holding AG
2018-08-30,26.265,26.265,26.265,26.265,0.0,-0.0020896656534954428,13.529999732971191,RHO6.FRK,Roche Holding AG
2018-08-31,26.295,26.295,26.295,26.295,0.0,0.0011422044545974508,12.859999656677246,RHO6.FRK,Roche Holding AG
2018-09-03,26.305,26.585,26.305,26.585,0.0,0.011028712683019526,,RHO6.FRK,Roche Holding AG
2018-09-04,26.455,26.455,26.455,26.455,0.0,-0.004889975550122383,13.15999984741211,RHO6.FRK,Roche Holding AG
2018-09-05,26.25,26.25,26.04,26.04,0.0,-0.015687015687015693,13.90999984741211,RHO6.FRK,Roche Holding AG
2018-09-06,25.775,25.775,25.775,25.775,0.0,-0.01017665130568357,14.649999618530273,RHO6.FRK,Roche Holding AG
2018-09-07,25.775,26.29,25.775,26.29,0.0,0.019980601357904915,14.880000114440918,RHO6.FRK,Roche Holding AG
2018-09-10,26.165,26.165,26.165,26.165,0.0,-0.004754659566374997,14.15999984741211,RHO6.FRK,Roche Holding AG
2018-09-11,26.06,26.06,25.99,25.99,80.0,-0.006688324097076315,13.220000267028809,RHO6.FRK,Roche Holding AG
2018-09-12,25.9,26.37,25.9,26.37,0.0,0.014621008080030862,13.140000343322754,RHO6.FRK,Roche Holding AG
2018-09-13,26.08,26.195,26.08,26.195,0.0,-0.006636329161926469,12.369999885559082,RHO6.FRK,Roche Holding AG
2018-09-14,26.2,26.2,26.2,26.2,0.0,0.00019087612139712107,12.069999694824219,RHO6.FRK,Roche Holding AG
2018-09-17,26.06,26.06,26.06,26.06,0.0,-0.005343511450381699,13.680000305175781,RHO6.FRK,Roche Holding AG
2018-09-18,25.85,25.89,25.85,25.89,0.0,-0.006523407521105029,12.789999961853027,RHO6.FRK,Roche Holding AG
2018-09-19,25.895,25.895,25.895,25.895,0.0,0.0001931247585940099,11.75,RHO6.FRK,Roche Holding AG
2018-09-20,25.745,25.745,25.745,25.745,0.0,-0.0057926240586985145,11.800000190734863,RHO6.FRK,Roche Holding AG
2018-09-21,25.665,25.84,25.665,25.84,0.0,0.0036900369003689537,11.680000305175781,RHO6.FRK,Roche Holding AG
2018-09-24,25.675,25.675,25.41,25.41,0.0,-0.016640866873064986,12.199999809265137,RHO6.FRK,Roche Holding AG
2018-09-25,25.235,26.265,25.235,25.61,40.0,0.007870916961826069,12.420000076293945,RHO6.FRK,Roche Holding AG
2018-09-26,26.37,26.37,25.6,25.6,76.0,-0.00039047247169066157,12.890000343322754,RHO6.FRK,Roche Holding AG
2018-09-27,25.715,25.715,25.715,25.715,0.0,0.004492187499999911,12.40999984741211,RHO6.FRK,Roche Holding AG
2018-09-28,25.68,25.935,25.68,25.935,0.0,0.008555317907835924,12.119999885559082,RHO6.FRK,Roche Holding AG
2018-10-01,25.72,25.72,25.72,25.72,0.0,-0.008289955658376758,12.0,RHO6.FRK,Roche Holding AG
2018-10-02,25.755,26.025,25.755,26.025,0.0,0.011858475894245712,12.050000190734863,RHO6.FRK,Roche Holding AG
2018-10-04,25.955,26.265,25.955,26.265,0.0,0.009221902017291228,14.220000267028809,RHO6.FRK,Roche Holding AG
2018-10-05,25.955,25.955,25.955,25.955,0.0,-0.011802779364172955,14.819999694824219,RHO6.FRK,Roche Holding AG
2018-10-08,25.955,26.48,25.955,26.48,533.0,0.020227316509343174,15.6899995803833,RHO6.FRK,Roche Holding AG
2018-10-09,25.955,26.26,25.955,26.26,0.0,-0.008308157099697788,15.949999809265137,RHO6.FRK,Roche Holding AG
2018-10-10,25.955,25.955,25.955,25.955,0.0,-0.01161462300076177,22.959999084472656,RHO6.FRK,Roche Holding AG
2018-10-11,25.78,25.78,25.78,25.78,0.0,-0.00674243883644754,24.979999542236328,RHO6.FRK,Roche Holding AG
2018-10-12,25.4,25.4,25.4,25.4,0.0,-0.014740108611326685,21.309999465942383,RHO6.FRK,Roche Holding AG
2018-10-15,25.4,26.02,25.4,25.4,150.0,0.0,21.299999237060547,RHO6.FRK,Roche Holding AG
2018-10-16,25.4,25.94,25.4,25.94,0.0,0.021259842519685046,17.6200008392334,RHO6.FRK,Roche Holding AG
2018-10-17,25.955,25.955,25.475,25.475,0.0,-0.01792598303777948,17.399999618530273,RHO6.FRK,Roche Holding AG
2018-10-18,25.455,25.455,25.455,25.455,0.0,-0.0007850834151129638,20.059999465942383,RHO6.FRK,Roche Holding AG
2018-10-19,25.675,26.26,25.675,26.26,10.0,0.031624435277941565,19.889999389648438,RHO6.FRK,Roche Holding AG
2018-10-22,25.955,26.26,25.955,26.26,0.0,0.0,19.639999389648438,RHO6.FRK,Roche Holding AG
2018-10-23,25.955,26.26,25.955,26.26,0.0,0.0,20.709999084472656,RHO6.FRK,Roche Holding AG
2018-10-24,25.955,26.16,25.955,26.16,200.0,-0.0038080731150038627,25.229999542236328,RHO6.FRK,Roche Holding AG
2018-10-25,25.415,25.415,25.415,25.415,0.0,-0.028478593272171282,24.219999313354492,RHO6.FRK,Roche Holding AG
2018-10-26,25.4,25.4,25.4,25.4,0.0,-0.0005902026362384349,24.15999984741211,RHO6.FRK,Roche Holding AG
2018-10-29,25.4,25.4,25.4,25.4,0.0,0.0,24.700000762939453,RHO6.FRK,Roche Holding AG
2018-10-30,25.4,26.05,25.4,26.05,0.0,0.02559055118110254,23.350000381469727,RHO6.FRK,Roche Holding AG
2018-10-31,25.96,26.26,25.96,26.26,0.0,0.0080614203454894,21.229999542236328,RHO6.FRK,Roche Holding AG
2018-11-01,25.955,25.955,25.955,25.955,0.0,-0.01161462300076177,19.34000015258789,RHO6.FRK,Roche Holding AG
2018-11-02,25.955,25.955,25.955,25.955,0.0,0.0,19.510000228881836,RHO6.FRK,Roche Holding AG
2018-11-05,25.925,25.925,25.925,25.925,0.0,-0.0011558466576766513,19.959999084472656,RHO6.FRK,Roche Holding AG
2018-11-06,25.955,25.955,25.955,25.955,0.0,0.0011571841851494291,19.90999984741211,RHO6.FRK,Roche Holding AG
2018-11-07,25.955,26.26,25.955,26.26,0.0,0.011751107686380324,16.360000610351562,RHO6.FRK,Roche Holding AG
2018-11-08,25.955,26.89,25.955,26.89,498.0,0.023990860624524046,16.719999313354492,RHO6.FRK,Roche Holding AG
2018-11-09,26.79,26.79,26.79,26.79,0.0,-0.0037188545927854255,17.360000610351562,RHO6.FRK,Roche Holding AG
2018-11-12,27.18,27.18,27.18,27.18,0.0,0.014557670772676445,20.450000762939453,RHO6.FRK,Roche Holding AG
2018-11-13,27.19,27.325,27.19,27.325,0.0,0.005334805003679222,20.020000457763672,RHO6.FRK,Roche Holding AG
2018-11-14,27.09,27.09,27.09,27.09,0.0,-0.008600182982616666,21.25,RHO6.FRK,Roche Holding AG
2018-11-15,26.845,26.845,26.845,26.845,0.0,-0.009043927648578864,19.979999542236328,RHO6.FRK,Roche Holding AG
2018-11-16,26.915,27.165,26.915,27.165,0.0,0.011920283106723772,18.139999389648438,RHO6.FRK,Roche Holding AG
2018-11-19,26.995,26.995,26.835,26.835,0.0,-0.012147984538928736,20.100000381469727,RHO6.FRK,Roche Holding AG
2018-11-20,26.67,26.975,26.67,26.95,100.0,0.004285448108813039,22.479999542236328,RHO6.FRK,Roche Holding AG
2018-11-21,26.87,26.9,26.87,26.9,0.0,-0.0018552875695733162,20.799999237060547,RHO6.FRK,Roche Holding AG
2018-11-22,26.835,26.835,26.835,26.835,0.0,-0.0024163568773233335,,RHO6.FRK,Roche Holding AG
2018-11-23,26.615,27.165,26.615,27.165,0.0,0.012297372833985465,21.520000457763672,RHO6.FRK,Roche Holding AG
2018-11-26,27.015,27.015,27.015,27.015,0.0,-0.005521811154058476,18.899999618530273,RHO6.FRK,Roche Holding AG
2018-11-27,27.155,27.155,27.155,27.155,0.0,0.005182306126226166,19.020000457763672,RHO6.FRK,Roche Holding AG
2018-11-28,27.29,27.735,27.29,27.735,0.0,0.02135886577057633,18.489999771118164,RHO6.FRK,Roche Holding AG
2018-11-29,27.54,27.54,27.54,27.54,0.0,-0.007030827474310497,18.790000915527344,RHO6.FRK,Roche Holding AG
2018-11-30,27.54,28.145,27.54,28.145,0.0,0.021968046477850445,18.06999969482422,RHO6.FRK,Roche Holding AG
2018-12-03,28.31,28.33,28.31,28.33,0.0,0.006573103570794103,16.440000534057617,RHO6.FRK,Roche Holding AG
2018-12-04,28.15,28.15,28.15,28.15,0.0,-0.006353688669255231,20.739999771118164,RHO6.FRK,Roche Holding AG
2018-12-05,27.75,27.75,27.75,27.75,0.0,-0.014209591474245054,,RHO6.FRK,Roche Holding AG
2018-12-06,27.55,27.55,26.8,26.8,340.0,-0.03423423423423422,21.190000534057617,RHO6.FRK,Roche Holding AG
2018-12-07,27.105,27.105,27.105,27.105,0.0,0.011380597014925442,23.229999542236328,RHO6.FRK,Roche Holding AG
2018-12-10,27.065,27.25,27.065,27.25,0.0,0.005349566500645553,22.639999389648438,RHO6.FRK,Roche Holding AG
2018-12-11,27.29,27.29,27.29,27.29,0.0,0.0014678899082567476,21.760000228881836,RHO6.FRK,Roche Holding AG
2018-12-12,27.435,27.435,27.435,27.435,0.0,0.005313301575668783,21.459999084472656,RHO6.FRK,Roche Holding AG
2018-12-13,27.91,27.975,27.91,27.975,0.0,0.019682886823400914,20.649999618530273,RHO6.FRK,Roche Holding AG
2018-12-14,27.695,27.695,27.44,27.44,0.0,-0.019124218051831954,21.6299991607666,RHO6.FRK,Roche Holding AG
2018-12-17,27.245,27.245,26.995,26.995,150.0,-0.01621720116618075,24.520000457763672,RHO6.FRK,Roche Holding AG
2018-12-18,26.855,26.855,26.855,26.855,0.0,-0.005186145582515289,25.579999923706055,RHO6.FRK,Roche Holding AG
2018-12-19,26.835,26.835,26.585,26.585,0.0,-0.010053993669707717,25.579999923706055,RHO6.FRK,Roche Holding AG
2018-12-20,26.07,26.31,26.07,26.31,0.0,-0.010344179048335622,28.3799991607666,RHO6.FRK,Roche Holding AG
2018-12-21,26.205,26.205,26.205,26.205,0.0,-0.003990877993158559,30.110000610351562,RHO6.FRK,Roche Holding AG
2018-12-27,26.51,26.51,25.685,25.685,0.0,-0.01984354130891053,29.959999084472656,RHO6.FRK,Roche Holding AG
2018-12-28,25.825,25.825,25.825,25.825,0.0,0.005450652131594236,28.34000015258789,RHO6.FRK,Roche Holding AG
2019-01-02,26.57,26.57,26.57,26.57,0.0,0.028848015488867507,23.219999313354492,RHO6.FRK,Roche Holding AG
2019-01-03,26.405,26.405,26.405,26.405,0.0,-0.0062100112909295735,25.450000762939453,RHO6.FRK,Roche Holding AG
2019-01-04,27.27,27.565,27.27,27.565,0.0,0.043931073660291586,21.3799991607666,RHO6.FRK,Roche Holding AG
2019-01-07,27.6,27.835,27.6,27.835,10.0,0.009795029929258181,21.399999618530273,RHO6.FRK,Roche Holding AG
2019-01-08,27.16,27.875,27.16,27.82,30.0,-0.0005388898868331493,20.469999313354492,RHO6.FRK,Roche Holding AG
2019-01-09,27.64,27.64,27.64,27.64,0.0,-0.006470165348670065,19.979999542236328,RHO6.FRK,Roche Holding AG
2019-01-10,27.54,28.04,27.54,28.04,0.0,0.01447178002894356,19.5,RHO6.FRK,Roche Holding AG
2019-01-11,27.955,27.955,27.955,27.955,0.0,-0.0030313837375178787,18.190000534057617,RHO6.FRK,Roche Holding AG
2019-01-14,27.66,28.55,27.66,28.55,5.0,0.021284206760865843,19.06999969482422,RHO6.FRK,Roche Holding AG
2019-01-15,27.805,27.805,27.805,27.805,0.0,-0.026094570928196226,18.600000381469727,RHO6.FRK,Roche Holding AG
2019-01-16,28.035,28.175,28.035,28.175,0.0,0.013306959180003686,19.040000915527344,RHO6.FRK,Roche Holding AG
2019-01-17,27.87,28.145,27.87,28.145,0.0,-0.001064773735581226,18.059999465942383,RHO6.FRK,Roche Holding AG
2019-01-18,28.05,28.05,28.05,28.05,0.0,-0.0033753775093267047,17.799999237060547,RHO6.FRK,Roche Holding AG
2019-01-21,28.135,28.135,28.135,28.135,0.0,0.003030303030303161,,RHO6.FRK,Roche Holding AG
2019-01-22,27.81,28.215,27.81,28.215,0.0,0.002843433445885779,20.799999237060547,RHO6.FRK,Roche Holding AG
2019-01-23,27.875,27.875,27.875,27.875,0.0,-0.012050327839801533,19.520000457763672,RHO6.FRK,Roche Holding AG
2019-01-24,28.105,28.105,28.105,28.105,0.0,0.00825112107623327,18.889999389648438,RHO6.FRK,Roche Holding AG
2019-01-25,27.915,27.915,27.915,27.915,0.0,-0.006760362924746577,17.420000076293945,RHO6.FRK,Roche Holding AG
2019-01-28,27.78,27.905,27.78,27.905,195.0,-0.0003582303421099109,18.8700008392334,RHO6.FRK,Roche Holding AG
2019-01-29,27.6,27.925,27.6,27.925,5.0,0.0007167174341515814,19.1299991607666,RHO6.FRK,Roche Holding AG
2019-01-30,27.35,27.35,27.35,27.35,0.0,-0.020590868397493245,17.65999984741211,RHO6.FRK,Roche Holding AG
2019-01-31,28.37,28.37,28.37,28.37,0.0,0.037294332723948775,16.56999969482422,RHO6.FRK,Roche Holding AG
2019-02-01,28.49,28.49,28.49,28.49,0.0,0.004229820232640069,16.139999389648438,RHO6.FRK,Roche Holding AG
2019-02-04,28.5,29.56,28.335,29.56,29.0,0.03755703755703754,15.729999542236328,RHO6.FRK,Roche Holding AG
2019-02-05,28.665,28.665,28.665,28.665,0.0,-0.03027740189445194,15.569999694824219,RHO6.FRK,Roche Holding AG
2019-02-06,28.91,29.11,28.91,29.11,0.0,0.015524158381301278,15.380000114440918,RHO6.FRK,Roche Holding AG
2019-02-07,28.935,29.0,28.935,29.0,0.0,-0.0037787701820679587,16.3700008392334,RHO6.FRK,Roche Holding AG
2019-02-08,28.88,29.27,28.61,29.27,200.0,0.009310344827586192,15.720000267028809,RHO6.FRK,Roche Holding AG
2019-02-11,29.31,29.31,29.31,29.31,0.0,0.0013665869490946392,15.970000267028809,RHO6.FRK,Roche Holding AG
2019-02-12,29.325,29.67,29.325,29.625,161.0,0.010747185261003045,15.430000305175781,RHO6.FRK,Roche Holding AG
2019-02-13,29.45,29.45,29.45,29.45,0.0,-0.005907172995780585,15.649999618530273,RHO6.FRK,Roche Holding AG
2019-02-14,29.385,29.5,29.385,29.5,0.0,0.0016977928692700761,16.219999313354492,RHO6.FRK,Roche Holding AG
2019-02-15,29.25,29.76,29.25,29.76,0.0,0.008813559322033981,14.90999984741211,RHO6.FRK,Roche Holding AG
2019-02-18,29.615,29.815,29.615,29.815,0.0,0.001848118279569988,,RHO6.FRK,Roche Holding AG
2019-02-19,29.625,29.975,29.625,29.975,0.0,0.005366426295488891,14.880000114440918,RHO6.FRK,Roche Holding AG
2019-02-20,29.74,29.74,29.74,29.74,0.0,-0.007839866555462982,14.020000457763672,RHO6.FRK,Roche Holding AG
2019-02-21,30.005,30.005,30.005,30.005,0.0,0.008910558170813765,14.460000038146973,RHO6.FRK,Roche Holding AG
2019-02-22,30.03,30.03,30.03,30.03,0.0,0.0008331944675887826,13.510000228881836,RHO6.FRK,Roche Holding AG
2019-02-25,30.14,30.14,30.14,30.14,0.0,0.00366300366300365,14.850000381469727,RHO6.FRK,Roche Holding AG
2019-02-26,29.82,30.345,29.82,30.345,0.0,0.006801592568015824,15.170000076293945,RHO6.FRK,Roche Holding AG
2019-02-27,30.155,30.28,30.155,30.28,0.0,-0.002142033283901723,14.699999809265137,RHO6.FRK,Roche Holding AG
2019-02-28,30.14,30.14,30.14,30.14,0.0,-0.004623513870541607,14.779999732971191,RHO6.FRK,Roche Holding AG
2019-03-01,30.07,30.07,30.07,30.07,0.0,-0.002322495023225013,13.569999694824219,RHO6.FRK,Roche Holding AG
2019-03-04,30.165,30.385,30.165,30.385,0.0,0.010475557033588379,14.630000114440918,RHO6.FRK,Roche Holding AG
2019-03-05,30.15,30.53,30.15,30.53,0.0,0.004772091492512676,14.739999771118164,RHO6.FRK,Roche Holding AG
2019-03-06,30.23,30.23,30.23,30.23,0.0,-0.009826400262037405,15.739999771118164,RHO6.FRK,Roche Holding AG
2019-03-07,29.425,29.425,29.425,29.425,0.0,-0.0266291763149189,16.59000015258789,RHO6.FRK,Roche Holding AG
2019-03-08,29.445,29.445,29.445,29.445,0.0,0.0006796941376381316,16.049999237060547,RHO6.FRK,Roche Holding AG
2019-03-11,29.355,29.355,29.355,29.355,0.0,-0.0030565461029037344,14.329999923706055,RHO6.FRK,Roche Holding AG
2019-03-12,29.48,29.48,29.39,29.39,0.0,0.0011923011412025009,13.770000457763672,RHO6.FRK,Roche Holding AG
2019-03-13,29.225,29.225,29.225,29.225,0.0,-0.005614154474310906,13.40999984741211,RHO6.FRK,Roche Holding AG
2019-03-14,29.355,29.355,29.355,29.355,0.0,0.004448246364413988,13.5,RHO6.FRK,Roche Holding AG
2019-03-15,29.795,29.795,29.795,29.795,0.0,0.014988928632260201,12.880000114440918,RHO6.FRK,Roche Holding AG
2019-03-18,29.48,29.495,29.48,29.495,0.0,-0.01006880349051853,13.100000381469727,RHO6.FRK,Roche Holding AG
2019-03-19,29.46,29.46,29.46,29.46,0.0,-0.0011866418036955428,13.5600004196167,RHO6.FRK,Roche Holding AG
2019-03-20,29.245,29.55,29.245,29.55,0.0,0.003054989816700715,13.90999984741211,RHO6.FRK,Roche Holding AG
2019-03-21,29.405,29.63,29.365,29.63,0.0,0.002707275803722542,13.630000114440918,RHO6.FRK,Roche Holding AG
2019-03-22,29.47,29.47,29.47,29.47,0.0,-0.005399932500843696,16.479999542236328,RHO6.FRK,Roche Holding AG
2019-03-25,29.325,29.44,29.325,29.44,0.0,-0.001017984390905946,16.329999923706055,RHO6.FRK,Roche Holding AG
2019-03-26,29.455,29.455,29.455,29.455,0.0,0.0005095108695651884,14.680000305175781,RHO6.FRK,Roche Holding AG
2019-03-27,29.97,29.97,29.925,29.925,0.0,0.015956543880495833,15.149999618530273,RHO6.FRK,Roche Holding AG
2019-03-28,29.845,30.075,29.845,30.075,0.0,0.005012531328320691,14.430000305175781,RHO6.FRK,Roche Holding AG
2019-03-29,29.855,29.855,29.855,29.855,0.0,-0.00731504571903574,13.710000038146973,RHO6.FRK,Roche Holding AG
2019-04-01,30.2,30.2,30.2,30.2,0.0,0.011555853290905915,13.399999618530273,RHO6.FRK,Roche Holding AG
2019-04-02,30.4,30.4,30.2,30.2,0.0,0.0,13.359999656677246,RHO6.FRK,Roche Holding AG
2019-04-03,30.4,30.4,30.2,30.2,800.0,0.0,13.739999771118164,RHO6.FRK,Roche Holding AG
2019-04-04,30.2,30.2,30.2,30.2,0.0,0.0,13.579999923706055,RHO6.FRK,Roche Holding AG
2019-04-05,30.2,30.2,30.2,30.2,0.0,0.0,12.819999694824219,RHO6.FRK,Roche Holding AG
2019-04-08,29.98,29.98,29.98,29.98,0.0,-0.007284768211920478,13.180000305175781,RHO6.FRK,Roche Holding AG
2019-04-09,29.95,30.735,29.95,30.735,20.0,0.025183455637091345,14.279999732971191,RHO6.FRK,Roche Holding AG
2019-04-10,29.905,30.15,29.905,30.15,0.0,-0.019033674963396807,13.300000190734863,RHO6.FRK,Roche Holding AG
2019-04-11,29.895,29.895,29.875,29.875,0.0,-0.009121061359867233,13.020000457763672,RHO6.FRK,Roche Holding AG
2019-04-12,29.645,29.645,29.645,29.645,0.0,-0.007698744769874533,12.010000228881836,RHO6.FRK,Roche Holding AG
2019-04-15,28.955,28.955,28.92,28.92,4.0,-0.02445606341710227,12.319999694824219,RHO6.FRK,Roche Holding AG
2019-04-16,29.18,29.355,29.18,29.355,0.0,0.015041493775933557,12.180000305175781,RHO6.FRK,Roche Holding AG
2019-04-17,29.3,29.3,29.3,29.3,0.0,-0.0018736160790324696,12.600000381469727,RHO6.FRK,Roche Holding AG
2019-04-18,29.5,29.5,28.535,28.535,20.0,-0.02610921501706487,12.09000015258789,RHO6.FRK,Roche Holding AG
2019-04-23,28.47,28.47,28.47,28.47,0.0,-0.002277904328018221,12.279999732971191,RHO6.FRK,Roche Holding AG
2019-04-24,28.785,28.785,28.785,28.785,0.0,0.011064278187565835,13.140000343322754,RHO6.FRK,Roche Holding AG
2019-04-25,28.85,28.85,28.85,28.85,0.0,0.002258120548896958,13.25,RHO6.FRK,Roche Holding AG
2019-04-26,28.64,28.88,28.64,28.88,0.0,0.0010398613518196598,12.729999542236328,RHO6.FRK,Roche Holding AG
2019-04-29,28.845,28.91,28.845,28.91,0.0,0.0010387811634349209,13.109999656677246,RHO6.FRK,Roche Holding AG
2019-04-30,28.79,28.79,28.79,28.79,0.0,-0.0041508128675199485,13.119999885559082,RHO6.FRK,Roche Holding AG
2019-05-02,29.005,29.005,29.005,29.005,0.0,0.007467870788468112,14.420000076293945,RHO6.FRK,Roche Holding AG
2019-05-03,28.91,29.4,28.91,29.4,60.0,0.013618341665230016,12.869999885559082,RHO6.FRK,Roche Holding AG
2019-05-06,28.865,28.865,28.865,28.865,0.0,-0.01819727891156464,15.4399995803833,RHO6.FRK,Roche Holding AG
2019-05-07,28.945,28.945,28.945,28.945,0.0,0.0027715226052313913,19.31999969482422,RHO6.FRK,Roche Holding AG
2019-05-08,28.655,28.655,28.655,28.655,0.0,-0.010019001554672613,19.399999618530273,RHO6.FRK,Roche Holding AG
2019-05-09,28.675,28.675,28.675,28.675,0.0,0.0006979584714710274,19.100000381469727,RHO6.FRK,Roche Holding AG
2019-05-10,28.225,28.225,28.225,28.225,0.0,-0.01569311246730598,16.040000915527344,RHO6.FRK,Roche Holding AG
2019-05-13,27.93,28.155,27.93,28.155,0.0,-0.0024800708591674603,20.549999237060547,RHO6.FRK,Roche Holding AG
2019-05-14,28.3,28.3,28.015,28.015,750.0,-0.004972473805718414,18.059999465942383,RHO6.FRK,Roche Holding AG
2019-05-15,28.1,28.205,28.1,28.205,0.0,0.006782081028020581,16.440000534057617,RHO6.FRK,Roche Holding AG
2019-05-16,28.185,28.185,28.185,28.185,0.0,-0.0007090941322460687,15.289999961853027,RHO6.FRK,Roche Holding AG
2019-05-17,28.73,28.73,28.73,28.73,0.0,0.019336526521199326,15.960000038146973,RHO6.FRK,Roche Holding AG
2019-05-20,28.985,28.985,28.985,28.985,0.0,0.008875739644970349,16.309999465942383,RHO6.FRK,Roche Holding AG
2019-05-21,29.15,29.22,29.15,29.22,0.0,0.008107641883732919,14.949999809265137,RHO6.FRK,Roche Holding AG
2019-05-22,29.07,29.4,29.07,29.4,0.0,0.006160164271047153,14.75,RHO6.FRK,Roche Holding AG
2019-05-23,29.47,30.395,29.47,30.395,1325.0,0.03384353741496593,16.920000076293945,RHO6.FRK,Roche Holding AG
2019-05-24,29.715,30.67,29.715,30.0,20.0,-0.012995558480013103,15.850000381469727,RHO6.FRK,Roche Holding AG
2019-05-27,29.9,29.9,29.9,29.9,0.0,-0.0033333333333334103,,RHO6.FRK,Roche Holding AG
2019-05-28,30.5,30.5,30.5,30.5,0.0,0.02006688963210701,17.5,RHO6.FRK,Roche Holding AG
2019-05-29,29.29,29.29,29.29,29.29,0.0,-0.03967213114754098,17.899999618530273,RHO6.FRK,Roche Holding AG
2019-05-30,29.285,29.395,29.285,29.395,0.0,0.0035848412427450516,17.299999237060547,RHO6.FRK,Roche Holding AG
2019-05-31,29.01,29.01,29.01,29.01,0.0,-0.013097465555366505,18.709999084472656,RHO6.FRK,Roche Holding AG
2019-06-03,29.0,29.0,29.0,29.0,0.0,-0.00034470872113068207,18.860000610351562,RHO6.FRK,Roche Holding AG
2019-06-04,29.29,29.29,29.29,29.29,0.0,0.010000000000000009,16.969999313354492,RHO6.FRK,Roche Holding AG
2019-06-05,28.97,28.97,28.97,28.97,0.0,-0.010925230454079893,16.09000015258789,RHO6.FRK,Roche Holding AG
2019-06-06,29.065,29.74,29.065,29.74,0.0,0.026579219882637117,15.930000305175781,RHO6.FRK,Roche Holding AG
2019-06-07,29.53,29.815,29.53,29.815,0.0,0.002521856086079355,16.299999237060547,RHO6.FRK,Roche Holding AG
2019-06-11,29.745,30.22,29.745,30.22,0.0,0.013583766560456123,15.989999771118164,RHO6.FRK,Roche Holding AG
2019-06-12,29.66,29.66,29.66,29.66,0.0,-0.018530774321641297,15.90999984741211,RHO6.FRK,Roche Holding AG
2019-06-13,30.115,30.52,30.115,30.52,0.0,0.028995279838165855,15.819999694824219,RHO6.FRK,Roche Holding AG
2019-06-14,30.325,30.535,30.325,30.535,0.0,0.0004914809960681055,15.279999732971191,RHO6.FRK,Roche Holding AG
2019-06-17,30.3,30.3,30.3,30.3,0.0,-0.007696086458162776,15.350000381469727,RHO6.FRK,Roche Holding AG
2019-06-18,30.17,30.68,30.17,30.68,0.0,0.012541254125412404,15.149999618530273,RHO6.FRK,Roche Holding AG
2019-06-19,30.65,30.65,30.65,30.65,0.0,-0.0009778357235984414,14.329999923706055,RHO6.FRK,Roche Holding AG
2019-06-20,30.695,31.445,30.695,31.235,0.0,0.019086460032626373,14.75,RHO6.FRK,Roche Holding AG
2019-06-21,31.18,31.18,30.985,30.985,0.0,-0.008003841844085202,15.399999618530273,RHO6.FRK,Roche Holding AG
2019-06-24,30.765,30.765,30.765,30.765,0.0,-0.007100209778925226,15.260000228881836,RHO6.FRK,Roche Holding AG
2019-06-25,30.67,30.895,30.67,30.895,0.0,0.004225581017389901,16.280000686645508,RHO6.FRK,Roche Holding AG
2019-06-26,30.6,30.645,30.585,30.585,0.0,-0.010033986081890212,16.209999084472656,RHO6.FRK,Roche Holding AG
2019-06-27,30.37,30.37,30.37,30.37,0.0,-0.007029589668137937,15.819999694824219,RHO6.FRK,Roche Holding AG
2019-06-28,30.345,30.51,30.345,30.51,0.0,0.004609812314784412,15.079999923706055,RHO6.FRK,Roche Holding AG
2019-07-01,30.81,30.91,30.81,30.91,0.0,0.013110455588331682,14.0600004196167,RHO6.FRK,Roche Holding AG
2019-07-02,30.775,31.005,30.775,31.005,0.0,0.0030734390164994796,12.930000305175781,RHO6.FRK,Roche Holding AG
2019-07-03,30.965,32.08,30.965,31.285,30.0,0.009030801483631778,12.569999694824219,RHO6.FRK,Roche Holding AG
2019-07-04,31.07,31.3,31.07,31.3,0.0,0.00047946300143841825,,RHO6.FRK,Roche Holding AG
2019-07-05,31.08,31.295,31.08,31.295,0.0,-0.0001597444089456168,13.279999732971191,RHO6.FRK,Roche Holding AG
2019-07-08,30.675,30.675,30.675,30.675,0.0,-0.019811471481067322,13.960000038146973,RHO6.FRK,Roche Holding AG
2019-07-09,30.46,30.655,30.46,30.655,0.0,-0.0006519967400162585,14.09000015258789,RHO6.FRK,Roche Holding AG
2019-07-10,30.515,30.515,30.515,30.515,0.0,-0.004566954819768432,13.029999732971191,RHO6.FRK,Roche Holding AG
2019-07-11,30.34,30.34,30.34,30.34,0.0,-0.005734884483041158,12.930000305175781,RHO6.FRK,Roche Holding AG
2019-07-12,29.815,30.0,29.325,29.325,20.0,-0.03345418589321025,12.390000343322754,RHO6.FRK,Roche Holding AG
2019-07-15,30.0,30.0,30.0,30.0,2.0,0.023017902813299296,12.680000305175781,RHO6.FRK,Roche Holding AG
2019-07-16,29.32,29.735,29.32,29.67,0.0,-0.010999999999999899,12.859999656677246,RHO6.FRK,Roche Holding AG
2019-07-17,29.525,30.655,29.525,30.655,10.0,0.03319851702055954,13.970000267028809,RHO6.FRK,Roche Holding AG
2019-07-18,29.91,29.91,29.91,29.91,0.0,-0.024302723862339004,13.529999732971191,RHO6.FRK,Roche Holding AG
2019-07-19,30.135,30.135,29.56,29.56,83.0,-0.011701771982614573,14.449999809265137,RHO6.FRK,Roche Holding AG
2019-07-22,29.515,29.755,29.515,29.755,0.0,0.006596752368065006,13.529999732971191,RHO6.FRK,Roche Holding AG
2019-07-23,29.61,29.61,29.61,29.61,0.0,-0.0048731305662913504,12.609999656677246,RHO6.FRK,Roche Holding AG
2019-07-24,29.95,29.95,29.905,29.905,78.0,0.009962850388382405,12.069999694824219,RHO6.FRK,Roche Holding AG
2019-07-25,29.98,29.98,29.74,29.74,0.0,-0.005517471994649803,12.739999771118164,RHO6.FRK,Roche Holding AG
2019-07-26,29.33,29.33,29.33,29.33,0.0,-0.013786146603900429,12.15999984741211,RHO6.FRK,Roche Holding AG
2019-07-29,29.955,29.955,29.955,29.955,0.0,0.02130923968632792,12.829999923706055,RHO6.FRK,Roche Holding AG
2019-07-30,29.96,30.685,29.96,30.685,3.0,0.024369888165581832,13.9399995803833,RHO6.FRK,Roche Holding AG
2019-07-31,29.545,30.555,29.545,30.555,80.0,-0.0042365976861657995,16.1200008392334,RHO6.FRK,Roche Holding AG
2019-08-01,29.88,30.86,29.88,30.86,3.0,0.009981999672721287,17.8700008392334,RHO6.FRK,Roche Holding AG
2019-08-02,29.96,29.96,29.96,29.96,0.0,-0.029163966299416644,17.610000610351562,RHO6.FRK,Roche Holding AG
2019-08-05,30.22,30.22,30.09,30.09,50.0,0.0043391188251000745,24.59000015258789,RHO6.FRK,Roche Holding AG
2019-08-06,29.595,29.595,29.595,29.595,0.0,-0.016450648055832517,20.170000076293945,RHO6.FRK,Roche Holding AG
2019-08-07,29.78,29.87,29.78,29.87,0.0,0.009292110153742206,19.489999771118164,RHO6.FRK,Roche Holding AG
2019-08-08,29.745,30.81,29.745,30.81,30.0,0.0314697020421828,16.90999984741211,RHO6.FRK,Roche Holding AG
2019-08-09,30.425,31.51,30.425,31.51,215.0,0.022719896137617823,17.969999313354492,RHO6.FRK,Roche Holding AG
2019-08-12,30.72,31.08,30.72,31.08,0.0,-0.013646461440812496,21.09000015258789,RHO6.FRK,Roche Holding AG
2019-08-13,30.685,31.1,30.685,31.1,0.0,0.0006435006435008273,17.520000457763672,RHO6.FRK,Roche Holding AG
2019-08-14,31.025,31.64,31.025,31.64,1.0,0.017363344051446905,22.100000381469727,RHO6.FRK,Roche Holding AG
2019-08-15,30.435,30.435,30.435,30.435,0.0,-0.03808470290771182,21.18000030517578,RHO6.FRK,Roche Holding AG
2019-08-16,31.5,31.705,30.96,30.96,194.0,0.01724987678659451,18.469999313354492,RHO6.FRK,Roche Holding AG
2019-08-19,32.0,32.0,30.79,30.79,3.0,-0.005490956072351505,16.8799991607666,RHO6.FRK,Roche Holding AG
2019-08-20,31.02,31.295,31.02,31.28,700.0,0.0159142578759337,17.5,RHO6.FRK,Roche Holding AG
2019-08-21,30.77,31.105,30.77,31.065,0.0,-0.006873401534526868,15.800000190734863,RHO6.FRK,Roche Holding AG
2019-08-22,30.855,30.855,30.855,30.855,0.0,-0.006760019314340893,16.68000030517578,RHO6.FRK,Roche Holding AG
2019-08-23,30.77,30.77,30.77,30.77,0.0,-0.0027548209366391463,19.8700008392334,RHO6.FRK,Roche Holding AG
2019-08-26,30.385,30.76,30.385,30.76,0.0,-0.0003249918752030734,19.31999969482422,RHO6.FRK,Roche Holding AG
2019-08-27,31.5,31.5,30.83,30.865,98.0,0.0034135240572170655,20.309999465942383,RHO6.FRK,Roche Holding AG
2019-08-28,30.62,30.62,30.62,30.62,0.0,-0.007937793617365907,19.350000381469727,RHO6.FRK,Roche Holding AG
2019-08-29,31.3,31.41,30.47,31.41,55.0,0.025800130633572893,17.8799991607666,RHO6.FRK,Roche Holding AG
2019-08-30,30.51,30.645,30.51,30.645,0.0,-0.024355300859598916,18.979999542236328,RHO6.FRK,Roche Holding AG
2019-09-02,31.6,31.6,31.28,31.28,163.0,0.020721161690324674,,RHO6.FRK,Roche Holding AG
2019-09-03,30.745,30.745,30.745,30.745,0.0,-0.017103580562659815,19.65999984741211,RHO6.FRK,Roche Holding AG
2019-09-04,30.785,30.785,30.785,30.785,0.0,0.0013010245568385592,17.329999923706055,RHO6.FRK,Roche Holding AG
2019-09-05,30.88,30.88,30.88,30.88,0.0,0.003085918466785742,16.270000457763672,RHO6.FRK,Roche Holding AG
2019-09-06,31.56,31.56,31.03,31.03,331.0,0.004857512953367893,15.0,RHO6.FRK,Roche Holding AG
2019-09-09,30.87,30.87,30.645,30.695,0.0,-0.010796003867225346,15.270000457763672,RHO6.FRK,Roche Holding AG
2019-09-10,30.595,30.985,30.595,30.985,10.0,0.009447792800130195,15.199999809265137,RHO6.FRK,Roche Holding AG
2019-09-11,30.545,31.34,30.545,31.34,125.0,0.011457156688720271,14.609999656677246,RHO6.FRK,Roche Holding AG
2019-09-12,30.325,30.325,30.325,30.325,0.0,-0.03238672622846206,14.220000267028809,RHO6.FRK,Roche Holding AG
2019-09-13,30.145,30.92,30.145,30.895,10.0,0.01879637262984346,13.739999771118164,RHO6.FRK,Roche Holding AG
2019-09-16,30.66,30.975,30.66,30.975,0.0,0.002589415763068592,14.670000076293945,RHO6.FRK,Roche Holding AG
2019-09-17,30.735,30.735,30.735,30.735,0.0,-0.0077481840193704965,14.4399995803833,RHO6.FRK,Roche Holding AG
2019-09-18,31.28,31.305,31.28,31.305,0.0,0.01854563201561743,13.949999809265137,RHO6.FRK,Roche Holding AG
2019-09-19,31.495,31.99,31.495,31.99,0.0,0.021881488580099084,14.050000190734863,RHO6.FRK,Roche Holding AG
2019-09-20,31.73,32.85,31.73,32.85,425.0,0.02688340106283227,15.319999694824219,RHO6.FRK,Roche Holding AG
2019-09-23,31.875,32.865,31.875,32.865,50.0,0.0004566210045662267,14.90999984741211,RHO6.FRK,Roche Holding AG
2019-09-24,31.995,31.995,31.995,31.995,0.0,-0.0264719306252853,17.049999237060547,RHO6.FRK,Roche Holding AG
2019-09-25,31.93,31.945,31.93,31.945,0.0,-0.0015627441787779972,15.960000038146973,RHO6.FRK,Roche Holding AG
2019-09-26,31.99,33.325,31.99,33.305,21.0,0.04257317264047589,16.06999969482422,RHO6.FRK,Roche Holding AG
2019-09-27,32.15,32.675,32.15,32.675,45.0,-0.018916078666866953,17.219999313354492,RHO6.FRK,Roche Holding AG
2019-09-30,32.81,32.81,32.81,32.81,0.0,0.00413159908186711,16.239999771118164,RHO6.FRK,Roche Holding AG
2019-10-01,32.96,32.96,32.785,32.785,0.0,-0.0007619628162147674,18.559999465942383,RHO6.FRK,Roche Holding AG
2019-10-02,32.61,32.61,32.61,32.61,0.0,-0.00533780692389807,20.559999465942383,RHO6.FRK,Roche Holding AG
2019-10-04,31.705,33.26,31.705,33.26,860.0,0.019932536031892045,17.040000915527344,RHO6.FRK,Roche Holding AG
2019-10-07,32.43,32.795,32.43,32.795,0.0,-0.013980757666867016,17.860000610351562,RHO6.FRK,Roche Holding AG
2019-10-08,32.6,32.6,32.6,32.6,0.0,-0.005946028357981414,20.280000686645508,RHO6.FRK,Roche Holding AG
2019-10-09,32.4,32.4,32.4,32.4,0.0,-0.00613496932515345,18.639999389648438,RHO6.FRK,Roche Holding AG
2019-10-10,32.4,32.4,32.4,32.4,0.0,0.0,17.56999969482422,RHO6.FRK,Roche Holding AG
2019-10-11,32.145,33.005,32.145,32.505,63.0,0.0032407407407408773,15.579999923706055,RHO6.FRK,Roche Holding AG
2019-10-14,33.595,33.595,32.44,32.44,92.0,-0.0019996923550223977,14.569999694824219,RHO6.FRK,Roche Holding AG
2019-10-15,32.11,32.11,32.11,32.11,0.0,-0.010172626387176309,13.539999961853027,RHO6.FRK,Roche Holding AG
2019-10-16,32.23,33.275,32.23,33.275,45.0,0.036281532232949276,13.680000305175781,RHO6.FRK,Roche Holding AG
2019-10-17,31.77,31.77,31.77,31.77,0.0,-0.04522915101427494,13.789999961853027,RHO6.FRK,Roche Holding AG
2019-10-18,32.35,33.345,32.35,33.29,468.0,0.047843877872206564,14.25,RHO6.FRK,Roche Holding AG
2019-10-21,33.32,33.32,32.625,32.665,265.0,-0.018774406728747417,14.0,RHO6.FRK,Roche Holding AG
2019-10-22,32.415,32.415,32.225,32.225,0.0,-0.013470075003826687,14.460000038146973,RHO6.FRK,Roche Holding AG
2019-10-23,32.06,32.06,32.06,32.06,0.0,-0.00512024825446078,14.010000228881836,RHO6.FRK,Roche Holding AG
2019-10-24,32.25,32.86,32.25,32.86,0.0,0.024953212726138485,13.710000038146973,RHO6.FRK,Roche Holding AG
2019-10-25,32.51,32.51,32.51,32.51,0.0,-0.010651247717589851,12.649999618530273,RHO6.FRK,Roche Holding AG
2019-10-28,32.845,33.655,32.835,33.655,120.0,0.0352199323285145,13.109999656677246,RHO6.FRK,Roche Holding AG
2019-10-29,32.82,32.955,32.795,32.955,0.0,-0.020799286881592716,13.199999809265137,RHO6.FRK,Roche Holding AG
2019-10-30,32.715,32.715,32.715,32.715,0.0,-0.007282658170231993,12.329999923706055,RHO6.FRK,Roche Holding AG
2019-10-31,34.0,34.0,33.035,33.41,3.0,0.021244077640226067,13.220000267028809,RHO6.FRK,Roche Holding AG
2019-11-01,33.16,33.16,33.16,33.16,0.0,-0.0074827895839568725,12.300000190734863,RHO6.FRK,Roche Holding AG
2019-11-04,33.225,33.225,33.225,33.225,0.0,0.0019601930036190485,12.829999923706055,RHO6.FRK,Roche Holding AG
2019-11-05,33.235,33.28,33.175,33.175,0.0,-0.0015048908954101714,13.100000381469727,RHO6.FRK,Roche Holding AG
2019-11-06,34.5,34.5,32.915,33.765,540.0,0.017784476262245663,12.619999885559082,RHO6.FRK,Roche Holding AG
2019-11-07,33.015,33.015,33.015,33.015,0.0,-0.02221235006663702,12.729999542236328,RHO6.FRK,Roche Holding AG
2019-11-08,33.09,33.335,33.09,33.335,0.0,0.009692563986066993,12.069999694824219,RHO6.FRK,Roche Holding AG
2019-11-11,34.465,34.465,33.37,33.67,1.0,0.01004949752512374,12.6899995803833,RHO6.FRK,Roche Holding AG
2019-11-12,32.97,34.35,32.97,34.35,101.0,0.020196020196020292,12.680000305175781,RHO6.FRK,Roche Holding AG
2019-11-13,33.405,33.405,33.405,33.405,0.0,-0.02751091703056774,13.0,RHO6.FRK,Roche Holding AG
2019-11-14,33.62,33.85,33.62,33.85,80.0,0.013321359077982375,13.050000190734863,RHO6.FRK,Roche Holding AG
2019-11-15,33.325,33.565,33.325,33.565,0.0,-0.008419497784342811,12.050000190734863,RHO6.FRK,Roche Holding AG
2019-11-18,33.405,33.405,33.405,33.405,0.0,-0.004766870251750266,12.460000038146973,RHO6.FRK,Roche Holding AG
2019-11-19,33.78,34.865,33.78,34.865,100.0,0.0437060320311331,12.859999656677246,RHO6.FRK,Roche Holding AG
2019-11-20,34.05,34.05,34.05,34.05,0.0,-0.023375878388068427,12.779999732971191,RHO6.FRK,Roche Holding AG
2019-11-21,33.94,34.135,33.94,34.135,0.0,0.0024963289280470757,13.130000114440918,RHO6.FRK,Roche Holding AG
2019-11-22,34.095,34.895,34.095,34.895,20.0,0.02226453786436222,12.34000015258789,RHO6.FRK,Roche Holding AG
2019-11-25,33.98,35.15,33.98,35.15,0.0,0.007307637197305983,11.869999885559082,RHO6.FRK,Roche Holding AG
2019-11-26,34.4,34.91,34.4,34.91,0.0,-0.006827880512091045,11.539999961853027,RHO6.FRK,Roche Holding AG
2019-11-27,34.66,34.75,34.66,34.75,200.0,-0.004583213978802569,11.75,RHO6.FRK,Roche Holding AG
2019-11-28,34.47,34.47,34.47,34.47,0.0,-0.008057553956834607,,RHO6.FRK,Roche Holding AG
2019-11-29,34.47,34.47,34.47,34.47,0.0,0.0,12.619999885559082,RHO6.FRK,Roche Holding AG
2019-12-02,35.555,35.555,34.44,34.935,138.0,0.013489991296779857,14.90999984741211,RHO6.FRK,Roche Holding AG
2019-12-03,34.17,35.1,34.17,35.1,1.0,0.00472305710605414,15.960000038146973,RHO6.FRK,Roche Holding AG
2019-12-04,33.915,34.88,33.915,34.2,150.0,-0.02564102564102555,14.800000190734863,RHO6.FRK,Roche Holding AG
2019-12-05,34.155,34.155,34.155,34.155,0.0,-0.0013157894736842701,14.520000457763672,RHO6.FRK,Roche Holding AG
2019-12-06,34.05,35.075,34.05,34.48,100.0,0.009515444298052955,13.619999885559082,RHO6.FRK,Roche Holding AG
2019-12-09,34.315,34.4,34.23,34.4,0.0,-0.002320185614849146,15.859999656677246,RHO6.FRK,Roche Holding AG
2019-12-10,34.13,34.13,34.13,34.13,0.0,-0.007848837209302184,15.680000305175781,RHO6.FRK,Roche Holding AG
2019-12-11,34.2,34.2,34.2,34.2,0.0,0.00205098154116623,14.989999771118164,RHO6.FRK,Roche Holding AG
2019-12-12,34.5,34.5,34.5,34.5,0.0,0.008771929824561209,13.9399995803833,RHO6.FRK,Roche Holding AG
2019-12-13,34.5,34.5,34.5,34.5,0.0,0.0,12.630000114440918,RHO6.FRK,Roche Holding AG
2019-12-16,34.5,34.5,34.5,34.5,0.0,0.0,12.140000343322754,RHO6.FRK,Roche Holding AG
2019-12-17,35.605,35.605,35.04,35.04,300.0,0.01565217391304352,12.289999961853027,RHO6.FRK,Roche Holding AG
2019-12-18,34.175,34.175,34.175,34.175,0.0,-0.02468607305936077,12.579999923706055,RHO6.FRK,Roche Holding AG
2019-12-19,34.42,34.42,34.42,34.42,0.0,0.007168983174835608,12.5,RHO6.FRK,Roche Holding AG
2019-12-20,34.865,35.16,34.865,35.16,0.0,0.02149912841371271,12.510000228881836,RHO6.FRK,Roche Holding AG
2019-12-23,35.4,36.76,35.4,36.615,170.0,0.04138225255972716,12.609999656677246,RHO6.FRK,Roche Holding AG
2019-12-27,37.5,37.5,35.68,36.065,25.0,-0.015021166188720625,13.430000305175781,RHO6.FRK,Roche Holding AG
2019-12-30,36.91,36.91,35.725,35.83,345.0,-0.006516012754748335,14.819999694824219,RHO6.FRK,Roche Holding AG
2020-01-02,35.205,36.75,35.205,36.75,8.0,0.025676807144850766,12.470000267028809,RHO6.FRK,Roche Holding AG
2020-01-03,36.05,36.71,36.05,36.71,40.0,-0.001088435374149599,14.020000457763672,RHO6.FRK,Roche Holding AG
2020-01-06,35.845,36.6,35.845,36.155,8.0,-0.01511849632252793,13.850000381469727,RHO6.FRK,Roche Holding AG
2020-01-07,36.1,37.0,36.1,37.0,41.0,0.023371594523579065,13.789999961853027,RHO6.FRK,Roche Holding AG
2020-01-08,35.915,37.2,35.915,36.335,12.0,-0.017972972972972956,13.449999809265137,RHO6.FRK,Roche Holding AG
2020-01-09,36.17,37.17,36.17,37.17,113.0,0.022980597220310983,12.539999961853027,RHO6.FRK,Roche Holding AG
2020-01-10,36.2,37.33,36.2,37.0,339.0,-0.004573580844767333,12.5600004196167,RHO6.FRK,Roche Holding AG
2020-01-13,36.295,36.295,36.295,36.295,0.0,-0.019054054054054026,12.319999694824219,RHO6.FRK,Roche Holding AG
2020-01-14,37.56,37.56,36.55,36.615,203.0,0.00881664141066274,12.390000343322754,RHO6.FRK,Roche Holding AG
2020-01-15,36.4,37.62,36.4,36.935,450.0,0.008739587600710141,12.420000076293945,RHO6.FRK,Roche Holding AG
2020-01-16,36.66,37.895,36.66,37.76,134.0,0.02233653715987538,12.319999694824219,RHO6.FRK,Roche Holding AG
2020-01-17,36.885,37.805,36.885,37.805,0.0,0.001191737288135597,12.100000381469727,RHO6.FRK,Roche Holding AG
2020-01-20,37.6,37.73,37.19,37.19,345.0,-0.016267689459066315,,RHO6.FRK,Roche Holding AG
2020-01-21,37.6,38.29,37.385,37.915,25.0,0.019494487765528312,12.850000381469727,RHO6.FRK,Roche Holding AG
2020-01-22,37.675,38.235,37.675,38.235,149.0,0.008439931425557212,12.90999984741211,RHO6.FRK,Roche Holding AG
2020-01-23,37.78,38.89,37.78,38.63,30.0,0.01033084869883627,12.979999542236328,RHO6.FRK,Roche Holding AG
2020-01-24,38.98,38.98,37.295,37.295,460.0,-0.03455863318664254,14.5600004196167,RHO6.FRK,Roche Holding AG
2020-01-27,37.0,38.19,37.0,37.0,300.0,-0.007909907494302204,18.229999542236328,RHO6.FRK,Roche Holding AG
2020-01-28,37.0,37.08,37.0,37.08,0.0,0.00216216216216214,16.280000686645508,RHO6.FRK,Roche Holding AG
2020-01-29,37.0,38.29,37.0,38.29,1775.0,0.032632146709816734,16.389999389648438,RHO6.FRK,Roche Holding AG
2020-01-30,38.26,38.83,37.07,38.595,223.0,0.007965526247061927,15.489999771118164,RHO6.FRK,Roche Holding AG
2020-01-31,37.98,38.925,37.98,38.48,280.0,-0.0029796605777950846,18.84000015258789,RHO6.FRK,Roche Holding AG
2020-02-03,39.3,39.3,37.175,38.97,952.0,0.012733887733887839,17.969999313354492,RHO6.FRK,Roche Holding AG
2020-02-04,39.21,39.21,38.0,38.0,157.0,-0.02489094175006412,16.049999237060547,RHO6.FRK,Roche Holding AG
2020-02-05,39.225,40.22,38.6,39.205,930.0,0.03171052631578952,15.149999618530273,RHO6.FRK,Roche Holding AG
2020-02-06,39.01,40.5,38.915,39.11,3362.0,-0.0024231603111847244,14.960000038146973,RHO6.FRK,Roche Holding AG
2020-02-07,38.96,39.995,38.96,39.995,36.0,0.022628483763743157,15.470000267028809,RHO6.FRK,Roche Holding AG
2020-02-10,38.935,38.95,38.935,38.95,0.0,-0.026128266033254022,15.039999961853027,RHO6.FRK,Roche Holding AG
2020-02-11,39.195,40.22,39.195,40.2,148.0,0.03209242618741981,15.180000305175781,RHO6.FRK,Roche Holding AG
2020-02-12,40.435,40.435,39.185,39.46,235.0,-0.018407960199005036,13.739999771118164,RHO6.FRK,Roche Holding AG
2020-02-13,39.165,40.9,39.165,40.75,700.0,0.03269133299543836,14.149999618530273,RHO6.FRK,Roche Holding AG
2020-02-14,39.68,40.485,39.615,39.615,20.0,-0.027852760736196247,13.680000305175781,RHO6.FRK,Roche Holding AG
2020-02-17,39.455,40.625,39.455,40.6,560.0,0.024864319071058905,,RHO6.FRK,Roche Holding AG
2020-02-18,39.465,41.095,39.465,40.8,250.0,0.004926108374384119,14.829999923706055,RHO6.FRK,Roche Holding AG
2020-02-19,40.18,41.6,40.18,40.835,1230.0,0.0008578431372550099,14.380000114440918,RHO6.FRK,Roche Holding AG
2020-02-20,40.805,40.86,40.445,40.465,0.0,-0.009060854658993422,15.5600004196167,RHO6.FRK,Roche Holding AG
2020-02-21,39.995,41.29,39.995,41.02,51.0,0.013715556653898453,17.079999923706055,RHO6.FRK,Roche Holding AG
2020-02-24,41.35,41.35,38.97,39.69,2285.0,-0.03242320819112643,25.030000686645508,RHO6.FRK,Roche Holding AG
2020-02-25,38.61,39.05,38.0,38.785,125.0,-0.022801713277903812,27.850000381469727,RHO6.FRK,Roche Holding AG
2020-02-26,38.0,38.57,38.0,38.385,52.0,-0.010313265437669195,27.559999465942383,RHO6.FRK,Roche Holding AG
2020-02-27,39.255,39.8,37.42,37.42,1765.0,-0.025140028657027358,39.15999984741211,RHO6.FRK,Roche Holding AG
2020-02-28,36.09,37.3,35.85,35.945,208.0,-0.039417423837520116,40.11000061035156,RHO6.FRK,Roche Holding AG
2020-03-02,36.695,37.6,35.445,36.52,78.0,0.015996661566281878,33.41999816894531,RHO6.FRK,Roche Holding AG
2020-03-03,37.57,39.0,36.97,38.275,2283.0,0.048055859802847545,36.81999969482422,RHO6.FRK,Roche Holding AG
2020-03-04,37.92,39.73,36.72,38.57,961.0,0.007707380796864838,31.989999771118164,RHO6.FRK,Roche Holding AG
2020-03-05,39.86,39.86,38.55,39.0,250.0,0.01114856105781703,39.619998931884766,RHO6.FRK,Roche Holding AG
2020-03-06,39.05,39.05,36.61,36.845,277.0,-0.05525641025641026,41.939998626708984,RHO6.FRK,Roche Holding AG
2020-03-09,35.0,36.6,34.5,34.5,680.0,-0.06364499932148182,54.459999084472656,RHO6.FRK,Roche Holding AG
2020-03-10,34.5,36.76,34.5,35.425,983.0,0.02681159420289836,47.29999923706055,RHO6.FRK,Roche Holding AG
2020-03-11,35.485,35.67,34.84,34.84,575.0,-0.016513761467889743,53.900001525878906,RHO6.FRK,Roche Holding AG
2020-03-12,34.5,34.5,33.0,33.05,812.0,-0.051377726750861274,75.47000122070312,RHO6.FRK,Roche Holding AG
2020-03-13,34.0,37.465,33.0,34.825,11762.0,0.053706505295007645,57.83000183105469,RHO6.FRK,Roche Holding AG
2020-03-16,34.8,36.435,31.405,35.06,11766.0,0.006748025843503314,82.69000244140625,RHO6.FRK,Roche Holding AG
2020-03-17,36.0,36.8,33.5,35.565,1790.0,0.014403879064460723,75.91000366210938,RHO6.FRK,Roche Holding AG
2020-03-18,36.315,36.35,32.645,34.71,3697.0,-0.024040489245044205,76.44999694824219,RHO6.FRK,Roche Holding AG
2020-03-19,37.0,37.3,34.135,37.3,1383.0,0.07461826562950158,72.0,RHO6.FRK,Roche Holding AG
2020-03-20,38.155,39.5,34.935,35.07,3142.0,-0.059785522788203704,66.04000091552734,RHO6.FRK,Roche Holding AG
2020-03-23,36.5,36.5,33.0,33.67,1515.0,-0.03992015968063867,61.59000015258789,RHO6.FRK,Roche Holding AG
2020-03-24,34.0,35.23,34.0,35.1,911.0,0.042471042471042386,61.66999816894531,RHO6.FRK,Roche Holding AG
2020-03-25,37.1,37.1,33.8,34.8,2217.0,-0.008547008547008628,63.95000076293945,RHO6.FRK,Roche Holding AG
2020-03-26,34.985,35.0,33.905,34.42,2520.0,-0.01091954022988495,61.0,RHO6.FRK,Roche Holding AG
2020-03-27,35.8,35.8,34.5,35.28,1386.0,0.024985473561882632,65.54000091552734,RHO6.FRK,Roche Holding AG
2020-03-30,35.1,36.9,35.0,36.835,640.0,0.04407596371882083,57.08000183105469,RHO6.FRK,Roche Holding AG
2020-03-31,36.9,37.95,36.0,36.475,1255.0,-0.009773313424731866,53.540000915527344,RHO6.FRK,Roche Holding AG
2020-04-01,36.0,37.8,36.0,37.6,263.0,0.030843043180260432,57.060001373291016,RHO6.FRK,Roche Holding AG
2020-04-02,36.615,38.555,36.615,38.555,796.0,0.025398936170212716,50.90999984741211,RHO6.FRK,Roche Holding AG
2020-04-03,37.775,38.785,37.3,38.475,637.0,-0.002074957852418624,46.79999923706055,RHO6.FRK,Roche Holding AG
2020-04-06,39.0,39.0,37.585,38.6,182.0,0.0032488628979856493,45.2400016784668,RHO6.FRK,Roche Holding AG
2020-04-07,36.2,38.95,36.2,37.04,447.0,-0.040414507772020825,46.70000076293945,RHO6.FRK,Roche Holding AG
2020-04-08,36.5,37.44,36.5,36.53,318.0,-0.013768898488120906,43.349998474121094,RHO6.FRK,Roche Holding AG
2020-04-09,38.19,38.19,36.0,36.005,627.0,-0.014371749247194088,41.66999816894531,RHO6.FRK,Roche Holding AG
2020-04-14,36.8,38.8,36.1,37.69,5545.0,0.046799055686709945,37.7599983215332,RHO6.FRK,Roche Holding AG
2020-04-15,39.4,39.4,36.545,37.22,301.0,-0.01247015123374895,40.84000015258789,RHO6.FRK,Roche Holding AG
2020-04-16,36.39,38.335,36.3,38.335,579.0,0.029957012358946766,40.11000061035156,RHO6.FRK,Roche Holding AG
2020-04-17,39.5,39.57,38.39,39.555,1984.0,0.03182470327377063,38.150001525878906,RHO6.FRK,Roche Holding AG
2020-04-20,40.6,40.9,38.71,39.735,2820.0,0.004550625711035261,43.83000183105469,RHO6.FRK,Roche Holding AG
2020-04-21,38.745,40.0,38.745,40.0,107.0,0.006669183339625073,45.40999984741211,RHO6.FRK,Roche Holding AG
2020-04-22,39.53,42.0,39.53,41.575,1173.0,0.03937500000000016,41.97999954223633,RHO6.FRK,Roche Holding AG
2020-04-23,41.895,41.895,40.55,41.185,741.0,-0.009380637402285008,41.380001068115234,RHO6.FRK,Roche Holding AG
2020-04-24,41.0,41.975,40.8,41.975,769.0,0.01918174092509406,35.93000030517578,RHO6.FRK,Roche Holding AG
2020-04-27,42.0,42.4,41.0,41.83,1521.0,-0.003454437164979174,33.290000915527344,RHO6.FRK,Roche Holding AG
2020-04-28,42.0,42.2,41.0,41.43,1889.0,-0.009562514941429567,33.56999969482422,RHO6.FRK,Roche Holding AG
2020-04-29,41.995,41.995,40.02,40.99,302.0,-0.010620323437122825,31.229999542236328,RHO6.FRK,Roche Holding AG
2020-04-30,39.71,40.96,39.045,39.365,450.0,-0.03964381556477192,34.150001525878906,RHO6.FRK,Roche Holding AG
2020-05-04,40.2,41.95,40.0,40.825,16985.0,0.03708878445319441,35.970001220703125,RHO6.FRK,Roche Holding AG
2020-05-05,41.4,41.4,40.1,40.505,4243.0,-0.00783833435394976,33.61000061035156,RHO6.FRK,Roche Holding AG
2020-05-06,40.555,41.195,40.55,41.0,1280.0,0.012220713492161472,34.119998931884766,RHO6.FRK,Roche Holding AG
2020-05-07,41.885,41.885,40.5,41.295,329.0,0.00719512195121963,31.440000534057617,RHO6.FRK,Roche Holding AG
2020-05-08,40.5,41.195,40.005,40.4,912.0,-0.02167332606853134,27.979999542236328,RHO6.FRK,Roche Holding AG
2020-05-11,41.15,41.195,40.0,41.0,871.0,0.014851485148514865,27.56999969482422,RHO6.FRK,Roche Holding AG
2020-05-12,39.905,41.395,39.905,41.395,3580.0,0.009634146341463534,33.040000915527344,RHO6.FRK,Roche Holding AG
2020-05-13,40.1,42.0,40.1,41.2,1175.0,-0.004710713854330195,35.279998779296875,RHO6.FRK,Roche Holding AG
2020-05-14,41.98,41.995,41.2,41.995,596.0,0.01929611650485419,32.61000061035156,RHO6.FRK,Roche Holding AG
2020-05-15,41.4,41.995,41.4,41.995,270.0,0.0,31.889999389648438,RHO6.FRK,Roche Holding AG
2020-05-18,42.845,42.845,41.5,41.505,524.0,-0.011668055720919002,29.299999237060547,RHO6.FRK,Roche Holding AG
2020-05-19,41.505,42.195,40.2,40.6,910.0,-0.02180460185519817,30.530000686645508,RHO6.FRK,Roche Holding AG
2020-05-20,41.4,41.85,40.285,40.5,698.0,-0.0024630541871921707,27.989999771118164,RHO6.FRK,Roche Holding AG
2020-05-21,40.275,41.5,40.275,41.5,75.0,0.024691358024691468,29.530000686645508,RHO6.FRK,Roche Holding AG
2020-05-22,41.2,41.2,40.1,40.95,331.0,-0.013253012048192736,28.15999984741211,RHO6.FRK,Roche Holding AG
2020-05-25,42.26,42.26,40.1,40.9,547.0,-0.0012210012210013277,,RHO6.FRK,Roche Holding AG
2020-05-26,40.105,41.48,40.105,40.5,1637.0,-0.009779951100244433,28.010000228881836,RHO6.FRK,Roche Holding AG
2020-05-27,40.1,40.1,38.63,38.885,2407.0,-0.03987654320987655,27.6200008392334,RHO6.FRK,Roche Holding AG
2020-05-28,39.8,40.455,37.705,39.81,1532.0,0.023788093095023832,28.59000015258789,RHO6.FRK,Roche Holding AG
2020-05-29,38.94,39.99,38.93,38.93,170.0,-0.022104998744034265,27.510000228881836,RHO6.FRK,Roche Holding AG
2020-06-02,38.8,39.54,38.39,38.78,270.0,-0.0038530696121242825,26.84000015258789,RHO6.FRK,Roche Holding AG
2020-06-03,38.5,39.615,38.5,39.615,35.0,0.021531717380092852,25.65999984741211,RHO6.FRK,Roche Holding AG
2020-06-04,38.52,39.63,37.8,37.96,1067.0,-0.04177710463208384,25.809999465942383,RHO6.FRK,Roche Holding AG
2020-06-05,37.715,38.025,37.7,37.7,833.0,-0.006849315068493067,24.520000457763672,RHO6.FRK,Roche Holding AG
2020-06-08,39.195,39.195,37.285,37.73,733.0,0.0007957559681694981,25.809999465942383,RHO6.FRK,Roche Holding AG
2020-06-09,38.57,38.57,37.745,38.135,1115.0,0.010734163795388385,27.56999969482422,RHO6.FRK,Roche Holding AG
2020-06-10,38.5,38.885,37.685,38.12,180.0,-0.0003933394519470834,27.56999969482422,RHO6.FRK,Roche Holding AG
2020-06-11,37.765,39.08,37.765,39.08,201.0,0.025183630640083887,40.790000915527344,RHO6.FRK,Roche Holding AG
2020-06-12,37.235,38.4,37.235,37.77,260.0,-0.03352098259979519,36.09000015258789,RHO6.FRK,Roche Holding AG
2020-06-15,38.715,38.715,37.48,37.915,538.0,0.0038390256817579793,34.400001525878906,RHO6.FRK,Roche Holding AG
2020-06-16,37.775,39.235,37.775,38.0,277.0,0.0022418567849136206,33.66999816894531,RHO6.FRK,Roche Holding AG
2020-06-17,38.06,38.71,38.06,38.71,16.0,0.01868421052631586,33.470001220703125,RHO6.FRK,Roche Holding AG
2020-06-18,38.26,39.305,38.26,38.71,373.0,0.0,32.939998626708984,RHO6.FRK,Roche Holding AG
2020-06-19,38.56,40.17,38.56,39.365,250.0,0.01692069232756399,35.119998931884766,RHO6.FRK,Roche Holding AG
2020-06-22,38.83,40.685,38.56,39.455,1067.0,0.002286294932046129,31.770000457763672,RHO6.FRK,Roche Holding AG
2020-06-23,39.4,40.36,39.4,39.405,370.0,-0.0012672665061461696,31.3700008392334,RHO6.FRK,Roche Holding AG
2020-06-24,39.41,40.5,38.59,38.59,560.0,-0.020682654485471352,33.84000015258789,RHO6.FRK,Roche Holding AG
2020-06-25,38.56,39.23,38.56,39.23,0.0,0.016584607411246344,32.220001220703125,RHO6.FRK,Roche Holding AG
2020-06-26,39.125,39.125,39.12,39.12,20.0,-0.0028039765485597945,34.72999954223633,RHO6.FRK,Roche Holding AG
2020-06-29,39.81,39.81,38.5,38.5,407.0,-0.0158486707566462,31.780000686645508,RHO6.FRK,Roche Holding AG
2020-06-30,38.5,38.8,37.47,38.075,942.0,-0.01103896103896096,30.43000030517578,RHO6.FRK,Roche Holding AG
2020-07-01,38.1,38.1,38.1,38.1,0.0,0.0006565988181221893,28.6200008392334,RHO6.FRK,Roche Holding AG
2020-07-02,38.26,38.575,37.92,38.57,115.0,0.012335958005249337,27.68000030517578,RHO6.FRK,Roche Holding AG
2020-07-03,39.495,39.495,38.55,38.555,22.0,-0.0003889032927145708,,RHO6.FRK,Roche Holding AG
2020-07-06,39.44,39.8,38.05,38.535,5537.0,-0.000518739463104767,27.940000534057617,RHO6.FRK,Roche Holding AG
2020-07-07,38.35,38.42,38.1,38.42,83.0,-0.0029842999870246523,29.43000030517578,RHO6.FRK,Roche Holding AG
2020-07-08,38.35,39.27,38.35,39.27,45.0,0.02212389380530988,28.079999923706055,RHO6.FRK,Roche Holding AG
2020-07-09,38.41,38.635,38.405,38.635,32.0,-0.016170104405398678,29.260000228881836,RHO6.FRK,Roche Holding AG
2020-07-10,38.75,39.625,38.625,38.625,185.0,-0.0002588326646821848,27.290000915527344,RHO6.FRK,Roche Holding AG
2020-07-13,38.355,38.495,38.355,38.495,40.0,-0.0033656957928803743,32.189998626708984,RHO6.FRK,Roche Holding AG
2020-07-14,38.485,39.515,38.07,38.15,156.0,-0.008962202883491366,29.520000457763672,RHO6.FRK,Roche Holding AG
2020-07-15,38.51,39.895,38.51,39.1,267.0,0.02490170380078638,27.760000228881836,RHO6.FRK,Roche Holding AG
2020-07-16,38.695,39.71,37.485,38.94,210.0,-0.004092071611253245,28.0,RHO6.FRK,Roche Holding AG
2020-07-17,38.835,40.105,38.835,39.44,160.0,0.012840267077555145,25.68000030517578,RHO6.FRK,Roche Holding AG
2020-07-20,38.96,39.995,38.44,39.045,431.0,-0.010015212981744348,24.459999084472656,RHO6.FRK,Roche Holding AG
2020-07-21,39.5,39.5,39.05,39.365,16.0,0.00819567166090418,24.84000015258789,RHO6.FRK,Roche Holding AG
2020-07-22,38.715,38.84,38.715,38.84,30.0,-0.013336720436936345,24.31999969482422,RHO6.FRK,Roche Holding AG
2020-07-23,38.745,39.6,38.2,38.475,329.0,-0.009397528321318238,26.079999923706055,RHO6.FRK,Roche Holding AG
2020-07-24,38.505,38.505,36.615,37.29,1265.0,-0.030799220272904493,25.84000015258789,RHO6.FRK,Roche Holding AG
2020-07-27,36.5,37.795,36.5,37.505,682.0,0.0057656208098686434,24.739999771118164,RHO6.FRK,Roche Holding AG
2020-07-28,36.615,36.615,36.615,36.615,0.0,-0.023730169310758553,25.440000534057617,RHO6.FRK,Roche Holding AG
2020-07-29,36.7,37.8,36.7,37.745,200.0,0.030861668715007395,24.100000381469727,RHO6.FRK,Roche Holding AG
2020-07-30,37.495,38.715,37.0,37.735,1101.0,-0.0002649357530798424,24.760000228881836,RHO6.FRK,Roche Holding AG
2020-07-31,36.8,37.755,36.5,36.5,279.0,-0.03272823638531863,24.459999084472656,RHO6.FRK,Roche Holding AG
2020-08-03,36.6,37.68,36.6,37.085,137.0,0.016027397260274023,24.280000686645508,RHO6.FRK,Roche Holding AG
2020-08-04,37.04,37.04,36.875,37.0,0.0,-0.002292031818794671,23.760000228881836,RHO6.FRK,Roche Holding AG
2020-08-05,37.0,37.81,36.91,37.66,1346.0,0.017837837837837656,22.989999771118164,RHO6.FRK,Roche Holding AG
2020-08-06,36.82,36.82,36.7,36.7,0.0,-0.02549123738714798,22.649999618530273,RHO6.FRK,Roche Holding AG
2020-08-07,36.7,37.075,36.09,36.505,1011.0,-0.005313351498637653,22.209999084472656,RHO6.FRK,Roche Holding AG
2020-08-10,36.5,36.795,36.5,36.795,606.0,0.007944117244213178,22.1299991607666,RHO6.FRK,Roche Holding AG
2020-08-11,36.0,37.0,36.0,36.73,1225.0,-0.0017665443674413916,24.030000686645508,RHO6.FRK,Roche Holding AG
2020-08-12,36.6,37.16,36.0,36.44,670.0,-0.007895453307922629,22.280000686645508,RHO6.FRK,Roche Holding AG
2020-08-13,37.195,37.195,36.005,36.38,140.0,-0.0016465422612512715,22.1299991607666,RHO6.FRK,Roche Holding AG
2020-08-14,36.03,36.065,36.0,36.005,5.0,-0.010307861462341972,22.049999237060547,RHO6.FRK,Roche Holding AG
2020-08-17,36.0,36.8,36.0,36.255,417.0,0.006943480072212127,21.350000381469727,RHO6.FRK,Roche Holding AG
2020-08-18,36.0,36.995,36.0,36.065,321.0,-0.005240656461177884,21.510000228881836,RHO6.FRK,Roche Holding AG
2020-08-19,35.84,37.25,35.84,36.8,480.0,0.02037986967974481,22.540000915527344,RHO6.FRK,Roche Holding AG
2020-08-20,36.36,37.6,36.36,37.6,60.0,0.021739130434782705,22.719999313354492,RHO6.FRK,Roche Holding AG
2020-08-21,36.805,37.75,36.805,37.75,135.0,0.003989361702127603,22.540000915527344,RHO6.FRK,Roche Holding AG
2020-08-24,36.73,37.585,36.415,36.95,298.0,-0.02119205298013238,22.3700008392334,RHO6.FRK,Roche Holding AG
2020-08-25,37.0,37.9,37.0,37.0,20.0,0.0013531799729362692,22.030000686645508,RHO6.FRK,Roche Holding AG
2020-08-26,37.0,37.0,36.89,36.945,200.0,-0.0014864864864865268,23.270000457763672,RHO6.FRK,Roche Holding AG
2020-08-27,38.095,38.095,36.895,36.895,1.0,-0.0013533631073215924,24.469999313354492,RHO6.FRK,Roche Holding AG
2020-08-28,36.89,36.89,36.245,36.245,1157.0,-0.01761756335546838,22.959999084472656,RHO6.FRK,Roche Holding AG
2020-08-31,37.055,37.055,35.875,35.875,260.0,-0.010208304593737005,26.40999984741211,RHO6.FRK,Roche Holding AG
2020-09-01,35.8,36.745,35.8,36.015,25.0,0.0039024390243902474,26.1200008392334,RHO6.FRK,Roche Holding AG
2020-09-02,38.0,38.7,37.5,38.465,3352.0,0.06802721088435382,26.56999969482422,RHO6.FRK,Roche Holding AG
2020-09-03,38.7,38.7,37.545,38.0,793.0,-0.012088911997920282,33.599998474121094,RHO6.FRK,Roche Holding AG
2020-09-04,36.32,37.495,36.32,37.21,315.0,-0.02078947368421047,30.75,RHO6.FRK,Roche Holding AG
2020-09-07,37.5,37.755,37.0,37.755,100.0,0.014646600376243102,,RHO6.FRK,Roche Holding AG
2020-09-08,37.92,37.92,36.73,37.01,3.0,-0.019732485763475194,31.459999084472656,RHO6.FRK,Roche Holding AG
2020-09-09,37.92,38.515,36.755,37.805,223.0,0.021480680897054905,28.809999465942383,RHO6.FRK,Roche Holding AG
2020-09-10,37.39,38.61,37.31,37.53,283.0,-0.007274170083322318,29.709999084472656,RHO6.FRK,Roche Holding AG
2020-09-11,37.26,38.405,37.26,38.405,25.0,0.023314681588062935,26.8700008392334,RHO6.FRK,Roche Holding AG
2020-09-14,37.205,38.41,37.205,37.9,110.0,-0.013149329514386188,25.850000381469727,RHO6.FRK,Roche Holding AG
2020-09-15,37.49,38.655,37.49,38.655,0.0,0.01992084432717678,25.59000015258789,RHO6.FRK,Roche Holding AG
2020-09-16,38.3,39.5,38.3,39.5,100.0,0.021860043978786603,26.040000915527344,RHO6.FRK,Roche Holding AG
2020-09-17,38.355,38.59,38.355,38.59,90.0,-0.023037974683544182,26.459999084472656,RHO6.FRK,Roche Holding AG
2020-09-18,38.355,40.285,38.355,39.26,270.0,0.017362010883648527,25.829999923706055,RHO6.FRK,Roche Holding AG
2020-09-21,40.1,40.1,38.83,38.91,971.0,-0.008914926133469225,27.780000686645508,RHO6.FRK,Roche Holding AG
2020-09-22,38.55,39.795,38.55,39.795,43.0,0.02274479568234411,26.860000610351562,RHO6.FRK,Roche Holding AG
2020-09-23,38.745,39.55,38.6,38.6,60.0,-0.030028898102776758,28.579999923706055,RHO6.FRK,Roche Holding AG
2020-09-24,37.85,38.0,37.85,38.0,10.0,-0.015544041450777257,28.510000228881836,RHO6.FRK,Roche Holding AG
2020-09-25,39.2,39.2,37.84,37.84,124.0,-0.004210526315789331,26.3799991607666,RHO6.FRK,Roche Holding AG
2020-09-28,37.97,38.94,37.915,37.915,271.0,0.001982029598308621,26.190000534057617,RHO6.FRK,Roche Holding AG
2020-09-29,37.8,37.85,37.235,37.58,352.0,-0.008835553211130165,26.270000457763672,RHO6.FRK,Roche Holding AG
2020-09-30,37.2,37.2,36.415,36.425,110.0,-0.03073443320915381,26.3700008392334,RHO6.FRK,Roche Holding AG
2020-10-01,36.01,37.1,36.01,36.915,106.0,0.013452299245024113,26.700000762939453,RHO6.FRK,Roche Holding AG
2020-10-02,36.995,36.995,36.01,36.365,185.0,-0.0148990925098198,27.6299991607666,RHO6.FRK,Roche Holding AG
2020-10-05,37.79,37.79,36.9,37.2,191.0,0.022961638938539863,27.959999084472656,RHO6.FRK,Roche Holding AG
2020-10-06,36.9,37.595,36.285,37.07,98.0,-0.00349462365591402,29.479999542236328,RHO6.FRK,Roche Holding AG
2020-10-07,36.06,36.185,36.06,36.185,600.0,-0.023873752360399236,28.059999465942383,RHO6.FRK,Roche Holding AG
2020-10-08,36.01,36.995,36.01,36.995,76.0,0.02238496614619301,26.360000610351562,RHO6.FRK,Roche Holding AG
2020-10-09,37.1,37.15,36.03,36.835,553.0,-0.004324908771455527,25.0,RHO6.FRK,Roche Holding AG
2020-10-12,36.88,36.88,36.88,36.88,0.0,0.0012216641780915527,25.06999969482422,RHO6.FRK,Roche Holding AG
2020-10-13,37.995,37.995,36.88,37.4,177.0,0.014099783080260275,26.06999969482422,RHO6.FRK,Roche Holding AG
2020-10-14,36.88,37.9,36.88,36.885,1839.0,-0.01377005347593585,26.399999618530273,RHO6.FRK,Roche Holding AG
2020-10-15,36.88,36.88,36.025,36.75,671.0,-0.0036600244001626647,26.969999313354492,RHO6.FRK,Roche Holding AG
2020-10-16,36.02,36.395,35.8,36.2,548.0,-0.014965986394557707,27.40999984741211,RHO6.FRK,Roche Holding AG
2020-10-19,36.395,36.9,35.94,35.94,181.0,-0.007182320441989076,29.18000030517578,RHO6.FRK,Roche Holding AG
2020-10-20,35.8,36.55,35.365,35.365,774.0,-0.015998887033945364,29.350000381469727,RHO6.FRK,Roche Holding AG
2020-10-21,35.145,36.0,34.615,34.615,403.0,-0.021207408454686827,28.649999618530273,RHO6.FRK,Roche Holding AG
2020-10-22,35.27,35.27,33.9,34.24,1170.0,-0.010833453705041185,28.110000610351562,RHO6.FRK,Roche Holding AG
2020-10-23,35.595,35.595,34.04,35.2,60.0,0.028037383177570208,27.549999237060547,RHO6.FRK,Roche Holding AG
2020-10-26,34.5,35.335,34.5,35.205,51.0,0.00014204545454532536,32.459999084472656,RHO6.FRK,Roche Holding AG
2020-10-27,35.6,35.6,34.655,35.3,301.0,0.002698480329498709,33.349998474121094,RHO6.FRK,Roche Holding AG
2020-10-28,34.5,35.5,34.5,34.5,430.0,-0.022662889518413554,40.279998779296875,RHO6.FRK,Roche Holding AG
2020-10-29,34.355,35.185,34.35,34.9,402.0,0.011594202898550732,37.59000015258789,RHO6.FRK,Roche Holding AG
2020-10-30,34.95,34.95,33.9,34.675,93.0,-0.006446991404011504,38.02000045776367,RHO6.FRK,Roche Holding AG
2020-11-02,33.805,35.775,33.805,35.775,225.0,0.03172314347512617,37.130001068115234,RHO6.FRK,Roche Holding AG
2020-11-03,34.78,35.405,34.78,35.405,0.0,-0.010342417889587674,35.54999923706055,RHO6.FRK,Roche Holding AG
2020-11-04,35.355,38.255,35.355,38.255,50.0,0.08049710492868245,29.56999969482422,RHO6.FRK,Roche Holding AG
2020-11-05,37.14,37.58,37.14,37.295,260.0,-0.025094758855051635,27.579999923706055,RHO6.FRK,Roche Holding AG
2020-11-06,36.805,37.915,36.805,37.105,1.0,-0.00509451669124561,24.860000610351562,RHO6.FRK,Roche Holding AG
2020-11-09,38.2,38.2,35.6,35.6,433.0,-0.04056057135156976,25.75,RHO6.FRK,Roche Holding AG
2020-11-10,34.96,36.105,34.82,35.57,462.0,-0.0008426966292135463,24.799999237060547,RHO6.FRK,Roche Holding AG
2020-11-11,34.59,36.64,34.59,36.53,241.0,0.026989035704245268,23.450000762939453,RHO6.FRK,Roche Holding AG
2020-11-12,35.59,36.09,35.59,36.02,25.0,-0.013961127840131371,25.350000381469727,RHO6.FRK,Roche Holding AG
2020-11-13,35.63,36.07,35.61,35.77,55.0,-0.006940588561910044,23.100000381469727,RHO6.FRK,Roche Holding AG
2020-11-16,36.895,36.895,35.74,36.295,241.0,0.014677103718199636,22.450000762939453,RHO6.FRK,Roche Holding AG
2020-11-17,36.295,36.295,35.16,35.985,3275.0,-0.008541121366579474,22.709999084472656,RHO6.FRK,Roche Holding AG
2020-11-18,34.87,36.295,34.87,35.8,960.0,-0.005141030985132744,23.84000015258789,RHO6.FRK,Roche Holding AG
2020-11-19,36.175,36.175,34.835,34.835,520.0,-0.026955307262569783,23.110000610351562,RHO6.FRK,Roche Holding AG
2020-11-20,34.675,35.795,34.335,34.685,2220.0,-0.004306014066312591,23.700000762939453,RHO6.FRK,Roche Holding AG
2020-11-23,35.68,35.68,34.605,35.35,1010.0,0.01917255297679099,22.65999984741211,RHO6.FRK,Roche Holding AG
2020-11-24,34.33,35.0,34.185,35.0,437.0,-0.00990099009900991,21.639999389648438,RHO6.FRK,Roche Holding AG
2020-11-25,34.995,35.195,34.485,34.485,288.0,-0.01471428571428568,21.25,RHO6.FRK,Roche Holding AG
2020-11-26,34.2,35.2,34.05,35.195,1139.0,0.020588661736987035,,RHO6.FRK,Roche Holding AG
2020-11-27,34.08,34.505,34.08,34.505,0.0,-0.019605057536581816,20.84000015258789,RHO6.FRK,Roche Holding AG
2020-11-30,34.37,35.245,34.08,34.08,42.0,-0.012317055499203144,20.56999969482422,RHO6.FRK,Roche Holding AG
2020-12-01,34.5,34.995,34.035,34.185,541.0,0.0030809859154929953,20.770000457763672,RHO6.FRK,Roche Holding AG
2020-12-02,34.03,35.28,34.03,35.28,420.0,0.03203159280386125,21.170000076293945,RHO6.FRK,Roche Holding AG
2020-12-03,35.495,35.495,34.25,35.09,110.0,-0.005385487528344557,21.280000686645508,RHO6.FRK,Roche Holding AG
2020-12-04,34.03,35.195,34.03,35.195,50.0,0.0029923055001424004,20.790000915527344,RHO6.FRK,Roche Holding AG
2020-12-07,35.09,35.095,34.75,34.845,129.0,-0.009944594402614082,21.299999237060547,RHO6.FRK,Roche Holding AG
2020-12-08,34.69,34.82,34.465,34.82,0.0,-0.0007174630506529001,20.68000030517578,RHO6.FRK,Roche Holding AG
2020-12-09,34.765,36.15,34.765,35.265,578.0,0.012780011487650844,22.270000457763672,RHO6.FRK,Roche Holding AG
2020-12-10,35.5,36.39,35.335,35.9,206.0,0.018006522047355755,22.520000457763672,RHO6.FRK,Roche Holding AG
2020-12-11,35.2,35.205,35.2,35.205,11.0,-0.019359331476323183,23.309999465942383,RHO6.FRK,Roche Holding AG
2020-12-14,36.295,36.295,35.09,35.7,108.0,0.01406050276949311,24.719999313354492,RHO6.FRK,Roche Holding AG
2020-12-15,35.0,35.85,35.0,35.71,191.0,0.0002801120448179262,22.889999389648438,RHO6.FRK,Roche Holding AG
2020-12-16,35.0,35.895,35.0,35.18,44.0,-0.014841781013721689,22.5,RHO6.FRK,Roche Holding AG
2020-12-17,35.055,36.195,35.055,36.125,350.0,0.026861853325753193,21.93000030517578,RHO6.FRK,Roche Holding AG
2020-12-18,36.0,36.0,35.0,35.4,135.0,-0.02006920415224922,21.56999969482422,RHO6.FRK,Roche Holding AG
2020-12-21,36.7,36.7,34.3,34.3,254.0,-0.031073446327683607,25.15999984741211,RHO6.FRK,Roche Holding AG
2020-12-22,34.76,34.81,34.76,34.81,65.0,0.014868804664723179,24.229999542236328,RHO6.FRK,Roche Holding AG
2020-12-23,34.79,35.515,34.58,34.58,297.0,-0.006607296753806446,23.309999465942383,RHO6.FRK,Roche Holding AG
2020-12-28,35.0,35.665,34.775,34.805,796.0,0.0065066512434934776,21.700000762939453,RHO6.FRK,Roche Holding AG
2020-12-29,34.81,35.925,34.81,35.0,426.0,0.005602643298376675,23.079999923706055,RHO6.FRK,Roche Holding AG
2020-12-30,35.01,35.065,35.01,35.065,336.0,0.0018571428571427795,22.770000457763672,RHO6.FRK,Roche Holding AG
2021-01-04,36.44,36.57,35.3,35.805,489.0,0.0211036646228433,26.969999313354492,RHO6.FRK,Roche Holding AG
2021-01-05,35.805,35.82,35.76,35.76,426.0,-0.0012568077084206264,25.34000015258789,RHO6.FRK,Roche Holding AG
2021-01-06,35.3,35.455,34.55,35.455,350.0,-0.00852908277404918,25.06999969482422,RHO6.FRK,Roche Holding AG
2021-01-07,35.705,35.705,34.235,34.7,427.0,-0.021294598787194863,22.3700008392334,RHO6.FRK,Roche Holding AG
2021-01-08,34.4,34.995,33.675,34.44,416.0,-0.007492795389049123,21.559999465942383,RHO6.FRK,Roche Holding AG
2021-01-11,35.0,35.75,35.0,35.75,15.0,0.03803716608594665,24.079999923706055,RHO6.FRK,Roche Holding AG
2021-01-12,35.49,36.495,35.49,36.495,31.0,0.02083916083916071,23.329999923706055,RHO6.FRK,Roche Holding AG
2021-01-13,36.795,36.795,35.645,35.75,572.0,-0.020413755308946402,22.209999084472656,RHO6.FRK,Roche Holding AG
2021-01-14,35.645,35.645,35.455,35.455,0.0,-0.008251748251748348,23.25,RHO6.FRK,Roche Holding AG
2021-01-15,35.355,36.5,35.355,36.455,248.0,0.028204766605556264,24.34000015258789,RHO6.FRK,Roche Holding AG
2021-01-18,37.1,37.1,36.065,36.065,1723.0,-0.010698120971060265,,RHO6.FRK,Roche Holding AG
2021-01-19,35.95,36.585,35.95,36.57,70.0,0.014002495494246592,23.239999771118164,RHO6.FRK,Roche Holding AG
2021-01-20,36.32,36.735,36.32,36.735,33.0,0.0045118949958982135,21.579999923706055,RHO6.FRK,Roche Holding AG
2021-01-21,36.46,37.64,36.46,36.52,419.0,-0.005852729005035973,21.31999969482422,RHO6.FRK,Roche Holding AG
2021-01-22,36.355,36.785,36.355,36.785,50.0,0.007256297918948329,21.90999984741211,RHO6.FRK,Roche Holding AG
2021-01-25,37.795,37.795,36.8,37.71,265.0,0.025146119342123185,23.190000534057617,RHO6.FRK,Roche Holding AG
2021-01-26,36.0,37.695,35.785,36.945,495.0,-0.02028639618138428,23.020000457763672,RHO6.FRK,Roche Holding AG
2021-01-27,36.515,37.695,36.515,37.695,28.0,0.02030044660982533,37.209999084472656,RHO6.FRK,Roche Holding AG
2021-01-28,36.235,36.575,35.93,36.575,124.0,-0.02971216341689875,30.209999084472656,RHO6.FRK,Roche Holding AG
2021-01-29,36.145,36.145,35.3,36.02,104.0,-0.015174299384825729,33.09000015258789,RHO6.FRK,Roche Holding AG
2021-02-01,36.395,36.395,35.255,35.74,70.0,-0.007773459189339249,30.239999771118164,RHO6.FRK,Roche Holding AG
2021-02-02,35.545,36.8,35.545,36.8,41.0,0.029658645775041848,25.559999465942383,RHO6.FRK,Roche Holding AG
2021-02-03,35.5,36.39,35.5,35.99,388.0,-0.02201086956521725,22.90999984741211,RHO6.FRK,Roche Holding AG
2021-02-04,35.65,36.75,35.455,36.75,299.0,0.02111697693803838,21.770000457763672,RHO6.FRK,Roche Holding AG
2021-02-05,37.16,37.16,36.03,36.3,615.0,-0.01224489795918371,20.8700008392334,RHO6.FRK,Roche Holding AG
2021-02-08,35.4,35.46,35.345,35.345,33.0,-0.026308539944903564,21.239999771118164,RHO6.FRK,Roche Holding AG
2021-02-09,35.2,36.31,35.2,36.31,15.0,0.027302305842410668,21.6299991607666,RHO6.FRK,Roche Holding AG
2021-02-10,35.645,36.7,35.5,35.685,25.0,-0.0172128890112917,21.989999771118164,RHO6.FRK,Roche Holding AG
2021-02-11,35.52,36.73,35.52,36.73,494.0,0.029284012890570033,21.25,RHO6.FRK,Roche Holding AG
2021-02-12,36.0,36.7,35.95,36.595,532.0,-0.00367546964334331,19.969999313354492,RHO6.FRK,Roche Holding AG
2021-02-15,36.6,36.6,36.205,36.205,277.0,-0.010657193605683846,,RHO6.FRK,Roche Holding AG
2021-02-16,36.895,36.895,36.05,36.05,200.0,-0.004281176633061712,21.459999084472656,RHO6.FRK,Roche Holding AG
2021-02-17,36.05,36.23,35.19,35.195,403.0,-0.023717059639389637,21.5,RHO6.FRK,Roche Holding AG
2021-02-18,34.965,35.205,34.965,35.205,37.0,0.00028413126864612614,22.489999771118164,RHO6.FRK,Roche Holding AG
2021-02-19,35.0,35.0,34.165,35.0,951.0,-0.005823036500497092,22.049999237060547,RHO6.FRK,Roche Holding AG
2021-02-22,34.335,34.5,34.095,34.5,104.0,-0.014285714285714235,23.450000762939453,RHO6.FRK,Roche Holding AG
2021-02-23,34.5,34.77,33.735,33.735,714.0,-0.022173913043478266,23.110000610351562,RHO6.FRK,Roche Holding AG
2021-02-24,33.705,34.6,33.705,33.985,70.0,0.007410701052319446,21.34000015258789,RHO6.FRK,Roche Holding AG
2021-02-25,33.7,34.205,32.975,32.975,221.0,-0.029718993673679472,28.889999389648438,RHO6.FRK,Roche Holding AG
2021-02-26,32.875,34.49,32.595,34.32,1035.0,0.0407884761182713,27.950000762939453,RHO6.FRK,Roche Holding AG
2021-03-01,33.515,34.47,33.515,34.0,1268.0,-0.009324009324009341,23.350000381469727,RHO6.FRK,Roche Holding AG
2021-03-02,33.515,34.5,33.515,33.905,150.0,-0.002794117647058836,24.100000381469727,RHO6.FRK,Roche Holding AG
2021-03-03,33.415,34.29,33.16,33.16,753.0,-0.021973160300840733,26.670000076293945,RHO6.FRK,Roche Holding AG
2021-03-04,33.9,34.275,33.2,33.705,439.0,0.0164354644149578,28.56999969482422,RHO6.FRK,Roche Holding AG
2021-03-05,33.2,33.35,33.2,33.35,164.0,-0.010532561934430973,24.65999984741211,RHO6.FRK,Roche Holding AG
2021-03-08,33.41,34.6,33.41,33.75,3367.0,0.011994002998500619,25.469999313354492,RHO6.FRK,Roche Holding AG
2021-03-09,33.6,34.2,33.6,34.2,0.0,0.01333333333333342,24.030000686645508,RHO6.FRK,Roche Holding AG
2021-03-10,34.055,35.2,34.055,34.87,310.0,0.019590643274853603,22.559999465942383,RHO6.FRK,Roche Holding AG
2021-03-11,34.67,35.325,34.49,34.49,200.0,-0.010897619730427133,21.90999984741211,RHO6.FRK,Roche Holding AG
2021-03-12,34.415,35.0,34.305,34.4,59.0,-0.0026094520150768963,20.690000534057617,RHO6.FRK,Roche Holding AG
2021-03-15,34.895,35.195,33.805,35.065,272.0,0.01933139534883721,20.030000686645508,RHO6.FRK,Roche Holding AG
2021-03-16,35.0,35.92,35.0,35.365,310.0,0.008555539711963656,19.790000915527344,RHO6.FRK,Roche Holding AG
2021-03-17,34.675,35.275,34.635,34.905,39.0,-0.013007210518874657,19.229999542236328,RHO6.FRK,Roche Holding AG
2021-03-18,34.565,34.565,33.985,34.17,0.0,-0.021057155135367434,21.579999923706055,RHO6.FRK,Roche Holding AG
2021-03-19,33.81,34.37,33.81,34.245,0.0,0.0021949078138716605,20.950000762939453,RHO6.FRK,Roche Holding AG
2021-03-22,34.29,35.81,34.29,35.3,256.0,0.03080741714118851,18.8799991607666,RHO6.FRK,Roche Holding AG
2021-03-23,34.975,34.975,34.455,34.59,2000.0,-0.0201133144475919,20.299999237060547,RHO6.FRK,Roche Holding AG
2021-03-24,35.46,35.46,34.35,34.35,101.0,-0.006938421509106729,21.200000762939453,RHO6.FRK,Roche Holding AG
2021-03-25,34.35,34.6,34.35,34.35,67.0,0.0,19.809999465942383,RHO6.FRK,Roche Holding AG
2021-03-26,34.4,34.4,33.785,33.86,500.0,-0.014264919941775922,18.860000610351562,RHO6.FRK,Roche Holding AG
2021-03-29,34.0,34.74,33.605,34.09,115.0,0.006792675723567676,20.739999771118164,RHO6.FRK,Roche Holding AG
2021-03-30,33.805,34.85,33.805,34.1,153.0,0.00029334115576418185,19.610000610351562,RHO6.FRK,Roche Holding AG
2021-03-31,33.805,34.335,33.805,34.335,2000.0,0.00689149560117297,19.399999618530273,RHO6.FRK,Roche Holding AG
2021-04-01,34.095,34.965,34.08,34.09,10.0,-0.007135575942915362,17.329999923706055,RHO6.FRK,Roche Holding AG
2021-04-06,34.385,35.0,34.11,34.205,380.0,0.003373423291287647,18.1200008392334,RHO6.FRK,Roche Holding AG
2021-04-07,34.6,34.895,33.865,33.865,123.0,-0.009940067241631212,17.15999984741211,RHO6.FRK,Roche Holding AG
2021-04-08,33.705,34.845,33.705,34.845,175.0,0.028938432009449233,16.950000762939453,RHO6.FRK,Roche Holding AG
2021-04-09,34.005,34.755,34.0,34.615,22.0,-0.0066006600660064585,16.690000534057617,RHO6.FRK,Roche Holding AG
2021-04-12,34.85,35.64,34.55,34.645,1555.0,0.000866676296403357,16.90999984741211,RHO6.FRK,Roche Holding AG
2021-04-13,34.55,35.175,34.43,34.47,363.0,-0.005051233944292188,16.649999618530273,RHO6.FRK,Roche Holding AG
2021-04-14,34.29,35.395,34.29,34.625,22.0,0.004496663765593212,16.989999771118164,RHO6.FRK,Roche Holding AG
2021-04-15,34.27,34.935,34.27,34.935,0.0,0.0089530685920578,16.56999969482422,RHO6.FRK,Roche Holding AG
2021-04-16,34.445,35.48,34.445,34.57,570.0,-0.010447974810362193,16.25,RHO6.FRK,Roche Holding AG
2021-04-19,34.7,35.7,34.7,34.825,200.0,0.007376337865201199,17.290000915527344,RHO6.FRK,Roche Holding AG
2021-04-20,34.7,34.7,34.7,34.7,0.0,-0.003589375448671883,18.68000030517578,RHO6.FRK,Roche Holding AG
2021-04-21,34.7,35.57,34.7,35.55,75.0,0.02449567723342927,17.5,RHO6.FRK,Roche Holding AG
2021-04-22,35.065,35.305,35.065,35.2,0.0,-0.009845288326300827,18.709999084472656,RHO6.FRK,Roche Holding AG
2021-04-23,34.87,35.78,34.73,34.73,35.0,-0.013352272727272907,17.329999923706055,RHO6.FRK,Roche Holding AG
2021-04-26,34.7,35.375,34.7,34.7,30.0,-0.0008638065073421908,17.639999389648438,RHO6.FRK,Roche Holding AG
2021-04-27,34.7,34.705,34.7,34.7,21.0,0.0,17.559999465942383,RHO6.FRK,Roche Holding AG
2021-04-28,34.095,34.6,33.775,34.6,188.0,-0.0028818443804035088,17.280000686645508,RHO6.FRK,Roche Holding AG
2021-04-29,34.0,34.0,34.0,34.0,0.0,-0.017341040462427793,17.610000610351562,RHO6.FRK,Roche Holding AG
2021-04-30,33.9,34.04,33.9,34.04,2599.0,0.0011764705882353343,18.610000610351562,RHO6.FRK,Roche Holding AG
2021-05-03,34.495,34.495,33.415,34.4,226.0,0.010575793184488758,18.309999465942383,RHO6.FRK,Roche Holding AG
2021-05-04,34.695,34.695,33.8,33.8,223.0,-0.01744186046511631,19.479999542236328,RHO6.FRK,Roche Holding AG
2021-05-05,33.8,34.415,33.8,34.3,30.0,0.014792899408283988,19.149999618530273,RHO6.FRK,Roche Holding AG
2021-05-06,34.0,34.415,34.0,34.415,369.0,0.003352769679300316,18.389999389648438,RHO6.FRK,Roche Holding AG
2021-05-07,34.3,34.45,34.3,34.35,203.0,-0.0018887113177392667,16.690000534057617,RHO6.FRK,Roche Holding AG
2021-05-10,35.465,35.465,34.35,34.35,357.0,0.0,19.65999984741211,RHO6.FRK,Roche Holding AG
2021-05-11,33.725,33.725,33.61,33.61,0.0,-0.02154294032023296,21.84000015258789,RHO6.FRK,Roche Holding AG
2021-05-12,33.415,33.415,33.415,33.415,0.0,-0.005801844689080626,27.59000015258789,RHO6.FRK,Roche Holding AG
2021-05-13,33.415,33.81,33.415,33.81,0.0,0.011821038455783528,23.1299991607666,RHO6.FRK,Roche Holding AG
2021-05-14,33.415,34.265,33.415,34.265,0.0,0.013457556935817738,18.809999465942383,RHO6.FRK,Roche Holding AG
2021-05-17,34.28,34.58,34.28,34.58,0.0,0.009193054136874323,19.719999313354492,RHO6.FRK,Roche Holding AG
2021-05-18,35.0,35.595,35.0,35.0,155.0,0.012145748987854255,21.34000015258789,RHO6.FRK,Roche Holding AG
2021-05-19,34.29,35.24,34.25,34.325,10.0,-0.01928571428571424,22.18000030517578,RHO6.FRK,Roche Holding AG
2021-05-20,34.095,34.8,34.095,34.64,580.0,0.00917698470502537,20.670000076293945,RHO6.FRK,Roche Holding AG
2021-05-21,34.575,35.795,34.575,35.085,17.0,0.012846420323325614,20.149999618530273,RHO6.FRK,Roche Holding AG
2021-05-25,36.295,36.295,34.765,35.97,39.0,0.025224454895254267,18.84000015258789,RHO6.FRK,Roche Holding AG
2021-05-26,36.0,36.3,34.945,35.45,56.0,-0.0144564915207116,17.360000610351562,RHO6.FRK,Roche Holding AG
2021-05-27,36.3,36.3,35.5,36.155,2.0,0.019887165021156505,16.739999771118164,RHO6.FRK,Roche Holding AG
2021-05-28,36.25,36.25,35.125,35.615,51.0,-0.014935693541695438,16.760000228881836,RHO6.FRK,Roche Holding AG
2021-05-31,35.255,35.255,35.255,35.255,0.0,-0.010108100519443997,,RHO6.FRK,Roche Holding AG
2021-06-01,35.3,36.0,35.3,35.3,175.0,0.0012764146929511444,17.899999618530273,RHO6.FRK,Roche Holding AG
2021-06-02,36.35,36.35,35.3,35.7,295.0,0.011331444759206999,17.479999542236328,RHO6.FRK,Roche Holding AG
2021-06-03,35.3,35.3,35.3,35.3,130.0,-0.011204481792717269,18.040000915527344,RHO6.FRK,Roche Holding AG
2021-06-04,34.965,36.6,34.965,36.025,434.0,0.02053824362606238,16.420000076293945,RHO6.FRK,Roche Holding AG
2021-06-07,36.995,37.7,35.84,37.7,754.0,0.046495489243580934,16.420000076293945,RHO6.FRK,Roche Holding AG
2021-06-08,36.495,37.7,36.495,37.4,624.0,-0.007957559681697757,17.06999969482422,RHO6.FRK,Roche Holding AG
2021-06-09,38.0,38.5,37.235,38.375,759.0,0.02606951871657759,17.889999389648438,RHO6.FRK,Roche Holding AG
2021-06-10,38.5,39.2,38.015,38.465,106.0,0.0023452768729641527,16.100000381469727,RHO6.FRK,Roche Holding AG
2021-06-11,38.2,39.25,38.2,39.25,75.0,0.020408163265305923,15.649999618530273,RHO6.FRK,Roche Holding AG
2021-06-14,38.26,38.795,38.26,38.795,120.0,-0.011592356687898042,16.389999389648438,RHO6.FRK,Roche Holding AG
2021-06-15,39.795,39.8,38.55,39.005,190.0,0.005413068694419376,17.020000457763672,RHO6.FRK,Roche Holding AG
2021-06-16,38.55,39.3,38.55,39.3,75.0,0.007563132931675209,18.149999618530273,RHO6.FRK,Roche Holding AG
2021-06-17,39.8,39.8,39.065,39.065,225.0,-0.00597964376590332,17.75,RHO6.FRK,Roche Holding AG
2021-06-18,39.23,39.425,39.13,39.245,620.0,0.004607705106873139,20.700000762939453,RHO6.FRK,Roche Holding AG
2021-06-21,39.1,39.6,39.1,39.6,25.0,0.009045738310612839,17.889999389648438,RHO6.FRK,Roche Holding AG
2021-06-22,38.745,39.14,38.61,38.95,68.0,-0.016414141414141326,16.65999984741211,RHO6.FRK,Roche Holding AG
2021-06-23,38.705,38.725,38.705,38.72,7.0,-0.005905006418485348,16.31999969482422,RHO6.FRK,Roche Holding AG
2021-06-24,38.72,38.72,38.72,38.72,0.0,0.0,15.970000267028809,RHO6.FRK,Roche Holding AG
2021-06-25,39.6,39.6,38.28,39.335,263.0,0.015883264462809965,15.619999885559082,RHO6.FRK,Roche Holding AG
2021-06-28,39.495,39.5,38.5,39.5,316.0,0.004194737511122426,15.760000228881836,RHO6.FRK,Roche Holding AG
2021-06-29,38.635,39.89,38.635,39.295,300.0,-0.00518987341772148,16.020000457763672,RHO6.FRK,Roche Holding AG
2021-06-30,38.84,39.22,38.84,39.22,25.0,-0.001908639776053045,15.829999923706055,RHO6.FRK,Roche Holding AG
2021-07-01,38.84,40.095,38.84,39.3,207.0,0.0020397756246812726,15.479999542236328,RHO6.FRK,Roche Holding AG
2021-07-02,38.745,40.1,38.745,39.195,265.0,-0.0026717557251907387,15.069999694824219,RHO6.FRK,Roche Holding AG
2021-07-05,39.325,39.335,39.325,39.335,10.0,0.0035718841688991976,,RHO6.FRK,Roche Holding AG
2021-07-06,38.935,40.815,38.935,40.0,210.0,0.01690606330240252,16.440000534057617,RHO6.FRK,Roche Holding AG
2021-07-07,39.71,39.71,39.71,39.71,0.0,-0.007249999999999979,16.200000762939453,RHO6.FRK,Roche Holding AG
2021-07-08,39.615,40.5,39.615,39.965,100.0,0.006421556283052299,19.0,RHO6.FRK,Roche Holding AG
2021-07-09,39.71,40.18,39.435,40.18,100.0,0.005379707243838183,16.18000030517578,RHO6.FRK,Roche Holding AG
2021-07-12,39.99,40.5,39.99,40.245,225.0,0.0016177202588352202,16.170000076293945,RHO6.FRK,Roche Holding AG
2021-07-13,40.295,41.0,40.25,40.4,514.0,0.003851410113057563,17.1200008392334,RHO6.FRK,Roche Holding AG
2021-07-14,40.295,40.6,40.135,40.6,0.0,0.004950495049504955,16.329999923706055,RHO6.FRK,Roche Holding AG
2021-07-15,40.255,40.405,40.02,40.405,61.0,-0.004802955665024644,17.010000228881836,RHO6.FRK,Roche Holding AG
2021-07-16,40.295,40.295,40.295,40.295,0.0,-0.002722435342160656,18.450000762939453,RHO6.FRK,Roche Holding AG
2021-07-19,40.455,41.445,40.265,41.445,36.0,0.028539521032386217,22.5,RHO6.FRK,Roche Holding AG
2021-07-20,40.6,41.555,40.4,40.4,3895.0,-0.025214139220653964,19.729999542236328,RHO6.FRK,Roche Holding AG
2021-07-21,41.995,41.995,40.68,40.95,157.0,0.013613861386138737,17.90999984741211,RHO6.FRK,Roche Holding AG
2021-07-22,40.655,40.765,39.1,39.1,1623.0,-0.04517704517704524,17.690000534057617,RHO6.FRK,Roche Holding AG
2021-07-23,39.0,39.945,39.0,39.945,1050.0,0.021611253196931024,17.200000762939453,RHO6.FRK,Roche Holding AG
2021-07-26,39.215,39.655,39.215,39.655,200.0,-0.007259982475904314,17.579999923706055,RHO6.FRK,Roche Holding AG
2021-07-27,39.0,40.0,39.0,39.415,91.0,-0.006052200226957516,19.360000610351562,RHO6.FRK,Roche Holding AG
2021-07-28,39.435,40.07,39.435,39.835,0.0,0.010655841684637846,18.309999465942383,RHO6.FRK,Roche Holding AG
2021-07-29,39.57,40.51,39.57,40.215,332.0,0.00953934981799942,17.700000762939453,RHO6.FRK,Roche Holding AG
2021-07-30,39.535,40.55,39.535,40.5,40.0,0.007086907870197612,18.239999771118164,RHO6.FRK,Roche Holding AG
2021-08-02,39.23,40.695,39.065,40.585,662.0,0.002098765432098748,19.459999084472656,RHO6.FRK,Roche Holding AG
2021-08-03,40.155,41.025,40.155,40.645,87.0,0.0014783787113465952,18.040000915527344,RHO6.FRK,Roche Holding AG
2021-08-04,40.34,40.34,40.34,40.34,0.0,-0.007503998031738179,17.969999313354492,RHO6.FRK,Roche Holding AG
2021-08-05,40.34,41.485,40.34,40.815,395.0,0.011774913237481366,17.280000686645508,RHO6.FRK,Roche Holding AG
2021-08-06,40.8,41.82,40.8,41.35,232.0,0.01310792600759525,16.149999618530273,RHO6.FRK,Roche Holding AG
2021-08-09,40.485,41.995,40.485,41.995,1513.0,0.015598548972188597,16.719999313354492,RHO6.FRK,Roche Holding AG
2021-08-10,41.165,42.705,41.16,41.785,84.0,-0.00500059530896535,16.790000915527344,RHO6.FRK,Roche Holding AG
2021-08-11,41.55,42.495,41.55,42.0,120.0,0.005145387100634391,16.170000076293945,RHO6.FRK,Roche Holding AG
2021-08-12,41.65,42.805,41.65,42.805,437.0,0.019166666666666554,15.59000015258789,RHO6.FRK,Roche Holding AG
2021-08-13,41.65,42.995,41.65,42.09,348.0,-0.016703656114939736,15.449999809265137,RHO6.FRK,Roche Holding AG
2021-08-16,41.65,41.65,41.65,41.65,0.0,-0.010453789498693355,16.1200008392334,RHO6.FRK,Roche Holding AG
2021-08-17,42.23,43.2,42.23,43.2,56.0,0.03721488595438194,17.90999984741211,RHO6.FRK,Roche Holding AG
2021-08-18,41.845,43.865,41.845,42.91,739.0,-0.006712962962963087,21.56999969482422,RHO6.FRK,Roche Holding AG
2021-08-19,43.895,43.895,42.52,42.565,290.0,-0.00804008389652755,21.670000076293945,RHO6.FRK,Roche Holding AG
2021-08-20,42.62,42.62,42.62,42.62,0.0,0.0012921414307529577,18.559999465942383,RHO6.FRK,Roche Holding AG
2021-08-23,43.795,43.795,43.395,43.395,30.0,0.01818395119662153,17.149999618530273,RHO6.FRK,Roche Holding AG
2021-08-24,42.23,42.69,42.23,42.275,42.0,-0.02580942504896888,17.219999313354492,RHO6.FRK,Roche Holding AG
2021-08-25,41.94,41.94,41.535,41.535,59.0,-0.017504435245417005,16.790000915527344,RHO6.FRK,Roche Holding AG
2021-08-26,41.455,41.455,41.455,41.455,0.0,-0.0019260864331286376,18.84000015258789,RHO6.FRK,Roche Holding AG
2021-08-27,41.62,42.015,41.62,42.015,25.0,0.01350862380894946,16.389999389648438,RHO6.FRK,Roche Holding AG
2021-08-30,41.745,42.0,41.745,41.835,524.0,-0.004284184219921494,16.190000534057617,RHO6.FRK,Roche Holding AG
2021-08-31,41.44,41.44,41.44,41.44,0.0,-0.009441854906179104,16.479999542236328,RHO6.FRK,Roche Holding AG
2021-09-01,41.44,41.44,41.44,41.44,0.0,0.0,16.110000610351562,RHO6.FRK,Roche Holding AG
2021-09-02,41.455,42.46,41.455,42.46,1.0,0.024613899613899592,16.40999984741211,RHO6.FRK,Roche Holding AG
2021-09-03,41.36,41.51,41.36,41.51,0.0,-0.02237399905793691,16.40999984741211,RHO6.FRK,Roche Holding AG
2021-09-06,42.695,42.695,41.345,41.345,2.0,-0.0039749457961936185,,RHO6.FRK,Roche Holding AG
2021-09-07,41.26,41.265,41.245,41.265,30.0,-0.0019349377191921757,18.139999389648438,RHO6.FRK,Roche Holding AG
2021-09-08,41.1,41.1,41.005,41.005,20.0,-0.006300739125166599,17.959999084472656,RHO6.FRK,Roche Holding AG
2021-09-09,41.0,41.0,41.0,41.0,41.0,-0.00012193634922574859,18.799999237060547,RHO6.FRK,Roche Holding AG
2021-09-10,40.0,40.0,39.16,39.195,102.0,-0.04402439024390248,20.950000762939453,RHO6.FRK,Roche Holding AG
2021-09-13,40.0,40.0,39.8,39.8,668.0,0.015435642301313779,19.3700008392334,RHO6.FRK,Roche Holding AG
2021-09-14,39.86,39.985,38.635,39.985,780.0,0.004648241206030246,19.459999084472656,RHO6.FRK,Roche Holding AG
2021-09-15,39.095,39.4,39.095,39.4,0.0,-0.01463048643241216,18.18000030517578,RHO6.FRK,Roche Holding AG
2021-09-16,40.425,40.425,39.16,39.295,10.0,-0.002664974619289273,18.690000534057617,RHO6.FRK,Roche Holding AG
2021-09-17,39.255,39.255,39.255,39.255,0.0,-0.0010179412138948685,20.809999465942383,RHO6.FRK,Roche Holding AG
2021-09-20,38.795,38.8,38.795,38.8,15.0,-0.011590880142657078,25.709999084472656,RHO6.FRK,Roche Holding AG
2021-09-21,38.5,39.61,38.5,38.92,35.0,0.0030927835051548502,24.360000610351562,RHO6.FRK,Roche Holding AG
2021-09-22,38.65,38.65,38.65,38.65,0.0,-0.006937307297019579,20.8700008392334,RHO6.FRK,Roche Holding AG
2021-09-23,38.745,39.4,38.745,39.4,100.0,0.019404915912031084,18.6299991607666,RHO6.FRK,Roche Holding AG
2021-09-24,40.1,40.1,38.795,38.795,30.0,-0.015355329949238494,17.75,RHO6.FRK,Roche Holding AG
2021-09-27,38.745,39.835,38.5,38.655,250.0,-0.003608712462946251,18.760000228881836,RHO6.FRK,Roche Holding AG
2021-09-28,38.5,39.33,38.0,38.0,972.0,-0.016944767817876127,23.25,RHO6.FRK,Roche Holding AG
2021-09-29,37.9,39.09,37.9,38.53,4.0,0.013947368421052708,22.559999465942383,RHO6.FRK,Roche Holding AG
2021-09-30,38.41,39.795,38.41,39.04,135.0,0.013236439138333722,23.139999389648438,RHO6.FRK,Roche Holding AG
2021-10-01,38.67,39.94,38.67,39.885,200.0,0.021644467213114638,21.100000381469727,RHO6.FRK,Roche Holding AG
2021-10-04,39.52,40.305,39.52,40.305,0.0,0.010530274539300555,22.959999084472656,RHO6.FRK,Roche Holding AG
2021-10-05,40.31,40.31,40.275,40.275,18.0,-0.0007443245254931119,21.299999237060547,RHO6.FRK,Roche Holding AG
2021-10-06,39.52,40.795,39.52,40.43,301.0,0.003848541278708817,21.0,RHO6.FRK,Roche Holding AG
2021-10-07,40.305,41.06,40.305,41.06,10.0,0.01558248825129871,19.540000915527344,RHO6.FRK,Roche Holding AG
2021-10-08,40.97,41.455,40.97,41.455,20.0,0.009620068192888409,18.770000457763672,RHO6.FRK,Roche Holding AG
2021-10-11,41.36,42.7,41.36,42.7,244.0,0.03003256543239674,20.0,RHO6.FRK,Roche Holding AG
2021-10-12,41.0,42.4,41.0,41.405,200.0,-0.030327868852459083,19.850000381469727,RHO6.FRK,Roche Holding AG
2021-10-13,41.075,41.95,41.075,41.365,50.0,-0.0009660669001327893,18.639999389648438,RHO6.FRK,Roche Holding AG
2021-10-14,41.065,42.0,41.065,41.22,35.0,-0.003505378943551407,16.860000610351562,RHO6.FRK,Roche Holding AG
2021-10-15,40.955,40.955,40.955,40.955,0.0,-0.006428918000970452,16.299999237060547,RHO6.FRK,Roche Holding AG
2021-10-18,41.455,42.78,41.455,42.78,10.0,0.04456110365034793,16.309999465942383,RHO6.FRK,Roche Holding AG
2021-10-19,41.505,42.305,41.505,42.305,61.0,-0.011103319308087944,15.699999809265137,RHO6.FRK,Roche Holding AG
2021-10-20,41.17,42.0,41.015,41.1,1330.0,-0.028483630776503954,15.489999771118164,RHO6.FRK,Roche Holding AG
2021-10-21,40.295,41.5,40.295,41.5,85.0,0.009732360097323589,15.010000228881836,RHO6.FRK,Roche Holding AG
2021-10-22,41.34,42.075,41.34,41.885,1359.0,0.00927710843373486,15.430000305175781,RHO6.FRK,Roche Holding AG
2021-10-25,41.165,41.36,40.92,41.36,0.0,-0.012534320162349233,15.239999771118164,RHO6.FRK,Roche Holding AG
2021-10-26,41.145,41.145,41.145,41.145,0.0,-0.005198259187620846,15.979999542236328,RHO6.FRK,Roche Holding AG
2021-10-27,41.165,41.255,41.09,41.255,0.0,0.0026734718677845493,16.979999542236328,RHO6.FRK,Roche Holding AG
2021-10-28,40.85,41.325,40.85,41.325,200.0,0.0016967640286025265,16.530000686645508,RHO6.FRK,Roche Holding AG
2021-10-29,41.075,41.23,41.075,41.23,50.0,-0.0022988505747127963,16.260000228881836,RHO6.FRK,Roche Holding AG
2021-11-01,41.19,41.65,41.17,41.65,5.0,0.01018675721561979,16.40999984741211,RHO6.FRK,Roche Holding AG
2021-11-02,41.83,43.2,41.83,43.2,100.0,0.03721488595438194,16.030000686645508,RHO6.FRK,Roche Holding AG
2021-11-03,43.0,43.02,42.51,43.02,200.0,-0.004166666666666652,15.100000381469727,RHO6.FRK,Roche Holding AG
2021-11-04,43.825,45.0,43.51,43.51,628.0,0.011390051139005042,15.4399995803833,RHO6.FRK,Roche Holding AG
2021-11-05,43.39,43.99,43.0,43.0,91.0,-0.011721443346357163,16.479999542236328,RHO6.FRK,Roche Holding AG
2021-11-08,43.0,43.995,43.0,43.875,130.0,0.02034883720930236,17.219999313354492,RHO6.FRK,Roche Holding AG
2021-11-09,43.0,43.0,43.0,43.0,0.0,-0.019943019943019946,17.780000686645508,RHO6.FRK,Roche Holding AG
2021-11-10,44.39,44.39,43.0,43.0,5.0,0.0,18.729999542236328,RHO6.FRK,Roche Holding AG
2021-11-11,43.05,44.395,43.05,44.39,149.0,0.03232558139534891,17.65999984741211,RHO6.FRK,Roche Holding AG
2021-11-12,44.5,45.0,43.39,43.555,1089.0,-0.018810542915071005,16.290000915527344,RHO6.FRK,Roche Holding AG
2021-11-15,44.295,44.295,43.005,43.895,343.0,0.007806222018138076,16.489999771118164,RHO6.FRK,Roche Holding AG
2021-11-16,43.0,44.0,43.0,43.9,283.0,0.00011390818999879038,16.3700008392334,RHO6.FRK,Roche Holding AG
2021-11-17,43.02,44.295,43.02,43.415,486.0,-0.011047835990888322,17.110000610351562,RHO6.FRK,Roche Holding AG
2021-11-18,43.15,44.295,43.125,43.405,24.0,-0.00023033513762515945,17.59000015258789,RHO6.FRK,Roche Holding AG
2021-11-19,44.0,44.5,43.105,44.5,1283.0,0.02522750835157228,17.90999984741211,RHO6.FRK,Roche Holding AG
2021-11-22,44.965,44.985,43.55,44.075,135.0,-0.00955056179775271,19.170000076293945,RHO6.FRK,Roche Holding AG
2021-11-23,43.1,44.145,42.34,42.495,2591.0,-0.035847986386840724,19.3799991607666,RHO6.FRK,Roche Holding AG
2021-11-24,42.185,42.185,42.185,42.185,0.0,-0.007294975879515109,18.579999923706055,RHO6.FRK,Roche Holding AG
2021-11-25,42.595,42.92,42.595,42.92,0.0,0.01742325471139039,,RHO6.FRK,Roche Holding AG
2021-11-26,42.15,43.7,42.15,42.54,1722.0,-0.008853681267474434,28.6200008392334,RHO6.FRK,Roche Holding AG
2021-11-29,43.6,43.64,42.6,42.6,392.0,0.0014104372355430161,22.959999084472656,RHO6.FRK,Roche Holding AG
2021-11-30,42.6,43.61,42.59,42.68,95.0,0.001877934272300319,27.190000534057617,RHO6.FRK,Roche Holding AG
2021-12-01,42.425,43.91,42.425,43.12,167.0,0.010309278350515427,31.1200008392334,RHO6.FRK,Roche Holding AG
2021-12-02,42.62,43.43,42.62,43.12,0.0,0.0,27.950000762939453,RHO6.FRK,Roche Holding AG
2021-12-03,42.62,44.195,42.62,43.11,576.0,-0.00023191094619656738,30.670000076293945,RHO6.FRK,Roche Holding AG
2021-12-06,43.1,44.5,43.1,44.5,97.0,0.03224309904894462,27.18000030517578,RHO6.FRK,Roche Holding AG
2021-12-07,43.38,43.835,43.38,43.835,0.0,-0.014943820224719073,21.889999389648438,RHO6.FRK,Roche Holding AG
2021-12-08,43.415,45.055,43.415,44.8,454.0,0.022014372077107325,19.899999618530273,RHO6.FRK,Roche Holding AG
2021-12-09,43.585,45.0,43.585,44.335,40.0,-0.010379464285714235,21.579999923706055,RHO6.FRK,Roche Holding AG
2021-12-10,44.075,45.1,44.075,44.745,211.0,0.009247772640126328,18.690000534057617,RHO6.FRK,Roche Holding AG
2021-12-13,45.25,45.995,44.67,44.67,284.0,-0.0016761649346295204,20.309999465942383,RHO6.FRK,Roche Holding AG
2021-12-14,44.21,45.595,43.49,43.49,18.0,-0.026415939109021735,21.889999389648438,RHO6.FRK,Roche Holding AG
2021-12-15,43.5,44.17,43.07,44.17,120.0,0.015635778339848194,19.290000915527344,RHO6.FRK,Roche Holding AG
2021-12-16,44.215,45.795,44.215,45.17,211.0,0.02263980076975325,20.56999969482422,RHO6.FRK,Roche Holding AG
2021-12-17,44.56,44.56,44.56,44.56,0.0,-0.013504538410449407,21.56999969482422,RHO6.FRK,Roche Holding AG
2021-12-20,46.2,46.2,44.73,44.8,291.0,0.0053859964093356805,22.8700008392334,RHO6.FRK,Roche Holding AG
2021-12-21,45.995,45.995,44.56,45.905,9.0,0.024665178571428692,21.010000228881836,RHO6.FRK,Roche Holding AG
2021-12-22,44.995,45.925,44.995,44.995,21.0,-0.019823548633046584,18.6299991607666,RHO6.FRK,Roche Holding AG
2021-12-23,44.8,45.5,44.8,45.5,247.0,0.011223469274363795,17.959999084472656,RHO6.FRK,Roche Holding AG
2021-12-27,47.0,47.0,44.82,46.22,86.0,0.015824175824175724,17.68000030517578,RHO6.FRK,Roche Holding AG
2021-12-28,45.17,46.81,45.17,45.88,600.0,-0.007356122890523453,17.540000915527344,RHO6.FRK,Roche Holding AG
2021-12-29,45.55,46.905,45.465,45.465,656.0,-0.00904533565823884,16.950000762939453,RHO6.FRK,Roche Holding AG
2021-12-30,45.47,45.47,45.47,45.47,0.0,0.00010997470581752822,17.329999923706055,RHO6.FRK,Roche Holding AG
2022-01-03,45.48,45.515,44.895,45.24,64.0,-0.005058280184737085,16.600000381469727,RHO6.FRK,Roche Holding AG
2022-01-04,46.555,46.555,44.23,44.27,528.0,-0.02144120247568526,16.90999984741211,RHO6.FRK,Roche Holding AG
2022-01-05,44.16,45.57,44.16,45.56,755.0,0.029139372035238198,19.729999542236328,RHO6.FRK,Roche Holding AG
2022-01-06,43.97,43.97,43.97,43.97,0.0,-0.034899034240561955,19.610000610351562,RHO6.FRK,Roche Holding AG
2022-01-07,43.855,44.28,43.855,44.28,0.0,0.007050261541960534,18.760000228881836,RHO6.FRK,Roche Holding AG
2022-01-10,46.2,46.2,43.92,44.025,466.0,-0.005758807588075898,19.399999618530273,RHO6.FRK,Roche Holding AG
2022-01-11,43.98,43.98,43.98,43.98,0.0,-0.0010221465076661884,18.40999984741211,RHO6.FRK,Roche Holding AG
2022-01-12,44.07,44.07,43.8,43.8,60.0,-0.004092769440654842,17.6200008392334,RHO6.FRK,Roche Holding AG
2022-01-13,43.8,43.855,43.8,43.855,136.0,0.0012557077625570123,20.309999465942383,RHO6.FRK,Roche Holding AG
2022-01-14,42.625,43.9,42.625,43.9,1.0,0.001026108767529399,19.190000534057617,RHO6.FRK,Roche Holding AG
2022-01-17,44.2,44.2,43.135,43.5,1274.0,-0.009111617312072884,,RHO6.FRK,Roche Holding AG
2022-01-18,43.3,44.295,43.3,44.005,58.0,0.011609195402298988,22.790000915527344,RHO6.FRK,Roche Holding AG
2022-01-19,43.295,44.395,43.295,43.5,7.0,-0.011475968639927392,23.850000381469727,RHO6.FRK,Roche Holding AG
2022-01-20,43.39,43.595,43.39,43.595,0.0,0.002183908045976901,25.59000015258789,RHO6.FRK,Roche Holding AG
2022-01-21,43.005,43.35,43.005,43.345,0.0,-0.005734602592040394,28.850000381469727,RHO6.FRK,Roche Holding AG
2022-01-24,44.0,44.0,41.155,41.27,884.0,-0.047871726842772966,29.899999618530273,RHO6.FRK,Roche Holding AG
2022-01-25,41.6,41.605,41.28,41.5,330.0,0.0055730554882480465,31.15999984741211,RHO6.FRK,Roche Holding AG
2022-01-26,41.5,42.66,41.5,41.65,1.0,0.0036144578313253017,31.959999084472656,RHO6.FRK,Roche Holding AG
2022-01-27,41.65,42.09,41.65,42.09,20.0,0.010564225690276263,30.489999771118164,RHO6.FRK,Roche Holding AG
2022-01-28,42.115,42.265,42.115,42.18,2.0,0.002138275124732525,27.65999984741211,RHO6.FRK,Roche Holding AG
2022-01-31,43.8,43.8,42.6,42.6,50.0,0.009957325746799528,24.829999923706055,RHO6.FRK,Roche Holding AG
2022-02-01,42.52,43.02,42.52,42.955,0.0,0.008333333333333304,21.959999084472656,RHO6.FRK,Roche Holding AG
2022-02-02,43.0,43.6,43.0,43.2,105.0,0.00570364334768958,22.09000015258789,RHO6.FRK,Roche Holding AG
2022-02-03,42.62,42.62,42.0,42.0,144.0,-0.02777777777777779,24.350000381469727,RHO6.FRK,Roche Holding AG
2022-02-04,41.3,41.835,40.735,41.53,300.0,-0.011190476190476195,23.219999313354492,RHO6.FRK,Roche Holding AG
2022-02-07,41.5,41.5,40.195,40.475,229.0,-0.02540332289910907,22.860000610351562,RHO6.FRK,Roche Holding AG
2022-02-08,41.0,41.535,40.305,41.535,90.0,0.026189005558986844,21.440000534057617,RHO6.FRK,Roche Holding AG
2022-02-09,40.585,42.295,40.585,42.295,36.0,0.018297821114722668,19.959999084472656,RHO6.FRK,Roche Holding AG
2022-02-10,41.455,41.665,41.455,41.665,45.0,-0.014895377704220447,23.90999984741211,RHO6.FRK,Roche Holding AG
2022-02-11,41.265,42.095,41.255,41.255,201.0,-0.009840393615744514,27.360000610351562,RHO6.FRK,Roche Holding AG
2022-02-14,40.89,41.37,40.01,41.37,79.0,0.0027875409041326904,28.329999923706055,RHO6.FRK,Roche Holding AG
2022-02-15,40.195,41.795,40.195,41.795,37.0,0.01027314479091146,25.700000762939453,RHO6.FRK,Roche Holding AG
2022-02-16,40.68,40.88,40.68,40.88,11.0,-0.021892570881684392,24.290000915527344,RHO6.FRK,Roche Holding AG
2022-02-17,41.07,41.075,40.715,40.715,0.0,-0.004036203522504889,28.110000610351562,RHO6.FRK,Roche Holding AG
2022-02-18,40.585,42.0,40.585,40.59,200.0,-0.0030701215768144108,27.75,RHO6.FRK,Roche Holding AG
2022-02-21,40.75,40.75,40.48,40.48,0.0,-0.0027100271002711285,,RHO6.FRK,Roche Holding AG
2022-02-22,40.195,40.67,40.195,40.67,31.0,0.004693675889328119,28.809999465942383,RHO6.FRK,Roche Holding AG
2022-02-23,40.67,41.09,40.305,41.09,116.0,0.010327022375215211,31.020000457763672,RHO6.FRK,Roche Holding AG
2022-02-24,42.135,42.135,40.71,40.71,10.0,-0.009247992212217171,30.31999969482422,RHO6.FRK,Roche Holding AG
2022-02-25,40.585,41.83,40.585,41.415,145.0,0.017317612380250536,27.59000015258789,RHO6.FRK,Roche Holding AG
2022-02-28,41.55,42.14,41.55,42.14,0.0,0.017505734637208725,30.149999618530273,RHO6.FRK,Roche Holding AG
2022-03-01,41.57,41.57,41.57,41.57,0.0,-0.013526340768865719,33.31999969482422,RHO6.FRK,Roche Holding AG
2022-03-02,42.2,42.2,41.905,41.945,0.0,0.009020928554245744,30.739999771118164,RHO6.FRK,Roche Holding AG
2022-03-03,41.65,41.675,41.65,41.675,0.0,-0.00643700083442611,30.479999542236328,RHO6.FRK,Roche Holding AG
2022-03-04,41.26,41.49,41.26,41.49,0.0,-0.004439112177564319,31.979999542236328,RHO6.FRK,Roche Holding AG
2022-03-07,41.59,41.59,41.55,41.55,40.0,0.001446131597975242,36.45000076293945,RHO6.FRK,Roche Holding AG
2022-03-08,41.12,43.5,41.12,41.78,1346.0,0.0055354993983154355,35.130001068115234,RHO6.FRK,Roche Holding AG
2022-03-09,41.825,42.94,41.825,42.94,50.0,0.02776448061273329,32.45000076293945,RHO6.FRK,Roche Holding AG
2022-03-10,42.62,42.62,42.62,42.62,0.0,-0.007452258965999103,30.229999542236328,RHO6.FRK,Roche Holding AG
2022-03-11,42.05,42.63,42.05,42.63,0.0,0.00023463162834369555,30.75,RHO6.FRK,Roche Holding AG
2022-03-14,43.7,43.7,41.98,43.29,76.0,0.015482054890921804,31.770000457763672,RHO6.FRK,Roche Holding AG
2022-03-15,42.345,43.45,42.345,43.45,0.0,0.003696003696003869,29.829999923706055,RHO6.FRK,Roche Holding AG
2022-03-16,42.91,44.25,42.76,42.93,200.0,-0.011967779056386685,26.670000076293945,RHO6.FRK,Roche Holding AG
2022-03-17,42.37,42.78,42.045,42.78,12.0,-0.0034940600978335956,25.670000076293945,RHO6.FRK,Roche Holding AG
2022-03-18,42.425,44.085,42.02,44.0,358.0,0.028517999064983535,23.8700008392334,RHO6.FRK,Roche Holding AG
2022-03-21,43.79,43.905,43.79,43.905,0.0,-0.002159090909090833,23.530000686645508,RHO6.FRK,Roche Holding AG
2022-03-22,43.78,44.19,43.77,44.075,0.0,0.0038719963557680703,22.940000534057617,RHO6.FRK,Roche Holding AG
2022-03-23,43.585,44.2,43.585,44.2,15.0,0.0028360748723765816,23.56999969482422,RHO6.FRK,Roche Holding AG
2022-03-24,43.98,45.01,43.98,45.01,0.0,0.018325791855203555,21.670000076293945,RHO6.FRK,Roche Holding AG
2022-03-25,44.555,45.995,44.555,45.995,229.0,0.02188402577205073,20.809999465942383,RHO6.FRK,Roche Holding AG
2022-03-28,45.995,45.995,45.205,45.26,360.0,-0.015979997825850578,19.6299991607666,RHO6.FRK,Roche Holding AG
2022-03-29,44.555,45.6,44.555,44.6,345.0,-0.014582412726469207,18.899999618530273,RHO6.FRK,Roche Holding AG
2022-03-30,44.36,44.995,44.1,44.995,1.0,0.008856502242152287,19.329999923706055,RHO6.FRK,Roche Holding AG
2022-03-31,43.585,45.0,43.585,44.685,120.0,-0.006889654406045054,20.559999465942383,RHO6.FRK,Roche Holding AG
2022-04-01,44.145,45.0,44.145,45.0,11.0,0.007049345417925457,19.6299991607666,RHO6.FRK,Roche Holding AG
2022-04-04,44.555,46.0,44.555,46.0,403.0,0.022222222222222143,18.56999969482422,RHO6.FRK,Roche Holding AG
2022-04-05,46.295,47.94,46.295,47.94,31.0,0.04217391304347817,21.030000686645508,RHO6.FRK,Roche Holding AG
2022-04-06,46.685,46.685,46.685,46.685,0.0,-0.02617855652899448,22.100000381469727,RHO6.FRK,Roche Holding AG
2022-04-07,47.365,48.0,47.365,48.0,0.0,0.028167505622791023,21.549999237060547,RHO6.FRK,Roche Holding AG
2022-04-08,48.23,49.48,48.17,48.17,150.0,0.003541666666666776,21.15999984741211,RHO6.FRK,Roche Holding AG
2022-04-11,48.14,48.505,48.14,48.505,12.0,0.0069545360182685645,24.3700008392334,RHO6.FRK,Roche Holding AG
2022-04-12,48.5,48.5,48.03,48.105,33.0,-0.00824657251829719,24.260000228881836,RHO6.FRK,Roche Holding AG
2022-04-13,47.365,48.74,47.365,47.63,7.0,-0.00987423344766647,21.81999969482422,RHO6.FRK,Roche Holding AG
2022-04-14,47.14,47.805,47.14,47.535,40.0,-0.0019945412555113506,22.700000762939453,RHO6.FRK,Roche Holding AG
2022-04-19,46.88,46.88,45.63,45.63,55.0,-0.04007573366992734,21.3700008392334,RHO6.FRK,Roche Holding AG
2022-04-20,45.135,46.53,44.93,45.965,170.0,0.007341661187814985,20.31999969482422,RHO6.FRK,Roche Holding AG
2022-04-21,44.72,44.72,44.005,44.295,105.0,-0.036331991732840185,22.68000030517578,RHO6.FRK,Roche Holding AG
2022-04-22,43.1,44.395,43.1,43.87,20.0,-0.00959476238853152,28.209999084472656,RHO6.FRK,Roche Holding AG
2022-04-25,43.53,44.275,43.53,44.275,0.0,0.009231821290175635,27.020000457763672,RHO6.FRK,Roche Holding AG
2022-04-26,44.07,44.34,43.36,43.435,5.0,-0.018972332015810167,33.52000045776367,RHO6.FRK,Roche Holding AG
2022-04-27,42.895,44.85,42.895,44.85,40.0,0.032577414527454884,31.600000381469727,RHO6.FRK,Roche Holding AG
2022-04-28,44.03,44.03,43.735,43.975,0.0,-0.01950947603121511,29.989999771118164,RHO6.FRK,Roche Holding AG
2022-04-29,43.6,43.6,43.6,43.6,0.0,-0.008527572484366086,33.400001525878906,RHO6.FRK,Roche Holding AG
2022-05-02,43.6,43.6,43.6,43.6,91.0,0.0,32.34000015258789,RHO6.FRK,Roche Holding AG
2022-05-03,42.62,43.25,42.615,42.615,1535.0,-0.02259174311926604,29.25,RHO6.FRK,Roche Holding AG
2022-05-04,42.37,42.37,41.74,41.74,0.0,-0.020532676287692175,25.420000076293945,RHO6.FRK,Roche Holding AG
2022-05-05,41.745,41.745,41.74,41.74,88.0,0.0,31.200000762939453,RHO6.FRK,Roche Holding AG
2022-05-06,41.25,41.25,40.905,40.97,0.0,-0.01844753234307628,30.190000534057617,RHO6.FRK,Roche Holding AG
2022-05-09,41.115,41.115,40.88,40.88,10.0,-0.002196729314132173,34.75,RHO6.FRK,Roche Holding AG
2022-05-10,40.675,41.0,40.675,41.0,60.0,0.0029354207436398383,32.9900016784668,RHO6.FRK,Roche Holding AG
2022-05-11,41.635,41.635,38.2,38.2,501.0,-0.06829268292682922,32.560001373291016,RHO6.FRK,Roche Holding AG
2022-05-12,38.0,39.4,38.0,39.4,13.0,0.03141361256544495,31.770000457763672,RHO6.FRK,Roche Holding AG
2022-05-13,38.0,38.0,38.0,38.0,0.0,-0.035532994923857864,28.8700008392334,RHO6.FRK,Roche Holding AG
2022-05-16,38.8,38.8,38.0,38.13,50.0,0.0034210526315789913,27.469999313354492,RHO6.FRK,Roche Holding AG
2022-05-17,38.005,38.295,38.0,38.0,0.0,-0.0034093889325991222,26.100000381469727,RHO6.FRK,Roche Holding AG
2022-05-18,38.005,38.005,38.005,38.005,0.0,0.00013157894736859355,30.959999084472656,RHO6.FRK,Roche Holding AG
2022-05-19,38.0,39.13,38.0,39.13,20.0,0.029601368241020998,29.350000381469727,RHO6.FRK,Roche Holding AG
2022-05-20,38.0,38.0,38.0,38.0,0.0,-0.028878098645540584,29.43000030517578,RHO6.FRK,Roche Holding AG
2022-05-23,38.0,38.0,38.0,38.0,0.0,0.0,28.479999542236328,RHO6.FRK,Roche Holding AG
2022-05-24,38.545,39.75,38.545,39.75,7.0,0.046052631578947345,29.450000762939453,RHO6.FRK,Roche Holding AG
2022-05-25,39.71,40.18,39.71,40.18,0.0,0.010817610062893168,28.3700008392334,RHO6.FRK,Roche Holding AG
2022-05-26,39.59,39.86,39.59,39.86,0.0,-0.007964161274265802,27.5,RHO6.FRK,Roche Holding AG
2022-05-27,39.655,39.655,39.655,39.655,0.0,-0.00514300050175609,25.719999313354492,RHO6.FRK,Roche Holding AG
2022-05-30,39.6,39.655,39.6,39.655,12.0,0.0,,RHO6.FRK,Roche Holding AG
2022-05-31,39.42,39.42,39.355,39.355,0.0,-0.007565250283697034,26.190000534057617,RHO6.FRK,Roche Holding AG
2022-06-01,39.13,39.735,38.965,39.735,1.0,0.00965569813238476,25.690000534057617,RHO6.FRK,Roche Holding AG
2022-06-02,38.55,39.62,38.55,38.81,15.0,-0.023279224864728776,24.719999313354492,RHO6.FRK,Roche Holding AG
2022-06-03,38.75,38.75,38.46,38.46,0.0,-0.009018294254058312,24.790000915527344,RHO6.FRK,Roche Holding AG
2022-06-06,38.24,38.565,38.195,38.195,0.0,-0.00689027561102451,25.06999969482422,RHO6.FRK,Roche Holding AG
2022-06-07,37.915,37.915,37.915,37.915,0.0,-0.007330802461055108,24.020000457763672,RHO6.FRK,Roche Holding AG
2022-06-08,37.58,38.7,37.58,38.7,60.0,0.020704206778320078,23.959999084472656,RHO6.FRK,Roche Holding AG
2022-06-09,37.465,38.6,37.465,37.965,2338.0,-0.018992248062015493,26.09000015258789,RHO6.FRK,Roche Holding AG
2022-06-10,37.29,37.29,37.23,37.23,0.0,-0.01935993678388004,27.75,RHO6.FRK,Roche Holding AG
2022-06-13,37.19,37.19,37.0,37.0,45.0,-0.006177813591189851,34.02000045776367,RHO6.FRK,Roche Holding AG
2022-06-14,37.0,37.0,36.155,36.155,50.0,-0.02283783783783777,32.689998626708984,RHO6.FRK,Roche Holding AG
2022-06-15,35.935,36.69,35.935,36.69,0.0,0.014797400082976031,29.6200008392334,RHO6.FRK,Roche Holding AG
2022-06-16,36.42,36.43,36.42,36.43,0.0,-0.00708639956391377,32.95000076293945,RHO6.FRK,Roche Holding AG
2022-06-17,36.62,36.62,36.62,36.62,0.0,0.005215481745813877,31.1299991607666,RHO6.FRK,Roche Holding AG
2022-06-20,38.0,38.0,36.495,36.495,25.0,-0.00341343528126703,,RHO6.FRK,Roche Holding AG
2022-06-21,36.66,37.45,36.53,37.45,10.0,0.026167968214824144,30.190000534057617,RHO6.FRK,Roche Holding AG
2022-06-22,36.6,37.695,36.6,37.175,12.0,-0.007343124165554271,28.950000762939453,RHO6.FRK,Roche Holding AG
2022-06-23,36.905,37.52,36.905,37.52,0.0,0.009280430396772177,29.049999237060547,RHO6.FRK,Roche Holding AG
2022-06-24,37.525,39.045,37.525,39.045,0.0,0.040644989339019055,27.229999542236328,RHO6.FRK,Roche Holding AG
2022-06-27,38.925,38.925,38.925,38.925,0.0,-0.003073376872839151,26.950000762939453,RHO6.FRK,Roche Holding AG
2022-06-28,39.31,39.53,38.48,39.0,484.0,0.0019267822736031004,28.360000610351562,RHO6.FRK,Roche Holding AG
2022-06-29,38.86,40.0,38.86,39.8,5.0,0.02051282051282044,28.15999984741211,RHO6.FRK,Roche Holding AG
2022-06-30,39.025,40.375,39.025,40.375,431.0,0.014447236180904488,28.709999084472656,RHO6.FRK,Roche Holding AG
2022-07-01,38.92,39.15,38.92,39.15,0.0,-0.030340557275541857,26.700000762939453,RHO6.FRK,Roche Holding AG
2022-07-04,39.54,39.54,39.4,39.465,0.0,0.008045977011494454,,RHO6.FRK,Roche Holding AG
2022-07-05,40.0,40.325,39.66,39.66,988.0,0.004941087039148417,27.540000915527344,RHO6.FRK,Roche Holding AG
2022-07-06,40.14,40.215,40.14,40.215,83.0,0.013993948562783798,26.729999542236328,RHO6.FRK,Roche Holding AG
2022-07-07,40.415,41.5,40.415,41.5,810.0,0.031953251274400074,26.079999923706055,RHO6.FRK,Roche Holding AG
2022-07-08,40.365,40.925,40.365,40.555,400.0,-0.022771084337349423,24.639999389648438,RHO6.FRK,Roche Holding AG
2022-07-11,39.625,40.97,39.625,40.97,10.0,0.010233016890642377,26.170000076293945,RHO6.FRK,Roche Holding AG
2022-07-12,40.52,40.52,40.52,40.52,0.0,-0.01098364657066131,27.290000915527344,RHO6.FRK,Roche Holding AG
2022-07-13,40.86,41.195,40.86,41.195,400.0,0.016658440276406727,26.81999969482422,RHO6.FRK,Roche Holding AG
2022-07-14,40.92,40.92,40.92,40.92,0.0,-0.006675567423230944,26.399999618530273,RHO6.FRK,Roche Holding AG
2022-07-15,40.81,40.81,40.81,40.81,0.0,-0.0026881720430107503,24.229999542236328,RHO6.FRK,Roche Holding AG
2022-07-18,41.32,42.3,41.115,41.7,137.0,0.021808380298946384,25.299999237060547,RHO6.FRK,Roche Holding AG
2022-07-19,40.34,41.545,40.34,41.11,1120.0,-0.014148681055155987,24.5,RHO6.FRK,Roche Holding AG
2022-07-20,41.265,41.265,40.99,40.99,0.0,-0.0029189978107515557,23.8799991607666,RHO6.FRK,Roche Holding AG
2022-07-21,40.44,41.5,40.44,41.5,250.0,0.012442059038789921,23.110000610351562,RHO6.FRK,Roche Holding AG
2022-07-22,40.8,41.2,40.8,41.2,0.0,-0.0072289156626504925,23.030000686645508,RHO6.FRK,Roche Holding AG
2022-07-25,41.64,41.64,41.64,41.64,64.0,0.010679611650485477,23.360000610351562,RHO6.FRK,Roche Holding AG
2022-07-26,41.115,42.6,41.115,41.955,56.0,0.007564841498558961,24.690000534057617,RHO6.FRK,Roche Holding AG
2022-07-27,41.77,41.77,41.77,41.77,0.0,-0.004409486354427283,23.239999771118164,RHO6.FRK,Roche Holding AG
2022-07-28,41.035,41.035,41.035,41.035,0.0,-0.017596361024659002,22.329999923706055,RHO6.FRK,Roche Holding AG
2022-07-29,40.535,41.375,40.535,41.25,10.0,0.005239429755087288,21.329999923706055,RHO6.FRK,Roche Holding AG
2022-08-01,39.79,40.825,39.79,39.935,15.0,-0.03187878787878784,22.84000015258789,RHO6.FRK,Roche Holding AG
2022-08-02,39.71,39.71,39.71,39.71,0.0,-0.005634155502691862,23.93000030517578,RHO6.FRK,Roche Holding AG
2022-08-03,40.1,41.19,40.1,40.48,169.0,0.01939058171745134,21.950000762939453,RHO6.FRK,Roche Holding AG
2022-08-04,40.37,41.0,40.065,40.8,22.0,0.007905138339920903,21.440000534057617,RHO6.FRK,Roche Holding AG
2022-08-05,39.705,39.705,39.705,39.705,0.0,-0.026838235294117663,21.149999618530273,RHO6.FRK,Roche Holding AG
2022-08-08,39.85,39.85,39.85,39.85,0.0,0.003651933005918817,21.290000915527344,RHO6.FRK,Roche Holding AG
2022-08-09,39.875,39.875,39.735,39.735,169.0,-0.002885821831869584,21.770000457763672,RHO6.FRK,Roche Holding AG
2022-08-10,40.115,40.115,40.115,40.115,0.0,0.009563357241726411,19.739999771118164,RHO6.FRK,Roche Holding AG
2022-08-11,40.37,40.37,39.74,39.74,0.0,-0.00934812414308861,20.200000762939453,RHO6.FRK,Roche Holding AG
2022-08-12,40.57,40.57,40.57,40.57,0.0,0.02088575742325105,19.530000686645508,RHO6.FRK,Roche Holding AG
2022-08-15,40.57,40.855,40.57,40.855,110.0,0.007024895242790263,19.950000762939453,RHO6.FRK,Roche Holding AG
2022-08-16,40.895,40.955,40.185,40.22,10.0,-0.015542773222371742,19.690000534057617,RHO6.FRK,Roche Holding AG
2022-08-17,40.27,40.27,40.27,40.27,0.0,0.0012431626056690348,19.899999618530273,RHO6.FRK,Roche Holding AG
2022-08-18,40.38,41.18,40.38,41.18,0.0,0.022597467097094537,19.559999465942383,RHO6.FRK,Roche Holding AG
2022-08-19,41.04,41.555,41.04,41.415,15.0,0.005706653715395804,20.600000381469727,RHO6.FRK,Roche Holding AG
2022-08-22,41.345,41.345,41.345,41.345,0.0,-0.001690208861523601,23.799999237060547,RHO6.FRK,Roche Holding AG
2022-08-23,41.5,41.53,40.82,40.87,465.0,-0.011488692707703474,24.110000610351562,RHO6.FRK,Roche Holding AG
2022-08-24,42.19,42.19,40.92,41.1,1.0,0.005627599706386155,22.81999969482422,RHO6.FRK,Roche Holding AG
2022-08-25,41.2,41.2,41.2,41.2,0.0,0.0024330900243310083,21.780000686645508,RHO6.FRK,Roche Holding AG
2022-08-26,41.07,41.07,41.05,41.05,0.0,-0.003640776699029291,25.559999465942383,RHO6.FRK,Roche Holding AG
2022-08-29,40.22,40.22,40.22,40.22,0.0,-0.020219244823386107,26.209999084472656,RHO6.FRK,Roche Holding AG
2022-08-30,40.0,40.175,40.0,40.0,0.0,-0.005469915464942798,26.209999084472656,RHO6.FRK,Roche Holding AG
2022-08-31,40.0,40.0,40.0,40.0,0.0,0.0,25.8700008392334,RHO6.FRK,Roche Holding AG
2022-09-01,39.73,40.0,39.73,40.0,0.0,0.0,25.559999465942383,RHO6.FRK,Roche Holding AG
2022-09-02,40.0,40.0,40.0,40.0,50.0,0.0,25.469999313354492,RHO6.FRK,Roche Holding AG
2022-09-05,39.715,39.715,39.715,39.715,0.0,-0.007124999999999937,,RHO6.FRK,Roche Holding AG
2022-09-06,39.685,41.76,39.685,41.76,21.0,0.05149187964245239,26.90999984741211,RHO6.FRK,Roche Holding AG
2022-09-07,40.39,40.97,40.39,40.97,7.0,-0.018917624521072818,24.639999389648438,RHO6.FRK,Roche Holding AG
2022-09-08,41.05,41.195,41.05,41.195,0.0,0.00549182328533071,23.610000610351562,RHO6.FRK,Roche Holding AG
2022-09-09,41.075,41.73,41.075,41.73,20.0,0.01298701298701288,22.790000915527344,RHO6.FRK,Roche Holding AG
2022-09-12,41.25,41.25,41.25,41.25,0.0,-0.011502516175413313,23.8700008392334,RHO6.FRK,Roche Holding AG
2022-09-13,41.045,41.59,41.045,41.25,0.0,0.0,27.270000457763672,RHO6.FRK,Roche Holding AG
2022-09-14,41.405,41.59,41.405,41.59,0.0,0.008242424242424384,26.15999984741211,RHO6.FRK,Roche Holding AG
2022-09-15,41.48,42.055,41.48,42.055,0.0,0.01118057225294522,26.270000457763672,RHO6.FRK,Roche Holding AG
2022-09-16,41.975,42.24,41.91,42.09,0.0,0.0008322434906671283,26.299999237060547,RHO6.FRK,Roche Holding AG
2022-09-19,41.77,41.77,41.185,41.185,8.0,-0.021501544309812326,25.760000228881836,RHO6.FRK,Roche Holding AG
2022-09-20,41.12,41.12,40.83,40.915,3.0,-0.006555784873133463,27.15999984741211,RHO6.FRK,Roche Holding AG
2022-09-21,40.715,41.2,40.695,40.695,60.0,-0.005377001099841072,27.989999771118164,RHO6.FRK,Roche Holding AG
2022-09-22,41.395,41.395,39.86,39.86,10.0,-0.020518491215137047,27.350000381469727,RHO6.FRK,Roche Holding AG
2022-09-23,40.13,40.13,40.13,40.13,0.0,0.0067737079779228715,29.920000076293945,RHO6.FRK,Roche Holding AG
2022-09-26,40.315,40.4,40.2,40.4,109.0,0.006728133565910621,32.2599983215332,RHO6.FRK,Roche Holding AG
2022-09-27,39.83,40.995,39.83,40.995,3.0,0.014727722772277296,32.599998474121094,RHO6.FRK,Roche Holding AG
2022-09-28,41.77,43.0,41.77,42.43,155.0,0.0350042688132699,30.18000030517578,RHO6.FRK,Roche Holding AG
2022-09-29,41.83,43.5,41.235,41.235,66.0,-0.028164034880980404,31.84000015258789,RHO6.FRK,Roche Holding AG
2022-09-30,41.24,42.32,41.24,42.32,25.0,0.026312598520674246,31.6200008392334,RHO6.FRK,Roche Holding AG
2022-10-03,41.06,41.06,40.85,40.85,0.0,-0.034735349716446096,30.100000381469727,RHO6.FRK,Roche Holding AG
2022-10-04,40.8,41.975,40.8,41.855,0.0,0.024602203182374494,29.06999969482422,RHO6.FRK,Roche Holding AG
2022-10-05,41.61,41.61,41.61,41.61,0.0,-0.00585354199020427,28.549999237060547,RHO6.FRK,Roche Holding AG
2022-10-06,41.47,41.47,41.47,41.47,0.0,-0.0033645758231194423,30.520000457763672,RHO6.FRK,Roche Holding AG
2022-10-07,41.16,41.585,41.16,41.415,0.0,-0.0013262599469495706,31.360000610351562,RHO6.FRK,Roche Holding AG
2022-10-10,41.005,41.005,40.58,40.58,50.0,-0.02016177713388867,32.45000076293945,RHO6.FRK,Roche Holding AG
2022-10-11,40.795,40.795,40.795,40.795,0.0,0.0052981764415969135,33.630001068115234,RHO6.FRK,Roche Holding AG
2022-10-12,41.38,41.38,41.38,41.38,0.0,0.014339992646157596,33.56999969482422,RHO6.FRK,Roche Holding AG
2022-10-13,40.63,40.635,40.47,40.635,34.0,-0.018003866602223417,31.940000534057617,RHO6.FRK,Roche Holding AG
2022-10-14,40.9,41.46,40.9,41.245,0.0,0.015011689430294073,32.02000045776367,RHO6.FRK,Roche Holding AG
2022-10-17,41.175,41.785,41.175,41.605,0.0,0.008728330706752274,31.3700008392334,RHO6.FRK,Roche Holding AG
2022-10-18,40.87,41.325,40.87,41.325,0.0,-0.006729960341305019,30.5,RHO6.FRK,Roche Holding AG
2022-10-19,41.085,41.085,41.085,41.085,0.0,-0.005807622504537258,30.760000228881836,RHO6.FRK,Roche Holding AG
2022-10-20,40.69,40.69,40.69,40.69,0.0,-0.009614214433491641,29.979999542236328,RHO6.FRK,Roche Holding AG
2022-10-21,40.325,41.52,40.325,41.52,1.0,0.0203981322192186,29.690000534057617,RHO6.FRK,Roche Holding AG
2022-10-24,40.815,40.985,40.815,40.825,0.0,-0.016738921001926754,29.850000381469727,RHO6.FRK,Roche Holding AG
2022-10-25,40.7,41.195,40.7,41.195,0.0,0.009063074096754331,28.459999084472656,RHO6.FRK,Roche Holding AG
2022-10-26,41.07,41.07,40.835,40.835,0.0,-0.008738924626775058,27.280000686645508,RHO6.FRK,Roche Holding AG
2022-10-27,40.87,40.87,40.87,40.87,0.0,0.0008571078731478554,27.389999389648438,RHO6.FRK,Roche Holding AG
2022-10-28,41.0,42.42,41.0,42.42,95.0,0.037925128456080426,25.75,RHO6.FRK,Roche Holding AG
2022-10-31,41.225,41.56,41.225,41.48,0.0,-0.02215935879302222,25.8799991607666,RHO6.FRK,Roche Holding AG
2022-11-01,41.38,41.38,41.295,41.295,0.0,-0.004459980713596767,25.809999465942383,RHO6.FRK,Roche Holding AG
2022-11-02,41.1,41.1,41.1,41.1,15.0,-0.004722121322193962,25.860000610351562,RHO6.FRK,Roche Holding AG
2022-11-03,41.5,42.0,41.0,41.5,120.0,0.009732360097323589,25.299999237060547,RHO6.FRK,Roche Holding AG
2022-11-04,41.0,41.0,41.0,41.0,0.0,-0.012048192771084376,24.549999237060547,RHO6.FRK,Roche Holding AG
2022-11-07,41.0,41.21,40.3,40.465,165.0,-0.013048780487804779,24.350000381469727,RHO6.FRK,Roche Holding AG
2022-11-08,40.275,40.555,40.275,40.555,0.0,0.002224144322253707,25.540000915527344,RHO6.FRK,Roche Holding AG
2022-11-09,40.55,41.17,40.55,41.17,0.0,0.01516459129577119,26.09000015258789,RHO6.FRK,Roche Holding AG
2022-11-10,40.55,42.0,40.55,41.6,95.0,0.010444498421180448,23.530000686645508,RHO6.FRK,Roche Holding AG
2022-11-11,41.05,41.88,41.05,41.125,50.0,-0.011418269230769273,22.520000457763672,RHO6.FRK,Roche Holding AG
2022-11-14,41.1,41.1,40.3,40.6,467.0,-0.012765957446808529,23.729999542236328,RHO6.FRK,Roche Holding AG
2022-11-15,40.0,40.2,39.55,40.2,2110.0,-0.009852216748768461,24.540000915527344,RHO6.FRK,Roche Holding AG
2022-11-16,39.6,39.6,39.135,39.135,0.0,-0.02649253731343293,24.110000610351562,RHO6.FRK,Roche Holding AG
2022-11-17,39.285,40.365,38.525,38.525,1335.0,-0.015587070397342528,23.93000030517578,RHO6.FRK,Roche Holding AG
2022-11-18,38.385,39.7,38.385,39.7,110.0,0.03049967553536681,23.1200008392334,RHO6.FRK,Roche Holding AG
2022-11-21,40.0,40.0,38.695,38.695,30.0,-0.025314861460957294,22.360000610351562,RHO6.FRK,Roche Holding AG
2022-11-22,38.555,39.2,38.445,38.445,1000.0,-0.0064607830469053384,21.290000915527344,RHO6.FRK,Roche Holding AG
2022-11-23,38.175,38.625,38.175,38.625,0.0,0.004682013265704166,20.350000381469727,RHO6.FRK,Roche Holding AG
2022-11-24,38.565,38.565,38.27,38.27,200.0,-0.009190938511326796,,RHO6.FRK,Roche Holding AG
2022-11-25,38.905,39.98,38.905,39.02,1157.0,0.019597596028220643,20.5,RHO6.FRK,Roche Holding AG
2022-11-28,39.11,39.11,39.11,39.11,0.0,0.0023065094823166987,22.209999084472656,RHO6.FRK,Roche Holding AG
2022-11-29,39.155,39.5,38.675,38.675,5.0,-0.011122475070314608,21.889999389648438,RHO6.FRK,Roche Holding AG
2022-11-30,38.6,38.6,38.6,38.6,0.0,-0.0019392372333547625,20.579999923706055,RHO6.FRK,Roche Holding AG
2022-12-01,38.985,40.11,38.72,38.91,27.0,0.008031088082901539,19.84000015258789,RHO6.FRK,Roche Holding AG
2022-12-02,38.8,39.765,38.625,38.67,25.0,-0.006168080185042224,19.059999465942383,RHO6.FRK,Roche Holding AG
2022-12-05,38.67,38.67,38.67,38.67,0.0,0.0,20.75,RHO6.FRK,Roche Holding AG
2022-12-06,38.54,38.54,38.4,38.4,120.0,-0.006982156710628518,22.170000076293945,RHO6.FRK,Roche Holding AG
2022-12-07,38.27,39.0,38.27,38.27,10.0,-0.0033854166666665853,22.68000030517578,RHO6.FRK,Roche Holding AG
2022-12-08,38.27,39.0,38.27,38.5,350.0,0.006009929448654194,22.290000915527344,RHO6.FRK,Roche Holding AG
2022-12-09,37.7,38.99,37.7,37.885,100.0,-0.015974025974025974,22.829999923706055,RHO6.FRK,Roche Holding AG
2022-12-12,37.95,39.055,37.95,39.0,41.0,0.029431173287580936,25.0,RHO6.FRK,Roche Holding AG
2022-12-13,37.885,38.53,37.885,38.365,0.0,-0.01628205128205118,22.549999237060547,RHO6.FRK,Roche Holding AG
2022-12-14,38.3,38.3,38.3,38.3,140.0,-0.0016942525739607195,21.139999389648438,RHO6.FRK,Roche Holding AG
2022-12-15,38.24,38.24,37.89,37.89,0.0,-0.010704960835509092,22.829999923706055,RHO6.FRK,Roche Holding AG
2022-12-16,37.89,38.2,37.89,37.89,260.0,0.0,22.6200008392334,RHO6.FRK,Roche Holding AG
2022-12-19,37.89,37.89,37.89,37.89,1000.0,0.0,22.420000076293945,RHO6.FRK,Roche Holding AG
2022-12-20,37.4,37.4,37.03,37.03,150.0,-0.022697281604645014,21.479999542236328,RHO6.FRK,Roche Holding AG
2022-12-21,37.2,38.2,37.2,38.2,381.0,0.03159600324061573,20.06999969482422,RHO6.FRK,Roche Holding AG
2022-12-22,37.405,37.405,37.015,37.015,0.0,-0.03102094240837705,21.969999313354492,RHO6.FRK,Roche Holding AG
2022-12-23,37.105,37.88,36.85,36.85,1.0,-0.004457652303120341,20.8700008392334,RHO6.FRK,Roche Holding AG
2022-12-27,36.665,36.745,36.665,36.745,0.0,-0.0028493894165536604,21.649999618530273,RHO6.FRK,Roche Holding AG
2022-12-28,36.605,36.605,36.605,36.605,0.0,-0.0038100421826099407,22.139999389648438,RHO6.FRK,Roche Holding AG
2022-12-29,36.5,37.825,36.5,37.0,1.0,0.0107908755634476,21.440000534057617,RHO6.FRK,Roche Holding AG
2022-12-30,36.635,36.635,36.635,36.635,0.0,-0.00986486486486493,21.670000076293945,RHO6.FRK,Roche Holding AG
2023-01-02,36.5,36.5,36.5,36.5,0.0,-0.0036850006824075132,,RHO6.FRK,Roche Holding AG
2023-01-03,36.55,36.865,36.55,36.735,0.0,0.006438356164383485,22.899999618530273,RHO6.FRK,Roche Holding AG
2023-01-04,36.72,37.37,36.72,37.32,10.0,0.015924867292772538,22.010000228881836,RHO6.FRK,Roche Holding AG
2023-01-05,36.89,38.0,36.575,36.575,430.0,-0.019962486602357887,22.459999084472656,RHO6.FRK,Roche Holding AG
2023-01-06,36.5,36.5,36.5,36.5,0.0,-0.002050580997949525,21.1299991607666,RHO6.FRK,Roche Holding AG
2023-01-09,37.0,37.005,37.0,37.0,46.0,0.013698630136986356,21.969999313354492,RHO6.FRK,Roche Holding AG
2023-01-10,36.5,36.5,36.5,36.5,0.0,-0.013513513513513487,20.579999923706055,RHO6.FRK,Roche Holding AG
2023-01-11,36.5,37.395,36.5,36.735,1036.0,0.006438356164383485,21.09000015258789,RHO6.FRK,Roche Holding AG
2023-01-12,36.0,36.795,36.0,36.0,165.0,-0.02000816659861171,18.829999923706055,RHO6.FRK,Roche Holding AG
2023-01-13,35.2,36.79,35.2,36.79,463.0,0.021944444444444322,18.350000381469727,RHO6.FRK,Roche Holding AG
2023-01-16,35.47,35.47,35.47,35.47,0.0,-0.03587931503125852,,RHO6.FRK,Roche Holding AG
2023-01-17,36.0,37.0,36.0,37.0,260.0,0.04313504369890042,19.360000610351562,RHO6.FRK,Roche Holding AG
2023-01-18,36.4,37.595,36.4,36.63,15.0,-0.009999999999999898,20.34000015258789,RHO6.FRK,Roche Holding AG
2023-01-19,36.575,36.7,36.575,36.7,0.0,0.0019110019110020193,20.520000457763672,RHO6.FRK,Roche Holding AG
2023-01-20,36.5,37.3,36.5,37.3,1.0,0.01634877384196165,19.850000381469727,RHO6.FRK,Roche Holding AG
2023-01-23,36.1,36.48,36.1,36.48,0.0,-0.021983914209115274,19.809999465942383,RHO6.FRK,Roche Holding AG
2023-01-24,36.43,36.43,36.305,36.305,28.0,-0.004797149122806932,19.200000762939453,RHO6.FRK,Roche Holding AG
2023-01-25,36.11,36.11,36.045,36.045,81.0,-0.007161547996143769,19.079999923706055,RHO6.FRK,Roche Holding AG
2023-01-26,36.2,37.265,36.2,36.2,325.0,0.004300180330143011,18.729999542236328,RHO6.FRK,Roche Holding AG
2023-01-27,36.0,36.0,36.0,36.0,0.0,-0.005524861878453136,18.510000228881836,RHO6.FRK,Roche Holding AG
2023-01-30,36.0,36.0,36.0,36.0,0.0,0.0,19.940000534057617,RHO6.FRK,Roche Holding AG
2023-01-31,35.8,35.8,35.175,35.175,40.0,-0.022916666666666696,19.399999618530273,RHO6.FRK,Roche Holding AG
2023-02-01,35.43,35.43,35.0,35.0,1215.0,-0.004975124378109319,17.8700008392334,RHO6.FRK,Roche Holding AG
2023-02-02,34.2,34.2,34.2,34.2,0.0,-0.022857142857142798,18.729999542236328,RHO6.FRK,Roche Holding AG
2023-02-03,34.435,35.5,34.435,34.8,411.0,0.01754385964912264,18.329999923706055,RHO6.FRK,Roche Holding AG
2023-02-06,35.75,35.9,35.155,35.185,305.0,0.011063218390804819,19.43000030517578,RHO6.FRK,Roche Holding AG
2023-02-07,35.4,35.4,35.4,35.4,0.0,0.006110558476623451,18.65999984741211,RHO6.FRK,Roche Holding AG
2023-02-08,35.5,36.0,35.5,36.0,180.0,0.016949152542372836,19.6299991607666,RHO6.FRK,Roche Holding AG
2023-02-09,35.84,36.86,35.51,35.51,1086.0,-0.01361111111111113,20.709999084472656,RHO6.FRK,Roche Holding AG
2023-02-10,35.4,35.4,35.4,35.4,0.0,-0.0030977189524077353,20.530000686645508,RHO6.FRK,Roche Holding AG
2023-02-13,36.0,36.0,35.885,35.885,53.0,0.013700564971751428,20.34000015258789,RHO6.FRK,Roche Holding AG
2023-02-14,35.0,35.3,35.0,35.3,128.0,-0.016302076076355032,18.90999984741211,RHO6.FRK,Roche Holding AG
2023-02-15,35.3,35.3,35.3,35.3,0.0,0.0,18.229999542236328,RHO6.FRK,Roche Holding AG
2023-02-16,35.3,35.3,35.3,35.3,77.0,0.0,20.170000076293945,RHO6.FRK,Roche Holding AG
2023-02-17,35.0,35.0,35.0,35.0,0.0,-0.008498583569405027,20.020000457763672,RHO6.FRK,Roche Holding AG
2023-02-20,35.0,35.0,35.0,35.0,0.0,0.0,,RHO6.FRK,Roche Holding AG
2023-02-21,35.0,35.24,35.0,35.24,0.0,0.006857142857142895,22.8700008392334,RHO6.FRK,Roche Holding AG
2023-02-22,35.0,35.4,35.0,35.4,0.0,0.004540295119182636,22.290000915527344,RHO6.FRK,Roche Holding AG
2023-02-23,35.2,35.2,35.2,35.2,2.0,-0.005649717514124131,21.139999389648438,RHO6.FRK,Roche Holding AG
2023-02-24,35.0,35.8,35.0,35.8,200.0,0.017045454545454364,21.670000076293945,RHO6.FRK,Roche Holding AG
2023-02-27,35.05,35.195,35.0,35.0,104.0,-0.022346368715083775,20.950000762939453,RHO6.FRK,Roche Holding AG
2023-02-28,34.1,34.1,34.1,34.1,0.0,-0.02571428571428569,20.700000762939453,RHO6.FRK,Roche Holding AG
2023-03-01,34.0,34.34,33.6,34.34,109.0,0.007038123167155463,20.579999923706055,RHO6.FRK,Roche Holding AG
2023-03-02,33.3,33.735,33.3,33.735,0.0,-0.017617938264414823,19.59000015258789,RHO6.FRK,Roche Holding AG
2023-03-03,33.905,34.82,33.905,34.02,110.0,0.008448199199644346,18.489999771118164,RHO6.FRK,Roche Holding AG
2023-03-06,34.0,34.8,33.805,33.805,151.0,-0.006319811875367565,18.610000610351562,RHO6.FRK,Roche Holding AG
2023-03-07,34.0,34.975,34.0,34.0,1236.0,0.0057683774589558645,19.59000015258789,RHO6.FRK,Roche Holding AG
2023-03-08,33.1,33.1,33.1,33.1,0.0,-0.026470588235294024,19.110000610351562,RHO6.FRK,Roche Holding AG
2023-03-09,33.1,33.105,33.1,33.105,96.0,0.0001510574018126487,22.610000610351562,RHO6.FRK,Roche Holding AG
2023-03-10,33.1,33.185,33.1,33.175,0.0,0.002114484216885648,24.799999237060547,RHO6.FRK,Roche Holding AG
2023-03-13,33.1,33.125,33.1,33.1,0.0,-0.0022607385079124187,26.520000457763672,RHO6.FRK,Roche Holding AG
2023-03-14,33.405,33.405,33.405,33.405,5.0,0.009214501510574014,23.729999542236328,RHO6.FRK,Roche Holding AG
2023-03-15,34.1,34.395,33.3,34.33,250.0,0.027690465499176753,26.139999389648438,RHO6.FRK,Roche Holding AG
2023-03-16,32.315,32.475,32.3,32.47,10.0,-0.05418001747742496,22.989999771118164,RHO6.FRK,Roche Holding AG
2023-03-17,32.74,33.35,32.57,33.31,206.0,0.02587003387742537,25.510000228881836,RHO6.FRK,Roche Holding AG
2023-03-20,33.0,33.0,33.0,33.0,150.0,-0.009306514560192158,24.149999618530273,RHO6.FRK,Roche Holding AG
2023-03-21,32.405,32.48,32.405,32.48,0.0,-0.01575757575757586,21.3799991607666,RHO6.FRK,Roche Holding AG
2023-03-22,32.6,32.6,32.41,32.41,0.0,-0.0021551724137931494,22.260000228881836,RHO6.FRK,Roche Holding AG
2023-03-23,32.0,32.94,32.0,32.0,1000.0,-0.012650416538105391,22.610000610351562,RHO6.FRK,Roche Holding AG
2023-03-24,32.0,32.95,32.0,32.225,100.0,0.007031250000000044,21.739999771118164,RHO6.FRK,Roche Holding AG
2023-03-27,32.365,32.365,32.025,32.165,0.0,-0.001861908456167627,20.600000381469727,RHO6.FRK,Roche Holding AG
2023-03-28,32.0,32.0,31.97,31.97,45.0,-0.006062490284470701,19.969999313354492,RHO6.FRK,Roche Holding AG
2023-03-29,31.855,31.855,31.855,31.855,0.0,-0.003597122302158251,19.1200008392334,RHO6.FRK,Roche Holding AG
2023-03-30,32.245,32.245,32.245,32.245,0.0,0.012242975984931626,19.020000457763672,RHO6.FRK,Roche Holding AG
2023-03-31,32.25,32.25,32.25,32.25,0.0,0.00015506280043431353,18.700000762939453,RHO6.FRK,Roche Holding AG
2023-04-03,32.4,32.445,32.375,32.425,5.0,0.005426356589147252,18.549999237060547,RHO6.FRK,Roche Holding AG
2023-04-04,32.235,33.165,32.235,33.165,40.0,0.02282189668465695,19.0,RHO6.FRK,Roche Holding AG
2023-04-05,32.93,34.36,32.93,34.36,100.0,0.03603196140509568,19.079999923706055,RHO6.FRK,Roche Holding AG
2023-04-06,33.9,35.0,33.9,35.0,50.0,0.0186263096623982,18.399999618530273,RHO6.FRK,Roche Holding AG
2023-04-11,34.995,35.0,34.995,35.0,135.0,0.0,19.100000381469727,RHO6.FRK,Roche Holding AG
2023-04-12,34.2,34.4,34.2,34.4,0.0,-0.017142857142857237,19.09000015258789,RHO6.FRK,Roche Holding AG
2023-04-13,34.4,35.0,34.4,35.0,31.0,0.01744186046511631,17.799999237060547,RHO6.FRK,Roche Holding AG
2023-04-14,34.775,34.965,34.775,34.835,0.0,-0.004714285714285671,17.06999969482422,RHO6.FRK,Roche Holding AG
2023-04-17,34.775,35.795,34.755,35.795,225.0,0.027558490024400806,16.950000762939453,RHO6.FRK,Roche Holding AG
2023-04-18,34.775,34.775,34.66,34.77,0.0,-0.028635284257577887,16.829999923706055,RHO6.FRK,Roche Holding AG
2023-04-19,34.6,34.6,34.6,34.6,0.0,-0.004889272361231045,16.459999084472656,RHO6.FRK,Roche Holding AG
2023-04-20,34.7,35.015,34.7,35.015,0.0,0.011994219653179261,17.170000076293945,RHO6.FRK,Roche Holding AG
2023-04-21,35.2,35.36,35.2,35.2,0.0,0.0052834499500213905,16.770000457763672,RHO6.FRK,Roche Holding AG
2023-04-24,35.2,35.4,35.2,35.4,0.0,0.005681818181818121,16.889999389648438,RHO6.FRK,Roche Holding AG
2023-04-25,35.4,35.8,35.4,35.8,300.0,0.011299435028248483,18.760000228881836,RHO6.FRK,Roche Holding AG
2023-04-26,35.4,35.4,34.485,34.485,0.0,-0.03673184357541892,18.84000015258789,RHO6.FRK,Roche Holding AG
2023-04-27,34.645,34.795,34.58,34.58,0.0,0.0027548209366390353,17.030000686645508,RHO6.FRK,Roche Holding AG
2023-04-28,34.4,34.4,34.4,34.4,0.0,-0.005205320994794649,15.779999732971191,RHO6.FRK,Roche Holding AG
2023-05-02,35.105,35.37,35.08,35.37,18.0,0.028197674418604546,17.780000686645508,RHO6.FRK,Roche Holding AG
2023-05-03,35.25,35.25,35.25,35.25,0.0,-0.003392705682781938,18.34000015258789,RHO6.FRK,Roche Holding AG
2023-05-04,35.305,35.83,35.255,35.83,0.0,0.016453900709219704,20.09000015258789,RHO6.FRK,Roche Holding AG
2023-05-05,35.58,35.675,35.3,35.675,0.0,-0.004325983812447753,17.190000534057617,RHO6.FRK,Roche Holding AG
2023-05-08,35.5,36.16,35.5,36.16,46.0,0.01359495444989478,16.979999542236328,RHO6.FRK,Roche Holding AG
2023-05-09,35.72,35.72,35.7,35.7,0.0,-0.012721238938052881,17.709999084472656,RHO6.FRK,Roche Holding AG
2023-05-10,35.8,35.82,35.8,35.82,0.0,0.003361344537815114,16.940000534057617,RHO6.FRK,Roche Holding AG
2023-05-11,35.6,35.605,35.6,35.605,1.0,-0.006002233389168166,16.93000030517578,RHO6.FRK,Roche Holding AG
2023-05-12,35.75,36.415,35.75,36.415,40.0,0.02274961381828411,17.030000686645508,RHO6.FRK,Roche Holding AG
2023-05-15,35.9,36.0,35.9,36.0,250.0,-0.01139640258135377,17.1200008392334,RHO6.FRK,Roche Holding AG
2023-05-16,36.0,36.0,36.0,36.0,0.0,0.0,17.989999771118164,RHO6.FRK,Roche Holding AG
2023-05-17,36.135,36.27,36.135,36.27,0.0,0.007500000000000062,16.8700008392334,RHO6.FRK,Roche Holding AG
2023-05-18,36.56,36.56,36.56,36.56,0.0,0.007995588640749896,16.049999237060547,RHO6.FRK,Roche Holding AG
2023-05-19,36.16,36.195,36.16,36.195,40.0,-0.009983588621444217,16.809999465942383,RHO6.FRK,Roche Holding AG
2023-05-22,36.6,36.6,36.6,36.6,0.0,0.011189390799834165,17.209999084472656,RHO6.FRK,Roche Holding AG
2023-05-23,36.4,37.01,36.4,37.01,100.0,0.011202185792349661,18.530000686645508,RHO6.FRK,Roche Holding AG
2023-05-24,36.5,37.15,36.5,36.775,135.0,-0.006349635233720563,20.030000686645508,RHO6.FRK,Roche Holding AG
2023-05-25,36.5,36.855,36.5,36.855,42.0,0.0021753908905506325,19.139999389648438,RHO6.FRK,Roche Holding AG
2023-05-26,36.6,37.305,36.6,37.305,1.0,0.012210012210012389,17.950000762939453,RHO6.FRK,Roche Holding AG
2023-05-29,37.5,37.5,37.5,37.5,5.0,0.005227181342983611,,RHO6.FRK,Roche Holding AG
2023-05-30,36.625,36.625,36.625,36.625,0.0,-0.023333333333333317,17.459999084472656,RHO6.FRK,Roche Holding AG
2023-05-31,36.625,36.625,36.6,36.6,202.0,-0.0006825938566552558,17.940000534057617,RHO6.FRK,Roche Holding AG
2023-06-01,36.52,36.635,36.52,36.635,0.0,0.0009562841530053046,15.649999618530273,RHO6.FRK,Roche Holding AG
2023-06-02,36.705,36.705,36.67,36.67,0.0,0.0009553705472908902,14.600000381469727,RHO6.FRK,Roche Holding AG
2023-06-05,38.0,38.0,37.105,37.105,125.0,0.011862557949277264,14.729999542236328,RHO6.FRK,Roche Holding AG
2023-06-06,37.1,38.395,37.1,38.395,11.0,0.034766204015631574,13.960000038146973,RHO6.FRK,Roche Holding AG
2023-06-07,37.1,37.1,36.83,36.83,0.0,-0.04076051569214756,13.9399995803833,RHO6.FRK,Roche Holding AG
2023-06-08,36.6,36.6,36.2,36.435,0.0,-0.010724952484387651,13.649999618530273,RHO6.FRK,Roche Holding AG
2023-06-09,36.2,36.2,36.2,36.2,0.0,-0.006449842184712451,13.829999923706055,RHO6.FRK,Roche Holding AG
2023-06-12,36.0,36.0,35.58,35.885,0.0,-0.00870165745856366,15.010000228881836,RHO6.FRK,Roche Holding AG
2023-06-13,35.5,35.5,35.5,35.5,0.0,-0.010728716734011323,14.609999656677246,RHO6.FRK,Roche Holding AG
2023-06-14,35.4,35.4,35.015,35.015,11.0,-0.013661971830985942,13.880000114440918,RHO6.FRK,Roche Holding AG
2023-06-15,34.6,34.6,34.6,34.6,0.0,-0.011852063401399326,14.5,RHO6.FRK,Roche Holding AG
2023-06-16,35.255,35.255,35.255,35.255,0.0,0.018930635838150245,13.539999961853027,RHO6.FRK,Roche Holding AG
2023-06-19,35.265,35.265,35.0,35.0,0.0,-0.0072330165933910395,,RHO6.FRK,Roche Holding AG
2023-06-20,34.8,34.995,34.8,34.995,0.0,-0.00014285714285722229,13.880000114440918,RHO6.FRK,Roche Holding AG
2023-06-21,34.6,35.09,34.6,35.09,850.0,0.0027146735247893794,13.199999809265137,RHO6.FRK,Roche Holding AG
2023-06-22,34.25,34.25,34.25,34.25,0.0,-0.02393844400113998,12.90999984741211,RHO6.FRK,Roche Holding AG
2023-06-23,34.61,34.82,34.61,34.82,0.0,0.016642335766423377,13.4399995803833,RHO6.FRK,Roche Holding AG
2023-06-26,34.705,35.855,34.705,35.855,59.0,0.02972429638138996,14.25,RHO6.FRK,Roche Holding AG
2023-06-27,34.7,36.0,34.7,36.0,135.0,0.00404406637846888,13.739999771118164,RHO6.FRK,Roche Holding AG
2023-06-28,34.39,35.285,34.39,35.285,200.0,-0.019861111111111218,13.430000305175781,RHO6.FRK,Roche Holding AG
2023-06-29,34.625,34.805,34.615,34.805,0.0,-0.013603514241178893,13.539999961853027,RHO6.FRK,Roche Holding AG
2023-06-30,34.775,34.775,34.695,34.765,0.0,-0.0011492601637695943,13.59000015258789,RHO6.FRK,Roche Holding AG
2023-07-03,34.55,34.835,34.55,34.835,0.0,0.0020135193441679355,13.569999694824219,RHO6.FRK,Roche Holding AG
2023-07-04,34.6,34.6,34.6,34.6,0.0,-0.006746088703889708,,RHO6.FRK,Roche Holding AG
2023-07-05,34.66,35.225,34.66,35.225,0.0,0.018063583815028927,14.180000305175781,RHO6.FRK,Roche Holding AG
2023-07-06,34.735,34.735,34.425,34.58,800.0,-0.01831085876508176,15.4399995803833,RHO6.FRK,Roche Holding AG
2023-07-07,33.91,34.015,33.91,34.0,100.0,-0.01677270098322725,14.829999923706055,RHO6.FRK,Roche Holding AG
2023-07-10,34.0,34.0,34.0,34.0,0.0,0.0,15.069999694824219,RHO6.FRK,Roche Holding AG
2023-07-11,33.63,33.935,33.595,33.935,75.0,-0.0019117647058822795,14.84000015258789,RHO6.FRK,Roche Holding AG
2023-07-12,33.74,33.74,33.725,33.725,0.0,-0.006188301163990051,13.539999961853027,RHO6.FRK,Roche Holding AG
2023-07-13,34.11,34.565,34.0,34.0,130.0,0.008154188287620379,13.609999656677246,RHO6.FRK,Roche Holding AG
2023-07-14,34.38,34.38,34.38,34.38,0.0,0.011176470588235343,13.34000015258789,RHO6.FRK,Roche Holding AG
2023-07-17,35.8,35.8,35.8,35.8,86.0,0.04130308318789977,13.479999542236328,RHO6.FRK,Roche Holding AG
2023-07-18,34.135,34.15,34.135,34.15,0.0,-0.0460893854748603,13.300000190734863,RHO6.FRK,Roche Holding AG
2023-07-19,34.4,34.4,34.4,34.4,0.0,0.007320644216691097,13.760000228881836,RHO6.FRK,Roche Holding AG
2023-07-20,34.585,35.345,34.585,35.345,10.0,0.0274709302325582,13.989999771118164,RHO6.FRK,Roche Holding AG
2023-07-21,35.17,35.17,35.17,35.17,0.0,-0.004951195360022531,13.600000381469727,RHO6.FRK,Roche Holding AG
2023-07-24,35.175,35.175,35.175,35.175,0.0,0.0001421666192775728,13.90999984741211,RHO6.FRK,Roche Holding AG
2023-07-25,35.8,35.8,35.8,35.8,15.0,0.01776830135039087,13.859999656677246,RHO6.FRK,Roche Holding AG
2023-07-26,35.225,35.225,35.225,35.225,0.0,-0.0160614525139664,13.1899995803833,RHO6.FRK,Roche Holding AG
2023-07-27,35.37,35.37,35.0,35.0,100.0,-0.0063875088715401596,14.40999984741211,RHO6.FRK,Roche Holding AG
2023-07-28,35.03,35.03,34.885,34.885,0.0,-0.003285714285714336,13.329999923706055,RHO6.FRK,Roche Holding AG
2023-07-31,34.5,34.5,34.5,34.5,0.0,-0.011036262003726427,13.630000114440918,RHO6.FRK,Roche Holding AG
2023-08-01,34.835,34.835,34.835,34.835,0.0,0.009710144927536302,13.930000305175781,RHO6.FRK,Roche Holding AG
2023-08-02,34.5,34.5,34.5,34.5,0.0,-0.00961676474809825,16.09000015258789,RHO6.FRK,Roche Holding AG
2023-08-03,34.5,34.5,34.5,34.5,0.0,0.0,15.920000076293945,RHO6.FRK,Roche Holding AG
2023-08-04,34.145,34.18,34.145,34.18,0.0,-0.00927536231884063,17.100000381469727,RHO6.FRK,Roche Holding AG
2023-08-07,34.0,34.0,34.0,34.0,0.0,-0.0052662375658280025,15.770000457763672,RHO6.FRK,Roche Holding AG
2023-08-08,34.0,34.0,34.0,34.0,0.0,0.0,15.989999771118164,RHO6.FRK,Roche Holding AG
2023-08-09,34.43,34.43,34.43,34.43,0.0,0.012647058823529456,15.960000038146973,RHO6.FRK,Roche Holding AG
2023-08-10,34.2,34.545,34.2,34.545,20.0,0.0033401103688643907,15.850000381469727,RHO6.FRK,Roche Holding AG
2023-08-11,34.2,34.265,34.2,34.265,500.0,-0.008105369807497542,14.84000015258789,RHO6.FRK,Roche Holding AG
2023-08-14,34.24,34.68,34.24,34.375,194.0,0.0032102728731941976,14.819999694824219,RHO6.FRK,Roche Holding AG
2023-08-15,34.2,34.2,33.805,33.805,100.0,-0.016581818181818142,16.459999084472656,RHO6.FRK,Roche Holding AG
2023-08-16,33.8,33.8,33.8,33.8,0.0,-0.00014790711433232406,16.780000686645508,RHO6.FRK,Roche Holding AG
2023-08-17,33.6,33.6,33.6,33.6,0.0,-0.005917159763313529,17.889999389648438,RHO6.FRK,Roche Holding AG
2023-08-18,33.2,33.2,32.8,32.8,0.0,-0.023809523809523947,17.299999237060547,RHO6.FRK,Roche Holding AG
2023-08-21,32.845,32.845,32.845,32.845,0.0,0.0013719512195122796,17.1299991607666,RHO6.FRK,Roche Holding AG
2023-08-22,32.8,33.0,32.8,32.86,20.0,0.00045669051606034294,16.969999313354492,RHO6.FRK,Roche Holding AG
2023-08-23,33.805,35.105,33.805,34.585,350.0,0.05249543517954969,15.979999542236328,RHO6.FRK,Roche Holding AG
2023-08-24,34.2,34.2,34.2,34.2,0.0,-0.011131993638860749,17.200000762939453,RHO6.FRK,Roche Holding AG
2023-08-25,33.7,33.7,33.6,33.6,0.0,-0.01754385964912286,15.680000305175781,RHO6.FRK,Roche Holding AG
2023-08-28,33.6,33.6,33.6,33.6,0.0,0.0,15.079999923706055,RHO6.FRK,Roche Holding AG
2023-08-29,33.6,33.6,33.6,33.6,0.0,0.0,14.449999809265137,RHO6.FRK,Roche Holding AG
2023-08-30,33.81,34.325,33.81,34.325,2.0,0.02157738095238093,13.880000114440918,RHO6.FRK,Roche Holding AG
2023-08-31,33.6,33.75,33.6,33.75,0.0,-0.016751638747268816,13.569999694824219,RHO6.FRK,Roche Holding AG
2023-09-01,33.6,33.665,33.6,33.665,326.0,-0.0025185185185185865,13.09000015258789,RHO6.FRK,Roche Holding AG
2023-09-04,33.6,33.6,33.6,33.6,0.0,-0.0019307886529035256,,RHO6.FRK,Roche Holding AG
2023-09-05,33.2,33.99,33.105,33.105,1.0,-0.014732142857142971,14.010000228881836,RHO6.FRK,Roche Holding AG
2023-09-06,33.1,33.1,33.0,33.0,85.0,-0.003171726325328361,14.449999809265137,RHO6.FRK,Roche Holding AG
2023-09-07,32.555,33.08,32.555,33.08,2.0,0.00242424242424244,14.399999618530273,RHO6.FRK,Roche Holding AG
2023-09-08,33.025,33.45,33.025,33.45,100.0,0.011185006045949297,13.84000015258789,RHO6.FRK,Roche Holding AG
2023-09-11,33.215,33.965,33.215,33.965,30.0,0.015396113602391681,13.800000190734863,RHO6.FRK,Roche Holding AG
2023-09-12,32.8,32.8,32.8,32.8,0.0,-0.0343000147210365,14.229999542236328,RHO6.FRK,Roche Holding AG
2023-09-13,32.8,32.8,32.8,32.8,0.0,0.0,13.479999542236328,RHO6.FRK,Roche Holding AG
2023-09-14,32.8,33.79,32.8,33.79,87.0,0.030182926829268375,12.819999694824219,RHO6.FRK,Roche Holding AG
2023-09-15,33.755,33.755,33.755,33.755,0.0,-0.0010358094110682892,13.789999961853027,RHO6.FRK,Roche Holding AG
2023-09-18,33.6,33.6,33.6,33.6,0.0,-0.004591912309287571,14.0,RHO6.FRK,Roche Holding AG
2023-09-19,33.2,33.2,33.2,33.2,0.0,-0.011904761904761862,14.109999656677246,RHO6.FRK,Roche Holding AG
2023-09-20,33.8,33.8,33.205,33.205,203.0,0.00015060240963848948,15.140000343322754,RHO6.FRK,Roche Holding AG
2023-09-21,33.2,33.2,33.2,33.2,300.0,-0.00015057973196797025,17.540000915527344,RHO6.FRK,Roche Holding AG
2023-09-22,33.1,33.1,32.5,32.5,150.0,-0.02108433734939763,17.200000762939453,RHO6.FRK,Roche Holding AG
2023-09-25,32.0,32.0,32.0,32.0,0.0,-0.01538461538461533,16.899999618530273,RHO6.FRK,Roche Holding AG
2023-09-26,32.0,32.0,32.0,32.0,0.0,0.0,18.940000534057617,RHO6.FRK,Roche Holding AG
2023-09-27,32.245,32.245,32.245,32.245,0.0,0.00765624999999992,18.219999313354492,RHO6.FRK,Roche Holding AG
2023-09-28,32.0,32.0,32.0,32.0,25.0,-0.007598077221274591,17.34000015258789,RHO6.FRK,Roche Holding AG
2023-09-29,31.965,32.01,31.965,32.01,130.0,0.00031249999999993783,17.520000457763672,RHO6.FRK,Roche Holding AG
2023-10-02,32.6,32.6,32.6,32.6,16.0,0.018431740081224834,17.610000610351562,RHO6.FRK,Roche Holding AG
2023-10-03,32.0,32.0,31.72,31.72,202.0,-0.026993865030674913,19.780000686645508,RHO6.FRK,Roche Holding AG
2023-10-04,31.3,31.3,31.3,31.3,0.0,-0.013240857503152514,18.579999923706055,RHO6.FRK,Roche Holding AG
2023-10-05,31.3,31.3,31.3,31.3,0.0,0.0,18.489999771118164,RHO6.FRK,Roche Holding AG
2023-10-06,31.6,31.6,31.6,31.6,0.0,0.009584664536741228,17.450000762939453,RHO6.FRK,Roche Holding AG
2023-10-09,31.6,32.995,31.6,32.995,25.0,0.04414556962025307,17.700000762939453,RHO6.FRK,Roche Holding AG
2023-10-10,32.35,33.395,32.35,32.62,105.0,-0.011365358387634528,17.030000686645508,RHO6.FRK,Roche Holding AG
2023-10-11,32.35,32.35,32.35,32.35,0.0,-0.008277130594727011,16.09000015258789,RHO6.FRK,Roche Holding AG
2023-10-12,32.8,32.8,32.8,32.8,0.0,0.013910355486862258,16.690000534057617,RHO6.FRK,Roche Holding AG
2023-10-13,32.7,33.5,32.7,33.5,225.0,0.021341463414634276,19.31999969482422,RHO6.FRK,Roche Holding AG
2023-10-16,33.2,33.2,33.2,33.2,0.0,-0.008955223880596885,17.209999084472656,RHO6.FRK,Roche Holding AG
2023-10-17,32.705,32.945,32.705,32.945,0.0,-0.007680722891566294,17.8799991607666,RHO6.FRK,Roche Holding AG
2023-10-18,32.545,32.99,32.545,32.99,0.0,0.0013659128851115643,19.219999313354492,RHO6.FRK,Roche Holding AG
2023-10-19,31.28,31.765,31.28,31.765,260.0,-0.037132464383146435,21.399999618530273,RHO6.FRK,Roche Holding AG
2023-10-20,31.4,31.4,31.4,31.4,320.0,-0.011490634345978301,21.709999084472656,RHO6.FRK,Roche Holding AG
2023-10-23,31.255,31.925,31.255,31.925,17.0,0.01671974522292996,20.3700008392334,RHO6.FRK,Roche Holding AG
2023-10-24,30.265,31.39,30.265,30.985,24.0,-0.029444009397024296,18.969999313354492,RHO6.FRK,Roche Holding AG
2023-10-25,30.6,31.59,30.6,30.77,25.0,-0.006938841374858784,20.190000534057617,RHO6.FRK,Roche Holding AG
2023-10-26,30.61,31.145,30.61,31.145,0.0,0.012187195320116917,20.68000030517578,RHO6.FRK,Roche Holding AG
2023-10-27,31.0,31.23,30.89,30.89,35.0,-0.008187510033713208,21.270000457763672,RHO6.FRK,Roche Holding AG
2023-10-30,30.955,31.41,30.955,31.41,0.0,0.016833926837164226,19.75,RHO6.FRK,Roche Holding AG
2023-10-31,30.6,30.6,30.6,30.6,0.0,-0.025787965616045794,18.139999389648438,RHO6.FRK,Roche Holding AG
2023-11-01,30.34,31.05,30.34,30.965,32.0,0.011928104575163356,16.8700008392334,RHO6.FRK,Roche Holding AG
2023-11-02,30.405,31.14,30.405,30.82,64.0,-0.004682706281285309,15.65999984741211,RHO6.FRK,Roche Holding AG
2023-11-03,30.395,30.395,30.395,30.395,0.0,-0.013789746917586054,14.90999984741211,RHO6.FRK,Roche Holding AG
2023-11-06,30.2,30.94,30.2,30.94,50.0,0.017930580687613107,14.890000343322754,RHO6.FRK,Roche Holding AG
2023-11-07,30.2,30.23,30.2,30.23,0.0,-0.022947640594699448,14.8100004196167,RHO6.FRK,Roche Holding AG
2023-11-08,30.415,31.025,30.415,31.025,16.0,0.026298379093615543,14.449999809265137,RHO6.FRK,Roche Holding AG
2023-11-09,30.67,30.935,30.65,30.65,100.0,-0.01208702659145855,15.289999961853027,RHO6.FRK,Roche Holding AG
2023-11-10,30.47,30.51,30.4,30.4,0.0,-0.00815660685154973,14.170000076293945,RHO6.FRK,Roche Holding AG
2023-11-13,30.5,31.45,30.5,30.985,89.0,0.01924342105263155,14.760000228881836,RHO6.FRK,Roche Holding AG
2023-11-14,30.41,30.41,30.41,30.41,0.0,-0.01855736646764561,14.15999984741211,RHO6.FRK,Roche Holding AG
2023-11-15,30.735,30.735,30.735,30.735,0.0,0.010687273923051688,14.180000305175781,RHO6.FRK,Roche Holding AG
2023-11-16,30.415,30.415,30.415,30.415,0.0,-0.010411582885960668,14.319999694824219,RHO6.FRK,Roche Holding AG
2023-11-17,30.235,30.235,30.235,30.235,0.0,-0.005918132500410955,13.800000190734863,RHO6.FRK,Roche Holding AG
2023-11-20,30.1,30.1,30.1,30.1,0.0,-0.004465023978832416,13.40999984741211,RHO6.FRK,Roche Holding AG
2023-11-21,30.1,30.365,30.1,30.365,0.0,0.008803986710963274,13.350000381469727,RHO6.FRK,Roche Holding AG
2023-11-22,30.7,30.7,30.7,30.7,0.0,0.011032438662934352,12.850000381469727,RHO6.FRK,Roche Holding AG
2023-11-23,30.7,30.7,30.7,30.7,0.0,0.0,,RHO6.FRK,Roche Holding AG
2023-11-24,30.7,31.395,30.7,30.73,61.0,0.00097719869706836,12.460000038146973,RHO6.FRK,Roche Holding AG
2023-11-27,30.27,30.415,30.27,30.415,0.0,-0.01025056947608205,12.6899995803833,RHO6.FRK,Roche Holding AG
2023-11-28,30.1,30.1,30.1,30.1,0.0,-0.010356731875719172,12.6899995803833,RHO6.FRK,Roche Holding AG
2023-11-29,30.35,30.35,30.35,30.35,0.0,0.008305647840531671,12.979999542236328,RHO6.FRK,Roche Holding AG
2023-11-30,30.4,30.745,30.4,30.745,0.0,0.013014827018121844,12.920000076293945,RHO6.FRK,Roche Holding AG
2023-12-01,30.41,31.19,30.41,31.19,15.0,0.014473898194828472,12.630000114440918,RHO6.FRK,Roche Holding AG
2023-12-04,32.0,32.6,32.0,32.6,750.0,0.0452067970503367,13.079999923706055,RHO6.FRK,Roche Holding AG
2023-12-05,32.85,32.85,32.7,32.7,100.0,0.0030674846625766694,12.850000381469727,RHO6.FRK,Roche Holding AG
2023-12-06,32.44,32.84,32.44,32.84,0.0,0.004281345565749328,12.970000267028809,RHO6.FRK,Roche Holding AG
2023-12-07,32.5,32.865,32.5,32.775,10.0,-0.0019792935444581383,13.0600004196167,RHO6.FRK,Roche Holding AG
2023-12-08,33.5,33.5,33.5,33.5,60.0,0.02212051868802445,12.350000381469727,RHO6.FRK,Roche Holding AG
2023-12-11,32.93,33.2,32.93,33.2,400.0,-0.008955223880596885,12.630000114440918,RHO6.FRK,Roche Holding AG
2023-12-12,33.0,34.0,33.0,34.0,250.0,0.02409638554216853,12.069999694824219,RHO6.FRK,Roche Holding AG
2023-12-13,33.2,33.2,33.2,33.2,0.0,-0.0235294117647058,12.1899995803833,RHO6.FRK,Roche Holding AG
2023-12-14,33.2,33.2,33.2,33.2,250.0,0.0,12.479999542236328,RHO6.FRK,Roche Holding AG
2023-12-15,32.0,33.03,32.0,33.03,3.0,-0.005120481927710863,12.279999732971191,RHO6.FRK,Roche Holding AG
2023-12-18,32.0,32.0,32.0,32.0,0.0,-0.031183772328186476,12.5600004196167,RHO6.FRK,Roche Holding AG
2023-12-19,32.0,32.0,32.0,32.0,0.0,0.0,12.529999732971191,RHO6.FRK,Roche Holding AG
2023-12-20,32.05,32.05,32.05,32.05,245.0,0.0015624999999999112,13.670000076293945,RHO6.FRK,Roche Holding AG
2023-12-21,32.0,32.0,32.0,32.0,0.0,-0.0015600624024960652,13.649999618530273,RHO6.FRK,Roche Holding AG
2023-12-22,32.0,32.0,32.0,32.0,0.0,0.0,13.029999732971191,RHO6.FRK,Roche Holding AG
2023-12-27,32.0,32.57,32.0,32.57,253.0,0.01781250000000001,12.430000305175781,RHO6.FRK,Roche Holding AG
2023-12-28,32.215,32.215,32.21,32.21,578.0,-0.011053116364752813,12.470000267028809,RHO6.FRK,Roche Holding AG
2023-12-29,32.14,32.14,32.14,32.14,0.0,-0.002173238124805965,12.449999809265137,RHO6.FRK,Roche Holding AG
2024-01-02,33.5,33.5,33.5,33.5,249.0,0.042314872433105055,13.199999809265137,RHO6.FRK,Roche Holding AG
2024-01-03,33.275,33.275,33.275,33.275,0.0,-0.006716417910447858,14.039999961853027,RHO6.FRK,Roche Holding AG
2024-01-04,33.49,34.35,33.49,34.35,400.0,0.03230653643876802,14.130000114440918,RHO6.FRK,Roche Holding AG
2024-01-05,33.79,34.35,33.79,34.35,3.0,0.0,13.350000381469727,RHO6.FRK,Roche Holding AG
2024-01-08,33.5,34.3,33.5,34.3,150.0,-0.0014556040756915634,13.079999923706055,RHO6.FRK,Roche Holding AG
2024-01-09,33.5,34.5,33.5,34.035,464.0,-0.00772594752186595,12.760000228881836,RHO6.FRK,Roche Holding AG
2024-01-10,33.5,33.69,33.5,33.69,0.0,-0.01013662406346405,12.6899995803833,RHO6.FRK,Roche Holding AG
2024-01-11,33.6,33.6,33.6,33.6,0.0,-0.002671415850400649,12.4399995803833,RHO6.FRK,Roche Holding AG
2024-01-12,33.4,33.4,33.4,33.4,0.0,-0.005952380952381042,12.699999809265137,RHO6.FRK,Roche Holding AG
2024-01-15,33.4,33.4,33.4,33.4,0.0,0.0,,RHO6.FRK,Roche Holding AG
2024-01-16,33.2,33.2,33.2,33.2,0.0,-0.0059880239520956335,13.84000015258789,RHO6.FRK,Roche Holding AG
2024-01-17,32.6,32.6,32.6,32.6,0.0,-0.01807228915662651,14.789999961853027,RHO6.FRK,Roche Holding AG
2024-01-18,32.6,32.6,32.6,32.6,0.0,0.0,14.130000114440918,RHO6.FRK,Roche Holding AG
2024-01-19,32.6,32.6,32.07,32.255,2.0,-0.010582822085889565,13.300000190734863,RHO6.FRK,Roche Holding AG
2024-01-22,32.0,32.0,32.0,32.0,0.0,-0.007905751046349496,13.1899995803833,RHO6.FRK,Roche Holding AG
2024-01-23,32.2,32.2,32.2,32.2,0.0,0.006250000000000089,12.550000190734863,RHO6.FRK,Roche Holding AG
2024-01-24,31.9,31.9,31.9,31.9,0.0,-0.009316770186335588,13.140000343322754,RHO6.FRK,Roche Holding AG
2024-01-25,32.0,32.32,32.0,32.32,200.0,0.013166144200627006,13.449999809265137,RHO6.FRK,Roche Holding AG
2024-01-26,32.275,32.4,32.275,32.4,60.0,0.0024752475247524774,13.260000228881836,RHO6.FRK,Roche Holding AG
2024-01-29,32.4,33.225,32.4,33.225,52.0,0.02546296296296302,13.600000381469727,RHO6.FRK,Roche Holding AG
2024-01-30,32.5,32.5,32.5,32.5,0.0,-0.02182091798344621,13.3100004196167,RHO6.FRK,Roche Holding AG
2024-01-31,33.0,33.0,33.0,33.0,100.0,0.01538461538461533,14.350000381469727,RHO6.FRK,Roche Holding AG
2024-02-01,31.565,31.565,31.335,31.335,0.0,-0.05045454545454542,13.880000114440918,RHO6.FRK,Roche Holding AG
2024-02-02,31.2,31.2,31.2,31.2,40.0,-0.004308281474389664,13.850000381469727,RHO6.FRK,Roche Holding AG
2024-02-05,30.8,30.8,30.65,30.65,164.0,-0.017628205128205177,13.670000076293945,RHO6.FRK,Roche Holding AG
2024-02-06,30.5,30.7,30.5,30.7,164.0,0.0016313213703100793,13.0600004196167,RHO6.FRK,Roche Holding AG
2024-02-07,30.335,30.335,30.335,30.335,0.0,-0.01188925081433223,12.829999923706055,RHO6.FRK,Roche Holding AG
2024-02-08,30.0,30.0,30.0,30.0,500.0,-0.011043349266523839,12.789999961853027,RHO6.FRK,Roche Holding AG
2024-02-09,29.4,29.975,29.4,29.975,704.0,-0.0008333333333332416,12.930000305175781,RHO6.FRK,Roche Holding AG
2024-02-12,29.41,29.97,29.41,29.97,1.0,-0.00016680567139293334,13.930000305175781,RHO6.FRK,Roche Holding AG
2024-02-13,29.6,29.6,29.6,29.6,0.0,-0.012345679012345623,15.850000381469727,RHO6.FRK,Roche Holding AG
2024-02-14,29.55,30.095,29.525,30.095,20.0,0.016722972972972983,14.380000114440918,RHO6.FRK,Roche Holding AG
2024-02-15,29.4,29.79,29.4,29.79,0.0,-0.010134573849476691,14.010000228881836,RHO6.FRK,Roche Holding AG
2024-02-16,30.0,30.12,30.0,30.12,5.0,0.011077542799597273,14.239999771118164,RHO6.FRK,Roche Holding AG
2024-02-19,29.5,29.5,29.5,29.5,0.0,-0.02058432934926957,,RHO6.FRK,Roche Holding AG
2024-02-20,29.7,30.995,29.7,30.995,60.0,0.05067796610169495,15.420000076293945,RHO6.FRK,Roche Holding AG
2024-02-21,30.695,30.695,30.185,30.185,600.0,-0.0261332472979513,15.34000015258789,RHO6.FRK,Roche Holding AG
2024-02-22,30.9,30.9,30.3,30.3,170.0,0.0038098393241676742,14.539999961853027,RHO6.FRK,Roche Holding AG
2024-02-23,30.2,30.2,30.2,30.2,0.0,-0.0033003300330033403,13.75,RHO6.FRK,Roche Holding AG
2024-02-26,30.2,30.86,29.97,30.86,65.0,0.021854304635761546,13.739999771118164,RHO6.FRK,Roche Holding AG
2024-02-27,29.6,30.535,29.6,30.535,10.0,-0.010531432274789365,13.430000305175781,RHO6.FRK,Roche Holding AG
2024-02-28,30.225,30.225,30.225,30.225,0.0,-0.01015228426395931,13.84000015258789,RHO6.FRK,Roche Holding AG
2024-02-29,29.925,30.84,29.925,30.84,330.0,0.02034739454094292,13.399999618530273,RHO6.FRK,Roche Holding AG
2024-03-01,30.0,30.22,30.0,30.22,100.0,-0.020103761348897575,13.109999656677246,RHO6.FRK,Roche Holding AG
2024-03-04,30.2,30.9,30.075,30.075,140.0,-0.004798146922567859,13.489999771118164,RHO6.FRK,Roche Holding AG
2024-03-05,29.85,30.84,29.85,30.345,351.0,0.008977556109725615,14.460000038146973,RHO6.FRK,Roche Holding AG
2024-03-06,30.06,31.09,30.06,30.85,400.0,0.01664195089800624,14.5,RHO6.FRK,Roche Holding AG
2024-03-07,30.325,31.295,30.325,31.295,25.0,0.0144246353322528,14.4399995803833,RHO6.FRK,Roche Holding AG
2024-03-08,30.39,31.065,30.39,31.065,42.0,-0.007349416839750766,14.739999771118164,RHO6.FRK,Roche Holding AG
2024-03-11,31.065,31.77,31.065,31.77,125.0,0.022694350555287235,15.220000267028809,RHO6.FRK,Roche Holding AG
2024-03-12,31.065,32.0,31.065,32.0,312.0,0.007239534151715521,13.84000015258789,RHO6.FRK,Roche Holding AG
2024-03-13,31.335,31.335,31.0,31.0,328.0,-0.03125,13.75,RHO6.FRK,Roche Holding AG
2024-03-14,29.945,30.0,29.945,30.0,0.0,-0.032258064516129004,14.399999618530273,RHO6.FRK,Roche Holding AG
2024-03-15,29.805,29.805,29.805,29.805,0.0,-0.006500000000000061,14.40999984741211,RHO6.FRK,Roche Holding AG
2024-03-18,29.7,29.7,29.28,29.28,5.0,-0.01761449421238037,14.329999923706055,RHO6.FRK,Roche Holding AG
2024-03-19,29.44,29.44,29.44,29.44,0.0,0.005464480874316946,13.819999694824219,RHO6.FRK,Roche Holding AG
2024-03-20,29.18,29.18,29.18,29.18,0.0,-0.008831521739130488,13.039999961853027,RHO6.FRK,Roche Holding AG
2024-03-21,29.205,29.205,29.205,29.205,0.0,0.0008567511994517218,12.920000076293945,RHO6.FRK,Roche Holding AG
2024-03-22,28.56,28.865,28.56,28.815,21.0,-0.013353877760657329,13.0600004196167,RHO6.FRK,Roche Holding AG
2024-03-25,28.715,28.775,28.715,28.775,125.0,-0.001388165885823467,13.1899995803833,RHO6.FRK,Roche Holding AG
2024-03-26,28.735,28.735,28.6,28.6,305.0,-0.006081668114682803,13.239999771118164,RHO6.FRK,Roche Holding AG
2024-03-27,28.79,29.19,28.79,29.19,50.0,0.020629370629370536,12.779999732971191,RHO6.FRK,Roche Holding AG
2024-03-28,28.93,29.29,28.93,29.29,35.0,0.0034258307639600805,13.010000228881836,RHO6.FRK,Roche Holding AG
2024-04-02,29.235,29.93,29.235,29.92,1025.0,0.021509047456469865,14.609999656677246,RHO6.FRK,Roche Holding AG
2024-04-03,29.365,29.365,28.72,28.72,80.0,-0.0401069518716578,14.329999923706055,RHO6.FRK,Roche Holding AG
2024-04-04,28.51,29.1,28.51,29.1,40.0,0.013231197771587766,16.350000381469727,RHO6.FRK,Roche Holding AG
2024-04-05,28.21,28.21,28.18,28.2,650.0,-0.030927835051546504,16.030000686645508,RHO6.FRK,Roche Holding AG
2024-04-08,27.7,27.7,27.7,27.7,0.0,-0.01773049645390068,15.1899995803833,RHO6.FRK,Roche Holding AG
2024-04-09,27.865,28.2,27.865,28.2,0.0,0.018050541516245522,14.979999542236328,RHO6.FRK,Roche Holding AG
2024-04-10,27.85,28.77,27.85,28.125,175.0,-0.0026595744680850686,15.800000190734863,RHO6.FRK,Roche Holding AG
2024-04-11,28.0,28.0,28.0,28.0,0.0,-0.004444444444444473,14.90999984741211,RHO6.FRK,Roche Holding AG
2024-04-12,28.65,28.65,28.65,28.65,0.0,0.023214285714285632,17.309999465942383,RHO6.FRK,Roche Holding AG
2024-04-15,28.365,28.365,28.365,28.365,0.0,-0.009947643979057563,19.229999542236328,RHO6.FRK,Roche Holding AG
2024-04-16,28.27,28.625,28.27,28.625,52.0,0.009166225982725207,18.399999618530273,RHO6.FRK,Roche Holding AG
2024-04-17,28.0,28.0,28.0,28.0,0.0,-0.02183406113537123,18.209999084472656,RHO6.FRK,Roche Holding AG
2024-04-18,28.015,28.015,28.015,28.015,0.0,0.000535714285714306,18.0,RHO6.FRK,Roche Holding AG
2024-04-19,28.3,28.6,28.125,28.125,300.0,0.003926467963590863,18.709999084472656,RHO6.FRK,Roche Holding AG
2024-04-22,29.2,29.2,29.2,29.2,9.0,0.03822222222222216,16.940000534057617,RHO6.FRK,Roche Holding AG
2024-04-23,28.585,28.585,28.585,28.585,0.0,-0.021061643835616373,15.6899995803833,RHO6.FRK,Roche Holding AG
2024-04-24,28.715,28.715,28.095,28.095,400.0,-0.01714185761763165,15.970000267028809,RHO6.FRK,Roche Holding AG
2024-04-25,28.0,28.0,28.0,28.0,0.0,-0.0033813845880049653,15.369999885559082,RHO6.FRK,Roche Holding AG
2024-04-26,28.0,28.005,28.0,28.005,70.0,0.00017857142857136132,15.029999732971191,RHO6.FRK,Roche Holding AG
2024-04-29,28.14,28.76,28.14,28.48,183.0,0.01696125691840744,14.670000076293945,RHO6.FRK,Roche Holding AG
2024-04-30,28.0,28.24,28.0,28.24,170.0,-0.008426966292134908,15.649999618530273,RHO6.FRK,Roche Holding AG
2024-05-02,28.205,28.5,27.9,27.9,840.0,-0.012039660056657242,14.680000305175781,RHO6.FRK,Roche Holding AG
2024-05-03,27.1,27.57,27.1,27.57,155.0,-0.011827956989247213,13.489999771118164,RHO6.FRK,Roche Holding AG
2024-05-06,28.235,28.235,27.64,27.685,177.0,0.004171200580340928,13.489999771118164,RHO6.FRK,Roche Holding AG
2024-05-07,27.485,28.43,27.485,28.42,80.0,0.026548672566371723,13.229999542236328,RHO6.FRK,Roche Holding AG
2024-05-08,28.09,28.09,28.09,28.09,0.0,-0.01161154116819152,13.0,RHO6.FRK,Roche Holding AG
2024-05-09,27.8,27.8,27.6,27.6,27.0,-0.017443930224279036,12.6899995803833,RHO6.FRK,Roche Holding AG
2024-05-10,28.275,28.525,28.275,28.525,0.0,0.03351449275362306,12.550000190734863,RHO6.FRK,Roche Holding AG
2024-05-13,28.275,28.82,28.275,28.82,1000.0,0.01034180543383001,13.600000381469727,RHO6.FRK,Roche Holding AG
2024-05-14,27.8,28.435,27.8,28.435,18.0,-0.013358778625954248,13.420000076293945,RHO6.FRK,Roche Holding AG
2024-05-15,28.115,29.23,28.115,29.23,10.0,0.02795850184631621,12.449999809265137,RHO6.FRK,Roche Holding AG
2024-05-16,28.405,30.185,28.405,30.185,944.0,0.032671912418747784,12.420000076293945,RHO6.FRK,Roche Holding AG
2024-05-17,29.53,30.735,29.53,30.5,1381.0,0.010435646844459301,11.989999771118164,RHO6.FRK,Roche Holding AG
2024-05-20,29.65,29.65,29.65,29.65,0.0,-0.02786885245901649,12.149999618530273,RHO6.FRK,Roche Holding AG
2024-05-21,29.6,30.2,29.6,30.055,81.0,0.013659359190556497,11.859999656677246,RHO6.FRK,Roche Holding AG
2024-05-22,29.255,29.765,29.205,29.205,60.0,-0.028281483946098862,12.289999961853027,RHO6.FRK,Roche Holding AG
2024-05-23,28.9,28.9,28.9,28.9,0.0,-0.010443417223078177,12.770000457763672,RHO6.FRK,Roche Holding AG
2024-05-24,28.905,28.905,28.905,28.905,0.0,0.00017301038062300655,11.930000305175781,RHO6.FRK,Roche Holding AG
2024-05-27,29.2,29.2,29.2,29.2,7.0,0.010205846739318458,,RHO6.FRK,Roche Holding AG
2024-05-28,29.0,29.0,29.0,29.0,50.0,-0.006849315068493178,12.920000076293945,RHO6.FRK,Roche Holding AG
2024-05-29,28.75,28.75,28.75,28.75,0.0,-0.008620689655172376,14.279999732971191,RHO6.FRK,Roche Holding AG
2024-05-30,28.75,28.75,28.64,28.64,0.0,-0.003826086956521757,14.470000267028809,RHO6.FRK,Roche Holding AG
2024-05-31,28.86,28.86,28.86,28.86,0.0,0.007681564245810124,12.920000076293945,RHO6.FRK,Roche Holding AG
2024-06-03,29.085,30.0,29.085,29.94,102.0,0.037422037422037535,13.109999656677246,RHO6.FRK,Roche Holding AG
2024-06-04,29.105,29.985,29.105,29.985,234.0,0.0015030060120240218,13.15999984741211,RHO6.FRK,Roche Holding AG
2024-06-05,29.8,30.575,29.8,30.575,860.0,0.019676504919126314,12.630000114440918,RHO6.FRK,Roche Holding AG
2024-06-06,29.815,30.465,29.815,30.465,384.0,-0.0035977105478331994,12.579999923706055,RHO6.FRK,Roche Holding AG
2024-06-07,30.25,30.25,30.25,30.25,0.0,-0.007057278844575743,12.220000267028809,RHO6.FRK,Roche Holding AG
2024-06-10,31.73,31.73,31.48,31.48,13.0,0.04066115702479345,12.739999771118164,RHO6.FRK,Roche Holding AG
2024-06-11,30.48,30.48,30.48,30.48,0.0,-0.031766200762388785,12.850000381469727,RHO6.FRK,Roche Holding AG
2024-06-12,30.69,30.69,30.69,30.69,0.0,0.006889763779527547,12.039999961853027,RHO6.FRK,Roche Holding AG
2024-06-13,30.91,30.91,30.91,30.91,0.0,0.007168458781362075,11.9399995803833,RHO6.FRK,Roche Holding AG
2024-06-14,31.605,32.815,31.605,32.635,33.0,0.05580718214170166,12.65999984741211,RHO6.FRK,Roche Holding AG
2024-06-17,32.235,32.235,31.645,31.85,100.0,-0.024053929829937037,12.75,RHO6.FRK,Roche Holding AG
2024-06-18,31.705,32.93,31.705,32.93,35.0,0.03390894819466239,12.300000190734863,RHO6.FRK,Roche Holding AG
2024-06-19,32.28,32.28,32.28,32.28,0.0,-0.019738839963559074,,RHO6.FRK,Roche Holding AG
2024-06-20,32.405,32.405,32.405,32.405,0.0,0.003872366790582449,13.279999732971191,RHO6.FRK,Roche Holding AG
2024-06-21,32.155,33.2,32.155,33.2,500.0,0.024533251041505943,13.199999809265137,RHO6.FRK,Roche Holding AG
2024-06-24,33.045,33.045,33.045,33.045,0.0,-0.004668674698795172,13.329999923706055,RHO6.FRK,Roche Holding AG
2024-06-25,32.16,34.0,32.16,34.0,300.0,0.028899984869117823,12.84000015258789,RHO6.FRK,Roche Holding AG
2024-06-26,32.755,32.755,32.755,32.755,16.0,-0.03661764705882342,12.550000190734863,RHO6.FRK,Roche Holding AG
2024-06-27,32.2,32.2,32.2,32.2,0.0,-0.01694397801862313,12.239999771118164,RHO6.FRK,Roche Holding AG
2024-06-28,32.6,33.04,32.6,33.04,106.0,0.02608695652173898,12.4399995803833,RHO6.FRK,Roche Holding AG
2024-07-01,32.165,32.165,32.135,32.135,0.0,-0.02739104116222768,12.220000267028809,RHO6.FRK,Roche Holding AG
2024-07-02,31.95,32.665,31.95,32.665,60.0,0.016492920491675722,12.029999732971191,RHO6.FRK,Roche Holding AG
2024-07-03,31.605,31.605,31.605,31.605,0.0,-0.03245063523649161,12.09000015258789,RHO6.FRK,Roche Holding AG
2024-07-04,30.4,31.285,30.4,31.255,80.0,-0.011074197120708784,,RHO6.FRK,Roche Holding AG
2024-07-05,30.88,30.88,30.88,30.88,0.0,-0.011998080307150882,12.479999542236328,RHO6.FRK,Roche Holding AG
2024-07-08,31.005,31.005,31.005,31.005,0.0,0.0040479274611398,12.369999885559082,RHO6.FRK,Roche Holding AG
2024-07-09,31.0,31.07,31.0,31.07,0.0,0.002096436058700357,12.510000228881836,RHO6.FRK,Roche Holding AG
2024-07-10,32.18,32.18,31.085,31.085,15.0,0.0004827808175089654,12.850000381469727,RHO6.FRK,Roche Holding AG
2024-07-11,31.745,32.475,31.695,32.19,325.0,0.03554769181277129,12.920000076293945,RHO6.FRK,Roche Holding AG
2024-07-12,32.28,32.28,32.22,32.22,0.0,0.0009319664492077884,12.460000038146973,RHO6.FRK,Roche Holding AG
2024-07-15,31.85,33.305,31.85,33.305,103.0,0.03367473618870265,13.119999885559082,RHO6.FRK,Roche Holding AG
2024-07-16,32.45,32.45,32.45,32.45,0.0,-0.025671821047890564,13.1899995803833,RHO6.FRK,Roche Holding AG
2024-07-17,32.69,35.9,32.69,35.9,200.0,0.106317411402157,14.479999542236328,RHO6.FRK,Roche Holding AG
2024-07-18,35.275,36.305,35.275,35.885,425.0,-0.0004178272980501774,15.930000305175781,RHO6.FRK,Roche Holding AG
2024-07-19,36.0,36.0,35.595,35.595,100.0,-0.008081371046398167,16.520000457763672,RHO6.FRK,Roche Holding AG
2024-07-22,35.4,35.965,35.4,35.965,70.0,0.010394718359320265,14.90999984741211,RHO6.FRK,Roche Holding AG
2024-07-23,35.65,35.66,35.635,35.66,70.0,-0.008480467120812074,14.720000267028809,RHO6.FRK,Roche Holding AG
2024-07-24,34.8,35.855,34.8,35.855,175.0,0.005468311833987771,18.040000915527344,RHO6.FRK,Roche Holding AG
2024-07-25,35.12,37.0,35.12,37.0,257.0,0.03193417933342646,18.459999084472656,RHO6.FRK,Roche Holding AG
2024-07-26,36.19,37.1,36.19,36.27,512.0,-0.01972972972972964,16.389999389648438,RHO6.FRK,Roche Holding AG
2024-07-29,38.0,38.5,36.915,36.915,396.0,0.017783291976840143,16.600000381469727,RHO6.FRK,Roche Holding AG
2024-07-30,36.86,38.0,36.86,37.455,1790.0,0.014628199918732099,17.690000534057617,RHO6.FRK,Roche Holding AG
2024-07-31,36.865,37.7,36.865,37.7,75.0,0.0065411827526367095,16.360000610351562,RHO6.FRK,Roche Holding AG
2024-08-01,36.7,37.025,36.7,37.025,9.0,-0.017904509283819703,18.59000015258789,RHO6.FRK,Roche Holding AG
2024-08-02,36.7,37.725,36.7,37.725,55.0,0.018906144496961597,23.389999389648438,RHO6.FRK,Roche Holding AG
2024-08-05,36.7,36.7,35.5,35.5,1134.0,-0.058979456593770796,38.56999969482422,RHO6.FRK,Roche Holding AG
2024-08-06,35.5,35.6,35.5,35.6,64.0,0.0028169014084507005,27.709999084472656,RHO6.FRK,Roche Holding AG
2024-08-07,35.8,35.8,35.8,35.8,0.0,0.00561797752808979,27.850000381469727,RHO6.FRK,Roche Holding AG
2024-08-08,35.585,35.585,35.585,35.585,0.0,-0.006005586592178647,23.790000915527344,RHO6.FRK,Roche Holding AG
2024-08-09,36.095,36.095,36.075,36.075,0.0,0.013769846845581135,20.3700008392334,RHO6.FRK,Roche Holding AG
2024-08-12,36.5,36.5,36.5,36.5,1000.0,0.011781011781011763,20.709999084472656,RHO6.FRK,Roche Holding AG
2024-08-13,36.275,36.31,36.275,36.31,0.0,-0.00520547945205474,18.1200008392334,RHO6.FRK,Roche Holding AG
2024-08-14,36.33,37.105,36.315,37.105,60.0,0.021894794822362895,16.190000534057617,RHO6.FRK,Roche Holding AG
2024-08-15,36.6,36.6,36.6,36.6,0.0,-0.013610025603018383,15.229999542236328,RHO6.FRK,Roche Holding AG
2024-08-16,36.4,36.635,36.4,36.635,50.0,0.0009562841530053046,14.800000190734863,RHO6.FRK,Roche Holding AG
2024-08-19,37.125,37.125,36.205,36.225,95.0,-0.011191483553978365,14.649999618530273,RHO6.FRK,Roche Holding AG
2024-08-20,36.585,37.0,36.48,37.0,130.0,0.021394064872325647,15.880000114440918,RHO6.FRK,Roche Holding AG
2024-08-21,36.875,36.875,36.875,36.875,0.0,-0.0033783783783783994,16.270000457763672,RHO6.FRK,Roche Holding AG
2024-08-22,36.795,37.495,36.795,37.495,270.0,0.016813559322033766,17.549999237060547,RHO6.FRK,Roche Holding AG
2024-08-23,36.785,36.785,36.785,36.785,0.0,-0.018935858114415227,15.859999656677246,RHO6.FRK,Roche Holding AG
2024-08-26,36.855,36.855,36.855,36.855,0.0,0.0019029495718363432,16.149999618530273,RHO6.FRK,Roche Holding AG
2024-08-27,37.2,37.2,37.2,37.2,0.0,0.009361009361009476,15.430000305175781,RHO6.FRK,Roche Holding AG
2024-08-28,36.755,36.755,36.755,36.755,0.0,-0.01196236559139785,17.110000610351562,RHO6.FRK,Roche Holding AG
2024-08-29,36.83,38.0,36.83,38.0,82.0,0.0338729424568085,15.649999618530273,RHO6.FRK,Roche Holding AG
2024-08-30,37.52,38.1,37.52,38.1,2210.0,0.0026315789473685403,15.0,RHO6.FRK,Roche Holding AG
2024-09-02,37.985,37.985,37.985,37.985,0.0,-0.0030183727034120977,,RHO6.FRK,Roche Holding AG
2024-09-03,37.75,37.75,37.75,37.75,0.0,-0.006186652626036571,20.719999313354492,RHO6.FRK,Roche Holding AG
2024-09-04,36.635,36.635,36.635,36.635,0.0,-0.0295364238410597,21.31999969482422,RHO6.FRK,Roche Holding AG
2024-09-05,36.47,36.47,36.47,36.47,0.0,-0.004503889722942467,19.899999618530273,RHO6.FRK,Roche Holding AG
2024-09-06,36.09,36.445,36.09,36.445,0.0,-0.0006854949273374933,22.3799991607666,RHO6.FRK,Roche Holding AG
2024-09-09,36.21,36.44,35.03,35.03,350.0,-0.038825627658114925,19.450000762939453,RHO6.FRK,Roche Holding AG
2024-09-10,34.915,35.685,34.915,35.685,100.0,0.018698258635455378,19.079999923706055,RHO6.FRK,Roche Holding AG
2024-09-11,35.355,35.675,34.6,34.6,3482.0,-0.0304049320442763,17.690000534057617,RHO6.FRK,Roche Holding AG
2024-09-12,33.535,34.395,33.535,34.395,40.0,-0.005924855491329484,17.06999969482422,RHO6.FRK,Roche Holding AG
2024-09-13,35.315,35.315,34.455,34.5,263.0,0.0030527692978630228,16.559999465942383,RHO6.FRK,Roche Holding AG
2024-09-16,34.745,35.05,34.745,34.88,28.0,0.011014492753623317,17.139999389648438,RHO6.FRK,Roche Holding AG
2024-09-17,34.78,34.78,34.78,34.78,0.0,-0.0028669724770642446,17.610000610351562,RHO6.FRK,Roche Holding AG
2024-09-18,34.96,36.1,34.96,36.1,35.0,0.037952846463484846,18.229999542236328,RHO6.FRK,Roche Holding AG
2024-09-19,35.25,35.5,35.25,35.5,5.0,-0.016620498614958512,16.329999923706055,RHO6.FRK,Roche Holding AG
2024-09-20,34.845,34.845,34.845,34.845,0.0,-0.01845070422535211,16.149999618530273,RHO6.FRK,Roche Holding AG
2024-09-23,34.955,35.215,34.955,35.215,11.0,0.01061845314966292,15.890000343322754,RHO6.FRK,Roche Holding AG
2024-09-24,35.08,35.08,35.08,35.08,2.0,-0.0038335936390744285,15.390000343322754,RHO6.FRK,Roche Holding AG
2024-09-25,35.165,36.075,35.165,36.075,13.0,0.028363740022805173,15.40999984741211,RHO6.FRK,Roche Holding AG
2024-09-26,35.43,35.43,35.43,35.43,0.0,-0.017879417879417936,15.369999885559082,RHO6.FRK,Roche Holding AG
2024-09-27,35.52,36.47,35.52,36.47,13.0,0.029353655094552566,16.959999084472656,RHO6.FRK,Roche Holding AG
2024-09-30,36.385,36.385,35.475,35.475,6.0,-0.027282698108033965,16.729999542236328,RHO6.FRK,Roche Holding AG
2024-10-01,35.365,35.365,35.365,35.365,0.0,-0.0031007751937984773,19.260000228881836,RHO6.FRK,Roche Holding AG
2024-10-02,34.89,34.89,34.885,34.885,0.0,-0.013572741410999734,18.899999618530273,RHO6.FRK,Roche Holding AG
2024-10-03,34.88,34.88,34.88,34.88,0.0,-0.00014332807797035052,20.489999771118164,RHO6.FRK,Roche Holding AG
2024-10-04,34.275,34.275,34.275,34.275,0.0,-0.01734518348623859,19.209999084472656,RHO6.FRK,Roche Holding AG
2024-10-07,34.005,34.31,34.005,34.31,300.0,0.0010211524434720065,22.639999389648438,RHO6.FRK,Roche Holding AG
2024-10-08,34.14,34.725,34.14,34.725,20.0,0.012095598950743192,21.420000076293945,RHO6.FRK,Roche Holding AG
2024-10-09,34.425,34.425,34.425,34.425,0.0,-0.008639308855291739,20.860000610351562,RHO6.FRK,Roche Holding AG
2024-10-10,35.3,35.3,35.3,35.3,10.0,0.02541757443718229,20.93000030517578,RHO6.FRK,Roche Holding AG
2024-10-11,35.7,35.92,35.7,35.92,4.0,0.017563739376770693,20.459999084472656,RHO6.FRK,Roche Holding AG
2024-10-14,35.385,35.385,35.375,35.375,100.0,-0.015172605790645943,19.700000762939453,RHO6.FRK,Roche Holding AG
2024-10-15,35.55,35.55,35.55,35.55,0.0,0.004946996466431042,20.639999389648438,RHO6.FRK,Roche Holding AG
2024-10-16,35.635,36.48,35.635,36.105,140.0,0.01561181434599157,19.579999923706055,RHO6.FRK,Roche Holding AG
2024-10-17,35.49,35.49,35.49,35.49,0.0,-0.017033651848774256,19.110000610351562,RHO6.FRK,Roche Holding AG
2024-10-18,35.57,35.62,35.57,35.62,500.0,0.003663003663003428,18.030000686645508,RHO6.FRK,Roche Holding AG
2024-10-21,36.01,36.01,36.01,36.01,8.0,0.010948905109489093,18.3700008392334,RHO6.FRK,Roche Holding AG
2024-10-22,36.0,36.0,36.0,36.0,0.0,-0.00027770063871146444,18.200000762939453,RHO6.FRK,Roche Holding AG
2024-10-23,36.0,37.0,36.0,37.0,11.0,0.02777777777777768,19.239999771118164,RHO6.FRK,Roche Holding AG
2024-10-24,36.745,36.745,36.745,36.745,0.0,-0.006891891891891988,19.079999923706055,RHO6.FRK,Roche Holding AG
2024-10-25,36.925,37.93,36.925,37.165,126.0,0.0114301265478296,20.329999923706055,RHO6.FRK,Roche Holding AG
2024-10-28,37.54,37.54,37.065,37.065,133.0,-0.0026907036189963707,19.799999237060547,RHO6.FRK,Roche Holding AG
2024-10-29,37.095,37.45,36.8,36.8,114.0,-0.0071496020504518976,19.34000015258789,RHO6.FRK,Roche Holding AG
2024-10-30,36.8,36.8,36.045,36.09,260.0,-0.019293478260869357,20.350000381469727,RHO6.FRK,Roche Holding AG
2024-10-31,36.0,36.0,35.49,35.49,0.0,-0.01662510390689942,23.15999984741211,RHO6.FRK,Roche Holding AG
2024-11-01,35.52,35.52,35.52,35.52,0.0,0.0008453085376163294,21.8799991607666,RHO6.FRK,Roche Holding AG
2024-11-04,35.565,35.565,35.565,35.565,0.0,0.0012668918918916638,21.979999542236328,RHO6.FRK,Roche Holding AG
2024-11-05,36.0,36.0,36.0,36.0,55.0,0.012231126107127954,20.489999771118164,RHO6.FRK,Roche Holding AG
2024-11-06,36.58,36.8,36.58,36.8,12.0,0.022222222222222143,16.270000457763672,RHO6.FRK,Roche Holding AG
2024-11-07,35.0,35.0,35.0,35.0,0.0,-0.048913043478260754,15.199999809265137,RHO6.FRK,Roche Holding AG
2024-11-08,35.0,35.0,34.895,34.895,70.0,-0.0029999999999998916,14.9399995803833,RHO6.FRK,Roche Holding AG
2024-11-11,34.51,34.51,34.51,34.51,0.0,-0.011033099297893867,14.970000267028809,RHO6.FRK,Roche Holding AG
2024-11-12,34.865,34.865,34.865,34.865,0.0,0.010286873370037863,14.710000038146973,RHO6.FRK,Roche Holding AG
2024-11-13,34.585,35.35,34.585,35.35,143.0,0.013910798795353507,14.020000457763672,RHO6.FRK,Roche Holding AG
2024-11-14,34.6,35.07,34.6,35.07,52.0,-0.007920792079207928,14.3100004196167,RHO6.FRK,Roche Holding AG
2024-11-15,33.685,33.9,33.65,33.9,10.0,-0.03336184773310524,16.139999389648438,RHO6.FRK,Roche Holding AG
2024-11-18,33.9,33.9,33.9,33.9,2.0,0.0,15.579999923706055,RHO6.FRK,Roche Holding AG
2024-11-19,33.5,33.5,33.24,33.24,0.0,-0.01946902654867244,16.350000381469727,RHO6.FRK,Roche Holding AG
2024-11-20,33.185,33.185,33.185,33.185,0.0,-0.0016546329723224895,17.15999984741211,RHO6.FRK,Roche Holding AG
2024-11-21,32.925,33.41,32.925,33.41,0.0,0.006780171764351195,16.8700008392334,RHO6.FRK,Roche Holding AG
2024-11-22,33.33,33.33,33.33,33.33,0.0,-0.002394492666866199,15.239999771118164,RHO6.FRK,Roche Holding AG
2024-11-25,34.045,34.045,34.045,34.045,0.0,0.021452145214521545,14.600000381469727,RHO6.FRK,Roche Holding AG
2024-11-26,33.485,33.485,33.485,33.485,0.0,-0.016448817741224864,14.100000381469727,RHO6.FRK,Roche Holding AG
2024-11-27,34.4,34.4,33.315,33.315,100.0,-0.00507690010452444,14.100000381469727,RHO6.FRK,Roche Holding AG
2024-11-28,33.585,33.675,33.585,33.675,0.0,0.010805943268797913,,RHO6.FRK,Roche Holding AG
2024-11-29,33.395,33.395,33.395,33.395,0.0,-0.00831477357089816,13.510000228881836,RHO6.FRK,Roche Holding AG
2024-12-02,34.215,34.215,34.215,34.215,0.0,0.02455457403802974,13.34000015258789,RHO6.FRK,Roche Holding AG
2024-12-03,33.945,33.945,33.63,33.63,100.0,-0.017097764138535698,13.300000190734863,RHO6.FRK,Roche Holding AG
2024-12-04,33.815,34.65,33.815,33.835,217.0,0.006095747844186761,13.449999809265137,RHO6.FRK,Roche Holding AG
2024-12-05,33.655,34.08,33.655,34.08,200.0,0.00724102260972348,13.539999961853027,RHO6.FRK,Roche Holding AG
2024-12-06,34.0,34.0,34.0,34.0,100.0,-0.0023474178403755097,12.770000457763672,RHO6.FRK,Roche Holding AG
2024-12-09,35.4,35.4,34.08,34.08,490.0,0.0023529411764704466,14.1899995803833,RHO6.FRK,Roche Holding AG
2024-12-10,34.16,34.16,34.16,34.16,0.0,0.0023474178403755097,14.180000305175781,RHO6.FRK,Roche Holding AG
2024-12-11,33.45,33.45,33.45,33.45,0.0,-0.020784543325526705,13.579999923706055,RHO6.FRK,Roche Holding AG
2024-12-12,33.765,33.765,33.765,33.765,0.0,0.009417040358744355,13.920000076293945,RHO6.FRK,Roche Holding AG
2024-12-13,33.88,33.88,33.88,33.88,0.0,0.003405893676884375,13.8100004196167,RHO6.FRK,Roche Holding AG
2024-12-16,33.5,34.075,33.5,34.075,10.0,0.005755608028335413,14.6899995803833,RHO6.FRK,Roche Holding AG
2024-12-17,33.5,33.5,33.5,33.5,0.0,-0.01687454145267797,15.869999885559082,RHO6.FRK,Roche Holding AG
2024-12-18,33.74,34.6,33.74,34.6,30.0,0.032835820895522394,27.6200008392334,RHO6.FRK,Roche Holding AG
2024-12-19,33.5,33.5,33.5,33.5,0.0,-0.031791907514450934,24.09000015258789,RHO6.FRK,Roche Holding AG
2024-12-20,33.0,33.0,33.0,33.0,0.0,-0.014925373134328401,18.360000610351562,RHO6.FRK,Roche Holding AG
2024-12-23,33.0,33.0,33.0,33.0,11.0,0.0,16.780000686645508,RHO6.FRK,Roche Holding AG
2024-12-27,33.34,33.34,33.34,33.34,0.0,0.01030303030303048,15.949999809265137,RHO6.FRK,Roche Holding AG
2024-12-30,33.34,33.34,33.34,33.34,0.0,0.0,17.399999618530273,RHO6.FRK,Roche Holding AG
2025-01-02,33.34,33.805,33.34,33.805,8.0,0.01394721055788839,17.93000030517578,RHO6.FRK,Roche Holding AG
2025-01-03,33.66,34.01,33.66,34.01,1.0,0.0060641916876200685,16.1299991607666,RHO6.FRK,Roche Holding AG
2025-01-06,33.71,33.71,33.71,33.71,0.0,-0.008820935019111964,16.040000915527344,RHO6.FRK,Roche Holding AG
2025-01-07,33.75,35.375,33.695,35.375,185.0,0.04939187184811633,17.81999969482422,RHO6.FRK,Roche Holding AG
2025-01-08,34.84,34.84,34.84,34.84,0.0,-0.015123674911660667,17.700000762939453,RHO6.FRK,Roche Holding AG
2025-01-09,35.33,35.33,35.33,35.33,0.0,0.014064293915039938,,RHO6.FRK,Roche Holding AG
2025-01-10,35.195,35.195,35.15,35.15,334.0,-0.005094820266062783,19.540000915527344,RHO6.FRK,Roche Holding AG
2025-01-13,35.3,35.3,35.125,35.125,0.0,-0.0007112375533427917,19.190000534057617,RHO6.FRK,Roche Holding AG
2025-01-14,35.0,35.0,35.0,35.0,0.0,-0.003558718861209953,18.709999084472656,RHO6.FRK,Roche Holding AG
2025-01-15,34.705,34.705,34.705,34.705,0.0,-0.008428571428571452,16.1200008392334,RHO6.FRK,Roche Holding AG
2025-01-16,35.08,35.08,35.08,35.08,0.0,0.010805359458291308,16.600000381469727,RHO6.FRK,Roche Holding AG
2025-01-17,35.255,35.255,35.255,35.255,0.0,0.00498859749144831,15.970000267028809,RHO6.FRK,Roche Holding AG
2025-01-20,35.03,35.03,35.03,35.03,0.0,-0.006382073464756832,,RHO6.FRK,Roche Holding AG
2025-01-21,35.0,35.0,35.0,35.0,0.0,-0.0008564087924636254,15.0600004196167,RHO6.FRK,Roche Holding AG
2025-01-22,35.485,36.5,35.485,36.5,1200.0,0.04285714285714293,15.100000381469727,RHO6.FRK,Roche Holding AG
2025-01-23,35.92,35.92,35.92,35.92,0.0,-0.01589041095890409,15.020000457763672,RHO6.FRK,Roche Holding AG
2025-01-24,35.985,35.985,35.985,35.985,0.0,0.001809576837416449,14.850000381469727,RHO6.FRK,Roche Holding AG
2025-01-27,35.99,35.99,35.99,35.99,0.0,0.00013894678338211008,17.899999618530273,RHO6.FRK,Roche Holding AG
2025-01-28,36.855,38.01,36.855,37.995,103.0,0.055709919422061605,16.40999984741211,RHO6.FRK,Roche Holding AG
2025-01-29,36.875,38.34,36.875,38.34,93.0,0.009080142123963908,16.559999465942383,RHO6.FRK,Roche Holding AG
2025-01-30,37.4,37.575,37.4,37.575,113.0,-0.0199530516431925,15.84000015258789,RHO6.FRK,Roche Holding AG
2025-01-31,37.49,38.22,37.49,38.22,39.0,0.017165668662674438,16.43000030517578,RHO6.FRK,Roche Holding AG
2025-02-03,37.75,37.865,37.75,37.865,5.0,-0.009288330716902049,18.6200008392334,RHO6.FRK,Roche Holding AG
2025-02-04,37.65,38.8,37.65,38.8,50.0,0.024692988247722036,17.209999084472656,RHO6.FRK,Roche Holding AG
2025-02-05,37.57,37.57,37.57,37.57,0.0,-0.03170103092783494,15.770000457763672,RHO6.FRK,Roche Holding AG
2025-02-06,38.42,38.42,38.42,38.42,3.0,0.022624434389140413,15.5,RHO6.FRK,Roche Holding AG
2025-02-07,37.645,38.285,37.645,38.285,220.0,-0.0035137948984904632,16.540000915527344,RHO6.FRK,Roche Holding AG
2025-02-10,38.0,38.895,38.0,38.465,681.0,0.004701580253363202,15.8100004196167,RHO6.FRK,Roche Holding AG
2025-02-11,38.2,38.85,38.2,38.85,400.0,0.010009099181073733,16.020000457763672,RHO6.FRK,Roche Holding AG
2025-02-12,37.555,37.555,37.54,37.54,100.0,-0.033719433719433756,15.890000343322754,RHO6.FRK,Roche Holding AG
2025-02-13,38.41,39.145,38.41,39.145,1549.0,0.04275439531166758,15.100000381469727,RHO6.FRK,Roche Holding AG
2025-02-14,38.545,38.84,38.545,38.84,114.0,-0.0077915442585260175,14.770000457763672,RHO6.FRK,Roche Holding AG
2025-02-17,38.855,39.4,38.855,38.9,233.0,0.001544799176107059,,RHO6.FRK,Roche Holding AG
2025-02-18,38.335,39.275,38.335,38.865,302.0,-0.0008997429305911409,15.350000381469727,RHO6.FRK,Roche Holding AG
2025-02-19,38.7,38.7,38.7,38.7,80.0,-0.004245465071401,15.270000457763672,RHO6.FRK,Roche Holding AG
2025-02-20,38.285,39.035,38.285,39.035,25.0,0.008656330749353902,15.65999984741211,RHO6.FRK,Roche Holding AG
2025-02-21,38.52,39.5,38.52,39.5,2600.0,0.01191238631996927,18.209999084472656,RHO6.FRK,Roche Holding AG
2025-02-24,39.47,39.54,39.47,39.54,35.0,0.0010126582278480178,18.979999542236328,RHO6.FRK,Roche Holding AG
2025-02-25,39.01,39.01,39.01,39.01,0.0,-0.013404147698533153,19.43000030517578,RHO6.FRK,Roche Holding AG
2025-02-26,39.005,39.445,39.005,39.445,145.0,0.01115098692642924,19.100000381469727,RHO6.FRK,Roche Holding AG
2025-02-27,39.4,39.995,39.4,39.995,12.0,0.01394346558499171,21.1299991607666,RHO6.FRK,Roche Holding AG
2025-02-28,39.995,39.995,39.4,39.4,3.0,-0.014876859607450887,19.6299991607666,RHO6.FRK,Roche Holding AG
2025-03-03,39.7,40.0,39.7,40.0,100.0,0.015228426395939021,22.780000686645508,RHO6.FRK,Roche Holding AG
2025-03-04,39.455,40.305,39.455,40.305,456.0,0.007624999999999993,23.510000228881836,RHO6.FRK,Roche Holding AG
2025-03-05,39.555,39.555,39.555,39.555,0.0,-0.01860811313732791,21.93000030517578,RHO6.FRK,Roche Holding AG
2025-03-06,38.885,38.885,38.79,38.79,50.0,-0.019340159271899915,24.8700008392334,RHO6.FRK,Roche Holding AG
2025-03-07,39.3,39.3,39.3,39.3,0.0,0.01314771848414531,23.3700008392334,RHO6.FRK,Roche Holding AG
2025-03-10,40.11,40.11,40.11,40.11,4.0,0.02061068702290081,27.860000610351562,RHO6.FRK,Roche Holding AG
2025-03-11,39.595,39.595,39.595,39.595,0.0,-0.012839690850162122,26.920000076293945,RHO6.FRK,Roche Holding AG
2025-03-12,38.5,38.5,38.5,38.5,0.0,-0.027655006945321303,24.229999542236328,RHO6.FRK,Roche Holding AG
2025-03-13,39.655,40.04,39.655,39.67,392.0,0.03038961038961041,24.65999984741211,RHO6.FRK,Roche Holding AG
2025-03-14,39.455,39.455,39.455,39.455,0.0,-0.0054197126291909425,21.770000457763672,RHO6.FRK,Roche Holding AG
2025-03-17,39.525,40.14,39.525,40.14,50.0,0.017361551134203568,20.510000228881836,RHO6.FRK,Roche Holding AG
2025-03-18,40.255,40.255,40.045,40.045,0.0,-0.0023667164922770434,21.700000762939453,RHO6.FRK,Roche Holding AG
2025-03-19,40.05,40.05,39.435,39.435,0.0,-0.015232863029092214,19.899999618530273,RHO6.FRK,Roche Holding AG
2025-03-20,39.65,39.65,39.65,39.65,0.0,0.005452009636109922,19.799999237060547,RHO6.FRK,Roche Holding AG
2025-03-21,39.77,40.15,39.77,40.15,100.0,0.01261034047919285,19.280000686645508,RHO6.FRK,Roche Holding AG
2025-03-24,39.995,40.125,39.995,40.0,20.0,-0.0037359900373599153,17.479999542236328,RHO6.FRK,Roche Holding AG
2025-03-25,39.52,39.52,39.52,39.52,3.0,-0.0119999999999999,17.149999618530273,RHO6.FRK,Roche Holding AG
2025-03-26,39.445,39.96,39.445,39.96,100.0,0.011133603238866252,18.329999923706055,RHO6.FRK,Roche Holding AG
2025-03-27,39.245,39.245,39.215,39.215,400.0,-0.01864364364364357,18.690000534057617,RHO6.FRK,Roche Holding AG
2025-03-28,37.9,38.56,37.9,38.56,400.0,-0.016702792298865288,21.649999618530273,RHO6.FRK,Roche Holding AG
2025-03-31,38.36,38.36,38.2,38.2,350.0,-0.009336099585062207,22.280000686645508,RHO6.FRK,Roche Holding AG
2025-04-01,38.21,38.21,37.91,37.91,5.0,-0.0075916230366493975,21.770000457763672,RHO6.FRK,Roche Holding AG
2025-04-02,37.48,38.3,37.125,37.125,412.0,-0.020706937483513488,21.510000228881836,RHO6.FRK,Roche Holding AG
2025-04-03,36.4,36.4,36.4,36.4,412.0,-0.019528619528619617,30.020000457763672,RHO6.FRK,Roche Holding AG
2025-04-04,35.8,35.8,34.5,34.57,72.0,-0.05027472527472521,45.310001373291016,RHO6.FRK,Roche Holding AG
2025-04-07,32.65,32.815,32.41,32.41,60.0,-0.06248192074052661,46.97999954223633,RHO6.FRK,Roche Holding AG
2025-04-08,33.23,33.4,33.23,33.4,150.0,0.030546127738352524,52.33000183105469,RHO6.FRK,Roche Holding AG
2025-04-09,31.795,31.9,31.795,31.9,469.0,-0.04491017964071853,33.619998931884766,RHO6.FRK,Roche Holding AG
2025-04-10,34.71,34.71,32.82,32.82,90.0,0.028840125391849547,40.720001220703125,RHO6.FRK,Roche Holding AG
2025-04-11,32.69,32.69,32.69,32.69,90.0,-0.0039609993906155605,37.560001373291016,RHO6.FRK,Roche Holding AG
2025-04-14,33.3,33.3,33.3,33.3,19.0,0.01866014071581512,30.889999389648438,RHO6.FRK,Roche Holding AG
2025-04-15,34.0,34.06,33.965,34.06,19.0,0.022822822822822886,30.1200008392334,RHO6.FRK,Roche Holding AG
2025-04-16,33.875,34.3,33.875,34.3,29.0,0.007046388725777897,32.63999938964844,RHO6.FRK,Roche Holding AG
2025-04-17,33.855,33.855,33.855,33.855,29.0,-0.012973760932944667,29.649999618530273,RHO6.FRK,Roche Holding AG
2025-04-22,34.47,34.47,33.605,33.775,326.0,-0.002363018756461277,30.56999969482422,RHO6.FRK,Roche Holding AG
2025-04-23,34.045,35.06,34.045,35.06,230.0,0.03804589193190244,28.450000762939453,RHO6.FRK,Roche Holding AG
2025-04-24,33.695,34.565,33.695,34.565,28.0,-0.014118653736451936,26.469999313354492,RHO6.FRK,Roche Holding AG
2025-04-25,34.25,34.47,34.25,34.47,28.0,-0.002748444958773244,24.84000015258789,RHO6.FRK,Roche Holding AG
2025-04-28,34.415,34.415,34.415,34.415,28.0,-0.0015955903684362616,25.149999618530273,RHO6.FRK,Roche Holding AG
2025-04-29,35.59,35.59,35.59,35.59,0.0,0.034142089205288606,24.170000076293945,RHO6.FRK,Roche Holding AG
2025-04-30,35.83,35.83,35.83,35.83,0.0,0.0067434672660857675,24.700000762939453,RHO6.FRK,Roche Holding AG
2025-05-02,35.95,35.95,35.95,35.95,0.0,0.0033491487580241674,22.68000030517578,RHO6.FRK,Roche Holding AG
2025-05-05,36.17,36.8,36.17,36.35,690.0,0.011126564673157091,23.639999389648438,RHO6.FRK,Roche Holding AG
2025-05-06,36.03,36.73,36.03,36.1,210.0,-0.00687757909215958,24.760000228881836,RHO6.FRK,Roche Holding AG
2025-05-07,35.47,35.47,35.47,35.47,0.0,-0.01745152354570645,23.549999237060547,RHO6.FRK,Roche Holding AG
2025-05-08,35.495,35.495,35.495,35.495,0.0,0.0007048209754720869,22.479999542236328,RHO6.FRK,Roche Holding AG
2025-05-09,34.64,34.64,34.64,34.64,0.0,-0.02408789970418357,21.899999618530273,RHO6.FRK,Roche Holding AG
2025-05-12,33.175,34.485,32.99,33.7,2693.0,-0.02713625866050806,18.389999389648438,RHO6.FRK,Roche Holding AG
2025-05-13,35.155,35.155,35.155,35.155,0.0,0.04317507418397626,18.219999313354492,RHO6.FRK,Roche Holding AG
2025-05-14,34.105,34.25,34.105,34.25,8.0,-0.025743137533778992,18.6200008392334,RHO6.FRK,Roche Holding AG
2025-05-15,33.215,33.215,33.215,33.215,8.0,-0.030218978102189653,17.829999923706055,RHO6.FRK,Roche Holding AG
2025-05-16,34.07,34.655,34.07,34.655,8.0,0.043353906367604944,17.239999771118164,RHO6.FRK,Roche Holding AG
2025-05-19,35.195,35.195,34.8,34.8,10.0,0.004184100418409997,18.139999389648438,RHO6.FRK,Roche Holding AG
2025-05-20,34.745,34.745,34.745,34.745,10.0,-0.0015804597701148948,18.09000015258789,RHO6.FRK,Roche Holding AG
2025-05-21,34.875,35.41,34.875,35.41,35.0,0.01913944452439198,20.8700008392334,RHO6.FRK,Roche Holding AG
2025-05-22,34.585,34.585,34.585,34.585,35.0,-0.02329850324767002,20.280000686645508,RHO6.FRK,Roche Holding AG
2025-05-23,35.06,35.06,34.405,34.405,28.0,-0.005204568454532321,22.290000915527344,RHO6.FRK,Roche Holding AG
2025-05-26,34.625,34.625,34.625,34.625,28.0,0.00639441941578256,,RHO6.FRK,Roche Holding AG
2025-05-27,35.005,35.005,34.785,34.785,28.0,0.004620938628158822,18.959999084472656,RHO6.FRK,Roche Holding AG
2025-05-28,34.525,34.56,34.525,34.56,28.0,-0.006468305304010213,19.309999465942383,RHO6.FRK,Roche Holding AG
2025-05-29,34.72,34.72,34.72,34.72,8.0,0.004629629629629539,19.18000030517578,RHO6.FRK,Roche Holding AG
2025-05-30,34.64,35.175,34.64,35.175,8.0,0.013104838709677269,18.56999969482422,RHO6.FRK,Roche Holding AG
2025-06-02,35.21,35.21,35.21,35.21,8.0,0.0009950248756220859,18.360000610351562,RHO6.FRK,Roche Holding AG
2025-06-03,35.455,35.455,35.455,35.455,8.0,0.006958250497017815,17.690000534057617,RHO6.FRK,Roche Holding AG
2025-06-04,35.225,36.0,35.225,36.0,428.0,0.01537159780002817,17.610000610351562,RHO6.FRK,Roche Holding AG
2025-06-05,35.68,35.68,35.335,35.335,425.0,-0.018472222222222223,18.479999542236328,RHO6.FRK,Roche Holding AG
2025-06-06,35.435,35.455,35.435,35.455,100.0,0.0033960662232912497,16.770000457763672,RHO6.FRK,Roche Holding AG
2025-06-09,35.0,35.0,35.0,35.0,0.0,-0.012833168805528095,17.15999984741211,RHO6.FRK,Roche Holding AG
2025-06-10,35.715,35.715,35.715,35.715,0.0,0.020428571428571463,16.950000762939453,RHO6.FRK,Roche Holding AG
2025-06-11,35.64,35.64,35.64,35.64,0.0,-0.002099958000840063,17.260000228881836,RHO6.FRK,Roche Holding AG
2025-06-12,35.4,36.0,35.4,36.0,60.0,0.010101010101010166,18.020000457763672,RHO6.FRK,Roche Holding AG
2025-06-13,35.745,35.745,35.71,35.71,60.0,-0.008055555555555483,20.81999969482422,RHO6.FRK,Roche Holding AG
2025-06-16,35.525,35.525,35.525,35.525,60.0,-0.0051806216746009826,19.110000610351562,RHO6.FRK,Roche Holding AG
2025-06-17,34.435,34.435,34.435,34.435,60.0,-0.03068261787473603,21.600000381469727,RHO6.FRK,Roche Holding AG
2025-06-18,34.43,34.43,34.43,34.43,60.0,-0.00014520110352844728,20.139999389648438,RHO6.FRK,Roche Holding AG
2025-06-19,33.91,33.91,33.91,33.91,60.0,-0.015103107754865008,,RHO6.FRK,Roche Holding AG
2025-06-20,34.605,34.605,34.605,34.605,0.0,0.020495429076968552,20.6200008392334,RHO6.FRK,Roche Holding AG
2025-06-23,34.155,34.82,34.155,34.82,500.0,0.006212975003612398,19.829999923706055,RHO6.FRK,Roche Holding AG
2025-06-24,34.98,34.98,34.5,34.78,230.0,-0.0011487650775415803,17.479999542236328,RHO6.FRK,Roche Holding AG
2025-06-25,34.8,35.18,34.8,35.18,500.0,0.011500862564692405,16.760000228881836,RHO6.FRK,Roche Holding AG
2025-06-26,34.335,34.335,34.335,34.335,0.0,-0.02401932916429783,16.59000015258789,RHO6.FRK,Roche Holding AG
2025-06-27,34.925,34.925,34.925,34.925,500.0,0.017183631862530913,16.31999969482422,RHO6.FRK,Roche Holding AG
2025-06-30,34.82,34.82,34.82,34.82,500.0,-0.0030064423765210346,16.729999542236328,RHO6.FRK,Roche Holding AG
2025-07-01,34.225,34.225,34.225,34.225,500.0,-0.01708788052843191,16.829999923706055,RHO6.FRK,Roche Holding AG
2025-07-02,34.685,34.685,34.685,34.685,500.0,0.013440467494521657,16.639999389648438,RHO6.FRK,Roche Holding AG
2025-07-03,34.65,34.65,34.305,34.305,400.0,-0.010955744558166391,16.3799991607666,RHO6.FRK,Roche Holding AG
2025-07-04,34.02,34.8,34.02,34.35,2698.0,0.0013117621337996876,,RHO6.FRK,Roche Holding AG
2025-07-07,34.37,34.515,34.37,34.515,50.0,0.004803493449781593,17.790000915527344,RHO6.FRK,Roche Holding AG
2025-07-08,34.33,34.33,34.33,34.33,45.0,-0.0053599884108359586,16.809999465942383,RHO6.FRK,Roche Holding AG
2025-07-09,33.925,33.925,33.925,33.925,0.0,-0.011797261870084563,15.9399995803833,RHO6.FRK,Roche Holding AG
2025-07-10,34.455,34.6,34.455,34.6,92.0,0.01989683124539443,15.779999732971191,RHO6.FRK,Roche Holding AG
2025-07-11,34.88,34.88,34.88,34.88,92.0,0.008092485549132888,16.399999618530273,RHO6.FRK,Roche Holding AG
2025-07-14,33.905,34.285,33.905,34.285,45.0,-0.017058486238532233,17.200000762939453,RHO6.FRK,Roche Holding AG
2025-07-15,34.385,34.385,34.385,34.385,45.0,0.0029167274318215863,17.3799991607666,RHO6.FRK,Roche Holding AG
2025-07-16,33.76,33.76,33.76,33.76,45.0,-0.018176530463865026,17.15999984741211,RHO6.FRK,Roche Holding AG
2025-07-17,34.145,34.145,34.145,34.145,45.0,0.011404028436019065,16.520000457763672,RHO6.FRK,Roche Holding AG
2025-07-18,34.41,34.41,34.41,34.41,45.0,0.007761019182896289,16.40999984741211,RHO6.FRK,Roche Holding AG
2025-07-21,33.9,34.205,33.9,34.205,100.0,-0.005957570473699492,16.649999618530273,RHO6.FRK,Roche Holding AG
2025-07-22,33.755,33.755,33.755,33.755,100.0,-0.013155971349217865,16.5,RHO6.FRK,Roche Holding AG
2025-07-23,34.45,35.0,34.45,35.0,61.0,0.03688342467782535,15.369999885559082,RHO6.FRK,Roche Holding AG
2025-07-24,34.26,34.26,34.26,34.26,61.0,-0.02114285714285724,15.390000343322754,RHO6.FRK,Roche Holding AG
2025-07-25,34.625,34.625,34.625,34.625,61.0,0.010653823701109122,14.930000305175781,RHO6.FRK,Roche Holding AG
2025-07-28,34.735,34.735,34.705,34.705,300.0,0.002310469314079411,15.029999732971191,RHO6.FRK,Roche Holding AG
2025-07-29,34.67,34.67,34.67,34.67,300.0,-0.0010085002161071,15.979999542236328,RHO6.FRK,Roche Holding AG
2025-07-30,34.935,34.935,34.73,34.73,300.0,0.001730602826651051,15.479999542236328,RHO6.FRK,Roche Holding AG
2025-07-31,34.6,34.6,34.6,34.6,300.0,-0.003743161531816752,16.719999313354492,RHO6.FRK,Roche Holding AG
2025-08-01,33.58,34.115,33.58,34.115,96.0,-0.014017341040462372,20.3799991607666,RHO6.FRK,Roche Holding AG
2025-08-04,32.535,34.02,32.535,34.02,300.0,-0.002784698812838937,17.520000457763672,RHO6.FRK,Roche Holding AG
2025-08-05,33.73,33.73,33.73,33.73,300.0,-0.008524397413286477,17.850000381469727,RHO6.FRK,Roche Holding AG
2025-08-06,33.685,33.685,33.685,33.685,300.0,-0.001334123925288866,16.770000457763672,RHO6.FRK,Roche Holding AG
2025-08-07,32.45,32.45,32.45,32.45,300.0,-0.03666320320617489,16.56999969482422,RHO6.FRK,Roche Holding AG
2025-08-08,32.5,32.5,32.5,32.5,300.0,0.0015408320493064398,15.149999618530273,RHO6.FRK,Roche Holding AG
2025-08-11,32.485,32.485,32.485,32.485,300.0,-0.0004615384615385132,16.25,RHO6.FRK,Roche Holding AG
2025-08-12,32.435,32.895,32.325,32.895,30.0,0.012621209789133614,14.729999542236328,RHO6.FRK,Roche Holding AG
2025-08-13,32.385,33.21,32.385,33.21,5.0,0.009575923392612706,14.489999771118164,RHO6.FRK,Roche Holding AG
2025-08-14,32.695,32.695,32.695,32.695,5.0,-0.015507377295995162,14.829999923706055,RHO6.FRK,Roche Holding AG
2025-08-15,33.05,34.125,33.05,34.125,1.0,0.04373757455268379,15.09000015258789,RHO6.FRK,Roche Holding AG
2025-08-18,34.26,34.26,34.26,34.26,1.0,0.003956043956043986,14.989999771118164,RHO6.FRK,Roche Holding AG
2025-08-19,33.77,33.77,33.77,33.77,1.0,-0.014302393461762875,15.569999694824219,RHO6.FRK,Roche Holding AG
2025-08-20,34.06,34.36,34.06,34.36,100.0,0.017471128220313714,15.6899995803833,RHO6.FRK,Roche Holding AG
2025-08-21,34.685,34.685,34.685,34.685,100.0,0.009458672875436669,16.600000381469727,RHO6.FRK,Roche Holding AG
2025-08-22,34.56,34.56,34.56,34.56,100.0,-0.0036038633415020893,14.220000267028809,RHO6.FRK,Roche Holding AG
2025-08-25,34.3,34.3,34.3,34.3,100.0,-0.007523148148148251,14.789999961853027,RHO6.FRK,Roche Holding AG
2025-08-26,34.305,34.305,34.305,34.305,100.0,0.00014577259475223592,14.619999885559082,RHO6.FRK,Roche Holding AG
2025-08-27,34.36,34.36,34.36,34.36,100.0,0.0016032648301995689,14.850000381469727,RHO6.FRK,Roche Holding AG
2025-08-28,35.02,35.025,35.02,35.025,500.0,0.0193538998835856,14.430000305175781,RHO6.FRK,Roche Holding AG
2025-08-29,34.525,34.72,34.525,34.72,500.0,-0.008708065667380471,15.359999656677246,RHO6.FRK,Roche Holding AG
2025-09-01,34.255,34.255,34.255,34.255,500.0,-0.013392857142856984,,RHO6.FRK,Roche Holding AG
2025-09-02,34.35,34.95,34.35,34.95,500.0,0.02028900890380969,17.170000076293945,RHO6.FRK,Roche Holding AG
2025-09-03,34.925,35.72,34.925,35.72,8.0,0.02203147353361934,16.350000381469727,RHO6.FRK,Roche Holding AG
2025-09-04,35.785,35.785,35.785,35.785,8.0,0.0018197088465845557,15.300000190734863,RHO6.FRK,Roche Holding AG
2025-09-05,36.33,36.84,36.0,36.84,2563.0,0.029481626379768144,15.180000305175781,RHO6.FRK,Roche Holding AG
2025-09-08,36.47,36.47,36.47,36.47,2563.0,-0.010043431053203156,15.109999656677246,RHO6.FRK,Roche Holding AG
2025-09-09,35.67,35.67,35.67,35.67,2563.0,-0.021935837674801117,15.039999961853027,RHO6.FRK,Roche Holding AG
2025-09-10,35.93,35.93,35.93,35.93,5.0,0.007289038407625403,15.350000381469727,RHO6.FRK,Roche Holding AG
2025-09-11,35.35,35.35,35.35,35.35,0.0,-0.01614249930420253,14.710000038146973,RHO6.FRK,Roche Holding AG
2025-09-12,35.68,35.695,35.68,35.695,740.0,0.009759547383309641,14.760000228881836,RHO6.FRK,Roche Holding AG
2025-09-15,35.0,35.0,35.0,35.0,300.0,-0.01947051407760192,15.6899995803833,RHO6.FRK,Roche Holding AG
2025-09-16,34.595,34.595,34.55,34.55,0.0,-0.0128571428571429,16.360000610351562,RHO6.FRK,Roche Holding AG
2025-09-17,34.205,34.99,34.205,34.955,1510.0,0.011722141823444332,15.720000267028809,RHO6.FRK,Roche Holding AG
2025-09-18,34.41,34.645,34.41,34.645,3.0,-0.008868545272493034,15.699999809265137,RHO6.FRK,Roche Holding AG
2025-09-19,34.76,34.76,34.76,34.76,3.0,0.0033193823062489525,15.449999809265137,RHO6.FRK,Roche Holding AG
2025-09-22,35.345,35.345,35.345,35.345,3.0,0.016829689298043737,16.100000381469727,RHO6.FRK,Roche Holding AG
2025-09-23,35.98,35.98,35.98,35.98,3.0,0.017965766020653584,16.639999389648438,RHO6.FRK,Roche Holding AG
2025-09-24,35.175,35.175,35.175,35.175,2.0,-0.02237354085603116,16.18000030517578,RHO6.FRK,Roche Holding AG
2025-09-25,34.485,35.0,34.05,34.05,308.0,-0.031982942430703654,16.739999771118164,RHO6.FRK,Roche Holding AG
2025-09-26,33.49,33.49,33.49,33.49,0.0,-0.01644640234948591,15.289999961853027,RHO6.FRK,Roche Holding AG
2025-09-29,33.665,33.96,33.665,33.96,13.0,0.01403404001194386,16.1200008392334,RHO6.FRK,Roche Holding AG
2025-09-30,33.91,33.91,33.82,33.82,39.0,-0.0041224970553592755,16.280000686645508,RHO6.FRK,Roche Holding AG
2025-10-01,35.19,37.0,35.19,37.0,3.0,0.09402720283855714,16.290000915527344,RHO6.FRK,Roche Holding AG
2025-10-02,38.045,38.045,37.89,37.89,3.0,0.02405405405405414,16.6299991607666,RHO6.FRK,Roche Holding AG
2025-10-03,37.77,37.77,37.77,37.77,3.0,-0.003167062549485289,16.649999618530273,RHO6.FRK,Roche Holding AG
2025-10-06,37.71,37.71,37.71,37.71,3.0,-0.001588562351072298,16.3700008392334,RHO6.FRK,Roche Holding AG
2025-10-07,38.345,38.345,38.345,38.345,3.0,0.01683903473879611,17.239999771118164,RHO6.FRK,Roche Holding AG
2025-10-08,38.555,39.06,38.555,39.06,30.0,0.018646498891641716,16.299999237060547,RHO6.FRK,Roche Holding AG
2025-10-09,38.9,38.9,38.9,38.9,30.0,-0.004096262160778408,16.43000030517578,RHO6.FRK,Roche Holding AG
2025-10-10,38.9,38.9,38.9,38.9,30.0,0.0,21.65999984741211,RHO6.FRK,Roche Holding AG
2025-10-13,38.9,38.9,38.9,38.9,30.0,0.0,19.030000686645508,RHO6.FRK,Roche Holding AG
2025-10-14,38.47,38.645,38.47,38.645,8.0,-0.006555269922879026,20.809999465942383,RHO6.FRK,Roche Holding AG
2025-10-15,38.33,38.33,37.185,37.655,500.0,-0.02561780307931172,20.639999389648438,RHO6.FRK,Roche Holding AG
2025-10-16,38.435,38.435,38.435,38.435,266.0,0.020714380560350687,25.309999465942383,RHO6.FRK,Roche Holding AG
2025-10-17,37.955,37.955,37.955,37.955,266.0,-0.012488617145830716,20.780000686645508,RHO6.FRK,Roche Holding AG
2025-10-20,38.0,38.0,38.0,38.0,96.0,0.0011856145435384935,18.229999542236328,RHO6.FRK,Roche Holding AG
2025-10-21,37.74,37.74,37.505,37.505,150.0,-0.013026315789473664,17.8700008392334,RHO6.FRK,Roche Holding AG
2025-10-22,37.67,37.67,37.67,37.67,150.0,0.004399413411545039,18.600000381469727,RHO6.FRK,Roche Holding AG
2025-10-23,37.82,37.82,37.82,37.82,150.0,0.00398194850013267,17.299999237060547,RHO6.FRK,Roche Holding AG
2025-10-24,36.49,36.49,36.49,36.49,150.0,-0.03516657852987837,16.3700008392334,RHO6.FRK,Roche Holding AG
2025-10-27,36.105,36.105,35.87,35.87,500.0,-0.016990956426418347,15.789999961853027,RHO6.FRK,Roche Holding AG
2025-10-28,35.95,35.95,35.95,35.95,500.0,0.002230275996654818,16.420000076293945,RHO6.FRK,Roche Holding AG
2025-10-29,35.145,35.145,35.0,35.0,1200.0,-0.026425591098748313,16.920000076293945,RHO6.FRK,Roche Holding AG
2025-10-30,34.825,35.02,34.825,35.02,1200.0,0.0005714285714286671,16.90999984741211,RHO6.FRK,Roche Holding AG
2025-10-31,34.89,34.89,34.89,34.89,1200.0,-0.003712164477441493,17.440000534057617,RHO6.FRK,Roche Holding AG
2025-11-03,34.595,35.525,34.595,35.525,20.0,0.018200057323015217,17.170000076293945,RHO6.FRK,Roche Holding AG
2025-11-04,34.315,34.315,34.315,34.315,0.0,-0.03406052076002819,19.0,RHO6.FRK,Roche Holding AG
2025-11-05,35.165,35.165,35.165,35.165,0.0,0.024770508523969115,18.010000228881836,RHO6.FRK,Roche Holding AG
2025-11-06,35.28,35.28,35.28,35.28,0.0,0.003270297170482106,19.5,RHO6.FRK,Roche Holding AG
2025-11-07,35.38,35.38,35.38,35.38,20.0,0.0028344671201814275,19.079999923706055,RHO6.FRK,Roche Holding AG
2025-11-10,36.45,36.45,36.45,36.45,20.0,0.030243075183719714,17.600000381469727,RHO6.FRK,Roche Holding AG
2025-11-11,37.57,37.57,37.57,37.57,20.0,0.030727023319615743,17.280000686645508,RHO6.FRK,Roche Holding AG
2025-11-12,38.61,38.61,38.61,38.61,20.0,0.02768166089965396,17.510000228881836,RHO6.FRK,Roche Holding AG
2025-11-13,38.695,38.695,38.695,38.695,20.0,0.002201502201502281,20.0,RHO6.FRK,Roche Holding AG
2025-11-14,38.805,38.875,38.805,38.875,6.0,0.004651763793771746,19.829999923706055,RHO6.FRK,Roche Holding AG
2025-11-17,38.52,38.52,38.52,38.52,6.0,-0.009131832797427575,22.3799991607666,RHO6.FRK,Roche Holding AG
2025-11-18,38.9,41.1,38.9,41.1,3665.0,0.06697819314641729,24.690000534057617,RHO6.FRK,Roche Holding AG
2025-11-19,41.575,41.605,41.575,41.605,333.0,0.01228710462287097,23.65999984741211,RHO6.FRK,Roche Holding AG
2025-11-20,41.87,42.14,41.87,42.14,10.0,0.012859031366422302,26.420000076293945,RHO6.FRK,Roche Holding AG
2025-11-21,41.17,41.905,41.17,41.9,380.0,-0.005695301376364537,23.43000030517578,RHO6.FRK,Roche Holding AG
2025-11-24,41.76,41.76,41.76,41.76,380.0,-0.003341288782816254,20.520000457763672,RHO6.FRK,Roche Holding AG
2025-11-25,41.105,41.53,41.105,41.53,100.0,-0.00550766283524895,18.559999465942383,RHO6.FRK,Roche Holding AG
2025-11-26,41.685,41.685,41.685,41.685,100.0,0.0037322417529497276,17.190000534057617,RHO6.FRK,Roche Holding AG
2025-11-27,41.525,41.525,41.525,41.525,100.0,-0.003838311143097073,,RHO6.FRK,Roche Holding AG
2025-11-28,41.17,41.36,41.155,41.36,60.0,-0.003973509933774766,16.350000381469727,RHO6.FRK,Roche Holding AG
2025-12-01,40.83,40.83,40.83,40.83,60.0,-0.01281431334622829,17.239999771118164,RHO6.FRK,Roche Holding AG
2025-12-02,41.155,41.805,41.155,41.805,100.0,0.02387950036737707,16.59000015258789,RHO6.FRK,Roche Holding AG
2025-12-03,41.525,41.525,41.525,41.525,100.0,-0.006697763425427605,16.079999923706055,RHO6.FRK,Roche Holding AG
2025-12-04,41.96,41.96,41.96,41.96,100.0,0.010475617098133716,15.779999732971191,RHO6.FRK,Roche Holding AG
2025-12-05,41.21,41.21,41.21,41.21,100.0,-0.017874165872259318,15.40999984741211,RHO6.FRK,Roche Holding AG
2025-12-08,41.39,41.39,41.39,41.39,100.0,0.004367871875758267,16.65999984741211,RHO6.FRK,Roche Holding AG
2025-12-09,41.96,41.96,41.96,41.96,100.0,0.013771442377385812,16.93000030517578,RHO6.FRK,Roche Holding AG
2025-12-10,41.695,41.695,41.695,41.695,100.0,-0.0063155386081983345,15.770000457763672,RHO6.FRK,Roche Holding AG
2025-12-11,42.4,42.785,42.4,42.785,125.0,0.026142223288164068,14.850000381469727,RHO6.FRK,Roche Holding AG
2025-12-12,42.38,42.38,42.38,42.38,125.0,-0.009465934322776537,15.739999771118164,RHO6.FRK,Roche Holding AG
2025-12-15,42.045,42.045,42.045,42.045,125.0,-0.007904672015101477,16.5,RHO6.FRK,Roche Holding AG
2025-12-16,42.4,43.0,42.4,43.0,25.0,0.022713759067665595,16.479999542236328,RHO6.FRK,Roche Holding AG
2025-12-17,42.495,42.495,42.13,42.13,69.0,-0.02023255813953484,17.6200008392334,RHO6.FRK,Roche Holding AG
